UCL QuARC  
HEADERLINES: 13
Facility: Clatterbridge
Room: Research Room
Date: 2023-05-18
Time: 15:36:39
Energy: 60
Intensity: 
Folder: 20230518
Original data file: Run012.txt
Data type: Fitted
Fit rate: 25Hz
 
MEASUREMENT 0
1.4716, 4.41481, 7.36319, 10.3064, 13.2548, 16.2031, 19.1774, 22.1309, 25.0793, 28.0277, 30.9502, 33.8934, 36.8314, 39.7747
1.9645, 2.00684, 2.10552, 2.28644, 2.57935, 2.88818, 3.9775, 1.71107, 0.00375769, -0.00231891, -0.0015803, -0.00202766, -0.00456461, -0.00405092
0.00210827, 0.00200825, 0.00263278, 0.003309, 0.00342342, 0.00337702, 0.00380428, 0.00161768, 0.000411667, 0.000422416, 0.000368404, 0.000397576, 0.000489009, 0.000420057
0, 0.589232, 1.17846, 1.7677, 2.35693, 2.94616, 3.53539, 4.12463, 4.71386, 5.30309, 5.89232, 6.48156, 7.07079, 7.66002, 8.24925, 8.83848, 9.42772, 10.0169, 10.6062, 11.1954, 11.7846, 12.3739, 12.9631, 13.5523, 14.1416, 14.7308, 15.32, 15.9093, 16.4985, 17.0877, 17.677, 18.2662, 18.8554, 19.4447, 20.0339, 20.6231, 21.2124, 21.8016, 22.3908, 22.9801, 23.5693, 24.1585, 24.7478, 25.337, 25.9262, 26.5155, 27.1047, 27.6939, 28.2831, 28.8724, 29.4616, 30.0508, 30.6401, 31.2293, 31.8185, 32.4078, 32.997, 33.5862, 34.1755, 34.7647, 35.3539, 35.9432, 36.5324, 37.1216, 37.7109, 38.3001, 38.8893, 39.4786, 40.0678, 40.657
1.87124, 1.88792, 1.90527, 1.92333, 1.94216, 1.9618, 1.98232, 2.00379, 2.02628, 2.04987, 2.07466, 2.10076, 2.12828, 2.15736, 2.18816, 2.22085, 2.25564, 2.29277, 2.33253, 2.37523, 2.42128, 2.47115, 2.52543, 2.58483, 2.65024, 2.72279, 2.80398, 2.89575, 3.0008, 3.1229, 3.26766, 3.44387, 3.66642, 3.96411, 4.40326, 5.01207, 4.5156, 1.71756, 0.170919, 0.00361505, 1.30549e-05, 3.54284e-09, 5.88243e-13, 1.743e-17, 9.21661e-23, 8.69719e-29, 1.4646e-35, 4.40142e-43, 2.36047e-51, 2.25909e-60, 3.85833e-70, 1.17596e-80, 6.39613e-92, 6.20823e-104, 1.07534e-116, 3.32389e-130, 1.83346e-144, 1.80477e-159, 3.17025e-175, 9.93769e-192, 5.55901e-209, 5.54916e-227, 9.88495e-246, 3.14223e-265, 1.78244e-285, 1.80429e-306, 0, 0, 0, 0
1.87124, 1.89095, 1.91151, 1.93298, 1.95544, 1.97895, 2.00361, 2.0295, 2.05674, 2.08544, 2.11574, 2.14778, 2.18174, 2.21782, 2.25625, 2.29728, 2.34124, 2.38847, 2.43942, 2.49458, 2.55459, 2.6202, 2.69233, 2.77216, 2.86118, 2.96131, 3.07512, 3.20608, 3.35909, 3.5413, 3.76369, 4.04427, 4.41561, 4.94628, 5.83156, 7.61085, 8.62872, 4.03562, 0.465941, 0.0109898, 4.60174e-05, 2.05699e-08, 3.44062e-12, 1.02702e-16, 5.47086e-22, 5.20076e-28, 8.82286e-35, 2.67105e-42, 1.44305e-50, 1.39127e-59, 2.39366e-69, 7.34913e-80, 4.02653e-91, 3.9368e-103, 6.86869e-116, 2.13855e-129, 1.18816e-143, 1.178e-158, 2.08411e-174, 6.57969e-191, 3.70676e-208, 3.72637e-226, 6.68465e-245, 2.13979e-264, 1.22225e-284, 1.24578e-305, 0, 0, 0, 0
21.4879
46.23
 
MEASUREMENT 1
1.4716, 4.41481, 7.36319, 10.3064, 13.2548, 16.2031, 19.1774, 22.1309, 25.0793, 28.0277, 30.9502, 33.8934, 36.8314, 39.7747
1.96564, 2.00839, 2.10723, 2.29062, 2.58353, 2.89208, 3.97205, 1.7123, 0.00399707, -0.00223118, -0.00146968, -0.00179586, -0.00454651, -0.00381923
0.00210827, 0.00200825, 0.00263278, 0.003309, 0.00342342, 0.00337702, 0.00380428, 0.00161768, 0.000411667, 0.000422416, 0.000368404, 0.000397576, 0.000489009, 0.000420057
0, 0.589232, 1.17846, 1.7677, 2.35693, 2.94616, 3.53539, 4.12463, 4.71386, 5.30309, 5.89232, 6.48156, 7.07079, 7.66002, 8.24925, 8.83848, 9.42772, 10.0169, 10.6062, 11.1954, 11.7846, 12.3739, 12.9631, 13.5523, 14.1416, 14.7308, 15.32, 15.9093, 16.4985, 17.0877, 17.677, 18.2662, 18.8554, 19.4447, 20.0339, 20.6231, 21.2124, 21.8016, 22.3908, 22.9801, 23.5693, 24.1585, 24.7478, 25.337, 25.9262, 26.5155, 27.1047, 27.6939, 28.2831, 28.8724, 29.4616, 30.0508, 30.6401, 31.2293, 31.8185, 32.4078, 32.997, 33.5862, 34.1755, 34.7647, 35.3539, 35.9432, 36.5324, 37.1216, 37.7109, 38.3001, 38.8893, 39.4786, 40.0678, 40.657
1.87215, 1.88884, 1.90619, 1.92426, 1.94309, 1.96274, 1.98327, 2.00475, 2.02724, 2.05084, 2.07564, 2.10175, 2.12928, 2.15837, 2.18918, 2.22188, 2.25668, 2.29383, 2.33359, 2.37631, 2.42237, 2.47227, 2.52656, 2.58598, 2.6514, 2.72399, 2.8052, 2.897, 3.00207, 3.12421, 3.26901, 3.44525, 3.66784, 3.96551, 4.40462, 5.01733, 4.52268, 1.70244, 0.164417, 0.00330086, 1.07378e-05, 2.74865e-09, 4.04312e-13, 1.03713e-17, 4.63946e-23, 3.61926e-29, 4.92369e-36, 1.16809e-43, 4.83259e-52, 3.48657e-61, 4.38662e-71, 9.62444e-82, 3.68242e-93, 2.45699e-105, 2.85879e-118, 5.80058e-132, 2.05243e-146, 1.26641e-161, 1.36265e-177, 2.5568e-194, 8.36595e-212, 4.77348e-230, 4.74959e-249, 8.24093e-269, 2.49341e-289, 1.31555e-310, 0, 0, 0, 0
1.87215, 1.89187, 1.91244, 1.93392, 1.95639, 1.97992, 2.00459, 2.0305, 2.05776, 2.08647, 2.11679, 2.14885, 2.18283, 2.21893, 2.25738, 2.29844, 2.34242, 2.38969, 2.44066, 2.49587, 2.55591, 2.62156, 2.69374, 2.77363, 2.8627, 2.96291, 3.07679, 3.20785, 3.36097, 3.54331, 3.76586, 4.04664, 4.41822, 4.94908, 5.83392, 7.6198, 8.6578, 4.01329, 0.450019, 0.0100789, 3.85208e-05, 1.59805e-08, 2.36827e-12, 6.12057e-17, 2.7585e-22, 2.16806e-28, 2.97157e-35, 7.10257e-43, 2.96044e-51, 2.15183e-60, 2.72752e-70, 6.02885e-81, 2.32383e-92, 1.56199e-104, 1.83084e-117, 3.74216e-131, 1.3338e-145, 8.28994e-161, 8.98473e-177, 1.69804e-193, 5.59603e-211, 3.21586e-229, 3.22255e-248, 5.63096e-268, 1.71572e-288, 9.11564e-310, 0, 0, 0, 0
21.4863
46.23
 
MEASUREMENT 2
1.4716, 4.41481, 7.36319, 10.3064, 13.2548, 16.2031, 19.1774, 22.1309, 25.0793, 28.0277, 30.9502, 33.8934, 36.8314, 39.7747
1.97049, 2.01262, 2.1122, 2.29256, 2.58597, 2.89553, 3.98368, 1.71605, 0.00393667, -0.00198299, -0.00148717, -0.00209591, -0.00430606, -0.00414376
0.00210827, 0.00200825, 0.00263278, 0.003309, 0.00342342, 0.00337702, 0.00380428, 0.00161768, 0.000411667, 0.000422416, 0.000368404, 0.000397576, 0.000489009, 0.000420057
0, 0.589232, 1.17846, 1.7677, 2.35693, 2.94616, 3.53539, 4.12463, 4.71386, 5.30309, 5.89232, 6.48156, 7.07079, 7.66002, 8.24925, 8.83848, 9.42772, 10.0169, 10.6062, 11.1954, 11.7846, 12.3739, 12.9631, 13.5523, 14.1416, 14.7308, 15.32, 15.9093, 16.4985, 17.0877, 17.677, 18.2662, 18.8554, 19.4447, 20.0339, 20.6231, 21.2124, 21.8016, 22.3908, 22.9801, 23.5693, 24.1585, 24.7478, 25.337, 25.9262, 26.5155, 27.1047, 27.6939, 28.2831, 28.8724, 29.4616, 30.0508, 30.6401, 31.2293, 31.8185, 32.4078, 32.997, 33.5862, 34.1755, 34.7647, 35.3539, 35.9432, 36.5324, 37.1216, 37.7109, 38.3001, 38.8893, 39.4786, 40.0678, 40.657
1.87612, 1.89284, 1.91023, 1.92833, 1.9472, 1.96689, 1.98746, 2.00898, 2.03152, 2.05516, 2.08001, 2.10617, 2.13375, 2.1629, 2.19377, 2.22653, 2.2614, 2.29861, 2.33845, 2.38125, 2.4274, 2.47739, 2.53178, 2.59131, 2.65685, 2.72957, 2.81092, 2.90289, 3.00815, 3.13049, 3.27554, 3.45208, 3.67505, 3.97324, 4.4131, 5.02368, 4.52641, 1.71756, 0.169733, 0.00354638, 1.25035e-05, 3.34411e-09, 5.39585e-13, 1.5452e-17, 7.85331e-23, 7.08377e-29, 1.13401e-35, 3.22192e-43, 1.62462e-51, 1.45389e-60, 2.30913e-70, 6.50886e-81, 3.25611e-92, 2.89089e-104, 4.55511e-117, 1.2738e-130, 6.32175e-145, 5.56809e-160, 8.70375e-176, 2.41455e-192, 1.18877e-209, 1.03869e-227, 1.61064e-246, 4.4324e-266, 2.16473e-286, 1.87624e-307, 0, 0, 0, 0
1.87612, 1.89588, 1.91649, 1.93802, 1.96053, 1.98411, 2.00883, 2.0348, 2.06211, 2.09088, 2.12126, 2.15338, 2.18743, 2.22361, 2.26213, 2.30328, 2.34735, 2.39471, 2.44579, 2.5011, 2.56127, 2.62704, 2.69937, 2.77941, 2.86866, 2.96906, 3.08316, 3.21447, 3.36789, 3.55058, 3.77355, 4.05486, 4.42716, 4.95916, 5.84645, 7.63159, 8.65749, 4.04132, 0.463479, 0.0108006, 4.42826e-05, 1.94422e-08, 3.16035e-12, 9.11743e-17, 4.66826e-22, 4.24209e-28, 6.84143e-35, 1.95818e-42, 9.94713e-51, 8.96764e-60, 1.4348e-69, 4.07417e-80, 2.05313e-91, 1.8362e-103, 2.91441e-116, 8.2093e-130, 4.10377e-144, 3.64067e-159, 5.73188e-175, 1.60151e-191, 7.941e-209, 6.98769e-227, 1.0912e-245, 3.02399e-265, 1.48718e-285, 1.29793e-306, 0, 0, 0, 0
21.4876
46.23
 
MEASUREMENT 3
1.4716, 4.41481, 7.36319, 10.3064, 13.2548, 16.2031, 19.1774, 22.1309, 25.0793, 28.0277, 30.9502, 33.8934, 36.8314, 39.7747
1.96297, 2.00504, 2.10423, 2.28143, 2.57671, 2.88506, 3.96961, 1.71015, 0.0037964, -0.00199566, -0.00137841, -0.00179819, -0.00447367, -0.0039201
0.00210827, 0.00200825, 0.00263278, 0.003309, 0.00342342, 0.00337702, 0.00380428, 0.00161768, 0.000411667, 0.000422416, 0.000368404, 0.000397576, 0.000489009, 0.000420057
0, 0.589232, 1.17846, 1.7677, 2.35693, 2.94616, 3.53539, 4.12463, 4.71386, 5.30309, 5.89232, 6.48156, 7.07079, 7.66002, 8.24925, 8.83848, 9.42772, 10.0169, 10.6062, 11.1954, 11.7846, 12.3739, 12.9631, 13.5523, 14.1416, 14.7308, 15.32, 15.9093, 16.4985, 17.0877, 17.677, 18.2662, 18.8554, 19.4447, 20.0339, 20.6231, 21.2124, 21.8016, 22.3908, 22.9801, 23.5693, 24.1585, 24.7478, 25.337, 25.9262, 26.5155, 27.1047, 27.6939, 28.2831, 28.8724, 29.4616, 30.0508, 30.6401, 31.2293, 31.8185, 32.4078, 32.997, 33.5862, 34.1755, 34.7647, 35.3539, 35.9432, 36.5324, 37.1216, 37.7109, 38.3001, 38.8893, 39.4786, 40.0678, 40.657
1.86906, 1.88572, 1.90304, 1.92108, 1.93987, 1.95949, 1.97998, 2.00142, 2.02387, 2.04743, 2.07219, 2.09825, 2.12573, 2.15476, 2.18551, 2.21816, 2.25289, 2.28997, 2.32966, 2.37229, 2.41827, 2.46807, 2.52226, 2.58156, 2.64686, 2.7193, 2.80035, 2.89196, 2.99682, 3.11871, 3.2632, 3.43907, 3.66118, 3.95823, 4.39637, 5.00397, 4.5098, 1.71628, 0.170829, 0.00361185, 1.30294e-05, 3.53004e-09, 5.84703e-13, 1.72706e-17, 9.09688e-23, 8.5446e-29, 1.43121e-35, 4.27493e-43, 2.27702e-51, 2.16279e-60, 3.6633e-70, 1.10647e-80, 5.95958e-92, 5.72399e-104, 9.80368e-117, 2.99422e-130, 1.63074e-144, 1.58375e-159, 2.74279e-175, 8.4703e-192, 4.6645e-209, 4.58046e-227, 8.02068e-246, 2.50443e-265, 1.39445e-285, 1.38448e-306, 0, 0, 0, 0
1.86906, 1.88874, 1.90928, 1.93072, 1.95315, 1.97664, 2.00127, 2.02713, 2.05434, 2.083, 2.11326, 2.14526, 2.17919, 2.21522, 2.2536, 2.29459, 2.33849, 2.38567, 2.43655, 2.49165, 2.55158, 2.61711, 2.68915, 2.76889, 2.85779, 2.9578, 3.07146, 3.20226, 3.35507, 3.53704, 3.75913, 4.03933, 4.41014, 4.94001, 5.82377, 7.60031, 8.62092, 4.03497, 0.46603, 0.0109889, 4.5969e-05, 2.05162e-08, 3.42338e-12, 1.01866e-16, 5.40531e-22, 5.11476e-28, 8.63061e-35, 2.59698e-42, 1.39349e-50, 1.33335e-59, 2.27505e-69, 6.92212e-80, 3.75568e-91, 3.6336e-103, 6.26877e-116, 1.92851e-129, 1.05793e-143, 1.03485e-158, 1.80506e-174, 5.61425e-191, 3.1137e-208, 3.07924e-226, 5.42992e-245, 1.70735e-264, 9.57253e-285, 9.5699e-306, 0, 0, 0, 0
21.4883
46.23
 
MEASUREMENT 4
1.4716, 4.41481, 7.36319, 10.3064, 13.2548, 16.2031, 19.1774, 22.1309, 25.0793, 28.0277, 30.9502, 33.8934, 36.8314, 39.7747
1.95131, 1.99334, 2.09151, 2.27023, 2.55808, 2.86728, 3.9471, 1.69957, 0.00367477, -0.00219964, -0.00166472, -0.00192647, -0.00468169, -0.00413212
0.00210827, 0.00200825, 0.00263278, 0.003309, 0.00342342, 0.00337702, 0.00380428, 0.00161768, 0.000411667, 0.000422416, 0.000368404, 0.000397576, 0.000489009, 0.000420057
0, 0.589232, 1.17846, 1.7677, 2.35693, 2.94616, 3.53539, 4.12463, 4.71386, 5.30309, 5.89232, 6.48156, 7.07079, 7.66002, 8.24925, 8.83848, 9.42772, 10.0169, 10.6062, 11.1954, 11.7846, 12.3739, 12.9631, 13.5523, 14.1416, 14.7308, 15.32, 15.9093, 16.4985, 17.0877, 17.677, 18.2662, 18.8554, 19.4447, 20.0339, 20.6231, 21.2124, 21.8016, 22.3908, 22.9801, 23.5693, 24.1585, 24.7478, 25.337, 25.9262, 26.5155, 27.1047, 27.6939, 28.2831, 28.8724, 29.4616, 30.0508, 30.6401, 31.2293, 31.8185, 32.4078, 32.997, 33.5862, 34.1755, 34.7647, 35.3539, 35.9432, 36.5324, 37.1216, 37.7109, 38.3001, 38.8893, 39.4786, 40.0678, 40.657
1.85692, 1.87349, 1.89072, 1.90866, 1.92736, 1.94687, 1.96725, 1.98857, 2.01091, 2.03435, 2.05897, 2.0849, 2.11224, 2.14112, 2.17172, 2.2042, 2.23876, 2.27565, 2.31515, 2.35758, 2.40334, 2.4529, 2.50684, 2.56587, 2.63088, 2.703, 2.7837, 2.87494, 2.97938, 3.1008, 3.24478, 3.42006, 3.64151, 3.93781, 4.37524, 4.98349, 4.48614, 1.69159, 0.164955, 0.0033767, 1.14432e-05, 3.00502e-09, 4.65039e-13, 1.26844e-17, 6.09801e-23, 5.16708e-29, 7.71685e-36, 2.03129e-43, 9.42407e-52, 7.70622e-61, 1.11065e-70, 2.8213e-81, 1.26314e-92, 9.96751e-105, 1.38628e-117, 3.39819e-131, 1.46815e-145, 1.11795e-160, 1.50037e-176, 3.54895e-193, 1.47954e-210, 1.08711e-228, 1.40781e-247, 3.21315e-267, 1.29253e-287, 9.16355e-309, 0, 0, 0, 0
1.85692, 1.87648, 1.89689, 1.9182, 1.94049, 1.96382, 1.9883, 2.014, 2.04103, 2.06952, 2.09959, 2.13139, 2.1651, 2.20091, 2.23905, 2.27978, 2.32341, 2.3703, 2.42087, 2.47563, 2.5352, 2.60032, 2.67193, 2.75118, 2.83955, 2.93896, 3.05195, 3.18198, 3.33391, 3.51484, 3.73569, 4.01436, 4.38321, 4.91042, 5.79008, 7.56187, 8.57084, 3.9749, 0.449715, 0.0102654, 4.0659e-05, 1.74007e-08, 2.71286e-12, 7.4547e-17, 3.61055e-22, 3.08215e-28, 4.63737e-35, 1.22977e-42, 5.74788e-51, 4.73502e-60, 6.87488e-70, 1.75928e-80, 7.93469e-92, 6.30735e-104, 8.8366e-117, 2.18194e-130, 9.49545e-145, 7.28289e-160, 9.84475e-176, 2.3454e-192, 9.84774e-210, 7.28724e-228, 9.50374e-247, 2.18438e-266, 8.84838e-287, 6.31681e-308, 0, 0, 0, 0
21.4853
46.23
 
MEASUREMENT 5
1.4716, 4.41481, 7.36319, 10.3064, 13.2548, 16.2031, 19.1774, 22.1309, 25.0793, 28.0277, 30.9502, 33.8934, 36.8314, 39.7747
1.9515, 1.99392, 2.09245, 2.27425, 2.56524, 2.8685, 3.94441, 1.70082, 0.0037168, -0.00240385, -0.00136342, -0.00196179, -0.00449838, -0.00389563
0.00210827, 0.00200825, 0.00263278, 0.003309, 0.00342342, 0.00337702, 0.00380428, 0.00161768, 0.000411667, 0.000422416, 0.000368404, 0.000397576, 0.000489009, 0.000420057
0, 0.589232, 1.17846, 1.7677, 2.35693, 2.94616, 3.53539, 4.12463, 4.71386, 5.30309, 5.89232, 6.48156, 7.07079, 7.66002, 8.24925, 8.83848, 9.42772, 10.0169, 10.6062, 11.1954, 11.7846, 12.3739, 12.9631, 13.5523, 14.1416, 14.7308, 15.32, 15.9093, 16.4985, 17.0877, 17.677, 18.2662, 18.8554, 19.4447, 20.0339, 20.6231, 21.2124, 21.8016, 22.3908, 22.9801, 23.5693, 24.1585, 24.7478, 25.337, 25.9262, 26.5155, 27.1047, 27.6939, 28.2831, 28.8724, 29.4616, 30.0508, 30.6401, 31.2293, 31.8185, 32.4078, 32.997, 33.5862, 34.1755, 34.7647, 35.3539, 35.9432, 36.5324, 37.1216, 37.7109, 38.3001, 38.8893, 39.4786, 40.0678, 40.657
1.85876, 1.87533, 1.89256, 1.91049, 1.92919, 1.94869, 1.96907, 1.99039, 2.01272, 2.03614, 2.06076, 2.08668, 2.114, 2.14288, 2.17346, 2.20592, 2.24047, 2.27734, 2.3168, 2.3592, 2.40493, 2.45445, 2.50834, 2.56731, 2.63224, 2.70428, 2.78488, 2.87598, 2.98026, 3.10146, 3.24514, 3.42001, 3.64085, 3.93613, 4.37162, 4.97947, 4.49201, 1.69506, 0.164377, 0.00331849, 1.09122e-05, 2.80327e-09, 4.1635e-13, 1.07978e-17, 4.88979e-23, 3.86657e-29, 5.33876e-36, 1.28716e-43, 5.41883e-52, 3.9834e-61, 5.11303e-71, 1.14598e-81, 4.48488e-93, 3.06477e-105, 3.65694e-118, 7.61917e-132, 2.77184e-146, 1.76075e-161, 1.95297e-177, 3.78232e-194, 1.27905e-211, 7.5523e-230, 7.78636e-249, 1.40169e-268, 4.40583e-289, 2.41803e-310, 0, 0, 0, 0
1.85876, 1.87834, 1.89876, 1.92009, 1.9424, 1.96576, 1.99025, 2.01597, 2.04303, 2.07154, 2.10163, 2.13346, 2.1672, 2.20304, 2.24121, 2.28197, 2.32563, 2.37255, 2.42316, 2.47796, 2.53757, 2.60274, 2.6744, 2.7537, 2.84212, 2.94159, 3.05463, 3.18472, 3.33671, 3.51769, 3.73857, 4.01723, 4.38596, 4.91268, 5.79033, 7.56144, 8.59738, 3.99537, 0.449888, 0.0101328, 3.90834e-05, 1.63052e-08, 2.43984e-12, 6.37499e-17, 2.90857e-22, 2.31718e-28, 3.22342e-35, 7.82981e-43, 3.32092e-51, 2.45945e-60, 3.18045e-70, 7.18137e-81, 2.83134e-92, 1.94913e-104, 2.34289e-117, 4.91725e-131, 1.80199e-145, 1.15302e-160, 1.28818e-176, 2.51285e-193, 8.55868e-211, 5.08974e-229, 5.28482e-248, 9.58094e-268, 3.03269e-288, 1.67605e-309, 0, 0, 0, 0
21.4873
46.23
 
MEASUREMENT 6
1.4716, 4.41481, 7.36319, 10.3064, 13.2548, 16.2031, 19.1774, 22.1309, 25.0793, 28.0277, 30.9502, 33.8934, 36.8314, 39.7747
1.97676, 2.01911, 2.11892, 2.30045, 2.59423, 2.90499, 3.99639, 1.72191, 0.00392004, -0.00216681, -0.00168998, -0.00206674, -0.00446576, -0.00394148
0.00210827, 0.00200825, 0.00263278, 0.003309, 0.00342342, 0.00337702, 0.00380428, 0.00161768, 0.000411667, 0.000422416, 0.000368404, 0.000397576, 0.000489009, 0.000420057
0, 0.589232, 1.17846, 1.7677, 2.35693, 2.94616, 3.53539, 4.12463, 4.71386, 5.30309, 5.89232, 6.48156, 7.07079, 7.66002, 8.24925, 8.83848, 9.42772, 10.0169, 10.6062, 11.1954, 11.7846, 12.3739, 12.9631, 13.5523, 14.1416, 14.7308, 15.32, 15.9093, 16.4985, 17.0877, 17.677, 18.2662, 18.8554, 19.4447, 20.0339, 20.6231, 21.2124, 21.8016, 22.3908, 22.9801, 23.5693, 24.1585, 24.7478, 25.337, 25.9262, 26.5155, 27.1047, 27.6939, 28.2831, 28.8724, 29.4616, 30.0508, 30.6401, 31.2293, 31.8185, 32.4078, 32.997, 33.5862, 34.1755, 34.7647, 35.3539, 35.9432, 36.5324, 37.1216, 37.7109, 38.3001, 38.8893, 39.4786, 40.0678, 40.657
1.88301, 1.89978, 1.91721, 1.93537, 1.95429, 1.97403, 1.99466, 2.01624, 2.03884, 2.06255, 2.08746, 2.11369, 2.14135, 2.17057, 2.20152, 2.23436, 2.26932, 2.30662, 2.34656, 2.38946, 2.43572, 2.48582, 2.54034, 2.59999, 2.66568, 2.73854, 2.82005, 2.91219, 3.01763, 3.14017, 3.28543, 3.46219, 3.68538, 3.98377, 4.42362, 5.03214, 4.53703, 1.73657, 0.175211, 0.00378672, 1.4237e-05, 3.94784e-09, 6.85617e-13, 2.14115e-17, 1.20242e-22, 1.21424e-28, 2.20494e-35, 7.19995e-43, 4.22768e-51, 4.46389e-60, 8.47547e-70, 2.89369e-80, 1.77654e-91, 1.96127e-103, 3.89342e-116, 1.38983e-129, 8.92118e-144, 1.02971e-158, 2.13718e-174, 7.97616e-191, 5.35273e-208, 6.45928e-226, 1.40158e-244, 5.46862e-264, 3.83672e-284, 4.84021e-305, 0, 0, 0, 0
1.88301, 1.90284, 1.92352, 1.94513, 1.96772, 1.99138, 2.01619, 2.04225, 2.06965, 2.09853, 2.12901, 2.16124, 2.19541, 2.23171, 2.27037, 2.31166, 2.35588, 2.4034, 2.45465, 2.51015, 2.57052, 2.63652, 2.70909, 2.7894, 2.87894, 2.97966, 3.09413, 3.22586, 3.37975, 3.563, 3.78663, 4.06876, 4.44209, 4.9755, 5.86504, 7.65063, 8.67968, 4.08564, 0.478377, 0.0115314, 5.00389e-05, 2.30142e-08, 4.02631e-12, 1.26667e-16, 7.16576e-22, 7.2896e-28, 1.33348e-34, 4.38638e-42, 2.59456e-50, 2.75966e-59, 5.27814e-69, 1.81525e-79, 1.12259e-90, 1.24835e-102, 2.49616e-115, 8.975e-129, 5.80253e-143, 6.74559e-158, 1.41007e-173, 5.29999e-190, 3.58199e-207, 4.35297e-225, 9.51167e-244, 3.73711e-263, 2.6401e-283, 3.35359e-304, 0, 0, 0, 0
21.4901
46.23
 
MEASUREMENT 7
1.4716, 4.41481, 7.36319, 10.3064, 13.2548, 16.2031, 19.1774, 22.1309, 25.0793, 28.0277, 30.9502, 33.8934, 36.8314, 39.7747
1.96419, 2.00572, 2.10474, 2.28259, 2.57733, 2.88567, 3.9733, 1.71083, 0.00375394, -0.00198836, -0.00138103, -0.00202402, -0.00459365, -0.00402957
0.00210827, 0.00200825, 0.00263278, 0.003309, 0.00342342, 0.00337702, 0.00380428, 0.00161768, 0.000411667, 0.000422416, 0.000368404, 0.000397576, 0.000489009, 0.000420057
0, 0.589232, 1.17846, 1.7677, 2.35693, 2.94616, 3.53539, 4.12463, 4.71386, 5.30309, 5.89232, 6.48156, 7.07079, 7.66002, 8.24925, 8.83848, 9.42772, 10.0169, 10.6062, 11.1954, 11.7846, 12.3739, 12.9631, 13.5523, 14.1416, 14.7308, 15.32, 15.9093, 16.4985, 17.0877, 17.677, 18.2662, 18.8554, 19.4447, 20.0339, 20.6231, 21.2124, 21.8016, 22.3908, 22.9801, 23.5693, 24.1585, 24.7478, 25.337, 25.9262, 26.5155, 27.1047, 27.6939, 28.2831, 28.8724, 29.4616, 30.0508, 30.6401, 31.2293, 31.8185, 32.4078, 32.997, 33.5862, 34.1755, 34.7647, 35.3539, 35.9432, 36.5324, 37.1216, 37.7109, 38.3001, 38.8893, 39.4786, 40.0678, 40.657
1.86881, 1.88549, 1.90283, 1.92089, 1.93971, 1.95935, 1.97986, 2.00133, 2.02381, 2.0474, 2.07219, 2.09829, 2.12581, 2.15489, 2.18569, 2.21838, 2.25317, 2.29031, 2.33007, 2.37278, 2.41885, 2.46874, 2.52304, 2.58246, 2.64791, 2.72051, 2.80176, 2.89361, 2.99875, 3.12099, 3.26595, 3.44242, 3.66537, 3.96366, 4.40404, 5.01812, 4.52051, 1.70046, 0.164404, 0.00331288, 1.08685e-05, 2.80321e-09, 4.17557e-13, 1.08806e-17, 4.95978e-23, 3.95501e-29, 5.51706e-36, 1.3463e-43, 5.74706e-52, 4.29163e-61, 5.60622e-71, 1.28111e-81, 5.12123e-93, 3.58121e-105, 4.38078e-118, 9.3743e-132, 3.50906e-146, 2.29777e-161, 2.632e-177, 5.27382e-194, 1.84852e-211, 1.1334e-229, 1.21562e-248, 2.28071e-268, 7.48509e-289, 4.29711e-310, 0, 0, 0, 0
1.86881, 1.88849, 1.90903, 1.93048, 1.95291, 1.97639, 2.00102, 2.02689, 2.0541, 2.08277, 2.11303, 2.14503, 2.17896, 2.215, 2.25338, 2.29437, 2.33828, 2.38547, 2.43636, 2.49147, 2.55142, 2.61696, 2.68903, 2.76879, 2.85772, 2.95777, 3.07148, 3.20233, 3.35523, 3.53731, 3.75955, 4.03998, 4.41113, 4.94152, 5.82612, 7.61033, 8.63511, 3.99675, 0.448414, 0.0100769, 3.87964e-05, 1.62217e-08, 2.43439e-12, 6.39092e-17, 2.93502e-22, 2.35795e-28, 3.31383e-35, 8.14698e-43, 3.50374e-51, 2.63593e-60, 3.46897e-70, 7.98603e-81, 3.21604e-92, 2.26554e-104, 2.79177e-117, 6.01784e-131, 2.26911e-145, 1.49665e-160, 1.72677e-176, 3.48494e-193, 1.23027e-210, 7.59714e-229, 8.20614e-248, 1.55048e-267, 5.12426e-288, 2.96231e-309, 0, 0, 0, 0
21.4852
46.23
 
MEASUREMENT 8
1.4716, 4.41481, 7.36319, 10.3064, 13.2548, 16.2031, 19.1774, 22.1309, 25.0793, 28.0277, 30.9502, 33.8934, 36.8314, 39.7747
1.96158, 2.00437, 2.10295, 2.28307, 2.57275, 2.88058, 3.9672, 1.70905, 0.00387967, -0.00228388, -0.00166401, -0.00181154, -0.00444991, -0.00386454
0.00210827, 0.00200825, 0.00263278, 0.003309, 0.00342342, 0.00337702, 0.00380428, 0.00161768, 0.000411667, 0.000422416, 0.000368404, 0.000397576, 0.000489009, 0.000420057
0, 0.589232, 1.17846, 1.7677, 2.35693, 2.94616, 3.53539, 4.12463, 4.71386, 5.30309, 5.89232, 6.48156, 7.07079, 7.66002, 8.24925, 8.83848, 9.42772, 10.0169, 10.6062, 11.1954, 11.7846, 12.3739, 12.9631, 13.5523, 14.1416, 14.7308, 15.32, 15.9093, 16.4985, 17.0877, 17.677, 18.2662, 18.8554, 19.4447, 20.0339, 20.6231, 21.2124, 21.8016, 22.3908, 22.9801, 23.5693, 24.1585, 24.7478, 25.337, 25.9262, 26.5155, 27.1047, 27.6939, 28.2831, 28.8724, 29.4616, 30.0508, 30.6401, 31.2293, 31.8185, 32.4078, 32.997, 33.5862, 34.1755, 34.7647, 35.3539, 35.9432, 36.5324, 37.1216, 37.7109, 38.3001, 38.8893, 39.4786, 40.0678, 40.657
1.8677, 1.88435, 1.90166, 1.91969, 1.93848, 1.95808, 1.97856, 1.99999, 2.02243, 2.04598, 2.07072, 2.09677, 2.12423, 2.15326, 2.18399, 2.21662, 2.25134, 2.2884, 2.32807, 2.37069, 2.41665, 2.46643, 2.52059, 2.57987, 2.64515, 2.71756, 2.79858, 2.89017, 2.99499, 3.11684, 3.2613, 3.43712, 3.65917, 3.95612, 4.39414, 5.00459, 4.51354, 1.70667, 0.16659, 0.003403, 1.14635e-05, 2.98502e-09, 4.56009e-13, 1.22313e-17, 5.76028e-23, 4.76307e-29, 6.91517e-36, 1.76275e-43, 7.88945e-52, 6.19973e-61, 8.55397e-71, 2.0722e-81, 8.81374e-93, 6.58196e-105, 8.6301e-118, 1.98673e-131, 8.0302e-146, 5.69868e-161, 7.10039e-177, 1.55328e-193, 5.96589e-211, 4.02306e-229, 4.76315e-248, 9.90113e-268, 3.6135e-288, 2.31539e-309, 0, 0, 0, 0
1.8677, 1.88737, 1.90789, 1.92932, 1.95173, 1.9752, 1.99982, 2.02566, 2.05285, 2.0815, 2.11173, 2.14372, 2.17761, 2.21363, 2.25198, 2.29294, 2.33681, 2.38396, 2.43481, 2.48987, 2.54977, 2.61525, 2.68725, 2.76693, 2.85578, 2.95572, 3.06931, 3.20003, 3.35275, 3.53461, 3.75655, 4.03657, 4.40711, 4.93647, 5.81879, 7.59752, 8.63202, 4.01781, 0.45527, 0.010374, 4.08624e-05, 1.73427e-08, 2.66915e-12, 7.21279e-17, 3.42222e-22, 2.85092e-28, 4.16997e-35, 1.0709e-42, 4.82872e-51, 3.82278e-60, 5.31361e-70, 1.29676e-80, 5.55637e-92, 4.18002e-104, 5.52102e-117, 1.28031e-130, 5.21266e-145, 3.72609e-160, 4.67621e-176, 1.03034e-192, 3.98573e-210, 2.70693e-228, 3.22763e-247, 6.75659e-267, 2.48317e-287, 1.60221e-308, 0, 0, 0, 0
21.4875
46.23
 
MEASUREMENT 9
1.4716, 4.41481, 7.36319, 10.3064, 13.2548, 16.2031, 19.1774, 22.1309, 25.0793, 28.0277, 30.9502, 33.8934, 36.8314, 39.7747
1.97527, 2.0181, 2.11764, 2.30128, 2.59562, 2.90602, 3.99155, 1.72091, 0.00396067, -0.00210139, -0.00139425, -0.00201377, -0.00456365, -0.00391738
0.00210827, 0.00200825, 0.00263278, 0.003309, 0.00342342, 0.00337702, 0.00380428, 0.00161768, 0.000411667, 0.000422416, 0.000368404, 0.000397576, 0.000489009, 0.000420057
0, 0.589232, 1.17846, 1.7677, 2.35693, 2.94616, 3.53539, 4.12463, 4.71386, 5.30309, 5.89232, 6.48156, 7.07079, 7.66002, 8.24925, 8.83848, 9.42772, 10.0169, 10.6062, 11.1954, 11.7846, 12.3739, 12.9631, 13.5523, 14.1416, 14.7308, 15.32, 15.9093, 16.4985, 17.0877, 17.677, 18.2662, 18.8554, 19.4447, 20.0339, 20.6231, 21.2124, 21.8016, 22.3908, 22.9801, 23.5693, 24.1585, 24.7478, 25.337, 25.9262, 26.5155, 27.1047, 27.6939, 28.2831, 28.8724, 29.4616, 30.0508, 30.6401, 31.2293, 31.8185, 32.4078, 32.997, 33.5862, 34.1755, 34.7647, 35.3539, 35.9432, 36.5324, 37.1216, 37.7109, 38.3001, 38.8893, 39.4786, 40.0678, 40.657
1.88132, 1.89808, 1.91552, 1.93367, 1.9526, 1.97234, 1.99296, 2.01454, 2.03714, 2.06086, 2.08577, 2.112, 2.13966, 2.16889, 2.19984, 2.2327, 2.26767, 2.30498, 2.34493, 2.38785, 2.43413, 2.48426, 2.5388, 2.59849, 2.66423, 2.73714, 2.81873, 2.91095, 3.0165, 3.1392, 3.28466, 3.4617, 3.6853, 3.98435, 4.42548, 5.03835, 4.53898, 1.71855, 0.168901, 0.00349692, 1.21104e-05, 3.2073e-09, 5.07093e-13, 1.41763e-17, 7.00746e-23, 6.1247e-29, 9.46527e-36, 2.58646e-43, 1.24968e-51, 1.06762e-60, 1.61271e-70, 4.30739e-81, 2.0342e-92, 1.69859e-104, 2.50786e-117, 6.54689e-131, 3.02191e-145, 2.46628e-160, 3.55889e-176, 9.08031e-193, 4.09635e-210, 3.2674e-228, 4.60804e-247, 1.14904e-266, 5.06597e-287, 3.94905e-308, 0, 0, 0, 0
1.88132, 1.90113, 1.9218, 1.94339, 1.96597, 1.98961, 2.0144, 2.04044, 2.06782, 2.09668, 2.12714, 2.15935, 2.1935, 2.22978, 2.26841, 2.30967, 2.35387, 2.40136, 2.45258, 2.50805, 2.56839, 2.63435, 2.70688, 2.78715, 2.87666, 2.97734, 3.09177, 3.22346, 3.37731, 3.56053, 3.78415, 4.06628, 4.43967, 4.97323, 5.86308, 7.65455, 8.68474, 4.04602, 0.46152, 0.0106577, 4.30179e-05, 1.86502e-08, 2.97063e-12, 8.36647e-17, 4.16641e-22, 3.66866e-28, 5.71183e-35, 1.5724e-42, 7.65373e-51, 6.58717e-60, 1.0024e-69, 2.69709e-80, 1.28311e-91, 1.07929e-103, 1.60518e-116, 4.22098e-130, 1.96249e-144, 1.61325e-159, 2.34475e-175, 6.02546e-192, 2.73765e-209, 2.19918e-227, 3.12345e-246, 7.84328e-266, 3.48216e-286, 2.73329e-307, 0, 0, 0, 0
21.4871
46.23
 
MEASUREMENT 10
1.4716, 4.41481, 7.36319, 10.3064, 13.2548, 16.2031, 19.1774, 22.1309, 25.0793, 28.0277, 30.9502, 33.8934, 36.8314, 39.7747
1.9835, 2.02672, 2.12664, 2.30854, 2.60424, 2.91534, 4.01104, 1.72829, 0.00373592, -0.0021798, -0.00146191, -0.00191802, -0.00429221, -0.00409895
0.00210827, 0.00200825, 0.00263278, 0.003309, 0.00342342, 0.00337702, 0.00380428, 0.00161768, 0.000411667, 0.000422416, 0.000368404, 0.000397576, 0.000489009, 0.000420057
0, 0.589232, 1.17846, 1.7677, 2.35693, 2.94616, 3.53539, 4.12463, 4.71386, 5.30309, 5.89232, 6.48156, 7.07079, 7.66002, 8.24925, 8.83848, 9.42772, 10.0169, 10.6062, 11.1954, 11.7846, 12.3739, 12.9631, 13.5523, 14.1416, 14.7308, 15.32, 15.9093, 16.4985, 17.0877, 17.677, 18.2662, 18.8554, 19.4447, 20.0339, 20.6231, 21.2124, 21.8016, 22.3908, 22.9801, 23.5693, 24.1585, 24.7478, 25.337, 25.9262, 26.5155, 27.1047, 27.6939, 28.2831, 28.8724, 29.4616, 30.0508, 30.6401, 31.2293, 31.8185, 32.4078, 32.997, 33.5862, 34.1755, 34.7647, 35.3539, 35.9432, 36.5324, 37.1216, 37.7109, 38.3001, 38.8893, 39.4786, 40.0678, 40.657
1.88846, 1.9053, 1.92281, 1.94105, 1.96005, 1.97988, 2.0006, 2.02227, 2.04497, 2.06879, 2.09382, 2.12017, 2.14795, 2.17731, 2.2084, 2.24141, 2.27653, 2.31402, 2.35416, 2.39727, 2.44377, 2.49413, 2.54894, 2.60891, 2.67496, 2.74823, 2.83021, 2.92289, 3.02898, 3.1523, 3.29851, 3.47649, 3.7013, 4.00201, 4.44574, 5.06374, 4.56273, 1.72133, 0.167506, 0.00340997, 1.1417e-05, 2.97056e-09, 4.51987e-13, 1.2074e-17, 5.66253e-23, 4.66235e-29, 6.73961e-36, 1.7104e-43, 7.62068e-52, 5.96103e-61, 8.18618e-71, 1.97365e-81, 8.35392e-93, 6.20781e-105, 8.09867e-118, 1.85488e-131, 7.45834e-146, 5.26494e-161, 6.52481e-177, 1.41959e-193, 5.42226e-211, 3.63594e-229, 4.28026e-248, 8.84586e-268, 3.20941e-288, 2.04421e-309, 0, 0, 0, 0
1.88846, 1.90835, 1.9291, 1.95077, 1.97343, 1.99717, 2.02206, 2.04819, 2.07568, 2.10465, 2.13523, 2.16757, 2.20185, 2.23826, 2.27705, 2.31846, 2.36283, 2.41051, 2.46193, 2.51761, 2.57819, 2.64441, 2.71722, 2.7978, 2.88766, 2.98873, 3.10362, 3.23582, 3.39029, 3.57423, 3.79874, 4.08201, 4.4569, 4.99258, 5.88585, 7.68651, 8.72444, 4.05052, 0.457484, 0.0103874, 4.0705e-05, 1.72375e-08, 2.64235e-12, 7.11126e-17, 3.36e-22, 2.78719e-28, 4.05908e-35, 1.03781e-42, 4.65844e-51, 3.67104e-60, 5.07882e-70, 1.23356e-80, 5.25993e-92, 3.93748e-104, 5.17457e-117, 1.19384e-130, 4.83538e-145, 3.43817e-160, 4.29174e-176, 9.40473e-193, 3.61797e-210, 2.44336e-228, 2.89675e-247, 6.02883e-267, 2.20269e-287, 1.41276e-308, 0, 0, 0, 0
21.4863
46.23
 
MEASUREMENT 11
1.4716, 4.41481, 7.36319, 10.3064, 13.2548, 16.2031, 19.1774, 22.1309, 25.0793, 28.0277, 30.9502, 33.8934, 36.8314, 39.7747
1.98037, 2.02365, 2.12286, 2.30392, 2.59928, 2.91056, 4.00447, 1.72523, 0.0038809, -0.00221598, -0.00137271, -0.00194211, -0.00455204, -0.00387773
0.00210827, 0.00200825, 0.00263278, 0.003309, 0.00342342, 0.00337702, 0.00380428, 0.00161768, 0.000411667, 0.000422416, 0.000368404, 0.000397576, 0.000489009, 0.000420057
0, 0.589232, 1.17846, 1.7677, 2.35693, 2.94616, 3.53539, 4.12463, 4.71386, 5.30309, 5.89232, 6.48156, 7.07079, 7.66002, 8.24925, 8.83848, 9.42772, 10.0169, 10.6062, 11.1954, 11.7846, 12.3739, 12.9631, 13.5523, 14.1416, 14.7308, 15.32, 15.9093, 16.4985, 17.0877, 17.677, 18.2662, 18.8554, 19.4447, 20.0339, 20.6231, 21.2124, 21.8016, 22.3908, 22.9801, 23.5693, 24.1585, 24.7478, 25.337, 25.9262, 26.5155, 27.1047, 27.6939, 28.2831, 28.8724, 29.4616, 30.0508, 30.6401, 31.2293, 31.8185, 32.4078, 32.997, 33.5862, 34.1755, 34.7647, 35.3539, 35.9432, 36.5324, 37.1216, 37.7109, 38.3001, 38.8893, 39.4786, 40.0678, 40.657
1.8853, 1.90211, 1.91959, 1.9378, 1.95677, 1.97656, 1.99724, 2.01888, 2.04154, 2.06532, 2.0903, 2.1166, 2.14434, 2.17365, 2.20469, 2.23763, 2.2727, 2.31012, 2.35018, 2.39322, 2.43964, 2.48991, 2.54462, 2.60448, 2.67041, 2.74355, 2.82539, 2.9179, 3.0238, 3.14689, 3.29284, 3.47049, 3.6949, 3.99507, 4.43799, 5.05394, 4.55271, 1.72069, 0.168405, 0.00346334, 1.18376e-05, 3.11549e-09, 4.85587e-13, 1.33494e-17, 6.47307e-23, 5.53618e-29, 8.35146e-36, 2.22211e-43, 1.04284e-51, 8.63217e-61, 1.26029e-70, 3.24541e-81, 1.47406e-92, 1.18088e-104, 1.66856e-117, 4.15834e-131, 1.82786e-145, 1.41712e-160, 1.9378e-176, 4.6736e-193, 1.98807e-210, 1.49159e-228, 1.9738e-247, 4.60669e-267, 1.8963e-287, 1.37676e-308, 0, 0, 0, 0
1.8853, 1.90516, 1.92587, 1.94751, 1.97013, 1.99383, 2.01867, 2.04477, 2.07221, 2.10113, 2.13165, 2.16394, 2.19816, 2.23452, 2.27323, 2.31458, 2.35887, 2.40647, 2.45781, 2.5134, 2.57387, 2.63998, 2.71266, 2.79311, 2.88281, 2.98372, 3.09841, 3.23039, 3.38459, 3.56823, 3.79236, 4.07515, 4.44942, 4.98427, 5.87633, 7.67301, 8.70447, 4.04757, 0.459717, 0.0105442, 4.2072e-05, 1.80811e-08, 2.83915e-12, 7.86333e-17, 3.8413e-22, 3.30981e-28, 5.03011e-35, 1.34834e-42, 6.37485e-51, 5.31599e-60, 7.81882e-70, 2.02833e-80, 9.2806e-92, 7.48945e-104, 1.066e-116, 2.67608e-130, 1.18487e-144, 9.2528e-160, 1.27439e-175, 3.09567e-192, 1.32626e-209, 1.00213e-227, 1.33549e-246, 3.13887e-266, 1.30113e-286, 9.51219e-308, 0, 0, 0, 0
21.4865
46.23
 
MEASUREMENT 12
1.4716, 4.41481, 7.36319, 10.3064, 13.2548, 16.2031, 19.1774, 22.1309, 25.0793, 28.0277, 30.9502, 33.8934, 36.8314, 39.7747
1.98211, 2.02484, 2.12491, 2.30376, 2.60199, 2.91283, 4.00749, 1.72634, 0.00392332, -0.00221947, -0.00157451, -0.00170024, -0.00467398, -0.00392825
0.00210827, 0.00200825, 0.00263278, 0.003309, 0.00342342, 0.00337702, 0.00380428, 0.00161768, 0.000411667, 0.000422416, 0.000368404, 0.000397576, 0.000489009, 0.000420057
0, 0.589232, 1.17846, 1.7677, 2.35693, 2.94616, 3.53539, 4.12463, 4.71386, 5.30309, 5.89232, 6.48156, 7.07079, 7.66002, 8.24925, 8.83848, 9.42772, 10.0169, 10.6062, 11.1954, 11.7846, 12.3739, 12.9631, 13.5523, 14.1416, 14.7308, 15.32, 15.9093, 16.4985, 17.0877, 17.677, 18.2662, 18.8554, 19.4447, 20.0339, 20.6231, 21.2124, 21.8016, 22.3908, 22.9801, 23.5693, 24.1585, 24.7478, 25.337, 25.9262, 26.5155, 27.1047, 27.6939, 28.2831, 28.8724, 29.4616, 30.0508, 30.6401, 31.2293, 31.8185, 32.4078, 32.997, 33.5862, 34.1755, 34.7647, 35.3539, 35.9432, 36.5324, 37.1216, 37.7109, 38.3001, 38.8893, 39.4786, 40.0678, 40.657
1.88665, 1.90347, 1.92097, 1.93919, 1.95817, 1.97798, 1.99868, 2.02033, 2.04301, 2.06681, 2.09182, 2.11814, 2.1459, 2.17523, 2.20629, 2.23927, 2.27436, 2.31181, 2.35191, 2.39498, 2.44144, 2.49175, 2.5465, 2.60642, 2.67241, 2.74561, 2.82752, 2.92011, 3.02609, 3.1493, 3.29537, 3.47319, 3.69778, 3.9982, 4.4415, 5.05944, 4.5594, 1.71801, 0.166581, 0.00336962, 1.1136e-05, 2.87724e-09, 4.31294e-13, 1.13177e-17, 5.19917e-23, 4.18117e-29, 5.8864e-36, 1.45074e-43, 6.25913e-52, 4.72744e-61, 6.2506e-71, 1.44678e-81, 5.86226e-93, 4.15825e-105, 5.16341e-118, 1.12239e-131, 4.27098e-146, 2.84506e-161, 3.31764e-177, 6.77243e-194, 2.4201e-211, 1.51389e-229, 1.65778e-248, 3.17782e-268, 1.06635e-288, 6.26383e-310, 0, 0, 0, 0
1.88665, 1.90652, 1.92725, 1.9489, 1.97155, 1.99526, 2.02012, 2.04623, 2.0737, 2.10264, 2.13318, 2.16549, 2.19974, 2.23612, 2.27487, 2.31625, 2.36057, 2.4082, 2.45958, 2.51521, 2.57572, 2.64188, 2.71463, 2.79513, 2.88491, 2.98589, 3.10066, 3.23274, 3.38706, 3.57084, 3.79513, 4.07813, 4.45266, 4.98781, 5.88007, 7.67964, 8.71933, 4.04402, 0.455144, 0.0102691, 3.97883e-05, 1.66969e-08, 2.52155e-12, 6.66637e-17, 3.08534e-22, 2.49979e-28, 3.54562e-35, 8.80371e-43, 3.82668e-51, 2.91178e-60, 3.8786e-70, 9.04415e-81, 3.69178e-92, 2.63801e-104, 3.29981e-117, 7.22553e-131, 2.7696e-145, 1.85836e-160, 2.18276e-176, 4.48789e-193, 1.61524e-210, 1.01763e-228, 1.12227e-247, 2.16648e-267, 7.32091e-288, 4.33036e-309, 0, 0, 0, 0
21.4861
46.23
 
MEASUREMENT 13
1.4716, 4.41481, 7.36319, 10.3064, 13.2548, 16.2031, 19.1774, 22.1309, 25.0793, 28.0277, 30.9502, 33.8934, 36.8314, 39.7747
1.98295, 2.02448, 2.12428, 2.30606, 2.60127, 2.91263, 4.00719, 1.72592, 0.00401592, -0.00208817, -0.00138686, -0.00204307, -0.00455899, -0.00427939
0.00210827, 0.00200825, 0.00263278, 0.003309, 0.00342342, 0.00337702, 0.00380428, 0.00161768, 0.000411667, 0.000422416, 0.000368404, 0.000397576, 0.000489009, 0.000420057
0, 0.589232, 1.17846, 1.7677, 2.35693, 2.94616, 3.53539, 4.12463, 4.71386, 5.30309, 5.89232, 6.48156, 7.07079, 7.66002, 8.24925, 8.83848, 9.42772, 10.0169, 10.6062, 11.1954, 11.7846, 12.3739, 12.9631, 13.5523, 14.1416, 14.7308, 15.32, 15.9093, 16.4985, 17.0877, 17.677, 18.2662, 18.8554, 19.4447, 20.0339, 20.6231, 21.2124, 21.8016, 22.3908, 22.9801, 23.5693, 24.1585, 24.7478, 25.337, 25.9262, 26.5155, 27.1047, 27.6939, 28.2831, 28.8724, 29.4616, 30.0508, 30.6401, 31.2293, 31.8185, 32.4078, 32.997, 33.5862, 34.1755, 34.7647, 35.3539, 35.9432, 36.5324, 37.1216, 37.7109, 38.3001, 38.8893, 39.4786, 40.0678, 40.657
1.88824, 1.90505, 1.92253, 1.94074, 1.95971, 1.9795, 2.00018, 2.02181, 2.04446, 2.06823, 2.09321, 2.1195, 2.14723, 2.17652, 2.20754, 2.24047, 2.27551, 2.31291, 2.35294, 2.39595, 2.44232, 2.49253, 2.54718, 2.60697, 2.67281, 2.74584, 2.82754, 2.91987, 3.02554, 3.14834, 3.2939, 3.47099, 3.69457, 3.99336, 4.43365, 5.047, 4.55843, 1.73422, 0.171144, 0.00355011, 1.2311e-05, 3.24073e-09, 5.09e-13, 1.40915e-17, 6.8764e-23, 5.91464e-29, 8.96723e-36, 2.39635e-43, 1.12877e-51, 9.37168e-61, 1.37149e-70, 3.53772e-81, 1.60847e-92, 1.28902e-104, 1.82081e-117, 4.53338e-131, 1.98945e-145, 1.53886e-160, 2.09804e-176, 5.04174e-193, 2.13548e-210, 1.59426e-228, 2.09782e-247, 4.86544e-267, 1.98893e-287, 1.43305e-308, 0, 0, 0, 0
1.88824, 1.90812, 1.92887, 1.95053, 1.97319, 1.99691, 2.02179, 2.04792, 2.0754, 2.10435, 2.13492, 2.16725, 2.20151, 2.23791, 2.27667, 2.31807, 2.36242, 2.41007, 2.46146, 2.51711, 2.57765, 2.64382, 2.71659, 2.79711, 2.88689, 2.98789, 3.10266, 3.23473, 3.38903, 3.57274, 3.79693, 4.07972, 4.45385, 4.98814, 5.87797, 7.67092, 8.7301, 4.0906, 0.468834, 0.0108516, 4.38331e-05, 1.89179e-08, 2.99346e-12, 8.34912e-17, 4.10463e-22, 3.55689e-28, 5.43286e-35, 1.46267e-42, 6.94098e-51, 5.80567e-60, 8.55928e-70, 2.2242e-80, 1.01874e-91, 8.22426e-104, 1.17025e-116, 2.93496e-130, 1.29739e-144, 1.01083e-159, 1.3881e-175, 3.35972e-192, 1.43324e-209, 1.07762e-227, 1.42804e-246, 3.33539e-266, 1.37302e-286, 9.96166e-308, 0, 0, 0, 0
21.4902
46.23
 
MEASUREMENT 14
1.4716, 4.41481, 7.36319, 10.3064, 13.2548, 16.2031, 19.1774, 22.1309, 25.0793, 28.0277, 30.9502, 33.8934, 36.8314, 39.7747
1.95838, 2.00047, 2.09907, 2.2787, 2.5705, 2.87745, 3.95945, 1.70597, 0.00367124, -0.00246, -0.00166185, -0.00204648, -0.00453466, -0.00347933
0.00210827, 0.00200825, 0.00263278, 0.003309, 0.00342342, 0.00337702, 0.00380428, 0.00161768, 0.000411667, 0.000422416, 0.000368404, 0.000397576, 0.000489009, 0.000420057
0, 0.589232, 1.17846, 1.7677, 2.35693, 2.94616, 3.53539, 4.12463, 4.71386, 5.30309, 5.89232, 6.48156, 7.07079, 7.66002, 8.24925, 8.83848, 9.42772, 10.0169, 10.6062, 11.1954, 11.7846, 12.3739, 12.9631, 13.5523, 14.1416, 14.7308, 15.32, 15.9093, 16.4985, 17.0877, 17.677, 18.2662, 18.8554, 19.4447, 20.0339, 20.6231, 21.2124, 21.8016, 22.3908, 22.9801, 23.5693, 24.1585, 24.7478, 25.337, 25.9262, 26.5155, 27.1047, 27.6939, 28.2831, 28.8724, 29.4616, 30.0508, 30.6401, 31.2293, 31.8185, 32.4078, 32.997, 33.5862, 34.1755, 34.7647, 35.3539, 35.9432, 36.5324, 37.1216, 37.7109, 38.3001, 38.8893, 39.4786, 40.0678, 40.657
1.86521, 1.88182, 1.8991, 1.91708, 1.93583, 1.95539, 1.97583, 1.99721, 2.0196, 2.04309, 2.06778, 2.09377, 2.12117, 2.15013, 2.18079, 2.21334, 2.24797, 2.28494, 2.32451, 2.36702, 2.41286, 2.46251, 2.51653, 2.57565, 2.64074, 2.71295, 2.79373, 2.88504, 2.98954, 3.111, 3.25498, 3.43019, 3.65144, 3.94726, 4.38341, 4.98748, 4.49607, 1.71638, 0.172063, 0.00367953, 1.35613e-05, 3.71661e-09, 6.30626e-13, 1.91611e-17, 1.04254e-22, 1.01575e-28, 1.77217e-35, 5.53663e-43, 3.09746e-51, 3.10304e-60, 5.56657e-70, 1.78816e-80, 1.02859e-91, 1.05949e-103, 1.95418e-116, 6.45429e-130, 3.81721e-144, 4.04256e-159, 7.66615e-175, 2.60321e-191, 1.58289e-208, 1.72345e-226, 3.36011e-245, 1.17304e-264, 7.33296e-285, 8.20817e-306, 0, 0, 0, 0
1.86521, 1.88485, 1.90534, 1.92674, 1.94912, 1.97256, 1.99713, 2.02294, 2.05009, 2.0787, 2.10889, 2.14082, 2.17467, 2.21063, 2.24893, 2.28982, 2.33363, 2.38071, 2.43148, 2.48646, 2.54626, 2.61164, 2.68353, 2.76309, 2.85179, 2.95157, 3.06498, 3.19548, 3.34794, 3.52949, 3.75105, 4.03057, 4.40046, 4.92897, 5.81035, 7.58086, 8.60089, 4.03843, 0.469825, 0.011206, 4.77754e-05, 2.16496e-08, 3.70057e-12, 1.1327e-16, 6.20849e-22, 6.09369e-28, 1.07102e-34, 3.37078e-42, 1.89969e-50, 1.91713e-59, 3.46444e-69, 1.12106e-79, 6.49579e-91, 6.73975e-103, 1.25217e-115, 4.16567e-129, 2.48148e-143, 2.64689e-158, 5.05544e-174, 1.72894e-190, 1.05875e-207, 1.16091e-225, 2.27928e-244, 8.0128e-264, 5.04379e-284, 5.68479e-305, 0, 0, 0, 0
21.4894
46.23
 
MEASUREMENT 15
1.4716, 4.41481, 7.36319, 10.3064, 13.2548, 16.2031, 19.1774, 22.1309, 25.0793, 28.0277, 30.9502, 33.8934, 36.8314, 39.7747
1.94711, 1.98861, 2.08716, 2.2655, 2.55569, 2.8613, 3.93679, 1.69684, 0.00369838, -0.00230151, -0.00146512, -0.00160598, -0.00460141, -0.00409238
0.00210827, 0.00200825, 0.00263278, 0.003309, 0.00342342, 0.00337702, 0.00380428, 0.00161768, 0.000411667, 0.000422416, 0.000368404, 0.000397576, 0.000489009, 0.000420057
0, 0.589232, 1.17846, 1.7677, 2.35693, 2.94616, 3.53539, 4.12463, 4.71386, 5.30309, 5.89232, 6.48156, 7.07079, 7.66002, 8.24925, 8.83848, 9.42772, 10.0169, 10.6062, 11.1954, 11.7846, 12.3739, 12.9631, 13.5523, 14.1416, 14.7308, 15.32, 15.9093, 16.4985, 17.0877, 17.677, 18.2662, 18.8554, 19.4447, 20.0339, 20.6231, 21.2124, 21.8016, 22.3908, 22.9801, 23.5693, 24.1585, 24.7478, 25.337, 25.9262, 26.5155, 27.1047, 27.6939, 28.2831, 28.8724, 29.4616, 30.0508, 30.6401, 31.2293, 31.8185, 32.4078, 32.997, 33.5862, 34.1755, 34.7647, 35.3539, 35.9432, 36.5324, 37.1216, 37.7109, 38.3001, 38.8893, 39.4786, 40.0678, 40.657
1.85405, 1.87057, 1.88776, 1.90565, 1.92429, 1.94374, 1.96407, 1.98533, 2.0076, 2.03096, 2.05551, 2.08136, 2.10861, 2.13741, 2.16791, 2.20028, 2.23473, 2.2715, 2.31086, 2.35314, 2.39874, 2.44812, 2.50186, 2.56067, 2.62542, 2.69726, 2.77762, 2.86847, 2.97244, 3.09329, 3.23656, 3.41092, 3.63111, 3.92555, 4.35974, 4.96271, 4.4753, 1.7028, 0.16905, 0.00355446, 1.26778e-05, 3.40709e-09, 5.55871e-13, 1.61201e-17, 8.30932e-23, 7.61316e-29, 1.23984e-35, 3.58896e-43, 1.84659e-51, 1.68878e-60, 2.74519e-70, 7.93178e-81, 4.07348e-92, 3.7184e-104, 6.03312e-117, 1.73989e-130, 8.91855e-145, 8.12565e-160, 1.31587e-175, 3.78754e-192, 1.93771e-209, 1.76201e-227, 2.84782e-246, 8.1809e-266, 4.17708e-286, 3.79076e-307, 0, 0, 0, 0
1.85405, 1.87358, 1.89395, 1.91522, 1.93747, 1.96077, 1.9852, 2.01085, 2.03784, 2.06627, 2.09629, 2.12803, 2.16168, 2.19743, 2.2355, 2.27615, 2.3197, 2.36649, 2.41697, 2.47162, 2.53107, 2.59607, 2.66753, 2.74661, 2.8348, 2.93399, 3.04673, 3.17646, 3.32802, 3.50851, 3.72877, 4.00665, 4.37437, 4.89973, 5.77565, 7.5376, 8.55716, 4.00562, 0.461538, 0.0108239, 4.48242e-05, 1.98149e-08, 3.25679e-12, 9.51469e-17, 4.94087e-22, 4.56052e-28, 7.48213e-35, 2.1819e-42, 1.13095e-50, 1.04194e-59, 1.70623e-69, 4.96619e-80, 2.5692e-91, 2.36244e-103, 3.86107e-116, 1.1216e-129, 5.79094e-144, 5.31422e-159, 8.66777e-175, 2.51276e-191, 1.29469e-208, 1.18564e-226, 1.9298e-245, 5.5826e-265, 2.87029e-285, 2.62289e-306, 0, 0, 0, 0
21.4888
46.23
 
MEASUREMENT 16
1.4716, 4.41481, 7.36319, 10.3064, 13.2548, 16.2031, 19.1774, 22.1309, 25.0793, 28.0277, 30.9502, 33.8934, 36.8314, 39.7747
1.92772, 1.96916, 2.06548, 2.24234, 2.52924, 2.83211, 3.89594, 1.67892, 0.00392419, -0.00208803, -0.000626801, -0.00210161, -0.00448533, -0.00414299
0.00210827, 0.00200825, 0.00263278, 0.003309, 0.00342342, 0.00337702, 0.00380428, 0.00161768, 0.000411667, 0.000422416, 0.000368404, 0.000397576, 0.000489009, 0.000420057
0, 0.589232, 1.17846, 1.7677, 2.35693, 2.94616, 3.53539, 4.12463, 4.71386, 5.30309, 5.89232, 6.48156, 7.07079, 7.66002, 8.24925, 8.83848, 9.42772, 10.0169, 10.6062, 11.1954, 11.7846, 12.3739, 12.9631, 13.5523, 14.1416, 14.7308, 15.32, 15.9093, 16.4985, 17.0877, 17.677, 18.2662, 18.8554, 19.4447, 20.0339, 20.6231, 21.2124, 21.8016, 22.3908, 22.9801, 23.5693, 24.1585, 24.7478, 25.337, 25.9262, 26.5155, 27.1047, 27.6939, 28.2831, 28.8724, 29.4616, 30.0508, 30.6401, 31.2293, 31.8185, 32.4078, 32.997, 33.5862, 34.1755, 34.7647, 35.3539, 35.9432, 36.5324, 37.1216, 37.7109, 38.3001, 38.8893, 39.4786, 40.0678, 40.657
1.83542, 1.85177, 1.86878, 1.88648, 1.90493, 1.92419, 1.9443, 1.96534, 1.98738, 2.01051, 2.03481, 2.06038, 2.08736, 2.11586, 2.14604, 2.17808, 2.21217, 2.24856, 2.28751, 2.32936, 2.37448, 2.42335, 2.47654, 2.53473, 2.59881, 2.6699, 2.74943, 2.83933, 2.94221, 3.0618, 3.20356, 3.37609, 3.59397, 3.88531, 4.31494, 4.91067, 4.42567, 1.68416, 0.167557, 0.00353913, 1.27407e-05, 3.44546e-09, 5.69062e-13, 1.67494e-17, 8.7855e-23, 8.21221e-29, 1.36798e-35, 4.06091e-43, 2.14829e-51, 2.02528e-60, 3.40252e-70, 1.01868e-80, 5.43495e-92, 5.16743e-104, 8.75532e-117, 2.64355e-130, 1.42239e-144, 1.36386e-159, 2.33041e-175, 7.09592e-192, 3.85033e-209, 3.72305e-227, 6.41518e-246, 1.96982e-265, 1.07784e-285, 1.05096e-306, 0, 0, 0, 0
1.83542, 1.85475, 1.87491, 1.89597, 1.918, 1.94106, 1.96525, 1.99065, 2.01736, 2.04551, 2.07522, 2.10665, 2.13996, 2.17535, 2.21303, 2.25328, 2.29639, 2.34272, 2.39269, 2.44679, 2.50565, 2.56999, 2.64074, 2.71904, 2.80634, 2.90454, 3.01615, 3.14459, 3.29465, 3.47333, 3.69141, 3.96654, 4.33064, 4.8509, 5.71853, 7.4629, 8.46707, 3.96366, 0.45766, 0.0107818, 4.50227e-05, 2.00574e-08, 3.33727e-12, 9.89548e-17, 5.22891e-22, 4.92393e-28, 8.26298e-35, 2.47107e-42, 1.3169e-50, 1.25067e-59, 2.11664e-69, 6.38364e-80, 3.43085e-91, 3.28585e-103, 5.60793e-116, 1.70555e-129, 9.24341e-144, 8.92696e-159, 1.5363e-174, 4.71139e-191, 2.57465e-208, 2.50717e-226, 4.35055e-245, 1.34523e-264, 7.41201e-285, 7.27721e-306, 0, 0, 0, 0
21.4885
46.23
 
MEASUREMENT 17
1.4716, 4.41481, 7.36319, 10.3064, 13.2548, 16.2031, 19.1774, 22.1309, 25.0793, 28.0277, 30.9502, 33.8934, 36.8314, 39.7747
1.91392, 1.95489, 2.05238, 2.22734, 2.51263, 2.81281, 3.87017, 1.66822, 0.00344635, -0.00232181, -0.00147678, -0.00206302, -0.00458113, -0.00395
0.00210827, 0.00200825, 0.00263278, 0.003309, 0.00342342, 0.00337702, 0.00380428, 0.00161768, 0.000411667, 0.000422416, 0.000368404, 0.000397576, 0.000489009, 0.000420057
0, 0.589232, 1.17846, 1.7677, 2.35693, 2.94616, 3.53539, 4.12463, 4.71386, 5.30309, 5.89232, 6.48156, 7.07079, 7.66002, 8.24925, 8.83848, 9.42772, 10.0169, 10.6062, 11.1954, 11.7846, 12.3739, 12.9631, 13.5523, 14.1416, 14.7308, 15.32, 15.9093, 16.4985, 17.0877, 17.677, 18.2662, 18.8554, 19.4447, 20.0339, 20.6231, 21.2124, 21.8016, 22.3908, 22.9801, 23.5693, 24.1585, 24.7478, 25.337, 25.9262, 26.5155, 27.1047, 27.6939, 28.2831, 28.8724, 29.4616, 30.0508, 30.6401, 31.2293, 31.8185, 32.4078, 32.997, 33.5862, 34.1755, 34.7647, 35.3539, 35.9432, 36.5324, 37.1216, 37.7109, 38.3001, 38.8893, 39.4786, 40.0678, 40.657
1.82218, 1.83842, 1.85532, 1.87291, 1.89124, 1.91037, 1.93035, 1.95126, 1.97316, 1.99614, 2.02028, 2.0457, 2.0725, 2.10082, 2.13081, 2.16265, 2.19653, 2.23269, 2.2714, 2.31299, 2.35784, 2.40641, 2.45927, 2.51712, 2.58082, 2.65148, 2.73055, 2.81993, 2.92224, 3.04116, 3.18215, 3.35377, 3.57054, 3.86048, 4.28826, 4.88142, 4.39758, 1.67155, 0.166085, 0.00350417, 1.25951e-05, 3.40939e-09, 5.63106e-13, 1.6582e-17, 8.7059e-23, 8.14934e-29, 1.36007e-35, 4.04699e-43, 2.147e-51, 2.03076e-60, 3.42464e-70, 1.02967e-80, 5.51957e-92, 5.2752e-104, 8.98869e-117, 2.73072e-130, 1.47904e-144, 1.42824e-159, 2.45893e-175, 7.54757e-192, 4.13034e-209, 4.02978e-227, 7.00956e-246, 2.17377e-265, 1.20185e-285, 1.18467e-306, 0, 0, 0, 0
1.82218, 1.84137, 1.86139, 1.8823, 1.90417, 1.92706, 1.95108, 1.97629, 2.00282, 2.03077, 2.06027, 2.09147, 2.12454, 2.15967, 2.19709, 2.23705, 2.27986, 2.32585, 2.37546, 2.42919, 2.48762, 2.55151, 2.62176, 2.6995, 2.78618, 2.88369, 2.99452, 3.12205, 3.27106, 3.4485, 3.66507, 3.93831, 4.29994, 4.81674, 5.67891, 7.41201, 8.40304, 3.92752, 0.452762, 0.0106526, 4.44214e-05, 1.97908e-08, 3.2929e-12, 9.76848e-17, 5.16665e-22, 4.87217e-28, 8.19154e-35, 2.45548e-42, 1.3123e-50, 1.25041e-59, 2.12421e-69, 6.43369e-80, 3.47409e-91, 3.34456e-103, 5.74053e-116, 1.75661e-129, 9.58322e-144, 9.32084e-159, 1.61624e-174, 4.99643e-191, 2.7537e-208, 2.70567e-226, 4.73949e-245, 1.48008e-264, 8.2401e-285, 8.17849e-306, 0, 0, 0, 0
21.4877
46.23
 
MEASUREMENT 18
1.4716, 4.41481, 7.36319, 10.3064, 13.2548, 16.2031, 19.1774, 22.1309, 25.0793, 28.0277, 30.9502, 33.8934, 36.8314, 39.7747
1.92404, 1.9648, 2.06165, 2.24069, 2.52488, 2.82685, 3.88941, 1.67544, 0.00374128, -0.00217719, -0.00152341, -0.0018925, -0.00447766, -0.00394493
0.00210827, 0.00200825, 0.00263278, 0.003309, 0.00342342, 0.00337702, 0.00380428, 0.00161768, 0.000411667, 0.000422416, 0.000368404, 0.000397576, 0.000489009, 0.000420057
0, 0.589232, 1.17846, 1.7677, 2.35693, 2.94616, 3.53539, 4.12463, 4.71386, 5.30309, 5.89232, 6.48156, 7.07079, 7.66002, 8.24925, 8.83848, 9.42772, 10.0169, 10.6062, 11.1954, 11.7846, 12.3739, 12.9631, 13.5523, 14.1416, 14.7308, 15.32, 15.9093, 16.4985, 17.0877, 17.677, 18.2662, 18.8554, 19.4447, 20.0339, 20.6231, 21.2124, 21.8016, 22.3908, 22.9801, 23.5693, 24.1585, 24.7478, 25.337, 25.9262, 26.5155, 27.1047, 27.6939, 28.2831, 28.8724, 29.4616, 30.0508, 30.6401, 31.2293, 31.8185, 32.4078, 32.997, 33.5862, 34.1755, 34.7647, 35.3539, 35.9432, 36.5324, 37.1216, 37.7109, 38.3001, 38.8893, 39.4786, 40.0678, 40.657
1.83168, 1.84801, 1.86499, 1.88266, 1.90109, 1.92031, 1.94039, 1.9614, 1.98341, 2.0065, 2.03076, 2.0563, 2.08324, 2.1117, 2.14183, 2.17383, 2.20787, 2.24421, 2.28311, 2.3249, 2.36996, 2.41877, 2.47188, 2.53, 2.59401, 2.66501, 2.74445, 2.83425, 2.93703, 3.0565, 3.19814, 3.37053, 3.58826, 3.87945, 4.30899, 4.90576, 4.42056, 1.67538, 0.164992, 0.0034266, 1.19381e-05, 3.17119e-09, 5.04584e-13, 1.42114e-17, 7.08493e-23, 6.25211e-29, 9.76584e-36, 2.70013e-43, 1.32145e-51, 1.14474e-60, 1.7553e-70, 4.76414e-81, 2.28879e-92, 1.94632e-104, 2.92959e-117, 7.8052e-131, 3.68082e-145, 3.07247e-160, 4.53954e-176, 1.18718e-192, 5.49539e-210, 4.50255e-228, 6.52973e-247, 1.67613e-266, 7.61537e-287, 6.12418e-308, 0, 0, 0, 0
1.83168, 1.85097, 1.8711, 1.89212, 1.9141, 1.93712, 1.96126, 1.9866, 2.01327, 2.04136, 2.07102, 2.10238, 2.13563, 2.17095, 2.20856, 2.24873, 2.29176, 2.338, 2.38787, 2.44187, 2.50061, 2.56483, 2.63545, 2.7136, 2.80073, 2.89875, 3.01016, 3.13836, 3.28815, 3.46652, 3.68422, 3.95888, 4.32237, 4.84177, 5.70796, 7.45151, 8.45518, 3.94267, 0.450625, 0.0104382, 4.23507e-05, 1.8433e-08, 2.95475e-12, 8.38383e-17, 4.21075e-22, 3.74342e-28, 5.89073e-35, 1.64081e-42, 8.08977e-51, 7.05991e-60, 1.09055e-69, 2.98176e-80, 1.44305e-91, 1.23613e-103, 1.87425e-116, 5.02992e-130, 2.38928e-144, 2.00883e-159, 2.98942e-175, 7.87402e-192, 3.67088e-209, 3.02904e-227, 4.42384e-246, 1.14354e-265, 5.23191e-286, 4.23665e-307, 0, 0, 0, 0
21.4874
46.23
 
MEASUREMENT 19
1.4716, 4.41481, 7.36319, 10.3064, 13.2548, 16.2031, 19.1774, 22.1309, 25.0793, 28.0277, 30.9502, 33.8934, 36.8314, 39.7747
1.94339, 1.98558, 2.08298, 2.26136, 2.55062, 2.85592, 3.92974, 1.69342, 0.00370205, -0.00227103, -0.00159394, -0.00205093, -0.00458732, -0.00405287
0.00210827, 0.00200825, 0.00263278, 0.003309, 0.00342342, 0.00337702, 0.00380428, 0.00161768, 0.000411667, 0.000422416, 0.000368404, 0.000397576, 0.000489009, 0.000420057
0, 0.589232, 1.17846, 1.7677, 2.35693, 2.94616, 3.53539, 4.12463, 4.71386, 5.30309, 5.89232, 6.48156, 7.07079, 7.66002, 8.24925, 8.83848, 9.42772, 10.0169, 10.6062, 11.1954, 11.7846, 12.3739, 12.9631, 13.5523, 14.1416, 14.7308, 15.32, 15.9093, 16.4985, 17.0877, 17.677, 18.2662, 18.8554, 19.4447, 20.0339, 20.6231, 21.2124, 21.8016, 22.3908, 22.9801, 23.5693, 24.1585, 24.7478, 25.337, 25.9262, 26.5155, 27.1047, 27.6939, 28.2831, 28.8724, 29.4616, 30.0508, 30.6401, 31.2293, 31.8185, 32.4078, 32.997, 33.5862, 34.1755, 34.7647, 35.3539, 35.9432, 36.5324, 37.1216, 37.7109, 38.3001, 38.8893, 39.4786, 40.0678, 40.657
1.84988, 1.86638, 1.88354, 1.9014, 1.92002, 1.93945, 1.95974, 1.98098, 2.00322, 2.02655, 2.05108, 2.07689, 2.10411, 2.13287, 2.16334, 2.19567, 2.23009, 2.26682, 2.30614, 2.34838, 2.39394, 2.44328, 2.49698, 2.55574, 2.62045, 2.69224, 2.77257, 2.86338, 2.96733, 3.08816, 3.23143, 3.40583, 3.62612, 3.92079, 4.35563, 4.96185, 4.47172, 1.68516, 0.16343, 0.00330702, 1.09367e-05, 2.82701e-09, 4.24088e-13, 1.11388e-17, 5.12244e-23, 4.12446e-29, 5.81449e-36, 1.43518e-43, 6.20233e-52, 4.69303e-61, 6.2173e-71, 1.44211e-81, 5.85657e-93, 4.16424e-105, 5.1841e-118, 1.12994e-131, 4.31205e-146, 2.88106e-161, 3.37026e-177, 6.90263e-194, 2.47517e-211, 1.55393e-229, 1.70804e-248, 3.28697e-268, 1.10746e-288, 6.53272e-310, 0, 0, 0, 0
1.84988, 1.86936, 1.88969, 1.91092, 1.93312, 1.95637, 1.98075, 2.00635, 2.03328, 2.06166, 2.09161, 2.12329, 2.15687, 2.19254, 2.23053, 2.27111, 2.31457, 2.36127, 2.41164, 2.46619, 2.52553, 2.5904, 2.66172, 2.74066, 2.82868, 2.92769, 3.04023, 3.16974, 3.32105, 3.50124, 3.72117, 3.99865, 4.36588, 4.89061, 5.76549, 7.52996, 8.54922, 3.96529, 0.446359, 0.0100741, 3.9055e-05, 1.63968e-08, 2.47811e-12, 6.55754e-17, 3.03819e-22, 2.46458e-28, 3.50045e-35, 8.70468e-43, 3.78992e-51, 2.88904e-60, 3.85586e-70, 9.01012e-81, 3.68621e-92, 2.64038e-104, 3.31124e-117, 7.27021e-131, 2.79471e-145, 1.88085e-160, 2.21616e-176, 4.57166e-193, 1.65109e-210, 1.04397e-228, 1.15565e-247, 2.23965e-267, 7.59892e-288, 4.51374e-309, 0, 0, 0, 0
21.4861
46.23
 
MEASUREMENT 20
1.4716, 4.41481, 7.36319, 10.3064, 13.2548, 16.2031, 19.1774, 22.1309, 25.0793, 28.0277, 30.9502, 33.8934, 36.8314, 39.7747
1.92352, 1.96503, 2.06216, 2.23915, 2.52571, 2.8275, 3.8907, 1.67586, 0.00371702, -0.00180545, -0.00167989, -0.00175331, -0.00454013, -0.00412713
0.00210827, 0.00200825, 0.00263278, 0.003309, 0.00342342, 0.00337702, 0.00380428, 0.00161768, 0.000411667, 0.000422416, 0.000368404, 0.000397576, 0.000489009, 0.000420057
0, 0.589232, 1.17846, 1.7677, 2.35693, 2.94616, 3.53539, 4.12463, 4.71386, 5.30309, 5.89232, 6.48156, 7.07079, 7.66002, 8.24925, 8.83848, 9.42772, 10.0169, 10.6062, 11.1954, 11.7846, 12.3739, 12.9631, 13.5523, 14.1416, 14.7308, 15.32, 15.9093, 16.4985, 17.0877, 17.677, 18.2662, 18.8554, 19.4447, 20.0339, 20.6231, 21.2124, 21.8016, 22.3908, 22.9801, 23.5693, 24.1585, 24.7478, 25.337, 25.9262, 26.5155, 27.1047, 27.6939, 28.2831, 28.8724, 29.4616, 30.0508, 30.6401, 31.2293, 31.8185, 32.4078, 32.997, 33.5862, 34.1755, 34.7647, 35.3539, 35.9432, 36.5324, 37.1216, 37.7109, 38.3001, 38.8893, 39.4786, 40.0678, 40.657
1.83117, 1.84751, 1.86449, 1.88218, 1.90062, 1.91985, 1.93995, 1.96097, 1.98299, 2.0061, 2.03038, 2.05593, 2.08289, 2.11137, 2.14153, 2.17355, 2.20763, 2.24399, 2.28293, 2.32476, 2.36987, 2.41873, 2.4719, 2.53009, 2.59418, 2.66527, 2.74483, 2.83476, 2.93771, 3.05739, 3.19929, 3.37205, 3.59029, 3.88228, 4.31327, 4.91277, 4.42347, 1.66814, 0.162572, 0.00332286, 1.12236e-05, 2.93986e-09, 4.52868e-13, 1.22828e-17, 5.86539e-23, 4.93146e-29, 7.30013e-36, 1.90266e-43, 8.73105e-52, 7.05417e-61, 1.00346e-70, 2.51318e-81, 1.10821e-92, 8.60376e-105, 1.17605e-117, 2.83029e-131, 1.19923e-145, 8.94627e-161, 1.17502e-176, 2.71715e-193, 1.10623e-210, 7.9293e-229, 1.00066e-247, 2.22329e-267, 8.6969e-288, 5.98947e-309, 0, 0, 0, 0
1.83117, 1.85046, 1.87058, 1.8916, 1.91357, 1.93659, 1.96072, 1.98607, 2.01273, 2.04082, 2.07047, 2.10183, 2.13507, 2.17038, 2.20799, 2.24816, 2.29118, 2.33741, 2.38728, 2.44128, 2.50002, 2.56424, 2.63485, 2.713, 2.80014, 2.89817, 3.00958, 3.1378, 3.28761, 3.46602, 3.68378, 3.95855, 4.32223, 4.842, 5.70912, 7.45602, 8.45408, 3.92188, 0.443505, 0.010109, 3.99235e-05, 1.7037e-08, 2.644e-12, 7.22455e-17, 3.47567e-22, 2.94404e-28, 4.3906e-35, 1.15286e-42, 5.32968e-51, 4.33806e-60, 6.21666e-70, 1.5685e-80, 6.96746e-92, 5.44913e-104, 7.50307e-117, 1.8189e-130, 7.76306e-145, 5.83326e-160, 7.71688e-176, 1.7973e-192, 7.36967e-210, 5.32011e-228, 6.7614e-247, 1.51284e-266, 5.95925e-287, 4.13263e-308, 0, 0, 0, 0
21.4855
46.23
 
MEASUREMENT 21
1.4716, 4.41481, 7.36319, 10.3064, 13.2548, 16.2031, 19.1774, 22.1309, 25.0793, 28.0277, 30.9502, 33.8934, 36.8314, 39.7747
1.91771, 1.95922, 2.05639, 2.23182, 2.51792, 2.81911, 3.87817, 1.6714, 0.00376498, -0.00238154, -0.0014364, -0.00206827, -0.00464084, -0.00391982
0.00210827, 0.00200825, 0.00263278, 0.003309, 0.00342342, 0.00337702, 0.00380428, 0.00161768, 0.000411667, 0.000422416, 0.000368404, 0.000397576, 0.000489009, 0.000420057
0, 0.589232, 1.17846, 1.7677, 2.35693, 2.94616, 3.53539, 4.12463, 4.71386, 5.30309, 5.89232, 6.48156, 7.07079, 7.66002, 8.24925, 8.83848, 9.42772, 10.0169, 10.6062, 11.1954, 11.7846, 12.3739, 12.9631, 13.5523, 14.1416, 14.7308, 15.32, 15.9093, 16.4985, 17.0877, 17.677, 18.2662, 18.8554, 19.4447, 20.0339, 20.6231, 21.2124, 21.8016, 22.3908, 22.9801, 23.5693, 24.1585, 24.7478, 25.337, 25.9262, 26.5155, 27.1047, 27.6939, 28.2831, 28.8724, 29.4616, 30.0508, 30.6401, 31.2293, 31.8185, 32.4078, 32.997, 33.5862, 34.1755, 34.7647, 35.3539, 35.9432, 36.5324, 37.1216, 37.7109, 38.3001, 38.8893, 39.4786, 40.0678, 40.657
1.82663, 1.8429, 1.85983, 1.87745, 1.89582, 1.91498, 1.935, 1.95595, 1.97789, 2.00091, 2.02509, 2.05055, 2.0774, 2.10577, 2.13581, 2.1677, 2.20164, 2.23786, 2.27664, 2.31829, 2.36321, 2.41185, 2.46479, 2.52272, 2.58651, 2.65727, 2.73643, 2.82592, 2.92834, 3.04737, 3.18849, 3.36022, 3.57708, 3.86702, 4.29454, 4.8897, 4.41242, 1.67552, 0.165087, 0.00342237, 1.18657e-05, 3.13304e-09, 4.93651e-13, 1.37295e-17, 6.74017e-23, 5.84071e-29, 8.93386e-36, 2.41208e-43, 1.14953e-51, 9.67002e-61, 1.43585e-70, 3.76328e-81, 1.741e-92, 1.42168e-104, 2.04917e-117, 5.21346e-131, 2.34123e-145, 1.8558e-160, 2.59648e-176, 6.41217e-193, 2.79506e-210, 2.1505e-228, 2.92047e-247, 7.00046e-267, 2.96183e-287, 2.21183e-308, 0, 0, 0, 0
1.82663, 1.84586, 1.86593, 1.88689, 1.90881, 1.93176, 1.95583, 1.98111, 2.00769, 2.03571, 2.06528, 2.09655, 2.1297, 2.16492, 2.20242, 2.24247, 2.28538, 2.33148, 2.3812, 2.43505, 2.49362, 2.55765, 2.62805, 2.70596, 2.79284, 2.89056, 3.00162, 3.12943, 3.27874, 3.45654, 3.67351, 3.94724, 4.30943, 4.8268, 5.68897, 7.42556, 8.43958, 3.94471, 0.451211, 0.0104346, 4.21447e-05, 1.82283e-08, 2.89349e-12, 8.10738e-17, 4.00978e-22, 3.50058e-28, 5.39432e-35, 1.46727e-42, 7.0446e-51, 5.97001e-60, 8.93026e-70, 2.35788e-80, 1.09887e-91, 9.03926e-104, 1.31245e-116, 3.36351e-130, 1.52146e-144, 1.21475e-159, 1.71185e-175, 4.2579e-192, 1.86929e-209, 1.44846e-227, 1.98099e-246, 4.78192e-266, 2.03734e-286, 1.53203e-307, 0, 0, 0, 0
21.4889
46.23
 
MEASUREMENT 22
1.4716, 4.41481, 7.36319, 10.3064, 13.2548, 16.2031, 19.1774, 22.1309, 25.0793, 28.0277, 30.9502, 33.8934, 36.8314, 39.7747
1.92326, 1.9645, 2.06116, 2.23458, 2.52413, 2.82594, 3.88814, 1.67519, 0.00351435, -0.00240252, -0.00163685, -0.00210148, -0.00430521, -0.00413357
0.00210827, 0.00200825, 0.00263278, 0.003309, 0.00342342, 0.00337702, 0.00380428, 0.00161768, 0.000411667, 0.000422416, 0.000368404, 0.000397576, 0.000489009, 0.000420057
0, 0.589232, 1.17846, 1.7677, 2.35693, 2.94616, 3.53539, 4.12463, 4.71386, 5.30309, 5.89232, 6.48156, 7.07079, 7.66002, 8.24925, 8.83848, 9.42772, 10.0169, 10.6062, 11.1954, 11.7846, 12.3739, 12.9631, 13.5523, 14.1416, 14.7308, 15.32, 15.9093, 16.4985, 17.0877, 17.677, 18.2662, 18.8554, 19.4447, 20.0339, 20.6231, 21.2124, 21.8016, 22.3908, 22.9801, 23.5693, 24.1585, 24.7478, 25.337, 25.9262, 26.5155, 27.1047, 27.6939, 28.2831, 28.8724, 29.4616, 30.0508, 30.6401, 31.2293, 31.8185, 32.4078, 32.997, 33.5862, 34.1755, 34.7647, 35.3539, 35.9432, 36.5324, 37.1216, 37.7109, 38.3001, 38.8893, 39.4786, 40.0678, 40.657
1.83025, 1.84657, 1.86355, 1.88122, 1.89964, 1.91886, 1.93894, 1.95995, 1.98195, 2.00504, 2.0293, 2.05484, 2.08177, 2.11022, 2.14036, 2.17235, 2.2064, 2.24274, 2.28164, 2.32343, 2.3685, 2.41731, 2.47043, 2.52857, 2.59259, 2.66361, 2.74308, 2.83291, 2.93574, 3.05528, 3.19701, 3.36953, 3.58745, 3.87893, 4.30906, 4.90864, 4.42398, 1.66782, 0.161887, 0.00328019, 1.0877e-05, 2.81493e-09, 4.23459e-13, 1.11588e-17, 5.15092e-23, 4.16497e-29, 5.8993e-36, 1.46368e-43, 6.36141e-52, 4.84303e-61, 6.45858e-71, 1.50874e-81, 6.17371e-93, 4.42519e-105, 5.55611e-118, 1.22197e-131, 4.70765e-146, 3.17684e-161, 3.75523e-177, 7.77543e-194, 2.82006e-211, 1.79158e-229, 1.9937e-248, 3.88619e-268, 1.32687e-288, 7.9355e-310, 0, 0, 0, 0
1.83025, 1.84953, 1.86964, 1.89064, 1.91261, 1.93561, 1.95973, 1.98506, 2.01171, 2.03978, 2.06941, 2.10076, 2.13398, 2.16927, 2.20686, 2.247, 2.29, 2.33621, 2.38605, 2.44001, 2.49872, 2.5629, 2.63347, 2.71157, 2.79865, 2.89661, 3.00795, 3.13608, 3.28578, 3.46406, 3.68164, 3.95617, 4.31948, 4.8386, 5.70413, 7.44959, 8.45829, 3.92466, 0.442167, 0.00999295, 3.88303e-05, 1.63298e-08, 2.4749e-12, 6.5705e-17, 3.05564e-22, 2.48924e-28, 3.55214e-35, 8.87911e-43, 3.8878e-51, 2.9819e-60, 4.00619e-70, 9.428e-81, 3.88647e-92, 2.80631e-104, 3.54943e-117, 7.86364e-131, 3.0516e-145, 2.07428e-160, 2.4697e-176, 5.15053e-193, 1.88144e-210, 1.20382e-228, 1.34913e-247, 2.64835e-267, 9.1058e-288, 5.48381e-309, 0, 0, 0, 0
21.4862
46.23
 
MEASUREMENT 23
1.4716, 4.41481, 7.36319, 10.3064, 13.2548, 16.2031, 19.1774, 22.1309, 25.0793, 28.0277, 30.9502, 33.8934, 36.8314, 39.7747
1.93452, 1.97669, 2.07448, 2.25163, 2.53979, 2.84331, 3.91195, 1.68578, 0.00393261, -0.00227828, -0.00159178, -0.00184061, -0.00458075, -0.00388602
0.00210827, 0.00200825, 0.00263278, 0.003309, 0.00342342, 0.00337702, 0.00380428, 0.00161768, 0.000411667, 0.000422416, 0.000368404, 0.000397576, 0.000489009, 0.000420057
0, 0.589232, 1.17846, 1.7677, 2.35693, 2.94616, 3.53539, 4.12463, 4.71386, 5.30309, 5.89232, 6.48156, 7.07079, 7.66002, 8.24925, 8.83848, 9.42772, 10.0169, 10.6062, 11.1954, 11.7846, 12.3739, 12.9631, 13.5523, 14.1416, 14.7308, 15.32, 15.9093, 16.4985, 17.0877, 17.677, 18.2662, 18.8554, 19.4447, 20.0339, 20.6231, 21.2124, 21.8016, 22.3908, 22.9801, 23.5693, 24.1585, 24.7478, 25.337, 25.9262, 26.5155, 27.1047, 27.6939, 28.2831, 28.8724, 29.4616, 30.0508, 30.6401, 31.2293, 31.8185, 32.4078, 32.997, 33.5862, 34.1755, 34.7647, 35.3539, 35.9432, 36.5324, 37.1216, 37.7109, 38.3001, 38.8893, 39.4786, 40.0678, 40.657
1.84208, 1.8585, 1.87558, 1.89336, 1.91189, 1.93123, 1.95143, 1.97257, 1.99471, 2.01793, 2.04234, 2.06803, 2.09513, 2.12376, 2.15408, 2.18626, 2.22051, 2.25707, 2.2962, 2.33824, 2.38358, 2.43268, 2.48612, 2.5446, 2.609, 2.68043, 2.76036, 2.85072, 2.95414, 3.07437, 3.2169, 3.39039, 3.60953, 3.90264, 4.33509, 4.93587, 4.44666, 1.68411, 0.165696, 0.00343769, 1.19556e-05, 3.17547e-09, 5.047e-13, 1.4199e-17, 7.07104e-23, 6.23314e-29, 9.72589e-36, 2.68627e-43, 1.31331e-51, 1.13653e-60, 1.74097e-70, 4.72057e-81, 2.26565e-92, 1.92479e-104, 2.89444e-117, 7.70437e-131, 3.62994e-145, 3.02727e-160, 4.46878e-176, 1.16765e-192, 5.40035e-210, 4.42094e-228, 6.40605e-247, 1.64303e-266, 7.45903e-287, 5.99372e-308, 0, 0, 0, 0
1.84208, 1.86148, 1.88171, 1.90285, 1.92496, 1.94811, 1.97239, 1.99788, 2.02469, 2.05295, 2.08277, 2.11432, 2.14775, 2.18327, 2.2211, 2.2615, 2.30477, 2.35128, 2.40143, 2.45574, 2.51482, 2.57941, 2.65043, 2.72903, 2.81667, 2.91525, 3.0273, 3.15624, 3.3069, 3.4863, 3.70526, 3.98153, 4.34716, 4.86965, 5.74113, 7.49526, 8.50194, 3.96115, 0.452267, 0.0104647, 4.23934e-05, 1.84397e-08, 2.95252e-12, 8.36825e-17, 4.19834e-22, 3.72837e-28, 5.86082e-35, 1.63077e-42, 8.03196e-51, 7.00231e-60, 1.08057e-69, 2.95154e-80, 1.42703e-91, 1.22124e-103, 1.8499e-116, 4.95996e-130, 2.35389e-144, 1.97728e-159, 2.93985e-175, 7.73668e-192, 3.60374e-209, 2.97112e-227, 4.33564e-246, 1.11983e-265, 5.11928e-286, 4.14217e-307, 0, 0, 0, 0
21.487
46.23
 
MEASUREMENT 24
1.4716, 4.41481, 7.36319, 10.3064, 13.2548, 16.2031, 19.1774, 22.1309, 25.0793, 28.0277, 30.9502, 33.8934, 36.8314, 39.7747
1.95594, 1.9982, 2.09697, 2.27913, 2.56768, 2.8746, 3.9551, 1.70427, 0.00364894, -0.00203046, -0.00150106, -0.00212749, -0.00454499, -0.00420589
0.00210827, 0.00200825, 0.00263278, 0.003309, 0.00342342, 0.00337702, 0.00380428, 0.00161768, 0.000411667, 0.000422416, 0.000368404, 0.000397576, 0.000489009, 0.000420057
0, 0.589232, 1.17846, 1.7677, 2.35693, 2.94616, 3.53539, 4.12463, 4.71386, 5.30309, 5.89232, 6.48156, 7.07079, 7.66002, 8.24925, 8.83848, 9.42772, 10.0169, 10.6062, 11.1954, 11.7846, 12.3739, 12.9631, 13.5523, 14.1416, 14.7308, 15.32, 15.9093, 16.4985, 17.0877, 17.677, 18.2662, 18.8554, 19.4447, 20.0339, 20.6231, 21.2124, 21.8016, 22.3908, 22.9801, 23.5693, 24.1585, 24.7478, 25.337, 25.9262, 26.5155, 27.1047, 27.6939, 28.2831, 28.8724, 29.4616, 30.0508, 30.6401, 31.2293, 31.8185, 32.4078, 32.997, 33.5862, 34.1755, 34.7647, 35.3539, 35.9432, 36.5324, 37.1216, 37.7109, 38.3001, 38.8893, 39.4786, 40.0678, 40.657
1.86271, 1.87931, 1.89658, 1.91455, 1.93329, 1.95284, 1.97326, 1.99463, 2.01701, 2.04049, 2.06517, 2.09114, 2.11853, 2.14747, 2.17812, 2.21066, 2.24528, 2.28223, 2.3218, 2.36429, 2.41012, 2.45976, 2.51378, 2.57289, 2.63798, 2.71019, 2.79098, 2.88231, 2.98684, 3.10835, 3.2524, 3.42775, 3.64922, 3.94545, 4.38246, 4.98768, 4.49116, 1.70749, 0.169974, 0.00360013, 1.30416e-05, 3.54845e-09, 5.92079e-13, 1.76511e-17, 9.40193e-23, 8.94771e-29, 1.52145e-35, 4.62223e-43, 2.50897e-51, 2.43325e-60, 4.21624e-70, 1.3053e-80, 7.22006e-92, 7.13536e-104, 1.2599e-116, 3.97462e-130, 2.24026e-144, 2.25601e-159, 4.05904e-175, 1.3048e-191, 7.49377e-209, 7.6894e-227, 1.40968e-245, 4.61721e-265, 2.70191e-285, 2.82484e-306, 0, 0, 0, 0
1.86271, 1.88232, 1.90279, 1.92417, 1.94652, 1.96993, 1.99447, 2.02025, 2.04737, 2.07594, 2.10609, 2.13799, 2.1718, 2.20772, 2.24597, 2.28682, 2.33057, 2.37759, 2.42831, 2.48323, 2.54297, 2.60828, 2.68009, 2.75956, 2.84818, 2.94786, 3.06115, 3.19153, 3.34386, 3.52526, 3.74667, 4.02602, 4.39574, 4.92416, 5.80589, 7.57755, 8.58673, 4.01404, 0.463599, 0.0109499, 4.59831e-05, 2.06191e-08, 3.46584e-12, 1.04088e-16, 5.5853e-22, 5.35479e-28, 9.1725e-35, 2.80724e-42, 1.53503e-50, 1.49968e-59, 2.61771e-69, 8.16366e-80, 4.54868e-91, 4.52816e-103, 8.05363e-116, 2.55914e-129, 1.45287e-143, 1.47362e-158, 2.67038e-174, 8.64535e-191, 5.00052e-208, 5.16735e-226, 9.53979e-245, 3.14649e-264, 1.85408e-284, 1.95183e-305, 0, 0, 0, 0
21.4875
46.23
 
MEASUREMENT 25
1.4716, 4.41481, 7.36319, 10.3064, 13.2548, 16.2031, 19.1774, 22.1309, 25.0793, 28.0277, 30.9502, 33.8934, 36.8314, 39.7747
1.94929, 1.9908, 2.0889, 2.26789, 2.55811, 2.86402, 3.94048, 1.69727, 0.00369633, -0.00233572, -0.00137719, -0.00181302, -0.00476478, -0.00393677
0.00210827, 0.00200825, 0.00263278, 0.003309, 0.00342342, 0.00337702, 0.00380428, 0.00161768, 0.000411667, 0.000422416, 0.000368404, 0.000397576, 0.000489009, 0.000420057
0, 0.589232, 1.17846, 1.7677, 2.35693, 2.94616, 3.53539, 4.12463, 4.71386, 5.30309, 5.89232, 6.48156, 7.07079, 7.66002, 8.24925, 8.83848, 9.42772, 10.0169, 10.6062, 11.1954, 11.7846, 12.3739, 12.9631, 13.5523, 14.1416, 14.7308, 15.32, 15.9093, 16.4985, 17.0877, 17.677, 18.2662, 18.8554, 19.4447, 20.0339, 20.6231, 21.2124, 21.8016, 22.3908, 22.9801, 23.5693, 24.1585, 24.7478, 25.337, 25.9262, 26.5155, 27.1047, 27.6939, 28.2831, 28.8724, 29.4616, 30.0508, 30.6401, 31.2293, 31.8185, 32.4078, 32.997, 33.5862, 34.1755, 34.7647, 35.3539, 35.9432, 36.5324, 37.1216, 37.7109, 38.3001, 38.8893, 39.4786, 40.0678, 40.657
1.85575, 1.87229, 1.88949, 1.9074, 1.92606, 1.94553, 1.96588, 1.98716, 2.00946, 2.03285, 2.05743, 2.0833, 2.11059, 2.13942, 2.16995, 2.20236, 2.23686, 2.27367, 2.31307, 2.35541, 2.40106, 2.4505, 2.50431, 2.56319, 2.62803, 2.69996, 2.78044, 2.87141, 2.97553, 3.09655, 3.24004, 3.41467, 3.63524, 3.93021, 4.36532, 4.96978, 4.47812, 1.6972, 0.167149, 0.00347176, 1.2098e-05, 3.21395e-09, 5.1152e-13, 1.44112e-17, 7.18711e-23, 6.34485e-29, 9.91522e-36, 2.74281e-43, 1.34308e-51, 1.16418e-60, 1.78627e-70, 4.85158e-81, 2.33254e-92, 1.9851e-104, 2.9905e-117, 7.97462e-131, 3.76427e-145, 3.14525e-160, 4.65191e-176, 1.21789e-192, 5.644e-210, 4.62981e-228, 6.72259e-247, 1.72785e-266, 7.86088e-287, 6.33037e-308, 0, 0, 0, 0
1.85575, 1.87529, 1.89568, 1.91698, 1.93925, 1.96257, 1.98702, 2.0127, 2.03972, 2.06818, 2.09822, 2.13, 2.16368, 2.19947, 2.23757, 2.27827, 2.32186, 2.36871, 2.41924, 2.47395, 2.53346, 2.59853, 2.67007, 2.74924, 2.83753, 2.93684, 3.04971, 3.17959, 3.33135, 3.51206, 3.73262, 4.01089, 4.37915, 4.90538, 5.78295, 7.54939, 8.56621, 3.99452, 0.456582, 0.0105774, 4.29237e-05, 1.86854e-08, 2.99599e-12, 8.50347e-17, 4.27236e-22, 3.79974e-28, 5.98207e-35, 1.6671e-42, 8.2239e-51, 7.18128e-60, 1.11002e-69, 3.03712e-80, 1.47094e-91, 1.26103e-103, 1.91361e-116, 5.14017e-130, 2.44396e-144, 2.05684e-159, 3.06406e-175, 8.07942e-192, 3.77093e-209, 3.1153e-227, 4.55545e-246, 1.17908e-265, 5.4017e-286, 4.3802e-307, 0, 0, 0, 0
21.4874
46.23
 
MEASUREMENT 26
1.4716, 4.41481, 7.36319, 10.3064, 13.2548, 16.2031, 19.1774, 22.1309, 25.0793, 28.0277, 30.9502, 33.8934, 36.8314, 39.7747
1.9226, 1.96336, 2.06095, 2.23405, 2.521, 2.82525, 3.89013, 1.67475, 0.0037199, -0.00193363, -0.00150035, -0.00194301, -0.0044581, -0.00402278
0.00210827, 0.00200825, 0.00263278, 0.003309, 0.00342342, 0.00337702, 0.00380428, 0.00161768, 0.000411667, 0.000422416, 0.000368404, 0.000397576, 0.000489009, 0.000420057
0, 0.589232, 1.17846, 1.7677, 2.35693, 2.94616, 3.53539, 4.12463, 4.71386, 5.30309, 5.89232, 6.48156, 7.07079, 7.66002, 8.24925, 8.83848, 9.42772, 10.0169, 10.6062, 11.1954, 11.7846, 12.3739, 12.9631, 13.5523, 14.1416, 14.7308, 15.32, 15.9093, 16.4985, 17.0877, 17.677, 18.2662, 18.8554, 19.4447, 20.0339, 20.6231, 21.2124, 21.8016, 22.3908, 22.9801, 23.5693, 24.1585, 24.7478, 25.337, 25.9262, 26.5155, 27.1047, 27.6939, 28.2831, 28.8724, 29.4616, 30.0508, 30.6401, 31.2293, 31.8185, 32.4078, 32.997, 33.5862, 34.1755, 34.7647, 35.3539, 35.9432, 36.5324, 37.1216, 37.7109, 38.3001, 38.8893, 39.4786, 40.0678, 40.657
1.82919, 1.84552, 1.8625, 1.88018, 1.8986, 1.91783, 1.93791, 1.95893, 1.98094, 2.00404, 2.02831, 2.05386, 2.0808, 2.10927, 2.13942, 2.17143, 2.2055, 2.24186, 2.28079, 2.32261, 2.36771, 2.41656, 2.46973, 2.52792, 2.592, 2.66309, 2.74265, 2.8326, 2.93557, 3.05528, 3.19725, 3.37009, 3.58849, 3.88076, 4.31235, 4.91231, 4.42104, 1.66672, 0.162614, 0.0033339, 1.13367e-05, 2.98583e-09, 4.64366e-13, 1.27442e-17, 6.17201e-23, 5.27471e-29, 7.95477e-36, 2.11697e-43, 9.94162e-52, 8.23865e-61, 1.20478e-70, 3.10897e-81, 1.41572e-92, 1.1376e-104, 1.61307e-117, 4.03614e-131, 1.78209e-145, 1.38848e-160, 1.90895e-176, 4.63124e-193, 1.98264e-210, 1.49773e-228, 1.99647e-247, 4.69606e-267, 1.94914e-287, 1.42755e-308, 0, 0, 0, 0
1.82919, 1.84846, 1.86856, 1.88955, 1.91151, 1.9345, 1.95861, 1.98393, 2.01056, 2.03862, 2.06824, 2.09957, 2.13277, 2.16805, 2.20562, 2.24575, 2.28873, 2.33491, 2.38473, 2.43868, 2.49736, 2.56152, 2.63206, 2.71013, 2.79719, 2.89512, 3.00643, 3.13453, 3.28421, 3.46246, 3.68004, 3.9546, 4.31802, 4.83752, 5.70452, 7.45032, 8.44023, 3.91244, 0.442794, 0.0101218, 4.02092e-05, 1.72618e-08, 2.70457e-12, 7.47775e-17, 3.64842e-22, 3.14121e-28, 4.7725e-35, 1.27953e-42, 6.0535e-51, 5.05375e-60, 7.4451e-70, 1.93541e-80, 8.87816e-92, 7.18646e-104, 1.02647e-116, 2.58714e-130, 1.15061e-144, 9.02972e-160, 1.25041e-175, 3.05535e-192, 1.31734e-209, 1.00222e-227, 1.34541e-246, 3.18689e-266, 1.33199e-286, 9.82326e-308, 0, 0, 0, 0
21.4849
46.23
 
MEASUREMENT 27
1.4716, 4.41481, 7.36319, 10.3064, 13.2548, 16.2031, 19.1774, 22.1309, 25.0793, 28.0277, 30.9502, 33.8934, 36.8314, 39.7747
1.90724, 1.94878, 2.0453, 2.22274, 2.50688, 2.80379, 3.85478, 1.66179, 0.00358295, -0.00236483, -0.0017913, -0.00204873, -0.00459551, -0.00404466
0.00210827, 0.00200825, 0.00263278, 0.003309, 0.00342342, 0.00337702, 0.00380428, 0.00161768, 0.000411667, 0.000422416, 0.000368404, 0.000397576, 0.000489009, 0.000420057
0, 0.589232, 1.17846, 1.7677, 2.35693, 2.94616, 3.53539, 4.12463, 4.71386, 5.30309, 5.89232, 6.48156, 7.07079, 7.66002, 8.24925, 8.83848, 9.42772, 10.0169, 10.6062, 11.1954, 11.7846, 12.3739, 12.9631, 13.5523, 14.1416, 14.7308, 15.32, 15.9093, 16.4985, 17.0877, 17.677, 18.2662, 18.8554, 19.4447, 20.0339, 20.6231, 21.2124, 21.8016, 22.3908, 22.9801, 23.5693, 24.1585, 24.7478, 25.337, 25.9262, 26.5155, 27.1047, 27.6939, 28.2831, 28.8724, 29.4616, 30.0508, 30.6401, 31.2293, 31.8185, 32.4078, 32.997, 33.5862, 34.1755, 34.7647, 35.3539, 35.9432, 36.5324, 37.1216, 37.7109, 38.3001, 38.8893, 39.4786, 40.0678, 40.657
1.8167, 1.83289, 1.84973, 1.86726, 1.88552, 1.90459, 1.9245, 1.94534, 1.96716, 1.99006, 2.01412, 2.03944, 2.06615, 2.09437, 2.12425, 2.15598, 2.18974, 2.22577, 2.26434, 2.30578, 2.35046, 2.39886, 2.45152, 2.50915, 2.57261, 2.64301, 2.72177, 2.81081, 2.91271, 3.03115, 3.17157, 3.34246, 3.55827, 3.84683, 4.2724, 4.8663, 4.38919, 1.65561, 0.160455, 0.00323676, 1.06274e-05, 2.72862e-09, 4.04732e-13, 1.04809e-17, 4.73845e-23, 3.74008e-29, 5.15383e-36, 1.23989e-43, 5.20764e-52, 3.81858e-61, 4.88838e-71, 1.09252e-81, 4.26278e-93, 2.90373e-105, 3.45318e-118, 7.16932e-132, 2.59856e-146, 1.64431e-161, 1.81647e-177, 3.50319e-194, 1.17948e-211, 6.93281e-230, 7.11402e-249, 1.27441e-268, 3.98555e-289, 2.17597e-310, 0, 0, 0, 0
1.8167, 1.83583, 1.85579, 1.87664, 1.89844, 1.92127, 1.94521, 1.97035, 1.9968, 2.02466, 2.05408, 2.08519, 2.11816, 2.15319, 2.19049, 2.23034, 2.27301, 2.31887, 2.36833, 2.4219, 2.48016, 2.54385, 2.61389, 2.6914, 2.77782, 2.87504, 2.98553, 3.11268, 3.26123, 3.43813, 3.65402, 3.92639, 4.2868, 4.80165, 5.65957, 7.39087, 8.4026, 3.90345, 0.43928, 0.00988619, 3.80842e-05, 1.58762e-08, 2.37254e-12, 6.18996e-17, 2.81949e-22, 2.24212e-28, 3.1128e-35, 7.54477e-43, 3.19257e-51, 2.35849e-60, 3.04174e-70, 6.84867e-81, 2.69204e-92, 1.84734e-104, 2.2131e-117, 4.62851e-131, 1.68992e-145, 1.07714e-160, 1.19856e-176, 2.32821e-193, 7.89519e-211, 4.67387e-229, 4.83018e-248, 8.71402e-268, 2.74437e-288, 1.5088e-309, 0, 0, 0, 0
21.4872
46.23
 
MEASUREMENT 28
1.4716, 4.41481, 7.36319, 10.3064, 13.2548, 16.2031, 19.1774, 22.1309, 25.0793, 28.0277, 30.9502, 33.8934, 36.8314, 39.7747
1.91026, 1.95194, 2.04769, 2.22311, 2.50755, 2.80741, 3.86305, 1.66375, 0.00385262, -0.00215791, -0.00148375, -0.00190652, -0.00451195, -0.00412161
0.00210827, 0.00200825, 0.00263278, 0.003309, 0.00342342, 0.00337702, 0.00380428, 0.00161768, 0.000411667, 0.000422416, 0.000368404, 0.000397576, 0.000489009, 0.000420057
0, 0.589232, 1.17846, 1.7677, 2.35693, 2.94616, 3.53539, 4.12463, 4.71386, 5.30309, 5.89232, 6.48156, 7.07079, 7.66002, 8.24925, 8.83848, 9.42772, 10.0169, 10.6062, 11.1954, 11.7846, 12.3739, 12.9631, 13.5523, 14.1416, 14.7308, 15.32, 15.9093, 16.4985, 17.0877, 17.677, 18.2662, 18.8554, 19.4447, 20.0339, 20.6231, 21.2124, 21.8016, 22.3908, 22.9801, 23.5693, 24.1585, 24.7478, 25.337, 25.9262, 26.5155, 27.1047, 27.6939, 28.2831, 28.8724, 29.4616, 30.0508, 30.6401, 31.2293, 31.8185, 32.4078, 32.997, 33.5862, 34.1755, 34.7647, 35.3539, 35.9432, 36.5324, 37.1216, 37.7109, 38.3001, 38.8893, 39.4786, 40.0678, 40.657
1.81874, 1.83496, 1.85182, 1.86938, 1.88768, 1.90678, 1.92673, 1.94759, 1.96945, 1.99239, 2.01649, 2.04186, 2.06861, 2.09689, 2.12683, 2.15861, 2.19243, 2.22853, 2.26717, 2.30869, 2.35346, 2.40194, 2.45471, 2.51246, 2.57605, 2.6466, 2.72553, 2.81477, 2.9169, 3.03563, 3.17639, 3.34773, 3.56415, 3.85362, 4.28072, 4.87548, 4.3932, 1.65786, 0.161426, 0.00328909, 1.10311e-05, 2.87188e-09, 4.37711e-13, 1.17153e-17, 5.50634e-23, 4.54483e-29, 6.58743e-36, 1.67671e-43, 7.49447e-52, 5.88255e-61, 8.10832e-71, 1.96262e-81, 8.34217e-93, 6.22673e-105, 8.16165e-118, 1.87859e-131, 7.59311e-146, 5.3894e-161, 6.71729e-177, 1.47021e-193, 5.65058e-211, 3.8136e-229, 4.51966e-248, 9.40591e-268, 3.43733e-288, 2.20579e-309, 0, 0, 0, 0
1.81874, 1.8379, 1.85788, 1.87875, 1.90058, 1.92344, 1.94741, 1.97258, 1.99906, 2.02695, 2.0564, 2.08755, 2.12056, 2.15563, 2.19298, 2.23287, 2.2756, 2.32151, 2.37104, 2.42467, 2.483, 2.54678, 2.6169, 2.69451, 2.78104, 2.87838, 2.98902, 3.11634, 3.2651, 3.44225, 3.65846, 3.93126, 4.29228, 4.80815, 5.66834, 7.40225, 8.40246, 3.90242, 0.441041, 0.0100231, 3.93368e-05, 1.66748e-08, 2.56042e-12, 6.90411e-17, 3.26927e-22, 2.71855e-28, 3.96979e-35, 1.01798e-42, 4.58401e-51, 3.62486e-60, 5.03351e-70, 1.22739e-80, 5.25565e-92, 3.95183e-104, 5.21791e-117, 1.20982e-130, 4.92567e-145, 3.52154e-160, 4.42097e-176, 9.74583e-193, 3.77255e-210, 2.56427e-228, 3.06058e-247, 6.41433e-267, 2.36051e-287, 1.52533e-308, 0, 0, 0, 0
21.4864
46.23
 
MEASUREMENT 29
1.4716, 4.41481, 7.36319, 10.3064, 13.2548, 16.2031, 19.1774, 22.1309, 25.0793, 28.0277, 30.9502, 33.8934, 36.8314, 39.7747
1.92412, 1.96596, 2.06323, 2.23996, 2.5263, 2.82904, 3.89174, 1.67741, 0.00345377, -0.00236303, -0.00139831, -0.00219794, -0.00461103, -0.00414386
0.00210827, 0.00200825, 0.00263278, 0.003309, 0.00342342, 0.00337702, 0.00380428, 0.00161768, 0.000411667, 0.000422416, 0.000368404, 0.000397576, 0.000489009, 0.000420057
0, 0.589232, 1.17846, 1.7677, 2.35693, 2.94616, 3.53539, 4.12463, 4.71386, 5.30309, 5.89232, 6.48156, 7.07079, 7.66002, 8.24925, 8.83848, 9.42772, 10.0169, 10.6062, 11.1954, 11.7846, 12.3739, 12.9631, 13.5523, 14.1416, 14.7308, 15.32, 15.9093, 16.4985, 17.0877, 17.677, 18.2662, 18.8554, 19.4447, 20.0339, 20.6231, 21.2124, 21.8016, 22.3908, 22.9801, 23.5693, 24.1585, 24.7478, 25.337, 25.9262, 26.5155, 27.1047, 27.6939, 28.2831, 28.8724, 29.4616, 30.0508, 30.6401, 31.2293, 31.8185, 32.4078, 32.997, 33.5862, 34.1755, 34.7647, 35.3539, 35.9432, 36.5324, 37.1216, 37.7109, 38.3001, 38.8893, 39.4786, 40.0678, 40.657
1.83229, 1.84863, 1.86562, 1.88331, 1.90175, 1.92098, 1.94108, 1.96211, 1.98413, 2.00724, 2.03152, 2.05708, 2.08404, 2.11252, 2.14269, 2.17471, 2.20878, 2.24515, 2.28409, 2.32592, 2.37102, 2.41988, 2.47304, 2.53122, 2.59529, 2.66637, 2.7459, 2.8358, 2.9387, 3.05832, 3.20013, 3.37275, 3.59077, 3.88234, 4.31251, 4.91268, 4.43074, 1.67224, 0.162432, 0.00329087, 1.09036e-05, 2.81579e-09, 4.22302e-13, 1.10829e-17, 5.08971e-23, 4.09015e-29, 5.75164e-36, 1.4153e-43, 6.09415e-52, 4.59178e-61, 6.05414e-71, 1.39677e-81, 5.63899e-93, 3.98361e-105, 4.92439e-118, 1.06519e-131, 4.03178e-146, 2.67033e-161, 3.09476e-177, 6.276e-194, 2.22706e-211, 1.38284e-229, 1.50245e-248, 2.8564e-268, 9.50223e-289, 5.53117e-310, 0, 0, 0, 0
1.83229, 1.85159, 1.87172, 1.89275, 1.91473, 1.93776, 1.96191, 1.98726, 2.01394, 2.04204, 2.07171, 2.10308, 2.13634, 2.17167, 2.2093, 2.24948, 2.29252, 2.33878, 2.38867, 2.44269, 2.50146, 2.5657, 2.63634, 2.71451, 2.80169, 2.89974, 3.01119, 3.13943, 3.28927, 3.4677, 3.68547, 3.96021, 4.32378, 4.84318, 5.70887, 7.4551, 8.47123, 3.93587, 0.443805, 0.0100297, 3.894e-05, 1.63431e-08, 2.4694e-12, 6.52921e-17, 3.02091e-22, 2.44581e-28, 3.46508e-35, 8.59027e-43, 3.7265e-51, 2.82876e-60, 3.7574e-70, 8.73323e-81, 3.55186e-92, 2.52772e-104, 3.14768e-117, 6.85867e-131, 2.61502e-145, 1.74459e-160, 2.03654e-176, 4.15979e-193, 1.48671e-210, 9.29734e-229, 1.01733e-247, 1.94778e-267, 6.52506e-288, 3.8247e-309, 0, 0, 0, 0
21.487
46.23
 
MEASUREMENT 30
1.4716, 4.41481, 7.36319, 10.3064, 13.2548, 16.2031, 19.1774, 22.1309, 25.0793, 28.0277, 30.9502, 33.8934, 36.8314, 39.7747
1.90939, 1.94959, 2.04608, 2.22113, 2.50548, 2.80515, 3.85974, 1.66266, 0.00384061, -0.00218834, -0.00169986, -0.00193065, -0.00452452, -0.00395209
0.00210827, 0.00200825, 0.00263278, 0.003309, 0.00342342, 0.00337702, 0.00380428, 0.00161768, 0.000411667, 0.000422416, 0.000368404, 0.000397576, 0.000489009, 0.000420057
0, 0.589232, 1.17846, 1.7677, 2.35693, 2.94616, 3.53539, 4.12463, 4.71386, 5.30309, 5.89232, 6.48156, 7.07079, 7.66002, 8.24925, 8.83848, 9.42772, 10.0169, 10.6062, 11.1954, 11.7846, 12.3739, 12.9631, 13.5523, 14.1416, 14.7308, 15.32, 15.9093, 16.4985, 17.0877, 17.677, 18.2662, 18.8554, 19.4447, 20.0339, 20.6231, 21.2124, 21.8016, 22.3908, 22.9801, 23.5693, 24.1585, 24.7478, 25.337, 25.9262, 26.5155, 27.1047, 27.6939, 28.2831, 28.8724, 29.4616, 30.0508, 30.6401, 31.2293, 31.8185, 32.4078, 32.997, 33.5862, 34.1755, 34.7647, 35.3539, 35.9432, 36.5324, 37.1216, 37.7109, 38.3001, 38.8893, 39.4786, 40.0678, 40.657
1.81789, 1.83408, 1.85093, 1.86846, 1.88674, 1.90581, 1.92573, 1.94658, 1.96841, 1.99131, 2.01538, 2.04072, 2.06743, 2.09566, 2.12556, 2.15729, 2.19107, 2.22711, 2.26569, 2.30714, 2.35184, 2.40024, 2.45292, 2.51056, 2.57404, 2.64444, 2.72322, 2.81226, 2.91417, 3.03261, 3.17302, 3.34389, 3.55965, 3.8481, 4.27339, 4.86644, 4.39234, 1.66383, 0.162731, 0.00332988, 1.12471e-05, 2.92569e-09, 4.47069e-13, 1.19878e-17, 5.64053e-23, 4.65713e-29, 6.74733e-36, 1.71538e-43, 7.6525e-52, 5.99046e-61, 8.22866e-71, 1.9834e-81, 8.38885e-93, 6.22593e-105, 8.10803e-118, 1.85282e-131, 7.42949e-146, 5.22745e-161, 6.45394e-177, 1.39818e-193, 5.315e-211, 3.54523e-229, 4.14939e-248, 8.52164e-268, 3.07085e-288, 1.94173e-309, 0, 0, 0, 0
1.81789, 1.83703, 1.857, 1.87786, 1.89968, 1.92252, 1.94647, 1.97163, 1.99809, 2.02597, 2.0554, 2.08652, 2.11951, 2.15456, 2.19189, 2.23175, 2.27445, 2.32033, 2.36982, 2.42341, 2.4817, 2.54542, 2.61549, 2.69303, 2.7795, 2.87675, 2.98729, 3.11448, 3.26309, 3.44004, 3.65598, 3.9284, 4.28885, 4.80369, 5.66141, 7.39089, 8.40571, 3.92093, 0.445292, 0.0101657, 4.01306e-05, 1.70318e-08, 2.62205e-12, 7.08336e-17, 3.35781e-22, 2.79312e-28, 4.07697e-35, 1.04424e-42, 4.69321e-51, 3.70126e-60, 5.12197e-70, 1.24374e-80, 5.29937e-92, 3.96205e-104, 5.19774e-117, 1.19648e-130, 4.83272e-145, 3.42508e-160, 4.25933e-176, 9.29393e-193, 3.55832e-210, 2.39042e-228, 2.81765e-247, 5.82748e-267, 2.11472e-287, 1.34649e-308, 0, 0, 0, 0
21.4886
46.23
 
MEASUREMENT 31
1.4716, 4.41481, 7.36319, 10.3064, 13.2548, 16.2031, 19.1774, 22.1309, 25.0793, 28.0277, 30.9502, 33.8934, 36.8314, 39.7747
1.88484, 1.92459, 2.01998, 2.1899, 2.47075, 2.76956, 3.81326, 1.64133, 0.00335195, -0.00235583, -0.00143953, -0.0020521, -0.00390863, -0.00394506
0.00210827, 0.00200825, 0.00263278, 0.003309, 0.00342342, 0.00337702, 0.00380428, 0.00161768, 0.000411667, 0.000422416, 0.000368404, 0.000397576, 0.000489009, 0.000420057
0, 0.589232, 1.17846, 1.7677, 2.35693, 2.94616, 3.53539, 4.12463, 4.71386, 5.30309, 5.89232, 6.48156, 7.07079, 7.66002, 8.24925, 8.83848, 9.42772, 10.0169, 10.6062, 11.1954, 11.7846, 12.3739, 12.9631, 13.5523, 14.1416, 14.7308, 15.32, 15.9093, 16.4985, 17.0877, 17.677, 18.2662, 18.8554, 19.4447, 20.0339, 20.6231, 21.2124, 21.8016, 22.3908, 22.9801, 23.5693, 24.1585, 24.7478, 25.337, 25.9262, 26.5155, 27.1047, 27.6939, 28.2831, 28.8724, 29.4616, 30.0508, 30.6401, 31.2293, 31.8185, 32.4078, 32.997, 33.5862, 34.1755, 34.7647, 35.3539, 35.9432, 36.5324, 37.1216, 37.7109, 38.3001, 38.8893, 39.4786, 40.0678, 40.657
1.79344, 1.80944, 1.82608, 1.84341, 1.86146, 1.8803, 1.89999, 1.92058, 1.94215, 1.96478, 1.98856, 2.0136, 2.04, 2.0679, 2.09745, 2.12881, 2.16219, 2.19781, 2.23595, 2.27693, 2.32112, 2.36898, 2.42106, 2.47806, 2.54084, 2.61048, 2.68841, 2.77651, 2.87736, 2.99459, 3.13361, 3.30285, 3.51666, 3.80273, 4.225, 4.8112, 4.33196, 1.64002, 0.161555, 0.00336345, 1.17862e-05, 3.1508e-09, 5.06327e-13, 1.44405e-17, 7.30928e-23, 6.5661e-29, 1.04684e-35, 2.96204e-43, 1.48744e-51, 1.32564e-60, 2.09676e-70, 5.88584e-81, 2.93226e-92, 2.59257e-104, 4.06809e-117, 1.13288e-130, 5.59894e-145, 4.91087e-160, 7.64433e-176, 2.11178e-192, 1.03534e-209, 9.00826e-228, 1.39099e-246, 3.81179e-266, 1.85376e-286, 1.59992e-307, 0, 0, 0, 0
1.79344, 1.81233, 1.83203, 1.85262, 1.87414, 1.89668, 1.92032, 1.94514, 1.97125, 1.99876, 2.0278, 2.05851, 2.09106, 2.12565, 2.16248, 2.20182, 2.24395, 2.28923, 2.33806, 2.39095, 2.44847, 2.51137, 2.58052, 2.65705, 2.74239, 2.83838, 2.94749, 3.07305, 3.21976, 3.39447, 3.60772, 3.87679, 4.23293, 4.74197, 5.5914, 7.30016, 8.27202, 3.85035, 0.439995, 0.0102139, 4.16533e-05, 1.82443e-08, 2.95355e-12, 8.48606e-17, 4.32723e-22, 3.9161e-28, 6.28978e-35, 1.79289e-42, 9.07002e-51, 8.14319e-60, 1.29751e-69, 3.66909e-80, 1.84133e-91, 1.63995e-103, 2.5921e-116, 7.27099e-130, 3.61956e-144, 3.19767e-159, 5.01335e-175, 1.39487e-191, 6.88737e-209, 6.03505e-227, 9.38459e-246, 2.58974e-265, 1.26823e-285, 1.10216e-306, 0, 0, 0, 0
21.4862
46.23
 
MEASUREMENT 32
1.4716, 4.41481, 7.36319, 10.3064, 13.2548, 16.2031, 19.1774, 22.1309, 25.0793, 28.0277, 30.9502, 33.8934, 36.8314, 39.7747
1.90817, 1.94962, 2.04528, 2.22341, 2.50754, 2.80462, 3.85589, 1.6625, 0.00379283, -0.00212609, -0.00171418, -0.00192171, -0.00477039, -0.00412922
0.00210827, 0.00200825, 0.00263278, 0.003309, 0.00342342, 0.00337702, 0.00380428, 0.00161768, 0.000411667, 0.000422416, 0.000368404, 0.000397576, 0.000489009, 0.000420057
0, 0.589232, 1.17846, 1.7677, 2.35693, 2.94616, 3.53539, 4.12463, 4.71386, 5.30309, 5.89232, 6.48156, 7.07079, 7.66002, 8.24925, 8.83848, 9.42772, 10.0169, 10.6062, 11.1954, 11.7846, 12.3739, 12.9631, 13.5523, 14.1416, 14.7308, 15.32, 15.9093, 16.4985, 17.0877, 17.677, 18.2662, 18.8554, 19.4447, 20.0339, 20.6231, 21.2124, 21.8016, 22.3908, 22.9801, 23.5693, 24.1585, 24.7478, 25.337, 25.9262, 26.5155, 27.1047, 27.6939, 28.2831, 28.8724, 29.4616, 30.0508, 30.6401, 31.2293, 31.8185, 32.4078, 32.997, 33.5862, 34.1755, 34.7647, 35.3539, 35.9432, 36.5324, 37.1216, 37.7109, 38.3001, 38.8893, 39.4786, 40.0678, 40.657
1.81723, 1.83342, 1.85027, 1.8678, 1.88608, 1.90514, 1.92507, 1.9459, 1.96774, 1.99064, 2.01471, 2.04004, 2.06675, 2.09498, 2.12488, 2.15661, 2.19038, 2.22642, 2.26501, 2.30646, 2.35116, 2.39956, 2.45225, 2.50989, 2.57338, 2.6438, 2.72259, 2.81165, 2.91359, 3.03208, 3.17255, 3.34351, 3.55942, 3.84816, 4.27405, 4.86622, 4.38541, 1.66007, 0.162878, 0.0033603, 1.15523e-05, 3.04461e-09, 4.76844e-13, 1.31788e-17, 6.42736e-23, 5.53151e-29, 8.40055e-36, 2.25126e-43, 1.06462e-51, 8.88421e-61, 1.30825e-70, 3.39951e-81, 1.55879e-92, 1.26128e-104, 1.80085e-117, 4.53725e-131, 2.01721e-145, 1.58254e-160, 2.19079e-176, 5.35167e-193, 2.30684e-210, 1.75463e-228, 2.35499e-247, 5.5774e-267, 2.33082e-287, 1.71877e-308, 0, 0, 0, 0
1.81723, 1.83637, 1.85633, 1.87719, 1.899, 1.92183, 1.94578, 1.97093, 1.99738, 2.02525, 2.05468, 2.08579, 2.11878, 2.15382, 2.19113, 2.23099, 2.27367, 2.31955, 2.36902, 2.4226, 2.48088, 2.5446, 2.61465, 2.69219, 2.77864, 2.87588, 2.98641, 3.1136, 3.26221, 3.43917, 3.65514, 3.92764, 4.28824, 4.80349, 5.66261, 7.39293, 8.39206, 3.90962, 0.445256, 0.0102464, 4.10912e-05, 1.77103e-08, 2.79442e-12, 7.78064e-17, 3.82292e-22, 3.3146e-28, 5.0713e-35, 1.36917e-42, 6.52298e-51, 5.4838e-60, 8.13508e-70, 2.12954e-80, 9.83673e-92, 8.0178e-104, 1.15318e-116, 2.92667e-130, 1.31064e-144, 1.03568e-159, 1.4441e-175, 3.55301e-192, 1.54248e-209, 1.18159e-227, 1.59711e-246, 3.8091e-266, 1.60298e-286, 1.19028e-307, 0, 0, 0, 0
21.4873
46.23
 
MEASUREMENT 33
1.4716, 4.41481, 7.36319, 10.3064, 13.2548, 16.2031, 19.1774, 22.1309, 25.0793, 28.0277, 30.9502, 33.8934, 36.8314, 39.7747
1.88276, 1.92429, 2.01914, 2.19173, 2.47231, 2.76795, 3.80822, 1.64088, 0.00334187, -0.00224206, -0.00118536, -0.00184977, -0.00463327, -0.00405948
0.00210827, 0.00200825, 0.00263278, 0.003309, 0.00342342, 0.00337702, 0.00380428, 0.00161768, 0.000411667, 0.000422416, 0.000368404, 0.000397576, 0.000489009, 0.000420057
0, 0.589232, 1.17846, 1.7677, 2.35693, 2.94616, 3.53539, 4.12463, 4.71386, 5.30309, 5.89232, 6.48156, 7.07079, 7.66002, 8.24925, 8.83848, 9.42772, 10.0169, 10.6062, 11.1954, 11.7846, 12.3739, 12.9631, 13.5523, 14.1416, 14.7308, 15.32, 15.9093, 16.4985, 17.0877, 17.677, 18.2662, 18.8554, 19.4447, 20.0339, 20.6231, 21.2124, 21.8016, 22.3908, 22.9801, 23.5693, 24.1585, 24.7478, 25.337, 25.9262, 26.5155, 27.1047, 27.6939, 28.2831, 28.8724, 29.4616, 30.0508, 30.6401, 31.2293, 31.8185, 32.4078, 32.997, 33.5862, 34.1755, 34.7647, 35.3539, 35.9432, 36.5324, 37.1216, 37.7109, 38.3001, 38.8893, 39.4786, 40.0678, 40.657
1.79313, 1.80912, 1.82574, 1.84305, 1.86109, 1.87991, 1.89958, 1.92015, 1.9417, 1.96431, 1.98807, 2.01308, 2.03945, 2.06732, 2.09684, 2.12817, 2.16151, 2.19709, 2.23519, 2.27611, 2.32024, 2.36804, 2.42006, 2.47698, 2.53967, 2.60921, 2.68702, 2.77497, 2.87565, 2.99267, 3.13142, 3.30031, 3.51363, 3.79897, 4.21996, 4.80425, 4.3273, 1.64071, 0.162002, 0.00338261, 1.1915e-05, 3.18871e-09, 5.14592e-13, 1.47435e-17, 7.49938e-23, 6.77234e-29, 1.08577e-35, 3.09048e-43, 1.5617e-51, 1.40105e-60, 2.23149e-70, 6.30986e-81, 3.16757e-92, 2.82302e-104, 4.46666e-117, 1.25467e-130, 6.25685e-145, 5.53934e-160, 8.70637e-176, 2.42935e-192, 1.20342e-209, 1.05832e-227, 1.65229e-246, 4.57958e-266, 2.25338e-286, 1.96838e-307, 0, 0, 0, 0
1.79313, 1.81201, 1.83171, 1.85229, 1.87381, 1.89635, 1.91998, 1.94479, 1.97089, 1.9984, 2.02743, 2.05814, 2.09068, 2.12526, 2.16208, 2.20141, 2.24353, 2.2888, 2.33762, 2.39049, 2.448, 2.51087, 2.58, 2.65651, 2.74182, 2.83778, 2.94685, 3.07237, 3.21902, 3.39366, 3.6068, 3.87574, 4.23166, 4.74032, 5.58886, 7.29585, 8.27263, 3.85783, 0.441999, 0.0102922, 4.21647e-05, 1.85152e-08, 3.01014e-12, 8.68831e-17, 4.45218e-22, 4.05041e-28, 6.54199e-35, 1.87588e-42, 9.54955e-51, 8.6306e-60, 1.38477e-69, 3.94448e-80, 1.9947e-91, 1.79076e-103, 2.85409e-116, 8.07543e-130, 4.05631e-144, 3.61711e-159, 5.72603e-175, 1.60919e-191, 8.02821e-209, 7.11029e-227, 1.11792e-245, 3.12023e-265, 1.54602e-285, 1.35985e-306, 0, 0, 0, 0
21.4871
46.23
 
MEASUREMENT 34
1.4716, 4.41481, 7.36319, 10.3064, 13.2548, 16.2031, 19.1774, 22.1309, 25.0793, 28.0277, 30.9502, 33.8934, 36.8314, 39.7747
1.90658, 1.94749, 2.04336, 2.21818, 2.50199, 2.80146, 3.85427, 1.66046, 0.00366042, -0.00231198, -0.00165657, -0.00211159, -0.00455618, -0.00401381
0.00210827, 0.00200825, 0.00263278, 0.003309, 0.00342342, 0.00337702, 0.00380428, 0.00161768, 0.000411667, 0.000422416, 0.000368404, 0.000397576, 0.000489009, 0.000420057
0, 0.589232, 1.17846, 1.7677, 2.35693, 2.94616, 3.53539, 4.12463, 4.71386, 5.30309, 5.89232, 6.48156, 7.07079, 7.66002, 8.24925, 8.83848, 9.42772, 10.0169, 10.6062, 11.1954, 11.7846, 12.3739, 12.9631, 13.5523, 14.1416, 14.7308, 15.32, 15.9093, 16.4985, 17.0877, 17.677, 18.2662, 18.8554, 19.4447, 20.0339, 20.6231, 21.2124, 21.8016, 22.3908, 22.9801, 23.5693, 24.1585, 24.7478, 25.337, 25.9262, 26.5155, 27.1047, 27.6939, 28.2831, 28.8724, 29.4616, 30.0508, 30.6401, 31.2293, 31.8185, 32.4078, 32.997, 33.5862, 34.1755, 34.7647, 35.3539, 35.9432, 36.5324, 37.1216, 37.7109, 38.3001, 38.8893, 39.4786, 40.0678, 40.657
1.81508, 1.83126, 1.84808, 1.8656, 1.88386, 1.90291, 1.92281, 1.94363, 1.96544, 1.98832, 2.01236, 2.03767, 2.06435, 2.09256, 2.12242, 2.15412, 2.18786, 2.22387, 2.26242, 2.30383, 2.34849, 2.39685, 2.44948, 2.50708, 2.57051, 2.64087, 2.71959, 2.80859, 2.91045, 3.02885, 3.16924, 3.34011, 3.55596, 3.84473, 4.27079, 4.85767, 4.36851, 1.66878, 0.168937, 0.00369038, 1.41933e-05, 4.017e-09, 7.22507e-13, 2.35652e-17, 1.39376e-22, 1.49484e-28, 2.90729e-35, 1.02534e-42, 6.55748e-51, 7.60484e-60, 1.59929e-69, 6.09887e-80, 4.21749e-91, 5.28861e-103, 1.20257e-115, 4.95859e-129, 3.70754e-143, 5.0268e-158, 1.23588e-173, 5.50977e-190, 4.45418e-207, 6.52942e-225, 1.73562e-243, 8.36575e-263, 7.31181e-283, 1.15881e-303, 0, 0, 0, 0
1.81508, 1.8342, 1.85414, 1.87497, 1.89675, 1.91956, 1.94348, 1.9686, 1.99502, 2.02286, 2.05225, 2.08333, 2.11627, 2.15127, 2.18854, 2.22835, 2.27099, 2.31681, 2.36623, 2.41974, 2.47796, 2.5416, 2.61157, 2.68902, 2.77537, 2.87251, 2.98291, 3.10997, 3.25842, 3.43521, 3.65098, 3.92326, 4.28368, 4.79897, 5.65959, 7.38384, 8.34875, 3.91752, 0.459893, 0.0112001, 4.96108e-05, 2.3338e-08, 4.22838e-12, 1.38923e-16, 8.27689e-22, 8.94225e-28, 1.75192e-34, 6.22394e-42, 4.00959e-50, 4.68399e-59, 9.92227e-69, 3.81139e-79, 2.6548e-90, 3.35316e-102, 7.67978e-115, 3.18943e-128, 2.40185e-142, 3.27978e-157, 8.12096e-173, 3.64613e-189, 2.96837e-206, 4.3819e-224, 1.17291e-242, 5.69271e-262, 5.00988e-282, 7.99442e-303, 0, 0, 0, 0
21.4876
46.23
 
MEASUREMENT 35
1.4716, 4.41481, 7.36319, 10.3064, 13.2548, 16.2031, 19.1774, 22.1309, 25.0793, 28.0277, 30.9502, 33.8934, 36.8314, 39.7747
1.91019, 1.95032, 2.04652, 2.2191, 2.50658, 2.80597, 3.86053, 1.6636, 0.00372147, -0.00241661, -0.00158118, -0.000530872, -0.00460279, -0.00413588
0.00210827, 0.00200825, 0.00263278, 0.003309, 0.00342342, 0.00337702, 0.00380428, 0.00161768, 0.000411667, 0.000422416, 0.000368404, 0.000397576, 0.000489009, 0.000420057
0, 0.589232, 1.17846, 1.7677, 2.35693, 2.94616, 3.53539, 4.12463, 4.71386, 5.30309, 5.89232, 6.48156, 7.07079, 7.66002, 8.24925, 8.83848, 9.42772, 10.0169, 10.6062, 11.1954, 11.7846, 12.3739, 12.9631, 13.5523, 14.1416, 14.7308, 15.32, 15.9093, 16.4985, 17.0877, 17.677, 18.2662, 18.8554, 19.4447, 20.0339, 20.6231, 21.2124, 21.8016, 22.3908, 22.9801, 23.5693, 24.1585, 24.7478, 25.337, 25.9262, 26.5155, 27.1047, 27.6939, 28.2831, 28.8724, 29.4616, 30.0508, 30.6401, 31.2293, 31.8185, 32.4078, 32.997, 33.5862, 34.1755, 34.7647, 35.3539, 35.9432, 36.5324, 37.1216, 37.7109, 38.3001, 38.8893, 39.4786, 40.0678, 40.657
1.8179, 1.8341, 1.85095, 1.86849, 1.88678, 1.90586, 1.92579, 1.94664, 1.96849, 1.9914, 2.01548, 2.04083, 2.06756, 2.09581, 2.12572, 2.15747, 2.19127, 2.22733, 2.26594, 2.30741, 2.35214, 2.40058, 2.45329, 2.51098, 2.5745, 2.64497, 2.72382, 2.81294, 2.91495, 3.03352, 3.17409, 3.34517, 3.56124, 3.85016, 4.27631, 4.87013, 4.39254, 1.66175, 0.162379, 0.00332252, 1.1229e-05, 2.92822e-09, 4.48864e-13, 1.20878e-17, 5.71875e-23, 4.75308e-29, 6.94014e-36, 1.78025e-43, 8.02252e-52, 6.35124e-61, 8.8333e-71, 2.15825e-81, 9.26397e-93, 6.98563e-105, 9.25393e-118, 2.15357e-131, 8.80443e-146, 6.32344e-161, 7.97837e-177, 1.7684e-193, 6.8858e-211, 4.71012e-229, 5.65995e-248, 1.1948e-267, 4.43076e-288, 2.88642e-309, 0, 0, 0, 0
1.8179, 1.83704, 1.85701, 1.87787, 1.89969, 1.92253, 1.94649, 1.97165, 1.99811, 2.02599, 2.05542, 2.08655, 2.11954, 2.1546, 2.19193, 2.23179, 2.27449, 2.32038, 2.36987, 2.42347, 2.48177, 2.5455, 2.61558, 2.69313, 2.77961, 2.87689, 2.98744, 3.11467, 3.26331, 3.44031, 3.65633, 3.92886, 4.28949, 4.80468, 5.66337, 7.39429, 8.40167, 3.91263, 0.44384, 0.0101305, 4.00173e-05, 1.70193e-08, 2.62834e-12, 7.13092e-17, 3.39885e-22, 2.84602e-28, 4.18661e-35, 1.08194e-42, 4.91201e-51, 3.91766e-60, 5.48916e-70, 1.35112e-80, 5.84235e-92, 4.43799e-104, 5.92227e-117, 1.38832e-130, 5.7173e-145, 4.13608e-160, 5.2563e-176, 1.17345e-192, 4.60194e-210, 3.17033e-228, 3.83667e-247, 8.15623e-267, 3.04584e-287, 1.99805e-308, 0, 0, 0, 0
21.4876
46.23
 
MEASUREMENT 36
1.4716, 4.41481, 7.36319, 10.3064, 13.2548, 16.2031, 19.1774, 22.1309, 25.0793, 28.0277, 30.9502, 33.8934, 36.8314, 39.7747
1.93274, 1.97496, 2.07177, 2.25141, 2.53651, 2.84009, 3.90735, 1.68359, 0.00355179, -0.00196829, -0.00150596, -0.00205515, -0.00453509, -0.00395884
0.00210827, 0.00200825, 0.00263278, 0.003309, 0.00342342, 0.00337702, 0.00380428, 0.00161768, 0.000411667, 0.000422416, 0.000368404, 0.000397576, 0.000489009, 0.000420057
0, 0.589232, 1.17846, 1.7677, 2.35693, 2.94616, 3.53539, 4.12463, 4.71386, 5.30309, 5.89232, 6.48156, 7.07079, 7.66002, 8.24925, 8.83848, 9.42772, 10.0169, 10.6062, 11.1954, 11.7846, 12.3739, 12.9631, 13.5523, 14.1416, 14.7308, 15.32, 15.9093, 16.4985, 17.0877, 17.677, 18.2662, 18.8554, 19.4447, 20.0339, 20.6231, 21.2124, 21.8016, 22.3908, 22.9801, 23.5693, 24.1585, 24.7478, 25.337, 25.9262, 26.5155, 27.1047, 27.6939, 28.2831, 28.8724, 29.4616, 30.0508, 30.6401, 31.2293, 31.8185, 32.4078, 32.997, 33.5862, 34.1755, 34.7647, 35.3539, 35.9432, 36.5324, 37.1216, 37.7109, 38.3001, 38.8893, 39.4786, 40.0678, 40.657
1.84069, 1.85709, 1.87415, 1.89191, 1.91041, 1.92973, 1.9499, 1.97101, 1.99311, 2.01631, 2.04068, 2.06634, 2.09339, 2.12198, 2.15226, 2.18439, 2.21859, 2.25509, 2.29416, 2.33614, 2.3814, 2.43042, 2.48377, 2.54215, 2.60643, 2.67774, 2.75752, 2.8477, 2.95092, 3.07088, 3.2131, 3.38619, 3.60477, 3.89704, 4.32805, 4.92771, 4.44297, 1.68319, 0.165231, 0.00340869, 1.17125e-05, 3.08223e-09, 4.81732e-13, 1.32766e-17, 6.45219e-23, 5.52924e-29, 8.35531e-36, 2.22637e-43, 1.04609e-51, 8.6671e-61, 1.26624e-70, 3.26205e-81, 1.48183e-92, 1.18697e-104, 1.67653e-117, 4.17554e-131, 1.83377e-145, 1.42005e-160, 1.93904e-176, 4.66873e-193, 1.98214e-210, 1.48386e-228, 1.95872e-247, 4.55902e-267, 1.87107e-287, 1.35403e-308, 0, 0, 0, 0
1.84069, 1.86007, 1.8803, 1.90142, 1.92351, 1.94664, 1.9709, 1.99637, 2.02316, 2.05139, 2.08119, 2.11271, 2.14612, 2.18161, 2.21941, 2.25977, 2.30301, 2.34947, 2.39958, 2.45385, 2.51288, 2.57741, 2.64836, 2.72689, 2.81445, 2.91294, 3.02488, 3.1537, 3.3042, 3.48342, 3.70214, 3.97808, 4.34323, 4.86492, 5.73456, 7.48637, 8.50291, 3.96503, 0.451847, 0.0103983, 4.16774e-05, 1.79384e-08, 2.82454e-12, 7.84248e-17, 3.83972e-22, 3.31501e-28, 5.0467e-35, 1.35476e-42, 6.41289e-51, 5.35272e-60, 7.87816e-70, 2.04457e-80, 9.3563e-92, 7.54971e-104, 1.07418e-116, 2.6949e-130, 1.19214e-144, 9.29876e-160, 1.2789e-175, 3.10141e-192, 1.32615e-209, 9.99842e-228, 1.32916e-246, 3.11547e-266, 1.28758e-286, 9.38255e-308, 0, 0, 0, 0
21.4878
46.23
 
MEASUREMENT 37
1.4716, 4.41481, 7.36319, 10.3064, 13.2548, 16.2031, 19.1774, 22.1309, 25.0793, 28.0277, 30.9502, 33.8934, 36.8314, 39.7747
1.89205, 1.93209, 2.02762, 2.20118, 2.48312, 2.78036, 3.82575, 1.64812, 0.00355004, -0.00255673, -0.00154824, -0.00181217, -0.00445557, -0.00390147
0.00210827, 0.00200825, 0.00263278, 0.003309, 0.00342342, 0.00337702, 0.00380428, 0.00161768, 0.000411667, 0.000422416, 0.000368404, 0.000397576, 0.000489009, 0.000420057
0, 0.589232, 1.17846, 1.7677, 2.35693, 2.94616, 3.53539, 4.12463, 4.71386, 5.30309, 5.89232, 6.48156, 7.07079, 7.66002, 8.24925, 8.83848, 9.42772, 10.0169, 10.6062, 11.1954, 11.7846, 12.3739, 12.9631, 13.5523, 14.1416, 14.7308, 15.32, 15.9093, 16.4985, 17.0877, 17.677, 18.2662, 18.8554, 19.4447, 20.0339, 20.6231, 21.2124, 21.8016, 22.3908, 22.9801, 23.5693, 24.1585, 24.7478, 25.337, 25.9262, 26.5155, 27.1047, 27.6939, 28.2831, 28.8724, 29.4616, 30.0508, 30.6401, 31.2293, 31.8185, 32.4078, 32.997, 33.5862, 34.1755, 34.7647, 35.3539, 35.9432, 36.5324, 37.1216, 37.7109, 38.3001, 38.8893, 39.4786, 40.0678, 40.657
1.80118, 1.81724, 1.83394, 1.85132, 1.86944, 1.88835, 1.9081, 1.92876, 1.95041, 1.97312, 1.99698, 2.0221, 2.04859, 2.07658, 2.10622, 2.13769, 2.17118, 2.20692, 2.24518, 2.28628, 2.33061, 2.37861, 2.43085, 2.48802, 2.55098, 2.62082, 2.69896, 2.78729, 2.88839, 3.00591, 3.14524, 3.31482, 3.52901, 3.81545, 4.238, 4.82597, 4.35071, 1.64743, 0.161632, 0.00333306, 1.14461e-05, 3.01428e-09, 4.71224e-13, 1.29936e-17, 6.31966e-23, 5.42144e-29, 8.20341e-36, 2.18943e-43, 1.03068e-51, 8.55805e-61, 1.25337e-70, 3.23771e-81, 1.4752e-92, 1.18554e-104, 1.68047e-117, 4.20143e-131, 1.85273e-145, 1.44104e-160, 1.9769e-176, 4.78344e-193, 2.04146e-210, 1.53668e-228, 2.04018e-247, 4.77743e-267, 1.97314e-287, 1.43735e-308, 0, 0, 0, 0
1.80118, 1.82015, 1.83994, 1.86061, 1.88222, 1.90486, 1.92859, 1.95352, 1.97974, 2.00737, 2.03653, 2.06737, 2.10006, 2.13479, 2.17178, 2.21128, 2.25359, 2.29906, 2.3481, 2.4012, 2.45896, 2.52212, 2.59155, 2.6684, 2.75408, 2.85047, 2.96002, 3.08608, 3.23336, 3.40875, 3.62281, 3.89288, 4.25027, 4.7609, 5.61226, 7.3271, 8.31893, 3.87631, 0.441414, 0.0101528, 4.06714e-05, 1.75089e-08, 2.75756e-12, 7.6604e-17, 3.75352e-22, 3.24403e-28, 4.94525e-35, 1.32968e-42, 6.30605e-51, 5.27497e-60, 7.78272e-70, 2.02531e-80, 9.29598e-92, 7.52563e-104, 1.07456e-116, 2.70621e-130, 1.20206e-144, 9.41734e-160, 1.30126e-175, 3.17124e-192, 1.36309e-209, 1.03335e-227, 1.38164e-246, 3.25813e-266, 1.35507e-286, 9.93971e-308, 0, 0, 0, 0
21.4874
46.23
 
MEASUREMENT 38
1.4716, 4.41481, 7.36319, 10.3064, 13.2548, 16.2031, 19.1774, 22.1309, 25.0793, 28.0277, 30.9502, 33.8934, 36.8314, 39.7747
1.87541, 1.91529, 2.00973, 2.18168, 2.46111, 2.7556, 3.79044, 1.63335, 0.00370502, -0.00225749, -0.0014198, -0.00213688, -0.00454594, -0.00419592
0.00210827, 0.00200825, 0.00263278, 0.003309, 0.00342342, 0.00337702, 0.00380428, 0.00161768, 0.000411667, 0.000422416, 0.000368404, 0.000397576, 0.000489009, 0.000420057
0, 0.589232, 1.17846, 1.7677, 2.35693, 2.94616, 3.53539, 4.12463, 4.71386, 5.30309, 5.89232, 6.48156, 7.07079, 7.66002, 8.24925, 8.83848, 9.42772, 10.0169, 10.6062, 11.1954, 11.7846, 12.3739, 12.9631, 13.5523, 14.1416, 14.7308, 15.32, 15.9093, 16.4985, 17.0877, 17.677, 18.2662, 18.8554, 19.4447, 20.0339, 20.6231, 21.2124, 21.8016, 22.3908, 22.9801, 23.5693, 24.1585, 24.7478, 25.337, 25.9262, 26.5155, 27.1047, 27.6939, 28.2831, 28.8724, 29.4616, 30.0508, 30.6401, 31.2293, 31.8185, 32.4078, 32.997, 33.5862, 34.1755, 34.7647, 35.3539, 35.9432, 36.5324, 37.1216, 37.7109, 38.3001, 38.8893, 39.4786, 40.0678, 40.657
1.78482, 1.80074, 1.81729, 1.83452, 1.85249, 1.87123, 1.89081, 1.91129, 1.93275, 1.95526, 1.97891, 2.00381, 2.03007, 2.05782, 2.08721, 2.1184, 2.1516, 2.18703, 2.22496, 2.26571, 2.30966, 2.35725, 2.40905, 2.46573, 2.52816, 2.59741, 2.67489, 2.76249, 2.86275, 2.97931, 3.1175, 3.28572, 3.49822, 3.78249, 4.20199, 4.78504, 4.30881, 1.62758, 0.159246, 0.00327563, 1.12042e-05, 2.95248e-09, 4.61075e-13, 1.27079e-17, 6.18155e-23, 5.30686e-29, 8.04074e-36, 2.15016e-43, 1.01476e-51, 8.45216e-61, 1.24248e-70, 3.22346e-81, 1.47594e-92, 1.19269e-104, 1.70097e-117, 4.28129e-131, 1.90179e-145, 1.49093e-160, 2.0628e-176, 5.0369e-193, 2.17056e-210, 1.65076e-228, 2.21563e-247, 5.2482e-267, 2.19393e-287, 1.61857e-308, 0, 0, 0, 0
1.78482, 1.80362, 1.82323, 1.84372, 1.86514, 1.88757, 1.91109, 1.93579, 1.96178, 1.98915, 2.01805, 2.04862, 2.08102, 2.11544, 2.15209, 2.19124, 2.23317, 2.27823, 2.32684, 2.37947, 2.43672, 2.49931, 2.56812, 2.64429, 2.72922, 2.82475, 2.93334, 3.0583, 3.2043, 3.37817, 3.59038, 3.85815, 4.21255, 4.71905, 5.56398, 7.26548, 8.2387, 3.82844, 0.434673, 0.0099714, 3.98152e-05, 1.71328e-08, 2.69546e-12, 7.48442e-17, 3.66778e-22, 3.17224e-28, 4.84224e-35, 1.30449e-42, 6.20221e-51, 5.20432e-60, 7.70707e-70, 2.01429e-80, 9.29093e-92, 7.56309e-104, 1.08653e-116, 2.75473e-130, 1.23258e-144, 9.733e-160, 1.35635e-175, 3.33569e-192, 1.44773e-209, 1.10886e-227, 1.49883e-246, 3.57529e-266, 1.50504e-286, 1.11806e-307, 0, 0, 0, 0
21.4861
46.23
 
MEASUREMENT 39
1.4716, 4.41481, 7.36319, 10.3064, 13.2548, 16.2031, 19.1774, 22.1309, 25.0793, 28.0277, 30.9502, 33.8934, 36.8314, 39.7747
1.86217, 1.90272, 1.99675, 2.16769, 2.44471, 2.73735, 3.76614, 1.62299, 0.00321374, -0.00228159, -0.00127929, -0.00203884, -0.00462912, -0.00386808
0.00210827, 0.00200825, 0.00263278, 0.003309, 0.00342342, 0.00337702, 0.00380428, 0.00161768, 0.000411667, 0.000422416, 0.000368404, 0.000397576, 0.000489009, 0.000420057
0, 0.589232, 1.17846, 1.7677, 2.35693, 2.94616, 3.53539, 4.12463, 4.71386, 5.30309, 5.89232, 6.48156, 7.07079, 7.66002, 8.24925, 8.83848, 9.42772, 10.0169, 10.6062, 11.1954, 11.7846, 12.3739, 12.9631, 13.5523, 14.1416, 14.7308, 15.32, 15.9093, 16.4985, 17.0877, 17.677, 18.2662, 18.8554, 19.4447, 20.0339, 20.6231, 21.2124, 21.8016, 22.3908, 22.9801, 23.5693, 24.1585, 24.7478, 25.337, 25.9262, 26.5155, 27.1047, 27.6939, 28.2831, 28.8724, 29.4616, 30.0508, 30.6401, 31.2293, 31.8185, 32.4078, 32.997, 33.5862, 34.1755, 34.7647, 35.3539, 35.9432, 36.5324, 37.1216, 37.7109, 38.3001, 38.8893, 39.4786, 40.0678, 40.657
1.77348, 1.78929, 1.80573, 1.82284, 1.84068, 1.8593, 1.87874, 1.89909, 1.9204, 1.94275, 1.96625, 1.99097, 2.01705, 2.04461, 2.07379, 2.10477, 2.13774, 2.17292, 2.21058, 2.25105, 2.29468, 2.34194, 2.39337, 2.44964, 2.51162, 2.58036, 2.65728, 2.74422, 2.84374, 2.9594, 3.09653, 3.26341, 3.47415, 3.75589, 4.17138, 4.75346, 4.29311, 1.6162, 0.155184, 0.00307443, 9.71531e-06, 2.44188e-09, 3.46022e-13, 8.48119e-18, 3.5957e-23, 2.63683e-29, 3.34467e-36, 7.33831e-44, 2.7849e-52, 1.82807e-61, 2.0756e-71, 4.07629e-82, 1.38469e-93, 8.13589e-106, 8.26843e-119, 1.45347e-132, 4.41927e-147, 2.32411e-162, 2.11409e-178, 3.32621e-195, 9.05176e-213, 4.26062e-231, 3.46871e-250, 4.88447e-270, 1.18965e-290, 5.01154e-312, 0, 0, 0, 0
1.77348, 1.79216, 1.81164, 1.83199, 1.85328, 1.87556, 1.89893, 1.92348, 1.94929, 1.97649, 2.0052, 2.03557, 2.06776, 2.10195, 2.13837, 2.17726, 2.21892, 2.26369, 2.31197, 2.36425, 2.42113, 2.4833, 2.55166, 2.62732, 2.71168, 2.80657, 2.91442, 3.03853, 3.18352, 3.35618, 3.56688, 3.83268, 4.18435, 4.68658, 5.52284, 7.21333, 8.21506, 3.81097, 0.425018, 0.00939538, 3.50053e-05, 1.41955e-08, 2.02669e-12, 5.00497e-17, 2.13791e-22, 1.57961e-28, 2.01874e-35, 4.46252e-43, 1.70627e-51, 1.12844e-60, 1.29084e-70, 2.55405e-81, 8.74063e-93, 5.17385e-105, 5.29712e-118, 9.38032e-132, 2.87307e-146, 1.52203e-161, 1.39459e-177, 2.21012e-194, 6.05796e-212, 2.87195e-230, 2.35486e-249, 3.33957e-269, 8.19122e-290, 3.47488e-311, 0, 0, 0, 0
21.4876
46.23
 
MEASUREMENT 40
1.4716, 4.41481, 7.36319, 10.3064, 13.2548, 16.2031, 19.1774, 22.1309, 25.0793, 28.0277, 30.9502, 33.8934, 36.8314, 39.7747
1.89484, 1.93607, 2.03169, 2.20546, 2.48786, 2.78556, 3.83225, 1.65094, 0.00363916, -0.00209129, -0.00159453, -0.00196053, -0.00450566, -0.00401068
0.00210827, 0.00200825, 0.00263278, 0.003309, 0.00342342, 0.00337702, 0.00380428, 0.00161768, 0.000411667, 0.000422416, 0.000368404, 0.000397576, 0.000489009, 0.000420057
0, 0.589232, 1.17846, 1.7677, 2.35693, 2.94616, 3.53539, 4.12463, 4.71386, 5.30309, 5.89232, 6.48156, 7.07079, 7.66002, 8.24925, 8.83848, 9.42772, 10.0169, 10.6062, 11.1954, 11.7846, 12.3739, 12.9631, 13.5523, 14.1416, 14.7308, 15.32, 15.9093, 16.4985, 17.0877, 17.677, 18.2662, 18.8554, 19.4447, 20.0339, 20.6231, 21.2124, 21.8016, 22.3908, 22.9801, 23.5693, 24.1585, 24.7478, 25.337, 25.9262, 26.5155, 27.1047, 27.6939, 28.2831, 28.8724, 29.4616, 30.0508, 30.6401, 31.2293, 31.8185, 32.4078, 32.997, 33.5862, 34.1755, 34.7647, 35.3539, 35.9432, 36.5324, 37.1216, 37.7109, 38.3001, 38.8893, 39.4786, 40.0678, 40.657
1.80427, 1.82036, 1.83709, 1.85451, 1.87266, 1.89161, 1.9114, 1.9321, 1.95379, 1.97654, 2.00046, 2.02563, 2.05217, 2.08022, 2.10992, 2.14145, 2.17501, 2.21082, 2.24916, 2.29035, 2.33477, 2.38288, 2.43523, 2.49253, 2.55562, 2.62561, 2.70393, 2.79246, 2.89379, 3.01159, 3.15124, 3.32124, 3.53595, 3.82311, 4.24679, 4.83807, 4.36214, 1.64349, 0.159034, 0.00320292, 1.04863e-05, 2.69323e-09, 3.98901e-13, 1.03164e-17, 4.6586e-23, 3.67327e-29, 5.05728e-36, 1.21576e-43, 5.10322e-52, 3.74029e-61, 4.78663e-71, 1.06959e-81, 4.17319e-93, 2.84302e-105, 3.38183e-118, 7.02396e-132, 2.54724e-146, 1.61293e-161, 1.78327e-177, 3.44248e-194, 1.16032e-211, 6.82872e-230, 7.01697e-249, 1.25895e-268, 3.94381e-289, 2.1571e-310, 0, 0, 0, 0
1.80427, 1.82327, 1.84309, 1.8638, 1.88545, 1.90813, 1.93191, 1.95688, 1.98314, 2.01082, 2.04003, 2.07093, 2.10368, 2.13847, 2.17552, 2.2151, 2.25748, 2.30303, 2.35216, 2.40536, 2.46323, 2.5265, 2.59606, 2.67304, 2.75889, 2.85545, 2.96521, 3.09151, 3.23907, 3.4148, 3.62927, 3.89986, 4.25794, 4.76953, 5.62225, 7.34294, 8.34281, 3.86984, 0.434725, 0.00976634, 3.75302e-05, 1.5634e-08, 2.33293e-12, 6.07861e-17, 2.76552e-22, 2.19693e-28, 3.04735e-35, 7.38061e-43, 3.12122e-51, 2.30471e-60, 2.97143e-70, 6.68915e-81, 2.62924e-92, 1.80444e-104, 2.16224e-117, 4.52391e-131, 1.65261e-145, 1.05407e-160, 1.17385e-176, 2.2824e-193, 7.74839e-211, 4.59268e-229, 4.75285e-248, 8.58765e-268, 2.7091e-288, 1.49211e-309, 0, 0, 0, 0
21.4865
46.23
 
MEASUREMENT 41
1.4716, 4.41481, 7.36319, 10.3064, 13.2548, 16.2031, 19.1774, 22.1309, 25.0793, 28.0277, 30.9502, 33.8934, 36.8314, 39.7747
1.921, 1.96185, 2.05865, 2.235, 2.52075, 2.82162, 3.88251, 1.67298, 0.00363362, -0.00221029, -0.0013975, -0.00198443, -0.00460955, -0.00427024
0.00210827, 0.00200825, 0.00263278, 0.003309, 0.00342342, 0.00337702, 0.00380428, 0.00161768, 0.000411667, 0.000422416, 0.000368404, 0.000397576, 0.000489009, 0.000420057
0, 0.589232, 1.17846, 1.7677, 2.35693, 2.94616, 3.53539, 4.12463, 4.71386, 5.30309, 5.89232, 6.48156, 7.07079, 7.66002, 8.24925, 8.83848, 9.42772, 10.0169, 10.6062, 11.1954, 11.7846, 12.3739, 12.9631, 13.5523, 14.1416, 14.7308, 15.32, 15.9093, 16.4985, 17.0877, 17.677, 18.2662, 18.8554, 19.4447, 20.0339, 20.6231, 21.2124, 21.8016, 22.3908, 22.9801, 23.5693, 24.1585, 24.7478, 25.337, 25.9262, 26.5155, 27.1047, 27.6939, 28.2831, 28.8724, 29.4616, 30.0508, 30.6401, 31.2293, 31.8185, 32.4078, 32.997, 33.5862, 34.1755, 34.7647, 35.3539, 35.9432, 36.5324, 37.1216, 37.7109, 38.3001, 38.8893, 39.4786, 40.0678, 40.657
1.82945, 1.84574, 1.86268, 1.88032, 1.89871, 1.91789, 1.93793, 1.95889, 1.98085, 2.00389, 2.0281, 2.05358, 2.08046, 2.10885, 2.13892, 2.17083, 2.2048, 2.24105, 2.27985, 2.32154, 2.36648, 2.41516, 2.46813, 2.5261, 2.58992, 2.66072, 2.73992, 2.82944, 2.93189, 3.05096, 3.19209, 3.36383, 3.58066, 3.8705, 4.2977, 4.8917, 4.4158, 1.68266, 0.167107, 0.003508, 1.24599e-05, 3.33055e-09, 5.38884e-13, 1.54613e-17, 7.86621e-23, 7.09669e-29, 1.13531e-35, 3.22065e-43, 1.62009e-51, 1.44511e-60, 2.28575e-70, 6.41095e-81, 3.18845e-92, 2.81191e-104, 4.39729e-117, 1.21935e-130, 5.99562e-145, 5.22755e-160, 8.08202e-176, 2.21564e-192, 1.07704e-209, 9.2837e-228, 1.41893e-246, 3.84552e-266, 1.84799e-286, 1.57468e-307, 0, 0, 0, 0
1.82945, 1.84871, 1.86881, 1.8898, 1.91175, 1.93474, 1.95884, 1.98415, 2.01078, 2.03883, 2.06845, 2.09977, 2.13296, 2.16823, 2.20579, 2.2459, 2.28886, 2.33503, 2.38483, 2.43875, 2.4974, 2.56152, 2.63202, 2.71004, 2.79703, 2.89489, 3.0061, 3.13406, 3.28357, 3.46158, 3.67882, 3.95286, 4.31544, 4.83332, 5.69622, 7.43294, 8.45018, 3.96357, 0.457007, 0.0107029, 4.41544e-05, 1.94148e-08, 3.16465e-12, 9.14727e-17, 4.68845e-22, 4.26125e-28, 6.86772e-35, 1.9627e-42, 9.94626e-51, 8.93774e-60, 1.42415e-69, 4.02386e-80, 2.01598e-91, 1.79095e-103, 2.8212e-116, 7.88015e-130, 3.90287e-144, 3.42752e-159, 5.33728e-175, 1.47368e-191, 7.21484e-209, 6.2631e-227, 9.64025e-246, 2.63101e-265, 1.27317e-285, 1.09241e-306, 0, 0, 0, 0
21.49
46.23
 
MEASUREMENT 42
1.4716, 4.41481, 7.36319, 10.3064, 13.2548, 16.2031, 19.1774, 22.1309, 25.0793, 28.0277, 30.9502, 33.8934, 36.8314, 39.7747
1.91445, 1.95606, 2.05283, 2.22558, 2.51071, 2.81118, 3.87447, 1.66815, 0.00389752, -0.00217613, -0.00169188, -0.0019688, -0.00456589, -0.00401643
0.00210827, 0.00200825, 0.00263278, 0.003309, 0.00342342, 0.00337702, 0.00380428, 0.00161768, 0.000411667, 0.000422416, 0.000368404, 0.000397576, 0.000489009, 0.000420057
0, 0.589232, 1.17846, 1.7677, 2.35693, 2.94616, 3.53539, 4.12463, 4.71386, 5.30309, 5.89232, 6.48156, 7.07079, 7.66002, 8.24925, 8.83848, 9.42772, 10.0169, 10.6062, 11.1954, 11.7846, 12.3739, 12.9631, 13.5523, 14.1416, 14.7308, 15.32, 15.9093, 16.4985, 17.0877, 17.677, 18.2662, 18.8554, 19.4447, 20.0339, 20.6231, 21.2124, 21.8016, 22.3908, 22.9801, 23.5693, 24.1585, 24.7478, 25.337, 25.9262, 26.5155, 27.1047, 27.6939, 28.2831, 28.8724, 29.4616, 30.0508, 30.6401, 31.2293, 31.8185, 32.4078, 32.997, 33.5862, 34.1755, 34.7647, 35.3539, 35.9432, 36.5324, 37.1216, 37.7109, 38.3001, 38.8893, 39.4786, 40.0678, 40.657
1.82194, 1.8382, 1.85511, 1.87271, 1.89106, 1.9102, 1.9302, 1.95113, 1.97304, 1.99604, 2.02021, 2.04564, 2.07247, 2.10082, 2.13084, 2.16271, 2.19663, 2.23283, 2.27158, 2.31322, 2.35812, 2.40675, 2.45968, 2.51761, 2.5814, 2.65217, 2.73136, 2.82089, 2.92338, 3.04252, 3.1838, 3.3558, 3.5731, 3.86383, 4.293, 4.89057, 4.40524, 1.66127, 0.161743, 0.00329872, 1.10909e-05, 2.89706e-09, 4.43625e-13, 1.19456e-17, 5.65625e-23, 4.70958e-29, 6.89549e-36, 1.77533e-43, 8.03748e-52, 6.39867e-61, 8.9575e-71, 2.20501e-81, 9.54464e-93, 7.26495e-105, 9.72366e-118, 2.28849e-131, 9.47086e-146, 6.89208e-161, 8.81921e-177, 1.98439e-193, 7.85129e-211, 5.46223e-229, 6.6821e-248, 1.43737e-267, 5.4367e-288, 3.61587e-309, 0, 0, 0, 0
1.82194, 1.84113, 1.86115, 1.88206, 1.90393, 1.92683, 1.95084, 1.97606, 2.00258, 2.03053, 2.06003, 2.09123, 2.12431, 2.15944, 2.19686, 2.23682, 2.27963, 2.32563, 2.37524, 2.42897, 2.48742, 2.55131, 2.62156, 2.69932, 2.78602, 2.88354, 2.99439, 3.12196, 3.27101, 3.44851, 3.66516, 3.93853, 4.30033, 4.8174, 5.6799, 7.41793, 8.41345, 3.90291, 0.44091, 0.0100277, 3.94385e-05, 1.67683e-08, 2.58685e-12, 7.01759e-17, 3.34764e-22, 2.80814e-28, 4.14218e-35, 1.0744e-42, 4.90037e-51, 3.9302e-60, 5.54271e-70, 1.37451e-80, 5.99368e-92, 4.59572e-104, 6.19622e-117, 1.46897e-130, 6.12359e-145, 4.48857e-160, 5.78515e-176, 1.31107e-192, 5.22441e-210, 3.66057e-228, 4.5098e-247, 9.76926e-267, 3.721e-287, 2.492e-308, 0, 0, 0, 0
21.4857
46.23
 
MEASUREMENT 43
1.4716, 4.41481, 7.36319, 10.3064, 13.2548, 16.2031, 19.1774, 22.1309, 25.0793, 28.0277, 30.9502, 33.8934, 36.8314, 39.7747
1.93546, 1.97675, 2.07503, 2.25516, 2.54361, 2.84755, 3.91164, 1.68664, 0.00349785, -0.0022383, -0.00158997, -0.00179954, -0.00459846, -0.00392295
0.00210827, 0.00200825, 0.00263278, 0.003309, 0.00342342, 0.00337702, 0.00380428, 0.00161768, 0.000411667, 0.000422416, 0.000368404, 0.000397576, 0.000489009, 0.000420057
0, 0.589232, 1.17846, 1.7677, 2.35693, 2.94616, 3.53539, 4.12463, 4.71386, 5.30309, 5.89232, 6.48156, 7.07079, 7.66002, 8.24925, 8.83848, 9.42772, 10.0169, 10.6062, 11.1954, 11.7846, 12.3739, 12.9631, 13.5523, 14.1416, 14.7308, 15.32, 15.9093, 16.4985, 17.0877, 17.677, 18.2662, 18.8554, 19.4447, 20.0339, 20.6231, 21.2124, 21.8016, 22.3908, 22.9801, 23.5693, 24.1585, 24.7478, 25.337, 25.9262, 26.5155, 27.1047, 27.6939, 28.2831, 28.8724, 29.4616, 30.0508, 30.6401, 31.2293, 31.8185, 32.4078, 32.997, 33.5862, 34.1755, 34.7647, 35.3539, 35.9432, 36.5324, 37.1216, 37.7109, 38.3001, 38.8893, 39.4786, 40.0678, 40.657
1.84369, 1.86012, 1.87721, 1.89499, 1.91353, 1.93287, 1.95308, 1.97422, 1.99636, 2.0196, 2.04401, 2.0697, 2.0968, 2.12544, 2.15576, 2.18795, 2.2222, 2.25876, 2.2979, 2.33994, 2.38527, 2.43437, 2.48781, 2.54627, 2.61066, 2.68208, 2.76199, 2.85231, 2.95569, 3.07585, 3.21829, 3.39165, 3.61058, 3.90334, 4.33507, 4.93428, 4.44753, 1.69056, 0.167625, 0.00351958, 1.25239e-05, 3.36364e-09, 5.47905e-13, 1.5863e-17, 8.1629e-23, 7.46598e-29, 1.2137e-35, 3.50682e-43, 1.80093e-51, 1.64384e-60, 2.66685e-70, 7.68983e-81, 3.94103e-92, 3.58987e-104, 5.81196e-117, 1.67239e-130, 8.55318e-145, 7.77476e-160, 1.25608e-175, 3.60674e-192, 1.84069e-209, 1.6696e-227, 2.6916e-246, 7.71207e-266, 3.9273e-286, 3.5545e-307, 0, 0, 0, 0
1.84369, 1.86311, 1.88337, 1.90452, 1.92665, 1.94981, 1.97411, 1.99962, 2.02646, 2.05474, 2.08458, 2.11615, 2.14961, 2.18516, 2.22302, 2.26345, 2.30675, 2.35329, 2.40348, 2.45784, 2.51696, 2.58159, 2.65266, 2.73131, 2.81901, 2.91766, 3.02977, 3.15879, 3.30953, 3.48903, 3.7081, 3.98448, 4.35023, 4.87282, 5.74427, 7.49717, 8.50805, 3.97876, 0.457867, 0.0107229, 4.43195e-05, 1.95729e-08, 3.21188e-12, 9.36803e-17, 4.85647e-22, 4.47481e-28, 7.32839e-35, 2.13315e-42, 1.10359e-50, 1.01478e-59, 1.65846e-69, 4.81738e-80, 2.48705e-91, 2.28205e-103, 3.72159e-116, 1.07869e-129, 5.55679e-144, 5.08758e-159, 8.27855e-175, 2.39415e-191, 1.23056e-208, 1.1241e-226, 1.82496e-245, 5.26563e-265, 2.70018e-285, 2.4608e-306, 0, 0, 0, 0
21.4883
46.23
 
MEASUREMENT 44
1.4716, 4.41481, 7.36319, 10.3064, 13.2548, 16.2031, 19.1774, 22.1309, 25.0793, 28.0277, 30.9502, 33.8934, 36.8314, 39.7747
1.91311, 1.95442, 2.05086, 2.22634, 2.51131, 2.81159, 3.86838, 1.66676, 0.00369638, -0.00175013, -0.00152928, -0.00213756, -0.00453137, -0.00412609
0.00210827, 0.00200825, 0.00263278, 0.003309, 0.00342342, 0.00337702, 0.00380428, 0.00161768, 0.000411667, 0.000422416, 0.000368404, 0.000397576, 0.000489009, 0.000420057
0, 0.589232, 1.17846, 1.7677, 2.35693, 2.94616, 3.53539, 4.12463, 4.71386, 5.30309, 5.89232, 6.48156, 7.07079, 7.66002, 8.24925, 8.83848, 9.42772, 10.0169, 10.6062, 11.1954, 11.7846, 12.3739, 12.9631, 13.5523, 14.1416, 14.7308, 15.32, 15.9093, 16.4985, 17.0877, 17.677, 18.2662, 18.8554, 19.4447, 20.0339, 20.6231, 21.2124, 21.8016, 22.3908, 22.9801, 23.5693, 24.1585, 24.7478, 25.337, 25.9262, 26.5155, 27.1047, 27.6939, 28.2831, 28.8724, 29.4616, 30.0508, 30.6401, 31.2293, 31.8185, 32.4078, 32.997, 33.5862, 34.1755, 34.7647, 35.3539, 35.9432, 36.5324, 37.1216, 37.7109, 38.3001, 38.8893, 39.4786, 40.0678, 40.657
1.8215, 1.83774, 1.85462, 1.87221, 1.89053, 1.90965, 1.92963, 1.95052, 1.97241, 1.99538, 2.01951, 2.04492, 2.07171, 2.10001, 2.12999, 2.16181, 2.19568, 2.23182, 2.27052, 2.31209, 2.35691, 2.40546, 2.4583, 2.51611, 2.57978, 2.65041, 2.72944, 2.81877, 2.92102, 3.03988, 3.18079, 3.3523, 3.56891, 3.8586, 4.28595, 4.8813, 4.40105, 1.66337, 0.162315, 0.00331583, 1.11737e-05, 2.91209e-09, 4.45427e-13, 1.19677e-17, 5.6481e-23, 4.68225e-29, 6.81814e-36, 1.74395e-43, 7.83542e-52, 6.18367e-61, 8.57207e-71, 2.08728e-81, 8.92749e-93, 6.70704e-105, 8.85085e-118, 2.05159e-131, 8.35303e-146, 5.97376e-161, 7.5041e-177, 1.65575e-193, 6.41709e-211, 4.36842e-229, 5.2234e-248, 1.09704e-267, 4.047e-288, 2.62229e-309, 0, 0, 0, 0
1.8215, 1.84068, 1.86069, 1.8816, 1.90346, 1.92635, 1.95035, 1.97556, 2.00208, 2.03001, 2.0595, 2.0907, 2.12376, 2.15888, 2.19628, 2.23623, 2.27902, 2.325, 2.3746, 2.4283, 2.48672, 2.55058, 2.6208, 2.69852, 2.78517, 2.88265, 2.99344, 3.12093, 3.26988, 3.44726, 3.66374, 3.93687, 4.2983, 4.81469, 5.67552, 7.41073, 8.41706, 3.91563, 0.443538, 0.0101068, 3.98242e-05, 1.69161e-08, 2.60676e-12, 7.0561e-17, 3.35498e-22, 2.80204e-28, 4.11071e-35, 1.05929e-42, 4.79476e-51, 3.81216e-60, 5.32384e-70, 1.30595e-80, 5.62698e-92, 4.25861e-104, 5.66112e-117, 1.32183e-130, 5.42113e-145, 3.90515e-160, 4.94107e-176, 1.09808e-192, 4.28627e-210, 2.93868e-228, 3.53875e-247, 7.48467e-267, 2.78046e-287, 1.81418e-308, 0, 0, 0, 0
21.4871
46.23
 
MEASUREMENT 45
1.4716, 4.41481, 7.36319, 10.3064, 13.2548, 16.2031, 19.1774, 22.1309, 25.0793, 28.0277, 30.9502, 33.8934, 36.8314, 39.7747
1.9273, 1.96926, 2.06729, 2.24351, 2.53107, 2.83354, 3.89849, 1.6799, 0.00364209, -0.00252473, -0.00157303, -0.00183877, -0.00458941, -0.00391724
0.00210827, 0.00200825, 0.00263278, 0.003309, 0.00342342, 0.00337702, 0.00380428, 0.00161768, 0.000411667, 0.000422416, 0.000368404, 0.000397576, 0.000489009, 0.000420057
0, 0.589232, 1.17846, 1.7677, 2.35693, 2.94616, 3.53539, 4.12463, 4.71386, 5.30309, 5.89232, 6.48156, 7.07079, 7.66002, 8.24925, 8.83848, 9.42772, 10.0169, 10.6062, 11.1954, 11.7846, 12.3739, 12.9631, 13.5523, 14.1416, 14.7308, 15.32, 15.9093, 16.4985, 17.0877, 17.677, 18.2662, 18.8554, 19.4447, 20.0339, 20.6231, 21.2124, 21.8016, 22.3908, 22.9801, 23.5693, 24.1585, 24.7478, 25.337, 25.9262, 26.5155, 27.1047, 27.6939, 28.2831, 28.8724, 29.4616, 30.0508, 30.6401, 31.2293, 31.8185, 32.4078, 32.997, 33.5862, 34.1755, 34.7647, 35.3539, 35.9432, 36.5324, 37.1216, 37.7109, 38.3001, 38.8893, 39.4786, 40.0678, 40.657
1.83595, 1.85231, 1.86932, 1.88704, 1.9055, 1.92477, 1.94489, 1.96595, 1.988, 2.01114, 2.03546, 2.06105, 2.08804, 2.11656, 2.14676, 2.17882, 2.21294, 2.24935, 2.28833, 2.33021, 2.37537, 2.42427, 2.4775, 2.53574, 2.59987, 2.67101, 2.75061, 2.84058, 2.94356, 3.06326, 3.20516, 3.37787, 3.59598, 3.88766, 4.31784, 4.91458, 4.43002, 1.68618, 0.167799, 0.00354524, 1.27691e-05, 3.4546e-09, 5.70821e-13, 1.68097e-17, 8.82217e-23, 8.25179e-29, 1.37555e-35, 4.08658e-43, 2.16371e-51, 2.04169e-60, 3.43348e-70, 1.02904e-80, 5.49641e-92, 5.23211e-104, 8.87613e-117, 2.68361e-130, 1.44597e-144, 1.38851e-159, 2.37619e-175, 7.24698e-192, 3.93891e-209, 3.81536e-227, 6.5862e-246, 2.02616e-265, 1.11083e-285, 1.08532e-306, 0, 0, 0, 0
1.83595, 1.85528, 1.87545, 1.89652, 1.91855, 1.94162, 1.96581, 1.99122, 2.01794, 2.0461, 2.07582, 2.10726, 2.14057, 2.17597, 2.21367, 2.25393, 2.29705, 2.34339, 2.39337, 2.4475, 2.50637, 2.57073, 2.6415, 2.71982, 2.80714, 2.90537, 3.01702, 3.14549, 3.29559, 3.47432, 3.69246, 3.96767, 4.33187, 4.85227, 5.72013, 7.46495, 8.46951, 3.96511, 0.457896, 0.0107897, 4.50723e-05, 2.00849e-08, 3.3433e-12, 9.91834e-17, 5.24399e-22, 4.9413e-28, 8.29802e-35, 2.48348e-42, 1.32464e-50, 1.25917e-59, 2.13314e-69, 6.44018e-80, 3.46514e-91, 3.32265e-103, 5.6779e-116, 1.72913e-129, 9.38436e-144, 9.07642e-159, 1.56443e-174, 4.80537e-191, 2.63042e-208, 2.56596e-226, 4.46064e-245, 1.38187e-264, 7.62879e-285, 7.50522e-306, 0, 0, 0, 0
21.4885
46.23
 
MEASUREMENT 46
1.4716, 4.41481, 7.36319, 10.3064, 13.2548, 16.2031, 19.1774, 22.1309, 25.0793, 28.0277, 30.9502, 33.8934, 36.8314, 39.7747
1.94223, 1.98384, 2.08155, 2.2601, 2.54934, 2.85509, 3.92685, 1.69175, 0.00387356, -0.00220152, -0.00140523, -0.00197401, -0.00452737, -0.00416538
0.00210827, 0.00200825, 0.00263278, 0.003309, 0.00342342, 0.00337702, 0.00380428, 0.00161768, 0.000411667, 0.000422416, 0.000368404, 0.000397576, 0.000489009, 0.000420057
0, 0.589232, 1.17846, 1.7677, 2.35693, 2.94616, 3.53539, 4.12463, 4.71386, 5.30309, 5.89232, 6.48156, 7.07079, 7.66002, 8.24925, 8.83848, 9.42772, 10.0169, 10.6062, 11.1954, 11.7846, 12.3739, 12.9631, 13.5523, 14.1416, 14.7308, 15.32, 15.9093, 16.4985, 17.0877, 17.677, 18.2662, 18.8554, 19.4447, 20.0339, 20.6231, 21.2124, 21.8016, 22.3908, 22.9801, 23.5693, 24.1585, 24.7478, 25.337, 25.9262, 26.5155, 27.1047, 27.6939, 28.2831, 28.8724, 29.4616, 30.0508, 30.6401, 31.2293, 31.8185, 32.4078, 32.997, 33.5862, 34.1755, 34.7647, 35.3539, 35.9432, 36.5324, 37.1216, 37.7109, 38.3001, 38.8893, 39.4786, 40.0678, 40.657
1.84903, 1.86551, 1.88266, 1.90051, 1.91911, 1.93852, 1.9588, 1.98002, 2.00224, 2.02556, 2.05006, 2.07585, 2.10305, 2.13179, 2.16223, 2.19454, 2.22892, 2.26562, 2.30491, 2.34711, 2.39263, 2.44192, 2.49557, 2.55427, 2.61892, 2.69064, 2.77088, 2.86159, 2.96543, 3.08612, 3.22922, 3.40341, 3.62342, 3.91771, 4.35192, 4.95544, 4.46425, 1.68919, 0.16579, 0.00342548, 1.18166e-05, 3.1248e-09, 4.92068e-13, 1.36926e-17, 6.73298e-23, 5.8504e-29, 8.98301e-36, 2.43733e-43, 1.1686e-51, 9.90076e-61, 1.48227e-70, 3.92139e-81, 1.83318e-92, 1.51434e-104, 2.2105e-117, 5.70174e-131, 2.5988e-145, 2.09308e-160, 2.97883e-176, 7.49119e-193, 3.32889e-210, 2.61391e-228, 3.62679e-247, 8.89191e-267, 3.85218e-287, 2.94886e-308, 0, 0, 0, 0
1.84903, 1.8685, 1.88881, 1.91003, 1.93222, 1.95546, 1.97983, 2.00542, 2.03234, 2.0607, 2.09063, 2.1223, 2.15586, 2.19151, 2.22949, 2.27004, 2.31348, 2.36016, 2.4105, 2.46502, 2.52432, 2.58916, 2.66045, 2.73934, 2.82732, 2.92628, 3.03875, 3.16818, 3.31941, 3.4995, 3.7193, 3.99663, 4.36366, 4.88815, 5.76296, 7.5243, 8.53554, 3.97334, 0.452558, 0.0104285, 4.19465e-05, 1.81412e-08, 2.87797e-12, 8.06805e-17, 3.99678e-22, 3.49872e-28, 5.41209e-35, 1.47937e-42, 7.1456e-51, 6.09891e-60, 9.19844e-70, 2.45145e-80, 1.15446e-91, 9.6067e-104, 1.41258e-116, 3.67019e-130, 1.68501e-144, 1.36694e-159, 1.95943e-175, 4.96298e-192, 2.22118e-209, 1.75651e-227, 2.45439e-246, 6.05981e-266, 2.6436e-286, 2.03775e-307, 0, 0, 0, 0
21.4868
46.23
 
MEASUREMENT 47
1.4716, 4.41481, 7.36319, 10.3064, 13.2548, 16.2031, 19.1774, 22.1309, 25.0793, 28.0277, 30.9502, 33.8934, 36.8314, 39.7747
1.9055, 1.9468, 2.04343, 2.21824, 2.50161, 2.80122, 3.85425, 1.6605, 0.00360813, -0.00218761, -0.00139277, -0.00206755, -0.00440829, -0.00391389
0.00210827, 0.00200825, 0.00263278, 0.003309, 0.00342342, 0.00337702, 0.00380428, 0.00161768, 0.000411667, 0.000422416, 0.000368404, 0.000397576, 0.000489009, 0.000420057
0, 0.589232, 1.17846, 1.7677, 2.35693, 2.94616, 3.53539, 4.12463, 4.71386, 5.30309, 5.89232, 6.48156, 7.07079, 7.66002, 8.24925, 8.83848, 9.42772, 10.0169, 10.6062, 11.1954, 11.7846, 12.3739, 12.9631, 13.5523, 14.1416, 14.7308, 15.32, 15.9093, 16.4985, 17.0877, 17.677, 18.2662, 18.8554, 19.4447, 20.0339, 20.6231, 21.2124, 21.8016, 22.3908, 22.9801, 23.5693, 24.1585, 24.7478, 25.337, 25.9262, 26.5155, 27.1047, 27.6939, 28.2831, 28.8724, 29.4616, 30.0508, 30.6401, 31.2293, 31.8185, 32.4078, 32.997, 33.5862, 34.1755, 34.7647, 35.3539, 35.9432, 36.5324, 37.1216, 37.7109, 38.3001, 38.8893, 39.4786, 40.0678, 40.657
1.81405, 1.83023, 1.84706, 1.86458, 1.88285, 1.9019, 1.92181, 1.94264, 1.96446, 1.98735, 2.0114, 2.03672, 2.06342, 2.09164, 2.12152, 2.15324, 2.187, 2.22304, 2.26161, 2.30305, 2.34774, 2.39615, 2.44883, 2.50648, 2.56997, 2.64041, 2.71922, 2.80832, 2.91032, 3.02889, 3.16948, 3.34063, 3.55684, 3.84609, 4.27303, 4.86826, 4.38555, 1.64997, 0.159549, 0.00321519, 1.05478e-05, 2.71888e-09, 4.04814e-13, 1.05417e-17, 4.80122e-23, 3.82456e-29, 5.32842e-36, 1.29838e-43, 5.53338e-52, 4.12442e-61, 5.37676e-71, 1.22591e-81, 4.88857e-93, 3.40945e-105, 4.1588e-118, 8.87216e-132, 3.31031e-146, 2.16015e-161, 2.46534e-177, 4.92087e-194, 1.71783e-211, 1.04879e-229, 1.11988e-248, 2.09132e-268, 6.83026e-289, 3.9014e-310, 0, 0, 0, 0
1.81405, 1.83315, 1.85309, 1.87391, 1.89568, 1.91848, 1.94239, 1.9675, 1.99391, 2.02173, 2.05111, 2.08217, 2.1151, 2.15009, 2.18735, 2.22714, 2.26976, 2.31556, 2.36496, 2.41846, 2.47665, 2.54027, 2.61022, 2.68764, 2.77396, 2.87107, 2.98144, 3.10846, 3.25687, 3.43361, 3.64932, 3.92151, 4.28174, 4.79652, 5.655, 7.38663, 8.38288, 3.88137, 0.435593, 0.00979, 3.76929e-05, 1.57554e-08, 2.36336e-12, 6.20042e-17, 2.84513e-22, 2.28334e-28, 3.20498e-35, 7.86797e-43, 3.37818e-51, 2.53678e-60, 3.33165e-70, 7.65267e-81, 3.07426e-92, 2.15993e-104, 2.65405e-117, 5.70355e-131, 2.14362e-145, 1.40901e-160, 1.61973e-176, 3.25635e-193, 1.14492e-210, 7.04009e-229, 7.57065e-248, 1.42377e-267, 4.68269e-288, 2.69339e-309, 0, 0, 0, 0
21.4854
46.23
 
MEASUREMENT 48
1.4716, 4.41481, 7.36319, 10.3064, 13.2548, 16.2031, 19.1774, 22.1309, 25.0793, 28.0277, 30.9502, 33.8934, 36.8314, 39.7747
1.90935, 1.95056, 2.04654, 2.21861, 2.50601, 2.80586, 3.86004, 1.66335, 0.00383293, -0.00244003, -0.00172259, -0.00191843, -0.00452247, -0.00399486
0.00210827, 0.00200825, 0.00263278, 0.003309, 0.00342342, 0.00337702, 0.00380428, 0.00161768, 0.000411667, 0.000422416, 0.000368404, 0.000397576, 0.000489009, 0.000420057
0, 0.589232, 1.17846, 1.7677, 2.35693, 2.94616, 3.53539, 4.12463, 4.71386, 5.30309, 5.89232, 6.48156, 7.07079, 7.66002, 8.24925, 8.83848, 9.42772, 10.0169, 10.6062, 11.1954, 11.7846, 12.3739, 12.9631, 13.5523, 14.1416, 14.7308, 15.32, 15.9093, 16.4985, 17.0877, 17.677, 18.2662, 18.8554, 19.4447, 20.0339, 20.6231, 21.2124, 21.8016, 22.3908, 22.9801, 23.5693, 24.1585, 24.7478, 25.337, 25.9262, 26.5155, 27.1047, 27.6939, 28.2831, 28.8724, 29.4616, 30.0508, 30.6401, 31.2293, 31.8185, 32.4078, 32.997, 33.5862, 34.1755, 34.7647, 35.3539, 35.9432, 36.5324, 37.1216, 37.7109, 38.3001, 38.8893, 39.4786, 40.0678, 40.657
1.81757, 1.83377, 1.85062, 1.86816, 1.88645, 1.90552, 1.92546, 1.94631, 1.96815, 1.99106, 2.01514, 2.04049, 2.06722, 2.09547, 2.12538, 2.15713, 2.19092, 2.22698, 2.26559, 2.30707, 2.3518, 2.40024, 2.45295, 2.51064, 2.57417, 2.64464, 2.72349, 2.81262, 2.91464, 3.03323, 3.17382, 3.34494, 3.56106, 3.85011, 4.27649, 4.86971, 4.38982, 1.66217, 0.163094, 0.00336415, 1.15599e-05, 3.04563e-09, 4.76543e-13, 1.31545e-17, 6.40607e-23, 5.50372e-29, 8.34195e-36, 2.23061e-43, 1.05226e-51, 8.75723e-61, 1.28574e-70, 3.33029e-81, 1.52178e-92, 1.22676e-104, 1.74465e-117, 4.37717e-131, 1.93739e-145, 1.51277e-160, 2.08385e-176, 5.06399e-193, 2.17096e-210, 1.64187e-228, 2.19057e-247, 5.1559e-267, 2.14081e-287, 1.56811e-308, 0, 0, 0, 0
1.81757, 1.83671, 1.85668, 1.87753, 1.89935, 1.92219, 1.94614, 1.97129, 1.99775, 2.02563, 2.05505, 2.08618, 2.11917, 2.15421, 2.19154, 2.2314, 2.27409, 2.31997, 2.36946, 2.42305, 2.48134, 2.54506, 2.61513, 2.69267, 2.77914, 2.8764, 2.98695, 3.11416, 3.26279, 3.43978, 3.65579, 3.92832, 4.28897, 4.80427, 5.66344, 7.39394, 8.39421, 3.91118, 0.445427, 0.0102479, 4.10753e-05, 1.76925e-08, 2.78891e-12, 7.75586e-17, 3.80516e-22, 3.29353e-28, 5.02916e-35, 1.35479e-42, 6.43857e-51, 5.39816e-60, 7.98434e-70, 2.08337e-80, 9.59021e-92, 7.7879e-104, 1.11568e-116, 2.81961e-130, 1.25708e-144, 9.88688e-160, 1.37175e-175, 3.35747e-192, 1.44966e-209, 1.10417e-227, 1.4836e-246, 3.51648e-266, 1.47031e-286, 1.08447e-307, 0, 0, 0, 0
21.4874
46.23
 
MEASUREMENT 49
1.4716, 4.41481, 7.36319, 10.3064, 13.2548, 16.2031, 19.1774, 22.1309, 25.0793, 28.0277, 30.9502, 33.8934, 36.8314, 39.7747
1.91237, 1.95444, 2.05147, 2.22687, 2.51182, 2.81261, 3.86942, 1.66703, 0.00343644, -0.00235776, -0.00141165, -0.00204729, -0.00481025, -0.0040342
0.00210827, 0.00200825, 0.00263278, 0.003309, 0.00342342, 0.00337702, 0.00380428, 0.00161768, 0.000411667, 0.000422416, 0.000368404, 0.000397576, 0.000489009, 0.000420057
0, 0.589232, 1.17846, 1.7677, 2.35693, 2.94616, 3.53539, 4.12463, 4.71386, 5.30309, 5.89232, 6.48156, 7.07079, 7.66002, 8.24925, 8.83848, 9.42772, 10.0169, 10.6062, 11.1954, 11.7846, 12.3739, 12.9631, 13.5523, 14.1416, 14.7308, 15.32, 15.9093, 16.4985, 17.0877, 17.677, 18.2662, 18.8554, 19.4447, 20.0339, 20.6231, 21.2124, 21.8016, 22.3908, 22.9801, 23.5693, 24.1585, 24.7478, 25.337, 25.9262, 26.5155, 27.1047, 27.6939, 28.2831, 28.8724, 29.4616, 30.0508, 30.6401, 31.2293, 31.8185, 32.4078, 32.997, 33.5862, 34.1755, 34.7647, 35.3539, 35.9432, 36.5324, 37.1216, 37.7109, 38.3001, 38.8893, 39.4786, 40.0678, 40.657
1.82138, 1.83763, 1.85452, 1.87211, 1.89044, 1.90957, 1.92955, 1.95046, 1.97236, 1.99533, 2.01948, 2.04489, 2.0717, 2.10002, 2.13001, 2.16185, 2.19574, 2.2319, 2.27062, 2.31221, 2.35706, 2.40564, 2.45852, 2.51637, 2.58009, 2.65078, 2.72987, 2.81928, 2.92163, 3.0406, 3.18167, 3.35339, 3.57031, 3.86049, 4.28871, 4.88435, 4.40011, 1.66279, 0.162684, 0.00334403, 1.14191e-05, 3.00458e-09, 4.67861e-13, 1.28483e-17, 6.22261e-23, 5.3149e-29, 8.00593e-36, 2.12678e-43, 9.96386e-52, 8.23238e-61, 1.19954e-70, 3.08245e-81, 1.3969e-92, 1.11642e-104, 1.57353e-117, 3.9112e-131, 1.71447e-145, 1.32537e-160, 1.80687e-176, 4.34409e-193, 1.84184e-210, 1.37716e-228, 1.81593e-247, 4.22268e-267, 1.73162e-287, 1.25226e-308, 0, 0, 0, 0
1.82138, 1.84057, 1.86058, 1.88148, 1.90334, 1.92623, 1.95023, 1.97544, 2.00196, 2.0299, 2.05939, 2.09058, 2.12364, 2.15876, 2.19617, 2.23611, 2.2789, 2.32489, 2.37448, 2.42819, 2.48661, 2.55048, 2.6207, 2.69842, 2.78509, 2.88257, 2.99338, 3.12089, 3.26987, 3.44728, 3.66382, 3.93704, 4.29863, 4.81538, 5.67727, 7.41322, 8.40924, 3.90938, 0.443847, 0.0101747, 4.05629e-05, 1.74227e-08, 2.73319e-12, 7.56176e-17, 3.68955e-22, 3.17482e-28, 4.8179e-35, 1.28941e-42, 6.08571e-51, 5.06548e-60, 7.4356e-70, 1.92485e-80, 8.78736e-92, 7.07458e-104, 1.00443e-116, 2.51489e-130, 1.11043e-144, 8.64636e-160, 1.18726e-175, 2.87494e-192, 1.22766e-209, 9.24463e-228, 1.22762e-246, 2.87474e-266, 1.18711e-286, 8.64454e-308, 0, 0, 0, 0
21.4864
46.23
 
MEASUREMENT 50
1.4716, 4.41481, 7.36319, 10.3064, 13.2548, 16.2031, 19.1774, 22.1309, 25.0793, 28.0277, 30.9502, 33.8934, 36.8314, 39.7747
1.9189, 1.95957, 2.05631, 2.23186, 2.51512, 2.81914, 3.88167, 1.67075, 0.00375534, -0.00218798, -0.00171346, -0.00175164, -0.00435887, -0.00402251
0.00210827, 0.00200825, 0.00263278, 0.003309, 0.00342342, 0.00337702, 0.00380428, 0.00161768, 0.000411667, 0.000422416, 0.000368404, 0.000397576, 0.000489009, 0.000420057
0, 0.589232, 1.17846, 1.7677, 2.35693, 2.94616, 3.53539, 4.12463, 4.71386, 5.30309, 5.89232, 6.48156, 7.07079, 7.66002, 8.24925, 8.83848, 9.42772, 10.0169, 10.6062, 11.1954, 11.7846, 12.3739, 12.9631, 13.5523, 14.1416, 14.7308, 15.32, 15.9093, 16.4985, 17.0877, 17.677, 18.2662, 18.8554, 19.4447, 20.0339, 20.6231, 21.2124, 21.8016, 22.3908, 22.9801, 23.5693, 24.1585, 24.7478, 25.337, 25.9262, 26.5155, 27.1047, 27.6939, 28.2831, 28.8724, 29.4616, 30.0508, 30.6401, 31.2293, 31.8185, 32.4078, 32.997, 33.5862, 34.1755, 34.7647, 35.3539, 35.9432, 36.5324, 37.1216, 37.7109, 38.3001, 38.8893, 39.4786, 40.0678, 40.657
1.82575, 1.84204, 1.85898, 1.87662, 1.895, 1.91419, 1.93423, 1.9552, 1.97716, 2.0002, 2.02442, 2.04991, 2.07679, 2.1052, 2.13528, 2.16722, 2.20121, 2.23748, 2.27632, 2.31804, 2.36304, 2.41177, 2.46481, 2.52286, 2.58678, 2.6577, 2.73706, 2.82678, 2.92948, 3.04888, 3.19046, 3.36282, 3.58057, 3.87192, 4.30201, 4.90158, 4.41478, 1.66039, 0.160521, 0.00323503, 1.06169e-05, 2.73923e-09, 4.08322e-13, 1.06498e-17, 4.86003e-23, 3.8806e-29, 5.4215e-36, 1.32526e-43, 5.66813e-52, 4.24168e-61, 5.55385e-71, 1.27235e-81, 5.10005e-93, 3.57682e-105, 4.38909e-118, 9.42331e-132, 3.53984e-146, 2.32657e-161, 2.67544e-177, 5.38299e-194, 1.89495e-211, 1.16713e-229, 1.25772e-248, 2.37132e-268, 7.82239e-289, 4.51469e-310, 0, 0, 0, 0
1.82575, 1.84498, 1.86504, 1.88599, 1.90791, 1.93085, 1.95492, 1.98019, 2.00677, 2.03477, 2.06434, 2.09561, 2.12875, 2.16396, 2.20146, 2.24151, 2.28441, 2.3305, 2.38023, 2.43407, 2.49264, 2.55667, 2.62707, 2.70499, 2.79188, 2.88962, 3.00071, 3.12856, 3.27794, 3.45583, 3.67296, 3.94693, 4.30955, 4.82776, 5.69208, 7.43532, 8.4356, 3.90381, 0.437971, 0.00984359, 3.79118e-05, 1.58592e-08, 2.38171e-12, 6.25837e-17, 2.87738e-22, 2.3147e-28, 3.258e-35, 8.02353e-43, 3.45729e-51, 2.60651e-60, 3.43822e-70, 7.93521e-81, 3.20428e-92, 2.26386e-104, 2.79841e-117, 6.05221e-131, 2.29011e-145, 1.51613e-160, 1.75612e-176, 3.55879e-193, 1.26178e-210, 7.82698e-229, 8.49439e-248, 1.61285e-267, 5.35774e-288, 3.11379e-309, 0, 0, 0, 0
21.4851
46.23
 
MEASUREMENT 51
1.4716, 4.41481, 7.36319, 10.3064, 13.2548, 16.2031, 19.1774, 22.1309, 25.0793, 28.0277, 30.9502, 33.8934, 36.8314, 39.7747
1.92456, 1.96611, 2.0634, 2.24016, 2.52636, 2.8284, 3.89194, 1.67679, 0.00368856, -0.00227117, -0.00154427, -0.00221785, -0.00477644, -0.00408477
0.00210827, 0.00200825, 0.00263278, 0.003309, 0.00342342, 0.00337702, 0.00380428, 0.00161768, 0.000411667, 0.000422416, 0.000368404, 0.000397576, 0.000489009, 0.000420057
0, 0.589232, 1.17846, 1.7677, 2.35693, 2.94616, 3.53539, 4.12463, 4.71386, 5.30309, 5.89232, 6.48156, 7.07079, 7.66002, 8.24925, 8.83848, 9.42772, 10.0169, 10.6062, 11.1954, 11.7846, 12.3739, 12.9631, 13.5523, 14.1416, 14.7308, 15.32, 15.9093, 16.4985, 17.0877, 17.677, 18.2662, 18.8554, 19.4447, 20.0339, 20.6231, 21.2124, 21.8016, 22.3908, 22.9801, 23.5693, 24.1585, 24.7478, 25.337, 25.9262, 26.5155, 27.1047, 27.6939, 28.2831, 28.8724, 29.4616, 30.0508, 30.6401, 31.2293, 31.8185, 32.4078, 32.997, 33.5862, 34.1755, 34.7647, 35.3539, 35.9432, 36.5324, 37.1216, 37.7109, 38.3001, 38.8893, 39.4786, 40.0678, 40.657
1.8325, 1.84884, 1.86583, 1.88351, 1.90195, 1.92119, 1.94128, 1.96231, 1.98433, 2.00743, 2.03171, 2.05727, 2.08422, 2.1127, 2.14286, 2.17487, 2.20894, 2.24531, 2.28423, 2.32605, 2.37115, 2.41999, 2.47315, 2.53132, 2.59537, 2.66643, 2.74593, 2.83581, 2.93868, 3.05825, 3.20002, 3.37257, 3.59051, 3.88198, 4.31198, 4.91039, 4.42606, 1.67434, 0.163931, 0.00336955, 1.14985e-05, 3.01881e-09, 4.68763e-13, 1.28242e-17, 6.1811e-23, 5.2488e-29, 7.85256e-36, 2.06976e-43, 9.61136e-52, 7.8633e-61, 1.13339e-70, 2.87811e-81, 1.28762e-92, 1.0149e-104, 1.40931e-117, 3.44777e-131, 1.48601e-145, 1.12836e-160, 1.50947e-176, 3.55751e-193, 1.4771e-210, 1.08048e-228, 1.39241e-247, 3.16121e-267, 1.26439e-287, 8.90933e-309, 0, 0, 0, 0
1.8325, 1.8518, 1.87193, 1.89296, 1.91495, 1.93798, 1.96213, 1.98749, 2.01417, 2.04227, 2.07194, 2.10332, 2.13658, 2.17192, 2.20955, 2.24974, 2.29279, 2.33905, 2.38894, 2.44297, 2.50174, 2.56599, 2.63664, 2.71482, 2.802, 2.90007, 3.01153, 3.13979, 3.28965, 3.4681, 3.6859, 3.96069, 4.32434, 4.84394, 5.71027, 7.45561, 8.46412, 3.9403, 0.447775, 0.0102658, 4.08996e-05, 1.75349e-08, 2.74311e-12, 7.56042e-17, 3.6712e-22, 3.14072e-28, 4.73376e-35, 1.25701e-42, 5.88061e-51, 4.84682e-60, 7.03786e-70, 1.80041e-80, 8.11422e-92, 6.44266e-104, 9.01206e-117, 2.22086e-130, 9.64176e-145, 7.37439e-160, 9.93638e-176, 2.35864e-192, 9.86331e-210, 7.26627e-228, 9.43028e-247, 2.15606e-266, 8.68396e-287, 6.1616e-308, 0, 0, 0, 0
21.4871
46.23
 
MEASUREMENT 52
1.4716, 4.41481, 7.36319, 10.3064, 13.2548, 16.2031, 19.1774, 22.1309, 25.0793, 28.0277, 30.9502, 33.8934, 36.8314, 39.7747
1.93898, 1.98135, 2.07891, 2.25976, 2.54888, 2.85104, 3.91879, 1.68939, 0.00398127, -0.00210704, -0.00153244, -0.00194754, -0.00457394, -0.00416447
0.00210827, 0.00200825, 0.00263278, 0.003309, 0.00342342, 0.00337702, 0.00380428, 0.00161768, 0.000411667, 0.000422416, 0.000368404, 0.000397576, 0.000489009, 0.000420057
0, 0.589232, 1.17846, 1.7677, 2.35693, 2.94616, 3.53539, 4.12463, 4.71386, 5.30309, 5.89232, 6.48156, 7.07079, 7.66002, 8.24925, 8.83848, 9.42772, 10.0169, 10.6062, 11.1954, 11.7846, 12.3739, 12.9631, 13.5523, 14.1416, 14.7308, 15.32, 15.9093, 16.4985, 17.0877, 17.677, 18.2662, 18.8554, 19.4447, 20.0339, 20.6231, 21.2124, 21.8016, 22.3908, 22.9801, 23.5693, 24.1585, 24.7478, 25.337, 25.9262, 26.5155, 27.1047, 27.6939, 28.2831, 28.8724, 29.4616, 30.0508, 30.6401, 31.2293, 31.8185, 32.4078, 32.997, 33.5862, 34.1755, 34.7647, 35.3539, 35.9432, 36.5324, 37.1216, 37.7109, 38.3001, 38.8893, 39.4786, 40.0678, 40.657
1.84742, 1.86388, 1.88099, 1.89881, 1.91737, 1.93675, 1.95699, 1.97816, 2.00034, 2.02361, 2.04806, 2.0738, 2.10094, 2.12962, 2.15999, 2.19223, 2.22654, 2.26315, 2.30234, 2.34445, 2.38985, 2.43902, 2.49253, 2.55108, 2.61555, 2.68707, 2.76708, 2.85752, 2.96103, 3.08133, 3.22394, 3.39748, 3.61662, 3.90962, 4.34161, 4.94093, 4.45388, 1.69451, 0.168339, 0.00354484, 1.26828e-05, 3.41465e-09, 5.5943e-13, 1.63051e-17, 8.45437e-23, 7.79859e-29, 1.27976e-35, 3.73608e-43, 1.94035e-51, 1.79275e-60, 2.94667e-70, 8.61625e-81, 4.48205e-92, 4.1477e-104, 6.82822e-117, 1.99976e-130, 1.04187e-144, 9.65652e-160, 1.59218e-175, 4.67012e-192, 2.43685e-209, 2.26199e-227, 3.7352e-246, 1.09723e-265, 5.73375e-286, 5.33013e-307, 0, 0, 0, 0
1.84742, 1.86688, 1.88717, 1.90837, 1.93054, 1.95376, 1.9781, 2.00366, 2.03055, 2.05889, 2.08879, 2.12043, 2.15395, 2.18957, 2.2275, 2.26801, 2.3114, 2.35803, 2.40833, 2.46279, 2.52202, 2.58679, 2.65799, 2.7368, 2.82467, 2.92351, 3.03584, 3.16511, 3.31614, 3.49598, 3.71546, 3.99237, 4.35879, 4.88232, 5.75526, 7.51091, 8.52526, 3.99097, 0.460202, 0.0108097, 4.48944e-05, 1.98981e-08, 3.28413e-12, 9.64291e-17, 5.03705e-22, 4.68081e-28, 7.73825e-35, 2.27582e-42, 1.19071e-50, 1.10827e-59, 1.83507e-69, 5.40537e-80, 2.83246e-91, 2.64036e-103, 4.3785e-116, 1.29165e-129, 6.77832e-144, 6.32781e-159, 1.05084e-174, 3.10436e-191, 1.63139e-208, 1.52506e-226, 2.53608e-245, 7.50208e-265, 3.94768e-285, 3.69522e-306, 0, 0, 0, 0
21.4887
46.23
 
MEASUREMENT 53
1.4716, 4.41481, 7.36319, 10.3064, 13.2548, 16.2031, 19.1774, 22.1309, 25.0793, 28.0277, 30.9502, 33.8934, 36.8314, 39.7747
1.93356, 1.97477, 2.07207, 2.24628, 2.53436, 2.83757, 3.9111, 1.68395, 0.00351744, -0.00194603, -0.00140553, -0.00177919, -0.00460746, -0.00410081
0.00210827, 0.00200825, 0.00263278, 0.003309, 0.00342342, 0.00337702, 0.00380428, 0.00161768, 0.000411667, 0.000422416, 0.000368404, 0.000397576, 0.000489009, 0.000420057
0, 0.589232, 1.17846, 1.7677, 2.35693, 2.94616, 3.53539, 4.12463, 4.71386, 5.30309, 5.89232, 6.48156, 7.07079, 7.66002, 8.24925, 8.83848, 9.42772, 10.0169, 10.6062, 11.1954, 11.7846, 12.3739, 12.9631, 13.5523, 14.1416, 14.7308, 15.32, 15.9093, 16.4985, 17.0877, 17.677, 18.2662, 18.8554, 19.4447, 20.0339, 20.6231, 21.2124, 21.8016, 22.3908, 22.9801, 23.5693, 24.1585, 24.7478, 25.337, 25.9262, 26.5155, 27.1047, 27.6939, 28.2831, 28.8724, 29.4616, 30.0508, 30.6401, 31.2293, 31.8185, 32.4078, 32.997, 33.5862, 34.1755, 34.7647, 35.3539, 35.9432, 36.5324, 37.1216, 37.7109, 38.3001, 38.8893, 39.4786, 40.0678, 40.657
1.84106, 1.85746, 1.87451, 1.89227, 1.91078, 1.93009, 1.95026, 1.97136, 1.99347, 2.01666, 2.04103, 2.06669, 2.09374, 2.12232, 2.15259, 2.18473, 2.21892, 2.25541, 2.29448, 2.33644, 2.3817, 2.43071, 2.48404, 2.5424, 2.60666, 2.67794, 2.75768, 2.84782, 2.95098, 3.07088, 3.21299, 3.38593, 3.60428, 3.89615, 4.32637, 4.926, 4.45, 1.69327, 0.167166, 0.00347016, 1.20519e-05, 3.17727e-09, 5.0001e-13, 1.38761e-17, 6.79078e-23, 5.86049e-29, 8.9189e-36, 2.39359e-43, 1.13279e-51, 9.45382e-61, 1.39131e-70, 3.61078e-81, 1.65247e-92, 1.3336e-104, 1.89788e-117, 4.76287e-131, 2.10776e-145, 1.64484e-160, 2.26349e-176, 5.49267e-193, 2.35037e-210, 1.77352e-228, 2.35984e-247, 5.53697e-267, 2.2909e-287, 1.6714e-308, 0, 0, 0, 0
1.84106, 1.86044, 1.88067, 1.90179, 1.92388, 1.94701, 1.97127, 1.99674, 2.02354, 2.05177, 2.08157, 2.11309, 2.1465, 2.18199, 2.21978, 2.26015, 2.30338, 2.34985, 2.39996, 2.45422, 2.51324, 2.57777, 2.64871, 2.72722, 2.81477, 2.91324, 3.02515, 3.15392, 3.30436, 3.4835, 3.70209, 3.97784, 4.34264, 4.86364, 5.73139, 7.47969, 8.51101, 3.98736, 0.457082, 0.0105859, 4.2811e-05, 1.84996e-08, 2.93298e-12, 8.2002e-17, 4.043e-22, 3.51516e-28, 5.38949e-35, 1.45717e-42, 6.94749e-51, 5.8412e-60, 8.66022e-70, 2.26416e-80, 1.04384e-91, 8.48615e-104, 1.21655e-116, 3.07535e-130, 1.37088e-144, 1.07757e-159, 1.49357e-175, 3.65043e-192, 1.57324e-209, 1.19557e-227, 1.60209e-246, 3.78552e-266, 1.57721e-286, 1.15871e-307, 0, 0, 0, 0
21.4901
46.23
 
MEASUREMENT 54
1.4716, 4.41481, 7.36319, 10.3064, 13.2548, 16.2031, 19.1774, 22.1309, 25.0793, 28.0277, 30.9502, 33.8934, 36.8314, 39.7747
1.89494, 1.93605, 2.03128, 2.20532, 2.48738, 2.78521, 3.83167, 1.64997, 0.00363449, -0.00211691, -0.00171215, -0.00209927, -0.00458775, -0.00379045
0.00210827, 0.00200825, 0.00263278, 0.003309, 0.00342342, 0.00337702, 0.00380428, 0.00161768, 0.000411667, 0.000422416, 0.000368404, 0.000397576, 0.000489009, 0.000420057
0, 0.589232, 1.17846, 1.7677, 2.35693, 2.94616, 3.53539, 4.12463, 4.71386, 5.30309, 5.89232, 6.48156, 7.07079, 7.66002, 8.24925, 8.83848, 9.42772, 10.0169, 10.6062, 11.1954, 11.7846, 12.3739, 12.9631, 13.5523, 14.1416, 14.7308, 15.32, 15.9093, 16.4985, 17.0877, 17.677, 18.2662, 18.8554, 19.4447, 20.0339, 20.6231, 21.2124, 21.8016, 22.3908, 22.9801, 23.5693, 24.1585, 24.7478, 25.337, 25.9262, 26.5155, 27.1047, 27.6939, 28.2831, 28.8724, 29.4616, 30.0508, 30.6401, 31.2293, 31.8185, 32.4078, 32.997, 33.5862, 34.1755, 34.7647, 35.3539, 35.9432, 36.5324, 37.1216, 37.7109, 38.3001, 38.8893, 39.4786, 40.0678, 40.657
1.80394, 1.82002, 1.83676, 1.85417, 1.87233, 1.89127, 1.91106, 1.93176, 1.95345, 1.9762, 2.00011, 2.02528, 2.05183, 2.07987, 2.10958, 2.14111, 2.17466, 2.21047, 2.24881, 2.29, 2.33442, 2.38253, 2.43489, 2.49218, 2.55528, 2.62528, 2.7036, 2.79215, 2.89349, 3.01131, 3.15101, 3.32105, 3.53585, 3.82318, 4.24722, 4.83774, 4.35717, 1.64109, 0.159216, 0.00322702, 1.07124e-05, 2.7775e-09, 4.19089e-13, 1.10875e-17, 5.14318e-23, 4.18315e-29, 5.9655e-36, 1.49163e-43, 6.53954e-52, 5.02692e-61, 6.77525e-71, 1.60109e-81, 6.634e-93, 4.81948e-105, 6.13888e-118, 1.37102e-131, 5.36857e-146, 3.68584e-161, 4.43684e-177, 9.36421e-194, 3.46519e-211, 2.24822e-229, 2.55744e-248, 5.10067e-268, 1.78362e-288, 1.09352e-309, 0, 0, 0, 0
1.80394, 1.82294, 1.84276, 1.86346, 1.88511, 1.90779, 1.93156, 1.95653, 1.98279, 2.01046, 2.03967, 2.07057, 2.10331, 2.1381, 2.17515, 2.21472, 2.2571, 2.30265, 2.35177, 2.40497, 2.46283, 2.52609, 2.59565, 2.67264, 2.75848, 2.85504, 2.9648, 3.0911, 3.23868, 3.41442, 3.62892, 3.89958, 4.25778, 4.76968, 5.6234, 7.34467, 8.33377, 3.86292, 0.434975, 0.00983298, 3.82515e-05, 1.61179e-08, 2.45015e-12, 6.53059e-17, 3.05202e-22, 2.50088e-28, 3.59311e-35, 9.05141e-43, 3.99787e-51, 3.09604e-60, 4.20385e-70, 1.0008e-80, 4.17743e-92, 3.05722e-104, 3.92282e-117, 8.82518e-131, 3.48096e-145, 2.40727e-160, 2.91875e-176, 6.20458e-193, 2.31245e-210, 1.51103e-228, 1.73106e-247, 3.47685e-267, 1.22433e-287, 7.55857e-309, 0, 0, 0, 0
21.4856
46.23
 
MEASUREMENT 55
1.4716, 4.41481, 7.36319, 10.3064, 13.2548, 16.2031, 19.1774, 22.1309, 25.0793, 28.0277, 30.9502, 33.8934, 36.8314, 39.7747
1.8999, 1.94096, 2.03695, 2.21157, 2.49451, 2.79242, 3.8427, 1.65567, 0.00375665, -0.00223269, -0.00135185, -0.00204194, -0.00461384, -0.00407783
0.00210827, 0.00200825, 0.00263278, 0.003309, 0.00342342, 0.00337702, 0.00380428, 0.00161768, 0.000411667, 0.000422416, 0.000368404, 0.000397576, 0.000489009, 0.000420057
0, 0.589232, 1.17846, 1.7677, 2.35693, 2.94616, 3.53539, 4.12463, 4.71386, 5.30309, 5.89232, 6.48156, 7.07079, 7.66002, 8.24925, 8.83848, 9.42772, 10.0169, 10.6062, 11.1954, 11.7846, 12.3739, 12.9631, 13.5523, 14.1416, 14.7308, 15.32, 15.9093, 16.4985, 17.0877, 17.677, 18.2662, 18.8554, 19.4447, 20.0339, 20.6231, 21.2124, 21.8016, 22.3908, 22.9801, 23.5693, 24.1585, 24.7478, 25.337, 25.9262, 26.5155, 27.1047, 27.6939, 28.2831, 28.8724, 29.4616, 30.0508, 30.6401, 31.2293, 31.8185, 32.4078, 32.997, 33.5862, 34.1755, 34.7647, 35.3539, 35.9432, 36.5324, 37.1216, 37.7109, 38.3001, 38.8893, 39.4786, 40.0678, 40.657
1.80861, 1.82474, 1.84152, 1.85899, 1.8772, 1.89619, 1.91604, 1.93681, 1.95856, 1.98138, 2.00536, 2.0306, 2.05723, 2.08536, 2.11515, 2.14678, 2.18043, 2.21635, 2.25481, 2.29613, 2.34069, 2.38894, 2.44146, 2.49894, 2.56224, 2.63246, 2.71103, 2.79986, 2.90155, 3.01976, 3.15992, 3.33056, 3.54613, 3.83453, 4.26025, 4.85235, 4.36916, 1.64819, 0.160762, 0.0032905, 1.11458e-05, 2.92388e-09, 4.51841e-13, 1.23012e-17, 5.89987e-23, 4.98507e-29, 7.42052e-36, 1.94594e-43, 8.98994e-52, 7.3167e-61, 1.04907e-70, 2.64985e-81, 1.17915e-92, 9.2436e-105, 1.27656e-117, 3.10575e-131, 1.33112e-145, 1.00505e-160, 1.33685e-176, 3.13256e-193, 1.29311e-210, 9.40345e-229, 1.20464e-247, 2.71858e-267, 1.08079e-287, 7.5693e-309, 0, 0, 0, 0
1.80861, 1.82766, 1.84753, 1.86829, 1.88999, 1.91272, 1.93656, 1.96159, 1.98792, 2.01567, 2.04495, 2.07593, 2.10876, 2.14364, 2.18078, 2.22045, 2.26294, 2.30861, 2.35786, 2.4112, 2.46921, 2.53264, 2.60238, 2.67956, 2.76563, 2.86245, 2.97249, 3.09913, 3.24709, 3.4233, 3.63837, 3.90975, 4.26894, 4.7823, 5.63873, 7.36392, 8.34936, 3.87438, 0.43849, 0.0100086, 3.96241e-05, 1.69421e-08, 2.63764e-12, 7.23436e-17, 3.49559e-22, 2.97561e-28, 4.46234e-35, 1.17891e-42, 5.48687e-51, 4.49879e-60, 6.49819e-70, 1.65352e-80, 7.41224e-92, 5.85338e-104, 8.14293e-117, 1.99558e-130, 8.61529e-145, 6.55211e-160, 8.77812e-176, 2.0717e-192, 8.61308e-210, 6.308e-228, 8.13814e-247, 1.84951e-266, 7.40433e-287, 5.22166e-308, 0, 0, 0, 0
21.4856
46.23
 
MEASUREMENT 56
1.4716, 4.41481, 7.36319, 10.3064, 13.2548, 16.2031, 19.1774, 22.1309, 25.0793, 28.0277, 30.9502, 33.8934, 36.8314, 39.7747
1.95151, 1.99405, 2.09227, 2.27117, 2.56494, 2.87145, 3.94667, 1.7006, 0.00398306, -0.00201526, -0.00168386, -0.001912, -0.00434149, -0.00378379
0.00210827, 0.00200825, 0.00263278, 0.003309, 0.00342342, 0.00337702, 0.00380428, 0.00161768, 0.000411667, 0.000422416, 0.000368404, 0.000397576, 0.000489009, 0.000420057
0, 0.589232, 1.17846, 1.7677, 2.35693, 2.94616, 3.53539, 4.12463, 4.71386, 5.30309, 5.89232, 6.48156, 7.07079, 7.66002, 8.24925, 8.83848, 9.42772, 10.0169, 10.6062, 11.1954, 11.7846, 12.3739, 12.9631, 13.5523, 14.1416, 14.7308, 15.32, 15.9093, 16.4985, 17.0877, 17.677, 18.2662, 18.8554, 19.4447, 20.0339, 20.6231, 21.2124, 21.8016, 22.3908, 22.9801, 23.5693, 24.1585, 24.7478, 25.337, 25.9262, 26.5155, 27.1047, 27.6939, 28.2831, 28.8724, 29.4616, 30.0508, 30.6401, 31.2293, 31.8185, 32.4078, 32.997, 33.5862, 34.1755, 34.7647, 35.3539, 35.9432, 36.5324, 37.1216, 37.7109, 38.3001, 38.8893, 39.4786, 40.0678, 40.657
1.85835, 1.87492, 1.89216, 1.91011, 1.92881, 1.94833, 1.96872, 1.99005, 2.0124, 2.03584, 2.06048, 2.08641, 2.11376, 2.14266, 2.17327, 2.20575, 2.24033, 2.27723, 2.31674, 2.35918, 2.40495, 2.45453, 2.50848, 2.56752, 2.63254, 2.70467, 2.78538, 2.87663, 2.98107, 3.10249, 3.24645, 3.4217, 3.64307, 3.93921, 4.37626, 4.98546, 4.49161, 1.69111, 0.163771, 0.00330771, 1.09e-05, 2.81458e-09, 4.20944e-13, 1.10188e-17, 5.04828e-23, 4.04811e-29, 5.68144e-36, 1.3956e-43, 6.00014e-52, 4.515e-61, 5.94632e-71, 1.37067e-81, 5.52983e-93, 3.90465e-105, 4.82551e-118, 1.04374e-131, 3.95125e-146, 2.61796e-161, 3.03583e-177, 6.16136e-194, 2.18857e-211, 1.36059e-229, 1.48039e-248, 2.81906e-268, 9.39532e-289, 5.4802e-310, 0, 0, 0, 0
1.85835, 1.87792, 1.89834, 1.91967, 1.94197, 1.96533, 1.98982, 2.01554, 2.04259, 2.0711, 2.10119, 2.13301, 2.16675, 2.20258, 2.24075, 2.28151, 2.32517, 2.37209, 2.4227, 2.4775, 2.53711, 2.60228, 2.67393, 2.75324, 2.84167, 2.94114, 3.05421, 3.18432, 3.33634, 3.51738, 3.73834, 4.01714, 4.38612, 4.91339, 5.79263, 7.56595, 8.58755, 3.97925, 0.447266, 0.0100754, 3.8942e-05, 1.63207e-08, 2.45914e-12, 6.48529e-17, 2.99348e-22, 2.41837e-28, 3.41952e-35, 8.46257e-43, 3.6655e-51, 2.77878e-60, 3.68693e-70, 8.56175e-81, 3.47973e-92, 2.4752e-104, 3.08147e-117, 6.71403e-131, 2.56027e-145, 1.70869e-160, 1.99579e-176, 4.07978e-193, 1.45958e-210, 9.13869e-229, 1.0014e-247, 1.9204e-267, 6.44521e-288, 3.78566e-309, 0, 0, 0, 0
21.4857
46.23
 
MEASUREMENT 57
1.4716, 4.41481, 7.36319, 10.3064, 13.2548, 16.2031, 19.1774, 22.1309, 25.0793, 28.0277, 30.9502, 33.8934, 36.8314, 39.7747
1.94176, 1.98399, 2.08243, 2.26063, 2.54681, 2.85467, 3.92799, 1.69195, 0.00354084, -0.00242102, -0.00138036, -0.00187547, -0.00478077, -0.0040617
0.00210827, 0.00200825, 0.00263278, 0.003309, 0.00342342, 0.00337702, 0.00380428, 0.00161768, 0.000411667, 0.000422416, 0.000368404, 0.000397576, 0.000489009, 0.000420057
0, 0.589232, 1.17846, 1.7677, 2.35693, 2.94616, 3.53539, 4.12463, 4.71386, 5.30309, 5.89232, 6.48156, 7.07079, 7.66002, 8.24925, 8.83848, 9.42772, 10.0169, 10.6062, 11.1954, 11.7846, 12.3739, 12.9631, 13.5523, 14.1416, 14.7308, 15.32, 15.9093, 16.4985, 17.0877, 17.677, 18.2662, 18.8554, 19.4447, 20.0339, 20.6231, 21.2124, 21.8016, 22.3908, 22.9801, 23.5693, 24.1585, 24.7478, 25.337, 25.9262, 26.5155, 27.1047, 27.6939, 28.2831, 28.8724, 29.4616, 30.0508, 30.6401, 31.2293, 31.8185, 32.4078, 32.997, 33.5862, 34.1755, 34.7647, 35.3539, 35.9432, 36.5324, 37.1216, 37.7109, 38.3001, 38.8893, 39.4786, 40.0678, 40.657
1.8488, 1.86528, 1.88243, 1.90028, 1.91889, 1.9383, 1.95858, 1.9798, 2.00203, 2.02535, 2.04985, 2.07565, 2.10285, 2.13159, 2.16204, 2.19435, 2.22874, 2.26544, 2.30474, 2.34695, 2.39247, 2.44178, 2.49544, 2.55416, 2.61882, 2.69056, 2.77083, 2.86157, 2.96543, 3.08618, 3.22934, 3.40361, 3.62375, 3.91824, 4.35282, 4.95637, 4.46346, 1.68917, 0.16608, 0.00344443, 1.19754e-05, 3.18399e-09, 5.06549e-13, 1.42721e-17, 7.12151e-23, 6.2932e-29, 9.84889e-36, 2.72972e-43, 1.33987e-51, 1.16472e-60, 1.79305e-70, 4.8885e-81, 2.36031e-92, 2.01824e-104, 3.05622e-117, 8.19607e-131, 3.89254e-145, 3.2739e-160, 4.87644e-176, 1.2863e-192, 6.00878e-210, 4.97084e-228, 7.28237e-247, 1.88936e-266, 8.68065e-287, 7.06295e-308, 0, 0, 0, 0
1.8488, 1.86827, 1.88858, 1.9098, 1.93199, 1.95522, 1.97959, 2.00517, 2.03209, 2.06045, 2.09038, 2.12204, 2.1556, 2.19125, 2.22922, 2.26977, 2.3132, 2.35988, 2.41022, 2.46473, 2.52403, 2.58886, 2.66014, 2.73903, 2.827, 2.92596, 3.03843, 3.16785, 3.31908, 3.49916, 3.71897, 3.99631, 4.36337, 4.88798, 5.76318, 7.52455, 8.53076, 3.97071, 0.452982, 0.0104766, 4.24322e-05, 1.84691e-08, 2.96011e-12, 8.40212e-17, 4.22366e-22, 3.76015e-28, 5.92838e-35, 1.65531e-42, 8.18528e-51, 7.16797e-60, 1.11165e-69, 3.0531e-80, 1.48498e-91, 1.27908e-103, 1.95109e-116, 5.2705e-130, 2.52129e-144, 2.13592e-159, 3.20435e-175, 8.51303e-192, 4.00512e-209, 3.33681e-227, 4.92301e-246, 1.28621e-265, 5.95074e-286, 4.87538e-307, 0, 0, 0, 0
21.4865
46.23
 
MEASUREMENT 58
1.4716, 4.41481, 7.36319, 10.3064, 13.2548, 16.2031, 19.1774, 22.1309, 25.0793, 28.0277, 30.9502, 33.8934, 36.8314, 39.7747
1.94379, 1.98617, 2.08432, 2.26245, 2.55514, 2.85754, 3.93153, 1.69378, 0.00379649, -0.00216286, -0.00164867, -0.00210152, -0.0042675, -0.00410439
0.00210827, 0.00200825, 0.00263278, 0.003309, 0.00342342, 0.00337702, 0.00380428, 0.00161768, 0.000411667, 0.000422416, 0.000368404, 0.000397576, 0.000489009, 0.000420057
0, 0.589232, 1.17846, 1.7677, 2.35693, 2.94616, 3.53539, 4.12463, 4.71386, 5.30309, 5.89232, 6.48156, 7.07079, 7.66002, 8.24925, 8.83848, 9.42772, 10.0169, 10.6062, 11.1954, 11.7846, 12.3739, 12.9631, 13.5523, 14.1416, 14.7308, 15.32, 15.9093, 16.4985, 17.0877, 17.677, 18.2662, 18.8554, 19.4447, 20.0339, 20.6231, 21.2124, 21.8016, 22.3908, 22.9801, 23.5693, 24.1585, 24.7478, 25.337, 25.9262, 26.5155, 27.1047, 27.6939, 28.2831, 28.8724, 29.4616, 30.0508, 30.6401, 31.2293, 31.8185, 32.4078, 32.997, 33.5862, 34.1755, 34.7647, 35.3539, 35.9432, 36.5324, 37.1216, 37.7109, 38.3001, 38.8893, 39.4786, 40.0678, 40.657
1.85128, 1.86778, 1.88495, 1.90282, 1.92145, 1.94088, 1.96118, 1.98242, 2.00467, 2.02802, 2.05255, 2.07837, 2.1056, 2.13437, 2.16485, 2.19719, 2.23161, 2.26835, 2.30768, 2.34994, 2.3955, 2.44485, 2.49856, 2.55733, 2.62205, 2.69385, 2.77418, 2.86499, 2.96893, 3.08976, 3.23301, 3.40738, 3.62761, 3.92218, 4.35679, 4.96086, 4.46989, 1.69247, 0.166321, 0.00344273, 1.19174e-05, 3.15617e-09, 4.98733e-13, 1.39337e-17, 6.8826e-23, 6.01073e-29, 9.2809e-36, 2.53361e-43, 1.22286e-51, 1.04351e-60, 1.57436e-70, 4.19948e-81, 1.98047e-92, 1.65129e-104, 2.43422e-117, 6.3442e-131, 2.92329e-145, 2.38147e-160, 3.43e-176, 8.73412e-193, 3.93204e-210, 3.12961e-228, 4.40386e-247, 1.09559e-266, 4.8187e-287, 3.74697e-308, 0, 0, 0, 0
1.85128, 1.87078, 1.89112, 1.91236, 1.93458, 1.95784, 1.98224, 2.00786, 2.03481, 2.06321, 2.09318, 2.12488, 2.15848, 2.19418, 2.2322, 2.2728, 2.31629, 2.36302, 2.41343, 2.46801, 2.52739, 2.5923, 2.66367, 2.74266, 2.83073, 2.92981, 3.04242, 3.172, 3.3234, 3.5037, 3.72375, 4.00138, 4.36882, 4.89387, 5.76954, 7.5325, 8.54606, 3.98097, 0.454006, 0.0104811, 4.22848e-05, 1.83262e-08, 2.91741e-12, 8.21133e-17, 4.08621e-22, 3.59514e-28, 5.59238e-35, 1.53802e-42, 7.47846e-51, 6.42899e-60, 9.77128e-70, 2.62566e-80, 1.24738e-91, 1.04769e-103, 1.55575e-116, 4.08426e-130, 1.89564e-144, 1.55547e-159, 2.25649e-175, 5.78714e-192, 2.62395e-209, 2.10331e-227, 2.98061e-246, 7.46726e-266, 3.30726e-286, 2.58956e-307, 0, 0, 0, 0
21.487
46.23
 
MEASUREMENT 59
1.4716, 4.41481, 7.36319, 10.3064, 13.2548, 16.2031, 19.1774, 22.1309, 25.0793, 28.0277, 30.9502, 33.8934, 36.8314, 39.7747
1.94495, 1.98736, 2.0851, 2.26386, 2.55102, 2.85603, 3.93354, 1.69457, 0.00369188, -0.00227658, -0.00136802, -0.00182187, -0.00453985, -0.00386232
0.00210827, 0.00200825, 0.00263278, 0.003309, 0.00342342, 0.00337702, 0.00380428, 0.00161768, 0.000411667, 0.000422416, 0.000368404, 0.000397576, 0.000489009, 0.000420057
0, 0.589232, 1.17846, 1.7677, 2.35693, 2.94616, 3.53539, 4.12463, 4.71386, 5.30309, 5.89232, 6.48156, 7.07079, 7.66002, 8.24925, 8.83848, 9.42772, 10.0169, 10.6062, 11.1954, 11.7846, 12.3739, 12.9631, 13.5523, 14.1416, 14.7308, 15.32, 15.9093, 16.4985, 17.0877, 17.677, 18.2662, 18.8554, 19.4447, 20.0339, 20.6231, 21.2124, 21.8016, 22.3908, 22.9801, 23.5693, 24.1585, 24.7478, 25.337, 25.9262, 26.5155, 27.1047, 27.6939, 28.2831, 28.8724, 29.4616, 30.0508, 30.6401, 31.2293, 31.8185, 32.4078, 32.997, 33.5862, 34.1755, 34.7647, 35.3539, 35.9432, 36.5324, 37.1216, 37.7109, 38.3001, 38.8893, 39.4786, 40.0678, 40.657
1.85197, 1.86848, 1.88564, 1.90351, 1.92214, 1.94157, 1.96188, 1.98311, 2.00536, 2.02871, 2.05324, 2.07905, 2.10628, 2.13505, 2.16552, 2.19786, 2.23228, 2.26901, 2.30834, 2.35058, 2.39614, 2.44548, 2.49917, 2.55792, 2.62262, 2.69439, 2.77469, 2.86545, 2.96934, 3.09009, 3.23323, 3.40744, 3.62744, 3.92159, 4.35536, 4.96036, 4.47688, 1.69515, 0.16568, 0.00338718, 1.14217e-05, 2.97027e-09, 4.53257e-13, 1.21354e-17, 5.70072e-23, 4.69857e-29, 6.79459e-36, 1.72394e-43, 7.67435e-52, 5.99404e-61, 8.21404e-71, 1.97493e-81, 8.33111e-93, 6.16609e-105, 8.00703e-118, 1.82426e-131, 7.29214e-146, 5.11416e-161, 6.2928e-177, 1.35851e-193, 5.14551e-211, 3.41933e-229, 3.98657e-248, 8.15456e-268, 2.92647e-288, 1.8426e-309, 0, 0, 0, 0
1.85197, 1.87147, 1.89182, 1.91307, 1.93529, 1.95857, 1.98297, 2.0086, 2.03555, 2.06396, 2.09394, 2.12565, 2.15926, 2.19497, 2.23299, 2.2736, 2.3171, 2.36385, 2.41426, 2.46886, 2.52825, 2.59317, 2.66455, 2.74355, 2.83164, 2.93072, 3.04334, 3.17293, 3.32432, 3.5046, 3.72462, 4.00217, 4.36942, 4.894, 5.76804, 7.5304, 8.56273, 3.99193, 0.452993, 0.0103315, 4.07251e-05, 1.72702e-08, 2.65508e-12, 7.1618e-17, 3.38947e-22, 2.81451e-28, 4.10048e-35, 1.04815e-42, 4.7008e-51, 3.69891e-60, 5.10655e-70, 1.23689e-80, 5.25637e-92, 3.9191e-104, 5.12662e-117, 1.17657e-130, 4.73748e-145, 3.34668e-160, 4.1478e-176, 9.01896e-193, 3.44054e-210, 2.30265e-228, 2.7037e-247, 5.56948e-267, 2.01278e-287, 1.27614e-308, 0, 0, 0, 0
21.4883
46.23
 
MEASUREMENT 60
1.4716, 4.41481, 7.36319, 10.3064, 13.2548, 16.2031, 19.1774, 22.1309, 25.0793, 28.0277, 30.9502, 33.8934, 36.8314, 39.7747
1.95113, 1.99413, 2.09247, 2.27397, 2.56461, 2.87139, 3.94343, 1.69991, 0.00403207, -0.00207706, -0.0016994, -0.0019209, -0.00450076, -0.00388457
0.00210827, 0.00200825, 0.00263278, 0.003309, 0.00342342, 0.00337702, 0.00380428, 0.00161768, 0.000411667, 0.000422416, 0.000368404, 0.000397576, 0.000489009, 0.000420057
0, 0.589232, 1.17846, 1.7677, 2.35693, 2.94616, 3.53539, 4.12463, 4.71386, 5.30309, 5.89232, 6.48156, 7.07079, 7.66002, 8.24925, 8.83848, 9.42772, 10.0169, 10.6062, 11.1954, 11.7846, 12.3739, 12.9631, 13.5523, 14.1416, 14.7308, 15.32, 15.9093, 16.4985, 17.0877, 17.677, 18.2662, 18.8554, 19.4447, 20.0339, 20.6231, 21.2124, 21.8016, 22.3908, 22.9801, 23.5693, 24.1585, 24.7478, 25.337, 25.9262, 26.5155, 27.1047, 27.6939, 28.2831, 28.8724, 29.4616, 30.0508, 30.6401, 31.2293, 31.8185, 32.4078, 32.997, 33.5862, 34.1755, 34.7647, 35.3539, 35.9432, 36.5324, 37.1216, 37.7109, 38.3001, 38.8893, 39.4786, 40.0678, 40.657
1.85861, 1.87518, 1.89241, 1.91035, 1.92904, 1.94855, 1.96893, 1.99025, 2.01259, 2.03602, 2.06064, 2.08656, 2.11389, 2.14278, 2.17336, 2.20583, 2.24038, 2.27726, 2.31674, 2.35915, 2.40488, 2.45442, 2.50833, 2.56731, 2.63228, 2.70434, 2.78497, 2.87612, 2.98044, 3.10171, 3.24549, 3.42049, 3.64153, 3.93715, 4.3733, 4.98038, 4.48636, 1.69213, 0.164653, 0.00335222, 1.1227e-05, 2.92133e-09, 4.4478e-13, 1.18909e-17, 5.58195e-23, 4.60109e-29, 6.65943e-36, 1.69245e-43, 7.55257e-52, 5.91798e-61, 8.14238e-71, 1.96711e-81, 8.34452e-93, 6.21543e-105, 8.12898e-118, 1.86679e-131, 7.52744e-146, 5.32956e-161, 6.62562e-177, 1.44628e-193, 5.54324e-211, 3.73047e-229, 4.40808e-248, 9.14575e-268, 3.33175e-288, 2.13111e-309, 0, 0, 0, 0
1.85861, 1.87819, 1.89861, 1.91994, 1.94224, 1.9656, 1.9901, 2.01582, 2.04288, 2.07139, 2.10148, 2.13331, 2.16705, 2.20289, 2.24106, 2.28182, 2.32549, 2.37241, 2.42302, 2.47783, 2.53744, 2.60262, 2.67428, 2.75359, 2.84202, 2.9415, 3.05457, 3.18469, 3.33672, 3.51776, 3.73872, 4.01752, 4.38649, 4.91374, 5.79295, 7.56521, 8.5862, 3.98607, 0.450222, 0.0102243, 4.00812e-05, 1.69801e-08, 2.60456e-12, 7.01512e-17, 3.31772e-22, 2.75517e-28, 4.01751e-35, 1.02864e-42, 4.62455e-51, 3.65065e-60, 5.06015e-70, 1.23154e-80, 5.26286e-92, 3.94896e-104, 5.2027e-117, 1.20353e-130, 4.88843e-145, 3.48626e-160, 4.36543e-176, 9.59775e-193, 3.70497e-210, 2.51114e-228, 2.98832e-247, 6.24382e-267, 2.29054e-287, 1.47533e-308, 0, 0, 0, 0
21.4862
46.23
 
MEASUREMENT 61
1.4716, 4.41481, 7.36319, 10.3064, 13.2548, 16.2031, 19.1774, 22.1309, 25.0793, 28.0277, 30.9502, 33.8934, 36.8314, 39.7747
1.96437, 2.00737, 2.10602, 2.28648, 2.57929, 2.88763, 3.97295, 1.71188, 0.00360429, -0.00212545, -0.00156188, -0.00202231, -0.00480777, -0.00429847
0.00210827, 0.00200825, 0.00263278, 0.003309, 0.00342342, 0.00337702, 0.00380428, 0.00161768, 0.000411667, 0.000422416, 0.000368404, 0.000397576, 0.000489009, 0.000420057
0, 0.589232, 1.17846, 1.7677, 2.35693, 2.94616, 3.53539, 4.12463, 4.71386, 5.30309, 5.89232, 6.48156, 7.07079, 7.66002, 8.24925, 8.83848, 9.42772, 10.0169, 10.6062, 11.1954, 11.7846, 12.3739, 12.9631, 13.5523, 14.1416, 14.7308, 15.32, 15.9093, 16.4985, 17.0877, 17.677, 18.2662, 18.8554, 19.4447, 20.0339, 20.6231, 21.2124, 21.8016, 22.3908, 22.9801, 23.5693, 24.1585, 24.7478, 25.337, 25.9262, 26.5155, 27.1047, 27.6939, 28.2831, 28.8724, 29.4616, 30.0508, 30.6401, 31.2293, 31.8185, 32.4078, 32.997, 33.5862, 34.1755, 34.7647, 35.3539, 35.9432, 36.5324, 37.1216, 37.7109, 38.3001, 38.8893, 39.4786, 40.0678, 40.657
1.87163, 1.8883, 1.90564, 1.92369, 1.9425, 1.96212, 1.98263, 2.00408, 2.02655, 2.05012, 2.07489, 2.10096, 2.12846, 2.15751, 2.18828, 2.22093, 2.25568, 2.29277, 2.33248, 2.37513, 2.42112, 2.47093, 2.52513, 2.58444, 2.64975, 2.7222, 2.80324, 2.89485, 2.9997, 3.12155, 3.26599, 3.44176, 3.66372, 3.96048, 4.39797, 5.00325, 4.51059, 1.7259, 0.174056, 0.00375983, 1.41241e-05, 3.91611e-09, 6.79698e-13, 2.12137e-17, 1.19058e-22, 1.20154e-28, 2.18052e-35, 7.11571e-43, 4.17556e-51, 4.40603e-60, 8.36019e-70, 2.85246e-80, 1.75008e-91, 1.93077e-103, 3.83031e-116, 1.36637e-129, 8.76467e-144, 1.01095e-158, 2.09678e-174, 7.81995e-191, 5.24421e-208, 6.32383e-226, 1.37121e-244, 5.34626e-264, 3.74815e-284, 4.72501e-305, 0, 0, 0, 0
1.87163, 1.89134, 1.9119, 1.93338, 1.95583, 1.97935, 2.00401, 2.02991, 2.05715, 2.08585, 2.11615, 2.14819, 2.18215, 2.21823, 2.25666, 2.2977, 2.34165, 2.38889, 2.43983, 2.495, 2.55501, 2.62061, 2.69274, 2.77256, 2.86157, 2.96168, 3.07547, 3.2064, 3.35938, 3.54153, 3.76382, 4.04427, 4.41538, 4.94564, 5.82999, 7.60514, 8.62667, 4.05904, 0.475017, 0.0114441, 4.96226e-05, 2.2814e-08, 3.98888e-12, 1.25413e-16, 7.09046e-22, 7.20853e-28, 1.31782e-34, 4.33215e-42, 2.56085e-50, 2.72205e-59, 5.20283e-69, 1.78818e-79, 1.10512e-90, 1.2281e-102, 2.45404e-115, 8.81756e-129, 5.69685e-143, 6.61818e-158, 1.38247e-173, 5.19265e-190, 3.50697e-207, 4.25877e-225, 9.29917e-244, 3.65098e-263, 2.57738e-283, 3.27152e-304, 0, 0, 0, 0
21.4899
46.23
 
MEASUREMENT 62
1.4716, 4.41481, 7.36319, 10.3064, 13.2548, 16.2031, 19.1774, 22.1309, 25.0793, 28.0277, 30.9502, 33.8934, 36.8314, 39.7747
1.96874, 2.01205, 2.11061, 2.29118, 2.58443, 2.89362, 3.98069, 1.71487, 0.00398009, -0.0018947, -0.00149663, -0.00168775, -0.0044849, -0.00389667
0.00210827, 0.00200825, 0.00263278, 0.003309, 0.00342342, 0.00337702, 0.00380428, 0.00161768, 0.000411667, 0.000422416, 0.000368404, 0.000397576, 0.000489009, 0.000420057
0, 0.589232, 1.17846, 1.7677, 2.35693, 2.94616, 3.53539, 4.12463, 4.71386, 5.30309, 5.89232, 6.48156, 7.07079, 7.66002, 8.24925, 8.83848, 9.42772, 10.0169, 10.6062, 11.1954, 11.7846, 12.3739, 12.9631, 13.5523, 14.1416, 14.7308, 15.32, 15.9093, 16.4985, 17.0877, 17.677, 18.2662, 18.8554, 19.4447, 20.0339, 20.6231, 21.2124, 21.8016, 22.3908, 22.9801, 23.5693, 24.1585, 24.7478, 25.337, 25.9262, 26.5155, 27.1047, 27.6939, 28.2831, 28.8724, 29.4616, 30.0508, 30.6401, 31.2293, 31.8185, 32.4078, 32.997, 33.5862, 34.1755, 34.7647, 35.3539, 35.9432, 36.5324, 37.1216, 37.7109, 38.3001, 38.8893, 39.4786, 40.0678, 40.657
1.87483, 1.89154, 1.90892, 1.92701, 1.94587, 1.96554, 1.9861, 2.0076, 2.03013, 2.05376, 2.07859, 2.10473, 2.1323, 2.16143, 2.19228, 2.22502, 2.25987, 2.29706, 2.33687, 2.37965, 2.42577, 2.47572, 2.53008, 2.58957, 2.65508, 2.72775, 2.80905, 2.90096, 3.00615, 3.12842, 3.27338, 3.4498, 3.6726, 3.97053, 4.40996, 5.02286, 4.5301, 1.71025, 0.166198, 0.00336881, 1.11712e-05, 2.88401e-09, 4.32713e-13, 1.13601e-17, 5.21846e-23, 4.19449e-29, 5.89921e-36, 1.45172e-43, 6.25098e-52, 4.70964e-61, 6.20869e-71, 1.43214e-81, 5.7802e-93, 4.08197e-105, 5.04391e-118, 1.09052e-131, 4.12541e-146, 2.73065e-161, 3.1625e-177, 6.40854e-194, 2.27222e-211, 1.40962e-229, 1.53009e-248, 2.90594e-268, 9.6564e-289, 5.61436e-310, 0, 0, 0, 0
1.87483, 1.89458, 1.91517, 1.93669, 1.95919, 1.98275, 2.00746, 2.0334, 2.06069, 2.08945, 2.1198, 2.15191, 2.18594, 2.22209, 2.26059, 2.3017, 2.34574, 2.39307, 2.44412, 2.49939, 2.55952, 2.62525, 2.69753, 2.77752, 2.86671, 2.96703, 3.08106, 3.21228, 3.36559, 3.54814, 3.77094, 4.05204, 4.42399, 4.95536, 5.8409, 7.62723, 8.66878, 4.02977, 0.454669, 0.0102812, 3.9948e-05, 1.67695e-08, 2.5349e-12, 6.70475e-17, 3.10301e-22, 2.51281e-28, 3.56051e-35, 8.82752e-43, 3.82945e-51, 2.90672e-60, 3.86045e-70, 8.97095e-81, 3.64756e-92, 2.59494e-104, 3.23008e-117, 7.03486e-131, 2.68073e-145, 1.78733e-160, 2.08501e-176, 4.2556e-193, 1.51971e-210, 9.49524e-229, 1.03799e-247, 1.98529e-267, 6.64345e-288, 3.88956e-309, 0, 0, 0, 0
21.4872
46.23
 
MEASUREMENT 63
1.4716, 4.41481, 7.36319, 10.3064, 13.2548, 16.2031, 19.1774, 22.1309, 25.0793, 28.0277, 30.9502, 33.8934, 36.8314, 39.7747
1.96439, 2.00702, 2.10625, 2.28339, 2.57882, 2.88739, 3.973, 1.71155, 0.00380291, -0.00214771, -0.00154685, -0.00194305, -0.00462741, -0.00391942
0.00210827, 0.00200825, 0.00263278, 0.003309, 0.00342342, 0.00337702, 0.00380428, 0.00161768, 0.000411667, 0.000422416, 0.000368404, 0.000397576, 0.000489009, 0.000420057
0, 0.589232, 1.17846, 1.7677, 2.35693, 2.94616, 3.53539, 4.12463, 4.71386, 5.30309, 5.89232, 6.48156, 7.07079, 7.66002, 8.24925, 8.83848, 9.42772, 10.0169, 10.6062, 11.1954, 11.7846, 12.3739, 12.9631, 13.5523, 14.1416, 14.7308, 15.32, 15.9093, 16.4985, 17.0877, 17.677, 18.2662, 18.8554, 19.4447, 20.0339, 20.6231, 21.2124, 21.8016, 22.3908, 22.9801, 23.5693, 24.1585, 24.7478, 25.337, 25.9262, 26.5155, 27.1047, 27.6939, 28.2831, 28.8724, 29.4616, 30.0508, 30.6401, 31.2293, 31.8185, 32.4078, 32.997, 33.5862, 34.1755, 34.7647, 35.3539, 35.9432, 36.5324, 37.1216, 37.7109, 38.3001, 38.8893, 39.4786, 40.0678, 40.657
1.86986, 1.88654, 1.90388, 1.92194, 1.94076, 1.96041, 1.98092, 2.00239, 2.02488, 2.04847, 2.07326, 2.09936, 2.12688, 2.15596, 2.18676, 2.21945, 2.25424, 2.29138, 2.33114, 2.37385, 2.41991, 2.46979, 2.52408, 2.5835, 2.64893, 2.72152, 2.80275, 2.89457, 2.99968, 3.12187, 3.26676, 3.44315, 3.66597, 3.96408, 4.4041, 5.01561, 4.51584, 1.70554, 0.16692, 0.00343661, 1.17786e-05, 3.10963e-09, 4.87085e-13, 1.34755e-17, 6.58457e-23, 5.68268e-29, 8.66204e-36, 2.332e-43, 1.10886e-51, 9.31249e-61, 1.38132e-70, 3.61875e-81, 1.6744e-92, 1.36835e-104, 1.97502e-117, 5.03476e-131, 2.26683e-145, 1.80257e-160, 2.53159e-176, 6.2795e-193, 2.75097e-210, 2.12849e-228, 2.9086e-247, 7.01975e-267, 2.99214e-287, 2.25249e-308, 0, 0, 0, 0
1.86986, 1.88955, 1.9101, 1.93156, 1.954, 1.9775, 2.00214, 2.02802, 2.05524, 2.08393, 2.1142, 2.14623, 2.18017, 2.21623, 2.25463, 2.29565, 2.33958, 2.38679, 2.4377, 2.49284, 2.55282, 2.6184, 2.6905, 2.77029, 2.85927, 2.95937, 3.07313, 3.20405, 3.35702, 3.53919, 3.76154, 4.0421, 4.41344, 4.94418, 5.82968, 7.6126, 8.62948, 4.00862, 0.455197, 0.0104508, 4.18023e-05, 1.80222e-08, 2.84394e-12, 7.92646e-17, 3.90196e-22, 3.39257e-28, 5.20973e-35, 1.413e-42, 6.76867e-51, 5.72665e-60, 8.55719e-70, 2.25836e-80, 1.05265e-91, 8.66564e-104, 1.25992e-116, 3.23526e-130, 1.46723e-144, 1.17518e-159, 1.66237e-175, 4.15304e-192, 1.83239e-209, 1.42784e-227, 1.96496e-246, 4.77565e-266, 2.04983e-286, 1.55384e-307, 0, 0, 0, 0
21.4858
46.23
 
MEASUREMENT 64
1.4716, 4.41481, 7.36319, 10.3064, 13.2548, 16.2031, 19.1774, 22.1309, 25.0793, 28.0277, 30.9502, 33.8934, 36.8314, 39.7747
1.98471, 2.02743, 2.12787, 2.31021, 2.60254, 2.9171, 4.01635, 1.72905, 0.00409732, -0.00209799, -0.00152269, -0.00212529, -0.00453342, -0.0041507
0.00210827, 0.00200825, 0.00263278, 0.003309, 0.00342342, 0.00337702, 0.00380428, 0.00161768, 0.000411667, 0.000422416, 0.000368404, 0.000397576, 0.000489009, 0.000420057
0, 0.589232, 1.17846, 1.7677, 2.35693, 2.94616, 3.53539, 4.12463, 4.71386, 5.30309, 5.89232, 6.48156, 7.07079, 7.66002, 8.24925, 8.83848, 9.42772, 10.0169, 10.6062, 11.1954, 11.7846, 12.3739, 12.9631, 13.5523, 14.1416, 14.7308, 15.32, 15.9093, 16.4985, 17.0877, 17.677, 18.2662, 18.8554, 19.4447, 20.0339, 20.6231, 21.2124, 21.8016, 22.3908, 22.9801, 23.5693, 24.1585, 24.7478, 25.337, 25.9262, 26.5155, 27.1047, 27.6939, 28.2831, 28.8724, 29.4616, 30.0508, 30.6401, 31.2293, 31.8185, 32.4078, 32.997, 33.5862, 34.1755, 34.7647, 35.3539, 35.9432, 36.5324, 37.1216, 37.7109, 38.3001, 38.8893, 39.4786, 40.0678, 40.657
1.89034, 1.90719, 1.92471, 1.94295, 1.96197, 1.9818, 2.00253, 2.02421, 2.04692, 2.07075, 2.09579, 2.12214, 2.14993, 2.1793, 2.2104, 2.24342, 2.27855, 2.31604, 2.35619, 2.39931, 2.44581, 2.49617, 2.55098, 2.61095, 2.67699, 2.75025, 2.83222, 2.92488, 3.03093, 3.15419, 3.30033, 3.47819, 3.70282, 4.00326, 4.44637, 5.05947, 4.55937, 1.74199, 0.175302, 0.00377725, 1.41309e-05, 3.91496e-09, 6.77352e-13, 2.10713e-17, 1.17858e-22, 1.18526e-28, 2.14317e-35, 6.96768e-43, 4.07293e-51, 4.28067e-60, 8.08912e-70, 2.74837e-80, 1.67893e-91, 1.84406e-103, 3.64164e-116, 1.29301e-129, 8.25437e-144, 9.47427e-159, 1.95517e-174, 7.25438e-191, 4.83939e-208, 5.80437e-226, 1.25168e-244, 4.8529e-264, 3.38283e-284, 4.23963e-305, 0, 0, 0, 0
1.89034, 1.91025, 1.93102, 1.95271, 1.97539, 1.99915, 2.02405, 2.05021, 2.07773, 2.10672, 2.13732, 2.16968, 2.20399, 2.24043, 2.27925, 2.3207, 2.3651, 2.41281, 2.46427, 2.51999, 2.58061, 2.64687, 2.71973, 2.80037, 2.89028, 2.99141, 3.10635, 3.23863, 3.39316, 3.57718, 3.80177, 4.08513, 4.46011, 4.996, 5.89002, 7.68447, 8.71044, 4.09089, 0.477592, 0.0114753, 4.95745e-05, 2.27463e-08, 3.96445e-12, 1.24236e-16, 7.0001e-22, 7.09168e-28, 1.29176e-34, 4.23057e-42, 2.49115e-50, 2.63745e-59, 5.0205e-69, 1.71826e-79, 1.05732e-90, 1.16976e-102, 2.3268e-115, 8.32135e-129, 5.35052e-143, 6.18536e-158, 1.28558e-173, 4.8039e-190, 3.22738e-207, 3.89821e-225, 8.4652e-244, 3.30494e-263, 2.31976e-283, 2.92735e-304, 0, 0, 0, 0
21.489
46.23
 
MEASUREMENT 65
1.4716, 4.41481, 7.36319, 10.3064, 13.2548, 16.2031, 19.1774, 22.1309, 25.0793, 28.0277, 30.9502, 33.8934, 36.8314, 39.7747
1.99733, 2.04089, 2.14153, 2.32792, 2.62525, 2.93618, 4.03668, 1.74026, 0.00375953, -0.00224899, -0.00149916, -0.00177878, -0.0045328, -0.00408866
0.00210827, 0.00200825, 0.00263278, 0.003309, 0.00342342, 0.00337702, 0.00380428, 0.00161768, 0.000411667, 0.000422416, 0.000368404, 0.000397576, 0.000489009, 0.000420057
0, 0.589232, 1.17846, 1.7677, 2.35693, 2.94616, 3.53539, 4.12463, 4.71386, 5.30309, 5.89232, 6.48156, 7.07079, 7.66002, 8.24925, 8.83848, 9.42772, 10.0169, 10.6062, 11.1954, 11.7846, 12.3739, 12.9631, 13.5523, 14.1416, 14.7308, 15.32, 15.9093, 16.4985, 17.0877, 17.677, 18.2662, 18.8554, 19.4447, 20.0339, 20.6231, 21.2124, 21.8016, 22.3908, 22.9801, 23.5693, 24.1585, 24.7478, 25.337, 25.9262, 26.5155, 27.1047, 27.6939, 28.2831, 28.8724, 29.4616, 30.0508, 30.6401, 31.2293, 31.8185, 32.4078, 32.997, 33.5862, 34.1755, 34.7647, 35.3539, 35.9432, 36.5324, 37.1216, 37.7109, 38.3001, 38.8893, 39.4786, 40.0678, 40.657
1.90253, 1.91948, 1.93711, 1.95547, 1.9746, 1.99456, 2.01542, 2.03723, 2.06008, 2.08406, 2.10926, 2.13578, 2.16374, 2.19329, 2.22459, 2.25781, 2.29316, 2.33089, 2.37128, 2.41467, 2.46146, 2.51214, 2.56729, 2.62763, 2.69409, 2.7678, 2.85027, 2.9435, 3.0502, 3.17422, 3.32125, 3.50018, 3.72613, 4.02823, 4.47375, 5.09599, 4.59768, 1.73346, 0.167633, 0.00336718, 1.09567e-05, 2.79849e-09, 4.1061e-13, 1.04948e-17, 4.67263e-23, 3.62398e-29, 4.89608e-36, 1.15225e-43, 4.72372e-52, 3.37332e-61, 4.19628e-71, 9.09298e-82, 3.43227e-93, 2.25677e-105, 2.5848e-118, 5.15697e-132, 1.79222e-146, 1.08497e-161, 1.14411e-177, 2.10157e-194, 6.72427e-212, 3.74774e-230, 3.63843e-249, 6.15289e-269, 1.81244e-289, 9.2996e-311, 0, 0, 0, 0
1.90253, 1.92256, 1.94346, 1.9653, 1.98813, 2.01204, 2.03711, 2.06344, 2.09113, 2.12031, 2.15111, 2.18369, 2.21822, 2.25491, 2.29398, 2.3357, 2.38039, 2.42841, 2.48021, 2.5363, 2.59732, 2.66402, 2.73736, 2.81853, 2.90904, 3.01084, 3.12655, 3.2597, 3.41526, 3.60051, 3.82658, 4.11179, 4.48918, 5.02825, 5.92634, 7.73948, 8.80284, 4.08827, 0.459122, 0.0102894, 3.93282e-05, 1.62868e-08, 2.40762e-12, 6.19985e-17, 2.78109e-22, 2.17314e-28, 2.958e-35, 7.01364e-43, 2.89682e-51, 2.08416e-60, 2.61197e-70, 5.70208e-81, 2.16832e-92, 1.43627e-104, 1.65718e-117, 3.33061e-131, 1.16599e-145, 7.11014e-161, 7.55224e-177, 1.39728e-193, 4.50299e-211, 2.5277e-229, 2.47146e-248, 4.20905e-268, 1.24858e-288, 6.45127e-310, 0, 0, 0, 0
21.4873
46.23
 
MEASUREMENT 66
1.4716, 4.41481, 7.36319, 10.3064, 13.2548, 16.2031, 19.1774, 22.1309, 25.0793, 28.0277, 30.9502, 33.8934, 36.8314, 39.7747
1.99958, 2.04333, 2.14367, 2.32462, 2.62227, 2.93618, 4.04647, 1.74216, 0.00417657, -0.00199189, -0.00149616, -0.00208705, -0.00452109, -0.00386259
0.00210827, 0.00200825, 0.00263278, 0.003309, 0.00342342, 0.00337702, 0.00380428, 0.00161768, 0.000411667, 0.000422416, 0.000368404, 0.000397576, 0.000489009, 0.000420057
0, 0.589232, 1.17846, 1.7677, 2.35693, 2.94616, 3.53539, 4.12463, 4.71386, 5.30309, 5.89232, 6.48156, 7.07079, 7.66002, 8.24925, 8.83848, 9.42772, 10.0169, 10.6062, 11.1954, 11.7846, 12.3739, 12.9631, 13.5523, 14.1416, 14.7308, 15.32, 15.9093, 16.4985, 17.0877, 17.677, 18.2662, 18.8554, 19.4447, 20.0339, 20.6231, 21.2124, 21.8016, 22.3908, 22.9801, 23.5693, 24.1585, 24.7478, 25.337, 25.9262, 26.5155, 27.1047, 27.6939, 28.2831, 28.8724, 29.4616, 30.0508, 30.6401, 31.2293, 31.8185, 32.4078, 32.997, 33.5862, 34.1755, 34.7647, 35.3539, 35.9432, 36.5324, 37.1216, 37.7109, 38.3001, 38.8893, 39.4786, 40.0678, 40.657
1.9032, 1.92018, 1.93784, 1.95622, 1.97538, 1.99537, 2.01626, 2.03811, 2.061, 2.08502, 2.11025, 2.13682, 2.16484, 2.19444, 2.22579, 2.25907, 2.29449, 2.33229, 2.37277, 2.41624, 2.46313, 2.51392, 2.56919, 2.62967, 2.69628, 2.77018, 2.85287, 2.94635, 3.05336, 3.17776, 3.32526, 3.50483, 3.73169, 4.0352, 4.48321, 5.10567, 4.59766, 1.73851, 0.170625, 0.00352907, 1.22057e-05, 3.2381e-09, 5.1236e-13, 1.4345e-17, 7.10669e-23, 6.2298e-29, 9.6632e-36, 2.6522e-43, 1.28804e-51, 1.10686e-60, 1.68302e-70, 4.52818e-81, 2.15572e-92, 1.81591e-104, 2.70664e-117, 7.13835e-131, 3.33116e-145, 2.75057e-160, 4.01864e-176, 1.03887e-192, 4.75196e-210, 3.84598e-228, 5.50762e-247, 1.39555e-266, 6.2567e-287, 4.96324e-308, 0, 0, 0, 0
1.9032, 1.92325, 1.94416, 1.966, 1.98884, 2.01276, 2.03784, 2.06418, 2.09189, 2.12108, 2.1519, 2.18449, 2.21904, 2.25574, 2.29483, 2.33657, 2.38129, 2.42934, 2.48116, 2.53728, 2.59833, 2.66507, 2.73845, 2.81967, 2.91023, 3.0121, 3.12789, 3.26114, 3.41683, 3.60223, 3.82853, 4.11407, 4.492, 5.03215, 5.93337, 7.74734, 8.78181, 4.0836, 0.464978, 0.010724, 4.32345e-05, 1.87557e-08, 2.98972e-12, 8.43282e-17, 4.20878e-22, 3.7169e-28, 5.80822e-35, 1.60599e-42, 7.85734e-51, 6.80209e-60, 1.04193e-69, 2.82401e-80, 1.35432e-91, 1.14921e-103, 1.72544e-116, 4.58378e-130, 2.15459e-144, 1.79194e-159, 2.63693e-175, 6.86571e-192, 3.16289e-209, 2.57805e-227, 3.71797e-246, 9.48691e-266, 4.283e-286, 3.42115e-307, 0, 0, 0, 0
21.4861
46.23
 
MEASUREMENT 67
1.4716, 4.41481, 7.36319, 10.3064, 13.2548, 16.2031, 19.1774, 22.1309, 25.0793, 28.0277, 30.9502, 33.8934, 36.8314, 39.7747
2.02738, 2.07115, 2.17335, 2.35907, 2.66174, 2.98238, 4.09981, 1.76563, 0.0038479, -0.00209221, -0.00133035, -0.00177034, -0.00457861, -0.00387501
0.00210827, 0.00200825, 0.00263278, 0.003309, 0.00342342, 0.00337702, 0.00380428, 0.00161768, 0.000411667, 0.000422416, 0.000368404, 0.000397576, 0.000489009, 0.000420057
0, 0.589232, 1.17846, 1.7677, 2.35693, 2.94616, 3.53539, 4.12463, 4.71386, 5.30309, 5.89232, 6.48156, 7.07079, 7.66002, 8.24925, 8.83848, 9.42772, 10.0169, 10.6062, 11.1954, 11.7846, 12.3739, 12.9631, 13.5523, 14.1416, 14.7308, 15.32, 15.9093, 16.4985, 17.0877, 17.677, 18.2662, 18.8554, 19.4447, 20.0339, 20.6231, 21.2124, 21.8016, 22.3908, 22.9801, 23.5693, 24.1585, 24.7478, 25.337, 25.9262, 26.5155, 27.1047, 27.6939, 28.2831, 28.8724, 29.4616, 30.0508, 30.6401, 31.2293, 31.8185, 32.4078, 32.997, 33.5862, 34.1755, 34.7647, 35.3539, 35.9432, 36.5324, 37.1216, 37.7109, 38.3001, 38.8893, 39.4786, 40.0678, 40.657
1.93169, 1.94889, 1.96679, 1.98541, 2.00483, 2.02508, 2.04624, 2.06838, 2.09157, 2.1159, 2.14146, 2.16837, 2.19674, 2.22673, 2.25848, 2.29218, 2.32805, 2.36632, 2.4073, 2.45132, 2.49878, 2.55018, 2.60612, 2.66733, 2.73473, 2.80949, 2.89313, 2.98768, 3.09587, 3.22162, 3.37068, 3.55208, 3.78114, 4.0874, 4.53891, 5.1628, 4.65327, 1.78273, 0.180534, 0.00392905, 1.49726e-05, 4.19087e-09, 7.40542e-13, 2.36132e-17, 1.35868e-22, 1.41071e-28, 2.64311e-35, 8.93613e-43, 5.4518e-51, 6.00184e-60, 1.1923e-69, 4.27402e-80, 2.76466e-91, 3.227e-103, 6.79683e-116, 2.58323e-129, 1.77161e-143, 2.19241e-158, 4.89578e-174, 1.97273e-190, 1.43435e-207, 1.88186e-225, 4.45514e-244, 1.90316e-263, 1.46699e-283, 2.04041e-304, 0, 0, 0, 0
1.93169, 1.95203, 1.97325, 1.99542, 2.01859, 2.04287, 2.06832, 2.09505, 2.12316, 2.15278, 2.18405, 2.21712, 2.25217, 2.28941, 2.32907, 2.37143, 2.41679, 2.46554, 2.51812, 2.57506, 2.63699, 2.7047, 2.77914, 2.86152, 2.95339, 3.05672, 3.17415, 3.30929, 3.46717, 3.65517, 3.8846, 4.17405, 4.55709, 5.10443, 6.01744, 7.84889, 8.89911, 4.19161, 0.49252, 0.0119542, 5.25019e-05, 2.44175e-08, 4.34638e-12, 1.3961e-16, 8.09213e-22, 8.46385e-28, 1.59746e-34, 5.44058e-42, 3.34359e-50, 3.70793e-59, 7.41993e-69, 2.67926e-79, 1.74572e-90, 2.05247e-102, 4.35432e-115, 1.66688e-128, 1.1514e-142, 1.43509e-157, 3.22753e-173, 1.30976e-189, 9.59051e-207, 1.26713e-224, 3.02082e-243, 1.29943e-262, 1.00856e-282, 1.41245e-303, 0, 0, 0, 0
21.49
46.23
 
MEASUREMENT 68
1.4716, 4.41481, 7.36319, 10.3064, 13.2548, 16.2031, 19.1774, 22.1309, 25.0793, 28.0277, 30.9502, 33.8934, 36.8314, 39.7747
2.0198, 2.06435, 2.16583, 2.351, 2.65196, 2.96919, 4.08566, 1.75968, 0.0040868, -0.00190301, -0.00163942, -0.00209177, -0.00445867, -0.00413262
0.00210827, 0.00200825, 0.00263278, 0.003309, 0.00342342, 0.00337702, 0.00380428, 0.00161768, 0.000411667, 0.000422416, 0.000368404, 0.000397576, 0.000489009, 0.000420057
0, 0.589232, 1.17846, 1.7677, 2.35693, 2.94616, 3.53539, 4.12463, 4.71386, 5.30309, 5.89232, 6.48156, 7.07079, 7.66002, 8.24925, 8.83848, 9.42772, 10.0169, 10.6062, 11.1954, 11.7846, 12.3739, 12.9631, 13.5523, 14.1416, 14.7308, 15.32, 15.9093, 16.4985, 17.0877, 17.677, 18.2662, 18.8554, 19.4447, 20.0339, 20.6231, 21.2124, 21.8016, 22.3908, 22.9801, 23.5693, 24.1585, 24.7478, 25.337, 25.9262, 26.5155, 27.1047, 27.6939, 28.2831, 28.8724, 29.4616, 30.0508, 30.6401, 31.2293, 31.8185, 32.4078, 32.997, 33.5862, 34.1755, 34.7647, 35.3539, 35.9432, 36.5324, 37.1216, 37.7109, 38.3001, 38.8893, 39.4786, 40.0678, 40.657
1.92356, 1.94071, 1.95855, 1.97711, 1.99647, 2.01666, 2.03775, 2.05982, 2.08294, 2.10719, 2.13268, 2.1595, 2.1878, 2.21769, 2.24935, 2.28296, 2.31872, 2.35689, 2.39775, 2.44165, 2.48899, 2.54026, 2.59606, 2.65712, 2.72435, 2.79894, 2.8824, 2.97674, 3.08472, 3.21023, 3.35904, 3.54016, 3.76889, 4.07478, 4.52599, 5.15602, 4.65114, 1.75388, 0.169818, 0.00342016, 1.11931e-05, 2.87015e-09, 4.24219e-13, 1.09399e-17, 4.92238e-23, 3.86434e-29, 5.29311e-36, 1.26498e-43, 5.27462e-52, 3.83737e-61, 4.87091e-71, 1.07875e-81, 4.16831e-93, 2.81017e-105, 3.30547e-118, 6.78366e-132, 2.42897e-146, 1.51742e-161, 1.65393e-177, 3.14522e-194, 1.04354e-211, 6.04068e-230, 6.10076e-249, 1.07498e-268, 3.30473e-289, 1.7725e-310, 0, 0, 0, 0
1.92356, 1.94382, 1.96496, 1.98703, 2.01012, 2.03429, 2.05964, 2.08626, 2.11426, 2.14376, 2.17491, 2.20785, 2.24276, 2.27985, 2.31935, 2.36154, 2.40672, 2.45528, 2.50765, 2.56437, 2.62606, 2.6935, 2.76766, 2.84973, 2.94124, 3.04418, 3.16117, 3.2958, 3.4531, 3.64041, 3.86901, 4.15742, 4.53905, 5.08422, 5.99268, 7.82616, 8.89724, 4.13137, 0.464442, 0.010435, 4.0082e-05, 1.66737e-08, 2.48289e-12, 6.45098e-17, 2.92437e-22, 2.313e-28, 3.19195e-35, 7.68546e-43, 3.2286e-51, 2.36641e-60, 3.02616e-70, 6.75182e-81, 2.62829e-92, 1.78504e-104, 2.11515e-117, 4.37273e-131, 1.57718e-145, 9.92478e-161, 1.08962e-176, 2.08706e-193, 6.97436e-211, 4.06611e-229, 4.13578e-248, 7.339e-268, 2.27204e-288, 1.22714e-309, 0, 0, 0, 0
21.487
46.23
 
MEASUREMENT 69
1.4716, 4.41481, 7.36319, 10.3064, 13.2548, 16.2031, 19.1774, 22.1309, 25.0793, 28.0277, 30.9502, 33.8934, 36.8314, 39.7747
2.01488, 2.05724, 2.15895, 2.34389, 2.64356, 2.95696, 4.07216, 1.75452, 0.00394505, -0.0023612, -0.00135506, -0.00196754, -0.00459122, -0.00392984
0.00210827, 0.00200825, 0.00263278, 0.003309, 0.00342342, 0.00337702, 0.00380428, 0.00161768, 0.000411667, 0.000422416, 0.000368404, 0.000397576, 0.000489009, 0.000420057
0, 0.589232, 1.17846, 1.7677, 2.35693, 2.94616, 3.53539, 4.12463, 4.71386, 5.30309, 5.89232, 6.48156, 7.07079, 7.66002, 8.24925, 8.83848, 9.42772, 10.0169, 10.6062, 11.1954, 11.7846, 12.3739, 12.9631, 13.5523, 14.1416, 14.7308, 15.32, 15.9093, 16.4985, 17.0877, 17.677, 18.2662, 18.8554, 19.4447, 20.0339, 20.6231, 21.2124, 21.8016, 22.3908, 22.9801, 23.5693, 24.1585, 24.7478, 25.337, 25.9262, 26.5155, 27.1047, 27.6939, 28.2831, 28.8724, 29.4616, 30.0508, 30.6401, 31.2293, 31.8185, 32.4078, 32.997, 33.5862, 34.1755, 34.7647, 35.3539, 35.9432, 36.5324, 37.1216, 37.7109, 38.3001, 38.8893, 39.4786, 40.0678, 40.657
1.91806, 1.93515, 1.95292, 1.97143, 1.99071, 2.01083, 2.03185, 2.05384, 2.07688, 2.10105, 2.12644, 2.15317, 2.18136, 2.21115, 2.24269, 2.27617, 2.31181, 2.34983, 2.39055, 2.43428, 2.48144, 2.53251, 2.58809, 2.64891, 2.71589, 2.79018, 2.8733, 2.96725, 3.07478, 3.19976, 3.34792, 3.52824, 3.75594, 4.06042, 4.5094, 5.13243, 4.62697, 1.76076, 0.175012, 0.00368878, 1.32218e-05, 3.56464e-09, 5.85299e-13, 1.71047e-17, 8.89675e-23, 8.23609e-29, 1.35702e-35, 3.97947e-43, 2.077e-51, 1.9294e-60, 3.18991e-70, 9.38654e-81, 4.9159e-92, 4.58215e-104, 7.60158e-117, 2.24443e-130, 1.17943e-144, 1.10308e-159, 1.83612e-175, 5.4395e-192, 2.868e-209, 2.69128e-227, 4.49466e-246, 1.33596e-265, 7.06716e-286, 6.65353e-307, 0, 0, 0, 0
1.91806, 1.93826, 1.95933, 1.98134, 2.00436, 2.02846, 2.05373, 2.08028, 2.10819, 2.13761, 2.16866, 2.2015, 2.23631, 2.27329, 2.31267, 2.35473, 2.39978, 2.4482, 2.50041, 2.55695, 2.61846, 2.6857, 2.75963, 2.84145, 2.93268, 3.0353, 3.15193, 3.28614, 3.44295, 3.62967, 3.85754, 4.14504, 4.52548, 5.06906, 5.97545, 7.79821, 8.85054, 4.14346, 0.477987, 0.0112371, 4.67412e-05, 2.07457e-08, 3.43159e-12, 1.01028e-16, 5.29379e-22, 4.93703e-28, 8.19481e-35, 2.42094e-42, 1.27291e-50, 1.19119e-59, 1.98395e-69, 5.88089e-80, 3.10254e-91, 2.91309e-103, 4.86796e-116, 1.44776e-129, 7.66305e-144, 7.2187e-159, 1.21022e-174, 3.61095e-191, 1.91745e-208, 1.81205e-226, 3.04762e-245, 9.12201e-265, 4.85914e-285, 4.60643e-306, 0, 0, 0, 0
21.4887
46.23
 
MEASUREMENT 70
1.4716, 4.41481, 7.36319, 10.3064, 13.2548, 16.2031, 19.1774, 22.1309, 25.0793, 28.0277, 30.9502, 33.8934, 36.8314, 39.7747
2.01526, 2.05909, 2.16043, 2.34524, 2.64831, 2.96497, 4.07199, 1.75621, 0.00405302, -0.00208404, -0.00163389, -0.00189578, -0.00451142, -0.00411476
0.00210827, 0.00200825, 0.00263278, 0.003309, 0.00342342, 0.00337702, 0.00380428, 0.00161768, 0.000411667, 0.000422416, 0.000368404, 0.000397576, 0.000489009, 0.000420057
0, 0.589232, 1.17846, 1.7677, 2.35693, 2.94616, 3.53539, 4.12463, 4.71386, 5.30309, 5.89232, 6.48156, 7.07079, 7.66002, 8.24925, 8.83848, 9.42772, 10.0169, 10.6062, 11.1954, 11.7846, 12.3739, 12.9631, 13.5523, 14.1416, 14.7308, 15.32, 15.9093, 16.4985, 17.0877, 17.677, 18.2662, 18.8554, 19.4447, 20.0339, 20.6231, 21.2124, 21.8016, 22.3908, 22.9801, 23.5693, 24.1585, 24.7478, 25.337, 25.9262, 26.5155, 27.1047, 27.6939, 28.2831, 28.8724, 29.4616, 30.0508, 30.6401, 31.2293, 31.8185, 32.4078, 32.997, 33.5862, 34.1755, 34.7647, 35.3539, 35.9432, 36.5324, 37.1216, 37.7109, 38.3001, 38.8893, 39.4786, 40.0678, 40.657
1.91954, 1.93664, 1.95443, 1.97295, 1.99224, 2.01238, 2.03342, 2.05543, 2.07848, 2.10267, 2.12808, 2.15483, 2.18304, 2.21285, 2.24442, 2.27793, 2.31359, 2.35165, 2.39239, 2.43616, 2.48336, 2.53447, 2.5901, 2.65096, 2.71799, 2.79234, 2.87553, 2.96956, 3.07718, 3.20227, 3.35056, 3.53103, 3.75895, 4.06374, 4.51324, 5.13569, 4.62677, 1.76262, 0.176092, 0.00374835, 1.37018e-05, 3.74233e-09, 6.30022e-13, 1.89738e-17, 1.02221e-22, 9.85172e-29, 1.69851e-35, 5.23853e-43, 2.89024e-51, 2.85261e-60, 5.03653e-70, 1.59075e-80, 8.9878e-92, 9.08414e-104, 1.64245e-116, 5.31226e-130, 3.07356e-144, 3.18112e-159, 5.88969e-175, 1.95064e-191, 1.15567e-208, 1.22479e-226, 2.32198e-245, 7.87448e-265, 4.77698e-285, 5.18382e-306, 0, 0, 0, 0
1.91954, 1.93975, 1.96084, 1.98287, 2.0059, 2.03003, 2.05532, 2.08188, 2.10982, 2.13926, 2.17034, 2.20321, 2.23804, 2.27505, 2.31447, 2.35656, 2.40165, 2.4501, 2.50235, 2.55894, 2.6205, 2.68779, 2.76178, 2.84367, 2.93497, 3.03768, 3.15441, 3.28874, 3.44568, 3.63257, 3.86066, 4.14843, 4.52927, 5.0735, 5.98136, 7.80527, 8.8499, 4.1462, 0.480653, 0.0114106, 4.82993e-05, 2.1779e-08, 3.69358e-12, 1.12059e-16, 6.08178e-22, 5.90476e-28, 1.02555e-34, 3.18636e-42, 1.77098e-50, 1.76079e-59, 3.13171e-69, 9.96388e-80, 5.67085e-91, 5.7735e-103, 1.05147e-115, 3.42551e-129, 1.99626e-143, 2.08099e-158, 3.88048e-174, 1.29437e-190, 7.72309e-208, 8.24286e-226, 1.57368e-244, 5.37413e-264, 3.28283e-284, 3.58704e-305, 0, 0, 0, 0
21.4884
46.23
 
MEASUREMENT 71
1.4716, 4.41481, 7.36319, 10.3064, 13.2548, 16.2031, 19.1774, 22.1309, 25.0793, 28.0277, 30.9502, 33.8934, 36.8314, 39.7747
2.02246, 2.06704, 2.16774, 2.35315, 2.65484, 2.97202, 4.09195, 1.76196, 0.00415279, -0.0019267, -0.00135257, -0.000870325, -0.00459351, -0.00405595
0.00210827, 0.00200825, 0.00263278, 0.003309, 0.00342342, 0.00337702, 0.00380428, 0.00161768, 0.000411667, 0.000422416, 0.000368404, 0.000397576, 0.000489009, 0.000420057
0, 0.589232, 1.17846, 1.7677, 2.35693, 2.94616, 3.53539, 4.12463, 4.71386, 5.30309, 5.89232, 6.48156, 7.07079, 7.66002, 8.24925, 8.83848, 9.42772, 10.0169, 10.6062, 11.1954, 11.7846, 12.3739, 12.9631, 13.5523, 14.1416, 14.7308, 15.32, 15.9093, 16.4985, 17.0877, 17.677, 18.2662, 18.8554, 19.4447, 20.0339, 20.6231, 21.2124, 21.8016, 22.3908, 22.9801, 23.5693, 24.1585, 24.7478, 25.337, 25.9262, 26.5155, 27.1047, 27.6939, 28.2831, 28.8724, 29.4616, 30.0508, 30.6401, 31.2293, 31.8185, 32.4078, 32.997, 33.5862, 34.1755, 34.7647, 35.3539, 35.9432, 36.5324, 37.1216, 37.7109, 38.3001, 38.8893, 39.4786, 40.0678, 40.657
1.92504, 1.94221, 1.96008, 1.97868, 1.99806, 2.01829, 2.03943, 2.06153, 2.0847, 2.10899, 2.13453, 2.16141, 2.18975, 2.21971, 2.25143, 2.28511, 2.32095, 2.3592, 2.40015, 2.44415, 2.4916, 2.54299, 2.59892, 2.66013, 2.72754, 2.80233, 2.88602, 2.98064, 3.08894, 3.21486, 3.36418, 3.54597, 3.77564, 4.08297, 4.53671, 5.16849, 4.65265, 1.75004, 0.169535, 0.003432, 1.13717e-05, 2.95201e-09, 4.45475e-13, 1.17934e-17, 5.47735e-23, 4.46283e-29, 6.37913e-36, 1.59964e-43, 7.03707e-52, 5.43087e-61, 7.35284e-71, 1.74641e-81, 7.27686e-93, 5.31919e-105, 6.82105e-118, 1.53447e-131, 6.05575e-146, 4.19254e-161, 5.09197e-177, 1.08491e-193, 4.05503e-211, 2.65884e-229, 3.05833e-248, 6.17119e-268, 2.18446e-288, 1.35647e-309, 0, 0, 0, 0
1.92504, 1.94531, 1.96647, 1.98856, 2.01167, 2.03586, 2.06123, 2.08788, 2.1159, 2.14544, 2.17661, 2.20958, 2.24453, 2.28165, 2.32119, 2.36342, 2.40865, 2.45726, 2.50969, 2.56646, 2.62822, 2.69574, 2.76998, 2.85214, 2.94376, 3.04682, 3.16397, 3.29878, 3.4563, 3.64389, 3.87287, 4.1618, 4.54423, 5.09084, 6.00281, 7.84118, 8.88969, 4.11341, 0.462368, 0.0104377, 4.05399e-05, 1.70867e-08, 2.59771e-12, 6.92851e-17, 3.24192e-22, 2.66118e-28, 3.83227e-35, 9.68156e-43, 4.29082e-51, 3.33609e-60, 4.55027e-70, 1.08877e-80, 4.57018e-92, 3.36531e-104, 4.34721e-117, 9.85118e-131, 3.91611e-145, 2.73092e-160, 3.34079e-176, 7.16921e-193, 2.69883e-210, 1.78221e-228, 2.06453e-247, 4.19524e-267, 1.49543e-287, 9.35079e-309, 0, 0, 0, 0
21.4847
46.23
 
MEASUREMENT 72
1.4716, 4.41481, 7.36319, 10.3064, 13.2548, 16.2031, 19.1774, 22.1309, 25.0793, 28.0277, 30.9502, 33.8934, 36.8314, 39.7747
2.02552, 2.06959, 2.17172, 2.35731, 2.65882, 2.97738, 4.09381, 1.7655, 0.00388936, -0.00221442, -0.00149388, -0.00187502, -0.00425917, -0.00393093
0.00210827, 0.00200825, 0.00263278, 0.003309, 0.00342342, 0.00337702, 0.00380428, 0.00161768, 0.000411667, 0.000422416, 0.000368404, 0.000397576, 0.000489009, 0.000420057
0, 0.589232, 1.17846, 1.7677, 2.35693, 2.94616, 3.53539, 4.12463, 4.71386, 5.30309, 5.89232, 6.48156, 7.07079, 7.66002, 8.24925, 8.83848, 9.42772, 10.0169, 10.6062, 11.1954, 11.7846, 12.3739, 12.9631, 13.5523, 14.1416, 14.7308, 15.32, 15.9093, 16.4985, 17.0877, 17.677, 18.2662, 18.8554, 19.4447, 20.0339, 20.6231, 21.2124, 21.8016, 22.3908, 22.9801, 23.5693, 24.1585, 24.7478, 25.337, 25.9262, 26.5155, 27.1047, 27.6939, 28.2831, 28.8724, 29.4616, 30.0508, 30.6401, 31.2293, 31.8185, 32.4078, 32.997, 33.5862, 34.1755, 34.7647, 35.3539, 35.9432, 36.5324, 37.1216, 37.7109, 38.3001, 38.8893, 39.4786, 40.0678, 40.657
1.92922, 1.9464, 1.96428, 1.98288, 2.00228, 2.02251, 2.04365, 2.06577, 2.08893, 2.11323, 2.13877, 2.16565, 2.194, 2.22396, 2.25568, 2.28935, 2.32518, 2.36342, 2.40436, 2.44833, 2.49576, 2.54711, 2.603, 2.66416, 2.7315, 2.8062, 2.88977, 2.98424, 3.09235, 3.218, 3.36695, 3.5482, 3.77708, 4.08305, 4.53414, 5.16198, 4.65839, 1.76981, 0.174548, 0.00362361, 1.25968e-05, 3.32933e-09, 5.25961e-13, 1.46721e-17, 7.2273e-23, 6.2864e-29, 9.65539e-36, 2.61866e-43, 1.25409e-51, 1.06052e-60, 1.58361e-70, 4.17555e-81, 1.9441e-92, 1.5983e-104, 2.32024e-117, 5.94762e-131, 2.69207e-145, 2.15159e-160, 3.03645e-176, 7.56659e-193, 3.32938e-210, 2.58675e-228, 3.54871e-247, 8.59628e-267, 3.67684e-287, 2.7769e-308, 0, 0, 0, 0
1.92922, 1.94953, 1.97073, 1.99286, 2.01601, 2.04025, 2.06567, 2.09237, 2.12045, 2.15004, 2.18127, 2.2143, 2.24931, 2.2865, 2.32611, 2.36841, 2.41372, 2.46241, 2.51493, 2.5718, 2.63365, 2.70128, 2.77563, 2.85792, 2.94967, 3.05287, 3.17017, 3.30514, 3.46283, 3.6506, 3.87974, 4.16882, 4.5513, 5.09765, 6.00804, 7.84166, 8.91384, 4.16892, 0.477362, 0.0110556, 4.47577e-05, 1.93896e-08, 3.08592e-12, 8.67258e-17, 4.30384e-22, 3.77143e-28, 5.83576e-35, 1.59451e-42, 7.69298e-51, 6.55385e-60, 9.85898e-70, 2.61878e-80, 1.22827e-91, 1.01723e-103, 1.48753e-116, 3.84095e-130, 1.75119e-144, 1.40976e-159, 2.0039e-175, 5.02945e-192, 2.22884e-209, 1.74401e-227, 2.40951e-246, 5.87782e-266, 2.53168e-286, 1.92532e-307, 0, 0, 0, 0
21.4891
46.23
 
MEASUREMENT 73
1.4716, 4.41481, 7.36319, 10.3064, 13.2548, 16.2031, 19.1774, 22.1309, 25.0793, 28.0277, 30.9502, 33.8934, 36.8314, 39.7747
2.04947, 2.094, 2.19727, 2.3853, 2.68802, 3.01253, 4.14788, 1.78609, 0.00426962, -0.00223343, -0.00152932, -0.0019812, -0.00468555, -0.00409202
0.00210827, 0.00200825, 0.00263278, 0.003309, 0.00342342, 0.00337702, 0.00380428, 0.00161768, 0.000411667, 0.000422416, 0.000368404, 0.000397576, 0.000489009, 0.000420057
0, 0.589232, 1.17846, 1.7677, 2.35693, 2.94616, 3.53539, 4.12463, 4.71386, 5.30309, 5.89232, 6.48156, 7.07079, 7.66002, 8.24925, 8.83848, 9.42772, 10.0169, 10.6062, 11.1954, 11.7846, 12.3739, 12.9631, 13.5523, 14.1416, 14.7308, 15.32, 15.9093, 16.4985, 17.0877, 17.677, 18.2662, 18.8554, 19.4447, 20.0339, 20.6231, 21.2124, 21.8016, 22.3908, 22.9801, 23.5693, 24.1585, 24.7478, 25.337, 25.9262, 26.5155, 27.1047, 27.6939, 28.2831, 28.8724, 29.4616, 30.0508, 30.6401, 31.2293, 31.8185, 32.4078, 32.997, 33.5862, 34.1755, 34.7647, 35.3539, 35.9432, 36.5324, 37.1216, 37.7109, 38.3001, 38.8893, 39.4786, 40.0678, 40.657
1.95059, 1.968, 1.98611, 2.00496, 2.02461, 2.04511, 2.06653, 2.08894, 2.11242, 2.13705, 2.16293, 2.19017, 2.2189, 2.24927, 2.28142, 2.31556, 2.35189, 2.39066, 2.43217, 2.47677, 2.52487, 2.57696, 2.63366, 2.69571, 2.76405, 2.83987, 2.92471, 3.02063, 3.13043, 3.25809, 3.40948, 3.59379, 3.82667, 4.13826, 4.59835, 5.24053, 4.7205, 1.77208, 0.170462, 0.0034063, 1.0985e-05, 2.81084e-09, 4.11034e-13, 1.04796e-17, 4.65846e-23, 3.61048e-29, 4.8788e-36, 1.14944e-43, 4.72155e-52, 3.38148e-61, 4.22232e-71, 9.19215e-82, 3.48903e-93, 2.30893e-105, 2.66402e-118, 5.35897e-132, 1.8795e-146, 1.14926e-161, 1.2252e-177, 2.27725e-194, 7.37948e-212, 4.16918e-230, 4.10663e-249, 7.05226e-269, 2.11143e-289, 1.10213e-310, 0, 0, 0, 0
1.95059, 1.97114, 1.99257, 2.01496, 2.03837, 2.06289, 2.0886, 2.1156, 2.14399, 2.17392, 2.2055, 2.23891, 2.27432, 2.31194, 2.35201, 2.3948, 2.44063, 2.48988, 2.543, 2.60053, 2.66311, 2.73152, 2.80675, 2.89, 2.98284, 3.08727, 3.20597, 3.34256, 3.50217, 3.69225, 3.92425, 4.21699, 4.60445, 5.15817, 6.08166, 7.94539, 9.01572, 4.16474, 0.464899, 0.0103601, 3.93002e-05, 1.62527e-08, 2.39445e-12, 6.15059e-17, 2.75458e-22, 2.15091e-28, 2.92827e-35, 6.95064e-43, 2.87646e-51, 2.07544e-60, 2.61084e-70, 5.72616e-81, 2.18958e-92, 1.45971e-104, 1.69662e-117, 3.43801e-131, 1.2146e-145, 7.48109e-161, 8.03333e-177, 1.50392e-193, 4.90852e-211, 2.793e-229, 2.77066e-248, 4.79166e-268, 1.4447e-288, 7.59373e-310, 0, 0, 0, 0
21.4847
46.23
 
MEASUREMENT 74
1.4716, 4.41481, 7.36319, 10.3064, 13.2548, 16.2031, 19.1774, 22.1309, 25.0793, 28.0277, 30.9502, 33.8934, 36.8314, 39.7747
2.08828, 2.13402, 2.23931, 2.43042, 2.74415, 3.0694, 4.22013, 1.81948, 0.00429301, -0.00192431, -0.00143691, -0.00182475, -0.004465, -0.00396174
0.00210827, 0.00200825, 0.00263278, 0.003309, 0.00342342, 0.00337702, 0.00380428, 0.00161768, 0.000411667, 0.000422416, 0.000368404, 0.000397576, 0.000489009, 0.000420057
0, 0.589232, 1.17846, 1.7677, 2.35693, 2.94616, 3.53539, 4.12463, 4.71386, 5.30309, 5.89232, 6.48156, 7.07079, 7.66002, 8.24925, 8.83848, 9.42772, 10.0169, 10.6062, 11.1954, 11.7846, 12.3739, 12.9631, 13.5523, 14.1416, 14.7308, 15.32, 15.9093, 16.4985, 17.0877, 17.677, 18.2662, 18.8554, 19.4447, 20.0339, 20.6231, 21.2124, 21.8016, 22.3908, 22.9801, 23.5693, 24.1585, 24.7478, 25.337, 25.9262, 26.5155, 27.1047, 27.6939, 28.2831, 28.8724, 29.4616, 30.0508, 30.6401, 31.2293, 31.8185, 32.4078, 32.997, 33.5862, 34.1755, 34.7647, 35.3539, 35.9432, 36.5324, 37.1216, 37.7109, 38.3001, 38.8893, 39.4786, 40.0678, 40.657
1.98914, 2.00686, 2.02529, 2.04447, 2.06447, 2.08533, 2.10713, 2.12993, 2.15382, 2.17888, 2.20521, 2.23292, 2.26215, 2.29304, 2.32575, 2.36046, 2.39741, 2.43684, 2.47905, 2.5244, 2.57329, 2.62625, 2.68388, 2.74694, 2.81637, 2.8934, 2.97957, 3.07698, 3.18846, 3.31803, 3.47162, 3.65852, 3.89452, 4.21001, 4.67514, 5.32439, 4.806, 1.81726, 0.17682, 0.00358557, 1.18903e-05, 3.06196e-09, 4.58115e-13, 1.19787e-17, 5.47404e-23, 4.37185e-29, 6.10215e-36, 1.48854e-43, 6.34591e-52, 4.7281e-61, 6.15653e-71, 1.40101e-81, 5.57187e-93, 3.87271e-105, 4.70415e-118, 9.98619e-132, 3.70483e-146, 2.40208e-161, 2.72179e-177, 5.38975e-194, 1.86521e-211, 1.12806e-229, 1.19229e-248, 2.20227e-268, 7.10886e-289, 4.01023e-310, 0, 0, 0, 0
1.98914, 2.01008, 2.03194, 2.05476, 2.07863, 2.10363, 2.12984, 2.15736, 2.18632, 2.21682, 2.24903, 2.28308, 2.31918, 2.35753, 2.39838, 2.442, 2.48872, 2.53892, 2.59307, 2.65171, 2.7155, 2.78523, 2.8619, 2.94675, 3.04136, 3.14778, 3.26873, 3.40791, 3.57052, 3.76414, 4.00044, 4.29853, 4.69293, 5.25625, 6.19458, 8.08795, 9.20231, 4.28617, 0.484336, 0.0109584, 4.25746e-05, 1.78374e-08, 2.68873e-12, 7.08314e-17, 3.26112e-22, 2.62402e-28, 3.69e-35, 9.06866e-43, 3.89506e-51, 2.92373e-60, 3.83542e-70, 8.79297e-81, 3.52295e-92, 2.46673e-104, 3.01841e-117, 6.45472e-131, 2.41221e-145, 1.57539e-160, 1.79803e-176, 3.58623e-193, 1.25e-210, 7.61394e-229, 8.10469e-248, 1.5076e-267, 4.90073e-288, 2.78391e-309, 0, 0, 0, 0
21.4883
46.23
 
MEASUREMENT 75
1.4716, 4.41481, 7.36319, 10.3064, 13.2548, 16.2031, 19.1774, 22.1309, 25.0793, 28.0277, 30.9502, 33.8934, 36.8314, 39.7747
2.09808, 2.14367, 2.24955, 2.44476, 2.75449, 3.08372, 4.24247, 1.82774, 0.00404372, -0.00222475, -0.00149591, -0.00180579, -0.00440144, -0.00390614
0.00210827, 0.00200825, 0.00263278, 0.003309, 0.00342342, 0.00337702, 0.00380428, 0.00161768, 0.000411667, 0.000422416, 0.000368404, 0.000397576, 0.000489009, 0.000420057
0, 0.589232, 1.17846, 1.7677, 2.35693, 2.94616, 3.53539, 4.12463, 4.71386, 5.30309, 5.89232, 6.48156, 7.07079, 7.66002, 8.24925, 8.83848, 9.42772, 10.0169, 10.6062, 11.1954, 11.7846, 12.3739, 12.9631, 13.5523, 14.1416, 14.7308, 15.32, 15.9093, 16.4985, 17.0877, 17.677, 18.2662, 18.8554, 19.4447, 20.0339, 20.6231, 21.2124, 21.8016, 22.3908, 22.9801, 23.5693, 24.1585, 24.7478, 25.337, 25.9262, 26.5155, 27.1047, 27.6939, 28.2831, 28.8724, 29.4616, 30.0508, 30.6401, 31.2293, 31.8185, 32.4078, 32.997, 33.5862, 34.1755, 34.7647, 35.3539, 35.9432, 36.5324, 37.1216, 37.7109, 38.3001, 38.8893, 39.4786, 40.0678, 40.657
1.99787, 2.01568, 2.0342, 2.05349, 2.07359, 2.09457, 2.11648, 2.1394, 2.16342, 2.18861, 2.21508, 2.24295, 2.27234, 2.3034, 2.33628, 2.37119, 2.40834, 2.448, 2.49045, 2.53605, 2.58523, 2.63849, 2.69645, 2.75989, 2.82974, 2.90723, 2.99394, 3.09195, 3.20414, 3.33455, 3.48917, 3.67738, 3.91509, 4.23303, 4.70212, 5.35615, 4.82722, 1.8187, 0.176205, 0.00355856, 1.17202e-05, 3.02141e-09, 4.50965e-13, 1.17724e-17, 5.37503e-23, 4.29225e-29, 5.99485e-36, 1.4644e-43, 6.25647e-52, 4.67504e-61, 6.10982e-71, 1.39655e-81, 5.583e-93, 3.90358e-105, 4.77353e-118, 1.02094e-131, 3.81889e-146, 2.49835e-161, 2.85857e-177, 5.72032e-194, 2.00201e-211, 1.22543e-229, 1.31184e-248, 2.45609e-268, 8.04228e-289, 4.60555e-310, 0, 0, 0, 0
1.99787, 2.01891, 2.04086, 2.06379, 2.08777, 2.11287, 2.1392, 2.16685, 2.19594, 2.22658, 2.25893, 2.29314, 2.32941, 2.36793, 2.40897, 2.45278, 2.49972, 2.55016, 2.60456, 2.66347, 2.72755, 2.79761, 2.87464, 2.95989, 3.05495, 3.16188, 3.28342, 3.42328, 3.58669, 3.78129, 4.0188, 4.31846, 4.71503, 5.28165, 6.2263, 8.13184, 9.23496, 4.28327, 0.481738, 0.0108523, 4.19234e-05, 1.75467e-08, 2.63854e-12, 6.93948e-17, 3.19213e-22, 2.56818e-28, 3.61374e-35, 8.89355e-43, 3.82804e-51, 2.88178e-60, 3.79424e-70, 8.73711e-81, 3.51873e-92, 2.47844e-104, 3.05312e-117, 6.57778e-131, 2.47846e-145, 1.63325e-160, 1.88228e-176, 3.79385e-193, 1.33732e-210, 8.24419e-229, 8.88826e-248, 1.67587e-267, 5.52604e-288, 3.18668e-309, 0, 0, 0, 0
21.4862
46.23
 
MEASUREMENT 76
1.4716, 4.41481, 7.36319, 10.3064, 13.2548, 16.2031, 19.1774, 22.1309, 25.0793, 28.0277, 30.9502, 33.8934, 36.8314, 39.7747
2.07413, 2.11829, 2.22337, 2.41051, 2.72199, 3.04784, 4.19235, 1.80739, 0.00427717, -0.00206126, -0.0014704, -0.00203053, -0.00470469, -0.00412899
0.00210827, 0.00200825, 0.00263278, 0.003309, 0.00342342, 0.00337702, 0.00380428, 0.00161768, 0.000411667, 0.000422416, 0.000368404, 0.000397576, 0.000489009, 0.000420057
0, 0.589232, 1.17846, 1.7677, 2.35693, 2.94616, 3.53539, 4.12463, 4.71386, 5.30309, 5.89232, 6.48156, 7.07079, 7.66002, 8.24925, 8.83848, 9.42772, 10.0169, 10.6062, 11.1954, 11.7846, 12.3739, 12.9631, 13.5523, 14.1416, 14.7308, 15.32, 15.9093, 16.4985, 17.0877, 17.677, 18.2662, 18.8554, 19.4447, 20.0339, 20.6231, 21.2124, 21.8016, 22.3908, 22.9801, 23.5693, 24.1585, 24.7478, 25.337, 25.9262, 26.5155, 27.1047, 27.6939, 28.2831, 28.8724, 29.4616, 30.0508, 30.6401, 31.2293, 31.8185, 32.4078, 32.997, 33.5862, 34.1755, 34.7647, 35.3539, 35.9432, 36.5324, 37.1216, 37.7109, 38.3001, 38.8893, 39.4786, 40.0678, 40.657
1.97571, 1.9933, 2.01159, 2.03063, 2.05048, 2.07119, 2.09282, 2.11545, 2.13916, 2.16403, 2.19016, 2.21767, 2.24667, 2.27732, 2.30978, 2.34423, 2.38089, 2.42002, 2.4619, 2.50689, 2.5554, 2.60794, 2.66511, 2.72766, 2.79654, 2.87294, 2.9584, 3.055, 3.16554, 3.294, 3.44626, 3.63151, 3.86535, 4.17787, 4.6383, 5.27919, 4.77038, 1.82129, 0.181193, 0.0038076, 1.35381e-05, 3.6118e-09, 5.83288e-13, 1.66856e-17, 8.45478e-23, 7.5886e-29, 1.20648e-35, 3.39762e-43, 1.69484e-51, 1.49754e-60, 2.34381e-70, 6.49775e-81, 3.19078e-92, 2.77539e-104, 4.27605e-117, 1.16695e-130, 5.64094e-145, 4.82991e-160, 7.32512e-176, 1.96778e-192, 9.36317e-210, 7.89139e-228, 1.17806e-246, 3.11502e-266, 1.45893e-286, 1.21029e-307, 0, 0, 0, 0
1.97571, 1.99651, 2.01821, 2.04088, 2.06459, 2.08941, 2.11544, 2.14277, 2.17152, 2.20182, 2.2338, 2.26762, 2.30346, 2.34155, 2.3821, 2.42542, 2.47181, 2.52166, 2.57543, 2.63365, 2.69698, 2.76622, 2.84234, 2.92658, 3.02051, 3.12616, 3.24623, 3.38439, 3.54579, 3.73797, 3.97247, 4.26827, 4.65958, 5.21837, 6.14893, 8.0224, 9.13098, 4.2926, 0.495934, 0.0116282, 4.80074e-05, 2.10816e-08, 3.42988e-12, 9.88458e-17, 5.0459e-22, 4.56266e-28, 7.30793e-35, 2.07332e-42, 1.04192e-50, 9.27452e-60, 1.46231e-69, 4.08391e-80, 2.02022e-91, 1.77012e-103, 2.74721e-116, 7.55198e-130, 3.67711e-144, 3.17124e-159, 4.84425e-175, 1.31068e-191, 6.28108e-209, 5.3314e-227, 8.0152e-246, 2.13428e-265, 1.00659e-285, 8.40837e-307, 0, 0, 0, 0
21.4912
46.23
 
MEASUREMENT 77
1.4716, 4.41481, 7.36319, 10.3064, 13.2548, 16.2031, 19.1774, 22.1309, 25.0793, 28.0277, 30.9502, 33.8934, 36.8314, 39.7747
2.08346, 2.1281, 2.23344, 2.42673, 2.73442, 3.0612, 4.21208, 1.81472, 0.00438422, -0.00199745, -0.00136203, -0.00178754, -0.00435811, -0.00390356
0.00210827, 0.00200825, 0.00263278, 0.003309, 0.00342342, 0.00337702, 0.00380428, 0.00161768, 0.000411667, 0.000422416, 0.000368404, 0.000397576, 0.000489009, 0.000420057
0, 0.589232, 1.17846, 1.7677, 2.35693, 2.94616, 3.53539, 4.12463, 4.71386, 5.30309, 5.89232, 6.48156, 7.07079, 7.66002, 8.24925, 8.83848, 9.42772, 10.0169, 10.6062, 11.1954, 11.7846, 12.3739, 12.9631, 13.5523, 14.1416, 14.7308, 15.32, 15.9093, 16.4985, 17.0877, 17.677, 18.2662, 18.8554, 19.4447, 20.0339, 20.6231, 21.2124, 21.8016, 22.3908, 22.9801, 23.5693, 24.1585, 24.7478, 25.337, 25.9262, 26.5155, 27.1047, 27.6939, 28.2831, 28.8724, 29.4616, 30.0508, 30.6401, 31.2293, 31.8185, 32.4078, 32.997, 33.5862, 34.1755, 34.7647, 35.3539, 35.9432, 36.5324, 37.1216, 37.7109, 38.3001, 38.8893, 39.4786, 40.0678, 40.657
1.98473, 2.0024, 2.02078, 2.03992, 2.05986, 2.08067, 2.10241, 2.12515, 2.14897, 2.17396, 2.20022, 2.22787, 2.25702, 2.28782, 2.32043, 2.35505, 2.3919, 2.43122, 2.47331, 2.51852, 2.56728, 2.62008, 2.67754, 2.74042, 2.80965, 2.88644, 2.97236, 3.06947, 3.1806, 3.30977, 3.46287, 3.64919, 3.88445, 4.19901, 4.66271, 5.30279, 4.77795, 1.83162, 0.185949, 0.004066, 1.56352e-05, 4.4033e-09, 7.8719e-13, 2.54534e-17, 1.4886e-22, 1.57461e-28, 3.01255e-35, 1.04245e-42, 6.52444e-51, 7.38568e-60, 1.51216e-69, 5.59974e-80, 3.75056e-91, 4.54341e-103, 9.95465e-116, 3.94481e-129, 2.82736e-143, 3.66515e-158, 8.59319e-174, 3.64392e-190, 2.7947e-207, 3.8766e-225, 9.72556e-244, 4.41292e-263, 3.62145e-283, 5.37507e-304, 0, 0, 0, 0
1.98473, 2.00563, 2.02743, 2.05021, 2.07402, 2.09896, 2.12511, 2.15257, 2.18146, 2.21189, 2.24402, 2.278, 2.31402, 2.35228, 2.39303, 2.43654, 2.48315, 2.53324, 2.58727, 2.64577, 2.7094, 2.77897, 2.85545, 2.9401, 3.03449, 3.14066, 3.26132, 3.40017, 3.56239, 3.75555, 3.99129, 4.28871, 4.6823, 5.24474, 6.1831, 8.06453, 9.14022, 4.30742, 0.507376, 0.0123728, 5.47843e-05, 2.56711e-08, 4.62298e-12, 1.5058e-16, 8.87116e-22, 9.45274e-28, 1.82179e-34, 6.35036e-42, 4.00367e-50, 4.56537e-59, 9.41562e-69, 3.51217e-79, 2.36949e-90, 2.89123e-102, 6.38057e-115, 2.54673e-128, 1.83844e-142, 2.40026e-157, 5.66771e-173, 2.42044e-189, 1.86947e-206, 2.61143e-224, 6.59735e-243, 3.01434e-262, 2.49083e-282, 3.72239e-303, 0, 0, 0, 0
21.49
46.23
 
MEASUREMENT 78
1.4716, 4.41481, 7.36319, 10.3064, 13.2548, 16.2031, 19.1774, 22.1309, 25.0793, 28.0277, 30.9502, 33.8934, 36.8314, 39.7747
2.11568, 2.16136, 2.271, 2.46215, 2.77732, 3.10948, 4.27782, 1.84333, 0.00444671, -0.00220749, -0.00155297, -0.00200865, -0.00470202, -0.0040888
0.00210827, 0.00200825, 0.00263278, 0.003309, 0.00342342, 0.00337702, 0.00380428, 0.00161768, 0.000411667, 0.000422416, 0.000368404, 0.000397576, 0.000489009, 0.000420057
0, 0.589232, 1.17846, 1.7677, 2.35693, 2.94616, 3.53539, 4.12463, 4.71386, 5.30309, 5.89232, 6.48156, 7.07079, 7.66002, 8.24925, 8.83848, 9.42772, 10.0169, 10.6062, 11.1954, 11.7846, 12.3739, 12.9631, 13.5523, 14.1416, 14.7308, 15.32, 15.9093, 16.4985, 17.0877, 17.677, 18.2662, 18.8554, 19.4447, 20.0339, 20.6231, 21.2124, 21.8016, 22.3908, 22.9801, 23.5693, 24.1585, 24.7478, 25.337, 25.9262, 26.5155, 27.1047, 27.6939, 28.2831, 28.8724, 29.4616, 30.0508, 30.6401, 31.2293, 31.8185, 32.4078, 32.997, 33.5862, 34.1755, 34.7647, 35.3539, 35.9432, 36.5324, 37.1216, 37.7109, 38.3001, 38.8893, 39.4786, 40.0678, 40.657
2.01462, 2.03258, 2.05126, 2.07071, 2.09098, 2.11213, 2.13422, 2.15733, 2.18155, 2.20695, 2.23364, 2.26174, 2.29137, 2.32269, 2.35585, 2.39105, 2.42851, 2.46848, 2.51129, 2.55727, 2.60685, 2.66055, 2.719, 2.78295, 2.85339, 2.93152, 3.01894, 3.11776, 3.23088, 3.36237, 3.51826, 3.70802, 3.94771, 4.26831, 4.74135, 5.3986, 4.86221, 1.83898, 0.180416, 0.00372653, 1.28495e-05, 3.39846e-09, 5.35223e-13, 1.48975e-17, 7.32851e-23, 6.37152e-29, 9.79025e-36, 2.65869e-43, 1.27604e-51, 1.08238e-60, 1.62263e-70, 4.2991e-81, 2.01305e-92, 1.6659e-104, 2.43647e-117, 6.29779e-131, 2.87694e-145, 2.32266e-160, 3.31401e-176, 8.35666e-193, 3.72411e-210, 2.93305e-228, 4.08249e-247, 1.00424e-266, 4.36569e-287, 3.35408e-308, 0, 0, 0, 0
2.01462, 2.03584, 2.05797, 2.08109, 2.10527, 2.13059, 2.15714, 2.18502, 2.21435, 2.24525, 2.27787, 2.31237, 2.34894, 2.38779, 2.42916, 2.47335, 2.52068, 2.57154, 2.62639, 2.6858, 2.75041, 2.82106, 2.89873, 2.9847, 3.08055, 3.18838, 3.31093, 3.45196, 3.61675, 3.81298, 4.05248, 4.35467, 4.75462, 5.32618, 6.27957, 8.19906, 9.29904, 4.32691, 0.492626, 0.0113483, 4.56322e-05, 1.97373e-08, 3.13154e-12, 8.78123e-17, 4.35191e-22, 3.81178e-28, 5.90063e-35, 1.61432e-42, 7.80547e-51, 6.67e-60, 1.00732e-69, 2.68857e-80, 1.2682e-91, 1.05721e-103, 1.55755e-116, 4.05536e-130, 1.86603e-144, 1.51743e-159, 2.18071e-175, 5.53841e-192, 2.4858e-209, 1.9717e-227, 2.7638e-246, 6.84637e-266, 2.99711e-286, 2.31862e-307, 0, 0, 0, 0
21.4865
46.23
 
MEASUREMENT 79
1.4716, 4.41481, 7.36319, 10.3064, 13.2548, 16.2031, 19.1774, 22.1309, 25.0793, 28.0277, 30.9502, 33.8934, 36.8314, 39.7747
2.1362, 2.18287, 2.28705, 2.48284, 2.80392, 3.1392, 4.31909, 1.86082, 0.00440704, -0.00221286, -0.0013165, -0.00194714, -0.00454747, -0.00386114
0.00210827, 0.00200825, 0.00263278, 0.003309, 0.00342342, 0.00337702, 0.00380428, 0.00161768, 0.000411667, 0.000422416, 0.000368404, 0.000397576, 0.000489009, 0.000420057
0, 0.589232, 1.17846, 1.7677, 2.35693, 2.94616, 3.53539, 4.12463, 4.71386, 5.30309, 5.89232, 6.48156, 7.07079, 7.66002, 8.24925, 8.83848, 9.42772, 10.0169, 10.6062, 11.1954, 11.7846, 12.3739, 12.9631, 13.5523, 14.1416, 14.7308, 15.32, 15.9093, 16.4985, 17.0877, 17.677, 18.2662, 18.8554, 19.4447, 20.0339, 20.6231, 21.2124, 21.8016, 22.3908, 22.9801, 23.5693, 24.1585, 24.7478, 25.337, 25.9262, 26.5155, 27.1047, 27.6939, 28.2831, 28.8724, 29.4616, 30.0508, 30.6401, 31.2293, 31.8185, 32.4078, 32.997, 33.5862, 34.1755, 34.7647, 35.3539, 35.9432, 36.5324, 37.1216, 37.7109, 38.3001, 38.8893, 39.4786, 40.0678, 40.657
2.03337, 2.0515, 2.07035, 2.08998, 2.11044, 2.13178, 2.15408, 2.17741, 2.20185, 2.22749, 2.25443, 2.28279, 2.3127, 2.3443, 2.37777, 2.4133, 2.45111, 2.49146, 2.53466, 2.58107, 2.63112, 2.68532, 2.74431, 2.80886, 2.87994, 2.9588, 3.04703, 3.14677, 3.26094, 3.39365, 3.55099, 3.7425, 3.98441, 4.30798, 4.78539, 5.44761, 4.90684, 1.86252, 0.184453, 0.00387103, 1.37721e-05, 3.70689e-09, 6.05199e-13, 1.75801e-17, 9.08604e-23, 8.35528e-29, 1.36703e-35, 3.97948e-43, 2.06112e-51, 1.89937e-60, 3.11419e-70, 9.08464e-81, 4.71516e-92, 4.35422e-104, 7.15401e-117, 2.09128e-130, 1.08767e-144, 1.00647e-159, 1.65702e-175, 4.8537e-192, 2.5295e-209, 2.34539e-227, 3.86909e-246, 1.13558e-265, 5.92977e-286, 5.50896e-307, 0, 0, 0, 0
2.03337, 2.05478, 2.07712, 2.10046, 2.12486, 2.15041, 2.17721, 2.20535, 2.23495, 2.26614, 2.29906, 2.33388, 2.37078, 2.40999, 2.45175, 2.49634, 2.54411, 2.59544, 2.6508, 2.71075, 2.77596, 2.84726, 2.92565, 3.0124, 3.10914, 3.21796, 3.34164, 3.48397, 3.65026, 3.84828, 4.08997, 4.39492, 4.79852, 5.37531, 6.33755, 8.27254, 9.37863, 4.37786, 0.503046, 0.0117731, 4.86555e-05, 2.15208e-08, 3.53959e-12, 1.03581e-16, 5.39318e-22, 4.99619e-28, 8.235e-35, 2.415e-42, 1.26007e-50, 1.16977e-59, 1.93208e-69, 5.6777e-80, 2.9685e-91, 2.76134e-103, 4.57001e-116, 1.34563e-129, 7.04932e-144, 6.57018e-159, 1.08947e-174, 3.21406e-191, 1.68694e-208, 1.57523e-226, 2.61691e-245, 7.73445e-265, 4.06692e-285, 3.80448e-306, 0, 0, 0, 0
21.4873
46.23
 
MEASUREMENT 80
1.4716, 4.41481, 7.36319, 10.3064, 13.2548, 16.2031, 19.1774, 22.1309, 25.0793, 28.0277, 30.9502, 33.8934, 36.8314, 39.7747
2.13422, 2.18007, 2.28841, 2.48353, 2.79886, 3.13644, 4.31814, 1.85888, 0.00467841, -0.00200938, -0.00156995, -0.00187026, -0.0043124, -0.00410724
0.00210827, 0.00200825, 0.00263278, 0.003309, 0.00342342, 0.00337702, 0.00380428, 0.00161768, 0.000411667, 0.000422416, 0.000368404, 0.000397576, 0.000489009, 0.000420057
0, 0.589232, 1.17846, 1.7677, 2.35693, 2.94616, 3.53539, 4.12463, 4.71386, 5.30309, 5.89232, 6.48156, 7.07079, 7.66002, 8.24925, 8.83848, 9.42772, 10.0169, 10.6062, 11.1954, 11.7846, 12.3739, 12.9631, 13.5523, 14.1416, 14.7308, 15.32, 15.9093, 16.4985, 17.0877, 17.677, 18.2662, 18.8554, 19.4447, 20.0339, 20.6231, 21.2124, 21.8016, 22.3908, 22.9801, 23.5693, 24.1585, 24.7478, 25.337, 25.9262, 26.5155, 27.1047, 27.6939, 28.2831, 28.8724, 29.4616, 30.0508, 30.6401, 31.2293, 31.8185, 32.4078, 32.997, 33.5862, 34.1755, 34.7647, 35.3539, 35.9432, 36.5324, 37.1216, 37.7109, 38.3001, 38.8893, 39.4786, 40.0678, 40.657
2.03115, 2.04928, 2.06813, 2.08775, 2.10821, 2.12955, 2.15185, 2.17518, 2.19961, 2.22525, 2.2522, 2.28056, 2.31047, 2.34207, 2.37555, 2.41108, 2.4489, 2.48926, 2.53247, 2.57889, 2.62896, 2.68318, 2.7422, 2.80678, 2.87791, 2.95682, 3.04512, 3.14495, 3.25923, 3.39209, 3.54964, 3.74143, 3.98375, 4.30797, 4.78662, 5.45439, 4.91271, 1.84496, 0.177673, 0.00355715, 1.15166e-05, 2.95178e-09, 4.33482e-13, 1.11075e-17, 4.96618e-23, 3.87423e-29, 5.27356e-36, 1.25251e-43, 5.19051e-52, 3.75315e-61, 4.73516e-71, 1.04238e-81, 4.00378e-93, 2.68328e-105, 3.13769e-118, 6.40182e-132, 2.279e-146, 1.41557e-161, 1.53414e-177, 2.90096e-194, 9.57109e-212, 5.50964e-230, 5.53381e-249, 9.69761e-269, 2.96512e-289, 1.58182e-310, 0, 0, 0, 0
2.03115, 2.05255, 2.07486, 2.09818, 2.12256, 2.14809, 2.17486, 2.20297, 2.23254, 2.2637, 2.29659, 2.33138, 2.36825, 2.40742, 2.44914, 2.4937, 2.54142, 2.59271, 2.64803, 2.70793, 2.77309, 2.84433, 2.92266, 3.00935, 3.10601, 3.21476, 3.33835, 3.48059, 3.64678, 3.8447, 4.08628, 4.3911, 4.79454, 5.3711, 6.33267, 8.27301, 9.38746, 4.33851, 0.484872, 0.0108263, 4.12101e-05, 1.70856e-08, 2.52788e-12, 6.52595e-17, 2.93962e-22, 2.31044e-28, 3.16851e-35, 7.58175e-43, 3.16545e-51, 2.30595e-60, 2.93098e-70, 6.50013e-81, 2.51521e-92, 1.69812e-104, 2.00034e-117, 4.11127e-131, 1.47429e-145, 9.22411e-161, 1.00693e-176, 1.91778e-193, 6.37279e-211, 3.69475e-229, 3.73735e-248, 6.59575e-268, 2.03088e-288, 1.09099e-309, 0, 0, 0, 0
21.4848
46.23
 
MEASUREMENT 81
1.4716, 4.41481, 7.36319, 10.3064, 13.2548, 16.2031, 19.1774, 22.1309, 25.0793, 28.0277, 30.9502, 33.8934, 36.8314, 39.7747
2.14856, 2.19456, 2.3024, 2.49981, 2.8197, 3.1566, 4.34313, 1.87164, 0.00459724, -0.0021473, -0.00127363, -0.00175295, -0.00472183, -0.00383862
0.00210827, 0.00200825, 0.00263278, 0.003309, 0.00342342, 0.00337702, 0.00380428, 0.00161768, 0.000411667, 0.000422416, 0.000368404, 0.000397576, 0.000489009, 0.000420057
0, 0.589232, 1.17846, 1.7677, 2.35693, 2.94616, 3.53539, 4.12463, 4.71386, 5.30309, 5.89232, 6.48156, 7.07079, 7.66002, 8.24925, 8.83848, 9.42772, 10.0169, 10.6062, 11.1954, 11.7846, 12.3739, 12.9631, 13.5523, 14.1416, 14.7308, 15.32, 15.9093, 16.4985, 17.0877, 17.677, 18.2662, 18.8554, 19.4447, 20.0339, 20.6231, 21.2124, 21.8016, 22.3908, 22.9801, 23.5693, 24.1585, 24.7478, 25.337, 25.9262, 26.5155, 27.1047, 27.6939, 28.2831, 28.8724, 29.4616, 30.0508, 30.6401, 31.2293, 31.8185, 32.4078, 32.997, 33.5862, 34.1755, 34.7647, 35.3539, 35.9432, 36.5324, 37.1216, 37.7109, 38.3001, 38.8893, 39.4786, 40.0678, 40.657
2.04527, 2.0635, 2.08246, 2.1022, 2.12278, 2.14424, 2.16667, 2.19013, 2.21471, 2.24049, 2.26759, 2.29611, 2.32619, 2.35797, 2.39163, 2.42735, 2.46538, 2.50595, 2.5494, 2.59607, 2.64639, 2.7009, 2.76021, 2.82512, 2.8966, 2.9759, 3.06462, 3.16491, 3.2797, 3.41313, 3.57132, 3.76385, 4.00702, 4.33221, 4.81192, 5.47974, 4.94018, 1.86892, 0.182887, 0.0037544, 1.2777e-05, 3.34774e-09, 5.1791e-13, 1.41043e-17, 6.76151e-23, 5.70597e-29, 8.47633e-36, 2.21656e-43, 1.02033e-51, 8.26792e-61, 1.17934e-70, 2.96124e-81, 1.30887e-92, 1.01837e-104, 1.39476e-117, 3.36265e-131, 1.42707e-145, 1.06609e-160, 1.40192e-176, 3.24515e-193, 1.32229e-210, 9.48404e-229, 1.1974e-247, 2.66109e-267, 1.04101e-287, 7.16838e-309, 0, 0, 0, 0
2.04527, 2.06681, 2.08928, 2.11275, 2.1373, 2.163, 2.18995, 2.21826, 2.24803, 2.2794, 2.31251, 2.34753, 2.38466, 2.42409, 2.46609, 2.51095, 2.55899, 2.61062, 2.66631, 2.72661, 2.7922, 2.86391, 2.94276, 3.03002, 3.12732, 3.23677, 3.36116, 3.50431, 3.67156, 3.87072, 4.11379, 4.42046, 4.82629, 5.40611, 6.37276, 8.32053, 9.44862, 4.39933, 0.499713, 0.0114425, 4.5478e-05, 1.94525e-08, 3.03182e-12, 8.31817e-17, 4.01743e-22, 3.41556e-28, 5.11174e-35, 1.34668e-42, 6.24524e-51, 5.09823e-60, 7.32613e-70, 1.85316e-80, 8.25145e-92, 6.46735e-104, 8.92275e-117, 2.16694e-130, 9.26329e-145, 6.97036e-160, 9.23238e-176, 2.15247e-192, 8.83338e-210, 6.38084e-228, 8.11315e-247, 1.81576e-266, 7.15296e-287, 4.95983e-308, 0, 0, 0, 0
21.4873
46.23
 
MEASUREMENT 82
1.4716, 4.41481, 7.36319, 10.3064, 13.2548, 16.2031, 19.1774, 22.1309, 25.0793, 28.0277, 30.9502, 33.8934, 36.8314, 39.7747
2.17529, 2.22324, 2.33194, 2.53131, 2.85836, 3.19673, 4.39518, 1.89548, 0.00445549, -0.00200741, -0.00158346, -0.00205758, -0.00445586, -0.00387628
0.00210827, 0.00200825, 0.00263278, 0.003309, 0.00342342, 0.00337702, 0.00380428, 0.00161768, 0.000411667, 0.000422416, 0.000368404, 0.000397576, 0.000489009, 0.000420057
0, 0.589232, 1.17846, 1.7677, 2.35693, 2.94616, 3.53539, 4.12463, 4.71386, 5.30309, 5.89232, 6.48156, 7.07079, 7.66002, 8.24925, 8.83848, 9.42772, 10.0169, 10.6062, 11.1954, 11.7846, 12.3739, 12.9631, 13.5523, 14.1416, 14.7308, 15.32, 15.9093, 16.4985, 17.0877, 17.677, 18.2662, 18.8554, 19.4447, 20.0339, 20.6231, 21.2124, 21.8016, 22.3908, 22.9801, 23.5693, 24.1585, 24.7478, 25.337, 25.9262, 26.5155, 27.1047, 27.6939, 28.2831, 28.8724, 29.4616, 30.0508, 30.6401, 31.2293, 31.8185, 32.4078, 32.997, 33.5862, 34.1755, 34.7647, 35.3539, 35.9432, 36.5324, 37.1216, 37.7109, 38.3001, 38.8893, 39.4786, 40.0678, 40.657
2.07338, 2.09182, 2.11101, 2.13098, 2.15179, 2.17351, 2.1962, 2.21993, 2.24479, 2.27088, 2.29828, 2.32713, 2.35754, 2.38968, 2.42372, 2.45984, 2.49828, 2.53931, 2.58322, 2.63039, 2.68126, 2.73634, 2.79628, 2.86186, 2.93406, 3.01415, 3.10374, 3.205, 3.32086, 3.4555, 3.61507, 3.8092, 4.05427, 4.3818, 4.86427, 5.53031, 4.98861, 1.92006, 0.196228, 0.00432888, 1.69002e-05, 4.79113e-09, 8.69274e-13, 2.85775e-17, 1.70232e-22, 1.8374e-28, 3.59349e-35, 1.27343e-42, 8.17671e-51, 9.51323e-60, 2.0055e-69, 7.66054e-80, 5.302e-91, 6.64909e-103, 1.51086e-115, 6.22055e-129, 4.64057e-143, 6.27265e-158, 1.53627e-173, 6.81741e-190, 5.48158e-207, 7.98594e-225, 2.10803e-243, 1.00823e-262, 8.7372e-283, 1.37187e-303, 0, 0, 0, 0
2.07338, 2.09521, 2.11798, 2.14177, 2.16665, 2.19269, 2.22001, 2.24869, 2.27887, 2.31066, 2.34421, 2.37971, 2.41733, 2.45729, 2.49985, 2.5453, 2.59398, 2.6463, 2.70272, 2.76382, 2.83028, 2.90294, 2.98282, 3.07122, 3.16979, 3.28066, 3.40666, 3.55164, 3.72102, 3.9227, 4.16881, 4.47927, 4.89005, 5.47689, 6.45532, 8.41681, 9.5522, 4.5216, 0.536336, 0.0131982, 5.92305e-05, 2.80225e-08, 5.12155e-12, 1.69608e-16, 1.01775e-21, 1.10659e-27, 2.1801e-34, 7.78236e-42, 5.03372e-50, 5.89939e-59, 1.25275e-68, 4.82013e-79, 3.36039e-90, 4.24475e-102, 9.71511e-115, 4.02877e-128, 3.02709e-142, 4.121e-157, 1.01649e-172, 4.54286e-189, 3.67852e-206, 5.3968e-224, 1.43455e-242, 6.90888e-262, 6.02855e-282, 9.5308e-303, 0, 0, 0, 0
21.4919
46.23
 
MEASUREMENT 83
1.4716, 4.41481, 7.36319, 10.3064, 13.2548, 16.2031, 19.1774, 22.1309, 25.0793, 28.0277, 30.9502, 33.8934, 36.8314, 39.7747
2.16811, 2.21534, 2.32417, 2.52289, 2.84324, 3.18654, 4.38646, 1.88931, 0.00459017, -0.00206677, -0.00104214, -0.00172329, -0.00454385, -0.0040646
0.00210827, 0.00200825, 0.00263278, 0.003309, 0.00342342, 0.00337702, 0.00380428, 0.00161768, 0.000411667, 0.000422416, 0.000368404, 0.000397576, 0.000489009, 0.000420057
0, 0.589232, 1.17846, 1.7677, 2.35693, 2.94616, 3.53539, 4.12463, 4.71386, 5.30309, 5.89232, 6.48156, 7.07079, 7.66002, 8.24925, 8.83848, 9.42772, 10.0169, 10.6062, 11.1954, 11.7846, 12.3739, 12.9631, 13.5523, 14.1416, 14.7308, 15.32, 15.9093, 16.4985, 17.0877, 17.677, 18.2662, 18.8554, 19.4447, 20.0339, 20.6231, 21.2124, 21.8016, 22.3908, 22.9801, 23.5693, 24.1585, 24.7478, 25.337, 25.9262, 26.5155, 27.1047, 27.6939, 28.2831, 28.8724, 29.4616, 30.0508, 30.6401, 31.2293, 31.8185, 32.4078, 32.997, 33.5862, 34.1755, 34.7647, 35.3539, 35.9432, 36.5324, 37.1216, 37.7109, 38.3001, 38.8893, 39.4786, 40.0678, 40.657
2.06379, 2.0822, 2.10135, 2.12128, 2.14206, 2.16374, 2.18639, 2.21008, 2.2349, 2.26095, 2.28831, 2.31712, 2.3475, 2.3796, 2.4136, 2.44969, 2.48809, 2.52909, 2.57297, 2.62012, 2.67097, 2.72603, 2.78597, 2.85156, 2.92379, 3.00392, 3.09359, 3.19496, 3.311, 3.44589, 3.60585, 3.80058, 4.0466, 4.37577, 4.86166, 5.53573, 4.98296, 1.88663, 0.186037, 0.00388159, 1.3663e-05, 3.66342e-09, 5.92165e-13, 1.70091e-17, 8.68156e-23, 7.87401e-29, 1.26903e-35, 3.63437e-43, 1.84953e-51, 1.67253e-60, 2.68757e-70, 7.67402e-81, 3.89368e-92, 3.51051e-104, 5.62411e-117, 1.60106e-130, 8.09904e-145, 7.27995e-160, 1.16276e-175, 3.30005e-192, 1.66424e-209, 1.49134e-227, 2.37465e-246, 6.7187e-266, 3.37778e-286, 3.01742e-307, 0, 0, 0, 0
2.06379, 2.08552, 2.1082, 2.13189, 2.15666, 2.18259, 2.20979, 2.23835, 2.2684, 2.30006, 2.33347, 2.36882, 2.40628, 2.44608, 2.48846, 2.53373, 2.58221, 2.63432, 2.69052, 2.75138, 2.81757, 2.88995, 2.96953, 3.0576, 3.1558, 3.26627, 3.39183, 3.53633, 3.70516, 3.90622, 4.15162, 4.46128, 4.87115, 5.45702, 6.43478, 8.40122, 9.51673, 4.42977, 0.506706, 0.011788, 4.82652e-05, 2.12181e-08, 3.45516e-12, 9.99801e-17, 5.14092e-22, 4.69729e-28, 7.62663e-35, 2.20036e-42, 1.12805e-50, 1.02763e-59, 1.66348e-69, 4.78481e-80, 2.44557e-91, 2.22105e-103, 3.58427e-116, 1.02779e-129, 5.2368e-144, 4.74116e-159, 7.62708e-175, 2.18014e-191, 1.10729e-208, 9.99285e-227, 1.60237e-245, 4.56543e-265, 2.31123e-285, 2.07896e-306, 0, 0, 0, 0
21.4861
46.23
 
MEASUREMENT 84
1.4716, 4.41481, 7.36319, 10.3064, 13.2548, 16.2031, 19.1774, 22.1309, 25.0793, 28.0277, 30.9502, 33.8934, 36.8314, 39.7747
2.16754, 2.21493, 2.32414, 2.52295, 2.8455, 3.18313, 4.38322, 1.8896, 0.00478887, -0.00182542, -0.00139649, -0.0017804, -0.00444591, -0.00389123
0.00210827, 0.00200825, 0.00263278, 0.003309, 0.00342342, 0.00337702, 0.00380428, 0.00161768, 0.000411667, 0.000422416, 0.000368404, 0.000397576, 0.000489009, 0.000420057
0, 0.589232, 1.17846, 1.7677, 2.35693, 2.94616, 3.53539, 4.12463, 4.71386, 5.30309, 5.89232, 6.48156, 7.07079, 7.66002, 8.24925, 8.83848, 9.42772, 10.0169, 10.6062, 11.1954, 11.7846, 12.3739, 12.9631, 13.5523, 14.1416, 14.7308, 15.32, 15.9093, 16.4985, 17.0877, 17.677, 18.2662, 18.8554, 19.4447, 20.0339, 20.6231, 21.2124, 21.8016, 22.3908, 22.9801, 23.5693, 24.1585, 24.7478, 25.337, 25.9262, 26.5155, 27.1047, 27.6939, 28.2831, 28.8724, 29.4616, 30.0508, 30.6401, 31.2293, 31.8185, 32.4078, 32.997, 33.5862, 34.1755, 34.7647, 35.3539, 35.9432, 36.5324, 37.1216, 37.7109, 38.3001, 38.8893, 39.4786, 40.0678, 40.657
2.06411, 2.08251, 2.10164, 2.12156, 2.14232, 2.16399, 2.18662, 2.21029, 2.23509, 2.26111, 2.28845, 2.31723, 2.34758, 2.37966, 2.41362, 2.44967, 2.48804, 2.52898, 2.57282, 2.61991, 2.67069, 2.72569, 2.78554, 2.85104, 2.92316, 3.00317, 3.09269, 3.19388, 3.3097, 3.44432, 3.60392, 3.79817, 4.0435, 4.37159, 4.85551, 5.52769, 4.98324, 1.89304, 0.187342, 0.0039205, 1.38596e-05, 3.70915e-09, 5.9955e-13, 1.72003e-17, 8.75809e-23, 7.91483e-29, 1.2695e-35, 3.61395e-43, 1.82595e-51, 1.6374e-60, 2.606e-70, 7.36123e-81, 3.69046e-92, 3.2837e-104, 5.18561e-117, 1.45341e-130, 7.22977e-145, 6.3828e-160, 1.00011e-175, 2.78117e-192, 1.37263e-209, 1.20234e-227, 1.86913e-246, 5.15699e-266, 2.52518e-286, 2.19446e-307, 0, 0, 0, 0
2.06411, 2.08585, 2.10852, 2.13221, 2.15698, 2.18292, 2.21012, 2.23868, 2.26873, 2.30038, 2.3338, 2.36914, 2.4066, 2.4464, 2.48879, 2.53405, 2.58253, 2.63464, 2.69083, 2.75168, 2.81787, 2.89024, 2.9698, 3.05786, 3.15604, 3.26648, 3.39201, 3.53646, 3.70522, 3.90619, 4.15145, 4.46089, 4.87038, 5.45547, 6.43111, 8.39409, 9.52671, 4.45209, 0.511327, 0.0119345, 4.90401e-05, 2.15536e-08, 3.50979e-12, 1.01439e-16, 5.20346e-22, 4.73737e-28, 7.65493e-35, 2.19534e-42, 1.11742e-50, 1.00944e-59, 1.61844e-69, 4.60535e-80, 2.32581e-91, 2.08464e-103, 3.31612e-116, 9.36203e-130, 4.69082e-144, 4.17122e-159, 6.58284e-175, 1.84372e-191, 9.1645e-209, 8.08445e-227, 1.26567e-245, 3.51652e-265, 1.73392e-285, 1.51728e-306, 0, 0, 0, 0
21.4881
46.23
 
MEASUREMENT 85
1.4716, 4.41481, 7.36319, 10.3064, 13.2548, 16.2031, 19.1774, 22.1309, 25.0793, 28.0277, 30.9502, 33.8934, 36.8314, 39.7747
2.16735, 2.2133, 2.3222, 2.5212, 2.84393, 3.18401, 4.38048, 1.88831, 0.0048487, -0.00201907, -0.00148244, -0.00178058, -0.00434092, -0.00424645
0.00210827, 0.00200825, 0.00263278, 0.003309, 0.00342342, 0.00337702, 0.00380428, 0.00161768, 0.000411667, 0.000422416, 0.000368404, 0.000397576, 0.000489009, 0.000420057
0, 0.589232, 1.17846, 1.7677, 2.35693, 2.94616, 3.53539, 4.12463, 4.71386, 5.30309, 5.89232, 6.48156, 7.07079, 7.66002, 8.24925, 8.83848, 9.42772, 10.0169, 10.6062, 11.1954, 11.7846, 12.3739, 12.9631, 13.5523, 14.1416, 14.7308, 15.32, 15.9093, 16.4985, 17.0877, 17.677, 18.2662, 18.8554, 19.4447, 20.0339, 20.6231, 21.2124, 21.8016, 22.3908, 22.9801, 23.5693, 24.1585, 24.7478, 25.337, 25.9262, 26.5155, 27.1047, 27.6939, 28.2831, 28.8724, 29.4616, 30.0508, 30.6401, 31.2293, 31.8185, 32.4078, 32.997, 33.5862, 34.1755, 34.7647, 35.3539, 35.9432, 36.5324, 37.1216, 37.7109, 38.3001, 38.8893, 39.4786, 40.0678, 40.657
2.06392, 2.0823, 2.10141, 2.12131, 2.14205, 2.1637, 2.1863, 2.20996, 2.23473, 2.26072, 2.28803, 2.31678, 2.3471, 2.37913, 2.41306, 2.44906, 2.48738, 2.52828, 2.57205, 2.61908, 2.66979, 2.72471, 2.78447, 2.84986, 2.92187, 3.00173, 3.09109, 3.19209, 3.30767, 3.44199, 3.60122, 3.79496, 4.03957, 4.36653, 4.84842, 5.51909, 4.9837, 1.89813, 0.18807, 0.00393043, 1.38353e-05, 3.67678e-09, 5.88197e-13, 1.66474e-17, 8.33558e-23, 7.38402e-29, 1.15722e-35, 3.20852e-43, 1.57383e-51, 1.36576e-60, 2.0968e-70, 5.69508e-81, 2.73655e-92, 2.32632e-104, 3.49859e-117, 9.30842e-131, 4.38143e-145, 3.64848e-160, 5.37481e-176, 1.40078e-192, 6.45842e-210, 5.26787e-228, 7.6014e-247, 1.94045e-266, 8.76307e-287, 7.00096e-308, 0, 0, 0, 0
2.06392, 2.08565, 2.10832, 2.132, 2.15677, 2.1827, 2.20989, 2.23845, 2.26849, 2.30014, 2.33354, 2.36888, 2.40633, 2.44612, 2.48849, 2.53374, 2.58221, 2.6343, 2.69047, 2.7513, 2.81747, 2.88981, 2.96934, 3.05736, 3.1555, 3.26589, 3.39135, 3.53571, 3.70437, 3.90519, 4.15025, 4.45939, 4.86838, 5.45253, 6.42565, 8.38507, 9.53681, 4.47175, 0.514455, 0.011995, 4.90917e-05, 2.14323e-08, 3.45416e-12, 9.84884e-17, 4.96818e-22, 4.43379e-28, 7.00034e-35, 1.95536e-42, 9.6626e-51, 8.44736e-60, 1.30649e-69, 3.57476e-80, 1.73038e-91, 1.48179e-103, 2.24482e-116, 6.01622e-130, 2.85241e-144, 2.39246e-159, 3.54991e-175, 9.31817e-192, 4.32695e-209, 3.55441e-227, 5.16521e-246, 1.32782e-265, 6.03839e-286, 4.85769e-307, 0, 0, 0, 0
21.4901
46.23
 
MEASUREMENT 86
1.4716, 4.41481, 7.36319, 10.3064, 13.2548, 16.2031, 19.1774, 22.1309, 25.0793, 28.0277, 30.9502, 33.8934, 36.8314, 39.7747
2.17699, 2.22304, 2.33286, 2.53261, 2.85666, 3.20094, 4.40013, 1.89616, 0.00456093, -0.00205566, -0.00153836, -0.00203336, -0.00461803, -0.00387052
0.00210827, 0.00200825, 0.00263278, 0.003309, 0.00342342, 0.00337702, 0.00380428, 0.00161768, 0.000411667, 0.000422416, 0.000368404, 0.000397576, 0.000489009, 0.000420057
0, 0.589232, 1.17846, 1.7677, 2.35693, 2.94616, 3.53539, 4.12463, 4.71386, 5.30309, 5.89232, 6.48156, 7.07079, 7.66002, 8.24925, 8.83848, 9.42772, 10.0169, 10.6062, 11.1954, 11.7846, 12.3739, 12.9631, 13.5523, 14.1416, 14.7308, 15.32, 15.9093, 16.4985, 17.0877, 17.677, 18.2662, 18.8554, 19.4447, 20.0339, 20.6231, 21.2124, 21.8016, 22.3908, 22.9801, 23.5693, 24.1585, 24.7478, 25.337, 25.9262, 26.5155, 27.1047, 27.6939, 28.2831, 28.8724, 29.4616, 30.0508, 30.6401, 31.2293, 31.8185, 32.4078, 32.997, 33.5862, 34.1755, 34.7647, 35.3539, 35.9432, 36.5324, 37.1216, 37.7109, 38.3001, 38.8893, 39.4786, 40.0678, 40.657
2.07297, 2.09144, 2.11065, 2.13065, 2.15149, 2.17324, 2.19596, 2.21973, 2.24463, 2.27075, 2.2982, 2.32709, 2.35756, 2.38975, 2.42385, 2.46004, 2.49855, 2.53966, 2.58366, 2.63093, 2.68191, 2.73711, 2.79719, 2.86293, 2.93532, 3.01563, 3.10547, 3.20703, 3.32327, 3.45837, 3.61852, 3.81344, 4.05958, 4.38872, 4.87408, 5.54822, 5.00258, 1.90159, 0.188365, 0.00394625, 1.39774e-05, 3.74165e-09, 6.05665e-13, 1.74016e-17, 8.87428e-23, 8.03272e-29, 1.29056e-35, 3.68026e-43, 1.86278e-51, 1.67352e-60, 2.66858e-70, 7.55288e-81, 3.79425e-92, 3.38313e-104, 5.35414e-117, 1.50397e-130, 7.49834e-145, 6.63539e-160, 1.04218e-175, 2.90531e-192, 1.43752e-209, 1.26242e-227, 1.96774e-246, 5.44373e-266, 2.67297e-286, 2.32946e-307, 0, 0, 0, 0
2.07297, 2.0948, 2.11757, 2.14136, 2.16623, 2.19228, 2.2196, 2.24828, 2.27846, 2.31025, 2.34381, 2.3793, 2.41692, 2.45689, 2.49945, 2.54491, 2.5936, 2.64592, 2.70236, 2.76347, 2.82994, 2.90261, 2.98251, 3.07094, 3.16954, 3.28045, 3.4065, 3.55156, 3.72103, 3.92283, 4.16912, 4.47983, 4.891, 5.47845, 6.45789, 8.42854, 9.56875, 4.47534, 0.51454, 0.0120237, 4.94903e-05, 2.17701e-08, 3.5501e-12, 1.02757e-16, 5.27919e-22, 4.81406e-28, 7.79184e-35, 2.23847e-42, 1.14141e-50, 1.03303e-59, 1.65943e-69, 4.73132e-80, 2.3943e-91, 2.15052e-103, 3.4283e-116, 9.70022e-130, 4.87135e-144, 4.3419e-159, 6.86866e-175, 1.92851e-191, 9.61016e-209, 8.49951e-227, 1.33417e-245, 3.71688e-265, 1.83779e-285, 1.61272e-306, 0, 0, 0, 0
21.4885
46.23
 
MEASUREMENT 87
1.4716, 4.41481, 7.36319, 10.3064, 13.2548, 16.2031, 19.1774, 22.1309, 25.0793, 28.0277, 30.9502, 33.8934, 36.8314, 39.7747
2.21135, 2.2594, 2.3707, 2.5734, 2.9026, 3.24983, 4.47132, 1.9257, 0.00445658, -0.00203165, -0.00116863, -0.00172334, -0.0043623, -0.00371596
0.00210827, 0.00200825, 0.00263278, 0.003309, 0.00342342, 0.00337702, 0.00380428, 0.00161768, 0.000411667, 0.000422416, 0.000368404, 0.000397576, 0.000489009, 0.000420057
0, 0.589232, 1.17846, 1.7677, 2.35693, 2.94616, 3.53539, 4.12463, 4.71386, 5.30309, 5.89232, 6.48156, 7.07079, 7.66002, 8.24925, 8.83848, 9.42772, 10.0169, 10.6062, 11.1954, 11.7846, 12.3739, 12.9631, 13.5523, 14.1416, 14.7308, 15.32, 15.9093, 16.4985, 17.0877, 17.677, 18.2662, 18.8554, 19.4447, 20.0339, 20.6231, 21.2124, 21.8016, 22.3908, 22.9801, 23.5693, 24.1585, 24.7478, 25.337, 25.9262, 26.5155, 27.1047, 27.6939, 28.2831, 28.8724, 29.4616, 30.0508, 30.6401, 31.2293, 31.8185, 32.4078, 32.997, 33.5862, 34.1755, 34.7647, 35.3539, 35.9432, 36.5324, 37.1216, 37.7109, 38.3001, 38.8893, 39.4786, 40.0678, 40.657
2.10654, 2.1253, 2.14481, 2.16512, 2.18629, 2.20838, 2.23146, 2.2556, 2.28089, 2.30742, 2.3353, 2.36464, 2.39559, 2.42829, 2.46292, 2.49967, 2.53878, 2.58053, 2.62521, 2.67322, 2.72498, 2.78104, 2.84204, 2.9088, 2.9823, 3.06383, 3.15505, 3.25815, 3.37615, 3.51328, 3.67583, 3.87364, 4.12338, 4.45723, 4.94933, 5.63482, 5.0862, 1.93077, 0.189837, 0.00391829, 1.34628e-05, 3.53227e-09, 5.50082e-13, 1.50831e-17, 7.28185e-23, 6.18987e-29, 9.2642e-36, 2.4413e-43, 1.13272e-51, 9.25351e-61, 1.33099e-70, 3.37077e-81, 1.50302e-92, 1.18e-104, 1.63109e-117, 3.96968e-131, 1.70103e-145, 1.28335e-160, 1.70472e-176, 3.98691e-193, 1.6417e-210, 1.19021e-228, 1.51924e-247, 3.41425e-267, 1.35094e-287, 9.41112e-309, 0, 0, 0, 0
2.10654, 2.12872, 2.15186, 2.17603, 2.20131, 2.22778, 2.25554, 2.28468, 2.31534, 2.34765, 2.38175, 2.41782, 2.45604, 2.49665, 2.53991, 2.5861, 2.63557, 2.68874, 2.74608, 2.80817, 2.87571, 2.94955, 3.03074, 3.12058, 3.22077, 3.33345, 3.46152, 3.6089, 3.78107, 3.98609, 4.23628, 4.55189, 4.96948, 5.56591, 6.55956, 8.56195, 9.73759, 4.55182, 0.519692, 0.0119677, 4.79564e-05, 2.05908e-08, 3.23053e-12, 8.92412e-17, 4.34057e-22, 3.71721e-28, 5.60497e-35, 1.48804e-42, 6.95562e-51, 5.72452e-60, 8.29509e-70, 2.11631e-80, 9.50633e-92, 7.51828e-104, 1.04688e-116, 2.56649e-130, 1.10778e-144, 8.41837e-160, 1.12633e-175, 2.65318e-192, 1.10033e-209, 8.03414e-228, 1.03278e-246, 2.33739e-266, 9.31328e-287, 6.53317e-308, 0, 0, 0, 0
21.4892
46.23
 
MEASUREMENT 88
1.4716, 4.41481, 7.36319, 10.3064, 13.2548, 16.2031, 19.1774, 22.1309, 25.0793, 28.0277, 30.9502, 33.8934, 36.8314, 39.7747
2.17868, 2.22614, 2.33501, 2.53449, 2.86172, 3.20143, 4.40192, 1.89738, 0.00478132, -0.00205015, -0.00162857, -0.0020286, -0.00448823, -0.00396967
0.00210827, 0.00200825, 0.00263278, 0.003309, 0.00342342, 0.00337702, 0.00380428, 0.00161768, 0.000411667, 0.000422416, 0.000368404, 0.000397576, 0.000489009, 0.000420057
0, 0.589232, 1.17846, 1.7677, 2.35693, 2.94616, 3.53539, 4.12463, 4.71386, 5.30309, 5.89232, 6.48156, 7.07079, 7.66002, 8.24925, 8.83848, 9.42772, 10.0169, 10.6062, 11.1954, 11.7846, 12.3739, 12.9631, 13.5523, 14.1416, 14.7308, 15.32, 15.9093, 16.4985, 17.0877, 17.677, 18.2662, 18.8554, 19.4447, 20.0339, 20.6231, 21.2124, 21.8016, 22.3908, 22.9801, 23.5693, 24.1585, 24.7478, 25.337, 25.9262, 26.5155, 27.1047, 27.6939, 28.2831, 28.8724, 29.4616, 30.0508, 30.6401, 31.2293, 31.8185, 32.4078, 32.997, 33.5862, 34.1755, 34.7647, 35.3539, 35.9432, 36.5324, 37.1216, 37.7109, 38.3001, 38.8893, 39.4786, 40.0678, 40.657
2.07451, 2.09299, 2.11222, 2.13223, 2.15309, 2.17486, 2.19759, 2.22138, 2.2463, 2.27244, 2.29991, 2.32882, 2.35931, 2.39153, 2.42565, 2.46187, 2.50042, 2.54155, 2.58559, 2.6329, 2.68391, 2.73916, 2.79929, 2.86508, 2.93753, 3.0179, 3.10782, 3.20947, 3.3258, 3.46102, 3.62132, 3.81641, 4.0628, 4.39228, 4.87822, 5.5533, 5.00396, 1.89625, 0.186645, 0.00387219, 1.3461e-05, 3.56965e-09, 5.66374e-13, 1.58966e-17, 7.89274e-23, 6.93224e-29, 1.07706e-35, 2.96026e-43, 1.43926e-51, 1.23785e-60, 1.88328e-70, 5.06851e-81, 2.41303e-92, 2.03217e-104, 3.02743e-117, 7.97813e-131, 3.71912e-145, 3.06685e-160, 4.47357e-176, 1.15432e-192, 5.26872e-210, 4.25394e-228, 6.07552e-247, 1.5349e-266, 6.85928e-287, 5.42224e-308, 0, 0, 0, 0
2.07451, 2.09636, 2.11915, 2.14296, 2.16785, 2.19392, 2.22126, 2.24997, 2.28016, 2.31198, 2.34557, 2.38109, 2.41874, 2.45874, 2.50134, 2.54684, 2.59557, 2.64794, 2.70442, 2.76558, 2.83211, 2.90484, 2.98482, 3.07332, 3.17201, 3.28303, 3.4092, 3.55439, 3.72403, 3.92604, 4.17258, 4.48364, 4.89529, 5.48349, 6.46433, 8.4389, 9.57732, 4.46622, 0.510258, 0.0118079, 4.7818e-05, 2.07756e-08, 3.32084e-12, 9.39004e-17, 4.6969e-22, 4.15602e-28, 6.50526e-35, 1.80124e-42, 8.82253e-51, 7.64417e-60, 1.1716e-69, 3.17645e-80, 1.5234e-91, 1.29238e-103, 1.93943e-116, 5.14824e-130, 2.41739e-144, 2.00785e-159, 2.94995e-175, 7.66644e-192, 3.52424e-209, 2.86568e-227, 4.12173e-246, 1.04862e-265, 4.71893e-286, 3.75622e-307, 0, 0, 0, 0
21.4875
46.23
 
MEASUREMENT 89
1.4716, 4.41481, 7.36319, 10.3064, 13.2548, 16.2031, 19.1774, 22.1309, 25.0793, 28.0277, 30.9502, 33.8934, 36.8314, 39.7747
2.20066, 2.24863, 2.35954, 2.56142, 2.88639, 3.23434, 4.45274, 1.91665, 0.0044348, -0.0020928, -0.00127692, -0.00198353, -0.00444648, -0.00400266
0.00210827, 0.00200825, 0.00263278, 0.003309, 0.00342342, 0.00337702, 0.00380428, 0.00161768, 0.000411667, 0.000422416, 0.000368404, 0.000397576, 0.000489009, 0.000420057
0, 0.589232, 1.17846, 1.7677, 2.35693, 2.94616, 3.53539, 4.12463, 4.71386, 5.30309, 5.89232, 6.48156, 7.07079, 7.66002, 8.24925, 8.83848, 9.42772, 10.0169, 10.6062, 11.1954, 11.7846, 12.3739, 12.9631, 13.5523, 14.1416, 14.7308, 15.32, 15.9093, 16.4985, 17.0877, 17.677, 18.2662, 18.8554, 19.4447, 20.0339, 20.6231, 21.2124, 21.8016, 22.3908, 22.9801, 23.5693, 24.1585, 24.7478, 25.337, 25.9262, 26.5155, 27.1047, 27.6939, 28.2831, 28.8724, 29.4616, 30.0508, 30.6401, 31.2293, 31.8185, 32.4078, 32.997, 33.5862, 34.1755, 34.7647, 35.3539, 35.9432, 36.5324, 37.1216, 37.7109, 38.3001, 38.8893, 39.4786, 40.0678, 40.657
2.09587, 2.11455, 2.13398, 2.15421, 2.17529, 2.19729, 2.22027, 2.24431, 2.26949, 2.29592, 2.32368, 2.35291, 2.38373, 2.41629, 2.45078, 2.48739, 2.52635, 2.56793, 2.61245, 2.66027, 2.71184, 2.76769, 2.82847, 2.89498, 2.96823, 3.04948, 3.14038, 3.24315, 3.36077, 3.49749, 3.65957, 3.85685, 4.10602, 4.43925, 4.9308, 5.61345, 5.05961, 1.92132, 0.190068, 0.00397636, 1.40515e-05, 3.76137e-09, 6.08053e-13, 1.74488e-17, 8.8882e-23, 8.03691e-29, 1.29e-35, 3.6755e-43, 1.85894e-51, 1.66894e-60, 2.65972e-70, 7.52408e-81, 3.77826e-92, 3.36783e-104, 5.32877e-117, 1.49665e-130, 7.46161e-145, 6.60328e-160, 1.03729e-175, 2.89238e-192, 1.4316e-209, 1.25776e-227, 1.96149e-246, 5.42976e-266, 2.66798e-286, 2.32696e-307, 0, 0, 0, 0
2.09587, 2.11794, 2.14097, 2.16502, 2.19017, 2.21651, 2.24413, 2.27313, 2.30364, 2.33578, 2.36971, 2.4056, 2.44364, 2.48405, 2.52709, 2.57305, 2.62228, 2.67518, 2.73224, 2.79403, 2.86124, 2.93472, 3.01552, 3.10493, 3.20463, 3.31678, 3.44424, 3.59092, 3.76229, 3.96636, 4.21542, 4.52965, 4.94549, 5.53968, 6.53059, 8.52419, 9.6723, 4.51816, 0.518693, 0.0121025, 4.97145e-05, 2.1852e-08, 3.55873e-12, 1.0288e-16, 5.27949e-22, 4.80929e-28, 7.77668e-35, 2.23218e-42, 1.13733e-50, 1.02863e-59, 1.6514e-69, 4.70608e-80, 2.38056e-91, 2.13752e-103, 3.40682e-116, 9.6382e-130, 4.84002e-144, 4.31422e-159, 6.82588e-175, 1.91696e-191, 9.55577e-209, 8.45499e-227, 1.32786e-245, 3.70157e-265, 1.8315e-285, 1.60848e-306, 0, 0, 0, 0
21.4879
46.23
 
MEASUREMENT 90
1.4716, 4.41481, 7.36319, 10.3064, 13.2548, 16.2031, 19.1774, 22.1309, 25.0793, 28.0277, 30.9502, 33.8934, 36.8314, 39.7747
2.19759, 2.24534, 2.35606, 2.55748, 2.88497, 3.23082, 4.44432, 1.91438, 0.00463477, -0.00193023, -0.00159516, -0.00183913, -0.00398877, -0.00397959
0.00210827, 0.00200825, 0.00263278, 0.003309, 0.00342342, 0.00337702, 0.00380428, 0.00161768, 0.000411667, 0.000422416, 0.000368404, 0.000397576, 0.000489009, 0.000420057
0, 0.589232, 1.17846, 1.7677, 2.35693, 2.94616, 3.53539, 4.12463, 4.71386, 5.30309, 5.89232, 6.48156, 7.07079, 7.66002, 8.24925, 8.83848, 9.42772, 10.0169, 10.6062, 11.1954, 11.7846, 12.3739, 12.9631, 13.5523, 14.1416, 14.7308, 15.32, 15.9093, 16.4985, 17.0877, 17.677, 18.2662, 18.8554, 19.4447, 20.0339, 20.6231, 21.2124, 21.8016, 22.3908, 22.9801, 23.5693, 24.1585, 24.7478, 25.337, 25.9262, 26.5155, 27.1047, 27.6939, 28.2831, 28.8724, 29.4616, 30.0508, 30.6401, 31.2293, 31.8185, 32.4078, 32.997, 33.5862, 34.1755, 34.7647, 35.3539, 35.9432, 36.5324, 37.1216, 37.7109, 38.3001, 38.8893, 39.4786, 40.0678, 40.657
2.09294, 2.1116, 2.131, 2.1512, 2.17225, 2.19421, 2.21716, 2.24116, 2.26631, 2.29269, 2.32041, 2.3496, 2.38037, 2.41289, 2.44732, 2.48388, 2.52278, 2.5643, 2.60874, 2.65649, 2.70798, 2.76374, 2.82443, 2.89084, 2.96397, 3.04509, 3.13586, 3.23847, 3.3559, 3.49241, 3.65425, 3.85122, 4.10002, 4.43278, 4.92366, 5.6034, 5.04642, 1.92026, 0.191496, 0.00406707, 1.48086e-05, 4.03998e-09, 6.7785e-13, 2.03395e-17, 1.09144e-22, 1.0474e-28, 1.79754e-35, 5.51688e-43, 3.02803e-51, 2.97218e-60, 5.21723e-70, 1.63777e-80, 9.19418e-92, 9.23037e-104, 1.65718e-116, 5.32067e-130, 3.05495e-144, 3.13679e-159, 5.75979e-175, 1.89133e-191, 1.11063e-208, 1.16629e-226, 2.19017e-245, 7.35506e-265, 4.417e-285, 4.74352e-306, 0, 0, 0, 0
2.09294, 2.11499, 2.13798, 2.162, 2.18711, 2.21342, 2.241, 2.26996, 2.30043, 2.33253, 2.36641, 2.40225, 2.44023, 2.48059, 2.52357, 2.56947, 2.61863, 2.67146, 2.72844, 2.79015, 2.85727, 2.93065, 3.01133, 3.10062, 3.20018, 3.31218, 3.43947, 3.58596, 3.75711, 3.96091, 4.20966, 4.52351, 4.93888, 5.53252, 6.52301, 8.51293, 9.64775, 4.51387, 0.522262, 0.0123693, 5.21772e-05, 2.34785e-08, 3.96844e-12, 1.19957e-16, 6.48462e-22, 6.26898e-28, 1.08383e-34, 3.35098e-42, 1.85281e-50, 1.83204e-59, 3.23953e-69, 1.0244e-79, 5.79294e-91, 5.85821e-103, 1.05942e-115, 3.42611e-129, 1.98138e-143, 2.04911e-158, 3.78957e-174, 1.25326e-190, 7.41163e-208, 7.83808e-226, 1.48226e-244, 5.01256e-264, 3.03116e-284, 3.27773e-305, 0, 0, 0, 0
21.4878
46.23
 
MEASUREMENT 91
1.4716, 4.41481, 7.36319, 10.3064, 13.2548, 16.2031, 19.1774, 22.1309, 25.0793, 28.0277, 30.9502, 33.8934, 36.8314, 39.7747
2.23924, 2.28853, 2.40102, 2.60612, 2.93988, 3.29118, 4.52857, 1.95062, 0.00471996, -0.00200153, -0.00141896, -0.00166893, -0.00461617, -0.00387795
0.00210827, 0.00200825, 0.00263278, 0.003309, 0.00342342, 0.00337702, 0.00380428, 0.00161768, 0.000411667, 0.000422416, 0.000368404, 0.000397576, 0.000489009, 0.000420057
0, 0.589232, 1.17846, 1.7677, 2.35693, 2.94616, 3.53539, 4.12463, 4.71386, 5.30309, 5.89232, 6.48156, 7.07079, 7.66002, 8.24925, 8.83848, 9.42772, 10.0169, 10.6062, 11.1954, 11.7846, 12.3739, 12.9631, 13.5523, 14.1416, 14.7308, 15.32, 15.9093, 16.4985, 17.0877, 17.677, 18.2662, 18.8554, 19.4447, 20.0339, 20.6231, 21.2124, 21.8016, 22.3908, 22.9801, 23.5693, 24.1585, 24.7478, 25.337, 25.9262, 26.5155, 27.1047, 27.6939, 28.2831, 28.8724, 29.4616, 30.0508, 30.6401, 31.2293, 31.8185, 32.4078, 32.997, 33.5862, 34.1755, 34.7647, 35.3539, 35.9432, 36.5324, 37.1216, 37.7109, 38.3001, 38.8893, 39.4786, 40.0678, 40.657
2.13413, 2.15313, 2.17289, 2.19345, 2.21489, 2.23726, 2.26062, 2.28506, 2.31067, 2.33753, 2.36575, 2.39546, 2.42679, 2.45989, 2.49495, 2.53216, 2.57175, 2.61401, 2.65924, 2.70784, 2.76023, 2.81697, 2.87872, 2.94628, 3.02067, 3.10319, 3.1955, 3.29983, 3.41922, 3.55797, 3.72243, 3.92253, 4.17517, 4.51287, 5.01051, 5.69878, 5.13974, 1.97048, 0.199428, 0.00432943, 1.64084e-05, 4.56756e-09, 7.99949e-13, 2.52247e-17, 1.43211e-22, 1.46389e-28, 2.69417e-35, 8.92743e-43, 5.32611e-51, 5.72104e-60, 1.10642e-69, 3.85255e-80, 2.41521e-91, 2.72608e-103, 5.53988e-116, 2.02693e-129, 1.33522e-143, 1.58358e-158, 3.38144e-174, 1.29998e-190, 8.99786e-208, 1.12128e-225, 2.51568e-244, 1.01617e-263, 7.38992e-284, 9.67563e-305, 0, 0, 0, 0
2.13413, 2.1566, 2.18005, 2.20453, 2.23014, 2.25695, 2.28507, 2.3146, 2.34566, 2.37838, 2.41293, 2.44946, 2.48819, 2.52932, 2.57314, 2.61992, 2.67004, 2.72389, 2.78198, 2.84488, 2.91329, 2.98808, 3.07032, 3.16132, 3.2628, 3.37694, 3.50666, 3.65592, 3.83031, 4.03795, 4.29135, 4.61102, 5.03399, 5.63828, 6.64582, 8.66794, 9.83782, 4.63911, 0.544936, 0.0131959, 5.76709e-05, 2.6668e-08, 4.70494e-12, 1.49454e-16, 8.54764e-22, 8.80176e-28, 1.63183e-34, 5.44708e-42, 3.27364e-50, 3.54222e-59, 6.90074e-69, 2.42041e-79, 1.52846e-90, 1.73776e-102, 3.55708e-115, 1.31088e-128, 8.69755e-143, 1.03895e-157, 2.23434e-173, 8.65094e-190, 6.03023e-207, 7.56761e-225, 1.70977e-243, 6.95448e-263, 5.09262e-283, 6.71375e-304, 0, 0, 0, 0
21.4908
46.23
 
MEASUREMENT 92
1.4716, 4.41481, 7.36319, 10.3064, 13.2548, 16.2031, 19.1774, 22.1309, 25.0793, 28.0277, 30.9502, 33.8934, 36.8314, 39.7747
2.21579, 2.26383, 2.37552, 2.58145, 2.91242, 3.25663, 4.47835, 1.93015, 0.00477508, -0.00188189, -0.00137487, -0.00191456, -0.00441843, -0.00393641
0.00210827, 0.00200825, 0.00263278, 0.003309, 0.00342342, 0.00337702, 0.00380428, 0.00161768, 0.000411667, 0.000422416, 0.000368404, 0.000397576, 0.000489009, 0.000420057
0, 0.589232, 1.17846, 1.7677, 2.35693, 2.94616, 3.53539, 4.12463, 4.71386, 5.30309, 5.89232, 6.48156, 7.07079, 7.66002, 8.24925, 8.83848, 9.42772, 10.0169, 10.6062, 11.1954, 11.7846, 12.3739, 12.9631, 13.5523, 14.1416, 14.7308, 15.32, 15.9093, 16.4985, 17.0877, 17.677, 18.2662, 18.8554, 19.4447, 20.0339, 20.6231, 21.2124, 21.8016, 22.3908, 22.9801, 23.5693, 24.1585, 24.7478, 25.337, 25.9262, 26.5155, 27.1047, 27.6939, 28.2831, 28.8724, 29.4616, 30.0508, 30.6401, 31.2293, 31.8185, 32.4078, 32.997, 33.5862, 34.1755, 34.7647, 35.3539, 35.9432, 36.5324, 37.1216, 37.7109, 38.3001, 38.8893, 39.4786, 40.0678, 40.657
2.11054, 2.12934, 2.1489, 2.16926, 2.19049, 2.21263, 2.23576, 2.25996, 2.28531, 2.31191, 2.33986, 2.36927, 2.4003, 2.43308, 2.46779, 2.50464, 2.54385, 2.58571, 2.63051, 2.67864, 2.73054, 2.78675, 2.84793, 2.91487, 2.98858, 3.07034, 3.16183, 3.26524, 3.3836, 3.52117, 3.68427, 3.88276, 4.13343, 4.46865, 4.96305, 5.64997, 5.09137, 1.92947, 0.189905, 0.00393912, 1.36883e-05, 3.62887e-09, 5.75433e-13, 1.61392e-17, 8.00634e-23, 7.02502e-29, 1.09024e-35, 2.99267e-43, 1.45297e-51, 1.24771e-60, 1.89509e-70, 5.09101e-81, 2.41899e-92, 2.03293e-104, 3.02179e-117, 7.94439e-131, 3.69411e-145, 3.03816e-160, 4.4194e-176, 1.13701e-192, 5.17386e-210, 4.16401e-228, 5.92726e-247, 1.49225e-266, 6.64464e-287, 5.23291e-308, 0, 0, 0, 0
2.11054, 2.13276, 2.15595, 2.18017, 2.2055, 2.23202, 2.25984, 2.28904, 2.31976, 2.35214, 2.3863, 2.42244, 2.46075, 2.50144, 2.54479, 2.59107, 2.64065, 2.69392, 2.75138, 2.81361, 2.88129, 2.95529, 3.03665, 3.12669, 3.2271, 3.34004, 3.4684, 3.61611, 3.7887, 3.99421, 4.24503, 4.56149, 4.98028, 5.57867, 6.57649, 8.5853, 9.74398, 4.54415, 0.519135, 0.0120112, 4.86241e-05, 2.1118e-08, 3.37361e-12, 9.5324e-17, 4.76402e-22, 4.21122e-28, 6.5842e-35, 1.82078e-42, 8.90569e-51, 7.70431e-60, 1.17883e-69, 3.19024e-80, 1.52701e-91, 1.29273e-103, 1.93563e-116, 5.12598e-130, 2.4009e-144, 1.98889e-159, 2.91396e-175, 7.55079e-192, 3.46046e-209, 2.80484e-227, 4.02078e-246, 1.01939e-265, 4.57084e-286, 3.62472e-307, 0, 0, 0, 0
21.4875
46.23
 
MEASUREMENT 93
1.4716, 4.41481, 7.36319, 10.3064, 13.2548, 16.2031, 19.1774, 22.1309, 25.0793, 28.0277, 30.9502, 33.8934, 36.8314, 39.7747
2.2601, 2.30902, 2.42322, 2.62764, 2.96419, 3.32182, 4.57333, 1.96914, 0.00481523, -0.00202697, -0.00129567, -0.00194359, -0.00449876, -0.00384904
0.00210827, 0.00200825, 0.00263278, 0.003309, 0.00342342, 0.00337702, 0.00380428, 0.00161768, 0.000411667, 0.000422416, 0.000368404, 0.000397576, 0.000489009, 0.000420057
0, 0.589232, 1.17846, 1.7677, 2.35693, 2.94616, 3.53539, 4.12463, 4.71386, 5.30309, 5.89232, 6.48156, 7.07079, 7.66002, 8.24925, 8.83848, 9.42772, 10.0169, 10.6062, 11.1954, 11.7846, 12.3739, 12.9631, 13.5523, 14.1416, 14.7308, 15.32, 15.9093, 16.4985, 17.0877, 17.677, 18.2662, 18.8554, 19.4447, 20.0339, 20.6231, 21.2124, 21.8016, 22.3908, 22.9801, 23.5693, 24.1585, 24.7478, 25.337, 25.9262, 26.5155, 27.1047, 27.6939, 28.2831, 28.8724, 29.4616, 30.0508, 30.6401, 31.2293, 31.8185, 32.4078, 32.997, 33.5862, 34.1755, 34.7647, 35.3539, 35.9432, 36.5324, 37.1216, 37.7109, 38.3001, 38.8893, 39.4786, 40.0678, 40.657
2.15238, 2.17157, 2.19152, 2.21229, 2.23394, 2.25653, 2.28014, 2.30483, 2.33069, 2.35782, 2.38634, 2.41635, 2.448, 2.48145, 2.51687, 2.55446, 2.59447, 2.63717, 2.68289, 2.732, 2.78496, 2.84231, 2.90473, 2.97303, 3.04825, 3.13169, 3.22504, 3.33057, 3.45135, 3.59174, 3.75818, 3.96075, 4.21658, 4.55869, 5.06327, 5.765, 5.20036, 1.97602, 0.19533, 0.00407554, 1.43173e-05, 3.8138e-09, 6.11024e-13, 1.734e-17, 8.71631e-23, 7.76079e-29, 1.22396e-35, 3.41916e-43, 1.69184e-51, 1.48281e-60, 2.30197e-70, 6.32995e-81, 3.08308e-92, 2.65982e-104, 4.06447e-117, 1.10011e-130, 5.27413e-145, 4.47862e-160, 6.73621e-176, 1.79459e-192, 8.46818e-210, 7.07766e-228, 1.04776e-246, 2.74732e-266, 1.27593e-286, 1.04957e-307, 0, 0, 0, 0
2.15238, 2.17505, 2.19869, 2.22339, 2.24922, 2.27627, 2.30463, 2.33441, 2.36574, 2.39875, 2.4336, 2.47045, 2.50951, 2.55101, 2.5952, 2.6424, 2.69296, 2.74728, 2.80588, 2.86933, 2.93835, 3.0138, 3.09676, 3.18857, 3.29095, 3.40611, 3.53699, 3.6876, 3.86356, 4.07308, 4.32879, 4.6514, 5.07828, 5.68815, 6.70482, 8.75119, 9.93851, 4.64635, 0.533064, 0.0124054, 5.06872e-05, 2.21532e-08, 3.57561e-12, 1.02225e-16, 5.17676e-22, 4.64353e-28, 7.37779e-35, 2.07631e-42, 1.035e-50, 9.13848e-60, 1.42918e-69, 3.95895e-80, 1.94245e-91, 1.68808e-103, 2.59843e-116, 7.08435e-130, 3.42104e-144, 2.92606e-159, 4.43275e-175, 1.1894e-191, 5.6525e-209, 4.75788e-227, 7.09323e-246, 1.87297e-265, 8.75929e-286, 7.25537e-307, 0, 0, 0, 0
21.4886
46.23
 
MEASUREMENT 94
1.4716, 4.41481, 7.36319, 10.3064, 13.2548, 16.2031, 19.1774, 22.1309, 25.0793, 28.0277, 30.9502, 33.8934, 36.8314, 39.7747
2.3071, 2.35712, 2.47571, 2.68686, 3.03042, 3.38986, 4.66362, 2.0093, 0.00498644, -0.00140433, -0.00145735, -0.00180943, -0.00427669, -0.00413701
0.00210827, 0.00200825, 0.00263278, 0.003309, 0.00342342, 0.00337702, 0.00380428, 0.00161768, 0.000411667, 0.000422416, 0.000368404, 0.000397576, 0.000489009, 0.000420057
0, 0.589232, 1.17846, 1.7677, 2.35693, 2.94616, 3.53539, 4.12463, 4.71386, 5.30309, 5.89232, 6.48156, 7.07079, 7.66002, 8.24925, 8.83848, 9.42772, 10.0169, 10.6062, 11.1954, 11.7846, 12.3739, 12.9631, 13.5523, 14.1416, 14.7308, 15.32, 15.9093, 16.4985, 17.0877, 17.677, 18.2662, 18.8554, 19.4447, 20.0339, 20.6231, 21.2124, 21.8016, 22.3908, 22.9801, 23.5693, 24.1585, 24.7478, 25.337, 25.9262, 26.5155, 27.1047, 27.6939, 28.2831, 28.8724, 29.4616, 30.0508, 30.6401, 31.2293, 31.8185, 32.4078, 32.997, 33.5862, 34.1755, 34.7647, 35.3539, 35.9432, 36.5324, 37.1216, 37.7109, 38.3001, 38.8893, 39.4786, 40.0678, 40.657
2.19857, 2.21814, 2.2385, 2.25969, 2.28177, 2.30482, 2.32889, 2.35408, 2.38046, 2.40813, 2.43722, 2.46783, 2.50011, 2.53422, 2.57033, 2.60867, 2.64947, 2.69301, 2.73962, 2.78969, 2.84368, 2.90215, 2.96577, 3.03539, 3.11205, 3.19707, 3.29219, 3.3997, 3.52273, 3.66571, 3.83518, 4.04137, 4.30167, 4.64952, 5.1621, 5.87785, 5.30963, 2.01188, 0.196284, 0.00399155, 1.33018e-05, 3.42507e-09, 5.1379e-13, 1.34673e-17, 6.16809e-23, 4.93627e-29, 6.90278e-36, 1.68665e-43, 7.20111e-52, 5.37216e-61, 7.00279e-71, 1.59502e-81, 6.34793e-93, 4.41436e-105, 5.36382e-118, 1.1388e-131, 4.22463e-146, 2.7384e-161, 3.10147e-177, 6.13767e-194, 2.12227e-211, 1.28221e-229, 1.35356e-248, 2.49664e-268, 8.04618e-289, 4.53085e-310, 0, 0, 0, 0
2.19857, 2.22172, 2.24587, 2.2711, 2.29748, 2.3251, 2.35407, 2.38449, 2.41649, 2.45021, 2.4858, 2.52344, 2.56333, 2.60572, 2.65086, 2.69906, 2.7507, 2.80618, 2.86602, 2.93083, 3.00131, 3.07837, 3.1631, 3.25687, 3.36142, 3.47901, 3.61267, 3.76646, 3.94613, 4.16006, 4.42112, 4.75043, 5.18609, 5.80819, 6.84395, 8.93418, 10.1757, 4.75139, 0.53851, 0.012221, 4.76785e-05, 2.00033e-08, 3.02316e-12, 7.9836e-17, 3.68397e-22, 2.97036e-28, 4.18484e-35, 1.0302e-42, 4.43133e-51, 3.33055e-60, 4.37387e-70, 1.00365e-80, 4.02401e-92, 2.81902e-104, 3.45062e-117, 7.37996e-131, 2.75781e-145, 1.80065e-160, 2.05421e-176, 4.09458e-193, 1.426e-210, 8.67715e-229, 9.22521e-248, 1.71363e-267, 5.56155e-288, 3.15364e-309, 0, 0, 0, 0
21.4895
46.23
 
MEASUREMENT 95
1.4716, 4.41481, 7.36319, 10.3064, 13.2548, 16.2031, 19.1774, 22.1309, 25.0793, 28.0277, 30.9502, 33.8934, 36.8314, 39.7747
2.26342, 2.31289, 2.42343, 2.63125, 2.97102, 3.32633, 4.57611, 1.97186, 0.00494004, -0.00196425, -0.00113286, -0.00169984, -0.00470931, -0.0038089
0.00210827, 0.00200825, 0.00263278, 0.003309, 0.00342342, 0.00337702, 0.00380428, 0.00161768, 0.000411667, 0.000422416, 0.000368404, 0.000397576, 0.000489009, 0.000420057
0, 0.589232, 1.17846, 1.7677, 2.35693, 2.94616, 3.53539, 4.12463, 4.71386, 5.30309, 5.89232, 6.48156, 7.07079, 7.66002, 8.24925, 8.83848, 9.42772, 10.0169, 10.6062, 11.1954, 11.7846, 12.3739, 12.9631, 13.5523, 14.1416, 14.7308, 15.32, 15.9093, 16.4985, 17.0877, 17.677, 18.2662, 18.8554, 19.4447, 20.0339, 20.6231, 21.2124, 21.8016, 22.3908, 22.9801, 23.5693, 24.1585, 24.7478, 25.337, 25.9262, 26.5155, 27.1047, 27.6939, 28.2831, 28.8724, 29.4616, 30.0508, 30.6401, 31.2293, 31.8185, 32.4078, 32.997, 33.5862, 34.1755, 34.7647, 35.3539, 35.9432, 36.5324, 37.1216, 37.7109, 38.3001, 38.8893, 39.4786, 40.0678, 40.657
2.15515, 2.17435, 2.19432, 2.21512, 2.23679, 2.2594, 2.28302, 2.30773, 2.33362, 2.36078, 2.38932, 2.41936, 2.45104, 2.48451, 2.51996, 2.55759, 2.59763, 2.64037, 2.68612, 2.73526, 2.78826, 2.84566, 2.90813, 2.97648, 3.05175, 3.13524, 3.22865, 3.33425, 3.4551, 3.59556, 3.76208, 3.96473, 4.22065, 4.56284, 5.06745, 5.76899, 5.20349, 1.97723, 0.195454, 0.004078, 1.43245e-05, 3.81398e-09, 6.10879e-13, 1.7329e-17, 8.7063e-23, 7.747e-29, 1.22088e-35, 3.40762e-43, 1.68449e-51, 1.47477e-60, 2.28673e-70, 6.27975e-81, 3.05425e-92, 2.63088e-104, 4.01356e-117, 1.0844e-130, 5.18899e-145, 4.39749e-160, 6.60017e-176, 1.75442e-192, 8.25917e-210, 6.88597e-228, 1.01676e-246, 2.65884e-266, 1.23137e-286, 1.00996e-307, 0, 0, 0, 0
2.15515, 2.17784, 2.20152, 2.22625, 2.25211, 2.27919, 2.30759, 2.33741, 2.36878, 2.40183, 2.43672, 2.47362, 2.51273, 2.55428, 2.59854, 2.64579, 2.69641, 2.75081, 2.80948, 2.87301, 2.94211, 3.01766, 3.10073, 3.19266, 3.29517, 3.41047, 3.54151, 3.69231, 3.86849, 4.07828, 4.33431, 4.65732, 5.08473, 5.69534, 6.71318, 8.762, 9.9518, 4.65341, 0.533948, 0.0124266, 5.07723e-05, 2.21863e-08, 3.57994e-12, 1.02308e-16, 5.17832e-22, 4.64202e-28, 7.36993e-35, 2.07232e-42, 1.03201e-50, 9.10219e-60, 1.4218e-69, 3.93332e-80, 1.92712e-91, 1.67217e-103, 2.56967e-116, 6.99352e-130, 3.3708e-144, 2.87731e-159, 4.34968e-175, 1.1645e-191, 5.5212e-209, 4.63593e-227, 6.89362e-246, 1.81536e-265, 8.46607e-286, 6.99202e-307, 0, 0, 0, 0
21.4887
46.23
 
MEASUREMENT 96
1.4716, 4.41481, 7.36319, 10.3064, 13.2548, 16.2031, 19.1774, 22.1309, 25.0793, 28.0277, 30.9502, 33.8934, 36.8314, 39.7747
2.30045, 2.34945, 2.46494, 2.67586, 3.0157, 3.37919, 4.64921, 2.0026, 0.00481161, -0.00183933, -0.00145705, -0.00192728, -0.00438406, -0.00410606
0.00210827, 0.00200825, 0.00263278, 0.003309, 0.00342342, 0.00337702, 0.00380428, 0.00161768, 0.000411667, 0.000422416, 0.000368404, 0.000397576, 0.000489009, 0.000420057
0, 0.589232, 1.17846, 1.7677, 2.35693, 2.94616, 3.53539, 4.12463, 4.71386, 5.30309, 5.89232, 6.48156, 7.07079, 7.66002, 8.24925, 8.83848, 9.42772, 10.0169, 10.6062, 11.1954, 11.7846, 12.3739, 12.9631, 13.5523, 14.1416, 14.7308, 15.32, 15.9093, 16.4985, 17.0877, 17.677, 18.2662, 18.8554, 19.4447, 20.0339, 20.6231, 21.2124, 21.8016, 22.3908, 22.9801, 23.5693, 24.1585, 24.7478, 25.337, 25.9262, 26.5155, 27.1047, 27.6939, 28.2831, 28.8724, 29.4616, 30.0508, 30.6401, 31.2293, 31.8185, 32.4078, 32.997, 33.5862, 34.1755, 34.7647, 35.3539, 35.9432, 36.5324, 37.1216, 37.7109, 38.3001, 38.8893, 39.4786, 40.0678, 40.657
2.19063, 2.21013, 2.23042, 2.25154, 2.27355, 2.29652, 2.32051, 2.34561, 2.37191, 2.39949, 2.42847, 2.45898, 2.49116, 2.52515, 2.56115, 2.59936, 2.64003, 2.68342, 2.72988, 2.77979, 2.8336, 2.89188, 2.9553, 3.0247, 3.10111, 3.18586, 3.28069, 3.38787, 3.51052, 3.65307, 3.82205, 4.02766, 4.28729, 4.6344, 5.14604, 5.85335, 5.27703, 2.02205, 0.204674, 0.00444838, 1.69037e-05, 4.71949e-09, 8.30394e-13, 2.63387e-17, 1.506e-22, 1.5523e-28, 2.88432e-35, 9.66118e-43, 5.83357e-51, 6.34974e-60, 1.24593e-69, 4.40702e-80, 2.81003e-91, 3.22992e-103, 6.69243e-116, 2.4997e-129, 1.68307e-143, 2.04279e-158, 4.46946e-174, 1.76276e-190, 1.25325e-207, 1.60615e-225, 3.71054e-244, 1.54522e-263, 1.15997e-283, 1.56964e-304, 0, 0, 0, 0
2.19063, 2.21369, 2.23776, 2.26289, 2.28918, 2.3167, 2.34556, 2.37588, 2.40776, 2.44135, 2.47681, 2.51431, 2.55406, 2.59629, 2.64127, 2.6893, 2.74074, 2.79603, 2.85565, 2.92022, 2.99045, 3.06723, 3.15165, 3.24507, 3.34924, 3.46641, 3.59958, 3.75282, 3.93185, 4.14503, 4.40519, 4.7334, 5.1677, 5.78826, 6.82322, 8.89976, 10.0945, 4.75625, 0.558659, 0.0135421, 5.93241e-05, 2.75145e-08, 4.87679e-12, 1.55822e-16, 8.97526e-22, 9.31931e-28, 1.74437e-34, 5.88585e-42, 3.58009e-50, 3.92547e-59, 7.75888e-69, 2.76449e-79, 1.77557e-90, 2.05573e-102, 4.29039e-115, 1.61409e-128, 1.09461e-142, 1.3381e-157, 2.94856e-173, 1.17119e-189, 8.3856e-207, 1.08226e-224, 2.51777e-243, 1.05581e-262, 7.98067e-283, 1.08736e-303, 0, 0, 0, 0
21.4903
46.23
 
MEASUREMENT 97
1.4716, 4.41481, 7.36319, 10.3064, 13.2548, 16.2031, 19.1774, 22.1309, 25.0793, 28.0277, 30.9502, 33.8934, 36.8314, 39.7747
2.32322, 2.37371, 2.49014, 2.70262, 3.05136, 3.41327, 4.69419, 2.0237, 0.00520033, -0.0019963, -0.00120656, -0.00172469, -0.00450071, -0.00357426
0.00210827, 0.00200825, 0.00263278, 0.003309, 0.00342342, 0.00337702, 0.00380428, 0.00161768, 0.000411667, 0.000422416, 0.000368404, 0.000397576, 0.000489009, 0.000420057
0, 0.589232, 1.17846, 1.7677, 2.35693, 2.94616, 3.53539, 4.12463, 4.71386, 5.30309, 5.89232, 6.48156, 7.07079, 7.66002, 8.24925, 8.83848, 9.42772, 10.0169, 10.6062, 11.1954, 11.7846, 12.3739, 12.9631, 13.5523, 14.1416, 14.7308, 15.32, 15.9093, 16.4985, 17.0877, 17.677, 18.2662, 18.8554, 19.4447, 20.0339, 20.6231, 21.2124, 21.8016, 22.3908, 22.9801, 23.5693, 24.1585, 24.7478, 25.337, 25.9262, 26.5155, 27.1047, 27.6939, 28.2831, 28.8724, 29.4616, 30.0508, 30.6401, 31.2293, 31.8185, 32.4078, 32.997, 33.5862, 34.1755, 34.7647, 35.3539, 35.9432, 36.5324, 37.1216, 37.7109, 38.3001, 38.8893, 39.4786, 40.0678, 40.657
2.21181, 2.23152, 2.25202, 2.27337, 2.29561, 2.31882, 2.34307, 2.36844, 2.39502, 2.4229, 2.45219, 2.48303, 2.51555, 2.54992, 2.58631, 2.62494, 2.66605, 2.70992, 2.75689, 2.80735, 2.86176, 2.92069, 2.98483, 3.05501, 3.13229, 3.21802, 3.31394, 3.42237, 3.54647, 3.69072, 3.86174, 4.06989, 4.33278, 4.68434, 5.20293, 5.92463, 5.33937, 2.0181, 0.197192, 0.00403988, 1.3696e-05, 3.58276e-09, 5.52287e-13, 1.49791e-17, 7.14792e-23, 6.00131e-29, 8.8651e-36, 2.30405e-43, 1.05359e-51, 8.47657e-61, 1.19988e-70, 2.98829e-81, 1.30941e-92, 1.00947e-104, 1.36922e-117, 3.26753e-131, 1.37192e-145, 1.01344e-160, 1.31713e-176, 3.01175e-193, 1.21162e-210, 8.57573e-229, 1.0679e-247, 2.33961e-267, 9.018e-288, 6.11544e-309, 0, 0, 0, 0
2.21181, 2.2351, 2.2594, 2.28479, 2.31133, 2.33913, 2.36827, 2.39888, 2.43108, 2.46501, 2.50082, 2.53869, 2.57884, 2.62149, 2.66691, 2.71542, 2.76738, 2.82321, 2.88343, 2.94865, 3.01958, 3.09714, 3.18241, 3.27678, 3.38201, 3.50038, 3.63491, 3.78973, 3.97061, 4.18601, 4.4489, 4.78059, 5.21953, 5.8467, 6.89237, 8.99952, 10.2176, 4.75339, 0.539151, 0.0123209, 4.88111e-05, 2.08334e-08, 3.23544e-12, 8.84063e-17, 4.25018e-22, 3.59503e-28, 5.35019e-35, 1.40089e-42, 6.45366e-51, 5.23085e-60, 7.45936e-70, 1.87151e-80, 8.26116e-92, 6.41574e-104, 8.76612e-117, 2.10727e-130, 8.91221e-145, 6.6313e-160, 8.68078e-176, 1.99923e-192, 8.10049e-210, 5.7743e-228, 7.24147e-247, 1.59768e-266, 6.20139e-287, 4.23468e-308, 0, 0, 0, 0
21.487
46.23
 
MEASUREMENT 98
1.4716, 4.41481, 7.36319, 10.3064, 13.2548, 16.2031, 19.1774, 22.1309, 25.0793, 28.0277, 30.9502, 33.8934, 36.8314, 39.7747
2.33406, 2.38417, 2.50138, 2.71529, 3.06007, 3.42639, 4.72029, 2.03338, 0.00514394, -0.00177744, -0.00150208, -0.00197064, -0.00426436, -0.00399056
0.00210827, 0.00200825, 0.00263278, 0.003309, 0.00342342, 0.00337702, 0.00380428, 0.00161768, 0.000411667, 0.000422416, 0.000368404, 0.000397576, 0.000489009, 0.000420057
0, 0.589232, 1.17846, 1.7677, 2.35693, 2.94616, 3.53539, 4.12463, 4.71386, 5.30309, 5.89232, 6.48156, 7.07079, 7.66002, 8.24925, 8.83848, 9.42772, 10.0169, 10.6062, 11.1954, 11.7846, 12.3739, 12.9631, 13.5523, 14.1416, 14.7308, 15.32, 15.9093, 16.4985, 17.0877, 17.677, 18.2662, 18.8554, 19.4447, 20.0339, 20.6231, 21.2124, 21.8016, 22.3908, 22.9801, 23.5693, 24.1585, 24.7478, 25.337, 25.9262, 26.5155, 27.1047, 27.6939, 28.2831, 28.8724, 29.4616, 30.0508, 30.6401, 31.2293, 31.8185, 32.4078, 32.997, 33.5862, 34.1755, 34.7647, 35.3539, 35.9432, 36.5324, 37.1216, 37.7109, 38.3001, 38.8893, 39.4786, 40.0678, 40.657
2.22639, 2.24616, 2.26673, 2.28814, 2.31045, 2.33373, 2.35805, 2.38349, 2.41014, 2.43809, 2.46746, 2.49837, 2.53097, 2.56541, 2.60188, 2.64058, 2.68176, 2.72571, 2.77275, 2.82327, 2.87775, 2.93673, 3.00091, 3.07111, 3.1484, 3.23411, 3.32997, 3.43828, 3.56219, 3.70613, 3.87664, 4.08398, 4.34549, 4.69456, 5.20779, 5.92122, 5.37152, 2.08714, 0.214735, 0.00474002, 1.84205e-05, 5.14275e-09, 9.1302e-13, 2.91361e-17, 1.67127e-22, 1.72315e-28, 3.1935e-35, 1.06383e-42, 6.36998e-51, 6.85593e-60, 1.32634e-69, 4.61215e-80, 2.88277e-91, 3.23873e-103, 6.54029e-116, 2.37396e-129, 1.54884e-143, 1.81632e-158, 3.82852e-174, 1.45051e-190, 9.8778e-208, 1.20906e-225, 2.66003e-244, 1.05189e-263, 7.47649e-284, 9.55146e-305, 0, 0, 0, 0
2.22639, 2.24982, 2.27427, 2.2998, 2.3265, 2.35446, 2.38378, 2.41457, 2.44695, 2.48107, 2.51709, 2.55518, 2.59555, 2.63844, 2.68411, 2.73289, 2.78513, 2.84127, 2.90181, 2.96737, 3.03867, 3.11661, 3.2023, 3.29713, 3.40285, 3.52175, 3.65686, 3.81231, 3.99387, 4.21, 4.47366, 4.8061, 5.24564, 5.87276, 6.91527, 9.00952, 10.2911, 4.92646, 0.588995, 0.0145136, 6.48145e-05, 3.02405e-08, 5.40839e-12, 1.73866e-16, 1.00468e-21, 1.04353e-27, 1.94825e-34, 6.53801e-42, 3.94371e-50, 4.27583e-59, 8.33279e-69, 2.91887e-79, 1.83776e-90, 2.07976e-102, 4.23042e-115, 1.54668e-128, 1.01639e-142, 1.2005e-157, 2.54861e-173, 9.72482e-190, 6.66954e-207, 8.22136e-225, 1.82148e-243, 7.25325e-263, 5.19123e-283, 6.6778e-304, 0, 0, 0, 0
21.4984
46.23
 
MEASUREMENT 99
1.4716, 4.41481, 7.36319, 10.3064, 13.2548, 16.2031, 19.1774, 22.1309, 25.0793, 28.0277, 30.9502, 33.8934, 36.8314, 39.7747
2.32697, 2.37718, 2.49433, 2.70742, 3.05382, 3.42137, 4.70394, 2.02645, 0.00502541, -0.00202072, -0.00119849, -0.00170797, -0.00465164, -0.00383944
0.00210827, 0.00200825, 0.00263278, 0.003309, 0.00342342, 0.00337702, 0.00380428, 0.00161768, 0.000411667, 0.000422416, 0.000368404, 0.000397576, 0.000489009, 0.000420057
0, 0.589232, 1.17846, 1.7677, 2.35693, 2.94616, 3.53539, 4.12463, 4.71386, 5.30309, 5.89232, 6.48156, 7.07079, 7.66002, 8.24925, 8.83848, 9.42772, 10.0169, 10.6062, 11.1954, 11.7846, 12.3739, 12.9631, 13.5523, 14.1416, 14.7308, 15.32, 15.9093, 16.4985, 17.0877, 17.677, 18.2662, 18.8554, 19.4447, 20.0339, 20.6231, 21.2124, 21.8016, 22.3908, 22.9801, 23.5693, 24.1585, 24.7478, 25.337, 25.9262, 26.5155, 27.1047, 27.6939, 28.2831, 28.8724, 29.4616, 30.0508, 30.6401, 31.2293, 31.8185, 32.4078, 32.997, 33.5862, 34.1755, 34.7647, 35.3539, 35.9432, 36.5324, 37.1216, 37.7109, 38.3001, 38.8893, 39.4786, 40.0678, 40.657
2.21587, 2.23561, 2.25615, 2.27753, 2.29982, 2.32307, 2.34736, 2.37277, 2.39939, 2.42732, 2.45667, 2.48756, 2.52014, 2.55456, 2.59101, 2.62971, 2.67089, 2.71484, 2.76189, 2.81243, 2.86694, 2.92597, 2.99021, 3.06051, 3.13792, 3.22379, 3.31987, 3.42848, 3.55279, 3.69728, 3.86858, 4.07707, 4.3404, 4.69259, 5.21208, 5.93209, 5.34281, 2.0301, 0.201598, 0.00425007, 1.52535e-05, 4.12467e-09, 6.80188e-13, 1.99931e-17, 1.04747e-22, 9.78173e-29, 1.62817e-35, 4.83049e-43, 2.55442e-51, 2.40769e-60, 4.04498e-70, 1.21126e-80, 6.46495e-92, 6.1503e-104, 1.04287e-116, 3.15186e-130, 1.69787e-144, 1.63021e-159, 2.78984e-175, 8.50968e-192, 4.62641e-209, 4.48301e-227, 7.74266e-246, 2.38343e-265, 1.3077e-285, 1.2788e-306, 0, 0, 0, 0
2.21587, 2.2392, 2.26355, 2.28898, 2.31557, 2.34341, 2.37261, 2.40328, 2.43553, 2.46952, 2.5054, 2.54334, 2.58356, 2.62628, 2.67178, 2.72038, 2.77243, 2.82837, 2.8887, 2.95403, 3.02509, 3.10278, 3.1882, 3.28274, 3.38815, 3.50673, 3.6415, 3.79659, 3.9778, 4.19358, 4.45694, 4.78922, 5.22899, 5.85746, 6.90592, 9.01361, 10.2188, 4.77538, 0.550266, 0.0129375, 5.38852e-05, 2.39839e-08, 3.98438e-12, 1.17982e-16, 6.2271e-22, 5.85821e-28, 9.8232e-35, 2.93594e-42, 1.56404e-50, 1.48508e-59, 2.51336e-69, 7.58158e-80, 4.07625e-91, 3.90623e-103, 6.67188e-116, 2.0311e-129, 1.10205e-143, 1.06576e-158, 1.83699e-174, 5.64333e-191, 3.08991e-208, 3.01534e-226, 5.2445e-245, 1.62573e-264, 8.98186e-285, 8.84415e-306, 0, 0, 0, 0
21.4876
46.23
 
MEASUREMENT 100
1.4716, 4.41481, 7.36319, 10.3064, 13.2548, 16.2031, 19.1774, 22.1309, 25.0793, 28.0277, 30.9502, 33.8934, 36.8314, 39.7747
2.33889, 2.38993, 2.50719, 2.72182, 3.07292, 3.43714, 4.72641, 2.03865, 0.00533885, -0.00174016, -0.00153747, -0.00198097, -0.00421298, -0.00378257
0.00210827, 0.00200825, 0.00263278, 0.003309, 0.00342342, 0.00337702, 0.00380428, 0.00161768, 0.000411667, 0.000422416, 0.000368404, 0.000397576, 0.000489009, 0.000420057
0, 0.589232, 1.17846, 1.7677, 2.35693, 2.94616, 3.53539, 4.12463, 4.71386, 5.30309, 5.89232, 6.48156, 7.07079, 7.66002, 8.24925, 8.83848, 9.42772, 10.0169, 10.6062, 11.1954, 11.7846, 12.3739, 12.9631, 13.5523, 14.1416, 14.7308, 15.32, 15.9093, 16.4985, 17.0877, 17.677, 18.2662, 18.8554, 19.4447, 20.0339, 20.6231, 21.2124, 21.8016, 22.3908, 22.9801, 23.5693, 24.1585, 24.7478, 25.337, 25.9262, 26.5155, 27.1047, 27.6939, 28.2831, 28.8724, 29.4616, 30.0508, 30.6401, 31.2293, 31.8185, 32.4078, 32.997, 33.5862, 34.1755, 34.7647, 35.3539, 35.9432, 36.5324, 37.1216, 37.7109, 38.3001, 38.8893, 39.4786, 40.0678, 40.657
2.22787, 2.24771, 2.26835, 2.28983, 2.31222, 2.33559, 2.36, 2.38553, 2.41228, 2.44034, 2.46983, 2.50087, 2.5336, 2.56818, 2.60481, 2.64369, 2.68506, 2.72921, 2.77648, 2.82725, 2.88201, 2.9413, 3.00583, 3.07644, 3.15419, 3.24044, 3.33693, 3.44599, 3.57081, 3.71588, 3.88785, 4.09713, 4.36138, 4.71469, 5.23557, 5.95809, 5.37261, 2.04766, 0.20418, 0.00432455, 1.56427e-05, 4.2364e-09, 7.02457e-13, 2.07642e-17, 1.09417e-22, 1.02784e-28, 1.72121e-35, 5.13826e-43, 2.73443e-51, 2.59411e-60, 4.38708e-70, 1.32261e-80, 7.10809e-92, 6.80989e-104, 1.16303e-116, 3.54084e-130, 1.92169e-144, 1.85918e-159, 3.20642e-175, 9.85775e-192, 5.40248e-209, 5.27794e-227, 9.19159e-246, 2.85346e-265, 1.57908e-285, 1.55772e-306, 0, 0, 0, 0
2.22787, 2.25133, 2.2758, 2.30136, 2.3281, 2.35609, 2.38545, 2.41627, 2.4487, 2.48287, 2.51893, 2.55707, 2.5975, 2.64045, 2.6862, 2.73505, 2.78737, 2.8436, 2.90425, 2.96992, 3.04135, 3.11944, 3.20531, 3.30033, 3.40629, 3.52547, 3.66092, 3.81679, 3.9989, 4.21575, 4.48038, 4.81424, 5.25602, 5.8872, 6.93952, 9.05524, 10.2797, 4.82024, 0.557877, 0.0131798, 5.52644e-05, 2.46799e-08, 4.1226e-12, 1.22764e-16, 6.517e-22, 6.1673e-28, 1.04043e-34, 3.12894e-42, 1.67744e-50, 1.60311e-59, 2.73113e-69, 8.29432e-80, 4.49033e-91, 4.33343e-103, 7.45488e-116, 2.28614e-129, 1.24972e-143, 1.2178e-158, 2.11536e-174, 6.54993e-191, 3.6152e-208, 3.55688e-226, 6.23799e-245, 1.9501e-264, 1.08669e-284, 1.07941e-305, 0, 0, 0, 0
21.4892
46.23
 
MEASUREMENT 101
1.4716, 4.41481, 7.36319, 10.3064, 13.2548, 16.2031, 19.1774, 22.1309, 25.0793, 28.0277, 30.9502, 33.8934, 36.8314, 39.7747
2.33674, 2.38802, 2.5061, 2.7229, 3.06846, 3.43549, 4.72595, 2.03627, 0.00515503, -0.0019547, -0.00132541, -0.00171822, -0.00448681, -0.00378162
0.00210827, 0.00200825, 0.00263278, 0.003309, 0.00342342, 0.00337702, 0.00380428, 0.00161768, 0.000411667, 0.000422416, 0.000368404, 0.000397576, 0.000489009, 0.000420057
0, 0.589232, 1.17846, 1.7677, 2.35693, 2.94616, 3.53539, 4.12463, 4.71386, 5.30309, 5.89232, 6.48156, 7.07079, 7.66002, 8.24925, 8.83848, 9.42772, 10.0169, 10.6062, 11.1954, 11.7846, 12.3739, 12.9631, 13.5523, 14.1416, 14.7308, 15.32, 15.9093, 16.4985, 17.0877, 17.677, 18.2662, 18.8554, 19.4447, 20.0339, 20.6231, 21.2124, 21.8016, 22.3908, 22.9801, 23.5693, 24.1585, 24.7478, 25.337, 25.9262, 26.5155, 27.1047, 27.6939, 28.2831, 28.8724, 29.4616, 30.0508, 30.6401, 31.2293, 31.8185, 32.4078, 32.997, 33.5862, 34.1755, 34.7647, 35.3539, 35.9432, 36.5324, 37.1216, 37.7109, 38.3001, 38.8893, 39.4786, 40.0678, 40.657
2.22651, 2.24635, 2.26698, 2.28846, 2.31084, 2.3342, 2.3586, 2.38412, 2.41086, 2.43891, 2.46839, 2.49942, 2.53214, 2.56671, 2.60333, 2.64219, 2.68355, 2.72769, 2.77494, 2.8257, 2.88044, 2.93972, 3.00424, 3.07483, 3.15256, 3.23879, 3.33526, 3.44431, 3.56911, 3.71416, 3.88611, 4.09535, 4.35957, 4.71279, 5.23356, 5.96007, 5.37966, 2.0364, 0.19876, 0.00405231, 1.35864e-05, 3.51962e-09, 5.33235e-13, 1.41528e-17, 6.58059e-23, 5.36026e-29, 7.64902e-36, 1.91215e-43, 8.37408e-52, 6.42462e-61, 8.63481e-71, 2.03307e-81, 8.38582e-93, 6.05942e-105, 7.67022e-118, 1.70089e-131, 6.60741e-146, 4.49651e-161, 5.36052e-177, 1.1195e-193, 4.09567e-211, 2.62488e-229, 2.94696e-248, 5.79591e-268, 1.99686e-288, 1.20517e-309, 0, 0, 0, 0
2.22651, 2.24996, 2.27442, 2.29997, 2.32669, 2.35467, 2.38401, 2.41482, 2.44722, 2.48137, 2.51742, 2.55554, 2.59595, 2.63887, 2.68459, 2.73341, 2.78571, 2.84191, 2.90252, 2.96815, 3.03955, 3.1176, 3.20341, 3.29839, 3.40429, 3.52341, 3.65879, 3.81458, 3.99658, 4.21331, 4.4778, 4.81145, 5.25292, 5.88346, 6.93388, 9.05253, 10.2974, 4.80062, 0.544107, 0.0123768, 4.85459e-05, 2.04954e-08, 3.12834e-12, 8.36517e-17, 3.91865e-22, 3.21585e-28, 4.62332e-35, 1.16441e-42, 5.1375e-51, 3.9709e-60, 5.37669e-70, 1.27535e-80, 5.29941e-92, 3.85754e-104, 4.91897e-117, 1.09879e-130, 4.29969e-145, 2.94735e-160, 3.53917e-176, 7.44459e-193, 2.74315e-210, 1.77062e-228, 2.00201e-247, 3.96525e-267, 1.37574e-287, 8.36105e-309, 0, 0, 0, 0
21.4885
46.23
 
MEASUREMENT 102
1.4716, 4.41481, 7.36319, 10.3064, 13.2548, 16.2031, 19.1774, 22.1309, 25.0793, 28.0277, 30.9502, 33.8934, 36.8314, 39.7747
2.33864, 2.38761, 2.50499, 2.71894, 3.06727, 3.43382, 4.72497, 2.03521, 0.00494332, -0.00189534, -0.00113539, -0.00198987, -0.00462098, -0.00392291
0.00210827, 0.00200825, 0.00263278, 0.003309, 0.00342342, 0.00337702, 0.00380428, 0.00161768, 0.000411667, 0.000422416, 0.000368404, 0.000397576, 0.000489009, 0.000420057
0, 0.589232, 1.17846, 1.7677, 2.35693, 2.94616, 3.53539, 4.12463, 4.71386, 5.30309, 5.89232, 6.48156, 7.07079, 7.66002, 8.24925, 8.83848, 9.42772, 10.0169, 10.6062, 11.1954, 11.7846, 12.3739, 12.9631, 13.5523, 14.1416, 14.7308, 15.32, 15.9093, 16.4985, 17.0877, 17.677, 18.2662, 18.8554, 19.4447, 20.0339, 20.6231, 21.2124, 21.8016, 22.3908, 22.9801, 23.5693, 24.1585, 24.7478, 25.337, 25.9262, 26.5155, 27.1047, 27.6939, 28.2831, 28.8724, 29.4616, 30.0508, 30.6401, 31.2293, 31.8185, 32.4078, 32.997, 33.5862, 34.1755, 34.7647, 35.3539, 35.9432, 36.5324, 37.1216, 37.7109, 38.3001, 38.8893, 39.4786, 40.0678, 40.657
2.22585, 2.24568, 2.26631, 2.28778, 2.31015, 2.3335, 2.35789, 2.38341, 2.41014, 2.43818, 2.46765, 2.49866, 2.53137, 2.56594, 2.60254, 2.64139, 2.68273, 2.72686, 2.7741, 2.82484, 2.87956, 2.93882, 3.00331, 3.07388, 3.15159, 3.23779, 3.33423, 3.44324, 3.56801, 3.71302, 3.88492, 4.09412, 4.35831, 4.71156, 5.23245, 5.95502, 5.36794, 2.04287, 0.203147, 0.00428575, 1.53902e-05, 4.15406e-09, 6.83707e-13, 2.0038e-17, 1.04574e-22, 9.71809e-29, 1.60813e-35, 4.73857e-43, 2.48632e-51, 2.323e-60, 3.86476e-70, 1.14493e-80, 6.03967e-92, 5.67321e-104, 9.48903e-117, 2.82613e-130, 1.49878e-144, 1.41534e-159, 2.37989e-175, 7.12567e-192, 3.79897e-209, 3.60642e-227, 6.09616e-246, 1.83486e-265, 9.83373e-286, 9.3842e-307, 0, 0, 0, 0
2.22585, 2.24929, 2.27375, 2.29929, 2.326, 2.35397, 2.3833, 2.4141, 2.4465, 2.48063, 2.51667, 2.55478, 2.59517, 2.63809, 2.68379, 2.7326, 2.78488, 2.84106, 2.90166, 2.96727, 3.03865, 3.11668, 3.20247, 3.29742, 3.40329, 3.52238, 3.65772, 3.81348, 3.99545, 4.21213, 4.47658, 4.81022, 5.25172, 5.88255, 6.93447, 9.0497, 10.27, 4.80834, 0.554949, 0.0130586, 5.44091e-05, 2.41854e-08, 4.0101e-12, 1.18399e-16, 6.2248e-22, 5.82761e-28, 9.71492e-35, 2.88383e-42, 1.52434e-50, 1.43473e-59, 2.40456e-69, 7.17589e-80, 3.81319e-91, 3.60804e-103, 6.07888e-116, 1.82365e-129, 9.7415e-144, 9.26556e-159, 1.5692e-174, 4.73199e-191, 2.54078e-208, 2.42909e-226, 4.13499e-245, 1.2533e-264, 6.76371e-285, 6.49924e-306, 0, 0, 0, 0
21.4886
46.23
 
MEASUREMENT 103
1.4716, 4.41481, 7.36319, 10.3064, 13.2548, 16.2031, 19.1774, 22.1309, 25.0793, 28.0277, 30.9502, 33.8934, 36.8314, 39.7747
2.35697, 2.40858, 2.52753, 2.7436, 3.09457, 3.46462, 4.76672, 2.0537, 0.00524026, -0.00179953, -0.00136498, -0.00172819, -0.00421641, -0.00398702
0.00210827, 0.00200825, 0.00263278, 0.003309, 0.00342342, 0.00337702, 0.00380428, 0.00161768, 0.000411667, 0.000422416, 0.000368404, 0.000397576, 0.000489009, 0.000420057
0, 0.589232, 1.17846, 1.7677, 2.35693, 2.94616, 3.53539, 4.12463, 4.71386, 5.30309, 5.89232, 6.48156, 7.07079, 7.66002, 8.24925, 8.83848, 9.42772, 10.0169, 10.6062, 11.1954, 11.7846, 12.3739, 12.9631, 13.5523, 14.1416, 14.7308, 15.32, 15.9093, 16.4985, 17.0877, 17.677, 18.2662, 18.8554, 19.4447, 20.0339, 20.6231, 21.2124, 21.8016, 22.3908, 22.9801, 23.5693, 24.1585, 24.7478, 25.337, 25.9262, 26.5155, 27.1047, 27.6939, 28.2831, 28.8724, 29.4616, 30.0508, 30.6401, 31.2293, 31.8185, 32.4078, 32.997, 33.5862, 34.1755, 34.7647, 35.3539, 35.9432, 36.5324, 37.1216, 37.7109, 38.3001, 38.8893, 39.4786, 40.0678, 40.657
2.24467, 2.26468, 2.28549, 2.30716, 2.32974, 2.3533, 2.37792, 2.40367, 2.43065, 2.45895, 2.48869, 2.51999, 2.553, 2.58789, 2.62483, 2.66404, 2.70578, 2.75032, 2.798, 2.84922, 2.90446, 2.96429, 3.0294, 3.10065, 3.1791, 3.26614, 3.36353, 3.47361, 3.59961, 3.74607, 3.91972, 4.13106, 4.39799, 4.75496, 5.28156, 6.01571, 5.42407, 2.04747, 0.199099, 0.00404268, 1.34566e-05, 3.48402e-09, 5.25491e-13, 1.38853e-17, 6.42768e-23, 5.21263e-29, 7.40569e-36, 1.84322e-43, 8.03699e-52, 6.13921e-61, 8.21548e-71, 1.92599e-81, 7.90998e-93, 5.6911e-105, 7.17323e-118, 1.58391e-131, 6.12691e-146, 4.1519e-161, 4.92886e-177, 1.02503e-193, 3.7344e-211, 2.38338e-229, 2.66474e-248, 5.21918e-268, 1.79075e-288, 1.07635e-309, 0, 0, 0, 0
2.24467, 2.26831, 2.29298, 2.31873, 2.34567, 2.37388, 2.40346, 2.43453, 2.4672, 2.50163, 2.53797, 2.57641, 2.61715, 2.66044, 2.70653, 2.75576, 2.80849, 2.86516, 2.92628, 2.99246, 3.06445, 3.14315, 3.22969, 3.32546, 3.43225, 3.55238, 3.68891, 3.84602, 4.02959, 4.24818, 4.51497, 4.85156, 5.29697, 5.93333, 6.99405, 9.13321, 10.3759, 4.82172, 0.544311, 0.0123286, 4.80625e-05, 2.02418e-08, 3.07587e-12, 8.18833e-17, 3.81883e-22, 3.12012e-28, 4.46596e-35, 1.11985e-42, 4.91934e-51, 3.78574e-60, 5.10376e-70, 1.20538e-80, 4.98712e-92, 3.61464e-104, 4.58954e-117, 1.02084e-130, 3.9777e-145, 2.71511e-160, 3.24656e-176, 6.80043e-193, 2.49531e-210, 1.60394e-228, 1.80602e-247, 3.56227e-267, 1.23083e-287, 7.44966e-309, 0, 0, 0, 0
21.4869
46.23
 
MEASUREMENT 104
1.4716, 4.41481, 7.36319, 10.3064, 13.2548, 16.2031, 19.1774, 22.1309, 25.0793, 28.0277, 30.9502, 33.8934, 36.8314, 39.7747
2.37005, 2.4215, 2.54336, 2.75793, 3.11105, 3.48298, 4.79208, 2.06434, 0.00529725, -0.00156575, -0.00149393, -0.00190666, -0.00420046, -0.00384166
0.00210827, 0.00200825, 0.00263278, 0.003309, 0.00342342, 0.00337702, 0.00380428, 0.00161768, 0.000411667, 0.000422416, 0.000368404, 0.000397576, 0.000489009, 0.000420057
0, 0.589232, 1.17846, 1.7677, 2.35693, 2.94616, 3.53539, 4.12463, 4.71386, 5.30309, 5.89232, 6.48156, 7.07079, 7.66002, 8.24925, 8.83848, 9.42772, 10.0169, 10.6062, 11.1954, 11.7846, 12.3739, 12.9631, 13.5523, 14.1416, 14.7308, 15.32, 15.9093, 16.4985, 17.0877, 17.677, 18.2662, 18.8554, 19.4447, 20.0339, 20.6231, 21.2124, 21.8016, 22.3908, 22.9801, 23.5693, 24.1585, 24.7478, 25.337, 25.9262, 26.5155, 27.1047, 27.6939, 28.2831, 28.8724, 29.4616, 30.0508, 30.6401, 31.2293, 31.8185, 32.4078, 32.997, 33.5862, 34.1755, 34.7647, 35.3539, 35.9432, 36.5324, 37.1216, 37.7109, 38.3001, 38.8893, 39.4786, 40.0678, 40.657
2.25876, 2.27886, 2.29977, 2.32154, 2.34422, 2.36789, 2.39262, 2.41849, 2.44559, 2.47402, 2.50389, 2.53533, 2.56848, 2.60352, 2.64061, 2.67999, 2.7219, 2.76662, 2.81449, 2.86591, 2.92136, 2.98141, 3.04675, 3.11825, 3.19697, 3.28429, 3.38197, 3.49238, 3.61871, 3.76552, 3.93953, 4.15122, 4.41844, 4.77548, 5.30148, 6.0365, 5.45709, 2.07102, 0.202401, 0.00412209, 1.37691e-05, 3.54315e-09, 5.31676e-13, 1.39342e-17, 6.37817e-23, 5.099e-29, 7.11951e-36, 1.73616e-43, 7.39444e-52, 5.50039e-61, 7.14585e-71, 1.62139e-81, 6.42525e-93, 4.44697e-105, 5.37534e-118, 1.13479e-131, 4.18401e-146, 2.69423e-161, 3.02999e-177, 5.95129e-194, 2.04147e-211, 1.22302e-229, 1.27963e-248, 2.33827e-268, 7.46207e-289, 4.15891e-310, 0, 0, 0, 0
2.25876, 2.28254, 2.30735, 2.33327, 2.36037, 2.38875, 2.41851, 2.44976, 2.48264, 2.51727, 2.55383, 2.5925, 2.63349, 2.67703, 2.7234, 2.77292, 2.82596, 2.88296, 2.94443, 3.011, 3.08341, 3.16257, 3.24961, 3.34592, 3.45332, 3.57412, 3.7114, 3.86937, 4.05392, 4.27364, 4.54177, 4.87996, 5.32734, 5.96606, 7.02911, 9.17471, 10.4581, 4.89189, 0.555464, 0.0126256, 4.935e-05, 2.07054e-08, 3.13029e-12, 8.26544e-17, 3.81176e-22, 3.07017e-28, 4.31889e-35, 1.0611e-42, 4.55313e-51, 3.41218e-60, 4.46603e-70, 1.02088e-80, 4.07562e-92, 2.84165e-104, 3.46025e-117, 7.3587e-131, 2.73306e-145, 1.77276e-160, 2.00817e-176, 3.97284e-193, 1.37261e-210, 8.28204e-229, 8.72711e-248, 1.60599e-267, 5.16126e-288, 2.8967e-309, 0, 0, 0, 0
21.4904
46.23
 
MEASUREMENT 105
1.4716, 4.41481, 7.36319, 10.3064, 13.2548, 16.2031, 19.1774, 22.1309, 25.0793, 28.0277, 30.9502, 33.8934, 36.8314, 39.7747
2.36232, 2.41296, 2.53187, 2.74822, 3.10011, 3.47055, 4.77533, 2.05715, 0.00514355, -0.00188267, -0.00137191, -0.00168798, -0.00468516, -0.00399391
0.00210827, 0.00200825, 0.00263278, 0.003309, 0.00342342, 0.00337702, 0.00380428, 0.00161768, 0.000411667, 0.000422416, 0.000368404, 0.000397576, 0.000489009, 0.000420057
0, 0.589232, 1.17846, 1.7677, 2.35693, 2.94616, 3.53539, 4.12463, 4.71386, 5.30309, 5.89232, 6.48156, 7.07079, 7.66002, 8.24925, 8.83848, 9.42772, 10.0169, 10.6062, 11.1954, 11.7846, 12.3739, 12.9631, 13.5523, 14.1416, 14.7308, 15.32, 15.9093, 16.4985, 17.0877, 17.677, 18.2662, 18.8554, 19.4447, 20.0339, 20.6231, 21.2124, 21.8016, 22.3908, 22.9801, 23.5693, 24.1585, 24.7478, 25.337, 25.9262, 26.5155, 27.1047, 27.6939, 28.2831, 28.8724, 29.4616, 30.0508, 30.6401, 31.2293, 31.8185, 32.4078, 32.997, 33.5862, 34.1755, 34.7647, 35.3539, 35.9432, 36.5324, 37.1216, 37.7109, 38.3001, 38.8893, 39.4786, 40.0678, 40.657
2.25065, 2.27069, 2.29152, 2.31321, 2.33581, 2.3594, 2.38404, 2.40981, 2.43681, 2.46514, 2.4949, 2.52623, 2.55927, 2.59417, 2.63114, 2.67038, 2.71213, 2.75669, 2.80439, 2.85563, 2.91088, 2.97071, 3.03583, 3.10707, 3.18551, 3.27252, 3.36986, 3.47987, 3.60577, 3.75207, 3.92548, 4.13648, 4.40286, 4.75893, 5.28362, 6.00926, 5.41955, 2.07762, 0.21025, 0.00456367, 1.72914e-05, 4.81235e-09, 8.42562e-13, 2.65588e-17, 1.50721e-22, 1.53993e-28, 2.83262e-35, 9.38069e-43, 5.59292e-51, 6.00345e-60, 1.16016e-69, 4.0364e-80, 2.52827e-91, 2.85107e-103, 5.78821e-116, 2.1156e-129, 1.39211e-143, 1.64916e-158, 3.51724e-174, 1.35048e-190, 9.33518e-208, 1.16172e-225, 2.6027e-244, 1.04976e-263, 7.62248e-284, 9.96423e-305, 0, 0, 0, 0
2.25065, 2.27435, 2.29907, 2.3249, 2.3519, 2.38018, 2.40983, 2.44097, 2.47373, 2.50824, 2.54467, 2.5832, 2.62404, 2.66742, 2.71362, 2.76297, 2.81582, 2.87261, 2.93387, 3.0002, 3.07235, 3.15123, 3.23795, 3.33393, 3.44094, 3.56131, 3.69811, 3.85553, 4.03944, 4.25842, 4.52565, 4.86277, 5.30884, 5.94613, 7.00868, 9.14122, 10.375, 4.89227, 0.574627, 0.013913, 6.07908e-05, 2.81051e-08, 4.95697e-12, 1.57403e-16, 8.99848e-22, 9.26162e-28, 1.71618e-34, 5.72528e-42, 3.43862e-50, 3.71814e-59, 7.238e-69, 2.53665e-79, 1.60048e-90, 1.81796e-102, 3.71761e-115, 1.36862e-128, 9.07077e-143, 1.08229e-157, 2.32475e-173, 8.98969e-190, 6.25813e-207, 7.84287e-225, 1.76943e-243, 7.18651e-263, 5.25445e-283, 6.91606e-304, 0, 0, 0, 0
21.4908
46.23
 
MEASUREMENT 106
1.4716, 4.41481, 7.36319, 10.3064, 13.2548, 16.2031, 19.1774, 22.1309, 25.0793, 28.0277, 30.9502, 33.8934, 36.8314, 39.7747
2.35207, 2.40384, 2.51845, 2.73672, 3.08726, 3.45685, 4.75596, 2.04922, 0.00504937, -0.00195447, -0.00131823, -0.0019621, -0.00445076, -0.00413257
0.00210827, 0.00200825, 0.00263278, 0.003309, 0.00342342, 0.00337702, 0.00380428, 0.00161768, 0.000411667, 0.000422416, 0.000368404, 0.000397576, 0.000489009, 0.000420057
0, 0.589232, 1.17846, 1.7677, 2.35693, 2.94616, 3.53539, 4.12463, 4.71386, 5.30309, 5.89232, 6.48156, 7.07079, 7.66002, 8.24925, 8.83848, 9.42772, 10.0169, 10.6062, 11.1954, 11.7846, 12.3739, 12.9631, 13.5523, 14.1416, 14.7308, 15.32, 15.9093, 16.4985, 17.0877, 17.677, 18.2662, 18.8554, 19.4447, 20.0339, 20.6231, 21.2124, 21.8016, 22.3908, 22.9801, 23.5693, 24.1585, 24.7478, 25.337, 25.9262, 26.5155, 27.1047, 27.6939, 28.2831, 28.8724, 29.4616, 30.0508, 30.6401, 31.2293, 31.8185, 32.4078, 32.997, 33.5862, 34.1755, 34.7647, 35.3539, 35.9432, 36.5324, 37.1216, 37.7109, 38.3001, 38.8893, 39.4786, 40.0678, 40.657
2.24035, 2.2603, 2.28106, 2.30267, 2.32519, 2.34868, 2.37323, 2.39891, 2.42581, 2.45403, 2.48369, 2.5149, 2.54782, 2.58261, 2.61944, 2.65854, 2.70015, 2.74455, 2.79209, 2.84315, 2.89822, 2.95786, 3.02276, 3.09377, 3.17197, 3.2587, 3.35575, 3.46544, 3.59097, 3.73687, 3.90982, 4.12029, 4.38603, 4.74129, 5.26501, 5.99408, 5.41011, 2.05585, 0.202779, 0.00420919, 1.46272e-05, 3.86382e-09, 6.09873e-13, 1.69938e-17, 8.35936e-23, 7.25911e-29, 1.11281e-35, 3.01153e-43, 1.43873e-51, 1.21338e-60, 1.80651e-70, 4.74795e-81, 2.20291e-92, 1.8043e-104, 2.6088e-117, 6.65877e-131, 3.00031e-145, 2.38647e-160, 3.35091e-176, 8.30588e-193, 3.63431e-210, 2.80719e-228, 3.82765e-247, 9.21307e-267, 3.91458e-287, 2.93612e-308, 0, 0, 0, 0
2.24035, 2.26394, 2.28855, 2.31426, 2.34114, 2.36929, 2.39881, 2.42981, 2.46242, 2.49678, 2.53304, 2.5714, 2.61206, 2.65525, 2.70124, 2.75037, 2.80298, 2.85953, 2.92051, 2.98655, 3.05838, 3.13691, 3.22325, 3.31881, 3.42535, 3.5452, 3.6814, 3.83814, 4.02125, 4.23929, 4.50537, 4.84104, 5.28517, 5.91955, 6.97656, 9.1056, 10.3524, 4.84299, 0.554617, 0.0128435, 5.19783e-05, 2.25051e-08, 3.5787e-12, 1.00462e-16, 4.97861e-22, 4.35556e-28, 6.72675e-35, 1.83397e-42, 8.82678e-51, 7.49951e-60, 1.12482e-69, 2.97818e-80, 1.39198e-91, 1.14849e-103, 1.67277e-116, 4.30083e-130, 1.95198e-144, 1.56388e-159, 2.21175e-175, 5.52166e-192, 2.43334e-209, 1.89292e-227, 2.5993e-246, 6.3005e-266, 2.69578e-286, 2.03603e-307, 0, 0, 0, 0
21.4893
46.23
 
MEASUREMENT 107
1.4716, 4.41481, 7.36319, 10.3064, 13.2548, 16.2031, 19.1774, 22.1309, 25.0793, 28.0277, 30.9502, 33.8934, 36.8314, 39.7747
2.37301, 2.42417, 2.54445, 2.75754, 3.11084, 3.47989, 4.79467, 2.06558, 0.00547972, -0.00201838, -0.00119499, -0.00188572, -0.00442943, -0.00375583
0.00210827, 0.00200825, 0.00263278, 0.003309, 0.00342342, 0.00337702, 0.00380428, 0.00161768, 0.000411667, 0.000422416, 0.000368404, 0.000397576, 0.000489009, 0.000420057
0, 0.589232, 1.17846, 1.7677, 2.35693, 2.94616, 3.53539, 4.12463, 4.71386, 5.30309, 5.89232, 6.48156, 7.07079, 7.66002, 8.24925, 8.83848, 9.42772, 10.0169, 10.6062, 11.1954, 11.7846, 12.3739, 12.9631, 13.5523, 14.1416, 14.7308, 15.32, 15.9093, 16.4985, 17.0877, 17.677, 18.2662, 18.8554, 19.4447, 20.0339, 20.6231, 21.2124, 21.8016, 22.3908, 22.9801, 23.5693, 24.1585, 24.7478, 25.337, 25.9262, 26.5155, 27.1047, 27.6939, 28.2831, 28.8724, 29.4616, 30.0508, 30.6401, 31.2293, 31.8185, 32.4078, 32.997, 33.5862, 34.1755, 34.7647, 35.3539, 35.9432, 36.5324, 37.1216, 37.7109, 38.3001, 38.8893, 39.4786, 40.0678, 40.657
2.2596, 2.27971, 2.30063, 2.32241, 2.34511, 2.36879, 2.39353, 2.41941, 2.44652, 2.47496, 2.50484, 2.5363, 2.56947, 2.60452, 2.64164, 2.68103, 2.72296, 2.7677, 2.81559, 2.86704, 2.92252, 2.9826, 3.04798, 3.11952, 3.19828, 3.28565, 3.38339, 3.49386, 3.62028, 3.7672, 3.94133, 4.15321, 4.42072, 4.77828, 5.30521, 6.03481, 5.44312, 2.0829, 0.209704, 0.00451152, 1.68076e-05, 4.62791e-09, 7.93787e-13, 2.44172e-17, 1.34698e-22, 1.3326e-28, 2.36433e-35, 7.52293e-43, 4.29276e-51, 4.39295e-60, 8.06204e-70, 2.65339e-80, 1.56612e-91, 1.65773e-103, 3.14678e-116, 1.07123e-129, 6.53982e-144, 7.15993e-159, 1.40576e-174, 4.94966e-191, 3.12533e-208, 3.53896e-226, 7.18637e-245, 2.61697e-264, 1.709e-284, 2.00141e-305, 0, 0, 0, 0
2.2596, 2.28339, 2.30822, 2.33414, 2.36125, 2.38964, 2.41941, 2.45068, 2.48356, 2.51821, 2.55479, 2.59347, 2.63447, 2.67803, 2.72442, 2.77396, 2.82703, 2.88405, 2.94555, 3.01215, 3.08459, 3.16378, 3.25085, 3.34721, 3.45466, 3.57551, 3.71286, 3.87091, 4.05556, 4.27543, 4.54374, 4.88222, 5.33009, 5.96991, 7.03657, 9.17889, 10.4212, 4.90618, 0.573361, 0.01376, 5.92254e-05, 2.70228e-08, 4.66921e-12, 1.44688e-16, 8.0407e-22, 8.01362e-28, 1.4323e-34, 4.59101e-42, 2.63906e-50, 2.72054e-59, 5.02948e-69, 1.66745e-79, 9.91387e-91, 1.05704e-102, 2.02112e-115, 6.93024e-129, 4.26143e-143, 4.69908e-158, 9.29218e-174, 3.2951e-190, 2.09538e-207, 2.38945e-225, 4.88624e-244, 1.79179e-263, 1.17825e-283, 1.38938e-304, 0, 0, 0, 0
21.4905
46.23
 
MEASUREMENT 108
1.4716, 4.41481, 7.36319, 10.3064, 13.2548, 16.2031, 19.1774, 22.1309, 25.0793, 28.0277, 30.9502, 33.8934, 36.8314, 39.7747
2.37315, 2.42493, 2.54782, 2.7654, 3.11946, 3.4951, 4.80242, 2.0714, 0.00509781, -0.00184085, -0.00120985, -0.00166439, -0.00441315, -0.00381583
0.00210827, 0.00200825, 0.00263278, 0.003309, 0.00342342, 0.00337702, 0.00380428, 0.00161768, 0.000411667, 0.000422416, 0.000368404, 0.000397576, 0.000489009, 0.000420057
0, 0.589232, 1.17846, 1.7677, 2.35693, 2.94616, 3.53539, 4.12463, 4.71386, 5.30309, 5.89232, 6.48156, 7.07079, 7.66002, 8.24925, 8.83848, 9.42772, 10.0169, 10.6062, 11.1954, 11.7846, 12.3739, 12.9631, 13.5523, 14.1416, 14.7308, 15.32, 15.9093, 16.4985, 17.0877, 17.677, 18.2662, 18.8554, 19.4447, 20.0339, 20.6231, 21.2124, 21.8016, 22.3908, 22.9801, 23.5693, 24.1585, 24.7478, 25.337, 25.9262, 26.5155, 27.1047, 27.6939, 28.2831, 28.8724, 29.4616, 30.0508, 30.6401, 31.2293, 31.8185, 32.4078, 32.997, 33.5862, 34.1755, 34.7647, 35.3539, 35.9432, 36.5324, 37.1216, 37.7109, 38.3001, 38.8893, 39.4786, 40.0678, 40.657
2.26134, 2.28151, 2.30248, 2.32432, 2.34708, 2.37082, 2.39563, 2.42158, 2.44877, 2.4773, 2.50727, 2.53882, 2.57209, 2.60725, 2.64449, 2.68401, 2.72608, 2.77097, 2.81903, 2.87067, 2.92635, 2.98665, 3.05228, 3.1241, 3.2032, 3.29094, 3.38911, 3.50009, 3.62712, 3.77478, 3.94986, 4.16295, 4.4321, 4.79205, 5.3231, 6.06473, 5.47241, 2.0658, 0.20049, 0.00405315, 1.33658e-05, 3.4407e-09, 5.12707e-13, 1.33497e-17, 6.07372e-23, 4.82855e-29, 6.70745e-36, 1.62808e-43, 6.90513e-52, 5.11734e-61, 6.62662e-71, 1.49939e-81, 5.92804e-93, 4.09525e-105, 4.94335e-118, 1.04264e-131, 3.8425e-146, 2.47436e-161, 2.78407e-177, 5.47346e-194, 1.88022e-211, 1.12855e-229, 1.18357e-248, 2.16883e-268, 6.94415e-289, 3.88481e-310, 0, 0, 0, 0
2.26134, 2.28516, 2.31, 2.33595, 2.36309, 2.39151, 2.42131, 2.4526, 2.48552, 2.5202, 2.55682, 2.59554, 2.63658, 2.68018, 2.72662, 2.77621, 2.82933, 2.88642, 2.94799, 3.01466, 3.08718, 3.16646, 3.25364, 3.35012, 3.45769, 3.5787, 3.71624, 3.8745, 4.05941, 4.2796, 4.54833, 4.88735, 5.33597, 5.97682, 7.04472, 9.19946, 10.4581, 4.86024, 0.547588, 0.0123485, 4.77395e-05, 1.99565e-08, 2.99602e-12, 7.85936e-17, 3.60256e-22, 2.88545e-28, 4.03827e-35, 9.87531e-43, 4.21969e-51, 3.15052e-60, 4.1101e-70, 9.36896e-81, 3.73161e-92, 2.59695e-104, 3.15786e-117, 6.70939e-131, 2.49075e-145, 1.61559e-160, 1.831e-176, 3.62573e-193, 1.25444e-210, 7.58325e-229, 8.00949e-248, 1.47808e-267, 4.76575e-288, 2.68476e-309, 0, 0, 0, 0
21.4873
46.23
 
MEASUREMENT 109
1.4716, 4.41481, 7.36319, 10.3064, 13.2548, 16.2031, 19.1774, 22.1309, 25.0793, 28.0277, 30.9502, 33.8934, 36.8314, 39.7747
2.34653, 2.39388, 2.5119, 2.72652, 3.07534, 3.44045, 4.73968, 2.04112, 0.00512928, -0.00201241, -0.0015773, -0.00165909, -0.00445762, -0.00422157
0.00210827, 0.00200825, 0.00263278, 0.003309, 0.00342342, 0.00337702, 0.00380428, 0.00161768, 0.000411667, 0.000422416, 0.000368404, 0.000397576, 0.000489009, 0.000420057
0, 0.589232, 1.17846, 1.7677, 2.35693, 2.94616, 3.53539, 4.12463, 4.71386, 5.30309, 5.89232, 6.48156, 7.07079, 7.66002, 8.24925, 8.83848, 9.42772, 10.0169, 10.6062, 11.1954, 11.7846, 12.3739, 12.9631, 13.5523, 14.1416, 14.7308, 15.32, 15.9093, 16.4985, 17.0877, 17.677, 18.2662, 18.8554, 19.4447, 20.0339, 20.6231, 21.2124, 21.8016, 22.3908, 22.9801, 23.5693, 24.1585, 24.7478, 25.337, 25.9262, 26.5155, 27.1047, 27.6939, 28.2831, 28.8724, 29.4616, 30.0508, 30.6401, 31.2293, 31.8185, 32.4078, 32.997, 33.5862, 34.1755, 34.7647, 35.3539, 35.9432, 36.5324, 37.1216, 37.7109, 38.3001, 38.8893, 39.4786, 40.0678, 40.657
2.23389, 2.25376, 2.27443, 2.29595, 2.31837, 2.34177, 2.36622, 2.39179, 2.41857, 2.44667, 2.47619, 2.50727, 2.54004, 2.57467, 2.61134, 2.65025, 2.69167, 2.73587, 2.78318, 2.834, 2.88879, 2.94814, 3.01271, 3.08336, 3.16114, 3.24742, 3.34393, 3.45301, 3.57782, 3.72285, 3.89474, 4.10385, 4.3678, 4.72053, 5.24004, 5.95771, 5.37827, 2.074, 0.212548, 0.00470488, 1.84711e-05, 5.24885e-09, 9.57041e-13, 3.16333e-17, 1.89542e-22, 2.0588e-28, 4.05386e-35, 1.447e-42, 9.36301e-51, 1.09826e-59, 2.33528e-69, 9.00149e-80, 6.28973e-91, 7.96692e-103, 1.82932e-115, 7.61424e-129, 5.74515e-143, 7.85803e-158, 1.94832e-173, 8.75677e-190, 7.13443e-207, 1.05368e-224, 2.82089e-243, 1.36897e-262, 1.20429e-282, 1.92042e-303, 0, 0, 0, 0
2.23389, 2.25741, 2.28194, 2.30757, 2.33437, 2.36244, 2.39186, 2.42277, 2.45527, 2.48952, 2.52568, 2.56391, 2.60444, 2.64749, 2.69335, 2.74231, 2.79476, 2.85112, 2.91191, 2.97773, 3.04932, 3.12759, 3.21365, 3.30888, 3.41506, 3.53449, 3.67022, 3.8264, 4.00885, 4.22608, 4.49117, 4.82554, 5.26791, 5.89981, 6.95303, 9.06443, 10.2941, 4.88237, 0.580768, 0.0143408, 6.46725e-05, 3.06966e-08, 5.63809e-12, 1.87726e-16, 1.13309e-21, 1.2398e-27, 2.45914e-34, 8.84219e-42, 5.76339e-50, 6.80982e-59, 1.45858e-68, 5.66322e-79, 3.98594e-90, 5.08545e-102, 1.17614e-114, 4.9308e-128, 3.74716e-142, 5.16192e-157, 1.28897e-172, 5.83442e-189, 4.78708e-206, 7.11968e-224, 1.9194e-242, 9.3796e-262, 8.30834e-282, 1.33399e-302, 0, 0, 0, 0
21.4928
46.23
 
MEASUREMENT 110
1.4716, 4.41481, 7.36319, 10.3064, 13.2548, 16.2031, 19.1774, 22.1309, 25.0793, 28.0277, 30.9502, 33.8934, 36.8314, 39.7747
2.35424, 2.40919, 2.52717, 2.74325, 3.09435, 3.46684, 4.76286, 2.05424, 0.00537882, -0.00175261, -0.0013543, -0.00197612, -0.00442962, -0.00375153
0.00210827, 0.00200825, 0.00263278, 0.003309, 0.00342342, 0.00337702, 0.00380428, 0.00161768, 0.000411667, 0.000422416, 0.000368404, 0.000397576, 0.000489009, 0.000420057
0, 0.589232, 1.17846, 1.7677, 2.35693, 2.94616, 3.53539, 4.12463, 4.71386, 5.30309, 5.89232, 6.48156, 7.07079, 7.66002, 8.24925, 8.83848, 9.42772, 10.0169, 10.6062, 11.1954, 11.7846, 12.3739, 12.9631, 13.5523, 14.1416, 14.7308, 15.32, 15.9093, 16.4985, 17.0877, 17.677, 18.2662, 18.8554, 19.4447, 20.0339, 20.6231, 21.2124, 21.8016, 22.3908, 22.9801, 23.5693, 24.1585, 24.7478, 25.337, 25.9262, 26.5155, 27.1047, 27.6939, 28.2831, 28.8724, 29.4616, 30.0508, 30.6401, 31.2293, 31.8185, 32.4078, 32.997, 33.5862, 34.1755, 34.7647, 35.3539, 35.9432, 36.5324, 37.1216, 37.7109, 38.3001, 38.8893, 39.4786, 40.0678, 40.657
2.24673, 2.26672, 2.2875, 2.30914, 2.33169, 2.35522, 2.3798, 2.40551, 2.43244, 2.4607, 2.49039, 2.52164, 2.55459, 2.58941, 2.62628, 2.66542, 2.70706, 2.7515, 2.79907, 2.85017, 2.90527, 2.96494, 3.02987, 3.1009, 3.17911, 3.26586, 3.3629, 3.47257, 3.59806, 3.74387, 3.91668, 4.12692, 4.39229, 4.74693, 5.26923, 5.98798, 5.40286, 2.09379, 0.217782, 0.00494836, 2.03853e-05, 5.99175e-09, 1.16162e-12, 4.13075e-17, 2.69434e-22, 3.22353e-28, 7.07403e-35, 2.84746e-42, 2.10234e-50, 2.8471e-59, 7.0722e-69, 3.22225e-79, 2.69287e-90, 4.12783e-102, 1.16059e-114, 5.98527e-128, 5.66156e-142, 9.8228e-157, 3.12593e-172, 1.82461e-188, 1.95345e-205, 3.83598e-223, 1.38163e-241, 9.12739e-261, 1.10596e-280, 2.45794e-301, 9.88131e-323, 0, 0, 0
2.24673, 2.27039, 2.29506, 2.32084, 2.34779, 2.37601, 2.40561, 2.43669, 2.46938, 2.50383, 2.54019, 2.57864, 2.6194, 2.6627, 2.70881, 2.75806, 2.8108, 2.86748, 2.92861, 2.99481, 3.06681, 3.14553, 3.23207, 3.32784, 3.43462, 3.55473, 3.69123, 3.84829, 4.03177, 4.25024, 4.51682, 4.85309, 5.298, 5.93363, 6.99359, 9.11376, 10.3374, 4.92374, 0.59425, 0.0150598, 7.0929e-05, 3.50505e-08, 6.84472e-12, 2.45176e-16, 1.61086e-21, 1.94131e-27, 4.29128e-34, 1.73993e-41, 1.29398e-49, 1.76512e-58, 4.41641e-68, 2.02679e-78, 1.70606e-89, 2.63403e-101, 7.45912e-114, 3.8743e-127, 3.69094e-141, 6.44932e-156, 2.06693e-171, 1.21497e-187, 1.3099e-204, 2.59022e-222, 9.3942e-241, 6.24896e-260, 7.62389e-280, 1.70595e-300, 6.47226e-322, 0, 0, 0
21.4935
46.23
 
MEASUREMENT 111
1.4716, 4.41481, 7.36319, 10.3064, 13.2548, 16.2031, 19.1774, 22.1309, 25.0793, 28.0277, 30.9502, 33.8934, 36.8314, 39.7747
2.34367, 2.39456, 2.51243, 2.72799, 3.07688, 3.44465, 4.73941, 2.04226, 0.00490487, -0.00190475, -0.00114713, -0.0017055, -0.00445395, -0.00389957
0.00210827, 0.00200825, 0.00263278, 0.003309, 0.00342342, 0.00337702, 0.00380428, 0.00161768, 0.000411667, 0.000422416, 0.000368404, 0.000397576, 0.000489009, 0.000420057
0, 0.589232, 1.17846, 1.7677, 2.35693, 2.94616, 3.53539, 4.12463, 4.71386, 5.30309, 5.89232, 6.48156, 7.07079, 7.66002, 8.24925, 8.83848, 9.42772, 10.0169, 10.6062, 11.1954, 11.7846, 12.3739, 12.9631, 13.5523, 14.1416, 14.7308, 15.32, 15.9093, 16.4985, 17.0877, 17.677, 18.2662, 18.8554, 19.4447, 20.0339, 20.6231, 21.2124, 21.8016, 22.3908, 22.9801, 23.5693, 24.1585, 24.7478, 25.337, 25.9262, 26.5155, 27.1047, 27.6939, 28.2831, 28.8724, 29.4616, 30.0508, 30.6401, 31.2293, 31.8185, 32.4078, 32.997, 33.5862, 34.1755, 34.7647, 35.3539, 35.9432, 36.5324, 37.1216, 37.7109, 38.3001, 38.8893, 39.4786, 40.0678, 40.657
2.23314, 2.25302, 2.27371, 2.29524, 2.31768, 2.34109, 2.36555, 2.39114, 2.41794, 2.44606, 2.47561, 2.50671, 2.53951, 2.57417, 2.61087, 2.64982, 2.69128, 2.73552, 2.78288, 2.83376, 2.88862, 2.94803, 3.01268, 3.08343, 3.16133, 3.24773, 3.3444, 3.45367, 3.57871, 3.72404, 3.8963, 4.10592, 4.3706, 4.72446, 5.24606, 5.96776, 5.3809, 2.05966, 0.207799, 0.00449016, 1.68748e-05, 4.67751e-09, 8.11806e-13, 2.53316e-17, 1.42118e-22, 1.43352e-28, 2.59976e-35, 8.47683e-43, 4.96941e-51, 5.23775e-60, 9.92556e-70, 3.38168e-80, 2.07147e-91, 2.28134e-103, 4.51717e-116, 1.60808e-129, 1.02923e-143, 1.18435e-158, 2.45024e-174, 9.11373e-191, 6.09457e-208, 7.32737e-226, 1.58383e-244, 6.15495e-264, 4.30026e-284, 5.40153e-305, 0, 0, 0, 0
2.23314, 2.25665, 2.28119, 2.30681, 2.3336, 2.36166, 2.39109, 2.42198, 2.45449, 2.48873, 2.52488, 2.56311, 2.60363, 2.64668, 2.69253, 2.74149, 2.79393, 2.85029, 2.91108, 2.9769, 3.04849, 3.12676, 3.21282, 3.30806, 3.41425, 3.5337, 3.66945, 3.82567, 4.00818, 4.22549, 4.4907, 4.82528, 5.26801, 5.90058, 6.95545, 9.07298, 10.294, 4.84587, 0.567367, 0.013674, 5.9314e-05, 2.72686e-08, 4.76747e-12, 1.49861e-16, 8.46965e-22, 8.60626e-28, 1.5723e-34, 5.16443e-42, 3.04985e-50, 3.23817e-59, 6.18138e-69, 2.12145e-79, 1.309e-90, 1.45212e-102, 2.89616e-115, 1.03848e-128, 6.69457e-143, 7.75888e-158, 1.61668e-173, 6.05611e-190, 4.07858e-207, 4.93817e-225, 1.07489e-243, 4.20629e-263, 2.95919e-283, 3.74265e-304, 0, 0, 0, 0
21.4901
46.23
 
MEASUREMENT 112
1.4716, 4.41481, 7.36319, 10.3064, 13.2548, 16.2031, 19.1774, 22.1309, 25.0793, 28.0277, 30.9502, 33.8934, 36.8314, 39.7747
2.35126, 2.40238, 2.51791, 2.7368, 3.08702, 3.45593, 4.75491, 2.04989, 0.00517335, -0.00167759, -0.00128072, -0.0019391, -0.0041846, -0.00407883
0.00210827, 0.00200825, 0.00263278, 0.003309, 0.00342342, 0.00337702, 0.00380428, 0.00161768, 0.000411667, 0.000422416, 0.000368404, 0.000397576, 0.000489009, 0.000420057
0, 0.589232, 1.17846, 1.7677, 2.35693, 2.94616, 3.53539, 4.12463, 4.71386, 5.30309, 5.89232, 6.48156, 7.07079, 7.66002, 8.24925, 8.83848, 9.42772, 10.0169, 10.6062, 11.1954, 11.7846, 12.3739, 12.9631, 13.5523, 14.1416, 14.7308, 15.32, 15.9093, 16.4985, 17.0877, 17.677, 18.2662, 18.8554, 19.4447, 20.0339, 20.6231, 21.2124, 21.8016, 22.3908, 22.9801, 23.5693, 24.1585, 24.7478, 25.337, 25.9262, 26.5155, 27.1047, 27.6939, 28.2831, 28.8724, 29.4616, 30.0508, 30.6401, 31.2293, 31.8185, 32.4078, 32.997, 33.5862, 34.1755, 34.7647, 35.3539, 35.9432, 36.5324, 37.1216, 37.7109, 38.3001, 38.8893, 39.4786, 40.0678, 40.657
2.24051, 2.26045, 2.2812, 2.30279, 2.3253, 2.34879, 2.37332, 2.39899, 2.42587, 2.45408, 2.48371, 2.51491, 2.5478, 2.58256, 2.61937, 2.65844, 2.70002, 2.74439, 2.79189, 2.84291, 2.89793, 2.95752, 3.02235, 3.0933, 3.17141, 3.25806, 3.35499, 3.46455, 3.58992, 3.73563, 3.90833, 4.11846, 4.38376, 4.73841, 5.261, 5.98286, 5.39787, 2.0778, 0.212394, 0.00468772, 1.83186e-05, 5.20005e-09, 9.44787e-13, 3.11149e-17, 1.85743e-22, 2.00985e-28, 3.94204e-35, 1.40147e-42, 9.03139e-51, 1.05494e-59, 2.23361e-69, 8.57215e-80, 5.96313e-91, 7.51899e-103, 1.71849e-115, 7.11921e-129, 5.34584e-143, 7.27608e-158, 1.79504e-173, 8.02691e-190, 6.50602e-207, 9.55818e-225, 2.54523e-243, 1.22848e-262, 1.07473e-282, 1.70419e-303, 0, 0, 0, 0
2.24051, 2.2641, 2.28871, 2.31441, 2.34129, 2.36944, 2.39896, 2.42996, 2.46256, 2.49692, 2.53318, 2.57153, 2.61218, 2.65537, 2.70136, 2.75048, 2.80309, 2.85962, 2.92059, 2.98662, 3.05844, 3.13695, 3.22327, 3.3188, 3.42532, 3.54513, 3.68129, 3.83797, 4.02101, 4.23896, 4.50492, 4.84043, 5.28436, 5.91858, 6.97611, 9.09597, 10.3211, 4.8844, 0.579366, 0.0142617, 6.40494e-05, 3.03297e-08, 5.55097e-12, 1.84153e-16, 1.10739e-21, 1.20706e-27, 2.38486e-34, 8.54084e-42, 5.54423e-50, 6.52353e-59, 1.3913e-68, 5.37847e-79, 3.76869e-90, 4.78647e-102, 1.10187e-114, 4.59765e-128, 3.47719e-142, 4.76657e-157, 1.18432e-172, 5.33348e-189, 4.35345e-206, 6.44071e-224, 1.72707e-242, 8.39383e-262, 7.39405e-282, 1.18052e-302, 0, 0, 0, 0
21.4918
46.23
 
MEASUREMENT 113
1.4716, 4.41481, 7.36319, 10.3064, 13.2548, 16.2031, 19.1774, 22.1309, 25.0793, 28.0277, 30.9502, 33.8934, 36.8314, 39.7747
2.33853, 2.39001, 2.51003, 2.72184, 3.06992, 3.43699, 4.72843, 2.03799, 0.00511439, -0.00223669, -0.0013548, -0.00184879, -0.00465036, -0.00383278
0.00210827, 0.00200825, 0.00263278, 0.003309, 0.00342342, 0.00337702, 0.00380428, 0.00161768, 0.000411667, 0.000422416, 0.000368404, 0.000397576, 0.000489009, 0.000420057
0, 0.589232, 1.17846, 1.7677, 2.35693, 2.94616, 3.53539, 4.12463, 4.71386, 5.30309, 5.89232, 6.48156, 7.07079, 7.66002, 8.24925, 8.83848, 9.42772, 10.0169, 10.6062, 11.1954, 11.7846, 12.3739, 12.9631, 13.5523, 14.1416, 14.7308, 15.32, 15.9093, 16.4985, 17.0877, 17.677, 18.2662, 18.8554, 19.4447, 20.0339, 20.6231, 21.2124, 21.8016, 22.3908, 22.9801, 23.5693, 24.1585, 24.7478, 25.337, 25.9262, 26.5155, 27.1047, 27.6939, 28.2831, 28.8724, 29.4616, 30.0508, 30.6401, 31.2293, 31.8185, 32.4078, 32.997, 33.5862, 34.1755, 34.7647, 35.3539, 35.9432, 36.5324, 37.1216, 37.7109, 38.3001, 38.8893, 39.4786, 40.0678, 40.657
2.23012, 2.24995, 2.27057, 2.29203, 2.31441, 2.33775, 2.36214, 2.38764, 2.41436, 2.4424, 2.47185, 2.50285, 2.53554, 2.57008, 2.60666, 2.64548, 2.68679, 2.73087, 2.77806, 2.82874, 2.88339, 2.94257, 3.00697, 3.07742, 3.15499, 3.24102, 3.33725, 3.44599, 3.57042, 3.71499, 3.88631, 4.09471, 4.35771, 4.7091, 5.22641, 5.93939, 5.36278, 2.07792, 0.215483, 0.00486369, 1.97801e-05, 5.75079e-09, 1.09449e-12, 3.80539e-17, 2.41705e-22, 2.8046e-28, 5.94506e-35, 2.30219e-42, 1.62863e-50, 2.10475e-59, 4.96908e-69, 2.14312e-79, 1.68854e-90, 2.43037e-102, 6.39034e-115, 3.0695e-128, 2.69341e-142, 4.31745e-157, 1.26427e-172, 6.76303e-189, 6.60889e-206, 1.17978e-223, 3.84731e-242, 2.29191e-261, 2.49412e-281, 4.95815e-302, 1.97626e-323, 0, 0, 0
2.23012, 2.2536, 2.27809, 2.30367, 2.33042, 2.35844, 2.38781, 2.41866, 2.45111, 2.4853, 2.52139, 2.55956, 2.60001, 2.64299, 2.68876, 2.73764, 2.78999, 2.84625, 2.90692, 2.97262, 3.04408, 3.12221, 3.2081, 3.30315, 3.40913, 3.52833, 3.6638, 3.81967, 4.00176, 4.21856, 4.48309, 4.81676, 5.25818, 5.88868, 6.93956, 9.04337, 10.2695, 4.89327, 0.588997, 0.0148307, 6.90398e-05, 3.37056e-08, 6.46174e-12, 2.26308e-16, 1.44795e-21, 1.69241e-27, 3.61372e-34, 1.40962e-41, 1.00448e-49, 1.30761e-58, 3.10959e-68, 1.35088e-78, 1.07206e-89, 1.5542e-101, 4.11603e-114, 1.99128e-127, 1.75981e-141, 2.84103e-156, 8.37843e-172, 4.51361e-188, 4.44178e-205, 7.98474e-223, 2.622e-241, 1.5728e-260, 1.72336e-280, 3.4494e-301, 1.63042e-322, 0, 0, 0
21.4942
46.23
 
MEASUREMENT 114
1.4716, 4.41481, 7.36319, 10.3064, 13.2548, 16.2031, 19.1774, 22.1309, 25.0793, 28.0277, 30.9502, 33.8934, 36.8314, 39.7747
2.30436, 2.35466, 2.4675, 2.68146, 3.02502, 3.38586, 4.6583, 2.00836, 0.00524506, -0.00188157, -0.0013222, -0.00164732, -0.00415932, -0.00408372
0.00210827, 0.00200825, 0.00263278, 0.003309, 0.00342342, 0.00337702, 0.00380428, 0.00161768, 0.000411667, 0.000422416, 0.000368404, 0.000397576, 0.000489009, 0.000420057
0, 0.589232, 1.17846, 1.7677, 2.35693, 2.94616, 3.53539, 4.12463, 4.71386, 5.30309, 5.89232, 6.48156, 7.07079, 7.66002, 8.24925, 8.83848, 9.42772, 10.0169, 10.6062, 11.1954, 11.7846, 12.3739, 12.9631, 13.5523, 14.1416, 14.7308, 15.32, 15.9093, 16.4985, 17.0877, 17.677, 18.2662, 18.8554, 19.4447, 20.0339, 20.6231, 21.2124, 21.8016, 22.3908, 22.9801, 23.5693, 24.1585, 24.7478, 25.337, 25.9262, 26.5155, 27.1047, 27.6939, 28.2831, 28.8724, 29.4616, 30.0508, 30.6401, 31.2293, 31.8185, 32.4078, 32.997, 33.5862, 34.1755, 34.7647, 35.3539, 35.9432, 36.5324, 37.1216, 37.7109, 38.3001, 38.8893, 39.4786, 40.0678, 40.657
2.19343, 2.21299, 2.23333, 2.25451, 2.27658, 2.29961, 2.32367, 2.34884, 2.3752, 2.40287, 2.43193, 2.46253, 2.4948, 2.5289, 2.56501, 2.60334, 2.64413, 2.68767, 2.73428, 2.78435, 2.83835, 2.89683, 2.96047, 3.03012, 3.10682, 3.19191, 3.28712, 3.39474, 3.51793, 3.66113, 3.83092, 4.03759, 4.29864, 4.64784, 5.1631, 5.87856, 5.29522, 2.00654, 0.197806, 0.00411891, 1.44309e-05, 3.85083e-09, 6.17612e-13, 1.75659e-17, 8.85973e-23, 7.92432e-29, 1.25689e-35, 3.53527e-43, 1.76335e-51, 1.55972e-60, 2.44648e-70, 6.80498e-81, 3.3566e-92, 2.93601e-104, 4.55409e-117, 1.25265e-130, 6.11003e-145, 5.28491e-160, 8.10612e-176, 2.2048e-192, 1.06342e-209, 9.09526e-228, 1.37944e-246, 3.70993e-266, 1.7693e-286, 1.49628e-307, 0, 0, 0, 0
2.19343, 2.21653, 2.24063, 2.2658, 2.29213, 2.31969, 2.3486, 2.37895, 2.41088, 2.44453, 2.48004, 2.5176, 2.55741, 2.59971, 2.64476, 2.69286, 2.74439, 2.79976, 2.85948, 2.92416, 2.99451, 3.07142, 3.15598, 3.24957, 3.35393, 3.47132, 3.60474, 3.75828, 3.93768, 4.15131, 4.41204, 4.74103, 5.17643, 5.79867, 6.83666, 8.92521, 10.1206, 4.71686, 0.539542, 0.0125291, 5.1086e-05, 2.23466e-08, 3.61063e-12, 1.03455e-16, 5.25672e-22, 4.73665e-28, 7.56865e-35, 2.14464e-42, 1.07765e-50, 9.60258e-60, 1.51733e-69, 4.25163e-80, 2.11257e-91, 1.86141e-103, 2.90837e-116, 8.05809e-130, 3.959e-144, 3.44912e-159, 5.32844e-175, 1.45968e-191, 7.09052e-209, 6.10746e-227, 9.32832e-246, 2.52641e-265, 1.21328e-285, 1.03317e-306, 0, 0, 0, 0
21.4869
46.23
 
MEASUREMENT 115
1.4716, 4.41481, 7.36319, 10.3064, 13.2548, 16.2031, 19.1774, 22.1309, 25.0793, 28.0277, 30.9502, 33.8934, 36.8314, 39.7747
2.34446, 2.39543, 2.51381, 2.72852, 3.07803, 3.44611, 4.74092, 2.04312, 0.00494816, -0.00177721, -0.00121395, -0.00201719, -0.00450214, -0.00385602
0.00210827, 0.00200825, 0.00263278, 0.003309, 0.00342342, 0.00337702, 0.00380428, 0.00161768, 0.000411667, 0.000422416, 0.000368404, 0.000397576, 0.000489009, 0.000420057
0, 0.589232, 1.17846, 1.7677, 2.35693, 2.94616, 3.53539, 4.12463, 4.71386, 5.30309, 5.89232, 6.48156, 7.07079, 7.66002, 8.24925, 8.83848, 9.42772, 10.0169, 10.6062, 11.1954, 11.7846, 12.3739, 12.9631, 13.5523, 14.1416, 14.7308, 15.32, 15.9093, 16.4985, 17.0877, 17.677, 18.2662, 18.8554, 19.4447, 20.0339, 20.6231, 21.2124, 21.8016, 22.3908, 22.9801, 23.5693, 24.1585, 24.7478, 25.337, 25.9262, 26.5155, 27.1047, 27.6939, 28.2831, 28.8724, 29.4616, 30.0508, 30.6401, 31.2293, 31.8185, 32.4078, 32.997, 33.5862, 34.1755, 34.7647, 35.3539, 35.9432, 36.5324, 37.1216, 37.7109, 38.3001, 38.8893, 39.4786, 40.0678, 40.657
2.23432, 2.2542, 2.27489, 2.29642, 2.31886, 2.34228, 2.36674, 2.39233, 2.41914, 2.44726, 2.47681, 2.50791, 2.54071, 2.57536, 2.61206, 2.65102, 2.69247, 2.73671, 2.78407, 2.83494, 2.88979, 2.94919, 3.01384, 3.08456, 3.16244, 3.24883, 3.34546, 3.45469, 3.57967, 3.72493, 3.89709, 4.10657, 4.37105, 4.72458, 5.24553, 5.96442, 5.37897, 2.07041, 0.211856, 0.00468688, 1.84012e-05, 5.24223e-09, 9.58803e-13, 3.1833e-17, 1.91849e-22, 2.09883e-28, 4.16798e-35, 1.50248e-42, 9.83153e-51, 1.16779e-59, 2.51791e-69, 9.85474e-80, 7.00129e-91, 9.02898e-103, 2.11361e-115, 8.98129e-129, 6.9275e-143, 9.69924e-158, 2.46503e-173, 1.13717e-189, 9.52253e-207, 1.44743e-224, 3.99355e-243, 2.00004e-262, 1.81816e-282, 3.00013e-303, 0, 0, 0, 0
2.23432, 2.25784, 2.28238, 2.30802, 2.33483, 2.3629, 2.39233, 2.42325, 2.45576, 2.49002, 2.52618, 2.56443, 2.60497, 2.64804, 2.6939, 2.74289, 2.79535, 2.85173, 2.91254, 2.97838, 3.05, 3.1283, 3.21439, 3.30966, 3.41588, 3.53537, 3.67116, 3.82742, 4.00997, 4.22733, 4.49258, 4.8272, 5.26997, 5.90258, 6.95761, 9.07182, 10.2896, 4.86904, 0.578127, 0.0142648, 6.43386e-05, 3.05986e-08, 5.63749e-12, 1.88542e-16, 1.14463e-21, 1.26141e-27, 2.52336e-34, 9.1629e-42, 6.0397e-50, 7.22644e-59, 1.56949e-68, 6.1875e-79, 4.42785e-90, 5.75163e-102, 1.35614e-114, 5.80411e-128, 4.50899e-142, 6.35821e-157, 1.62742e-172, 7.5609e-189, 6.37606e-206, 9.75968e-224, 2.71157e-242, 1.36743e-261, 1.25167e-281, 2.07955e-302, 0, 0, 0, 0
21.4916
46.23
 
MEASUREMENT 116
1.4716, 4.41481, 7.36319, 10.3064, 13.2548, 16.2031, 19.1774, 22.1309, 25.0793, 28.0277, 30.9502, 33.8934, 36.8314, 39.7747
2.35411, 2.40531, 2.52346, 2.7363, 3.09037, 3.45939, 4.75883, 2.05123, 0.00539641, -0.00165954, -0.00142622, -0.00178242, -0.00436225, -0.00406193
0.00210827, 0.00200825, 0.00263278, 0.003309, 0.00342342, 0.00337702, 0.00380428, 0.00161768, 0.000411667, 0.000422416, 0.000368404, 0.000397576, 0.000489009, 0.000420057
0, 0.589232, 1.17846, 1.7677, 2.35693, 2.94616, 3.53539, 4.12463, 4.71386, 5.30309, 5.89232, 6.48156, 7.07079, 7.66002, 8.24925, 8.83848, 9.42772, 10.0169, 10.6062, 11.1954, 11.7846, 12.3739, 12.9631, 13.5523, 14.1416, 14.7308, 15.32, 15.9093, 16.4985, 17.0877, 17.677, 18.2662, 18.8554, 19.4447, 20.0339, 20.6231, 21.2124, 21.8016, 22.3908, 22.9801, 23.5693, 24.1585, 24.7478, 25.337, 25.9262, 26.5155, 27.1047, 27.6939, 28.2831, 28.8724, 29.4616, 30.0508, 30.6401, 31.2293, 31.8185, 32.4078, 32.997, 33.5862, 34.1755, 34.7647, 35.3539, 35.9432, 36.5324, 37.1216, 37.7109, 38.3001, 38.8893, 39.4786, 40.0678, 40.657
2.2426, 2.26256, 2.28333, 2.30495, 2.32748, 2.35099, 2.37555, 2.40124, 2.42815, 2.45638, 2.48605, 2.51728, 2.55021, 2.585, 2.62185, 2.66096, 2.70258, 2.747, 2.79455, 2.84563, 2.90071, 2.96035, 3.02526, 3.09628, 3.17448, 3.26122, 3.35826, 3.46793, 3.59344, 3.7393, 3.91218, 4.12251, 4.38804, 4.74286, 5.26566, 5.99583, 5.42037, 2.05975, 0.202057, 0.00414236, 1.40229e-05, 3.63627e-09, 5.54197e-13, 1.47965e-17, 6.92047e-23, 5.6702e-29, 8.13849e-36, 2.04632e-43, 9.01331e-52, 6.95467e-61, 9.40048e-71, 2.22589e-81, 9.23282e-93, 6.70878e-105, 8.53944e-118, 1.90411e-131, 7.43751e-146, 5.08905e-161, 6.09984e-177, 1.28077e-193, 4.71079e-211, 3.03518e-229, 3.42565e-248, 6.77277e-268, 2.3456e-288, 1.423e-309, 0, 0, 0, 0
2.2426, 2.26621, 2.29084, 2.31657, 2.34348, 2.37166, 2.40121, 2.43223, 2.46487, 2.49926, 2.53556, 2.57395, 2.61464, 2.65787, 2.70391, 2.75308, 2.80574, 2.86233, 2.92336, 2.98946, 3.06135, 3.13994, 3.22635, 3.32198, 3.4286, 3.54853, 3.68484, 3.84167, 4.0249, 4.24305, 4.50926, 4.84504, 5.28922, 5.92342, 6.9791, 9.10867, 10.3791, 4.85962, 0.553771, 0.0126692, 5.00977e-05, 2.12207e-08, 3.2584e-12, 8.7647e-17, 4.13005e-22, 3.40925e-28, 4.92997e-35, 1.24885e-42, 5.54184e-51, 4.30799e-60, 5.86638e-70, 1.39939e-80, 5.8476e-92, 4.28041e-104, 5.48858e-117, 1.23282e-130, 4.85066e-145, 3.3432e-160, 4.0363e-176, 8.53613e-193, 3.16223e-210, 2.052e-228, 2.33245e-247, 4.64403e-267, 1.61966e-287, 9.89461e-309, 0, 0, 0, 0
21.4906
46.23
 
MEASUREMENT 117
1.4716, 4.41481, 7.36319, 10.3064, 13.2548, 16.2031, 19.1774, 22.1309, 25.0793, 28.0277, 30.9502, 33.8934, 36.8314, 39.7747
2.3761, 2.42577, 2.54781, 2.7659, 3.11623, 3.48601, 4.80307, 2.06872, 0.005008, -0.00201517, -0.00137664, -0.00185278, -0.00447686, -0.00382942
0.00210827, 0.00200825, 0.00263278, 0.003309, 0.00342342, 0.00337702, 0.00380428, 0.00161768, 0.000411667, 0.000422416, 0.000368404, 0.000397576, 0.000489009, 0.000420057
0, 0.589232, 1.17846, 1.7677, 2.35693, 2.94616, 3.53539, 4.12463, 4.71386, 5.30309, 5.89232, 6.48156, 7.07079, 7.66002, 8.24925, 8.83848, 9.42772, 10.0169, 10.6062, 11.1954, 11.7846, 12.3739, 12.9631, 13.5523, 14.1416, 14.7308, 15.32, 15.9093, 16.4985, 17.0877, 17.677, 18.2662, 18.8554, 19.4447, 20.0339, 20.6231, 21.2124, 21.8016, 22.3908, 22.9801, 23.5693, 24.1585, 24.7478, 25.337, 25.9262, 26.5155, 27.1047, 27.6939, 28.2831, 28.8724, 29.4616, 30.0508, 30.6401, 31.2293, 31.8185, 32.4078, 32.997, 33.5862, 34.1755, 34.7647, 35.3539, 35.9432, 36.5324, 37.1216, 37.7109, 38.3001, 38.8893, 39.4786, 40.0678, 40.657
2.26182, 2.28198, 2.30294, 2.32476, 2.3475, 2.37124, 2.39603, 2.42197, 2.44914, 2.47764, 2.50759, 2.53912, 2.57237, 2.60751, 2.64471, 2.68421, 2.72624, 2.77109, 2.81911, 2.8707, 2.92633, 2.98657, 3.05214, 3.12388, 3.20289, 3.29053, 3.38858, 3.49942, 3.62628, 3.77374, 3.94855, 4.1613, 4.43, 4.78934, 5.31932, 6.05471, 5.45566, 2.07219, 0.205268, 0.00430565, 1.52958e-05, 4.10749e-09, 6.68442e-13, 1.93356e-17, 9.94167e-23, 9.08587e-29, 1.47598e-35, 4.26184e-43, 2.18735e-51, 1.99546e-60, 3.23572e-70, 9.3261e-81, 4.77782e-92, 4.3507e-104, 7.04187e-117, 2.02588e-130, 1.03594e-144, 9.41574e-160, 1.52113e-175, 4.3679e-192, 2.22931e-209, 2.02236e-227, 3.26089e-246, 9.34549e-266, 4.76053e-286, 4.31016e-307, 0, 0, 0, 0
2.26182, 2.28564, 2.31049, 2.33644, 2.36359, 2.39201, 2.42182, 2.45312, 2.48604, 2.52073, 2.55735, 2.59608, 2.63713, 2.68074, 2.72718, 2.77678, 2.82991, 2.88701, 2.94859, 3.01527, 3.0878, 3.1671, 3.25429, 3.35078, 3.45838, 3.57941, 3.71696, 3.87526, 4.0602, 4.28044, 4.54922, 4.88835, 5.33714, 5.97844, 7.048, 9.1993, 10.436, 4.87619, 0.560568, 0.0131144, 5.4128e-05, 2.38916e-08, 3.91687e-12, 1.14142e-16, 5.9123e-22, 5.44346e-28, 8.90837e-35, 2.59134e-42, 1.33983e-50, 1.23133e-59, 2.01139e-69, 5.83999e-80, 3.01385e-91, 2.76454e-103, 4.50725e-116, 1.30613e-129, 6.72743e-144, 6.15877e-159, 1.00212e-174, 2.89817e-191, 1.48973e-208, 1.36102e-226, 2.21001e-245, 6.37815e-265, 3.27164e-285, 2.98266e-306, 0, 0, 0, 0
21.4879
46.23
 
MEASUREMENT 118
1.4716, 4.41481, 7.36319, 10.3064, 13.2548, 16.2031, 19.1774, 22.1309, 25.0793, 28.0277, 30.9502, 33.8934, 36.8314, 39.7747
2.35423, 2.40838, 2.5246, 2.74296, 3.09443, 3.4674, 4.76397, 2.05421, 0.00520028, -0.00179902, -0.000991288, -0.00178157, -0.00441315, -0.00386699
0.00210827, 0.00200825, 0.00263278, 0.003309, 0.00342342, 0.00337702, 0.00380428, 0.00161768, 0.000411667, 0.000422416, 0.000368404, 0.000397576, 0.000489009, 0.000420057
0, 0.589232, 1.17846, 1.7677, 2.35693, 2.94616, 3.53539, 4.12463, 4.71386, 5.30309, 5.89232, 6.48156, 7.07079, 7.66002, 8.24925, 8.83848, 9.42772, 10.0169, 10.6062, 11.1954, 11.7846, 12.3739, 12.9631, 13.5523, 14.1416, 14.7308, 15.32, 15.9093, 16.4985, 17.0877, 17.677, 18.2662, 18.8554, 19.4447, 20.0339, 20.6231, 21.2124, 21.8016, 22.3908, 22.9801, 23.5693, 24.1585, 24.7478, 25.337, 25.9262, 26.5155, 27.1047, 27.6939, 28.2831, 28.8724, 29.4616, 30.0508, 30.6401, 31.2293, 31.8185, 32.4078, 32.997, 33.5862, 34.1755, 34.7647, 35.3539, 35.9432, 36.5324, 37.1216, 37.7109, 38.3001, 38.8893, 39.4786, 40.0678, 40.657
2.24324, 2.26325, 2.28406, 2.30573, 2.32831, 2.35187, 2.37648, 2.40223, 2.42921, 2.45751, 2.48725, 2.51856, 2.55157, 2.58646, 2.62341, 2.66263, 2.70437, 2.74891, 2.7966, 2.84784, 2.90309, 2.96294, 3.02807, 3.09934, 3.17783, 3.2649, 3.36234, 3.47248, 3.59856, 3.74513, 3.91892, 4.13047, 4.3977, 4.75519, 5.28276, 6.0174, 5.4223, 2.04711, 0.199618, 0.00407831, 1.37548e-05, 3.59387e-09, 5.51458e-13, 1.48803e-17, 7.06083e-23, 5.89179e-29, 8.64539e-36, 2.23083e-43, 1.01227e-51, 8.07727e-61, 1.13339e-70, 2.79662e-81, 1.21347e-92, 9.25903e-105, 1.24234e-117, 2.93125e-131, 1.2162e-145, 8.87337e-161, 1.13844e-176, 2.56839e-193, 1.01893e-210, 7.10824e-229, 8.71982e-248, 1.88097e-267, 7.13479e-288, 4.7589e-309, 0, 0, 0, 0
2.24324, 2.26687, 2.29152, 2.31726, 2.34418, 2.37238, 2.40194, 2.43299, 2.46564, 2.50005, 2.53637, 2.57479, 2.61551, 2.65876, 2.70483, 2.75403, 2.80673, 2.86337, 2.92445, 2.9906, 3.06255, 3.14121, 3.2277, 3.32342, 3.43016, 3.55023, 3.68669, 3.84373, 4.02722, 4.24572, 4.51241, 4.8489, 5.29422, 5.93058, 6.99181, 9.13039, 10.3612, 4.81286, 0.544633, 0.0124096, 4.89372e-05, 2.08307e-08, 3.22017e-12, 8.75397e-17, 4.18484e-22, 3.51803e-28, 5.20073e-35, 1.35199e-42, 6.18046e-51, 4.96831e-60, 7.02316e-70, 1.74579e-80, 7.63105e-92, 5.86554e-104, 7.92794e-117, 1.88425e-130, 7.87488e-145, 5.78723e-160, 7.47858e-176, 1.69936e-192, 6.79001e-210, 4.77056e-228, 5.8936e-247, 1.28028e-266, 4.8903e-287, 3.28453e-308, 0, 0, 0, 0
21.4863
46.23
 
MEASUREMENT 119
1.4716, 4.41481, 7.36319, 10.3064, 13.2548, 16.2031, 19.1774, 22.1309, 25.0793, 28.0277, 30.9502, 33.8934, 36.8314, 39.7747
2.34498, 2.39541, 2.5136, 2.72529, 3.07712, 3.44539, 4.74006, 2.04358, 0.00508659, -0.00187087, -0.00135396, -0.00184879, -0.00449285, -0.00400601
0.00210827, 0.00200825, 0.00263278, 0.003309, 0.00342342, 0.00337702, 0.00380428, 0.00161768, 0.000411667, 0.000422416, 0.000368404, 0.000397576, 0.000489009, 0.000420057
0, 0.589232, 1.17846, 1.7677, 2.35693, 2.94616, 3.53539, 4.12463, 4.71386, 5.30309, 5.89232, 6.48156, 7.07079, 7.66002, 8.24925, 8.83848, 9.42772, 10.0169, 10.6062, 11.1954, 11.7846, 12.3739, 12.9631, 13.5523, 14.1416, 14.7308, 15.32, 15.9093, 16.4985, 17.0877, 17.677, 18.2662, 18.8554, 19.4447, 20.0339, 20.6231, 21.2124, 21.8016, 22.3908, 22.9801, 23.5693, 24.1585, 24.7478, 25.337, 25.9262, 26.5155, 27.1047, 27.6939, 28.2831, 28.8724, 29.4616, 30.0508, 30.6401, 31.2293, 31.8185, 32.4078, 32.997, 33.5862, 34.1755, 34.7647, 35.3539, 35.9432, 36.5324, 37.1216, 37.7109, 38.3001, 38.8893, 39.4786, 40.0678, 40.657
2.23367, 2.25356, 2.27424, 2.29577, 2.31821, 2.34162, 2.36608, 2.39167, 2.41847, 2.44659, 2.47614, 2.50724, 2.54003, 2.57469, 2.61139, 2.65034, 2.69179, 2.73602, 2.78338, 2.83425, 2.8891, 2.94851, 3.01315, 3.08388, 3.16176, 3.24814, 3.34479, 3.45402, 3.57902, 3.72429, 3.89648, 4.106, 4.37053, 4.72415, 5.24529, 5.96538, 5.38025, 2.06671, 0.210297, 0.00460801, 1.7772e-05, 5.00446e-09, 8.95469e-13, 2.89667e-17, 1.69394e-22, 1.79082e-28, 3.42262e-35, 1.18254e-42, 7.38626e-51, 8.34032e-60, 1.70251e-69, 6.28271e-80, 4.19132e-91, 5.05477e-103, 1.10204e-115, 4.34349e-129, 3.09473e-143, 3.98612e-158, 9.28152e-174, 3.90686e-190, 2.97287e-207, 4.08943e-225, 1.01692e-243, 4.57135e-263, 3.71481e-283, 5.45711e-304, 0, 0, 0, 0
2.23367, 2.25719, 2.28173, 2.30735, 2.33416, 2.36222, 2.39165, 2.42255, 2.45506, 2.48931, 2.52546, 2.5637, 2.60423, 2.64729, 2.69314, 2.74211, 2.79456, 2.85093, 2.91172, 2.97755, 3.04915, 3.12743, 3.2135, 3.30874, 3.41495, 3.5344, 3.67017, 3.82639, 4.0089, 4.22622, 4.49142, 4.82598, 5.26866, 5.90114, 6.95583, 9.07096, 10.2915, 4.8609, 0.573975, 0.0140276, 6.22662e-05, 2.91943e-08, 5.26223e-12, 1.71474e-16, 1.01014e-21, 1.07577e-27, 2.07112e-34, 7.20844e-42, 4.5355e-50, 5.15887e-59, 1.06079e-68, 3.94316e-79, 2.64972e-90, 3.2188e-102, 7.06846e-115, 2.80601e-128, 2.01366e-142, 2.61225e-157, 6.12592e-173, 2.5969e-189, 1.99004e-206, 2.75672e-224, 6.90312e-243, 3.12476e-262, 2.55684e-282, 3.78188e-303, 0, 0, 0, 0
21.4911
46.23
 
MEASUREMENT 120
1.4716, 4.41481, 7.36319, 10.3064, 13.2548, 16.2031, 19.1774, 22.1309, 25.0793, 28.0277, 30.9502, 33.8934, 36.8314, 39.7747
2.36509, 2.41664, 2.53472, 2.75465, 3.10402, 3.47497, 4.78122, 2.0604, 0.0052194, -0.00176601, -0.0012697, -0.00156258, -0.00437115, -0.00400859
0.00210827, 0.00200825, 0.00263278, 0.003309, 0.00342342, 0.00337702, 0.00380428, 0.00161768, 0.000411667, 0.000422416, 0.000368404, 0.000397576, 0.000489009, 0.000420057
0, 0.589232, 1.17846, 1.7677, 2.35693, 2.94616, 3.53539, 4.12463, 4.71386, 5.30309, 5.89232, 6.48156, 7.07079, 7.66002, 8.24925, 8.83848, 9.42772, 10.0169, 10.6062, 11.1954, 11.7846, 12.3739, 12.9631, 13.5523, 14.1416, 14.7308, 15.32, 15.9093, 16.4985, 17.0877, 17.677, 18.2662, 18.8554, 19.4447, 20.0339, 20.6231, 21.2124, 21.8016, 22.3908, 22.9801, 23.5693, 24.1585, 24.7478, 25.337, 25.9262, 26.5155, 27.1047, 27.6939, 28.2831, 28.8724, 29.4616, 30.0508, 30.6401, 31.2293, 31.8185, 32.4078, 32.997, 33.5862, 34.1755, 34.7647, 35.3539, 35.9432, 36.5324, 37.1216, 37.7109, 38.3001, 38.8893, 39.4786, 40.0678, 40.657
2.25454, 2.2746, 2.29546, 2.31717, 2.3398, 2.36341, 2.38808, 2.41388, 2.44091, 2.46927, 2.49906, 2.53042, 2.56349, 2.59843, 2.63543, 2.6747, 2.7165, 2.76109, 2.80883, 2.86012, 2.91541, 2.97529, 3.04044, 3.11173, 3.19022, 3.27728, 3.37466, 3.48472, 3.61065, 3.75698, 3.93039, 4.14134, 4.40758, 4.76325, 5.28701, 6.01623, 5.43909, 2.07885, 0.206971, 0.00434888, 1.5449e-05, 4.11049e-09, 6.61678e-13, 1.8845e-17, 9.49593e-23, 8.4659e-29, 1.33537e-35, 3.72668e-43, 1.84007e-51, 1.60745e-60, 2.48445e-70, 6.79378e-81, 3.28686e-92, 2.81344e-104, 4.26069e-117, 1.14158e-130, 5.41152e-145, 4.53851e-160, 6.73425e-176, 1.76785e-192, 8.21072e-210, 6.74676e-228, 9.80811e-247, 2.52261e-266, 1.14786e-286, 9.24065e-308, 0, 0, 0, 0
2.25454, 2.27828, 2.30305, 2.32891, 2.35596, 2.38428, 2.41399, 2.44518, 2.47798, 2.51255, 2.54904, 2.58763, 2.62853, 2.67199, 2.71827, 2.76769, 2.82062, 2.87751, 2.93886, 3.00529, 3.07755, 3.15654, 3.2434, 3.33951, 3.44668, 3.56722, 3.70421, 3.86183, 4.04597, 4.26521, 4.53272, 4.87013, 5.31645, 5.95367, 7.01441, 9.15056, 10.4246, 4.9085, 0.567703, 0.0133126, 5.49189e-05, 2.40657e-08, 3.90277e-12, 1.11981e-16, 5.68474e-22, 5.10588e-28, 8.11376e-35, 2.2812e-42, 1.13473e-50, 9.98638e-60, 1.55492e-69, 4.2834e-80, 2.08762e-91, 1.80007e-103, 2.74604e-116, 7.41134e-130, 3.53883e-144, 2.98945e-159, 4.46779e-175, 1.1813e-191, 5.52575e-209, 4.57283e-227, 6.69482e-246, 1.73401e-265, 7.94548e-286, 6.44085e-307, 0, 0, 0, 0
21.4921
46.23
 
MEASUREMENT 121
1.4716, 4.41481, 7.36319, 10.3064, 13.2548, 16.2031, 19.1774, 22.1309, 25.0793, 28.0277, 30.9502, 33.8934, 36.8314, 39.7747
2.32326, 2.37386, 2.491, 2.70072, 3.04991, 3.41472, 4.70052, 2.02517, 0.00525091, -0.00171482, -0.00116563, -0.00181909, -0.00449033, -0.00393863
0.00210827, 0.00200825, 0.00263278, 0.003309, 0.00342342, 0.00337702, 0.00380428, 0.00161768, 0.000411667, 0.000422416, 0.000368404, 0.000397576, 0.000489009, 0.000420057
0, 0.589232, 1.17846, 1.7677, 2.35693, 2.94616, 3.53539, 4.12463, 4.71386, 5.30309, 5.89232, 6.48156, 7.07079, 7.66002, 8.24925, 8.83848, 9.42772, 10.0169, 10.6062, 11.1954, 11.7846, 12.3739, 12.9631, 13.5523, 14.1416, 14.7308, 15.32, 15.9093, 16.4985, 17.0877, 17.677, 18.2662, 18.8554, 19.4447, 20.0339, 20.6231, 21.2124, 21.8016, 22.3908, 22.9801, 23.5693, 24.1585, 24.7478, 25.337, 25.9262, 26.5155, 27.1047, 27.6939, 28.2831, 28.8724, 29.4616, 30.0508, 30.6401, 31.2293, 31.8185, 32.4078, 32.997, 33.5862, 34.1755, 34.7647, 35.3539, 35.9432, 36.5324, 37.1216, 37.7109, 38.3001, 38.8893, 39.4786, 40.0678, 40.657
2.21398, 2.23369, 2.25419, 2.27553, 2.29778, 2.32098, 2.34523, 2.37059, 2.39716, 2.42503, 2.45431, 2.48514, 2.51765, 2.55199, 2.58837, 2.62697, 2.66806, 2.71191, 2.75884, 2.80926, 2.86363, 2.92251, 2.98658, 3.05669, 3.13388, 3.2195, 3.31528, 3.42355, 3.54744, 3.69142, 3.86207, 4.06972, 4.33187, 4.68229, 5.19865, 5.91288, 5.3361, 2.05092, 0.208623, 0.00456408, 1.75414e-05, 4.92314e-09, 8.7584e-13, 2.81277e-17, 1.63069e-22, 1.70661e-28, 3.22421e-35, 1.09961e-42, 6.76979e-51, 7.5238e-60, 1.50946e-69, 5.46673e-80, 3.57401e-91, 4.21796e-103, 8.98607e-116, 3.45585e-129, 2.39914e-143, 3.00659e-158, 6.80154e-174, 2.7775e-190, 2.04745e-207, 2.72448e-225, 6.54433e-244, 2.83762e-263, 2.22102e-283, 3.13802e-304, 0, 0, 0, 0
2.21398, 2.2373, 2.26161, 2.28702, 2.31358, 2.34139, 2.37056, 2.40119, 2.43341, 2.46736, 2.50319, 2.54109, 2.58126, 2.62394, 2.66939, 2.71792, 2.76991, 2.82577, 2.88602, 2.95127, 3.02224, 3.09982, 3.18512, 3.27952, 3.38478, 3.50317, 3.63772, 3.79254, 3.97342, 4.18879, 4.4516, 4.78313, 5.22178, 5.84841, 6.89305, 8.98873, 10.2047, 4.82335, 0.569405, 0.0138945, 6.14772e-05, 2.87169e-08, 5.14638e-12, 1.66493e-16, 9.72337e-22, 1.0251e-27, 1.95091e-34, 6.70245e-42, 4.15671e-50, 4.65356e-59, 9.40456e-69, 3.43089e-79, 2.25938e-90, 2.68586e-102, 5.7635e-115, 2.23253e-128, 1.56104e-142, 1.97031e-157, 4.48909e-173, 1.84621e-189, 1.37058e-206, 1.83663e-224, 4.44255e-243, 1.93971e-262, 1.52873e-282, 2.17478e-303, 0, 0, 0, 0
21.4916
46.23
 
MEASUREMENT 122
1.4716, 4.41481, 7.36319, 10.3064, 13.2548, 16.2031, 19.1774, 22.1309, 25.0793, 28.0277, 30.9502, 33.8934, 36.8314, 39.7747
2.35422, 2.40468, 2.52306, 2.74204, 3.08973, 3.45899, 4.75646, 2.05025, 0.0049939, -0.00197826, -0.00143995, -0.00196907, -0.00421879, -0.00388144
0.00210827, 0.00200825, 0.00263278, 0.003309, 0.00342342, 0.00337702, 0.00380428, 0.00161768, 0.000411667, 0.000422416, 0.000368404, 0.000397576, 0.000489009, 0.000420057
0, 0.589232, 1.17846, 1.7677, 2.35693, 2.94616, 3.53539, 4.12463, 4.71386, 5.30309, 5.89232, 6.48156, 7.07079, 7.66002, 8.24925, 8.83848, 9.42772, 10.0169, 10.6062, 11.1954, 11.7846, 12.3739, 12.9631, 13.5523, 14.1416, 14.7308, 15.32, 15.9093, 16.4985, 17.0877, 17.677, 18.2662, 18.8554, 19.4447, 20.0339, 20.6231, 21.2124, 21.8016, 22.3908, 22.9801, 23.5693, 24.1585, 24.7478, 25.337, 25.9262, 26.5155, 27.1047, 27.6939, 28.2831, 28.8724, 29.4616, 30.0508, 30.6401, 31.2293, 31.8185, 32.4078, 32.997, 33.5862, 34.1755, 34.7647, 35.3539, 35.9432, 36.5324, 37.1216, 37.7109, 38.3001, 38.8893, 39.4786, 40.0678, 40.657
2.24165, 2.26162, 2.28239, 2.30402, 2.32656, 2.35007, 2.37464, 2.40034, 2.42726, 2.4555, 2.48518, 2.51642, 2.54937, 2.58418, 2.62104, 2.66017, 2.70181, 2.74626, 2.79384, 2.84495, 2.90006, 2.95975, 3.02471, 3.09579, 3.17406, 3.26088, 3.35802, 3.46783, 3.5935, 3.73956, 3.91272, 4.12345, 4.38956, 4.74537, 5.27006, 6.00029, 5.41016, 2.04831, 0.200696, 0.00412664, 1.40853e-05, 3.69229e-09, 5.72585e-13, 1.56339e-17, 7.51576e-23, 6.3615e-29, 9.48038e-36, 2.48754e-43, 1.14919e-51, 9.34746e-61, 1.33866e-70, 3.37537e-81, 1.49847e-92, 1.17125e-104, 1.61184e-117, 3.90539e-131, 1.66602e-145, 1.2513e-160, 1.65468e-176, 3.85242e-193, 1.57913e-210, 1.13964e-228, 1.44803e-247, 3.23931e-267, 1.27581e-287, 8.84665e-309, 0, 0, 0, 0
2.24165, 2.26526, 2.28989, 2.31561, 2.34251, 2.37068, 2.40022, 2.43124, 2.46387, 2.49825, 2.53455, 2.57293, 2.61361, 2.65684, 2.70287, 2.75203, 2.80468, 2.86126, 2.92229, 2.98838, 3.06027, 3.13886, 3.22527, 3.3209, 3.42753, 3.54748, 3.68381, 3.84068, 4.02397, 4.24223, 4.50859, 4.84464, 5.28933, 5.92463, 6.98358, 9.11735, 10.3573, 4.8274, 0.549137, 0.012596, 5.01937e-05, 2.14998e-08, 3.35896e-12, 9.23974e-17, 4.47503e-22, 3.81603e-28, 5.72936e-35, 1.51453e-42, 7.04891e-51, 5.77617e-60, 8.33351e-70, 2.11682e-80, 9.4669e-92, 7.45411e-104, 1.03335e-116, 2.52207e-130, 1.08375e-144, 8.19887e-160, 1.09203e-175, 2.56076e-192, 1.05719e-209, 7.68396e-228, 9.83251e-247, 2.21507e-266, 8.78526e-287, 6.13426e-308, 0, 0, 0, 0
21.4878
46.23
 
MEASUREMENT 123
1.4716, 4.41481, 7.36319, 10.3064, 13.2548, 16.2031, 19.1774, 22.1309, 25.0793, 28.0277, 30.9502, 33.8934, 36.8314, 39.7747
2.37923, 2.43066, 2.55023, 2.76869, 3.12281, 3.49633, 4.81122, 2.07067, 0.0053941, -0.00153522, -0.0011, -0.00166017, -0.00464988, -0.00377867
0.00210827, 0.00200825, 0.00263278, 0.003309, 0.00342342, 0.00337702, 0.00380428, 0.00161768, 0.000411667, 0.000422416, 0.000368404, 0.000397576, 0.000489009, 0.000420057
0, 0.589232, 1.17846, 1.7677, 2.35693, 2.94616, 3.53539, 4.12463, 4.71386, 5.30309, 5.89232, 6.48156, 7.07079, 7.66002, 8.24925, 8.83848, 9.42772, 10.0169, 10.6062, 11.1954, 11.7846, 12.3739, 12.9631, 13.5523, 14.1416, 14.7308, 15.32, 15.9093, 16.4985, 17.0877, 17.677, 18.2662, 18.8554, 19.4447, 20.0339, 20.6231, 21.2124, 21.8016, 22.3908, 22.9801, 23.5693, 24.1585, 24.7478, 25.337, 25.9262, 26.5155, 27.1047, 27.6939, 28.2831, 28.8724, 29.4616, 30.0508, 30.6401, 31.2293, 31.8185, 32.4078, 32.997, 33.5862, 34.1755, 34.7647, 35.3539, 35.9432, 36.5324, 37.1216, 37.7109, 38.3001, 38.8893, 39.4786, 40.0678, 40.657
2.26633, 2.28651, 2.30751, 2.32937, 2.35215, 2.37592, 2.40075, 2.42672, 2.45394, 2.48248, 2.51248, 2.54406, 2.57736, 2.61254, 2.6498, 2.68935, 2.73144, 2.77636, 2.82445, 2.87611, 2.93181, 2.99214, 3.05779, 3.12963, 3.20873, 3.29648, 3.39465, 3.50562, 3.63262, 3.78023, 3.95522, 4.16817, 4.4371, 4.7967, 5.32695, 6.0615, 5.46093, 2.07877, 0.207185, 0.0043916, 1.59214e-05, 4.32537e-09, 7.20881e-13, 2.14503e-17, 1.13955e-22, 1.08084e-28, 1.83028e-35, 5.53349e-43, 2.98682e-51, 2.87835e-60, 4.95226e-70, 1.5212e-80, 8.34245e-92, 8.16813e-104, 1.42782e-116, 4.45598e-130, 2.48275e-144, 2.46967e-159, 4.38595e-175, 1.3906e-191, 7.87151e-209, 7.95473e-227, 1.43517e-245, 4.62269e-265, 2.65824e-285, 2.72899e-306, 0, 0, 0, 0
2.26633, 2.29019, 2.31509, 2.3411, 2.36829, 2.39677, 2.42664, 2.458, 2.49099, 2.52574, 2.56243, 2.60124, 2.64237, 2.68606, 2.7326, 2.7823, 2.83553, 2.89274, 2.95443, 3.02125, 3.09392, 3.17337, 3.26073, 3.35741, 3.46521, 3.58647, 3.72429, 3.88288, 4.06818, 4.28883, 4.55812, 4.89787, 5.3475, 5.99, 7.06167, 9.21548, 10.4517, 4.89395, 0.566071, 0.0133829, 5.62385e-05, 2.51978e-08, 4.23061e-12, 1.26817e-16, 6.78703e-22, 6.48503e-28, 1.10629e-34, 3.36941e-42, 1.83215e-50, 1.77864e-59, 3.08272e-69, 9.53891e-80, 5.26961e-91, 5.19723e-103, 9.15116e-116, 2.87667e-129, 1.6144e-143, 1.61748e-158, 2.89315e-174, 9.23854e-191, 5.26666e-208, 5.36001e-226, 9.7385e-245, 3.15873e-264, 1.82904e-284, 1.89071e-305, 0, 0, 0, 0
21.4884
46.23
 
MEASUREMENT 124
1.4716, 4.41481, 7.36319, 10.3064, 13.2548, 16.2031, 19.1774, 22.1309, 25.0793, 28.0277, 30.9502, 33.8934, 36.8314, 39.7747
2.40519, 2.45809, 2.58255, 2.79999, 3.15866, 3.53637, 4.86577, 2.09432, 0.00516336, -0.00197876, -0.00132021, -0.00192701, -0.00413761, -0.00406755
0.00210827, 0.00200825, 0.00263278, 0.003309, 0.00342342, 0.00337702, 0.00380428, 0.00161768, 0.000411667, 0.000422416, 0.000368404, 0.000397576, 0.000489009, 0.000420057
0, 0.589232, 1.17846, 1.7677, 2.35693, 2.94616, 3.53539, 4.12463, 4.71386, 5.30309, 5.89232, 6.48156, 7.07079, 7.66002, 8.24925, 8.83848, 9.42772, 10.0169, 10.6062, 11.1954, 11.7846, 12.3739, 12.9631, 13.5523, 14.1416, 14.7308, 15.32, 15.9093, 16.4985, 17.0877, 17.677, 18.2662, 18.8554, 19.4447, 20.0339, 20.6231, 21.2124, 21.8016, 22.3908, 22.9801, 23.5693, 24.1585, 24.7478, 25.337, 25.9262, 26.5155, 27.1047, 27.6939, 28.2831, 28.8724, 29.4616, 30.0508, 30.6401, 31.2293, 31.8185, 32.4078, 32.997, 33.5862, 34.1755, 34.7647, 35.3539, 35.9432, 36.5324, 37.1216, 37.7109, 38.3001, 38.8893, 39.4786, 40.0678, 40.657
2.29469, 2.31509, 2.3363, 2.35839, 2.38141, 2.40542, 2.43051, 2.45675, 2.48424, 2.51307, 2.54337, 2.57526, 2.60889, 2.64443, 2.68205, 2.72199, 2.76448, 2.80983, 2.85837, 2.91051, 2.96673, 3.02761, 3.09385, 3.16632, 3.24611, 3.3346, 3.43358, 3.54544, 3.67342, 3.82213, 3.99834, 4.21268, 4.48318, 4.84458, 5.3766, 6.10902, 5.51421, 2.13801, 0.2223, 0.00504233, 2.0695e-05, 6.05704e-09, 1.16684e-12, 4.11629e-17, 2.65917e-22, 3.14578e-28, 6.81482e-35, 2.70348e-42, 1.96396e-50, 2.61267e-59, 6.36467e-69, 2.83927e-79, 2.3194e-90, 3.46963e-102, 9.50444e-115, 4.76767e-128, 4.37946e-142, 7.36662e-157, 2.26908e-172, 1.27986e-188, 1.32192e-205, 2.5002e-223, 8.65915e-242, 5.49163e-261, 6.37755e-281, 1.35622e-301, 4.94066e-323, 0, 0, 0
2.29469, 2.31885, 2.34405, 2.37037, 2.3979, 2.42673, 2.45695, 2.4887, 2.52208, 2.55726, 2.5944, 2.63367, 2.6753, 2.71952, 2.76661, 2.8169, 2.87077, 2.92866, 2.99109, 3.05869, 3.13223, 3.21261, 3.30099, 3.3988, 3.50785, 3.6305, 3.76989, 3.93028, 4.11765, 4.34072, 4.61293, 4.95627, 5.41051, 6.05934, 7.14095, 9.30527, 10.563, 5.03606, 0.607764, 0.0153787, 7.21897e-05, 3.55263e-08, 6.8938e-12, 2.44971e-16, 1.5941e-21, 1.89959e-27, 4.14522e-34, 1.65644e-41, 1.21211e-49, 1.62421e-58, 3.98548e-68, 1.79082e-78, 1.47351e-89, 2.22017e-101, 6.12554e-114, 3.09478e-127, 2.86311e-141, 4.85031e-156, 1.5046e-171, 8.54651e-188, 8.88943e-205, 1.69307e-222, 5.90454e-241, 3.77059e-260, 4.40901e-280, 9.44016e-301, 3.31024e-322, 0, 0, 0
21.4942
46.23
 
MEASUREMENT 125
1.4716, 4.41481, 7.36319, 10.3064, 13.2548, 16.2031, 19.1774, 22.1309, 25.0793, 28.0277, 30.9502, 33.8934, 36.8314, 39.7747
2.41324, 2.46428, 2.58272, 2.80659, 3.16618, 3.54517, 4.87755, 2.10006, 0.00546894, -0.00189961, -0.00118485, -0.00163545, -0.00389511, -0.00383332
0.00210827, 0.00200825, 0.00263278, 0.003309, 0.00342342, 0.00337702, 0.00380428, 0.00161768, 0.000411667, 0.000422416, 0.000368404, 0.000397576, 0.000489009, 0.000420057
0, 0.589232, 1.17846, 1.7677, 2.35693, 2.94616, 3.53539, 4.12463, 4.71386, 5.30309, 5.89232, 6.48156, 7.07079, 7.66002, 8.24925, 8.83848, 9.42772, 10.0169, 10.6062, 11.1954, 11.7846, 12.3739, 12.9631, 13.5523, 14.1416, 14.7308, 15.32, 15.9093, 16.4985, 17.0877, 17.677, 18.2662, 18.8554, 19.4447, 20.0339, 20.6231, 21.2124, 21.8016, 22.3908, 22.9801, 23.5693, 24.1585, 24.7478, 25.337, 25.9262, 26.5155, 27.1047, 27.6939, 28.2831, 28.8724, 29.4616, 30.0508, 30.6401, 31.2293, 31.8185, 32.4078, 32.997, 33.5862, 34.1755, 34.7647, 35.3539, 35.9432, 36.5324, 37.1216, 37.7109, 38.3001, 38.8893, 39.4786, 40.0678, 40.657
2.30153, 2.32196, 2.34321, 2.36533, 2.38838, 2.41242, 2.43755, 2.46383, 2.49135, 2.52022, 2.55056, 2.58249, 2.61616, 2.65173, 2.6894, 2.72937, 2.77191, 2.8173, 2.86588, 2.91806, 2.97431, 3.03522, 3.10149, 3.17398, 3.25378, 3.34228, 3.44124, 3.55306, 3.68097, 3.82953, 4.00551, 4.21946, 4.48926, 4.84929, 5.37841, 6.11434, 5.54894, 2.15653, 0.221594, 0.00487525, 1.88185e-05, 5.22115e-09, 9.1761e-13, 2.89192e-17, 1.63437e-22, 1.65634e-28, 3.01011e-35, 9.80955e-43, 5.73256e-51, 6.00732e-60, 1.12887e-69, 3.80399e-80, 2.2986e-91, 2.49067e-103, 4.83945e-116, 1.68618e-129, 1.0535e-143, 1.18031e-158, 2.37124e-174, 8.54238e-191, 5.51828e-208, 6.39217e-226, 1.32774e-244, 4.9453e-264, 3.30285e-284, 3.95549e-305, 0, 0, 0, 0
2.30153, 2.32575, 2.35102, 2.37742, 2.40502, 2.43392, 2.46423, 2.49605, 2.52953, 2.5648, 2.60203, 2.64141, 2.68314, 2.72747, 2.77469, 2.8251, 2.8791, 2.93713, 2.99971, 3.06748, 3.14118, 3.22175, 3.31032, 3.40834, 3.51761, 3.64051, 3.78016, 3.94083, 4.12849, 4.35187, 4.62436, 4.96792, 5.42211, 6.07004, 7.14674, 9.31069, 10.6443, 5.09921, 0.609076, 0.0149619, 6.64148e-05, 3.07843e-08, 5.45032e-12, 1.73043e-16, 9.85193e-22, 1.00583e-27, 1.84146e-34, 6.04546e-42, 3.55899e-50, 3.7571e-59, 7.11219e-69, 2.41423e-79, 1.46952e-90, 1.60396e-102, 3.13928e-115, 1.10175e-128, 6.93344e-143, 7.82397e-158, 1.58313e-173, 5.744e-190, 3.73696e-207, 4.3594e-225, 9.11882e-244, 3.42019e-263, 2.30018e-283, 2.77376e-304, 0, 0, 0, 0
21.499
46.23
 
MEASUREMENT 126
1.4716, 4.41481, 7.36319, 10.3064, 13.2548, 16.2031, 19.1774, 22.1309, 25.0793, 28.0277, 30.9502, 33.8934, 36.8314, 39.7747
2.4192, 2.47133, 2.59383, 2.81547, 3.17559, 3.55602, 4.89212, 2.10686, 0.00544847, -0.00157888, -0.00125378, -0.00191618, -0.0043911, -0.00380998
0.00210827, 0.00200825, 0.00263278, 0.003309, 0.00342342, 0.00337702, 0.00380428, 0.00161768, 0.000411667, 0.000422416, 0.000368404, 0.000397576, 0.000489009, 0.000420057
0, 0.589232, 1.17846, 1.7677, 2.35693, 2.94616, 3.53539, 4.12463, 4.71386, 5.30309, 5.89232, 6.48156, 7.07079, 7.66002, 8.24925, 8.83848, 9.42772, 10.0169, 10.6062, 11.1954, 11.7846, 12.3739, 12.9631, 13.5523, 14.1416, 14.7308, 15.32, 15.9093, 16.4985, 17.0877, 17.677, 18.2662, 18.8554, 19.4447, 20.0339, 20.6231, 21.2124, 21.8016, 22.3908, 22.9801, 23.5693, 24.1585, 24.7478, 25.337, 25.9262, 26.5155, 27.1047, 27.6939, 28.2831, 28.8724, 29.4616, 30.0508, 30.6401, 31.2293, 31.8185, 32.4078, 32.997, 33.5862, 34.1755, 34.7647, 35.3539, 35.9432, 36.5324, 37.1216, 37.7109, 38.3001, 38.8893, 39.4786, 40.0678, 40.657
2.30432, 2.32486, 2.34621, 2.36844, 2.39161, 2.41578, 2.44104, 2.46746, 2.49513, 2.52417, 2.55468, 2.5868, 2.62066, 2.65645, 2.69435, 2.73458, 2.77739, 2.82308, 2.87199, 2.92454, 2.9812, 3.04256, 3.10935, 3.18242, 3.26289, 3.35215, 3.45202, 3.56491, 3.69411, 3.84429, 4.02232, 4.23899, 4.51261, 4.87851, 5.41812, 6.16678, 5.55766, 2.11276, 0.209635, 0.00440799, 1.57309e-05, 4.23317e-09, 6.92143e-13, 2.01302e-17, 1.04142e-22, 9.58347e-29, 1.56871e-35, 4.56754e-43, 2.36561e-51, 2.17933e-60, 3.57126e-70, 1.04097e-80, 5.39721e-92, 4.97757e-104, 8.16546e-117, 2.38263e-130, 1.23665e-144, 1.14169e-159, 1.87482e-175, 5.4762e-192, 2.84517e-209, 2.62932e-227, 4.322e-246, 1.26366e-265, 6.57169e-286, 6.07892e-307, 0, 0, 0, 0
2.30432, 2.32859, 2.35391, 2.38035, 2.408, 2.43696, 2.46732, 2.49921, 2.53275, 2.56809, 2.6054, 2.64486, 2.68668, 2.7311, 2.77842, 2.82895, 2.88308, 2.94124, 3.00398, 3.07191, 3.1458, 3.22659, 3.31541, 3.41371, 3.52332, 3.64662, 3.78675, 3.94801, 4.13641, 4.36076, 4.63457, 4.98002, 5.43717, 6.09039, 7.17974, 9.3706, 10.6322, 4.97238, 0.572601, 0.013429, 5.56482e-05, 2.46344e-08, 4.05769e-12, 1.18889e-16, 6.19623e-22, 5.74429e-28, 9.4725e-35, 2.77851e-42, 1.44969e-50, 1.34541e-59, 2.22098e-69, 6.5215e-80, 3.40611e-91, 3.16429e-103, 5.22878e-116, 1.53683e-129, 8.03441e-144, 7.47103e-159, 1.23567e-174, 3.63516e-191, 1.90211e-208, 1.77026e-226, 2.93043e-245, 8.62801e-265, 4.51831e-285, 4.20847e-306, 0, 0, 0, 0
21.4882
46.23
 
AVERAGE 
1.4716, 4.41481, 7.36319, 10.3064, 13.2548, 16.2031, 19.1774, 22.1309, 25.0793, 28.0277, 30.9502, 33.8934, 36.8314, 39.7747
2.08558, 2.1307, 2.23574, 2.42695, 2.73765, 3.06505, 4.217, 1.81692, 0.00426173, -0.00207038, -0.00143538, -0.00188312, -0.00448912, -0.00397555
0.00210827, 0.00200825, 0.00263278, 0.003309, 0.00342342, 0.00337702, 0.00380428, 0.00161768, 0.000411667, 0.000422416, 0.000368404, 0.000397576, 0.000489009, 0.000420057
0, 0.589232, 1.17846, 1.7677, 2.35693, 2.94616, 3.53539, 4.12463, 4.71386, 5.30309, 5.89232, 6.48156, 7.07079, 7.66002, 8.24925, 8.83848, 9.42772, 10.0169, 10.6062, 11.1954, 11.7846, 12.3739, 12.9631, 13.5523, 14.1416, 14.7308, 15.32, 15.9093, 16.4985, 17.0877, 17.677, 18.2662, 18.8554, 19.4447, 20.0339, 20.6231, 21.2124, 21.8016, 22.3908, 22.9801, 23.5693, 24.1585, 24.7478, 25.337, 25.9262, 26.5155, 27.1047, 27.6939, 28.2831, 28.8724, 29.4616, 30.0508, 30.6401, 31.2293, 31.8185, 32.4078, 32.997, 33.5862, 34.1755, 34.7647, 35.3539, 35.9432, 36.5324, 37.1216, 37.7109, 38.3001, 38.8893, 39.4786, 40.0678, 40.657
1.98545, 2.00315, 2.02157, 2.04074, 2.06072, 2.08156, 2.10334, 2.12613, 2.15, 2.17504, 2.20135, 2.22905, 2.25826, 2.28913, 2.32182, 2.35652, 2.39344, 2.43286, 2.47505, 2.52038, 2.56926, 2.62221, 2.67983, 2.74288, 2.81232, 2.88935, 2.97554, 3.07297, 3.1845, 3.31415, 3.46787, 3.65498, 3.89133, 4.20748, 4.674, 5.32324, 4.79563, 1.81042, 0.176603, 0.00361123, 1.22019e-05, 3.1913e-09, 4.90867e-13, 1.32839e-17, 6.32486e-23, 5.29835e-29, 7.80897e-36, 2.02493e-43, 9.2382e-52, 7.41526e-61, 1.04719e-70, 2.60186e-81, 1.13737e-92, 8.74735e-105, 1.18361e-117, 2.8177e-131, 1.18015e-145, 8.69621e-161, 1.1274e-176, 2.57142e-193, 1.03186e-210, 7.28476e-229, 9.0481e-248, 1.97717e-267, 7.60111e-288, 5.14105e-309, 0, 0, 0, 0
1.98545, 2.00636, 2.02817, 2.05096, 2.07479, 2.09974, 2.12591, 2.15339, 2.18229, 2.21274, 2.24489, 2.27889, 2.31493, 2.35322, 2.39399, 2.43754, 2.48418, 2.53431, 2.58837, 2.64692, 2.7106, 2.78022, 2.85678, 2.9415, 3.03597, 3.14224, 3.26302, 3.40202, 3.56442, 3.75781, 3.99386, 4.29169, 4.68585, 5.24911, 6.18847, 8.0813, 9.16965, 4.25954, 0.482229, 0.0109978, 4.34432e-05, 1.85196e-08, 2.86981e-12, 7.82423e-17, 3.75315e-22, 3.16748e-28, 4.70322e-35, 1.22867e-42, 5.64723e-51, 4.56658e-60, 6.49682e-70, 1.62616e-80, 7.16106e-92, 5.54803e-104, 7.56218e-117, 1.81343e-130, 7.6506e-145, 5.67848e-160, 7.41492e-176, 1.7034e-192, 6.88435e-210, 4.89487e-228, 6.12279e-247, 1.34737e-266, 5.21615e-287, 3.55253e-308, 0, 0, 0, 0
21.4863
46.23
 
