UCL QuARC  
HEADERLINES: 13
Facility: TIFPA
Room: Gantry 1
Date: 2025-10-07
Time: 15:53:11
Energy: 179
Intensity: - 
Folder: TIFPA/20250929
Original data file: TIFPA/20250929/Raw/20250929_Run030_b_raw.txt
Data type: Fitted
Fit rate: 25Hz
 
MEASUREMENT 1
1.56305, 4.67879, 7.79453, 10.9103, 14.0312, 17.1469, 20.2679, 23.3784, 26.4796, 29.5859, 32.6913, 35.8071, 38.9228, 42.0385, 45.1595, 48.2752, 51.3909, 54.5067, 57.6224, 60.7381, 63.8435, 66.9593, 70.0698, 73.1752, 76.2806, 79.3859, 82.4913, 85.5967, 88.7021, 91.8074, 94.9128, 98.0182, 101.1, 104.148, 107.196, 110.244, 113.292, 116.339, 119.387, 122.435, 125.483, 128.531, 131.574, 134.622, 137.67, 140.718, 143.766, 146.814, 149.861, 152.909, 155.957, 159.005, 162.053, 165.101, 168.149, 171.197, 174.245, 177.293, 180.341, 183.389, 186.436, 189.484, 192.532, 195.58, 198.621, 201.655, 204.688, 207.722, 210.756, 213.794, 216.838, 219.882, 222.926, 225.97, 229.014, 232.058, 235.102, 238.145, 241.189, 244.233, 247.277, 250.321, 253.37, 256.424, 259.478, 262.532, 265.586, 268.64, 271.695, 274.749, 277.803, 280.857, 283.911, 286.97, 290.035, 293.099
3.49776, 3.51559, 3.5078, 3.71282, 3.49702, 3.53566, 3.83196, 3.8258, 3.77244, 3.8189, 3.86539, 3.95099, 3.96135, 4.00362, 3.98727, 4.00693, 4.1555, 4.20695, 4.28353, 4.32791, 3.84618, 4.28285, 4.28947, 4.2991, 4.3706, 4.40003, 4.40829, 4.42141, 4.46427, 4.14099, 4.53168, 3.93705, 4.5545, 4.57124, 4.59958, 4.6348, 4.64953, 4.69718, 4.72361, 4.76463, 4.76632, 4.83649, 4.88121, 4.90865, 4.95184, 5.04355, 5.09579, 5.15815, 5.19442, 5.26488, 5.3594, 5.46749, 5.56068, 5.65068, 5.74744, 6.04049, 6.11216, 6.21634, 6.44788, 6.76529, 6.99349, 7.45906, 7.91039, 8.71936, 11.0915, 13.0334, 14.298, 13.0702, 7.37841, 1.68787, 0.279028, -0.000420125, -0.0332765, -0.0469402, 0.0322874, 0.0606617, -0.027961, -0.0227687, -0.0582515, -0.0359011, -0.0663642, -0.508229, -0.0645472, -0.0353259, -0.595429, -0.650978, -0.212156, -0.0595808, -0.0202954, -0.0238885, -0.0205484, -0.166143, -0.0499995, -0.0411291, -0.234014, 0.0242365
0.104933, 0.105468, 0.105234, 0.111384, 0.10491, 0.10607, 0.114959, 0.114774, 0.113173, 0.114567, 0.115962, 0.11853, 0.11884, 0.120109, 0.119618, 0.120208, 0.124665, 0.126209, 0.128506, 0.129837, 0.115385, 0.128485, 0.128684, 0.128973, 0.131118, 0.132001, 0.132249, 0.132642, 0.133928, 0.12423, 0.13595, 0.118111, 0.136635, 0.137137, 0.137987, 0.139044, 0.139486, 0.140915, 0.141708, 0.142939, 0.14299, 0.145095, 0.146436, 0.147259, 0.148555, 0.151307, 0.152874, 0.154745, 0.155833, 0.157946, 0.160782, 0.164025, 0.16682, 0.16952, 0.172423, 0.181215, 0.183365, 0.18649, 0.193436, 0.202959, 0.209805, 0.223772, 0.237312, 0.261581, 0.332744, 0.391003, 0.428939, 0.392105, 0.221352, 0.0506361, 0.00837084, 1.26038e-05, 0.000998294, 0.0014082, 0.000968621, 0.00181985, 0.000838829, 0.00068306, 0.00174755, 0.00107703, 0.00199093, 0.0152469, 0.00193642, 0.00105978, 0.0178629, 0.0195293, 0.00636469, 0.00178742, 0.000608863, 0.000716655, 0.000616453, 0.00498428, 0.00149998, 0.00123387, 0.00702041, 0.000727095
0, 0.613815, 1.22763, 1.84144, 2.45526, 3.06907, 3.68289, 4.2967, 4.91052, 5.52433, 6.13815, 6.75196, 7.36578, 7.97959, 8.59341, 9.20722, 9.82104, 10.4349, 11.0487, 11.6625, 12.2763, 12.8901, 13.5039, 14.1177, 14.7316, 15.3454, 15.9592, 16.573, 17.1868, 17.8006, 18.4144, 19.0283, 19.6421, 20.2559, 20.8697, 21.4835, 22.0973, 22.7111, 23.325, 23.9388, 24.5526, 25.1664, 25.7802, 26.394, 27.0078, 27.6217, 28.2355, 28.8493, 29.4631, 30.0769, 30.6907, 31.3046, 31.9184, 32.5322, 33.146, 33.7598, 34.3736, 34.9874, 35.6013, 36.2151, 36.8289, 37.4427, 38.0565, 38.6703, 39.2841, 39.898, 40.5118, 41.1256, 41.7394, 42.3532, 42.967, 43.5808, 44.1947, 44.8085, 45.4223, 46.0361, 46.6499, 47.2637, 47.8775, 48.4914, 49.1052, 49.719, 50.3328, 50.9466, 51.5604, 52.1743, 52.7881, 53.4019, 54.0157, 54.6295, 55.2433, 55.8571, 56.471, 57.0848, 57.6986, 58.3124, 58.9262, 59.54, 60.1538, 60.7677, 61.3815, 61.9953, 62.6091, 63.2229, 63.8367, 64.4505, 65.0644, 65.6782, 66.292, 66.9058, 67.5196, 68.1334, 68.7473, 69.3611, 69.9749, 70.5887, 71.2025, 71.8163, 72.4301, 73.044, 73.6578, 74.2716, 74.8854, 75.4992, 76.113, 76.7268, 77.3407, 77.9545, 78.5683, 79.1821, 79.7959, 80.4097, 81.0235, 81.6374, 82.2512, 82.865, 83.4788, 84.0926, 84.7064, 85.3202, 85.9341, 86.5479, 87.1617, 87.7755, 88.3893, 89.0031, 89.617, 90.2308, 90.8446, 91.4584, 92.0722, 92.686, 93.2998, 93.9137, 94.5275, 95.1413, 95.7551, 96.3689, 96.9827, 97.5965, 98.2104, 98.8242, 99.438, 100.052, 100.666, 101.279, 101.893, 102.507, 103.121, 103.735, 104.349, 104.962, 105.576, 106.19, 106.804, 107.418, 108.031, 108.645, 109.259, 109.873, 110.487, 111.1, 111.714, 112.328, 112.942, 113.556, 114.17, 114.783, 115.397, 116.011, 116.625, 117.239, 117.852, 118.466, 119.08, 119.694, 120.308, 120.922, 121.535, 122.149, 122.763, 123.377, 123.991, 124.604, 125.218, 125.832, 126.446, 127.06, 127.673, 128.287, 128.901, 129.515, 130.129, 130.743, 131.356, 131.97, 132.584, 133.198, 133.812, 134.425, 135.039, 135.653, 136.267, 136.881, 137.495, 138.108, 138.722, 139.336, 139.95, 140.564, 141.177, 141.791, 142.405, 143.019, 143.633, 144.246, 144.86, 145.474, 146.088, 146.702, 147.316, 147.929, 148.543, 149.157, 149.771, 150.385, 150.998, 151.612, 152.226, 152.84, 153.454, 154.068, 154.681, 155.295, 155.909, 156.523, 157.137, 157.75, 158.364, 158.978, 159.592, 160.206, 160.819, 161.433, 162.047, 162.661, 163.275, 163.889, 164.502, 165.116, 165.73, 166.344, 166.958, 167.571, 168.185, 168.799, 169.413, 170.027, 170.64, 171.254, 171.868, 172.482, 173.096, 173.71, 174.323, 174.937, 175.551, 176.165, 176.779, 177.392, 178.006, 178.62, 179.234, 179.848, 180.462, 181.075, 181.689, 182.303, 182.917, 183.531, 184.144, 184.758, 185.372, 185.986, 186.6, 187.213, 187.827, 188.441, 189.055, 189.669, 190.283, 190.896, 191.51, 192.124, 192.738, 193.352, 193.965, 194.579, 195.193, 195.807, 196.421, 197.035, 197.648, 198.262, 198.876, 199.49, 200.104, 200.717, 201.331, 201.945, 202.559, 203.173, 203.786, 204.4, 205.014, 205.628, 206.242, 206.856, 207.469, 208.083, 208.697, 209.311, 209.925, 210.538, 211.152, 211.766, 212.38, 212.994, 213.608, 214.221, 214.835, 215.449, 216.063, 216.677, 217.29, 217.904, 218.518, 219.132, 219.746, 220.359, 220.973, 221.587, 222.201, 222.815, 223.429, 224.042, 224.656, 225.27, 225.884, 226.498, 227.111, 227.725, 228.339, 228.953, 229.567, 230.181, 230.794, 231.408, 232.022, 232.636, 233.25, 233.863, 234.477, 235.091, 235.705, 236.319, 236.932, 237.546, 238.16, 238.774, 239.388, 240.002, 240.615, 241.229, 241.843, 242.457, 243.071, 243.684, 244.298, 244.912, 245.526, 246.14, 246.754, 247.367, 247.981, 248.595, 249.209, 249.823, 250.436, 251.05, 251.664, 252.278, 252.892, 253.505, 254.119, 254.733, 255.347, 255.961, 256.575, 257.188, 257.802, 258.416, 259.03, 259.644, 260.257, 260.871, 261.485, 262.099, 262.713, 263.327, 263.94, 264.554, 265.168, 265.782, 266.396, 267.009, 267.623, 268.237, 268.851, 269.465, 270.078, 270.692, 271.306, 271.92, 272.534, 273.148, 273.761, 274.375, 274.989, 275.603, 276.217, 276.83, 277.444, 278.058, 278.672, 279.286, 279.9, 280.513, 281.127, 281.741, 282.355, 282.969, 283.582, 284.196, 284.81, 285.424, 286.038, 286.651, 287.265, 287.879, 288.493, 289.107, 289.721, 290.334, 290.948, 291.562, 292.176, 292.79, 293.403, 294.017
3.98944, 3.99036, 3.99129, 3.99222, 3.99317, 3.99413, 3.99511, 3.99609, 3.99708, 3.99809, 3.9991, 4.00013, 4.00117, 4.00222, 4.00328, 4.00435, 4.00543, 4.00653, 4.00764, 4.00876, 4.00989, 4.01104, 4.01219, 4.01336, 4.01454, 4.01574, 4.01695, 4.01817, 4.0194, 4.02065, 4.0219, 4.02318, 4.02446, 4.02576, 4.02708, 4.0284, 4.02974, 4.0311, 4.03247, 4.03385, 4.03525, 4.03666, 4.03808, 4.03952, 4.04098, 4.04245, 4.04394, 4.04544, 4.04695, 4.04849, 4.05003, 4.0516, 4.05318, 4.05477, 4.05638, 4.05801, 4.05966, 4.06132, 4.063, 4.06469, 4.0664, 4.06813, 4.06988, 4.07165, 4.07343, 4.07523, 4.07705, 4.07888, 4.08074, 4.08261, 4.08451, 4.08642, 4.08835, 4.0903, 4.09227, 4.09426, 4.09627, 4.0983, 4.10035, 4.10242, 4.10451, 4.10662, 4.10876, 4.11091, 4.11309, 4.11529, 4.11751, 4.11975, 4.12202, 4.1243, 4.12661, 4.12895, 4.13131, 4.13369, 4.13609, 4.13852, 4.14097, 4.14345, 4.14595, 4.14848, 4.15104, 4.15362, 4.15622, 4.15885, 4.16151, 4.16419, 4.16691, 4.16965, 4.17241, 4.17521, 4.17803, 4.18088, 4.18376, 4.18668, 4.18962, 4.19258, 4.19559, 4.19862, 4.20168, 4.20477, 4.2079, 4.21105, 4.21424, 4.21746, 4.22072, 4.22401, 4.22733, 4.23069, 4.23408, 4.23751, 4.24097, 4.24447, 4.24801, 4.25158, 4.25519, 4.25884, 4.26252, 4.26625, 4.27001, 4.27382, 4.27766, 4.28154, 4.28547, 4.28944, 4.29345, 4.2975, 4.3016, 4.30574, 4.30992, 4.31416, 4.31843, 4.32275, 4.32712, 4.33154, 4.33601, 4.34052, 4.34508, 4.3497, 4.35436, 4.35908, 4.36385, 4.36867, 4.37355, 4.37848, 4.38346, 4.3885, 4.3936, 4.39876, 4.40397, 4.40925, 4.41458, 4.41998, 4.42543, 4.43095, 4.43654, 4.44219, 4.4479, 4.45368, 4.45953, 4.46545, 4.47144, 4.4775, 4.48363, 4.48984, 4.49612, 4.50247, 4.5089, 4.51541, 4.522, 4.52867, 4.53542, 4.54226, 4.54918, 4.55618, 4.56328, 4.57046, 4.57773, 4.5851, 4.59256, 4.60011, 4.60776, 4.61551, 4.62336, 4.63131, 4.63937, 4.64753, 4.6558, 4.66418, 4.67267, 4.68127, 4.68999, 4.69883, 4.70779, 4.71687, 4.72608, 4.73541, 4.74488, 4.75448, 4.76421, 4.77408, 4.78409, 4.79424, 4.80455, 4.815, 4.8256, 4.83636, 4.84728, 4.85836, 4.86961, 4.88102, 4.89261, 4.90438, 4.91633, 4.92846, 4.94078, 4.9533, 4.96601, 4.97893, 4.99206, 5.0054, 5.01895, 5.03273, 5.04673, 5.06098, 5.07546, 5.09018, 5.10516, 5.1204, 5.1359, 5.15167, 5.16772, 5.18406, 5.2007, 5.21763, 5.23488, 5.25245, 5.27034, 5.28858, 5.30716, 5.3261, 5.34541, 5.36509, 5.38517, 5.40565, 5.42655, 5.44787, 5.46964, 5.49187, 5.51456, 5.53774, 5.56143, 5.58563, 5.61038, 5.63568, 5.66156, 5.68803, 5.71512, 5.74286, 5.77126, 5.80036, 5.83017, 5.86073, 5.89207, 5.92421, 5.9572, 5.99107, 6.02585, 6.06158, 6.09831, 6.13609, 6.17495, 6.21496, 6.25616, 6.29862, 6.34239, 6.38755, 6.43417, 6.48231, 6.53208, 6.58355, 6.63682, 6.69201, 6.74921, 6.80856, 6.87019, 6.93425, 7.0009, 7.07031, 7.14268, 7.21823, 7.29718, 7.37981, 7.4664, 7.55729, 7.65283, 7.75345, 7.8596, 7.97182, 8.09073, 8.21702, 8.35149, 8.49511, 8.64897, 8.81441, 8.99301, 9.18669, 9.39782, 9.62939, 9.88521, 10.1703, 10.4913, 10.8577, 11.2819, 11.7803, 12.3702, 13.0617, 13.8407, 14.6433, 15.3326, 15.699, 15.5032, 14.5637, 12.8514, 10.5421, 7.97981, 5.5327, 3.496, 2.00549, 1.04135, 0.488317, 0.206426, 0.0785543, 0.026879, 0.00826079, 0.00227672, 0.000559927, 0.000119647, 1.74152e-05, 2.67979e-06, 4.40719e-07, 6.47793e-08, 8.50989e-09, 9.99136e-10, 1.04843e-10, 9.83248e-12, 8.24139e-13, 6.17375e-14, 4.13342e-15, 2.47332e-16, 1.32271e-17, 6.32202e-19, 2.70059e-20, 1.03103e-21, 3.51797e-23, 1.07281e-24, 2.9239e-26, 7.12215e-28, 1.55048e-29, 3.01669e-31, 5.24569e-33, 8.15231e-35, 1.13231e-36, 1.40558e-38, 1.55939e-40, 1.54617e-42, 1.37014e-44, 1.08512e-46, 7.68057e-49, 4.85864e-51, 2.74688e-53, 1.38793e-55, 6.26758e-58, 2.52949e-60, 9.12368e-63, 2.94109e-65, 8.4732e-68, 2.18167e-70, 5.0203e-73, 1.03246e-75, 1.89764e-78, 3.11713e-81, 4.57611e-84, 6.00394e-87, 7.04003e-90, 7.37753e-93, 6.90948e-96, 5.78332e-99, 4.3262e-102, 2.89223e-105, 1.72804e-108, 9.22725e-112, 4.40338e-115, 1.878e-118, 7.15813e-122, 2.43836e-125, 7.4232e-129, 2.01966e-132, 4.91087e-136, 1.06717e-139, 2.07252e-143, 3.59714e-147, 5.57967e-151, 7.73484e-155, 9.58266e-159, 1.06099e-162, 1.04985e-166, 9.28402e-171, 7.33725e-175, 5.18228e-179, 3.27113e-183, 1.84529e-187, 9.30293e-192, 4.19144e-196, 1.6877e-200, 6.07319e-205, 1.9531e-209, 5.61333e-214, 1.44179e-218, 3.30958e-223, 6.78937e-228, 1.24472e-232, 2.03939e-237, 2.98618e-242, 3.90765e-247, 4.56983e-252, 4.77607e-257, 4.46093e-262, 3.72361e-267, 2.77772e-272, 1.8518e-277, 1.10328e-282, 5.87435e-288, 2.79523e-293, 1.18866e-298, 4.51731e-304, 1.53421e-309, 4.65664e-315, 1.26333e-320, 0, 0, 0, 0, 0, 0, 0, 0, 0, 0, 0, 0, 0, 0, 0, 0, 0, 0, 0, 0, 0, 0
3.98944, 3.99044, 3.99145, 3.99248, 3.99351, 3.99456, 3.99562, 3.99668, 3.99776, 3.99885, 3.99996, 4.00107, 4.0022, 4.00334, 4.00449, 4.00565, 4.00682, 4.00801, 4.00921, 4.01042, 4.01165, 4.01288, 4.01413, 4.0154, 4.01667, 4.01796, 4.01926, 4.02058, 4.02191, 4.02325, 4.0246, 4.02597, 4.02736, 4.02876, 4.03017, 4.03159, 4.03303, 4.03449, 4.03596, 4.03744, 4.03894, 4.04046, 4.04199, 4.04353, 4.04509, 4.04667, 4.04826, 4.04987, 4.05149, 4.05313, 4.05479, 4.05646, 4.05815, 4.05985, 4.06158, 4.06331, 4.06507, 4.06685, 4.06864, 4.07045, 4.07227, 4.07412, 4.07598, 4.07786, 4.07976, 4.08168, 4.08362, 4.08558, 4.08755, 4.08955, 4.09156, 4.0936, 4.09565, 4.09773, 4.09982, 4.10194, 4.10408, 4.10624, 4.10841, 4.11061, 4.11284, 4.11508, 4.11735, 4.11963, 4.12195, 4.12428, 4.12664, 4.12902, 4.13142, 4.13385, 4.1363, 4.13877, 4.14127, 4.14379, 4.14634, 4.14892, 4.15152, 4.15414, 4.15679, 4.15947, 4.16218, 4.16491, 4.16766, 4.17045, 4.17326, 4.1761, 4.17897, 4.18187, 4.1848, 4.18776, 4.19074, 4.19376, 4.19681, 4.19988, 4.20299, 4.20613, 4.2093, 4.2125, 4.21574, 4.21901, 4.22231, 4.22565, 4.22901, 4.23242, 4.23586, 4.23933, 4.24284, 4.24638, 4.24996, 4.25358, 4.25724, 4.26093, 4.26466, 4.26843, 4.27224, 4.27609, 4.27998, 4.28391, 4.28788, 4.2919, 4.29595, 4.30005, 4.30419, 4.30838, 4.31261, 4.31688, 4.3212, 4.32557, 4.32998, 4.33444, 4.33895, 4.34351, 4.34811, 4.35277, 4.35748, 4.36224, 4.36705, 4.37191, 4.37683, 4.3818, 4.38683, 4.39191, 4.39705, 4.40225, 4.4075, 4.41281, 4.41819, 4.42362, 4.42912, 4.43468, 4.4403, 4.44598, 4.45174, 4.45755, 4.46344, 4.46939, 4.47542, 4.48151, 4.48768, 4.49392, 4.50023, 4.50661, 4.51308, 4.51962, 4.52624, 4.53294, 4.53972, 4.54658, 4.55353, 4.56056, 4.56768, 4.57488, 4.58218, 4.58957, 4.59705, 4.60462, 4.61229, 4.62006, 4.62792, 4.63589, 4.64396, 4.65213, 4.66042, 4.6688, 4.6773, 4.68592, 4.69464, 4.70348, 4.71245, 4.72153, 4.73073, 4.74007, 4.74952, 4.75911, 4.76884, 4.77869, 4.78869, 4.79883, 4.80911, 4.81954, 4.83012, 4.84085, 4.85174, 4.86278, 4.87399, 4.88537, 4.89691, 4.90863, 4.92053, 4.93261, 4.94487, 4.95732, 4.96996, 4.98281, 4.99585, 5.00911, 5.02257, 5.03626, 5.05016, 5.06429, 5.07866, 5.09326, 5.10811, 5.12321, 5.13857, 5.15419, 5.17009, 5.18626, 5.20271, 5.21946, 5.23651, 5.25387, 5.27154, 5.28954, 5.30788, 5.32656, 5.34559, 5.36499, 5.38477, 5.40493, 5.42549, 5.44646, 5.46785, 5.48968, 5.51196, 5.53471, 5.55793, 5.58165, 5.60588, 5.63064, 5.65595, 5.68182, 5.70828, 5.73535, 5.76304, 5.79138, 5.8204, 5.85013, 5.88058, 5.91178, 5.94378, 5.97659, 6.01025, 6.0448, 6.08027, 6.11671, 6.15415, 6.19265, 6.23224, 6.27298, 6.31493, 6.35814, 6.40267, 6.44858, 6.49596, 6.54487, 6.5954, 6.64764, 6.70167, 6.75761, 6.81556, 6.87564, 6.93799, 7.00274, 7.07004, 7.14008, 7.21304, 7.28911, 7.36852, 7.45153, 7.5384, 7.62945, 7.72501, 7.82547, 7.93126, 8.04286, 8.16083, 8.2858, 8.41849, 8.55974, 8.71052, 8.87197, 9.04544, 9.23253, 9.43519, 9.65578, 9.89724, 10.1633, 10.4588, 10.7901, 11.1661, 11.5996, 12.1086, 12.7189, 13.4625, 14.3703, 15.451, 16.6552, 17.835, 18.7265, 18.9905, 18.3228, 16.5966, 13.9586, 10.8071, 7.6516, 4.9296, 2.87913, 1.5201, 0.723959, 0.310501, 0.119773, 0.0415092, 0.0129126, 0.00360097, 0.000896985, 0.000195783, 3.12473e-05, 5.03926e-06, 8.31e-07, 1.22475e-07, 1.61327e-08, 1.89923e-09, 1.99829e-10, 1.87911e-11, 1.57927e-12, 1.18623e-13, 7.96328e-15, 4.77776e-16, 2.56192e-17, 1.22776e-18, 5.25862e-20, 2.01296e-21, 6.88664e-23, 2.10564e-24, 5.75398e-26, 1.40526e-27, 3.06727e-29, 5.98345e-31, 1.04317e-32, 1.6254e-34, 2.26345e-36, 2.81699e-38, 3.13329e-40, 3.11471e-42, 2.76717e-44, 2.19713e-46, 1.55911e-48, 9.88776e-51, 5.60426e-53, 2.83882e-55, 1.28516e-57, 5.19964e-60, 1.88013e-62, 6.07576e-65, 1.75473e-67, 4.52915e-70, 1.04477e-72, 2.15386e-75, 3.96837e-78, 6.53433e-81, 9.61579e-84, 1.26463e-86, 1.4864e-89, 1.56135e-92, 1.46574e-95, 1.22973e-98, 9.22045e-102, 6.17856e-105, 3.7001e-108, 1.9803e-111, 9.47196e-115, 4.04891e-118, 1.54678e-121, 5.28088e-125, 1.61129e-128, 4.3937e-132, 1.07072e-135, 2.3319e-139, 4.53869e-143, 7.89478e-147, 1.22726e-150, 1.70498e-154, 2.11685e-158, 2.34879e-162, 2.32909e-166, 2.06402e-170, 1.63466e-174, 1.15698e-178, 7.31826e-183, 4.13689e-187, 2.0899e-191, 9.4354e-196, 3.80696e-200, 1.37271e-204, 4.42348e-209, 1.27389e-213, 3.27854e-218, 7.54071e-223, 1.54998e-227, 2.84722e-232, 4.67409e-237, 6.85732e-242, 8.99067e-247, 1.05344e-251, 1.10309e-256, 1.03226e-261, 8.63272e-267, 6.45188e-272, 4.30927e-277, 2.57218e-282, 1.37207e-287, 6.54081e-293, 2.78653e-298, 1.0609e-303, 3.60965e-309, 1.09757e-314, 2.97872e-320, 0, 0, 0, 0, 0, 0, 0, 0, 0, 0, 0, 0, 0, 0, 0, 0, 0, 0, 0, 0, 0, 0
210.28
177.35
 
MEASUREMENT 2
1.56305, 4.67879, 7.79453, 10.9103, 14.0312, 17.1469, 20.2679, 23.3784, 26.4796, 29.5859, 32.6913, 35.8071, 38.9228, 42.0385, 45.1595, 48.2752, 51.3909, 54.5067, 57.6224, 60.7381, 63.8435, 66.9593, 70.0698, 73.1752, 76.2806, 79.3859, 82.4913, 85.5967, 88.7021, 91.8074, 94.9128, 98.0182, 101.1, 104.148, 107.196, 110.244, 113.292, 116.339, 119.387, 122.435, 125.483, 128.531, 131.574, 134.622, 137.67, 140.718, 143.766, 146.814, 149.861, 152.909, 155.957, 159.005, 162.053, 165.101, 168.149, 171.197, 174.245, 177.293, 180.341, 183.389, 186.436, 189.484, 192.532, 195.58, 198.621, 201.655, 204.688, 207.722, 210.756, 213.794, 216.838, 219.882, 222.926, 225.97, 229.014, 232.058, 235.102, 238.145, 241.189, 244.233, 247.277, 250.321, 253.37, 256.424, 259.478, 262.532, 265.586, 268.64, 271.695, 274.749, 277.803, 280.857, 283.911, 286.97, 290.035, 293.099
3.5025, 3.51753, 3.50261, 3.71561, 3.5022, 3.54115, 3.83153, 3.82567, 3.77058, 3.82274, 3.86407, 3.95732, 3.96108, 3.99879, 4.00207, 4.00886, 4.17154, 4.20776, 4.27975, 4.32663, 3.81481, 4.28617, 4.3051, 4.29005, 4.38755, 4.39989, 4.42849, 4.41873, 4.47725, 4.12949, 4.55016, 3.94372, 4.57191, 4.57463, 4.61602, 4.6331, 4.66164, 4.70069, 4.73978, 4.76566, 4.77753, 4.83469, 4.89781, 4.90792, 4.96547, 5.04234, 5.11492, 5.15963, 5.2133, 5.26318, 5.37212, 5.46533, 5.57248, 5.64987, 5.76234, 6.03469, 6.12623, 6.21714, 6.46012, 6.75972, 7.00042, 7.45788, 7.88876, 8.73616, 11.1079, 12.876, 14.34, 13.0707, 7.03063, 1.60655, 0.195547, 0.0195433, -0.0365998, -0.0472221, -0.0115255, 0.0221806, -0.0301819, -0.0246611, -0.0596912, -0.036146, -0.0692496, -0.316764, -0.0563853, -0.0333809, -0.329661, -0.347624, -0.129507, -0.0544569, -0.0206273, -0.0240102, -0.025278, -0.0901297, -0.0515931, -0.0406794, -0.140629, -0.0456972
0.105075, 0.105526, 0.105078, 0.111468, 0.105066, 0.106234, 0.114946, 0.11477, 0.113118, 0.114682, 0.115922, 0.11872, 0.118832, 0.119964, 0.120062, 0.120266, 0.125146, 0.126233, 0.128392, 0.129799, 0.114444, 0.128585, 0.129153, 0.128702, 0.131626, 0.131997, 0.132855, 0.132562, 0.134318, 0.123885, 0.136505, 0.118312, 0.137157, 0.137239, 0.138481, 0.138993, 0.139849, 0.141021, 0.142193, 0.14297, 0.143326, 0.145041, 0.146934, 0.147238, 0.148964, 0.15127, 0.153447, 0.154789, 0.156399, 0.157896, 0.161163, 0.16396, 0.167174, 0.169496, 0.17287, 0.181041, 0.183787, 0.186514, 0.193804, 0.202792, 0.210013, 0.223736, 0.236663, 0.262085, 0.333236, 0.386279, 0.430199, 0.39212, 0.210919, 0.0481966, 0.00586641, 0.000586298, 0.00109799, 0.00141666, 0.000345765, 0.000665417, 0.000905457, 0.000739833, 0.00179074, 0.00108438, 0.00207749, 0.00950291, 0.00169156, 0.00100143, 0.00988984, 0.0104287, 0.00388521, 0.00163371, 0.00061882, 0.000720307, 0.00075834, 0.00270389, 0.00154779, 0.00122038, 0.00421887, 0.00137092
0, 0.613815, 1.22763, 1.84144, 2.45526, 3.06907, 3.68289, 4.2967, 4.91052, 5.52433, 6.13815, 6.75196, 7.36578, 7.97959, 8.59341, 9.20722, 9.82104, 10.4349, 11.0487, 11.6625, 12.2763, 12.8901, 13.5039, 14.1177, 14.7316, 15.3454, 15.9592, 16.573, 17.1868, 17.8006, 18.4144, 19.0283, 19.6421, 20.2559, 20.8697, 21.4835, 22.0973, 22.7111, 23.325, 23.9388, 24.5526, 25.1664, 25.7802, 26.394, 27.0078, 27.6217, 28.2355, 28.8493, 29.4631, 30.0769, 30.6907, 31.3046, 31.9184, 32.5322, 33.146, 33.7598, 34.3736, 34.9874, 35.6013, 36.2151, 36.8289, 37.4427, 38.0565, 38.6703, 39.2841, 39.898, 40.5118, 41.1256, 41.7394, 42.3532, 42.967, 43.5808, 44.1947, 44.8085, 45.4223, 46.0361, 46.6499, 47.2637, 47.8775, 48.4914, 49.1052, 49.719, 50.3328, 50.9466, 51.5604, 52.1743, 52.7881, 53.4019, 54.0157, 54.6295, 55.2433, 55.8571, 56.471, 57.0848, 57.6986, 58.3124, 58.9262, 59.54, 60.1538, 60.7677, 61.3815, 61.9953, 62.6091, 63.2229, 63.8367, 64.4505, 65.0644, 65.6782, 66.292, 66.9058, 67.5196, 68.1334, 68.7473, 69.3611, 69.9749, 70.5887, 71.2025, 71.8163, 72.4301, 73.044, 73.6578, 74.2716, 74.8854, 75.4992, 76.113, 76.7268, 77.3407, 77.9545, 78.5683, 79.1821, 79.7959, 80.4097, 81.0235, 81.6374, 82.2512, 82.865, 83.4788, 84.0926, 84.7064, 85.3202, 85.9341, 86.5479, 87.1617, 87.7755, 88.3893, 89.0031, 89.617, 90.2308, 90.8446, 91.4584, 92.0722, 92.686, 93.2998, 93.9137, 94.5275, 95.1413, 95.7551, 96.3689, 96.9827, 97.5965, 98.2104, 98.8242, 99.438, 100.052, 100.666, 101.279, 101.893, 102.507, 103.121, 103.735, 104.349, 104.962, 105.576, 106.19, 106.804, 107.418, 108.031, 108.645, 109.259, 109.873, 110.487, 111.1, 111.714, 112.328, 112.942, 113.556, 114.17, 114.783, 115.397, 116.011, 116.625, 117.239, 117.852, 118.466, 119.08, 119.694, 120.308, 120.922, 121.535, 122.149, 122.763, 123.377, 123.991, 124.604, 125.218, 125.832, 126.446, 127.06, 127.673, 128.287, 128.901, 129.515, 130.129, 130.743, 131.356, 131.97, 132.584, 133.198, 133.812, 134.425, 135.039, 135.653, 136.267, 136.881, 137.495, 138.108, 138.722, 139.336, 139.95, 140.564, 141.177, 141.791, 142.405, 143.019, 143.633, 144.246, 144.86, 145.474, 146.088, 146.702, 147.316, 147.929, 148.543, 149.157, 149.771, 150.385, 150.998, 151.612, 152.226, 152.84, 153.454, 154.068, 154.681, 155.295, 155.909, 156.523, 157.137, 157.75, 158.364, 158.978, 159.592, 160.206, 160.819, 161.433, 162.047, 162.661, 163.275, 163.889, 164.502, 165.116, 165.73, 166.344, 166.958, 167.571, 168.185, 168.799, 169.413, 170.027, 170.64, 171.254, 171.868, 172.482, 173.096, 173.71, 174.323, 174.937, 175.551, 176.165, 176.779, 177.392, 178.006, 178.62, 179.234, 179.848, 180.462, 181.075, 181.689, 182.303, 182.917, 183.531, 184.144, 184.758, 185.372, 185.986, 186.6, 187.213, 187.827, 188.441, 189.055, 189.669, 190.283, 190.896, 191.51, 192.124, 192.738, 193.352, 193.965, 194.579, 195.193, 195.807, 196.421, 197.035, 197.648, 198.262, 198.876, 199.49, 200.104, 200.717, 201.331, 201.945, 202.559, 203.173, 203.786, 204.4, 205.014, 205.628, 206.242, 206.856, 207.469, 208.083, 208.697, 209.311, 209.925, 210.538, 211.152, 211.766, 212.38, 212.994, 213.608, 214.221, 214.835, 215.449, 216.063, 216.677, 217.29, 217.904, 218.518, 219.132, 219.746, 220.359, 220.973, 221.587, 222.201, 222.815, 223.429, 224.042, 224.656, 225.27, 225.884, 226.498, 227.111, 227.725, 228.339, 228.953, 229.567, 230.181, 230.794, 231.408, 232.022, 232.636, 233.25, 233.863, 234.477, 235.091, 235.705, 236.319, 236.932, 237.546, 238.16, 238.774, 239.388, 240.002, 240.615, 241.229, 241.843, 242.457, 243.071, 243.684, 244.298, 244.912, 245.526, 246.14, 246.754, 247.367, 247.981, 248.595, 249.209, 249.823, 250.436, 251.05, 251.664, 252.278, 252.892, 253.505, 254.119, 254.733, 255.347, 255.961, 256.575, 257.188, 257.802, 258.416, 259.03, 259.644, 260.257, 260.871, 261.485, 262.099, 262.713, 263.327, 263.94, 264.554, 265.168, 265.782, 266.396, 267.009, 267.623, 268.237, 268.851, 269.465, 270.078, 270.692, 271.306, 271.92, 272.534, 273.148, 273.761, 274.375, 274.989, 275.603, 276.217, 276.83, 277.444, 278.058, 278.672, 279.286, 279.9, 280.513, 281.127, 281.741, 282.355, 282.969, 283.582, 284.196, 284.81, 285.424, 286.038, 286.651, 287.265, 287.879, 288.493, 289.107, 289.721, 290.334, 290.948, 291.562, 292.176, 292.79, 293.403, 294.017
3.94909, 3.9501, 3.95112, 3.95215, 3.95319, 3.95424, 3.95531, 3.95638, 3.95747, 3.95856, 3.95967, 3.96079, 3.96193, 3.96307, 3.96423, 3.9654, 3.96658, 3.96777, 3.96898, 3.9702, 3.97143, 3.97267, 3.97393, 3.9752, 3.97648, 3.97778, 3.97909, 3.98041, 3.98175, 3.9831, 3.98446, 3.98584, 3.98723, 3.98864, 3.99006, 3.99149, 3.99294, 3.99441, 3.99589, 3.99738, 3.99889, 4.00041, 4.00195, 4.00351, 4.00508, 4.00666, 4.00827, 4.00988, 4.01152, 4.01317, 4.01484, 4.01652, 4.01822, 4.01994, 4.02167, 4.02342, 4.02519, 4.02698, 4.02878, 4.0306, 4.03244, 4.0343, 4.03618, 4.03807, 4.03999, 4.04192, 4.04387, 4.04584, 4.04783, 4.04984, 4.05187, 4.05392, 4.05599, 4.05808, 4.06019, 4.06233, 4.06448, 4.06665, 4.06885, 4.07107, 4.07331, 4.07557, 4.07785, 4.08016, 4.08249, 4.08484, 4.08722, 4.08961, 4.09204, 4.09448, 4.09696, 4.09945, 4.10197, 4.10452, 4.10709, 4.10968, 4.11231, 4.11495, 4.11763, 4.12033, 4.12306, 4.12581, 4.1286, 4.13141, 4.13425, 4.13711, 4.14001, 4.14294, 4.14589, 4.14888, 4.15189, 4.15494, 4.15801, 4.16112, 4.16426, 4.16743, 4.17063, 4.17386, 4.17713, 4.18043, 4.18377, 4.18714, 4.19054, 4.19398, 4.19746, 4.20097, 4.20451, 4.2081, 4.21172, 4.21537, 4.21907, 4.2228, 4.22658, 4.23039, 4.23424, 4.23814, 4.24207, 4.24605, 4.25006, 4.25412, 4.25823, 4.26237, 4.26657, 4.2708, 4.27508, 4.27941, 4.28379, 4.28821, 4.29268, 4.29719, 4.30176, 4.30638, 4.31104, 4.31576, 4.32053, 4.32535, 4.33023, 4.33516, 4.34015, 4.34519, 4.35028, 4.35544, 4.36065, 4.36592, 4.37125, 4.37664, 4.3821, 4.38761, 4.39319, 4.39883, 4.40454, 4.41031, 4.41616, 4.42206, 4.42804, 4.43409, 4.44021, 4.44641, 4.45267, 4.45902, 4.46543, 4.47193, 4.4785, 4.48515, 4.49189, 4.49871, 4.50561, 4.51259, 4.51966, 4.52682, 4.53407, 4.54141, 4.54885, 4.55637, 4.564, 4.57172, 4.57954, 4.58746, 4.59548, 4.60361, 4.61184, 4.62019, 4.62864, 4.63721, 4.64589, 4.65468, 4.6636, 4.67264, 4.6818, 4.69108, 4.7005, 4.71005, 4.71972, 4.72954, 4.73949, 4.74959, 4.75983, 4.77021, 4.78075, 4.79144, 4.80229, 4.8133, 4.82447, 4.83581, 4.84732, 4.859, 4.87086, 4.88291, 4.89514, 4.90756, 4.92018, 4.93299, 4.94601, 4.95924, 4.97268, 4.98634, 5.00023, 5.01434, 5.02869, 5.04329, 5.05813, 5.07322, 5.08857, 5.10419, 5.12008, 5.13626, 5.15272, 5.16948, 5.18655, 5.20392, 5.22162, 5.23965, 5.25802, 5.27674, 5.29582, 5.31527, 5.33511, 5.35533, 5.37597, 5.39702, 5.4185, 5.44043, 5.46281, 5.48567, 5.50903, 5.53288, 5.55727, 5.58219, 5.60768, 5.63375, 5.66041, 5.68771, 5.71565, 5.74426, 5.77357, 5.8036, 5.83439, 5.86596, 5.89834, 5.93158, 5.96569, 6.00074, 6.03674, 6.07376, 6.11182, 6.15099, 6.19131, 6.23283, 6.27563, 6.31976, 6.36529, 6.41229, 6.46085, 6.51104, 6.56297, 6.61672, 6.67242, 6.73017, 6.7901, 6.85236, 6.91709, 6.98447, 7.05468, 7.12792, 7.20442, 7.28443, 7.36823, 7.45615, 7.54852, 7.64576, 7.74832, 7.85674, 7.97162, 8.09368, 8.22375, 8.36284, 8.51216, 8.67317, 8.84763, 9.03772, 9.24601, 9.47553, 9.72972, 10.0122, 10.3265, 10.6752, 11.0593, 11.4768, 11.9211, 12.3799, 12.8338, 13.256, 13.6126, 13.8649, 13.9726, 13.8985, 13.6136, 13.1021, 12.3647, 11.4193, 10.3065, 9.09104, 7.81845, 6.54931, 5.33905, 4.23254, 3.26086, 2.44016, 1.77278, 1.24987, 0.854859, 0.56704, 0.364675, 0.227337, 0.137346, 0.0804019, 0.0455984, 0.0250494, 0.0133275, 0.00686607, 0.00342432, 0.00165243, 0.000770672, 0.00034641, 0.000148873, 5.96079e-05, 1.98337e-05, 5.1785e-06, 2.0266e-06, 7.67182e-07, 2.809e-07, 9.94781e-08, 3.40742e-08, 1.12888e-08, 3.61736e-09, 1.12114e-09, 3.36085e-10, 9.74456e-11, 2.73274e-11, 7.41235e-12, 1.94463e-12, 4.93448e-13, 1.21107e-13, 2.87486e-14, 6.60069e-15, 1.46583e-15, 3.14848e-16, 6.54096e-17, 1.31433e-17, 2.55441e-18, 4.80173e-19, 8.73029e-20, 1.53526e-20, 2.61131e-21, 4.29593e-22, 6.83563e-23, 1.05202e-23, 1.56599e-24, 2.25465e-25, 3.13972e-26, 4.22887e-27, 5.50911e-28, 6.94162e-29, 8.45986e-30, 9.97213e-31, 1.13693e-31, 1.25373e-32, 1.3372e-33, 1.37947e-34, 1.37641e-35, 1.32834e-36, 1.23991e-37, 1.11942e-38, 9.77511e-40, 8.25603e-41, 6.7444e-42, 5.3289e-43, 4.07244e-44, 3.01019e-45, 2.15206e-46, 1.48812e-47, 9.9528e-49, 6.43834e-50, 4.02833e-51, 2.4378e-52, 1.4269e-53, 8.07815e-55, 4.42336e-56, 2.34269e-57, 1.20005e-58, 5.94576e-60, 2.84929e-61, 1.32065e-62, 5.92056e-64, 2.5672e-65, 1.07666e-66, 4.36735e-68, 1.71349e-69, 6.50229e-71, 2.38657e-72, 8.47234e-74, 2.90907e-75, 9.66115e-77, 3.10331e-78, 9.64146e-80, 2.89723e-81, 8.42065e-83, 2.36717e-84, 6.43631e-86, 1.69264e-87, 4.30543e-89, 1.05923e-90, 2.52049e-92, 5.80098e-94, 1.29134e-95, 2.78036e-97, 5.79008e-99, 1.16624e-100, 2.27204e-102, 4.2812e-104, 7.80255e-106, 1.3754e-107, 2.34501e-109, 3.86707e-111, 6.16795e-113, 9.51527e-115, 1.41979e-116, 2.04903e-118, 2.86019e-120, 3.86157e-122, 5.04259e-124, 6.36892e-126, 7.78036e-128, 9.19296e-130, 1.05059e-131, 1.16127e-133, 1.24152e-135, 1.2838e-137, 1.28399e-139, 1.24208e-141
3.94909, 3.95012, 3.95116, 3.9522, 3.95326, 3.95433, 3.95541, 3.95651, 3.95761, 3.95873, 3.95986, 3.961, 3.96215, 3.96331, 3.96449, 3.96568, 3.96688, 3.96809, 3.96931, 3.97055, 3.9718, 3.97307, 3.97435, 3.97564, 3.97694, 3.97825, 3.97959, 3.98093, 3.98229, 3.98366, 3.98504, 3.98644, 3.98785, 3.98928, 3.99072, 3.99218, 3.99365, 3.99514, 3.99664, 3.99815, 3.99968, 4.00123, 4.00279, 4.00437, 4.00596, 4.00757, 4.00919, 4.01083, 4.01249, 4.01416, 4.01585, 4.01756, 4.01928, 4.02102, 4.02278, 4.02456, 4.02635, 4.02816, 4.02999, 4.03184, 4.0337, 4.03558, 4.03748, 4.0394, 4.04134, 4.0433, 4.04528, 4.04728, 4.04929, 4.05133, 4.05338, 4.05546, 4.05756, 4.05968, 4.06181, 4.06397, 4.06615, 4.06836, 4.07058, 4.07282, 4.07509, 4.07738, 4.07969, 4.08203, 4.08439, 4.08677, 4.08917, 4.0916, 4.09406, 4.09653, 4.09903, 4.10156, 4.10411, 4.10669, 4.10929, 4.11192, 4.11457, 4.11725, 4.11996, 4.12269, 4.12545, 4.12824, 4.13105, 4.1339, 4.13677, 4.13967, 4.1426, 4.14556, 4.14855, 4.15157, 4.15462, 4.1577, 4.16081, 4.16396, 4.16713, 4.17034, 4.17358, 4.17685, 4.18015, 4.18349, 4.18687, 4.19028, 4.19372, 4.1972, 4.20071, 4.20426, 4.20785, 4.21147, 4.21513, 4.21883, 4.22257, 4.22634, 4.23016, 4.23402, 4.23791, 4.24185, 4.24583, 4.24985, 4.25391, 4.25802, 4.26217, 4.26636, 4.2706, 4.27488, 4.27921, 4.28358, 4.28801, 4.29248, 4.297, 4.30156, 4.30618, 4.31085, 4.31557, 4.32034, 4.32516, 4.33004, 4.33497, 4.33995, 4.34499, 4.35009, 4.35524, 4.36045, 4.36572, 4.37105, 4.37644, 4.38189, 4.3874, 4.39298, 4.39862, 4.40432, 4.4101, 4.41593, 4.42184, 4.42781, 4.43386, 4.43997, 4.44616, 4.45242, 4.45876, 4.46517, 4.47166, 4.47823, 4.48487, 4.4916, 4.49841, 4.5053, 4.51228, 4.51934, 4.52649, 4.53373, 4.54106, 4.54849, 4.556, 4.56362, 4.57132, 4.57913, 4.58704, 4.59505, 4.60316, 4.61138, 4.61971, 4.62815, 4.6367, 4.64536, 4.65414, 4.66304, 4.67205, 4.68119, 4.69046, 4.69985, 4.70938, 4.71903, 4.72882, 4.73875, 4.74882, 4.75903, 4.76939, 4.7799, 4.79056, 4.80138, 4.81235, 4.82349, 4.83479, 4.84626, 4.85791, 4.86973, 4.88174, 4.89392, 4.9063, 4.91887, 4.93164, 4.94461, 4.95779, 4.97118, 4.98478, 4.99861, 5.01267, 5.02696, 5.04149, 5.05626, 5.07129, 5.08657, 5.10211, 5.11793, 5.13403, 5.15041, 5.16708, 5.18405, 5.20134, 5.21894, 5.23687, 5.25513, 5.27375, 5.29271, 5.31205, 5.33176, 5.35185, 5.37235, 5.39326, 5.4146, 5.43638, 5.4586, 5.4813, 5.50448, 5.52816, 5.55235, 5.57708, 5.60236, 5.62821, 5.65465, 5.68171, 5.7094, 5.73775, 5.76678, 5.79653, 5.82701, 5.85826, 5.89032, 5.9232, 5.95695, 5.9916, 6.02719, 6.06377, 6.10137, 6.14005, 6.17985, 6.22084, 6.26305, 6.30657, 6.35144, 6.39775, 6.44556, 6.49496, 6.54604, 6.59889, 6.65362, 6.71033, 6.76914, 6.8302, 6.89363, 6.95961, 7.0283, 7.09989, 7.1746, 7.25265, 7.33432, 7.41988, 7.50967, 7.60405, 7.70344, 7.80832, 7.91924, 8.03683, 8.16183, 8.29513, 8.43776, 8.59101, 8.75642, 8.93586, 9.13166, 9.34662, 9.58407, 9.84784, 10.1421, 10.471, 10.838, 11.245, 11.6908, 12.1699, 12.6702, 13.1726, 13.6494, 14.0651, 14.3785, 14.5459, 14.526, 14.2857, 13.8054, 13.0834, 12.1379, 11.006, 9.74084, 8.40477, 7.06285, 5.7754, 4.59208, 3.54802, 2.66241, 1.93942, 1.3709, 0.939983, 0.625013, 0.4029, 0.251736, 0.152421, 0.0894175, 0.0508166, 0.0279724, 0.0149118, 0.00769718, 0.00384614, 0.00185957, 0.000869055, 0.00039161, 0.000168951, 6.81073e-05, 2.31459e-05, 6.31732e-06, 2.46977e-06, 9.35262e-07, 3.42557e-07, 1.21354e-07, 4.15816e-08, 1.37806e-08, 4.41733e-09, 1.36954e-09, 4.10687e-10, 1.19116e-10, 3.34158e-11, 9.06687e-12, 2.3795e-12, 6.03998e-13, 1.48289e-13, 3.52131e-14, 8.08767e-15, 1.79665e-15, 3.86037e-16, 8.0226e-17, 1.61259e-17, 3.13514e-18, 5.89538e-19, 1.07223e-19, 1.88621e-20, 3.20931e-21, 5.28149e-22, 8.40668e-23, 1.29424e-23, 1.92721e-24, 2.77564e-25, 3.86653e-26, 5.20958e-27, 6.789e-28, 8.55719e-29, 1.04323e-29, 1.23013e-30, 1.40295e-31, 1.5476e-32, 1.65119e-33, 1.70395e-34, 1.70075e-35, 1.6419e-36, 1.53311e-37, 1.3846e-38, 1.20948e-39, 1.02186e-40, 8.35046e-42, 6.60009e-43, 5.04559e-44, 3.73076e-45, 2.66811e-46, 1.84558e-47, 1.23477e-48, 7.99021e-50, 5.00097e-51, 3.02742e-52, 1.77261e-53, 1.00387e-54, 5.49872e-56, 2.91319e-57, 1.49279e-58, 7.39862e-60, 3.5467e-61, 1.64445e-62, 7.37461e-64, 3.19875e-65, 1.34197e-66, 5.44537e-68, 2.13715e-69, 8.11266e-71, 2.97862e-72, 1.05776e-73, 3.63315e-75, 1.20698e-76, 3.87829e-78, 1.20532e-79, 3.62314e-81, 1.05339e-82, 2.96223e-84, 8.0569e-86, 2.11953e-87, 5.39303e-89, 1.32724e-90, 3.15927e-92, 7.27354e-94, 1.61967e-95, 3.48843e-97, 7.26701e-99, 1.46421e-100, 2.85346e-102, 5.37852e-104, 9.80563e-106, 1.72906e-107, 2.94894e-109, 4.86457e-111, 7.76148e-113, 1.19775e-114, 1.78776e-116, 2.58093e-118, 3.60382e-120, 4.86712e-122, 6.35774e-124, 8.03259e-126, 9.81589e-128, 1.16018e-129, 1.3263e-131, 1.4665e-133, 1.56835e-135, 1.62228e-137, 1.62305e-139, 1.57057e-141
208.39
176.43
 
MEASUREMENT 3
1.56305, 4.67879, 7.79453, 10.9103, 14.0312, 17.1469, 20.2679, 23.3784, 26.4796, 29.5859, 32.6913, 35.8071, 38.9228, 42.0385, 45.1595, 48.2752, 51.3909, 54.5067, 57.6224, 60.7381, 63.8435, 66.9593, 70.0698, 73.1752, 76.2806, 79.3859, 82.4913, 85.5967, 88.7021, 91.8074, 94.9128, 98.0182, 101.1, 104.148, 107.196, 110.244, 113.292, 116.339, 119.387, 122.435, 125.483, 128.531, 131.574, 134.622, 137.67, 140.718, 143.766, 146.814, 149.861, 152.909, 155.957, 159.005, 162.053, 165.101, 168.149, 171.197, 174.245, 177.293, 180.341, 183.389, 186.436, 189.484, 192.532, 195.58, 198.621, 201.655, 204.688, 207.722, 210.756, 213.794, 216.838, 219.882, 222.926, 225.97, 229.014, 232.058, 235.102, 238.145, 241.189, 244.233, 247.277, 250.321, 253.37, 256.424, 259.478, 262.532, 265.586, 268.64, 271.695, 274.749, 277.803, 280.857, 283.911, 286.97, 290.035, 293.099
3.4987, 3.51542, 3.50373, 3.71548, 3.50051, 3.54159, 3.8316, 3.82964, 3.76992, 3.82679, 3.86524, 3.95103, 3.96116, 4.00366, 4.00318, 4.01561, 4.17218, 4.20942, 4.28212, 4.32854, 3.83664, 4.29216, 4.30664, 4.29665, 4.38913, 4.40255, 4.42781, 4.41954, 4.48208, 4.14433, 4.55101, 3.94143, 4.57161, 4.57858, 4.61904, 4.63651, 4.66235, 4.6981, 4.74117, 4.76661, 4.78327, 4.84118, 4.90091, 4.90893, 4.96597, 5.04373, 5.11987, 5.16233, 5.21354, 5.26356, 5.37467, 5.46576, 5.57558, 5.65008, 5.76695, 6.04425, 6.13036, 6.21704, 6.46206, 6.76733, 7.00646, 7.45984, 7.90485, 8.72122, 11.1268, 12.8244, 14.3434, 13.0728, 6.93532, 1.60271, 0.169575, 0.0175565, -0.0382648, -0.0480531, -0.0229264, 0.0118767, -0.02697, -0.025328, -0.0614963, -0.0317797, -0.0678211, -0.240633, -0.0585975, -0.0314054, -0.246248, -0.268741, -0.106452, -0.0511324, -0.021844, -0.0228734, -0.0258014, -0.0735738, -0.0518865, -0.0396246, -0.117431, -0.0613507
0.104961, 0.105462, 0.105112, 0.111464, 0.105015, 0.106248, 0.114948, 0.114889, 0.113098, 0.114804, 0.115957, 0.118531, 0.118835, 0.12011, 0.120095, 0.120468, 0.125165, 0.126283, 0.128464, 0.129856, 0.115099, 0.128765, 0.129199, 0.128899, 0.131674, 0.132077, 0.132834, 0.132586, 0.134462, 0.12433, 0.13653, 0.118243, 0.137148, 0.137357, 0.138571, 0.139095, 0.13987, 0.140943, 0.142235, 0.142998, 0.143498, 0.145236, 0.147027, 0.147268, 0.148979, 0.151312, 0.153596, 0.15487, 0.156406, 0.157907, 0.16124, 0.163973, 0.167267, 0.169502, 0.173008, 0.181328, 0.183911, 0.186511, 0.193862, 0.20302, 0.210194, 0.223795, 0.237146, 0.261637, 0.333805, 0.384731, 0.430301, 0.392183, 0.208059, 0.0480814, 0.00508724, 0.000526694, 0.00114795, 0.00144159, 0.000687793, 0.000356302, 0.000809099, 0.00075984, 0.00184489, 0.000953391, 0.00203463, 0.00721899, 0.00175792, 0.000942163, 0.00738743, 0.00806224, 0.00319355, 0.00153397, 0.000655319, 0.000686202, 0.000774043, 0.00220721, 0.00155659, 0.00118874, 0.00352293, 0.00184052
0, 0.613815, 1.22763, 1.84144, 2.45526, 3.06907, 3.68289, 4.2967, 4.91052, 5.52433, 6.13815, 6.75196, 7.36578, 7.97959, 8.59341, 9.20722, 9.82104, 10.4349, 11.0487, 11.6625, 12.2763, 12.8901, 13.5039, 14.1177, 14.7316, 15.3454, 15.9592, 16.573, 17.1868, 17.8006, 18.4144, 19.0283, 19.6421, 20.2559, 20.8697, 21.4835, 22.0973, 22.7111, 23.325, 23.9388, 24.5526, 25.1664, 25.7802, 26.394, 27.0078, 27.6217, 28.2355, 28.8493, 29.4631, 30.0769, 30.6907, 31.3046, 31.9184, 32.5322, 33.146, 33.7598, 34.3736, 34.9874, 35.6013, 36.2151, 36.8289, 37.4427, 38.0565, 38.6703, 39.2841, 39.898, 40.5118, 41.1256, 41.7394, 42.3532, 42.967, 43.5808, 44.1947, 44.8085, 45.4223, 46.0361, 46.6499, 47.2637, 47.8775, 48.4914, 49.1052, 49.719, 50.3328, 50.9466, 51.5604, 52.1743, 52.7881, 53.4019, 54.0157, 54.6295, 55.2433, 55.8571, 56.471, 57.0848, 57.6986, 58.3124, 58.9262, 59.54, 60.1538, 60.7677, 61.3815, 61.9953, 62.6091, 63.2229, 63.8367, 64.4505, 65.0644, 65.6782, 66.292, 66.9058, 67.5196, 68.1334, 68.7473, 69.3611, 69.9749, 70.5887, 71.2025, 71.8163, 72.4301, 73.044, 73.6578, 74.2716, 74.8854, 75.4992, 76.113, 76.7268, 77.3407, 77.9545, 78.5683, 79.1821, 79.7959, 80.4097, 81.0235, 81.6374, 82.2512, 82.865, 83.4788, 84.0926, 84.7064, 85.3202, 85.9341, 86.5479, 87.1617, 87.7755, 88.3893, 89.0031, 89.617, 90.2308, 90.8446, 91.4584, 92.0722, 92.686, 93.2998, 93.9137, 94.5275, 95.1413, 95.7551, 96.3689, 96.9827, 97.5965, 98.2104, 98.8242, 99.438, 100.052, 100.666, 101.279, 101.893, 102.507, 103.121, 103.735, 104.349, 104.962, 105.576, 106.19, 106.804, 107.418, 108.031, 108.645, 109.259, 109.873, 110.487, 111.1, 111.714, 112.328, 112.942, 113.556, 114.17, 114.783, 115.397, 116.011, 116.625, 117.239, 117.852, 118.466, 119.08, 119.694, 120.308, 120.922, 121.535, 122.149, 122.763, 123.377, 123.991, 124.604, 125.218, 125.832, 126.446, 127.06, 127.673, 128.287, 128.901, 129.515, 130.129, 130.743, 131.356, 131.97, 132.584, 133.198, 133.812, 134.425, 135.039, 135.653, 136.267, 136.881, 137.495, 138.108, 138.722, 139.336, 139.95, 140.564, 141.177, 141.791, 142.405, 143.019, 143.633, 144.246, 144.86, 145.474, 146.088, 146.702, 147.316, 147.929, 148.543, 149.157, 149.771, 150.385, 150.998, 151.612, 152.226, 152.84, 153.454, 154.068, 154.681, 155.295, 155.909, 156.523, 157.137, 157.75, 158.364, 158.978, 159.592, 160.206, 160.819, 161.433, 162.047, 162.661, 163.275, 163.889, 164.502, 165.116, 165.73, 166.344, 166.958, 167.571, 168.185, 168.799, 169.413, 170.027, 170.64, 171.254, 171.868, 172.482, 173.096, 173.71, 174.323, 174.937, 175.551, 176.165, 176.779, 177.392, 178.006, 178.62, 179.234, 179.848, 180.462, 181.075, 181.689, 182.303, 182.917, 183.531, 184.144, 184.758, 185.372, 185.986, 186.6, 187.213, 187.827, 188.441, 189.055, 189.669, 190.283, 190.896, 191.51, 192.124, 192.738, 193.352, 193.965, 194.579, 195.193, 195.807, 196.421, 197.035, 197.648, 198.262, 198.876, 199.49, 200.104, 200.717, 201.331, 201.945, 202.559, 203.173, 203.786, 204.4, 205.014, 205.628, 206.242, 206.856, 207.469, 208.083, 208.697, 209.311, 209.925, 210.538, 211.152, 211.766, 212.38, 212.994, 213.608, 214.221, 214.835, 215.449, 216.063, 216.677, 217.29, 217.904, 218.518, 219.132, 219.746, 220.359, 220.973, 221.587, 222.201, 222.815, 223.429, 224.042, 224.656, 225.27, 225.884, 226.498, 227.111, 227.725, 228.339, 228.953, 229.567, 230.181, 230.794, 231.408, 232.022, 232.636, 233.25, 233.863, 234.477, 235.091, 235.705, 236.319, 236.932, 237.546, 238.16, 238.774, 239.388, 240.002, 240.615, 241.229, 241.843, 242.457, 243.071, 243.684, 244.298, 244.912, 245.526, 246.14, 246.754, 247.367, 247.981, 248.595, 249.209, 249.823, 250.436, 251.05, 251.664, 252.278, 252.892, 253.505, 254.119, 254.733, 255.347, 255.961, 256.575, 257.188, 257.802, 258.416, 259.03, 259.644, 260.257, 260.871, 261.485, 262.099, 262.713, 263.327, 263.94, 264.554, 265.168, 265.782, 266.396, 267.009, 267.623, 268.237, 268.851, 269.465, 270.078, 270.692, 271.306, 271.92, 272.534, 273.148, 273.761, 274.375, 274.989, 275.603, 276.217, 276.83, 277.444, 278.058, 278.672, 279.286, 279.9, 280.513, 281.127, 281.741, 282.355, 282.969, 283.582, 284.196, 284.81, 285.424, 286.038, 286.651, 287.265, 287.879, 288.493, 289.107, 289.721, 290.334, 290.948, 291.562, 292.176, 292.79, 293.403, 294.017
3.95019, 3.95119, 3.95221, 3.95324, 3.95429, 3.95534, 3.9564, 3.95748, 3.95857, 3.95967, 3.96078, 3.9619, 3.96303, 3.96418, 3.96534, 3.96651, 3.96769, 3.96889, 3.97009, 3.97131, 3.97255, 3.97379, 3.97505, 3.97632, 3.97761, 3.9789, 3.98022, 3.98154, 3.98288, 3.98423, 3.9856, 3.98698, 3.98837, 3.98978, 3.9912, 3.99264, 3.99409, 3.99555, 3.99703, 3.99853, 4.00004, 4.00157, 4.00311, 4.00466, 4.00624, 4.00782, 4.00943, 4.01105, 4.01268, 4.01434, 4.016, 4.01769, 4.01939, 4.02111, 4.02285, 4.0246, 4.02637, 4.02816, 4.02997, 4.03179, 4.03363, 4.03549, 4.03737, 4.03927, 4.04118, 4.04312, 4.04507, 4.04705, 4.04904, 4.05105, 4.05308, 4.05514, 4.05721, 4.0593, 4.06142, 4.06355, 4.06571, 4.06788, 4.07008, 4.0723, 4.07454, 4.07681, 4.0791, 4.0814, 4.08374, 4.08609, 4.08847, 4.09087, 4.0933, 4.09575, 4.09822, 4.10072, 4.10324, 4.10579, 4.10837, 4.11096, 4.11359, 4.11624, 4.11892, 4.12162, 4.12435, 4.12711, 4.1299, 4.13271, 4.13556, 4.13843, 4.14133, 4.14426, 4.14721, 4.1502, 4.15322, 4.15627, 4.15935, 4.16246, 4.1656, 4.16878, 4.17198, 4.17522, 4.17849, 4.1818, 4.18514, 4.18851, 4.19192, 4.19536, 4.19884, 4.20236, 4.20591, 4.20949, 4.21312, 4.21678, 4.22048, 4.22422, 4.228, 4.23181, 4.23567, 4.23957, 4.24351, 4.24749, 4.25151, 4.25558, 4.25969, 4.26384, 4.26803, 4.27228, 4.27656, 4.28089, 4.28527, 4.2897, 4.29418, 4.2987, 4.30327, 4.30789, 4.31257, 4.31729, 4.32207, 4.3269, 4.33178, 4.33671, 4.34171, 4.34675, 4.35186, 4.35702, 4.36224, 4.36751, 4.37285, 4.37825, 4.38371, 4.38923, 4.39482, 4.40047, 4.40618, 4.41196, 4.41781, 4.42373, 4.42972, 4.43577, 4.4419, 4.4481, 4.45438, 4.46073, 4.46716, 4.47366, 4.48024, 4.4869, 4.49365, 4.50047, 4.50738, 4.51438, 4.52146, 4.52863, 4.53589, 4.54324, 4.55068, 4.55822, 4.56586, 4.57359, 4.58142, 4.58935, 4.59738, 4.60552, 4.61377, 4.62213, 4.63059, 4.63917, 4.64786, 4.65667, 4.6656, 4.67465, 4.68383, 4.69313, 4.70256, 4.71212, 4.72181, 4.73164, 4.74161, 4.75172, 4.76197, 4.77238, 4.78293, 4.79364, 4.8045, 4.81553, 4.82672, 4.83807, 4.8496, 4.8613, 4.87318, 4.88525, 4.8975, 4.90994, 4.92258, 4.93541, 4.94845, 4.96171, 4.97517, 4.98885, 5.00276, 5.0169, 5.03128, 5.0459, 5.06076, 5.07588, 5.09126, 5.10691, 5.12283, 5.13903, 5.15553, 5.17232, 5.18941, 5.20682, 5.22455, 5.24262, 5.26102, 5.27978, 5.2989, 5.31838, 5.33826, 5.35852, 5.3792, 5.40029, 5.42181, 5.44379, 5.46622, 5.48913, 5.51253, 5.53644, 5.56087, 5.58585, 5.61139, 5.63752, 5.66424, 5.6916, 5.7196, 5.74828, 5.77766, 5.80776, 5.83862, 5.87026, 5.90273, 5.93604, 5.97024, 6.00537, 6.04147, 6.07858, 6.11674, 6.15601, 6.19644, 6.23808, 6.28099, 6.32524, 6.3709, 6.41804, 6.46674, 6.51708, 6.56916, 6.62308, 6.67894, 6.73687, 6.797, 6.85946, 6.92441, 6.99201, 7.06246, 7.13595, 7.21273, 7.29303, 7.37714, 7.46539, 7.55812, 7.65574, 7.75871, 7.86757, 7.98294, 8.10552, 8.23615, 8.37586, 8.52586, 8.6876, 8.8629, 9.05391, 9.26328, 9.49409, 9.74985, 10.0343, 10.3511, 10.703, 11.0911, 11.5134, 11.9634, 12.4284, 12.8884, 13.3157, 13.6753, 13.927, 14.0294, 13.9443, 13.6423, 13.108, 12.3435, 11.3683, 10.2286, 8.98769, 7.69529, 6.41364, 5.19886, 4.09553, 3.13351, 2.3272, 1.67692, 1.17189, 0.793977, 0.521363, 0.331718, 0.204453, 0.122046, 0.0705476, 0.0394817, 0.0213892, 0.0112153, 0.0056905, 0.00279304, 0.00132529, 0.00060703, 0.000267333, 0.000111883, 4.27057e-05, 1.17803e-05, 3.75527e-06, 1.43908e-06, 5.33114e-07, 1.90899e-07, 6.60751e-08, 2.21065e-08, 7.14908e-09, 2.23475e-09, 6.75239e-10, 1.97213e-10, 5.5675e-11, 1.51927e-11, 4.00735e-12, 1.02171e-12, 2.51796e-13, 5.99815e-14, 1.38113e-14, 3.07398e-15, 6.61325e-16, 1.37524e-16, 2.76433e-17, 5.37094e-18, 1.00869e-18, 1.83112e-19, 3.21309e-20, 5.44975e-21, 8.9347e-22, 1.4159e-22, 2.16886e-23, 3.21129e-24, 4.59597e-25, 6.35803e-26, 8.50191e-27, 1.0989e-27, 1.37294e-28, 1.65802e-29, 1.93543e-30, 2.1838e-31, 2.38176e-32, 2.51091e-33, 2.55866e-34, 2.52024e-35, 2.3995e-36, 2.20824e-37, 1.96436e-38, 1.68906e-39, 1.40384e-40, 1.12781e-41, 8.75799e-43, 6.57387e-44, 4.76964e-45, 3.34502e-46, 2.26757e-47, 1.48583e-48, 9.41081e-50, 5.76147e-51, 3.40947e-52, 1.95025e-53, 1.0783e-54, 5.76288e-56, 2.97705e-57, 1.48656e-58, 7.17505e-60, 3.34747e-61, 1.50958e-62, 6.58027e-64, 2.77255e-65, 1.12918e-66, 4.44525e-68, 1.69152e-69, 6.22163e-71, 2.21198e-72, 7.6016e-74, 2.52509e-75, 8.1077e-77, 2.51632e-78, 7.54889e-80, 2.18901e-81, 6.13564e-83, 1.66234e-84, 4.3534e-86, 1.10201e-87, 2.69643e-89, 6.37737e-91, 1.45795e-92, 3.22174e-94, 6.88154e-96, 1.42079e-97, 2.83545e-99, 5.46967e-101, 1.01988e-102, 1.83816e-104, 3.20234e-106, 5.3926e-108, 8.77762e-110, 1.38103e-111, 2.10028e-113, 3.08745e-115, 4.38702e-117, 6.02542e-119, 7.99932e-121, 1.02652e-122, 1.27329e-124, 1.52664e-126, 1.76926e-128, 1.98196e-130, 2.14609e-132, 2.24619e-134, 2.27245e-136, 2.22223e-138, 2.10054e-140, 1.9192e-142, 1.69495e-144
3.95019, 3.95121, 3.95225, 3.9533, 3.95436, 3.95543, 3.95651, 3.95761, 3.95871, 3.95983, 3.96096, 3.9621, 3.96325, 3.96442, 3.9656, 3.96679, 3.96799, 3.9692, 3.97043, 3.97167, 3.97292, 3.97419, 3.97547, 3.97676, 3.97806, 3.97938, 3.98071, 3.98206, 3.98342, 3.98479, 3.98618, 3.98758, 3.98899, 3.99042, 3.99186, 3.99332, 3.99479, 3.99628, 3.99778, 3.9993, 4.00083, 4.00238, 4.00395, 4.00552, 4.00712, 4.00873, 4.01036, 4.012, 4.01366, 4.01533, 4.01702, 4.01873, 4.02046, 4.0222, 4.02396, 4.02574, 4.02753, 4.02935, 4.03118, 4.03303, 4.03489, 4.03678, 4.03868, 4.0406, 4.04254, 4.0445, 4.04648, 4.04848, 4.0505, 4.05254, 4.0546, 4.05668, 4.05878, 4.0609, 4.06304, 4.0652, 4.06738, 4.06959, 4.07181, 4.07406, 4.07633, 4.07862, 4.08094, 4.08328, 4.08564, 4.08802, 4.09043, 4.09286, 4.09532, 4.0978, 4.1003, 4.10283, 4.10538, 4.10796, 4.11057, 4.1132, 4.11585, 4.11854, 4.12125, 4.12398, 4.12675, 4.12954, 4.13236, 4.13521, 4.13808, 4.14099, 4.14392, 4.14688, 4.14988, 4.1529, 4.15595, 4.15904, 4.16215, 4.1653, 4.16848, 4.17169, 4.17493, 4.17821, 4.18152, 4.18486, 4.18824, 4.19165, 4.1951, 4.19858, 4.2021, 4.20565, 4.20924, 4.21287, 4.21654, 4.22024, 4.22398, 4.22776, 4.23158, 4.23544, 4.23934, 4.24329, 4.24727, 4.25129, 4.25536, 4.25947, 4.26363, 4.26783, 4.27207, 4.27636, 4.28069, 4.28507, 4.2895, 4.29398, 4.2985, 4.30307, 4.3077, 4.31237, 4.31709, 4.32187, 4.3267, 4.33158, 4.33652, 4.34151, 4.34656, 4.35166, 4.35682, 4.36204, 4.36731, 4.37265, 4.37804, 4.3835, 4.38902, 4.39461, 4.40025, 4.40597, 4.41174, 4.41759, 4.4235, 4.42949, 4.43554, 4.44166, 4.44786, 4.45413, 4.46047, 4.46689, 4.47339, 4.47997, 4.48662, 4.49336, 4.50018, 4.50708, 4.51407, 4.52114, 4.5283, 4.53555, 4.54289, 4.55032, 4.55785, 4.56547, 4.57319, 4.58101, 4.58893, 4.59695, 4.60507, 4.61331, 4.62165, 4.6301, 4.63866, 4.64733, 4.65612, 4.66503, 4.67407, 4.68322, 4.6925, 4.70191, 4.71144, 4.72111, 4.73092, 4.74086, 4.75095, 4.76117, 4.77155, 4.78207, 4.79275, 4.80358, 4.81458, 4.82573, 4.83705, 4.84854, 4.86021, 4.87205, 4.88407, 4.89628, 4.90868, 4.92127, 4.93406, 4.94705, 4.96025, 4.97366, 4.98729, 5.00114, 5.01522, 5.02954, 5.04409, 5.05889, 5.07394, 5.08925, 5.10482, 5.12067, 5.13679, 5.1532, 5.16991, 5.18691, 5.20423, 5.22186, 5.23983, 5.25813, 5.27677, 5.29577, 5.31515, 5.33489, 5.35503, 5.37557, 5.39652, 5.4179, 5.43972, 5.462, 5.48474, 5.50797, 5.5317, 5.55594, 5.58072, 5.60605, 5.63196, 5.65846, 5.68558, 5.71333, 5.74175, 5.77085, 5.80066, 5.83122, 5.86254, 5.89467, 5.92763, 5.96146, 5.9962, 6.03188, 6.06855, 6.10626, 6.14504, 6.18494, 6.22604, 6.26837, 6.312, 6.357, 6.40344, 6.45139, 6.50094, 6.55217, 6.60518, 6.66007, 6.71695, 6.77595, 6.8372, 6.90085, 6.96704, 7.03596, 7.1078, 7.18277, 7.26111, 7.34307, 7.42895, 7.51908, 7.61383, 7.71362, 7.81892, 7.93029, 8.04838, 8.17392, 8.30779, 8.45106, 8.60501, 8.77117, 8.95146, 9.14822, 9.36428, 9.60304, 9.86842, 10.1647, 10.4962, 10.8666, 11.2778, 11.7288, 12.214, 12.7212, 13.2306, 13.7134, 14.1332, 14.4472, 14.6101, 14.5797, 14.3223, 13.8187, 13.0684, 12.0918, 10.9291, 9.63592, 8.27763, 6.92113, 5.62763, 4.44659, 3.41196, 2.54108, 1.83597, 1.28638, 0.873742, 0.575138, 0.366795, 0.226588, 0.135559, 0.0785267, 0.0440388, 0.0239065, 0.01256, 0.0063852, 0.00314008, 0.00149292, 0.00068527, 0.000302763, 0.000127233, 4.90261e-05, 1.40494e-05, 4.57548e-06, 1.75418e-06, 6.50068e-07, 2.32859e-07, 8.0626e-08, 2.6984e-08, 8.72944e-09, 2.7297e-09, 8.25073e-10, 2.41056e-10, 6.80759e-11, 1.8583e-11, 4.90331e-12, 1.25058e-12, 3.08304e-13, 7.34679e-14, 1.69225e-14, 3.76773e-15, 8.10855e-16, 1.68677e-16, 3.3917e-17, 6.59214e-18, 1.23847e-18, 2.24901e-19, 3.94772e-20, 6.69808e-21, 1.09851e-21, 1.74142e-22, 2.66841e-23, 3.9523e-24, 5.65843e-25, 7.83052e-26, 1.04745e-26, 1.35433e-27, 1.69264e-28, 2.04481e-29, 2.38776e-30, 2.6951e-31, 2.94041e-32, 3.10092e-33, 3.16097e-34, 3.11457e-35, 2.96637e-36, 2.73087e-37, 2.4301e-38, 2.09024e-39, 1.73786e-40, 1.39664e-41, 1.08493e-42, 8.14637e-44, 5.91258e-45, 4.148e-46, 2.81286e-47, 1.84376e-48, 1.16818e-49, 7.15425e-51, 4.23513e-52, 2.42335e-53, 1.34034e-54, 7.16574e-56, 3.70301e-57, 1.84969e-58, 8.93076e-60, 4.16799e-61, 1.88024e-62, 8.19877e-64, 3.45566e-65, 1.40787e-66, 5.54423e-68, 2.11041e-69, 7.76502e-71, 2.76163e-72, 9.49371e-74, 3.15468e-75, 1.01326e-76, 3.14584e-78, 9.44057e-80, 2.73847e-81, 7.67833e-83, 2.081e-84, 5.45164e-86, 1.38048e-87, 3.37892e-89, 7.99422e-91, 1.82819e-92, 4.04124e-94, 8.63486e-96, 1.78338e-97, 3.56025e-99, 6.87012e-101, 1.28143e-102, 2.31034e-104, 4.02627e-106, 6.78232e-108, 1.10434e-109, 1.73809e-111, 2.64417e-113, 3.88826e-115, 5.52674e-117, 7.59328e-119, 1.00841e-120, 1.29448e-122, 1.6062e-124, 1.92641e-126, 2.23331e-128, 2.50262e-130, 2.71075e-132, 2.83812e-134, 2.87224e-136, 2.80968e-138, 2.65669e-140, 2.42813e-142, 2.14512e-144
208.33
176.40
 
MEASUREMENT 4
1.56305, 4.67879, 7.79453, 10.9103, 14.0312, 17.1469, 20.2679, 23.3784, 26.4796, 29.5859, 32.6913, 35.8071, 38.9228, 42.0385, 45.1595, 48.2752, 51.3909, 54.5067, 57.6224, 60.7381, 63.8435, 66.9593, 70.0698, 73.1752, 76.2806, 79.3859, 82.4913, 85.5967, 88.7021, 91.8074, 94.9128, 98.0182, 101.1, 104.148, 107.196, 110.244, 113.292, 116.339, 119.387, 122.435, 125.483, 128.531, 131.574, 134.622, 137.67, 140.718, 143.766, 146.814, 149.861, 152.909, 155.957, 159.005, 162.053, 165.101, 168.149, 171.197, 174.245, 177.293, 180.341, 183.389, 186.436, 189.484, 192.532, 195.58, 198.621, 201.655, 204.688, 207.722, 210.756, 213.794, 216.838, 219.882, 222.926, 225.97, 229.014, 232.058, 235.102, 238.145, 241.189, 244.233, 247.277, 250.321, 253.37, 256.424, 259.478, 262.532, 265.586, 268.64, 271.695, 274.749, 277.803, 280.857, 283.911, 286.97, 290.035, 293.099
3.50275, 3.5165, 3.50885, 3.72047, 3.4993, 3.54493, 3.83765, 3.82878, 3.77298, 3.81721, 3.86654, 3.95736, 3.96255, 4.00914, 4.00452, 4.01431, 4.17214, 4.21131, 4.28455, 4.3264, 3.83005, 4.29214, 4.3082, 4.29532, 4.39145, 4.40372, 4.4299, 4.4223, 4.48205, 4.14393, 4.54983, 3.94613, 4.56948, 4.57381, 4.61703, 4.63653, 4.66211, 4.69821, 4.74184, 4.76427, 4.78247, 4.8381, 4.89983, 4.90696, 4.96768, 5.04307, 5.11993, 5.16603, 5.21175, 5.2667, 5.3771, 5.47047, 5.57489, 5.65016, 5.76529, 6.03887, 6.13198, 6.21848, 6.46508, 6.76721, 7.01082, 7.46104, 7.93077, 8.73301, 11.1345, 12.8011, 14.3558, 13.0802, 6.87806, 1.60044, 0.151901, 0.0188462, -0.040016, -0.0479477, -0.0264757, 0.0010716, -0.0314352, -0.0210662, -0.0603981, -0.0366827, -0.0656183, -0.200713, -0.0572941, -0.0353055, -0.198076, -0.221123, -0.093341, -0.0474552, -0.0212298, -0.0233314, -0.026377, -0.0640201, -0.0533074, -0.0413227, -0.106068, -0.0676012
0.105082, 0.105495, 0.105265, 0.111614, 0.104979, 0.106348, 0.115129, 0.114863, 0.11319, 0.114516, 0.115996, 0.118721, 0.118877, 0.120274, 0.120136, 0.120429, 0.125164, 0.126339, 0.128537, 0.129792, 0.114901, 0.128764, 0.129246, 0.12886, 0.131743, 0.132111, 0.132897, 0.132669, 0.134462, 0.124318, 0.136495, 0.118384, 0.137084, 0.137214, 0.138511, 0.139096, 0.139863, 0.140946, 0.142255, 0.142928, 0.143474, 0.145143, 0.146995, 0.147209, 0.14903, 0.151292, 0.153598, 0.154981, 0.156352, 0.158001, 0.161313, 0.164114, 0.167247, 0.169505, 0.172959, 0.181166, 0.183959, 0.186554, 0.193952, 0.203016, 0.210325, 0.223831, 0.237923, 0.26199, 0.334034, 0.384032, 0.430674, 0.392406, 0.206342, 0.0480133, 0.00455702, 0.000565387, 0.00120048, 0.00143843, 0.00079427, 3.2148e-05, 0.000943056, 0.000631987, 0.00181194, 0.00110048, 0.00196855, 0.00602139, 0.00171882, 0.00105916, 0.00594228, 0.00663368, 0.00280023, 0.00142365, 0.000636894, 0.000699943, 0.000791309, 0.0019206, 0.00159922, 0.00123968, 0.00318204, 0.00202804
0, 0.613815, 1.22763, 1.84144, 2.45526, 3.06907, 3.68289, 4.2967, 4.91052, 5.52433, 6.13815, 6.75196, 7.36578, 7.97959, 8.59341, 9.20722, 9.82104, 10.4349, 11.0487, 11.6625, 12.2763, 12.8901, 13.5039, 14.1177, 14.7316, 15.3454, 15.9592, 16.573, 17.1868, 17.8006, 18.4144, 19.0283, 19.6421, 20.2559, 20.8697, 21.4835, 22.0973, 22.7111, 23.325, 23.9388, 24.5526, 25.1664, 25.7802, 26.394, 27.0078, 27.6217, 28.2355, 28.8493, 29.4631, 30.0769, 30.6907, 31.3046, 31.9184, 32.5322, 33.146, 33.7598, 34.3736, 34.9874, 35.6013, 36.2151, 36.8289, 37.4427, 38.0565, 38.6703, 39.2841, 39.898, 40.5118, 41.1256, 41.7394, 42.3532, 42.967, 43.5808, 44.1947, 44.8085, 45.4223, 46.0361, 46.6499, 47.2637, 47.8775, 48.4914, 49.1052, 49.719, 50.3328, 50.9466, 51.5604, 52.1743, 52.7881, 53.4019, 54.0157, 54.6295, 55.2433, 55.8571, 56.471, 57.0848, 57.6986, 58.3124, 58.9262, 59.54, 60.1538, 60.7677, 61.3815, 61.9953, 62.6091, 63.2229, 63.8367, 64.4505, 65.0644, 65.6782, 66.292, 66.9058, 67.5196, 68.1334, 68.7473, 69.3611, 69.9749, 70.5887, 71.2025, 71.8163, 72.4301, 73.044, 73.6578, 74.2716, 74.8854, 75.4992, 76.113, 76.7268, 77.3407, 77.9545, 78.5683, 79.1821, 79.7959, 80.4097, 81.0235, 81.6374, 82.2512, 82.865, 83.4788, 84.0926, 84.7064, 85.3202, 85.9341, 86.5479, 87.1617, 87.7755, 88.3893, 89.0031, 89.617, 90.2308, 90.8446, 91.4584, 92.0722, 92.686, 93.2998, 93.9137, 94.5275, 95.1413, 95.7551, 96.3689, 96.9827, 97.5965, 98.2104, 98.8242, 99.438, 100.052, 100.666, 101.279, 101.893, 102.507, 103.121, 103.735, 104.349, 104.962, 105.576, 106.19, 106.804, 107.418, 108.031, 108.645, 109.259, 109.873, 110.487, 111.1, 111.714, 112.328, 112.942, 113.556, 114.17, 114.783, 115.397, 116.011, 116.625, 117.239, 117.852, 118.466, 119.08, 119.694, 120.308, 120.922, 121.535, 122.149, 122.763, 123.377, 123.991, 124.604, 125.218, 125.832, 126.446, 127.06, 127.673, 128.287, 128.901, 129.515, 130.129, 130.743, 131.356, 131.97, 132.584, 133.198, 133.812, 134.425, 135.039, 135.653, 136.267, 136.881, 137.495, 138.108, 138.722, 139.336, 139.95, 140.564, 141.177, 141.791, 142.405, 143.019, 143.633, 144.246, 144.86, 145.474, 146.088, 146.702, 147.316, 147.929, 148.543, 149.157, 149.771, 150.385, 150.998, 151.612, 152.226, 152.84, 153.454, 154.068, 154.681, 155.295, 155.909, 156.523, 157.137, 157.75, 158.364, 158.978, 159.592, 160.206, 160.819, 161.433, 162.047, 162.661, 163.275, 163.889, 164.502, 165.116, 165.73, 166.344, 166.958, 167.571, 168.185, 168.799, 169.413, 170.027, 170.64, 171.254, 171.868, 172.482, 173.096, 173.71, 174.323, 174.937, 175.551, 176.165, 176.779, 177.392, 178.006, 178.62, 179.234, 179.848, 180.462, 181.075, 181.689, 182.303, 182.917, 183.531, 184.144, 184.758, 185.372, 185.986, 186.6, 187.213, 187.827, 188.441, 189.055, 189.669, 190.283, 190.896, 191.51, 192.124, 192.738, 193.352, 193.965, 194.579, 195.193, 195.807, 196.421, 197.035, 197.648, 198.262, 198.876, 199.49, 200.104, 200.717, 201.331, 201.945, 202.559, 203.173, 203.786, 204.4, 205.014, 205.628, 206.242, 206.856, 207.469, 208.083, 208.697, 209.311, 209.925, 210.538, 211.152, 211.766, 212.38, 212.994, 213.608, 214.221, 214.835, 215.449, 216.063, 216.677, 217.29, 217.904, 218.518, 219.132, 219.746, 220.359, 220.973, 221.587, 222.201, 222.815, 223.429, 224.042, 224.656, 225.27, 225.884, 226.498, 227.111, 227.725, 228.339, 228.953, 229.567, 230.181, 230.794, 231.408, 232.022, 232.636, 233.25, 233.863, 234.477, 235.091, 235.705, 236.319, 236.932, 237.546, 238.16, 238.774, 239.388, 240.002, 240.615, 241.229, 241.843, 242.457, 243.071, 243.684, 244.298, 244.912, 245.526, 246.14, 246.754, 247.367, 247.981, 248.595, 249.209, 249.823, 250.436, 251.05, 251.664, 252.278, 252.892, 253.505, 254.119, 254.733, 255.347, 255.961, 256.575, 257.188, 257.802, 258.416, 259.03, 259.644, 260.257, 260.871, 261.485, 262.099, 262.713, 263.327, 263.94, 264.554, 265.168, 265.782, 266.396, 267.009, 267.623, 268.237, 268.851, 269.465, 270.078, 270.692, 271.306, 271.92, 272.534, 273.148, 273.761, 274.375, 274.989, 275.603, 276.217, 276.83, 277.444, 278.058, 278.672, 279.286, 279.9, 280.513, 281.127, 281.741, 282.355, 282.969, 283.582, 284.196, 284.81, 285.424, 286.038, 286.651, 287.265, 287.879, 288.493, 289.107, 289.721, 290.334, 290.948, 291.562, 292.176, 292.79, 293.403, 294.017
3.94954, 3.95055, 3.95157, 3.9526, 3.95364, 3.9547, 3.95577, 3.95684, 3.95793, 3.95903, 3.96015, 3.96127, 3.96241, 3.96355, 3.96472, 3.96589, 3.96707, 3.96827, 3.96948, 3.9707, 3.97194, 3.97318, 3.97445, 3.97572, 3.97701, 3.97831, 3.97962, 3.98095, 3.98229, 3.98364, 3.98501, 3.98639, 3.98779, 3.9892, 3.99062, 3.99206, 3.99352, 3.99498, 3.99647, 3.99797, 3.99948, 4.00101, 4.00255, 4.00411, 4.00568, 4.00728, 4.00888, 4.0105, 4.01214, 4.0138, 4.01547, 4.01716, 4.01886, 4.02058, 4.02232, 4.02408, 4.02585, 4.02765, 4.02945, 4.03128, 4.03313, 4.03499, 4.03687, 4.03877, 4.04069, 4.04263, 4.04459, 4.04656, 4.04856, 4.05058, 4.05261, 4.05467, 4.05674, 4.05884, 4.06096, 4.06309, 4.06525, 4.06743, 4.06964, 4.07186, 4.07411, 4.07637, 4.07866, 4.08098, 4.08331, 4.08567, 4.08806, 4.09046, 4.09289, 4.09534, 4.09782, 4.10033, 4.10285, 4.10541, 4.10798, 4.11059, 4.11322, 4.11587, 4.11855, 4.12126, 4.124, 4.12676, 4.12955, 4.13237, 4.13522, 4.1381, 4.141, 4.14393, 4.1469, 4.14989, 4.15291, 4.15597, 4.15905, 4.16217, 4.16532, 4.1685, 4.17171, 4.17495, 4.17823, 4.18154, 4.18489, 4.18827, 4.19168, 4.19513, 4.19861, 4.20213, 4.20569, 4.20928, 4.21292, 4.21658, 4.22029, 4.22404, 4.22782, 4.23165, 4.23551, 4.23941, 4.24336, 4.24735, 4.25138, 4.25545, 4.25957, 4.26373, 4.26793, 4.27218, 4.27647, 4.28081, 4.2852, 4.28964, 4.29412, 4.29865, 4.30323, 4.30786, 4.31255, 4.31728, 4.32206, 4.3269, 4.33179, 4.33674, 4.34174, 4.3468, 4.35191, 4.35708, 4.36231, 4.3676, 4.37294, 4.37835, 4.38382, 4.38936, 4.39495, 4.40062, 4.40634, 4.41214, 4.418, 4.42393, 4.42992, 4.43599, 4.44213, 4.44835, 4.45464, 4.461, 4.46744, 4.47396, 4.48055, 4.48723, 4.49399, 4.50083, 4.50775, 4.51476, 4.52186, 4.52904, 4.53632, 4.54369, 4.55115, 4.5587, 4.56635, 4.5741, 4.58195, 4.5899, 4.59795, 4.60611, 4.61438, 4.62275, 4.63124, 4.63983, 4.64855, 4.65738, 4.66633, 4.6754, 4.6846, 4.69392, 4.70337, 4.71296, 4.72267, 4.73253, 4.74252, 4.75266, 4.76294, 4.77337, 4.78395, 4.79468, 4.80558, 4.81663, 4.82785, 4.83924, 4.85079, 4.86253, 4.87444, 4.88654, 4.89882, 4.9113, 4.92397, 4.93684, 4.94992, 4.96321, 4.97672, 4.99044, 5.00439, 5.01857, 5.03299, 5.04765, 5.06256, 5.07773, 5.09316, 5.10885, 5.12482, 5.14108, 5.15763, 5.17447, 5.19162, 5.20909, 5.22688, 5.24501, 5.26348, 5.2823, 5.30148, 5.32104, 5.34098, 5.36132, 5.38207, 5.40324, 5.42485, 5.44691, 5.46942, 5.49242, 5.51592, 5.53992, 5.56445, 5.58954, 5.61518, 5.64142, 5.66826, 5.69573, 5.72386, 5.75266, 5.78217, 5.81242, 5.84342, 5.87521, 5.90783, 5.94131, 5.97569, 6.011, 6.04728, 6.08458, 6.12295, 6.16244, 6.20309, 6.24496, 6.28813, 6.33264, 6.37857, 6.426, 6.47501, 6.52567, 6.5781, 6.63238, 6.68864, 6.74698, 6.80754, 6.87047, 6.93592, 7.00406, 7.07509, 7.14921, 7.22665, 7.30768, 7.39258, 7.48168, 7.57535, 7.674, 7.7781, 7.88822, 8.00498, 8.12912, 8.26152, 8.40324, 8.55554, 8.71995, 8.89835, 9.093, 9.30661, 9.54236, 9.80379, 10.0946, 10.4181, 10.7769, 11.1712, 11.5982, 12.0499, 12.5123, 12.9639, 13.3756, 13.7116, 13.9319, 13.9959, 13.8675, 13.5205, 12.9431, 12.1408, 11.1356, 9.98299, 8.7374, 7.45215, 6.1878, 4.99783, 3.9238, 2.99256, 2.21596, 1.59244, 1.11014, 0.750514, 0.491899, 0.312478, 0.192349, 0.11471, 0.0662639, 0.037072, 0.0200836, 0.010534, 0.00534821, 0.00262751, 0.00124826, 0.000572555, 0.000252495, 0.000105735, 4.02328e-05, 1.07192e-05, 3.58358e-06, 1.37826e-06, 5.12614e-07, 1.84354e-07, 6.41085e-08, 2.15566e-08, 7.00888e-09, 2.20352e-09, 6.69868e-10, 1.96908e-10, 5.59679e-11, 1.53821e-11, 4.08786e-12, 1.05045e-12, 2.61012e-13, 6.27114e-14, 1.45691e-14, 3.27283e-15, 7.1091e-16, 1.49316e-16, 3.03251e-17, 5.95525e-18, 1.13083e-18, 2.07634e-19, 3.6864e-20, 6.32858e-21, 1.05054e-21, 1.68625e-22, 2.61716e-23, 3.92774e-24, 5.69976e-25, 7.99783e-26, 1.08515e-26, 1.42367e-27, 1.80605e-28, 2.2154e-29, 2.6277e-30, 3.01372e-31, 3.34218e-32, 3.58393e-33, 3.71613e-34, 3.72584e-35, 3.61209e-36, 3.38607e-37, 3.06926e-38, 2.69013e-39, 2.2799e-40, 1.86835e-41, 1.48048e-42, 1.13436e-43, 8.40421e-45, 6.0207e-46, 4.17059e-47, 2.79351e-48, 1.80928e-49, 1.13308e-50, 6.86149e-52, 4.0177e-53, 2.27477e-54, 1.24538e-55, 6.59271e-57, 3.37465e-58, 1.67031e-59, 7.994e-61, 3.69942e-62, 1.65541e-63, 7.16271e-65, 2.99676e-66, 1.21235e-67, 4.74246e-69, 1.79383e-70, 6.56087e-72, 2.32029e-73, 7.93461e-75, 2.62367e-76, 8.3887e-78, 2.59347e-79, 7.75298e-81, 2.24108e-82, 6.26396e-84, 1.69294e-85, 4.42419e-87, 1.11797e-88, 2.73164e-90, 6.45388e-92, 1.47441e-93, 3.25701e-95, 6.95696e-97, 1.43688e-98, 2.86962e-100, 5.54153e-102, 1.03475e-103, 1.86828e-105, 3.26174e-107, 5.50629e-109, 8.98813e-111, 1.41867e-112, 2.16518e-114, 3.19526e-116, 4.55955e-118, 6.29126e-120, 8.39372e-122, 1.08286e-123, 1.3508e-125, 1.62934e-127, 1.90035e-129, 2.14316e-131, 2.33711e-133, 2.46435e-135, 2.51263e-137, 2.47716e-139, 2.36147e-141, 2.17676e-143
3.94954, 3.95056, 3.9516, 3.95265, 3.95372, 3.95479, 3.95587, 3.95697, 3.95808, 3.9592, 3.96033, 3.96147, 3.96263, 3.9638, 3.96497, 3.96617, 3.96737, 3.96859, 3.96982, 3.97106, 3.97231, 3.97358, 3.97486, 3.97616, 3.97746, 3.97878, 3.98012, 3.98146, 3.98283, 3.9842, 3.98559, 3.98699, 3.98841, 3.98984, 3.99129, 3.99275, 3.99422, 3.99571, 3.99722, 3.99874, 4.00027, 4.00182, 4.00339, 4.00497, 4.00657, 4.00818, 4.00981, 4.01146, 4.01312, 4.01479, 4.01649, 4.0182, 4.01993, 4.02168, 4.02344, 4.02522, 4.02702, 4.02883, 4.03067, 4.03252, 4.03439, 4.03627, 4.03818, 4.04011, 4.04205, 4.04402, 4.046, 4.048, 4.05002, 4.05206, 4.05413, 4.05621, 4.05831, 4.06044, 4.06258, 4.06474, 4.06693, 4.06914, 4.07137, 4.07362, 4.0759, 4.07819, 4.08051, 4.08285, 4.08522, 4.0876, 4.09002, 4.09245, 4.09491, 4.0974, 4.0999, 4.10244, 4.10499, 4.10758, 4.11019, 4.11282, 4.11548, 4.11817, 4.12089, 4.12363, 4.1264, 4.12919, 4.13202, 4.13487, 4.13775, 4.14066, 4.1436, 4.14656, 4.14956, 4.15259, 4.15565, 4.15874, 4.16186, 4.16501, 4.1682, 4.17141, 4.17466, 4.17794, 4.18126, 4.18461, 4.18799, 4.19141, 4.19486, 4.19835, 4.20187, 4.20543, 4.20903, 4.21267, 4.21634, 4.22005, 4.2238, 4.22758, 4.23141, 4.23528, 4.23919, 4.24313, 4.24713, 4.25116, 4.25523, 4.25935, 4.26351, 4.26772, 4.27197, 4.27627, 4.28061, 4.285, 4.28943, 4.29392, 4.29845, 4.30303, 4.30766, 4.31235, 4.31708, 4.32186, 4.3267, 4.33159, 4.33654, 4.34154, 4.3466, 4.35171, 4.35688, 4.3621, 4.36739, 4.37274, 4.37814, 4.38361, 4.38914, 4.39474, 4.4004, 4.40612, 4.41191, 4.41777, 4.42369, 4.42969, 4.43575, 4.44189, 4.4481, 4.45438, 4.46074, 4.46717, 4.47368, 4.48027, 4.48694, 4.49369, 4.50053, 4.50744, 4.51444, 4.52153, 4.52871, 4.53597, 4.54333, 4.55078, 4.55832, 4.56596, 4.5737, 4.58153, 4.58947, 4.59751, 4.60565, 4.6139, 4.62226, 4.63073, 4.63931, 4.64801, 4.65682, 4.66575, 4.67481, 4.68398, 4.69328, 4.70271, 4.71227, 4.72197, 4.7318, 4.74176, 4.75187, 4.76213, 4.77253, 4.78308, 4.79378, 4.80465, 4.81567, 4.82685, 4.8382, 4.84972, 4.86142, 4.87329, 4.88535, 4.89759, 4.91002, 4.92265, 4.93547, 4.9485, 4.96174, 4.97519, 4.98886, 5.00275, 5.01687, 5.03123, 5.04583, 5.06067, 5.07577, 5.09113, 5.10675, 5.12264, 5.13882, 5.15528, 5.17204, 5.1891, 5.20647, 5.22417, 5.24219, 5.26055, 5.27926, 5.29833, 5.31777, 5.33759, 5.3578, 5.37841, 5.39944, 5.4209, 5.44281, 5.46516, 5.488, 5.51131, 5.53514, 5.55948, 5.58436, 5.6098, 5.63581, 5.66243, 5.68966, 5.71753, 5.74607, 5.77531, 5.80526, 5.83595, 5.86743, 5.89971, 5.93283, 5.96683, 6.00174, 6.0376, 6.07446, 6.11236, 6.15135, 6.19148, 6.2328, 6.27538, 6.31926, 6.36453, 6.41125, 6.4595, 6.50936, 6.56092, 6.61429, 6.66955, 6.72683, 6.78626, 6.84796, 6.91208, 6.97879, 7.04826, 7.1207, 7.19631, 7.27533, 7.35804, 7.44473, 7.53574, 7.63146, 7.7323, 7.83877, 7.95144, 8.07097, 8.19812, 8.33383, 8.47919, 8.63553, 8.80447, 8.98802, 9.1886, 9.40917, 9.65322, 9.92471, 10.2279, 10.567, 10.9451, 11.3637, 11.8207, 12.309, 12.815, 13.317, 13.785, 14.1814, 14.4632, 14.5863, 14.5103, 14.2049, 13.6547, 12.8634, 11.8549, 10.6721, 9.37196, 8.01952, 6.67999, 5.4119, 4.26145, 3.25937, 2.42018, 1.74383, 1.21881, 0.826031, 0.542698, 0.345551, 0.213188, 0.127416, 0.0737601, 0.0413511, 0.0224468, 0.0117966, 0.00600082, 0.00295379, 0.00140605, 0.00064631, 0.00028595, 0.000120256, 4.6216e-05, 1.28433e-05, 4.3663e-06, 1.68003e-06, 6.25065e-07, 2.24872e-07, 7.8225e-08, 2.63123e-08, 8.55804e-09, 2.69148e-09, 8.18485e-10, 2.40676e-10, 6.84314e-11, 1.8814e-11, 5.00159e-12, 1.28569e-12, 3.19572e-13, 7.68072e-14, 1.785e-14, 4.0112e-15, 8.71592e-16, 1.83128e-16, 3.72046e-17, 7.30873e-18, 1.38832e-18, 2.54998e-19, 4.52884e-20, 7.77748e-21, 1.2915e-21, 2.07371e-22, 3.21963e-23, 4.83355e-24, 7.0166e-25, 9.84895e-26, 1.33676e-26, 1.75437e-27, 2.22633e-28, 2.73187e-29, 3.24139e-30, 3.71881e-31, 4.12553e-32, 4.42544e-33, 4.59023e-34, 4.60378e-35, 4.46474e-36, 4.18678e-37, 3.79634e-38, 3.32852e-39, 2.82189e-40, 2.31329e-41, 1.83367e-42, 1.40545e-43, 1.04162e-44, 7.46457e-46, 5.17252e-47, 3.46578e-48, 2.24544e-49, 1.40671e-50, 8.52134e-52, 4.99129e-53, 2.82696e-54, 1.5482e-55, 8.19856e-57, 4.19806e-58, 2.07855e-59, 9.95118e-61, 4.6067e-62, 2.06208e-63, 8.92533e-65, 3.73546e-66, 1.5117e-67, 5.91543e-69, 2.23825e-70, 8.18906e-72, 2.89708e-73, 9.91031e-75, 3.27805e-76, 1.04845e-77, 3.24248e-79, 9.69637e-81, 2.80377e-82, 7.8393e-84, 2.1194e-85, 5.54052e-87, 1.40052e-88, 3.42317e-90, 8.09038e-92, 1.84889e-93, 4.08558e-95, 8.72967e-97, 1.80361e-98, 3.60321e-100, 6.96044e-102, 1.30013e-103, 2.3482e-105, 4.10096e-107, 6.92528e-109, 1.13081e-110, 1.78543e-112, 2.72583e-114, 4.02397e-116, 5.74396e-118, 7.92809e-120, 1.0581e-121, 1.36549e-123, 1.70391e-125, 2.05593e-127, 2.39868e-129, 2.70604e-131, 2.95188e-133, 3.11361e-135, 3.17563e-137, 3.13182e-139, 2.98651e-141, 2.7538e-143
208.21
176.34
 
MEASUREMENT 5
1.56305, 4.67879, 7.79453, 10.9103, 14.0312, 17.1469, 20.2679, 23.3784, 26.4796, 29.5859, 32.6913, 35.8071, 38.9228, 42.0385, 45.1595, 48.2752, 51.3909, 54.5067, 57.6224, 60.7381, 63.8435, 66.9593, 70.0698, 73.1752, 76.2806, 79.3859, 82.4913, 85.5967, 88.7021, 91.8074, 94.9128, 98.0182, 101.1, 104.148, 107.196, 110.244, 113.292, 116.339, 119.387, 122.435, 125.483, 128.531, 131.574, 134.622, 137.67, 140.718, 143.766, 146.814, 149.861, 152.909, 155.957, 159.005, 162.053, 165.101, 168.149, 171.197, 174.245, 177.293, 180.341, 183.389, 186.436, 189.484, 192.532, 195.58, 198.621, 201.655, 204.688, 207.722, 210.756, 213.794, 216.838, 219.882, 222.926, 225.97, 229.014, 232.058, 235.102, 238.145, 241.189, 244.233, 247.277, 250.321, 253.37, 256.424, 259.478, 262.532, 265.586, 268.64, 271.695, 274.749, 277.803, 280.857, 283.911, 286.97, 290.035, 293.099
3.4973, 3.51345, 3.50403, 3.71418, 3.49696, 3.54488, 3.83291, 3.82978, 3.77095, 3.81491, 3.86338, 3.9546, 3.96067, 4.00212, 4.0034, 4.01408, 4.17091, 4.20706, 4.28311, 4.3285, 3.82366, 4.28689, 4.30623, 4.2966, 4.38587, 4.39999, 4.427, 4.42185, 4.47642, 4.12892, 4.54882, 3.94143, 4.5717, 4.57397, 4.61331, 4.63434, 4.65839, 4.69988, 4.73884, 4.76179, 4.78261, 4.8349, 4.89694, 4.90673, 4.96624, 5.04007, 5.1183, 5.16031, 5.2115, 5.26544, 5.37356, 5.46327, 5.57271, 5.65442, 5.76413, 6.04053, 6.12871, 6.21821, 6.45853, 6.76179, 6.99571, 7.46048, 7.90659, 8.77061, 11.1472, 12.7714, 14.3495, 13.0698, 6.83911, 1.57756, 0.143459, 0.0156258, -0.0395799, -0.0483092, -0.0294786, -0.000150897, -0.0284344, -0.0281957, -0.0546371, -0.0332872, -0.0668877, -0.174356, -0.0567702, -0.0344867, -0.168642, -0.192756, -0.0840983, -0.0448615, -0.0211496, -0.0217049, -0.0266177, -0.0563279, -0.0524249, -0.0395957, -0.0980696, -0.0701911
0.104919, 0.105403, 0.105121, 0.111425, 0.104909, 0.106346, 0.114987, 0.114893, 0.113128, 0.114447, 0.115902, 0.118638, 0.11882, 0.120064, 0.120102, 0.120422, 0.125127, 0.126212, 0.128493, 0.129855, 0.11471, 0.128607, 0.129187, 0.128898, 0.131576, 0.132, 0.13281, 0.132656, 0.134293, 0.123868, 0.136465, 0.118243, 0.137151, 0.137219, 0.138399, 0.13903, 0.139752, 0.140996, 0.142165, 0.142854, 0.143478, 0.145047, 0.146908, 0.147202, 0.148987, 0.151202, 0.153549, 0.154809, 0.156345, 0.157963, 0.161207, 0.163898, 0.167181, 0.169632, 0.172924, 0.181216, 0.183861, 0.186546, 0.193756, 0.202854, 0.209871, 0.223814, 0.237198, 0.263118, 0.334416, 0.383143, 0.430486, 0.392095, 0.205173, 0.0473268, 0.00430378, 0.000468774, 0.0011874, 0.00144928, 0.000884357, 4.52692e-06, 0.000853032, 0.000845871, 0.00163911, 0.000998615, 0.00200663, 0.00523068, 0.00170311, 0.0010346, 0.00505925, 0.00578269, 0.00252295, 0.00134584, 0.000634487, 0.000651146, 0.000798531, 0.00168984, 0.00157275, 0.00118787, 0.00294209, 0.00210573
0, 0.613815, 1.22763, 1.84144, 2.45526, 3.06907, 3.68289, 4.2967, 4.91052, 5.52433, 6.13815, 6.75196, 7.36578, 7.97959, 8.59341, 9.20722, 9.82104, 10.4349, 11.0487, 11.6625, 12.2763, 12.8901, 13.5039, 14.1177, 14.7316, 15.3454, 15.9592, 16.573, 17.1868, 17.8006, 18.4144, 19.0283, 19.6421, 20.2559, 20.8697, 21.4835, 22.0973, 22.7111, 23.325, 23.9388, 24.5526, 25.1664, 25.7802, 26.394, 27.0078, 27.6217, 28.2355, 28.8493, 29.4631, 30.0769, 30.6907, 31.3046, 31.9184, 32.5322, 33.146, 33.7598, 34.3736, 34.9874, 35.6013, 36.2151, 36.8289, 37.4427, 38.0565, 38.6703, 39.2841, 39.898, 40.5118, 41.1256, 41.7394, 42.3532, 42.967, 43.5808, 44.1947, 44.8085, 45.4223, 46.0361, 46.6499, 47.2637, 47.8775, 48.4914, 49.1052, 49.719, 50.3328, 50.9466, 51.5604, 52.1743, 52.7881, 53.4019, 54.0157, 54.6295, 55.2433, 55.8571, 56.471, 57.0848, 57.6986, 58.3124, 58.9262, 59.54, 60.1538, 60.7677, 61.3815, 61.9953, 62.6091, 63.2229, 63.8367, 64.4505, 65.0644, 65.6782, 66.292, 66.9058, 67.5196, 68.1334, 68.7473, 69.3611, 69.9749, 70.5887, 71.2025, 71.8163, 72.4301, 73.044, 73.6578, 74.2716, 74.8854, 75.4992, 76.113, 76.7268, 77.3407, 77.9545, 78.5683, 79.1821, 79.7959, 80.4097, 81.0235, 81.6374, 82.2512, 82.865, 83.4788, 84.0926, 84.7064, 85.3202, 85.9341, 86.5479, 87.1617, 87.7755, 88.3893, 89.0031, 89.617, 90.2308, 90.8446, 91.4584, 92.0722, 92.686, 93.2998, 93.9137, 94.5275, 95.1413, 95.7551, 96.3689, 96.9827, 97.5965, 98.2104, 98.8242, 99.438, 100.052, 100.666, 101.279, 101.893, 102.507, 103.121, 103.735, 104.349, 104.962, 105.576, 106.19, 106.804, 107.418, 108.031, 108.645, 109.259, 109.873, 110.487, 111.1, 111.714, 112.328, 112.942, 113.556, 114.17, 114.783, 115.397, 116.011, 116.625, 117.239, 117.852, 118.466, 119.08, 119.694, 120.308, 120.922, 121.535, 122.149, 122.763, 123.377, 123.991, 124.604, 125.218, 125.832, 126.446, 127.06, 127.673, 128.287, 128.901, 129.515, 130.129, 130.743, 131.356, 131.97, 132.584, 133.198, 133.812, 134.425, 135.039, 135.653, 136.267, 136.881, 137.495, 138.108, 138.722, 139.336, 139.95, 140.564, 141.177, 141.791, 142.405, 143.019, 143.633, 144.246, 144.86, 145.474, 146.088, 146.702, 147.316, 147.929, 148.543, 149.157, 149.771, 150.385, 150.998, 151.612, 152.226, 152.84, 153.454, 154.068, 154.681, 155.295, 155.909, 156.523, 157.137, 157.75, 158.364, 158.978, 159.592, 160.206, 160.819, 161.433, 162.047, 162.661, 163.275, 163.889, 164.502, 165.116, 165.73, 166.344, 166.958, 167.571, 168.185, 168.799, 169.413, 170.027, 170.64, 171.254, 171.868, 172.482, 173.096, 173.71, 174.323, 174.937, 175.551, 176.165, 176.779, 177.392, 178.006, 178.62, 179.234, 179.848, 180.462, 181.075, 181.689, 182.303, 182.917, 183.531, 184.144, 184.758, 185.372, 185.986, 186.6, 187.213, 187.827, 188.441, 189.055, 189.669, 190.283, 190.896, 191.51, 192.124, 192.738, 193.352, 193.965, 194.579, 195.193, 195.807, 196.421, 197.035, 197.648, 198.262, 198.876, 199.49, 200.104, 200.717, 201.331, 201.945, 202.559, 203.173, 203.786, 204.4, 205.014, 205.628, 206.242, 206.856, 207.469, 208.083, 208.697, 209.311, 209.925, 210.538, 211.152, 211.766, 212.38, 212.994, 213.608, 214.221, 214.835, 215.449, 216.063, 216.677, 217.29, 217.904, 218.518, 219.132, 219.746, 220.359, 220.973, 221.587, 222.201, 222.815, 223.429, 224.042, 224.656, 225.27, 225.884, 226.498, 227.111, 227.725, 228.339, 228.953, 229.567, 230.181, 230.794, 231.408, 232.022, 232.636, 233.25, 233.863, 234.477, 235.091, 235.705, 236.319, 236.932, 237.546, 238.16, 238.774, 239.388, 240.002, 240.615, 241.229, 241.843, 242.457, 243.071, 243.684, 244.298, 244.912, 245.526, 246.14, 246.754, 247.367, 247.981, 248.595, 249.209, 249.823, 250.436, 251.05, 251.664, 252.278, 252.892, 253.505, 254.119, 254.733, 255.347, 255.961, 256.575, 257.188, 257.802, 258.416, 259.03, 259.644, 260.257, 260.871, 261.485, 262.099, 262.713, 263.327, 263.94, 264.554, 265.168, 265.782, 266.396, 267.009, 267.623, 268.237, 268.851, 269.465, 270.078, 270.692, 271.306, 271.92, 272.534, 273.148, 273.761, 274.375, 274.989, 275.603, 276.217, 276.83, 277.444, 278.058, 278.672, 279.286, 279.9, 280.513, 281.127, 281.741, 282.355, 282.969, 283.582, 284.196, 284.81, 285.424, 286.038, 286.651, 287.265, 287.879, 288.493, 289.107, 289.721, 290.334, 290.948, 291.562, 292.176, 292.79, 293.403, 294.017
3.94762, 3.94863, 3.94965, 3.95068, 3.95172, 3.95277, 3.95384, 3.95492, 3.956, 3.9571, 3.95822, 3.95934, 3.96047, 3.96162, 3.96278, 3.96395, 3.96513, 3.96633, 3.96754, 3.96876, 3.96999, 3.97124, 3.9725, 3.97377, 3.97506, 3.97636, 3.97767, 3.97899, 3.98033, 3.98169, 3.98305, 3.98443, 3.98583, 3.98724, 3.98866, 3.9901, 3.99155, 3.99302, 3.9945, 3.996, 3.99751, 3.99903, 4.00058, 4.00213, 4.00371, 4.0053, 4.0069, 4.00852, 4.01016, 4.01181, 4.01348, 4.01517, 4.01687, 4.01859, 4.02033, 4.02208, 4.02385, 4.02564, 4.02745, 4.02928, 4.03112, 4.03298, 4.03486, 4.03676, 4.03868, 4.04061, 4.04257, 4.04454, 4.04654, 4.04855, 4.05058, 4.05264, 4.05471, 4.05681, 4.05892, 4.06106, 4.06321, 4.06539, 4.06759, 4.06981, 4.07206, 4.07432, 4.07661, 4.07892, 4.08125, 4.08361, 4.08599, 4.08839, 4.09082, 4.09327, 4.09575, 4.09825, 4.10077, 4.10332, 4.1059, 4.1085, 4.11113, 4.11378, 4.11646, 4.11916, 4.1219, 4.12466, 4.12745, 4.13026, 4.13311, 4.13598, 4.13888, 4.14181, 4.14477, 4.14776, 4.15078, 4.15383, 4.15691, 4.16003, 4.16317, 4.16635, 4.16956, 4.1728, 4.17607, 4.17938, 4.18272, 4.1861, 4.18951, 4.19295, 4.19643, 4.19995, 4.2035, 4.20709, 4.21072, 4.21438, 4.21809, 4.22183, 4.22561, 4.22943, 4.23329, 4.23719, 4.24113, 4.24511, 4.24914, 4.25321, 4.25732, 4.26147, 4.26567, 4.26992, 4.27421, 4.27854, 4.28293, 4.28736, 4.29183, 4.29636, 4.30094, 4.30556, 4.31024, 4.31497, 4.31975, 4.32458, 4.32946, 4.3344, 4.3394, 4.34445, 4.34956, 4.35472, 4.35995, 4.36523, 4.37057, 4.37597, 4.38144, 4.38696, 4.39255, 4.39821, 4.40393, 4.40971, 4.41557, 4.42149, 4.42748, 4.43355, 4.43968, 4.44589, 4.45217, 4.45852, 4.46495, 4.47146, 4.47805, 4.48472, 4.49147, 4.4983, 4.50522, 4.51222, 4.51931, 4.52648, 4.53375, 4.54111, 4.54856, 4.5561, 4.56375, 4.57148, 4.57932, 4.58726, 4.59531, 4.60345, 4.61171, 4.62007, 4.62855, 4.63713, 4.64584, 4.65466, 4.66359, 4.67265, 4.68184, 4.69115, 4.70059, 4.71016, 4.71986, 4.7297, 4.73968, 4.74981, 4.76007, 4.77049, 4.78105, 4.79178, 4.80265, 4.81369, 4.82489, 4.83627, 4.84781, 4.85952, 4.87142, 4.8835, 4.89577, 4.90822, 4.92088, 4.93373, 4.94679, 4.96006, 4.97354, 4.98725, 5.00118, 5.01534, 5.02973, 5.04437, 5.05926, 5.0744, 5.0898, 5.10547, 5.12142, 5.13765, 5.15417, 5.17099, 5.18811, 5.20555, 5.22331, 5.2414, 5.25984, 5.27863, 5.29778, 5.3173, 5.33721, 5.35751, 5.37823, 5.39936, 5.42092, 5.44294, 5.46542, 5.48837, 5.51182, 5.53577, 5.56026, 5.58529, 5.61089, 5.63707, 5.66385, 5.69127, 5.71933, 5.74808, 5.77752, 5.8077, 5.83863, 5.87035, 5.9029, 5.9363, 5.97059, 6.00581, 6.04201, 6.07922, 6.11749, 6.15687, 6.19741, 6.23917, 6.28222, 6.3266, 6.3724, 6.41969, 6.46855, 6.51906, 6.57132, 6.62542, 6.68149, 6.73963, 6.79998, 6.86268, 6.92788, 6.99576, 7.0665, 7.14031, 7.21742, 7.29808, 7.38258, 7.47125, 7.56443, 7.66255, 7.76606, 7.87551, 7.99151, 8.1148, 8.24621, 8.38678, 8.53774, 8.70057, 8.87709, 9.06952, 9.28053, 9.5133, 9.77143, 10.0588, 10.3791, 10.7354, 11.1287, 11.557, 12.0134, 12.4848, 12.9503, 13.3808, 13.74, 13.9861, 14.0762, 13.9716, 13.6429, 13.0758, 12.2746, 11.261, 10.0898, 8.82054, 7.50852, 6.21748, 5.00374, 3.91082, 2.96659, 2.18284, 1.55725, 1.07668, 0.721202, 0.467881, 0.293906, 0.17872, 0.105182, 0.0599013, 0.0330052, 0.0175918, 0.00906862, 0.00452037, 0.00217787, 0.0010133, 0.000454324, 0.000195134, 7.87988e-05, 2.77589e-05, 6.60186e-06, 2.55699e-06, 9.56757e-07, 3.45801e-07, 1.20726e-07, 4.07128e-08, 1.32621e-08, 4.17296e-09, 1.26832e-09, 3.72363e-10, 1.05598e-10, 2.89265e-11, 7.65401e-12, 1.95629e-12, 4.82982e-13, 1.15181e-13, 2.65326e-14, 5.90382e-15, 1.26893e-15, 2.63448e-16, 5.28328e-17, 1.02344e-17, 1.91503e-18, 3.46131e-19, 6.04307e-20, 1.01912e-20, 1.66014e-21, 2.61227e-22, 3.97046e-23, 5.8293e-24, 8.26693e-25, 1.13246e-25, 1.49849e-26, 1.9153e-27, 2.36468e-28, 2.82006e-29, 3.2486e-30, 3.61482e-31, 3.88533e-32, 4.03387e-33, 4.04545e-34, 3.91889e-35, 3.66701e-36, 3.31446e-37, 2.89377e-38, 2.44044e-39, 1.98803e-40, 1.56434e-41, 1.18902e-42, 8.72969e-44, 6.191e-45, 4.24106e-46, 2.80633e-47, 1.79372e-48, 1.10745e-49, 6.60456e-51, 3.80465e-52, 2.11708e-53, 1.13792e-54, 5.90797e-56, 2.96289e-57, 1.43531e-58, 6.71622e-60, 3.03568e-61, 1.32538e-62, 5.58952e-64, 2.27699e-65, 8.9598e-67, 3.40555e-68, 1.25034e-69, 4.43424e-71, 1.51902e-72, 5.0264e-74, 1.60658e-75, 4.96021e-77, 1.47927e-78, 4.26136e-80, 1.18577e-81, 3.18715e-83, 8.27478e-85, 2.07521e-86, 5.0271e-88, 1.17632e-89, 2.65879e-91, 5.80489e-93, 1.22421e-94, 2.49384e-96, 4.90717e-98, 9.32709e-100, 1.71243e-101, 3.03689e-103, 5.20233e-105, 8.6083e-107, 1.3759e-108, 2.12427e-110, 3.16798e-112, 4.56359e-114, 6.35011e-116, 8.53508e-118, 1.10811e-119, 1.38967e-121, 1.68342e-123, 1.9698e-125, 2.2264e-127, 2.43072e-129, 2.56341e-131, 2.61127e-133, 2.56944e-135, 2.44216e-137, 2.24213e-139, 1.98838e-141, 1.70329e-143, 1.40938e-145, 1.12646e-147
3.94762, 3.94864, 3.94968, 3.95073, 3.95179, 3.95287, 3.95395, 3.95504, 3.95615, 3.95727, 3.9584, 3.95954, 3.9607, 3.96186, 3.96304, 3.96423, 3.96543, 3.96665, 3.96788, 3.96912, 3.97037, 3.97164, 3.97292, 3.97421, 3.97551, 3.97683, 3.97817, 3.97951, 3.98087, 3.98225, 3.98363, 3.98503, 3.98645, 3.98788, 3.98932, 3.99078, 3.99226, 3.99374, 3.99525, 3.99677, 3.9983, 3.99985, 4.00141, 4.00299, 4.00459, 4.0062, 4.00783, 4.00947, 4.01113, 4.01281, 4.0145, 4.01621, 4.01794, 4.01968, 4.02144, 4.02322, 4.02502, 4.02683, 4.02866, 4.03051, 4.03238, 4.03427, 4.03617, 4.03809, 4.04004, 4.042, 4.04398, 4.04598, 4.048, 4.05004, 4.0521, 4.05418, 4.05628, 4.0584, 4.06054, 4.06271, 4.06489, 4.0671, 4.06932, 4.07157, 4.07384, 4.07614, 4.07845, 4.08079, 4.08316, 4.08554, 4.08795, 4.09038, 4.09284, 4.09532, 4.09783, 4.10036, 4.10291, 4.10549, 4.1081, 4.11073, 4.11339, 4.11608, 4.11879, 4.12153, 4.12429, 4.12709, 4.12991, 4.13276, 4.13563, 4.13854, 4.14148, 4.14444, 4.14743, 4.15046, 4.15352, 4.1566, 4.15972, 4.16287, 4.16605, 4.16926, 4.17251, 4.17578, 4.1791, 4.18244, 4.18582, 4.18924, 4.19269, 4.19617, 4.19969, 4.20325, 4.20684, 4.21047, 4.21414, 4.21784, 4.22159, 4.22537, 4.2292, 4.23306, 4.23696, 4.24091, 4.24489, 4.24892, 4.25299, 4.2571, 4.26126, 4.26546, 4.26971, 4.274, 4.27834, 4.28272, 4.28715, 4.29163, 4.29616, 4.30074, 4.30536, 4.31004, 4.31477, 4.31955, 4.32438, 4.32927, 4.33421, 4.3392, 4.34425, 4.34936, 4.35452, 4.35974, 4.36502, 4.37037, 4.37577, 4.38123, 4.38675, 4.39234, 4.39799, 4.40371, 4.40949, 4.41534, 4.42126, 4.42725, 4.43331, 4.43944, 4.44564, 4.45191, 4.45826, 4.46469, 4.47119, 4.47777, 4.48444, 4.49118, 4.498, 4.50491, 4.5119, 4.51898, 4.52615, 4.53341, 4.54075, 4.54819, 4.55573, 4.56336, 4.57109, 4.57891, 4.58684, 4.59487, 4.603, 4.61124, 4.61959, 4.62805, 4.63662, 4.6453, 4.6541, 4.66302, 4.67206, 4.68123, 4.69052, 4.69993, 4.70948, 4.71916, 4.72898, 4.73893, 4.74903, 4.75927, 4.76966, 4.78019, 4.79088, 4.80173, 4.81273, 4.8239, 4.83524, 4.84674, 4.85842, 4.87028, 4.88232, 4.89454, 4.90695, 4.91956, 4.93237, 4.94538, 4.9586, 4.97203, 4.98568, 4.99955, 5.01365, 5.02798, 5.04256, 5.05738, 5.07245, 5.08778, 5.10338, 5.11925, 5.1354, 5.15183, 5.16857, 5.1856, 5.20294, 5.22061, 5.2386, 5.25693, 5.27561, 5.29465, 5.31405, 5.33383, 5.35401, 5.37458, 5.39558, 5.417, 5.43886, 5.46117, 5.48396, 5.50724, 5.53101, 5.55531, 5.58014, 5.60553, 5.63149, 5.65805, 5.68522, 5.71304, 5.74152, 5.77069, 5.80057, 5.8312, 5.8626, 5.89481, 5.92785, 5.96177, 5.9966, 6.03238, 6.06914, 6.10695, 6.14584, 6.18586, 6.22707, 6.26953, 6.31329, 6.35843, 6.40502, 6.45312, 6.50283, 6.55424, 6.60743, 6.66251, 6.7196, 6.77882, 6.8403, 6.90419, 6.97065, 7.03985, 7.11199, 7.18728, 7.26596, 7.34829, 7.43458, 7.52514, 7.62035, 7.72065, 7.82651, 7.93848, 8.05723, 8.1835, 8.31818, 8.46234, 8.61728, 8.78456, 8.96612, 9.16434, 9.38211, 9.6229, 9.89075, 10.1901, 10.5253, 10.9003, 11.3171, 11.7747, 12.2671, 12.7817, 13.2976, 13.785, 14.2056, 14.515, 14.6664, 14.6167, 14.332, 13.7943, 13.0055, 11.9889, 10.7886, 9.46396, 8.08317, 6.71497, 5.42101, 4.24974, 3.23307, 2.38561, 1.70652, 1.18298, 0.794409, 0.516636, 0.3253, 0.198264, 0.116944, 0.0667434, 0.0368523, 0.0196824, 0.0101666, 0.0050776, 0.00245114, 0.00114278, 0.000513565, 0.000221371, 8.98829e-05, 3.21411e-05, 8.06031e-06, 3.11662e-06, 1.16656e-06, 4.21779e-07, 1.47304e-07, 4.96929e-08, 1.6193e-08, 5.09698e-09, 1.54971e-09, 4.55134e-10, 1.29116e-10, 3.53813e-11, 9.36524e-12, 2.39451e-12, 5.91378e-13, 1.4108e-13, 3.25102e-14, 7.23644e-15, 1.5559e-15, 3.2314e-16, 6.48264e-17, 1.25622e-17, 2.35142e-18, 4.25154e-19, 7.42531e-20, 1.25266e-20, 2.0413e-21, 3.21315e-22, 4.88548e-23, 7.17521e-24, 1.01792e-24, 1.39491e-25, 1.84641e-26, 2.36082e-27, 2.91574e-28, 3.47847e-29, 4.00846e-30, 4.4619e-31, 4.79748e-32, 4.98262e-33, 4.99867e-34, 4.84399e-35, 4.53423e-36, 4.09973e-37, 3.58062e-38, 3.02074e-39, 2.46161e-40, 1.93766e-41, 1.47329e-42, 1.08205e-43, 7.67647e-45, 5.26049e-46, 3.48211e-47, 2.22643e-48, 1.37508e-49, 8.20349e-51, 4.72738e-52, 2.63144e-53, 1.41488e-54, 7.34843e-56, 3.68657e-57, 1.78649e-58, 8.36241e-60, 3.78106e-61, 1.65138e-62, 6.96677e-64, 2.83901e-65, 1.11752e-66, 4.24906e-68, 1.56057e-69, 5.53635e-71, 1.89721e-72, 6.28e-74, 2.00796e-75, 6.20156e-77, 1.85011e-78, 5.33147e-80, 1.48404e-81, 3.99023e-83, 1.03634e-84, 2.59988e-86, 6.30025e-88, 1.47473e-89, 3.33442e-91, 7.28247e-93, 1.53634e-94, 3.13074e-96, 6.16252e-98, 1.17171e-99, 2.15196e-101, 3.81767e-103, 6.54205e-105, 1.08288e-106, 1.7314e-108, 2.67403e-110, 3.98919e-112, 5.74851e-114, 8.0016e-116, 1.07584e-117, 1.39724e-119, 1.75285e-121, 2.12408e-123, 2.48626e-125, 2.81108e-127, 3.07009e-129, 3.23876e-131, 3.30033e-133, 3.24854e-135, 3.08865e-137, 2.83661e-139, 2.51642e-141, 2.15633e-143, 1.78484e-145, 1.42703e-147
208.24
176.36
 
MEASUREMENT 6
1.56305, 4.67879, 7.79453, 10.9103, 14.0312, 17.1469, 20.2679, 23.3784, 26.4796, 29.5859, 32.6913, 35.8071, 38.9228, 42.0385, 45.1595, 48.2752, 51.3909, 54.5067, 57.6224, 60.7381, 63.8435, 66.9593, 70.0698, 73.1752, 76.2806, 79.3859, 82.4913, 85.5967, 88.7021, 91.8074, 94.9128, 98.0182, 101.1, 104.148, 107.196, 110.244, 113.292, 116.339, 119.387, 122.435, 125.483, 128.531, 131.574, 134.622, 137.67, 140.718, 143.766, 146.814, 149.861, 152.909, 155.957, 159.005, 162.053, 165.101, 168.149, 171.197, 174.245, 177.293, 180.341, 183.389, 186.436, 189.484, 192.532, 195.58, 198.621, 201.655, 204.688, 207.722, 210.756, 213.794, 216.838, 219.882, 222.926, 225.97, 229.014, 232.058, 235.102, 238.145, 241.189, 244.233, 247.277, 250.321, 253.37, 256.424, 259.478, 262.532, 265.586, 268.64, 271.695, 274.749, 277.803, 280.857, 283.911, 286.97, 290.035, 293.099
3.49467, 3.51209, 3.50207, 3.72066, 3.49211, 3.54001, 3.82897, 3.82584, 3.76997, 3.81377, 3.86509, 3.95333, 3.95809, 3.99995, 4.00024, 4.00715, 4.16789, 4.20467, 4.28, 4.32168, 3.83205, 4.2829, 4.30526, 4.28126, 4.38489, 4.39992, 4.42548, 4.41593, 4.47583, 4.13865, 4.54731, 3.94025, 4.57052, 4.56883, 4.61077, 4.62983, 4.65847, 4.69705, 4.73695, 4.75931, 4.77735, 4.83438, 4.8933, 4.90753, 4.96126, 5.03967, 5.11452, 5.15774, 5.20902, 5.25956, 5.36621, 5.46339, 5.56665, 5.64502, 5.76035, 6.03056, 6.12308, 6.21471, 6.45553, 6.7614, 7.00049, 7.45196, 7.8871, 8.7897, 11.1285, 12.7565, 14.3333, 13.0589, 6.81264, 1.57442, 0.136542, 0.0125658, -0.0365917, -0.0482749, -0.0308156, -0.00834377, -0.0283808, -0.0253481, -0.0595004, -0.0355716, -0.0640557, -0.159757, -0.0609263, -0.0353465, -0.147203, -0.169059, -0.0779637, -0.0447027, -0.0212787, -0.0193837, -0.0280055, -0.0509066, -0.0513951, -0.040738, -0.0927022, -0.0737101
0.10484, 0.105363, 0.105062, 0.11162, 0.104763, 0.1062, 0.114869, 0.114775, 0.113099, 0.114413, 0.115953, 0.1186, 0.118743, 0.119998, 0.120007, 0.120215, 0.125037, 0.12614, 0.1284, 0.12965, 0.114961, 0.128487, 0.129158, 0.128438, 0.131547, 0.131998, 0.132764, 0.132478, 0.134275, 0.12416, 0.136419, 0.118208, 0.137116, 0.137065, 0.138323, 0.138895, 0.139754, 0.140912, 0.142109, 0.142779, 0.143321, 0.145031, 0.146799, 0.147226, 0.148838, 0.15119, 0.153436, 0.154732, 0.156271, 0.157787, 0.160986, 0.163902, 0.166999, 0.16935, 0.172811, 0.180917, 0.183692, 0.186441, 0.193666, 0.202842, 0.210015, 0.223559, 0.236613, 0.263691, 0.333856, 0.382694, 0.43, 0.391767, 0.204379, 0.0472325, 0.00409627, 0.000376975, 0.00109775, 0.00144825, 0.000924469, 0.000250313, 0.000851423, 0.000760442, 0.00178501, 0.00106715, 0.00192167, 0.00479271, 0.00182779, 0.0010604, 0.00441608, 0.00507178, 0.00233891, 0.00134108, 0.00063836, 0.000581511, 0.000840166, 0.0015272, 0.00154185, 0.00122214, 0.00278106, 0.0022113
0, 0.613815, 1.22763, 1.84144, 2.45526, 3.06907, 3.68289, 4.2967, 4.91052, 5.52433, 6.13815, 6.75196, 7.36578, 7.97959, 8.59341, 9.20722, 9.82104, 10.4349, 11.0487, 11.6625, 12.2763, 12.8901, 13.5039, 14.1177, 14.7316, 15.3454, 15.9592, 16.573, 17.1868, 17.8006, 18.4144, 19.0283, 19.6421, 20.2559, 20.8697, 21.4835, 22.0973, 22.7111, 23.325, 23.9388, 24.5526, 25.1664, 25.7802, 26.394, 27.0078, 27.6217, 28.2355, 28.8493, 29.4631, 30.0769, 30.6907, 31.3046, 31.9184, 32.5322, 33.146, 33.7598, 34.3736, 34.9874, 35.6013, 36.2151, 36.8289, 37.4427, 38.0565, 38.6703, 39.2841, 39.898, 40.5118, 41.1256, 41.7394, 42.3532, 42.967, 43.5808, 44.1947, 44.8085, 45.4223, 46.0361, 46.6499, 47.2637, 47.8775, 48.4914, 49.1052, 49.719, 50.3328, 50.9466, 51.5604, 52.1743, 52.7881, 53.4019, 54.0157, 54.6295, 55.2433, 55.8571, 56.471, 57.0848, 57.6986, 58.3124, 58.9262, 59.54, 60.1538, 60.7677, 61.3815, 61.9953, 62.6091, 63.2229, 63.8367, 64.4505, 65.0644, 65.6782, 66.292, 66.9058, 67.5196, 68.1334, 68.7473, 69.3611, 69.9749, 70.5887, 71.2025, 71.8163, 72.4301, 73.044, 73.6578, 74.2716, 74.8854, 75.4992, 76.113, 76.7268, 77.3407, 77.9545, 78.5683, 79.1821, 79.7959, 80.4097, 81.0235, 81.6374, 82.2512, 82.865, 83.4788, 84.0926, 84.7064, 85.3202, 85.9341, 86.5479, 87.1617, 87.7755, 88.3893, 89.0031, 89.617, 90.2308, 90.8446, 91.4584, 92.0722, 92.686, 93.2998, 93.9137, 94.5275, 95.1413, 95.7551, 96.3689, 96.9827, 97.5965, 98.2104, 98.8242, 99.438, 100.052, 100.666, 101.279, 101.893, 102.507, 103.121, 103.735, 104.349, 104.962, 105.576, 106.19, 106.804, 107.418, 108.031, 108.645, 109.259, 109.873, 110.487, 111.1, 111.714, 112.328, 112.942, 113.556, 114.17, 114.783, 115.397, 116.011, 116.625, 117.239, 117.852, 118.466, 119.08, 119.694, 120.308, 120.922, 121.535, 122.149, 122.763, 123.377, 123.991, 124.604, 125.218, 125.832, 126.446, 127.06, 127.673, 128.287, 128.901, 129.515, 130.129, 130.743, 131.356, 131.97, 132.584, 133.198, 133.812, 134.425, 135.039, 135.653, 136.267, 136.881, 137.495, 138.108, 138.722, 139.336, 139.95, 140.564, 141.177, 141.791, 142.405, 143.019, 143.633, 144.246, 144.86, 145.474, 146.088, 146.702, 147.316, 147.929, 148.543, 149.157, 149.771, 150.385, 150.998, 151.612, 152.226, 152.84, 153.454, 154.068, 154.681, 155.295, 155.909, 156.523, 157.137, 157.75, 158.364, 158.978, 159.592, 160.206, 160.819, 161.433, 162.047, 162.661, 163.275, 163.889, 164.502, 165.116, 165.73, 166.344, 166.958, 167.571, 168.185, 168.799, 169.413, 170.027, 170.64, 171.254, 171.868, 172.482, 173.096, 173.71, 174.323, 174.937, 175.551, 176.165, 176.779, 177.392, 178.006, 178.62, 179.234, 179.848, 180.462, 181.075, 181.689, 182.303, 182.917, 183.531, 184.144, 184.758, 185.372, 185.986, 186.6, 187.213, 187.827, 188.441, 189.055, 189.669, 190.283, 190.896, 191.51, 192.124, 192.738, 193.352, 193.965, 194.579, 195.193, 195.807, 196.421, 197.035, 197.648, 198.262, 198.876, 199.49, 200.104, 200.717, 201.331, 201.945, 202.559, 203.173, 203.786, 204.4, 205.014, 205.628, 206.242, 206.856, 207.469, 208.083, 208.697, 209.311, 209.925, 210.538, 211.152, 211.766, 212.38, 212.994, 213.608, 214.221, 214.835, 215.449, 216.063, 216.677, 217.29, 217.904, 218.518, 219.132, 219.746, 220.359, 220.973, 221.587, 222.201, 222.815, 223.429, 224.042, 224.656, 225.27, 225.884, 226.498, 227.111, 227.725, 228.339, 228.953, 229.567, 230.181, 230.794, 231.408, 232.022, 232.636, 233.25, 233.863, 234.477, 235.091, 235.705, 236.319, 236.932, 237.546, 238.16, 238.774, 239.388, 240.002, 240.615, 241.229, 241.843, 242.457, 243.071, 243.684, 244.298, 244.912, 245.526, 246.14, 246.754, 247.367, 247.981, 248.595, 249.209, 249.823, 250.436, 251.05, 251.664, 252.278, 252.892, 253.505, 254.119, 254.733, 255.347, 255.961, 256.575, 257.188, 257.802, 258.416, 259.03, 259.644, 260.257, 260.871, 261.485, 262.099, 262.713, 263.327, 263.94, 264.554, 265.168, 265.782, 266.396, 267.009, 267.623, 268.237, 268.851, 269.465, 270.078, 270.692, 271.306, 271.92, 272.534, 273.148, 273.761, 274.375, 274.989, 275.603, 276.217, 276.83, 277.444, 278.058, 278.672, 279.286, 279.9, 280.513, 281.127, 281.741, 282.355, 282.969, 283.582, 284.196, 284.81, 285.424, 286.038, 286.651, 287.265, 287.879, 288.493, 289.107, 289.721, 290.334, 290.948, 291.562, 292.176, 292.79, 293.403, 294.017
3.94654, 3.94755, 3.94857, 3.9496, 3.95064, 3.95169, 3.95275, 3.95383, 3.95491, 3.95601, 3.95712, 3.95824, 3.95938, 3.96052, 3.96168, 3.96285, 3.96403, 3.96522, 3.96643, 3.96765, 3.96888, 3.97013, 3.97138, 3.97265, 3.97394, 3.97523, 3.97654, 3.97787, 3.9792, 3.98055, 3.98192, 3.9833, 3.98469, 3.9861, 3.98752, 3.98895, 3.9904, 3.99187, 3.99335, 3.99484, 3.99635, 3.99787, 3.99941, 4.00097, 4.00254, 4.00413, 4.00573, 4.00735, 4.00898, 4.01063, 4.0123, 4.01398, 4.01568, 4.0174, 4.01914, 4.02089, 4.02266, 4.02444, 4.02625, 4.02807, 4.02991, 4.03177, 4.03365, 4.03554, 4.03746, 4.03939, 4.04134, 4.04331, 4.0453, 4.04731, 4.04935, 4.0514, 4.05347, 4.05556, 4.05767, 4.0598, 4.06196, 4.06413, 4.06633, 4.06855, 4.07079, 4.07305, 4.07533, 4.07764, 4.07997, 4.08232, 4.0847, 4.0871, 4.08952, 4.09197, 4.09444, 4.09694, 4.09946, 4.102, 4.10458, 4.10717, 4.10979, 4.11244, 4.11512, 4.11782, 4.12055, 4.12331, 4.12609, 4.1289, 4.13174, 4.13461, 4.13751, 4.14043, 4.14339, 4.14637, 4.14939, 4.15243, 4.15551, 4.15862, 4.16176, 4.16493, 4.16813, 4.17137, 4.17464, 4.17794, 4.18128, 4.18465, 4.18805, 4.19149, 4.19497, 4.19848, 4.20202, 4.20561, 4.20923, 4.21289, 4.21659, 4.22032, 4.2241, 4.22791, 4.23176, 4.23566, 4.23959, 4.24357, 4.24759, 4.25165, 4.25575, 4.2599, 4.26409, 4.26833, 4.27261, 4.27694, 4.28132, 4.28574, 4.29021, 4.29473, 4.2993, 4.30392, 4.30858, 4.3133, 4.31808, 4.3229, 4.32778, 4.33271, 4.3377, 4.34274, 4.34784, 4.35299, 4.35821, 4.36348, 4.36881, 4.3742, 4.37966, 4.38518, 4.39076, 4.3964, 4.40211, 4.40789, 4.41373, 4.41964, 4.42562, 4.43167, 4.4378, 4.44399, 4.45026, 4.4566, 4.46302, 4.46952, 4.4761, 4.48275, 4.48949, 4.49631, 4.50321, 4.5102, 4.51728, 4.52444, 4.53169, 4.53903, 4.54647, 4.554, 4.56163, 4.56935, 4.57717, 4.5851, 4.59312, 4.60126, 4.60949, 4.61784, 4.6263, 4.63487, 4.64355, 4.65235, 4.66127, 4.67031, 4.67948, 4.68877, 4.69819, 4.70774, 4.71742, 4.72724, 4.7372, 4.7473, 4.75754, 4.76794, 4.77848, 4.78918, 4.80003, 4.81104, 4.82222, 4.83356, 4.84508, 4.85677, 4.86864, 4.88069, 4.89292, 4.90535, 4.91798, 4.9308, 4.94383, 4.95706, 4.97051, 4.98418, 4.99807, 5.0122, 5.02656, 5.04116, 5.05601, 5.07111, 5.08647, 5.1021, 5.118, 5.13419, 5.15066, 5.16743, 5.18451, 5.2019, 5.21961, 5.23765, 5.25603, 5.27476, 5.29386, 5.31332, 5.33317, 5.35341, 5.37406, 5.39512, 5.41662, 5.43856, 5.46097, 5.48384, 5.50721, 5.53109, 5.55549, 5.58043, 5.60594, 5.63203, 5.65872, 5.68603, 5.71399, 5.74263, 5.77196, 5.80202, 5.83283, 5.86442, 5.89683, 5.93009, 5.96424, 5.99931, 6.03535, 6.07239, 6.11048, 6.14968, 6.19003, 6.23159, 6.27442, 6.31859, 6.36415, 6.41119, 6.45978, 6.51001, 6.56197, 6.61576, 6.67149, 6.72928, 6.78924, 6.85153, 6.91629, 6.9837, 7.05393, 7.12719, 7.2037, 7.28372, 7.36751, 7.4554, 7.54774, 7.64492, 7.74739, 7.85567, 7.97037, 8.09217, 8.2219, 8.36053, 8.50922, 8.66939, 8.84276, 9.03147, 9.23809, 9.46574, 9.71805, 9.99907, 10.313, 10.6633, 11.0525, 11.4797, 11.94, 12.4219, 12.9061, 13.3643, 13.7597, 14.0488, 14.1857, 14.1268, 13.838, 13.3002, 12.5142, 11.5007, 10.3104, 9.01212, 7.66258, 6.33056, 5.07715, 3.94965, 2.97824, 2.17555, 1.53875, 1.05335, 0.697621, 0.446857, 0.276758, 0.165695, 0.0958743, 0.0536039, 0.0289544, 0.0151071, 0.00761223, 0.00370324, 0.00173844, 0.000786556, 0.000341923, 0.00014149, 5.39799e-05, 1.6163e-05, 4.46432e-06, 1.66811e-06, 6.01237e-07, 2.09015e-07, 7.00842e-08, 2.26658e-08, 7.07022e-09, 2.12718e-09, 6.17284e-10, 1.72773e-10, 4.66418e-11, 1.21446e-11, 3.05003e-12, 7.3881e-13, 1.72612e-13, 3.88973e-14, 8.45428e-15, 1.77233e-15, 3.58361e-16, 6.98887e-17, 1.31463e-17, 2.38511e-18, 4.17372e-19, 7.04446e-20, 1.14678e-20, 1.80063e-21, 2.72695e-22, 3.98327e-23, 5.61192e-24, 7.62593e-25, 9.99501e-26, 1.26352e-26, 1.54061e-27, 1.8118e-28, 2.05513e-29, 2.24842e-30, 2.3726e-31, 2.41479e-32, 2.37053e-33, 2.2445e-34, 2.04977e-35, 1.8055e-36, 1.53391e-37, 1.25693e-38, 9.93421e-40, 7.57293e-41, 5.56806e-42, 3.94869e-43, 2.70091e-44, 1.78188e-45, 1.13385e-46, 6.95889e-48, 4.11941e-49, 2.35201e-50, 1.29524e-51, 6.87976e-53, 3.52456e-54, 1.74159e-55, 8.30031e-57, 3.81551e-58, 1.69169e-59, 7.23431e-61, 2.98389e-62, 1.18707e-63, 4.55492e-65, 1.68575e-66, 6.01748e-68, 2.07179e-69, 6.87994e-71, 2.2036e-72, 6.80754e-74, 2.02841e-75, 5.8295e-77, 1.6159e-78, 4.32024e-80, 1.11406e-81, 2.77089e-83, 6.64721e-85, 1.53804e-86, 3.43245e-88, 7.38839e-90, 1.53393e-91, 3.07162e-93, 5.93253e-95, 1.10515e-96, 1.98568e-98, 3.44119e-100, 5.75195e-102, 9.27322e-104, 1.44196e-105, 2.16266e-107, 3.12845e-109, 4.36495e-111, 5.87405e-113, 7.62439e-115, 9.54511e-117, 1.15256e-118, 1.34233e-120, 1.50786e-122, 1.63369e-124, 1.70722e-126, 1.72074e-128, 1.67283e-130, 1.56854e-132, 1.41856e-134, 1.2374e-136, 1.04107e-138, 8.44805e-141, 6.61215e-143, 4.99157e-145, 3.63446e-147, 2.55242e-149, 1.72891e-151, 1.12954e-153
3.94654, 3.94757, 3.9486, 3.94965, 3.95071, 3.95178, 3.95286, 3.95395, 3.95506, 3.95618, 3.9573, 3.95844, 3.9596, 3.96076, 3.96194, 3.96313, 3.96433, 3.96554, 3.96677, 3.96801, 3.96926, 3.97052, 3.9718, 3.97309, 3.97439, 3.97571, 3.97704, 3.97838, 3.97974, 3.98111, 3.9825, 3.9839, 3.98531, 3.98674, 3.98818, 3.98964, 3.99111, 3.99259, 3.9941, 3.99561, 3.99714, 3.99869, 4.00025, 4.00183, 4.00342, 4.00503, 4.00666, 4.0083, 4.00995, 4.01163, 4.01332, 4.01503, 4.01675, 4.01849, 4.02025, 4.02203, 4.02382, 4.02563, 4.02746, 4.0293, 4.03117, 4.03305, 4.03496, 4.03688, 4.03882, 4.04077, 4.04275, 4.04475, 4.04677, 4.0488, 4.05086, 4.05294, 4.05503, 4.05715, 4.05929, 4.06145, 4.06363, 4.06583, 4.06806, 4.0703, 4.07257, 4.07486, 4.07718, 4.07951, 4.08187, 4.08425, 4.08666, 4.08909, 4.09154, 4.09402, 4.09652, 4.09905, 4.1016, 4.10417, 4.10678, 4.1094, 4.11206, 4.11474, 4.11745, 4.12018, 4.12294, 4.12573, 4.12855, 4.13139, 4.13427, 4.13717, 4.1401, 4.14306, 4.14605, 4.14907, 4.15212, 4.1552, 4.15831, 4.16146, 4.16463, 4.16784, 4.17108, 4.17435, 4.17766, 4.181, 4.18438, 4.18778, 4.19123, 4.19471, 4.19822, 4.20177, 4.20536, 4.20898, 4.21265, 4.21635, 4.22009, 4.22386, 4.22768, 4.23154, 4.23543, 4.23937, 4.24335, 4.24737, 4.25144, 4.25554, 4.25969, 4.26389, 4.26813, 4.27241, 4.27674, 4.28112, 4.28554, 4.29001, 4.29453, 4.2991, 4.30372, 4.30839, 4.31311, 4.31788, 4.32271, 4.32758, 4.33252, 4.3375, 4.34254, 4.34764, 4.3528, 4.35801, 4.36328, 4.36861, 4.374, 4.37945, 4.38497, 4.39055, 4.39619, 4.4019, 4.40767, 4.41351, 4.41942, 4.42539, 4.43144, 4.43756, 4.44375, 4.45001, 4.45635, 4.46277, 4.46926, 4.47583, 4.48247, 4.4892, 4.49602, 4.50291, 4.50989, 4.51696, 4.52411, 4.53135, 4.53869, 4.54611, 4.55363, 4.56125, 4.56896, 4.57677, 4.58468, 4.59269, 4.60081, 4.60903, 4.61736, 4.62581, 4.63436, 4.64303, 4.65181, 4.66071, 4.66973, 4.67888, 4.68815, 4.69754, 4.70707, 4.71673, 4.72653, 4.73646, 4.74653, 4.75675, 4.76711, 4.77763, 4.78829, 4.79911, 4.8101, 4.82124, 4.83255, 4.84403, 4.85568, 4.86751, 4.87952, 4.89171, 4.9041, 4.91667, 4.92945, 4.94243, 4.95561, 4.96901, 4.98262, 4.99646, 5.01053, 5.02482, 5.03936, 5.05414, 5.06918, 5.08447, 5.10002, 5.11585, 5.13196, 5.14835, 5.16503, 5.18202, 5.19931, 5.21693, 5.23487, 5.25315, 5.27177, 5.29075, 5.3101, 5.32982, 5.34993, 5.37044, 5.39137, 5.41272, 5.43451, 5.45676, 5.47947, 5.50267, 5.52637, 5.55058, 5.57532, 5.60062, 5.62649, 5.65296, 5.68003, 5.70775, 5.73612, 5.76518, 5.79495, 5.82546, 5.85673, 5.88881, 5.92172, 5.95549, 5.99017, 6.0258, 6.0624, 6.10004, 6.13875, 6.17859, 6.2196, 6.26185, 6.3054, 6.35031, 6.39665, 6.4445, 6.49394, 6.54506, 6.59795, 6.65271, 6.70945, 6.7683, 6.82939, 6.89286, 6.95887, 7.02759, 7.0992, 7.17393, 7.252, 7.33366, 7.41922, 7.50899, 7.60333, 7.70265, 7.80744, 7.91821, 8.03561, 8.16035, 8.29328, 8.43542, 8.58799, 8.75249, 8.93074, 9.12501, 9.33808, 9.57334, 9.83482, 10.1271, 10.455, 10.823, 11.2343, 11.6895, 12.1845, 12.7086, 13.2427, 13.7579, 14.216, 14.5706, 14.7719, 14.7719, 14.5314, 14.0271, 13.2566, 12.2415, 11.0258, 9.67167, 8.25174, 6.84006, 5.50344, 4.29458, 3.24804, 2.37949, 1.68769, 1.15841, 0.769193, 0.493938, 0.30666, 0.184028, 0.106724, 0.0598019, 0.0323715, 0.0169253, 0.00854576, 0.00416576, 0.00195956, 0.000888506, 0.000387261, 0.00016092, 6.1876e-05, 1.90486e-05, 5.44868e-06, 2.0339e-06, 7.33349e-07, 2.55036e-07, 8.55465e-08, 2.76766e-08, 8.63641e-09, 2.59934e-09, 7.54575e-10, 2.11277e-10, 5.70572e-11, 1.48621e-11, 3.73385e-12, 9.04784e-13, 2.11467e-13, 4.76704e-14, 1.03649e-14, 2.17366e-15, 4.3967e-16, 8.57773e-17, 1.61409e-17, 2.92948e-18, 5.1282e-19, 8.6586e-20, 1.41007e-20, 2.21484e-21, 3.35547e-22, 4.90314e-23, 6.91043e-24, 9.39387e-25, 1.23167e-25, 1.55759e-26, 1.89985e-27, 2.2351e-28, 2.5362e-29, 2.77574e-30, 2.93011e-31, 2.98331e-32, 2.92969e-33, 2.77495e-34, 2.53511e-35, 2.23382e-36, 1.89849e-37, 1.55625e-38, 1.23043e-39, 9.38308e-41, 6.90148e-42, 4.89608e-43, 3.35015e-44, 2.211e-45, 1.40742e-46, 8.64103e-48, 5.11702e-49, 2.92266e-50, 1.61008e-51, 8.55514e-53, 4.38445e-54, 2.16726e-55, 1.03328e-56, 4.75152e-58, 2.10745e-59, 9.01549e-61, 3.7199e-62, 1.48041e-63, 5.68253e-65, 2.10383e-66, 7.51255e-68, 2.58746e-69, 8.59544e-71, 2.75405e-72, 8.51108e-74, 2.53692e-75, 7.2935e-77, 2.02244e-78, 5.40907e-80, 1.39534e-81, 3.47172e-83, 8.3314e-85, 1.92842e-86, 4.30518e-88, 9.27025e-90, 1.92531e-91, 3.85671e-93, 7.45149e-95, 1.3886e-96, 2.49586e-98, 4.32685e-100, 7.23489e-102, 1.16681e-103, 1.815e-105, 2.7231e-107, 3.94055e-109, 5.49996e-111, 7.40408e-113, 9.6137e-115, 1.20398e-116, 1.4543e-118, 1.69434e-120, 1.90394e-122, 2.06355e-124, 2.15717e-126, 2.17502e-128, 2.11519e-130, 1.98401e-132, 1.79493e-134, 1.56624e-136, 1.31819e-138, 1.07006e-140, 8.37807e-143, 6.32686e-145, 4.60831e-147, 3.23744e-149, 2.19367e-151, 1.43367e-153
208.32
176.40
 
MEASUREMENT 7
1.56305, 4.67879, 7.79453, 10.9103, 14.0312, 17.1469, 20.2679, 23.3784, 26.4796, 29.5859, 32.6913, 35.8071, 38.9228, 42.0385, 45.1595, 48.2752, 51.3909, 54.5067, 57.6224, 60.7381, 63.8435, 66.9593, 70.0698, 73.1752, 76.2806, 79.3859, 82.4913, 85.5967, 88.7021, 91.8074, 94.9128, 98.0182, 101.1, 104.148, 107.196, 110.244, 113.292, 116.339, 119.387, 122.435, 125.483, 128.531, 131.574, 134.622, 137.67, 140.718, 143.766, 146.814, 149.861, 152.909, 155.957, 159.005, 162.053, 165.101, 168.149, 171.197, 174.245, 177.293, 180.341, 183.389, 186.436, 189.484, 192.532, 195.58, 198.621, 201.655, 204.688, 207.722, 210.756, 213.794, 216.838, 219.882, 222.926, 225.97, 229.014, 232.058, 235.102, 238.145, 241.189, 244.233, 247.277, 250.321, 253.37, 256.424, 259.478, 262.532, 265.586, 268.64, 271.695, 274.749, 277.803, 280.857, 283.911, 286.97, 290.035, 293.099
3.49994, 3.51084, 3.50201, 3.71508, 3.49575, 3.54408, 3.82892, 3.82413, 3.7668, 3.81441, 3.86251, 3.95154, 3.95903, 4.00519, 4.00013, 4.01152, 4.16875, 4.2033, 4.27898, 4.31826, 3.85187, 4.28687, 4.30522, 4.28774, 4.38699, 4.39851, 4.42542, 4.41846, 4.47928, 4.13816, 4.54639, 3.93938, 4.5707, 4.57081, 4.61182, 4.63319, 4.65749, 4.69403, 4.73872, 4.76265, 4.78302, 4.83263, 4.89547, 4.90576, 4.96357, 5.03864, 5.11536, 5.15943, 5.20874, 5.26555, 5.36881, 5.46745, 5.56964, 5.64446, 5.75969, 6.03448, 6.12455, 6.21476, 6.45803, 6.75781, 7.00477, 7.45265, 7.90874, 8.78323, 11.1409, 12.7484, 14.3324, 13.0519, 6.794, 1.56702, 0.130194, 0.0134875, -0.0359457, -0.04783, -0.0317105, -0.00679898, -0.0294125, -0.0199196, -0.0620589, -0.0358234, -0.0666161, -0.144292, -0.0581934, -0.0379374, -0.133934, -0.151094, -0.07433, -0.039085, -0.0240533, -0.0224401, -0.0272626, -0.0504897, -0.0517283, -0.0392792, -0.0880787, -0.0831299
0.104998, 0.105325, 0.10506, 0.111452, 0.104873, 0.106322, 0.114868, 0.114724, 0.113004, 0.114432, 0.115875, 0.118546, 0.118771, 0.120156, 0.120004, 0.120346, 0.125062, 0.126099, 0.128369, 0.129548, 0.115556, 0.128606, 0.129157, 0.128632, 0.13161, 0.131955, 0.132763, 0.132554, 0.134378, 0.124145, 0.136392, 0.118181, 0.137121, 0.137124, 0.138355, 0.138996, 0.139725, 0.140821, 0.142162, 0.14288, 0.14349, 0.144979, 0.146864, 0.147173, 0.148907, 0.151159, 0.153461, 0.154783, 0.156262, 0.157967, 0.161064, 0.164023, 0.167089, 0.169334, 0.172791, 0.181035, 0.183737, 0.186443, 0.193741, 0.202734, 0.210143, 0.22358, 0.237262, 0.263497, 0.334227, 0.382452, 0.429972, 0.391557, 0.20382, 0.0470106, 0.00390582, 0.000404625, 0.00107837, 0.0014349, 0.000951316, 0.000203969, 0.000882374, 0.000597588, 0.00186177, 0.0010747, 0.00199848, 0.00432877, 0.0017458, 0.00113812, 0.00401803, 0.00453283, 0.0022299, 0.00117255, 0.0007216, 0.000673203, 0.000817879, 0.00151469, 0.00155185, 0.00117838, 0.00264236, 0.0024939
0, 0.613815, 1.22763, 1.84144, 2.45526, 3.06907, 3.68289, 4.2967, 4.91052, 5.52433, 6.13815, 6.75196, 7.36578, 7.97959, 8.59341, 9.20722, 9.82104, 10.4349, 11.0487, 11.6625, 12.2763, 12.8901, 13.5039, 14.1177, 14.7316, 15.3454, 15.9592, 16.573, 17.1868, 17.8006, 18.4144, 19.0283, 19.6421, 20.2559, 20.8697, 21.4835, 22.0973, 22.7111, 23.325, 23.9388, 24.5526, 25.1664, 25.7802, 26.394, 27.0078, 27.6217, 28.2355, 28.8493, 29.4631, 30.0769, 30.6907, 31.3046, 31.9184, 32.5322, 33.146, 33.7598, 34.3736, 34.9874, 35.6013, 36.2151, 36.8289, 37.4427, 38.0565, 38.6703, 39.2841, 39.898, 40.5118, 41.1256, 41.7394, 42.3532, 42.967, 43.5808, 44.1947, 44.8085, 45.4223, 46.0361, 46.6499, 47.2637, 47.8775, 48.4914, 49.1052, 49.719, 50.3328, 50.9466, 51.5604, 52.1743, 52.7881, 53.4019, 54.0157, 54.6295, 55.2433, 55.8571, 56.471, 57.0848, 57.6986, 58.3124, 58.9262, 59.54, 60.1538, 60.7677, 61.3815, 61.9953, 62.6091, 63.2229, 63.8367, 64.4505, 65.0644, 65.6782, 66.292, 66.9058, 67.5196, 68.1334, 68.7473, 69.3611, 69.9749, 70.5887, 71.2025, 71.8163, 72.4301, 73.044, 73.6578, 74.2716, 74.8854, 75.4992, 76.113, 76.7268, 77.3407, 77.9545, 78.5683, 79.1821, 79.7959, 80.4097, 81.0235, 81.6374, 82.2512, 82.865, 83.4788, 84.0926, 84.7064, 85.3202, 85.9341, 86.5479, 87.1617, 87.7755, 88.3893, 89.0031, 89.617, 90.2308, 90.8446, 91.4584, 92.0722, 92.686, 93.2998, 93.9137, 94.5275, 95.1413, 95.7551, 96.3689, 96.9827, 97.5965, 98.2104, 98.8242, 99.438, 100.052, 100.666, 101.279, 101.893, 102.507, 103.121, 103.735, 104.349, 104.962, 105.576, 106.19, 106.804, 107.418, 108.031, 108.645, 109.259, 109.873, 110.487, 111.1, 111.714, 112.328, 112.942, 113.556, 114.17, 114.783, 115.397, 116.011, 116.625, 117.239, 117.852, 118.466, 119.08, 119.694, 120.308, 120.922, 121.535, 122.149, 122.763, 123.377, 123.991, 124.604, 125.218, 125.832, 126.446, 127.06, 127.673, 128.287, 128.901, 129.515, 130.129, 130.743, 131.356, 131.97, 132.584, 133.198, 133.812, 134.425, 135.039, 135.653, 136.267, 136.881, 137.495, 138.108, 138.722, 139.336, 139.95, 140.564, 141.177, 141.791, 142.405, 143.019, 143.633, 144.246, 144.86, 145.474, 146.088, 146.702, 147.316, 147.929, 148.543, 149.157, 149.771, 150.385, 150.998, 151.612, 152.226, 152.84, 153.454, 154.068, 154.681, 155.295, 155.909, 156.523, 157.137, 157.75, 158.364, 158.978, 159.592, 160.206, 160.819, 161.433, 162.047, 162.661, 163.275, 163.889, 164.502, 165.116, 165.73, 166.344, 166.958, 167.571, 168.185, 168.799, 169.413, 170.027, 170.64, 171.254, 171.868, 172.482, 173.096, 173.71, 174.323, 174.937, 175.551, 176.165, 176.779, 177.392, 178.006, 178.62, 179.234, 179.848, 180.462, 181.075, 181.689, 182.303, 182.917, 183.531, 184.144, 184.758, 185.372, 185.986, 186.6, 187.213, 187.827, 188.441, 189.055, 189.669, 190.283, 190.896, 191.51, 192.124, 192.738, 193.352, 193.965, 194.579, 195.193, 195.807, 196.421, 197.035, 197.648, 198.262, 198.876, 199.49, 200.104, 200.717, 201.331, 201.945, 202.559, 203.173, 203.786, 204.4, 205.014, 205.628, 206.242, 206.856, 207.469, 208.083, 208.697, 209.311, 209.925, 210.538, 211.152, 211.766, 212.38, 212.994, 213.608, 214.221, 214.835, 215.449, 216.063, 216.677, 217.29, 217.904, 218.518, 219.132, 219.746, 220.359, 220.973, 221.587, 222.201, 222.815, 223.429, 224.042, 224.656, 225.27, 225.884, 226.498, 227.111, 227.725, 228.339, 228.953, 229.567, 230.181, 230.794, 231.408, 232.022, 232.636, 233.25, 233.863, 234.477, 235.091, 235.705, 236.319, 236.932, 237.546, 238.16, 238.774, 239.388, 240.002, 240.615, 241.229, 241.843, 242.457, 243.071, 243.684, 244.298, 244.912, 245.526, 246.14, 246.754, 247.367, 247.981, 248.595, 249.209, 249.823, 250.436, 251.05, 251.664, 252.278, 252.892, 253.505, 254.119, 254.733, 255.347, 255.961, 256.575, 257.188, 257.802, 258.416, 259.03, 259.644, 260.257, 260.871, 261.485, 262.099, 262.713, 263.327, 263.94, 264.554, 265.168, 265.782, 266.396, 267.009, 267.623, 268.237, 268.851, 269.465, 270.078, 270.692, 271.306, 271.92, 272.534, 273.148, 273.761, 274.375, 274.989, 275.603, 276.217, 276.83, 277.444, 278.058, 278.672, 279.286, 279.9, 280.513, 281.127, 281.741, 282.355, 282.969, 283.582, 284.196, 284.81, 285.424, 286.038, 286.651, 287.265, 287.879, 288.493, 289.107, 289.721, 290.334, 290.948, 291.562, 292.176, 292.79, 293.403, 294.017
3.94667, 3.94768, 3.9487, 3.94973, 3.95077, 3.95182, 3.95289, 3.95396, 3.95505, 3.95615, 3.95726, 3.95839, 3.95952, 3.96067, 3.96183, 3.963, 3.96418, 3.96538, 3.96658, 3.9678, 3.96904, 3.97028, 3.97154, 3.97281, 3.9741, 3.9754, 3.97671, 3.97804, 3.97937, 3.98073, 3.98209, 3.98347, 3.98487, 3.98628, 3.9877, 3.98914, 3.99059, 3.99205, 3.99354, 3.99503, 3.99654, 3.99807, 3.99961, 4.00117, 4.00274, 4.00433, 4.00593, 4.00755, 4.00919, 4.01084, 4.01251, 4.0142, 4.0159, 4.01762, 4.01936, 4.02111, 4.02288, 4.02467, 4.02648, 4.0283, 4.03015, 4.03201, 4.03389, 4.03578, 4.0377, 4.03964, 4.04159, 4.04357, 4.04556, 4.04757, 4.04961, 4.05166, 4.05373, 4.05583, 4.05794, 4.06008, 4.06223, 4.06441, 4.06661, 4.06883, 4.07107, 4.07334, 4.07563, 4.07794, 4.08027, 4.08262, 4.085, 4.08741, 4.08983, 4.09228, 4.09476, 4.09726, 4.09978, 4.10233, 4.10491, 4.10751, 4.11013, 4.11278, 4.11546, 4.11817, 4.1209, 4.12366, 4.12645, 4.12926, 4.13211, 4.13498, 4.13788, 4.14081, 4.14377, 4.14676, 4.14978, 4.15283, 4.15591, 4.15902, 4.16216, 4.16534, 4.16854, 4.17179, 4.17506, 4.17837, 4.18171, 4.18508, 4.18849, 4.19193, 4.19541, 4.19893, 4.20248, 4.20607, 4.2097, 4.21336, 4.21706, 4.2208, 4.22458, 4.2284, 4.23226, 4.23616, 4.2401, 4.24408, 4.24811, 4.25217, 4.25628, 4.26044, 4.26464, 4.26888, 4.27317, 4.2775, 4.28188, 4.28631, 4.29079, 4.29531, 4.29989, 4.30451, 4.30919, 4.31391, 4.31869, 4.32352, 4.32841, 4.33335, 4.33834, 4.34339, 4.3485, 4.35366, 4.35888, 4.36416, 4.3695, 4.3749, 4.38036, 4.38589, 4.39148, 4.39713, 4.40285, 4.40863, 4.41449, 4.42041, 4.4264, 4.43246, 4.43859, 4.44479, 4.45107, 4.45743, 4.46386, 4.47036, 4.47695, 4.48362, 4.49036, 4.49719, 4.50411, 4.51111, 4.51819, 4.52537, 4.53263, 4.53999, 4.54744, 4.55498, 4.56262, 4.57035, 4.57819, 4.58613, 4.59417, 4.60231, 4.61056, 4.61893, 4.6274, 4.63598, 4.64468, 4.6535, 4.66243, 4.67149, 4.68067, 4.68998, 4.69941, 4.70898, 4.71868, 4.72852, 4.7385, 4.74862, 4.75888, 4.76929, 4.77985, 4.79057, 4.80144, 4.81248, 4.82368, 4.83504, 4.84658, 4.8583, 4.87019, 4.88226, 4.89452, 4.90698, 4.91963, 4.93248, 4.94553, 4.95879, 4.97227, 4.98597, 4.99989, 5.01405, 5.02844, 5.04307, 5.05795, 5.07309, 5.08849, 5.10415, 5.12009, 5.13631, 5.15283, 5.16964, 5.18675, 5.20418, 5.22194, 5.24002, 5.25845, 5.27723, 5.29637, 5.31589, 5.33579, 5.35608, 5.37678, 5.3979, 5.41946, 5.44146, 5.46393, 5.48687, 5.51031, 5.53425, 5.55873, 5.58374, 5.60933, 5.63549, 5.66226, 5.68966, 5.71771, 5.74644, 5.77587, 5.80602, 5.83694, 5.86864, 5.90117, 5.93454, 5.96881, 6.00401, 6.04018, 6.07736, 6.1156, 6.15495, 6.19547, 6.2372, 6.28021, 6.32456, 6.37032, 6.41756, 6.46637, 6.51684, 6.56904, 6.62309, 6.6791, 6.73718, 6.79746, 6.86008, 6.9252, 6.99299, 7.06363, 7.13734, 7.21433, 7.29486, 7.37922, 7.46772, 7.56072, 7.65863, 7.76191, 7.87109, 7.98679, 8.10971, 8.2407, 8.38076, 8.5311, 8.69318, 8.86879, 9.06012, 9.26984, 9.50111, 9.75761, 10.0434, 10.3624, 10.718, 11.1118, 11.5425, 12.004, 12.4836, 12.9606, 13.4058, 13.7818, 14.0455, 14.1517, 14.0591, 13.7363, 13.1673, 12.3558, 11.3245, 10.1298, 8.83424, 7.4962, 6.18238, 4.95129, 3.84762, 2.89927, 2.11721, 1.49763, 1.02572, 0.679964, 0.436149, 0.27062, 0.162389, 0.0942191, 0.0528472, 0.0286505, 0.0150105, 0.00759845, 0.00371538, 0.0017539, 0.000798412, 0.000349433, 0.000145743, 5.62232e-05, 1.73569e-05, 4.68205e-06, 1.76506e-06, 6.42171e-07, 2.25458e-07, 7.6384e-08, 2.49726e-08, 7.87857e-09, 2.39858e-09, 7.04668e-10, 1.99774e-10, 5.46531e-11, 1.44283e-11, 3.67568e-12, 9.03615e-13, 2.14364e-13, 4.90733e-14, 1.08408e-14, 2.31099e-15, 4.75401e-16, 9.43724e-17, 1.80781e-17, 3.34182e-18, 5.96125e-19, 1.02616e-19, 1.70457e-20, 2.73235e-21, 4.22652e-22, 6.30887e-23, 9.08748e-24, 1.26316e-24, 1.69432e-25, 2.19309e-26, 2.7393e-27, 3.30177e-28, 3.84039e-29, 4.3105e-30, 4.66878e-31, 4.87979e-32, 4.92178e-33, 4.79033e-34, 4.49917e-35, 4.07776e-36, 3.56643e-37, 3.01002e-38, 2.45147e-39, 1.92667e-40, 1.4612e-41, 1.06939e-42, 7.5524e-44, 5.14703e-45, 3.38494e-46, 2.14817e-47, 1.31555e-48, 7.77445e-50, 4.43358e-51, 2.43985e-52, 1.29566e-53, 6.63965e-55, 3.28338e-56, 1.56682e-57, 7.21506e-59, 3.20614e-60, 1.37483e-61, 5.68902e-63, 2.27168e-64, 8.7535e-66, 3.2549e-67, 1.16793e-68, 4.04405e-70, 1.35126e-71, 4.35699e-73, 1.35567e-74, 4.07048e-76, 1.17939e-77, 3.29757e-79, 8.89718e-81, 2.3165e-82, 5.82017e-84, 1.41111e-85, 3.30148e-87, 7.45381e-89, 1.62394e-90, 3.41417e-92, 6.92663e-94, 1.35607e-95, 2.5619e-97, 4.67053e-99, 8.2166e-101, 1.39489e-102, 2.28513e-104, 3.61246e-106, 5.51084e-108, 8.1125e-110, 1.15243e-111, 1.57978e-113, 2.08977e-115, 2.66762e-117, 3.28603e-119, 3.90609e-121, 4.48058e-123, 4.95961e-125, 5.29766e-127, 5.46062e-129, 5.43153e-131, 5.21344e-133, 4.82891e-135, 4.31614e-137, 3.72275e-139, 3.09852e-141, 2.48866e-143, 1.92886e-145, 1.44263e-147, 1.0412e-149, 7.25161e-152
3.94667, 3.94769, 3.94873, 3.94978, 3.95084, 3.95191, 3.953, 3.95409, 3.9552, 3.95632, 3.95745, 3.95859, 3.95974, 3.96091, 3.96209, 3.96328, 3.96448, 3.96569, 3.96692, 3.96816, 3.96941, 3.97068, 3.97196, 3.97325, 3.97456, 3.97588, 3.97721, 3.97855, 3.97991, 3.98129, 3.98267, 3.98407, 3.98549, 3.98692, 3.98836, 3.98982, 3.99129, 3.99278, 3.99428, 3.9958, 3.99734, 3.99888, 4.00045, 4.00203, 4.00362, 4.00523, 4.00686, 4.0085, 4.01016, 4.01184, 4.01353, 4.01524, 4.01697, 4.01871, 4.02047, 4.02225, 4.02405, 4.02586, 4.02769, 4.02954, 4.03141, 4.03329, 4.0352, 4.03712, 4.03906, 4.04102, 4.043, 4.045, 4.04702, 4.04906, 4.05112, 4.0532, 4.0553, 4.05742, 4.05956, 4.06172, 4.06391, 4.06611, 4.06834, 4.07059, 4.07286, 4.07515, 4.07747, 4.07981, 4.08217, 4.08455, 4.08696, 4.0894, 4.09185, 4.09433, 4.09684, 4.09937, 4.10192, 4.1045, 4.10711, 4.10974, 4.1124, 4.11508, 4.11779, 4.12053, 4.12329, 4.12609, 4.12891, 4.13175, 4.13463, 4.13754, 4.14047, 4.14344, 4.14643, 4.14945, 4.15251, 4.15559, 4.15871, 4.16186, 4.16504, 4.16825, 4.17149, 4.17477, 4.17808, 4.18143, 4.18481, 4.18822, 4.19167, 4.19515, 4.19867, 4.20223, 4.20582, 4.20945, 4.21312, 4.21682, 4.22056, 4.22435, 4.22817, 4.23203, 4.23593, 4.23988, 4.24386, 4.24789, 4.25196, 4.25607, 4.26023, 4.26443, 4.26867, 4.27296, 4.2773, 4.28168, 4.28611, 4.29059, 4.29511, 4.29969, 4.30432, 4.30899, 4.31372, 4.3185, 4.32333, 4.32821, 4.33315, 4.33814, 4.34319, 4.3483, 4.35346, 4.35868, 4.36396, 4.3693, 4.3747, 4.38016, 4.38568, 4.39127, 4.39692, 4.40263, 4.40841, 4.41426, 4.42018, 4.42616, 4.43222, 4.43835, 4.44455, 4.45082, 4.45717, 4.46359, 4.47009, 4.47667, 4.48333, 4.49007, 4.4969, 4.5038, 4.51079, 4.51787, 4.52504, 4.53229, 4.53963, 4.54707, 4.5546, 4.56223, 4.56996, 4.57778, 4.5857, 4.59373, 4.60186, 4.6101, 4.61844, 4.6269, 4.63547, 4.64415, 4.65295, 4.66186, 4.6709, 4.68006, 4.68935, 4.69876, 4.70831, 4.71798, 4.7278, 4.73775, 4.74784, 4.75808, 4.76846, 4.77899, 4.78968, 4.80052, 4.81152, 4.82269, 4.83402, 4.84552, 4.8572, 4.86905, 4.88108, 4.8933, 4.90571, 4.91831, 4.93112, 4.94412, 4.95733, 4.97076, 4.9844, 4.99827, 5.01236, 5.02669, 5.04126, 5.05608, 5.07114, 5.08647, 5.10206, 5.11792, 5.13407, 5.1505, 5.16722, 5.18425, 5.20158, 5.21924, 5.23722, 5.25555, 5.27422, 5.29325, 5.31264, 5.33242, 5.35258, 5.37315, 5.39413, 5.41554, 5.43739, 5.4597, 5.48247, 5.50574, 5.5295, 5.55378, 5.5786, 5.60397, 5.62992, 5.65647, 5.68363, 5.71143, 5.73989, 5.76904, 5.79891, 5.82952, 5.8609, 5.89309, 5.92611, 5.96001, 5.99481, 6.03057, 6.06731, 6.10509, 6.14395, 6.18394, 6.22512, 6.26754, 6.31127, 6.35637, 6.40292, 6.45098, 6.50064, 6.552, 6.60514, 6.66016, 6.71719, 6.77635, 6.83776, 6.90157, 6.96794, 7.03705, 7.10909, 7.18427, 7.26283, 7.34503, 7.43117, 7.52156, 7.61659, 7.71668, 7.82229, 7.93399, 8.05242, 8.17831, 8.31255, 8.45618, 8.61046, 8.77696, 8.95755, 9.15458, 9.37093, 9.61006, 9.87606, 10.1735, 10.5071, 10.881, 11.298, 11.7576, 12.2548, 12.7775, 13.3053, 13.8081, 14.2467, 14.5752, 14.7445, 14.7087, 14.4317, 13.8934, 13.0949, 12.0603, 10.8355, 9.4829, 8.07402, 6.68086, 5.36753, 4.18387, 3.16198, 2.31564, 1.64251, 1.12794, 0.749643, 0.482036, 0.29981, 0.180323, 0.10486, 0.0589442, 0.0320237, 0.0168125, 0.00852783, 0.00417814, 0.00197634, 0.000901584, 0.000395614, 0.000165678, 6.43931e-05, 2.03901e-05, 5.71405e-06, 2.15197e-06, 7.83218e-07, 2.75077e-07, 9.32283e-08, 3.04905e-08, 9.6229e-09, 2.93069e-09, 8.61304e-10, 2.44268e-10, 6.68498e-11, 1.76545e-11, 4.49921e-12, 1.10647e-12, 2.62582e-13, 6.01331e-14, 1.32888e-14, 2.83388e-15, 5.83175e-16, 1.15808e-16, 2.21924e-17, 4.10385e-18, 7.32322e-19, 1.26106e-19, 2.09552e-20, 3.36025e-21, 5.19964e-22, 7.76424e-23, 1.11879e-23, 1.55567e-24, 2.08743e-25, 2.70289e-26, 3.37729e-27, 4.07222e-28, 4.73824e-29, 5.32017e-30, 5.76443e-31, 6.02713e-32, 6.08117e-33, 5.92089e-34, 5.563e-35, 5.04376e-36, 4.41288e-37, 3.72574e-38, 3.03547e-39, 2.3865e-40, 1.81059e-41, 1.32557e-42, 9.36497e-44, 6.38459e-45, 4.20032e-46, 2.66658e-47, 1.63361e-48, 9.65754e-50, 5.50942e-51, 3.03297e-52, 1.61121e-53, 8.25963e-55, 4.08593e-56, 1.95049e-57, 8.985e-59, 3.99407e-60, 1.71331e-61, 7.09215e-63, 2.83298e-64, 1.09202e-65, 4.062e-67, 1.45805e-68, 5.05041e-70, 1.68812e-71, 5.44506e-73, 1.69482e-74, 5.09059e-76, 1.47548e-77, 4.12689e-79, 1.11387e-80, 2.90113e-82, 7.29159e-84, 1.76848e-85, 4.13904e-87, 9.34806e-89, 2.03735e-90, 4.28482e-92, 8.69603e-94, 1.70307e-95, 3.21858e-97, 5.86975e-99, 1.03299e-100, 1.75427e-102, 2.87487e-104, 4.54633e-106, 6.93788e-108, 1.02168e-109, 1.45186e-111, 1.99093e-113, 2.63457e-115, 3.36423e-117, 4.14556e-119, 4.92949e-121, 5.65645e-123, 6.26336e-125, 6.69257e-127, 6.90081e-129, 6.86641e-131, 6.59296e-133, 6.10877e-135, 5.46196e-137, 4.71265e-139, 3.92377e-141, 3.15257e-143, 2.44425e-145, 1.82873e-147, 1.32031e-149, 9.19864e-152
208.24
176.36
 
MEASUREMENT 8
1.56305, 4.67879, 7.79453, 10.9103, 14.0312, 17.1469, 20.2679, 23.3784, 26.4796, 29.5859, 32.6913, 35.8071, 38.9228, 42.0385, 45.1595, 48.2752, 51.3909, 54.5067, 57.6224, 60.7381, 63.8435, 66.9593, 70.0698, 73.1752, 76.2806, 79.3859, 82.4913, 85.5967, 88.7021, 91.8074, 94.9128, 98.0182, 101.1, 104.148, 107.196, 110.244, 113.292, 116.339, 119.387, 122.435, 125.483, 128.531, 131.574, 134.622, 137.67, 140.718, 143.766, 146.814, 149.861, 152.909, 155.957, 159.005, 162.053, 165.101, 168.149, 171.197, 174.245, 177.293, 180.341, 183.389, 186.436, 189.484, 192.532, 195.58, 198.621, 201.655, 204.688, 207.722, 210.756, 213.794, 216.838, 219.882, 222.926, 225.97, 229.014, 232.058, 235.102, 238.145, 241.189, 244.233, 247.277, 250.321, 253.37, 256.424, 259.478, 262.532, 265.586, 268.64, 271.695, 274.749, 277.803, 280.857, 283.911, 286.97, 290.035, 293.099
3.49663, 3.51409, 3.50315, 3.71779, 3.49899, 3.54385, 3.8317, 3.82514, 3.771, 3.81836, 3.86374, 3.95285, 3.96031, 4.00336, 4.00175, 4.01096, 4.16856, 4.20232, 4.2811, 4.33553, 3.82436, 4.28084, 4.30462, 4.30098, 4.38914, 4.40029, 4.42582, 4.41489, 4.47697, 4.13946, 4.54952, 3.93851, 4.56921, 4.57158, 4.61138, 4.63201, 4.65772, 4.6964, 4.73802, 4.76093, 4.77764, 4.83427, 4.89394, 4.90116, 4.96438, 5.04085, 5.11265, 5.15622, 5.2118, 5.2644, 5.37168, 5.46716, 5.57271, 5.64551, 5.75932, 6.03511, 6.12307, 6.21699, 6.45725, 6.76857, 6.99807, 7.45297, 7.9173, 8.79023, 11.1453, 12.7447, 14.3376, 13.0586, 6.78399, 1.56295, 0.129875, 0.00722669, -0.0298545, -0.0472441, -0.0321106, -0.0103205, -0.0287226, -0.0249938, -0.0583122, -0.0371371, -0.0671734, -0.134452, -0.0620443, -0.0335093, -0.120294, -0.13918, -0.0700203, -0.0430747, -0.0237638, -0.0214848, -0.026307, -0.0474444, -0.053864, -0.0386899, -0.0837386, -0.0742239
0.104899, 0.105423, 0.105094, 0.111534, 0.10497, 0.106315, 0.114951, 0.114754, 0.11313, 0.114551, 0.115912, 0.118586, 0.118809, 0.120101, 0.120053, 0.120329, 0.125057, 0.12607, 0.128433, 0.130066, 0.114731, 0.128425, 0.129139, 0.129029, 0.131674, 0.132009, 0.132775, 0.132447, 0.134309, 0.124184, 0.136486, 0.118155, 0.137076, 0.137147, 0.138342, 0.13896, 0.139732, 0.140892, 0.14214, 0.142828, 0.143329, 0.145028, 0.146818, 0.147035, 0.148931, 0.151226, 0.153379, 0.154687, 0.156354, 0.157932, 0.161151, 0.164015, 0.167181, 0.169365, 0.17278, 0.181053, 0.183692, 0.18651, 0.193717, 0.203057, 0.209942, 0.223589, 0.237519, 0.263707, 0.334358, 0.38234, 0.430128, 0.391759, 0.20352, 0.0468885, 0.00389626, 0.000216801, 0.000895634, 0.00141732, 0.000963319, 0.000309615, 0.000861679, 0.000749815, 0.00174937, 0.00111411, 0.0020152, 0.00403357, 0.00186133, 0.00100528, 0.00360883, 0.0041754, 0.00210061, 0.00129224, 0.000712913, 0.000644544, 0.000789209, 0.00142333, 0.00161592, 0.0011607, 0.00251216, 0.00222672
0, 0.613815, 1.22763, 1.84144, 2.45526, 3.06907, 3.68289, 4.2967, 4.91052, 5.52433, 6.13815, 6.75196, 7.36578, 7.97959, 8.59341, 9.20722, 9.82104, 10.4349, 11.0487, 11.6625, 12.2763, 12.8901, 13.5039, 14.1177, 14.7316, 15.3454, 15.9592, 16.573, 17.1868, 17.8006, 18.4144, 19.0283, 19.6421, 20.2559, 20.8697, 21.4835, 22.0973, 22.7111, 23.325, 23.9388, 24.5526, 25.1664, 25.7802, 26.394, 27.0078, 27.6217, 28.2355, 28.8493, 29.4631, 30.0769, 30.6907, 31.3046, 31.9184, 32.5322, 33.146, 33.7598, 34.3736, 34.9874, 35.6013, 36.2151, 36.8289, 37.4427, 38.0565, 38.6703, 39.2841, 39.898, 40.5118, 41.1256, 41.7394, 42.3532, 42.967, 43.5808, 44.1947, 44.8085, 45.4223, 46.0361, 46.6499, 47.2637, 47.8775, 48.4914, 49.1052, 49.719, 50.3328, 50.9466, 51.5604, 52.1743, 52.7881, 53.4019, 54.0157, 54.6295, 55.2433, 55.8571, 56.471, 57.0848, 57.6986, 58.3124, 58.9262, 59.54, 60.1538, 60.7677, 61.3815, 61.9953, 62.6091, 63.2229, 63.8367, 64.4505, 65.0644, 65.6782, 66.292, 66.9058, 67.5196, 68.1334, 68.7473, 69.3611, 69.9749, 70.5887, 71.2025, 71.8163, 72.4301, 73.044, 73.6578, 74.2716, 74.8854, 75.4992, 76.113, 76.7268, 77.3407, 77.9545, 78.5683, 79.1821, 79.7959, 80.4097, 81.0235, 81.6374, 82.2512, 82.865, 83.4788, 84.0926, 84.7064, 85.3202, 85.9341, 86.5479, 87.1617, 87.7755, 88.3893, 89.0031, 89.617, 90.2308, 90.8446, 91.4584, 92.0722, 92.686, 93.2998, 93.9137, 94.5275, 95.1413, 95.7551, 96.3689, 96.9827, 97.5965, 98.2104, 98.8242, 99.438, 100.052, 100.666, 101.279, 101.893, 102.507, 103.121, 103.735, 104.349, 104.962, 105.576, 106.19, 106.804, 107.418, 108.031, 108.645, 109.259, 109.873, 110.487, 111.1, 111.714, 112.328, 112.942, 113.556, 114.17, 114.783, 115.397, 116.011, 116.625, 117.239, 117.852, 118.466, 119.08, 119.694, 120.308, 120.922, 121.535, 122.149, 122.763, 123.377, 123.991, 124.604, 125.218, 125.832, 126.446, 127.06, 127.673, 128.287, 128.901, 129.515, 130.129, 130.743, 131.356, 131.97, 132.584, 133.198, 133.812, 134.425, 135.039, 135.653, 136.267, 136.881, 137.495, 138.108, 138.722, 139.336, 139.95, 140.564, 141.177, 141.791, 142.405, 143.019, 143.633, 144.246, 144.86, 145.474, 146.088, 146.702, 147.316, 147.929, 148.543, 149.157, 149.771, 150.385, 150.998, 151.612, 152.226, 152.84, 153.454, 154.068, 154.681, 155.295, 155.909, 156.523, 157.137, 157.75, 158.364, 158.978, 159.592, 160.206, 160.819, 161.433, 162.047, 162.661, 163.275, 163.889, 164.502, 165.116, 165.73, 166.344, 166.958, 167.571, 168.185, 168.799, 169.413, 170.027, 170.64, 171.254, 171.868, 172.482, 173.096, 173.71, 174.323, 174.937, 175.551, 176.165, 176.779, 177.392, 178.006, 178.62, 179.234, 179.848, 180.462, 181.075, 181.689, 182.303, 182.917, 183.531, 184.144, 184.758, 185.372, 185.986, 186.6, 187.213, 187.827, 188.441, 189.055, 189.669, 190.283, 190.896, 191.51, 192.124, 192.738, 193.352, 193.965, 194.579, 195.193, 195.807, 196.421, 197.035, 197.648, 198.262, 198.876, 199.49, 200.104, 200.717, 201.331, 201.945, 202.559, 203.173, 203.786, 204.4, 205.014, 205.628, 206.242, 206.856, 207.469, 208.083, 208.697, 209.311, 209.925, 210.538, 211.152, 211.766, 212.38, 212.994, 213.608, 214.221, 214.835, 215.449, 216.063, 216.677, 217.29, 217.904, 218.518, 219.132, 219.746, 220.359, 220.973, 221.587, 222.201, 222.815, 223.429, 224.042, 224.656, 225.27, 225.884, 226.498, 227.111, 227.725, 228.339, 228.953, 229.567, 230.181, 230.794, 231.408, 232.022, 232.636, 233.25, 233.863, 234.477, 235.091, 235.705, 236.319, 236.932, 237.546, 238.16, 238.774, 239.388, 240.002, 240.615, 241.229, 241.843, 242.457, 243.071, 243.684, 244.298, 244.912, 245.526, 246.14, 246.754, 247.367, 247.981, 248.595, 249.209, 249.823, 250.436, 251.05, 251.664, 252.278, 252.892, 253.505, 254.119, 254.733, 255.347, 255.961, 256.575, 257.188, 257.802, 258.416, 259.03, 259.644, 260.257, 260.871, 261.485, 262.099, 262.713, 263.327, 263.94, 264.554, 265.168, 265.782, 266.396, 267.009, 267.623, 268.237, 268.851, 269.465, 270.078, 270.692, 271.306, 271.92, 272.534, 273.148, 273.761, 274.375, 274.989, 275.603, 276.217, 276.83, 277.444, 278.058, 278.672, 279.286, 279.9, 280.513, 281.127, 281.741, 282.355, 282.969, 283.582, 284.196, 284.81, 285.424, 286.038, 286.651, 287.265, 287.879, 288.493, 289.107, 289.721, 290.334, 290.948, 291.562, 292.176, 292.79, 293.403, 294.017
3.95125, 3.95225, 3.95327, 3.95429, 3.95533, 3.95638, 3.95744, 3.95851, 3.95959, 3.96069, 3.96179, 3.96291, 3.96404, 3.96518, 3.96633, 3.9675, 3.96868, 3.96987, 3.97107, 3.97228, 3.97351, 3.97475, 3.976, 3.97727, 3.97855, 3.97984, 3.98115, 3.98246, 3.9838, 3.98514, 3.9865, 3.98788, 3.98926, 3.99067, 3.99208, 3.99351, 3.99496, 3.99642, 3.99789, 3.99938, 4.00089, 4.0024, 4.00394, 4.00549, 4.00705, 4.00864, 4.01023, 4.01185, 4.01347, 4.01512, 4.01678, 4.01846, 4.02015, 4.02187, 4.0236, 4.02534, 4.0271, 4.02889, 4.03068, 4.0325, 4.03433, 4.03619, 4.03806, 4.03995, 4.04185, 4.04378, 4.04573, 4.04769, 4.04968, 4.05168, 4.0537, 4.05575, 4.05781, 4.0599, 4.062, 4.06413, 4.06627, 4.06844, 4.07063, 4.07284, 4.07507, 4.07733, 4.07961, 4.0819, 4.08423, 4.08657, 4.08894, 4.09133, 4.09375, 4.09619, 4.09865, 4.10114, 4.10365, 4.10619, 4.10875, 4.11134, 4.11395, 4.11659, 4.11926, 4.12195, 4.12467, 4.12742, 4.13019, 4.133, 4.13583, 4.13868, 4.14157, 4.14449, 4.14743, 4.15041, 4.15341, 4.15645, 4.15951, 4.16261, 4.16574, 4.1689, 4.17209, 4.17532, 4.17857, 4.18187, 4.18519, 4.18855, 4.19194, 4.19537, 4.19883, 4.20233, 4.20587, 4.20944, 4.21305, 4.21669, 4.22037, 4.2241, 4.22786, 4.23166, 4.2355, 4.23938, 4.2433, 4.24726, 4.25126, 4.25531, 4.2594, 4.26353, 4.26771, 4.27193, 4.2762, 4.28051, 4.28487, 4.28927, 4.29373, 4.29823, 4.30278, 4.30738, 4.31203, 4.31673, 4.32149, 4.32629, 4.33115, 4.33606, 4.34103, 4.34605, 4.35113, 4.35626, 4.36146, 4.36671, 4.37202, 4.37739, 4.38282, 4.38832, 4.39387, 4.39949, 4.40518, 4.41093, 4.41675, 4.42264, 4.42859, 4.43462, 4.44071, 4.44688, 4.45312, 4.45944, 4.46583, 4.4723, 4.47885, 4.48547, 4.49218, 4.49897, 4.50584, 4.5128, 4.51984, 4.52697, 4.53419, 4.54149, 4.5489, 4.55639, 4.56398, 4.57167, 4.57945, 4.58734, 4.59533, 4.60342, 4.61161, 4.61992, 4.62833, 4.63686, 4.6455, 4.65425, 4.66313, 4.67212, 4.68124, 4.69048, 4.69985, 4.70935, 4.71898, 4.72874, 4.73865, 4.74869, 4.75888, 4.76921, 4.7797, 4.79033, 4.80112, 4.81207, 4.82318, 4.83446, 4.84591, 4.85752, 4.86932, 4.8813, 4.89346, 4.90581, 4.91835, 4.93109, 4.94404, 4.95719, 4.97055, 4.98413, 4.99793, 5.01195, 5.02621, 5.04071, 5.05546, 5.07045, 5.08571, 5.10122, 5.11701, 5.13308, 5.14943, 5.16607, 5.18302, 5.20027, 5.21784, 5.23574, 5.25398, 5.27256, 5.29149, 5.3108, 5.33048, 5.35054, 5.37101, 5.39189, 5.4132, 5.43495, 5.45714, 5.47981, 5.50296, 5.52661, 5.55077, 5.57547, 5.60072, 5.62654, 5.65296, 5.67998, 5.70765, 5.73597, 5.76498, 5.7947, 5.82516, 5.85638, 5.88841, 5.92127, 5.95499, 5.98962, 6.02519, 6.06175, 6.09934, 6.138, 6.17779, 6.21876, 6.26096, 6.30446, 6.34933, 6.39563, 6.44344, 6.49284, 6.54392, 6.59677, 6.6515, 6.70822, 6.76705, 6.82811, 6.89157, 6.95756, 7.02627, 7.09789, 7.17262, 7.25071, 7.3324, 7.41798, 7.50779, 7.60218, 7.70157, 7.80642, 7.91728, 8.03475, 8.15957, 8.29258, 8.43477, 8.58735, 8.75179, 8.92987, 9.12383, 9.33643, 9.57106, 9.83181, 10.1234, 10.4509, 10.8192, 11.2317, 11.6888, 12.1856, 12.7094, 13.2372, 13.7349, 14.1567, 14.4491, 14.5555, 14.4245, 14.0188, 13.3228, 12.3479, 11.1301, 9.76078, 8.30163, 6.838, 5.4484, 4.19517, 3.11891, 2.23728, 1.54752, 1.03165, 0.662544, 0.409751, 0.243953, 0.139783, 0.0770647, 0.0408708, 0.0208467, 0.0102243, 0.00482037, 0.00218351, 0.000949237, 0.000394843, 0.000155681, 5.62292e-05, 1.54007e-05, 4.24843e-06, 1.485e-06, 4.98393e-07, 1.6059e-07, 4.96785e-08, 1.47544e-08, 4.20701e-09, 1.15167e-09, 3.02682e-10, 7.6374e-11, 1.85015e-11, 4.30299e-12, 9.60806e-13, 2.05969e-13, 4.23908e-14, 8.37612e-15, 1.58897e-15, 2.89394e-16, 5.06019e-17, 8.49464e-18, 1.36907e-18, 2.11839e-19, 3.14695e-20, 4.48824e-21, 6.14558e-22, 8.07889e-23, 1.01963e-23, 1.23548e-24, 1.43724e-25, 1.60518e-26, 1.72116e-27, 1.77182e-28, 1.75113e-29, 1.66158e-30, 1.51365e-31, 1.32382e-32, 1.11157e-33, 8.96075e-35, 6.93512e-36, 5.15305e-37, 3.67601e-38, 2.51762e-39, 1.65541e-40, 1.04502e-41, 6.33346e-43, 3.68519e-44, 2.05864e-45, 1.10409e-46, 5.68494e-48, 2.81029e-49, 1.33376e-50, 6.0772e-52, 2.65847e-53, 1.11651e-54, 4.50186e-56, 1.74271e-57, 6.47675e-59, 2.31095e-60, 7.91638e-62, 2.60353e-63, 8.22055e-65, 2.49195e-66, 7.25235e-68, 2.02637e-69, 5.43577e-71, 1.39992e-72, 3.46136e-74, 8.21659e-76, 1.87257e-77, 4.09716e-79, 8.60658e-81, 1.73572e-82, 3.36068e-84, 6.24709e-86, 1.11488e-87, 1.9102e-89, 3.14218e-91, 4.96232e-93, 7.52382e-95, 1.0952e-96, 1.53055e-98, 2.05354e-100, 2.64521e-102, 3.27127e-104, 3.88396e-106, 4.42724e-108, 4.84497e-110, 5.09039e-112, 5.13465e-114, 4.97246e-116, 4.62309e-118, 4.12661e-120, 3.53635e-122, 2.9095e-124, 2.29816e-126, 1.74279e-128, 1.26884e-130, 8.86894e-133, 5.95163e-135, 3.83443e-137, 2.37173e-139, 1.40842e-141, 8.02964e-144, 4.39503e-146, 2.30955e-148, 1.16518e-150, 5.64366e-153, 2.62438e-155, 1.17164e-157, 5.02182e-160, 2.06646e-162, 8.16385e-165, 3.09644e-167, 1.12753e-169, 3.94182e-172
3.95125, 3.95227, 3.9533, 3.95435, 3.9554, 3.95647, 3.95755, 3.95864, 3.95974, 3.96085, 3.96198, 3.96311, 3.96426, 3.96542, 3.96659, 3.96778, 3.96897, 3.97018, 3.9714, 3.97264, 3.97389, 3.97515, 3.97642, 3.9777, 3.979, 3.98032, 3.98164, 3.98298, 3.98433, 3.9857, 3.98708, 3.98848, 3.98989, 3.99131, 3.99275, 3.9942, 3.99566, 3.99714, 3.99864, 4.00015, 4.00168, 4.00322, 4.00478, 4.00635, 4.00794, 4.00954, 4.01116, 4.01279, 4.01445, 4.01611, 4.0178, 4.0195, 4.02122, 4.02296, 4.02471, 4.02648, 4.02826, 4.03007, 4.03189, 4.03373, 4.03559, 4.03747, 4.03937, 4.04128, 4.04321, 4.04516, 4.04714, 4.04913, 4.05114, 4.05317, 4.05522, 4.05729, 4.05938, 4.06149, 4.06362, 4.06577, 4.06795, 4.07014, 4.07236, 4.0746, 4.07686, 4.07914, 4.08145, 4.08378, 4.08613, 4.0885, 4.0909, 4.09332, 4.09576, 4.09823, 4.10073, 4.10325, 4.10579, 4.10836, 4.11095, 4.11357, 4.11622, 4.11889, 4.12158, 4.12431, 4.12706, 4.12984, 4.13265, 4.13548, 4.13835, 4.14124, 4.14416, 4.14711, 4.15009, 4.1531, 4.15614, 4.15921, 4.16231, 4.16545, 4.16861, 4.17181, 4.17504, 4.1783, 4.18159, 4.18492, 4.18829, 4.19168, 4.19511, 4.19858, 4.20208, 4.20562, 4.2092, 4.21281, 4.21646, 4.22014, 4.22387, 4.22763, 4.23144, 4.23528, 4.23916, 4.24309, 4.24705, 4.25106, 4.25511, 4.2592, 4.26333, 4.26751, 4.27174, 4.276, 4.28032, 4.28468, 4.28909, 4.29354, 4.29804, 4.3026, 4.3072, 4.31185, 4.31655, 4.3213, 4.32611, 4.33097, 4.33588, 4.34085, 4.34587, 4.35095, 4.35608, 4.36127, 4.36652, 4.37183, 4.3772, 4.38263, 4.38812, 4.39368, 4.3993, 4.40498, 4.41073, 4.41654, 4.42243, 4.42838, 4.4344, 4.44049, 4.44666, 4.45289, 4.4592, 4.46559, 4.47205, 4.47859, 4.48521, 4.49191, 4.49869, 4.50556, 4.5125, 4.51954, 4.52666, 4.53387, 4.54117, 4.54856, 4.55604, 4.56362, 4.57129, 4.57907, 4.58694, 4.59491, 4.60299, 4.61117, 4.61946, 4.62786, 4.63637, 4.645, 4.65373, 4.66259, 4.67156, 4.68066, 4.68988, 4.69923, 4.70871, 4.71831, 4.72806, 4.73794, 4.74795, 4.75811, 4.76842, 4.77887, 4.78948, 4.80024, 4.81116, 4.82223, 4.83348, 4.84489, 4.85647, 4.86823, 4.88016, 4.89228, 4.90459, 4.91709, 4.92978, 4.94268, 4.95578, 4.96909, 4.98261, 4.99636, 5.01033, 5.02453, 5.03897, 5.05365, 5.06858, 5.08376, 5.09921, 5.11492, 5.13091, 5.14718, 5.16374, 5.18059, 5.19776, 5.21523, 5.23303, 5.25117, 5.26964, 5.28847, 5.30765, 5.32721, 5.34716, 5.36749, 5.38824, 5.4094, 5.431, 5.45304, 5.47555, 5.49853, 5.522, 5.54598, 5.57049, 5.59553, 5.62115, 5.64734, 5.67414, 5.70156, 5.72963, 5.75837, 5.78781, 5.81797, 5.84889, 5.88059, 5.91311, 5.94647, 5.98072, 6.0159, 6.05203, 6.08917, 6.12736, 6.16665, 6.20709, 6.24874, 6.29164, 6.33588, 6.38151, 6.4286, 6.47724, 6.52751, 6.5795, 6.6333, 6.68902, 6.74678, 6.8067, 6.86892, 6.93358, 7.00085, 7.07091, 7.14395, 7.22019, 7.29987, 7.38325, 7.47065, 7.56239, 7.65884, 7.76044, 7.86768, 7.9811, 8.10136, 8.2292, 8.36551, 8.51132, 8.66791, 8.8368, 9.01989, 9.21954, 9.43873, 9.68111, 9.95119, 10.2542, 10.5961, 10.9827, 11.4186, 11.9055, 12.4398, 13.0099, 13.5932, 14.1548, 14.647, 15.0124, 15.1897, 15.1214, 14.764, 14.097, 13.1292, 11.9004, 10.4771, 8.9447, 7.39469, 5.91275, 4.56817, 3.40731, 2.45183, 1.70106, 1.1373, 0.73244, 0.454201, 0.271123, 0.155742, 0.0860723, 0.0457557, 0.0233918, 0.0114981, 0.00543278, 0.00246632, 0.00107463, 0.000448197, 0.000177485, 6.46309e-05, 1.82685e-05, 5.18821e-06, 1.81176e-06, 6.08311e-07, 1.96089e-07, 6.0685e-08, 1.80307e-08, 5.14334e-09, 1.40857e-09, 3.70354e-10, 9.34879e-11, 2.26567e-11, 5.27155e-12, 1.17756e-12, 2.5254e-13, 5.1997e-14, 1.02785e-14, 1.95065e-15, 3.55414e-16, 6.21713e-17, 1.04411e-17, 1.68347e-18, 2.60596e-19, 3.87285e-20, 5.52579e-21, 7.56939e-22, 9.9547e-23, 1.25689e-23, 1.52359e-24, 1.77313e-25, 1.98114e-26, 2.12516e-27, 2.18861e-28, 2.16395e-29, 2.05413e-30, 1.87201e-31, 1.63792e-32, 1.37587e-33, 1.10959e-34, 8.59114e-36, 6.38616e-37, 4.55753e-38, 3.12264e-39, 2.05406e-40, 1.2972e-41, 7.86509e-43, 4.57826e-44, 2.55858e-45, 1.37277e-46, 7.07127e-48, 3.49703e-49, 1.66036e-50, 7.56842e-52, 3.31215e-53, 1.39161e-54, 5.61336e-56, 2.17386e-57, 8.0824e-59, 2.88503e-60, 9.88693e-62, 3.25292e-63, 1.02751e-64, 3.11602e-66, 9.07225e-68, 2.53589e-69, 6.8053e-71, 1.75333e-72, 4.33693e-74, 1.02991e-75, 2.34812e-77, 5.13974e-79, 1.0801e-80, 2.17914e-82, 4.22092e-84, 7.84929e-86, 1.40137e-87, 2.40203e-89, 3.95279e-91, 6.24495e-93, 9.4723e-95, 1.37937e-96, 1.92845e-98, 2.58843e-100, 3.33553e-102, 4.12662e-104, 4.90143e-106, 5.58924e-108, 6.11903e-110, 6.43151e-112, 6.48998e-114, 6.28745e-116, 5.84798e-118, 5.222e-120, 4.47681e-122, 3.68469e-124, 2.91161e-126, 2.20885e-128, 1.60879e-130, 1.12495e-132, 7.55204e-135, 4.8674e-137, 3.01183e-139, 1.78922e-141, 1.02046e-143, 5.58767e-146, 2.93741e-148, 1.48251e-150, 7.18341e-153, 3.34167e-155, 1.49244e-157, 6.39927e-160, 2.63429e-162, 1.04111e-164, 3.95029e-167, 1.439e-169, 5.03262e-172
208.60
176.53
 
MEASUREMENT 9
1.56305, 4.67879, 7.79453, 10.9103, 14.0312, 17.1469, 20.2679, 23.3784, 26.4796, 29.5859, 32.6913, 35.8071, 38.9228, 42.0385, 45.1595, 48.2752, 51.3909, 54.5067, 57.6224, 60.7381, 63.8435, 66.9593, 70.0698, 73.1752, 76.2806, 79.3859, 82.4913, 85.5967, 88.7021, 91.8074, 94.9128, 98.0182, 101.1, 104.148, 107.196, 110.244, 113.292, 116.339, 119.387, 122.435, 125.483, 128.531, 131.574, 134.622, 137.67, 140.718, 143.766, 146.814, 149.861, 152.909, 155.957, 159.005, 162.053, 165.101, 168.149, 171.197, 174.245, 177.293, 180.341, 183.389, 186.436, 189.484, 192.532, 195.58, 198.621, 201.655, 204.688, 207.722, 210.756, 213.794, 216.838, 219.882, 222.926, 225.97, 229.014, 232.058, 235.102, 238.145, 241.189, 244.233, 247.277, 250.321, 253.37, 256.424, 259.478, 262.532, 265.586, 268.64, 271.695, 274.749, 277.803, 280.857, 283.911, 286.97, 290.035, 293.099
3.49691, 3.50904, 3.49986, 3.70775, 3.49314, 3.54168, 3.82864, 3.82457, 3.77009, 3.81525, 3.86071, 3.95, 3.95802, 3.9978, 3.99745, 4.00604, 4.16665, 4.20424, 4.27586, 4.31969, 3.83496, 4.28358, 4.30179, 4.27737, 4.38446, 4.39501, 4.42138, 4.4151, 4.47732, 4.13501, 4.54488, 3.94074, 4.56454, 4.56738, 4.61155, 4.62728, 4.65718, 4.69146, 4.7338, 4.75794, 4.77523, 4.82953, 4.8918, 4.90008, 4.96117, 5.03194, 5.10902, 5.15436, 5.20464, 5.25972, 5.36279, 5.46202, 5.56914, 5.64076, 5.75623, 6.0339, 6.1203, 6.20591, 6.45312, 6.75471, 6.99349, 7.44812, 7.89818, 8.68917, 11.1313, 12.7181, 14.3241, 13.0437, 6.75995, 1.54433, 0.126417, 0.00635942, -0.0336104, -0.0470633, -0.0344432, -0.0111175, -0.0265104, -0.0223183, -0.0631897, -0.036638, -0.0672115, -0.129766, -0.057965, -0.0336443, -0.108535, -0.128935, -0.0666549, -0.037275, -0.0238389, -0.0224593, -0.0266378, -0.0470239, -0.052664, -0.0409503, -0.0833568, -0.0812495
0.104907, 0.105271, 0.104996, 0.111233, 0.104794, 0.10625, 0.114859, 0.114737, 0.113103, 0.114457, 0.115821, 0.1185, 0.118741, 0.119934, 0.119923, 0.120181, 0.125, 0.126127, 0.128276, 0.129591, 0.115049, 0.128507, 0.129054, 0.128321, 0.131534, 0.13185, 0.132641, 0.132453, 0.13432, 0.12405, 0.136347, 0.118222, 0.136936, 0.137021, 0.138346, 0.138818, 0.139715, 0.140744, 0.142014, 0.142738, 0.143257, 0.144886, 0.146754, 0.147002, 0.148835, 0.150958, 0.153271, 0.154631, 0.156139, 0.157792, 0.160884, 0.163861, 0.167074, 0.169223, 0.172687, 0.181017, 0.183609, 0.186177, 0.193593, 0.202641, 0.209805, 0.223444, 0.236945, 0.260675, 0.333939, 0.381544, 0.429724, 0.39131, 0.202799, 0.0463298, 0.0037925, 0.000190783, 0.00100831, 0.0014119, 0.0010333, 0.000333526, 0.000795311, 0.000669549, 0.00189569, 0.00109914, 0.00201635, 0.00389298, 0.00173895, 0.00100933, 0.00325605, 0.00386805, 0.00199965, 0.00111825, 0.000715167, 0.00067378, 0.000799135, 0.00141072, 0.00157992, 0.00122851, 0.0025007, 0.00243749
0, 0.613815, 1.22763, 1.84144, 2.45526, 3.06907, 3.68289, 4.2967, 4.91052, 5.52433, 6.13815, 6.75196, 7.36578, 7.97959, 8.59341, 9.20722, 9.82104, 10.4349, 11.0487, 11.6625, 12.2763, 12.8901, 13.5039, 14.1177, 14.7316, 15.3454, 15.9592, 16.573, 17.1868, 17.8006, 18.4144, 19.0283, 19.6421, 20.2559, 20.8697, 21.4835, 22.0973, 22.7111, 23.325, 23.9388, 24.5526, 25.1664, 25.7802, 26.394, 27.0078, 27.6217, 28.2355, 28.8493, 29.4631, 30.0769, 30.6907, 31.3046, 31.9184, 32.5322, 33.146, 33.7598, 34.3736, 34.9874, 35.6013, 36.2151, 36.8289, 37.4427, 38.0565, 38.6703, 39.2841, 39.898, 40.5118, 41.1256, 41.7394, 42.3532, 42.967, 43.5808, 44.1947, 44.8085, 45.4223, 46.0361, 46.6499, 47.2637, 47.8775, 48.4914, 49.1052, 49.719, 50.3328, 50.9466, 51.5604, 52.1743, 52.7881, 53.4019, 54.0157, 54.6295, 55.2433, 55.8571, 56.471, 57.0848, 57.6986, 58.3124, 58.9262, 59.54, 60.1538, 60.7677, 61.3815, 61.9953, 62.6091, 63.2229, 63.8367, 64.4505, 65.0644, 65.6782, 66.292, 66.9058, 67.5196, 68.1334, 68.7473, 69.3611, 69.9749, 70.5887, 71.2025, 71.8163, 72.4301, 73.044, 73.6578, 74.2716, 74.8854, 75.4992, 76.113, 76.7268, 77.3407, 77.9545, 78.5683, 79.1821, 79.7959, 80.4097, 81.0235, 81.6374, 82.2512, 82.865, 83.4788, 84.0926, 84.7064, 85.3202, 85.9341, 86.5479, 87.1617, 87.7755, 88.3893, 89.0031, 89.617, 90.2308, 90.8446, 91.4584, 92.0722, 92.686, 93.2998, 93.9137, 94.5275, 95.1413, 95.7551, 96.3689, 96.9827, 97.5965, 98.2104, 98.8242, 99.438, 100.052, 100.666, 101.279, 101.893, 102.507, 103.121, 103.735, 104.349, 104.962, 105.576, 106.19, 106.804, 107.418, 108.031, 108.645, 109.259, 109.873, 110.487, 111.1, 111.714, 112.328, 112.942, 113.556, 114.17, 114.783, 115.397, 116.011, 116.625, 117.239, 117.852, 118.466, 119.08, 119.694, 120.308, 120.922, 121.535, 122.149, 122.763, 123.377, 123.991, 124.604, 125.218, 125.832, 126.446, 127.06, 127.673, 128.287, 128.901, 129.515, 130.129, 130.743, 131.356, 131.97, 132.584, 133.198, 133.812, 134.425, 135.039, 135.653, 136.267, 136.881, 137.495, 138.108, 138.722, 139.336, 139.95, 140.564, 141.177, 141.791, 142.405, 143.019, 143.633, 144.246, 144.86, 145.474, 146.088, 146.702, 147.316, 147.929, 148.543, 149.157, 149.771, 150.385, 150.998, 151.612, 152.226, 152.84, 153.454, 154.068, 154.681, 155.295, 155.909, 156.523, 157.137, 157.75, 158.364, 158.978, 159.592, 160.206, 160.819, 161.433, 162.047, 162.661, 163.275, 163.889, 164.502, 165.116, 165.73, 166.344, 166.958, 167.571, 168.185, 168.799, 169.413, 170.027, 170.64, 171.254, 171.868, 172.482, 173.096, 173.71, 174.323, 174.937, 175.551, 176.165, 176.779, 177.392, 178.006, 178.62, 179.234, 179.848, 180.462, 181.075, 181.689, 182.303, 182.917, 183.531, 184.144, 184.758, 185.372, 185.986, 186.6, 187.213, 187.827, 188.441, 189.055, 189.669, 190.283, 190.896, 191.51, 192.124, 192.738, 193.352, 193.965, 194.579, 195.193, 195.807, 196.421, 197.035, 197.648, 198.262, 198.876, 199.49, 200.104, 200.717, 201.331, 201.945, 202.559, 203.173, 203.786, 204.4, 205.014, 205.628, 206.242, 206.856, 207.469, 208.083, 208.697, 209.311, 209.925, 210.538, 211.152, 211.766, 212.38, 212.994, 213.608, 214.221, 214.835, 215.449, 216.063, 216.677, 217.29, 217.904, 218.518, 219.132, 219.746, 220.359, 220.973, 221.587, 222.201, 222.815, 223.429, 224.042, 224.656, 225.27, 225.884, 226.498, 227.111, 227.725, 228.339, 228.953, 229.567, 230.181, 230.794, 231.408, 232.022, 232.636, 233.25, 233.863, 234.477, 235.091, 235.705, 236.319, 236.932, 237.546, 238.16, 238.774, 239.388, 240.002, 240.615, 241.229, 241.843, 242.457, 243.071, 243.684, 244.298, 244.912, 245.526, 246.14, 246.754, 247.367, 247.981, 248.595, 249.209, 249.823, 250.436, 251.05, 251.664, 252.278, 252.892, 253.505, 254.119, 254.733, 255.347, 255.961, 256.575, 257.188, 257.802, 258.416, 259.03, 259.644, 260.257, 260.871, 261.485, 262.099, 262.713, 263.327, 263.94, 264.554, 265.168, 265.782, 266.396, 267.009, 267.623, 268.237, 268.851, 269.465, 270.078, 270.692, 271.306, 271.92, 272.534, 273.148, 273.761, 274.375, 274.989, 275.603, 276.217, 276.83, 277.444, 278.058, 278.672, 279.286, 279.9, 280.513, 281.127, 281.741, 282.355, 282.969, 283.582, 284.196, 284.81, 285.424, 286.038, 286.651, 287.265, 287.879, 288.493, 289.107, 289.721, 290.334, 290.948, 291.562, 292.176, 292.79, 293.403, 294.017
3.94744, 3.94844, 3.94945, 3.95048, 3.95151, 3.95256, 3.95361, 3.95468, 3.95576, 3.95686, 3.95796, 3.95908, 3.9602, 3.96134, 3.96249, 3.96366, 3.96483, 3.96602, 3.96722, 3.96843, 3.96966, 3.9709, 3.97215, 3.97341, 3.97469, 3.97598, 3.97728, 3.9786, 3.97993, 3.98127, 3.98263, 3.984, 3.98539, 3.98679, 3.9882, 3.98963, 3.99107, 3.99253, 3.994, 3.99549, 3.99699, 3.9985, 4.00004, 4.00158, 4.00315, 4.00472, 4.00632, 4.00793, 4.00956, 4.0112, 4.01286, 4.01453, 4.01622, 4.01793, 4.01966, 4.0214, 4.02316, 4.02494, 4.02674, 4.02855, 4.03038, 4.03223, 4.0341, 4.03598, 4.03789, 4.03981, 4.04175, 4.04372, 4.0457, 4.0477, 4.04972, 4.05176, 4.05382, 4.0559, 4.058, 4.06012, 4.06227, 4.06443, 4.06662, 4.06882, 4.07105, 4.0733, 4.07558, 4.07787, 4.08019, 4.08253, 4.0849, 4.08728, 4.08969, 4.09213, 4.09459, 4.09707, 4.09958, 4.10211, 4.10467, 4.10726, 4.10987, 4.1125, 4.11516, 4.11785, 4.12057, 4.12331, 4.12608, 4.12888, 4.1317, 4.13456, 4.13744, 4.14035, 4.14329, 4.14626, 4.14926, 4.15229, 4.15535, 4.15844, 4.16157, 4.16472, 4.16791, 4.17113, 4.17438, 4.17766, 4.18098, 4.18434, 4.18772, 4.19114, 4.1946, 4.19809, 4.20162, 4.20519, 4.20879, 4.21243, 4.21611, 4.21982, 4.22358, 4.22737, 4.2312, 4.23508, 4.23899, 4.24295, 4.24694, 4.25098, 4.25507, 4.25919, 4.26336, 4.26758, 4.27183, 4.27614, 4.28049, 4.28489, 4.28933, 4.29383, 4.29837, 4.30296, 4.3076, 4.3123, 4.31704, 4.32184, 4.32669, 4.33159, 4.33655, 4.34156, 4.34663, 4.35176, 4.35694, 4.36218, 4.36749, 4.37285, 4.37827, 4.38375, 4.3893, 4.39491, 4.40059, 4.40633, 4.41214, 4.41801, 4.42396, 4.42997, 4.43606, 4.44221, 4.44844, 4.45475, 4.46113, 4.46759, 4.47412, 4.48073, 4.48743, 4.4942, 4.50106, 4.50801, 4.51503, 4.52215, 4.52936, 4.53665, 4.54404, 4.55152, 4.55909, 4.56677, 4.57454, 4.58241, 4.59038, 4.59845, 4.60664, 4.61492, 4.62332, 4.63183, 4.64045, 4.64919, 4.65805, 4.66703, 4.67612, 4.68535, 4.6947, 4.70418, 4.71379, 4.72353, 4.73342, 4.74344, 4.75361, 4.76392, 4.77438, 4.785, 4.79576, 4.80669, 4.81778, 4.82903, 4.84045, 4.85205, 4.86382, 4.87577, 4.88791, 4.90023, 4.91275, 4.92546, 4.93838, 4.9515, 4.96483, 4.97838, 4.99215, 5.00614, 5.02037, 5.03484, 5.04955, 5.06451, 5.07973, 5.09521, 5.11096, 5.12699, 5.1433, 5.15991, 5.17681, 5.19403, 5.21156, 5.22941, 5.2476, 5.26614, 5.28503, 5.30428, 5.32392, 5.34393, 5.36435, 5.38518, 5.40643, 5.42812, 5.45026, 5.47287, 5.49595, 5.51954, 5.54364, 5.56827, 5.59345, 5.6192, 5.64554, 5.67249, 5.70007, 5.72832, 5.75724, 5.78687, 5.81724, 5.84837, 5.8803, 5.91306, 5.94668, 5.9812, 6.01666, 6.05309, 6.09056, 6.12909, 6.16874, 6.20957, 6.25163, 6.29497, 6.33968, 6.38581, 6.43344, 6.48265, 6.53353, 6.58618, 6.64068, 6.69717, 6.75575, 6.81655, 6.87972, 6.94542, 7.01381, 7.08508, 7.15945, 7.23713, 7.31839, 7.40352, 7.49282, 7.58666, 7.68544, 7.78963, 7.89975, 8.01641, 8.14031, 8.27228, 8.41329, 8.56451, 8.72736, 8.90358, 9.09532, 9.30527, 9.53675, 9.7938, 10.0812, 10.4041, 10.7678, 11.1764, 11.6312, 12.1286, 12.6573, 13.1958, 13.7106, 14.156, 14.4772, 14.6151, 14.5149, 14.1353, 13.4571, 12.4893, 11.266, 9.88162, 8.39988, 6.90985, 5.49386, 4.21742, 3.12316, 2.22946, 1.53316, 1.01515, 0.646887, 0.396564, 0.233798, 0.132522, 0.0722003, 0.0378007, 0.019014, 0.00918676, 0.00426213, 0.00189764, 0.000809707, 0.000329837, 0.000126688, 4.37014e-05, 9.55765e-06, 3.29797e-06, 1.12495e-06, 3.68051e-07, 1.15484e-07, 3.4752e-08, 1.00295e-08, 2.77598e-09, 7.3688e-10, 1.87594e-10, 4.58016e-11, 1.07247e-11, 2.4084e-12, 5.18699e-13, 1.07138e-13, 2.12232e-14, 4.032e-15, 7.34634e-16, 1.2837e-16, 2.15127e-17, 3.45755e-18, 5.32946e-19, 7.87841e-20, 1.11695e-20, 1.5187e-21, 1.98039e-22, 2.47668e-23, 2.9705e-24, 3.41689e-25, 3.76941e-26, 3.988e-27, 4.0465e-28, 3.93771e-29, 3.67492e-30, 3.28923e-31, 2.82345e-32, 2.32439e-33, 1.83517e-34, 1.38958e-35, 1.0091e-36, 7.02787e-38, 4.69412e-39, 3.00695e-40, 1.8473e-41, 1.0884e-42, 6.15011e-44, 3.33285e-45, 1.73217e-46, 8.63384e-48, 4.12723e-49, 1.89214e-50, 8.31936e-52, 3.50805e-53, 1.41867e-54, 5.50224e-56, 2.04662e-57, 7.30086e-59, 2.49777e-60, 8.19539e-62, 2.57886e-63, 7.78263e-65, 2.2525e-66, 6.25236e-68, 1.66442e-69, 4.24935e-71, 1.04045e-72, 2.44321e-74, 5.50226e-76, 1.1884e-77, 2.46162e-79, 4.89013e-81, 9.31666e-83, 1.70232e-84, 2.98305e-86, 5.01325e-88, 8.08015e-90, 1.24899e-91, 1.85156e-93, 2.63243e-95, 3.58936e-97, 4.6937e-99, 5.88646e-101, 7.08e-103, 8.16679e-105, 9.03461e-107, 9.58534e-109, 9.75315e-111, 9.51748e-113, 8.90715e-115, 7.99457e-117, 6.88163e-119, 5.68103e-121, 4.49782e-123, 3.41521e-125, 2.48698e-127, 1.73686e-129, 1.16332e-131, 7.4726e-134, 4.60345e-136, 2.71979e-138, 1.54109e-140, 8.37447e-143, 4.36443e-145, 2.1814e-147, 1.04565e-149, 4.80698e-152, 2.11934e-154, 8.9612e-157, 3.63389e-159, 1.41324e-161, 5.2711e-164, 1.88549e-166, 6.46825e-169, 2.12808e-171, 6.71473e-174, 2.03193e-176
3.94744, 3.94846, 3.94949, 3.95053, 3.95158, 3.95265, 3.95372, 3.95481, 3.95591, 3.95702, 3.95814, 3.95928, 3.96042, 3.96158, 3.96275, 3.96393, 3.96513, 3.96634, 3.96756, 3.96879, 3.97003, 3.97129, 3.97256, 3.97385, 3.97514, 3.97645, 3.97778, 3.97911, 3.98046, 3.98183, 3.98321, 3.9846, 3.98601, 3.98743, 3.98886, 3.99031, 3.99177, 3.99325, 3.99475, 3.99625, 3.99778, 3.99932, 4.00087, 4.00244, 4.00403, 4.00563, 4.00724, 4.00888, 4.01053, 4.01219, 4.01387, 4.01557, 4.01729, 4.01902, 4.02077, 4.02254, 4.02432, 4.02612, 4.02794, 4.02978, 4.03164, 4.03351, 4.0354, 4.03731, 4.03924, 4.04119, 4.04316, 4.04515, 4.04716, 4.04918, 4.05123, 4.0533, 4.05538, 4.05749, 4.05962, 4.06177, 4.06394, 4.06613, 4.06834, 4.07058, 4.07283, 4.07511, 4.07742, 4.07974, 4.08209, 4.08446, 4.08685, 4.08927, 4.09171, 4.09417, 4.09666, 4.09918, 4.10172, 4.10428, 4.10687, 4.10948, 4.11213, 4.11479, 4.11749, 4.12021, 4.12295, 4.12573, 4.12853, 4.13136, 4.13422, 4.13711, 4.14002, 4.14297, 4.14594, 4.14895, 4.15198, 4.15505, 4.15815, 4.16127, 4.16443, 4.16763, 4.17085, 4.17411, 4.17739, 4.18072, 4.18407, 4.18747, 4.19089, 4.19435, 4.19785, 4.20138, 4.20495, 4.20856, 4.2122, 4.21588, 4.2196, 4.22336, 4.22715, 4.23099, 4.23487, 4.23878, 4.24274, 4.24674, 4.25078, 4.25487, 4.25899, 4.26317, 4.26738, 4.27164, 4.27595, 4.2803, 4.2847, 4.28915, 4.29364, 4.29819, 4.30278, 4.30742, 4.31212, 4.31686, 4.32166, 4.32651, 4.33141, 4.33637, 4.34138, 4.34645, 4.35158, 4.35676, 4.362, 4.3673, 4.37266, 4.37808, 4.38356, 4.38911, 4.39472, 4.40039, 4.40613, 4.41193, 4.41781, 4.42375, 4.42976, 4.43584, 4.44199, 4.44822, 4.45451, 4.46089, 4.46734, 4.47387, 4.48048, 4.48716, 4.49393, 4.50078, 4.50772, 4.51474, 4.52184, 4.52904, 4.53633, 4.5437, 4.55117, 4.55874, 4.5664, 4.57416, 4.58201, 4.58997, 4.59803, 4.6062, 4.61447, 4.62286, 4.63135, 4.63996, 4.64868, 4.65752, 4.66647, 4.67555, 4.68475, 4.69408, 4.70354, 4.71313, 4.72285, 4.73271, 4.74271, 4.75285, 4.76313, 4.77357, 4.78415, 4.79489, 4.80578, 4.81684, 4.82806, 4.83944, 4.851, 4.86274, 4.87465, 4.88674, 4.89902, 4.91149, 4.92416, 4.93703, 4.9501, 4.96338, 4.97688, 4.99059, 5.00453, 5.0187, 5.03311, 5.04775, 5.06265, 5.0778, 5.09321, 5.10888, 5.12483, 5.14106, 5.15759, 5.1744, 5.19153, 5.20896, 5.22672, 5.24481, 5.26324, 5.28202, 5.30116, 5.32067, 5.34056, 5.36085, 5.38154, 5.40265, 5.42419, 5.44618, 5.46863, 5.49155, 5.51496, 5.53887, 5.56331, 5.58829, 5.61383, 5.63995, 5.66667, 5.69402, 5.72201, 5.75066, 5.78002, 5.81009, 5.84092, 5.87252, 5.90494, 5.9382, 5.97235, 6.00741, 6.04343, 6.08045, 6.11851, 6.15767, 6.19797, 6.23947, 6.28223, 6.32631, 6.37177, 6.41869, 6.46715, 6.51722, 6.56901, 6.62259, 6.67809, 6.73561, 6.79528, 6.85722, 6.9216, 6.98856, 7.05829, 7.13098, 7.20684, 7.28611, 7.36906, 7.45598, 7.5472, 7.64309, 7.74407, 7.85062, 7.96328, 8.0827, 8.20959, 8.34482, 8.48942, 8.64458, 8.81182, 8.99296, 9.19028, 9.40666, 9.64567, 9.91175, 10.2102, 10.5469, 10.9282, 11.3593, 11.843, 12.377, 12.9512, 13.5446, 14.1233, 14.6397, 15.0355, 15.2465, 15.2117, 14.8834, 14.2369, 13.2783, 12.0461, 10.6081, 9.05229, 7.47434, 5.96403, 4.59418, 3.41348, 2.44448, 1.68619, 1.11978, 0.715587, 0.439883, 0.260023, 0.147763, 0.0807027, 0.0423531, 0.0213534, 0.0103404, 0.004808, 0.00214547, 0.000917621, 0.000374889, 0.000144689, 5.04414e-05, 1.16378e-05, 4.02251e-06, 1.37282e-06, 4.49336e-07, 1.41049e-07, 4.2463e-08, 1.22601e-08, 3.39481e-09, 9.0153e-10, 2.29607e-10, 5.60831e-11, 1.31377e-11, 2.95154e-12, 6.35945e-13, 1.31411e-13, 2.60425e-14, 4.94967e-15, 9.02216e-16, 1.5772e-16, 2.64425e-17, 4.25167e-18, 6.55629e-19, 9.69611e-20, 1.37524e-20, 1.87068e-21, 2.4404e-22, 3.05326e-23, 3.66359e-24, 4.21591e-25, 4.65282e-26, 4.92473e-27, 4.99907e-28, 4.86672e-29, 4.54386e-30, 4.06868e-31, 3.494e-32, 2.87762e-33, 2.27292e-34, 1.72177e-35, 1.25085e-36, 8.71524e-38, 5.82361e-39, 3.73203e-40, 2.29371e-41, 1.35199e-42, 7.64273e-44, 4.14346e-45, 2.15436e-46, 1.07427e-47, 5.13749e-49, 2.35628e-50, 1.03644e-51, 4.37222e-53, 1.76888e-54, 6.86336e-56, 2.55396e-57, 9.11449e-59, 3.11954e-60, 1.02397e-61, 3.22349e-63, 9.73207e-65, 2.81789e-66, 7.82496e-68, 2.08392e-69, 5.32254e-71, 1.30376e-72, 3.06278e-74, 6.90041e-76, 1.49098e-77, 3.08966e-79, 6.14029e-81, 1.17033e-82, 2.13927e-84, 3.75027e-86, 6.30521e-88, 1.01666e-89, 1.57215e-91, 2.33158e-93, 3.31624e-95, 4.52357e-97, 5.91775e-99, 7.42458e-101, 8.9336e-103, 1.03091e-104, 1.14092e-106, 1.21095e-108, 1.23265e-110, 1.20335e-112, 1.12664e-114, 1.01161e-116, 8.71135e-119, 7.19441e-121, 5.69829e-123, 4.32845e-125, 3.15327e-127, 2.20307e-129, 1.47616e-131, 9.48593e-134, 5.84608e-136, 3.45533e-138, 1.95863e-140, 1.06477e-142, 5.55132e-145, 2.77573e-147, 1.33106e-149, 6.12147e-152, 2.69994e-154, 1.14206e-156, 4.63305e-159, 1.80253e-161, 6.72567e-164, 2.40674e-166, 8.25962e-169, 2.71851e-171, 8.58105e-174, 2.5977e-176
208.64
176.55
 
MEASUREMENT 10
1.56305, 4.67879, 7.79453, 10.9103, 14.0312, 17.1469, 20.2679, 23.3784, 26.4796, 29.5859, 32.6913, 35.8071, 38.9228, 42.0385, 45.1595, 48.2752, 51.3909, 54.5067, 57.6224, 60.7381, 63.8435, 66.9593, 70.0698, 73.1752, 76.2806, 79.3859, 82.4913, 85.5967, 88.7021, 91.8074, 94.9128, 98.0182, 101.1, 104.148, 107.196, 110.244, 113.292, 116.339, 119.387, 122.435, 125.483, 128.531, 131.574, 134.622, 137.67, 140.718, 143.766, 146.814, 149.861, 152.909, 155.957, 159.005, 162.053, 165.101, 168.149, 171.197, 174.245, 177.293, 180.341, 183.389, 186.436, 189.484, 192.532, 195.58, 198.621, 201.655, 204.688, 207.722, 210.756, 213.794, 216.838, 219.882, 222.926, 225.97, 229.014, 232.058, 235.102, 238.145, 241.189, 244.233, 247.277, 250.321, 253.37, 256.424, 259.478, 262.532, 265.586, 268.64, 271.695, 274.749, 277.803, 280.857, 283.911, 286.97, 290.035, 293.099
3.49719, 3.51404, 3.50408, 3.71723, 3.49649, 3.54484, 3.83432, 3.82336, 3.77162, 3.81729, 3.86204, 3.9532, 3.95977, 4.00517, 4.00218, 4.00767, 4.16983, 4.20875, 4.28003, 4.32449, 3.83531, 4.28397, 4.30637, 4.29302, 4.389, 4.40077, 4.42645, 4.41551, 4.47733, 4.15079, 4.54825, 3.9355, 4.56842, 4.57798, 4.61251, 4.63175, 4.66026, 4.69658, 4.73935, 4.76399, 4.78074, 4.83365, 4.89852, 4.90403, 4.96153, 5.03967, 5.11232, 5.15767, 5.21148, 5.26637, 5.3732, 5.46642, 5.57176, 5.64828, 5.76363, 6.04054, 6.1261, 6.21785, 6.45411, 6.76451, 7.0034, 7.45349, 7.90525, 8.68046, 11.1503, 12.7274, 14.3359, 13.0591, 6.76199, 1.55675, 0.124116, 0.00491634, -0.0348303, -0.0466993, -0.0325598, -0.016357, -0.0308864, -0.0248468, -0.0603038, -0.0383777, -0.0648027, -0.125329, -0.060741, -0.0352331, -0.100476, -0.11232, -0.0608664, -0.041841, -0.0216937, -0.0250336, -0.02583, -0.0446103, -0.0536346, -0.0439034, -0.0804084, -0.0886342
0.104916, 0.105421, 0.105123, 0.111517, 0.104895, 0.106345, 0.11503, 0.114701, 0.113149, 0.114519, 0.115861, 0.118596, 0.118793, 0.120155, 0.120065, 0.12023, 0.125095, 0.126262, 0.128401, 0.129735, 0.115059, 0.128519, 0.129191, 0.128791, 0.13167, 0.132023, 0.132793, 0.132465, 0.13432, 0.124524, 0.136447, 0.118065, 0.137053, 0.13734, 0.138375, 0.138952, 0.139808, 0.140897, 0.142181, 0.14292, 0.143422, 0.145009, 0.146956, 0.147121, 0.148846, 0.15119, 0.153369, 0.15473, 0.156344, 0.157991, 0.161196, 0.163992, 0.167153, 0.169448, 0.172909, 0.181216, 0.183783, 0.186536, 0.193623, 0.202935, 0.210102, 0.223605, 0.237157, 0.260414, 0.334509, 0.381823, 0.430077, 0.391774, 0.20286, 0.0467024, 0.00372348, 0.00014749, 0.00104491, 0.00140098, 0.000976795, 0.000490711, 0.000926593, 0.000745404, 0.00180911, 0.00115133, 0.00194408, 0.00375988, 0.00182223, 0.00105699, 0.00301427, 0.0033696, 0.00182599, 0.00125523, 0.000650811, 0.000751009, 0.0007749, 0.00133831, 0.00160904, 0.0013171, 0.00241225, 0.00265903
0, 0.613815, 1.22763, 1.84144, 2.45526, 3.06907, 3.68289, 4.2967, 4.91052, 5.52433, 6.13815, 6.75196, 7.36578, 7.97959, 8.59341, 9.20722, 9.82104, 10.4349, 11.0487, 11.6625, 12.2763, 12.8901, 13.5039, 14.1177, 14.7316, 15.3454, 15.9592, 16.573, 17.1868, 17.8006, 18.4144, 19.0283, 19.6421, 20.2559, 20.8697, 21.4835, 22.0973, 22.7111, 23.325, 23.9388, 24.5526, 25.1664, 25.7802, 26.394, 27.0078, 27.6217, 28.2355, 28.8493, 29.4631, 30.0769, 30.6907, 31.3046, 31.9184, 32.5322, 33.146, 33.7598, 34.3736, 34.9874, 35.6013, 36.2151, 36.8289, 37.4427, 38.0565, 38.6703, 39.2841, 39.898, 40.5118, 41.1256, 41.7394, 42.3532, 42.967, 43.5808, 44.1947, 44.8085, 45.4223, 46.0361, 46.6499, 47.2637, 47.8775, 48.4914, 49.1052, 49.719, 50.3328, 50.9466, 51.5604, 52.1743, 52.7881, 53.4019, 54.0157, 54.6295, 55.2433, 55.8571, 56.471, 57.0848, 57.6986, 58.3124, 58.9262, 59.54, 60.1538, 60.7677, 61.3815, 61.9953, 62.6091, 63.2229, 63.8367, 64.4505, 65.0644, 65.6782, 66.292, 66.9058, 67.5196, 68.1334, 68.7473, 69.3611, 69.9749, 70.5887, 71.2025, 71.8163, 72.4301, 73.044, 73.6578, 74.2716, 74.8854, 75.4992, 76.113, 76.7268, 77.3407, 77.9545, 78.5683, 79.1821, 79.7959, 80.4097, 81.0235, 81.6374, 82.2512, 82.865, 83.4788, 84.0926, 84.7064, 85.3202, 85.9341, 86.5479, 87.1617, 87.7755, 88.3893, 89.0031, 89.617, 90.2308, 90.8446, 91.4584, 92.0722, 92.686, 93.2998, 93.9137, 94.5275, 95.1413, 95.7551, 96.3689, 96.9827, 97.5965, 98.2104, 98.8242, 99.438, 100.052, 100.666, 101.279, 101.893, 102.507, 103.121, 103.735, 104.349, 104.962, 105.576, 106.19, 106.804, 107.418, 108.031, 108.645, 109.259, 109.873, 110.487, 111.1, 111.714, 112.328, 112.942, 113.556, 114.17, 114.783, 115.397, 116.011, 116.625, 117.239, 117.852, 118.466, 119.08, 119.694, 120.308, 120.922, 121.535, 122.149, 122.763, 123.377, 123.991, 124.604, 125.218, 125.832, 126.446, 127.06, 127.673, 128.287, 128.901, 129.515, 130.129, 130.743, 131.356, 131.97, 132.584, 133.198, 133.812, 134.425, 135.039, 135.653, 136.267, 136.881, 137.495, 138.108, 138.722, 139.336, 139.95, 140.564, 141.177, 141.791, 142.405, 143.019, 143.633, 144.246, 144.86, 145.474, 146.088, 146.702, 147.316, 147.929, 148.543, 149.157, 149.771, 150.385, 150.998, 151.612, 152.226, 152.84, 153.454, 154.068, 154.681, 155.295, 155.909, 156.523, 157.137, 157.75, 158.364, 158.978, 159.592, 160.206, 160.819, 161.433, 162.047, 162.661, 163.275, 163.889, 164.502, 165.116, 165.73, 166.344, 166.958, 167.571, 168.185, 168.799, 169.413, 170.027, 170.64, 171.254, 171.868, 172.482, 173.096, 173.71, 174.323, 174.937, 175.551, 176.165, 176.779, 177.392, 178.006, 178.62, 179.234, 179.848, 180.462, 181.075, 181.689, 182.303, 182.917, 183.531, 184.144, 184.758, 185.372, 185.986, 186.6, 187.213, 187.827, 188.441, 189.055, 189.669, 190.283, 190.896, 191.51, 192.124, 192.738, 193.352, 193.965, 194.579, 195.193, 195.807, 196.421, 197.035, 197.648, 198.262, 198.876, 199.49, 200.104, 200.717, 201.331, 201.945, 202.559, 203.173, 203.786, 204.4, 205.014, 205.628, 206.242, 206.856, 207.469, 208.083, 208.697, 209.311, 209.925, 210.538, 211.152, 211.766, 212.38, 212.994, 213.608, 214.221, 214.835, 215.449, 216.063, 216.677, 217.29, 217.904, 218.518, 219.132, 219.746, 220.359, 220.973, 221.587, 222.201, 222.815, 223.429, 224.042, 224.656, 225.27, 225.884, 226.498, 227.111, 227.725, 228.339, 228.953, 229.567, 230.181, 230.794, 231.408, 232.022, 232.636, 233.25, 233.863, 234.477, 235.091, 235.705, 236.319, 236.932, 237.546, 238.16, 238.774, 239.388, 240.002, 240.615, 241.229, 241.843, 242.457, 243.071, 243.684, 244.298, 244.912, 245.526, 246.14, 246.754, 247.367, 247.981, 248.595, 249.209, 249.823, 250.436, 251.05, 251.664, 252.278, 252.892, 253.505, 254.119, 254.733, 255.347, 255.961, 256.575, 257.188, 257.802, 258.416, 259.03, 259.644, 260.257, 260.871, 261.485, 262.099, 262.713, 263.327, 263.94, 264.554, 265.168, 265.782, 266.396, 267.009, 267.623, 268.237, 268.851, 269.465, 270.078, 270.692, 271.306, 271.92, 272.534, 273.148, 273.761, 274.375, 274.989, 275.603, 276.217, 276.83, 277.444, 278.058, 278.672, 279.286, 279.9, 280.513, 281.127, 281.741, 282.355, 282.969, 283.582, 284.196, 284.81, 285.424, 286.038, 286.651, 287.265, 287.879, 288.493, 289.107, 289.721, 290.334, 290.948, 291.562, 292.176, 292.79, 293.403, 294.017
3.95236, 3.95336, 3.95437, 3.95539, 3.95643, 3.95747, 3.95853, 3.9596, 3.96068, 3.96177, 3.96287, 3.96398, 3.96511, 3.96625, 3.9674, 3.96856, 3.96973, 3.97092, 3.97212, 3.97333, 3.97455, 3.97579, 3.97704, 3.9783, 3.97958, 3.98087, 3.98217, 3.98348, 3.98481, 3.98615, 3.98751, 3.98888, 3.99026, 3.99166, 3.99307, 3.9945, 3.99594, 3.9974, 3.99887, 4.00035, 4.00185, 4.00337, 4.0049, 4.00644, 4.008, 4.00958, 4.01117, 4.01278, 4.01441, 4.01605, 4.0177, 4.01938, 4.02107, 4.02278, 4.0245, 4.02624, 4.028, 4.02978, 4.03157, 4.03338, 4.03521, 4.03706, 4.03892, 4.04081, 4.04271, 4.04463, 4.04657, 4.04853, 4.05051, 4.05251, 4.05453, 4.05657, 4.05862, 4.0607, 4.0628, 4.06492, 4.06706, 4.06923, 4.07141, 4.07361, 4.07584, 4.07809, 4.08036, 4.08265, 4.08497, 4.08731, 4.08967, 4.09205, 4.09446, 4.0969, 4.09935, 4.10183, 4.10434, 4.10687, 4.10943, 4.11201, 4.11461, 4.11725, 4.11991, 4.12259, 4.1253, 4.12804, 4.13081, 4.1336, 4.13643, 4.13928, 4.14216, 4.14506, 4.148, 4.15097, 4.15396, 4.15699, 4.16005, 4.16314, 4.16626, 4.16941, 4.17259, 4.17581, 4.17906, 4.18234, 4.18565, 4.189, 4.19239, 4.1958, 4.19926, 4.20274, 4.20627, 4.20983, 4.21343, 4.21706, 4.22074, 4.22445, 4.2282, 4.23199, 4.23581, 4.23968, 4.24359, 4.24754, 4.25154, 4.25557, 4.25965, 4.26377, 4.26793, 4.27214, 4.2764, 4.28069, 4.28504, 4.28943, 4.29387, 4.29836, 4.3029, 4.30748, 4.31212, 4.31681, 4.32154, 4.32634, 4.33118, 4.33608, 4.34103, 4.34603, 4.3511, 4.35621, 4.36139, 4.36662, 4.37192, 4.37727, 4.38269, 4.38816, 4.3937, 4.39931, 4.40497, 4.41071, 4.41651, 4.42237, 4.42831, 4.43431, 4.44039, 4.44654, 4.45276, 4.45905, 4.46542, 4.47187, 4.47839, 4.48499, 4.49168, 4.49844, 4.50529, 4.51222, 4.51924, 4.52634, 4.53354, 4.54082, 4.54819, 4.55566, 4.56322, 4.57088, 4.57864, 4.58649, 4.59445, 4.60251, 4.61068, 4.61895, 4.62733, 4.63582, 4.64443, 4.65315, 4.66199, 4.67095, 4.68003, 4.68923, 4.69856, 4.70802, 4.71762, 4.72734, 4.7372, 4.74721, 4.75735, 4.76764, 4.77808, 4.78867, 4.79941, 4.81031, 4.82138, 4.8326, 4.844, 4.85557, 4.86731, 4.87923, 4.89133, 4.90363, 4.91611, 4.92879, 4.94167, 4.95476, 4.96806, 4.98157, 4.9953, 5.00926, 5.02345, 5.03788, 5.05254, 5.06746, 5.08264, 5.09807, 5.11377, 5.12975, 5.14602, 5.16257, 5.17942, 5.19658, 5.21405, 5.23185, 5.24997, 5.26845, 5.28727, 5.30646, 5.32602, 5.34596, 5.3663, 5.38705, 5.40822, 5.42983, 5.45188, 5.4744, 5.49739, 5.52088, 5.54488, 5.5694, 5.59447, 5.62011, 5.64633, 5.67316, 5.70061, 5.72872, 5.7575, 5.78698, 5.8172, 5.84817, 5.87993, 5.91251, 5.94595, 5.98027, 6.01553, 6.05175, 6.08899, 6.12728, 6.16669, 6.20725, 6.24903, 6.29208, 6.33648, 6.38228, 6.42956, 6.4784, 6.52889, 6.58111, 6.63517, 6.69118, 6.74924, 6.8095, 6.87208, 6.93714, 7.00485, 7.07539, 7.14896, 7.22577, 7.30609, 7.39018, 7.47836, 7.57095, 7.66837, 7.77103, 7.87946, 7.99421, 8.11597, 8.24549, 8.38371, 8.5317, 8.69077, 8.86251, 9.0489, 9.2524, 9.47609, 9.72382, 10.0003, 10.3108, 10.6615, 11.0577, 11.5032, 11.9979, 12.5344, 13.0956, 13.6514, 14.1578, 14.5579, 14.7874, 14.7821, 14.4892, 13.8783, 12.9491, 11.7331, 10.3139, 8.77674, 7.21427, 5.72002, 4.36958, 3.21288, 2.27197, 1.54407, 1.00793, 0.631653, 0.379865, 0.219141, 0.121236, 0.0643023, 0.0326894, 0.0159246, 0.00743182, 0.00332131, 0.00142021, 0.000579838, 0.000224553, 8.05787e-05, 2.39031e-05, 5.61097e-06, 1.88751e-06, 6.07412e-07, 1.86964e-07, 5.5045e-08, 1.5501e-08, 4.17525e-09, 1.0757e-09, 2.65081e-10, 6.24813e-11, 1.40865e-11, 3.03767e-12, 6.26556e-13, 1.23612e-13, 2.33263e-14, 4.2103e-15, 7.26878e-16, 1.20031e-16, 1.89586e-17, 2.8642e-18, 4.13887e-19, 5.72061e-20, 7.56285e-21, 9.56337e-22, 1.15669e-22, 1.33816e-23, 1.48075e-24, 1.56724e-25, 1.58661e-26, 1.53635e-27, 1.42295e-28, 1.26059e-29, 1.06817e-30, 8.65736e-32, 6.71142e-33, 4.97651e-34, 3.52954e-35, 2.39438e-36, 1.55364e-37, 9.64247e-39, 5.72412e-40, 3.25021e-41, 1.76521e-42, 9.16983e-44, 4.55627e-45, 2.1654e-46, 9.84351e-48, 4.27999e-49, 1.77999e-50, 7.08066e-52, 2.69409e-53, 9.80463e-55, 3.41297e-56, 1.13636e-57, 3.61893e-59, 1.10236e-60, 3.21183e-62, 8.95079e-64, 2.3859e-65, 6.08307e-67, 1.48346e-68, 3.46027e-70, 7.72016e-72, 1.64749e-73, 3.3628e-75, 6.5654e-77, 1.22603e-78, 2.1899e-80, 3.74134e-82, 6.1138e-84, 9.55602e-86, 1.42864e-87, 2.04292e-89, 2.79422e-91, 3.65553e-93, 4.57426e-95, 5.47485e-97, 6.26766e-99, 6.86308e-101, 7.18809e-103, 7.20094e-105, 6.89994e-107, 6.32387e-109, 5.54371e-111, 4.64836e-113, 3.72803e-115, 2.85983e-117, 2.09836e-119, 1.47266e-121, 9.88564e-124, 6.34728e-126, 3.89809e-128, 2.28979e-130, 1.28653e-132, 6.91395e-135, 3.55395e-137, 1.74734e-139, 8.21722e-142, 3.69617e-144, 1.59023e-146, 6.54407e-149, 2.57583e-151, 9.69762e-154, 3.49216e-156, 1.20283e-158, 3.96272e-161, 1.24871e-163, 3.76369e-166, 1.08503e-168, 2.99195e-171, 7.89123e-174, 1.99074e-176, 4.80359e-179, 1.10866e-181, 2.44742e-184, 5.16772e-187
3.95236, 3.95338, 3.95441, 3.95545, 3.9565, 3.95756, 3.95864, 3.95972, 3.96082, 3.96193, 3.96305, 3.96419, 3.96533, 3.96649, 3.96766, 3.96884, 3.97003, 3.97124, 3.97245, 3.97369, 3.97493, 3.97619, 3.97745, 3.97874, 3.98003, 3.98134, 3.98266, 3.984, 3.98535, 3.98671, 3.98809, 3.98948, 3.99088, 3.9923, 3.99374, 3.99518, 3.99665, 3.99812, 3.99962, 4.00112, 4.00264, 4.00418, 4.00573, 4.0073, 4.00888, 4.01048, 4.0121, 4.01373, 4.01538, 4.01704, 4.01872, 4.02042, 4.02213, 4.02386, 4.02561, 4.02738, 4.02916, 4.03096, 4.03278, 4.03461, 4.03647, 4.03834, 4.04023, 4.04214, 4.04407, 4.04601, 4.04798, 4.04997, 4.05197, 4.054, 4.05604, 4.0581, 4.06019, 4.06229, 4.06442, 4.06657, 4.06874, 4.07092, 4.07314, 4.07537, 4.07762, 4.0799, 4.0822, 4.08452, 4.08687, 4.08923, 4.09162, 4.09404, 4.09648, 4.09894, 4.10143, 4.10394, 4.10647, 4.10904, 4.11162, 4.11423, 4.11687, 4.11954, 4.12223, 4.12495, 4.12769, 4.13046, 4.13326, 4.13609, 4.13895, 4.14183, 4.14474, 4.14768, 4.15066, 4.15366, 4.15669, 4.15975, 4.16285, 4.16597, 4.16913, 4.17231, 4.17553, 4.17879, 4.18207, 4.18539, 4.18874, 4.19213, 4.19555, 4.19901, 4.2025, 4.20603, 4.2096, 4.2132, 4.21684, 4.22051, 4.22423, 4.22798, 4.23177, 4.2356, 4.23948, 4.24339, 4.24734, 4.25134, 4.25537, 4.25945, 4.26358, 4.26774, 4.27195, 4.27621, 4.28051, 4.28486, 4.28925, 4.29369, 4.29818, 4.30272, 4.30731, 4.31194, 4.31663, 4.32137, 4.32616, 4.33101, 4.3359, 4.34085, 4.34586, 4.35092, 4.35604, 4.36121, 4.36645, 4.37174, 4.37709, 4.38251, 4.38798, 4.39352, 4.39912, 4.40478, 4.41051, 4.41631, 4.42217, 4.4281, 4.43411, 4.44018, 4.44632, 4.45254, 4.45883, 4.46519, 4.47163, 4.47815, 4.48474, 4.49142, 4.49818, 4.50502, 4.51194, 4.51895, 4.52605, 4.53323, 4.5405, 4.54787, 4.55532, 4.56287, 4.57052, 4.57826, 4.58611, 4.59405, 4.6021, 4.61025, 4.61851, 4.62688, 4.63535, 4.64394, 4.65265, 4.66147, 4.67041, 4.67947, 4.68865, 4.69796, 4.7074, 4.71697, 4.72667, 4.73651, 4.74649, 4.75661, 4.76687, 4.77728, 4.78784, 4.79855, 4.80942, 4.82045, 4.83164, 4.843, 4.85454, 4.86624, 4.87812, 4.89019, 4.90244, 4.91488, 4.92751, 4.94035, 4.95338, 4.96663, 4.98009, 4.99377, 5.00767, 5.0218, 5.03616, 5.05077, 5.06562, 5.08073, 5.09609, 5.11172, 5.12762, 5.1438, 5.16027, 5.17704, 5.19411, 5.21149, 5.22919, 5.24721, 5.26558, 5.2843, 5.30337, 5.32281, 5.34263, 5.36284, 5.38346, 5.40449, 5.42595, 5.44785, 5.47021, 5.49304, 5.51635, 5.54017, 5.5645, 5.58938, 5.6148, 5.64081, 5.66741, 5.69463, 5.72248, 5.751, 5.78021, 5.81014, 5.84081, 5.87225, 5.90449, 5.93758, 5.97153, 6.00639, 6.0422, 6.079, 6.11684, 6.15575, 6.1958, 6.23703, 6.27951, 6.32328, 6.36843, 6.41501, 6.46311, 6.51281, 6.56419, 6.61735, 6.67238, 6.72941, 6.78855, 6.84994, 6.91371, 6.98002, 7.04905, 7.12098, 7.19602, 7.2744, 7.35638, 7.44224, 7.53229, 7.6269, 7.72647, 7.83145, 7.94236, 8.05981, 8.18448, 8.31718, 8.45887, 8.61069, 8.77398, 8.95043, 9.14213, 9.35169, 9.58242, 9.83846, 10.125, 10.448, 10.8144, 11.2309, 11.7027, 12.2311, 12.8103, 13.4244, 14.0433, 14.6217, 15.0997, 15.4078, 15.4754, 15.2426, 14.672, 13.759, 12.5363, 11.0721, 9.46019, 7.80653, 6.21294, 4.76331, 3.51455, 2.49359, 1.70011, 1.1132, 0.699691, 0.42198, 0.244105, 0.135404, 0.0720007, 0.0366937, 0.0179182, 0.00838177, 0.00375451, 0.00160925, 0.000658725, 0.000256103, 9.24839e-05, 2.80049e-05, 6.85414e-06, 2.30366e-06, 7.41664e-07, 2.28391e-07, 6.72719e-08, 1.89527e-08, 5.10729e-09, 1.31642e-09, 3.24547e-10, 7.65324e-11, 1.72622e-11, 3.72416e-12, 7.68499e-13, 1.51684e-13, 2.86366e-14, 5.1711e-15, 8.93158e-16, 1.47555e-16, 2.33166e-17, 3.52417e-18, 5.09484e-19, 7.0451e-20, 9.31806e-21, 1.17882e-21, 1.42643e-22, 1.65095e-23, 1.82769e-24, 1.93531e-25, 1.96012e-26, 1.89887e-27, 1.75951e-28, 1.55944e-29, 1.32199e-30, 1.07194e-31, 8.31368e-33, 6.16735e-34, 4.37608e-35, 2.96999e-36, 1.92799e-37, 1.19712e-38, 7.10971e-40, 4.03876e-41, 2.19445e-42, 1.14047e-43, 5.66925e-45, 2.69556e-46, 1.22589e-47, 5.33259e-49, 2.21874e-50, 8.82987e-52, 3.36112e-53, 1.22376e-54, 4.26176e-56, 1.41959e-57, 4.52293e-59, 1.37834e-60, 4.01768e-62, 1.12015e-63, 2.98715e-65, 7.61937e-67, 1.85893e-68, 4.33798e-70, 9.68263e-72, 2.06719e-73, 4.22132e-75, 8.24513e-77, 1.54038e-78, 2.75257e-80, 4.70469e-82, 7.69138e-84, 1.2027e-85, 1.79884e-87, 2.57341e-89, 3.52132e-91, 4.60875e-93, 5.76955e-95, 6.90846e-97, 7.91227e-99, 8.66765e-101, 9.08202e-103, 9.10216e-105, 8.72544e-107, 8.00037e-109, 7.01639e-111, 5.8857e-113, 4.7224e-115, 3.62417e-117, 2.66032e-119, 1.86784e-121, 1.25437e-123, 8.05738e-126, 4.95041e-128, 2.90917e-130, 1.63522e-132, 8.79154e-135, 4.52099e-137, 2.22373e-139, 1.04619e-141, 4.70783e-144, 2.02633e-146, 8.34217e-149, 3.28495e-151, 1.23725e-153, 4.45726e-156, 1.53588e-158, 5.06206e-161, 1.59579e-163, 4.81179e-166, 1.38776e-168, 3.82829e-171, 1.01012e-173, 2.54931e-176, 6.15393e-179, 1.42089e-181, 3.13797e-184, 6.62853e-187
208.79
176.62
 
MEASUREMENT 11
1.56305, 4.67879, 7.79453, 10.9103, 14.0312, 17.1469, 20.2679, 23.3784, 26.4796, 29.5859, 32.6913, 35.8071, 38.9228, 42.0385, 45.1595, 48.2752, 51.3909, 54.5067, 57.6224, 60.7381, 63.8435, 66.9593, 70.0698, 73.1752, 76.2806, 79.3859, 82.4913, 85.5967, 88.7021, 91.8074, 94.9128, 98.0182, 101.1, 104.148, 107.196, 110.244, 113.292, 116.339, 119.387, 122.435, 125.483, 128.531, 131.574, 134.622, 137.67, 140.718, 143.766, 146.814, 149.861, 152.909, 155.957, 159.005, 162.053, 165.101, 168.149, 171.197, 174.245, 177.293, 180.341, 183.389, 186.436, 189.484, 192.532, 195.58, 198.621, 201.655, 204.688, 207.722, 210.756, 213.794, 216.838, 219.882, 222.926, 225.97, 229.014, 232.058, 235.102, 238.145, 241.189, 244.233, 247.277, 250.321, 253.37, 256.424, 259.478, 262.532, 265.586, 268.64, 271.695, 274.749, 277.803, 280.857, 283.911, 286.97, 290.035, 293.099
3.49319, 3.51099, 3.49854, 3.71316, 3.49171, 3.53919, 3.82983, 3.82324, 3.76917, 3.81367, 3.85991, 3.95267, 3.95756, 3.9974, 4.00105, 4.00987, 4.16919, 4.20716, 4.28271, 4.32689, 3.8196, 4.2829, 4.3047, 4.28533, 4.3875, 4.3968, 4.42443, 4.41478, 4.47646, 4.13598, 4.54662, 3.94368, 4.56638, 4.57276, 4.60872, 4.62993, 4.65872, 4.69671, 4.7369, 4.75975, 4.7771, 4.83264, 4.89393, 4.90291, 4.96077, 5.037, 5.1115, 5.15823, 5.2048, 5.26051, 5.36636, 5.46144, 5.57175, 5.64622, 5.7592, 6.03293, 6.12244, 6.21021, 6.45831, 6.75854, 6.99815, 7.45426, 7.90139, 8.7634, 11.1377, 12.7239, 14.3279, 13.0525, 6.7487, 1.53522, 0.120077, 0.00214338, -0.0399093, -0.0463529, -0.0375198, -0.0154439, -0.0332969, -0.0218622, -0.0649654, -0.0349979, -0.0644679, -0.122157, -0.063533, -0.0323342, -0.0947372, -0.113194, -0.0585689, -0.0355623, -0.0248951, -0.0163019, -0.0268545, -0.0426145, -0.0544037, -0.0367563, -0.0771196, -0.0788016
0.104796, 0.10533, 0.104956, 0.111395, 0.104751, 0.106176, 0.114895, 0.114697, 0.113075, 0.11441, 0.115797, 0.11858, 0.118727, 0.119922, 0.120032, 0.120296, 0.125076, 0.126215, 0.128481, 0.129807, 0.114588, 0.128487, 0.129141, 0.12856, 0.131625, 0.131904, 0.132733, 0.132443, 0.134294, 0.124079, 0.136399, 0.118311, 0.136991, 0.137183, 0.138262, 0.138898, 0.139761, 0.140901, 0.142107, 0.142792, 0.143313, 0.144979, 0.146818, 0.147087, 0.148823, 0.15111, 0.153345, 0.154747, 0.156144, 0.157815, 0.160991, 0.163843, 0.167152, 0.169387, 0.172776, 0.180988, 0.183673, 0.186306, 0.193749, 0.202756, 0.209944, 0.223628, 0.237042, 0.262902, 0.33413, 0.381717, 0.429836, 0.391574, 0.202461, 0.0460566, 0.00360232, 6.43015e-05, 0.00119728, 0.00139059, 0.00112559, 0.000463317, 0.000998908, 0.000655867, 0.00194896, 0.00104994, 0.00193404, 0.00366472, 0.00190599, 0.000970027, 0.00284212, 0.00339581, 0.00175707, 0.00106687, 0.000746853, 0.000489057, 0.000805635, 0.00127844, 0.00163211, 0.00110269, 0.00231359, 0.00236405
0, 0.613815, 1.22763, 1.84144, 2.45526, 3.06907, 3.68289, 4.2967, 4.91052, 5.52433, 6.13815, 6.75196, 7.36578, 7.97959, 8.59341, 9.20722, 9.82104, 10.4349, 11.0487, 11.6625, 12.2763, 12.8901, 13.5039, 14.1177, 14.7316, 15.3454, 15.9592, 16.573, 17.1868, 17.8006, 18.4144, 19.0283, 19.6421, 20.2559, 20.8697, 21.4835, 22.0973, 22.7111, 23.325, 23.9388, 24.5526, 25.1664, 25.7802, 26.394, 27.0078, 27.6217, 28.2355, 28.8493, 29.4631, 30.0769, 30.6907, 31.3046, 31.9184, 32.5322, 33.146, 33.7598, 34.3736, 34.9874, 35.6013, 36.2151, 36.8289, 37.4427, 38.0565, 38.6703, 39.2841, 39.898, 40.5118, 41.1256, 41.7394, 42.3532, 42.967, 43.5808, 44.1947, 44.8085, 45.4223, 46.0361, 46.6499, 47.2637, 47.8775, 48.4914, 49.1052, 49.719, 50.3328, 50.9466, 51.5604, 52.1743, 52.7881, 53.4019, 54.0157, 54.6295, 55.2433, 55.8571, 56.471, 57.0848, 57.6986, 58.3124, 58.9262, 59.54, 60.1538, 60.7677, 61.3815, 61.9953, 62.6091, 63.2229, 63.8367, 64.4505, 65.0644, 65.6782, 66.292, 66.9058, 67.5196, 68.1334, 68.7473, 69.3611, 69.9749, 70.5887, 71.2025, 71.8163, 72.4301, 73.044, 73.6578, 74.2716, 74.8854, 75.4992, 76.113, 76.7268, 77.3407, 77.9545, 78.5683, 79.1821, 79.7959, 80.4097, 81.0235, 81.6374, 82.2512, 82.865, 83.4788, 84.0926, 84.7064, 85.3202, 85.9341, 86.5479, 87.1617, 87.7755, 88.3893, 89.0031, 89.617, 90.2308, 90.8446, 91.4584, 92.0722, 92.686, 93.2998, 93.9137, 94.5275, 95.1413, 95.7551, 96.3689, 96.9827, 97.5965, 98.2104, 98.8242, 99.438, 100.052, 100.666, 101.279, 101.893, 102.507, 103.121, 103.735, 104.349, 104.962, 105.576, 106.19, 106.804, 107.418, 108.031, 108.645, 109.259, 109.873, 110.487, 111.1, 111.714, 112.328, 112.942, 113.556, 114.17, 114.783, 115.397, 116.011, 116.625, 117.239, 117.852, 118.466, 119.08, 119.694, 120.308, 120.922, 121.535, 122.149, 122.763, 123.377, 123.991, 124.604, 125.218, 125.832, 126.446, 127.06, 127.673, 128.287, 128.901, 129.515, 130.129, 130.743, 131.356, 131.97, 132.584, 133.198, 133.812, 134.425, 135.039, 135.653, 136.267, 136.881, 137.495, 138.108, 138.722, 139.336, 139.95, 140.564, 141.177, 141.791, 142.405, 143.019, 143.633, 144.246, 144.86, 145.474, 146.088, 146.702, 147.316, 147.929, 148.543, 149.157, 149.771, 150.385, 150.998, 151.612, 152.226, 152.84, 153.454, 154.068, 154.681, 155.295, 155.909, 156.523, 157.137, 157.75, 158.364, 158.978, 159.592, 160.206, 160.819, 161.433, 162.047, 162.661, 163.275, 163.889, 164.502, 165.116, 165.73, 166.344, 166.958, 167.571, 168.185, 168.799, 169.413, 170.027, 170.64, 171.254, 171.868, 172.482, 173.096, 173.71, 174.323, 174.937, 175.551, 176.165, 176.779, 177.392, 178.006, 178.62, 179.234, 179.848, 180.462, 181.075, 181.689, 182.303, 182.917, 183.531, 184.144, 184.758, 185.372, 185.986, 186.6, 187.213, 187.827, 188.441, 189.055, 189.669, 190.283, 190.896, 191.51, 192.124, 192.738, 193.352, 193.965, 194.579, 195.193, 195.807, 196.421, 197.035, 197.648, 198.262, 198.876, 199.49, 200.104, 200.717, 201.331, 201.945, 202.559, 203.173, 203.786, 204.4, 205.014, 205.628, 206.242, 206.856, 207.469, 208.083, 208.697, 209.311, 209.925, 210.538, 211.152, 211.766, 212.38, 212.994, 213.608, 214.221, 214.835, 215.449, 216.063, 216.677, 217.29, 217.904, 218.518, 219.132, 219.746, 220.359, 220.973, 221.587, 222.201, 222.815, 223.429, 224.042, 224.656, 225.27, 225.884, 226.498, 227.111, 227.725, 228.339, 228.953, 229.567, 230.181, 230.794, 231.408, 232.022, 232.636, 233.25, 233.863, 234.477, 235.091, 235.705, 236.319, 236.932, 237.546, 238.16, 238.774, 239.388, 240.002, 240.615, 241.229, 241.843, 242.457, 243.071, 243.684, 244.298, 244.912, 245.526, 246.14, 246.754, 247.367, 247.981, 248.595, 249.209, 249.823, 250.436, 251.05, 251.664, 252.278, 252.892, 253.505, 254.119, 254.733, 255.347, 255.961, 256.575, 257.188, 257.802, 258.416, 259.03, 259.644, 260.257, 260.871, 261.485, 262.099, 262.713, 263.327, 263.94, 264.554, 265.168, 265.782, 266.396, 267.009, 267.623, 268.237, 268.851, 269.465, 270.078, 270.692, 271.306, 271.92, 272.534, 273.148, 273.761, 274.375, 274.989, 275.603, 276.217, 276.83, 277.444, 278.058, 278.672, 279.286, 279.9, 280.513, 281.127, 281.741, 282.355, 282.969, 283.582, 284.196, 284.81, 285.424, 286.038, 286.651, 287.265, 287.879, 288.493, 289.107, 289.721, 290.334, 290.948, 291.562, 292.176, 292.79, 293.403, 294.017
3.95122, 3.95221, 3.95321, 3.95423, 3.95526, 3.9563, 3.95735, 3.95841, 3.95948, 3.96056, 3.96166, 3.96276, 3.96388, 3.96501, 3.96615, 3.96731, 3.96847, 3.96965, 3.97084, 3.97205, 3.97326, 3.97449, 3.97573, 3.97699, 3.97825, 3.97953, 3.98083, 3.98213, 3.98345, 3.98479, 3.98614, 3.9875, 3.98887, 3.99026, 3.99166, 3.99308, 3.99451, 3.99596, 3.99742, 3.9989, 4.00039, 4.00189, 4.00341, 4.00495, 4.0065, 4.00807, 4.00965, 4.01125, 4.01286, 4.01449, 4.01614, 4.0178, 4.01948, 4.02118, 4.02289, 4.02462, 4.02637, 4.02814, 4.02992, 4.03172, 4.03354, 4.03537, 4.03723, 4.0391, 4.04099, 4.0429, 4.04483, 4.04677, 4.04874, 4.05073, 4.05273, 4.05476, 4.0568, 4.05887, 4.06096, 4.06306, 4.06519, 4.06734, 4.06951, 4.0717, 4.07391, 4.07615, 4.0784, 4.08068, 4.08298, 4.08531, 4.08765, 4.09002, 4.09242, 4.09484, 4.09728, 4.09974, 4.10223, 4.10475, 4.10729, 4.10985, 4.11244, 4.11506, 4.1177, 4.12037, 4.12306, 4.12579, 4.12854, 4.13131, 4.13412, 4.13695, 4.13981, 4.1427, 4.14562, 4.14857, 4.15154, 4.15455, 4.15759, 4.16066, 4.16376, 4.16689, 4.17005, 4.17325, 4.17647, 4.17974, 4.18303, 4.18636, 4.18972, 4.19311, 4.19654, 4.20001, 4.20351, 4.20705, 4.21062, 4.21423, 4.21788, 4.22157, 4.22529, 4.22906, 4.23286, 4.2367, 4.24059, 4.24451, 4.24848, 4.25249, 4.25654, 4.26063, 4.26476, 4.26894, 4.27317, 4.27744, 4.28176, 4.28612, 4.29053, 4.29498, 4.29949, 4.30404, 4.30865, 4.3133, 4.31801, 4.32276, 4.32757, 4.33244, 4.33735, 4.34232, 4.34735, 4.35243, 4.35757, 4.36277, 4.36802, 4.37334, 4.37871, 4.38415, 4.38965, 4.39521, 4.40084, 4.40653, 4.41228, 4.41811, 4.424, 4.42996, 4.43599, 4.44209, 4.44826, 4.45451, 4.46083, 4.46723, 4.4737, 4.48025, 4.48688, 4.4936, 4.50039, 4.50727, 4.51423, 4.52128, 4.52841, 4.53564, 4.54295, 4.55036, 4.55786, 4.56545, 4.57315, 4.58094, 4.58883, 4.59682, 4.60492, 4.61312, 4.62144, 4.62986, 4.63839, 4.64704, 4.6558, 4.66468, 4.67368, 4.6828, 4.69205, 4.70143, 4.71093, 4.72057, 4.73034, 4.74025, 4.75031, 4.7605, 4.77084, 4.78133, 4.79197, 4.80277, 4.81373, 4.82485, 4.83613, 4.84759, 4.85921, 4.87102, 4.883, 4.89517, 4.90753, 4.92008, 4.93283, 4.94578, 4.95894, 4.97231, 4.9859, 4.99971, 5.01374, 5.02801, 5.04252, 5.05728, 5.07228, 5.08754, 5.10307, 5.11886, 5.13494, 5.1513, 5.16795, 5.1849, 5.20216, 5.21975, 5.23765, 5.2559, 5.27448, 5.29343, 5.31274, 5.33243, 5.3525, 5.37298, 5.39386, 5.41518, 5.43693, 5.45913, 5.4818, 5.50496, 5.52861, 5.55278, 5.57748, 5.60273, 5.62855, 5.65497, 5.68199, 5.70965, 5.73797, 5.76698, 5.79669, 5.82714, 5.85836, 5.89037, 5.92322, 5.95693, 5.99154, 6.02709, 6.06362, 6.10118, 6.13981, 6.17956, 6.22048, 6.26263, 6.30608, 6.35089, 6.39711, 6.44484, 6.49415, 6.54513, 6.59787, 6.65247, 6.70905, 6.76771, 6.82859, 6.89183, 6.95759, 7.02603, 7.09734, 7.17173, 7.24941, 7.33064, 7.4157, 7.5049, 7.59858, 7.69715, 7.80104, 7.91076, 8.02689, 8.15009, 8.28115, 8.42096, 8.5706, 8.73136, 8.90479, 9.09279, 9.29778, 9.5228, 9.77173, 10.0495, 10.3624, 10.7177, 11.1234, 11.587, 12.1124, 12.6967, 13.3249, 13.9648, 14.5637, 15.0489, 15.3337, 15.3302, 14.9665, 14.2042, 13.0518, 11.5676, 9.87965, 8.10098, 6.36458, 4.78328, 3.43417, 2.35273, 1.53665, 0.956097, 0.566334, 0.319194, 0.171101, 0.0871959, 0.0422316, 0.0194331, 0.00849301, 0.00352355, 0.00138627, 0.00051567, 0.000179496, 5.59274e-05, 1.10695e-05, 3.35104e-06, 9.84648e-07, 2.74278e-07, 7.24207e-08, 1.81258e-08, 4.30025e-09, 9.67056e-10, 2.06145e-10, 4.16538e-11, 7.97809e-12, 1.44846e-12, 2.49272e-13, 4.06634e-14, 6.28776e-15, 9.21616e-16, 1.28046e-16, 1.68633e-17, 2.10515e-18, 2.49105e-19, 2.79412e-20, 2.97077e-21, 2.99402e-22, 2.86023e-23, 2.59006e-24, 2.2232e-25, 1.80888e-26, 1.39509e-27, 1.0199e-28, 7.06759e-30, 4.64245e-31, 2.89058e-32, 1.70602e-33, 9.54427e-35, 5.06131e-36, 2.54416e-37, 1.21224e-38, 5.47508e-40, 2.34398e-41, 9.51217e-43, 3.65903e-44, 1.33417e-45, 4.61126e-47, 1.51073e-48, 4.69154e-50, 1.38104e-51, 3.85349e-53, 1.01921e-54, 2.55526e-56, 6.07248e-58, 1.36791e-59, 2.92085e-61, 5.91181e-63, 1.13421e-64, 2.06265e-66, 3.55563e-68, 5.80991e-70, 8.99874e-72, 1.32116e-73, 1.8386e-75, 2.42537e-77, 3.03271e-79, 3.59454e-81, 4.03845e-83, 4.30077e-85, 4.34148e-87, 4.15421e-89, 3.76789e-91, 3.23943e-93, 2.63997e-95, 2.03933e-97, 1.49326e-99, 1.03644e-101, 6.81884e-104, 4.25243e-106, 2.51375e-108, 1.40853e-110, 7.4812e-113, 3.76647e-115, 1.79745e-117, 8.13089e-120, 3.48641e-122, 1.41703e-124, 5.45929e-127, 1.99367e-129, 6.90126e-132, 2.26445e-134, 7.04298e-137, 2.07639e-139, 5.80255e-142, 1.53705e-144, 3.85937e-147, 9.18549e-150, 2.07227e-152, 4.4315e-155, 8.98281e-158, 1.72597e-160, 3.14348e-163, 5.42684e-166, 8.88058e-169, 1.37751e-171, 2.02538e-174, 2.82276e-177, 3.72908e-180, 4.66968e-183, 5.54281e-186, 6.23636e-189, 6.65105e-192, 6.72368e-195, 6.44291e-198, 5.85214e-201, 5.03854e-204, 4.11199e-207, 3.18096e-210, 2.3325e-213, 1.62122e-216, 1.06812e-219, 6.67046e-223
3.95122, 3.95223, 3.95325, 3.95428, 3.95533, 3.95639, 3.95745, 3.95853, 3.95962, 3.96073, 3.96184, 3.96296, 3.9641, 3.96525, 3.96641, 3.96759, 3.96877, 3.96997, 3.97118, 3.9724, 3.97364, 3.97489, 3.97615, 3.97742, 3.97871, 3.98001, 3.98132, 3.98265, 3.98399, 3.98534, 3.98671, 3.98809, 3.98949, 3.9909, 3.99233, 3.99376, 3.99522, 3.99668, 3.99817, 3.99966, 4.00118, 4.0027, 4.00425, 4.0058, 4.00738, 4.00897, 4.01057, 4.01219, 4.01383, 4.01548, 4.01715, 4.01884, 4.02054, 4.02226, 4.024, 4.02576, 4.02753, 4.02932, 4.03112, 4.03295, 4.03479, 4.03665, 4.03853, 4.04043, 4.04234, 4.04428, 4.04623, 4.0482, 4.0502, 4.05221, 4.05424, 4.05629, 4.05836, 4.06046, 4.06257, 4.0647, 4.06686, 4.06903, 4.07123, 4.07345, 4.07569, 4.07795, 4.08024, 4.08255, 4.08488, 4.08723, 4.0896, 4.092, 4.09443, 4.09687, 4.09935, 4.10184, 4.10436, 4.10691, 4.10948, 4.11207, 4.1147, 4.11734, 4.12002, 4.12272, 4.12545, 4.1282, 4.13098, 4.13379, 4.13663, 4.13949, 4.14239, 4.14531, 4.14827, 4.15125, 4.15426, 4.1573, 4.16038, 4.16348, 4.16662, 4.16978, 4.17298, 4.17622, 4.17948, 4.18278, 4.18611, 4.18948, 4.19288, 4.19631, 4.19978, 4.20329, 4.20683, 4.21041, 4.21402, 4.21767, 4.22136, 4.22509, 4.22886, 4.23266, 4.23651, 4.2404, 4.24432, 4.24829, 4.2523, 4.25635, 4.26045, 4.26459, 4.26877, 4.273, 4.27727, 4.28159, 4.28595, 4.29036, 4.29482, 4.29933, 4.30388, 4.30849, 4.31314, 4.31785, 4.32261, 4.32742, 4.33228, 4.33719, 4.34217, 4.34719, 4.35227, 4.35741, 4.36261, 4.36786, 4.37318, 4.37855, 4.38398, 4.38948, 4.39504, 4.40066, 4.40635, 4.41211, 4.41793, 4.42381, 4.42977, 4.4358, 4.44189, 4.44806, 4.4543, 4.46062, 4.46701, 4.47348, 4.48003, 4.48665, 4.49335, 4.50014, 4.50701, 4.51396, 4.521, 4.52813, 4.53535, 4.54265, 4.55005, 4.55754, 4.56512, 4.5728, 4.58058, 4.58846, 4.59644, 4.60453, 4.61271, 4.62101, 4.62942, 4.63793, 4.64656, 4.65531, 4.66417, 4.67315, 4.68226, 4.69148, 4.70084, 4.71032, 4.71994, 4.72969, 4.73957, 4.7496, 4.75977, 4.77008, 4.78054, 4.79116, 4.80192, 4.81285, 4.82394, 4.83519, 4.84661, 4.8582, 4.86996, 4.88191, 4.89403, 4.90635, 4.91886, 4.93156, 4.94446, 4.95757, 4.97089, 4.98443, 4.99818, 5.01216, 5.02637, 5.04082, 5.05551, 5.07044, 5.08564, 5.10109, 5.11681, 5.13281, 5.14909, 5.16566, 5.18252, 5.19969, 5.21718, 5.23499, 5.25313, 5.27161, 5.29045, 5.30964, 5.32921, 5.34916, 5.36951, 5.39026, 5.41143, 5.43304, 5.45509, 5.4776, 5.50058, 5.52406, 5.54804, 5.57255, 5.59761, 5.62322, 5.64941, 5.67621, 5.70363, 5.7317, 5.76044, 5.78988, 5.82003, 5.85094, 5.88264, 5.91514, 5.9485, 5.98273, 6.01788, 6.054, 6.09111, 6.12927, 6.16853, 6.20893, 6.25053, 6.29339, 6.33757, 6.38314, 6.43016, 6.47872, 6.52889, 6.58078, 6.63446, 6.69005, 6.74767, 6.80742, 6.86945, 6.93389, 7.00092, 7.0707, 7.14343, 7.21931, 7.29857, 7.38149, 7.46834, 7.55945, 7.65518, 7.75593, 7.86217, 7.97442, 8.09328, 8.21944, 8.35372, 8.49705, 8.65055, 8.81557, 8.99374, 9.18706, 9.39806, 9.62999, 9.88699, 10.1744, 10.4992, 10.8694, 11.2945, 11.7835, 12.3426, 12.9711, 13.6559, 14.3656, 15.0466, 15.6226, 16.0002, 16.0825, 15.7873, 15.0668, 13.9238, 12.4172, 10.6552, 8.77643, 6.92515, 5.22617, 3.76701, 2.59053, 1.69809, 1.0602, 0.630085, 0.356255, 0.19155, 0.0979041, 0.0475523, 0.0219413, 0.00961466, 0.00399934, 0.00157766, 0.000588626, 0.000205863, 6.47742e-05, 1.35086e-05, 4.09258e-06, 1.20332e-06, 3.35371e-07, 8.86e-08, 2.21873e-08, 5.26667e-09, 1.18503e-09, 2.52748e-10, 5.10982e-11, 9.79233e-12, 1.7788e-12, 3.0629e-13, 4.99917e-14, 7.73439e-15, 1.13427e-15, 1.57676e-16, 2.07768e-17, 2.5951e-18, 3.07248e-19, 3.44815e-20, 3.66814e-21, 3.69884e-22, 3.53547e-23, 3.20325e-24, 2.75102e-25, 2.23955e-26, 1.72817e-27, 1.26408e-28, 8.76441e-30, 5.76013e-31, 3.58842e-32, 2.11902e-33, 1.18612e-34, 6.29334e-36, 3.16516e-37, 1.50893e-38, 6.81877e-40, 2.9208e-41, 1.18593e-42, 4.56433e-44, 1.66515e-45, 5.75828e-47, 1.88752e-48, 5.86477e-50, 1.72731e-51, 4.82226e-53, 1.27612e-54, 3.20104e-56, 7.61116e-58, 1.71542e-59, 3.66481e-61, 7.4215e-63, 1.4246e-64, 2.5921e-66, 4.47067e-68, 7.3089e-70, 1.13264e-71, 1.66376e-73, 2.31659e-75, 3.05751e-77, 3.82513e-79, 4.53611e-81, 5.09895e-83, 5.43296e-85, 5.48722e-87, 5.25324e-89, 4.76718e-91, 4.10067e-93, 3.34355e-95, 2.58416e-97, 1.89317e-99, 1.31468e-101, 8.65384e-104, 5.39954e-106, 3.19347e-108, 1.79031e-110, 9.51377e-113, 4.79221e-115, 2.28811e-117, 1.03557e-119, 4.44259e-122, 1.80657e-124, 6.96354e-127, 2.54428e-129, 8.81165e-132, 2.89274e-134, 9.00157e-137, 2.65513e-139, 7.42356e-142, 1.96742e-144, 4.94241e-147, 1.1769e-149, 2.65643e-152, 5.68349e-155, 1.15263e-157, 2.21576e-160, 4.0375e-163, 6.97366e-166, 1.14174e-168, 1.77187e-171, 2.60647e-174, 3.63439e-177, 4.80362e-180, 6.01815e-183, 7.14685e-186, 8.04497e-189, 8.58403e-192, 8.68191e-195, 8.32333e-198, 7.56373e-201, 6.51527e-204, 5.31969e-207, 4.11715e-210, 3.0204e-213, 2.10034e-216, 1.38443e-219, 8.6499e-223
209.16
176.80
 
MEASUREMENT 12
1.56305, 4.67879, 7.79453, 10.9103, 14.0312, 17.1469, 20.2679, 23.3784, 26.4796, 29.5859, 32.6913, 35.8071, 38.9228, 42.0385, 45.1595, 48.2752, 51.3909, 54.5067, 57.6224, 60.7381, 63.8435, 66.9593, 70.0698, 73.1752, 76.2806, 79.3859, 82.4913, 85.5967, 88.7021, 91.8074, 94.9128, 98.0182, 101.1, 104.148, 107.196, 110.244, 113.292, 116.339, 119.387, 122.435, 125.483, 128.531, 131.574, 134.622, 137.67, 140.718, 143.766, 146.814, 149.861, 152.909, 155.957, 159.005, 162.053, 165.101, 168.149, 171.197, 174.245, 177.293, 180.341, 183.389, 186.436, 189.484, 192.532, 195.58, 198.621, 201.655, 204.688, 207.722, 210.756, 213.794, 216.838, 219.882, 222.926, 225.97, 229.014, 232.058, 235.102, 238.145, 241.189, 244.233, 247.277, 250.321, 253.37, 256.424, 259.478, 262.532, 265.586, 268.64, 271.695, 274.749, 277.803, 280.857, 283.911, 286.97, 290.035, 293.099
3.49723, 3.51426, 3.50385, 3.71403, 3.49689, 3.53979, 3.82828, 3.82343, 3.76844, 3.81212, 3.86198, 3.95371, 3.95993, 4.00462, 4.00254, 4.0075, 4.16973, 4.2052, 4.28237, 4.32116, 3.82832, 4.2872, 4.30548, 4.28501, 4.38591, 4.40015, 4.42553, 4.41971, 4.47694, 4.13906, 4.5456, 3.93935, 4.56319, 4.57122, 4.60814, 4.63262, 4.66019, 4.6925, 4.73729, 4.76332, 4.77863, 4.83705, 4.8959, 4.90472, 4.96209, 5.04453, 5.10995, 5.1599, 5.20946, 5.26403, 5.36806, 5.46513, 5.57088, 5.64139, 5.75803, 6.03512, 6.12667, 6.21226, 6.45824, 6.75646, 6.99797, 7.45112, 7.90067, 8.75114, 11.1394, 12.72, 14.3293, 13.05, 6.74387, 1.54621, 0.115072, 0.00170751, -0.0387181, -0.0455903, -0.0358306, -0.0125482, -0.0293475, -0.0254248, -0.0562253, -0.0365933, -0.0621648, -0.114104, -0.0566089, -0.0350409, -0.0879132, -0.103813, -0.0556013, -0.0369865, -0.0228586, -0.0209277, -0.0262056, -0.0432792, -0.0537095, -0.0385214, -0.0763779, -0.0872742
0.104917, 0.105428, 0.105116, 0.111421, 0.104907, 0.106194, 0.114848, 0.114703, 0.113053, 0.114364, 0.115859, 0.118611, 0.118798, 0.120139, 0.120076, 0.120225, 0.125092, 0.126156, 0.128471, 0.129635, 0.11485, 0.128616, 0.129165, 0.12855, 0.131577, 0.132005, 0.132766, 0.132591, 0.134308, 0.124172, 0.136368, 0.118181, 0.136896, 0.137137, 0.138244, 0.138979, 0.139806, 0.140775, 0.142119, 0.142899, 0.143359, 0.145111, 0.146877, 0.147142, 0.148863, 0.151336, 0.153298, 0.154797, 0.156284, 0.157921, 0.161042, 0.163954, 0.167126, 0.169242, 0.172741, 0.181054, 0.1838, 0.186368, 0.193747, 0.202694, 0.209939, 0.223534, 0.23702, 0.262534, 0.334183, 0.3816, 0.42988, 0.3915, 0.202316, 0.0463864, 0.00345217, 5.12253e-05, 0.00116154, 0.00136771, 0.00107492, 0.000376445, 0.000880426, 0.000762744, 0.00168676, 0.0010978, 0.00186494, 0.00342311, 0.00169827, 0.00105123, 0.0026374, 0.00311438, 0.00166804, 0.00110959, 0.000685757, 0.000627832, 0.000786169, 0.00129837, 0.00161128, 0.00115564, 0.00229134, 0.00261823
0, 0.613815, 1.22763, 1.84144, 2.45526, 3.06907, 3.68289, 4.2967, 4.91052, 5.52433, 6.13815, 6.75196, 7.36578, 7.97959, 8.59341, 9.20722, 9.82104, 10.4349, 11.0487, 11.6625, 12.2763, 12.8901, 13.5039, 14.1177, 14.7316, 15.3454, 15.9592, 16.573, 17.1868, 17.8006, 18.4144, 19.0283, 19.6421, 20.2559, 20.8697, 21.4835, 22.0973, 22.7111, 23.325, 23.9388, 24.5526, 25.1664, 25.7802, 26.394, 27.0078, 27.6217, 28.2355, 28.8493, 29.4631, 30.0769, 30.6907, 31.3046, 31.9184, 32.5322, 33.146, 33.7598, 34.3736, 34.9874, 35.6013, 36.2151, 36.8289, 37.4427, 38.0565, 38.6703, 39.2841, 39.898, 40.5118, 41.1256, 41.7394, 42.3532, 42.967, 43.5808, 44.1947, 44.8085, 45.4223, 46.0361, 46.6499, 47.2637, 47.8775, 48.4914, 49.1052, 49.719, 50.3328, 50.9466, 51.5604, 52.1743, 52.7881, 53.4019, 54.0157, 54.6295, 55.2433, 55.8571, 56.471, 57.0848, 57.6986, 58.3124, 58.9262, 59.54, 60.1538, 60.7677, 61.3815, 61.9953, 62.6091, 63.2229, 63.8367, 64.4505, 65.0644, 65.6782, 66.292, 66.9058, 67.5196, 68.1334, 68.7473, 69.3611, 69.9749, 70.5887, 71.2025, 71.8163, 72.4301, 73.044, 73.6578, 74.2716, 74.8854, 75.4992, 76.113, 76.7268, 77.3407, 77.9545, 78.5683, 79.1821, 79.7959, 80.4097, 81.0235, 81.6374, 82.2512, 82.865, 83.4788, 84.0926, 84.7064, 85.3202, 85.9341, 86.5479, 87.1617, 87.7755, 88.3893, 89.0031, 89.617, 90.2308, 90.8446, 91.4584, 92.0722, 92.686, 93.2998, 93.9137, 94.5275, 95.1413, 95.7551, 96.3689, 96.9827, 97.5965, 98.2104, 98.8242, 99.438, 100.052, 100.666, 101.279, 101.893, 102.507, 103.121, 103.735, 104.349, 104.962, 105.576, 106.19, 106.804, 107.418, 108.031, 108.645, 109.259, 109.873, 110.487, 111.1, 111.714, 112.328, 112.942, 113.556, 114.17, 114.783, 115.397, 116.011, 116.625, 117.239, 117.852, 118.466, 119.08, 119.694, 120.308, 120.922, 121.535, 122.149, 122.763, 123.377, 123.991, 124.604, 125.218, 125.832, 126.446, 127.06, 127.673, 128.287, 128.901, 129.515, 130.129, 130.743, 131.356, 131.97, 132.584, 133.198, 133.812, 134.425, 135.039, 135.653, 136.267, 136.881, 137.495, 138.108, 138.722, 139.336, 139.95, 140.564, 141.177, 141.791, 142.405, 143.019, 143.633, 144.246, 144.86, 145.474, 146.088, 146.702, 147.316, 147.929, 148.543, 149.157, 149.771, 150.385, 150.998, 151.612, 152.226, 152.84, 153.454, 154.068, 154.681, 155.295, 155.909, 156.523, 157.137, 157.75, 158.364, 158.978, 159.592, 160.206, 160.819, 161.433, 162.047, 162.661, 163.275, 163.889, 164.502, 165.116, 165.73, 166.344, 166.958, 167.571, 168.185, 168.799, 169.413, 170.027, 170.64, 171.254, 171.868, 172.482, 173.096, 173.71, 174.323, 174.937, 175.551, 176.165, 176.779, 177.392, 178.006, 178.62, 179.234, 179.848, 180.462, 181.075, 181.689, 182.303, 182.917, 183.531, 184.144, 184.758, 185.372, 185.986, 186.6, 187.213, 187.827, 188.441, 189.055, 189.669, 190.283, 190.896, 191.51, 192.124, 192.738, 193.352, 193.965, 194.579, 195.193, 195.807, 196.421, 197.035, 197.648, 198.262, 198.876, 199.49, 200.104, 200.717, 201.331, 201.945, 202.559, 203.173, 203.786, 204.4, 205.014, 205.628, 206.242, 206.856, 207.469, 208.083, 208.697, 209.311, 209.925, 210.538, 211.152, 211.766, 212.38, 212.994, 213.608, 214.221, 214.835, 215.449, 216.063, 216.677, 217.29, 217.904, 218.518, 219.132, 219.746, 220.359, 220.973, 221.587, 222.201, 222.815, 223.429, 224.042, 224.656, 225.27, 225.884, 226.498, 227.111, 227.725, 228.339, 228.953, 229.567, 230.181, 230.794, 231.408, 232.022, 232.636, 233.25, 233.863, 234.477, 235.091, 235.705, 236.319, 236.932, 237.546, 238.16, 238.774, 239.388, 240.002, 240.615, 241.229, 241.843, 242.457, 243.071, 243.684, 244.298, 244.912, 245.526, 246.14, 246.754, 247.367, 247.981, 248.595, 249.209, 249.823, 250.436, 251.05, 251.664, 252.278, 252.892, 253.505, 254.119, 254.733, 255.347, 255.961, 256.575, 257.188, 257.802, 258.416, 259.03, 259.644, 260.257, 260.871, 261.485, 262.099, 262.713, 263.327, 263.94, 264.554, 265.168, 265.782, 266.396, 267.009, 267.623, 268.237, 268.851, 269.465, 270.078, 270.692, 271.306, 271.92, 272.534, 273.148, 273.761, 274.375, 274.989, 275.603, 276.217, 276.83, 277.444, 278.058, 278.672, 279.286, 279.9, 280.513, 281.127, 281.741, 282.355, 282.969, 283.582, 284.196, 284.81, 285.424, 286.038, 286.651, 287.265, 287.879, 288.493, 289.107, 289.721, 290.334, 290.948, 291.562, 292.176, 292.79, 293.403, 294.017
3.95199, 3.95298, 3.95398, 3.955, 3.95602, 3.95706, 3.95811, 3.95917, 3.96024, 3.96132, 3.96242, 3.96352, 3.96464, 3.96577, 3.96691, 3.96806, 3.96923, 3.9704, 3.97159, 3.97279, 3.97401, 3.97524, 3.97648, 3.97773, 3.979, 3.98027, 3.98157, 3.98287, 3.98419, 3.98552, 3.98687, 3.98823, 3.9896, 3.99099, 3.99239, 3.99381, 3.99524, 3.99668, 3.99814, 3.99961, 4.0011, 4.00261, 4.00413, 4.00566, 4.00721, 4.00878, 4.01036, 4.01195, 4.01357, 4.01519, 4.01684, 4.0185, 4.02018, 4.02187, 4.02359, 4.02531, 4.02706, 4.02882, 4.0306, 4.0324, 4.03422, 4.03605, 4.0379, 4.03977, 4.04166, 4.04357, 4.0455, 4.04744, 4.04941, 4.05139, 4.0534, 4.05542, 4.05746, 4.05953, 4.06161, 4.06371, 4.06584, 4.06799, 4.07015, 4.07234, 4.07455, 4.07678, 4.07904, 4.08132, 4.08361, 4.08594, 4.08828, 4.09065, 4.09304, 4.09545, 4.09789, 4.10036, 4.10284, 4.10536, 4.10789, 4.11046, 4.11304, 4.11566, 4.1183, 4.12096, 4.12365, 4.12637, 4.12912, 4.13189, 4.13469, 4.13752, 4.14038, 4.14327, 4.14618, 4.14913, 4.1521, 4.15511, 4.15814, 4.16121, 4.1643, 4.16743, 4.17059, 4.17378, 4.17701, 4.18026, 4.18355, 4.18688, 4.19023, 4.19363, 4.19705, 4.20052, 4.20401, 4.20755, 4.21112, 4.21472, 4.21837, 4.22205, 4.22577, 4.22953, 4.23333, 4.23717, 4.24105, 4.24497, 4.24893, 4.25293, 4.25698, 4.26107, 4.2652, 4.26937, 4.27359, 4.27786, 4.28217, 4.28653, 4.29093, 4.29538, 4.29988, 4.30443, 4.30903, 4.31368, 4.31838, 4.32313, 4.32793, 4.33279, 4.3377, 4.34266, 4.34768, 4.35276, 4.35789, 4.36308, 4.36833, 4.37364, 4.37901, 4.38444, 4.38993, 4.39549, 4.4011, 4.40679, 4.41254, 4.41835, 4.42424, 4.43019, 4.43621, 4.4423, 4.44847, 4.45471, 4.46102, 4.46741, 4.47387, 4.48042, 4.48704, 4.49374, 4.50053, 4.50739, 4.51435, 4.52138, 4.52851, 4.53572, 4.54303, 4.55042, 4.55791, 4.5655, 4.57318, 4.58096, 4.58884, 4.59682, 4.60491, 4.6131, 4.6214, 4.6298, 4.63832, 4.64696, 4.65571, 4.66457, 4.67356, 4.68267, 4.6919, 4.70126, 4.71075, 4.72038, 4.73013, 4.74003, 4.75006, 4.76024, 4.77056, 4.78104, 4.79166, 4.80244, 4.81338, 4.82448, 4.83574, 4.84718, 4.85878, 4.87057, 4.88253, 4.89468, 4.90701, 4.91954, 4.93227, 4.94519, 4.95833, 4.97167, 4.98523, 4.99901, 5.01302, 5.02726, 5.04174, 5.05646, 5.07144, 5.08667, 5.10216, 5.11792, 5.13396, 5.15029, 5.1669, 5.18382, 5.20104, 5.21858, 5.23645, 5.25465, 5.27319, 5.29209, 5.31136, 5.331, 5.35102, 5.37145, 5.39228, 5.41354, 5.43523, 5.45738, 5.47999, 5.50308, 5.52667, 5.55077, 5.5754, 5.60058, 5.62633, 5.65266, 5.67961, 5.70719, 5.73542, 5.76433, 5.79395, 5.8243, 5.85541, 5.88732, 5.92005, 5.95365, 5.98813, 6.02355, 6.05995, 6.09737, 6.13585, 6.17544, 6.2162, 6.25818, 6.30145, 6.34606, 6.39209, 6.4396, 6.48868, 6.53942, 6.59191, 6.64623, 6.70252, 6.76087, 6.82142, 6.88431, 6.94969, 7.01773, 7.0886, 7.16251, 7.23968, 7.32036, 7.40481, 7.49335, 7.58631, 7.68408, 7.78709, 7.89584, 8.01089, 8.13288, 8.26256, 8.40082, 8.54868, 8.70737, 8.87838, 9.06352, 9.26505, 9.48586, 9.72959, 10.001, 10.3061, 10.6522, 11.0478, 11.5014, 12.0193, 12.6019, 13.2383, 13.9005, 14.5388, 15.0806, 15.4353, 15.5064, 15.2106, 14.4978, 13.3674, 11.8719, 10.1464, 8.31115, 6.51061, 4.86882, 3.47083, 2.35575, 1.52084, 0.933131, 0.543764, 0.300774, 0.157843, 0.0785575, 0.0370656, 0.0165741, 0.00702101, 0.00281587, 0.00106771, 0.000381069, 0.000125891, 3.54336e-05, 7.16904e-06, 2.1163e-06, 5.90752e-07, 1.55916e-07, 3.8907e-08, 9.17953e-09, 2.04771e-09, 4.31887e-10, 8.61243e-11, 1.62381e-11, 2.89468e-12, 4.87888e-13, 7.77487e-14, 1.17144e-14, 1.66879e-15, 2.2477e-16, 2.86238e-17, 3.44644e-18, 3.92345e-19, 4.22298e-20, 4.29759e-21, 4.13508e-22, 3.76181e-23, 3.23566e-24, 2.63138e-25, 2.02328e-26, 1.4709e-27, 1.01103e-28, 6.5705e-30, 4.03725e-31, 2.34546e-32, 1.28831e-33, 6.69066e-35, 3.28526e-36, 1.52519e-37, 6.69469e-39, 2.77838e-40, 1.09019e-41, 4.04455e-43, 1.4187e-44, 4.70502e-46, 1.47532e-47, 4.37385e-49, 1.22601e-50, 3.2492e-52, 8.14165e-54, 1.92886e-55, 4.32057e-57, 9.15028e-59, 1.83223e-60, 3.46879e-62, 6.2091e-64, 1.05083e-65, 1.68146e-67, 2.54386e-69, 3.63875e-71, 4.92111e-73, 6.29254e-75, 7.60749e-77, 8.69578e-79, 9.39783e-81, 9.60281e-83, 9.27729e-85, 8.47413e-87, 7.31849e-89, 5.97584e-91, 4.61347e-93, 3.36751e-95, 2.32403e-97, 1.51644e-99, 9.35534e-102, 5.4569e-104, 3.00942e-106, 1.56918e-108, 7.73592e-111, 3.60581e-113, 1.58908e-115, 6.62122e-118, 2.60845e-120, 9.71577e-123, 3.42155e-125, 1.13925e-127, 3.58647e-130, 1.06749e-132, 3.0041e-135, 7.99307e-138, 2.01078e-140, 4.7826e-143, 1.07551e-145, 2.28674e-148, 4.59694e-151, 8.73717e-154, 1.57008e-156, 2.66763e-159, 4.28527e-162, 6.50851e-165, 9.34619e-168, 1.26893e-170, 1.62889e-173, 1.97694e-176, 2.26854e-179, 2.46122e-182, 2.52466e-185, 2.44852e-188, 2.24521e-191, 1.94652e-194, 1.59555e-197, 1.23655e-200, 9.06068e-204, 6.27713e-207, 4.11159e-210, 2.5463e-213, 1.49093e-216, 8.25381e-220, 4.32017e-223, 2.13795e-226, 1.00033e-229, 4.42523e-233
3.95199, 3.953, 3.95402, 3.95505, 3.9561, 3.95715, 3.95822, 3.9593, 3.96038, 3.96149, 3.9626, 3.96372, 3.96486, 3.96601, 3.96717, 3.96834, 3.96952, 3.97072, 3.97193, 3.97315, 3.97438, 3.97563, 3.97689, 3.97816, 3.97945, 3.98075, 3.98206, 3.98339, 3.98473, 3.98608, 3.98745, 3.98883, 3.99022, 3.99163, 3.99305, 3.99449, 3.99594, 3.99741, 3.99889, 4.00038, 4.00189, 4.00342, 4.00496, 4.00652, 4.00809, 4.00968, 4.01128, 4.0129, 4.01453, 4.01619, 4.01785, 4.01954, 4.02124, 4.02296, 4.02469, 4.02645, 4.02822, 4.03, 4.03181, 4.03363, 4.03547, 4.03733, 4.03921, 4.0411, 4.04302, 4.04495, 4.0469, 4.04887, 4.05086, 4.05287, 4.0549, 4.05695, 4.05902, 4.06111, 4.06322, 4.06535, 4.06751, 4.06968, 4.07188, 4.07409, 4.07633, 4.07859, 4.08087, 4.08318, 4.08551, 4.08786, 4.09023, 4.09263, 4.09505, 4.09749, 4.09996, 4.10245, 4.10497, 4.10751, 4.11008, 4.11268, 4.11529, 4.11794, 4.12061, 4.12331, 4.12603, 4.12878, 4.13156, 4.13437, 4.13721, 4.14007, 4.14296, 4.14588, 4.14883, 4.15181, 4.15482, 4.15786, 4.16093, 4.16403, 4.16716, 4.17033, 4.17352, 4.17675, 4.18001, 4.18331, 4.18663, 4.19, 4.19339, 4.19682, 4.20029, 4.20379, 4.20733, 4.2109, 4.21451, 4.21816, 4.22185, 4.22557, 4.22933, 4.23314, 4.23698, 4.24086, 4.24478, 4.24875, 4.25275, 4.2568, 4.26089, 4.26502, 4.2692, 4.27342, 4.27769, 4.282, 4.28636, 4.29077, 4.29522, 4.29972, 4.30427, 4.30887, 4.31352, 4.31822, 4.32297, 4.32778, 4.33263, 4.33754, 4.34251, 4.34753, 4.3526, 4.35774, 4.36293, 4.36817, 4.37348, 4.37885, 4.38428, 4.38977, 4.39532, 4.40094, 4.40662, 4.41236, 4.41818, 4.42406, 4.43, 4.43602, 4.44211, 4.44827, 4.45451, 4.46081, 4.4672, 4.47366, 4.48019, 4.48681, 4.4935, 4.50028, 4.50714, 4.51409, 4.52112, 4.52823, 4.53544, 4.54273, 4.55012, 4.5576, 4.56517, 4.57284, 4.58061, 4.58848, 4.59645, 4.60452, 4.61269, 4.62098, 4.62937, 4.63788, 4.64649, 4.65522, 4.66407, 4.67304, 4.68213, 4.69134, 4.70068, 4.71015, 4.71975, 4.72949, 4.73936, 4.74936, 4.75952, 4.76981, 4.78026, 4.79085, 4.8016, 4.81251, 4.82358, 4.83481, 4.84621, 4.85778, 4.86952, 4.88144, 4.89355, 4.90584, 4.91833, 4.93101, 4.94389, 4.95697, 4.97026, 4.98377, 4.9975, 5.01145, 5.02563, 5.04005, 5.05471, 5.06962, 5.08478, 5.1002, 5.11589, 5.13185, 5.14809, 5.16463, 5.18146, 5.19859, 5.21604, 5.23381, 5.25191, 5.27035, 5.28913, 5.30828, 5.3278, 5.34771, 5.368, 5.3887, 5.40982, 5.43137, 5.45336, 5.47581, 5.49874, 5.52215, 5.54607, 5.57051, 5.59549, 5.62103, 5.64715, 5.67387, 5.70121, 5.72919, 5.75784, 5.78718, 5.81724, 5.84805, 5.87964, 5.91204, 5.94527, 5.97939, 6.01442, 6.0504, 6.08738, 6.12539, 6.1645, 6.20474, 6.24617, 6.28886, 6.33285, 6.37822, 6.42504, 6.47337, 6.52332, 6.57496, 6.62838, 6.68369, 6.74101, 6.80044, 6.86213, 6.92622, 6.99286, 7.06222, 7.1345, 7.20989, 7.28863, 7.37098, 7.45721, 7.54764, 7.64262, 7.74255, 7.84789, 7.95913, 8.07687, 8.20178, 8.33464, 8.47636, 8.62801, 8.79088, 8.96654, 9.15686, 9.36425, 9.59173, 9.84322, 10.1238, 10.4401, 10.8002, 11.2138, 11.6911, 12.2406, 12.865, 13.5558, 14.2864, 15.0068, 15.6414, 16.093, 16.2561, 16.0361, 15.3723, 14.2568, 12.7441, 10.9451, 9.00734, 7.08765, 5.32308, 3.81019, 2.59619, 1.68232, 1.03589, 0.605701, 0.336129, 0.17695, 0.0883324, 0.0417987, 0.0187429, 0.00796139, 0.00320164, 0.00121741, 0.000435935, 0.000144859, 4.14161e-05, 8.76758e-06, 2.58613e-06, 7.22317e-07, 1.90748e-07, 4.76261e-08, 1.12431e-08, 2.50946e-09, 5.29576e-10, 1.05665e-10, 1.99338e-11, 3.55551e-12, 5.99608e-13, 9.56065e-14, 1.44132e-14, 2.05442e-15, 2.76868e-16, 3.52784e-17, 4.25009e-18, 4.84108e-19, 5.21363e-20, 5.30874e-21, 5.11089e-22, 4.65216e-23, 4.00375e-24, 3.25786e-25, 2.50641e-26, 1.82316e-27, 1.25386e-28, 8.15321e-30, 5.01257e-31, 2.91371e-32, 1.60134e-33, 8.32101e-35, 4.08809e-36, 1.89897e-37, 8.34005e-39, 3.46315e-40, 1.35965e-41, 5.04704e-43, 1.77132e-44, 5.87776e-46, 1.84408e-47, 5.47013e-49, 1.53415e-50, 4.06811e-52, 1.01993e-53, 2.41767e-55, 5.41849e-57, 1.14818e-58, 2.30036e-60, 4.35746e-62, 7.8041e-64, 1.32149e-65, 2.11571e-67, 3.20259e-69, 4.58351e-71, 6.20221e-73, 7.93499e-75, 9.59838e-77, 1.09774e-78, 1.18701e-80, 1.21356e-82, 1.17306e-84, 1.07208e-86, 9.26379e-89, 7.56833e-91, 5.84605e-93, 4.26949e-95, 2.94809e-97, 1.92467e-99, 1.18802e-101, 6.93332e-104, 3.82569e-106, 1.99586e-108, 9.84462e-111, 4.59113e-113, 2.02438e-115, 8.43944e-118, 3.32649e-120, 1.23968e-122, 4.368e-125, 1.45515e-127, 4.58332e-130, 1.36491e-132, 3.84308e-135, 1.02307e-137, 2.57501e-140, 6.1278e-143, 1.37873e-145, 2.93295e-148, 5.89902e-151, 1.12177e-153, 2.01688e-156, 3.4285e-159, 5.51033e-162, 8.3734e-165, 1.20303e-167, 1.63417e-170, 2.0988e-173, 2.54855e-176, 2.92593e-179, 3.17603e-182, 3.25953e-185, 3.16282e-188, 2.90164e-191, 2.51687e-194, 2.06408e-197, 1.60046e-200, 1.1733e-203, 8.13247e-207, 5.32949e-210, 3.30215e-213, 1.93445e-216, 1.07144e-219, 5.61081e-223, 2.778e-226, 1.30043e-229, 5.75563e-233
209.23
176.84
 
MEASUREMENT 13
1.56305, 4.67879, 7.79453, 10.9103, 14.0312, 17.1469, 20.2679, 23.3784, 26.4796, 29.5859, 32.6913, 35.8071, 38.9228, 42.0385, 45.1595, 48.2752, 51.3909, 54.5067, 57.6224, 60.7381, 63.8435, 66.9593, 70.0698, 73.1752, 76.2806, 79.3859, 82.4913, 85.5967, 88.7021, 91.8074, 94.9128, 98.0182, 101.1, 104.148, 107.196, 110.244, 113.292, 116.339, 119.387, 122.435, 125.483, 128.531, 131.574, 134.622, 137.67, 140.718, 143.766, 146.814, 149.861, 152.909, 155.957, 159.005, 162.053, 165.101, 168.149, 171.197, 174.245, 177.293, 180.341, 183.389, 186.436, 189.484, 192.532, 195.58, 198.621, 201.655, 204.688, 207.722, 210.756, 213.794, 216.838, 219.882, 222.926, 225.97, 229.014, 232.058, 235.102, 238.145, 241.189, 244.233, 247.277, 250.321, 253.37, 256.424, 259.478, 262.532, 265.586, 268.64, 271.695, 274.749, 277.803, 280.857, 283.911, 286.97, 290.035, 293.099
3.49698, 3.51148, 3.5024, 3.71435, 3.49483, 3.54411, 3.83052, 3.82863, 3.76819, 3.81246, 3.86416, 3.95514, 3.96041, 4.00228, 4.01853, 4.00664, 4.16988, 4.20804, 4.28019, 4.32418, 3.81789, 4.28518, 4.30754, 4.29668, 4.38896, 4.40181, 4.42632, 4.41979, 4.48257, 4.14931, 4.54762, 3.9463, 4.57361, 4.57173, 4.61473, 4.63397, 4.65629, 4.6939, 4.73964, 4.76494, 4.7785, 4.8381, 4.89806, 4.91356, 4.96399, 5.042, 5.11767, 5.15841, 5.20838, 5.26227, 5.37168, 5.46742, 5.57383, 5.64824, 5.76376, 6.03642, 6.12897, 6.21551, 6.45977, 6.76157, 7.00419, 7.45484, 7.88826, 8.78082, 11.1405, 12.7317, 14.3412, 13.0675, 6.75068, 1.53317, 0.116336, 0.000669983, -0.0399632, -0.0461063, -0.0338209, -0.0166359, -0.0299283, -0.023665, -0.0611179, -0.0385959, -0.066928, -0.109865, -0.0596277, -0.0341574, -0.0834822, -0.101792, -0.0529638, -0.0394829, -0.0240103, -0.0234139, -0.0263753, -0.0418015, -0.0535223, -0.0378855, -0.0734436, -0.0887352
0.104909, 0.105344, 0.105072, 0.11143, 0.104845, 0.106323, 0.114916, 0.114859, 0.113046, 0.114374, 0.115925, 0.118654, 0.118812, 0.120068, 0.120556, 0.120199, 0.125096, 0.126241, 0.128406, 0.129725, 0.114537, 0.128555, 0.129226, 0.1289, 0.131669, 0.132054, 0.13279, 0.132594, 0.134477, 0.124479, 0.136429, 0.118389, 0.137208, 0.137152, 0.138442, 0.139019, 0.139689, 0.140817, 0.142189, 0.142948, 0.143355, 0.145143, 0.146942, 0.147407, 0.14892, 0.15126, 0.15353, 0.154752, 0.156252, 0.157868, 0.16115, 0.164023, 0.167215, 0.169447, 0.172913, 0.181092, 0.183869, 0.186465, 0.193793, 0.202847, 0.210126, 0.223645, 0.236648, 0.263425, 0.334215, 0.381951, 0.430235, 0.392026, 0.20252, 0.0459951, 0.00349009, 2.00995e-05, 0.0011989, 0.00138319, 0.00101463, 0.000499076, 0.000897849, 0.000709951, 0.00183354, 0.00115788, 0.00200784, 0.00329594, 0.00178883, 0.00102472, 0.00250447, 0.00305376, 0.00158891, 0.00118449, 0.00072031, 0.000702418, 0.000791258, 0.00125405, 0.00160567, 0.00113657, 0.00220331, 0.00266206
0, 0.613815, 1.22763, 1.84144, 2.45526, 3.06907, 3.68289, 4.2967, 4.91052, 5.52433, 6.13815, 6.75196, 7.36578, 7.97959, 8.59341, 9.20722, 9.82104, 10.4349, 11.0487, 11.6625, 12.2763, 12.8901, 13.5039, 14.1177, 14.7316, 15.3454, 15.9592, 16.573, 17.1868, 17.8006, 18.4144, 19.0283, 19.6421, 20.2559, 20.8697, 21.4835, 22.0973, 22.7111, 23.325, 23.9388, 24.5526, 25.1664, 25.7802, 26.394, 27.0078, 27.6217, 28.2355, 28.8493, 29.4631, 30.0769, 30.6907, 31.3046, 31.9184, 32.5322, 33.146, 33.7598, 34.3736, 34.9874, 35.6013, 36.2151, 36.8289, 37.4427, 38.0565, 38.6703, 39.2841, 39.898, 40.5118, 41.1256, 41.7394, 42.3532, 42.967, 43.5808, 44.1947, 44.8085, 45.4223, 46.0361, 46.6499, 47.2637, 47.8775, 48.4914, 49.1052, 49.719, 50.3328, 50.9466, 51.5604, 52.1743, 52.7881, 53.4019, 54.0157, 54.6295, 55.2433, 55.8571, 56.471, 57.0848, 57.6986, 58.3124, 58.9262, 59.54, 60.1538, 60.7677, 61.3815, 61.9953, 62.6091, 63.2229, 63.8367, 64.4505, 65.0644, 65.6782, 66.292, 66.9058, 67.5196, 68.1334, 68.7473, 69.3611, 69.9749, 70.5887, 71.2025, 71.8163, 72.4301, 73.044, 73.6578, 74.2716, 74.8854, 75.4992, 76.113, 76.7268, 77.3407, 77.9545, 78.5683, 79.1821, 79.7959, 80.4097, 81.0235, 81.6374, 82.2512, 82.865, 83.4788, 84.0926, 84.7064, 85.3202, 85.9341, 86.5479, 87.1617, 87.7755, 88.3893, 89.0031, 89.617, 90.2308, 90.8446, 91.4584, 92.0722, 92.686, 93.2998, 93.9137, 94.5275, 95.1413, 95.7551, 96.3689, 96.9827, 97.5965, 98.2104, 98.8242, 99.438, 100.052, 100.666, 101.279, 101.893, 102.507, 103.121, 103.735, 104.349, 104.962, 105.576, 106.19, 106.804, 107.418, 108.031, 108.645, 109.259, 109.873, 110.487, 111.1, 111.714, 112.328, 112.942, 113.556, 114.17, 114.783, 115.397, 116.011, 116.625, 117.239, 117.852, 118.466, 119.08, 119.694, 120.308, 120.922, 121.535, 122.149, 122.763, 123.377, 123.991, 124.604, 125.218, 125.832, 126.446, 127.06, 127.673, 128.287, 128.901, 129.515, 130.129, 130.743, 131.356, 131.97, 132.584, 133.198, 133.812, 134.425, 135.039, 135.653, 136.267, 136.881, 137.495, 138.108, 138.722, 139.336, 139.95, 140.564, 141.177, 141.791, 142.405, 143.019, 143.633, 144.246, 144.86, 145.474, 146.088, 146.702, 147.316, 147.929, 148.543, 149.157, 149.771, 150.385, 150.998, 151.612, 152.226, 152.84, 153.454, 154.068, 154.681, 155.295, 155.909, 156.523, 157.137, 157.75, 158.364, 158.978, 159.592, 160.206, 160.819, 161.433, 162.047, 162.661, 163.275, 163.889, 164.502, 165.116, 165.73, 166.344, 166.958, 167.571, 168.185, 168.799, 169.413, 170.027, 170.64, 171.254, 171.868, 172.482, 173.096, 173.71, 174.323, 174.937, 175.551, 176.165, 176.779, 177.392, 178.006, 178.62, 179.234, 179.848, 180.462, 181.075, 181.689, 182.303, 182.917, 183.531, 184.144, 184.758, 185.372, 185.986, 186.6, 187.213, 187.827, 188.441, 189.055, 189.669, 190.283, 190.896, 191.51, 192.124, 192.738, 193.352, 193.965, 194.579, 195.193, 195.807, 196.421, 197.035, 197.648, 198.262, 198.876, 199.49, 200.104, 200.717, 201.331, 201.945, 202.559, 203.173, 203.786, 204.4, 205.014, 205.628, 206.242, 206.856, 207.469, 208.083, 208.697, 209.311, 209.925, 210.538, 211.152, 211.766, 212.38, 212.994, 213.608, 214.221, 214.835, 215.449, 216.063, 216.677, 217.29, 217.904, 218.518, 219.132, 219.746, 220.359, 220.973, 221.587, 222.201, 222.815, 223.429, 224.042, 224.656, 225.27, 225.884, 226.498, 227.111, 227.725, 228.339, 228.953, 229.567, 230.181, 230.794, 231.408, 232.022, 232.636, 233.25, 233.863, 234.477, 235.091, 235.705, 236.319, 236.932, 237.546, 238.16, 238.774, 239.388, 240.002, 240.615, 241.229, 241.843, 242.457, 243.071, 243.684, 244.298, 244.912, 245.526, 246.14, 246.754, 247.367, 247.981, 248.595, 249.209, 249.823, 250.436, 251.05, 251.664, 252.278, 252.892, 253.505, 254.119, 254.733, 255.347, 255.961, 256.575, 257.188, 257.802, 258.416, 259.03, 259.644, 260.257, 260.871, 261.485, 262.099, 262.713, 263.327, 263.94, 264.554, 265.168, 265.782, 266.396, 267.009, 267.623, 268.237, 268.851, 269.465, 270.078, 270.692, 271.306, 271.92, 272.534, 273.148, 273.761, 274.375, 274.989, 275.603, 276.217, 276.83, 277.444, 278.058, 278.672, 279.286, 279.9, 280.513, 281.127, 281.741, 282.355, 282.969, 283.582, 284.196, 284.81, 285.424, 286.038, 286.651, 287.265, 287.879, 288.493, 289.107, 289.721, 290.334, 290.948, 291.562, 292.176, 292.79, 293.403, 294.017
3.96506, 3.96603, 3.96701, 3.968, 3.969, 3.97001, 3.97104, 3.97207, 3.97312, 3.97418, 3.97525, 3.97633, 3.97742, 3.97853, 3.97964, 3.98077, 3.98191, 3.98306, 3.98423, 3.9854, 3.98659, 3.98779, 3.98901, 3.99023, 3.99147, 3.99273, 3.99399, 3.99527, 3.99656, 3.99787, 3.99919, 4.00052, 4.00187, 4.00323, 4.0046, 4.00599, 4.00739, 4.00881, 4.01024, 4.01168, 4.01314, 4.01462, 4.01611, 4.01762, 4.01914, 4.02067, 4.02222, 4.02379, 4.02537, 4.02697, 4.02859, 4.03022, 4.03186, 4.03353, 4.03521, 4.03691, 4.03862, 4.04035, 4.0421, 4.04387, 4.04565, 4.04745, 4.04927, 4.05111, 4.05296, 4.05484, 4.05673, 4.05864, 4.06057, 4.06252, 4.06449, 4.06648, 4.06849, 4.07052, 4.07256, 4.07463, 4.07672, 4.07883, 4.08096, 4.08311, 4.08529, 4.08748, 4.0897, 4.09194, 4.0942, 4.09648, 4.09879, 4.10111, 4.10347, 4.10584, 4.10824, 4.11066, 4.11311, 4.11558, 4.11807, 4.12059, 4.12314, 4.12571, 4.12831, 4.13093, 4.13358, 4.13625, 4.13896, 4.14168, 4.14444, 4.14722, 4.15004, 4.15288, 4.15575, 4.15864, 4.16157, 4.16453, 4.16751, 4.17053, 4.17358, 4.17665, 4.17976, 4.1829, 4.18608, 4.18928, 4.19252, 4.19579, 4.1991, 4.20243, 4.20581, 4.20921, 4.21266, 4.21613, 4.21965, 4.2232, 4.22678, 4.23041, 4.23407, 4.23777, 4.24151, 4.24529, 4.24911, 4.25296, 4.25686, 4.2608, 4.26478, 4.26881, 4.27287, 4.27698, 4.28114, 4.28533, 4.28958, 4.29386, 4.2982, 4.30258, 4.30701, 4.31149, 4.31601, 4.32059, 4.32521, 4.32989, 4.33461, 4.33939, 4.34422, 4.34911, 4.35405, 4.35904, 4.36409, 4.3692, 4.37437, 4.37959, 4.38487, 4.39021, 4.39562, 4.40108, 4.40661, 4.4122, 4.41785, 4.42358, 4.42936, 4.43522, 4.44114, 4.44713, 4.4532, 4.45933, 4.46554, 4.47182, 4.47818, 4.48462, 4.49113, 4.49772, 4.50439, 4.51114, 4.51797, 4.52489, 4.5319, 4.53899, 4.54617, 4.55344, 4.5608, 4.56825, 4.5758, 4.58345, 4.59119, 4.59903, 4.60698, 4.61502, 4.62318, 4.63144, 4.63981, 4.64828, 4.65688, 4.66559, 4.67441, 4.68335, 4.69242, 4.70161, 4.71093, 4.72037, 4.72995, 4.73966, 4.74951, 4.7595, 4.76963, 4.7799, 4.79032, 4.8009, 4.81163, 4.82251, 4.83356, 4.84477, 4.85615, 4.8677, 4.87943, 4.89134, 4.90343, 4.9157, 4.92817, 4.94084, 4.9537, 4.96677, 4.98005, 4.99355, 5.00726, 5.0212, 5.03537, 5.04978, 5.06443, 5.07933, 5.09449, 5.10991, 5.12559, 5.14155, 5.15779, 5.17433, 5.19116, 5.2083, 5.22575, 5.24353, 5.26164, 5.28009, 5.29889, 5.31806, 5.3376, 5.35752, 5.37784, 5.39857, 5.41972, 5.4413, 5.46333, 5.48582, 5.50879, 5.53225, 5.55622, 5.58072, 5.60577, 5.63138, 5.65757, 5.68437, 5.7118, 5.73987, 5.76863, 5.79808, 5.82826, 5.8592, 5.89093, 5.92347, 5.95687, 5.99116, 6.02637, 6.06256, 6.09975, 6.138, 6.17736, 6.21787, 6.25959, 6.30259, 6.34693, 6.39266, 6.43988, 6.48864, 6.53905, 6.59119, 6.64516, 6.70106, 6.75902, 6.81915, 6.8816, 6.94652, 7.01406, 7.08441, 7.15776, 7.23434, 7.31438, 7.39816, 7.48597, 7.57815, 7.67508, 7.77717, 7.8849, 7.99884, 8.1196, 8.24792, 8.38463, 8.53073, 8.6874, 8.85603, 9.03834, 9.23644, 9.45295, 9.69128, 9.9558, 10.2523, 10.5881, 10.9723, 11.4154, 11.9268, 12.5111, 13.1615, 13.8512, 14.5251, 15.0962, 15.4509, 15.4668, 15.04, 14.1172, 12.7176, 10.9456, 8.97489, 6.98194, 5.1399, 3.57319, 2.34179, 1.44488, 0.838362, 0.457033, 0.233913, 0.112326, 0.0505824, 0.0213502, 0.00844256, 0.00312542, 0.00108137, 0.000347702, 0.00010139, 2.30401e-05, 4.54177e-06, 1.15797e-06, 2.75867e-07, 6.14077e-08, 1.27722e-08, 2.48214e-09, 4.50718e-10, 7.64721e-11, 1.21233e-11, 1.79579e-12, 2.48548e-13, 3.21427e-14, 3.88394e-15, 4.38512e-16, 4.62603e-17, 4.55989e-18, 4.19969e-19, 3.61409e-20, 2.90602e-21, 2.18331e-22, 1.53268e-23, 1.00532e-24, 6.16131e-26, 3.52826e-27, 1.88784e-28, 9.43818e-30, 4.40888e-31, 1.92435e-32, 7.848e-34, 2.99054e-35, 1.06477e-36, 3.54228e-38, 1.10109e-39, 3.19761e-41, 8.67761e-43, 2.20035e-44, 5.21313e-46, 1.15405e-47, 2.38706e-49, 4.61338e-51, 8.3309e-53, 1.40566e-54, 2.21608e-56, 3.26442e-58, 4.49306e-60, 5.77822e-62, 6.94323e-64, 7.79551e-66, 8.17792e-68, 8.01598e-70, 7.34152e-72, 6.28246e-74, 5.0233e-76, 3.75287e-78, 2.61971e-80, 1.70867e-82, 1.0413e-84, 5.92939e-87, 3.1547e-89, 1.56827e-91, 7.28447e-94, 3.16147e-96, 1.28202e-98, 4.85752e-101, 1.71968e-103, 5.68848e-106, 1.75816e-108, 5.07731e-111, 1.37001e-113, 3.45403e-116, 8.13658e-119, 1.7909e-121, 3.68312e-124, 7.07737e-127, 1.2707e-129, 2.13169e-132, 3.34134e-135, 4.89361e-138, 6.69656e-141, 8.56222e-144, 1.0229e-146, 1.14181e-149, 1.19087e-152, 1.16052e-155, 1.05669e-158, 8.98997e-162, 7.14628e-165, 5.3078e-168, 3.6835e-171, 2.38846e-174, 1.44707e-177, 8.19163e-181, 4.33275e-184, 2.14126e-187, 9.88749e-191, 4.26594e-194, 1.71971e-197, 6.47747e-201, 2.27965e-204, 7.4962e-208, 2.30317e-211, 6.61183e-215, 1.77349e-218, 4.44473e-222, 1.04082e-225, 2.27726e-229, 4.65547e-233, 8.89249e-237, 1.58706e-240, 2.64652e-244, 4.12351e-248, 6.00301e-252, 8.16547e-256, 1.03778e-259, 1.23236e-263, 1.36735e-267, 1.41753e-271, 1.37307e-275, 1.2427e-279
3.96506, 3.96606, 3.96708, 3.96811, 3.96915, 3.9702, 3.97127, 3.97234, 3.97343, 3.97452, 3.97563, 3.97675, 3.97789, 3.97903, 3.98019, 3.98135, 3.98253, 3.98373, 3.98493, 3.98615, 3.98738, 3.98862, 3.98988, 3.99115, 3.99243, 3.99372, 3.99503, 3.99635, 3.99769, 3.99904, 4.0004, 4.00178, 4.00317, 4.00457, 4.00599, 4.00742, 4.00887, 4.01033, 4.01181, 4.0133, 4.0148, 4.01633, 4.01786, 4.01941, 4.02098, 4.02256, 4.02416, 4.02578, 4.02741, 4.02905, 4.03072, 4.0324, 4.03409, 4.03581, 4.03754, 4.03928, 4.04105, 4.04283, 4.04463, 4.04645, 4.04828, 4.05014, 4.05201, 4.0539, 4.05581, 4.05773, 4.05968, 4.06164, 4.06363, 4.06563, 4.06766, 4.0697, 4.07176, 4.07385, 4.07595, 4.07808, 4.08022, 4.08239, 4.08458, 4.08679, 4.08902, 4.09128, 4.09355, 4.09585, 4.09817, 4.10052, 4.10288, 4.10527, 4.10769, 4.11012, 4.11258, 4.11507, 4.11758, 4.12012, 4.12268, 4.12526, 4.12787, 4.13051, 4.13317, 4.13586, 4.13858, 4.14132, 4.14409, 4.14689, 4.14972, 4.15257, 4.15545, 4.15837, 4.16131, 4.16428, 4.16728, 4.17031, 4.17337, 4.17646, 4.17958, 4.18274, 4.18592, 4.18914, 4.19239, 4.19568, 4.19899, 4.20234, 4.20573, 4.20915, 4.2126, 4.2161, 4.21962, 4.22318, 4.22678, 4.23042, 4.23409, 4.2378, 4.24156, 4.24534, 4.24917, 4.25304, 4.25695, 4.2609, 4.26489, 4.26893, 4.273, 4.27712, 4.28129, 4.28549, 4.28975, 4.29404, 4.29839, 4.30278, 4.30722, 4.3117, 4.31623, 4.32082, 4.32545, 4.33013, 4.33487, 4.33965, 4.34449, 4.34938, 4.35433, 4.35933, 4.36439, 4.3695, 4.37467, 4.3799, 4.38518, 4.39053, 4.39594, 4.4014, 4.40693, 4.41253, 4.41818, 4.42391, 4.4297, 4.43555, 4.44148, 4.44747, 4.45353, 4.45967, 4.46587, 4.47215, 4.47851, 4.48494, 4.49145, 4.49803, 4.5047, 4.51145, 4.51827, 4.52519, 4.53218, 4.53927, 4.54644, 4.5537, 4.56105, 4.56849, 4.57603, 4.58366, 4.59139, 4.59922, 4.60715, 4.61518, 4.62331, 4.63156, 4.63991, 4.64836, 4.65694, 4.66562, 4.67442, 4.68334, 4.69238, 4.70154, 4.71083, 4.72024, 4.72979, 4.73947, 4.74928, 4.75923, 4.76932, 4.77956, 4.78994, 4.80047, 4.81115, 4.82199, 4.83299, 4.84415, 4.85547, 4.86697, 4.87863, 4.89048, 4.9025, 4.91471, 4.92711, 4.9397, 4.95249, 4.96548, 4.97868, 4.99209, 5.00572, 5.01956, 5.03364, 5.04795, 5.06249, 5.07728, 5.09232, 5.10762, 5.12318, 5.13901, 5.15512, 5.17151, 5.1882, 5.20518, 5.22248, 5.24009, 5.25802, 5.27629, 5.29491, 5.31388, 5.33321, 5.35292, 5.37301, 5.39351, 5.41441, 5.43574, 5.4575, 5.47971, 5.50239, 5.52554, 5.54919, 5.57336, 5.59805, 5.62329, 5.6491, 5.67549, 5.70249, 5.73012, 5.7584, 5.78736, 5.81702, 5.84741, 5.87856, 5.9105, 5.94326, 5.97687, 6.01137, 6.0468, 6.0832, 6.12061, 6.15907, 6.19864, 6.23937, 6.2813, 6.3245, 6.36904, 6.41497, 6.46238, 6.51133, 6.56191, 6.61422, 6.66834, 6.72438, 6.78246, 6.8427, 6.90523, 6.9702, 7.03777, 7.10811, 7.18142, 7.2579, 7.3378, 7.42136, 7.50887, 7.60067, 7.6971, 7.79857, 7.90554, 8.01853, 8.13813, 8.26502, 8.4, 8.54397, 8.69802, 8.86343, 9.04175, 9.23484, 9.44505, 9.6753, 9.92938, 10.2123, 10.5307, 10.8935, 11.3119, 11.7995, 12.3702, 13.0343, 13.7907, 14.617, 15.4586, 16.222, 16.7786, 16.982, 16.7001, 15.8528, 14.4431, 12.5687, 10.4055, 8.16927, 6.06633, 4.25195, 2.80834, 1.74553, 1.01989, 0.559685, 0.288262, 0.13926, 0.0630722, 0.026769, 0.0106417, 0.00396013, 0.00137757, 0.000445801, 0.000131548, 3.11603e-05, 6.49493e-06, 1.65529e-06, 3.94779e-07, 8.79738e-08, 1.83177e-08, 3.56376e-09, 6.47833e-10, 1.10037e-10, 1.74634e-11, 2.58965e-12, 3.58814e-13, 4.64533e-14, 5.61929e-15, 6.35133e-16, 6.70758e-17, 6.61889e-18, 6.1027e-19, 5.25746e-20, 4.23202e-21, 3.18301e-22, 2.23689e-23, 1.46882e-24, 9.01174e-26, 5.16615e-27, 2.76721e-28, 1.38495e-29, 6.47653e-31, 2.82987e-32, 1.15534e-33, 4.40724e-35, 1.57088e-36, 5.23157e-38, 1.62794e-39, 4.73328e-41, 1.28588e-42, 3.26404e-44, 7.74153e-46, 1.71559e-47, 3.55234e-49, 6.87277e-51, 1.24241e-52, 2.09852e-54, 3.31188e-56, 4.88375e-58, 6.72893e-60, 8.66272e-62, 1.04202e-63, 1.17115e-65, 1.22989e-67, 1.20679e-69, 1.1064e-71, 9.47781e-74, 7.58608e-76, 5.67336e-78, 3.9644e-80, 2.58839e-82, 1.57904e-84, 9.00063e-87, 4.79364e-89, 2.38545e-91, 1.10915e-93, 4.81862e-96, 1.956e-98, 7.41869e-101, 2.62905e-103, 8.70531e-106, 2.69328e-108, 7.7856e-111, 2.10288e-113, 5.30703e-116, 1.25141e-118, 2.75715e-121, 5.67588e-124, 1.09174e-126, 1.96207e-129, 3.29477e-132, 5.16947e-135, 7.57842e-138, 1.03806e-140, 1.32856e-143, 1.58872e-146, 1.77512e-149, 1.85318e-152, 1.80768e-155, 1.64753e-158, 1.40301e-161, 1.11634e-164, 8.29931e-168, 5.765e-171, 3.74169e-174, 2.26907e-177, 1.28569e-180, 6.80672e-184, 3.36704e-187, 1.55622e-190, 6.7205e-194, 2.71171e-197, 1.02234e-200, 3.60129e-204, 1.18531e-207, 3.64513e-211, 1.04738e-214, 2.81194e-218, 7.05371e-222, 1.65325e-225, 3.62051e-229, 7.40815e-233, 1.41631e-236, 2.52999e-240, 4.22266e-244, 6.58512e-248, 9.59511e-252, 1.30631e-255, 1.66169e-259, 1.97498e-263, 2.19323e-267, 2.27571e-271, 2.20625e-275, 1.9985e-279
209.62
177.03
 
MEASUREMENT 14
1.56305, 4.67879, 7.79453, 10.9103, 14.0312, 17.1469, 20.2679, 23.3784, 26.4796, 29.5859, 32.6913, 35.8071, 38.9228, 42.0385, 45.1595, 48.2752, 51.3909, 54.5067, 57.6224, 60.7381, 63.8435, 66.9593, 70.0698, 73.1752, 76.2806, 79.3859, 82.4913, 85.5967, 88.7021, 91.8074, 94.9128, 98.0182, 101.1, 104.148, 107.196, 110.244, 113.292, 116.339, 119.387, 122.435, 125.483, 128.531, 131.574, 134.622, 137.67, 140.718, 143.766, 146.814, 149.861, 152.909, 155.957, 159.005, 162.053, 165.101, 168.149, 171.197, 174.245, 177.293, 180.341, 183.389, 186.436, 189.484, 192.532, 195.58, 198.621, 201.655, 204.688, 207.722, 210.756, 213.794, 216.838, 219.882, 222.926, 225.97, 229.014, 232.058, 235.102, 238.145, 241.189, 244.233, 247.277, 250.321, 253.37, 256.424, 259.478, 262.532, 265.586, 268.64, 271.695, 274.749, 277.803, 280.857, 283.911, 286.97, 290.035, 293.099
3.49848, 3.51236, 3.50233, 3.71758, 3.4971, 3.54544, 3.82976, 3.82298, 3.76537, 3.81232, 3.86485, 3.95297, 3.96024, 4.00472, 3.98507, 4.01252, 4.17038, 4.204, 4.28436, 4.32539, 3.83208, 4.28657, 4.3057, 4.29023, 4.38655, 4.39812, 4.42464, 4.41726, 4.47979, 4.1444, 4.54714, 3.9302, 4.56629, 4.56762, 4.61069, 4.63259, 4.66015, 4.69611, 4.73625, 4.76205, 4.78125, 4.83792, 4.89502, 4.90702, 4.96206, 5.03604, 5.1086, 5.15787, 5.20833, 5.26333, 5.36919, 5.46232, 5.57302, 5.64711, 5.76417, 6.03682, 6.1254, 6.2132, 6.45433, 6.76174, 6.99786, 7.45004, 7.92048, 8.69304, 11.139, 12.7171, 14.3394, 13.0404, 6.73267, 1.53225, 0.115692, 0.00394479, -0.0385907, -0.0459119, -0.0399273, -0.0179686, -0.0306943, -0.0213495, -0.0602398, -0.0353165, -0.0636348, -0.108545, -0.0595702, -0.0328331, -0.0772172, -0.093686, -0.048326, -0.0327654, -0.0254961, -0.0177056, -0.0235693, -0.0373021, -0.0534897, -0.0400454, -0.0743681, -0.0897485
0.104954, 0.105371, 0.10507, 0.111527, 0.104913, 0.106363, 0.114893, 0.114689, 0.112961, 0.11437, 0.115945, 0.118589, 0.118807, 0.120142, 0.119552, 0.120376, 0.125111, 0.12612, 0.128531, 0.129762, 0.114962, 0.128597, 0.129171, 0.128707, 0.131597, 0.131944, 0.132739, 0.132518, 0.134394, 0.124332, 0.136414, 0.117906, 0.136989, 0.137028, 0.138321, 0.138978, 0.139805, 0.140883, 0.142087, 0.142862, 0.143437, 0.145138, 0.14685, 0.147211, 0.148862, 0.151081, 0.153258, 0.154736, 0.15625, 0.1579, 0.161076, 0.16387, 0.167191, 0.169413, 0.172925, 0.181105, 0.183762, 0.186396, 0.19363, 0.202852, 0.209936, 0.223501, 0.237614, 0.260791, 0.334169, 0.381512, 0.430183, 0.391213, 0.20198, 0.0459675, 0.00347077, 0.000118344, 0.00115772, 0.00137736, 0.00119782, 0.000539059, 0.000920829, 0.000640485, 0.00180719, 0.0010595, 0.00190904, 0.00325634, 0.00178711, 0.000984992, 0.00231651, 0.00281058, 0.00144978, 0.000982963, 0.000764884, 0.000531168, 0.00070708, 0.00111906, 0.00160469, 0.00120136, 0.00223104, 0.00269245
0, 0.613815, 1.22763, 1.84144, 2.45526, 3.06907, 3.68289, 4.2967, 4.91052, 5.52433, 6.13815, 6.75196, 7.36578, 7.97959, 8.59341, 9.20722, 9.82104, 10.4349, 11.0487, 11.6625, 12.2763, 12.8901, 13.5039, 14.1177, 14.7316, 15.3454, 15.9592, 16.573, 17.1868, 17.8006, 18.4144, 19.0283, 19.6421, 20.2559, 20.8697, 21.4835, 22.0973, 22.7111, 23.325, 23.9388, 24.5526, 25.1664, 25.7802, 26.394, 27.0078, 27.6217, 28.2355, 28.8493, 29.4631, 30.0769, 30.6907, 31.3046, 31.9184, 32.5322, 33.146, 33.7598, 34.3736, 34.9874, 35.6013, 36.2151, 36.8289, 37.4427, 38.0565, 38.6703, 39.2841, 39.898, 40.5118, 41.1256, 41.7394, 42.3532, 42.967, 43.5808, 44.1947, 44.8085, 45.4223, 46.0361, 46.6499, 47.2637, 47.8775, 48.4914, 49.1052, 49.719, 50.3328, 50.9466, 51.5604, 52.1743, 52.7881, 53.4019, 54.0157, 54.6295, 55.2433, 55.8571, 56.471, 57.0848, 57.6986, 58.3124, 58.9262, 59.54, 60.1538, 60.7677, 61.3815, 61.9953, 62.6091, 63.2229, 63.8367, 64.4505, 65.0644, 65.6782, 66.292, 66.9058, 67.5196, 68.1334, 68.7473, 69.3611, 69.9749, 70.5887, 71.2025, 71.8163, 72.4301, 73.044, 73.6578, 74.2716, 74.8854, 75.4992, 76.113, 76.7268, 77.3407, 77.9545, 78.5683, 79.1821, 79.7959, 80.4097, 81.0235, 81.6374, 82.2512, 82.865, 83.4788, 84.0926, 84.7064, 85.3202, 85.9341, 86.5479, 87.1617, 87.7755, 88.3893, 89.0031, 89.617, 90.2308, 90.8446, 91.4584, 92.0722, 92.686, 93.2998, 93.9137, 94.5275, 95.1413, 95.7551, 96.3689, 96.9827, 97.5965, 98.2104, 98.8242, 99.438, 100.052, 100.666, 101.279, 101.893, 102.507, 103.121, 103.735, 104.349, 104.962, 105.576, 106.19, 106.804, 107.418, 108.031, 108.645, 109.259, 109.873, 110.487, 111.1, 111.714, 112.328, 112.942, 113.556, 114.17, 114.783, 115.397, 116.011, 116.625, 117.239, 117.852, 118.466, 119.08, 119.694, 120.308, 120.922, 121.535, 122.149, 122.763, 123.377, 123.991, 124.604, 125.218, 125.832, 126.446, 127.06, 127.673, 128.287, 128.901, 129.515, 130.129, 130.743, 131.356, 131.97, 132.584, 133.198, 133.812, 134.425, 135.039, 135.653, 136.267, 136.881, 137.495, 138.108, 138.722, 139.336, 139.95, 140.564, 141.177, 141.791, 142.405, 143.019, 143.633, 144.246, 144.86, 145.474, 146.088, 146.702, 147.316, 147.929, 148.543, 149.157, 149.771, 150.385, 150.998, 151.612, 152.226, 152.84, 153.454, 154.068, 154.681, 155.295, 155.909, 156.523, 157.137, 157.75, 158.364, 158.978, 159.592, 160.206, 160.819, 161.433, 162.047, 162.661, 163.275, 163.889, 164.502, 165.116, 165.73, 166.344, 166.958, 167.571, 168.185, 168.799, 169.413, 170.027, 170.64, 171.254, 171.868, 172.482, 173.096, 173.71, 174.323, 174.937, 175.551, 176.165, 176.779, 177.392, 178.006, 178.62, 179.234, 179.848, 180.462, 181.075, 181.689, 182.303, 182.917, 183.531, 184.144, 184.758, 185.372, 185.986, 186.6, 187.213, 187.827, 188.441, 189.055, 189.669, 190.283, 190.896, 191.51, 192.124, 192.738, 193.352, 193.965, 194.579, 195.193, 195.807, 196.421, 197.035, 197.648, 198.262, 198.876, 199.49, 200.104, 200.717, 201.331, 201.945, 202.559, 203.173, 203.786, 204.4, 205.014, 205.628, 206.242, 206.856, 207.469, 208.083, 208.697, 209.311, 209.925, 210.538, 211.152, 211.766, 212.38, 212.994, 213.608, 214.221, 214.835, 215.449, 216.063, 216.677, 217.29, 217.904, 218.518, 219.132, 219.746, 220.359, 220.973, 221.587, 222.201, 222.815, 223.429, 224.042, 224.656, 225.27, 225.884, 226.498, 227.111, 227.725, 228.339, 228.953, 229.567, 230.181, 230.794, 231.408, 232.022, 232.636, 233.25, 233.863, 234.477, 235.091, 235.705, 236.319, 236.932, 237.546, 238.16, 238.774, 239.388, 240.002, 240.615, 241.229, 241.843, 242.457, 243.071, 243.684, 244.298, 244.912, 245.526, 246.14, 246.754, 247.367, 247.981, 248.595, 249.209, 249.823, 250.436, 251.05, 251.664, 252.278, 252.892, 253.505, 254.119, 254.733, 255.347, 255.961, 256.575, 257.188, 257.802, 258.416, 259.03, 259.644, 260.257, 260.871, 261.485, 262.099, 262.713, 263.327, 263.94, 264.554, 265.168, 265.782, 266.396, 267.009, 267.623, 268.237, 268.851, 269.465, 270.078, 270.692, 271.306, 271.92, 272.534, 273.148, 273.761, 274.375, 274.989, 275.603, 276.217, 276.83, 277.444, 278.058, 278.672, 279.286, 279.9, 280.513, 281.127, 281.741, 282.355, 282.969, 283.582, 284.196, 284.81, 285.424, 286.038, 286.651, 287.265, 287.879, 288.493, 289.107, 289.721, 290.334, 290.948, 291.562, 292.176, 292.79, 293.403, 294.017
3.95129, 3.95229, 3.9533, 3.95432, 3.95536, 3.9564, 3.95746, 3.95852, 3.9596, 3.96069, 3.96179, 3.9629, 3.96403, 3.96516, 3.96631, 3.96747, 3.96865, 3.96983, 3.97103, 3.97224, 3.97346, 3.9747, 3.97594, 3.9772, 3.97848, 3.97977, 3.98107, 3.98238, 3.98371, 3.98505, 3.9864, 3.98777, 3.98915, 3.99055, 3.99196, 3.99338, 3.99482, 3.99628, 3.99775, 3.99923, 4.00073, 4.00224, 4.00377, 4.00531, 4.00687, 4.00845, 4.01004, 4.01165, 4.01327, 4.01491, 4.01656, 4.01823, 4.01992, 4.02163, 4.02335, 4.02509, 4.02685, 4.02862, 4.03041, 4.03222, 4.03405, 4.03589, 4.03776, 4.03964, 4.04154, 4.04346, 4.0454, 4.04735, 4.04933, 4.05133, 4.05334, 4.05538, 4.05744, 4.05951, 4.06161, 4.06373, 4.06586, 4.06802, 4.07021, 4.07241, 4.07463, 4.07688, 4.07915, 4.08144, 4.08375, 4.08609, 4.08844, 4.09083, 4.09323, 4.09566, 4.09812, 4.1006, 4.1031, 4.10563, 4.10818, 4.11076, 4.11336, 4.11599, 4.11865, 4.12133, 4.12404, 4.12677, 4.12954, 4.13233, 4.13515, 4.138, 4.14087, 4.14378, 4.14671, 4.14967, 4.15267, 4.15569, 4.15874, 4.16183, 4.16495, 4.16809, 4.17127, 4.17449, 4.17773, 4.18101, 4.18432, 4.18766, 4.19104, 4.19446, 4.19791, 4.20139, 4.20491, 4.20847, 4.21206, 4.21569, 4.21936, 4.22307, 4.22681, 4.2306, 4.23442, 4.23829, 4.24219, 4.24614, 4.25012, 4.25415, 4.25823, 4.26234, 4.2665, 4.2707, 4.27495, 4.27925, 4.28359, 4.28797, 4.29241, 4.29689, 4.30142, 4.306, 4.31063, 4.31531, 4.32005, 4.32483, 4.32967, 4.33456, 4.3395, 4.3445, 4.34956, 4.35467, 4.35984, 4.36507, 4.37036, 4.3757, 4.38111, 4.38658, 4.39211, 4.39771, 4.40337, 4.40909, 4.41489, 4.42075, 4.42667, 4.43267, 4.43874, 4.44488, 4.45109, 4.45738, 4.46374, 4.47017, 4.47669, 4.48328, 4.48996, 4.49671, 4.50355, 4.51047, 4.51748, 4.52457, 4.53176, 4.53903, 4.54639, 4.55385, 4.5614, 4.56905, 4.57679, 4.58464, 4.59258, 4.60063, 4.60879, 4.61705, 4.62542, 4.6339, 4.64249, 4.6512, 4.66003, 4.66897, 4.67804, 4.68723, 4.69654, 4.70599, 4.71557, 4.72528, 4.73512, 4.74511, 4.75524, 4.76551, 4.77593, 4.7865, 4.79723, 4.80811, 4.81916, 4.83037, 4.84174, 4.85329, 4.86501, 4.87692, 4.889, 4.90127, 4.91373, 4.92639, 4.93925, 4.95232, 4.96559, 4.97908, 4.99278, 5.00672, 5.02088, 5.03528, 5.04992, 5.06481, 5.07996, 5.09536, 5.11103, 5.12698, 5.14321, 5.15973, 5.17655, 5.19367, 5.21111, 5.22887, 5.24696, 5.26539, 5.28418, 5.30332, 5.32284, 5.34274, 5.36304, 5.38374, 5.40487, 5.42642, 5.44842, 5.47089, 5.49383, 5.51726, 5.5412, 5.56566, 5.59067, 5.61624, 5.6424, 5.66916, 5.69654, 5.72457, 5.75327, 5.78268, 5.81281, 5.84369, 5.87536, 5.90785, 5.94118, 5.97541, 6.01055, 6.04666, 6.08378, 6.12195, 6.16123, 6.20165, 6.24329, 6.28619, 6.33043, 6.37606, 6.42316, 6.47182, 6.52211, 6.57412, 6.62796, 6.68373, 6.74154, 6.80153, 6.86382, 6.92857, 6.99595, 7.06613, 7.13931, 7.21571, 7.29557, 7.37917, 7.4668, 7.55881, 7.65557, 7.75752, 7.86514, 7.97901, 8.09976, 8.22815, 8.36506, 8.51155, 8.66886, 8.83853, 9.02244, 9.22295, 9.443, 9.68633, 9.95752, 10.2621, 10.6062, 10.9961, 11.4368, 11.9297, 12.4701, 13.0431, 13.6208, 14.1597, 14.6021, 14.8799, 14.9235, 14.6732, 14.0915, 13.1735, 11.9493, 10.5004, 8.92244, 7.31305, 5.77301, 4.38383, 3.19888, 2.24108, 1.50631, 0.97074, 0.599508, 0.354649, 0.200887, 0.108921, 0.0565142, 0.0280526, 0.0133183, 0.00604582, 0.0026228, 0.00108616, 0.000428018, 0.000158832, 5.3248e-05, 1.2213e-05, 3.63543e-06, 1.17174e-06, 3.60584e-07, 1.05934e-07, 2.9711e-08, 7.95523e-09, 2.03349e-09, 4.96233e-10, 1.15607e-10, 2.57118e-11, 5.4593e-12, 1.10661e-12, 2.14144e-13, 3.95612e-14, 6.9773e-15, 1.17479e-15, 1.88836e-16, 2.89776e-17, 4.24516e-18, 5.93716e-19, 7.92715e-20, 1.01044e-20, 1.22957e-21, 1.42841e-22, 1.58417e-23, 1.67729e-24, 1.69537e-25, 1.63597e-26, 1.50709e-27, 1.32543e-28, 1.11282e-29, 8.91969e-31, 6.82537e-32, 4.98603e-33, 3.47726e-34, 2.31511e-35, 1.4715e-36, 8.92896e-38, 5.17243e-39, 2.86049e-40, 1.51022e-41, 7.61188e-43, 3.66266e-44, 1.6825e-45, 7.37844e-47, 3.08907e-48, 1.23465e-49, 4.71098e-51, 1.71606e-52, 5.96767e-54, 1.98121e-55, 6.27926e-57, 1.89994e-58, 5.4881e-60, 1.51341e-61, 3.98424e-63, 1.00135e-64, 2.40258e-66, 5.5033e-68, 1.20343e-69, 2.51229e-71, 5.00692e-73, 9.52631e-75, 1.73034e-76, 3.00046e-78, 4.96705e-80, 7.84984e-82, 1.18434e-83, 1.70585e-85, 2.34563e-87, 3.07914e-89, 3.85879e-91, 4.61664e-93, 5.27292e-95, 5.74949e-97, 5.98492e-99, 5.94757e-101, 5.64252e-103, 5.11043e-105, 4.4187e-107, 3.64739e-109, 2.87423e-111, 2.16229e-113, 1.55295e-115, 1.06476e-117, 6.96942e-120, 4.35506e-122, 2.59802e-124, 1.4796e-126, 8.04444e-129, 4.17541e-131, 2.06897e-133, 9.78722e-136, 4.41994e-138, 1.90557e-140, 7.84305e-143, 3.08174e-145, 1.156e-147, 4.13972e-150, 1.41526e-152, 4.61904e-155, 1.43919e-157, 4.28091e-160, 1.21564e-162, 3.29552e-165, 8.52893e-168, 2.10725e-170, 4.97037e-173, 1.11921e-175, 2.40595e-178, 4.93755e-181, 9.67358e-184, 1.80931e-186, 3.23066e-189, 5.50706e-192, 8.96186e-195
3.95129, 3.95231, 3.95334, 3.95438, 3.95543, 3.95649, 3.95756, 3.95865, 3.95975, 3.96085, 3.96197, 3.9631, 3.96425, 3.9654, 3.96657, 3.96775, 3.96894, 3.97015, 3.97136, 3.97259, 3.97384, 3.97509, 3.97636, 3.97764, 3.97893, 3.98024, 3.98156, 3.9829, 3.98424, 3.9856, 3.98698, 3.98837, 3.98977, 3.99119, 3.99262, 3.99407, 3.99553, 3.997, 3.99849, 4, 4.00152, 4.00305, 4.0046, 4.00617, 4.00775, 4.00935, 4.01096, 4.01259, 4.01424, 4.0159, 4.01758, 4.01927, 4.02099, 4.02272, 4.02446, 4.02622, 4.028, 4.0298, 4.03162, 4.03345, 4.0353, 4.03717, 4.03906, 4.04097, 4.0429, 4.04484, 4.0468, 4.04879, 4.05079, 4.05281, 4.05485, 4.05692, 4.059, 4.0611, 4.06323, 4.06537, 4.06754, 4.06972, 4.07193, 4.07416, 4.07641, 4.07869, 4.08098, 4.0833, 4.08565, 4.08801, 4.0904, 4.09281, 4.09525, 4.09771, 4.10019, 4.1027, 4.10523, 4.10779, 4.11037, 4.11298, 4.11562, 4.11828, 4.12097, 4.12368, 4.12642, 4.12919, 4.13199, 4.13481, 4.13767, 4.14055, 4.14346, 4.1464, 4.14936, 4.15236, 4.15539, 4.15845, 4.16154, 4.16466, 4.16781, 4.171, 4.17421, 4.17746, 4.18074, 4.18406, 4.18741, 4.19079, 4.19421, 4.19766, 4.20115, 4.20468, 4.20824, 4.21183, 4.21547, 4.21914, 4.22285, 4.2266, 4.23039, 4.23421, 4.23808, 4.24199, 4.24594, 4.24993, 4.25396, 4.25803, 4.26215, 4.26631, 4.27052, 4.27477, 4.27907, 4.28341, 4.2878, 4.29223, 4.29672, 4.30125, 4.30583, 4.31046, 4.31514, 4.31988, 4.32466, 4.3295, 4.33439, 4.33933, 4.34433, 4.34939, 4.3545, 4.35967, 4.3649, 4.37018, 4.37553, 4.38093, 4.3864, 4.39193, 4.39752, 4.40318, 4.4089, 4.41469, 4.42055, 4.42647, 4.43247, 4.43853, 4.44466, 4.45087, 4.45715, 4.46351, 4.46994, 4.47645, 4.48304, 4.4897, 4.49645, 4.50328, 4.5102, 4.5172, 4.52428, 4.53145, 4.53872, 4.54607, 4.55352, 4.56106, 4.56869, 4.57643, 4.58426, 4.59219, 4.60023, 4.60837, 4.61661, 4.62497, 4.63343, 4.64201, 4.6507, 4.65951, 4.66844, 4.67748, 4.68665, 4.69595, 4.70537, 4.71493, 4.72461, 4.73444, 4.7444, 4.7545, 4.76475, 4.77514, 4.78568, 4.79638, 4.80723, 4.81824, 4.82942, 4.84076, 4.85227, 4.86395, 4.87582, 4.88786, 4.90009, 4.91251, 4.92512, 4.93793, 4.95095, 4.96417, 4.97761, 4.99126, 5.00514, 5.01924, 5.03358, 5.04816, 5.06298, 5.07806, 5.09339, 5.10899, 5.12486, 5.14102, 5.15745, 5.17418, 5.19122, 5.20856, 5.22623, 5.24422, 5.26255, 5.28122, 5.30025, 5.31965, 5.33943, 5.3596, 5.38017, 5.40116, 5.42257, 5.44442, 5.46672, 5.4895, 5.51276, 5.53652, 5.56079, 5.58561, 5.61097, 5.63691, 5.66344, 5.69059, 5.71837, 5.74682, 5.77595, 5.80579, 5.83637, 5.86773, 5.89988, 5.93286, 5.96672, 6.00148, 6.03718, 6.07386, 6.11158, 6.15036, 6.19028, 6.23137, 6.2737, 6.31732, 6.3623, 6.40872, 6.45664, 6.50614, 6.55732, 6.61026, 6.66507, 6.72185, 6.78074, 6.84185, 6.90532, 6.97132, 7.04, 7.11157, 7.18621, 7.26416, 7.34567, 7.43102, 7.52052, 7.61452, 7.71342, 7.81766, 7.92775, 8.04427, 8.16791, 8.29943, 8.43977, 8.59002, 8.75149, 8.92578, 9.11489, 9.32129, 9.54815, 9.79946, 10.0803, 10.3967, 10.7557, 11.1648, 11.6303, 12.1556, 12.7373, 13.3621, 14.0025, 14.6141, 15.1363, 15.496, 15.617, 15.4316, 14.8949, 13.9965, 12.7668, 11.2752, 9.62098, 7.91745, 6.2744, 4.78231, 3.50212, 2.46193, 1.66019, 1.07328, 0.664842, 0.394445, 0.224056, 0.121812, 0.0633679, 0.0315342, 0.015008, 0.00682914, 0.00296968, 0.00123284, 0.000487206, 0.000181634, 6.14645e-05, 1.47261e-05, 4.4363e-06, 1.43069e-06, 4.40479e-07, 1.29467e-07, 3.63283e-08, 9.73162e-09, 2.48874e-09, 6.07612e-10, 1.41621e-10, 3.15125e-11, 6.69407e-12, 1.35754e-12, 2.62826e-13, 4.85776e-14, 8.57153e-15, 1.44389e-15, 2.322e-16, 3.56488e-17, 5.22493e-18, 7.31088e-19, 9.76589e-20, 1.2454e-20, 1.5162e-21, 1.76221e-22, 1.9553e-23, 2.07119e-24, 2.09451e-25, 2.02207e-26, 1.86364e-27, 1.63977e-28, 1.37739e-29, 1.10454e-30, 8.45592e-32, 6.18006e-33, 4.31198e-34, 2.8722e-35, 1.82644e-36, 1.10879e-37, 6.42604e-39, 3.55542e-40, 1.87799e-41, 9.46991e-43, 4.55882e-44, 2.09513e-45, 9.19226e-47, 3.85022e-48, 1.53958e-49, 5.8772e-51, 2.14186e-52, 7.45187e-54, 2.47509e-55, 7.84818e-57, 2.37574e-58, 6.86565e-60, 1.89416e-61, 4.98889e-63, 1.25442e-64, 3.01116e-66, 6.90045e-68, 1.50964e-69, 3.15297e-71, 6.28665e-73, 1.19666e-74, 2.17457e-76, 3.7725e-78, 6.24793e-80, 9.8786e-82, 1.4911e-83, 2.14866e-85, 2.95585e-87, 3.88194e-89, 4.86706e-91, 5.82554e-93, 6.65667e-95, 7.26155e-97, 7.56229e-99, 7.51846e-101, 7.13602e-103, 6.46599e-105, 5.59326e-107, 4.61898e-109, 3.64149e-111, 2.74071e-113, 1.96924e-115, 1.35078e-117, 8.84552e-120, 5.52984e-122, 3.3003e-124, 1.88038e-126, 1.02279e-128, 5.31106e-131, 2.63285e-133, 1.24601e-135, 5.62949e-138, 2.4281e-140, 9.99806e-143, 3.93021e-145, 1.47491e-147, 5.28406e-150, 1.80726e-152, 5.90097e-155, 1.83941e-157, 5.47372e-160, 1.55503e-162, 4.21739e-165, 1.09195e-167, 2.69903e-170, 6.36893e-173, 1.43475e-175, 3.08556e-178, 6.33496e-181, 1.24166e-183, 2.32335e-186, 4.15026e-189, 7.07762e-192, 1.15226e-194
208.84
176.65
 
MEASUREMENT 15
1.56305, 4.67879, 7.79453, 10.9103, 14.0312, 17.1469, 20.2679, 23.3784, 26.4796, 29.5859, 32.6913, 35.8071, 38.9228, 42.0385, 45.1595, 48.2752, 51.3909, 54.5067, 57.6224, 60.7381, 63.8435, 66.9593, 70.0698, 73.1752, 76.2806, 79.3859, 82.4913, 85.5967, 88.7021, 91.8074, 94.9128, 98.0182, 101.1, 104.148, 107.196, 110.244, 113.292, 116.339, 119.387, 122.435, 125.483, 128.531, 131.574, 134.622, 137.67, 140.718, 143.766, 146.814, 149.861, 152.909, 155.957, 159.005, 162.053, 165.101, 168.149, 171.197, 174.245, 177.293, 180.341, 183.389, 186.436, 189.484, 192.532, 195.58, 198.621, 201.655, 204.688, 207.722, 210.756, 213.794, 216.838, 219.882, 222.926, 225.97, 229.014, 232.058, 235.102, 238.145, 241.189, 244.233, 247.277, 250.321, 253.37, 256.424, 259.478, 262.532, 265.586, 268.64, 271.695, 274.749, 277.803, 280.857, 283.911, 286.97, 290.035, 293.099
3.49478, 3.50818, 3.49863, 3.70946, 3.49038, 3.54062, 3.82704, 3.82525, 3.76489, 3.81141, 3.86163, 3.95045, 3.95918, 4.00452, 4.00033, 4.00493, 4.16645, 4.20115, 4.28174, 4.31747, 3.83046, 4.28018, 4.3033, 4.28416, 4.38578, 4.39654, 4.4234, 4.41882, 4.47661, 4.13866, 4.54439, 3.93003, 4.56768, 4.56499, 4.61025, 4.62888, 4.65798, 4.69533, 4.73514, 4.76024, 4.77786, 4.8311, 4.89352, 4.90173, 4.96212, 5.04018, 5.10886, 5.15843, 5.20544, 5.25893, 5.36511, 5.46128, 5.57286, 5.64339, 5.75747, 6.03804, 6.12111, 6.21137, 6.45391, 6.76029, 6.98911, 7.44974, 7.88349, 8.79089, 11.1315, 12.7085, 14.3284, 13.0402, 6.72576, 1.5233, 0.112026, 0.00214337, -0.0353111, -0.0439555, -0.0371736, -0.0175801, -0.0286335, -0.025518, -0.0599395, -0.0366678, -0.0661854, -0.104139, -0.0587173, -0.0341575, -0.0756464, -0.0886758, -0.0494329, -0.0355087, -0.0218039, -0.0213383, -0.0253704, -0.0388107, -0.0541924, -0.0396013, -0.071668, -0.0953971
0.104843, 0.105245, 0.104959, 0.111284, 0.104711, 0.106219, 0.114811, 0.114758, 0.112947, 0.114342, 0.115849, 0.118514, 0.118775, 0.120136, 0.12001, 0.120148, 0.124993, 0.126035, 0.128452, 0.129524, 0.114914, 0.128405, 0.129099, 0.128525, 0.131573, 0.131896, 0.132702, 0.132564, 0.134298, 0.12416, 0.136332, 0.117901, 0.13703, 0.13695, 0.138307, 0.138867, 0.139739, 0.14086, 0.142054, 0.142807, 0.143336, 0.144933, 0.146805, 0.147052, 0.148864, 0.151205, 0.153266, 0.154753, 0.156163, 0.157768, 0.160953, 0.163838, 0.167186, 0.169302, 0.172724, 0.181141, 0.183633, 0.186341, 0.193617, 0.202809, 0.209673, 0.223492, 0.236505, 0.263727, 0.333944, 0.381254, 0.429851, 0.391205, 0.201773, 0.0456991, 0.00336079, 6.4301e-05, 0.00105933, 0.00131867, 0.00111521, 0.000527404, 0.000859004, 0.000765541, 0.00179818, 0.00110003, 0.00198556, 0.00312417, 0.00176152, 0.00102472, 0.00226939, 0.00266027, 0.00148299, 0.00106526, 0.000654116, 0.000640149, 0.000761111, 0.00116432, 0.00162577, 0.00118804, 0.00215004, 0.00286191
0, 0.613815, 1.22763, 1.84144, 2.45526, 3.06907, 3.68289, 4.2967, 4.91052, 5.52433, 6.13815, 6.75196, 7.36578, 7.97959, 8.59341, 9.20722, 9.82104, 10.4349, 11.0487, 11.6625, 12.2763, 12.8901, 13.5039, 14.1177, 14.7316, 15.3454, 15.9592, 16.573, 17.1868, 17.8006, 18.4144, 19.0283, 19.6421, 20.2559, 20.8697, 21.4835, 22.0973, 22.7111, 23.325, 23.9388, 24.5526, 25.1664, 25.7802, 26.394, 27.0078, 27.6217, 28.2355, 28.8493, 29.4631, 30.0769, 30.6907, 31.3046, 31.9184, 32.5322, 33.146, 33.7598, 34.3736, 34.9874, 35.6013, 36.2151, 36.8289, 37.4427, 38.0565, 38.6703, 39.2841, 39.898, 40.5118, 41.1256, 41.7394, 42.3532, 42.967, 43.5808, 44.1947, 44.8085, 45.4223, 46.0361, 46.6499, 47.2637, 47.8775, 48.4914, 49.1052, 49.719, 50.3328, 50.9466, 51.5604, 52.1743, 52.7881, 53.4019, 54.0157, 54.6295, 55.2433, 55.8571, 56.471, 57.0848, 57.6986, 58.3124, 58.9262, 59.54, 60.1538, 60.7677, 61.3815, 61.9953, 62.6091, 63.2229, 63.8367, 64.4505, 65.0644, 65.6782, 66.292, 66.9058, 67.5196, 68.1334, 68.7473, 69.3611, 69.9749, 70.5887, 71.2025, 71.8163, 72.4301, 73.044, 73.6578, 74.2716, 74.8854, 75.4992, 76.113, 76.7268, 77.3407, 77.9545, 78.5683, 79.1821, 79.7959, 80.4097, 81.0235, 81.6374, 82.2512, 82.865, 83.4788, 84.0926, 84.7064, 85.3202, 85.9341, 86.5479, 87.1617, 87.7755, 88.3893, 89.0031, 89.617, 90.2308, 90.8446, 91.4584, 92.0722, 92.686, 93.2998, 93.9137, 94.5275, 95.1413, 95.7551, 96.3689, 96.9827, 97.5965, 98.2104, 98.8242, 99.438, 100.052, 100.666, 101.279, 101.893, 102.507, 103.121, 103.735, 104.349, 104.962, 105.576, 106.19, 106.804, 107.418, 108.031, 108.645, 109.259, 109.873, 110.487, 111.1, 111.714, 112.328, 112.942, 113.556, 114.17, 114.783, 115.397, 116.011, 116.625, 117.239, 117.852, 118.466, 119.08, 119.694, 120.308, 120.922, 121.535, 122.149, 122.763, 123.377, 123.991, 124.604, 125.218, 125.832, 126.446, 127.06, 127.673, 128.287, 128.901, 129.515, 130.129, 130.743, 131.356, 131.97, 132.584, 133.198, 133.812, 134.425, 135.039, 135.653, 136.267, 136.881, 137.495, 138.108, 138.722, 139.336, 139.95, 140.564, 141.177, 141.791, 142.405, 143.019, 143.633, 144.246, 144.86, 145.474, 146.088, 146.702, 147.316, 147.929, 148.543, 149.157, 149.771, 150.385, 150.998, 151.612, 152.226, 152.84, 153.454, 154.068, 154.681, 155.295, 155.909, 156.523, 157.137, 157.75, 158.364, 158.978, 159.592, 160.206, 160.819, 161.433, 162.047, 162.661, 163.275, 163.889, 164.502, 165.116, 165.73, 166.344, 166.958, 167.571, 168.185, 168.799, 169.413, 170.027, 170.64, 171.254, 171.868, 172.482, 173.096, 173.71, 174.323, 174.937, 175.551, 176.165, 176.779, 177.392, 178.006, 178.62, 179.234, 179.848, 180.462, 181.075, 181.689, 182.303, 182.917, 183.531, 184.144, 184.758, 185.372, 185.986, 186.6, 187.213, 187.827, 188.441, 189.055, 189.669, 190.283, 190.896, 191.51, 192.124, 192.738, 193.352, 193.965, 194.579, 195.193, 195.807, 196.421, 197.035, 197.648, 198.262, 198.876, 199.49, 200.104, 200.717, 201.331, 201.945, 202.559, 203.173, 203.786, 204.4, 205.014, 205.628, 206.242, 206.856, 207.469, 208.083, 208.697, 209.311, 209.925, 210.538, 211.152, 211.766, 212.38, 212.994, 213.608, 214.221, 214.835, 215.449, 216.063, 216.677, 217.29, 217.904, 218.518, 219.132, 219.746, 220.359, 220.973, 221.587, 222.201, 222.815, 223.429, 224.042, 224.656, 225.27, 225.884, 226.498, 227.111, 227.725, 228.339, 228.953, 229.567, 230.181, 230.794, 231.408, 232.022, 232.636, 233.25, 233.863, 234.477, 235.091, 235.705, 236.319, 236.932, 237.546, 238.16, 238.774, 239.388, 240.002, 240.615, 241.229, 241.843, 242.457, 243.071, 243.684, 244.298, 244.912, 245.526, 246.14, 246.754, 247.367, 247.981, 248.595, 249.209, 249.823, 250.436, 251.05, 251.664, 252.278, 252.892, 253.505, 254.119, 254.733, 255.347, 255.961, 256.575, 257.188, 257.802, 258.416, 259.03, 259.644, 260.257, 260.871, 261.485, 262.099, 262.713, 263.327, 263.94, 264.554, 265.168, 265.782, 266.396, 267.009, 267.623, 268.237, 268.851, 269.465, 270.078, 270.692, 271.306, 271.92, 272.534, 273.148, 273.761, 274.375, 274.989, 275.603, 276.217, 276.83, 277.444, 278.058, 278.672, 279.286, 279.9, 280.513, 281.127, 281.741, 282.355, 282.969, 283.582, 284.196, 284.81, 285.424, 286.038, 286.651, 287.265, 287.879, 288.493, 289.107, 289.721, 290.334, 290.948, 291.562, 292.176, 292.79, 293.403, 294.017
3.95024, 3.95123, 3.95224, 3.95326, 3.95428, 3.95532, 3.95637, 3.95743, 3.95851, 3.95959, 3.96069, 3.96179, 3.96291, 3.96404, 3.96518, 3.96634, 3.96751, 3.96869, 3.96988, 3.97108, 3.9723, 3.97353, 3.97477, 3.97602, 3.97729, 3.97857, 3.97987, 3.98117, 3.98249, 3.98383, 3.98518, 3.98654, 3.98791, 3.9893, 3.99071, 3.99213, 3.99356, 3.995, 3.99647, 3.99794, 3.99943, 4.00094, 4.00246, 4.004, 4.00555, 4.00712, 4.0087, 4.0103, 4.01192, 4.01355, 4.01519, 4.01686, 4.01854, 4.02024, 4.02195, 4.02368, 4.02543, 4.02719, 4.02898, 4.03078, 4.0326, 4.03443, 4.03629, 4.03816, 4.04005, 4.04196, 4.04389, 4.04584, 4.04781, 4.0498, 4.0518, 4.05383, 4.05588, 4.05794, 4.06003, 4.06214, 4.06427, 4.06642, 4.06859, 4.07078, 4.07299, 4.07523, 4.07748, 4.07976, 4.08207, 4.08439, 4.08674, 4.08911, 4.09151, 4.09393, 4.09637, 4.09883, 4.10133, 4.10384, 4.10638, 4.10895, 4.11154, 4.11416, 4.1168, 4.11947, 4.12217, 4.12489, 4.12764, 4.13042, 4.13322, 4.13606, 4.13892, 4.14181, 4.14473, 4.14768, 4.15066, 4.15367, 4.15671, 4.15978, 4.16288, 4.16601, 4.16918, 4.17237, 4.1756, 4.17886, 4.18216, 4.18549, 4.18885, 4.19225, 4.19568, 4.19915, 4.20265, 4.20619, 4.20977, 4.21338, 4.21703, 4.22072, 4.22444, 4.22821, 4.23201, 4.23586, 4.23974, 4.24367, 4.24764, 4.25165, 4.2557, 4.25979, 4.26393, 4.26811, 4.27234, 4.27661, 4.28093, 4.2853, 4.28971, 4.29417, 4.29868, 4.30323, 4.30784, 4.3125, 4.3172, 4.32196, 4.32677, 4.33164, 4.33656, 4.34153, 4.34656, 4.35165, 4.35679, 4.36199, 4.36725, 4.37256, 4.37794, 4.38338, 4.38888, 4.39445, 4.40008, 4.40577, 4.41153, 4.41736, 4.42325, 4.42922, 4.43525, 4.44135, 4.44753, 4.45378, 4.46011, 4.46651, 4.47298, 4.47954, 4.48618, 4.49289, 4.49969, 4.50657, 4.51354, 4.52059, 4.52773, 4.53496, 4.54228, 4.54969, 4.55719, 4.56479, 4.57249, 4.58029, 4.58819, 4.59618, 4.60429, 4.6125, 4.62081, 4.62924, 4.63778, 4.64643, 4.6552, 4.66409, 4.67309, 4.68222, 4.69148, 4.70086, 4.71037, 4.72002, 4.7298, 4.73972, 4.74978, 4.75998, 4.77033, 4.78083, 4.79148, 4.80228, 4.81325, 4.82438, 4.83567, 4.84714, 4.85877, 4.87059, 4.88258, 4.89476, 4.90713, 4.91969, 4.93245, 4.94542, 4.95859, 4.97197, 4.98557, 4.99939, 5.01344, 5.02772, 5.04224, 5.05701, 5.07203, 5.08731, 5.10285, 5.11866, 5.13475, 5.15113, 5.1678, 5.18477, 5.20205, 5.21965, 5.23757, 5.25584, 5.27445, 5.29341, 5.31274, 5.33245, 5.35255, 5.37305, 5.39397, 5.4153, 5.43708, 5.45931, 5.48201, 5.5052, 5.52888, 5.55308, 5.57781, 5.6031, 5.62896, 5.65541, 5.68248, 5.71018, 5.73854, 5.76759, 5.79735, 5.82784, 5.85911, 5.89118, 5.92408, 5.95784, 5.99251, 6.02812, 6.06472, 6.10235, 6.14104, 6.18087, 6.22187, 6.26411, 6.30765, 6.35254, 6.39887, 6.4467, 6.49612, 6.54721, 6.60007, 6.6548, 6.71151, 6.77032, 6.83136, 6.89477, 6.96071, 7.02934, 7.10086, 7.17547, 7.25339, 7.33488, 7.42022, 7.50973, 7.60375, 7.70268, 7.80698, 7.91714, 8.03377, 8.15753, 8.2892, 8.42971, 8.58015, 8.74182, 8.9163, 9.10555, 9.31201, 9.5388, 9.78989, 10.0703, 10.3864, 10.7455, 11.1555, 11.6235, 12.1529, 12.7398, 13.3677, 14.0028, 14.591, 15.0587, 15.3197, 15.2878, 14.8942, 14.1044, 12.9306, 11.4357, 9.74638, 7.97607, 6.25544, 4.69412, 3.36593, 2.30376, 1.50369, 0.935276, 0.554004, 0.312354, 0.167552, 0.0854777, 0.0414584, 0.0191115, 0.00837051, 0.00348152, 0.00137371, 0.000512674, 0.000179114, 5.60638e-05, 1.12452e-05, 3.38172e-06, 9.98805e-07, 2.7977e-07, 7.43111e-08, 1.87171e-08, 4.47047e-09, 1.01251e-09, 2.1746e-10, 4.42885e-11, 8.55329e-12, 1.56642e-12, 2.72027e-13, 4.47971e-14, 6.99549e-15, 1.0359e-15, 1.45462e-16, 1.93692e-17, 2.44571e-18, 2.9284e-19, 3.32496e-20, 3.57992e-21, 3.65504e-22, 3.53868e-23, 3.24879e-24, 2.82835e-25, 2.33494e-26, 1.82789e-27, 1.35692e-28, 9.55188e-30, 6.3761e-31, 4.03601e-32, 2.42259e-33, 1.37892e-34, 7.44263e-36, 3.80931e-37, 1.84883e-38, 8.50896e-40, 3.71353e-41, 1.53684e-42, 6.03116e-44, 2.24441e-45, 7.92019e-47, 2.65032e-48, 8.40991e-50, 2.53055e-51, 7.22051e-53, 1.95367e-54, 5.01262e-56, 1.21957e-57, 2.81373e-59, 6.15581e-61, 1.27708e-62, 2.51236e-64, 4.68678e-66, 8.29082e-68, 1.39075e-69, 2.21224e-71, 3.33691e-73, 4.77293e-75, 6.47376e-77, 8.32639e-79, 1.01552e-80, 1.17448e-82, 1.28806e-84, 1.33953e-86, 1.32099e-88, 1.23531e-90, 1.09542e-92, 9.21122e-95, 7.34482e-97, 5.55359e-99, 3.98195e-101, 2.70737e-103, 1.74553e-105, 1.06718e-107, 6.18692e-110, 3.40127e-112, 1.77311e-114, 8.76517e-117, 4.10878e-119, 1.8264e-121, 7.69848e-124, 3.07711e-126, 1.1663e-128, 4.19186e-131, 1.42867e-133, 4.61725e-136, 1.41502e-138, 4.11219e-141, 1.13321e-143, 2.96126e-146, 7.33787e-149, 1.72422e-151, 3.84187e-154, 8.11746e-157, 1.6264e-159, 3.09002e-162, 5.56702e-165, 9.51071e-168, 1.54074e-170, 2.36688e-173, 3.44786e-176, 4.76267e-179, 6.23849e-182, 7.74883e-185, 9.12684e-188, 1.01937e-190, 1.07962e-193, 1.08427e-196, 1.0326e-199, 9.3251e-203, 7.98551e-206, 6.48454e-209, 4.99324e-212, 3.64597e-215, 2.52448e-218, 1.65751e-221
3.95024, 3.95125, 3.95228, 3.95331, 3.95436, 3.95541, 3.95648, 3.95756, 3.95865, 3.95975, 3.96087, 3.96199, 3.96313, 3.96428, 3.96544, 3.96662, 3.9678, 3.969, 3.97021, 3.97144, 3.97267, 3.97392, 3.97518, 3.97646, 3.97775, 3.97905, 3.98036, 3.98169, 3.98303, 3.98439, 3.98575, 3.98714, 3.98853, 3.98994, 3.99137, 3.99281, 3.99426, 3.99573, 3.99721, 3.99871, 4.00022, 4.00175, 4.0033, 4.00485, 4.00643, 4.00802, 4.00962, 4.01125, 4.01288, 4.01454, 4.01621, 4.0179, 4.0196, 4.02132, 4.02306, 4.02481, 4.02659, 4.02838, 4.03018, 4.03201, 4.03385, 4.03571, 4.03759, 4.03949, 4.04141, 4.04334, 4.0453, 4.04727, 4.04927, 4.05128, 4.05331, 4.05536, 4.05744, 4.05953, 4.06164, 4.06378, 4.06593, 4.06811, 4.07031, 4.07253, 4.07477, 4.07703, 4.07932, 4.08163, 4.08396, 4.08631, 4.08869, 4.09109, 4.09352, 4.09596, 4.09844, 4.10093, 4.10345, 4.106, 4.10857, 4.11117, 4.11379, 4.11644, 4.11912, 4.12182, 4.12455, 4.1273, 4.13009, 4.1329, 4.13574, 4.1386, 4.1415, 4.14442, 4.14738, 4.15036, 4.15338, 4.15642, 4.1595, 4.1626, 4.16574, 4.16891, 4.17211, 4.17534, 4.17861, 4.18191, 4.18524, 4.18861, 4.19201, 4.19544, 4.19892, 4.20242, 4.20597, 4.20955, 4.21316, 4.21682, 4.22051, 4.22424, 4.22801, 4.23182, 4.23566, 4.23955, 4.24348, 4.24745, 4.25146, 4.25552, 4.25961, 4.26375, 4.26794, 4.27217, 4.27644, 4.28076, 4.28513, 4.28954, 4.294, 4.29851, 4.30307, 4.30768, 4.31233, 4.31704, 4.3218, 4.32661, 4.33148, 4.3364, 4.34137, 4.3464, 4.35149, 4.35663, 4.36183, 4.36708, 4.3724, 4.37778, 4.38321, 4.38871, 4.39428, 4.3999, 4.40559, 4.41135, 4.41717, 4.42307, 4.42903, 4.43506, 4.44116, 4.44733, 4.45357, 4.45989, 4.46629, 4.47276, 4.47931, 4.48594, 4.49265, 4.49944, 4.50631, 4.51327, 4.52031, 4.52744, 4.53466, 4.54197, 4.54938, 4.55687, 4.56446, 4.57215, 4.57993, 4.58781, 4.5958, 4.60389, 4.61208, 4.62039, 4.6288, 4.63732, 4.64596, 4.65471, 4.66358, 4.67256, 4.68167, 4.69091, 4.70027, 4.70976, 4.71938, 4.72914, 4.73903, 4.74907, 4.75924, 4.76956, 4.78003, 4.79066, 4.80143, 4.81237, 4.82346, 4.83472, 4.84615, 4.85775, 4.86952, 4.88148, 4.89362, 4.90594, 4.91846, 4.93118, 4.94409, 4.95721, 4.97054, 4.98409, 4.99786, 5.01185, 5.02607, 5.04053, 5.05523, 5.07019, 5.08539, 5.10086, 5.1166, 5.13261, 5.14891, 5.16549, 5.18238, 5.19957, 5.21707, 5.2349, 5.25306, 5.27157, 5.29042, 5.30964, 5.32923, 5.3492, 5.36957, 5.39035, 5.41155, 5.43318, 5.45525, 5.47779, 5.50081, 5.52432, 5.54833, 5.57288, 5.59796, 5.62361, 5.64984, 5.67668, 5.70414, 5.73225, 5.76103, 5.79051, 5.82071, 5.85167, 5.88342, 5.91597, 5.94938, 5.98367, 6.01889, 6.05506, 6.09225, 6.13048, 6.16981, 6.21028, 6.25196, 6.29491, 6.33918, 6.38484, 6.43196, 6.48062, 6.53091, 6.58291, 6.63672, 6.69245, 6.7502, 6.8101, 6.87229, 6.93691, 7.00412, 7.0741, 7.14704, 7.22314, 7.30266, 7.38584, 7.47299, 7.56441, 7.66049, 7.76162, 7.86827, 7.98098, 8.10036, 8.22709, 8.36201, 8.50606, 8.66039, 8.82636, 9.00562, 9.20023, 9.41278, 9.64656, 9.90584, 10.1961, 10.5243, 10.8986, 11.3285, 11.8226, 12.3866, 13.0186, 13.704, 14.4097, 15.0805, 15.6389, 15.9919, 16.0442, 15.7167, 14.966, 13.7993, 12.2786, 10.5136, 8.64256, 6.80732, 5.12928, 3.69244, 2.53673, 1.6617, 1.03712, 0.616353, 0.348606, 0.187566, 0.0959675, 0.0466773, 0.0215758, 0.0094748, 0.00395109, 0.00156313, 0.000585113, 0.00020539, 6.49164e-05, 1.37049e-05, 4.12989e-06, 1.22057e-06, 3.42071e-07, 9.09081e-08, 2.29098e-08, 5.47484e-09, 1.24066e-09, 2.66604e-10, 5.43264e-11, 1.04975e-11, 1.92352e-12, 3.34222e-13, 5.50689e-14, 8.60416e-15, 1.2748e-15, 1.79105e-16, 2.38618e-17, 3.0146e-18, 3.61151e-19, 4.10278e-20, 4.41976e-21, 4.51492e-22, 4.37354e-23, 4.01741e-24, 3.49937e-25, 2.89045e-26, 2.26397e-27, 1.68154e-28, 1.18434e-29, 7.90995e-31, 5.00959e-32, 3.00858e-33, 1.71337e-34, 9.25275e-36, 4.73829e-37, 2.30092e-38, 1.05953e-39, 4.62653e-41, 1.9157e-42, 7.52192e-44, 2.80066e-45, 9.88832e-47, 3.31066e-48, 1.05108e-49, 3.16438e-51, 9.03381e-53, 2.44558e-54, 6.27804e-56, 1.52825e-57, 3.52774e-59, 7.72196e-61, 1.60283e-62, 3.15484e-64, 5.88839e-66, 1.04219e-67, 1.74914e-69, 2.78376e-71, 4.20116e-73, 6.01222e-75, 8.15888e-77, 1.04992e-78, 1.28118e-80, 1.48249e-82, 1.62669e-84, 1.69256e-86, 1.66999e-88, 1.56248e-90, 1.38625e-92, 1.16627e-94, 9.3043e-97, 7.03878e-99, 5.04941e-101, 3.43488e-103, 2.2157e-105, 1.35531e-107, 7.86135e-110, 4.32397e-112, 2.25526e-114, 1.11542e-116, 5.23129e-119, 2.32653e-121, 9.81149e-124, 3.92365e-126, 1.4879e-128, 5.35038e-131, 1.82442e-133, 5.89918e-136, 1.80879e-138, 5.25909e-141, 1.44998e-143, 3.79089e-146, 9.39827e-149, 2.20944e-151, 4.92543e-154, 1.0412e-156, 2.08714e-159, 3.96732e-162, 7.15105e-165, 1.22228e-167, 1.98106e-170, 3.04475e-173, 4.43746e-176, 6.13259e-179, 8.03676e-182, 9.98723e-185, 1.17689e-187, 1.31509e-190, 1.39348e-193, 1.40014e-196, 1.33405e-199, 1.20531e-202, 1.03265e-205, 8.38944e-209, 6.46309e-212, 4.72144e-215, 3.27066e-218, 2.14844e-221
209.11
176.78
 
MEASUREMENT 16
1.56305, 4.67879, 7.79453, 10.9103, 14.0312, 17.1469, 20.2679, 23.3784, 26.4796, 29.5859, 32.6913, 35.8071, 38.9228, 42.0385, 45.1595, 48.2752, 51.3909, 54.5067, 57.6224, 60.7381, 63.8435, 66.9593, 70.0698, 73.1752, 76.2806, 79.3859, 82.4913, 85.5967, 88.7021, 91.8074, 94.9128, 98.0182, 101.1, 104.148, 107.196, 110.244, 113.292, 116.339, 119.387, 122.435, 125.483, 128.531, 131.574, 134.622, 137.67, 140.718, 143.766, 146.814, 149.861, 152.909, 155.957, 159.005, 162.053, 165.101, 168.149, 171.197, 174.245, 177.293, 180.341, 183.389, 186.436, 189.484, 192.532, 195.58, 198.621, 201.655, 204.688, 207.722, 210.756, 213.794, 216.838, 219.882, 222.926, 225.97, 229.014, 232.058, 235.102, 238.145, 241.189, 244.233, 247.277, 250.321, 253.37, 256.424, 259.478, 262.532, 265.586, 268.64, 271.695, 274.749, 277.803, 280.857, 283.911, 286.97, 290.035, 293.099
3.4949, 3.50929, 3.50015, 3.71404, 3.49408, 3.53753, 3.82612, 3.82265, 3.77286, 3.81051, 3.86324, 3.94889, 3.95696, 3.99896, 4.00137, 4.00782, 4.16778, 4.20623, 4.27967, 4.32215, 3.81422, 4.28431, 4.30344, 4.28773, 4.38529, 4.397, 4.42258, 4.41571, 4.47622, 4.13641, 4.54423, 3.93994, 4.56573, 4.56649, 4.60875, 4.62863, 4.65522, 4.69145, 4.73377, 4.75864, 4.77587, 4.83226, 4.89185, 4.90165, 4.95388, 5.03852, 5.10759, 5.15737, 5.20591, 5.25956, 5.36629, 5.46264, 5.56325, 5.64414, 5.75957, 6.03157, 6.12139, 6.20696, 6.45357, 6.75715, 6.99472, 7.45024, 7.89791, 8.75106, 11.1249, 12.7106, 14.3206, 13.0386, 6.72228, 1.5238, 0.111585, -0.00232048, -0.0391749, -0.0535856, -0.0388499, -0.0200244, -0.029203, -0.0262029, -0.0609456, -0.037757, -0.065783, -0.103024, -0.0640648, -0.036284, -0.0697565, -0.0872205, -0.0467126, -0.0354826, -0.0257281, -0.0202812, -0.0249354, -0.0370158, -0.0513818, -0.0337166, -0.0723354, -0.0865424
0.104847, 0.105279, 0.105005, 0.111421, 0.104822, 0.106126, 0.114784, 0.114679, 0.113186, 0.114315, 0.115897, 0.118467, 0.118709, 0.119969, 0.120041, 0.120234, 0.125034, 0.126187, 0.12839, 0.129664, 0.114427, 0.128529, 0.129103, 0.128632, 0.131559, 0.13191, 0.132677, 0.132471, 0.134287, 0.124092, 0.136327, 0.118198, 0.136972, 0.136995, 0.138262, 0.138859, 0.139657, 0.140744, 0.142013, 0.142759, 0.143276, 0.144968, 0.146755, 0.147049, 0.148616, 0.151155, 0.153228, 0.154721, 0.156177, 0.157787, 0.160989, 0.163879, 0.166898, 0.169324, 0.172787, 0.180947, 0.183642, 0.186209, 0.193607, 0.202715, 0.209842, 0.223507, 0.236937, 0.262532, 0.333748, 0.381318, 0.429619, 0.391157, 0.201668, 0.0457141, 0.00334754, 6.96144e-05, 0.00117525, 0.00160757, 0.0011655, 0.000600733, 0.00087609, 0.000786086, 0.00182837, 0.00113271, 0.00197349, 0.00309072, 0.00192195, 0.00108852, 0.00209269, 0.00261661, 0.00140138, 0.00106448, 0.000771842, 0.000608437, 0.000748061, 0.00111047, 0.00154145, 0.0010115, 0.00217006, 0.00259627
0, 0.613815, 1.22763, 1.84144, 2.45526, 3.06907, 3.68289, 4.2967, 4.91052, 5.52433, 6.13815, 6.75196, 7.36578, 7.97959, 8.59341, 9.20722, 9.82104, 10.4349, 11.0487, 11.6625, 12.2763, 12.8901, 13.5039, 14.1177, 14.7316, 15.3454, 15.9592, 16.573, 17.1868, 17.8006, 18.4144, 19.0283, 19.6421, 20.2559, 20.8697, 21.4835, 22.0973, 22.7111, 23.325, 23.9388, 24.5526, 25.1664, 25.7802, 26.394, 27.0078, 27.6217, 28.2355, 28.8493, 29.4631, 30.0769, 30.6907, 31.3046, 31.9184, 32.5322, 33.146, 33.7598, 34.3736, 34.9874, 35.6013, 36.2151, 36.8289, 37.4427, 38.0565, 38.6703, 39.2841, 39.898, 40.5118, 41.1256, 41.7394, 42.3532, 42.967, 43.5808, 44.1947, 44.8085, 45.4223, 46.0361, 46.6499, 47.2637, 47.8775, 48.4914, 49.1052, 49.719, 50.3328, 50.9466, 51.5604, 52.1743, 52.7881, 53.4019, 54.0157, 54.6295, 55.2433, 55.8571, 56.471, 57.0848, 57.6986, 58.3124, 58.9262, 59.54, 60.1538, 60.7677, 61.3815, 61.9953, 62.6091, 63.2229, 63.8367, 64.4505, 65.0644, 65.6782, 66.292, 66.9058, 67.5196, 68.1334, 68.7473, 69.3611, 69.9749, 70.5887, 71.2025, 71.8163, 72.4301, 73.044, 73.6578, 74.2716, 74.8854, 75.4992, 76.113, 76.7268, 77.3407, 77.9545, 78.5683, 79.1821, 79.7959, 80.4097, 81.0235, 81.6374, 82.2512, 82.865, 83.4788, 84.0926, 84.7064, 85.3202, 85.9341, 86.5479, 87.1617, 87.7755, 88.3893, 89.0031, 89.617, 90.2308, 90.8446, 91.4584, 92.0722, 92.686, 93.2998, 93.9137, 94.5275, 95.1413, 95.7551, 96.3689, 96.9827, 97.5965, 98.2104, 98.8242, 99.438, 100.052, 100.666, 101.279, 101.893, 102.507, 103.121, 103.735, 104.349, 104.962, 105.576, 106.19, 106.804, 107.418, 108.031, 108.645, 109.259, 109.873, 110.487, 111.1, 111.714, 112.328, 112.942, 113.556, 114.17, 114.783, 115.397, 116.011, 116.625, 117.239, 117.852, 118.466, 119.08, 119.694, 120.308, 120.922, 121.535, 122.149, 122.763, 123.377, 123.991, 124.604, 125.218, 125.832, 126.446, 127.06, 127.673, 128.287, 128.901, 129.515, 130.129, 130.743, 131.356, 131.97, 132.584, 133.198, 133.812, 134.425, 135.039, 135.653, 136.267, 136.881, 137.495, 138.108, 138.722, 139.336, 139.95, 140.564, 141.177, 141.791, 142.405, 143.019, 143.633, 144.246, 144.86, 145.474, 146.088, 146.702, 147.316, 147.929, 148.543, 149.157, 149.771, 150.385, 150.998, 151.612, 152.226, 152.84, 153.454, 154.068, 154.681, 155.295, 155.909, 156.523, 157.137, 157.75, 158.364, 158.978, 159.592, 160.206, 160.819, 161.433, 162.047, 162.661, 163.275, 163.889, 164.502, 165.116, 165.73, 166.344, 166.958, 167.571, 168.185, 168.799, 169.413, 170.027, 170.64, 171.254, 171.868, 172.482, 173.096, 173.71, 174.323, 174.937, 175.551, 176.165, 176.779, 177.392, 178.006, 178.62, 179.234, 179.848, 180.462, 181.075, 181.689, 182.303, 182.917, 183.531, 184.144, 184.758, 185.372, 185.986, 186.6, 187.213, 187.827, 188.441, 189.055, 189.669, 190.283, 190.896, 191.51, 192.124, 192.738, 193.352, 193.965, 194.579, 195.193, 195.807, 196.421, 197.035, 197.648, 198.262, 198.876, 199.49, 200.104, 200.717, 201.331, 201.945, 202.559, 203.173, 203.786, 204.4, 205.014, 205.628, 206.242, 206.856, 207.469, 208.083, 208.697, 209.311, 209.925, 210.538, 211.152, 211.766, 212.38, 212.994, 213.608, 214.221, 214.835, 215.449, 216.063, 216.677, 217.29, 217.904, 218.518, 219.132, 219.746, 220.359, 220.973, 221.587, 222.201, 222.815, 223.429, 224.042, 224.656, 225.27, 225.884, 226.498, 227.111, 227.725, 228.339, 228.953, 229.567, 230.181, 230.794, 231.408, 232.022, 232.636, 233.25, 233.863, 234.477, 235.091, 235.705, 236.319, 236.932, 237.546, 238.16, 238.774, 239.388, 240.002, 240.615, 241.229, 241.843, 242.457, 243.071, 243.684, 244.298, 244.912, 245.526, 246.14, 246.754, 247.367, 247.981, 248.595, 249.209, 249.823, 250.436, 251.05, 251.664, 252.278, 252.892, 253.505, 254.119, 254.733, 255.347, 255.961, 256.575, 257.188, 257.802, 258.416, 259.03, 259.644, 260.257, 260.871, 261.485, 262.099, 262.713, 263.327, 263.94, 264.554, 265.168, 265.782, 266.396, 267.009, 267.623, 268.237, 268.851, 269.465, 270.078, 270.692, 271.306, 271.92, 272.534, 273.148, 273.761, 274.375, 274.989, 275.603, 276.217, 276.83, 277.444, 278.058, 278.672, 279.286, 279.9, 280.513, 281.127, 281.741, 282.355, 282.969, 283.582, 284.196, 284.81, 285.424, 286.038, 286.651, 287.265, 287.879, 288.493, 289.107, 289.721, 290.334, 290.948, 291.562, 292.176, 292.79, 293.403, 294.017
3.97657, 3.97751, 3.97846, 3.97942, 3.98039, 3.98137, 3.98237, 3.98337, 3.98438, 3.98541, 3.98645, 3.98749, 3.98855, 3.98962, 3.99071, 3.9918, 3.99291, 3.99403, 3.99516, 3.9963, 3.99745, 3.99862, 3.9998, 4.00099, 4.0022, 4.00341, 4.00464, 4.00589, 4.00714, 4.00841, 4.0097, 4.01099, 4.0123, 4.01362, 4.01496, 4.01631, 4.01768, 4.01906, 4.02045, 4.02186, 4.02328, 4.02472, 4.02617, 4.02763, 4.02911, 4.03061, 4.03212, 4.03365, 4.03519, 4.03675, 4.03832, 4.03991, 4.04152, 4.04314, 4.04478, 4.04644, 4.04811, 4.0498, 4.0515, 4.05323, 4.05497, 4.05673, 4.0585, 4.06029, 4.06211, 4.06393, 4.06578, 4.06765, 4.06953, 4.07144, 4.07336, 4.0753, 4.07726, 4.07925, 4.08125, 4.08327, 4.08531, 4.08737, 4.08945, 4.09155, 4.09368, 4.09582, 4.09799, 4.10018, 4.10239, 4.10462, 4.10687, 4.10915, 4.11145, 4.11377, 4.11611, 4.11848, 4.12088, 4.12329, 4.12573, 4.1282, 4.13069, 4.1332, 4.13574, 4.13831, 4.1409, 4.14352, 4.14616, 4.14883, 4.15153, 4.15425, 4.157, 4.15978, 4.16259, 4.16542, 4.16829, 4.17118, 4.1741, 4.17706, 4.18004, 4.18305, 4.18609, 4.18917, 4.19227, 4.19541, 4.19858, 4.20178, 4.20502, 4.20829, 4.21159, 4.21492, 4.2183, 4.2217, 4.22514, 4.22862, 4.23213, 4.23568, 4.23926, 4.24289, 4.24655, 4.25025, 4.25399, 4.25776, 4.26158, 4.26544, 4.26934, 4.27328, 4.27726, 4.28128, 4.28535, 4.28946, 4.29362, 4.29782, 4.30206, 4.30635, 4.31069, 4.31507, 4.3195, 4.32398, 4.32851, 4.33309, 4.33772, 4.3424, 4.34713, 4.35191, 4.35675, 4.36164, 4.36659, 4.37159, 4.37665, 4.38176, 4.38693, 4.39216, 4.39745, 4.4028, 4.40821, 4.41369, 4.41922, 4.42483, 4.43049, 4.43622, 4.44202, 4.44789, 4.45382, 4.45983, 4.46591, 4.47205, 4.47828, 4.48457, 4.49095, 4.4974, 4.50392, 4.51053, 4.51722, 4.52399, 4.53084, 4.53778, 4.54481, 4.55192, 4.55912, 4.56641, 4.5738, 4.58127, 4.58885, 4.59652, 4.60429, 4.61216, 4.62013, 4.6282, 4.63639, 4.64468, 4.65308, 4.66159, 4.67022, 4.67896, 4.68782, 4.6968, 4.70591, 4.71514, 4.72449, 4.73398, 4.7436, 4.75336, 4.76325, 4.77329, 4.78347, 4.79379, 4.80427, 4.8149, 4.82568, 4.83662, 4.84773, 4.859, 4.87045, 4.88206, 4.89386, 4.90583, 4.918, 4.93035, 4.94289, 4.95564, 4.96858, 4.98174, 4.9951, 5.00869, 5.0225, 5.03654, 5.05081, 5.06532, 5.08008, 5.09509, 5.11036, 5.12589, 5.1417, 5.15779, 5.17417, 5.19084, 5.20781, 5.22509, 5.2427, 5.26063, 5.2789, 5.29752, 5.3165, 5.33585, 5.35558, 5.3757, 5.39622, 5.41716, 5.43853, 5.46035, 5.48262, 5.50536, 5.52859, 5.55232, 5.57657, 5.60137, 5.62672, 5.65265, 5.67918, 5.70632, 5.73411, 5.76257, 5.79172, 5.8216, 5.85222, 5.88361, 5.91582, 5.94887, 5.9828, 6.01765, 6.05345, 6.09025, 6.1281, 6.16703, 6.20711, 6.24839, 6.29093, 6.33478, 6.38002, 6.42672, 6.47496, 6.52481, 6.57637, 6.62974, 6.68502, 6.74233, 6.80179, 6.86353, 6.9277, 6.99447, 7.06401, 7.13652, 7.2122, 7.29131, 7.3741, 7.46086, 7.55193, 7.64768, 7.74852, 7.85492, 7.96743, 8.08665, 8.21331, 8.34822, 8.49235, 8.64685, 8.81307, 8.99266, 9.18763, 9.40051, 9.63448, 9.89369, 10.1836, 10.5115, 10.8866, 11.3202, 11.8235, 12.4036, 13.0554, 13.7497, 14.4218, 14.9649, 15.2384, 15.0943, 14.4195, 13.1798, 11.4425, 9.39917, 7.264, 5.26182, 3.56201, 2.24822, 1.32057, 0.720807, 0.365164, 0.171533, 0.0746533, 0.0300813, 0.0112153, 0.00386581, 0.00122979, 0.000358865, 9.33159e-05, 1.748e-05, 3.26143e-06, 7.18247e-07, 1.45828e-07, 2.72969e-08, 4.71072e-09, 7.49488e-10, 1.09937e-10, 1.48671e-11, 1.85358e-12, 2.13058e-13, 2.2578e-14, 2.20586e-15, 1.98687e-16, 1.64993e-17, 1.26317e-18, 8.91577e-20, 5.80174e-21, 3.48064e-22, 1.92513e-23, 9.81667e-25, 4.61496e-26, 2.0002e-27, 7.99242e-29, 2.94432e-30, 9.99979e-32, 3.13111e-33, 9.03867e-35, 2.40554e-36, 5.90227e-38, 1.33514e-39, 2.7844e-41, 5.3535e-43, 9.48949e-45, 1.55077e-46, 2.33642e-48, 3.24529e-50, 4.1558e-52, 4.90631e-54, 5.34015e-56, 5.35859e-58, 4.9573e-60, 4.22804e-62, 3.32453e-64, 2.41001e-66, 1.61067e-68, 9.92408e-71, 5.63731e-73, 2.95224e-75, 1.42537e-77, 6.34454e-80, 2.60358e-82, 9.85002e-85, 3.43558e-87, 1.10474e-89, 3.27503e-92, 8.95092e-95, 2.25536e-97, 5.23914e-100, 1.12202e-102, 2.21531e-105, 4.03241e-108, 6.76692e-111, 1.04692e-113, 1.49323e-116, 1.96353e-119, 2.38037e-122, 2.66038e-125, 2.74119e-128, 2.60392e-131, 2.2804e-134, 1.84114e-137, 1.37044e-140, 9.40423e-144, 5.94952e-147, 3.47003e-150, 1.86586e-153, 9.24947e-157, 4.22716e-160, 1.78104e-163, 6.91815e-167, 2.47742e-170, 8.17903e-174, 2.48941e-177, 6.98528e-181, 1.80702e-184, 4.30957e-188, 9.47539e-192, 1.92067e-195, 3.58921e-199, 6.18353e-203, 9.82123e-207, 1.43809e-210, 1.94132e-214, 2.41602e-218, 2.77201e-222, 2.9321e-226, 2.85926e-230, 2.57051e-234, 2.13047e-238, 1.62787e-242, 1.14672e-246, 7.44703e-251, 4.45861e-255, 2.46097e-259, 1.25228e-263, 5.87471e-268, 2.54074e-272, 1.01304e-276, 3.72373e-281, 1.26189e-285, 3.94232e-290, 1.13546e-294, 3.01495e-299, 7.38037e-304, 1.66558e-308, 3.46529e-313, 6.64664e-318, 1.03754e-322, 0, 0
3.97657, 3.97758, 3.97859, 3.97962, 3.98066, 3.98171, 3.98277, 3.98384, 3.98492, 3.98602, 3.98712, 3.98824, 3.98937, 3.99051, 3.99166, 3.99283, 3.99401, 3.9952, 3.9964, 3.99761, 3.99884, 4.00008, 4.00133, 4.0026, 4.00388, 4.00517, 4.00647, 4.00779, 4.00912, 4.01047, 4.01183, 4.0132, 4.01459, 4.01599, 4.01741, 4.01883, 4.02028, 4.02174, 4.02321, 4.0247, 4.0262, 4.02772, 4.02925, 4.0308, 4.03236, 4.03394, 4.03554, 4.03715, 4.03878, 4.04042, 4.04208, 4.04375, 4.04545, 4.04716, 4.04888, 4.05063, 4.05239, 4.05416, 4.05596, 4.05777, 4.0596, 4.06145, 4.06332, 4.06521, 4.06711, 4.06903, 4.07098, 4.07294, 4.07492, 4.07692, 4.07894, 4.08098, 4.08304, 4.08512, 4.08722, 4.08934, 4.09148, 4.09364, 4.09582, 4.09803, 4.10026, 4.10251, 4.10478, 4.10707, 4.10939, 4.11172, 4.11409, 4.11647, 4.11888, 4.12131, 4.12377, 4.12625, 4.12875, 4.13128, 4.13384, 4.13642, 4.13902, 4.14165, 4.14431, 4.14699, 4.1497, 4.15244, 4.15521, 4.158, 4.16082, 4.16367, 4.16654, 4.16945, 4.17238, 4.17534, 4.17834, 4.18136, 4.18441, 4.1875, 4.19061, 4.19376, 4.19694, 4.20015, 4.20339, 4.20667, 4.20998, 4.21332, 4.2167, 4.22011, 4.22356, 4.22704, 4.23056, 4.23411, 4.2377, 4.24133, 4.24499, 4.2487, 4.25244, 4.25622, 4.26004, 4.2639, 4.2678, 4.27174, 4.27572, 4.27974, 4.28381, 4.28792, 4.29207, 4.29626, 4.30051, 4.30479, 4.30912, 4.3135, 4.31793, 4.3224, 4.32692, 4.33149, 4.33611, 4.34078, 4.3455, 4.35028, 4.3551, 4.35998, 4.36491, 4.3699, 4.37494, 4.38004, 4.38519, 4.3904, 4.39567, 4.401, 4.40639, 4.41184, 4.41736, 4.42293, 4.42857, 4.43428, 4.44005, 4.44589, 4.45179, 4.45777, 4.46381, 4.46992, 4.47611, 4.48237, 4.4887, 4.49511, 4.5016, 4.50816, 4.5148, 4.52153, 4.52833, 4.53522, 4.54219, 4.54925, 4.5564, 4.56363, 4.57095, 4.57837, 4.58588, 4.59348, 4.60118, 4.60898, 4.61688, 4.62488, 4.63298, 4.64119, 4.6495, 4.65793, 4.66646, 4.67511, 4.68388, 4.69276, 4.70176, 4.71088, 4.72013, 4.7295, 4.73901, 4.74864, 4.75841, 4.76832, 4.77836, 4.78855, 4.79888, 4.80936, 4.81999, 4.83078, 4.84172, 4.85283, 4.86409, 4.87553, 4.88714, 4.89892, 4.91088, 4.92303, 4.93536, 4.94788, 4.9606, 4.97352, 4.98664, 4.99998, 5.01352, 5.02729, 5.04128, 5.0555, 5.06996, 5.08466, 5.09961, 5.11481, 5.13027, 5.146, 5.162, 5.17829, 5.19486, 5.21173, 5.2289, 5.24639, 5.2642, 5.28234, 5.30082, 5.31964, 5.33883, 5.35839, 5.37833, 5.39866, 5.4194, 5.44055, 5.46213, 5.48416, 5.50664, 5.5296, 5.55304, 5.57699, 5.60145, 5.62646, 5.65202, 5.67816, 5.7049, 5.73225, 5.76025, 5.78891, 5.81826, 5.84832, 5.87913, 5.91071, 5.9431, 5.97632, 6.01042, 6.04542, 6.08137, 6.1183, 6.15627, 6.19532, 6.23549, 6.27684, 6.31944, 6.36332, 6.40857, 6.45526, 6.50344, 6.55321, 6.60465, 6.65786, 6.71292, 6.76996, 6.82908, 6.89042, 6.95411, 7.02031, 7.08917, 7.16089, 7.23565, 7.31368, 7.39521, 7.48053, 7.56992, 7.66372, 7.7623, 7.86608, 7.97554, 8.09122, 8.21372, 8.34377, 8.48218, 8.62991, 8.78807, 8.95799, 9.14127, 9.33985, 9.55611, 9.79307, 10.0546, 10.3457, 10.6733, 11.0468, 11.479, 11.9863, 12.5879, 13.3009, 14.1318, 15.0606, 16.0237, 16.9008, 17.5184, 17.6777, 17.2066, 16.0209, 14.1682, 11.8317, 9.28648, 6.82533, 4.68387, 2.99438, 1.78012, 0.982696, 0.503178, 0.23876, 0.10491, 0.0426594, 0.0160437, 0.00557693, 0.00178935, 0.000527417, 0.000139713, 2.81947e-05, 5.56641e-06, 1.22802e-06, 2.49768e-07, 4.68351e-08, 8.09673e-09, 1.29047e-09, 1.89623e-10, 2.56883e-11, 3.20835e-12, 3.69428e-13, 3.92175e-14, 3.83823e-15, 3.46324e-16, 2.88095e-17, 2.20948e-18, 1.56223e-19, 1.01836e-20, 6.12008e-22, 3.39089e-23, 1.73209e-24, 8.15693e-26, 3.54146e-27, 1.41755e-28, 5.23111e-30, 1.77971e-31, 5.58215e-33, 1.61419e-34, 4.30334e-36, 1.05768e-37, 2.39664e-39, 5.00668e-41, 9.64259e-43, 1.71213e-44, 2.8027e-46, 4.22974e-48, 5.88503e-50, 7.54885e-52, 8.92709e-54, 9.73275e-56, 9.78269e-58, 9.06521e-60, 7.7445e-62, 6.09965e-64, 4.42907e-66, 2.96494e-68, 1.82985e-70, 1.04114e-72, 5.46136e-75, 2.64111e-77, 1.17752e-79, 4.83997e-82, 1.83406e-84, 6.40733e-87, 2.06365e-89, 6.12759e-92, 1.6774e-94, 4.23329e-97, 9.84948e-100, 2.11272e-102, 4.17795e-105, 7.61691e-108, 1.28023e-110, 1.98376e-113, 2.83389e-116, 3.73224e-119, 4.53158e-122, 5.07249e-125, 5.23462e-128, 4.98014e-131, 4.36807e-134, 3.53207e-137, 2.63306e-140, 1.8096e-143, 1.14656e-146, 6.69735e-150, 3.60661e-153, 1.79055e-156, 8.1953e-160, 3.45807e-163, 1.34522e-166, 4.82439e-170, 1.59508e-173, 4.86197e-177, 1.36626e-180, 3.5395e-184, 8.4536e-188, 1.86136e-191, 3.77841e-195, 7.07094e-199, 1.21993e-202, 1.94035e-206, 2.84521e-210, 3.84626e-214, 4.79348e-218, 5.50747e-222, 5.83367e-226, 5.69665e-230, 5.12844e-234, 4.25637e-238, 3.25673e-242, 2.29726e-246, 1.49392e-250, 8.9564e-255, 4.95024e-259, 2.52236e-263, 1.18488e-267, 5.13131e-272, 2.04866e-276, 7.54047e-281, 2.55867e-285, 8.00416e-290, 2.30837e-294, 6.13733e-299, 1.50432e-303, 3.3993e-308, 7.08148e-313, 1.36002e-317, 2.2233e-322, 0, 0
209.94
177.18
 
MEASUREMENT 17
1.56305, 4.67879, 7.79453, 10.9103, 14.0312, 17.1469, 20.2679, 23.3784, 26.4796, 29.5859, 32.6913, 35.8071, 38.9228, 42.0385, 45.1595, 48.2752, 51.3909, 54.5067, 57.6224, 60.7381, 63.8435, 66.9593, 70.0698, 73.1752, 76.2806, 79.3859, 82.4913, 85.5967, 88.7021, 91.8074, 94.9128, 98.0182, 101.1, 104.148, 107.196, 110.244, 113.292, 116.339, 119.387, 122.435, 125.483, 128.531, 131.574, 134.622, 137.67, 140.718, 143.766, 146.814, 149.861, 152.909, 155.957, 159.005, 162.053, 165.101, 168.149, 171.197, 174.245, 177.293, 180.341, 183.389, 186.436, 189.484, 192.532, 195.58, 198.621, 201.655, 204.688, 207.722, 210.756, 213.794, 216.838, 219.882, 222.926, 225.97, 229.014, 232.058, 235.102, 238.145, 241.189, 244.233, 247.277, 250.321, 253.37, 256.424, 259.478, 262.532, 265.586, 268.64, 271.695, 274.749, 277.803, 280.857, 283.911, 286.97, 290.035, 293.099
3.49776, 3.51277, 3.50311, 3.71653, 3.49286, 3.53735, 3.82828, 3.82464, 3.76766, 3.81622, 3.8607, 3.95219, 3.95857, 4.00384, 4.00056, 4.00568, 4.16983, 4.20422, 4.28182, 4.33359, 3.83716, 4.28704, 4.30765, 4.29333, 4.38571, 4.39817, 4.42399, 4.41619, 4.47697, 4.13488, 4.54392, 3.94524, 4.56991, 4.57353, 4.61198, 4.63249, 4.65823, 4.6954, 4.73537, 4.76162, 4.77933, 4.83348, 4.89433, 4.90161, 4.96141, 5.03853, 5.11239, 5.15683, 5.20651, 5.26021, 5.36309, 5.46478, 5.56855, 5.64507, 5.75971, 6.03411, 6.12498, 6.21106, 6.45669, 6.75847, 7.0008, 7.45364, 7.91642, 8.72545, 11.1438, 12.7082, 14.3337, 13.0418, 6.72281, 1.52353, 0.113816, -0.0021716, -0.0397991, -0.0407915, -0.0374882, -0.0171171, -0.0306493, -0.0243707, -0.0630639, -0.030459, -0.0650077, -0.102809, -0.0557576, -0.0353691, -0.0679675, -0.0826955, -0.0431248, -0.0343885, -0.0260096, -0.0215254, -0.0252091, -0.0372223, -0.0486715, -0.039214, -0.0713562, -0.0907208
0.104933, 0.105383, 0.105093, 0.111496, 0.104786, 0.106121, 0.114848, 0.114739, 0.11303, 0.114487, 0.115821, 0.118566, 0.118757, 0.120115, 0.120017, 0.12017, 0.125095, 0.126127, 0.128455, 0.130008, 0.115115, 0.128611, 0.129229, 0.1288, 0.131571, 0.131945, 0.13272, 0.132486, 0.134309, 0.124046, 0.136318, 0.118357, 0.137097, 0.137206, 0.13836, 0.138975, 0.139747, 0.140862, 0.142061, 0.142849, 0.14338, 0.145004, 0.14683, 0.147048, 0.148842, 0.151156, 0.153372, 0.154705, 0.156195, 0.157806, 0.160893, 0.163943, 0.167056, 0.169352, 0.172791, 0.181023, 0.183749, 0.186332, 0.193701, 0.202754, 0.210024, 0.223609, 0.237492, 0.261764, 0.334315, 0.381245, 0.43001, 0.391253, 0.201684, 0.045706, 0.00341447, 6.51481e-05, 0.00119397, 0.00122375, 0.00112465, 0.000513513, 0.000919479, 0.00073112, 0.00189192, 0.00091377, 0.00195023, 0.00308427, 0.00167273, 0.00106107, 0.00203903, 0.00248086, 0.00129374, 0.00103166, 0.000780289, 0.000645762, 0.000756274, 0.00111667, 0.00146014, 0.00117642, 0.00214069, 0.00272162
0, 0.613815, 1.22763, 1.84144, 2.45526, 3.06907, 3.68289, 4.2967, 4.91052, 5.52433, 6.13815, 6.75196, 7.36578, 7.97959, 8.59341, 9.20722, 9.82104, 10.4349, 11.0487, 11.6625, 12.2763, 12.8901, 13.5039, 14.1177, 14.7316, 15.3454, 15.9592, 16.573, 17.1868, 17.8006, 18.4144, 19.0283, 19.6421, 20.2559, 20.8697, 21.4835, 22.0973, 22.7111, 23.325, 23.9388, 24.5526, 25.1664, 25.7802, 26.394, 27.0078, 27.6217, 28.2355, 28.8493, 29.4631, 30.0769, 30.6907, 31.3046, 31.9184, 32.5322, 33.146, 33.7598, 34.3736, 34.9874, 35.6013, 36.2151, 36.8289, 37.4427, 38.0565, 38.6703, 39.2841, 39.898, 40.5118, 41.1256, 41.7394, 42.3532, 42.967, 43.5808, 44.1947, 44.8085, 45.4223, 46.0361, 46.6499, 47.2637, 47.8775, 48.4914, 49.1052, 49.719, 50.3328, 50.9466, 51.5604, 52.1743, 52.7881, 53.4019, 54.0157, 54.6295, 55.2433, 55.8571, 56.471, 57.0848, 57.6986, 58.3124, 58.9262, 59.54, 60.1538, 60.7677, 61.3815, 61.9953, 62.6091, 63.2229, 63.8367, 64.4505, 65.0644, 65.6782, 66.292, 66.9058, 67.5196, 68.1334, 68.7473, 69.3611, 69.9749, 70.5887, 71.2025, 71.8163, 72.4301, 73.044, 73.6578, 74.2716, 74.8854, 75.4992, 76.113, 76.7268, 77.3407, 77.9545, 78.5683, 79.1821, 79.7959, 80.4097, 81.0235, 81.6374, 82.2512, 82.865, 83.4788, 84.0926, 84.7064, 85.3202, 85.9341, 86.5479, 87.1617, 87.7755, 88.3893, 89.0031, 89.617, 90.2308, 90.8446, 91.4584, 92.0722, 92.686, 93.2998, 93.9137, 94.5275, 95.1413, 95.7551, 96.3689, 96.9827, 97.5965, 98.2104, 98.8242, 99.438, 100.052, 100.666, 101.279, 101.893, 102.507, 103.121, 103.735, 104.349, 104.962, 105.576, 106.19, 106.804, 107.418, 108.031, 108.645, 109.259, 109.873, 110.487, 111.1, 111.714, 112.328, 112.942, 113.556, 114.17, 114.783, 115.397, 116.011, 116.625, 117.239, 117.852, 118.466, 119.08, 119.694, 120.308, 120.922, 121.535, 122.149, 122.763, 123.377, 123.991, 124.604, 125.218, 125.832, 126.446, 127.06, 127.673, 128.287, 128.901, 129.515, 130.129, 130.743, 131.356, 131.97, 132.584, 133.198, 133.812, 134.425, 135.039, 135.653, 136.267, 136.881, 137.495, 138.108, 138.722, 139.336, 139.95, 140.564, 141.177, 141.791, 142.405, 143.019, 143.633, 144.246, 144.86, 145.474, 146.088, 146.702, 147.316, 147.929, 148.543, 149.157, 149.771, 150.385, 150.998, 151.612, 152.226, 152.84, 153.454, 154.068, 154.681, 155.295, 155.909, 156.523, 157.137, 157.75, 158.364, 158.978, 159.592, 160.206, 160.819, 161.433, 162.047, 162.661, 163.275, 163.889, 164.502, 165.116, 165.73, 166.344, 166.958, 167.571, 168.185, 168.799, 169.413, 170.027, 170.64, 171.254, 171.868, 172.482, 173.096, 173.71, 174.323, 174.937, 175.551, 176.165, 176.779, 177.392, 178.006, 178.62, 179.234, 179.848, 180.462, 181.075, 181.689, 182.303, 182.917, 183.531, 184.144, 184.758, 185.372, 185.986, 186.6, 187.213, 187.827, 188.441, 189.055, 189.669, 190.283, 190.896, 191.51, 192.124, 192.738, 193.352, 193.965, 194.579, 195.193, 195.807, 196.421, 197.035, 197.648, 198.262, 198.876, 199.49, 200.104, 200.717, 201.331, 201.945, 202.559, 203.173, 203.786, 204.4, 205.014, 205.628, 206.242, 206.856, 207.469, 208.083, 208.697, 209.311, 209.925, 210.538, 211.152, 211.766, 212.38, 212.994, 213.608, 214.221, 214.835, 215.449, 216.063, 216.677, 217.29, 217.904, 218.518, 219.132, 219.746, 220.359, 220.973, 221.587, 222.201, 222.815, 223.429, 224.042, 224.656, 225.27, 225.884, 226.498, 227.111, 227.725, 228.339, 228.953, 229.567, 230.181, 230.794, 231.408, 232.022, 232.636, 233.25, 233.863, 234.477, 235.091, 235.705, 236.319, 236.932, 237.546, 238.16, 238.774, 239.388, 240.002, 240.615, 241.229, 241.843, 242.457, 243.071, 243.684, 244.298, 244.912, 245.526, 246.14, 246.754, 247.367, 247.981, 248.595, 249.209, 249.823, 250.436, 251.05, 251.664, 252.278, 252.892, 253.505, 254.119, 254.733, 255.347, 255.961, 256.575, 257.188, 257.802, 258.416, 259.03, 259.644, 260.257, 260.871, 261.485, 262.099, 262.713, 263.327, 263.94, 264.554, 265.168, 265.782, 266.396, 267.009, 267.623, 268.237, 268.851, 269.465, 270.078, 270.692, 271.306, 271.92, 272.534, 273.148, 273.761, 274.375, 274.989, 275.603, 276.217, 276.83, 277.444, 278.058, 278.672, 279.286, 279.9, 280.513, 281.127, 281.741, 282.355, 282.969, 283.582, 284.196, 284.81, 285.424, 286.038, 286.651, 287.265, 287.879, 288.493, 289.107, 289.721, 290.334, 290.948, 291.562, 292.176, 292.79, 293.403, 294.017
3.97964, 3.98058, 3.98153, 3.98249, 3.98346, 3.98444, 3.98543, 3.98643, 3.98744, 3.98847, 3.9895, 3.99055, 3.99161, 3.99268, 3.99376, 3.99485, 3.99596, 3.99708, 3.9982, 3.99935, 4.0005, 4.00167, 4.00284, 4.00403, 4.00524, 4.00645, 4.00768, 4.00892, 4.01018, 4.01145, 4.01273, 4.01402, 4.01533, 4.01665, 4.01799, 4.01934, 4.0207, 4.02208, 4.02347, 4.02488, 4.0263, 4.02773, 4.02918, 4.03065, 4.03213, 4.03362, 4.03513, 4.03666, 4.0382, 4.03976, 4.04133, 4.04292, 4.04452, 4.04615, 4.04778, 4.04944, 4.05111, 4.0528, 4.0545, 4.05622, 4.05796, 4.05972, 4.06149, 4.06328, 4.06509, 4.06692, 4.06877, 4.07063, 4.07252, 4.07442, 4.07634, 4.07828, 4.08024, 4.08222, 4.08422, 4.08624, 4.08828, 4.09034, 4.09242, 4.09452, 4.09664, 4.09878, 4.10095, 4.10314, 4.10534, 4.10757, 4.10983, 4.1121, 4.1144, 4.11672, 4.11906, 4.12143, 4.12382, 4.12624, 4.12868, 4.13114, 4.13363, 4.13614, 4.13868, 4.14124, 4.14383, 4.14645, 4.14909, 4.15176, 4.15445, 4.15717, 4.15992, 4.1627, 4.16551, 4.16834, 4.1712, 4.17409, 4.17702, 4.17997, 4.18295, 4.18596, 4.189, 4.19207, 4.19517, 4.19831, 4.20148, 4.20468, 4.20791, 4.21118, 4.21448, 4.21781, 4.22118, 4.22458, 4.22802, 4.2315, 4.23501, 4.23855, 4.24214, 4.24576, 4.24942, 4.25311, 4.25685, 4.26062, 4.26444, 4.2683, 4.27219, 4.27613, 4.28011, 4.28413, 4.2882, 4.2923, 4.29646, 4.30065, 4.3049, 4.30918, 4.31352, 4.3179, 4.32233, 4.32681, 4.33133, 4.33591, 4.34053, 4.34521, 4.34994, 4.35472, 4.35956, 4.36444, 4.36939, 4.37438, 4.37944, 4.38455, 4.38972, 4.39495, 4.40023, 4.40558, 4.41099, 4.41646, 4.42199, 4.42759, 4.43325, 4.43898, 4.44478, 4.45064, 4.45657, 4.46257, 4.46865, 4.47479, 4.48101, 4.4873, 4.49367, 4.50012, 4.50664, 4.51325, 4.51993, 4.5267, 4.53355, 4.54048, 4.5475, 4.55461, 4.5618, 4.56909, 4.57647, 4.58394, 4.59151, 4.59918, 4.60694, 4.61481, 4.62277, 4.63085, 4.63902, 4.64731, 4.6557, 4.66421, 4.67283, 4.68157, 4.69042, 4.6994, 4.7085, 4.71772, 4.72707, 4.73655, 4.74616, 4.75591, 4.7658, 4.77583, 4.786, 4.79632, 4.80679, 4.81741, 4.82819, 4.83912, 4.85022, 4.86148, 4.87292, 4.88453, 4.89631, 4.90828, 4.92043, 4.93277, 4.94531, 4.95804, 4.97098, 4.98412, 4.99748, 5.01105, 5.02485, 5.03888, 5.05314, 5.06764, 5.08238, 5.09738, 5.11264, 5.12816, 5.14395, 5.16003, 5.17639, 5.19304, 5.21, 5.22727, 5.24485, 5.26277, 5.28103, 5.29963, 5.31859, 5.33792, 5.35763, 5.37773, 5.39823, 5.41915, 5.44049, 5.46228, 5.48453, 5.50724, 5.53045, 5.55415, 5.57838, 5.60315, 5.62847, 5.65437, 5.68086, 5.70798, 5.73573, 5.76416, 5.79327, 5.8231, 5.85368, 5.88504, 5.9172, 5.95021, 5.98409, 6.01888, 6.05464, 6.09138, 6.12917, 6.16805, 6.20807, 6.24928, 6.29174, 6.33553, 6.38069, 6.42731, 6.47546, 6.52522, 6.57669, 6.62996, 6.68514, 6.74233, 6.80167, 6.86328, 6.92732, 6.99394, 7.06333, 7.13567, 7.21117, 7.29008, 7.37266, 7.4592, 7.55003, 7.64551, 7.74606, 7.85215, 7.9643, 8.08314, 8.20937, 8.3438, 8.4874, 8.64129, 8.80682, 8.98561, 9.17967, 9.39146, 9.62413, 9.88175, 10.1697, 10.4951, 10.8672, 11.2971, 11.7964, 12.3727, 13.022, 13.7166, 14.3933, 14.946, 15.2334, 15.105, 14.4437, 13.2115, 11.4746, 9.42325, 7.27684, 5.26328, 3.55501, 2.23699, 1.30889, 0.711052, 0.358205, 0.167172, 0.072218, 0.0288586, 0.0106603, 0.00363713, 0.00114401, 0.000329495, 8.40782e-05, 1.46518e-05, 2.88479e-06, 6.25377e-07, 1.24871e-07, 2.29651e-08, 3.89016e-09, 6.06953e-10, 8.72232e-11, 1.15451e-11, 1.40752e-12, 1.58052e-13, 1.63469e-14, 1.55725e-15, 1.36638e-16, 1.10426e-17, 8.21981e-19, 5.6356e-20, 3.55882e-21, 2.06996e-22, 1.10893e-23, 5.47186e-25, 2.48688e-26, 1.04102e-27, 4.01379e-29, 1.4254e-30, 4.66235e-32, 1.40463e-33, 3.89766e-35, 9.96171e-37, 2.34504e-38, 5.08457e-40, 1.01542e-41, 1.86775e-43, 3.16433e-45, 4.93777e-47, 7.09684e-49, 9.39475e-51, 1.14549e-52, 1.28642e-54, 1.33063e-56, 1.26771e-58, 1.11242e-60, 8.99082e-63, 6.69292e-65, 4.58899e-67, 2.89803e-69, 1.68567e-71, 9.03081e-74, 4.4562e-76, 2.02529e-78, 8.47798e-81, 3.26875e-83, 1.16079e-85, 3.79674e-88, 1.1438e-90, 3.17375e-93, 8.11105e-96, 1.90926e-98, 4.13938e-101, 8.26587e-104, 1.52028e-106, 2.57538e-109, 4.01828e-112, 5.77458e-115, 7.64334e-118, 9.31811e-121, 1.04629e-123, 1.08208e-126, 1.03074e-129, 9.0431e-133, 7.30747e-136, 5.43873e-139, 3.72828e-142, 2.35396e-145, 1.3689e-148, 7.33201e-152, 3.61705e-155, 1.64349e-158, 6.87793e-162, 2.65112e-165, 9.41194e-169, 3.07758e-172, 9.26867e-176, 2.57102e-179, 6.56858e-183, 1.54567e-186, 3.34997e-190, 6.68719e-194, 1.22949e-197, 2.08201e-201, 3.24729e-205, 4.66483e-209, 6.17203e-213, 7.5214e-217, 8.44203e-221, 8.72715e-225, 8.30951e-229, 7.28711e-233, 5.8859e-237, 4.37871e-241, 3.00025e-245, 1.89341e-249, 1.10055e-253, 5.89182e-258, 2.90514e-262, 1.31935e-266, 5.5186e-271, 2.12605e-275, 7.54388e-280, 2.46542e-284, 7.42103e-289, 2.05737e-293, 5.25334e-298, 1.23547e-302, 2.67613e-307, 5.33895e-312, 9.81024e-317, 1.65018e-321, 0, 0, 0
3.97964, 3.98065, 3.98167, 3.98269, 3.98373, 3.98478, 3.98584, 3.98691, 3.988, 3.98909, 3.9902, 3.99132, 3.99245, 3.99359, 3.99474, 3.99591, 3.99709, 3.99828, 3.99948, 4.00069, 4.00192, 4.00316, 4.00442, 4.00568, 4.00696, 4.00825, 4.00956, 4.01088, 4.01221, 4.01356, 4.01492, 4.01629, 4.01768, 4.01908, 4.0205, 4.02193, 4.02337, 4.02483, 4.0263, 4.02779, 4.0293, 4.03082, 4.03235, 4.0339, 4.03546, 4.03704, 4.03864, 4.04025, 4.04188, 4.04352, 4.04518, 4.04686, 4.04855, 4.05026, 4.05199, 4.05374, 4.0555, 4.05728, 4.05907, 4.06089, 4.06272, 4.06457, 4.06644, 4.06832, 4.07023, 4.07215, 4.0741, 4.07606, 4.07804, 4.08004, 4.08206, 4.0841, 4.08616, 4.08824, 4.09035, 4.09247, 4.09461, 4.09677, 4.09896, 4.10116, 4.10339, 4.10564, 4.10792, 4.11021, 4.11253, 4.11487, 4.11723, 4.11962, 4.12203, 4.12446, 4.12692, 4.1294, 4.1319, 4.13443, 4.13699, 4.13957, 4.14218, 4.14481, 4.14747, 4.15016, 4.15287, 4.15561, 4.15837, 4.16116, 4.16399, 4.16684, 4.16971, 4.17262, 4.17556, 4.17852, 4.18152, 4.18454, 4.1876, 4.19068, 4.1938, 4.19695, 4.20013, 4.20334, 4.20658, 4.20986, 4.21317, 4.21652, 4.2199, 4.22331, 4.22676, 4.23024, 4.23376, 4.23732, 4.24091, 4.24454, 4.24821, 4.25191, 4.25565, 4.25944, 4.26326, 4.26712, 4.27102, 4.27496, 4.27895, 4.28297, 4.28704, 4.29115, 4.29531, 4.2995, 4.30375, 4.30804, 4.31237, 4.31675, 4.32118, 4.32565, 4.33018, 4.33475, 4.33937, 4.34404, 4.34877, 4.35354, 4.35837, 4.36325, 4.36818, 4.37317, 4.37822, 4.38332, 4.38847, 4.39369, 4.39896, 4.40429, 4.40969, 4.41514, 4.42066, 4.42624, 4.43188, 4.43759, 4.44336, 4.4492, 4.45511, 4.46109, 4.46713, 4.47325, 4.47944, 4.4857, 4.49204, 4.49845, 4.50494, 4.51151, 4.51815, 4.52488, 4.53169, 4.53858, 4.54555, 4.55261, 4.55976, 4.567, 4.57433, 4.58175, 4.58926, 4.59686, 4.60457, 4.61237, 4.62027, 4.62827, 4.63638, 4.64459, 4.65291, 4.66134, 4.66988, 4.67853, 4.6873, 4.69619, 4.70519, 4.71432, 4.72357, 4.73295, 4.74246, 4.75209, 4.76187, 4.77178, 4.78183, 4.79202, 4.80235, 4.81284, 4.82347, 4.83426, 4.84521, 4.85632, 4.86759, 4.87903, 4.89065, 4.90243, 4.9144, 4.92655, 4.93889, 4.95141, 4.96414, 4.97706, 4.99019, 5.00353, 5.01708, 5.03085, 5.04485, 5.05908, 5.07354, 5.08824, 5.1032, 5.1184, 5.13387, 5.1496, 5.16561, 5.1819, 5.19848, 5.21535, 5.23253, 5.25003, 5.26784, 5.28598, 5.30447, 5.3233, 5.34249, 5.36206, 5.382, 5.40234, 5.42308, 5.44424, 5.46583, 5.48786, 5.51035, 5.53331, 5.55675, 5.58071, 5.60518, 5.63019, 5.65576, 5.6819, 5.70864, 5.736, 5.764, 5.79266, 5.82202, 5.85209, 5.8829, 5.91449, 5.94687, 5.9801, 6.0142, 6.0492, 6.08515, 6.12209, 6.16006, 6.1991, 6.23928, 6.28063, 6.32322, 6.3671, 6.41235, 6.45903, 6.50721, 6.55697, 6.60841, 6.6616, 6.71666, 6.77368, 6.83279, 6.89411, 6.95778, 7.02395, 7.09279, 7.16448, 7.2392, 7.3172, 7.39869, 7.48396, 7.57329, 7.66702, 7.76553, 7.86923, 7.97859, 8.09416, 8.21654, 8.34644, 8.48468, 8.6322, 8.79012, 8.95976, 9.14271, 9.34088, 9.55664, 9.79297, 10.0537, 10.3437, 10.67, 11.0417, 11.4714, 11.9757, 12.5739, 13.2841, 14.114, 15.0461, 16.0187, 16.913, 17.5543, 17.7399, 17.2917, 16.1193, 14.2664, 11.9165, 9.34928, 6.86371, 4.70119, 2.99721, 1.7754, 0.975704, 0.496917, 0.234311, 0.102215, 0.0412267, 0.0153648, 0.00528759, 0.00167779, 0.000488321, 0.000127151, 2.42246e-05, 4.97065e-06, 1.0795e-06, 2.15935e-07, 3.97845e-08, 6.75139e-09, 1.05527e-09, 1.51922e-10, 2.0145e-11, 2.46038e-12, 2.76775e-13, 2.86774e-14, 2.73679e-15, 2.40564e-16, 1.94764e-17, 1.45236e-18, 9.97533e-20, 6.31055e-21, 3.67701e-22, 1.97338e-23, 9.75465e-25, 4.4412e-26, 1.86241e-27, 7.19344e-29, 2.55908e-30, 8.3853e-32, 2.53069e-33, 7.03467e-35, 1.80109e-36, 4.24728e-38, 9.22513e-40, 1.84552e-41, 3.40056e-43, 5.7712e-45, 9.02125e-47, 1.29883e-48, 1.72235e-50, 2.10365e-52, 2.36652e-54, 2.45205e-56, 2.34009e-58, 2.05693e-60, 1.66529e-62, 1.24178e-64, 8.52862e-67, 5.39507e-69, 3.14338e-71, 1.68686e-73, 8.33767e-76, 3.79569e-78, 1.59155e-80, 6.14652e-83, 2.18636e-85, 7.16297e-88, 2.16146e-90, 6.00732e-93, 1.53779e-95, 3.6257e-98, 7.8735e-101, 1.57479e-103, 2.90108e-106, 4.92239e-109, 7.69258e-112, 1.10725e-114, 1.46792e-117, 1.79241e-120, 2.01581e-123, 2.08806e-126, 1.99211e-129, 1.7505e-132, 1.41674e-135, 1.05608e-138, 7.25073e-142, 4.58506e-145, 2.67046e-148, 1.43253e-151, 7.07782e-155, 3.22087e-158, 1.34997e-161, 5.21137e-165, 1.85292e-168, 6.0679e-172, 1.83019e-175, 5.08431e-179, 1.3009e-182, 3.06572e-186, 6.65421e-190, 1.33026e-193, 2.44936e-197, 4.15379e-201, 6.48803e-205, 9.33374e-209, 1.23673e-212, 1.50928e-216, 1.69644e-220, 1.75623e-224, 1.67456e-228, 1.4706e-232, 1.1895e-236, 8.86149e-241, 6.08029e-245, 3.84252e-249, 2.23657e-253, 1.19901e-257, 5.9202e-262, 2.6923e-266, 1.12768e-270, 4.35032e-275, 1.54572e-279, 5.05839e-284, 1.52464e-288, 4.23249e-293, 1.08218e-297, 2.54843e-302, 5.52739e-307, 1.10418e-311, 2.03158e-316, 3.45352e-321, 0, 0, 0
209.96
177.19
 
MEASUREMENT 18
1.56305, 4.67879, 7.79453, 10.9103, 14.0312, 17.1469, 20.2679, 23.3784, 26.4796, 29.5859, 32.6913, 35.8071, 38.9228, 42.0385, 45.1595, 48.2752, 51.3909, 54.5067, 57.6224, 60.7381, 63.8435, 66.9593, 70.0698, 73.1752, 76.2806, 79.3859, 82.4913, 85.5967, 88.7021, 91.8074, 94.9128, 98.0182, 101.1, 104.148, 107.196, 110.244, 113.292, 116.339, 119.387, 122.435, 125.483, 128.531, 131.574, 134.622, 137.67, 140.718, 143.766, 146.814, 149.861, 152.909, 155.957, 159.005, 162.053, 165.101, 168.149, 171.197, 174.245, 177.293, 180.341, 183.389, 186.436, 189.484, 192.532, 195.58, 198.621, 201.655, 204.688, 207.722, 210.756, 213.794, 216.838, 219.882, 222.926, 225.97, 229.014, 232.058, 235.102, 238.145, 241.189, 244.233, 247.277, 250.321, 253.37, 256.424, 259.478, 262.532, 265.586, 268.64, 271.695, 274.749, 277.803, 280.857, 283.911, 286.97, 290.035, 293.099
3.49356, 3.51326, 3.49767, 3.70989, 3.49178, 3.53236, 3.82536, 3.82126, 3.76575, 3.81018, 3.85493, 3.94817, 3.95499, 4.00156, 3.99824, 4.01017, 4.1658, 4.20132, 4.27789, 4.32049, 3.82716, 4.27555, 4.29762, 4.28236, 4.38219, 4.39757, 4.41929, 4.41473, 4.47498, 4.12852, 4.54172, 3.94042, 4.56502, 4.56286, 4.61029, 4.62575, 4.65542, 4.69244, 4.73171, 4.75723, 4.7746, 4.83053, 4.88908, 4.90273, 4.95763, 5.03501, 5.10526, 5.1549, 5.20254, 5.2551, 5.35957, 5.45472, 5.56069, 5.63638, 5.75631, 6.02535, 6.1214, 6.2079, 6.45092, 6.753, 6.99261, 7.44606, 7.89187, 8.68205, 11.118, 12.6979, 14.3175, 13.0348, 6.71232, 1.50662, 0.111657, -0.00169296, -0.0385471, -0.0458722, -0.0367208, -0.0165872, -0.029216, -0.0264438, -0.0587068, -0.0397432, -0.0658713, -0.0965993, -0.0636895, -0.034733, -0.0641208, -0.0822939, -0.0447113, -0.0355101, -0.0254349, -0.021231, -0.0244511, -0.0389646, -0.0506804, -0.0403982, -0.0700379, -0.0931883
0.104807, 0.105398, 0.10493, 0.111297, 0.104754, 0.105971, 0.114761, 0.114638, 0.112972, 0.114305, 0.115648, 0.118445, 0.11865, 0.120047, 0.119947, 0.120305, 0.124974, 0.12604, 0.128337, 0.129615, 0.114815, 0.128267, 0.128929, 0.128471, 0.131466, 0.131927, 0.132579, 0.132442, 0.134249, 0.123855, 0.136252, 0.118212, 0.136951, 0.136886, 0.138309, 0.138772, 0.139663, 0.140773, 0.141951, 0.142717, 0.143238, 0.144916, 0.146672, 0.147082, 0.148729, 0.15105, 0.153158, 0.154647, 0.156076, 0.157653, 0.160787, 0.163642, 0.166821, 0.169091, 0.172689, 0.180761, 0.183642, 0.186237, 0.193528, 0.20259, 0.209778, 0.223382, 0.236756, 0.260462, 0.333541, 0.380936, 0.429525, 0.391045, 0.20137, 0.0451986, 0.00334972, 5.07889e-05, 0.00115641, 0.00137617, 0.00110163, 0.000497617, 0.000876479, 0.000793315, 0.00176121, 0.0011923, 0.00197614, 0.00289798, 0.00191069, 0.00104199, 0.00192363, 0.00246882, 0.00134134, 0.0010653, 0.000763046, 0.000636931, 0.000733533, 0.00116894, 0.00152041, 0.00121195, 0.00210114, 0.00279565
0, 0.613815, 1.22763, 1.84144, 2.45526, 3.06907, 3.68289, 4.2967, 4.91052, 5.52433, 6.13815, 6.75196, 7.36578, 7.97959, 8.59341, 9.20722, 9.82104, 10.4349, 11.0487, 11.6625, 12.2763, 12.8901, 13.5039, 14.1177, 14.7316, 15.3454, 15.9592, 16.573, 17.1868, 17.8006, 18.4144, 19.0283, 19.6421, 20.2559, 20.8697, 21.4835, 22.0973, 22.7111, 23.325, 23.9388, 24.5526, 25.1664, 25.7802, 26.394, 27.0078, 27.6217, 28.2355, 28.8493, 29.4631, 30.0769, 30.6907, 31.3046, 31.9184, 32.5322, 33.146, 33.7598, 34.3736, 34.9874, 35.6013, 36.2151, 36.8289, 37.4427, 38.0565, 38.6703, 39.2841, 39.898, 40.5118, 41.1256, 41.7394, 42.3532, 42.967, 43.5808, 44.1947, 44.8085, 45.4223, 46.0361, 46.6499, 47.2637, 47.8775, 48.4914, 49.1052, 49.719, 50.3328, 50.9466, 51.5604, 52.1743, 52.7881, 53.4019, 54.0157, 54.6295, 55.2433, 55.8571, 56.471, 57.0848, 57.6986, 58.3124, 58.9262, 59.54, 60.1538, 60.7677, 61.3815, 61.9953, 62.6091, 63.2229, 63.8367, 64.4505, 65.0644, 65.6782, 66.292, 66.9058, 67.5196, 68.1334, 68.7473, 69.3611, 69.9749, 70.5887, 71.2025, 71.8163, 72.4301, 73.044, 73.6578, 74.2716, 74.8854, 75.4992, 76.113, 76.7268, 77.3407, 77.9545, 78.5683, 79.1821, 79.7959, 80.4097, 81.0235, 81.6374, 82.2512, 82.865, 83.4788, 84.0926, 84.7064, 85.3202, 85.9341, 86.5479, 87.1617, 87.7755, 88.3893, 89.0031, 89.617, 90.2308, 90.8446, 91.4584, 92.0722, 92.686, 93.2998, 93.9137, 94.5275, 95.1413, 95.7551, 96.3689, 96.9827, 97.5965, 98.2104, 98.8242, 99.438, 100.052, 100.666, 101.279, 101.893, 102.507, 103.121, 103.735, 104.349, 104.962, 105.576, 106.19, 106.804, 107.418, 108.031, 108.645, 109.259, 109.873, 110.487, 111.1, 111.714, 112.328, 112.942, 113.556, 114.17, 114.783, 115.397, 116.011, 116.625, 117.239, 117.852, 118.466, 119.08, 119.694, 120.308, 120.922, 121.535, 122.149, 122.763, 123.377, 123.991, 124.604, 125.218, 125.832, 126.446, 127.06, 127.673, 128.287, 128.901, 129.515, 130.129, 130.743, 131.356, 131.97, 132.584, 133.198, 133.812, 134.425, 135.039, 135.653, 136.267, 136.881, 137.495, 138.108, 138.722, 139.336, 139.95, 140.564, 141.177, 141.791, 142.405, 143.019, 143.633, 144.246, 144.86, 145.474, 146.088, 146.702, 147.316, 147.929, 148.543, 149.157, 149.771, 150.385, 150.998, 151.612, 152.226, 152.84, 153.454, 154.068, 154.681, 155.295, 155.909, 156.523, 157.137, 157.75, 158.364, 158.978, 159.592, 160.206, 160.819, 161.433, 162.047, 162.661, 163.275, 163.889, 164.502, 165.116, 165.73, 166.344, 166.958, 167.571, 168.185, 168.799, 169.413, 170.027, 170.64, 171.254, 171.868, 172.482, 173.096, 173.71, 174.323, 174.937, 175.551, 176.165, 176.779, 177.392, 178.006, 178.62, 179.234, 179.848, 180.462, 181.075, 181.689, 182.303, 182.917, 183.531, 184.144, 184.758, 185.372, 185.986, 186.6, 187.213, 187.827, 188.441, 189.055, 189.669, 190.283, 190.896, 191.51, 192.124, 192.738, 193.352, 193.965, 194.579, 195.193, 195.807, 196.421, 197.035, 197.648, 198.262, 198.876, 199.49, 200.104, 200.717, 201.331, 201.945, 202.559, 203.173, 203.786, 204.4, 205.014, 205.628, 206.242, 206.856, 207.469, 208.083, 208.697, 209.311, 209.925, 210.538, 211.152, 211.766, 212.38, 212.994, 213.608, 214.221, 214.835, 215.449, 216.063, 216.677, 217.29, 217.904, 218.518, 219.132, 219.746, 220.359, 220.973, 221.587, 222.201, 222.815, 223.429, 224.042, 224.656, 225.27, 225.884, 226.498, 227.111, 227.725, 228.339, 228.953, 229.567, 230.181, 230.794, 231.408, 232.022, 232.636, 233.25, 233.863, 234.477, 235.091, 235.705, 236.319, 236.932, 237.546, 238.16, 238.774, 239.388, 240.002, 240.615, 241.229, 241.843, 242.457, 243.071, 243.684, 244.298, 244.912, 245.526, 246.14, 246.754, 247.367, 247.981, 248.595, 249.209, 249.823, 250.436, 251.05, 251.664, 252.278, 252.892, 253.505, 254.119, 254.733, 255.347, 255.961, 256.575, 257.188, 257.802, 258.416, 259.03, 259.644, 260.257, 260.871, 261.485, 262.099, 262.713, 263.327, 263.94, 264.554, 265.168, 265.782, 266.396, 267.009, 267.623, 268.237, 268.851, 269.465, 270.078, 270.692, 271.306, 271.92, 272.534, 273.148, 273.761, 274.375, 274.989, 275.603, 276.217, 276.83, 277.444, 278.058, 278.672, 279.286, 279.9, 280.513, 281.127, 281.741, 282.355, 282.969, 283.582, 284.196, 284.81, 285.424, 286.038, 286.651, 287.265, 287.879, 288.493, 289.107, 289.721, 290.334, 290.948, 291.562, 292.176, 292.79, 293.403, 294.017
3.97807, 3.979, 3.97994, 3.98089, 3.98185, 3.98283, 3.98381, 3.98481, 3.98581, 3.98683, 3.98786, 3.9889, 3.98995, 3.99101, 3.99209, 3.99317, 3.99427, 3.99538, 3.9965, 3.99763, 3.99878, 3.99994, 4.00111, 4.00229, 4.00349, 4.0047, 4.00592, 4.00715, 4.0084, 4.00966, 4.01093, 4.01222, 4.01352, 4.01483, 4.01616, 4.0175, 4.01886, 4.02023, 4.02161, 4.02301, 4.02442, 4.02585, 4.02729, 4.02874, 4.03022, 4.0317, 4.0332, 4.03472, 4.03625, 4.0378, 4.03936, 4.04094, 4.04254, 4.04415, 4.04578, 4.04742, 4.04908, 4.05076, 4.05246, 4.05417, 4.0559, 4.05765, 4.05941, 4.06119, 4.06299, 4.06481, 4.06665, 4.0685, 4.07037, 4.07227, 4.07418, 4.07611, 4.07806, 4.08003, 4.08201, 4.08402, 4.08605, 4.0881, 4.09017, 4.09226, 4.09437, 4.0965, 4.09866, 4.10083, 4.10303, 4.10525, 4.10749, 4.10975, 4.11204, 4.11434, 4.11668, 4.11903, 4.12141, 4.12381, 4.12624, 4.12869, 4.13116, 4.13366, 4.13619, 4.13874, 4.14132, 4.14392, 4.14655, 4.1492, 4.15188, 4.15459, 4.15733, 4.16009, 4.16288, 4.1657, 4.16855, 4.17143, 4.17433, 4.17727, 4.18024, 4.18323, 4.18626, 4.18932, 4.1924, 4.19552, 4.19868, 4.20186, 4.20508, 4.20833, 4.21161, 4.21493, 4.21828, 4.22167, 4.22509, 4.22855, 4.23204, 4.23557, 4.23913, 4.24274, 4.24638, 4.25006, 4.25378, 4.25753, 4.26133, 4.26517, 4.26904, 4.27296, 4.27692, 4.28093, 4.28497, 4.28906, 4.29319, 4.29737, 4.30159, 4.30586, 4.31017, 4.31453, 4.31894, 4.32339, 4.3279, 4.33245, 4.33706, 4.34171, 4.34642, 4.35117, 4.35599, 4.36085, 4.36577, 4.37074, 4.37577, 4.38086, 4.386, 4.3912, 4.39647, 4.40179, 4.40717, 4.41261, 4.41812, 4.42369, 4.42932, 4.43502, 4.44079, 4.44663, 4.45253, 4.4585, 4.46455, 4.47066, 4.47685, 4.48311, 4.48945, 4.49586, 4.50235, 4.50893, 4.51558, 4.52231, 4.52912, 4.53602, 4.54301, 4.55008, 4.55724, 4.56449, 4.57184, 4.57927, 4.5868, 4.59443, 4.60215, 4.60998, 4.61791, 4.62594, 4.63407, 4.64231, 4.65067, 4.65913, 4.66771, 4.6764, 4.68521, 4.69414, 4.70319, 4.71236, 4.72167, 4.7311, 4.74066, 4.75036, 4.7602, 4.77017, 4.78029, 4.79055, 4.80097, 4.81153, 4.82225, 4.83313, 4.84417, 4.85537, 4.86674, 4.87829, 4.89001, 4.90191, 4.91399, 4.92627, 4.93873, 4.9514, 4.96426, 4.97733, 4.99061, 5.00411, 5.01783, 5.03178, 5.04596, 5.06037, 5.07503, 5.08994, 5.10511, 5.12054, 5.13624, 5.15222, 5.16849, 5.18504, 5.2019, 5.21906, 5.23654, 5.25435, 5.27249, 5.29098, 5.30983, 5.32903, 5.34862, 5.36859, 5.38896, 5.40975, 5.43096, 5.45261, 5.47471, 5.49727, 5.52032, 5.54387, 5.56794, 5.59253, 5.61768, 5.6434, 5.66972, 5.69664, 5.7242, 5.75242, 5.78133, 5.81095, 5.8413, 5.87243, 5.90435, 5.93711, 5.97074, 6.00527, 6.04074, 6.0772, 6.11469, 6.15326, 6.19295, 6.23382, 6.27594, 6.31935, 6.36413, 6.41035, 6.45808, 6.5074, 6.55841, 6.61119, 6.66585, 6.72251, 6.78128, 6.84229, 6.90569, 6.97164, 7.04031, 7.11189, 7.18658, 7.26463, 7.34628, 7.43183, 7.52159, 7.61592, 7.71522, 7.81995, 7.93063, 8.04785, 8.1723, 8.30478, 8.44619, 8.59765, 8.76043, 8.93611, 9.12658, 9.33421, 9.56197, 9.8137, 10.0945, 10.411, 10.7721, 11.1888, 11.6731, 12.2347, 12.873, 13.5659, 14.2555, 14.8393, 15.1741, 15.101, 14.4897, 13.2889, 11.5581, 9.48539, 7.30501, 5.25637, 3.52254, 2.19294, 1.26569, 0.676175, 0.333938, 0.152298, 0.064088, 0.0248652, 0.00888862, 0.00292465, 0.000883565, 0.00024271, 5.7512e-05, 8.34898e-06, 1.86445e-06, 3.82216e-07, 7.19268e-08, 1.2425e-08, 1.97026e-09, 2.86796e-10, 3.83219e-11, 4.70049e-12, 5.29251e-13, 5.47019e-14, 5.18999e-15, 4.52014e-16, 3.61377e-17, 2.6521e-18, 1.78666e-19, 1.10488e-20, 6.27205e-22, 3.26833e-23, 1.56338e-24, 6.8647e-26, 2.76695e-27, 1.02377e-28, 3.47714e-30, 1.08409e-31, 3.1026e-33, 8.15093e-35, 1.96566e-36, 4.35142e-38, 8.84244e-40, 1.64943e-41, 2.82432e-43, 4.43929e-45, 6.40519e-47, 8.48339e-49, 1.0314e-50, 1.15107e-52, 1.17922e-54, 1.10894e-56, 9.57273e-59, 7.58549e-61, 5.51759e-63, 3.68411e-65, 2.25805e-67, 1.27043e-69, 6.56124e-72, 3.11056e-74, 1.35365e-76, 5.40745e-79, 1.98287e-81, 6.6744e-84, 2.06228e-86, 5.84921e-89, 1.52287e-91, 3.63953e-94, 7.9844e-97, 1.60788e-99, 2.97223e-102, 5.04342e-105, 7.85566e-108, 1.12319e-110, 1.47415e-113, 1.776e-116, 1.96407e-119, 1.99382e-122, 1.85793e-125, 1.58923e-128, 1.24783e-131, 8.99374e-135, 5.95028e-138, 3.61366e-141, 2.01451e-144, 1.03087e-147, 4.84232e-151, 2.08792e-154, 8.26393e-158, 3.00242e-161, 1.00131e-164, 3.06533e-168, 8.61384e-172, 2.22192e-175, 5.26104e-179, 1.14347e-182, 2.28134e-186, 4.17799e-190, 7.0235e-194, 1.08381e-197, 1.53518e-201, 1.99608e-205, 2.38235e-209, 2.61002e-213, 2.62478e-217, 2.42298e-221, 2.05314e-225, 1.59696e-229, 1.1402e-233, 7.47267e-238, 4.49553e-242, 2.48253e-246, 1.25839e-250, 5.85526e-255, 2.50084e-259, 9.80467e-264, 3.52849e-268, 1.16561e-272, 3.53447e-277, 9.83792e-282, 2.51357e-286, 5.89502e-291, 1.26908e-295, 2.50782e-300, 4.54898e-305, 7.57421e-310, 1.15763e-314, 1.62399e-319, 0, 0, 0, 0, 0, 0
3.97807, 3.97907, 3.98009, 3.98111, 3.98215, 3.9832, 3.98426, 3.98533, 3.98641, 3.9875, 3.98861, 3.98973, 3.99085, 3.99199, 3.99315, 3.99431, 3.99549, 3.99668, 3.99788, 3.99909, 4.00032, 4.00156, 4.00281, 4.00407, 4.00535, 4.00664, 4.00795, 4.00926, 4.0106, 4.01194, 4.0133, 4.01467, 4.01606, 4.01746, 4.01887, 4.0203, 4.02174, 4.0232, 4.02467, 4.02616, 4.02766, 4.02918, 4.03071, 4.03226, 4.03382, 4.0354, 4.03699, 4.0386, 4.04023, 4.04187, 4.04353, 4.0452, 4.04689, 4.0486, 4.05033, 4.05207, 4.05383, 4.05561, 4.0574, 4.05921, 4.06104, 4.06289, 4.06476, 4.06664, 4.06854, 4.07047, 4.07241, 4.07437, 4.07635, 4.07834, 4.08036, 4.0824, 4.08446, 4.08654, 4.08864, 4.09075, 4.09289, 4.09506, 4.09724, 4.09944, 4.10167, 4.10391, 4.10618, 4.10848, 4.11079, 4.11313, 4.11549, 4.11787, 4.12028, 4.12271, 4.12516, 4.12764, 4.13014, 4.13267, 4.13523, 4.1378, 4.14041, 4.14304, 4.14569, 4.14837, 4.15108, 4.15382, 4.15658, 4.15937, 4.16219, 4.16503, 4.16791, 4.17081, 4.17374, 4.1767, 4.1797, 4.18272, 4.18577, 4.18885, 4.19196, 4.19511, 4.19829, 4.20149, 4.20473, 4.20801, 4.21132, 4.21466, 4.21803, 4.22144, 4.22488, 4.22836, 4.23188, 4.23543, 4.23902, 4.24264, 4.24631, 4.25001, 4.25374, 4.25752, 4.26134, 4.26519, 4.26909, 4.27303, 4.27701, 4.28103, 4.28509, 4.2892, 4.29334, 4.29754, 4.30178, 4.30606, 4.31039, 4.31476, 4.31918, 4.32365, 4.32817, 4.33274, 4.33735, 4.34202, 4.34674, 4.35151, 4.35633, 4.3612, 4.36613, 4.37111, 4.37615, 4.38124, 4.38639, 4.3916, 4.39687, 4.40219, 4.40758, 4.41303, 4.41853, 4.42411, 4.42974, 4.43544, 4.44121, 4.44704, 4.45294, 4.45891, 4.46495, 4.47105, 4.47724, 4.48349, 4.48982, 4.49622, 4.5027, 4.50926, 4.51589, 4.52261, 4.52941, 4.53629, 4.54326, 4.55031, 4.55745, 4.56467, 4.57199, 4.5794, 4.5869, 4.5945, 4.60219, 4.60998, 4.61787, 4.62586, 4.63395, 4.64215, 4.65046, 4.65888, 4.6674, 4.67604, 4.6848, 4.69367, 4.70266, 4.71178, 4.72101, 4.73038, 4.73987, 4.74949, 4.75925, 4.76914, 4.77918, 4.78935, 4.79967, 4.81014, 4.82076, 4.83153, 4.84246, 4.85355, 4.8648, 4.87623, 4.88782, 4.89959, 4.91153, 4.92366, 4.93598, 4.94848, 4.96119, 4.97409, 4.98719, 5.00051, 5.01404, 5.02778, 5.04175, 5.05596, 5.07039, 5.08507, 5.1, 5.11517, 5.13061, 5.14632, 5.16229, 5.17855, 5.1951, 5.21194, 5.22909, 5.24654, 5.26432, 5.28243, 5.30088, 5.31967, 5.33883, 5.35835, 5.37825, 5.39855, 5.41924, 5.44036, 5.4619, 5.48388, 5.50632, 5.52923, 5.55262, 5.57652, 5.60094, 5.62589, 5.6514, 5.67748, 5.70415, 5.73145, 5.75938, 5.78797, 5.81725, 5.84724, 5.87797, 5.90948, 5.94178, 5.97491, 6.00892, 6.04382, 6.07967, 6.1165, 6.15436, 6.19329, 6.23334, 6.27457, 6.31702, 6.36077, 6.40587, 6.45239, 6.50041, 6.55, 6.60126, 6.65426, 6.70911, 6.76592, 6.82481, 6.88589, 6.9493, 7.0152, 7.08375, 7.15512, 7.22951, 7.30714, 7.38825, 7.47309, 7.56197, 7.65521, 7.75318, 7.85628, 7.965, 8.07985, 8.20144, 8.33046, 8.46771, 8.61412, 8.77078, 8.93898, 9.12026, 9.31648, 9.52993, 9.76349, 10.0208, 10.3066, 10.6273, 10.9918, 11.4122, 11.9048, 12.4895, 13.1869, 14.0096, 14.9475, 15.9473, 16.8957, 17.6159, 17.8931, 17.5282, 16.4084, 14.5629, 12.1751, 9.53874, 6.97501, 4.74522, 2.99607, 1.75223, 0.947795, 0.473583, 0.218382, 0.0928607, 0.0363878, 0.0131316, 0.00436079, 0.0013301, 0.000369903, 9.01397e-05, 1.48383e-05, 3.31256e-06, 6.80402e-07, 1.28289e-07, 2.22044e-08, 3.52784e-09, 5.14519e-10, 6.88838e-11, 8.46554e-12, 9.55024e-13, 9.88998e-14, 9.40153e-15, 8.20395e-16, 6.57156e-17, 4.83209e-18, 3.26154e-19, 2.02083e-20, 1.14937e-21, 6.00078e-23, 2.87592e-24, 1.26522e-25, 5.10945e-27, 1.89409e-28, 6.44538e-30, 2.01333e-31, 5.77297e-33, 1.51951e-34, 3.67135e-36, 8.14264e-38, 1.65777e-39, 3.09813e-41, 5.31488e-43, 8.36961e-45, 1.20986e-46, 1.60539e-48, 1.95543e-50, 2.18636e-52, 2.24397e-54, 2.11411e-56, 1.82834e-58, 1.45144e-60, 1.05769e-62, 7.07513e-65, 4.34435e-67, 2.44867e-69, 1.26692e-71, 6.01708e-74, 2.62322e-76, 1.04978e-78, 3.85635e-81, 1.30038e-83, 4.02508e-86, 1.14365e-88, 2.98282e-91, 7.14122e-94, 1.56939e-96, 3.16594e-99, 5.86256e-102, 9.96516e-105, 1.55487e-107, 2.22697e-110, 2.92784e-113, 3.5334e-116, 3.91426e-119, 3.98032e-122, 3.71533e-125, 3.18337e-128, 2.50374e-131, 1.80759e-134, 1.19791e-137, 7.28712e-141, 4.0691e-144, 2.0857e-147, 9.8133e-151, 4.23826e-154, 1.68024e-157, 6.11451e-161, 2.0425e-164, 6.26286e-168, 1.76276e-171, 4.55428e-175, 1.08008e-178, 2.35126e-182, 4.69845e-186, 8.61819e-190, 1.45106e-193, 2.24266e-197, 3.18162e-201, 4.14324e-205, 4.95268e-209, 5.43435e-213, 5.47347e-217, 5.06039e-221, 4.2945e-225, 3.3454e-229, 2.39216e-233, 1.57014e-237, 9.46002e-242, 5.23182e-246, 2.65595e-250, 1.23764e-254, 5.29385e-259, 2.07853e-263, 7.4911e-268, 2.47823e-272, 7.52561e-277, 2.09772e-281, 5.36733e-286, 1.26059e-290, 2.71766e-295, 5.378e-300, 9.76902e-305, 1.62887e-309, 2.49301e-314, 3.50288e-319, 0, 0, 0, 0, 0, 0
210.01
177.22
 
MEASUREMENT 19
1.56305, 4.67879, 7.79453, 10.9103, 14.0312, 17.1469, 20.2679, 23.3784, 26.4796, 29.5859, 32.6913, 35.8071, 38.9228, 42.0385, 45.1595, 48.2752, 51.3909, 54.5067, 57.6224, 60.7381, 63.8435, 66.9593, 70.0698, 73.1752, 76.2806, 79.3859, 82.4913, 85.5967, 88.7021, 91.8074, 94.9128, 98.0182, 101.1, 104.148, 107.196, 110.244, 113.292, 116.339, 119.387, 122.435, 125.483, 128.531, 131.574, 134.622, 137.67, 140.718, 143.766, 146.814, 149.861, 152.909, 155.957, 159.005, 162.053, 165.101, 168.149, 171.197, 174.245, 177.293, 180.341, 183.389, 186.436, 189.484, 192.532, 195.58, 198.621, 201.655, 204.688, 207.722, 210.756, 213.794, 216.838, 219.882, 222.926, 225.97, 229.014, 232.058, 235.102, 238.145, 241.189, 244.233, 247.277, 250.321, 253.37, 256.424, 259.478, 262.532, 265.586, 268.64, 271.695, 274.749, 277.803, 280.857, 283.911, 286.97, 290.035, 293.099
3.4945, 3.50864, 3.4953, 3.71234, 3.49386, 3.5403, 3.82845, 3.82994, 3.76767, 3.81658, 3.86672, 3.95184, 3.95944, 3.99647, 3.99773, 4.00367, 4.16774, 4.20524, 4.27894, 4.32451, 3.84152, 4.27881, 4.30104, 4.29034, 4.38219, 4.39589, 4.42217, 4.41755, 4.47648, 4.13739, 4.54558, 3.9405, 4.56998, 4.56918, 4.60796, 4.62951, 4.65711, 4.69453, 4.73635, 4.75922, 4.77993, 4.8339, 4.89481, 4.90299, 4.96336, 5.03764, 5.10825, 5.15777, 5.20686, 5.26318, 5.3655, 5.4617, 5.56837, 5.64416, 5.76263, 6.03226, 6.12285, 6.21051, 6.45176, 6.75812, 6.99772, 7.44961, 7.8947, 8.77009, 11.1273, 12.7021, 14.319, 13.0425, 6.71764, 1.51799, 0.109772, -0.00809723, -0.0342415, -0.0482448, -0.0399063, -0.0200024, -0.0302589, -0.023982, -0.0584315, -0.0361154, -0.0660447, -0.0968141, -0.0604599, -0.0319423, -0.0624815, -0.0782576, -0.0441499, -0.033978, -0.0256296, -0.021447, -0.0250949, -0.038744, -0.0538761, -0.0415517, -0.0679012, -0.0934157
0.104835, 0.105259, 0.104859, 0.11137, 0.104816, 0.106209, 0.114854, 0.114898, 0.11303, 0.114497, 0.116002, 0.118555, 0.118783, 0.119894, 0.119932, 0.12011, 0.125032, 0.126157, 0.128368, 0.129735, 0.115246, 0.128364, 0.129031, 0.12871, 0.131466, 0.131877, 0.132665, 0.132526, 0.134294, 0.124122, 0.136368, 0.118215, 0.1371, 0.137076, 0.138239, 0.138885, 0.139713, 0.140836, 0.142091, 0.142777, 0.143398, 0.145017, 0.146844, 0.14709, 0.148901, 0.151129, 0.153248, 0.154733, 0.156206, 0.157895, 0.160965, 0.163851, 0.167051, 0.169325, 0.172879, 0.180968, 0.183685, 0.186315, 0.193553, 0.202744, 0.209932, 0.223488, 0.236841, 0.263103, 0.333818, 0.381063, 0.42957, 0.391275, 0.201529, 0.0455396, 0.00329315, 0.000242917, 0.00102725, 0.00144734, 0.00119719, 0.000600072, 0.000907768, 0.00071946, 0.00175294, 0.00108346, 0.00198134, 0.00290442, 0.0018138, 0.000958269, 0.00187445, 0.00234773, 0.0013245, 0.00101934, 0.000768888, 0.000643409, 0.000752847, 0.00116232, 0.00161628, 0.00124655, 0.00203704, 0.00280247
0, 0.613815, 1.22763, 1.84144, 2.45526, 3.06907, 3.68289, 4.2967, 4.91052, 5.52433, 6.13815, 6.75196, 7.36578, 7.97959, 8.59341, 9.20722, 9.82104, 10.4349, 11.0487, 11.6625, 12.2763, 12.8901, 13.5039, 14.1177, 14.7316, 15.3454, 15.9592, 16.573, 17.1868, 17.8006, 18.4144, 19.0283, 19.6421, 20.2559, 20.8697, 21.4835, 22.0973, 22.7111, 23.325, 23.9388, 24.5526, 25.1664, 25.7802, 26.394, 27.0078, 27.6217, 28.2355, 28.8493, 29.4631, 30.0769, 30.6907, 31.3046, 31.9184, 32.5322, 33.146, 33.7598, 34.3736, 34.9874, 35.6013, 36.2151, 36.8289, 37.4427, 38.0565, 38.6703, 39.2841, 39.898, 40.5118, 41.1256, 41.7394, 42.3532, 42.967, 43.5808, 44.1947, 44.8085, 45.4223, 46.0361, 46.6499, 47.2637, 47.8775, 48.4914, 49.1052, 49.719, 50.3328, 50.9466, 51.5604, 52.1743, 52.7881, 53.4019, 54.0157, 54.6295, 55.2433, 55.8571, 56.471, 57.0848, 57.6986, 58.3124, 58.9262, 59.54, 60.1538, 60.7677, 61.3815, 61.9953, 62.6091, 63.2229, 63.8367, 64.4505, 65.0644, 65.6782, 66.292, 66.9058, 67.5196, 68.1334, 68.7473, 69.3611, 69.9749, 70.5887, 71.2025, 71.8163, 72.4301, 73.044, 73.6578, 74.2716, 74.8854, 75.4992, 76.113, 76.7268, 77.3407, 77.9545, 78.5683, 79.1821, 79.7959, 80.4097, 81.0235, 81.6374, 82.2512, 82.865, 83.4788, 84.0926, 84.7064, 85.3202, 85.9341, 86.5479, 87.1617, 87.7755, 88.3893, 89.0031, 89.617, 90.2308, 90.8446, 91.4584, 92.0722, 92.686, 93.2998, 93.9137, 94.5275, 95.1413, 95.7551, 96.3689, 96.9827, 97.5965, 98.2104, 98.8242, 99.438, 100.052, 100.666, 101.279, 101.893, 102.507, 103.121, 103.735, 104.349, 104.962, 105.576, 106.19, 106.804, 107.418, 108.031, 108.645, 109.259, 109.873, 110.487, 111.1, 111.714, 112.328, 112.942, 113.556, 114.17, 114.783, 115.397, 116.011, 116.625, 117.239, 117.852, 118.466, 119.08, 119.694, 120.308, 120.922, 121.535, 122.149, 122.763, 123.377, 123.991, 124.604, 125.218, 125.832, 126.446, 127.06, 127.673, 128.287, 128.901, 129.515, 130.129, 130.743, 131.356, 131.97, 132.584, 133.198, 133.812, 134.425, 135.039, 135.653, 136.267, 136.881, 137.495, 138.108, 138.722, 139.336, 139.95, 140.564, 141.177, 141.791, 142.405, 143.019, 143.633, 144.246, 144.86, 145.474, 146.088, 146.702, 147.316, 147.929, 148.543, 149.157, 149.771, 150.385, 150.998, 151.612, 152.226, 152.84, 153.454, 154.068, 154.681, 155.295, 155.909, 156.523, 157.137, 157.75, 158.364, 158.978, 159.592, 160.206, 160.819, 161.433, 162.047, 162.661, 163.275, 163.889, 164.502, 165.116, 165.73, 166.344, 166.958, 167.571, 168.185, 168.799, 169.413, 170.027, 170.64, 171.254, 171.868, 172.482, 173.096, 173.71, 174.323, 174.937, 175.551, 176.165, 176.779, 177.392, 178.006, 178.62, 179.234, 179.848, 180.462, 181.075, 181.689, 182.303, 182.917, 183.531, 184.144, 184.758, 185.372, 185.986, 186.6, 187.213, 187.827, 188.441, 189.055, 189.669, 190.283, 190.896, 191.51, 192.124, 192.738, 193.352, 193.965, 194.579, 195.193, 195.807, 196.421, 197.035, 197.648, 198.262, 198.876, 199.49, 200.104, 200.717, 201.331, 201.945, 202.559, 203.173, 203.786, 204.4, 205.014, 205.628, 206.242, 206.856, 207.469, 208.083, 208.697, 209.311, 209.925, 210.538, 211.152, 211.766, 212.38, 212.994, 213.608, 214.221, 214.835, 215.449, 216.063, 216.677, 217.29, 217.904, 218.518, 219.132, 219.746, 220.359, 220.973, 221.587, 222.201, 222.815, 223.429, 224.042, 224.656, 225.27, 225.884, 226.498, 227.111, 227.725, 228.339, 228.953, 229.567, 230.181, 230.794, 231.408, 232.022, 232.636, 233.25, 233.863, 234.477, 235.091, 235.705, 236.319, 236.932, 237.546, 238.16, 238.774, 239.388, 240.002, 240.615, 241.229, 241.843, 242.457, 243.071, 243.684, 244.298, 244.912, 245.526, 246.14, 246.754, 247.367, 247.981, 248.595, 249.209, 249.823, 250.436, 251.05, 251.664, 252.278, 252.892, 253.505, 254.119, 254.733, 255.347, 255.961, 256.575, 257.188, 257.802, 258.416, 259.03, 259.644, 260.257, 260.871, 261.485, 262.099, 262.713, 263.327, 263.94, 264.554, 265.168, 265.782, 266.396, 267.009, 267.623, 268.237, 268.851, 269.465, 270.078, 270.692, 271.306, 271.92, 272.534, 273.148, 273.761, 274.375, 274.989, 275.603, 276.217, 276.83, 277.444, 278.058, 278.672, 279.286, 279.9, 280.513, 281.127, 281.741, 282.355, 282.969, 283.582, 284.196, 284.81, 285.424, 286.038, 286.651, 287.265, 287.879, 288.493, 289.107, 289.721, 290.334, 290.948, 291.562, 292.176, 292.79, 293.403, 294.017
3.95833, 3.95931, 3.9603, 3.9613, 3.9623, 3.96332, 3.96435, 3.9654, 3.96645, 3.96751, 3.96859, 3.96968, 3.97078, 3.97189, 3.97301, 3.97415, 3.97529, 3.97645, 3.97762, 3.97881, 3.98, 3.98121, 3.98243, 3.98367, 3.98491, 3.98617, 3.98745, 3.98873, 3.99003, 3.99134, 3.99267, 3.99401, 3.99536, 3.99673, 3.99811, 3.99951, 4.00092, 4.00234, 4.00378, 4.00524, 4.0067, 4.00819, 4.00968, 4.0112, 4.01273, 4.01427, 4.01583, 4.0174, 4.01899, 4.0206, 4.02222, 4.02386, 4.02552, 4.02719, 4.02888, 4.03058, 4.03231, 4.03405, 4.0358, 4.03758, 4.03937, 4.04118, 4.04301, 4.04485, 4.04672, 4.0486, 4.0505, 4.05242, 4.05436, 4.05632, 4.0583, 4.0603, 4.06232, 4.06435, 4.06641, 4.06849, 4.07059, 4.07271, 4.07485, 4.07701, 4.07919, 4.0814, 4.08362, 4.08587, 4.08814, 4.09044, 4.09275, 4.09509, 4.09745, 4.09984, 4.10225, 4.10468, 4.10714, 4.10962, 4.11212, 4.11466, 4.11721, 4.11979, 4.1224, 4.12504, 4.1277, 4.13038, 4.1331, 4.13584, 4.1386, 4.1414, 4.14422, 4.14708, 4.14996, 4.15287, 4.15581, 4.15877, 4.16177, 4.1648, 4.16786, 4.17095, 4.17407, 4.17723, 4.18041, 4.18363, 4.18688, 4.19017, 4.19349, 4.19684, 4.20023, 4.20365, 4.2071, 4.2106, 4.21412, 4.21769, 4.22129, 4.22493, 4.22861, 4.23232, 4.23608, 4.23987, 4.2437, 4.24758, 4.25149, 4.25545, 4.25945, 4.26349, 4.26757, 4.27169, 4.27586, 4.28008, 4.28434, 4.28865, 4.293, 4.2974, 4.30184, 4.30634, 4.31088, 4.31548, 4.32012, 4.32482, 4.32956, 4.33436, 4.33921, 4.34412, 4.34908, 4.35409, 4.35917, 4.36429, 4.36948, 4.37472, 4.38003, 4.38539, 4.39082, 4.39631, 4.40186, 4.40747, 4.41315, 4.4189, 4.42471, 4.43059, 4.43654, 4.44255, 4.44864, 4.45481, 4.46104, 4.46735, 4.47373, 4.4802, 4.48674, 4.49336, 4.50005, 4.50684, 4.5137, 4.52065, 4.52768, 4.53481, 4.54202, 4.54932, 4.55671, 4.5642, 4.57178, 4.57946, 4.58724, 4.59512, 4.6031, 4.61118, 4.61937, 4.62767, 4.63608, 4.6446, 4.65323, 4.66198, 4.67084, 4.67983, 4.68894, 4.69817, 4.70753, 4.71703, 4.72665, 4.73641, 4.7463, 4.75634, 4.76652, 4.77684, 4.78732, 4.79795, 4.80873, 4.81967, 4.83077, 4.84204, 4.85348, 4.86509, 4.87688, 4.88884, 4.901, 4.91334, 4.92587, 4.9386, 4.95154, 4.96468, 4.97803, 4.9916, 5.00539, 5.01941, 5.03366, 5.04815, 5.06288, 5.07787, 5.09311, 5.10862, 5.12439, 5.14045, 5.15679, 5.17342, 5.19035, 5.20759, 5.22515, 5.24304, 5.26126, 5.27983, 5.29875, 5.31804, 5.3377, 5.35776, 5.37821, 5.39907, 5.42036, 5.44209, 5.46427, 5.48692, 5.51005, 5.53368, 5.55782, 5.5825, 5.60772, 5.63352, 5.65991, 5.68691, 5.71455, 5.74284, 5.77182, 5.8015, 5.83193, 5.86312, 5.8951, 5.92792, 5.9616, 5.99619, 6.03171, 6.06821, 6.10574, 6.14434, 6.18406, 6.22495, 6.26708, 6.3105, 6.35527, 6.40147, 6.44916, 6.49844, 6.54939, 6.6021, 6.65666, 6.7132, 6.77183, 6.83267, 6.89588, 6.9616, 7.03, 7.10126, 7.1756, 7.25323, 7.3344, 7.4194, 7.50852, 7.60212, 7.70059, 7.80437, 7.91395, 8.02991, 8.15291, 8.2837, 8.42318, 8.57238, 8.73255, 8.90518, 9.0921, 9.29555, 9.51842, 9.76436, 10.0382, 10.3461, 10.696, 11.0974, 11.5603, 12.0931, 12.6975, 13.3621, 14.0539, 14.7115, 15.2441, 15.5388, 15.4794, 14.9745, 13.9848, 12.5413, 10.7591, 8.80383, 6.84582, 5.04669, 3.52031, 2.31991, 1.44254, 0.845479, 0.466687, 0.242434, 0.118454, 0.0544104, 0.0234851, 0.00952117, 0.00362328, 0.00129251, 0.000430331, 0.0001314, 3.34583e-05, 6.25754e-06, 1.66481e-06, 4.14969e-07, 9.69026e-08, 2.11995e-08, 4.34494e-09, 8.3428e-10, 1.50075e-10, 2.52916e-11, 3.99312e-12, 5.90632e-13, 8.18447e-14, 1.06251e-14, 1.29225e-15, 1.4724e-16, 1.57172e-17, 1.57178e-18, 1.47258e-19, 1.29251e-20, 1.06282e-21, 8.18748e-23, 5.90895e-24, 3.9952e-25, 2.53067e-26, 1.50176e-27, 8.34898e-29, 4.34845e-30, 2.12179e-31, 9.69928e-33, 4.15378e-34, 1.66654e-35, 6.26405e-37, 2.20578e-38, 7.27674e-40, 2.24895e-41, 6.51161e-43, 1.7663e-44, 4.48858e-46, 1.06861e-47, 2.3834e-49, 4.98014e-51, 9.74885e-53, 1.78785e-54, 3.07169e-56, 4.94412e-58, 7.45533e-60, 1.0532e-61, 1.39387e-63, 1.72822e-65, 2.00745e-67, 2.18451e-69, 2.22705e-71, 2.12702e-73, 1.90318e-75, 1.59534e-77, 1.25283e-79, 9.21718e-82, 6.35285e-84, 4.10209e-86, 2.48146e-88, 1.40629e-90, 7.46633e-93, 3.71368e-95, 1.73048e-97, 7.55433e-100, 3.08951e-102, 1.18371e-104, 4.24884e-107, 1.42875e-109, 4.50101e-112, 1.32839e-114, 3.67289e-117, 9.51381e-120, 2.30869e-122, 5.24855e-125, 1.11784e-127, 2.2304e-130, 4.16917e-133, 7.30097e-136, 1.19778e-138, 1.84092e-141, 2.65068e-144, 3.57556e-147, 4.5185e-150, 5.34944e-153, 5.93316e-156, 6.16491e-159, 6.0011e-162, 5.47266e-165, 4.67551e-168, 3.74216e-171, 2.80595e-174, 1.97106e-177, 1.29713e-180, 7.99701e-184, 4.61887e-187, 2.49924e-190, 1.2669e-193, 6.01641e-197, 2.67668e-200, 1.11562e-203, 4.35613e-207, 1.59348e-210, 5.46078e-214, 1.75317e-217, 5.27299e-221, 1.48577e-224, 3.922e-228, 9.69898e-232, 2.24701e-235, 4.87694e-239, 9.91633e-243, 1.88893e-246, 3.37087e-250, 5.63547e-254, 8.82632e-258, 1.29506e-261, 1.78017e-265, 2.29243e-269
3.95833, 3.95934, 3.96036, 3.96139, 3.96243, 3.96348, 3.96454, 3.96562, 3.9667, 3.9678, 3.96891, 3.97003, 3.97116, 3.97231, 3.97346, 3.97463, 3.97581, 3.977, 3.97821, 3.97943, 3.98066, 3.9819, 3.98316, 3.98442, 3.98571, 3.987, 3.98831, 3.98963, 3.99097, 3.99231, 3.99368, 3.99505, 3.99644, 3.99785, 3.99927, 4.0007, 4.00215, 4.00361, 4.00508, 4.00657, 4.00808, 4.0096, 4.01114, 4.01269, 4.01426, 4.01584, 4.01744, 4.01905, 4.02068, 4.02233, 4.02399, 4.02567, 4.02737, 4.02908, 4.03081, 4.03256, 4.03432, 4.03611, 4.0379, 4.03972, 4.04156, 4.04341, 4.04528, 4.04717, 4.04908, 4.05101, 4.05295, 4.05492, 4.0569, 4.05891, 4.06093, 4.06297, 4.06504, 4.06712, 4.06923, 4.07135, 4.0735, 4.07566, 4.07785, 4.08006, 4.08229, 4.08455, 4.08682, 4.08912, 4.09144, 4.09378, 4.09615, 4.09854, 4.10095, 4.10339, 4.10585, 4.10834, 4.11085, 4.11338, 4.11594, 4.11853, 4.12114, 4.12378, 4.12644, 4.12913, 4.13185, 4.13459, 4.13736, 4.14016, 4.14298, 4.14584, 4.14872, 4.15163, 4.15457, 4.15754, 4.16054, 4.16357, 4.16663, 4.16973, 4.17285, 4.176, 4.17919, 4.18241, 4.18566, 4.18894, 4.19226, 4.19561, 4.19899, 4.20241, 4.20587, 4.20936, 4.21289, 4.21645, 4.22005, 4.22368, 4.22736, 4.23107, 4.23482, 4.23861, 4.24244, 4.24631, 4.25022, 4.25417, 4.25816, 4.26219, 4.26627, 4.27039, 4.27455, 4.27876, 4.28301, 4.28731, 4.29166, 4.29605, 4.30048, 4.30497, 4.3095, 4.31409, 4.31872, 4.3234, 4.32814, 4.33292, 4.33776, 4.34266, 4.3476, 4.3526, 4.35766, 4.36277, 4.36795, 4.37317, 4.37846, 4.38381, 4.38922, 4.39468, 4.40022, 4.40581, 4.41147, 4.41719, 4.42298, 4.42884, 4.43477, 4.44076, 4.44683, 4.45296, 4.45917, 4.46545, 4.47181, 4.47824, 4.48475, 4.49134, 4.49801, 4.50476, 4.51159, 4.5185, 4.5255, 4.53259, 4.53976, 4.54702, 4.55438, 4.56182, 4.56936, 4.577, 4.58473, 4.59256, 4.6005, 4.60853, 4.61667, 4.62492, 4.63327, 4.64173, 4.65031, 4.659, 4.6678, 4.67673, 4.68577, 4.69494, 4.70423, 4.71365, 4.72321, 4.73289, 4.74271, 4.75267, 4.76276, 4.77301, 4.78339, 4.79393, 4.80462, 4.81547, 4.82648, 4.83764, 4.84898, 4.86048, 4.87216, 4.88402, 4.89605, 4.90827, 4.92068, 4.93328, 4.94609, 4.95909, 4.9723, 4.98572, 4.99936, 5.01323, 5.02732, 5.04164, 5.0562, 5.07101, 5.08607, 5.10139, 5.11697, 5.13282, 5.14895, 5.16536, 5.18207, 5.19908, 5.2164, 5.23403, 5.25199, 5.27029, 5.28894, 5.30793, 5.3273, 5.34704, 5.36717, 5.3877, 5.40864, 5.43, 5.4518, 5.47406, 5.49678, 5.51998, 5.54368, 5.56789, 5.59264, 5.61793, 5.64379, 5.67025, 5.69731, 5.725, 5.75335, 5.78239, 5.81212, 5.84259, 5.87383, 5.90585, 5.93871, 5.97242, 6.00702, 6.04256, 6.07907, 6.1166, 6.15519, 6.1949, 6.23576, 6.27785, 6.32121, 6.36592, 6.41203, 6.45963, 6.50879, 6.55959, 6.61213, 6.6665, 6.72281, 6.78118, 6.84172, 6.90459, 6.96991, 7.03786, 7.10862, 7.18237, 7.25934, 7.33977, 7.42391, 7.51206, 7.60454, 7.70174, 7.80406, 7.91196, 8.02599, 8.14675, 8.27495, 8.4114, 8.55705, 8.71302, 8.88065, 9.06155, 9.25771, 9.47157, 9.70628, 9.9659, 10.2558, 10.5831, 10.9571, 11.3894, 11.893, 12.4803, 13.1577, 13.9184, 14.7324, 15.5373, 16.2353, 16.6994, 16.7931, 16.4016, 15.4654, 14.0049, 12.1266, 10.0038, 7.83927, 5.82163, 4.08922, 2.71267, 1.69736, 1.00076, 0.555536, 0.290151, 0.142502, 0.06578, 0.0285274, 0.0116184, 0.00444119, 0.00159155, 0.000532683, 0.000164105, 4.28648e-05, 8.54213e-06, 2.27143e-06, 5.66711e-07, 1.32462e-07, 2.90063e-08, 5.95062e-09, 1.14367e-09, 2.05925e-10, 3.47365e-11, 5.4895e-12, 8.12732e-13, 1.12728e-13, 1.46482e-14, 1.78322e-15, 2.03374e-16, 2.17297e-17, 2.1751e-18, 2.03974e-19, 1.792e-20, 1.47492e-21, 1.13729e-22, 8.21556e-24, 5.55997e-25, 3.52513e-26, 2.09386e-27, 1.16516e-28, 6.07423e-30, 2.96664e-31, 1.35739e-32, 5.81854e-34, 2.33663e-35, 8.79088e-37, 3.09843e-38, 1.0231e-39, 3.16492e-41, 9.17218e-43, 2.49029e-44, 6.33421e-46, 1.50939e-47, 3.36961e-49, 7.04729e-51, 1.3808e-52, 2.53458e-54, 4.3586e-56, 7.0219e-58, 1.05981e-59, 1.49853e-61, 1.98505e-63, 2.46344e-65, 2.86403e-67, 3.11945e-69, 3.18306e-71, 3.04282e-73, 2.72504e-75, 2.28631e-77, 1.79706e-79, 1.32329e-81, 9.12877e-84, 5.89975e-86, 3.57207e-88, 2.02615e-90, 1.07668e-92, 5.36003e-95, 2.49983e-97, 1.09224e-99, 4.47088e-102, 1.71447e-104, 6.15929e-107, 2.07298e-109, 6.53618e-112, 1.93071e-114, 5.34284e-117, 1.38513e-119, 3.36415e-122, 7.65459e-125, 1.63167e-127, 3.2584e-130, 6.09595e-133, 1.06842e-135, 1.7543e-138, 2.69854e-141, 3.88882e-144, 5.25012e-147, 6.64023e-150, 7.86791e-153, 8.73371e-156, 9.08239e-159, 8.84839e-162, 8.0759e-165, 6.90525e-168, 5.53134e-171, 4.15091e-174, 2.91822e-177, 1.92201e-180, 1.18592e-183, 6.85512e-187, 3.71225e-190, 1.88331e-193, 8.95091e-197, 3.98542e-200, 1.66243e-203, 6.49641e-207, 2.37829e-210, 8.15675e-214, 2.62078e-217, 7.88871e-221, 2.22455e-224, 5.87677e-228, 1.45444e-231, 3.37222e-235, 7.32478e-239, 1.49051e-242, 2.84142e-246, 5.07454e-250, 8.49022e-254, 1.33076e-257, 1.95409e-261, 2.68811e-265, 3.46425e-269
209.52
176.98
 
MEASUREMENT 20
1.56305, 4.67879, 7.79453, 10.9103, 14.0312, 17.1469, 20.2679, 23.3784, 26.4796, 29.5859, 32.6913, 35.8071, 38.9228, 42.0385, 45.1595, 48.2752, 51.3909, 54.5067, 57.6224, 60.7381, 63.8435, 66.9593, 70.0698, 73.1752, 76.2806, 79.3859, 82.4913, 85.5967, 88.7021, 91.8074, 94.9128, 98.0182, 101.1, 104.148, 107.196, 110.244, 113.292, 116.339, 119.387, 122.435, 125.483, 128.531, 131.574, 134.622, 137.67, 140.718, 143.766, 146.814, 149.861, 152.909, 155.957, 159.005, 162.053, 165.101, 168.149, 171.197, 174.245, 177.293, 180.341, 183.389, 186.436, 189.484, 192.532, 195.58, 198.621, 201.655, 204.688, 207.722, 210.756, 213.794, 216.838, 219.882, 222.926, 225.97, 229.014, 232.058, 235.102, 238.145, 241.189, 244.233, 247.277, 250.321, 253.37, 256.424, 259.478, 262.532, 265.586, 268.64, 271.695, 274.749, 277.803, 280.857, 283.911, 286.97, 290.035, 293.099
3.49396, 3.51057, 3.49728, 3.71206, 3.49734, 3.53621, 3.82684, 3.82374, 3.76668, 3.81277, 3.86049, 3.94742, 3.95594, 4.00228, 3.99878, 4.00889, 4.1667, 4.20604, 4.27994, 4.32338, 3.82363, 4.27971, 4.3019, 4.2854, 4.38502, 4.39716, 4.42047, 4.41789, 4.47585, 4.13371, 4.54612, 3.93943, 4.56357, 4.57451, 4.60588, 4.62947, 4.65351, 4.69204, 4.73383, 4.75617, 4.77571, 4.82732, 4.89097, 4.90385, 4.9585, 5.0299, 5.10671, 5.15809, 5.20174, 5.25852, 5.36444, 5.45488, 5.56586, 5.63869, 5.75625, 6.02498, 6.12282, 6.20657, 6.45156, 6.75685, 6.99289, 7.44635, 7.87943, 8.69126, 11.1266, 12.702, 14.3192, 13.035, 6.71382, 1.51658, 0.11323, -0.00467895, -0.0391944, -0.0497672, -0.0358704, -0.0224616, -0.0293181, -0.0269601, -0.0564085, -0.0397149, -0.0664395, -0.0958646, -0.0599663, -0.0379851, -0.0616321, -0.0744088, -0.0425474, -0.0374344, -0.025588, -0.0239387, -0.024034, -0.0398358, -0.0523018, -0.0449293, -0.0688289, -0.0998608
0.104819, 0.105317, 0.104918, 0.111362, 0.10492, 0.106086, 0.114805, 0.114712, 0.113, 0.114383, 0.115815, 0.118423, 0.118678, 0.120068, 0.119964, 0.120267, 0.125001, 0.126181, 0.128398, 0.129701, 0.114709, 0.128391, 0.129057, 0.128562, 0.131551, 0.131915, 0.132614, 0.132537, 0.134276, 0.124011, 0.136384, 0.118183, 0.136907, 0.137235, 0.138176, 0.138884, 0.139605, 0.140761, 0.142015, 0.142685, 0.143271, 0.14482, 0.146729, 0.147116, 0.148755, 0.150897, 0.153201, 0.154743, 0.156052, 0.157756, 0.160933, 0.163646, 0.166976, 0.169161, 0.172688, 0.180749, 0.183685, 0.186197, 0.193547, 0.202706, 0.209787, 0.22339, 0.236383, 0.260738, 0.333798, 0.381061, 0.429575, 0.391049, 0.201415, 0.0454974, 0.00339691, 0.000140368, 0.00117583, 0.00149302, 0.00107611, 0.000673849, 0.000879543, 0.000808804, 0.00169226, 0.00119145, 0.00199318, 0.00287594, 0.00179899, 0.00113955, 0.00184896, 0.00223226, 0.00127642, 0.00112303, 0.000767641, 0.000718161, 0.00072102, 0.00119507, 0.00156905, 0.00134788, 0.00206487, 0.00299582
0, 0.613815, 1.22763, 1.84144, 2.45526, 3.06907, 3.68289, 4.2967, 4.91052, 5.52433, 6.13815, 6.75196, 7.36578, 7.97959, 8.59341, 9.20722, 9.82104, 10.4349, 11.0487, 11.6625, 12.2763, 12.8901, 13.5039, 14.1177, 14.7316, 15.3454, 15.9592, 16.573, 17.1868, 17.8006, 18.4144, 19.0283, 19.6421, 20.2559, 20.8697, 21.4835, 22.0973, 22.7111, 23.325, 23.9388, 24.5526, 25.1664, 25.7802, 26.394, 27.0078, 27.6217, 28.2355, 28.8493, 29.4631, 30.0769, 30.6907, 31.3046, 31.9184, 32.5322, 33.146, 33.7598, 34.3736, 34.9874, 35.6013, 36.2151, 36.8289, 37.4427, 38.0565, 38.6703, 39.2841, 39.898, 40.5118, 41.1256, 41.7394, 42.3532, 42.967, 43.5808, 44.1947, 44.8085, 45.4223, 46.0361, 46.6499, 47.2637, 47.8775, 48.4914, 49.1052, 49.719, 50.3328, 50.9466, 51.5604, 52.1743, 52.7881, 53.4019, 54.0157, 54.6295, 55.2433, 55.8571, 56.471, 57.0848, 57.6986, 58.3124, 58.9262, 59.54, 60.1538, 60.7677, 61.3815, 61.9953, 62.6091, 63.2229, 63.8367, 64.4505, 65.0644, 65.6782, 66.292, 66.9058, 67.5196, 68.1334, 68.7473, 69.3611, 69.9749, 70.5887, 71.2025, 71.8163, 72.4301, 73.044, 73.6578, 74.2716, 74.8854, 75.4992, 76.113, 76.7268, 77.3407, 77.9545, 78.5683, 79.1821, 79.7959, 80.4097, 81.0235, 81.6374, 82.2512, 82.865, 83.4788, 84.0926, 84.7064, 85.3202, 85.9341, 86.5479, 87.1617, 87.7755, 88.3893, 89.0031, 89.617, 90.2308, 90.8446, 91.4584, 92.0722, 92.686, 93.2998, 93.9137, 94.5275, 95.1413, 95.7551, 96.3689, 96.9827, 97.5965, 98.2104, 98.8242, 99.438, 100.052, 100.666, 101.279, 101.893, 102.507, 103.121, 103.735, 104.349, 104.962, 105.576, 106.19, 106.804, 107.418, 108.031, 108.645, 109.259, 109.873, 110.487, 111.1, 111.714, 112.328, 112.942, 113.556, 114.17, 114.783, 115.397, 116.011, 116.625, 117.239, 117.852, 118.466, 119.08, 119.694, 120.308, 120.922, 121.535, 122.149, 122.763, 123.377, 123.991, 124.604, 125.218, 125.832, 126.446, 127.06, 127.673, 128.287, 128.901, 129.515, 130.129, 130.743, 131.356, 131.97, 132.584, 133.198, 133.812, 134.425, 135.039, 135.653, 136.267, 136.881, 137.495, 138.108, 138.722, 139.336, 139.95, 140.564, 141.177, 141.791, 142.405, 143.019, 143.633, 144.246, 144.86, 145.474, 146.088, 146.702, 147.316, 147.929, 148.543, 149.157, 149.771, 150.385, 150.998, 151.612, 152.226, 152.84, 153.454, 154.068, 154.681, 155.295, 155.909, 156.523, 157.137, 157.75, 158.364, 158.978, 159.592, 160.206, 160.819, 161.433, 162.047, 162.661, 163.275, 163.889, 164.502, 165.116, 165.73, 166.344, 166.958, 167.571, 168.185, 168.799, 169.413, 170.027, 170.64, 171.254, 171.868, 172.482, 173.096, 173.71, 174.323, 174.937, 175.551, 176.165, 176.779, 177.392, 178.006, 178.62, 179.234, 179.848, 180.462, 181.075, 181.689, 182.303, 182.917, 183.531, 184.144, 184.758, 185.372, 185.986, 186.6, 187.213, 187.827, 188.441, 189.055, 189.669, 190.283, 190.896, 191.51, 192.124, 192.738, 193.352, 193.965, 194.579, 195.193, 195.807, 196.421, 197.035, 197.648, 198.262, 198.876, 199.49, 200.104, 200.717, 201.331, 201.945, 202.559, 203.173, 203.786, 204.4, 205.014, 205.628, 206.242, 206.856, 207.469, 208.083, 208.697, 209.311, 209.925, 210.538, 211.152, 211.766, 212.38, 212.994, 213.608, 214.221, 214.835, 215.449, 216.063, 216.677, 217.29, 217.904, 218.518, 219.132, 219.746, 220.359, 220.973, 221.587, 222.201, 222.815, 223.429, 224.042, 224.656, 225.27, 225.884, 226.498, 227.111, 227.725, 228.339, 228.953, 229.567, 230.181, 230.794, 231.408, 232.022, 232.636, 233.25, 233.863, 234.477, 235.091, 235.705, 236.319, 236.932, 237.546, 238.16, 238.774, 239.388, 240.002, 240.615, 241.229, 241.843, 242.457, 243.071, 243.684, 244.298, 244.912, 245.526, 246.14, 246.754, 247.367, 247.981, 248.595, 249.209, 249.823, 250.436, 251.05, 251.664, 252.278, 252.892, 253.505, 254.119, 254.733, 255.347, 255.961, 256.575, 257.188, 257.802, 258.416, 259.03, 259.644, 260.257, 260.871, 261.485, 262.099, 262.713, 263.327, 263.94, 264.554, 265.168, 265.782, 266.396, 267.009, 267.623, 268.237, 268.851, 269.465, 270.078, 270.692, 271.306, 271.92, 272.534, 273.148, 273.761, 274.375, 274.989, 275.603, 276.217, 276.83, 277.444, 278.058, 278.672, 279.286, 279.9, 280.513, 281.127, 281.741, 282.355, 282.969, 283.582, 284.196, 284.81, 285.424, 286.038, 286.651, 287.265, 287.879, 288.493, 289.107, 289.721, 290.334, 290.948, 291.562, 292.176, 292.79, 293.403, 294.017
3.96523, 3.96619, 3.96716, 3.96814, 3.96913, 3.97013, 3.97114, 3.97217, 3.9732, 3.97425, 3.97531, 3.97637, 3.97746, 3.97855, 3.97965, 3.98077, 3.9819, 3.98304, 3.98419, 3.98535, 3.98653, 3.98772, 3.98892, 3.99013, 3.99136, 3.9926, 3.99385, 3.99512, 3.9964, 3.99769, 3.999, 4.00032, 4.00165, 4.00299, 4.00436, 4.00573, 4.00712, 4.00852, 4.00994, 4.01137, 4.01282, 4.01428, 4.01575, 4.01725, 4.01875, 4.02027, 4.02181, 4.02336, 4.02493, 4.02651, 4.02811, 4.02973, 4.03136, 4.03301, 4.03468, 4.03636, 4.03806, 4.03977, 4.0415, 4.04325, 4.04502, 4.04681, 4.04861, 4.05043, 4.05227, 4.05413, 4.05601, 4.0579, 4.05981, 4.06175, 4.0637, 4.06567, 4.06766, 4.06967, 4.0717, 4.07375, 4.07582, 4.07792, 4.08003, 4.08216, 4.08432, 4.08649, 4.08869, 4.09091, 4.09315, 4.09542, 4.0977, 4.10001, 4.10235, 4.1047, 4.10708, 4.10948, 4.11191, 4.11436, 4.11683, 4.11933, 4.12186, 4.12441, 4.12698, 4.12959, 4.13221, 4.13487, 4.13755, 4.14025, 4.14299, 4.14575, 4.14854, 4.15136, 4.1542, 4.15708, 4.15998, 4.16291, 4.16588, 4.16887, 4.17189, 4.17494, 4.17803, 4.18115, 4.18429, 4.18747, 4.19069, 4.19393, 4.19721, 4.20052, 4.20387, 4.20725, 4.21066, 4.21411, 4.2176, 4.22112, 4.22468, 4.22828, 4.23191, 4.23558, 4.23929, 4.24304, 4.24683, 4.25066, 4.25453, 4.25844, 4.26239, 4.26638, 4.27041, 4.27449, 4.27861, 4.28278, 4.28699, 4.29124, 4.29554, 4.29989, 4.30428, 4.30873, 4.31322, 4.31776, 4.32234, 4.32698, 4.33167, 4.33642, 4.34121, 4.34606, 4.35096, 4.35591, 4.36093, 4.36599, 4.37112, 4.3763, 4.38154, 4.38684, 4.3922, 4.39762, 4.40311, 4.40866, 4.41427, 4.41994, 4.42568, 4.43149, 4.43737, 4.44332, 4.44933, 4.45542, 4.46158, 4.46781, 4.47412, 4.4805, 4.48696, 4.4935, 4.50012, 4.50681, 4.51359, 4.52046, 4.52741, 4.53444, 4.54156, 4.54877, 4.55607, 4.56347, 4.57096, 4.57854, 4.58622, 4.594, 4.60188, 4.60986, 4.61794, 4.62613, 4.63443, 4.64284, 4.65136, 4.66, 4.66875, 4.67762, 4.68661, 4.69572, 4.70496, 4.71433, 4.72382, 4.73345, 4.74322, 4.75312, 4.76316, 4.77335, 4.78368, 4.79416, 4.8048, 4.81559, 4.82654, 4.83765, 4.84893, 4.86038, 4.872, 4.8838, 4.89578, 4.90795, 4.9203, 4.93285, 4.9456, 4.95855, 4.97171, 4.98508, 4.99866, 5.01248, 5.02651, 5.04079, 5.0553, 5.07006, 5.08507, 5.10034, 5.11587, 5.13167, 5.14776, 5.16413, 5.18079, 5.19776, 5.21504, 5.23264, 5.25056, 5.26882, 5.28744, 5.3064, 5.32574, 5.34545, 5.36556, 5.38606, 5.40699, 5.42834, 5.45013, 5.47237, 5.49509, 5.51829, 5.54199, 5.56622, 5.59098, 5.61629, 5.64218, 5.66867, 5.69577, 5.72351, 5.75192, 5.78101, 5.81083, 5.84138, 5.87271, 5.90484, 5.93782, 5.97166, 6.00642, 6.04212, 6.07882, 6.11655, 6.15537, 6.19532, 6.23646, 6.27884, 6.32253, 6.3676, 6.41411, 6.46214, 6.51178, 6.56311, 6.61622, 6.67123, 6.72824, 6.78737, 6.84876, 6.91255, 6.9789, 7.04798, 7.11999, 7.19513, 7.27364, 7.35577, 7.44181, 7.53208, 7.62694, 7.72679, 7.8321, 7.94338, 8.06123, 8.18634, 8.31951, 8.46166, 8.6139, 8.77752, 8.95413, 9.14564, 9.35447, 9.58366, 9.83717, 10.1202, 10.4394, 10.8035, 11.2227, 11.7075, 12.2652, 12.8941, 13.5743, 14.2584, 14.8648, 15.2803, 15.3749, 15.031, 14.1782, 12.8222, 11.0575, 9.06643, 7.03515, 5.15126, 3.55098, 2.3002, 1.39802, 0.79627, 0.424598, 0.211793, 0.0987572, 0.0430229, 0.0175017, 0.00664449, 0.00235207, 0.000774428, 0.000234998, 6.28595e-05, 1.01638e-05, 2.60372e-06, 6.20772e-07, 1.37759e-07, 2.8453e-08, 5.46957e-09, 9.78584e-10, 1.62953e-10, 2.52548e-11, 3.64287e-12, 4.89061e-13, 6.11083e-14, 7.1065e-15, 7.69183e-16, 7.74857e-17, 7.26493e-18, 6.33956e-19, 5.14879e-20, 3.89196e-21, 2.7381e-22, 1.79287e-23, 1.09261e-24, 6.19723e-26, 3.27151e-27, 1.60737e-28, 7.35025e-30, 3.12827e-31, 1.23915e-32, 4.56835e-34, 1.56752e-35, 5.00589e-37, 1.48788e-38, 4.11595e-40, 1.05971e-41, 2.53936e-43, 5.66337e-45, 1.17555e-46, 2.27105e-48, 4.08343e-50, 6.83345e-52, 1.06432e-53, 1.54283e-55, 2.08151e-57, 2.6137e-59, 3.05456e-61, 3.32243e-63, 3.3634e-65, 3.16896e-67, 2.77888e-69, 2.26797e-71, 1.72274e-73, 1.21791e-75, 8.01359e-78, 4.90742e-80, 2.797e-82, 1.4837e-84, 7.32513e-87, 3.36587e-89, 1.43944e-91, 5.72933e-94, 2.1224e-96, 7.31753e-99, 2.34809e-101, 7.01261e-104, 1.9492e-106, 5.04252e-109, 1.21409e-111, 2.72062e-114, 5.67411e-117, 1.10139e-119, 1.98973e-122, 3.34551e-125, 5.23532e-128, 7.62493e-131, 1.03357e-133, 1.30394e-136, 1.53104e-139, 1.67312e-142, 1.70169e-145, 1.61082e-148, 1.41913e-151, 1.16362e-154, 8.87997e-158, 6.307e-161, 4.16913e-164, 2.56495e-167, 1.46867e-170, 7.82674e-174, 3.88193e-177, 1.79195e-180, 7.69865e-184, 3.07832e-187, 1.14558e-190, 3.96776e-194, 1.27902e-197, 3.83722e-201, 1.07144e-204, 2.78439e-208, 6.73445e-212, 1.51595e-215, 3.17596e-219, 6.19265e-223, 1.1238e-226, 1.89805e-230, 2.98359e-234, 4.36494e-238, 5.9433e-242, 7.53157e-246, 8.88286e-250, 9.75056e-254, 9.96128e-258, 9.4713e-262, 8.38133e-266, 6.90279e-270, 5.29109e-274, 3.77463e-278, 2.50618e-282, 1.54867e-286, 8.90663e-291, 4.76734e-295
3.96523, 3.96624, 3.96725, 3.96828, 3.96932, 3.97037, 3.97143, 3.9725, 3.97358, 3.97468, 3.97579, 3.97691, 3.97804, 3.97918, 3.98033, 3.9815, 3.98268, 3.98387, 3.98507, 3.98629, 3.98751, 3.98876, 3.99001, 3.99128, 3.99256, 3.99385, 3.99515, 3.99647, 3.99781, 3.99915, 4.00051, 4.00189, 4.00327, 4.00468, 4.00609, 4.00752, 4.00897, 4.01043, 4.0119, 4.01339, 4.01489, 4.01641, 4.01795, 4.0195, 4.02106, 4.02264, 4.02424, 4.02585, 4.02748, 4.02912, 4.03078, 4.03246, 4.03415, 4.03586, 4.03759, 4.03934, 4.0411, 4.04288, 4.04467, 4.04649, 4.04832, 4.05017, 4.05204, 4.05392, 4.05583, 4.05775, 4.0597, 4.06166, 4.06364, 4.06564, 4.06766, 4.0697, 4.07176, 4.07385, 4.07595, 4.07807, 4.08021, 4.08238, 4.08456, 4.08677, 4.089, 4.09125, 4.09352, 4.09581, 4.09813, 4.10047, 4.10283, 4.10522, 4.10763, 4.11006, 4.11252, 4.115, 4.11751, 4.12004, 4.1226, 4.12518, 4.12778, 4.13042, 4.13308, 4.13576, 4.13847, 4.14121, 4.14398, 4.14677, 4.14959, 4.15244, 4.15532, 4.15823, 4.16116, 4.16413, 4.16713, 4.17015, 4.17321, 4.17629, 4.17941, 4.18256, 4.18574, 4.18895, 4.1922, 4.19548, 4.19879, 4.20214, 4.20552, 4.20893, 4.21238, 4.21586, 4.21938, 4.22294, 4.22653, 4.23016, 4.23383, 4.23754, 4.24128, 4.24506, 4.24889, 4.25275, 4.25665, 4.2606, 4.26458, 4.26861, 4.27268, 4.27679, 4.28095, 4.28515, 4.28939, 4.29368, 4.29802, 4.3024, 4.30683, 4.31131, 4.31583, 4.32041, 4.32503, 4.32971, 4.33443, 4.33921, 4.34404, 4.34892, 4.35386, 4.35885, 4.3639, 4.369, 4.37416, 4.37938, 4.38466, 4.38999, 4.39539, 4.40085, 4.40637, 4.41195, 4.4176, 4.42331, 4.42909, 4.43493, 4.44084, 4.44683, 4.45288, 4.459, 4.46519, 4.47146, 4.47781, 4.48422, 4.49072, 4.49729, 4.50394, 4.51068, 4.51749, 4.52439, 4.53137, 4.53844, 4.5456, 4.55284, 4.56018, 4.56761, 4.57513, 4.58275, 4.59046, 4.59827, 4.60618, 4.6142, 4.62231, 4.63054, 4.63887, 4.64731, 4.65586, 4.66453, 4.67331, 4.68221, 4.69123, 4.70037, 4.70964, 4.71903, 4.72855, 4.73821, 4.748, 4.75792, 4.76799, 4.7782, 4.78856, 4.79906, 4.80972, 4.82053, 4.8315, 4.84263, 4.85393, 4.8654, 4.87704, 4.88885, 4.90084, 4.91302, 4.92539, 4.93795, 4.9507, 4.96366, 4.97682, 4.99019, 5.00378, 5.01759, 5.03163, 5.04589, 5.0604, 5.07515, 5.09014, 5.1054, 5.12091, 5.1367, 5.15276, 5.1691, 5.18574, 5.20267, 5.21991, 5.23746, 5.25534, 5.27355, 5.29211, 5.31102, 5.33029, 5.34993, 5.36996, 5.39038, 5.41121, 5.43246, 5.45415, 5.47628, 5.49887, 5.52194, 5.54551, 5.56958, 5.59418, 5.61932, 5.64503, 5.67131, 5.6982, 5.72572, 5.75389, 5.78272, 5.81226, 5.84252, 5.87353, 5.90532, 5.93793, 5.97139, 6.00573, 6.04099, 6.07721, 6.11443, 6.1527, 6.19207, 6.23258, 6.27429, 6.31726, 6.36154, 6.40722, 6.45434, 6.50301, 6.55328, 6.60526, 6.65904, 6.71471, 6.7724, 6.83223, 6.89432, 6.95881, 7.02588, 7.09567, 7.1684, 7.24425, 7.32347, 7.40629, 7.49301, 7.58394, 7.67942, 7.77986, 7.88569, 7.99742, 8.11562, 8.24096, 8.37418, 8.51619, 8.668, 8.83085, 9.0062, 9.19583, 9.40192, 9.6272, 9.87517, 10.1504, 10.4591, 10.8094, 11.2123, 11.6814, 12.2322, 12.8787, 13.6266, 14.4627, 15.3421, 16.178, 16.8408, 17.1726, 17.0196, 16.2753, 14.9203, 13.0415, 10.8203, 8.4906, 6.28308, 4.37463, 2.86055, 1.75413, 1.00754, 0.541559, 0.272189, 0.127838, 0.0560762, 0.0229625, 0.00877335, 0.00312521, 0.00103585, 0.000317135, 8.64842e-05, 1.5497e-05, 3.96517e-06, 9.46674e-07, 2.10358e-07, 4.35046e-08, 8.37396e-09, 1.50019e-09, 2.50137e-10, 3.88176e-11, 5.60658e-12, 7.53677e-13, 9.42954e-14, 1.09803e-14, 1.19002e-15, 1.20037e-16, 1.12691e-17, 9.84656e-19, 8.00748e-20, 6.06072e-21, 4.26943e-22, 2.79919e-23, 1.7081e-24, 9.70083e-26, 5.1277e-27, 2.52262e-28, 1.15504e-29, 4.92221e-31, 1.95227e-32, 7.20666e-34, 2.47596e-35, 7.91719e-37, 2.35621e-38, 6.52636e-40, 1.68246e-41, 4.03677e-43, 9.01442e-45, 1.87351e-46, 3.62402e-48, 6.5244e-50, 1.09321e-51, 1.70484e-53, 2.47444e-55, 3.3426e-57, 4.20248e-59, 4.91748e-61, 5.35541e-63, 5.42821e-65, 5.12077e-67, 4.49601e-69, 3.67395e-71, 2.79416e-73, 1.97781e-75, 1.30296e-77, 7.98894e-80, 4.55891e-82, 2.42129e-84, 1.19686e-86, 5.50624e-89, 2.35764e-91, 9.39537e-94, 3.48467e-96, 1.20288e-98, 3.86452e-101, 1.15553e-103, 3.21571e-106, 8.32885e-109, 2.00773e-111, 4.5044e-114, 9.40547e-117, 1.82783e-119, 3.30599e-122, 5.56517e-125, 8.719e-128, 1.27135e-130, 1.72535e-133, 2.1792e-136, 2.5617e-139, 2.80267e-142, 2.8538e-145, 2.7045e-148, 2.3854e-151, 1.95814e-154, 1.49602e-157, 1.06375e-160, 7.03971e-164, 4.33589e-167, 2.48548e-170, 1.32603e-173, 6.58423e-177, 3.04275e-180, 1.30869e-183, 5.23862e-187, 1.95167e-190, 6.76711e-194, 2.18379e-197, 6.55882e-201, 1.83337e-204, 4.76961e-208, 1.15485e-211, 2.6024e-215, 5.45799e-219, 1.06537e-222, 1.93542e-226, 3.27233e-230, 5.1493e-234, 7.54131e-238, 1.02791e-241, 1.30397e-245, 1.53954e-249, 1.69169e-253, 1.73004e-257, 1.64665e-261, 1.45866e-265, 1.20258e-269, 9.22739e-274, 6.5895e-278, 4.37958e-282, 2.70907e-286, 1.5596e-290, 8.35633e-295
209.73
177.08
 
MEASUREMENT 21
1.56305, 4.67879, 7.79453, 10.9103, 14.0312, 17.1469, 20.2679, 23.3784, 26.4796, 29.5859, 32.6913, 35.8071, 38.9228, 42.0385, 45.1595, 48.2752, 51.3909, 54.5067, 57.6224, 60.7381, 63.8435, 66.9593, 70.0698, 73.1752, 76.2806, 79.3859, 82.4913, 85.5967, 88.7021, 91.8074, 94.9128, 98.0182, 101.1, 104.148, 107.196, 110.244, 113.292, 116.339, 119.387, 122.435, 125.483, 128.531, 131.574, 134.622, 137.67, 140.718, 143.766, 146.814, 149.861, 152.909, 155.957, 159.005, 162.053, 165.101, 168.149, 171.197, 174.245, 177.293, 180.341, 183.389, 186.436, 189.484, 192.532, 195.58, 198.621, 201.655, 204.688, 207.722, 210.756, 213.794, 216.838, 219.882, 222.926, 225.97, 229.014, 232.058, 235.102, 238.145, 241.189, 244.233, 247.277, 250.321, 253.37, 256.424, 259.478, 262.532, 265.586, 268.64, 271.695, 274.749, 277.803, 280.857, 283.911, 286.97, 290.035, 293.099
3.49319, 3.50904, 3.49996, 3.71056, 3.49401, 3.5344, 3.82453, 3.81996, 3.76538, 3.81259, 3.86005, 3.9479, 3.95562, 3.99937, 3.99869, 4.00648, 4.16758, 4.20657, 4.27912, 4.32136, 3.80828, 4.2841, 4.30356, 4.28714, 4.38306, 4.39698, 4.42242, 4.41574, 4.47445, 4.13963, 4.54389, 3.93978, 4.57077, 4.56823, 4.60993, 4.62993, 4.65918, 4.69343, 4.73535, 4.75972, 4.77727, 4.83038, 4.89112, 4.9056, 4.96156, 5.03647, 5.10764, 5.15479, 5.20366, 5.25743, 5.3649, 5.45916, 5.5631, 5.64265, 5.75689, 6.03032, 6.12113, 6.20811, 6.45393, 6.75335, 6.99187, 7.44787, 7.88956, 8.71054, 11.1208, 12.7017, 14.3155, 13.0313, 6.70988, 1.5111, 0.111827, -0.0078548, -0.038344, -0.0402742, -0.0381199, -0.0168019, -0.030896, -0.018902, -0.0629121, -0.034509, -0.0668004, -0.0910365, -0.0607298, -0.0304809, -0.0587503, -0.0739023, -0.0414087, -0.0300504, -0.0250855, -0.0171217, -0.0248441, -0.0321126, -0.0530479, -0.0357434, -0.0685379, -0.0881846
0.104796, 0.105271, 0.104999, 0.111317, 0.10482, 0.106032, 0.114736, 0.114599, 0.112961, 0.114378, 0.115801, 0.118437, 0.118669, 0.119981, 0.119961, 0.120194, 0.125027, 0.126197, 0.128374, 0.129641, 0.114248, 0.128523, 0.129107, 0.128614, 0.131492, 0.131909, 0.132673, 0.132472, 0.134233, 0.124189, 0.136317, 0.118193, 0.137123, 0.137047, 0.138298, 0.138898, 0.139775, 0.140803, 0.142061, 0.142792, 0.143318, 0.144911, 0.146733, 0.147168, 0.148847, 0.151094, 0.153229, 0.154644, 0.15611, 0.157723, 0.160947, 0.163775, 0.166893, 0.169279, 0.172707, 0.18091, 0.183634, 0.186243, 0.193618, 0.202601, 0.209756, 0.223436, 0.236687, 0.261316, 0.333623, 0.381052, 0.429466, 0.390939, 0.201296, 0.0453329, 0.0033548, 0.000235644, 0.00115032, 0.00120823, 0.0011436, 0.000504057, 0.000926879, 0.00056706, 0.00188736, 0.00103527, 0.00200401, 0.0027311, 0.00182189, 0.000914427, 0.00176251, 0.00221707, 0.00124226, 0.000901511, 0.000752564, 0.00051365, 0.000745323, 0.000963379, 0.00159144, 0.0010723, 0.00205614, 0.00264554
0, 0.613815, 1.22763, 1.84144, 2.45526, 3.06907, 3.68289, 4.2967, 4.91052, 5.52433, 6.13815, 6.75196, 7.36578, 7.97959, 8.59341, 9.20722, 9.82104, 10.4349, 11.0487, 11.6625, 12.2763, 12.8901, 13.5039, 14.1177, 14.7316, 15.3454, 15.9592, 16.573, 17.1868, 17.8006, 18.4144, 19.0283, 19.6421, 20.2559, 20.8697, 21.4835, 22.0973, 22.7111, 23.325, 23.9388, 24.5526, 25.1664, 25.7802, 26.394, 27.0078, 27.6217, 28.2355, 28.8493, 29.4631, 30.0769, 30.6907, 31.3046, 31.9184, 32.5322, 33.146, 33.7598, 34.3736, 34.9874, 35.6013, 36.2151, 36.8289, 37.4427, 38.0565, 38.6703, 39.2841, 39.898, 40.5118, 41.1256, 41.7394, 42.3532, 42.967, 43.5808, 44.1947, 44.8085, 45.4223, 46.0361, 46.6499, 47.2637, 47.8775, 48.4914, 49.1052, 49.719, 50.3328, 50.9466, 51.5604, 52.1743, 52.7881, 53.4019, 54.0157, 54.6295, 55.2433, 55.8571, 56.471, 57.0848, 57.6986, 58.3124, 58.9262, 59.54, 60.1538, 60.7677, 61.3815, 61.9953, 62.6091, 63.2229, 63.8367, 64.4505, 65.0644, 65.6782, 66.292, 66.9058, 67.5196, 68.1334, 68.7473, 69.3611, 69.9749, 70.5887, 71.2025, 71.8163, 72.4301, 73.044, 73.6578, 74.2716, 74.8854, 75.4992, 76.113, 76.7268, 77.3407, 77.9545, 78.5683, 79.1821, 79.7959, 80.4097, 81.0235, 81.6374, 82.2512, 82.865, 83.4788, 84.0926, 84.7064, 85.3202, 85.9341, 86.5479, 87.1617, 87.7755, 88.3893, 89.0031, 89.617, 90.2308, 90.8446, 91.4584, 92.0722, 92.686, 93.2998, 93.9137, 94.5275, 95.1413, 95.7551, 96.3689, 96.9827, 97.5965, 98.2104, 98.8242, 99.438, 100.052, 100.666, 101.279, 101.893, 102.507, 103.121, 103.735, 104.349, 104.962, 105.576, 106.19, 106.804, 107.418, 108.031, 108.645, 109.259, 109.873, 110.487, 111.1, 111.714, 112.328, 112.942, 113.556, 114.17, 114.783, 115.397, 116.011, 116.625, 117.239, 117.852, 118.466, 119.08, 119.694, 120.308, 120.922, 121.535, 122.149, 122.763, 123.377, 123.991, 124.604, 125.218, 125.832, 126.446, 127.06, 127.673, 128.287, 128.901, 129.515, 130.129, 130.743, 131.356, 131.97, 132.584, 133.198, 133.812, 134.425, 135.039, 135.653, 136.267, 136.881, 137.495, 138.108, 138.722, 139.336, 139.95, 140.564, 141.177, 141.791, 142.405, 143.019, 143.633, 144.246, 144.86, 145.474, 146.088, 146.702, 147.316, 147.929, 148.543, 149.157, 149.771, 150.385, 150.998, 151.612, 152.226, 152.84, 153.454, 154.068, 154.681, 155.295, 155.909, 156.523, 157.137, 157.75, 158.364, 158.978, 159.592, 160.206, 160.819, 161.433, 162.047, 162.661, 163.275, 163.889, 164.502, 165.116, 165.73, 166.344, 166.958, 167.571, 168.185, 168.799, 169.413, 170.027, 170.64, 171.254, 171.868, 172.482, 173.096, 173.71, 174.323, 174.937, 175.551, 176.165, 176.779, 177.392, 178.006, 178.62, 179.234, 179.848, 180.462, 181.075, 181.689, 182.303, 182.917, 183.531, 184.144, 184.758, 185.372, 185.986, 186.6, 187.213, 187.827, 188.441, 189.055, 189.669, 190.283, 190.896, 191.51, 192.124, 192.738, 193.352, 193.965, 194.579, 195.193, 195.807, 196.421, 197.035, 197.648, 198.262, 198.876, 199.49, 200.104, 200.717, 201.331, 201.945, 202.559, 203.173, 203.786, 204.4, 205.014, 205.628, 206.242, 206.856, 207.469, 208.083, 208.697, 209.311, 209.925, 210.538, 211.152, 211.766, 212.38, 212.994, 213.608, 214.221, 214.835, 215.449, 216.063, 216.677, 217.29, 217.904, 218.518, 219.132, 219.746, 220.359, 220.973, 221.587, 222.201, 222.815, 223.429, 224.042, 224.656, 225.27, 225.884, 226.498, 227.111, 227.725, 228.339, 228.953, 229.567, 230.181, 230.794, 231.408, 232.022, 232.636, 233.25, 233.863, 234.477, 235.091, 235.705, 236.319, 236.932, 237.546, 238.16, 238.774, 239.388, 240.002, 240.615, 241.229, 241.843, 242.457, 243.071, 243.684, 244.298, 244.912, 245.526, 246.14, 246.754, 247.367, 247.981, 248.595, 249.209, 249.823, 250.436, 251.05, 251.664, 252.278, 252.892, 253.505, 254.119, 254.733, 255.347, 255.961, 256.575, 257.188, 257.802, 258.416, 259.03, 259.644, 260.257, 260.871, 261.485, 262.099, 262.713, 263.327, 263.94, 264.554, 265.168, 265.782, 266.396, 267.009, 267.623, 268.237, 268.851, 269.465, 270.078, 270.692, 271.306, 271.92, 272.534, 273.148, 273.761, 274.375, 274.989, 275.603, 276.217, 276.83, 277.444, 278.058, 278.672, 279.286, 279.9, 280.513, 281.127, 281.741, 282.355, 282.969, 283.582, 284.196, 284.81, 285.424, 286.038, 286.651, 287.265, 287.879, 288.493, 289.107, 289.721, 290.334, 290.948, 291.562, 292.176, 292.79, 293.403, 294.017
3.95677, 3.95774, 3.95873, 3.95972, 3.96073, 3.96175, 3.96278, 3.96382, 3.96487, 3.96593, 3.96701, 3.96809, 3.96919, 3.9703, 3.97142, 3.97255, 3.9737, 3.97486, 3.97602, 3.97721, 3.9784, 3.97961, 3.98083, 3.98206, 3.9833, 3.98456, 3.98583, 3.98712, 3.98841, 3.98972, 3.99105, 3.99239, 3.99374, 3.9951, 3.99648, 3.99788, 3.99928, 4.00071, 4.00214, 4.00359, 4.00506, 4.00654, 4.00804, 4.00955, 4.01107, 4.01261, 4.01417, 4.01574, 4.01733, 4.01894, 4.02056, 4.02219, 4.02385, 4.02552, 4.0272, 4.02891, 4.03063, 4.03236, 4.03412, 4.03589, 4.03768, 4.03949, 4.04131, 4.04316, 4.04502, 4.0469, 4.0488, 4.05072, 4.05265, 4.05461, 4.05659, 4.05858, 4.0606, 4.06263, 4.06468, 4.06676, 4.06886, 4.07097, 4.07311, 4.07527, 4.07745, 4.07965, 4.08187, 4.08412, 4.08639, 4.08868, 4.09099, 4.09333, 4.09568, 4.09807, 4.10047, 4.1029, 4.10536, 4.10783, 4.11034, 4.11287, 4.11542, 4.118, 4.1206, 4.12323, 4.12589, 4.12857, 4.13128, 4.13402, 4.13678, 4.13957, 4.14239, 4.14524, 4.14812, 4.15103, 4.15396, 4.15693, 4.15992, 4.16295, 4.166, 4.16909, 4.17221, 4.17536, 4.17854, 4.18175, 4.185, 4.18828, 4.1916, 4.19494, 4.19833, 4.20174, 4.2052, 4.20868, 4.21221, 4.21577, 4.21936, 4.223, 4.22667, 4.23038, 4.23413, 4.23792, 4.24175, 4.24562, 4.24953, 4.25348, 4.25747, 4.26151, 4.26558, 4.2697, 4.27387, 4.27808, 4.28233, 4.28663, 4.29098, 4.29538, 4.29982, 4.30431, 4.30884, 4.31343, 4.31807, 4.32276, 4.3275, 4.33229, 4.33714, 4.34204, 4.34699, 4.352, 4.35707, 4.36219, 4.36737, 4.37261, 4.3779, 4.38326, 4.38868, 4.39416, 4.3997, 4.40531, 4.41098, 4.41672, 4.42253, 4.4284, 4.43434, 4.44035, 4.44643, 4.45259, 4.45881, 4.46511, 4.47149, 4.47794, 4.48448, 4.49109, 4.49778, 4.50455, 4.51141, 4.51835, 4.52537, 4.53249, 4.53969, 4.54698, 4.55436, 4.56184, 4.56941, 4.57708, 4.58485, 4.59272, 4.60069, 4.60876, 4.61694, 4.62523, 4.63363, 4.64213, 4.65075, 4.65949, 4.66835, 4.67732, 4.68642, 4.69564, 4.70499, 4.71447, 4.72408, 4.73382, 4.7437, 4.75373, 4.76389, 4.7742, 4.78466, 4.79528, 4.80604, 4.81697, 4.82806, 4.83931, 4.85073, 4.86233, 4.8741, 4.88605, 4.89819, 4.91051, 4.92303, 4.93574, 4.94866, 4.96178, 4.97511, 4.98866, 5.00243, 5.01643, 5.03066, 5.04513, 5.05984, 5.07481, 5.09003, 5.10551, 5.12126, 5.13729, 5.15361, 5.17022, 5.18713, 5.20434, 5.22188, 5.23973, 5.25793, 5.27647, 5.29536, 5.31462, 5.33426, 5.35428, 5.3747, 5.39553, 5.41679, 5.43848, 5.46063, 5.48324, 5.50633, 5.52992, 5.55402, 5.57866, 5.60385, 5.6296, 5.65595, 5.6829, 5.71049, 5.73874, 5.76766, 5.7973, 5.82767, 5.85881, 5.89074, 5.9235, 5.95712, 5.99164, 6.0271, 6.06353, 6.10099, 6.13952, 6.17916, 6.21998, 6.26203, 6.30536, 6.35004, 6.39615, 6.44375, 6.49293, 6.54377, 6.59637, 6.65082, 6.70724, 6.76574, 6.82645, 6.88952, 6.95509, 7.02333, 7.09443, 7.16859, 7.24603, 7.32701, 7.41179, 7.50069, 7.59404, 7.69225, 7.79574, 7.90502, 8.02065, 8.14328, 8.27368, 8.41272, 8.56143, 8.72106, 8.89308, 9.07931, 9.28197, 9.50391, 9.74876, 10.0213, 10.3276, 10.6756, 11.0746, 11.5348, 12.0645, 12.6658, 13.3275, 14.0172, 14.6744, 15.2085, 15.5067, 15.4529, 14.9544, 13.9712, 12.5332, 10.7545, 8.80104, 6.84351, 5.04409, 3.51726, 2.31666, 1.43947, 0.84289, 0.464728, 0.24109, 0.117613, 0.0539275, 0.02323, 0.00939668, 0.00356708, 0.00126899, 0.000421192, 0.000128095, 3.23289e-05, 6.05952e-06, 1.60607e-06, 3.98729e-07, 9.27165e-08, 2.01931e-08, 4.11923e-09, 7.87038e-10, 1.40845e-10, 2.36077e-11, 3.70624e-12, 5.44977e-13, 7.50568e-14, 9.68207e-15, 1.1698e-15, 1.3238e-16, 1.40313e-17, 1.39297e-18, 1.29524e-19, 1.12804e-20, 9.20161e-22, 7.03023e-23, 5.03084e-24, 3.37192e-25, 2.1168e-26, 1.24465e-27, 6.85458e-29, 3.53573e-30, 1.70822e-31, 7.72987e-33, 3.27617e-34, 1.30054e-35, 4.83558e-37, 1.68398e-38, 5.49276e-40, 1.67806e-41, 4.80166e-43, 1.28688e-44, 3.23036e-46, 7.59498e-48, 1.6725e-49, 3.44962e-51, 6.66408e-53, 1.20579e-54, 2.04348e-56, 3.24363e-58, 4.82232e-60, 6.71498e-62, 8.75783e-64, 1.06982e-65, 1.22403e-67, 1.3117e-69, 1.31656e-71, 1.23769e-73, 1.08979e-75, 8.98751e-78, 6.94222e-80, 5.0225e-82, 3.40334e-84, 2.16e-86, 1.284e-88, 7.14886e-91, 3.72797e-93, 1.82084e-95, 8.32975e-98, 3.56907e-100, 1.43232e-102, 5.38379e-105, 1.89539e-107, 6.24986e-110, 1.93021e-112, 5.58342e-115, 1.51272e-117, 3.83864e-120, 9.12344e-123, 2.03096e-125, 4.23453e-128, 8.26935e-131, 1.51251e-133, 2.59112e-136, 4.15754e-139, 6.24809e-142, 8.79467e-145, 1.15945e-147, 1.43168e-150, 1.65577e-153, 1.79356e-156, 1.81967e-159, 1.72914e-162, 1.53896e-165, 1.28288e-168, 1.00162e-171, 7.32456e-175, 5.01672e-178, 3.21825e-181, 1.93365e-184, 1.08817e-187, 5.73557e-191, 2.8315e-194, 1.30923e-197, 5.66987e-201, 2.29981e-204, 8.73715e-208, 3.1089e-211, 1.03611e-214, 3.23416e-218, 9.45533e-222, 2.58912e-225, 6.64028e-229, 1.59507e-232, 3.58866e-236, 7.56212e-240, 1.4925e-243, 2.75895e-247, 4.77674e-251, 7.74602e-255, 1.17648e-258, 1.67359e-262, 2.22982e-266, 2.78261e-270
3.95677, 3.95777, 3.95879, 3.95982, 3.96086, 3.96191, 3.96297, 3.96405, 3.96513, 3.96623, 3.96734, 3.96846, 3.96959, 3.97073, 3.97189, 3.97305, 3.97423, 3.97543, 3.97663, 3.97785, 3.97908, 3.98032, 3.98157, 3.98284, 3.98412, 3.98542, 3.98672, 3.98805, 3.98938, 3.99073, 3.99209, 3.99346, 3.99485, 3.99626, 3.99767, 3.99911, 4.00055, 4.00201, 4.00349, 4.00498, 4.00648, 4.008, 4.00954, 4.01109, 4.01266, 4.01424, 4.01584, 4.01745, 4.01908, 4.02073, 4.02239, 4.02407, 4.02576, 4.02747, 4.0292, 4.03095, 4.03271, 4.03449, 4.03629, 4.03811, 4.03994, 4.04179, 4.04366, 4.04555, 4.04746, 4.04939, 4.05133, 4.0533, 4.05528, 4.05728, 4.0593, 4.06135, 4.06341, 4.06549, 4.0676, 4.06972, 4.07186, 4.07403, 4.07622, 4.07843, 4.08066, 4.08291, 4.08518, 4.08748, 4.0898, 4.09214, 4.09451, 4.0969, 4.09931, 4.10174, 4.1042, 4.10669, 4.1092, 4.11173, 4.11429, 4.11687, 4.11948, 4.12212, 4.12478, 4.12747, 4.13018, 4.13292, 4.13569, 4.13849, 4.14131, 4.14417, 4.14705, 4.14996, 4.1529, 4.15586, 4.15886, 4.16189, 4.16495, 4.16804, 4.17116, 4.17431, 4.1775, 4.18071, 4.18396, 4.18725, 4.19056, 4.19391, 4.19729, 4.20071, 4.20416, 4.20765, 4.21118, 4.21474, 4.21833, 4.22197, 4.22564, 4.22935, 4.2331, 4.23689, 4.24071, 4.24458, 4.24849, 4.25244, 4.25642, 4.26046, 4.26453, 4.26865, 4.27281, 4.27701, 4.28126, 4.28556, 4.2899, 4.29429, 4.29873, 4.30321, 4.30774, 4.31232, 4.31695, 4.32163, 4.32636, 4.33115, 4.33598, 4.34087, 4.34582, 4.35082, 4.35587, 4.36098, 4.36615, 4.37137, 4.37666, 4.382, 4.38741, 4.39287, 4.3984, 4.40399, 4.40965, 4.41537, 4.42115, 4.42701, 4.43293, 4.43892, 4.44498, 4.45111, 4.45732, 4.4636, 4.46995, 4.47638, 4.48289, 4.48947, 4.49613, 4.50288, 4.50971, 4.51662, 4.52361, 4.53069, 4.53786, 4.54512, 4.55247, 4.55991, 4.56745, 4.57508, 4.58281, 4.59063, 4.59856, 4.60659, 4.61473, 4.62297, 4.63132, 4.63977, 4.64834, 4.65703, 4.66583, 4.67475, 4.68379, 4.69295, 4.70224, 4.71165, 4.7212, 4.73087, 4.74069, 4.75064, 4.76073, 4.77097, 4.78135, 4.79188, 4.80256, 4.8134, 4.8244, 4.83556, 4.84689, 4.85839, 4.87006, 4.8819, 4.89393, 4.90614, 4.91855, 4.93114, 4.94393, 4.95693, 4.97013, 4.98355, 4.99718, 5.01103, 5.02511, 5.03943, 5.05398, 5.06878, 5.08382, 5.09913, 5.1147, 5.13054, 5.14666, 5.16306, 5.17976, 5.19676, 5.21406, 5.23169, 5.24963, 5.26792, 5.28655, 5.30554, 5.32489, 5.34461, 5.36473, 5.38524, 5.40616, 5.42751, 5.4493, 5.47154, 5.49424, 5.51743, 5.54111, 5.5653, 5.59003, 5.6153, 5.64115, 5.66758, 5.69462, 5.72229, 5.75062, 5.77963, 5.80934, 5.83979, 5.871, 5.903, 5.93582, 5.9695, 6.00408, 6.03959, 6.07607, 6.11356, 6.15212, 6.19179, 6.23262, 6.27467, 6.31799, 6.36266, 6.40873, 6.45628, 6.50539, 6.55614, 6.60863, 6.66294, 6.7192, 6.7775, 6.83799, 6.90078, 6.96604, 7.03391, 7.10459, 7.17826, 7.25514, 7.33547, 7.4195, 7.50754, 7.59991, 7.69698, 7.79916, 7.90691, 8.02077, 8.14136, 8.26936, 8.40559, 8.55099, 8.70669, 8.87401, 9.05456, 9.25031, 9.46369, 9.69783, 9.95677, 10.2458, 10.5721, 10.9448, 11.3755, 11.8773, 12.4627, 13.1386, 13.8986, 14.7135, 15.5216, 16.2256, 16.6982, 16.8021, 16.421, 15.4934, 14.0384, 12.1614, 10.036, 7.86615, 5.84177, 4.10273, 2.72068, 1.70142, 1.00239, 0.555889, 0.289985, 0.142217, 0.0655399, 0.0283698, 0.0115297, 0.00439695, 0.00157159, 0.00052446, 0.000160978, 4.1736e-05, 8.3395e-06, 2.20927e-06, 5.49011e-07, 1.27785e-07, 2.78579e-08, 5.68829e-09, 1.08788e-09, 1.94871e-10, 3.2695e-11, 5.13783e-12, 7.56215e-13, 1.0425e-13, 1.34609e-14, 1.62794e-15, 1.84403e-16, 1.95643e-17, 1.94413e-18, 1.80947e-19, 1.57741e-20, 1.28796e-21, 9.84972e-23, 7.05525e-24, 4.73332e-25, 2.9743e-26, 1.75053e-27, 9.64977e-29, 4.98231e-30, 2.4094e-31, 1.09132e-32, 4.62977e-34, 1.83963e-35, 6.84649e-37, 2.38654e-38, 7.79173e-40, 2.38266e-41, 6.82427e-43, 1.83068e-44, 4.59975e-46, 1.08248e-47, 2.38599e-49, 4.92584e-51, 9.5248e-53, 1.72502e-54, 2.92616e-56, 4.64904e-58, 6.91819e-60, 9.64238e-62, 1.25875e-63, 1.53907e-65, 1.76254e-67, 1.89052e-69, 1.89928e-71, 1.78713e-73, 1.57503e-75, 1.30011e-77, 1.00516e-79, 7.27873e-82, 4.93669e-84, 3.13601e-86, 1.86587e-88, 1.0398e-90, 5.4272e-93, 2.65317e-95, 1.21483e-97, 5.2099e-100, 2.09268e-102, 7.87297e-105, 2.77419e-107, 9.15574e-110, 2.83017e-112, 8.19394e-115, 2.22195e-117, 5.64333e-120, 1.34245e-122, 2.99104e-125, 6.24174e-128, 1.21997e-130, 2.23334e-133, 3.82931e-136, 6.14958e-139, 9.24978e-142, 1.3031e-144, 1.71943e-147, 2.12495e-150, 2.45966e-153, 2.66662e-156, 2.70774e-159, 2.5752e-162, 2.29391e-165, 1.91382e-168, 1.49549e-171, 1.09453e-174, 7.50289e-178, 4.81715e-181, 2.89675e-184, 1.63151e-187, 8.60655e-191, 4.25233e-194, 1.96781e-197, 8.529e-201, 3.46236e-204, 1.31645e-207, 4.68808e-211, 1.56367e-214, 4.88487e-218, 1.42929e-221, 3.91691e-225, 1.00537e-228, 2.41695e-232, 5.44209e-236, 1.14769e-239, 2.26693e-243, 4.19383e-247, 7.26676e-251, 1.17931e-254, 1.79257e-258, 2.55199e-262, 3.40283e-266, 4.2497e-270
209.53
176.98
 
MEASUREMENT 22
1.56305, 4.67879, 7.79453, 10.9103, 14.0312, 17.1469, 20.2679, 23.3784, 26.4796, 29.5859, 32.6913, 35.8071, 38.9228, 42.0385, 45.1595, 48.2752, 51.3909, 54.5067, 57.6224, 60.7381, 63.8435, 66.9593, 70.0698, 73.1752, 76.2806, 79.3859, 82.4913, 85.5967, 88.7021, 91.8074, 94.9128, 98.0182, 101.1, 104.148, 107.196, 110.244, 113.292, 116.339, 119.387, 122.435, 125.483, 128.531, 131.574, 134.622, 137.67, 140.718, 143.766, 146.814, 149.861, 152.909, 155.957, 159.005, 162.053, 165.101, 168.149, 171.197, 174.245, 177.293, 180.341, 183.389, 186.436, 189.484, 192.532, 195.58, 198.621, 201.655, 204.688, 207.722, 210.756, 213.794, 216.838, 219.882, 222.926, 225.97, 229.014, 232.058, 235.102, 238.145, 241.189, 244.233, 247.277, 250.321, 253.37, 256.424, 259.478, 262.532, 265.586, 268.64, 271.695, 274.749, 277.803, 280.857, 283.911, 286.97, 290.035, 293.099
3.49184, 3.50721, 3.49472, 3.71184, 3.48976, 3.53673, 3.82435, 3.8266, 3.76502, 3.81059, 3.86115, 3.94966, 3.95501, 3.99738, 3.99789, 4.00776, 4.16587, 4.20336, 4.27653, 4.32581, 3.81528, 4.2783, 4.30255, 4.28352, 4.38517, 4.39727, 4.42272, 4.41465, 4.47406, 4.13519, 4.54216, 3.95262, 4.56416, 4.56401, 4.60626, 4.62746, 4.65529, 4.68858, 4.73283, 4.7535, 4.77465, 4.8282, 4.89027, 4.89788, 4.95553, 5.03697, 5.10432, 5.15142, 5.20239, 5.25905, 5.36625, 5.45619, 5.56421, 5.63821, 5.753, 6.02337, 6.11982, 6.20562, 6.45059, 6.75256, 6.99401, 7.44424, 7.88484, 8.77558, 11.1249, 12.6844, 14.3163, 13.0219, 6.70542, 1.50444, 0.111, -0.0101224, -0.0391358, -0.0461294, -0.0400057, -0.0194181, -0.0314534, -0.0247787, -0.0615212, -0.0404824, -0.0656565, -0.0880717, -0.0591421, -0.0327652, -0.0566025, -0.0708624, -0.0415094, -0.0356766, -0.0263517, -0.019491, -0.0250899, -0.0382746, -0.054586, -0.0415964, -0.0660435, -0.0902937
0.104755, 0.105216, 0.104841, 0.111355, 0.104693, 0.106102, 0.11473, 0.114798, 0.112951, 0.114318, 0.115834, 0.11849, 0.11865, 0.119921, 0.119937, 0.120233, 0.124976, 0.126101, 0.128296, 0.129774, 0.114458, 0.128349, 0.129076, 0.128505, 0.131555, 0.131918, 0.132682, 0.132439, 0.134222, 0.124056, 0.136265, 0.118578, 0.136925, 0.13692, 0.138188, 0.138824, 0.139659, 0.140657, 0.141985, 0.142605, 0.14324, 0.144846, 0.146708, 0.146936, 0.148666, 0.151109, 0.15313, 0.154543, 0.156072, 0.157772, 0.160988, 0.163686, 0.166926, 0.169146, 0.17259, 0.180701, 0.183595, 0.186169, 0.193518, 0.202577, 0.20982, 0.223327, 0.236545, 0.263267, 0.333746, 0.380533, 0.42949, 0.390657, 0.201162, 0.0451333, 0.00333, 0.000303671, 0.00117407, 0.00138388, 0.00120017, 0.000582542, 0.000943601, 0.000743361, 0.00184564, 0.00121447, 0.0019697, 0.00264215, 0.00177426, 0.000982955, 0.00169807, 0.00212587, 0.00124528, 0.0010703, 0.000790552, 0.00058473, 0.000752696, 0.00114824, 0.00163758, 0.00124789, 0.0019813, 0.00270881
0, 0.613815, 1.22763, 1.84144, 2.45526, 3.06907, 3.68289, 4.2967, 4.91052, 5.52433, 6.13815, 6.75196, 7.36578, 7.97959, 8.59341, 9.20722, 9.82104, 10.4349, 11.0487, 11.6625, 12.2763, 12.8901, 13.5039, 14.1177, 14.7316, 15.3454, 15.9592, 16.573, 17.1868, 17.8006, 18.4144, 19.0283, 19.6421, 20.2559, 20.8697, 21.4835, 22.0973, 22.7111, 23.325, 23.9388, 24.5526, 25.1664, 25.7802, 26.394, 27.0078, 27.6217, 28.2355, 28.8493, 29.4631, 30.0769, 30.6907, 31.3046, 31.9184, 32.5322, 33.146, 33.7598, 34.3736, 34.9874, 35.6013, 36.2151, 36.8289, 37.4427, 38.0565, 38.6703, 39.2841, 39.898, 40.5118, 41.1256, 41.7394, 42.3532, 42.967, 43.5808, 44.1947, 44.8085, 45.4223, 46.0361, 46.6499, 47.2637, 47.8775, 48.4914, 49.1052, 49.719, 50.3328, 50.9466, 51.5604, 52.1743, 52.7881, 53.4019, 54.0157, 54.6295, 55.2433, 55.8571, 56.471, 57.0848, 57.6986, 58.3124, 58.9262, 59.54, 60.1538, 60.7677, 61.3815, 61.9953, 62.6091, 63.2229, 63.8367, 64.4505, 65.0644, 65.6782, 66.292, 66.9058, 67.5196, 68.1334, 68.7473, 69.3611, 69.9749, 70.5887, 71.2025, 71.8163, 72.4301, 73.044, 73.6578, 74.2716, 74.8854, 75.4992, 76.113, 76.7268, 77.3407, 77.9545, 78.5683, 79.1821, 79.7959, 80.4097, 81.0235, 81.6374, 82.2512, 82.865, 83.4788, 84.0926, 84.7064, 85.3202, 85.9341, 86.5479, 87.1617, 87.7755, 88.3893, 89.0031, 89.617, 90.2308, 90.8446, 91.4584, 92.0722, 92.686, 93.2998, 93.9137, 94.5275, 95.1413, 95.7551, 96.3689, 96.9827, 97.5965, 98.2104, 98.8242, 99.438, 100.052, 100.666, 101.279, 101.893, 102.507, 103.121, 103.735, 104.349, 104.962, 105.576, 106.19, 106.804, 107.418, 108.031, 108.645, 109.259, 109.873, 110.487, 111.1, 111.714, 112.328, 112.942, 113.556, 114.17, 114.783, 115.397, 116.011, 116.625, 117.239, 117.852, 118.466, 119.08, 119.694, 120.308, 120.922, 121.535, 122.149, 122.763, 123.377, 123.991, 124.604, 125.218, 125.832, 126.446, 127.06, 127.673, 128.287, 128.901, 129.515, 130.129, 130.743, 131.356, 131.97, 132.584, 133.198, 133.812, 134.425, 135.039, 135.653, 136.267, 136.881, 137.495, 138.108, 138.722, 139.336, 139.95, 140.564, 141.177, 141.791, 142.405, 143.019, 143.633, 144.246, 144.86, 145.474, 146.088, 146.702, 147.316, 147.929, 148.543, 149.157, 149.771, 150.385, 150.998, 151.612, 152.226, 152.84, 153.454, 154.068, 154.681, 155.295, 155.909, 156.523, 157.137, 157.75, 158.364, 158.978, 159.592, 160.206, 160.819, 161.433, 162.047, 162.661, 163.275, 163.889, 164.502, 165.116, 165.73, 166.344, 166.958, 167.571, 168.185, 168.799, 169.413, 170.027, 170.64, 171.254, 171.868, 172.482, 173.096, 173.71, 174.323, 174.937, 175.551, 176.165, 176.779, 177.392, 178.006, 178.62, 179.234, 179.848, 180.462, 181.075, 181.689, 182.303, 182.917, 183.531, 184.144, 184.758, 185.372, 185.986, 186.6, 187.213, 187.827, 188.441, 189.055, 189.669, 190.283, 190.896, 191.51, 192.124, 192.738, 193.352, 193.965, 194.579, 195.193, 195.807, 196.421, 197.035, 197.648, 198.262, 198.876, 199.49, 200.104, 200.717, 201.331, 201.945, 202.559, 203.173, 203.786, 204.4, 205.014, 205.628, 206.242, 206.856, 207.469, 208.083, 208.697, 209.311, 209.925, 210.538, 211.152, 211.766, 212.38, 212.994, 213.608, 214.221, 214.835, 215.449, 216.063, 216.677, 217.29, 217.904, 218.518, 219.132, 219.746, 220.359, 220.973, 221.587, 222.201, 222.815, 223.429, 224.042, 224.656, 225.27, 225.884, 226.498, 227.111, 227.725, 228.339, 228.953, 229.567, 230.181, 230.794, 231.408, 232.022, 232.636, 233.25, 233.863, 234.477, 235.091, 235.705, 236.319, 236.932, 237.546, 238.16, 238.774, 239.388, 240.002, 240.615, 241.229, 241.843, 242.457, 243.071, 243.684, 244.298, 244.912, 245.526, 246.14, 246.754, 247.367, 247.981, 248.595, 249.209, 249.823, 250.436, 251.05, 251.664, 252.278, 252.892, 253.505, 254.119, 254.733, 255.347, 255.961, 256.575, 257.188, 257.802, 258.416, 259.03, 259.644, 260.257, 260.871, 261.485, 262.099, 262.713, 263.327, 263.94, 264.554, 265.168, 265.782, 266.396, 267.009, 267.623, 268.237, 268.851, 269.465, 270.078, 270.692, 271.306, 271.92, 272.534, 273.148, 273.761, 274.375, 274.989, 275.603, 276.217, 276.83, 277.444, 278.058, 278.672, 279.286, 279.9, 280.513, 281.127, 281.741, 282.355, 282.969, 283.582, 284.196, 284.81, 285.424, 286.038, 286.651, 287.265, 287.879, 288.493, 289.107, 289.721, 290.334, 290.948, 291.562, 292.176, 292.79, 293.403, 294.017
3.95181, 3.95279, 3.95378, 3.95479, 3.9558, 3.95683, 3.95787, 3.95891, 3.95997, 3.96104, 3.96213, 3.96322, 3.96433, 3.96544, 3.96657, 3.96771, 3.96887, 3.97003, 3.97121, 3.9724, 3.9736, 3.97482, 3.97605, 3.97729, 3.97854, 3.97981, 3.98109, 3.98238, 3.98369, 3.98501, 3.98634, 3.98769, 3.98905, 3.99042, 3.99181, 3.99321, 3.99463, 3.99606, 3.99751, 3.99897, 4.00044, 4.00193, 4.00344, 4.00496, 4.00649, 4.00804, 4.00961, 4.01119, 4.01279, 4.0144, 4.01604, 4.01768, 4.01935, 4.02102, 4.02272, 4.02443, 4.02617, 4.02791, 4.02968, 4.03146, 4.03326, 4.03508, 4.03691, 4.03877, 4.04064, 4.04253, 4.04444, 4.04637, 4.04832, 4.05029, 4.05227, 4.05428, 4.05631, 4.05835, 4.06042, 4.06251, 4.06461, 4.06674, 4.06889, 4.07106, 4.07325, 4.07547, 4.0777, 4.07996, 4.08224, 4.08454, 4.08687, 4.08922, 4.09159, 4.09398, 4.0964, 4.09885, 4.10131, 4.1038, 4.10632, 4.10886, 4.11143, 4.11402, 4.11664, 4.11928, 4.12195, 4.12465, 4.12738, 4.13013, 4.13291, 4.13571, 4.13855, 4.14141, 4.1443, 4.14722, 4.15017, 4.15315, 4.15616, 4.15921, 4.16228, 4.16538, 4.16851, 4.17168, 4.17488, 4.17811, 4.18137, 4.18467, 4.188, 4.19137, 4.19477, 4.1982, 4.20167, 4.20518, 4.20872, 4.2123, 4.21591, 4.21956, 4.22326, 4.22699, 4.23075, 4.23456, 4.23841, 4.2423, 4.24623, 4.2502, 4.25421, 4.25827, 4.26237, 4.26651, 4.27069, 4.27492, 4.2792, 4.28352, 4.28789, 4.29231, 4.29677, 4.30128, 4.30585, 4.31046, 4.31512, 4.31983, 4.3246, 4.32941, 4.33428, 4.33921, 4.34419, 4.34922, 4.35431, 4.35946, 4.36467, 4.36993, 4.37526, 4.38064, 4.38609, 4.3916, 4.39717, 4.40281, 4.40851, 4.41428, 4.42011, 4.42601, 4.43199, 4.43803, 4.44414, 4.45033, 4.45659, 4.46292, 4.46933, 4.47582, 4.48239, 4.48903, 4.49576, 4.50257, 4.50946, 4.51644, 4.5235, 4.53065, 4.53789, 4.54523, 4.55265, 4.56017, 4.56778, 4.57549, 4.5833, 4.59122, 4.59923, 4.60735, 4.61557, 4.62391, 4.63235, 4.6409, 4.64957, 4.65836, 4.66727, 4.67629, 4.68544, 4.69471, 4.70412, 4.71365, 4.72332, 4.73312, 4.74306, 4.75314, 4.76337, 4.77374, 4.78426, 4.79494, 4.80577, 4.81676, 4.82792, 4.83924, 4.85073, 4.8624, 4.87424, 4.88627, 4.89848, 4.91088, 4.92348, 4.93627, 4.94927, 4.96248, 4.9759, 4.98954, 5.0034, 5.01749, 5.03181, 5.04638, 5.06119, 5.07626, 5.09158, 5.10717, 5.12303, 5.13917, 5.1556, 5.17233, 5.18936, 5.2067, 5.22436, 5.24235, 5.26067, 5.27935, 5.29838, 5.31779, 5.33757, 5.35775, 5.37832, 5.39932, 5.42074, 5.44261, 5.46493, 5.48772, 5.511, 5.53479, 5.55909, 5.58394, 5.60933, 5.63531, 5.66188, 5.68908, 5.71691, 5.74541, 5.7746, 5.80451, 5.83516, 5.86659, 5.89882, 5.9319, 5.96585, 6.00071, 6.03652, 6.07333, 6.11117, 6.1501, 6.19017, 6.23143, 6.27393, 6.31775, 6.36294, 6.40958, 6.45774, 6.5075, 6.55896, 6.61221, 6.66735, 6.72449, 6.78376, 6.84529, 6.90922, 6.97571, 7.04493, 7.11708, 7.19235, 7.27099, 7.35326, 7.43942, 7.52982, 7.6248, 7.72476, 7.83017, 7.94155, 8.05948, 8.18466, 8.31787, 8.46005, 8.6123, 8.77593, 8.95251, 9.14401, 9.35284, 9.5821, 9.83578, 10.1191, 10.4387, 10.8029, 11.2214, 11.7038, 12.2567, 12.8788, 13.5538, 14.2431, 14.8803, 15.3721, 15.6076, 15.4785, 14.9048, 13.86, 12.3839, 10.6008, 8.6656, 6.74267, 4.98301, 3.49147, 2.31608, 1.45285, 0.860971, 0.48163, 0.254161, 0.126455, 0.0592917, 0.0261878, 0.0108912, 0.00426262, 0.00156832, 0.000540665, 0.0001725, 4.79711e-05, 8.76523e-06, 2.43352e-06, 6.34639e-07, 1.55455e-07, 3.5766e-08, 7.72897e-09, 1.56877e-09, 2.99076e-10, 5.35537e-11, 9.00708e-12, 1.42287e-12, 2.1112e-13, 2.94226e-14, 3.85139e-15, 4.73522e-16, 5.46824e-17, 5.93118e-18, 6.04254e-19, 5.78206e-20, 5.19675e-21, 4.38698e-22, 3.47844e-23, 2.59053e-24, 1.81208e-25, 1.19056e-26, 7.34698e-28, 4.25845e-29, 2.31835e-30, 1.18547e-31, 5.69362e-33, 2.56844e-34, 1.08827e-35, 4.33097e-37, 1.6189e-38, 5.68379e-40, 1.87431e-41, 5.80534e-43, 1.68888e-44, 4.6148e-46, 1.18438e-47, 2.85504e-49, 6.46426e-51, 1.3747e-52, 2.74588e-54, 5.15155e-56, 9.07774e-58, 1.50245e-59, 2.33565e-61, 3.41034e-63, 4.67704e-65, 6.02458e-67, 7.28897e-69, 8.28301e-71, 8.84084e-73, 8.86301e-75, 8.34549e-77, 7.38083e-79, 6.13114e-81, 4.78365e-83, 3.50558e-85, 2.41292e-87, 1.55994e-89, 9.47234e-92, 5.40241e-94, 2.89401e-96, 1.45611e-98, 6.88129e-101, 3.05441e-103, 1.27341e-105, 4.98643e-108, 1.83397e-110, 6.33546e-113, 2.05563e-115, 6.2646e-118, 1.79318e-120, 4.82097e-123, 1.21738e-125, 2.88735e-128, 6.43213e-131, 1.34583e-133, 2.64489e-136, 4.88208e-139, 8.46416e-142, 1.3783e-144, 2.10806e-147, 3.02834e-150, 4.08607e-153, 5.17831e-156, 6.16384e-159, 6.89119e-162, 7.23632e-165, 7.13709e-168, 6.61158e-171, 5.75267e-174, 4.70126e-177, 3.6086e-180, 2.60161e-183, 1.76168e-186, 1.12045e-189, 6.69321e-193, 3.75542e-196, 1.97907e-199, 9.7959e-203, 4.55414e-206, 1.98861e-209, 8.15586e-213, 3.14174e-216, 1.13671e-219, 3.86287e-223, 1.23296e-226, 3.69628e-230, 1.04079e-233, 2.75256e-237, 6.83741e-241, 1.59524e-244, 3.49572e-248, 7.19495e-252, 1.3909e-255, 2.52549e-259
3.95181, 3.95282, 3.95383, 3.95486, 3.9559, 3.95696, 3.95802, 3.95909, 3.96018, 3.96128, 3.96238, 3.9635, 3.96464, 3.96578, 3.96694, 3.9681, 3.96929, 3.97048, 3.97168, 3.9729, 3.97413, 3.97537, 3.97663, 3.9779, 3.97918, 3.98047, 3.98178, 3.9831, 3.98444, 3.98579, 3.98715, 3.98852, 3.98991, 3.99132, 3.99274, 3.99417, 3.99562, 3.99708, 3.99855, 4.00004, 4.00155, 4.00307, 4.00461, 4.00616, 4.00773, 4.00931, 4.01091, 4.01252, 4.01415, 4.0158, 4.01746, 4.01914, 4.02084, 4.02255, 4.02428, 4.02603, 4.02779, 4.02957, 4.03137, 4.03319, 4.03502, 4.03687, 4.03875, 4.04064, 4.04254, 4.04447, 4.04642, 4.04838, 4.05037, 4.05237, 4.05439, 4.05644, 4.0585, 4.06058, 4.06269, 4.06481, 4.06696, 4.06912, 4.07131, 4.07352, 4.07575, 4.07801, 4.08028, 4.08258, 4.0849, 4.08724, 4.08961, 4.092, 4.09441, 4.09685, 4.09931, 4.10179, 4.1043, 4.10684, 4.1094, 4.11198, 4.11459, 4.11723, 4.11989, 4.12258, 4.1253, 4.12804, 4.13081, 4.13361, 4.13643, 4.13929, 4.14217, 4.14508, 4.14802, 4.15099, 4.15399, 4.15702, 4.16008, 4.16317, 4.16629, 4.16945, 4.17263, 4.17585, 4.1791, 4.18239, 4.1857, 4.18905, 4.19244, 4.19586, 4.19931, 4.2028, 4.20633, 4.20989, 4.21349, 4.21713, 4.2208, 4.22451, 4.22826, 4.23205, 4.23588, 4.23975, 4.24366, 4.24761, 4.2516, 4.25563, 4.25971, 4.26383, 4.26799, 4.2722, 4.27645, 4.28075, 4.2851, 4.28949, 4.29392, 4.29841, 4.30294, 4.30753, 4.31216, 4.31684, 4.32158, 4.32637, 4.33121, 4.3361, 4.34104, 4.34605, 4.3511, 4.35622, 4.36139, 4.36662, 4.3719, 4.37725, 4.38266, 4.38813, 4.39366, 4.39926, 4.40492, 4.41064, 4.41643, 4.42229, 4.42822, 4.43421, 4.44028, 4.44641, 4.45262, 4.45891, 4.46527, 4.4717, 4.47821, 4.4848, 4.49147, 4.49822, 4.50505, 4.51197, 4.51897, 4.52606, 4.53323, 4.5405, 4.54786, 4.5553, 4.56285, 4.57048, 4.57822, 4.58605, 4.59399, 4.60203, 4.61017, 4.61842, 4.62677, 4.63524, 4.64382, 4.65251, 4.66132, 4.67025, 4.6793, 4.68847, 4.69777, 4.7072, 4.71675, 4.72644, 4.73627, 4.74623, 4.75633, 4.76658, 4.77697, 4.78752, 4.79822, 4.80907, 4.82008, 4.83126, 4.8426, 4.85411, 4.8658, 4.87766, 4.88971, 4.90194, 4.91436, 4.92697, 4.93978, 4.9528, 4.96602, 4.97946, 4.99311, 5.00698, 5.02109, 5.03542, 5.05, 5.06482, 5.0799, 5.09523, 5.11083, 5.1267, 5.14285, 5.15928, 5.17601, 5.19304, 5.21038, 5.22804, 5.24602, 5.26434, 5.28301, 5.30204, 5.32143, 5.3412, 5.36136, 5.38192, 5.40289, 5.42429, 5.44613, 5.46842, 5.49118, 5.51442, 5.53817, 5.56242, 5.58722, 5.61256, 5.63848, 5.66498, 5.6921, 5.71986, 5.74827, 5.77737, 5.80717, 5.83772, 5.86903, 5.90113, 5.93407, 5.96787, 6.00257, 6.03821, 6.07483, 6.11247, 6.15118, 6.19101, 6.23201, 6.27423, 6.31774, 6.36261, 6.40889, 6.45667, 6.50601, 6.55702, 6.60978, 6.66438, 6.72094, 6.77957, 6.84041, 6.90358, 6.96924, 7.03755, 7.1087, 7.18288, 7.26031, 7.34123, 7.42592, 7.51467, 7.60782, 7.70574, 7.80886, 7.91766, 8.03268, 8.15456, 8.28402, 8.42189, 8.56916, 8.727, 8.8968, 9.08024, 9.27942, 9.49693, 9.73612, 10.0013, 10.2983, 10.6346, 11.0199, 11.4656, 11.984, 12.5853, 13.272, 14.0313, 14.8261, 15.5883, 16.2177, 16.591, 16.5832, 16.0961, 15.0881, 13.5937, 11.7243, 9.6482, 7.55519, 5.6174, 3.95868, 2.64042, 1.66493, 0.991549, 0.557299, 0.295421, 0.147619, 0.0695014, 0.0308192, 0.0128665, 0.00505465, 0.00186677, 0.000646276, 0.000207561, 5.86267e-05, 1.14199e-05, 3.16619e-06, 8.26373e-07, 2.02582e-07, 4.66457e-08, 1.00881e-08, 2.04923e-09, 3.90985e-10, 7.00671e-11, 1.17938e-11, 1.86457e-12, 2.76879e-13, 3.86178e-14, 5.05905e-15, 6.22495e-16, 7.1943e-17, 7.80955e-18, 7.96248e-19, 7.62529e-20, 6.85881e-21, 5.79464e-22, 4.59821e-23, 3.42717e-24, 2.3992e-25, 1.57755e-26, 9.7428e-28, 5.65156e-29, 3.0792e-30, 1.57576e-31, 7.57407e-33, 3.41941e-34, 1.44996e-35, 5.77492e-37, 2.16033e-38, 7.59062e-40, 2.50506e-41, 7.76503e-43, 2.26074e-44, 6.1822e-46, 1.58788e-47, 3.83069e-49, 8.67997e-51, 1.84732e-52, 3.69276e-54, 6.93333e-56, 1.22269e-57, 2.02522e-59, 3.15074e-61, 4.60399e-63, 6.31886e-65, 8.14566e-67, 9.8627e-69, 1.12163e-70, 1.19807e-72, 1.20199e-74, 1.13266e-76, 1.00249e-78, 8.33378e-81, 6.50709e-83, 4.77215e-85, 3.28717e-87, 2.12673e-89, 1.29236e-91, 7.37629e-94, 3.95433e-96, 1.99108e-98, 9.41643e-101, 4.18278e-103, 1.74512e-105, 6.83859e-108, 2.51703e-110, 8.70145e-113, 2.82537e-115, 8.61669e-118, 2.46823e-120, 6.64068e-123, 1.6781e-125, 3.98296e-128, 8.87921e-131, 1.85918e-133, 3.65638e-136, 6.75398e-139, 1.17179e-141, 1.90949e-144, 2.92258e-147, 4.20141e-150, 5.67289e-153, 7.19437e-156, 8.56961e-159, 9.58759e-162, 1.00748e-164, 9.94361e-168, 9.21788e-171, 8.02596e-174, 6.56361e-177, 5.04159e-180, 3.63723e-183, 2.46464e-186, 1.56862e-189, 9.37687e-193, 5.26475e-196, 2.77637e-199, 1.37516e-202, 6.39752e-206, 2.79542e-209, 1.14726e-212, 4.42235e-216, 1.60112e-219, 5.4447e-223, 1.73901e-226, 5.21684e-230, 1.46991e-233, 3.89005e-237, 9.66931e-241, 2.25743e-244, 4.95007e-248, 1.0195e-251, 1.97214e-255, 3.58319e-259
209.43
176.93
 
MEASUREMENT 23
1.56305, 4.67879, 7.79453, 10.9103, 14.0312, 17.1469, 20.2679, 23.3784, 26.4796, 29.5859, 32.6913, 35.8071, 38.9228, 42.0385, 45.1595, 48.2752, 51.3909, 54.5067, 57.6224, 60.7381, 63.8435, 66.9593, 70.0698, 73.1752, 76.2806, 79.3859, 82.4913, 85.5967, 88.7021, 91.8074, 94.9128, 98.0182, 101.1, 104.148, 107.196, 110.244, 113.292, 116.339, 119.387, 122.435, 125.483, 128.531, 131.574, 134.622, 137.67, 140.718, 143.766, 146.814, 149.861, 152.909, 155.957, 159.005, 162.053, 165.101, 168.149, 171.197, 174.245, 177.293, 180.341, 183.389, 186.436, 189.484, 192.532, 195.58, 198.621, 201.655, 204.688, 207.722, 210.756, 213.794, 216.838, 219.882, 222.926, 225.97, 229.014, 232.058, 235.102, 238.145, 241.189, 244.233, 247.277, 250.321, 253.37, 256.424, 259.478, 262.532, 265.586, 268.64, 271.695, 274.749, 277.803, 280.857, 283.911, 286.97, 290.035, 293.099
3.4935, 3.50861, 3.4968, 3.71161, 3.49217, 3.54045, 3.82587, 3.81984, 3.76881, 3.81427, 3.86334, 3.94953, 3.95652, 4.00197, 4.00015, 4.00884, 4.16691, 4.20756, 4.27918, 4.32676, 3.82134, 4.28317, 4.30396, 4.28542, 4.38458, 4.39795, 4.42371, 4.41437, 4.47622, 4.13312, 4.54425, 3.93284, 4.56334, 4.56998, 4.60999, 4.62883, 4.65605, 4.6953, 4.73434, 4.75971, 4.77919, 4.82925, 4.8924, 4.90177, 4.95964, 5.03388, 5.10667, 5.15556, 5.2057, 5.25841, 5.36624, 5.45913, 5.56802, 5.64053, 5.75412, 6.03088, 6.12129, 6.2107, 6.455, 6.75713, 6.99366, 7.44573, 7.89195, 8.75348, 11.1149, 12.695, 14.3161, 13.0365, 6.70273, 1.51439, 0.110113, -0.00690198, -0.0378575, -0.0467484, -0.0445866, -0.0219493, -0.0294583, -0.0245535, -0.0631723, -0.0354821, -0.0628159, -0.0900289, -0.0625682, -0.035407, -0.0547215, -0.0711086, -0.0367798, -0.0333107, -0.024952, -0.0249263, -0.0254706, -0.039173, -0.0543662, -0.0378045, -0.0695302, -0.103356
0.104805, 0.105258, 0.104904, 0.111348, 0.104765, 0.106214, 0.114776, 0.114595, 0.113064, 0.114428, 0.1159, 0.118486, 0.118695, 0.120059, 0.120004, 0.120265, 0.125007, 0.126227, 0.128375, 0.129803, 0.11464, 0.128495, 0.129119, 0.128563, 0.131537, 0.131938, 0.132711, 0.132431, 0.134286, 0.123993, 0.136327, 0.117985, 0.1369, 0.1371, 0.1383, 0.138865, 0.139681, 0.140859, 0.14203, 0.142791, 0.143376, 0.144877, 0.146772, 0.147053, 0.148789, 0.151016, 0.1532, 0.154667, 0.156171, 0.157752, 0.160987, 0.163774, 0.167041, 0.169216, 0.172624, 0.180926, 0.183639, 0.186321, 0.19365, 0.202714, 0.20981, 0.223372, 0.236758, 0.262604, 0.333446, 0.380851, 0.429483, 0.391095, 0.201082, 0.0454316, 0.0033034, 0.000207059, 0.00113572, 0.00140245, 0.0013376, 0.000658479, 0.00088375, 0.000736606, 0.00189517, 0.00106446, 0.00188448, 0.00270087, 0.00187705, 0.00106221, 0.00164165, 0.00213326, 0.0011034, 0.000999321, 0.00074856, 0.00074779, 0.000764117, 0.00117519, 0.00163099, 0.00113414, 0.00208591, 0.00310068
0, 0.613815, 1.22763, 1.84144, 2.45526, 3.06907, 3.68289, 4.2967, 4.91052, 5.52433, 6.13815, 6.75196, 7.36578, 7.97959, 8.59341, 9.20722, 9.82104, 10.4349, 11.0487, 11.6625, 12.2763, 12.8901, 13.5039, 14.1177, 14.7316, 15.3454, 15.9592, 16.573, 17.1868, 17.8006, 18.4144, 19.0283, 19.6421, 20.2559, 20.8697, 21.4835, 22.0973, 22.7111, 23.325, 23.9388, 24.5526, 25.1664, 25.7802, 26.394, 27.0078, 27.6217, 28.2355, 28.8493, 29.4631, 30.0769, 30.6907, 31.3046, 31.9184, 32.5322, 33.146, 33.7598, 34.3736, 34.9874, 35.6013, 36.2151, 36.8289, 37.4427, 38.0565, 38.6703, 39.2841, 39.898, 40.5118, 41.1256, 41.7394, 42.3532, 42.967, 43.5808, 44.1947, 44.8085, 45.4223, 46.0361, 46.6499, 47.2637, 47.8775, 48.4914, 49.1052, 49.719, 50.3328, 50.9466, 51.5604, 52.1743, 52.7881, 53.4019, 54.0157, 54.6295, 55.2433, 55.8571, 56.471, 57.0848, 57.6986, 58.3124, 58.9262, 59.54, 60.1538, 60.7677, 61.3815, 61.9953, 62.6091, 63.2229, 63.8367, 64.4505, 65.0644, 65.6782, 66.292, 66.9058, 67.5196, 68.1334, 68.7473, 69.3611, 69.9749, 70.5887, 71.2025, 71.8163, 72.4301, 73.044, 73.6578, 74.2716, 74.8854, 75.4992, 76.113, 76.7268, 77.3407, 77.9545, 78.5683, 79.1821, 79.7959, 80.4097, 81.0235, 81.6374, 82.2512, 82.865, 83.4788, 84.0926, 84.7064, 85.3202, 85.9341, 86.5479, 87.1617, 87.7755, 88.3893, 89.0031, 89.617, 90.2308, 90.8446, 91.4584, 92.0722, 92.686, 93.2998, 93.9137, 94.5275, 95.1413, 95.7551, 96.3689, 96.9827, 97.5965, 98.2104, 98.8242, 99.438, 100.052, 100.666, 101.279, 101.893, 102.507, 103.121, 103.735, 104.349, 104.962, 105.576, 106.19, 106.804, 107.418, 108.031, 108.645, 109.259, 109.873, 110.487, 111.1, 111.714, 112.328, 112.942, 113.556, 114.17, 114.783, 115.397, 116.011, 116.625, 117.239, 117.852, 118.466, 119.08, 119.694, 120.308, 120.922, 121.535, 122.149, 122.763, 123.377, 123.991, 124.604, 125.218, 125.832, 126.446, 127.06, 127.673, 128.287, 128.901, 129.515, 130.129, 130.743, 131.356, 131.97, 132.584, 133.198, 133.812, 134.425, 135.039, 135.653, 136.267, 136.881, 137.495, 138.108, 138.722, 139.336, 139.95, 140.564, 141.177, 141.791, 142.405, 143.019, 143.633, 144.246, 144.86, 145.474, 146.088, 146.702, 147.316, 147.929, 148.543, 149.157, 149.771, 150.385, 150.998, 151.612, 152.226, 152.84, 153.454, 154.068, 154.681, 155.295, 155.909, 156.523, 157.137, 157.75, 158.364, 158.978, 159.592, 160.206, 160.819, 161.433, 162.047, 162.661, 163.275, 163.889, 164.502, 165.116, 165.73, 166.344, 166.958, 167.571, 168.185, 168.799, 169.413, 170.027, 170.64, 171.254, 171.868, 172.482, 173.096, 173.71, 174.323, 174.937, 175.551, 176.165, 176.779, 177.392, 178.006, 178.62, 179.234, 179.848, 180.462, 181.075, 181.689, 182.303, 182.917, 183.531, 184.144, 184.758, 185.372, 185.986, 186.6, 187.213, 187.827, 188.441, 189.055, 189.669, 190.283, 190.896, 191.51, 192.124, 192.738, 193.352, 193.965, 194.579, 195.193, 195.807, 196.421, 197.035, 197.648, 198.262, 198.876, 199.49, 200.104, 200.717, 201.331, 201.945, 202.559, 203.173, 203.786, 204.4, 205.014, 205.628, 206.242, 206.856, 207.469, 208.083, 208.697, 209.311, 209.925, 210.538, 211.152, 211.766, 212.38, 212.994, 213.608, 214.221, 214.835, 215.449, 216.063, 216.677, 217.29, 217.904, 218.518, 219.132, 219.746, 220.359, 220.973, 221.587, 222.201, 222.815, 223.429, 224.042, 224.656, 225.27, 225.884, 226.498, 227.111, 227.725, 228.339, 228.953, 229.567, 230.181, 230.794, 231.408, 232.022, 232.636, 233.25, 233.863, 234.477, 235.091, 235.705, 236.319, 236.932, 237.546, 238.16, 238.774, 239.388, 240.002, 240.615, 241.229, 241.843, 242.457, 243.071, 243.684, 244.298, 244.912, 245.526, 246.14, 246.754, 247.367, 247.981, 248.595, 249.209, 249.823, 250.436, 251.05, 251.664, 252.278, 252.892, 253.505, 254.119, 254.733, 255.347, 255.961, 256.575, 257.188, 257.802, 258.416, 259.03, 259.644, 260.257, 260.871, 261.485, 262.099, 262.713, 263.327, 263.94, 264.554, 265.168, 265.782, 266.396, 267.009, 267.623, 268.237, 268.851, 269.465, 270.078, 270.692, 271.306, 271.92, 272.534, 273.148, 273.761, 274.375, 274.989, 275.603, 276.217, 276.83, 277.444, 278.058, 278.672, 279.286, 279.9, 280.513, 281.127, 281.741, 282.355, 282.969, 283.582, 284.196, 284.81, 285.424, 286.038, 286.651, 287.265, 287.879, 288.493, 289.107, 289.721, 290.334, 290.948, 291.562, 292.176, 292.79, 293.403, 294.017
3.95939, 3.96036, 3.96134, 3.96234, 3.96334, 3.96435, 3.96538, 3.96642, 3.96746, 3.96852, 3.96959, 3.97068, 3.97177, 3.97288, 3.97399, 3.97512, 3.97626, 3.97742, 3.97858, 3.97976, 3.98095, 3.98215, 3.98337, 3.9846, 3.98584, 3.98709, 3.98836, 3.98964, 3.99093, 3.99224, 3.99356, 3.99489, 3.99624, 3.9976, 3.99898, 4.00037, 4.00177, 4.00319, 4.00462, 4.00607, 4.00753, 4.00901, 4.0105, 4.012, 4.01353, 4.01506, 4.01662, 4.01818, 4.01977, 4.02137, 4.02298, 4.02462, 4.02626, 4.02793, 4.02961, 4.03131, 4.03303, 4.03476, 4.03651, 4.03827, 4.04006, 4.04186, 4.04368, 4.04552, 4.04738, 4.04925, 4.05115, 4.05306, 4.05499, 4.05694, 4.05891, 4.0609, 4.06291, 4.06494, 4.06699, 4.06906, 4.07115, 4.07327, 4.0754, 4.07755, 4.07972, 4.08192, 4.08414, 4.08638, 4.08864, 4.09093, 4.09323, 4.09556, 4.09792, 4.10029, 4.10269, 4.10512, 4.10756, 4.11004, 4.11253, 4.11506, 4.1176, 4.12017, 4.12277, 4.1254, 4.12805, 4.13072, 4.13343, 4.13616, 4.13892, 4.1417, 4.14451, 4.14736, 4.15023, 4.15313, 4.15605, 4.15901, 4.162, 4.16502, 4.16807, 4.17115, 4.17426, 4.1774, 4.18057, 4.18378, 4.18702, 4.19029, 4.1936, 4.19694, 4.20032, 4.20372, 4.20717, 4.21065, 4.21416, 4.21772, 4.22131, 4.22493, 4.2286, 4.2323, 4.23604, 4.23982, 4.24364, 4.2475, 4.2514, 4.25534, 4.25933, 4.26335, 4.26742, 4.27153, 4.27569, 4.27989, 4.28413, 4.28842, 4.29276, 4.29714, 4.30157, 4.30605, 4.31058, 4.31516, 4.31979, 4.32446, 4.32919, 4.33398, 4.33881, 4.3437, 4.34864, 4.35364, 4.35869, 4.3638, 4.36897, 4.3742, 4.37948, 4.38483, 4.39023, 4.3957, 4.40123, 4.40683, 4.41248, 4.41821, 4.424, 4.42986, 4.43579, 4.44178, 4.44785, 4.45399, 4.4602, 4.46649, 4.47285, 4.47929, 4.4858, 4.4924, 4.49907, 4.50583, 4.51267, 4.51959, 4.5266, 4.5337, 4.54088, 4.54816, 4.55552, 4.56298, 4.57054, 4.57819, 4.58594, 4.59378, 4.60173, 4.60979, 4.61795, 4.62621, 4.63459, 4.64307, 4.65167, 4.66039, 4.66922, 4.67817, 4.68724, 4.69644, 4.70577, 4.71522, 4.72481, 4.73452, 4.74438, 4.75438, 4.76452, 4.7748, 4.78523, 4.79582, 4.80655, 4.81745, 4.82851, 4.83973, 4.85112, 4.86268, 4.87442, 4.88634, 4.89844, 4.91073, 4.92321, 4.93589, 4.94877, 4.96185, 4.97515, 4.98866, 5.00239, 5.01634, 5.03053, 5.04496, 5.05963, 5.07454, 5.08972, 5.10515, 5.12086, 5.13684, 5.1531, 5.16966, 5.18651, 5.20367, 5.22115, 5.23895, 5.25708, 5.27556, 5.29439, 5.31358, 5.33315, 5.3531, 5.37345, 5.39421, 5.41539, 5.43701, 5.45908, 5.4816, 5.50461, 5.52812, 5.55213, 5.57667, 5.60176, 5.62742, 5.65366, 5.68051, 5.70799, 5.73612, 5.76493, 5.79444, 5.82469, 5.85569, 5.88748, 5.9201, 5.95357, 5.98794, 6.02324, 6.05951, 6.09679, 6.13514, 6.17459, 6.21521, 6.25705, 6.30016, 6.34462, 6.39049, 6.43784, 6.48675, 6.53732, 6.58962, 6.64376, 6.69985, 6.75801, 6.81835, 6.88103, 6.94618, 7.01399, 7.08461, 7.15827, 7.23517, 7.31557, 7.39973, 7.48796, 7.58059, 7.678, 7.78063, 7.88897, 8.00356, 8.12506, 8.25419, 8.39182, 8.53896, 8.6968, 8.86679, 9.05067, 9.25061, 9.46931, 9.71028, 9.97805, 10.2785, 10.6193, 11.0097, 11.4599, 11.979, 12.5705, 13.2258, 13.9154, 14.5817, 15.1357, 15.4639, 15.446, 14.9835, 14.029, 12.6075, 10.8288, 8.86387, 6.88717, 5.06692, 3.52252, 2.31024, 1.42752, 0.830143, 0.453931, 0.233224, 0.112523, 0.0509523, 0.0216443, 0.00862132, 0.00321775, 0.00112354, 0.000365063, 0.000107929, 2.53878e-05, 4.92819e-06, 1.2733e-06, 3.07683e-07, 6.95325e-08, 1.46955e-08, 2.90466e-09, 5.36929e-10, 9.28221e-11, 1.50071e-11, 2.26912e-12, 3.2087e-13, 4.24338e-14, 5.24816e-15, 6.07036e-16, 6.5665e-17, 6.64301e-18, 6.28503e-19, 5.56112e-20, 4.6018e-21, 3.56128e-22, 2.57748e-23, 1.7446e-24, 1.10435e-25, 6.53777e-27, 3.61962e-28, 1.87417e-29, 9.07537e-31, 4.1099e-32, 1.74064e-33, 6.89442e-35, 2.55386e-36, 8.84722e-38, 2.86634e-39, 8.68477e-41, 2.46093e-42, 6.52155e-44, 1.61626e-45, 3.74614e-47, 8.12019e-49, 1.64611e-50, 3.12075e-52, 5.53313e-54, 9.17471e-56, 1.42273e-57, 2.0633e-59, 2.79842e-61, 3.54954e-63, 4.21057e-65, 4.67109e-67, 4.84624e-69, 4.7022e-71, 4.26684e-73, 3.62093e-75, 2.87371e-77, 2.13292e-79, 1.48052e-81, 9.61086e-84, 5.83471e-86, 3.31272e-88, 1.75897e-90, 8.73454e-93, 4.0563e-95, 1.76169e-97, 7.15541e-100, 2.71799e-102, 9.6554e-105, 3.20774e-107, 9.96637e-110, 2.89589e-112, 7.86926e-115, 1.99983e-117, 4.75292e-120, 1.05642e-122, 2.19592e-125, 4.26879e-128, 7.76068e-131, 1.31948e-133, 2.09803e-136, 3.1198e-139, 4.3386e-142, 5.6426e-145, 6.86302e-148, 7.80651e-151, 8.30435e-154, 8.26153e-157, 7.68637e-160, 6.68788e-163, 5.44204e-166, 4.14134e-169, 2.94731e-172, 1.96163e-175, 1.22099e-178, 7.10748e-182, 3.86922e-185, 1.96986e-188, 9.37897e-192, 4.17618e-195, 1.73904e-198, 6.7724e-202, 2.46651e-205, 8.40093e-209, 2.67594e-212, 7.97134e-216, 2.2207e-219, 5.78569e-223, 1.40969e-226, 3.21216e-230, 6.84502e-234, 1.36414e-237, 2.5424e-241, 4.43134e-245, 7.22322e-249, 1.10111e-252, 1.56976e-256, 2.09287e-260, 2.60948e-264, 3.04277e-268, 3.31809e-272, 3.38385e-276
3.95939, 3.9604, 3.96141, 3.96244, 3.96348, 3.96453, 3.9656, 3.96667, 3.96775, 3.96885, 3.96996, 3.97108, 3.97221, 3.97335, 3.97451, 3.97568, 3.97686, 3.97805, 3.97925, 3.98047, 3.9817, 3.98294, 3.9842, 3.98546, 3.98674, 3.98804, 3.98935, 3.99067, 3.992, 3.99335, 3.99471, 3.99608, 3.99747, 3.99888, 4.00029, 4.00173, 4.00317, 4.00463, 4.00611, 4.0076, 4.0091, 4.01062, 4.01216, 4.01371, 4.01528, 4.01686, 4.01846, 4.02007, 4.0217, 4.02334, 4.02501, 4.02668, 4.02838, 4.03009, 4.03182, 4.03357, 4.03533, 4.03711, 4.03891, 4.04072, 4.04256, 4.04441, 4.04628, 4.04817, 4.05008, 4.052, 4.05395, 4.05591, 4.05789, 4.0599, 4.06192, 4.06396, 4.06602, 4.06811, 4.07021, 4.07233, 4.07448, 4.07664, 4.07883, 4.08104, 4.08327, 4.08552, 4.0878, 4.09009, 4.09241, 4.09475, 4.09712, 4.09951, 4.10192, 4.10436, 4.10681, 4.1093, 4.11181, 4.11434, 4.1169, 4.11948, 4.12209, 4.12473, 4.12739, 4.13008, 4.13279, 4.13553, 4.1383, 4.1411, 4.14392, 4.14677, 4.14965, 4.15256, 4.1555, 4.15847, 4.16147, 4.1645, 4.16756, 4.17065, 4.17377, 4.17692, 4.1801, 4.18332, 4.18657, 4.18985, 4.19316, 4.19651, 4.1999, 4.20331, 4.20677, 4.21025, 4.21378, 4.21734, 4.22093, 4.22457, 4.22824, 4.23195, 4.2357, 4.23948, 4.24331, 4.24718, 4.25108, 4.25503, 4.25902, 4.26305, 4.26712, 4.27124, 4.2754, 4.27961, 4.28386, 4.28815, 4.29249, 4.29688, 4.30131, 4.3058, 4.31033, 4.31491, 4.31954, 4.32422, 4.32895, 4.33373, 4.33857, 4.34346, 4.3484, 4.3534, 4.35845, 4.36356, 4.36873, 4.37395, 4.37923, 4.38458, 4.38998, 4.39544, 4.40097, 4.40656, 4.41222, 4.41793, 4.42372, 4.42957, 4.43549, 4.44148, 4.44754, 4.45367, 4.45988, 4.46615, 4.47251, 4.47893, 4.48544, 4.49202, 4.49868, 4.50543, 4.51225, 4.51916, 4.52615, 4.53323, 4.5404, 4.54766, 4.555, 4.56244, 4.56998, 4.5776, 4.58533, 4.59315, 4.60108, 4.60911, 4.61724, 4.62548, 4.63382, 4.64228, 4.65084, 4.65952, 4.66832, 4.67724, 4.68627, 4.69543, 4.70472, 4.71413, 4.72367, 4.73334, 4.74315, 4.7531, 4.76318, 4.77342, 4.78379, 4.79432, 4.805, 4.81583, 4.82683, 4.83798, 4.84931, 4.8608, 4.87246, 4.8843, 4.89632, 4.90853, 4.92092, 4.93351, 4.9463, 4.95929, 4.97248, 4.98589, 4.99951, 5.01335, 5.02743, 5.04173, 5.05627, 5.07106, 5.0861, 5.1014, 5.11695, 5.13278, 5.14889, 5.16528, 5.18197, 5.19895, 5.21624, 5.23385, 5.25179, 5.27006, 5.28867, 5.30764, 5.32698, 5.34668, 5.36678, 5.38728, 5.40818, 5.42951, 5.45127, 5.47349, 5.49617, 5.51933, 5.54299, 5.56716, 5.59185, 5.6171, 5.64291, 5.66931, 5.69632, 5.72396, 5.75226, 5.78123, 5.8109, 5.84131, 5.87247, 5.90443, 5.9372, 5.97084, 6.00536, 6.04081, 6.07724, 6.11467, 6.15317, 6.19277, 6.23353, 6.2755, 6.31874, 6.36332, 6.4093, 6.45676, 6.50576, 6.55641, 6.60878, 6.66297, 6.71909, 6.77726, 6.83759, 6.90022, 6.9653, 7.03299, 7.10346, 7.17691, 7.25355, 7.33362, 7.41737, 7.5051, 7.59713, 7.69382, 7.79558, 7.90288, 8.01623, 8.13625, 8.26361, 8.39911, 8.54369, 8.69845, 8.86468, 9.04395, 9.23819, 9.44977, 9.68169, 9.93787, 10.2234, 10.5453, 10.9123, 11.3362, 11.8301, 12.4077, 13.0778, 13.837, 14.6599, 15.4885, 16.2272, 16.7471, 16.9052, 16.576, 15.6878, 14.2516, 12.3697, 10.2184, 8.0091, 5.94116, 4.16269, 2.75038, 1.71144, 1.0019, 0.551325, 0.284975, 0.138283, 0.0629624, 0.0268876, 0.0107644, 0.00403771, 0.0014171, 0.000463263, 0.000138473, 3.37812e-05, 6.95302e-06, 1.79568e-06, 4.34367e-07, 9.82648e-08, 2.07898e-08, 4.11355e-09, 7.61193e-10, 1.3173e-10, 2.132e-11, 3.22702e-12, 4.56802e-13, 6.04737e-14, 7.48715e-15, 8.66919e-16, 9.38754e-17, 9.50685e-18, 9.00395e-19, 7.97518e-20, 6.60632e-21, 5.11787e-22, 3.70792e-23, 2.51237e-24, 1.59201e-25, 9.43451e-27, 5.22882e-28, 2.71018e-29, 1.31372e-30, 5.95553e-32, 2.52491e-33, 1.00111e-34, 3.71218e-36, 1.28732e-37, 4.17496e-39, 1.26628e-40, 3.59182e-42, 9.52819e-44, 2.36383e-45, 5.48441e-47, 1.19002e-48, 2.41484e-50, 4.58279e-52, 8.13358e-54, 1.35003e-55, 2.09561e-57, 3.04221e-59, 4.13025e-61, 5.24411e-63, 6.22696e-65, 6.91494e-67, 7.1814e-69, 6.9749e-71, 6.33541e-73, 5.38171e-75, 4.27536e-77, 3.17639e-79, 2.207e-81, 1.4341e-83, 8.71491e-86, 4.95284e-88, 2.63241e-90, 1.30846e-92, 6.08236e-95, 2.64419e-97, 1.07503e-99, 4.08747e-102, 1.45343e-104, 4.8333e-107, 1.50313e-109, 4.37179e-112, 1.18912e-114, 3.02483e-117, 7.19583e-120, 1.60091e-122, 3.33089e-125, 6.48126e-128, 1.17941e-130, 2.00713e-133, 3.19441e-136, 4.75459e-139, 6.61821e-142, 8.61537e-145, 1.04885e-147, 1.19414e-150, 1.27147e-153, 1.26608e-156, 1.17902e-159, 1.0268e-162, 8.36286e-166, 6.36985e-169, 4.53742e-172, 3.02268e-175, 1.88313e-178, 1.09717e-181, 5.97823e-185, 3.04631e-188, 1.45171e-191, 6.46981e-195, 2.69654e-198, 1.05105e-201, 3.83132e-205, 1.3061e-208, 4.16395e-212, 1.24148e-215, 3.46161e-219, 9.02652e-223, 2.20123e-226, 5.02013e-230, 1.0707e-233, 2.13561e-237, 3.98365e-241, 6.94934e-245, 1.13373e-248, 1.72973e-252, 2.46802e-256, 3.29324e-260, 4.1096e-264, 4.79601e-268, 5.23434e-272, 5.34254e-276
209.58
177.01
 
MEASUREMENT 24
1.56305, 4.67879, 7.79453, 10.9103, 14.0312, 17.1469, 20.2679, 23.3784, 26.4796, 29.5859, 32.6913, 35.8071, 38.9228, 42.0385, 45.1595, 48.2752, 51.3909, 54.5067, 57.6224, 60.7381, 63.8435, 66.9593, 70.0698, 73.1752, 76.2806, 79.3859, 82.4913, 85.5967, 88.7021, 91.8074, 94.9128, 98.0182, 101.1, 104.148, 107.196, 110.244, 113.292, 116.339, 119.387, 122.435, 125.483, 128.531, 131.574, 134.622, 137.67, 140.718, 143.766, 146.814, 149.861, 152.909, 155.957, 159.005, 162.053, 165.101, 168.149, 171.197, 174.245, 177.293, 180.341, 183.389, 186.436, 189.484, 192.532, 195.58, 198.621, 201.655, 204.688, 207.722, 210.756, 213.794, 216.838, 219.882, 222.926, 225.97, 229.014, 232.058, 235.102, 238.145, 241.189, 244.233, 247.277, 250.321, 253.37, 256.424, 259.478, 262.532, 265.586, 268.64, 271.695, 274.749, 277.803, 280.857, 283.911, 286.97, 290.035, 293.099
3.49003, 3.50955, 3.49535, 3.7103, 3.49106, 3.53534, 3.8223, 3.82273, 3.76369, 3.80921, 3.8631, 3.94576, 3.95587, 3.99668, 3.99586, 4.00785, 4.16336, 4.1986, 4.2728, 4.31483, 3.83566, 4.2789, 4.29708, 4.28449, 4.37871, 4.39381, 4.4183, 4.41095, 4.47438, 4.13361, 4.54176, 3.93995, 4.55629, 4.56426, 4.60265, 4.62481, 4.65384, 4.68922, 4.73137, 4.75217, 4.77199, 4.82667, 4.88615, 4.89963, 4.95549, 5.02964, 5.10194, 5.1508, 5.19663, 5.25201, 5.35837, 5.45184, 5.56041, 5.63828, 5.75451, 6.02201, 6.11437, 6.19925, 6.44695, 6.74788, 6.9887, 7.44051, 7.8872, 8.72215, 11.1163, 12.6884, 14.3034, 13.0193, 6.69768, 1.5006, 0.108223, -0.00798674, -0.0347809, -0.0463378, -0.0370379, -0.0198415, -0.028868, -0.0263556, -0.0591459, -0.0381525, -0.0642094, -0.088878, -0.0585336, -0.0342017, -0.0528874, -0.0676649, -0.0364607, -0.0286241, -0.0247149, -0.0184752, -0.0242008, -0.0361652, -0.0519166, -0.038527, -0.0648794, -0.0933199
0.104701, 0.105287, 0.104861, 0.111309, 0.104732, 0.10606, 0.114669, 0.114682, 0.112911, 0.114276, 0.115893, 0.118373, 0.118676, 0.1199, 0.119876, 0.120236, 0.124901, 0.125958, 0.128184, 0.129445, 0.11507, 0.128367, 0.128912, 0.128535, 0.131361, 0.131814, 0.132549, 0.132329, 0.134231, 0.124008, 0.136253, 0.118198, 0.136689, 0.136928, 0.138079, 0.138744, 0.139615, 0.140676, 0.141941, 0.142565, 0.14316, 0.1448, 0.146585, 0.146989, 0.148665, 0.150889, 0.153058, 0.154524, 0.155899, 0.15756, 0.160751, 0.163555, 0.166812, 0.169148, 0.172635, 0.18066, 0.183431, 0.185977, 0.193409, 0.202436, 0.209661, 0.223215, 0.236616, 0.261665, 0.333488, 0.380653, 0.429102, 0.390578, 0.20093, 0.045018, 0.0032467, 0.000239602, 0.00104343, 0.00139013, 0.00111114, 0.000595246, 0.000866041, 0.000790669, 0.00177438, 0.00114458, 0.00192628, 0.00266634, 0.00175601, 0.00102605, 0.00158662, 0.00202995, 0.00109382, 0.000858723, 0.000741448, 0.000554255, 0.000726025, 0.00108496, 0.0015575, 0.00115581, 0.00194638, 0.0027996
0, 0.613815, 1.22763, 1.84144, 2.45526, 3.06907, 3.68289, 4.2967, 4.91052, 5.52433, 6.13815, 6.75196, 7.36578, 7.97959, 8.59341, 9.20722, 9.82104, 10.4349, 11.0487, 11.6625, 12.2763, 12.8901, 13.5039, 14.1177, 14.7316, 15.3454, 15.9592, 16.573, 17.1868, 17.8006, 18.4144, 19.0283, 19.6421, 20.2559, 20.8697, 21.4835, 22.0973, 22.7111, 23.325, 23.9388, 24.5526, 25.1664, 25.7802, 26.394, 27.0078, 27.6217, 28.2355, 28.8493, 29.4631, 30.0769, 30.6907, 31.3046, 31.9184, 32.5322, 33.146, 33.7598, 34.3736, 34.9874, 35.6013, 36.2151, 36.8289, 37.4427, 38.0565, 38.6703, 39.2841, 39.898, 40.5118, 41.1256, 41.7394, 42.3532, 42.967, 43.5808, 44.1947, 44.8085, 45.4223, 46.0361, 46.6499, 47.2637, 47.8775, 48.4914, 49.1052, 49.719, 50.3328, 50.9466, 51.5604, 52.1743, 52.7881, 53.4019, 54.0157, 54.6295, 55.2433, 55.8571, 56.471, 57.0848, 57.6986, 58.3124, 58.9262, 59.54, 60.1538, 60.7677, 61.3815, 61.9953, 62.6091, 63.2229, 63.8367, 64.4505, 65.0644, 65.6782, 66.292, 66.9058, 67.5196, 68.1334, 68.7473, 69.3611, 69.9749, 70.5887, 71.2025, 71.8163, 72.4301, 73.044, 73.6578, 74.2716, 74.8854, 75.4992, 76.113, 76.7268, 77.3407, 77.9545, 78.5683, 79.1821, 79.7959, 80.4097, 81.0235, 81.6374, 82.2512, 82.865, 83.4788, 84.0926, 84.7064, 85.3202, 85.9341, 86.5479, 87.1617, 87.7755, 88.3893, 89.0031, 89.617, 90.2308, 90.8446, 91.4584, 92.0722, 92.686, 93.2998, 93.9137, 94.5275, 95.1413, 95.7551, 96.3689, 96.9827, 97.5965, 98.2104, 98.8242, 99.438, 100.052, 100.666, 101.279, 101.893, 102.507, 103.121, 103.735, 104.349, 104.962, 105.576, 106.19, 106.804, 107.418, 108.031, 108.645, 109.259, 109.873, 110.487, 111.1, 111.714, 112.328, 112.942, 113.556, 114.17, 114.783, 115.397, 116.011, 116.625, 117.239, 117.852, 118.466, 119.08, 119.694, 120.308, 120.922, 121.535, 122.149, 122.763, 123.377, 123.991, 124.604, 125.218, 125.832, 126.446, 127.06, 127.673, 128.287, 128.901, 129.515, 130.129, 130.743, 131.356, 131.97, 132.584, 133.198, 133.812, 134.425, 135.039, 135.653, 136.267, 136.881, 137.495, 138.108, 138.722, 139.336, 139.95, 140.564, 141.177, 141.791, 142.405, 143.019, 143.633, 144.246, 144.86, 145.474, 146.088, 146.702, 147.316, 147.929, 148.543, 149.157, 149.771, 150.385, 150.998, 151.612, 152.226, 152.84, 153.454, 154.068, 154.681, 155.295, 155.909, 156.523, 157.137, 157.75, 158.364, 158.978, 159.592, 160.206, 160.819, 161.433, 162.047, 162.661, 163.275, 163.889, 164.502, 165.116, 165.73, 166.344, 166.958, 167.571, 168.185, 168.799, 169.413, 170.027, 170.64, 171.254, 171.868, 172.482, 173.096, 173.71, 174.323, 174.937, 175.551, 176.165, 176.779, 177.392, 178.006, 178.62, 179.234, 179.848, 180.462, 181.075, 181.689, 182.303, 182.917, 183.531, 184.144, 184.758, 185.372, 185.986, 186.6, 187.213, 187.827, 188.441, 189.055, 189.669, 190.283, 190.896, 191.51, 192.124, 192.738, 193.352, 193.965, 194.579, 195.193, 195.807, 196.421, 197.035, 197.648, 198.262, 198.876, 199.49, 200.104, 200.717, 201.331, 201.945, 202.559, 203.173, 203.786, 204.4, 205.014, 205.628, 206.242, 206.856, 207.469, 208.083, 208.697, 209.311, 209.925, 210.538, 211.152, 211.766, 212.38, 212.994, 213.608, 214.221, 214.835, 215.449, 216.063, 216.677, 217.29, 217.904, 218.518, 219.132, 219.746, 220.359, 220.973, 221.587, 222.201, 222.815, 223.429, 224.042, 224.656, 225.27, 225.884, 226.498, 227.111, 227.725, 228.339, 228.953, 229.567, 230.181, 230.794, 231.408, 232.022, 232.636, 233.25, 233.863, 234.477, 235.091, 235.705, 236.319, 236.932, 237.546, 238.16, 238.774, 239.388, 240.002, 240.615, 241.229, 241.843, 242.457, 243.071, 243.684, 244.298, 244.912, 245.526, 246.14, 246.754, 247.367, 247.981, 248.595, 249.209, 249.823, 250.436, 251.05, 251.664, 252.278, 252.892, 253.505, 254.119, 254.733, 255.347, 255.961, 256.575, 257.188, 257.802, 258.416, 259.03, 259.644, 260.257, 260.871, 261.485, 262.099, 262.713, 263.327, 263.94, 264.554, 265.168, 265.782, 266.396, 267.009, 267.623, 268.237, 268.851, 269.465, 270.078, 270.692, 271.306, 271.92, 272.534, 273.148, 273.761, 274.375, 274.989, 275.603, 276.217, 276.83, 277.444, 278.058, 278.672, 279.286, 279.9, 280.513, 281.127, 281.741, 282.355, 282.969, 283.582, 284.196, 284.81, 285.424, 286.038, 286.651, 287.265, 287.879, 288.493, 289.107, 289.721, 290.334, 290.948, 291.562, 292.176, 292.79, 293.403, 294.017
3.95365, 3.95463, 3.95561, 3.95661, 3.95762, 3.95864, 3.95967, 3.96071, 3.96176, 3.96282, 3.9639, 3.96498, 3.96608, 3.96719, 3.96831, 3.96945, 3.97059, 3.97175, 3.97292, 3.9741, 3.9753, 3.9765, 3.97772, 3.97896, 3.9802, 3.98146, 3.98273, 3.98401, 3.98531, 3.98662, 3.98795, 3.98929, 3.99064, 3.992, 3.99338, 3.99478, 3.99619, 3.99761, 3.99905, 4.0005, 4.00196, 4.00344, 4.00494, 4.00645, 4.00798, 4.00952, 4.01108, 4.01265, 4.01424, 4.01584, 4.01746, 4.0191, 4.02075, 4.02242, 4.02411, 4.02581, 4.02754, 4.02927, 4.03103, 4.0328, 4.03459, 4.0364, 4.03822, 4.04007, 4.04193, 4.04381, 4.04571, 4.04763, 4.04957, 4.05152, 4.0535, 4.05549, 4.05751, 4.05954, 4.0616, 4.06367, 4.06577, 4.06789, 4.07002, 4.07218, 4.07436, 4.07657, 4.07879, 4.08104, 4.0833, 4.08559, 4.08791, 4.09024, 4.0926, 4.09498, 4.09739, 4.09982, 4.10228, 4.10475, 4.10726, 4.10979, 4.11234, 4.11492, 4.11752, 4.12015, 4.12281, 4.12549, 4.1282, 4.13094, 4.1337, 4.1365, 4.13932, 4.14217, 4.14504, 4.14795, 4.15089, 4.15385, 4.15685, 4.15987, 4.16293, 4.16601, 4.16913, 4.17228, 4.17547, 4.17868, 4.18193, 4.18521, 4.18852, 4.19187, 4.19525, 4.19867, 4.20212, 4.20561, 4.20914, 4.2127, 4.21629, 4.21993, 4.2236, 4.22731, 4.23106, 4.23485, 4.23868, 4.24255, 4.24646, 4.25041, 4.2544, 4.25844, 4.26252, 4.26664, 4.2708, 4.27501, 4.27927, 4.28357, 4.28792, 4.29231, 4.29675, 4.30124, 4.30578, 4.31037, 4.31501, 4.3197, 4.32444, 4.32923, 4.33408, 4.33898, 4.34393, 4.34894, 4.35401, 4.35913, 4.36431, 4.36955, 4.37485, 4.3802, 4.38562, 4.39111, 4.39665, 4.40226, 4.40793, 4.41367, 4.41947, 4.42535, 4.43129, 4.4373, 4.44338, 4.44954, 4.45576, 4.46207, 4.46844, 4.4749, 4.48143, 4.48804, 4.49473, 4.50151, 4.50836, 4.51531, 4.52233, 4.52945, 4.53665, 4.54394, 4.55133, 4.55881, 4.56638, 4.57405, 4.58182, 4.58969, 4.59766, 4.60574, 4.61392, 4.62221, 4.6306, 4.63911, 4.64773, 4.65647, 4.66533, 4.67431, 4.6834, 4.69263, 4.70198, 4.71146, 4.72107, 4.73082, 4.7407, 4.75073, 4.76089, 4.77121, 4.78167, 4.79229, 4.80306, 4.81399, 4.82508, 4.83633, 4.84776, 4.85936, 4.87113, 4.88308, 4.89522, 4.90755, 4.92007, 4.93279, 4.94571, 4.95883, 4.97217, 4.98572, 4.9995, 5.0135, 5.02774, 5.04221, 5.05693, 5.0719, 5.08712, 5.10261, 5.11837, 5.13441, 5.15073, 5.16734, 5.18426, 5.20148, 5.21902, 5.23689, 5.25509, 5.27364, 5.29254, 5.31181, 5.33145, 5.35148, 5.37192, 5.39276, 5.41403, 5.43573, 5.45789, 5.48051, 5.50362, 5.52722, 5.55134, 5.57599, 5.60119, 5.62696, 5.65332, 5.68029, 5.7079, 5.73617, 5.76511, 5.79477, 5.82516, 5.85632, 5.88828, 5.92106, 5.95471, 5.98926, 6.02474, 6.06121, 6.0987, 6.13726, 6.17695, 6.2178, 6.25989, 6.30326, 6.34799, 6.39415, 6.4418, 6.49104, 6.54194, 6.59459, 6.64911, 6.7056, 6.76418, 6.82497, 6.88812, 6.95378, 7.02212, 7.09333, 7.16761, 7.24517, 7.32628, 7.41122, 7.50027, 7.59381, 7.69221, 7.79591, 7.90543, 8.02131, 8.14424, 8.27496, 8.41436, 8.56349, 8.72359, 8.89615, 9.08301, 9.28641, 9.50923, 9.75516, 10.029, 10.3369, 10.687, 11.0885, 11.5516, 12.0845, 12.6887, 13.3527, 14.0429, 14.6979, 15.2264, 15.5154, 15.4494, 14.9377, 13.942, 12.4945, 10.7114, 8.75808, 6.8048, 5.0123, 3.49335, 2.30014, 1.42899, 0.836787, 0.461472, 0.239507, 0.116917, 0.053655, 0.0231377, 0.00937159, 0.003563, 0.00126977, 0.0004223, 0.000128741, 3.26191e-05, 6.12409e-06, 1.62778e-06, 4.05358e-07, 9.45696e-08, 2.06697e-08, 4.2324e-09, 8.11912e-10, 1.45915e-10, 2.45675e-11, 3.87519e-12, 5.72654e-13, 7.92797e-14, 1.02826e-14, 1.24942e-15, 1.42228e-16, 1.51681e-17, 1.51547e-18, 1.41851e-19, 1.2439e-20, 1.0219e-21, 7.86497e-23, 5.67096e-24, 3.83076e-25, 2.42427e-26, 1.43729e-27, 7.98323e-29, 4.15413e-30, 2.02512e-31, 9.24886e-33, 3.95726e-34, 1.58624e-35, 5.95676e-37, 2.09566e-38, 6.90714e-40, 2.13277e-41, 6.16959e-43, 1.672e-44, 4.24508e-46, 1.00972e-47, 2.25001e-49, 4.69715e-51, 9.18653e-53, 1.6832e-54, 2.88927e-56, 4.64629e-58, 6.9999e-60, 9.87971e-62, 1.30636e-63, 1.61826e-65, 1.87802e-67, 2.04183e-69, 2.07972e-71, 1.98453e-73, 1.77409e-75, 1.48579e-77, 1.16576e-79, 8.5689e-82, 5.90075e-84, 3.80676e-86, 2.30075e-88, 1.30271e-90, 6.91025e-93, 3.43404e-95, 1.59875e-97, 6.97306e-100, 2.84925e-102, 1.09069e-104, 3.91147e-107, 1.31415e-109, 4.13629e-112, 1.21967e-114, 3.36932e-117, 8.71975e-120, 2.11413e-122, 4.80201e-125, 1.02183e-127, 2.03705e-130, 3.8044e-133, 6.65635e-136, 1.09106e-138, 1.67544e-141, 2.4103e-144, 3.24846e-147, 4.10156e-150, 4.85158e-153, 5.37627e-156, 5.5814e-159, 5.42837e-162, 4.94605e-165, 4.22194e-168, 3.3762e-171, 2.52935e-174, 1.77522e-177, 1.16723e-180, 7.18998e-184, 4.14916e-187, 2.24314e-190, 1.1361e-193, 5.3906e-197, 2.39619e-200, 9.97858e-204, 3.89295e-207, 1.42282e-210, 4.87177e-214, 1.56273e-217, 4.69618e-221, 1.32211e-224, 3.487e-228, 8.61587e-232, 1.99438e-235, 4.32493e-239, 8.78644e-243, 1.67228e-246, 2.98171e-250, 4.98063e-254, 7.79408e-258, 1.14263e-261, 1.56932e-265, 2.01919e-269
3.95365, 3.95466, 3.95568, 3.95671, 3.95774, 3.9588, 3.95986, 3.96093, 3.96201, 3.96311, 3.96422, 3.96534, 3.96647, 3.96761, 3.96877, 3.96993, 3.97111, 3.9723, 3.97351, 3.97472, 3.97595, 3.9772, 3.97845, 3.97972, 3.981, 3.98229, 3.9836, 3.98492, 3.98625, 3.9876, 3.98896, 3.99033, 3.99172, 3.99313, 3.99454, 3.99597, 3.99742, 3.99888, 4.00035, 4.00184, 4.00335, 4.00487, 4.0064, 4.00795, 4.00952, 4.0111, 4.0127, 4.01431, 4.01594, 4.01758, 4.01924, 4.02092, 4.02262, 4.02433, 4.02606, 4.0278, 4.02956, 4.03134, 4.03314, 4.03496, 4.03679, 4.03864, 4.04051, 4.0424, 4.0443, 4.04623, 4.04817, 4.05014, 4.05212, 4.05412, 4.05614, 4.05818, 4.06025, 4.06233, 4.06443, 4.06655, 4.0687, 4.07086, 4.07305, 4.07525, 4.07748, 4.07973, 4.08201, 4.0843, 4.08662, 4.08896, 4.09133, 4.09372, 4.09613, 4.09856, 4.10102, 4.1035, 4.10601, 4.10854, 4.1111, 4.11368, 4.11629, 4.11892, 4.12159, 4.12427, 4.12699, 4.12973, 4.13249, 4.13529, 4.13811, 4.14096, 4.14384, 4.14675, 4.14969, 4.15266, 4.15565, 4.15868, 4.16174, 4.16482, 4.16794, 4.17109, 4.17428, 4.17749, 4.18074, 4.18402, 4.18733, 4.19068, 4.19406, 4.19748, 4.20093, 4.20442, 4.20794, 4.2115, 4.21509, 4.21873, 4.2224, 4.22611, 4.22985, 4.23364, 4.23746, 4.24133, 4.24523, 4.24918, 4.25317, 4.2572, 4.26127, 4.26539, 4.26954, 4.27375, 4.278, 4.28229, 4.28663, 4.29101, 4.29545, 4.29993, 4.30446, 4.30904, 4.31367, 4.31834, 4.32307, 4.32786, 4.33269, 4.33758, 4.34252, 4.34751, 4.35257, 4.35767, 4.36284, 4.36806, 4.37335, 4.37869, 4.38409, 4.38955, 4.39508, 4.40067, 4.40632, 4.41204, 4.41782, 4.42367, 4.42959, 4.43558, 4.44164, 4.44777, 4.45397, 4.46025, 4.4666, 4.47302, 4.47953, 4.48611, 4.49277, 4.49951, 4.50634, 4.51324, 4.52024, 4.52731, 4.53448, 4.54174, 4.54908, 4.55652, 4.56405, 4.57168, 4.57941, 4.58723, 4.59516, 4.60318, 4.61131, 4.61955, 4.6279, 4.63635, 4.64492, 4.6536, 4.6624, 4.67131, 4.68035, 4.68951, 4.69879, 4.7082, 4.71774, 4.72742, 4.73723, 4.74717, 4.75726, 4.76749, 4.77787, 4.7884, 4.79908, 4.80992, 4.82091, 4.83207, 4.84339, 4.85489, 4.86655, 4.8784, 4.89042, 4.90263, 4.91503, 4.92762, 4.94041, 4.9534, 4.9666, 4.98001, 4.99363, 5.00748, 5.02156, 5.03587, 5.05042, 5.06521, 5.08026, 5.09556, 5.11113, 5.12696, 5.14308, 5.15948, 5.17617, 5.19316, 5.21046, 5.22808, 5.24603, 5.26431, 5.28294, 5.30192, 5.32126, 5.34099, 5.3611, 5.38161, 5.40253, 5.42387, 5.44566, 5.46789, 5.49059, 5.51377, 5.53745, 5.56164, 5.58637, 5.61164, 5.63748, 5.66391, 5.69095, 5.71862, 5.74695, 5.77596, 5.80567, 5.83611, 5.86732, 5.89932, 5.93215, 5.96583, 6.00041, 6.03592, 6.0724, 6.1099, 6.14846, 6.18814, 6.22897, 6.27103, 6.31436, 6.35903, 6.40511, 6.45267, 6.5018, 6.55256, 6.60506, 6.6594, 6.71567, 6.774, 6.83451, 6.89733, 6.96261, 7.03053, 7.10124, 7.17495, 7.25188, 7.33226, 7.41636, 7.50446, 7.59691, 7.69406, 7.79633, 7.90419, 8.01818, 8.1389, 8.26706, 8.40348, 8.54909, 8.70504, 8.87265, 9.05355, 9.24971, 9.4636, 9.69836, 9.95807, 10.2481, 10.5757, 10.95, 11.3827, 11.8868, 12.4747, 13.1526, 13.9135, 14.7269, 15.5301, 16.2248, 16.6839, 16.7712, 16.3725, 15.4293, 13.9635, 12.0826, 9.96017, 7.79913, 5.78721, 4.06172, 2.69216, 1.68308, 0.991485, 0.549904, 0.286955, 0.140806, 0.064939, 0.0281373, 0.0114491, 0.00437245, 0.00156543, 0.000523396, 0.000161006, 4.18774e-05, 8.37397e-06, 2.22464e-06, 5.54517e-07, 1.29491e-07, 2.83293e-08, 5.80631e-09, 1.1149e-09, 2.00557e-10, 3.37996e-11, 5.33648e-12, 7.89345e-13, 1.09382e-13, 1.42003e-14, 1.7271e-15, 1.96791e-16, 2.10069e-17, 2.10082e-18, 1.96826e-19, 1.72761e-20, 1.42062e-21, 1.0944e-22, 7.89851e-24, 5.3405e-25, 3.38288e-26, 2.00752e-27, 1.11609e-28, 5.81311e-30, 2.83651e-31, 1.29667e-32, 5.55316e-34, 2.22802e-35, 8.37464e-37, 2.94904e-38, 9.72886e-40, 3.00684e-41, 8.70615e-43, 2.36161e-44, 6.00148e-46, 1.42881e-47, 3.18682e-49, 6.65898e-51, 1.30354e-52, 2.3906e-54, 4.1073e-56, 6.61108e-58, 9.96906e-60, 1.40832e-61, 1.86387e-63, 2.31098e-65, 2.68437e-67, 2.92115e-69, 2.97805e-71, 2.8443e-73, 2.54498e-75, 2.13333e-77, 1.67532e-79, 1.23254e-81, 8.49517e-84, 5.48538e-86, 3.31823e-88, 1.88049e-90, 9.98394e-93, 4.96588e-95, 2.31396e-97, 1.01014e-99, 4.13112e-102, 1.58278e-104, 5.68117e-107, 1.91038e-109, 6.01818e-112, 1.77613e-114, 4.91076e-117, 1.272e-119, 3.08666e-122, 7.01703e-125, 1.49445e-127, 2.98178e-130, 5.57354e-133, 9.76003e-136, 1.60116e-138, 2.46082e-141, 3.54315e-144, 4.77928e-147, 6.03946e-150, 7.14985e-153, 7.92974e-156, 8.23917e-159, 8.01993e-162, 7.31342e-165, 6.24788e-168, 5.00044e-171, 3.74926e-174, 2.63357e-177, 1.73304e-180, 1.0684e-183, 6.17047e-187, 3.33862e-190, 1.6923e-193, 8.03619e-197, 3.57507e-200, 1.48998e-203, 5.81754e-207, 2.12794e-210, 7.29189e-214, 2.3409e-217, 7.04023e-221, 1.98359e-224, 5.23575e-228, 1.29469e-231, 2.99928e-235, 6.50919e-239, 1.32342e-242, 2.52076e-246, 4.49805e-250, 7.51932e-254, 1.17759e-257, 1.7277e-261, 2.37468e-265, 3.05775e-269
209.51
176.98
 
MEASUREMENT 25
1.56305, 4.67879, 7.79453, 10.9103, 14.0312, 17.1469, 20.2679, 23.3784, 26.4796, 29.5859, 32.6913, 35.8071, 38.9228, 42.0385, 45.1595, 48.2752, 51.3909, 54.5067, 57.6224, 60.7381, 63.8435, 66.9593, 70.0698, 73.1752, 76.2806, 79.3859, 82.4913, 85.5967, 88.7021, 91.8074, 94.9128, 98.0182, 101.1, 104.148, 107.196, 110.244, 113.292, 116.339, 119.387, 122.435, 125.483, 128.531, 131.574, 134.622, 137.67, 140.718, 143.766, 146.814, 149.861, 152.909, 155.957, 159.005, 162.053, 165.101, 168.149, 171.197, 174.245, 177.293, 180.341, 183.389, 186.436, 189.484, 192.532, 195.58, 198.621, 201.655, 204.688, 207.722, 210.756, 213.794, 216.838, 219.882, 222.926, 225.97, 229.014, 232.058, 235.102, 238.145, 241.189, 244.233, 247.277, 250.321, 253.37, 256.424, 259.478, 262.532, 265.586, 268.64, 271.695, 274.749, 277.803, 280.857, 283.911, 286.97, 290.035, 293.099
3.49189, 3.50508, 3.49437, 3.71093, 3.48902, 3.53902, 3.82601, 3.82222, 3.76682, 3.81079, 3.86162, 3.94727, 3.95408, 4.00094, 3.99672, 4.00361, 4.16528, 4.19917, 4.27606, 4.32734, 3.83172, 4.27538, 4.30097, 4.28159, 4.38058, 4.39451, 4.4203, 4.41308, 4.4711, 4.13806, 4.54163, 3.93723, 4.56479, 4.56978, 4.60471, 4.62623, 4.65756, 4.69313, 4.72805, 4.75841, 4.77186, 4.82919, 4.88968, 4.90175, 4.95914, 5.03444, 5.10973, 5.15406, 5.20432, 5.25773, 5.36338, 5.45769, 5.5629, 5.63686, 5.75445, 6.02904, 6.12141, 6.20418, 6.45041, 6.75188, 6.99012, 7.43813, 7.90895, 8.73466, 11.1129, 12.6914, 14.3068, 13.0112, 6.69607, 1.49713, 0.105983, -0.0110405, -0.0342025, -0.0461009, -0.0396711, -0.0202508, -0.0289875, -0.024887, -0.0576086, -0.0373215, -0.0657677, -0.0860997, -0.0584425, -0.0345364, -0.0493879, -0.0628639, -0.0362583, -0.0355644, -0.0231832, -0.0232551, -0.0229681, -0.0385422, -0.0525444, -0.0423403, -0.0657591, -0.0936484
0.104757, 0.105152, 0.104831, 0.111328, 0.104671, 0.106171, 0.11478, 0.114667, 0.113005, 0.114324, 0.115849, 0.118418, 0.118622, 0.120028, 0.119902, 0.120108, 0.124958, 0.125975, 0.128282, 0.12982, 0.114952, 0.128261, 0.129029, 0.128448, 0.131417, 0.131835, 0.132609, 0.132392, 0.134133, 0.124142, 0.136249, 0.118117, 0.136944, 0.137093, 0.138141, 0.138787, 0.139727, 0.140794, 0.141841, 0.142752, 0.143156, 0.144876, 0.14669, 0.147052, 0.148774, 0.151033, 0.153292, 0.154622, 0.15613, 0.157732, 0.160902, 0.163731, 0.166887, 0.169106, 0.172633, 0.180871, 0.183642, 0.186125, 0.193512, 0.202556, 0.209704, 0.223144, 0.237269, 0.26204, 0.333386, 0.380741, 0.429204, 0.390335, 0.200882, 0.044914, 0.00317949, 0.000331215, 0.00102608, 0.00138303, 0.00119013, 0.000607524, 0.000869624, 0.000746609, 0.00172826, 0.00111965, 0.00197303, 0.00258299, 0.00175328, 0.00103609, 0.00148164, 0.00188592, 0.00108775, 0.00106693, 0.000695495, 0.000697653, 0.000689042, 0.00115627, 0.00157633, 0.00127021, 0.00197277, 0.00280945
0, 0.613815, 1.22763, 1.84144, 2.45526, 3.06907, 3.68289, 4.2967, 4.91052, 5.52433, 6.13815, 6.75196, 7.36578, 7.97959, 8.59341, 9.20722, 9.82104, 10.4349, 11.0487, 11.6625, 12.2763, 12.8901, 13.5039, 14.1177, 14.7316, 15.3454, 15.9592, 16.573, 17.1868, 17.8006, 18.4144, 19.0283, 19.6421, 20.2559, 20.8697, 21.4835, 22.0973, 22.7111, 23.325, 23.9388, 24.5526, 25.1664, 25.7802, 26.394, 27.0078, 27.6217, 28.2355, 28.8493, 29.4631, 30.0769, 30.6907, 31.3046, 31.9184, 32.5322, 33.146, 33.7598, 34.3736, 34.9874, 35.6013, 36.2151, 36.8289, 37.4427, 38.0565, 38.6703, 39.2841, 39.898, 40.5118, 41.1256, 41.7394, 42.3532, 42.967, 43.5808, 44.1947, 44.8085, 45.4223, 46.0361, 46.6499, 47.2637, 47.8775, 48.4914, 49.1052, 49.719, 50.3328, 50.9466, 51.5604, 52.1743, 52.7881, 53.4019, 54.0157, 54.6295, 55.2433, 55.8571, 56.471, 57.0848, 57.6986, 58.3124, 58.9262, 59.54, 60.1538, 60.7677, 61.3815, 61.9953, 62.6091, 63.2229, 63.8367, 64.4505, 65.0644, 65.6782, 66.292, 66.9058, 67.5196, 68.1334, 68.7473, 69.3611, 69.9749, 70.5887, 71.2025, 71.8163, 72.4301, 73.044, 73.6578, 74.2716, 74.8854, 75.4992, 76.113, 76.7268, 77.3407, 77.9545, 78.5683, 79.1821, 79.7959, 80.4097, 81.0235, 81.6374, 82.2512, 82.865, 83.4788, 84.0926, 84.7064, 85.3202, 85.9341, 86.5479, 87.1617, 87.7755, 88.3893, 89.0031, 89.617, 90.2308, 90.8446, 91.4584, 92.0722, 92.686, 93.2998, 93.9137, 94.5275, 95.1413, 95.7551, 96.3689, 96.9827, 97.5965, 98.2104, 98.8242, 99.438, 100.052, 100.666, 101.279, 101.893, 102.507, 103.121, 103.735, 104.349, 104.962, 105.576, 106.19, 106.804, 107.418, 108.031, 108.645, 109.259, 109.873, 110.487, 111.1, 111.714, 112.328, 112.942, 113.556, 114.17, 114.783, 115.397, 116.011, 116.625, 117.239, 117.852, 118.466, 119.08, 119.694, 120.308, 120.922, 121.535, 122.149, 122.763, 123.377, 123.991, 124.604, 125.218, 125.832, 126.446, 127.06, 127.673, 128.287, 128.901, 129.515, 130.129, 130.743, 131.356, 131.97, 132.584, 133.198, 133.812, 134.425, 135.039, 135.653, 136.267, 136.881, 137.495, 138.108, 138.722, 139.336, 139.95, 140.564, 141.177, 141.791, 142.405, 143.019, 143.633, 144.246, 144.86, 145.474, 146.088, 146.702, 147.316, 147.929, 148.543, 149.157, 149.771, 150.385, 150.998, 151.612, 152.226, 152.84, 153.454, 154.068, 154.681, 155.295, 155.909, 156.523, 157.137, 157.75, 158.364, 158.978, 159.592, 160.206, 160.819, 161.433, 162.047, 162.661, 163.275, 163.889, 164.502, 165.116, 165.73, 166.344, 166.958, 167.571, 168.185, 168.799, 169.413, 170.027, 170.64, 171.254, 171.868, 172.482, 173.096, 173.71, 174.323, 174.937, 175.551, 176.165, 176.779, 177.392, 178.006, 178.62, 179.234, 179.848, 180.462, 181.075, 181.689, 182.303, 182.917, 183.531, 184.144, 184.758, 185.372, 185.986, 186.6, 187.213, 187.827, 188.441, 189.055, 189.669, 190.283, 190.896, 191.51, 192.124, 192.738, 193.352, 193.965, 194.579, 195.193, 195.807, 196.421, 197.035, 197.648, 198.262, 198.876, 199.49, 200.104, 200.717, 201.331, 201.945, 202.559, 203.173, 203.786, 204.4, 205.014, 205.628, 206.242, 206.856, 207.469, 208.083, 208.697, 209.311, 209.925, 210.538, 211.152, 211.766, 212.38, 212.994, 213.608, 214.221, 214.835, 215.449, 216.063, 216.677, 217.29, 217.904, 218.518, 219.132, 219.746, 220.359, 220.973, 221.587, 222.201, 222.815, 223.429, 224.042, 224.656, 225.27, 225.884, 226.498, 227.111, 227.725, 228.339, 228.953, 229.567, 230.181, 230.794, 231.408, 232.022, 232.636, 233.25, 233.863, 234.477, 235.091, 235.705, 236.319, 236.932, 237.546, 238.16, 238.774, 239.388, 240.002, 240.615, 241.229, 241.843, 242.457, 243.071, 243.684, 244.298, 244.912, 245.526, 246.14, 246.754, 247.367, 247.981, 248.595, 249.209, 249.823, 250.436, 251.05, 251.664, 252.278, 252.892, 253.505, 254.119, 254.733, 255.347, 255.961, 256.575, 257.188, 257.802, 258.416, 259.03, 259.644, 260.257, 260.871, 261.485, 262.099, 262.713, 263.327, 263.94, 264.554, 265.168, 265.782, 266.396, 267.009, 267.623, 268.237, 268.851, 269.465, 270.078, 270.692, 271.306, 271.92, 272.534, 273.148, 273.761, 274.375, 274.989, 275.603, 276.217, 276.83, 277.444, 278.058, 278.672, 279.286, 279.9, 280.513, 281.127, 281.741, 282.355, 282.969, 283.582, 284.196, 284.81, 285.424, 286.038, 286.651, 287.265, 287.879, 288.493, 289.107, 289.721, 290.334, 290.948, 291.562, 292.176, 292.79, 293.403, 294.017
3.94997, 3.95096, 3.95195, 3.95296, 3.95398, 3.955, 3.95604, 3.9571, 3.95816, 3.95923, 3.96032, 3.96141, 3.96252, 3.96364, 3.96477, 3.96592, 3.96707, 3.96824, 3.96942, 3.97062, 3.97182, 3.97304, 3.97427, 3.97551, 3.97677, 3.97804, 3.97932, 3.98062, 3.98193, 3.98325, 3.98458, 3.98593, 3.9873, 3.98868, 3.99007, 3.99147, 3.99289, 3.99433, 3.99578, 3.99724, 3.99872, 4.00021, 4.00172, 4.00324, 4.00478, 4.00634, 4.00791, 4.00949, 4.01109, 4.01271, 4.01435, 4.016, 4.01766, 4.01934, 4.02104, 4.02276, 4.0245, 4.02625, 4.02802, 4.0298, 4.0316, 4.03343, 4.03527, 4.03712, 4.039, 4.0409, 4.04281, 4.04474, 4.04669, 4.04866, 4.05066, 4.05267, 4.0547, 4.05675, 4.05882, 4.06091, 4.06302, 4.06515, 4.0673, 4.06948, 4.07167, 4.07389, 4.07613, 4.07839, 4.08068, 4.08298, 4.08531, 4.08767, 4.09004, 4.09244, 4.09487, 4.09731, 4.09979, 4.10228, 4.1048, 4.10735, 4.10992, 4.11252, 4.11514, 4.11779, 4.12046, 4.12317, 4.12589, 4.12865, 4.13143, 4.13425, 4.13709, 4.13995, 4.14285, 4.14578, 4.14873, 4.15172, 4.15473, 4.15778, 4.16086, 4.16397, 4.16711, 4.17028, 4.17348, 4.17672, 4.17999, 4.18329, 4.18663, 4.19, 4.1934, 4.19684, 4.20032, 4.20383, 4.20738, 4.21096, 4.21459, 4.21824, 4.22194, 4.22568, 4.22945, 4.23327, 4.23712, 4.24102, 4.24495, 4.24893, 4.25295, 4.25701, 4.26112, 4.26527, 4.26946, 4.2737, 4.27798, 4.28231, 4.28669, 4.29111, 4.29559, 4.30011, 4.30468, 4.30929, 4.31396, 4.31869, 4.32346, 4.32828, 4.33316, 4.3381, 4.34308, 4.34813, 4.35323, 4.35838, 4.3636, 4.36887, 4.37421, 4.3796, 4.38506, 4.39058, 4.39616, 4.40181, 4.40752, 4.4133, 4.41914, 4.42505, 4.43104, 4.43709, 4.44322, 4.44941, 4.45568, 4.46203, 4.46845, 4.47495, 4.48153, 4.48819, 4.49493, 4.50175, 4.50865, 4.51564, 4.52272, 4.52989, 4.53714, 4.54449, 4.55192, 4.55946, 4.56709, 4.57481, 4.58264, 4.59056, 4.59859, 4.60673, 4.61497, 4.62332, 4.63178, 4.64035, 4.64903, 4.65784, 4.66676, 4.6758, 4.68497, 4.69426, 4.70369, 4.71324, 4.72292, 4.73275, 4.74271, 4.75281, 4.76306, 4.77345, 4.78399, 4.79469, 4.80555, 4.81656, 4.82774, 4.83909, 4.85061, 4.8623, 4.87417, 4.88622, 4.89846, 4.91089, 4.92351, 4.93633, 4.94936, 4.9626, 4.97605, 4.98972, 5.00361, 5.01773, 5.03209, 5.04669, 5.06154, 5.07664, 5.092, 5.10763, 5.12353, 5.13971, 5.15618, 5.17295, 5.19002, 5.2074, 5.22511, 5.24314, 5.26152, 5.28024, 5.29933, 5.31878, 5.33862, 5.35885, 5.37948, 5.40054, 5.42202, 5.44394, 5.46633, 5.48919, 5.51254, 5.53639, 5.56077, 5.58568, 5.61116, 5.63722, 5.66387, 5.69115, 5.71907, 5.74766, 5.77694, 5.80695, 5.8377, 5.86924, 5.90158, 5.93477, 5.96884, 6.00382, 6.03976, 6.0767, 6.11469, 6.15377, 6.19399, 6.2354, 6.27808, 6.32207, 6.36744, 6.41427, 6.46264, 6.51261, 6.5643, 6.61778, 6.67317, 6.73058, 6.79013, 6.85196, 6.9162, 6.98303, 7.05261, 7.12514, 7.20082, 7.2799, 7.36264, 7.44932, 7.54026, 7.63584, 7.73645, 7.84257, 7.95472, 8.07351, 8.19963, 8.33389, 8.47724, 8.63081, 8.79592, 8.97422, 9.16769, 9.37884, 9.61086, 9.86787, 10.1552, 10.4799, 10.8502, 11.276, 11.7667, 12.3282, 12.958, 13.6379, 14.327, 14.9569, 15.4329, 15.6448, 15.4868, 14.8832, 13.8122, 12.3172, 10.5284, 8.59573, 6.68294, 4.93739, 3.46038, 2.29742, 1.44327, 0.857113, 0.480815, 0.254617, 0.127213, 0.0599398, 0.026623, 0.0111426, 0.00439204, 0.00162872, 0.000566489, 0.000182689, 5.17335e-05, 9.47067e-06, 2.65933e-06, 7.01975e-07, 1.74177e-07, 4.06235e-08, 8.90601e-09, 1.8353e-09, 3.55508e-10, 6.47305e-11, 1.10787e-11, 1.78231e-12, 2.69524e-13, 3.83115e-14, 5.11893e-15, 6.42905e-16, 7.58983e-17, 8.42239e-18, 8.78529e-19, 8.61379e-20, 7.93871e-21, 6.87739e-22, 5.60033e-23, 4.28669e-24, 3.08423e-25, 2.08588e-26, 1.32602e-27, 7.92365e-29, 4.4506e-30, 2.34979e-31, 1.16616e-32, 5.44002e-34, 2.3854e-35, 9.83194e-37, 3.80919e-38, 1.38722e-39, 4.74866e-41, 1.52797e-42, 4.62141e-44, 1.31387e-45, 3.5111e-47, 8.81966e-49, 2.08246e-50, 4.62187e-52, 9.64215e-54, 1.8908e-55, 3.48526e-57, 6.03864e-59, 9.83465e-61, 1.50555e-62, 2.16643e-64, 2.9303e-66, 3.72558e-68, 4.45237e-70, 5.00154e-72, 5.28118e-74, 5.24172e-76, 4.89026e-78, 4.2885e-80, 3.53503e-82, 2.73903e-84, 1.99487e-86, 1.36567e-88, 8.78806e-91, 5.31563e-93, 3.02226e-95, 1.61518e-97, 8.11385e-100, 3.8313e-102, 1.70051e-104, 7.09461e-107, 2.78221e-109, 1.02557e-111, 3.5535e-114, 1.15734e-116, 3.54307e-119, 1.01956e-121, 2.75776e-124, 7.01158e-127, 1.67567e-129, 3.76422e-132, 7.94832e-135, 1.57757e-137, 2.94317e-140, 5.16126e-143, 8.50763e-146, 1.31818e-148, 1.91979e-151, 2.62813e-154, 3.38184e-157, 4.09045e-160, 4.65053e-163, 4.96989e-166, 4.99233e-169, 4.71382e-172, 4.18365e-175, 3.49019e-178, 2.73689e-181, 2.01733e-184, 1.39768e-187, 9.10232e-191, 5.57196e-194, 3.2061e-197, 1.73403e-200, 8.81556e-204, 4.21264e-207, 1.89222e-210, 7.98912e-214, 3.17058e-217, 1.18274e-220, 4.1472e-224, 1.36688e-227, 4.23464e-231, 1.23315e-234, 3.37539e-238, 8.68451e-242, 2.10028e-245, 4.77443e-249, 1.02018e-252, 2.049e-256
3.94997, 3.95098, 3.952, 3.95303, 3.95407, 3.95512, 3.95618, 3.95726, 3.95834, 3.95944, 3.96055, 3.96167, 3.9628, 3.96395, 3.9651, 3.96627, 3.96745, 3.96865, 3.96985, 3.97107, 3.9723, 3.97354, 3.9748, 3.97607, 3.97735, 3.97864, 3.97995, 3.98127, 3.98261, 3.98396, 3.98532, 3.9867, 3.98809, 3.98949, 3.99091, 3.99234, 3.99379, 3.99525, 3.99673, 3.99822, 3.99973, 4.00125, 4.00278, 4.00434, 4.0059, 4.00749, 4.00908, 4.0107, 4.01233, 4.01398, 4.01564, 4.01732, 4.01902, 4.02073, 4.02246, 4.02421, 4.02597, 4.02775, 4.02955, 4.03137, 4.0332, 4.03506, 4.03693, 4.03882, 4.04073, 4.04265, 4.0446, 4.04657, 4.04855, 4.05056, 4.05258, 4.05462, 4.05669, 4.05877, 4.06088, 4.063, 4.06515, 4.06731, 4.0695, 4.07171, 4.07394, 4.0762, 4.07847, 4.08077, 4.08309, 4.08544, 4.0878, 4.09019, 4.09261, 4.09504, 4.09751, 4.09999, 4.1025, 4.10504, 4.1076, 4.11018, 4.11279, 4.11543, 4.11809, 4.12078, 4.1235, 4.12624, 4.12901, 4.13181, 4.13464, 4.13749, 4.14038, 4.14329, 4.14623, 4.1492, 4.1522, 4.15523, 4.15829, 4.16138, 4.16451, 4.16766, 4.17085, 4.17407, 4.17732, 4.1806, 4.18392, 4.18727, 4.19066, 4.19408, 4.19753, 4.20102, 4.20455, 4.20811, 4.21171, 4.21535, 4.21902, 4.22274, 4.22649, 4.23028, 4.23411, 4.23798, 4.24189, 4.24584, 4.24983, 4.25387, 4.25795, 4.26207, 4.26623, 4.27044, 4.27469, 4.27899, 4.28334, 4.28773, 4.29217, 4.29666, 4.30119, 4.30578, 4.31041, 4.3151, 4.31983, 4.32462, 4.32946, 4.33436, 4.3393, 4.34431, 4.34937, 4.35448, 4.35965, 4.36488, 4.37017, 4.37552, 4.38093, 4.3864, 4.39194, 4.39753, 4.4032, 4.40892, 4.41472, 4.42058, 4.4265, 4.4325, 4.43857, 4.44471, 4.45092, 4.45721, 4.46357, 4.47, 4.47652, 4.48311, 4.48978, 4.49653, 4.50337, 4.51029, 4.51729, 4.52438, 4.53156, 4.53883, 4.54619, 4.55364, 4.56119, 4.56883, 4.57657, 4.5844, 4.59234, 4.60038, 4.60853, 4.61678, 4.62514, 4.63361, 4.6422, 4.65089, 4.65971, 4.66864, 4.67769, 4.68687, 4.69617, 4.7056, 4.71516, 4.72486, 4.73469, 4.74466, 4.75476, 4.76502, 4.77542, 4.78597, 4.79667, 4.80753, 4.81855, 4.82973, 4.84108, 4.8526, 4.8643, 4.87617, 4.88822, 4.90046, 4.91288, 4.92551, 4.93833, 4.95135, 4.96458, 4.97802, 4.99169, 5.00557, 5.01969, 5.03403, 5.04862, 5.06345, 5.07854, 5.09388, 5.10949, 5.12538, 5.14154, 5.15798, 5.17473, 5.19177, 5.20912, 5.2268, 5.2448, 5.26314, 5.28182, 5.30086, 5.32028, 5.34006, 5.36024, 5.38082, 5.40182, 5.42324, 5.4451, 5.46741, 5.4902, 5.51346, 5.53723, 5.56152, 5.58634, 5.61171, 5.63766, 5.66419, 5.69135, 5.71914, 5.74758, 5.77672, 5.80657, 5.83715, 5.8685, 5.90066, 5.93364, 5.96749, 6.00224, 6.03793, 6.07461, 6.11231, 6.15108, 6.19098, 6.23204, 6.27434, 6.31794, 6.36288, 6.40925, 6.45712, 6.50657, 6.55768, 6.61054, 6.66527, 6.72195, 6.78072, 6.8417, 6.90502, 6.97085, 7.03934, 7.11068, 7.18506, 7.26272, 7.34389, 7.42884, 7.51788, 7.61134, 7.70961, 7.81311, 7.92233, 8.03782, 8.16022, 8.29026, 8.42879, 8.57681, 8.7355, 8.90629, 9.09089, 9.29142, 9.51057, 9.75175, 10.0194, 10.3195, 10.6597, 11.0498, 11.5012, 12.026, 12.6332, 13.324, 14.0831, 14.8709, 15.6169, 16.2198, 16.5578, 16.5096, 15.9829, 14.9431, 13.4301, 11.5581, 9.49446, 7.42498, 5.51624, 3.88659, 2.59341, 1.63704, 0.976633, 0.550252, 0.292603, 0.146775, 0.0694215, 0.0309481, 0.0129986, 0.00514145, 0.0019133, 0.000668054, 0.00021674, 6.22139e-05, 1.21065e-05, 3.39467e-06, 8.96745e-07, 2.22669e-07, 5.19718e-08, 1.14024e-08, 2.35147e-09, 4.5583e-10, 8.30585e-11, 1.4226e-11, 2.29034e-12, 3.46606e-13, 4.93047e-14, 6.59263e-15, 8.28604e-16, 9.78933e-17, 1.08712e-17, 1.13479e-18, 1.11346e-19, 1.02695e-20, 8.90313e-22, 7.25525e-23, 5.5575e-24, 4.0015e-25, 2.70822e-26, 1.7229e-27, 1.03028e-28, 5.79117e-30, 3.05981e-31, 1.51963e-32, 7.09413e-34, 3.11298e-35, 1.28401e-36, 4.97828e-38, 1.81428e-39, 6.21508e-41, 2.00127e-42, 6.0573e-44, 1.72333e-45, 4.60866e-47, 1.1585e-48, 2.73737e-50, 6.07975e-52, 1.26927e-53, 2.49079e-55, 4.59448e-57, 7.96618e-59, 1.29831e-60, 1.98895e-62, 2.86407e-64, 3.87667e-66, 4.93228e-68, 5.89864e-70, 6.63088e-72, 7.00656e-74, 6.95911e-76, 6.49705e-78, 5.70156e-80, 4.70312e-82, 3.64663e-84, 2.65774e-86, 1.82074e-88, 1.17245e-90, 7.09673e-93, 4.03771e-95, 2.15936e-97, 1.0855e-99, 5.12918e-102, 2.27814e-104, 9.51098e-107, 3.73237e-109, 1.37675e-111, 4.77356e-114, 1.55576e-116, 4.766e-119, 1.3724e-121, 3.71465e-124, 9.45082e-127, 2.26013e-129, 5.08056e-132, 1.0735e-134, 2.13209e-137, 3.98035e-140, 6.98472e-143, 1.1521e-145, 1.78626e-148, 2.60321e-151, 3.56605e-154, 4.59175e-157, 5.55752e-160, 6.3226e-163, 6.76119e-166, 6.79614e-169, 6.42115e-172, 5.70264e-175, 4.76048e-178, 3.7354e-181, 2.75509e-184, 1.91005e-187, 1.24471e-190, 7.62429e-194, 4.38979e-197, 2.37574e-200, 1.20856e-203, 5.7789e-207, 2.59738e-210, 1.09733e-213, 4.3576e-217, 1.62656e-220, 5.70695e-224, 1.88213e-227, 5.83451e-231, 1.70008e-234, 4.65637e-238, 1.19877e-241, 2.90091e-245, 6.59846e-249, 1.41079e-252, 2.83525e-256
209.38
176.91
 
MEASUREMENT 26
1.56305, 4.67879, 7.79453, 10.9103, 14.0312, 17.1469, 20.2679, 23.3784, 26.4796, 29.5859, 32.6913, 35.8071, 38.9228, 42.0385, 45.1595, 48.2752, 51.3909, 54.5067, 57.6224, 60.7381, 63.8435, 66.9593, 70.0698, 73.1752, 76.2806, 79.3859, 82.4913, 85.5967, 88.7021, 91.8074, 94.9128, 98.0182, 101.1, 104.148, 107.196, 110.244, 113.292, 116.339, 119.387, 122.435, 125.483, 128.531, 131.574, 134.622, 137.67, 140.718, 143.766, 146.814, 149.861, 152.909, 155.957, 159.005, 162.053, 165.101, 168.149, 171.197, 174.245, 177.293, 180.341, 183.389, 186.436, 189.484, 192.532, 195.58, 198.621, 201.655, 204.688, 207.722, 210.756, 213.794, 216.838, 219.882, 222.926, 225.97, 229.014, 232.058, 235.102, 238.145, 241.189, 244.233, 247.277, 250.321, 253.37, 256.424, 259.478, 262.532, 265.586, 268.64, 271.695, 274.749, 277.803, 280.857, 283.911, 286.97, 290.035, 293.099
3.48981, 3.50828, 3.49491, 3.70667, 3.49264, 3.53482, 3.82414, 3.82048, 3.76818, 3.80809, 3.85871, 3.94753, 3.95213, 3.99752, 3.99433, 4.00557, 4.1618, 4.19863, 4.27401, 4.31522, 3.822, 4.27732, 4.29719, 4.27642, 4.38107, 4.39234, 4.41849, 4.41202, 4.46933, 4.12836, 4.53866, 3.93433, 4.56048, 4.56249, 4.60166, 4.62163, 4.65013, 4.68219, 4.72773, 4.75208, 4.76916, 4.82721, 4.88564, 4.89476, 4.95169, 5.02852, 5.10015, 5.15077, 5.19767, 5.25036, 5.36095, 5.4514, 5.56072, 5.63403, 5.75657, 6.02765, 6.11448, 6.19704, 6.44142, 6.74817, 6.98712, 7.43937, 7.88471, 8.69799, 11.1066, 12.6762, 14.3011, 13.0102, 6.68902, 1.48581, 0.103756, -0.0113498, -0.0396557, -0.0485076, -0.0424155, -0.0202851, -0.0275602, -0.0237633, -0.0622356, -0.0407649, -0.0667786, -0.0877889, -0.0572079, -0.0344815, -0.0495538, -0.0639488, -0.0345811, -0.0317271, -0.0275662, -0.0177269, -0.0247204, -0.0321295, -0.0528789, -0.0366976, -0.066572, -0.097685
0.104694, 0.105248, 0.104847, 0.1112, 0.104779, 0.106044, 0.114724, 0.114614, 0.113045, 0.114243, 0.115761, 0.118426, 0.118564, 0.119926, 0.11983, 0.120167, 0.124854, 0.125959, 0.12822, 0.129457, 0.11466, 0.12832, 0.128916, 0.128293, 0.131432, 0.13177, 0.132555, 0.132361, 0.13408, 0.123851, 0.13616, 0.11803, 0.136815, 0.136875, 0.13805, 0.138649, 0.139504, 0.140466, 0.141832, 0.142563, 0.143075, 0.144816, 0.146569, 0.146843, 0.148551, 0.150856, 0.153005, 0.154523, 0.15593, 0.157511, 0.160829, 0.163542, 0.166822, 0.169021, 0.172697, 0.180829, 0.183435, 0.185911, 0.193243, 0.202445, 0.209613, 0.223181, 0.236541, 0.26094, 0.333198, 0.380286, 0.429033, 0.390307, 0.200671, 0.0445742, 0.00311267, 0.000340493, 0.00118967, 0.00145523, 0.00127246, 0.000608554, 0.000826807, 0.000712898, 0.00186707, 0.00122295, 0.00200336, 0.00263367, 0.00171624, 0.00103444, 0.00148662, 0.00191846, 0.00103743, 0.000951813, 0.000826986, 0.000531808, 0.000741611, 0.000963886, 0.00158637, 0.00110093, 0.00199716, 0.00293055
0, 0.613815, 1.22763, 1.84144, 2.45526, 3.06907, 3.68289, 4.2967, 4.91052, 5.52433, 6.13815, 6.75196, 7.36578, 7.97959, 8.59341, 9.20722, 9.82104, 10.4349, 11.0487, 11.6625, 12.2763, 12.8901, 13.5039, 14.1177, 14.7316, 15.3454, 15.9592, 16.573, 17.1868, 17.8006, 18.4144, 19.0283, 19.6421, 20.2559, 20.8697, 21.4835, 22.0973, 22.7111, 23.325, 23.9388, 24.5526, 25.1664, 25.7802, 26.394, 27.0078, 27.6217, 28.2355, 28.8493, 29.4631, 30.0769, 30.6907, 31.3046, 31.9184, 32.5322, 33.146, 33.7598, 34.3736, 34.9874, 35.6013, 36.2151, 36.8289, 37.4427, 38.0565, 38.6703, 39.2841, 39.898, 40.5118, 41.1256, 41.7394, 42.3532, 42.967, 43.5808, 44.1947, 44.8085, 45.4223, 46.0361, 46.6499, 47.2637, 47.8775, 48.4914, 49.1052, 49.719, 50.3328, 50.9466, 51.5604, 52.1743, 52.7881, 53.4019, 54.0157, 54.6295, 55.2433, 55.8571, 56.471, 57.0848, 57.6986, 58.3124, 58.9262, 59.54, 60.1538, 60.7677, 61.3815, 61.9953, 62.6091, 63.2229, 63.8367, 64.4505, 65.0644, 65.6782, 66.292, 66.9058, 67.5196, 68.1334, 68.7473, 69.3611, 69.9749, 70.5887, 71.2025, 71.8163, 72.4301, 73.044, 73.6578, 74.2716, 74.8854, 75.4992, 76.113, 76.7268, 77.3407, 77.9545, 78.5683, 79.1821, 79.7959, 80.4097, 81.0235, 81.6374, 82.2512, 82.865, 83.4788, 84.0926, 84.7064, 85.3202, 85.9341, 86.5479, 87.1617, 87.7755, 88.3893, 89.0031, 89.617, 90.2308, 90.8446, 91.4584, 92.0722, 92.686, 93.2998, 93.9137, 94.5275, 95.1413, 95.7551, 96.3689, 96.9827, 97.5965, 98.2104, 98.8242, 99.438, 100.052, 100.666, 101.279, 101.893, 102.507, 103.121, 103.735, 104.349, 104.962, 105.576, 106.19, 106.804, 107.418, 108.031, 108.645, 109.259, 109.873, 110.487, 111.1, 111.714, 112.328, 112.942, 113.556, 114.17, 114.783, 115.397, 116.011, 116.625, 117.239, 117.852, 118.466, 119.08, 119.694, 120.308, 120.922, 121.535, 122.149, 122.763, 123.377, 123.991, 124.604, 125.218, 125.832, 126.446, 127.06, 127.673, 128.287, 128.901, 129.515, 130.129, 130.743, 131.356, 131.97, 132.584, 133.198, 133.812, 134.425, 135.039, 135.653, 136.267, 136.881, 137.495, 138.108, 138.722, 139.336, 139.95, 140.564, 141.177, 141.791, 142.405, 143.019, 143.633, 144.246, 144.86, 145.474, 146.088, 146.702, 147.316, 147.929, 148.543, 149.157, 149.771, 150.385, 150.998, 151.612, 152.226, 152.84, 153.454, 154.068, 154.681, 155.295, 155.909, 156.523, 157.137, 157.75, 158.364, 158.978, 159.592, 160.206, 160.819, 161.433, 162.047, 162.661, 163.275, 163.889, 164.502, 165.116, 165.73, 166.344, 166.958, 167.571, 168.185, 168.799, 169.413, 170.027, 170.64, 171.254, 171.868, 172.482, 173.096, 173.71, 174.323, 174.937, 175.551, 176.165, 176.779, 177.392, 178.006, 178.62, 179.234, 179.848, 180.462, 181.075, 181.689, 182.303, 182.917, 183.531, 184.144, 184.758, 185.372, 185.986, 186.6, 187.213, 187.827, 188.441, 189.055, 189.669, 190.283, 190.896, 191.51, 192.124, 192.738, 193.352, 193.965, 194.579, 195.193, 195.807, 196.421, 197.035, 197.648, 198.262, 198.876, 199.49, 200.104, 200.717, 201.331, 201.945, 202.559, 203.173, 203.786, 204.4, 205.014, 205.628, 206.242, 206.856, 207.469, 208.083, 208.697, 209.311, 209.925, 210.538, 211.152, 211.766, 212.38, 212.994, 213.608, 214.221, 214.835, 215.449, 216.063, 216.677, 217.29, 217.904, 218.518, 219.132, 219.746, 220.359, 220.973, 221.587, 222.201, 222.815, 223.429, 224.042, 224.656, 225.27, 225.884, 226.498, 227.111, 227.725, 228.339, 228.953, 229.567, 230.181, 230.794, 231.408, 232.022, 232.636, 233.25, 233.863, 234.477, 235.091, 235.705, 236.319, 236.932, 237.546, 238.16, 238.774, 239.388, 240.002, 240.615, 241.229, 241.843, 242.457, 243.071, 243.684, 244.298, 244.912, 245.526, 246.14, 246.754, 247.367, 247.981, 248.595, 249.209, 249.823, 250.436, 251.05, 251.664, 252.278, 252.892, 253.505, 254.119, 254.733, 255.347, 255.961, 256.575, 257.188, 257.802, 258.416, 259.03, 259.644, 260.257, 260.871, 261.485, 262.099, 262.713, 263.327, 263.94, 264.554, 265.168, 265.782, 266.396, 267.009, 267.623, 268.237, 268.851, 269.465, 270.078, 270.692, 271.306, 271.92, 272.534, 273.148, 273.761, 274.375, 274.989, 275.603, 276.217, 276.83, 277.444, 278.058, 278.672, 279.286, 279.9, 280.513, 281.127, 281.741, 282.355, 282.969, 283.582, 284.196, 284.81, 285.424, 286.038, 286.651, 287.265, 287.879, 288.493, 289.107, 289.721, 290.334, 290.948, 291.562, 292.176, 292.79, 293.403, 294.017
3.94635, 3.94733, 3.94833, 3.94934, 3.95036, 3.95138, 3.95242, 3.95348, 3.95454, 3.95561, 3.9567, 3.95779, 3.9589, 3.96002, 3.96116, 3.9623, 3.96346, 3.96463, 3.96581, 3.967, 3.9682, 3.96942, 3.97065, 3.9719, 3.97315, 3.97442, 3.97571, 3.977, 3.97831, 3.97964, 3.98097, 3.98232, 3.98369, 3.98506, 3.98645, 3.98786, 3.98928, 3.99072, 3.99216, 3.99363, 3.99511, 3.9966, 3.99811, 3.99963, 4.00117, 4.00273, 4.0043, 4.00588, 4.00748, 4.0091, 4.01074, 4.01239, 4.01405, 4.01574, 4.01744, 4.01915, 4.02089, 4.02264, 4.02441, 4.02619, 4.028, 4.02982, 4.03166, 4.03352, 4.03539, 4.03729, 4.0392, 4.04114, 4.04309, 4.04506, 4.04705, 4.04906, 4.05109, 4.05314, 4.05521, 4.0573, 4.05941, 4.06155, 4.0637, 4.06587, 4.06807, 4.07029, 4.07253, 4.07479, 4.07707, 4.07938, 4.08171, 4.08406, 4.08644, 4.08884, 4.09126, 4.09371, 4.09618, 4.09868, 4.1012, 4.10375, 4.10632, 4.10891, 4.11154, 4.11418, 4.11686, 4.11956, 4.12229, 4.12505, 4.12783, 4.13064, 4.13348, 4.13635, 4.13925, 4.14217, 4.14513, 4.14812, 4.15113, 4.15418, 4.15726, 4.16036, 4.1635, 4.16667, 4.16988, 4.17311, 4.17638, 4.17969, 4.18302, 4.18639, 4.1898, 4.19324, 4.19672, 4.20023, 4.20378, 4.20736, 4.21098, 4.21464, 4.21834, 4.22208, 4.22585, 4.22967, 4.23352, 4.23741, 4.24135, 4.24533, 4.24935, 4.25341, 4.25752, 4.26167, 4.26586, 4.2701, 4.27438, 4.27871, 4.28309, 4.28751, 4.29198, 4.2965, 4.30107, 4.30569, 4.31036, 4.31508, 4.31985, 4.32468, 4.32956, 4.33449, 4.33948, 4.34452, 4.34962, 4.35478, 4.36, 4.36527, 4.37061, 4.376, 4.38146, 4.38698, 4.39256, 4.3982, 4.40392, 4.40969, 4.41554, 4.42145, 4.42744, 4.43349, 4.43961, 4.44581, 4.45208, 4.45843, 4.46485, 4.47135, 4.47793, 4.48459, 4.49133, 4.49815, 4.50505, 4.51204, 4.51912, 4.52629, 4.53354, 4.54089, 4.54833, 4.55586, 4.56349, 4.57122, 4.57904, 4.58697, 4.595, 4.60313, 4.61138, 4.61973, 4.62819, 4.63676, 4.64545, 4.65425, 4.66317, 4.67222, 4.68139, 4.69068, 4.7001, 4.70966, 4.71934, 4.72917, 4.73913, 4.74923, 4.75948, 4.76988, 4.78042, 4.79112, 4.80198, 4.813, 4.82418, 4.83553, 4.84704, 4.85874, 4.87061, 4.88266, 4.89491, 4.90734, 4.91996, 4.93279, 4.94582, 4.95906, 4.97251, 4.98619, 5.00008, 5.01421, 5.02857, 5.04317, 5.05803, 5.07313, 5.0885, 5.10413, 5.12003, 5.13622, 5.1527, 5.16947, 5.18654, 5.20393, 5.22164, 5.23969, 5.25807, 5.2768, 5.29589, 5.31535, 5.3352, 5.35544, 5.37608, 5.39714, 5.41863, 5.44057, 5.46297, 5.48584, 5.5092, 5.53306, 5.55745, 5.58238, 5.60787, 5.63394, 5.66061, 5.6879, 5.71584, 5.74445, 5.77375, 5.80378, 5.83455, 5.86611, 5.89847, 5.93169, 5.96578, 6.00079, 6.03676, 6.07373, 6.11175, 6.15086, 6.19112, 6.23257, 6.27528, 6.31931, 6.36473, 6.41161, 6.46003, 6.51006, 6.5618, 6.61535, 6.6708, 6.72828, 6.78791, 6.84982, 6.91415, 6.98107, 7.05075, 7.12339, 7.1992, 7.27841, 7.36128, 7.44812, 7.53923, 7.63499, 7.73581, 7.84215, 7.95455, 8.07361, 8.20004, 8.33465, 8.4784, 8.63241, 8.79804, 8.97694, 9.17111, 9.38309, 9.61611, 9.87435, 10.1633, 10.4898, 10.8625, 11.2911, 11.7849, 12.3497, 12.9824, 13.664, 14.3528, 14.9794, 15.4486, 15.6504, 15.4801, 14.8637, 13.7815, 12.2781, 10.4871, 8.55576, 6.64789, 4.90932, 3.43979, 2.28357, 1.43475, 0.852349, 0.478412, 0.253546, 0.126808, 0.0598242, 0.0266117, 0.0111573, 0.00440663, 0.00163782, 0.000571104, 0.000184735, 5.25546e-05, 9.64196e-06, 2.71666e-06, 7.19748e-07, 1.7929e-07, 4.19918e-08, 9.24705e-09, 1.91458e-09, 3.72712e-10, 6.8219e-11, 1.174e-11, 1.8996e-12, 2.88992e-13, 4.13372e-14, 5.55938e-15, 7.02979e-16, 8.35775e-17, 9.34257e-18, 9.81915e-19, 9.70313e-20, 9.0153e-21, 7.87551e-22, 6.46856e-23, 4.99536e-24, 3.62707e-25, 2.47613e-26, 1.58936e-27, 9.59184e-29, 5.44265e-30, 2.90368e-31, 1.45652e-32, 6.86933e-34, 3.04608e-35, 1.26998e-36, 4.97833e-38, 1.83485e-39, 6.35835e-41, 2.07166e-42, 6.34631e-44, 1.8279e-45, 4.95011e-47, 1.26039e-48, 3.01734e-50, 6.7916e-52, 1.4373e-53, 2.85992e-55, 5.35043e-57, 9.41133e-59, 1.55648e-60, 2.42026e-62, 3.53843e-64, 4.86392e-66, 6.28624e-68, 7.63878e-70, 8.7274e-72, 9.37506e-74, 9.46871e-76, 8.99157e-78, 8.02802e-80, 6.73921e-82, 5.31909e-84, 3.94723e-86, 2.75408e-88, 1.80671e-90, 1.11436e-92, 6.46237e-95, 3.52358e-97, 1.80636e-99, 8.70668e-102, 3.94573e-104, 1.68124e-106, 6.73531e-109, 2.53696e-111, 8.98454e-114, 2.99161e-116, 9.36572e-119, 2.75679e-121, 7.62945e-124, 1.98522e-126, 4.85681e-129, 1.11717e-131, 2.4161e-134, 4.91288e-137, 9.39255e-140, 1.68833e-142, 2.85336e-145, 4.53401e-148, 6.77383e-151, 9.51506e-154, 1.25665e-156, 1.56043e-159, 1.82179e-162, 1.99977e-165, 2.06389e-168, 2.00271e-171, 1.82715e-174, 1.56732e-177, 1.26405e-180, 9.58511e-184, 6.83369e-187, 4.58077e-190, 2.887e-193, 1.71073e-196, 9.53101e-200, 4.99255e-203, 2.45884e-206, 1.13858e-209, 4.95702e-213, 2.0291e-216, 7.80927e-220, 2.8258e-223, 9.61385e-227, 3.07523e-230, 9.24874e-234, 2.61524e-237, 6.95288e-241, 1.73797e-244, 4.08455e-248, 9.02547e-252, 1.87508e-255
3.94635, 3.94736, 3.94837, 3.9494, 3.95044, 3.95149, 3.95256, 3.95363, 3.95472, 3.95581, 3.95692, 3.95804, 3.95917, 3.96032, 3.96147, 3.96264, 3.96382, 3.96501, 3.96622, 3.96743, 3.96866, 3.96991, 3.97116, 3.97243, 3.97371, 3.97501, 3.97631, 3.97763, 3.97897, 3.98032, 3.98168, 3.98305, 3.98444, 3.98585, 3.98726, 3.9887, 3.99014, 3.9916, 3.99308, 3.99457, 3.99607, 3.99759, 3.99913, 4.00068, 4.00225, 4.00383, 4.00543, 4.00704, 4.00867, 4.01032, 4.01198, 4.01366, 4.01535, 4.01706, 4.01879, 4.02054, 4.0223, 4.02408, 4.02588, 4.0277, 4.02953, 4.03138, 4.03325, 4.03514, 4.03705, 4.03898, 4.04092, 4.04289, 4.04487, 4.04687, 4.04889, 4.05094, 4.053, 4.05508, 4.05719, 4.05931, 4.06145, 4.06362, 4.06581, 4.06802, 4.07025, 4.0725, 4.07477, 4.07707, 4.07939, 4.08173, 4.0841, 4.08649, 4.0889, 4.09133, 4.09379, 4.09628, 4.09879, 4.10132, 4.10388, 4.10646, 4.10907, 4.11171, 4.11437, 4.11706, 4.11977, 4.12251, 4.12528, 4.12808, 4.1309, 4.13376, 4.13664, 4.13955, 4.14249, 4.14546, 4.14845, 4.15148, 4.15454, 4.15763, 4.16075, 4.16391, 4.16709, 4.17031, 4.17356, 4.17684, 4.18015, 4.1835, 4.18689, 4.19031, 4.19376, 4.19725, 4.20077, 4.20433, 4.20793, 4.21157, 4.21524, 4.21895, 4.2227, 4.22649, 4.23031, 4.23418, 4.23809, 4.24204, 4.24603, 4.25006, 4.25414, 4.25826, 4.26242, 4.26662, 4.27087, 4.27517, 4.27951, 4.2839, 4.28834, 4.29282, 4.29736, 4.30194, 4.30657, 4.31125, 4.31599, 4.32077, 4.32561, 4.3305, 4.33545, 4.34045, 4.3455, 4.35062, 4.35579, 4.36101, 4.3663, 4.37165, 4.37705, 4.38252, 4.38805, 4.39365, 4.3993, 4.40503, 4.41082, 4.41667, 4.4226, 4.42859, 4.43466, 4.44079, 4.447, 4.45328, 4.45964, 4.46607, 4.47258, 4.47917, 4.48584, 4.49259, 4.49942, 4.50634, 4.51334, 4.52042, 4.5276, 4.53486, 4.54222, 4.54967, 4.55721, 4.56485, 4.57258, 4.58041, 4.58835, 4.59639, 4.60453, 4.61278, 4.62113, 4.6296, 4.63818, 4.64687, 4.65568, 4.66461, 4.67366, 4.68283, 4.69213, 4.70155, 4.71111, 4.7208, 4.73062, 4.74059, 4.75069, 4.76094, 4.77133, 4.78188, 4.79258, 4.80343, 4.81445, 4.82563, 4.83697, 4.84848, 4.86017, 4.87204, 4.88408, 4.89632, 4.90874, 4.92136, 4.93417, 4.94719, 4.96041, 4.97385, 4.98751, 5.00139, 5.0155, 5.02984, 5.04442, 5.05925, 5.07433, 5.08967, 5.10527, 5.12115, 5.1373, 5.15374, 5.17048, 5.18752, 5.20486, 5.22253, 5.24053, 5.25886, 5.27754, 5.29658, 5.31598, 5.33576, 5.35594, 5.37651, 5.3975, 5.41891, 5.44077, 5.46308, 5.48586, 5.50912, 5.53288, 5.55716, 5.58198, 5.60734, 5.63328, 5.65982, 5.68697, 5.71475, 5.74319, 5.77233, 5.80217, 5.83275, 5.8641, 5.89625, 5.92923, 5.96307, 5.99782, 6.03352, 6.07019, 6.10789, 6.14666, 6.18656, 6.22763, 6.26993, 6.31353, 6.35848, 6.40485, 6.45273, 6.50218, 6.5533, 6.60618, 6.66092, 6.71762, 6.7764, 6.8374, 6.90075, 6.9666, 7.03512, 7.10649, 7.18092, 7.25861, 7.33983, 7.42484, 7.51394, 7.60747, 7.70582, 7.80941, 7.91874, 8.03435, 8.15689, 8.28709, 8.42581, 8.57405, 8.733, 8.90409, 9.08907, 9.29004, 9.50974, 9.7516, 10.0202, 10.3214, 10.663, 11.0548, 11.5084, 12.0354, 12.6449, 13.3369, 14.0956, 14.8802, 15.6192, 16.211, 16.5341, 16.4689, 15.9257, 14.8724, 13.3514, 11.4782, 9.41988, 7.36072, 5.465, 3.84875, 2.56751, 1.62063, 0.967027, 0.545067, 0.290034, 0.145617, 0.0689519, 0.0307811, 0.0129497, 0.00513171, 0.00191377, 0.000669833, 0.000217931, 6.28077e-05, 1.22298e-05, 3.44088e-06, 9.12277e-07, 2.27413e-07, 5.33009e-08, 1.17459e-08, 2.43369e-09, 4.74109e-10, 8.68403e-11, 1.49553e-11, 2.42159e-12, 3.68668e-13, 5.27717e-14, 7.10228e-15, 8.9872e-16, 1.06926e-16, 1.19611e-17, 1.25802e-18, 1.24404e-19, 1.15668e-20, 1.01116e-21, 8.31112e-23, 6.42285e-24, 4.66687e-25, 3.18826e-26, 2.04791e-27, 1.23679e-28, 7.02286e-30, 3.74938e-31, 1.88207e-32, 8.88259e-34, 3.94161e-35, 1.64451e-36, 6.45102e-38, 2.3793e-39, 8.25086e-41, 2.69016e-42, 8.2468e-44, 2.37696e-45, 6.4415e-47, 1.64127e-48, 3.9319e-50, 8.85632e-52, 1.87556e-53, 3.73456e-55, 6.99156e-57, 1.23066e-58, 2.03671e-60, 3.16919e-62, 4.63656e-64, 6.37781e-66, 8.24849e-68, 1.00301e-69, 1.14674e-71, 1.23268e-73, 1.24584e-75, 1.18387e-77, 1.05772e-79, 8.88518e-82, 7.0176e-84, 5.21121e-86, 3.63844e-88, 2.38846e-90, 1.47417e-92, 8.55473e-95, 4.66756e-97, 2.39442e-99, 1.15488e-101, 5.23723e-104, 2.23302e-106, 8.95177e-109, 3.37405e-111, 1.1957e-113, 3.98397e-116, 1.24807e-118, 3.67609e-121, 1.01803e-123, 2.65069e-126, 6.48909e-129, 1.4936e-131, 3.2323e-134, 6.5768e-137, 1.25818e-139, 2.26306e-142, 3.82714e-145, 6.08526e-148, 9.09722e-151, 1.27868e-153, 1.68983e-156, 2.09966e-159, 2.45289e-162, 2.69422e-165, 2.78236e-168, 2.70158e-171, 2.46631e-174, 2.11691e-177, 1.70837e-180, 1.29624e-183, 9.24726e-187, 6.20249e-190, 3.91149e-193, 2.31923e-196, 1.29291e-199, 6.77672e-203, 3.33959e-206, 1.54736e-209, 6.74083e-213, 2.76096e-216, 1.06324e-219, 3.84967e-223, 1.31051e-226, 4.19452e-230, 1.26226e-233, 3.57138e-237, 9.50055e-241, 2.37621e-244, 5.58784e-248, 1.23545e-251, 2.56822e-255
209.36
176.90
 
MEASUREMENT 27
1.56305, 4.67879, 7.79453, 10.9103, 14.0312, 17.1469, 20.2679, 23.3784, 26.4796, 29.5859, 32.6913, 35.8071, 38.9228, 42.0385, 45.1595, 48.2752, 51.3909, 54.5067, 57.6224, 60.7381, 63.8435, 66.9593, 70.0698, 73.1752, 76.2806, 79.3859, 82.4913, 85.5967, 88.7021, 91.8074, 94.9128, 98.0182, 101.1, 104.148, 107.196, 110.244, 113.292, 116.339, 119.387, 122.435, 125.483, 128.531, 131.574, 134.622, 137.67, 140.718, 143.766, 146.814, 149.861, 152.909, 155.957, 159.005, 162.053, 165.101, 168.149, 171.197, 174.245, 177.293, 180.341, 183.389, 186.436, 189.484, 192.532, 195.58, 198.621, 201.655, 204.688, 207.722, 210.756, 213.794, 216.838, 219.882, 222.926, 225.97, 229.014, 232.058, 235.102, 238.145, 241.189, 244.233, 247.277, 250.321, 253.37, 256.424, 259.478, 262.532, 265.586, 268.64, 271.695, 274.749, 277.803, 280.857, 283.911, 286.97, 290.035, 293.099
3.49112, 3.50776, 3.49428, 3.70623, 3.48491, 3.53214, 3.82369, 3.82209, 3.76171, 3.80335, 3.85594, 3.94703, 3.95172, 3.99576, 3.99426, 4.00164, 4.16256, 4.19824, 4.27302, 4.31472, 3.82548, 4.2745, 4.29985, 4.28633, 4.38068, 4.3902, 4.41779, 4.41189, 4.47092, 4.13063, 4.53778, 3.93226, 4.55716, 4.56216, 4.60013, 4.62264, 4.64883, 4.68408, 4.72837, 4.75376, 4.7717, 4.82311, 4.88598, 4.89575, 4.95648, 5.02971, 5.10182, 5.15017, 5.19331, 5.2543, 5.35832, 5.45477, 5.56002, 5.63349, 5.75127, 6.02508, 6.11607, 6.20006, 6.44614, 6.74573, 6.98704, 7.44041, 7.86593, 8.71675, 11.1005, 12.6855, 14.3016, 13.0248, 6.69376, 1.50416, 0.10935, -0.00858659, -0.0365527, -0.0485049, -0.0413509, -0.02078, -0.0293657, -0.0252047, -0.0637176, -0.0384076, -0.0600253, -0.0833869, -0.0611451, -0.0355723, -0.0458578, -0.0649776, -0.0363381, -0.0300419, -0.0243159, -0.0201038, -0.0240547, -0.035556, -0.0500115, -0.0400892, -0.0657744, -0.0951739
0.104734, 0.105233, 0.104828, 0.111187, 0.104547, 0.105964, 0.114711, 0.114663, 0.112851, 0.114101, 0.115678, 0.118411, 0.118552, 0.119873, 0.119828, 0.120049, 0.124877, 0.125947, 0.12819, 0.129442, 0.114764, 0.128235, 0.128996, 0.12859, 0.13142, 0.131706, 0.132534, 0.132357, 0.134128, 0.123919, 0.136133, 0.117968, 0.136715, 0.136865, 0.138004, 0.138679, 0.139465, 0.140523, 0.141851, 0.142613, 0.143151, 0.144693, 0.146579, 0.146873, 0.148694, 0.150891, 0.153055, 0.154505, 0.155799, 0.157629, 0.160749, 0.163643, 0.166801, 0.169005, 0.172538, 0.180752, 0.183482, 0.186002, 0.193384, 0.202372, 0.209611, 0.223212, 0.235978, 0.261502, 0.333014, 0.380566, 0.429048, 0.390743, 0.200813, 0.0451249, 0.00328051, 0.000257598, 0.00109658, 0.00145515, 0.00124053, 0.000623399, 0.000880971, 0.00075614, 0.00191153, 0.00115223, 0.00180076, 0.00250161, 0.00183435, 0.00106717, 0.00137573, 0.00194933, 0.00109014, 0.000901258, 0.000729478, 0.000603114, 0.000721642, 0.00106668, 0.00150035, 0.00120267, 0.00197323, 0.00285522
0, 0.613815, 1.22763, 1.84144, 2.45526, 3.06907, 3.68289, 4.2967, 4.91052, 5.52433, 6.13815, 6.75196, 7.36578, 7.97959, 8.59341, 9.20722, 9.82104, 10.4349, 11.0487, 11.6625, 12.2763, 12.8901, 13.5039, 14.1177, 14.7316, 15.3454, 15.9592, 16.573, 17.1868, 17.8006, 18.4144, 19.0283, 19.6421, 20.2559, 20.8697, 21.4835, 22.0973, 22.7111, 23.325, 23.9388, 24.5526, 25.1664, 25.7802, 26.394, 27.0078, 27.6217, 28.2355, 28.8493, 29.4631, 30.0769, 30.6907, 31.3046, 31.9184, 32.5322, 33.146, 33.7598, 34.3736, 34.9874, 35.6013, 36.2151, 36.8289, 37.4427, 38.0565, 38.6703, 39.2841, 39.898, 40.5118, 41.1256, 41.7394, 42.3532, 42.967, 43.5808, 44.1947, 44.8085, 45.4223, 46.0361, 46.6499, 47.2637, 47.8775, 48.4914, 49.1052, 49.719, 50.3328, 50.9466, 51.5604, 52.1743, 52.7881, 53.4019, 54.0157, 54.6295, 55.2433, 55.8571, 56.471, 57.0848, 57.6986, 58.3124, 58.9262, 59.54, 60.1538, 60.7677, 61.3815, 61.9953, 62.6091, 63.2229, 63.8367, 64.4505, 65.0644, 65.6782, 66.292, 66.9058, 67.5196, 68.1334, 68.7473, 69.3611, 69.9749, 70.5887, 71.2025, 71.8163, 72.4301, 73.044, 73.6578, 74.2716, 74.8854, 75.4992, 76.113, 76.7268, 77.3407, 77.9545, 78.5683, 79.1821, 79.7959, 80.4097, 81.0235, 81.6374, 82.2512, 82.865, 83.4788, 84.0926, 84.7064, 85.3202, 85.9341, 86.5479, 87.1617, 87.7755, 88.3893, 89.0031, 89.617, 90.2308, 90.8446, 91.4584, 92.0722, 92.686, 93.2998, 93.9137, 94.5275, 95.1413, 95.7551, 96.3689, 96.9827, 97.5965, 98.2104, 98.8242, 99.438, 100.052, 100.666, 101.279, 101.893, 102.507, 103.121, 103.735, 104.349, 104.962, 105.576, 106.19, 106.804, 107.418, 108.031, 108.645, 109.259, 109.873, 110.487, 111.1, 111.714, 112.328, 112.942, 113.556, 114.17, 114.783, 115.397, 116.011, 116.625, 117.239, 117.852, 118.466, 119.08, 119.694, 120.308, 120.922, 121.535, 122.149, 122.763, 123.377, 123.991, 124.604, 125.218, 125.832, 126.446, 127.06, 127.673, 128.287, 128.901, 129.515, 130.129, 130.743, 131.356, 131.97, 132.584, 133.198, 133.812, 134.425, 135.039, 135.653, 136.267, 136.881, 137.495, 138.108, 138.722, 139.336, 139.95, 140.564, 141.177, 141.791, 142.405, 143.019, 143.633, 144.246, 144.86, 145.474, 146.088, 146.702, 147.316, 147.929, 148.543, 149.157, 149.771, 150.385, 150.998, 151.612, 152.226, 152.84, 153.454, 154.068, 154.681, 155.295, 155.909, 156.523, 157.137, 157.75, 158.364, 158.978, 159.592, 160.206, 160.819, 161.433, 162.047, 162.661, 163.275, 163.889, 164.502, 165.116, 165.73, 166.344, 166.958, 167.571, 168.185, 168.799, 169.413, 170.027, 170.64, 171.254, 171.868, 172.482, 173.096, 173.71, 174.323, 174.937, 175.551, 176.165, 176.779, 177.392, 178.006, 178.62, 179.234, 179.848, 180.462, 181.075, 181.689, 182.303, 182.917, 183.531, 184.144, 184.758, 185.372, 185.986, 186.6, 187.213, 187.827, 188.441, 189.055, 189.669, 190.283, 190.896, 191.51, 192.124, 192.738, 193.352, 193.965, 194.579, 195.193, 195.807, 196.421, 197.035, 197.648, 198.262, 198.876, 199.49, 200.104, 200.717, 201.331, 201.945, 202.559, 203.173, 203.786, 204.4, 205.014, 205.628, 206.242, 206.856, 207.469, 208.083, 208.697, 209.311, 209.925, 210.538, 211.152, 211.766, 212.38, 212.994, 213.608, 214.221, 214.835, 215.449, 216.063, 216.677, 217.29, 217.904, 218.518, 219.132, 219.746, 220.359, 220.973, 221.587, 222.201, 222.815, 223.429, 224.042, 224.656, 225.27, 225.884, 226.498, 227.111, 227.725, 228.339, 228.953, 229.567, 230.181, 230.794, 231.408, 232.022, 232.636, 233.25, 233.863, 234.477, 235.091, 235.705, 236.319, 236.932, 237.546, 238.16, 238.774, 239.388, 240.002, 240.615, 241.229, 241.843, 242.457, 243.071, 243.684, 244.298, 244.912, 245.526, 246.14, 246.754, 247.367, 247.981, 248.595, 249.209, 249.823, 250.436, 251.05, 251.664, 252.278, 252.892, 253.505, 254.119, 254.733, 255.347, 255.961, 256.575, 257.188, 257.802, 258.416, 259.03, 259.644, 260.257, 260.871, 261.485, 262.099, 262.713, 263.327, 263.94, 264.554, 265.168, 265.782, 266.396, 267.009, 267.623, 268.237, 268.851, 269.465, 270.078, 270.692, 271.306, 271.92, 272.534, 273.148, 273.761, 274.375, 274.989, 275.603, 276.217, 276.83, 277.444, 278.058, 278.672, 279.286, 279.9, 280.513, 281.127, 281.741, 282.355, 282.969, 283.582, 284.196, 284.81, 285.424, 286.038, 286.651, 287.265, 287.879, 288.493, 289.107, 289.721, 290.334, 290.948, 291.562, 292.176, 292.79, 293.403, 294.017
3.95066, 3.95163, 3.95262, 3.95362, 3.95463, 3.95565, 3.95668, 3.95772, 3.95877, 3.95984, 3.96092, 3.962, 3.9631, 3.96421, 3.96534, 3.96647, 3.96762, 3.96878, 3.96995, 3.97113, 3.97233, 3.97354, 3.97476, 3.97599, 3.97724, 3.9785, 3.97977, 3.98106, 3.98236, 3.98367, 3.985, 3.98634, 3.98769, 3.98906, 3.99044, 3.99184, 3.99325, 3.99467, 3.99611, 3.99756, 3.99903, 4.00051, 4.00201, 4.00353, 4.00505, 4.0066, 4.00816, 4.00973, 4.01132, 4.01293, 4.01455, 4.01619, 4.01785, 4.01952, 4.02121, 4.02291, 4.02463, 4.02637, 4.02813, 4.0299, 4.0317, 4.03351, 4.03533, 4.03718, 4.03904, 4.04093, 4.04283, 4.04475, 4.04669, 4.04865, 4.05062, 4.05262, 4.05464, 4.05667, 4.05873, 4.06081, 4.06291, 4.06503, 4.06717, 4.06933, 4.07151, 4.07371, 4.07594, 4.07819, 4.08046, 4.08275, 4.08507, 4.0874, 4.08977, 4.09215, 4.09456, 4.09699, 4.09945, 4.10193, 4.10443, 4.10696, 4.10952, 4.1121, 4.11471, 4.11734, 4.12, 4.12269, 4.1254, 4.12814, 4.13091, 4.1337, 4.13652, 4.13938, 4.14226, 4.14516, 4.1481, 4.15107, 4.15407, 4.1571, 4.16016, 4.16325, 4.16637, 4.16952, 4.1727, 4.17592, 4.17917, 4.18246, 4.18577, 4.18912, 4.19251, 4.19593, 4.19938, 4.20288, 4.2064, 4.20997, 4.21357, 4.21721, 4.22088, 4.2246, 4.22835, 4.23214, 4.23597, 4.23985, 4.24376, 4.24771, 4.25171, 4.25575, 4.25983, 4.26396, 4.26812, 4.27234, 4.2766, 4.2809, 4.28525, 4.28965, 4.2941, 4.29859, 4.30313, 4.30772, 4.31237, 4.31706, 4.3218, 4.3266, 4.33145, 4.33636, 4.34131, 4.34633, 4.3514, 4.35653, 4.36171, 4.36695, 4.37226, 4.37762, 4.38304, 4.38853, 4.39408, 4.39969, 4.40537, 4.41111, 4.41692, 4.4228, 4.42875, 4.43476, 4.44085, 4.44701, 4.45325, 4.45955, 4.46594, 4.4724, 4.47893, 4.48555, 4.49225, 4.49903, 4.50589, 4.51284, 4.51987, 4.52699, 4.5342, 4.5415, 4.5489, 4.55638, 4.56396, 4.57164, 4.57942, 4.5873, 4.59527, 4.60336, 4.61155, 4.61984, 4.62825, 4.63676, 4.6454, 4.65414, 4.66301, 4.67199, 4.6811, 4.69033, 4.69969, 4.70918, 4.7188, 4.72856, 4.73846, 4.74849, 4.75867, 4.769, 4.77947, 4.7901, 4.80088, 4.81182, 4.82292, 4.83419, 4.84563, 4.85724, 4.86903, 4.88099, 4.89315, 4.90549, 4.91802, 4.93075, 4.94369, 4.95683, 4.97018, 4.98375, 4.99755, 5.01157, 5.02582, 5.04031, 5.05505, 5.07003, 5.08528, 5.10079, 5.11657, 5.13262, 5.14897, 5.1656, 5.18254, 5.19979, 5.21735, 5.23524, 5.25347, 5.27204, 5.29097, 5.31027, 5.32994, 5.35, 5.37046, 5.39134, 5.41264, 5.43437, 5.45657, 5.47923, 5.50237, 5.52601, 5.55017, 5.57486, 5.6001, 5.62592, 5.65232, 5.67934, 5.707, 5.73531, 5.76431, 5.79402, 5.82447, 5.85569, 5.88771, 5.92056, 5.95427, 5.98889, 6.02445, 6.06099, 6.09856, 6.13721, 6.17698, 6.21792, 6.2601, 6.30358, 6.34841, 6.39468, 6.44245, 6.49181, 6.54284, 6.59563, 6.6503, 6.70694, 6.76568, 6.82665, 6.88998, 6.95584, 7.02439, 7.09583, 7.17034, 7.24817, 7.32956, 7.4148, 7.50418, 7.59807, 7.69686, 7.80099, 7.91097, 8.02737, 8.15086, 8.28221, 8.42232, 8.57224, 8.73324, 8.90684, 9.0949, 9.29971, 9.52421, 9.77217, 10.0485, 10.3595, 10.7133, 11.1194, 11.5877, 12.126, 12.7352, 13.4021, 14.092, 14.742, 15.2601, 15.5342, 15.4508, 14.9222, 13.9137, 12.4597, 10.6782, 8.73167, 6.78837, 5.0061, 3.4953, 2.30707, 1.43777, 0.845154, 0.468205, 0.244282, 0.119965, 0.0554256, 0.0240809, 0.00983443, 0.00377294, 0.00135802, 0.00045675, 0.000141282, 3.697e-05, 6.8544e-06, 1.84663e-06, 4.66469e-07, 1.10478e-07, 2.45322e-08, 5.10751e-09, 9.96989e-10, 1.82466e-10, 3.13099e-11, 5.03723e-12, 7.59821e-13, 1.07458e-13, 1.42488e-14, 1.77144e-15, 2.06482e-16, 2.25657e-17, 2.31219e-18, 2.2213e-19, 2.00078e-20, 1.68967e-21, 1.33786e-22, 9.93185e-24, 6.91286e-25, 4.51122e-26, 2.76019e-27, 1.5834e-28, 8.51635e-30, 4.2946e-31, 2.03049e-32, 9.00093e-34, 3.74095e-35, 1.45775e-36, 5.32591e-38, 1.82437e-39, 5.85919e-41, 1.7643e-42, 4.98095e-44, 1.31844e-45, 3.27203e-47, 7.61345e-49, 1.66093e-50, 3.39728e-52, 6.51503e-54, 1.17141e-55, 1.97474e-57, 3.12116e-59, 4.62519e-61, 6.42614e-63, 8.371e-65, 1.02238e-66, 1.17072e-68, 1.2569e-70, 1.26518e-72, 1.19402e-74, 1.05652e-76, 8.76499e-79, 6.81758e-81, 4.97182e-83, 3.39943e-85, 2.17923e-87, 1.3098e-89, 7.38098e-92, 3.89967e-94, 1.93174e-96, 8.97168e-99, 3.90665e-101, 1.59493e-103, 6.10496e-106, 2.19094e-108, 7.37194e-111, 2.32562e-113, 6.87862e-116, 1.90752e-118, 4.95954e-121, 1.20898e-123, 2.76312e-126, 5.92088e-129, 1.18954e-131, 2.24065e-134, 3.95707e-137, 6.55206e-140, 1.01715e-142, 1.48047e-145, 2.02031e-148, 2.58487e-151, 3.10073e-154, 3.48733e-157, 3.67728e-160, 3.6355e-163, 3.36981e-166, 2.92853e-169, 2.38615e-172, 1.82284e-175, 1.30558e-178, 8.76724e-182, 5.51982e-185, 3.25829e-188, 1.80326e-191, 9.35686e-195, 4.55203e-198, 2.07626e-201, 8.87898e-205, 3.55997e-208, 1.33824e-211, 4.71652e-215, 1.55852e-218, 4.82844e-222, 1.4025e-225, 3.81947e-229, 9.75224e-233, 2.33458e-236, 5.23979e-240, 1.10261e-243, 2.17537e-247, 4.02388e-251, 6.97847e-255, 1.13469e-258, 1.7298e-262, 2.47238e-266
3.95066, 3.95166, 3.95268, 3.95371, 3.95475, 3.9558, 3.95686, 3.95793, 3.95901, 3.96011, 3.96122, 3.96234, 3.96347, 3.96461, 3.96576, 3.96693, 3.96811, 3.9693, 3.9705, 3.97172, 3.97295, 3.97419, 3.97544, 3.97671, 3.97799, 3.97928, 3.98059, 3.98191, 3.98324, 3.98459, 3.98595, 3.98732, 3.98871, 3.99011, 3.99153, 3.99296, 3.99441, 3.99586, 3.99734, 3.99883, 4.00033, 4.00185, 4.00339, 4.00493, 4.0065, 4.00808, 4.00968, 4.01129, 4.01292, 4.01456, 4.01622, 4.0179, 4.01959, 4.0213, 4.02303, 4.02478, 4.02654, 4.02832, 4.03011, 4.03193, 4.03376, 4.03561, 4.03748, 4.03937, 4.04127, 4.0432, 4.04514, 4.0471, 4.04908, 4.05108, 4.05311, 4.05515, 4.05721, 4.05929, 4.06139, 4.06351, 4.06565, 4.06782, 4.07, 4.07221, 4.07444, 4.07669, 4.07896, 4.08126, 4.08357, 4.08591, 4.08828, 4.09066, 4.09307, 4.09551, 4.09797, 4.10045, 4.10295, 4.10549, 4.10804, 4.11062, 4.11323, 4.11586, 4.11852, 4.12121, 4.12392, 4.12666, 4.12943, 4.13222, 4.13504, 4.13789, 4.14077, 4.14368, 4.14662, 4.14958, 4.15258, 4.1556, 4.15866, 4.16175, 4.16486, 4.16801, 4.1712, 4.17441, 4.17766, 4.18093, 4.18425, 4.18759, 4.19097, 4.19439, 4.19784, 4.20132, 4.20485, 4.2084, 4.212, 4.21563, 4.2193, 4.223, 4.22675, 4.23053, 4.23436, 4.23822, 4.24212, 4.24607, 4.25006, 4.25408, 4.25816, 4.26227, 4.26643, 4.27063, 4.27488, 4.27917, 4.28351, 4.28789, 4.29232, 4.2968, 4.30133, 4.30591, 4.31053, 4.31521, 4.31994, 4.32472, 4.32955, 4.33444, 4.33938, 4.34437, 4.34942, 4.35453, 4.35969, 4.36491, 4.37019, 4.37553, 4.38093, 4.38639, 4.39192, 4.39751, 4.40316, 4.40887, 4.41466, 4.4205, 4.42642, 4.43241, 4.43847, 4.44459, 4.45079, 4.45707, 4.46342, 4.46984, 4.47634, 4.48292, 4.48958, 4.49632, 4.50314, 4.51005, 4.51704, 4.52412, 4.53128, 4.53853, 4.54588, 4.55331, 4.56085, 4.56847, 4.57619, 4.58402, 4.59194, 4.59996, 4.60809, 4.61633, 4.62467, 4.63312, 4.64169, 4.65037, 4.65916, 4.66807, 4.67711, 4.68627, 4.69555, 4.70496, 4.7145, 4.72417, 4.73398, 4.74392, 4.75401, 4.76424, 4.77461, 4.78514, 4.79582, 4.80665, 4.81764, 4.8288, 4.84012, 4.85161, 4.86328, 4.87512, 4.88714, 4.89935, 4.91174, 4.92433, 4.93712, 4.95011, 4.96331, 4.97671, 4.99034, 5.00419, 5.01826, 5.03257, 5.04712, 5.06191, 5.07695, 5.09226, 5.10782, 5.12366, 5.13977, 5.15617, 5.17286, 5.18985, 5.20715, 5.22477, 5.24272, 5.261, 5.27962, 5.29861, 5.31795, 5.33768, 5.35779, 5.3783, 5.39922, 5.42057, 5.44235, 5.46459, 5.48729, 5.51047, 5.53415, 5.55835, 5.58308, 5.60835, 5.6342, 5.66063, 5.68768, 5.71535, 5.74368, 5.7727, 5.80242, 5.83287, 5.86409, 5.8961, 5.92893, 5.96262, 5.99721, 6.03274, 6.06923, 6.10675, 6.14533, 6.18502, 6.22587, 6.26795, 6.3113, 6.356, 6.4021, 6.4497, 6.49885, 6.54965, 6.60219, 6.65656, 6.71288, 6.77125, 6.83181, 6.89469, 6.96004, 7.02802, 7.0988, 7.1726, 7.24961, 7.33009, 7.4143, 7.50253, 7.5951, 7.69241, 7.79485, 7.9029, 8.0171, 8.13806, 8.2665, 8.40323, 8.54921, 8.70557, 8.87368, 9.05516, 9.25203, 9.46678, 9.7026, 9.96366, 10.2554, 10.5852, 10.9623, 11.3984, 11.9062, 12.4976, 13.1777, 13.9378, 14.7456, 15.5368, 16.2125, 16.6469, 16.7069, 16.2832, 15.3223, 13.8498, 11.9741, 9.8672, 7.72775, 5.73874, 4.03344, 2.67904, 1.67957, 0.992899, 0.55303, 0.290028, 0.143133, 0.0664417, 0.0289979, 0.0118943, 0.00458273, 0.00165669, 0.000559971, 0.000174635, 4.67254e-05, 9.23716e-06, 2.48717e-06, 6.28842e-07, 1.49069e-07, 3.31315e-08, 6.90407e-09, 1.3489e-09, 2.47094e-10, 4.2438e-11, 6.83372e-12, 1.03174e-12, 1.46046e-13, 1.93829e-14, 2.41189e-15, 2.81388e-16, 3.07796e-17, 3.15666e-18, 3.03531e-19, 2.73644e-20, 2.31301e-21, 1.83306e-22, 1.36202e-23, 9.48859e-25, 6.19764e-26, 3.79542e-27, 2.17922e-28, 1.17314e-29, 5.92115e-31, 2.80202e-32, 1.24321e-33, 5.17159e-35, 2.01703e-36, 7.37575e-38, 2.52877e-39, 8.12866e-41, 2.44983e-42, 6.92245e-44, 1.83397e-45, 4.55543e-47, 1.0609e-48, 2.31647e-50, 4.74225e-52, 9.10228e-54, 1.63803e-55, 2.76376e-57, 4.37204e-59, 6.48448e-61, 9.01721e-63, 1.17564e-64, 1.43709e-66, 1.64702e-68, 1.76979e-70, 1.78299e-72, 1.68415e-74, 1.49148e-76, 1.2384e-78, 9.64076e-81, 7.03665e-83, 4.81533e-85, 3.08952e-87, 1.85849e-89, 1.04818e-91, 5.54263e-94, 2.7479e-96, 1.27729e-98, 5.56654e-101, 2.27449e-103, 8.71342e-106, 3.12966e-108, 1.05392e-110, 3.32756e-113, 9.85026e-116, 2.73384e-118, 7.11381e-121, 1.73554e-123, 3.96984e-126, 8.51362e-129, 1.71182e-131, 3.22707e-134, 5.70374e-137, 9.45183e-140, 1.4685e-142, 2.13913e-145, 2.92148e-148, 3.74087e-151, 4.49102e-154, 5.05499e-157, 5.33456e-160, 5.27813e-163, 4.89626e-166, 4.25845e-169, 3.47249e-172, 2.65481e-175, 1.90296e-178, 1.27887e-181, 8.05798e-185, 4.76024e-188, 2.63653e-191, 1.36911e-194, 6.66574e-198, 3.0427e-201, 1.30219e-204, 5.22502e-208, 1.96564e-211, 6.93303e-215, 2.29268e-218, 7.1083e-222, 2.06628e-225, 5.63138e-229, 1.43894e-232, 3.44722e-236, 7.74281e-240, 1.63053e-243, 3.2193e-247, 5.95929e-251, 1.03426e-254, 1.68292e-258, 2.56744e-262, 3.67229e-266
209.49
176.96
 
MEASUREMENT 28
1.56305, 4.67879, 7.79453, 10.9103, 14.0312, 17.1469, 20.2679, 23.3784, 26.4796, 29.5859, 32.6913, 35.8071, 38.9228, 42.0385, 45.1595, 48.2752, 51.3909, 54.5067, 57.6224, 60.7381, 63.8435, 66.9593, 70.0698, 73.1752, 76.2806, 79.3859, 82.4913, 85.5967, 88.7021, 91.8074, 94.9128, 98.0182, 101.1, 104.148, 107.196, 110.244, 113.292, 116.339, 119.387, 122.435, 125.483, 128.531, 131.574, 134.622, 137.67, 140.718, 143.766, 146.814, 149.861, 152.909, 155.957, 159.005, 162.053, 165.101, 168.149, 171.197, 174.245, 177.293, 180.341, 183.389, 186.436, 189.484, 192.532, 195.58, 198.621, 201.655, 204.688, 207.722, 210.756, 213.794, 216.838, 219.882, 222.926, 225.97, 229.014, 232.058, 235.102, 238.145, 241.189, 244.233, 247.277, 250.321, 253.37, 256.424, 259.478, 262.532, 265.586, 268.64, 271.695, 274.749, 277.803, 280.857, 283.911, 286.97, 290.035, 293.099
3.48726, 3.5065, 3.49525, 3.70733, 3.49116, 3.5383, 3.82358, 3.81771, 3.76469, 3.80251, 3.85343, 3.94352, 3.95175, 3.99429, 3.99162, 4.00452, 4.16104, 4.19497, 4.27159, 4.31546, 3.81308, 4.27599, 4.29645, 4.27493, 4.38026, 4.39285, 4.41744, 4.40793, 4.47011, 4.13162, 4.53757, 3.92169, 4.55717, 4.56159, 4.60653, 4.62184, 4.64513, 4.68649, 4.72806, 4.75462, 4.77106, 4.82338, 4.88249, 4.89618, 4.9536, 5.02879, 5.10304, 5.14771, 5.19445, 5.24942, 5.35729, 5.45406, 5.55618, 5.63532, 5.74595, 6.02087, 6.11354, 6.19716, 6.43953, 6.74233, 6.97979, 7.43132, 7.87627, 8.7086, 11.0937, 12.6649, 14.2947, 13.0011, 6.68989, 1.49385, 0.105022, -0.0125005, -0.0372688, -0.0490621, -0.0400501, -0.0223339, -0.0291883, -0.0252599, -0.0584672, -0.036926, -0.0647318, -0.0830905, -0.0576024, -0.0329661, -0.0474403, -0.0614694, -0.0324521, -0.0331499, -0.0257835, -0.0219813, -0.0231181, -0.0361071, -0.053171, -0.0415247, -0.0646737, -0.100116
0.104618, 0.105195, 0.104858, 0.11122, 0.104735, 0.106149, 0.114707, 0.114531, 0.112941, 0.114075, 0.115603, 0.118306, 0.118553, 0.119829, 0.119749, 0.120136, 0.124831, 0.125849, 0.128148, 0.129464, 0.114392, 0.12828, 0.128894, 0.128248, 0.131408, 0.131785, 0.132523, 0.132238, 0.134103, 0.123948, 0.136127, 0.117651, 0.136715, 0.136848, 0.138196, 0.138655, 0.139354, 0.140595, 0.141842, 0.142639, 0.143132, 0.144701, 0.146475, 0.146886, 0.148608, 0.150864, 0.153091, 0.154431, 0.155834, 0.157483, 0.160719, 0.163622, 0.166685, 0.16906, 0.172379, 0.180626, 0.183406, 0.185915, 0.193186, 0.20227, 0.209394, 0.22294, 0.236288, 0.261258, 0.33281, 0.379946, 0.428842, 0.390034, 0.200697, 0.0448154, 0.00315066, 0.000375014, 0.00111806, 0.00147186, 0.0012015, 0.000670016, 0.000875649, 0.000757796, 0.00175402, 0.00110778, 0.00194195, 0.00249271, 0.00172807, 0.000988983, 0.00142321, 0.00184408, 0.000973564, 0.000994497, 0.000773505, 0.00065944, 0.000693543, 0.00108321, 0.00159513, 0.00124574, 0.00194021, 0.00300347
0, 0.613815, 1.22763, 1.84144, 2.45526, 3.06907, 3.68289, 4.2967, 4.91052, 5.52433, 6.13815, 6.75196, 7.36578, 7.97959, 8.59341, 9.20722, 9.82104, 10.4349, 11.0487, 11.6625, 12.2763, 12.8901, 13.5039, 14.1177, 14.7316, 15.3454, 15.9592, 16.573, 17.1868, 17.8006, 18.4144, 19.0283, 19.6421, 20.2559, 20.8697, 21.4835, 22.0973, 22.7111, 23.325, 23.9388, 24.5526, 25.1664, 25.7802, 26.394, 27.0078, 27.6217, 28.2355, 28.8493, 29.4631, 30.0769, 30.6907, 31.3046, 31.9184, 32.5322, 33.146, 33.7598, 34.3736, 34.9874, 35.6013, 36.2151, 36.8289, 37.4427, 38.0565, 38.6703, 39.2841, 39.898, 40.5118, 41.1256, 41.7394, 42.3532, 42.967, 43.5808, 44.1947, 44.8085, 45.4223, 46.0361, 46.6499, 47.2637, 47.8775, 48.4914, 49.1052, 49.719, 50.3328, 50.9466, 51.5604, 52.1743, 52.7881, 53.4019, 54.0157, 54.6295, 55.2433, 55.8571, 56.471, 57.0848, 57.6986, 58.3124, 58.9262, 59.54, 60.1538, 60.7677, 61.3815, 61.9953, 62.6091, 63.2229, 63.8367, 64.4505, 65.0644, 65.6782, 66.292, 66.9058, 67.5196, 68.1334, 68.7473, 69.3611, 69.9749, 70.5887, 71.2025, 71.8163, 72.4301, 73.044, 73.6578, 74.2716, 74.8854, 75.4992, 76.113, 76.7268, 77.3407, 77.9545, 78.5683, 79.1821, 79.7959, 80.4097, 81.0235, 81.6374, 82.2512, 82.865, 83.4788, 84.0926, 84.7064, 85.3202, 85.9341, 86.5479, 87.1617, 87.7755, 88.3893, 89.0031, 89.617, 90.2308, 90.8446, 91.4584, 92.0722, 92.686, 93.2998, 93.9137, 94.5275, 95.1413, 95.7551, 96.3689, 96.9827, 97.5965, 98.2104, 98.8242, 99.438, 100.052, 100.666, 101.279, 101.893, 102.507, 103.121, 103.735, 104.349, 104.962, 105.576, 106.19, 106.804, 107.418, 108.031, 108.645, 109.259, 109.873, 110.487, 111.1, 111.714, 112.328, 112.942, 113.556, 114.17, 114.783, 115.397, 116.011, 116.625, 117.239, 117.852, 118.466, 119.08, 119.694, 120.308, 120.922, 121.535, 122.149, 122.763, 123.377, 123.991, 124.604, 125.218, 125.832, 126.446, 127.06, 127.673, 128.287, 128.901, 129.515, 130.129, 130.743, 131.356, 131.97, 132.584, 133.198, 133.812, 134.425, 135.039, 135.653, 136.267, 136.881, 137.495, 138.108, 138.722, 139.336, 139.95, 140.564, 141.177, 141.791, 142.405, 143.019, 143.633, 144.246, 144.86, 145.474, 146.088, 146.702, 147.316, 147.929, 148.543, 149.157, 149.771, 150.385, 150.998, 151.612, 152.226, 152.84, 153.454, 154.068, 154.681, 155.295, 155.909, 156.523, 157.137, 157.75, 158.364, 158.978, 159.592, 160.206, 160.819, 161.433, 162.047, 162.661, 163.275, 163.889, 164.502, 165.116, 165.73, 166.344, 166.958, 167.571, 168.185, 168.799, 169.413, 170.027, 170.64, 171.254, 171.868, 172.482, 173.096, 173.71, 174.323, 174.937, 175.551, 176.165, 176.779, 177.392, 178.006, 178.62, 179.234, 179.848, 180.462, 181.075, 181.689, 182.303, 182.917, 183.531, 184.144, 184.758, 185.372, 185.986, 186.6, 187.213, 187.827, 188.441, 189.055, 189.669, 190.283, 190.896, 191.51, 192.124, 192.738, 193.352, 193.965, 194.579, 195.193, 195.807, 196.421, 197.035, 197.648, 198.262, 198.876, 199.49, 200.104, 200.717, 201.331, 201.945, 202.559, 203.173, 203.786, 204.4, 205.014, 205.628, 206.242, 206.856, 207.469, 208.083, 208.697, 209.311, 209.925, 210.538, 211.152, 211.766, 212.38, 212.994, 213.608, 214.221, 214.835, 215.449, 216.063, 216.677, 217.29, 217.904, 218.518, 219.132, 219.746, 220.359, 220.973, 221.587, 222.201, 222.815, 223.429, 224.042, 224.656, 225.27, 225.884, 226.498, 227.111, 227.725, 228.339, 228.953, 229.567, 230.181, 230.794, 231.408, 232.022, 232.636, 233.25, 233.863, 234.477, 235.091, 235.705, 236.319, 236.932, 237.546, 238.16, 238.774, 239.388, 240.002, 240.615, 241.229, 241.843, 242.457, 243.071, 243.684, 244.298, 244.912, 245.526, 246.14, 246.754, 247.367, 247.981, 248.595, 249.209, 249.823, 250.436, 251.05, 251.664, 252.278, 252.892, 253.505, 254.119, 254.733, 255.347, 255.961, 256.575, 257.188, 257.802, 258.416, 259.03, 259.644, 260.257, 260.871, 261.485, 262.099, 262.713, 263.327, 263.94, 264.554, 265.168, 265.782, 266.396, 267.009, 267.623, 268.237, 268.851, 269.465, 270.078, 270.692, 271.306, 271.92, 272.534, 273.148, 273.761, 274.375, 274.989, 275.603, 276.217, 276.83, 277.444, 278.058, 278.672, 279.286, 279.9, 280.513, 281.127, 281.741, 282.355, 282.969, 283.582, 284.196, 284.81, 285.424, 286.038, 286.651, 287.265, 287.879, 288.493, 289.107, 289.721, 290.334, 290.948, 291.562, 292.176, 292.79, 293.403, 294.017
3.94357, 3.94456, 3.94556, 3.94657, 3.94759, 3.94862, 3.94966, 3.95071, 3.95178, 3.95285, 3.95394, 3.95504, 3.95615, 3.95727, 3.9584, 3.95955, 3.96071, 3.96188, 3.96306, 3.96425, 3.96546, 3.96668, 3.96791, 3.96916, 3.97042, 3.97169, 3.97297, 3.97427, 3.97558, 3.97691, 3.97825, 3.9796, 3.98096, 3.98234, 3.98374, 3.98514, 3.98657, 3.988, 3.98945, 3.99092, 3.9924, 3.99389, 3.9954, 3.99693, 3.99847, 4.00003, 4.0016, 4.00319, 4.00479, 4.00641, 4.00805, 4.0097, 4.01137, 4.01305, 4.01475, 4.01647, 4.01821, 4.01996, 4.02173, 4.02352, 4.02533, 4.02715, 4.02899, 4.03085, 4.03273, 4.03463, 4.03654, 4.03848, 4.04043, 4.0424, 4.0444, 4.04641, 4.04844, 4.05049, 4.05257, 4.05466, 4.05677, 4.05891, 4.06106, 4.06324, 4.06544, 4.06766, 4.0699, 4.07216, 4.07445, 4.07676, 4.07909, 4.08145, 4.08383, 4.08623, 4.08865, 4.0911, 4.09358, 4.09608, 4.0986, 4.10115, 4.10372, 4.10632, 4.10894, 4.1116, 4.11427, 4.11698, 4.11971, 4.12247, 4.12526, 4.12807, 4.13091, 4.13378, 4.13668, 4.13961, 4.14257, 4.14556, 4.14858, 4.15163, 4.15471, 4.15782, 4.16096, 4.16413, 4.16734, 4.17058, 4.17385, 4.17716, 4.1805, 4.18387, 4.18728, 4.19072, 4.1942, 4.19772, 4.20127, 4.20485, 4.20848, 4.21214, 4.21584, 4.21958, 4.22336, 4.22718, 4.23104, 4.23493, 4.23887, 4.24286, 4.24688, 4.25094, 4.25505, 4.25921, 4.2634, 4.26765, 4.27193, 4.27627, 4.28065, 4.28507, 4.28955, 4.29407, 4.29865, 4.30327, 4.30794, 4.31267, 4.31745, 4.32228, 4.32716, 4.3321, 4.33709, 4.34214, 4.34724, 4.3524, 4.35762, 4.3629, 4.36824, 4.37364, 4.3791, 4.38463, 4.39021, 4.39586, 4.40158, 4.40737, 4.41322, 4.41913, 4.42512, 4.43118, 4.43731, 4.44352, 4.44979, 4.45614, 4.46257, 4.46908, 4.47566, 4.48233, 4.48907, 4.4959, 4.50281, 4.50981, 4.51689, 4.52407, 4.53133, 4.53868, 4.54613, 4.55367, 4.5613, 4.56904, 4.57687, 4.58481, 4.59284, 4.60099, 4.60924, 4.61759, 4.62606, 4.63465, 4.64334, 4.65215, 4.66109, 4.67014, 4.67932, 4.68862, 4.69805, 4.70762, 4.71732, 4.72715, 4.73712, 4.74724, 4.7575, 4.7679, 4.77846, 4.78917, 4.80004, 4.81107, 4.82227, 4.83363, 4.84516, 4.85687, 4.86875, 4.88082, 4.89307, 4.90552, 4.91816, 4.931, 4.94405, 4.95731, 4.97078, 4.98446, 4.99838, 5.01252, 5.0269, 5.04153, 5.0564, 5.07152, 5.08691, 5.10256, 5.11849, 5.13469, 5.15119, 5.16799, 5.18509, 5.2025, 5.22024, 5.2383, 5.25671, 5.27547, 5.29459, 5.31408, 5.33396, 5.35423, 5.3749, 5.396, 5.41752, 5.43949, 5.46193, 5.48483, 5.50823, 5.53214, 5.55657, 5.58154, 5.60708, 5.63319, 5.65991, 5.68725, 5.71524, 5.7439, 5.77326, 5.80334, 5.83418, 5.8658, 5.89823, 5.93151, 5.96567, 6.00076, 6.0368, 6.07386, 6.11196, 6.15116, 6.1915, 6.23306, 6.27587, 6.32001, 6.36554, 6.41254, 6.46108, 6.51124, 6.56312, 6.61682, 6.67243, 6.73007, 6.78988, 6.85197, 6.9165, 6.98364, 7.05355, 7.12643, 7.2025, 7.28199, 7.36517, 7.45234, 7.54381, 7.63996, 7.7412, 7.84801, 7.96093, 8.08056, 8.20762, 8.34293, 8.48747, 8.64239, 8.80905, 8.98913, 9.18469, 9.39832, 9.63334, 9.89401, 10.1859, 10.5161, 10.8933, 11.3272, 11.8267, 12.397, 13.0338, 13.7168, 14.4024, 15.0204, 15.4754, 15.6589, 15.4689, 14.8352, 13.7413, 12.233, 10.4475, 8.52603, 6.63071, 4.90419, 3.44387, 2.29304, 1.44605, 0.862912, 0.486894, 0.259608, 0.130734, 0.0621519, 0.0278832, 0.0118001, 0.00470828, 0.00176954, 0.000624741, 0.000205158, 5.99108e-05, 1.09615e-05, 3.13564e-06, 8.44032e-07, 2.13813e-07, 5.09696e-08, 1.14338e-08, 2.41366e-09, 4.79473e-10, 8.96303e-11, 1.5767e-11, 2.61003e-12, 4.06579e-13, 5.96003e-14, 8.22156e-15, 1.06724e-15, 1.30369e-16, 1.49861e-17, 1.62108e-18, 1.65015e-19, 1.58069e-20, 1.42486e-21, 1.20864e-22, 9.64777e-24, 7.247e-25, 5.12262e-26, 3.40744e-27, 2.13288e-28, 1.25634e-29, 6.96384e-31, 3.6324e-32, 1.78295e-33, 8.23545e-35, 3.57962e-36, 1.46416e-37, 5.63562e-39, 2.04125e-40, 6.95749e-42, 2.23157e-43, 6.73549e-45, 1.91306e-46, 5.11318e-48, 1.28604e-49, 3.04381e-51, 6.77927e-53, 1.42085e-54, 2.80231e-56, 5.20097e-58, 9.08349e-60, 1.49287e-61, 2.30883e-63, 3.36019e-65, 4.60187e-67, 5.93071e-69, 7.19249e-71, 8.20827e-73, 8.81505e-75, 8.90837e-77, 8.47172e-79, 7.58133e-81, 6.38438e-83, 5.05933e-85, 3.77282e-87, 2.64752e-89, 1.74829e-91, 1.08639e-93, 6.35271e-96, 3.49568e-98, 1.8101e-100, 8.82012e-103, 4.04432e-105, 1.74508e-107, 7.08573e-110, 2.7074e-112, 9.73466e-115, 3.29373e-117, 1.04871e-119, 3.14209e-122, 8.85896e-125, 2.35042e-127, 5.86823e-130, 1.37869e-132, 3.04808e-135, 6.34137e-138, 1.24148e-140, 2.28715e-143, 3.96503e-146, 6.46842e-149, 9.92996e-152, 1.43448e-154, 1.95003e-157, 2.49451e-160, 3.00281e-163, 3.40148e-166, 3.62582e-169, 3.63699e-172, 3.43301e-175, 3.04935e-178, 2.5488e-181, 2.00476e-184, 1.48384e-187, 1.0335e-190, 6.77374e-194, 4.17778e-197, 2.42471e-200, 1.32425e-203, 6.80581e-207, 3.29144e-210, 1.49792e-213, 6.41488e-217, 2.58515e-220, 9.80346e-224, 3.49841e-227, 1.17478e-230, 3.71229e-234, 1.10388e-237, 3.08888e-241, 8.13346e-245, 2.01533e-248, 4.69909e-252
3.94357, 3.94458, 3.9456, 3.94663, 3.94767, 3.94872, 3.94978, 3.95085, 3.95194, 3.95304, 3.95414, 3.95526, 3.9564, 3.95754, 3.95869, 3.95986, 3.96104, 3.96223, 3.96344, 3.96465, 3.96588, 3.96713, 3.96838, 3.96965, 3.97093, 3.97222, 3.97353, 3.97485, 3.97618, 3.97753, 3.97889, 3.98027, 3.98166, 3.98306, 3.98448, 3.98591, 3.98736, 3.98882, 3.99029, 3.99178, 3.99329, 3.99481, 3.99634, 3.99789, 3.99946, 4.00104, 4.00264, 4.00425, 4.00588, 4.00752, 4.00919, 4.01086, 4.01256, 4.01427, 4.016, 4.01774, 4.01951, 4.02129, 4.02309, 4.0249, 4.02673, 4.02859, 4.03046, 4.03234, 4.03425, 4.03618, 4.03812, 4.04008, 4.04207, 4.04407, 4.04609, 4.04813, 4.0502, 4.05228, 4.05438, 4.0565, 4.05865, 4.06081, 4.063, 4.06521, 4.06744, 4.06969, 4.07196, 4.07426, 4.07658, 4.07892, 4.08128, 4.08367, 4.08608, 4.08852, 4.09098, 4.09346, 4.09597, 4.0985, 4.10106, 4.10364, 4.10625, 4.10889, 4.11155, 4.11424, 4.11695, 4.11969, 4.12246, 4.12525, 4.12808, 4.13093, 4.13381, 4.13672, 4.13966, 4.14263, 4.14562, 4.14865, 4.15171, 4.1548, 4.15792, 4.16107, 4.16425, 4.16747, 4.17072, 4.174, 4.17731, 4.18066, 4.18405, 4.18746, 4.19092, 4.1944, 4.19793, 4.20149, 4.20508, 4.20872, 4.21239, 4.2161, 4.21985, 4.22363, 4.22746, 4.23133, 4.23523, 4.23918, 4.24317, 4.2472, 4.25128, 4.25539, 4.25956, 4.26376, 4.26801, 4.27231, 4.27665, 4.28104, 4.28547, 4.28995, 4.29449, 4.29907, 4.3037, 4.30838, 4.31311, 4.3179, 4.32273, 4.32762, 4.33257, 4.33757, 4.34262, 4.34773, 4.3529, 4.35813, 4.36341, 4.36876, 4.37416, 4.37963, 4.38516, 4.39075, 4.39641, 4.40213, 4.40792, 4.41378, 4.4197, 4.42569, 4.43176, 4.43789, 4.4441, 4.45038, 4.45673, 4.46317, 4.46968, 4.47626, 4.48293, 4.48968, 4.49651, 4.50342, 4.51042, 4.51751, 4.52468, 4.53194, 4.5393, 4.54674, 4.55428, 4.56192, 4.56965, 4.57749, 4.58542, 4.59346, 4.6016, 4.60984, 4.6182, 4.62666, 4.63524, 4.64393, 4.65274, 4.66167, 4.67072, 4.67989, 4.68918, 4.69861, 4.70816, 4.71785, 4.72768, 4.73764, 4.74774, 4.75799, 4.76839, 4.77893, 4.78963, 4.80048, 4.8115, 4.82267, 4.83402, 4.84553, 4.85722, 4.86908, 4.88113, 4.89336, 4.90578, 4.9184, 4.93121, 4.94423, 4.95746, 4.9709, 4.98455, 4.99843, 5.01254, 5.02688, 5.04147, 5.0563, 5.07138, 5.08672, 5.10232, 5.1182, 5.13435, 5.1508, 5.16753, 5.18457, 5.20192, 5.21959, 5.23759, 5.25592, 5.27461, 5.29365, 5.31305, 5.33284, 5.35302, 5.37359, 5.39459, 5.41601, 5.43787, 5.46018, 5.48296, 5.50623, 5.53, 5.55429, 5.57911, 5.60449, 5.63043, 5.65698, 5.68413, 5.71193, 5.74039, 5.76953, 5.79938, 5.82998, 5.86134, 5.8935, 5.9265, 5.96036, 5.99513, 6.03084, 6.06754, 6.10526, 6.14406, 6.18398, 6.22508, 6.26741, 6.31104, 6.35602, 6.40244, 6.45035, 6.49985, 6.55102, 6.60394, 6.65873, 6.71549, 6.77434, 6.83541, 6.89883, 6.96476, 7.03337, 7.10484, 7.17937, 7.25718, 7.33852, 7.42367, 7.51293, 7.60663, 7.70517, 7.80898, 7.91854, 8.03443, 8.15727, 8.28782, 8.42693, 8.57563, 8.73511, 8.90682, 9.09254, 9.29441, 9.5152, 9.75845, 10.0288, 10.3322, 10.6766, 11.0718, 11.5293, 12.0603, 12.6728, 13.3658, 14.1212, 14.8967, 15.6194, 16.188, 16.4832, 16.3892, 15.8217, 14.7533, 13.2294, 11.3655, 9.32605, 7.29087, 5.41936, 3.82372, 2.55747, 1.61975, 0.97053, 0.549764, 0.294228, 0.1487, 0.0709366, 0.0319298, 0.0135558, 0.00542575, 0.0020456, 0.000724692, 0.000239223, 7.06172e-05, 1.36918e-05, 3.91061e-06, 1.05343e-06, 2.67037e-07, 6.37e-08, 1.42992e-08, 3.02055e-09, 6.00433e-10, 1.12317e-10, 1.97711e-11, 3.27505e-12, 5.10514e-13, 7.4886e-14, 1.0337e-14, 1.34275e-15, 1.64133e-16, 1.88799e-17, 2.04365e-18, 2.08169e-19, 1.99538e-20, 1.79986e-21, 1.52776e-22, 1.22032e-23, 9.17261e-25, 6.48806e-26, 4.31856e-27, 2.70498e-28, 1.59438e-29, 8.84345e-31, 4.61586e-32, 2.26718e-33, 1.0479e-34, 4.5578e-36, 1.86549e-37, 7.18507e-39, 2.60418e-40, 8.88201e-42, 2.85071e-43, 8.60987e-45, 2.44704e-46, 6.54463e-48, 1.64714e-49, 3.90101e-51, 8.6941e-53, 1.82336e-54, 3.5985e-56, 6.68298e-58, 1.16794e-59, 1.92074e-61, 2.97248e-63, 4.32881e-65, 5.93224e-67, 7.65014e-69, 9.28367e-71, 1.06016e-72, 1.13925e-74, 1.15205e-76, 1.09627e-78, 9.81676e-81, 8.27212e-83, 6.55942e-85, 4.89455e-87, 3.43684e-89, 2.27094e-91, 1.41206e-93, 8.26221e-96, 4.54925e-98, 2.35713e-100, 1.14928e-102, 5.27309e-105, 2.27669e-107, 9.25003e-110, 3.53655e-112, 1.27238e-114, 4.30774e-117, 1.3724e-119, 4.11446e-122, 1.16076e-124, 3.08155e-127, 7.69831e-130, 1.80975e-132, 4.00352e-135, 8.33415e-138, 1.6326e-140, 3.00951e-143, 5.22046e-146, 8.52159e-149, 1.30897e-151, 1.89207e-154, 2.5736e-157, 3.29415e-160, 3.96773e-163, 4.49717e-166, 4.79659e-169, 4.8142e-172, 4.54687e-175, 4.04109e-178, 3.37972e-181, 2.65987e-184, 1.96987e-187, 1.37281e-190, 9.00288e-194, 5.55583e-197, 3.22636e-200, 1.76308e-203, 9.0663e-207, 4.38716e-210, 1.99772e-213, 8.56014e-217, 3.45163e-220, 1.30967e-223, 4.67626e-227, 1.5712e-230, 4.96773e-234, 1.47803e-237, 4.13811e-241, 1.09023e-244, 2.7029e-248, 6.30576e-252
209.34
176.89
 
MEASUREMENT 29
1.56305, 4.67879, 7.79453, 10.9103, 14.0312, 17.1469, 20.2679, 23.3784, 26.4796, 29.5859, 32.6913, 35.8071, 38.9228, 42.0385, 45.1595, 48.2752, 51.3909, 54.5067, 57.6224, 60.7381, 63.8435, 66.9593, 70.0698, 73.1752, 76.2806, 79.3859, 82.4913, 85.5967, 88.7021, 91.8074, 94.9128, 98.0182, 101.1, 104.148, 107.196, 110.244, 113.292, 116.339, 119.387, 122.435, 125.483, 128.531, 131.574, 134.622, 137.67, 140.718, 143.766, 146.814, 149.861, 152.909, 155.957, 159.005, 162.053, 165.101, 168.149, 171.197, 174.245, 177.293, 180.341, 183.389, 186.436, 189.484, 192.532, 195.58, 198.621, 201.655, 204.688, 207.722, 210.756, 213.794, 216.838, 219.882, 222.926, 225.97, 229.014, 232.058, 235.102, 238.145, 241.189, 244.233, 247.277, 250.321, 253.37, 256.424, 259.478, 262.532, 265.586, 268.64, 271.695, 274.749, 277.803, 280.857, 283.911, 286.97, 290.035, 293.099
3.48824, 3.50113, 3.49359, 3.70758, 3.48927, 3.52987, 3.81896, 3.81631, 3.75917, 3.79983, 3.85436, 3.94292, 3.94922, 3.99062, 3.99208, 3.99992, 4.16019, 4.19725, 4.27146, 4.31233, 3.82033, 4.28186, 4.29516, 4.28044, 4.37817, 4.38842, 4.41631, 4.40711, 4.46593, 4.13035, 4.53709, 3.92643, 4.55469, 4.56251, 4.6035, 4.6207, 4.64411, 4.68264, 4.72386, 4.74754, 4.7673, 4.82155, 4.8844, 4.89032, 4.95199, 5.02932, 5.10072, 5.14346, 5.19435, 5.24795, 5.35879, 5.44864, 5.55528, 5.62619, 5.74657, 6.02167, 6.11092, 6.19545, 6.44027, 6.7449, 6.97832, 7.43077, 7.89553, 8.76606, 11.0913, 12.6752, 14.2873, 12.9928, 6.67825, 1.48736, 0.105771, -0.00877022, -0.0376831, -0.0476013, -0.0426635, -0.0188052, -0.0314404, -0.0236256, -0.0595199, -0.0394599, -0.0642367, -0.0814334, -0.0652037, -0.0355798, -0.0459822, -0.0557817, -0.0318598, -0.0314019, -0.0265093, -0.0161492, -0.0233353, -0.0348904, -0.0534245, -0.0419027, -0.0652394, -0.0974195
0.104647, 0.105034, 0.104808, 0.111227, 0.104678, 0.105896, 0.114569, 0.114489, 0.112775, 0.113995, 0.115631, 0.118288, 0.118477, 0.119719, 0.119762, 0.119998, 0.124806, 0.125918, 0.128144, 0.12937, 0.11461, 0.128456, 0.128855, 0.128413, 0.131345, 0.131653, 0.132489, 0.132213, 0.133978, 0.123911, 0.136113, 0.117793, 0.136641, 0.136875, 0.138105, 0.138621, 0.139323, 0.140479, 0.141716, 0.142426, 0.143019, 0.144646, 0.146532, 0.14671, 0.14856, 0.15088, 0.153022, 0.154304, 0.155831, 0.157438, 0.160764, 0.163459, 0.166658, 0.168786, 0.172397, 0.18065, 0.183328, 0.185863, 0.193208, 0.202347, 0.20935, 0.222923, 0.236866, 0.262982, 0.332738, 0.380257, 0.428618, 0.389784, 0.200347, 0.0446207, 0.00317313, 0.000263106, 0.00113049, 0.00142804, 0.0012799, 0.000564156, 0.000943211, 0.000708768, 0.0017856, 0.0011838, 0.0019271, 0.002443, 0.00195611, 0.00106739, 0.00137947, 0.00167345, 0.000955795, 0.000942058, 0.000795278, 0.000484476, 0.00070006, 0.00104671, 0.00160274, 0.00125708, 0.00195718, 0.00292258
0, 0.613815, 1.22763, 1.84144, 2.45526, 3.06907, 3.68289, 4.2967, 4.91052, 5.52433, 6.13815, 6.75196, 7.36578, 7.97959, 8.59341, 9.20722, 9.82104, 10.4349, 11.0487, 11.6625, 12.2763, 12.8901, 13.5039, 14.1177, 14.7316, 15.3454, 15.9592, 16.573, 17.1868, 17.8006, 18.4144, 19.0283, 19.6421, 20.2559, 20.8697, 21.4835, 22.0973, 22.7111, 23.325, 23.9388, 24.5526, 25.1664, 25.7802, 26.394, 27.0078, 27.6217, 28.2355, 28.8493, 29.4631, 30.0769, 30.6907, 31.3046, 31.9184, 32.5322, 33.146, 33.7598, 34.3736, 34.9874, 35.6013, 36.2151, 36.8289, 37.4427, 38.0565, 38.6703, 39.2841, 39.898, 40.5118, 41.1256, 41.7394, 42.3532, 42.967, 43.5808, 44.1947, 44.8085, 45.4223, 46.0361, 46.6499, 47.2637, 47.8775, 48.4914, 49.1052, 49.719, 50.3328, 50.9466, 51.5604, 52.1743, 52.7881, 53.4019, 54.0157, 54.6295, 55.2433, 55.8571, 56.471, 57.0848, 57.6986, 58.3124, 58.9262, 59.54, 60.1538, 60.7677, 61.3815, 61.9953, 62.6091, 63.2229, 63.8367, 64.4505, 65.0644, 65.6782, 66.292, 66.9058, 67.5196, 68.1334, 68.7473, 69.3611, 69.9749, 70.5887, 71.2025, 71.8163, 72.4301, 73.044, 73.6578, 74.2716, 74.8854, 75.4992, 76.113, 76.7268, 77.3407, 77.9545, 78.5683, 79.1821, 79.7959, 80.4097, 81.0235, 81.6374, 82.2512, 82.865, 83.4788, 84.0926, 84.7064, 85.3202, 85.9341, 86.5479, 87.1617, 87.7755, 88.3893, 89.0031, 89.617, 90.2308, 90.8446, 91.4584, 92.0722, 92.686, 93.2998, 93.9137, 94.5275, 95.1413, 95.7551, 96.3689, 96.9827, 97.5965, 98.2104, 98.8242, 99.438, 100.052, 100.666, 101.279, 101.893, 102.507, 103.121, 103.735, 104.349, 104.962, 105.576, 106.19, 106.804, 107.418, 108.031, 108.645, 109.259, 109.873, 110.487, 111.1, 111.714, 112.328, 112.942, 113.556, 114.17, 114.783, 115.397, 116.011, 116.625, 117.239, 117.852, 118.466, 119.08, 119.694, 120.308, 120.922, 121.535, 122.149, 122.763, 123.377, 123.991, 124.604, 125.218, 125.832, 126.446, 127.06, 127.673, 128.287, 128.901, 129.515, 130.129, 130.743, 131.356, 131.97, 132.584, 133.198, 133.812, 134.425, 135.039, 135.653, 136.267, 136.881, 137.495, 138.108, 138.722, 139.336, 139.95, 140.564, 141.177, 141.791, 142.405, 143.019, 143.633, 144.246, 144.86, 145.474, 146.088, 146.702, 147.316, 147.929, 148.543, 149.157, 149.771, 150.385, 150.998, 151.612, 152.226, 152.84, 153.454, 154.068, 154.681, 155.295, 155.909, 156.523, 157.137, 157.75, 158.364, 158.978, 159.592, 160.206, 160.819, 161.433, 162.047, 162.661, 163.275, 163.889, 164.502, 165.116, 165.73, 166.344, 166.958, 167.571, 168.185, 168.799, 169.413, 170.027, 170.64, 171.254, 171.868, 172.482, 173.096, 173.71, 174.323, 174.937, 175.551, 176.165, 176.779, 177.392, 178.006, 178.62, 179.234, 179.848, 180.462, 181.075, 181.689, 182.303, 182.917, 183.531, 184.144, 184.758, 185.372, 185.986, 186.6, 187.213, 187.827, 188.441, 189.055, 189.669, 190.283, 190.896, 191.51, 192.124, 192.738, 193.352, 193.965, 194.579, 195.193, 195.807, 196.421, 197.035, 197.648, 198.262, 198.876, 199.49, 200.104, 200.717, 201.331, 201.945, 202.559, 203.173, 203.786, 204.4, 205.014, 205.628, 206.242, 206.856, 207.469, 208.083, 208.697, 209.311, 209.925, 210.538, 211.152, 211.766, 212.38, 212.994, 213.608, 214.221, 214.835, 215.449, 216.063, 216.677, 217.29, 217.904, 218.518, 219.132, 219.746, 220.359, 220.973, 221.587, 222.201, 222.815, 223.429, 224.042, 224.656, 225.27, 225.884, 226.498, 227.111, 227.725, 228.339, 228.953, 229.567, 230.181, 230.794, 231.408, 232.022, 232.636, 233.25, 233.863, 234.477, 235.091, 235.705, 236.319, 236.932, 237.546, 238.16, 238.774, 239.388, 240.002, 240.615, 241.229, 241.843, 242.457, 243.071, 243.684, 244.298, 244.912, 245.526, 246.14, 246.754, 247.367, 247.981, 248.595, 249.209, 249.823, 250.436, 251.05, 251.664, 252.278, 252.892, 253.505, 254.119, 254.733, 255.347, 255.961, 256.575, 257.188, 257.802, 258.416, 259.03, 259.644, 260.257, 260.871, 261.485, 262.099, 262.713, 263.327, 263.94, 264.554, 265.168, 265.782, 266.396, 267.009, 267.623, 268.237, 268.851, 269.465, 270.078, 270.692, 271.306, 271.92, 272.534, 273.148, 273.761, 274.375, 274.989, 275.603, 276.217, 276.83, 277.444, 278.058, 278.672, 279.286, 279.9, 280.513, 281.127, 281.741, 282.355, 282.969, 283.582, 284.196, 284.81, 285.424, 286.038, 286.651, 287.265, 287.879, 288.493, 289.107, 289.721, 290.334, 290.948, 291.562, 292.176, 292.79, 293.403, 294.017
3.94754, 3.94851, 3.9495, 3.9505, 3.95151, 3.95253, 3.95357, 3.95461, 3.95567, 3.95673, 3.95781, 3.9589, 3.96, 3.96111, 3.96224, 3.96337, 3.96452, 3.96568, 3.96686, 3.96804, 3.96924, 3.97045, 3.97167, 3.97291, 3.97415, 3.97542, 3.97669, 3.97798, 3.97928, 3.98059, 3.98192, 3.98326, 3.98462, 3.98599, 3.98737, 3.98877, 3.99018, 3.9916, 3.99304, 3.9945, 3.99597, 3.99745, 3.99895, 4.00047, 4.002, 4.00354, 4.0051, 4.00668, 4.00827, 4.00988, 4.0115, 4.01314, 4.0148, 4.01647, 4.01816, 4.01987, 4.02159, 4.02333, 4.02509, 4.02687, 4.02866, 4.03047, 4.0323, 4.03415, 4.03602, 4.0379, 4.0398, 4.04173, 4.04367, 4.04563, 4.04761, 4.0496, 4.05162, 4.05366, 4.05572, 4.0578, 4.0599, 4.06202, 4.06416, 4.06633, 4.06851, 4.07072, 4.07294, 4.07519, 4.07746, 4.07976, 4.08208, 4.08442, 4.08678, 4.08917, 4.09158, 4.09401, 4.09647, 4.09895, 4.10146, 4.10399, 4.10655, 4.10913, 4.11174, 4.11438, 4.11704, 4.11973, 4.12244, 4.12518, 4.12795, 4.13075, 4.13357, 4.13643, 4.13931, 4.14222, 4.14516, 4.14813, 4.15113, 4.15416, 4.15722, 4.16031, 4.16344, 4.16659, 4.16978, 4.173, 4.17625, 4.17954, 4.18286, 4.18621, 4.1896, 4.19302, 4.19648, 4.19997, 4.2035, 4.20707, 4.21067, 4.21431, 4.21799, 4.22171, 4.22547, 4.22926, 4.2331, 4.23697, 4.24089, 4.24484, 4.24884, 4.25288, 4.25697, 4.2611, 4.26527, 4.26949, 4.27375, 4.27806, 4.28241, 4.28681, 4.29126, 4.29576, 4.3003, 4.3049, 4.30954, 4.31424, 4.31899, 4.32379, 4.32864, 4.33355, 4.33851, 4.34353, 4.3486, 4.35374, 4.35892, 4.36417, 4.36948, 4.37484, 4.38027, 4.38576, 4.39132, 4.39693, 4.40261, 4.40836, 4.41418, 4.42006, 4.42601, 4.43203, 4.43812, 4.44429, 4.45053, 4.45684, 4.46323, 4.46969, 4.47624, 4.48286, 4.48956, 4.49635, 4.50322, 4.51017, 4.51721, 4.52434, 4.53155, 4.53886, 4.54626, 4.55375, 4.56134, 4.56902, 4.5768, 4.58469, 4.59267, 4.60076, 4.60896, 4.61726, 4.62567, 4.6342, 4.64284, 4.65159, 4.66046, 4.66946, 4.67857, 4.68781, 4.69718, 4.70668, 4.71631, 4.72608, 4.73598, 4.74603, 4.75622, 4.76655, 4.77703, 4.78767, 4.79846, 4.80941, 4.82053, 4.83181, 4.84326, 4.85488, 4.86668, 4.87866, 4.89082, 4.90318, 4.91573, 4.92847, 4.94142, 4.95458, 4.96794, 4.98153, 4.99534, 5.00937, 5.02364, 5.03815, 5.0529, 5.06791, 5.08317, 5.0987, 5.1145, 5.13057, 5.14694, 5.16359, 5.18055, 5.19782, 5.21541, 5.23332, 5.25157, 5.27017, 5.28913, 5.30845, 5.32815, 5.34823, 5.36872, 5.38963, 5.41096, 5.43273, 5.45495, 5.47765, 5.50082, 5.5245, 5.5487, 5.57343, 5.59871, 5.62457, 5.65102, 5.67808, 5.70578, 5.73415, 5.7632, 5.79296, 5.82347, 5.85474, 5.88682, 5.91973, 5.95351, 5.98819, 6.02382, 6.06044, 6.09809, 6.13681, 6.17667, 6.2177, 6.25998, 6.30355, 6.34849, 6.39487, 6.44275, 6.49223, 6.54339, 6.59632, 6.65113, 6.70792, 6.76682, 6.82796, 6.89148, 6.95754, 7.0263, 7.09796, 7.17272, 7.25081, 7.33248, 7.41801, 7.50773, 7.60197, 7.70115, 7.8057, 7.91615, 8.03306, 8.15712, 8.2891, 8.42992, 8.58064, 8.74255, 8.91718, 9.10643, 9.31265, 9.53881, 9.78878, 10.0676, 10.3816, 10.7392, 11.1498, 11.6234, 12.1674, 12.782, 13.453, 14.1441, 14.7907, 15.2998, 15.559, 15.4559, 14.9057, 13.8769, 12.4068, 10.6178, 8.6704, 6.73269, 4.96018, 3.46072, 2.28322, 1.4227, 0.836429, 0.4636, 0.242081, 0.119024, 0.0550755, 0.0239742, 0.00981295, 0.0037746, 0.00136271, 0.000459905, 0.000142842, 3.76226e-05, 6.99762e-06, 1.89419e-06, 4.80952e-07, 1.14541e-07, 2.55857e-08, 5.36061e-09, 1.05344e-09, 1.94172e-10, 3.35694e-11, 5.44351e-12, 8.27931e-13, 1.18111e-13, 1.58038e-14, 1.98342e-15, 2.33479e-16, 2.57786e-17, 2.66963e-18, 2.59311e-19, 2.36248e-20, 2.01882e-21, 1.61809e-22, 1.21643e-23, 8.57733e-25, 5.67277e-26, 3.51897e-27, 2.04746e-28, 1.11736e-29, 5.7194e-31, 2.7459e-32, 1.23651e-33, 5.22263e-35, 2.06899e-36, 7.68786e-38, 2.67936e-39, 8.75858e-41, 2.68543e-42, 7.72277e-44, 2.08309e-45, 5.27015e-47, 1.25059e-48, 2.78345e-50, 5.81071e-52, 1.13776e-53, 2.08955e-55, 3.59941e-57, 5.81548e-59, 8.81287e-61, 1.25264e-62, 1.66998e-64, 2.08821e-66, 2.44914e-68, 2.6942e-70, 2.77985e-72, 2.69024e-74, 2.44194e-76, 2.07901e-78, 1.66018e-80, 1.24345e-82, 8.73533e-85, 5.7558e-87, 3.55719e-89, 2.06199e-91, 1.12109e-93, 5.71701e-96, 2.73448e-98, 1.22675e-100, 5.16193e-103, 2.03725e-105, 7.54139e-108, 2.61839e-110, 8.52692e-113, 2.6045e-115, 7.46162e-118, 2.00501e-120, 5.05329e-123, 1.19456e-125, 2.64859e-128, 5.50805e-131, 1.07437e-133, 1.96556e-136, 3.37282e-139, 5.42843e-142, 8.19463e-145, 1.16027e-147, 1.54086e-150, 1.91929e-153, 2.24229e-156, 2.45708e-159, 2.52533e-162, 2.4344e-165, 2.2011e-168, 1.86664e-171, 1.48476e-174, 1.10771e-177, 7.75118e-181, 5.08725e-184, 3.13165e-187, 1.80815e-190, 9.79199e-194, 4.9737e-197, 2.36953e-200, 1.05881e-203, 4.43757e-207, 1.7444e-210, 6.43162e-214, 2.22417e-217, 7.21418e-221, 2.19472e-224, 6.26245e-228, 1.67603e-231, 4.20719e-235, 9.90544e-239, 2.1874e-242, 4.5306e-246, 8.80146e-250, 1.60371e-253, 2.74075e-257, 4.39325e-261, 6.605e-265
3.94754, 3.94854, 3.94956, 3.95059, 3.95163, 3.95268, 3.95374, 3.95481, 3.95589, 3.95699, 3.9581, 3.95921, 3.96034, 3.96149, 3.96264, 3.96381, 3.96499, 3.96618, 3.96738, 3.96859, 3.96982, 3.97106, 3.97232, 3.97358, 3.97486, 3.97616, 3.97746, 3.97878, 3.98011, 3.98146, 3.98282, 3.98419, 3.98558, 3.98698, 3.9884, 3.98983, 3.99127, 3.99273, 3.99421, 3.9957, 3.9972, 3.99872, 4.00025, 4.0018, 4.00337, 4.00495, 4.00654, 4.00815, 4.00978, 4.01142, 4.01308, 4.01476, 4.01645, 4.01816, 4.01989, 4.02164, 4.0234, 4.02518, 4.02697, 4.02879, 4.03062, 4.03247, 4.03434, 4.03622, 4.03813, 4.04005, 4.04199, 4.04396, 4.04594, 4.04794, 4.04996, 4.052, 4.05406, 4.05614, 4.05824, 4.06036, 4.0625, 4.06467, 4.06685, 4.06906, 4.07128, 4.07353, 4.07581, 4.0781, 4.08042, 4.08276, 4.08512, 4.0875, 4.08991, 4.09235, 4.0948, 4.09728, 4.09979, 4.10232, 4.10488, 4.10746, 4.11006, 4.1127, 4.11536, 4.11804, 4.12075, 4.12349, 4.12626, 4.12905, 4.13187, 4.13472, 4.1376, 4.1405, 4.14344, 4.1464, 4.1494, 4.15242, 4.15548, 4.15857, 4.16168, 4.16483, 4.16801, 4.17122, 4.17447, 4.17775, 4.18106, 4.18441, 4.18778, 4.1912, 4.19465, 4.19813, 4.20165, 4.20521, 4.2088, 4.21243, 4.2161, 4.21981, 4.22355, 4.22733, 4.23116, 4.23502, 4.23892, 4.24287, 4.24685, 4.25088, 4.25495, 4.25906, 4.26322, 4.26742, 4.27166, 4.27595, 4.28029, 4.28468, 4.28911, 4.29358, 4.29811, 4.30269, 4.30731, 4.31199, 4.31672, 4.32149, 4.32633, 4.33121, 4.33615, 4.34114, 4.34619, 4.3513, 4.35646, 4.36168, 4.36696, 4.3723, 4.3777, 4.38316, 4.38868, 4.39426, 4.39991, 4.40563, 4.41141, 4.41726, 4.42318, 4.42916, 4.43522, 4.44134, 4.44754, 4.45381, 4.46016, 4.46658, 4.47308, 4.47966, 4.48632, 4.49306, 4.49988, 4.50679, 4.51377, 4.52085, 4.52801, 4.53527, 4.54261, 4.55004, 4.55757, 4.5652, 4.57292, 4.58074, 4.58866, 4.59669, 4.60481, 4.61305, 4.62139, 4.62984, 4.6384, 4.64708, 4.65588, 4.66479, 4.67382, 4.68298, 4.69226, 4.70167, 4.71121, 4.72088, 4.73068, 4.74063, 4.75071, 4.76094, 4.77132, 4.78184, 4.79252, 4.80335, 4.81435, 4.8255, 4.83682, 4.84831, 4.85998, 4.87182, 4.88384, 4.89605, 4.90844, 4.92103, 4.93382, 4.94681, 4.96001, 4.97342, 4.98704, 5.00089, 5.01497, 5.02928, 5.04382, 5.05862, 5.07366, 5.08896, 5.10453, 5.12037, 5.13648, 5.15288, 5.16957, 5.18657, 5.20387, 5.22149, 5.23944, 5.25773, 5.27636, 5.29534, 5.31469, 5.33442, 5.35454, 5.37505, 5.39598, 5.41733, 5.43912, 5.46136, 5.48407, 5.50726, 5.53095, 5.55515, 5.57989, 5.60517, 5.63103, 5.65747, 5.68453, 5.71221, 5.74056, 5.76959, 5.79932, 5.82979, 5.86102, 5.89304, 5.9259, 5.95961, 5.99422, 6.02976, 6.06628, 6.10382, 6.14243, 6.18215, 6.22303, 6.26514, 6.30853, 6.35326, 6.39941, 6.44704, 6.49624, 6.54709, 6.59968, 6.65411, 6.71049, 6.76893, 6.82956, 6.89252, 6.95795, 7.02602, 7.09691, 7.17081, 7.24795, 7.32856, 7.4129, 7.50129, 7.59404, 7.69153, 7.79419, 7.90247, 8.01694, 8.1382, 8.26697, 8.40408, 8.55049, 8.70736, 8.87604, 9.0582, 9.25587, 9.47158, 9.70858, 9.9711, 10.2647, 10.5963, 10.9769, 11.4165, 11.9285, 12.5241, 13.2076, 13.969, 14.774, 15.5566, 16.2167, 16.6285, 16.6611, 16.2088, 15.2229, 13.7333, 11.8513, 9.74917, 7.62363, 5.6541, 3.96989, 2.63491, 1.65122, 0.97606, 0.543793, 0.285358, 0.140965, 0.0655229, 0.0286457, 0.0117743, 0.00454761, 0.00164866, 0.000559054, 0.000175004, 4.70773e-05, 9.31799e-06, 2.52081e-06, 6.40613e-07, 1.52697e-07, 3.41386e-08, 7.15881e-09, 1.40804e-09, 2.59758e-10, 4.49472e-11, 7.29483e-12, 1.11047e-12, 1.58555e-13, 2.12339e-14, 2.66722e-15, 3.14245e-16, 3.47261e-17, 3.59934e-18, 3.49919e-19, 3.19074e-20, 2.72894e-21, 2.18915e-22, 1.64716e-23, 1.16245e-24, 7.69468e-26, 4.77733e-27, 2.78201e-28, 1.51953e-29, 7.78463e-31, 3.74063e-32, 1.68589e-33, 7.12675e-35, 2.82574e-36, 1.05087e-37, 3.66559e-39, 1.19927e-40, 3.68016e-42, 1.05924e-43, 2.85955e-45, 7.24068e-47, 1.71964e-48, 3.83065e-50, 8.00359e-52, 1.56846e-53, 2.88296e-55, 4.97028e-57, 8.0371e-59, 1.21897e-60, 1.73406e-62, 2.31373e-64, 2.89558e-66, 3.39888e-68, 3.74207e-70, 3.86423e-72, 3.74275e-74, 3.40012e-76, 2.89716e-78, 2.31541e-80, 1.73563e-82, 1.22029e-84, 8.04717e-87, 4.97736e-89, 2.88755e-91, 1.57122e-93, 8.01895e-96, 3.83861e-98, 1.72348e-100, 7.2579e-103, 2.86676e-105, 1.06205e-107, 3.69043e-110, 1.20277e-112, 3.67671e-115, 1.05417e-117, 2.83491e-120, 7.15057e-123, 1.69167e-125, 3.75375e-128, 7.81249e-131, 1.52506e-133, 2.79227e-136, 4.79515e-139, 7.72361e-142, 1.16684e-144, 1.6534e-147, 2.19744e-150, 2.73923e-153, 3.20268e-156, 3.51215e-159, 3.61247e-162, 3.48505e-165, 3.15346e-168, 2.67632e-171, 2.1304e-174, 1.59059e-177, 1.11385e-180, 7.31589e-184, 4.50693e-187, 2.60416e-190, 1.41132e-193, 7.17394e-197, 3.42028e-200, 1.52946e-203, 6.41483e-207, 2.52351e-210, 9.31101e-214, 3.22226e-217, 1.04592e-220, 3.18423e-224, 9.0925e-228, 2.4352e-231, 6.11726e-235, 1.44129e-238, 3.18505e-242, 6.60167e-246, 1.2834e-249, 2.34014e-253, 4.00214e-257, 6.4197e-261, 9.65846e-265
209.46
176.95
 
MEASUREMENT 30
1.56305, 4.67879, 7.79453, 10.9103, 14.0312, 17.1469, 20.2679, 23.3784, 26.4796, 29.5859, 32.6913, 35.8071, 38.9228, 42.0385, 45.1595, 48.2752, 51.3909, 54.5067, 57.6224, 60.7381, 63.8435, 66.9593, 70.0698, 73.1752, 76.2806, 79.3859, 82.4913, 85.5967, 88.7021, 91.8074, 94.9128, 98.0182, 101.1, 104.148, 107.196, 110.244, 113.292, 116.339, 119.387, 122.435, 125.483, 128.531, 131.574, 134.622, 137.67, 140.718, 143.766, 146.814, 149.861, 152.909, 155.957, 159.005, 162.053, 165.101, 168.149, 171.197, 174.245, 177.293, 180.341, 183.389, 186.436, 189.484, 192.532, 195.58, 198.621, 201.655, 204.688, 207.722, 210.756, 213.794, 216.838, 219.882, 222.926, 225.97, 229.014, 232.058, 235.102, 238.145, 241.189, 244.233, 247.277, 250.321, 253.37, 256.424, 259.478, 262.532, 265.586, 268.64, 271.695, 274.749, 277.803, 280.857, 283.911, 286.97, 290.035, 293.099
3.48462, 3.50383, 3.49142, 3.70644, 3.48536, 3.53055, 3.81835, 3.81568, 3.76258, 3.80086, 3.85639, 3.94296, 3.94943, 3.99512, 3.99111, 3.99924, 4.15858, 4.19701, 4.26832, 4.31294, 3.79819, 4.27136, 4.2959, 4.27436, 4.37515, 4.39154, 4.41611, 4.40728, 4.46592, 4.12304, 4.53595, 3.92359, 4.55393, 4.55756, 4.59942, 4.62079, 4.64715, 4.68179, 4.72449, 4.74867, 4.76448, 4.82164, 4.88285, 4.89502, 4.95178, 5.02349, 5.09781, 5.14504, 5.19673, 5.24865, 5.35284, 5.44993, 5.55261, 5.62981, 5.74134, 6.02084, 6.11493, 6.19517, 6.43631, 6.73814, 6.98041, 7.42958, 7.87544, 8.73754, 11.1028, 12.6687, 14.2881, 12.9962, 6.6779, 1.48863, 0.106958, -0.0140372, -0.0381031, -0.0462706, -0.0398653, -0.0211879, -0.0294047, -0.0249759, -0.0579469, -0.0362974, -0.0644112, -0.0794564, -0.0621386, -0.033046, -0.044819, -0.0578442, -0.0318419, -0.0338108, -0.0229126, -0.020057, -0.0246135, -0.0357203, -0.0527509, -0.0412855, -0.0650523, -0.10013
0.104539, 0.105115, 0.104743, 0.111193, 0.104561, 0.105916, 0.114551, 0.11447, 0.112878, 0.114026, 0.115692, 0.118289, 0.118483, 0.119854, 0.119733, 0.119977, 0.124757, 0.12591, 0.128049, 0.129388, 0.113946, 0.128141, 0.128877, 0.128231, 0.131254, 0.131746, 0.132483, 0.132219, 0.133978, 0.123691, 0.136078, 0.117708, 0.136618, 0.136727, 0.137983, 0.138624, 0.139415, 0.140454, 0.141735, 0.14246, 0.142935, 0.144649, 0.146486, 0.14685, 0.148553, 0.150705, 0.152934, 0.154351, 0.155902, 0.15746, 0.160585, 0.163498, 0.166578, 0.168894, 0.17224, 0.180625, 0.183448, 0.185855, 0.193089, 0.202144, 0.209412, 0.222888, 0.236263, 0.262126, 0.333083, 0.380061, 0.428643, 0.389885, 0.200337, 0.0446588, 0.00320874, 0.000421115, 0.00114309, 0.00138812, 0.00119596, 0.000635637, 0.00088214, 0.000749277, 0.00173841, 0.00108892, 0.00193234, 0.00238369, 0.00186416, 0.000991379, 0.00134457, 0.00173533, 0.000955256, 0.00101433, 0.000687377, 0.000601711, 0.000738404, 0.00107161, 0.00158253, 0.00123856, 0.00195157, 0.0030039
0, 0.613815, 1.22763, 1.84144, 2.45526, 3.06907, 3.68289, 4.2967, 4.91052, 5.52433, 6.13815, 6.75196, 7.36578, 7.97959, 8.59341, 9.20722, 9.82104, 10.4349, 11.0487, 11.6625, 12.2763, 12.8901, 13.5039, 14.1177, 14.7316, 15.3454, 15.9592, 16.573, 17.1868, 17.8006, 18.4144, 19.0283, 19.6421, 20.2559, 20.8697, 21.4835, 22.0973, 22.7111, 23.325, 23.9388, 24.5526, 25.1664, 25.7802, 26.394, 27.0078, 27.6217, 28.2355, 28.8493, 29.4631, 30.0769, 30.6907, 31.3046, 31.9184, 32.5322, 33.146, 33.7598, 34.3736, 34.9874, 35.6013, 36.2151, 36.8289, 37.4427, 38.0565, 38.6703, 39.2841, 39.898, 40.5118, 41.1256, 41.7394, 42.3532, 42.967, 43.5808, 44.1947, 44.8085, 45.4223, 46.0361, 46.6499, 47.2637, 47.8775, 48.4914, 49.1052, 49.719, 50.3328, 50.9466, 51.5604, 52.1743, 52.7881, 53.4019, 54.0157, 54.6295, 55.2433, 55.8571, 56.471, 57.0848, 57.6986, 58.3124, 58.9262, 59.54, 60.1538, 60.7677, 61.3815, 61.9953, 62.6091, 63.2229, 63.8367, 64.4505, 65.0644, 65.6782, 66.292, 66.9058, 67.5196, 68.1334, 68.7473, 69.3611, 69.9749, 70.5887, 71.2025, 71.8163, 72.4301, 73.044, 73.6578, 74.2716, 74.8854, 75.4992, 76.113, 76.7268, 77.3407, 77.9545, 78.5683, 79.1821, 79.7959, 80.4097, 81.0235, 81.6374, 82.2512, 82.865, 83.4788, 84.0926, 84.7064, 85.3202, 85.9341, 86.5479, 87.1617, 87.7755, 88.3893, 89.0031, 89.617, 90.2308, 90.8446, 91.4584, 92.0722, 92.686, 93.2998, 93.9137, 94.5275, 95.1413, 95.7551, 96.3689, 96.9827, 97.5965, 98.2104, 98.8242, 99.438, 100.052, 100.666, 101.279, 101.893, 102.507, 103.121, 103.735, 104.349, 104.962, 105.576, 106.19, 106.804, 107.418, 108.031, 108.645, 109.259, 109.873, 110.487, 111.1, 111.714, 112.328, 112.942, 113.556, 114.17, 114.783, 115.397, 116.011, 116.625, 117.239, 117.852, 118.466, 119.08, 119.694, 120.308, 120.922, 121.535, 122.149, 122.763, 123.377, 123.991, 124.604, 125.218, 125.832, 126.446, 127.06, 127.673, 128.287, 128.901, 129.515, 130.129, 130.743, 131.356, 131.97, 132.584, 133.198, 133.812, 134.425, 135.039, 135.653, 136.267, 136.881, 137.495, 138.108, 138.722, 139.336, 139.95, 140.564, 141.177, 141.791, 142.405, 143.019, 143.633, 144.246, 144.86, 145.474, 146.088, 146.702, 147.316, 147.929, 148.543, 149.157, 149.771, 150.385, 150.998, 151.612, 152.226, 152.84, 153.454, 154.068, 154.681, 155.295, 155.909, 156.523, 157.137, 157.75, 158.364, 158.978, 159.592, 160.206, 160.819, 161.433, 162.047, 162.661, 163.275, 163.889, 164.502, 165.116, 165.73, 166.344, 166.958, 167.571, 168.185, 168.799, 169.413, 170.027, 170.64, 171.254, 171.868, 172.482, 173.096, 173.71, 174.323, 174.937, 175.551, 176.165, 176.779, 177.392, 178.006, 178.62, 179.234, 179.848, 180.462, 181.075, 181.689, 182.303, 182.917, 183.531, 184.144, 184.758, 185.372, 185.986, 186.6, 187.213, 187.827, 188.441, 189.055, 189.669, 190.283, 190.896, 191.51, 192.124, 192.738, 193.352, 193.965, 194.579, 195.193, 195.807, 196.421, 197.035, 197.648, 198.262, 198.876, 199.49, 200.104, 200.717, 201.331, 201.945, 202.559, 203.173, 203.786, 204.4, 205.014, 205.628, 206.242, 206.856, 207.469, 208.083, 208.697, 209.311, 209.925, 210.538, 211.152, 211.766, 212.38, 212.994, 213.608, 214.221, 214.835, 215.449, 216.063, 216.677, 217.29, 217.904, 218.518, 219.132, 219.746, 220.359, 220.973, 221.587, 222.201, 222.815, 223.429, 224.042, 224.656, 225.27, 225.884, 226.498, 227.111, 227.725, 228.339, 228.953, 229.567, 230.181, 230.794, 231.408, 232.022, 232.636, 233.25, 233.863, 234.477, 235.091, 235.705, 236.319, 236.932, 237.546, 238.16, 238.774, 239.388, 240.002, 240.615, 241.229, 241.843, 242.457, 243.071, 243.684, 244.298, 244.912, 245.526, 246.14, 246.754, 247.367, 247.981, 248.595, 249.209, 249.823, 250.436, 251.05, 251.664, 252.278, 252.892, 253.505, 254.119, 254.733, 255.347, 255.961, 256.575, 257.188, 257.802, 258.416, 259.03, 259.644, 260.257, 260.871, 261.485, 262.099, 262.713, 263.327, 263.94, 264.554, 265.168, 265.782, 266.396, 267.009, 267.623, 268.237, 268.851, 269.465, 270.078, 270.692, 271.306, 271.92, 272.534, 273.148, 273.761, 274.375, 274.989, 275.603, 276.217, 276.83, 277.444, 278.058, 278.672, 279.286, 279.9, 280.513, 281.127, 281.741, 282.355, 282.969, 283.582, 284.196, 284.81, 285.424, 286.038, 286.651, 287.265, 287.879, 288.493, 289.107, 289.721, 290.334, 290.948, 291.562, 292.176, 292.79, 293.403, 294.017
3.93995, 3.94094, 3.94194, 3.94295, 3.94397, 3.945, 3.94604, 3.9471, 3.94817, 3.94924, 3.95033, 3.95143, 3.95255, 3.95367, 3.95481, 3.95596, 3.95712, 3.95829, 3.95947, 3.96067, 3.96188, 3.9631, 3.96434, 3.96558, 3.96684, 3.96812, 3.96941, 3.97071, 3.97202, 3.97335, 3.97469, 3.97604, 3.97741, 3.97879, 3.98019, 3.9816, 3.98302, 3.98446, 3.98591, 3.98738, 3.98886, 3.99036, 3.99187, 3.9934, 3.99495, 3.9965, 3.99808, 3.99967, 4.00128, 4.0029, 4.00454, 4.00619, 4.00786, 4.00955, 4.01125, 4.01298, 4.01471, 4.01647, 4.01824, 4.02003, 4.02184, 4.02367, 4.02551, 4.02738, 4.02926, 4.03116, 4.03308, 4.03501, 4.03697, 4.03895, 4.04094, 4.04296, 4.04499, 4.04705, 4.04912, 4.05122, 4.05334, 4.05547, 4.05763, 4.05981, 4.06201, 4.06424, 4.06648, 4.06875, 4.07104, 4.07335, 4.07569, 4.07804, 4.08043, 4.08283, 4.08526, 4.08771, 4.09019, 4.09269, 4.09522, 4.09777, 4.10035, 4.10295, 4.10558, 4.10823, 4.11092, 4.11362, 4.11636, 4.11912, 4.12191, 4.12473, 4.12758, 4.13045, 4.13335, 4.13629, 4.13925, 4.14224, 4.14526, 4.14832, 4.1514, 4.15452, 4.15766, 4.16084, 4.16405, 4.16729, 4.17057, 4.17388, 4.17723, 4.1806, 4.18402, 4.18746, 4.19095, 4.19447, 4.19802, 4.20161, 4.20524, 4.20891, 4.21262, 4.21636, 4.22014, 4.22397, 4.22783, 4.23173, 4.23568, 4.23966, 4.24369, 4.24776, 4.25188, 4.25604, 4.26024, 4.26449, 4.26878, 4.27312, 4.2775, 4.28194, 4.28642, 4.29095, 4.29553, 4.30016, 4.30484, 4.30957, 4.31435, 4.31919, 4.32408, 4.32902, 4.33402, 4.33907, 4.34419, 4.34935, 4.35458, 4.35987, 4.36521, 4.37062, 4.37609, 4.38162, 4.38721, 4.39287, 4.3986, 4.40439, 4.41025, 4.41617, 4.42217, 4.42824, 4.43438, 4.44059, 4.44687, 4.45324, 4.45967, 4.46619, 4.47278, 4.47945, 4.48621, 4.49305, 4.49997, 4.50698, 4.51407, 4.52125, 4.52852, 4.53589, 4.54335, 4.5509, 4.55854, 4.56629, 4.57413, 4.58208, 4.59013, 4.59829, 4.60655, 4.61492, 4.6234, 4.63199, 4.6407, 4.64953, 4.65848, 4.66755, 4.67674, 4.68606, 4.6955, 4.70508, 4.71479, 4.72464, 4.73463, 4.74476, 4.75504, 4.76546, 4.77604, 4.78677, 4.79766, 4.8087, 4.81992, 4.8313, 4.84285, 4.85458, 4.86648, 4.87857, 4.89085, 4.90332, 4.91598, 4.92885, 4.94192, 4.9552, 4.96869, 4.98241, 4.99635, 5.01052, 5.02493, 5.03958, 5.05448, 5.06963, 5.08505, 5.10073, 5.11669, 5.13293, 5.14947, 5.1663, 5.18343, 5.20088, 5.21866, 5.23676, 5.25521, 5.27401, 5.29318, 5.31271, 5.33263, 5.35295, 5.37367, 5.39482, 5.41639, 5.43842, 5.46091, 5.48387, 5.50733, 5.53129, 5.55579, 5.58082, 5.60643, 5.63261, 5.6594, 5.68682, 5.71489, 5.74363, 5.77307, 5.80324, 5.83417, 5.86588, 5.89841, 5.9318, 5.96607, 6.00127, 6.03743, 6.07461, 6.11284, 6.15217, 6.19266, 6.23436, 6.27733, 6.32163, 6.36733, 6.41451, 6.46324, 6.51361, 6.5657, 6.61962, 6.67547, 6.73337, 6.79345, 6.85583, 6.92067, 6.98813, 7.05839, 7.13165, 7.20812, 7.28805, 7.3717, 7.45937, 7.5514, 7.64815, 7.75005, 7.85759, 7.97129, 8.09181, 8.21985, 8.35626, 8.50203, 8.65835, 8.82662, 9.00856, 9.2063, 9.42253, 9.66067, 9.92519, 10.2218, 10.5579, 10.9421, 11.3841, 11.8923, 12.4707, 13.1132, 13.7971, 14.4764, 15.079, 15.5096, 15.6619, 15.4384, 14.7745, 13.6594, 12.1406, 10.3622, 8.45543, 6.58043, 4.87479, 3.43202, 2.29334, 1.45294, 0.871985, 0.495375, 0.266233, 0.135292, 0.0649792, 0.0294852, 0.0126357, 0.00511162, 0.00195029, 0.000700166, 0.000234564, 7.07278e-05, 1.48114e-05, 3.78107e-06, 1.04027e-06, 2.69681e-07, 6.58696e-08, 1.51583e-08, 3.28657e-09, 6.71376e-10, 1.29216e-10, 2.34315e-11, 4.00322e-12, 6.44391e-13, 9.77278e-14, 1.39642e-14, 1.87993e-15, 2.3845e-16, 2.84959e-17, 3.20845e-18, 3.40359e-19, 3.4018e-20, 3.20337e-21, 2.84207e-22, 2.3757e-23, 1.87101e-24, 1.38832e-25, 9.7058e-27, 6.39295e-28, 3.96734e-29, 2.31967e-30, 1.27785e-31, 6.63227e-33, 3.24319e-34, 1.49421e-35, 6.486e-37, 2.6526e-38, 1.0221e-39, 3.71058e-41, 1.26917e-42, 4.09001e-44, 1.24181e-45, 3.55235e-47, 9.57421e-49, 2.43118e-50, 5.81647e-52, 1.31108e-53, 2.78435e-55, 5.57119e-57, 1.05026e-58, 1.86541e-60, 3.12162e-62, 4.92165e-64, 7.31086e-66, 1.02318e-67, 1.34916e-69, 1.67611e-71, 1.96185e-73, 2.1635e-75, 2.24789e-77, 2.20049e-79, 2.0295e-81, 1.76354e-83, 1.4438e-85, 1.11367e-87, 8.09339e-90, 5.54155e-92, 3.57485e-94, 2.17275e-96, 1.2442e-98, 6.71264e-101, 3.41211e-103, 1.6341e-105, 7.37326e-108, 3.13449e-110, 1.25545e-112, 4.73757e-115, 1.68438e-117, 5.64218e-120, 1.78066e-122, 5.29467e-125, 1.48328e-127, 3.915e-130, 9.73566e-133, 2.28099e-135, 5.03509e-138, 1.04717e-140, 2.05187e-143, 3.78797e-146, 6.58854e-149, 1.07968e-151, 1.66697e-154, 2.42485e-157, 3.32326e-160, 4.29111e-163, 5.22034e-166, 5.98345e-169, 6.46144e-172, 6.57402e-175, 6.30169e-178, 5.69124e-181, 4.84262e-184, 3.8822e-187, 2.93224e-190, 2.08663e-193, 1.39899e-196, 8.83703e-200, 5.25924e-203, 2.94892e-206, 1.55785e-209, 7.75377e-213, 3.63599e-216, 1.60641e-219, 6.68673e-223, 2.62237e-226, 9.68941e-230, 3.37306e-233, 1.1063e-236, 3.41858e-240, 9.95272e-244, 2.72999e-247
3.93995, 3.94095, 3.94197, 3.943, 3.94404, 3.94509, 3.94615, 3.94723, 3.94831, 3.94941, 3.95052, 3.95164, 3.95277, 3.95391, 3.95506, 3.95623, 3.95741, 3.9586, 3.95981, 3.96102, 3.96225, 3.9635, 3.96475, 3.96602, 3.9673, 3.96859, 3.9699, 3.97122, 3.97255, 3.9739, 3.97526, 3.97664, 3.97802, 3.97943, 3.98084, 3.98228, 3.98372, 3.98518, 3.98666, 3.98815, 3.98965, 3.99117, 3.9927, 3.99425, 3.99582, 3.9974, 3.999, 4.00061, 4.00224, 4.00389, 4.00555, 4.00722, 4.00892, 4.01063, 4.01236, 4.0141, 4.01587, 4.01765, 4.01944, 4.02126, 4.02309, 4.02494, 4.02681, 4.0287, 4.03061, 4.03253, 4.03448, 4.03644, 4.03842, 4.04042, 4.04244, 4.04449, 4.04655, 4.04863, 4.05073, 4.05285, 4.055, 4.05716, 4.05935, 4.06156, 4.06379, 4.06604, 4.06831, 4.07061, 4.07292, 4.07527, 4.07763, 4.08002, 4.08243, 4.08486, 4.08732, 4.0898, 4.09231, 4.09484, 4.0974, 4.09998, 4.10259, 4.10523, 4.10789, 4.11057, 4.11329, 4.11603, 4.1188, 4.12159, 4.12441, 4.12727, 4.13014, 4.13305, 4.13599, 4.13896, 4.14196, 4.14498, 4.14804, 4.15113, 4.15425, 4.1574, 4.16058, 4.1638, 4.16705, 4.17033, 4.17364, 4.17699, 4.18037, 4.18379, 4.18724, 4.19073, 4.19425, 4.19781, 4.20141, 4.20504, 4.20871, 4.21242, 4.21617, 4.21995, 4.22378, 4.22764, 4.23155, 4.2355, 4.23949, 4.24352, 4.24759, 4.25171, 4.25587, 4.26007, 4.26432, 4.26862, 4.27296, 4.27735, 4.28178, 4.28626, 4.29079, 4.29537, 4.3, 4.30468, 4.30942, 4.3142, 4.31904, 4.32393, 4.32887, 4.33387, 4.33892, 4.34403, 4.3492, 4.35443, 4.35971, 4.36506, 4.37046, 4.37593, 4.38146, 4.38705, 4.39271, 4.39843, 4.40422, 4.41007, 4.41599, 4.42199, 4.42805, 4.43418, 4.44039, 4.44667, 4.45303, 4.45946, 4.46597, 4.47256, 4.47922, 4.48597, 4.4928, 4.49971, 4.50671, 4.5138, 4.52097, 4.52824, 4.53559, 4.54304, 4.55058, 4.55821, 4.56595, 4.57378, 4.58171, 4.58975, 4.59789, 4.60614, 4.61449, 4.62296, 4.63154, 4.64023, 4.64904, 4.65797, 4.66701, 4.67619, 4.68548, 4.69491, 4.70447, 4.71416, 4.72398, 4.73394, 4.74405, 4.7543, 4.76469, 4.77524, 4.78594, 4.7968, 4.80781, 4.81899, 4.83034, 4.84185, 4.85354, 4.86541, 4.87746, 4.88969, 4.90212, 4.91474, 4.92756, 4.94058, 4.95381, 4.96725, 4.98091, 4.99479, 5.00891, 5.02325, 5.03784, 5.05268, 5.06776, 5.08311, 5.09872, 5.1146, 5.13076, 5.14721, 5.16396, 5.181, 5.19836, 5.21604, 5.23405, 5.25239, 5.27108, 5.29013, 5.30955, 5.32935, 5.34954, 5.37013, 5.39113, 5.41257, 5.43444, 5.45677, 5.47957, 5.50285, 5.52664, 5.55094, 5.57579, 5.60118, 5.62715, 5.65372, 5.6809, 5.70872, 5.7372, 5.76637, 5.79625, 5.82688, 5.85828, 5.89047, 5.92351, 5.95741, 5.99222, 6.02797, 6.06472, 6.10249, 6.14134, 6.18131, 6.22247, 6.26486, 6.30856, 6.35361, 6.4001, 6.4481, 6.49768, 6.54894, 6.60196, 6.65686, 6.71373, 6.7727, 6.8339, 6.89747, 6.96355, 7.03233, 7.10398, 7.17871, 7.25673, 7.33831, 7.42372, 7.51326, 7.60728, 7.70617, 7.81036, 7.92035, 8.03672, 8.1601, 8.29126, 8.43107, 8.58057, 8.74098, 8.91379, 9.10079, 9.30421, 9.5269, 9.77249, 10.0457, 10.3529, 10.702, 11.1029, 11.5667, 12.1042, 12.7218, 13.4163, 14.1668, 14.928, 15.6254, 16.1577, 16.409, 16.2695, 15.6626, 14.5682, 13.0365, 11.1836, 9.17041, 7.17028, 5.3355, 3.77236, 2.53099, 1.60971, 0.969633, 0.552793, 0.298094, 0.151973, 0.0732179, 0.0333231, 0.0143216, 0.00580995, 0.00222301, 0.000800519, 0.000269399, 8.19245e-05, 1.7863e-05, 4.62054e-06, 1.27213e-06, 3.29989e-07, 8.06486e-08, 1.85705e-08, 4.02884e-09, 8.23504e-10, 1.58592e-10, 2.87756e-11, 4.91924e-12, 7.92319e-13, 1.20235e-13, 1.71906e-14, 2.31569e-15, 2.93899e-16, 3.51434e-17, 3.95931e-18, 4.20265e-19, 4.20296e-20, 3.96019e-21, 3.51564e-22, 2.94051e-23, 2.31722e-24, 1.72045e-25, 1.20349e-26, 7.93184e-28, 4.92529e-29, 2.8815e-30, 1.5883e-31, 8.24848e-33, 4.03593e-34, 1.86055e-35, 8.081e-37, 3.30687e-38, 1.27496e-39, 4.63132e-41, 1.58504e-42, 5.11094e-44, 1.55271e-45, 4.44433e-47, 1.19853e-48, 3.04523e-50, 7.28982e-52, 1.64415e-53, 3.49375e-55, 6.99471e-57, 1.31939e-58, 2.3448e-60, 3.92611e-62, 6.19365e-64, 9.20571e-66, 1.28912e-67, 1.70082e-69, 2.1142e-71, 2.47606e-73, 2.73214e-75, 2.84035e-77, 2.78205e-79, 2.56734e-81, 2.23218e-83, 1.82852e-85, 1.41123e-87, 1.02617e-89, 7.0302e-92, 4.53775e-94, 2.75956e-96, 1.58112e-98, 8.53519e-101, 4.34098e-103, 2.08012e-105, 9.39103e-108, 3.99451e-110, 1.6008e-112, 6.04419e-115, 2.15012e-117, 7.20631e-120, 2.27555e-122, 6.76996e-125, 1.89762e-127, 5.01139e-130, 1.2469e-132, 2.923e-135, 6.4558e-138, 1.34337e-140, 2.6337e-143, 4.86474e-146, 8.466e-149, 1.3881e-151, 2.14431e-154, 3.12088e-157, 4.27949e-160, 5.52879e-163, 6.72964e-166, 7.71751e-169, 8.33847e-172, 8.48827e-175, 8.14096e-178, 7.35623e-181, 6.26265e-184, 5.02325e-187, 3.79608e-190, 2.70276e-193, 1.81303e-196, 1.14584e-199, 6.82285e-203, 3.82764e-206, 2.02311e-209, 1.00747e-212, 4.72678e-216, 2.08941e-219, 8.70167e-223, 3.41433e-226, 1.26221e-229, 4.3962e-233, 1.44261e-236, 4.46006e-240, 1.29914e-243, 3.56528e-247
209.29
176.87
 
MEASUREMENT 31
1.56305, 4.67879, 7.79453, 10.9103, 14.0312, 17.1469, 20.2679, 23.3784, 26.4796, 29.5859, 32.6913, 35.8071, 38.9228, 42.0385, 45.1595, 48.2752, 51.3909, 54.5067, 57.6224, 60.7381, 63.8435, 66.9593, 70.0698, 73.1752, 76.2806, 79.3859, 82.4913, 85.5967, 88.7021, 91.8074, 94.9128, 98.0182, 101.1, 104.148, 107.196, 110.244, 113.292, 116.339, 119.387, 122.435, 125.483, 128.531, 131.574, 134.622, 137.67, 140.718, 143.766, 146.814, 149.861, 152.909, 155.957, 159.005, 162.053, 165.101, 168.149, 171.197, 174.245, 177.293, 180.341, 183.389, 186.436, 189.484, 192.532, 195.58, 198.621, 201.655, 204.688, 207.722, 210.756, 213.794, 216.838, 219.882, 222.926, 225.97, 229.014, 232.058, 235.102, 238.145, 241.189, 244.233, 247.277, 250.321, 253.37, 256.424, 259.478, 262.532, 265.586, 268.64, 271.695, 274.749, 277.803, 280.857, 283.911, 286.97, 290.035, 293.099
3.48486, 3.49882, 3.48881, 3.69657, 3.48244, 3.52351, 3.81806, 3.81356, 3.75774, 3.8024, 3.85592, 3.93824, 3.94719, 3.99035, 3.98902, 3.99124, 4.15673, 4.19186, 4.26891, 4.30367, 3.80332, 4.26591, 4.29313, 4.25685, 4.37204, 4.38404, 4.41422, 4.40554, 4.46381, 4.12682, 4.53161, 3.94016, 4.55387, 4.5532, 4.59405, 4.61563, 4.64114, 4.68057, 4.72149, 4.74532, 4.76401, 4.81437, 4.87931, 4.89287, 4.94875, 5.02058, 5.09722, 5.14272, 5.18941, 5.24362, 5.35256, 5.44282, 5.55364, 5.6251, 5.74278, 6.01557, 6.10576, 6.19372, 6.43617, 6.73648, 6.98188, 7.42449, 7.85584, 8.71474, 11.0863, 12.6594, 14.281, 12.9921, 6.67908, 1.48845, 0.102543, -0.012644, -0.0360547, -0.0470949, -0.0405602, -0.0171353, -0.0286352, -0.0228124, -0.0551379, -0.0377461, -0.0660763, -0.0796034, -0.0616067, -0.0336077, -0.044315, -0.0581524, -0.0316125, -0.0280915, -0.0260089, -0.019251, -0.0235442, -0.0351213, -0.0496071, -0.0393825, -0.0649473, -0.0937876
0.104546, 0.104965, 0.104664, 0.110897, 0.104473, 0.105705, 0.114542, 0.114407, 0.112732, 0.114072, 0.115678, 0.118147, 0.118416, 0.11971, 0.119671, 0.119737, 0.124702, 0.125756, 0.128067, 0.12911, 0.1141, 0.127977, 0.128794, 0.127705, 0.131161, 0.131521, 0.132427, 0.132166, 0.133914, 0.123805, 0.135948, 0.118205, 0.136616, 0.136596, 0.137822, 0.138469, 0.139234, 0.140417, 0.141645, 0.14236, 0.14292, 0.144431, 0.146379, 0.146786, 0.148463, 0.150617, 0.152917, 0.154282, 0.155682, 0.157309, 0.160577, 0.163285, 0.166609, 0.168753, 0.172283, 0.180467, 0.183173, 0.185812, 0.193085, 0.202095, 0.209456, 0.222735, 0.235675, 0.261442, 0.332589, 0.379781, 0.428429, 0.389763, 0.200372, 0.0446536, 0.00307629, 0.00037932, 0.00108164, 0.00141285, 0.0012168, 0.000514058, 0.000859057, 0.000684371, 0.00165414, 0.00113238, 0.00198229, 0.0023881, 0.0018482, 0.00100823, 0.00132945, 0.00174457, 0.000948376, 0.000842746, 0.000780267, 0.000577529, 0.000706325, 0.00105364, 0.00148821, 0.00118148, 0.00194842, 0.00281363
0, 0.613815, 1.22763, 1.84144, 2.45526, 3.06907, 3.68289, 4.2967, 4.91052, 5.52433, 6.13815, 6.75196, 7.36578, 7.97959, 8.59341, 9.20722, 9.82104, 10.4349, 11.0487, 11.6625, 12.2763, 12.8901, 13.5039, 14.1177, 14.7316, 15.3454, 15.9592, 16.573, 17.1868, 17.8006, 18.4144, 19.0283, 19.6421, 20.2559, 20.8697, 21.4835, 22.0973, 22.7111, 23.325, 23.9388, 24.5526, 25.1664, 25.7802, 26.394, 27.0078, 27.6217, 28.2355, 28.8493, 29.4631, 30.0769, 30.6907, 31.3046, 31.9184, 32.5322, 33.146, 33.7598, 34.3736, 34.9874, 35.6013, 36.2151, 36.8289, 37.4427, 38.0565, 38.6703, 39.2841, 39.898, 40.5118, 41.1256, 41.7394, 42.3532, 42.967, 43.5808, 44.1947, 44.8085, 45.4223, 46.0361, 46.6499, 47.2637, 47.8775, 48.4914, 49.1052, 49.719, 50.3328, 50.9466, 51.5604, 52.1743, 52.7881, 53.4019, 54.0157, 54.6295, 55.2433, 55.8571, 56.471, 57.0848, 57.6986, 58.3124, 58.9262, 59.54, 60.1538, 60.7677, 61.3815, 61.9953, 62.6091, 63.2229, 63.8367, 64.4505, 65.0644, 65.6782, 66.292, 66.9058, 67.5196, 68.1334, 68.7473, 69.3611, 69.9749, 70.5887, 71.2025, 71.8163, 72.4301, 73.044, 73.6578, 74.2716, 74.8854, 75.4992, 76.113, 76.7268, 77.3407, 77.9545, 78.5683, 79.1821, 79.7959, 80.4097, 81.0235, 81.6374, 82.2512, 82.865, 83.4788, 84.0926, 84.7064, 85.3202, 85.9341, 86.5479, 87.1617, 87.7755, 88.3893, 89.0031, 89.617, 90.2308, 90.8446, 91.4584, 92.0722, 92.686, 93.2998, 93.9137, 94.5275, 95.1413, 95.7551, 96.3689, 96.9827, 97.5965, 98.2104, 98.8242, 99.438, 100.052, 100.666, 101.279, 101.893, 102.507, 103.121, 103.735, 104.349, 104.962, 105.576, 106.19, 106.804, 107.418, 108.031, 108.645, 109.259, 109.873, 110.487, 111.1, 111.714, 112.328, 112.942, 113.556, 114.17, 114.783, 115.397, 116.011, 116.625, 117.239, 117.852, 118.466, 119.08, 119.694, 120.308, 120.922, 121.535, 122.149, 122.763, 123.377, 123.991, 124.604, 125.218, 125.832, 126.446, 127.06, 127.673, 128.287, 128.901, 129.515, 130.129, 130.743, 131.356, 131.97, 132.584, 133.198, 133.812, 134.425, 135.039, 135.653, 136.267, 136.881, 137.495, 138.108, 138.722, 139.336, 139.95, 140.564, 141.177, 141.791, 142.405, 143.019, 143.633, 144.246, 144.86, 145.474, 146.088, 146.702, 147.316, 147.929, 148.543, 149.157, 149.771, 150.385, 150.998, 151.612, 152.226, 152.84, 153.454, 154.068, 154.681, 155.295, 155.909, 156.523, 157.137, 157.75, 158.364, 158.978, 159.592, 160.206, 160.819, 161.433, 162.047, 162.661, 163.275, 163.889, 164.502, 165.116, 165.73, 166.344, 166.958, 167.571, 168.185, 168.799, 169.413, 170.027, 170.64, 171.254, 171.868, 172.482, 173.096, 173.71, 174.323, 174.937, 175.551, 176.165, 176.779, 177.392, 178.006, 178.62, 179.234, 179.848, 180.462, 181.075, 181.689, 182.303, 182.917, 183.531, 184.144, 184.758, 185.372, 185.986, 186.6, 187.213, 187.827, 188.441, 189.055, 189.669, 190.283, 190.896, 191.51, 192.124, 192.738, 193.352, 193.965, 194.579, 195.193, 195.807, 196.421, 197.035, 197.648, 198.262, 198.876, 199.49, 200.104, 200.717, 201.331, 201.945, 202.559, 203.173, 203.786, 204.4, 205.014, 205.628, 206.242, 206.856, 207.469, 208.083, 208.697, 209.311, 209.925, 210.538, 211.152, 211.766, 212.38, 212.994, 213.608, 214.221, 214.835, 215.449, 216.063, 216.677, 217.29, 217.904, 218.518, 219.132, 219.746, 220.359, 220.973, 221.587, 222.201, 222.815, 223.429, 224.042, 224.656, 225.27, 225.884, 226.498, 227.111, 227.725, 228.339, 228.953, 229.567, 230.181, 230.794, 231.408, 232.022, 232.636, 233.25, 233.863, 234.477, 235.091, 235.705, 236.319, 236.932, 237.546, 238.16, 238.774, 239.388, 240.002, 240.615, 241.229, 241.843, 242.457, 243.071, 243.684, 244.298, 244.912, 245.526, 246.14, 246.754, 247.367, 247.981, 248.595, 249.209, 249.823, 250.436, 251.05, 251.664, 252.278, 252.892, 253.505, 254.119, 254.733, 255.347, 255.961, 256.575, 257.188, 257.802, 258.416, 259.03, 259.644, 260.257, 260.871, 261.485, 262.099, 262.713, 263.327, 263.94, 264.554, 265.168, 265.782, 266.396, 267.009, 267.623, 268.237, 268.851, 269.465, 270.078, 270.692, 271.306, 271.92, 272.534, 273.148, 273.761, 274.375, 274.989, 275.603, 276.217, 276.83, 277.444, 278.058, 278.672, 279.286, 279.9, 280.513, 281.127, 281.741, 282.355, 282.969, 283.582, 284.196, 284.81, 285.424, 286.038, 286.651, 287.265, 287.879, 288.493, 289.107, 289.721, 290.334, 290.948, 291.562, 292.176, 292.79, 293.403, 294.017
3.93791, 3.9389, 3.9399, 3.94091, 3.94193, 3.94296, 3.944, 3.94505, 3.94611, 3.94719, 3.94828, 3.94938, 3.95049, 3.95161, 3.95274, 3.95389, 3.95505, 3.95622, 3.9574, 3.95859, 3.9598, 3.96102, 3.96225, 3.9635, 3.96475, 3.96603, 3.96731, 3.96861, 3.96992, 3.97124, 3.97258, 3.97393, 3.9753, 3.97668, 3.97807, 3.97948, 3.9809, 3.98233, 3.98378, 3.98525, 3.98673, 3.98823, 3.98974, 3.99126, 3.9928, 3.99436, 3.99593, 3.99752, 3.99912, 4.00074, 4.00237, 4.00402, 4.00569, 4.00738, 4.00908, 4.0108, 4.01253, 4.01429, 4.01606, 4.01784, 4.01965, 4.02147, 4.02331, 4.02517, 4.02705, 4.02895, 4.03086, 4.0328, 4.03475, 4.03672, 4.03871, 4.04072, 4.04276, 4.04481, 4.04688, 4.04897, 4.05108, 4.05322, 4.05537, 4.05755, 4.05975, 4.06197, 4.06421, 4.06647, 4.06876, 4.07106, 4.0734, 4.07575, 4.07813, 4.08053, 4.08295, 4.0854, 4.08787, 4.09037, 4.09289, 4.09544, 4.09801, 4.10061, 4.10324, 4.10589, 4.10856, 4.11127, 4.114, 4.11675, 4.11954, 4.12235, 4.12519, 4.12806, 4.13096, 4.13389, 4.13685, 4.13983, 4.14285, 4.1459, 4.14898, 4.15209, 4.15523, 4.1584, 4.16161, 4.16484, 4.16811, 4.17142, 4.17476, 4.17813, 4.18154, 4.18498, 4.18846, 4.19197, 4.19552, 4.1991, 4.20273, 4.20639, 4.21009, 4.21383, 4.2176, 4.22142, 4.22527, 4.22917, 4.23311, 4.23709, 4.24111, 4.24517, 4.24928, 4.25343, 4.25763, 4.26187, 4.26615, 4.27048, 4.27486, 4.27929, 4.28376, 4.28828, 4.29285, 4.29748, 4.30215, 4.30687, 4.31165, 4.31647, 4.32135, 4.32629, 4.33128, 4.33633, 4.34143, 4.34659, 4.3518, 4.35708, 4.36242, 4.36782, 4.37327, 4.3788, 4.38438, 4.39003, 4.39574, 4.40152, 4.40737, 4.41329, 4.41927, 4.42533, 4.43146, 4.43766, 4.44393, 4.45028, 4.45671, 4.46321, 4.46979, 4.47645, 4.4832, 4.49002, 4.49693, 4.50393, 4.51101, 4.51818, 4.52544, 4.53279, 4.54023, 4.54777, 4.5554, 4.56313, 4.57096, 4.57889, 4.58693, 4.59507, 4.60331, 4.61167, 4.62013, 4.62871, 4.63741, 4.64622, 4.65514, 4.6642, 4.67337, 4.68267, 4.6921, 4.70166, 4.71135, 4.72118, 4.73115, 4.74126, 4.75152, 4.76192, 4.77248, 4.78319, 4.79405, 4.80508, 4.81627, 4.82763, 4.83916, 4.85086, 4.86274, 4.87481, 4.88706, 4.8995, 4.91214, 4.92498, 4.93802, 4.95127, 4.96474, 4.97843, 4.99234, 5.00648, 5.02086, 5.03547, 5.05034, 5.06546, 5.08084, 5.09649, 5.11242, 5.12862, 5.14512, 5.16191, 5.17901, 5.19642, 5.21415, 5.23222, 5.25063, 5.26938, 5.2885, 5.30799, 5.32786, 5.34813, 5.36881, 5.3899, 5.41142, 5.43339, 5.45583, 5.47873, 5.50213, 5.52604, 5.55047, 5.57544, 5.60098, 5.62709, 5.65381, 5.68116, 5.70915, 5.73782, 5.76718, 5.79727, 5.82811, 5.85973, 5.89217, 5.92545, 5.95963, 5.99472, 6.03078, 6.06784, 6.10595, 6.14516, 6.18553, 6.22709, 6.26993, 6.31408, 6.35964, 6.40666, 6.45522, 6.50541, 6.55732, 6.61105, 6.6667, 6.72438, 6.78422, 6.84636, 6.91095, 6.97814, 7.04811, 7.12106, 7.1972, 7.27678, 7.36005, 7.44731, 7.53889, 7.63516, 7.73654, 7.84351, 7.95659, 8.07641, 8.20369, 8.33925, 8.48407, 8.63931, 8.80634, 8.98687, 9.18295, 9.3972, 9.63296, 9.89457, 10.1876, 10.5193, 10.8983, 11.3344, 11.8367, 12.41, 13.05, 13.7357, 14.4232, 15.0412, 15.4941, 15.673, 15.4763, 14.8343, 13.732, 12.2156, 10.4263, 8.50261, 6.60777, 4.88381, 3.42726, 2.28055, 1.43733, 0.857248, 0.483468, 0.257674, 0.129715, 0.0616498, 0.027652, 0.0117006, 0.00466828, 0.00175448, 0.000619443, 0.000203411, 5.93589e-05, 1.09077e-05, 3.12116e-06, 8.40446e-07, 2.13003e-07, 5.08046e-08, 1.14041e-08, 2.40912e-09, 4.78958e-10, 8.96142e-11, 1.57796e-11, 2.61491e-12, 4.07809e-13, 5.98546e-14, 8.26758e-15, 1.07473e-15, 1.3148e-16, 1.51378e-17, 1.64022e-18, 1.67257e-19, 1.60511e-20, 1.44966e-21, 1.23216e-22, 9.85612e-24, 7.41969e-25, 5.25661e-26, 3.50481e-27, 2.19919e-28, 1.29867e-29, 7.21734e-31, 3.7748e-32, 1.85802e-33, 8.60685e-35, 3.75213e-36, 1.5394e-37, 5.94378e-39, 2.1598e-40, 7.38589e-42, 2.37701e-43, 7.19943e-45, 2.05212e-46, 5.50488e-48, 1.38973e-49, 3.30181e-51, 7.38264e-53, 1.55349e-54, 3.07642e-56, 5.7335e-58, 1.00562e-59, 1.6599e-61, 2.57853e-63, 3.76963e-65, 5.18636e-67, 6.7153e-69, 8.18286e-71, 9.38389e-73, 1.01274e-74, 1.02861e-76, 9.832e-79, 8.84443e-81, 7.48747e-83, 5.96537e-85, 4.47278e-87, 3.15613e-89, 2.09589e-91, 1.30984e-93, 7.70385e-96, 4.26416e-98, 2.22124e-100, 1.08891e-102, 5.02376e-105, 2.18123e-107, 8.91272e-110, 3.42733e-112, 1.24033e-114, 4.22431e-117, 1.35397e-119, 4.08414e-122, 1.15939e-124, 3.09736e-127, 7.78737e-130, 1.84258e-132, 4.10296e-135, 8.59815e-138, 1.6957e-140, 3.14722e-143, 5.49721e-146, 9.03634e-149, 1.39791e-151, 2.03517e-154, 2.78841e-157, 3.59542e-160, 4.36292e-163, 4.98242e-166, 5.35475e-169, 5.41592e-172, 5.15515e-175, 4.61791e-178, 3.893e-181, 3.08857e-184, 2.30604e-187, 1.62035e-190, 1.07149e-193, 6.66809e-197, 3.90525e-200, 2.15244e-203, 1.11647e-206, 5.45004e-210, 2.50372e-213, 1.08244e-216, 4.40413e-220, 1.68635e-223, 6.07675e-227, 2.06077e-230, 6.57688e-234, 1.97535e-237, 5.58347e-241, 1.48524e-244, 3.71813e-248, 8.75962e-252
3.93791, 3.93892, 3.93994, 3.94096, 3.942, 3.94305, 3.94411, 3.94518, 3.94627, 3.94736, 3.94847, 3.94959, 3.95072, 3.95186, 3.95302, 3.95418, 3.95536, 3.95655, 3.95775, 3.95897, 3.9602, 3.96144, 3.96269, 3.96396, 3.96524, 3.96653, 3.96783, 3.96915, 3.97049, 3.97183, 3.97319, 3.97456, 3.97595, 3.97735, 3.97877, 3.9802, 3.98164, 3.9831, 3.98457, 3.98606, 3.98757, 3.98908, 3.99062, 3.99217, 3.99373, 3.99531, 3.99691, 3.99852, 4.00014, 4.00179, 4.00345, 4.00512, 4.00682, 4.00853, 4.01025, 4.012, 4.01376, 4.01553, 4.01733, 4.01914, 4.02097, 4.02282, 4.02469, 4.02658, 4.02848, 4.0304, 4.03235, 4.03431, 4.03629, 4.03829, 4.04031, 4.04235, 4.04441, 4.04649, 4.04859, 4.05071, 4.05285, 4.05501, 4.0572, 4.0594, 4.06163, 4.06388, 4.06615, 4.06844, 4.07076, 4.0731, 4.07546, 4.07784, 4.08025, 4.08268, 4.08514, 4.08762, 4.09013, 4.09266, 4.09521, 4.09779, 4.1004, 4.10303, 4.10569, 4.10837, 4.11108, 4.11382, 4.11658, 4.11938, 4.1222, 4.12504, 4.12792, 4.13083, 4.13376, 4.13673, 4.13972, 4.14274, 4.1458, 4.14888, 4.152, 4.15515, 4.15833, 4.16154, 4.16479, 4.16806, 4.17137, 4.17472, 4.1781, 4.18151, 4.18496, 4.18844, 4.19196, 4.19552, 4.19911, 4.20274, 4.20641, 4.21011, 4.21386, 4.21764, 4.22146, 4.22532, 4.22922, 4.23317, 4.23715, 4.24118, 4.24525, 4.24936, 4.25352, 4.25772, 4.26196, 4.26625, 4.27059, 4.27497, 4.2794, 4.28388, 4.28841, 4.29298, 4.29761, 4.30228, 4.30701, 4.31179, 4.31662, 4.32151, 4.32644, 4.33144, 4.33649, 4.34159, 4.34675, 4.35197, 4.35725, 4.36259, 4.36799, 4.37345, 4.37898, 4.38456, 4.39021, 4.39593, 4.40171, 4.40756, 4.41348, 4.41946, 4.42552, 4.43165, 4.43785, 4.44412, 4.45047, 4.45689, 4.46339, 4.46997, 4.47663, 4.48337, 4.4902, 4.4971, 4.50409, 4.51117, 4.51834, 4.52559, 4.53294, 4.54037, 4.54791, 4.55553, 4.56326, 4.57108, 4.57901, 4.58703, 4.59517, 4.6034, 4.61175, 4.6202, 4.62877, 4.63746, 4.64625, 4.65517, 4.66421, 4.67337, 4.68266, 4.69207, 4.70162, 4.71129, 4.72111, 4.73106, 4.74115, 4.75139, 4.76177, 4.7723, 4.78299, 4.79383, 4.80484, 4.816, 4.82733, 4.83883, 4.85051, 4.86236, 4.87439, 4.88661, 4.89902, 4.91162, 4.92443, 4.93743, 4.95064, 4.96407, 4.97771, 4.99157, 5.00567, 5.02, 5.03456, 5.04938, 5.06444, 5.07977, 5.09536, 5.11122, 5.12736, 5.14378, 5.1605, 5.17753, 5.19486, 5.21251, 5.23049, 5.24881, 5.26747, 5.28649, 5.30588, 5.32565, 5.34581, 5.36637, 5.38734, 5.40874, 5.43058, 5.45287, 5.47563, 5.49888, 5.52263, 5.54689, 5.57169, 5.59705, 5.62297, 5.64949, 5.67663, 5.7044, 5.73283, 5.76195, 5.79178, 5.82235, 5.85368, 5.88582, 5.91879, 5.95263, 5.98737, 6.02306, 6.05972, 6.09742, 6.13619, 6.17608, 6.21715, 6.25945, 6.30305, 6.34801, 6.39439, 6.44227, 6.49174, 6.54288, 6.59577, 6.65053, 6.70726, 6.76608, 6.82712, 6.89051, 6.95641, 7.02499, 7.09643, 7.17094, 7.24873, 7.33004, 7.41517, 7.50441, 7.5981, 7.69663, 7.80042, 7.90999, 8.02587, 8.14873, 8.2793, 8.41845, 8.5672, 8.72675, 8.89856, 9.0844, 9.28645, 9.50747, 9.75103, 10.0218, 10.3257, 10.6709, 11.0671, 11.5257, 12.058, 12.6717, 13.3653, 14.1203, 14.8935, 15.6115, 16.1725, 16.4576, 16.352, 15.7726, 14.6941, 13.1638, 11.298, 9.26163, 7.23353, 5.37171, 3.78671, 2.53058, 1.60146, 0.958879, 0.542807, 0.290335, 0.146657, 0.0699313, 0.0314658, 0.013355, 0.00534425, 0.00201458, 0.000713622, 0.000235516, 6.94489e-05, 1.34872e-05, 3.85322e-06, 1.03834e-06, 2.63326e-07, 6.28477e-08, 1.41165e-08, 2.98403e-09, 5.93637e-10, 1.11142e-10, 1.95829e-11, 3.24725e-12, 5.06752e-13, 7.44242e-14, 1.02866e-14, 1.33805e-15, 1.63799e-16, 1.88708e-17, 2.04602e-18, 2.08771e-19, 2.00479e-20, 1.81178e-21, 1.54093e-22, 1.23339e-23, 9.29089e-25, 6.58648e-26, 4.39429e-27, 2.75907e-28, 1.63033e-29, 9.06629e-31, 4.74484e-32, 2.33696e-33, 1.08323e-34, 4.7253e-36, 1.93989e-37, 7.49484e-39, 2.72513e-40, 9.32502e-42, 3.00297e-43, 9.10103e-45, 2.59578e-46, 6.96762e-48, 1.76011e-49, 4.18438e-51, 9.36185e-53, 1.9712e-54, 3.90604e-56, 7.28418e-58, 1.27839e-59, 2.11146e-61, 3.28201e-63, 4.80103e-65, 6.60946e-67, 8.56319e-69, 1.0441e-70, 1.19808e-72, 1.2938e-74, 1.31488e-76, 1.2576e-78, 1.13197e-80, 9.58878e-83, 7.64416e-85, 5.73499e-87, 4.04923e-89, 2.6906e-91, 1.68252e-93, 9.90172e-96, 5.48399e-98, 2.85837e-100, 1.40209e-102, 6.47249e-105, 2.81192e-107, 1.14966e-109, 4.42356e-112, 1.60181e-114, 5.45866e-117, 1.75064e-119, 5.28376e-122, 1.50081e-124, 4.01183e-127, 1.00924e-129, 2.38937e-132, 5.32364e-135, 1.11627e-137, 2.20274e-140, 4.09065e-143, 7.1492e-146, 1.17587e-148, 1.82009e-151, 2.65133e-154, 3.6347e-157, 4.68931e-160, 5.69356e-163, 6.50569e-166, 6.9958e-169, 7.07973e-172, 6.74264e-175, 6.04335e-178, 5.09753e-181, 4.04647e-184, 3.02293e-187, 2.12526e-190, 1.40615e-193, 8.7556e-197, 5.13066e-200, 2.8294e-203, 1.46842e-206, 7.172e-210, 3.29658e-213, 1.426e-216, 5.80512e-220, 2.224e-223, 8.01851e-227, 2.72073e-230, 8.68781e-234, 2.61077e-237, 7.38347e-241, 1.9651e-244, 4.92203e-248, 1.16021e-251
209.32
176.88
 
MEASUREMENT 32
1.56305, 4.67879, 7.79453, 10.9103, 14.0312, 17.1469, 20.2679, 23.3784, 26.4796, 29.5859, 32.6913, 35.8071, 38.9228, 42.0385, 45.1595, 48.2752, 51.3909, 54.5067, 57.6224, 60.7381, 63.8435, 66.9593, 70.0698, 73.1752, 76.2806, 79.3859, 82.4913, 85.5967, 88.7021, 91.8074, 94.9128, 98.0182, 101.1, 104.148, 107.196, 110.244, 113.292, 116.339, 119.387, 122.435, 125.483, 128.531, 131.574, 134.622, 137.67, 140.718, 143.766, 146.814, 149.861, 152.909, 155.957, 159.005, 162.053, 165.101, 168.149, 171.197, 174.245, 177.293, 180.341, 183.389, 186.436, 189.484, 192.532, 195.58, 198.621, 201.655, 204.688, 207.722, 210.756, 213.794, 216.838, 219.882, 222.926, 225.97, 229.014, 232.058, 235.102, 238.145, 241.189, 244.233, 247.277, 250.321, 253.37, 256.424, 259.478, 262.532, 265.586, 268.64, 271.695, 274.749, 277.803, 280.857, 283.911, 286.97, 290.035, 293.099
3.4789, 3.49627, 3.48755, 3.70091, 3.48228, 3.52605, 3.81354, 3.80874, 3.75289, 3.79655, 3.8498, 3.93798, 3.9458, 3.98763, 3.98841, 3.99426, 4.15549, 4.19274, 4.26533, 4.30962, 3.8226, 4.27064, 4.28936, 4.26255, 4.37278, 4.38488, 4.41199, 4.40208, 4.46252, 4.12262, 4.53396, 3.9266, 4.55571, 4.5535, 4.59564, 4.61473, 4.64175, 4.67669, 4.71992, 4.73883, 4.7616, 4.81818, 4.87992, 4.8882, 4.94632, 5.02082, 5.09516, 5.14053, 5.19166, 5.2452, 5.35165, 5.44376, 5.54803, 5.62979, 5.73843, 6.01327, 6.10044, 6.18937, 6.43252, 6.73346, 6.97298, 7.42451, 7.86213, 8.79555, 11.0855, 12.6523, 14.2778, 12.9805, 6.67122, 1.48119, 0.105193, -0.0147877, -0.0353524, -0.0448592, -0.0434028, -0.0225161, -0.0286525, -0.0262488, -0.0566904, -0.0384366, -0.0663533, -0.0815544, -0.0635186, -0.0356359, -0.0450138, -0.0571273, -0.0329677, -0.0311071, -0.0252642, -0.0208906, -0.0243061, -0.0351289, -0.0540149, -0.0418506, -0.0653718, -0.100171
0.104367, 0.104888, 0.104627, 0.111027, 0.104468, 0.105781, 0.114406, 0.114262, 0.112587, 0.113896, 0.115494, 0.118139, 0.118374, 0.119629, 0.119652, 0.119828, 0.124665, 0.125782, 0.12796, 0.129289, 0.114678, 0.128119, 0.128681, 0.127876, 0.131183, 0.131546, 0.13236, 0.132062, 0.133876, 0.123679, 0.136019, 0.117798, 0.136671, 0.136605, 0.137869, 0.138442, 0.139253, 0.140301, 0.141598, 0.142165, 0.142848, 0.144545, 0.146398, 0.146646, 0.148389, 0.150625, 0.152855, 0.154216, 0.15575, 0.157356, 0.160549, 0.163313, 0.166441, 0.168894, 0.172153, 0.180398, 0.183013, 0.185681, 0.192976, 0.202004, 0.209189, 0.222735, 0.235864, 0.263867, 0.332565, 0.379568, 0.428334, 0.389414, 0.200136, 0.0444356, 0.0031558, 0.00044363, 0.00106057, 0.00134578, 0.00130208, 0.000675483, 0.000859576, 0.000787463, 0.00170071, 0.0011531, 0.0019906, 0.00244663, 0.00190556, 0.00106908, 0.00135041, 0.00171382, 0.00098903, 0.000933212, 0.000757925, 0.000626717, 0.000729183, 0.00105387, 0.00162045, 0.00125552, 0.00196115, 0.00300513
0, 0.613815, 1.22763, 1.84144, 2.45526, 3.06907, 3.68289, 4.2967, 4.91052, 5.52433, 6.13815, 6.75196, 7.36578, 7.97959, 8.59341, 9.20722, 9.82104, 10.4349, 11.0487, 11.6625, 12.2763, 12.8901, 13.5039, 14.1177, 14.7316, 15.3454, 15.9592, 16.573, 17.1868, 17.8006, 18.4144, 19.0283, 19.6421, 20.2559, 20.8697, 21.4835, 22.0973, 22.7111, 23.325, 23.9388, 24.5526, 25.1664, 25.7802, 26.394, 27.0078, 27.6217, 28.2355, 28.8493, 29.4631, 30.0769, 30.6907, 31.3046, 31.9184, 32.5322, 33.146, 33.7598, 34.3736, 34.9874, 35.6013, 36.2151, 36.8289, 37.4427, 38.0565, 38.6703, 39.2841, 39.898, 40.5118, 41.1256, 41.7394, 42.3532, 42.967, 43.5808, 44.1947, 44.8085, 45.4223, 46.0361, 46.6499, 47.2637, 47.8775, 48.4914, 49.1052, 49.719, 50.3328, 50.9466, 51.5604, 52.1743, 52.7881, 53.4019, 54.0157, 54.6295, 55.2433, 55.8571, 56.471, 57.0848, 57.6986, 58.3124, 58.9262, 59.54, 60.1538, 60.7677, 61.3815, 61.9953, 62.6091, 63.2229, 63.8367, 64.4505, 65.0644, 65.6782, 66.292, 66.9058, 67.5196, 68.1334, 68.7473, 69.3611, 69.9749, 70.5887, 71.2025, 71.8163, 72.4301, 73.044, 73.6578, 74.2716, 74.8854, 75.4992, 76.113, 76.7268, 77.3407, 77.9545, 78.5683, 79.1821, 79.7959, 80.4097, 81.0235, 81.6374, 82.2512, 82.865, 83.4788, 84.0926, 84.7064, 85.3202, 85.9341, 86.5479, 87.1617, 87.7755, 88.3893, 89.0031, 89.617, 90.2308, 90.8446, 91.4584, 92.0722, 92.686, 93.2998, 93.9137, 94.5275, 95.1413, 95.7551, 96.3689, 96.9827, 97.5965, 98.2104, 98.8242, 99.438, 100.052, 100.666, 101.279, 101.893, 102.507, 103.121, 103.735, 104.349, 104.962, 105.576, 106.19, 106.804, 107.418, 108.031, 108.645, 109.259, 109.873, 110.487, 111.1, 111.714, 112.328, 112.942, 113.556, 114.17, 114.783, 115.397, 116.011, 116.625, 117.239, 117.852, 118.466, 119.08, 119.694, 120.308, 120.922, 121.535, 122.149, 122.763, 123.377, 123.991, 124.604, 125.218, 125.832, 126.446, 127.06, 127.673, 128.287, 128.901, 129.515, 130.129, 130.743, 131.356, 131.97, 132.584, 133.198, 133.812, 134.425, 135.039, 135.653, 136.267, 136.881, 137.495, 138.108, 138.722, 139.336, 139.95, 140.564, 141.177, 141.791, 142.405, 143.019, 143.633, 144.246, 144.86, 145.474, 146.088, 146.702, 147.316, 147.929, 148.543, 149.157, 149.771, 150.385, 150.998, 151.612, 152.226, 152.84, 153.454, 154.068, 154.681, 155.295, 155.909, 156.523, 157.137, 157.75, 158.364, 158.978, 159.592, 160.206, 160.819, 161.433, 162.047, 162.661, 163.275, 163.889, 164.502, 165.116, 165.73, 166.344, 166.958, 167.571, 168.185, 168.799, 169.413, 170.027, 170.64, 171.254, 171.868, 172.482, 173.096, 173.71, 174.323, 174.937, 175.551, 176.165, 176.779, 177.392, 178.006, 178.62, 179.234, 179.848, 180.462, 181.075, 181.689, 182.303, 182.917, 183.531, 184.144, 184.758, 185.372, 185.986, 186.6, 187.213, 187.827, 188.441, 189.055, 189.669, 190.283, 190.896, 191.51, 192.124, 192.738, 193.352, 193.965, 194.579, 195.193, 195.807, 196.421, 197.035, 197.648, 198.262, 198.876, 199.49, 200.104, 200.717, 201.331, 201.945, 202.559, 203.173, 203.786, 204.4, 205.014, 205.628, 206.242, 206.856, 207.469, 208.083, 208.697, 209.311, 209.925, 210.538, 211.152, 211.766, 212.38, 212.994, 213.608, 214.221, 214.835, 215.449, 216.063, 216.677, 217.29, 217.904, 218.518, 219.132, 219.746, 220.359, 220.973, 221.587, 222.201, 222.815, 223.429, 224.042, 224.656, 225.27, 225.884, 226.498, 227.111, 227.725, 228.339, 228.953, 229.567, 230.181, 230.794, 231.408, 232.022, 232.636, 233.25, 233.863, 234.477, 235.091, 235.705, 236.319, 236.932, 237.546, 238.16, 238.774, 239.388, 240.002, 240.615, 241.229, 241.843, 242.457, 243.071, 243.684, 244.298, 244.912, 245.526, 246.14, 246.754, 247.367, 247.981, 248.595, 249.209, 249.823, 250.436, 251.05, 251.664, 252.278, 252.892, 253.505, 254.119, 254.733, 255.347, 255.961, 256.575, 257.188, 257.802, 258.416, 259.03, 259.644, 260.257, 260.871, 261.485, 262.099, 262.713, 263.327, 263.94, 264.554, 265.168, 265.782, 266.396, 267.009, 267.623, 268.237, 268.851, 269.465, 270.078, 270.692, 271.306, 271.92, 272.534, 273.148, 273.761, 274.375, 274.989, 275.603, 276.217, 276.83, 277.444, 278.058, 278.672, 279.286, 279.9, 280.513, 281.127, 281.741, 282.355, 282.969, 283.582, 284.196, 284.81, 285.424, 286.038, 286.651, 287.265, 287.879, 288.493, 289.107, 289.721, 290.334, 290.948, 291.562, 292.176, 292.79, 293.403, 294.017
3.93686, 3.93785, 3.93884, 3.93985, 3.94088, 3.94191, 3.94295, 3.94401, 3.94507, 3.94615, 3.94724, 3.94834, 3.94945, 3.95057, 3.95171, 3.95286, 3.95402, 3.95519, 3.95637, 3.95757, 3.95878, 3.96, 3.96123, 3.96248, 3.96374, 3.96501, 3.9663, 3.9676, 3.96891, 3.97024, 3.97158, 3.97293, 3.9743, 3.97568, 3.97707, 3.97848, 3.97991, 3.98135, 3.9828, 3.98427, 3.98575, 3.98724, 3.98876, 3.99028, 3.99183, 3.99338, 3.99496, 3.99655, 3.99815, 3.99977, 4.00141, 4.00307, 4.00474, 4.00642, 4.00813, 4.00985, 4.01159, 4.01334, 4.01511, 4.0169, 4.01871, 4.02054, 4.02238, 4.02424, 4.02612, 4.02802, 4.02994, 4.03187, 4.03383, 4.03581, 4.0378, 4.03981, 4.04185, 4.0439, 4.04598, 4.04807, 4.05019, 4.05232, 4.05448, 4.05666, 4.05886, 4.06108, 4.06333, 4.06559, 4.06788, 4.07019, 4.07253, 4.07488, 4.07726, 4.07967, 4.08209, 4.08455, 4.08702, 4.08952, 4.09205, 4.0946, 4.09717, 4.09978, 4.1024, 4.10506, 4.10774, 4.11044, 4.11318, 4.11594, 4.11873, 4.12154, 4.12439, 4.12726, 4.13016, 4.13309, 4.13605, 4.13905, 4.14207, 4.14512, 4.1482, 4.15131, 4.15446, 4.15763, 4.16084, 4.16409, 4.16736, 4.17067, 4.17401, 4.17739, 4.1808, 4.18424, 4.18773, 4.19124, 4.1948, 4.19839, 4.20202, 4.20568, 4.20938, 4.21313, 4.21691, 4.22073, 4.22459, 4.22849, 4.23243, 4.23642, 4.24044, 4.24451, 4.24863, 4.25278, 4.25698, 4.26123, 4.26552, 4.26986, 4.27424, 4.27867, 4.28315, 4.28768, 4.29225, 4.29688, 4.30156, 4.30629, 4.31107, 4.3159, 4.32079, 4.32573, 4.33073, 4.33578, 4.34089, 4.34605, 4.35128, 4.35656, 4.36191, 4.36731, 4.37278, 4.3783, 4.3839, 4.38955, 4.39527, 4.40106, 4.40692, 4.41284, 4.41884, 4.4249, 4.43104, 4.43724, 4.44353, 4.44989, 4.45632, 4.46283, 4.46942, 4.47609, 4.48284, 4.48968, 4.4966, 4.5036, 4.51069, 4.51787, 4.52514, 4.5325, 4.53995, 4.5475, 4.55515, 4.56289, 4.57073, 4.57867, 4.58672, 4.59487, 4.60313, 4.6115, 4.61997, 4.62856, 4.63727, 4.64609, 4.65504, 4.6641, 4.67329, 4.6826, 4.69205, 4.70162, 4.71133, 4.72118, 4.73116, 4.74129, 4.75156, 4.76198, 4.77255, 4.78328, 4.79416, 4.8052, 4.81641, 4.82779, 4.83934, 4.85106, 4.86296, 4.87505, 4.88732, 4.89978, 4.91244, 4.9253, 4.93837, 4.95164, 4.96513, 4.97884, 4.99278, 5.00695, 5.02135, 5.036, 5.05089, 5.06604, 5.08145, 5.09713, 5.11308, 5.12932, 5.14585, 5.16267, 5.1798, 5.19725, 5.21502, 5.23312, 5.25157, 5.27036, 5.28952, 5.30905, 5.32897, 5.34928, 5.37, 5.39113, 5.41271, 5.43473, 5.45721, 5.48017, 5.50362, 5.52759, 5.55207, 5.57711, 5.60271, 5.62889, 5.65567, 5.68309, 5.71115, 5.73989, 5.76933, 5.7995, 5.83042, 5.86213, 5.89466, 5.92804, 5.96231, 5.99751, 6.03368, 6.07085, 6.10908, 6.14842, 6.18891, 6.23061, 6.27358, 6.31789, 6.3636, 6.41078, 6.45952, 6.5099, 6.562, 6.61594, 6.6718, 6.72972, 6.78981, 6.85221, 6.91707, 6.98456, 7.05485, 7.12815, 7.20466, 7.28463, 7.36833, 7.45606, 7.54815, 7.64498, 7.74697, 7.8546, 7.96842, 8.08906, 8.21725, 8.35384, 8.49982, 8.65638, 8.82493, 9.00723, 9.20539, 9.42215, 9.66096, 9.92632, 10.224, 10.5614, 10.9472, 11.3909, 11.9007, 12.4802, 13.1226, 13.8043, 14.4786, 15.0728, 15.4919, 15.6305, 15.393, 14.7172, 13.5941, 12.0735, 10.2984, 8.39976, 6.53576, 4.84193, 3.40996, 2.27997, 1.44577, 0.86872, 0.494267, 0.266124, 0.135528, 0.0652537, 0.0296929, 0.0127646, 0.00518174, 0.00198463, 0.000715533, 0.000240913, 7.31863e-05, 1.58035e-05, 3.93266e-06, 1.08828e-06, 2.83867e-07, 6.97859e-08, 1.61695e-08, 3.53106e-09, 7.26759e-10, 1.40978e-10, 2.57746e-11, 4.44128e-12, 7.21275e-13, 1.10401e-13, 1.59264e-14, 2.16542e-15, 2.77488e-16, 3.35136e-17, 3.81484e-18, 4.09268e-19, 4.13823e-20, 3.94366e-21, 3.5421e-22, 2.99846e-23, 2.39228e-24, 1.79888e-25, 1.27488e-26, 8.51551e-28, 5.3608e-29, 3.18071e-30, 1.77867e-31, 9.37437e-33, 4.65656e-34, 2.18004e-35, 9.61919e-37, 4.00026e-38, 1.56789e-39, 5.79184e-41, 2.01648e-42, 6.61678e-44, 2.04633e-45, 5.96457e-47, 1.63855e-48, 4.24241e-50, 1.03524e-51, 2.38094e-53, 5.16093e-55, 1.05435e-56, 2.03008e-58, 3.68399e-60, 6.30084e-62, 1.01567e-63, 1.54306e-65, 2.20946e-67, 2.98171e-69, 3.79245e-71, 4.54619e-73, 5.1363e-75, 5.46924e-77, 5.48882e-79, 5.19164e-81, 4.62812e-83, 3.88847e-85, 3.07912e-87, 2.29799e-89, 1.61639e-91, 1.07156e-93, 6.69513e-96, 3.94255e-98, 2.18811e-100, 1.14455e-102, 5.64252e-105, 2.62172e-107, 1.14808e-109, 4.7384e-112, 1.84317e-114, 6.75726e-117, 2.3348e-119, 7.60332e-122, 2.33361e-124, 6.75038e-127, 1.84035e-129, 4.72874e-132, 1.14515e-134, 2.61369e-137, 5.62236e-140, 1.13987e-142, 2.17803e-145, 3.92235e-148, 6.65734e-151, 1.06495e-153, 1.60556e-156, 2.28139e-159, 3.05523e-162, 3.85621e-165, 4.58722e-168, 5.14293e-171, 5.43431e-174, 5.4119e-177, 5.07957e-180, 4.49341e-183, 3.74626e-186, 2.94368e-189, 2.18e-192, 1.52157e-195, 1.00092e-198, 6.20556e-202, 3.62604e-205, 1.9969e-208, 1.03646e-211, 5.07011e-215, 2.33752e-218, 1.0157e-221, 4.15952e-225, 1.60544e-228, 5.84007e-232, 2.00222e-235, 6.46958e-239, 1.97021e-242, 5.65482e-246
3.93686, 3.93786, 3.93888, 3.93991, 3.94095, 3.942, 3.94306, 3.94413, 3.94522, 3.94631, 3.94742, 3.94854, 3.94967, 3.95081, 3.95197, 3.95313, 3.95431, 3.9555, 3.95671, 3.95792, 3.95915, 3.96039, 3.96165, 3.96291, 3.96419, 3.96549, 3.96679, 3.96811, 3.96945, 3.97079, 3.97215, 3.97353, 3.97491, 3.97632, 3.97773, 3.97916, 3.98061, 3.98207, 3.98354, 3.98503, 3.98653, 3.98805, 3.98959, 3.99114, 3.9927, 3.99428, 3.99588, 3.99749, 3.99912, 4.00076, 4.00242, 4.0041, 4.00579, 4.0075, 4.00923, 4.01097, 4.01274, 4.01452, 4.01631, 4.01813, 4.01996, 4.02181, 4.02368, 4.02556, 4.02747, 4.02939, 4.03134, 4.0333, 4.03528, 4.03728, 4.0393, 4.04134, 4.0434, 4.04548, 4.04758, 4.0497, 4.05185, 4.05401, 4.0562, 4.0584, 4.06063, 4.06288, 4.06515, 4.06745, 4.06976, 4.0721, 4.07447, 4.07685, 4.07926, 4.0817, 4.08415, 4.08664, 4.08914, 4.09167, 4.09423, 4.09681, 4.09942, 4.10205, 4.10471, 4.10739, 4.11011, 4.11285, 4.11561, 4.11841, 4.12123, 4.12408, 4.12695, 4.12986, 4.1328, 4.13576, 4.13876, 4.14179, 4.14484, 4.14793, 4.15105, 4.1542, 4.15738, 4.16059, 4.16384, 4.16712, 4.17043, 4.17377, 4.17716, 4.18057, 4.18402, 4.18751, 4.19103, 4.19458, 4.19818, 4.20181, 4.20548, 4.20919, 4.21293, 4.21672, 4.22054, 4.2244, 4.22831, 4.23225, 4.23624, 4.24027, 4.24434, 4.24846, 4.25261, 4.25682, 4.26106, 4.26536, 4.26969, 4.27408, 4.27851, 4.28299, 4.28752, 4.2921, 4.29673, 4.30141, 4.30614, 4.31092, 4.31575, 4.32064, 4.32558, 4.33058, 4.33563, 4.34074, 4.3459, 4.35112, 4.35641, 4.36175, 4.36715, 4.37261, 4.37814, 4.38373, 4.38938, 4.3951, 4.40089, 4.40674, 4.41266, 4.41865, 4.42471, 4.43084, 4.43705, 4.44332, 4.44968, 4.45611, 4.46261, 4.4692, 4.47586, 4.4826, 4.48943, 4.49634, 4.50334, 4.51042, 4.51759, 4.52485, 4.5322, 4.53964, 4.54718, 4.55481, 4.56254, 4.57037, 4.5783, 4.58634, 4.59447, 4.60272, 4.61107, 4.61953, 4.62811, 4.63679, 4.6456, 4.65452, 4.66357, 4.67274, 4.68203, 4.69145, 4.701, 4.71069, 4.72051, 4.73047, 4.74057, 4.75082, 4.76121, 4.77175, 4.78245, 4.7933, 4.80431, 4.81548, 4.82683, 4.83834, 4.85002, 4.86189, 4.87393, 4.88616, 4.89858, 4.9112, 4.92401, 4.93703, 4.95025, 4.96369, 4.97734, 4.99122, 5.00533, 5.01967, 5.03426, 5.04909, 5.06417, 5.07951, 5.09511, 5.11099, 5.12715, 5.14359, 5.16033, 5.17738, 5.19473, 5.2124, 5.2304, 5.24874, 5.26743, 5.28648, 5.30589, 5.32568, 5.34586, 5.36645, 5.38745, 5.40888, 5.43075, 5.45307, 5.47587, 5.49915, 5.52293, 5.54723, 5.57207, 5.59746, 5.62342, 5.64999, 5.67716, 5.70498, 5.73346, 5.76262, 5.79251, 5.82313, 5.85452, 5.88672, 5.91975, 5.95365, 5.98846, 6.02421, 6.06095, 6.09873, 6.13758, 6.17755, 6.21871, 6.26111, 6.30481, 6.34987, 6.39636, 6.44436, 6.49395, 6.54522, 6.59826, 6.65317, 6.71006, 6.76904, 6.83026, 6.89385, 6.95996, 7.02876, 7.10045, 7.17521, 7.25328, 7.3349, 7.42036, 7.50996, 7.60405, 7.70301, 7.8073, 7.91739, 8.03387, 8.15739, 8.28871, 8.4287, 8.57842, 8.73908, 8.91218, 9.09955, 9.30342, 9.52666, 9.77295, 10.0471, 10.3554, 10.7059, 11.1086, 11.5744, 12.1139, 12.733, 13.4277, 14.1764, 14.9328, 15.6217, 16.142, 16.3787, 16.224, 15.6037, 14.5002, 12.9652, 11.1152, 9.11015, 7.12155, 5.29937, 3.74793, 2.51606, 1.60162, 0.965908, 0.551494, 0.297935, 0.152217, 0.0735163, 0.0335524, 0.0144654, 0.00588861, 0.00226172, 0.000817916, 0.000276616, 8.47261e-05, 1.89944e-05, 4.80553e-06, 1.33076e-06, 3.47326e-07, 8.54381e-08, 1.98081e-08, 4.32825e-09, 8.91371e-10, 1.73014e-10, 3.16506e-11, 5.45707e-12, 8.86776e-13, 1.35814e-13, 1.96044e-14, 2.66709e-15, 3.41979e-16, 4.13274e-17, 4.70709e-18, 5.05294e-19, 5.11225e-20, 4.87479e-21, 4.38104e-22, 3.71085e-23, 2.96242e-24, 2.22893e-25, 1.5806e-26, 1.05639e-27, 6.65427e-29, 3.95052e-30, 2.21046e-31, 1.1657e-32, 5.79386e-34, 2.71409e-35, 1.19827e-36, 4.98613e-38, 1.95545e-39, 7.22777e-41, 2.5179e-42, 8.26697e-44, 2.55818e-45, 7.46087e-47, 2.0508e-48, 5.31291e-50, 1.29723e-51, 2.98521e-53, 6.47453e-55, 1.32348e-56, 2.54976e-58, 4.62975e-60, 7.923e-62, 1.2779e-63, 1.94257e-65, 2.78312e-67, 3.75804e-69, 4.78261e-71, 5.73645e-73, 6.48478e-75, 6.9091e-77, 6.93779e-79, 6.56591e-81, 5.85656e-83, 4.92338e-85, 3.90085e-87, 2.91291e-89, 2.05007e-91, 1.35983e-93, 8.50109e-96, 5.00884e-98, 2.78146e-100, 1.45573e-102, 7.18066e-105, 3.33825e-107, 1.46267e-109, 6.04017e-112, 2.35084e-114, 8.62324e-117, 2.9812e-119, 9.71367e-122, 2.98297e-124, 8.6335e-127, 2.35504e-129, 6.05453e-132, 1.46702e-134, 3.35015e-137, 7.21048e-140, 1.46264e-142, 2.79628e-145, 5.03846e-148, 8.55632e-151, 1.36946e-153, 2.06576e-156, 2.93687e-159, 3.93516e-162, 4.96947e-165, 5.91467e-168, 6.63472e-171, 7.01432e-174, 6.98909e-177, 6.56337e-180, 5.80905e-183, 4.84567e-186, 3.80956e-189, 2.82271e-192, 1.9712e-195, 1.29737e-198, 8.04766e-202, 4.70485e-205, 2.59235e-208, 1.34621e-211, 6.58872e-215, 3.03921e-218, 1.32127e-221, 5.41369e-225, 2.09057e-228, 7.60867e-232, 2.60989e-235, 8.43735e-239, 2.57075e-242, 7.38219e-246
209.28
176.86
 
MEASUREMENT 33
1.56305, 4.67879, 7.79453, 10.9103, 14.0312, 17.1469, 20.2679, 23.3784, 26.4796, 29.5859, 32.6913, 35.8071, 38.9228, 42.0385, 45.1595, 48.2752, 51.3909, 54.5067, 57.6224, 60.7381, 63.8435, 66.9593, 70.0698, 73.1752, 76.2806, 79.3859, 82.4913, 85.5967, 88.7021, 91.8074, 94.9128, 98.0182, 101.1, 104.148, 107.196, 110.244, 113.292, 116.339, 119.387, 122.435, 125.483, 128.531, 131.574, 134.622, 137.67, 140.718, 143.766, 146.814, 149.861, 152.909, 155.957, 159.005, 162.053, 165.101, 168.149, 171.197, 174.245, 177.293, 180.341, 183.389, 186.436, 189.484, 192.532, 195.58, 198.621, 201.655, 204.688, 207.722, 210.756, 213.794, 216.838, 219.882, 222.926, 225.97, 229.014, 232.058, 235.102, 238.145, 241.189, 244.233, 247.277, 250.321, 253.37, 256.424, 259.478, 262.532, 265.586, 268.64, 271.695, 274.749, 277.803, 280.857, 283.911, 286.97, 290.035, 293.099
3.47903, 3.50105, 3.48661, 3.70187, 3.48705, 3.5248, 3.81551, 3.81185, 3.75279, 3.80218, 3.84923, 3.94159, 3.94656, 3.99255, 3.98913, 3.9989, 4.15645, 4.18773, 4.26613, 4.31244, 3.81766, 4.2676, 4.29314, 4.27713, 4.37396, 4.38577, 4.4114, 4.40183, 4.46497, 4.12265, 4.53303, 3.92403, 4.55013, 4.55905, 4.59843, 4.61818, 4.64328, 4.68045, 4.72246, 4.74813, 4.76894, 4.82059, 4.87837, 4.88793, 4.9497, 5.02561, 5.09437, 5.1392, 5.19223, 5.24541, 5.34976, 5.44245, 5.55124, 5.62609, 5.74053, 6.01825, 6.10264, 6.19141, 6.43639, 6.73883, 6.97524, 7.42449, 7.88519, 8.68092, 11.0784, 12.6453, 14.2684, 12.9869, 6.6777, 1.48768, 0.102703, -0.0109513, -0.0383348, -0.0471836, -0.0404092, -0.0210575, -0.0294782, -0.0228497, -0.0599015, -0.0377358, -0.0647209, -0.0788501, -0.0598242, -0.034962, -0.041755, -0.0560684, -0.02934, -0.0303255, -0.0253823, -0.0204429, -0.0223774, -0.035296, -0.0523754, -0.0398397, -0.0655391, -0.101945
0.104371, 0.105031, 0.104598, 0.111056, 0.104611, 0.105744, 0.114465, 0.114356, 0.112584, 0.114065, 0.115477, 0.118248, 0.118397, 0.119776, 0.119674, 0.119967, 0.124693, 0.125632, 0.127984, 0.129373, 0.11453, 0.128028, 0.128794, 0.128314, 0.131219, 0.131573, 0.132342, 0.132055, 0.133949, 0.123679, 0.135991, 0.117721, 0.136504, 0.136772, 0.137953, 0.138545, 0.139299, 0.140414, 0.141674, 0.142444, 0.143068, 0.144618, 0.146351, 0.146638, 0.148491, 0.150768, 0.152831, 0.154176, 0.155767, 0.157362, 0.160493, 0.163274, 0.166537, 0.168783, 0.172216, 0.180548, 0.183079, 0.185742, 0.193092, 0.202165, 0.209257, 0.222735, 0.236556, 0.260428, 0.332352, 0.379358, 0.428053, 0.389606, 0.200331, 0.0446303, 0.00308108, 0.00032854, 0.00115005, 0.00141551, 0.00121228, 0.000631726, 0.000884347, 0.00068549, 0.00179705, 0.00113208, 0.00194163, 0.0023655, 0.00179472, 0.00104886, 0.00125265, 0.00168205, 0.0008802, 0.000909765, 0.00076147, 0.000613286, 0.000671323, 0.00105888, 0.00157126, 0.00119519, 0.00196617, 0.00305834
0, 0.613815, 1.22763, 1.84144, 2.45526, 3.06907, 3.68289, 4.2967, 4.91052, 5.52433, 6.13815, 6.75196, 7.36578, 7.97959, 8.59341, 9.20722, 9.82104, 10.4349, 11.0487, 11.6625, 12.2763, 12.8901, 13.5039, 14.1177, 14.7316, 15.3454, 15.9592, 16.573, 17.1868, 17.8006, 18.4144, 19.0283, 19.6421, 20.2559, 20.8697, 21.4835, 22.0973, 22.7111, 23.325, 23.9388, 24.5526, 25.1664, 25.7802, 26.394, 27.0078, 27.6217, 28.2355, 28.8493, 29.4631, 30.0769, 30.6907, 31.3046, 31.9184, 32.5322, 33.146, 33.7598, 34.3736, 34.9874, 35.6013, 36.2151, 36.8289, 37.4427, 38.0565, 38.6703, 39.2841, 39.898, 40.5118, 41.1256, 41.7394, 42.3532, 42.967, 43.5808, 44.1947, 44.8085, 45.4223, 46.0361, 46.6499, 47.2637, 47.8775, 48.4914, 49.1052, 49.719, 50.3328, 50.9466, 51.5604, 52.1743, 52.7881, 53.4019, 54.0157, 54.6295, 55.2433, 55.8571, 56.471, 57.0848, 57.6986, 58.3124, 58.9262, 59.54, 60.1538, 60.7677, 61.3815, 61.9953, 62.6091, 63.2229, 63.8367, 64.4505, 65.0644, 65.6782, 66.292, 66.9058, 67.5196, 68.1334, 68.7473, 69.3611, 69.9749, 70.5887, 71.2025, 71.8163, 72.4301, 73.044, 73.6578, 74.2716, 74.8854, 75.4992, 76.113, 76.7268, 77.3407, 77.9545, 78.5683, 79.1821, 79.7959, 80.4097, 81.0235, 81.6374, 82.2512, 82.865, 83.4788, 84.0926, 84.7064, 85.3202, 85.9341, 86.5479, 87.1617, 87.7755, 88.3893, 89.0031, 89.617, 90.2308, 90.8446, 91.4584, 92.0722, 92.686, 93.2998, 93.9137, 94.5275, 95.1413, 95.7551, 96.3689, 96.9827, 97.5965, 98.2104, 98.8242, 99.438, 100.052, 100.666, 101.279, 101.893, 102.507, 103.121, 103.735, 104.349, 104.962, 105.576, 106.19, 106.804, 107.418, 108.031, 108.645, 109.259, 109.873, 110.487, 111.1, 111.714, 112.328, 112.942, 113.556, 114.17, 114.783, 115.397, 116.011, 116.625, 117.239, 117.852, 118.466, 119.08, 119.694, 120.308, 120.922, 121.535, 122.149, 122.763, 123.377, 123.991, 124.604, 125.218, 125.832, 126.446, 127.06, 127.673, 128.287, 128.901, 129.515, 130.129, 130.743, 131.356, 131.97, 132.584, 133.198, 133.812, 134.425, 135.039, 135.653, 136.267, 136.881, 137.495, 138.108, 138.722, 139.336, 139.95, 140.564, 141.177, 141.791, 142.405, 143.019, 143.633, 144.246, 144.86, 145.474, 146.088, 146.702, 147.316, 147.929, 148.543, 149.157, 149.771, 150.385, 150.998, 151.612, 152.226, 152.84, 153.454, 154.068, 154.681, 155.295, 155.909, 156.523, 157.137, 157.75, 158.364, 158.978, 159.592, 160.206, 160.819, 161.433, 162.047, 162.661, 163.275, 163.889, 164.502, 165.116, 165.73, 166.344, 166.958, 167.571, 168.185, 168.799, 169.413, 170.027, 170.64, 171.254, 171.868, 172.482, 173.096, 173.71, 174.323, 174.937, 175.551, 176.165, 176.779, 177.392, 178.006, 178.62, 179.234, 179.848, 180.462, 181.075, 181.689, 182.303, 182.917, 183.531, 184.144, 184.758, 185.372, 185.986, 186.6, 187.213, 187.827, 188.441, 189.055, 189.669, 190.283, 190.896, 191.51, 192.124, 192.738, 193.352, 193.965, 194.579, 195.193, 195.807, 196.421, 197.035, 197.648, 198.262, 198.876, 199.49, 200.104, 200.717, 201.331, 201.945, 202.559, 203.173, 203.786, 204.4, 205.014, 205.628, 206.242, 206.856, 207.469, 208.083, 208.697, 209.311, 209.925, 210.538, 211.152, 211.766, 212.38, 212.994, 213.608, 214.221, 214.835, 215.449, 216.063, 216.677, 217.29, 217.904, 218.518, 219.132, 219.746, 220.359, 220.973, 221.587, 222.201, 222.815, 223.429, 224.042, 224.656, 225.27, 225.884, 226.498, 227.111, 227.725, 228.339, 228.953, 229.567, 230.181, 230.794, 231.408, 232.022, 232.636, 233.25, 233.863, 234.477, 235.091, 235.705, 236.319, 236.932, 237.546, 238.16, 238.774, 239.388, 240.002, 240.615, 241.229, 241.843, 242.457, 243.071, 243.684, 244.298, 244.912, 245.526, 246.14, 246.754, 247.367, 247.981, 248.595, 249.209, 249.823, 250.436, 251.05, 251.664, 252.278, 252.892, 253.505, 254.119, 254.733, 255.347, 255.961, 256.575, 257.188, 257.802, 258.416, 259.03, 259.644, 260.257, 260.871, 261.485, 262.099, 262.713, 263.327, 263.94, 264.554, 265.168, 265.782, 266.396, 267.009, 267.623, 268.237, 268.851, 269.465, 270.078, 270.692, 271.306, 271.92, 272.534, 273.148, 273.761, 274.375, 274.989, 275.603, 276.217, 276.83, 277.444, 278.058, 278.672, 279.286, 279.9, 280.513, 281.127, 281.741, 282.355, 282.969, 283.582, 284.196, 284.81, 285.424, 286.038, 286.651, 287.265, 287.879, 288.493, 289.107, 289.721, 290.334, 290.948, 291.562, 292.176, 292.79, 293.403, 294.017
3.94069, 3.94167, 3.94266, 3.94367, 3.94468, 3.94571, 3.94675, 3.94779, 3.94885, 3.94993, 3.95101, 3.9521, 3.95321, 3.95433, 3.95545, 3.9566, 3.95775, 3.95891, 3.96009, 3.96128, 3.96248, 3.9637, 3.96493, 3.96617, 3.96742, 3.96869, 3.96997, 3.97126, 3.97257, 3.97389, 3.97522, 3.97656, 3.97792, 3.9793, 3.98069, 3.98209, 3.98351, 3.98494, 3.98638, 3.98784, 3.98932, 3.99081, 3.99231, 3.99383, 3.99537, 3.99692, 3.99848, 4.00007, 4.00166, 4.00328, 4.00491, 4.00655, 4.00822, 4.00989, 4.01159, 4.0133, 4.01503, 4.01678, 4.01854, 4.02033, 4.02212, 4.02394, 4.02578, 4.02763, 4.0295, 4.03139, 4.0333, 4.03523, 4.03718, 4.03914, 4.04113, 4.04313, 4.04516, 4.04721, 4.04927, 4.05136, 4.05346, 4.05559, 4.05774, 4.05991, 4.0621, 4.06431, 4.06655, 4.0688, 4.07108, 4.07338, 4.07571, 4.07805, 4.08042, 4.08282, 4.08523, 4.08768, 4.09014, 4.09263, 4.09515, 4.09769, 4.10025, 4.10284, 4.10546, 4.1081, 4.11077, 4.11347, 4.11619, 4.11894, 4.12171, 4.12452, 4.12735, 4.13021, 4.1331, 4.13602, 4.13897, 4.14195, 4.14496, 4.148, 4.15107, 4.15417, 4.1573, 4.16047, 4.16366, 4.16689, 4.17015, 4.17345, 4.17678, 4.18014, 4.18354, 4.18697, 4.19044, 4.19394, 4.19748, 4.20105, 4.20467, 4.20832, 4.21201, 4.21573, 4.2195, 4.22331, 4.22715, 4.23104, 4.23496, 4.23893, 4.24294, 4.24699, 4.25109, 4.25523, 4.25941, 4.26364, 4.26791, 4.27223, 4.2766, 4.28101, 4.28547, 4.28998, 4.29454, 4.29915, 4.30381, 4.30852, 4.31328, 4.31809, 4.32296, 4.32788, 4.33286, 4.33789, 4.34298, 4.34812, 4.35333, 4.35859, 4.36391, 4.36929, 4.37474, 4.38024, 4.38581, 4.39144, 4.39714, 4.4029, 4.40874, 4.41464, 4.4206, 4.42664, 4.43275, 4.43894, 4.44519, 4.45152, 4.45793, 4.46441, 4.47098, 4.47762, 4.48434, 4.49115, 4.49803, 4.50501, 4.51207, 4.51922, 4.52645, 4.53378, 4.5412, 4.54872, 4.55633, 4.56404, 4.57184, 4.57975, 4.58776, 4.59588, 4.6041, 4.61243, 4.62086, 4.62942, 4.63808, 4.64687, 4.65577, 4.66479, 4.67393, 4.6832, 4.6926, 4.70213, 4.7118, 4.7216, 4.73153, 4.74161, 4.75183, 4.7622, 4.77272, 4.7834, 4.79423, 4.80521, 4.81637, 4.82769, 4.83918, 4.85084, 4.86268, 4.8747, 4.88691, 4.89931, 4.91191, 4.9247, 4.9377, 4.9509, 4.96432, 4.97796, 4.99182, 5.00591, 5.02023, 5.0348, 5.04961, 5.06467, 5.08, 5.09559, 5.11145, 5.1276, 5.14403, 5.16075, 5.17778, 5.19513, 5.21279, 5.23078, 5.24911, 5.26779, 5.28683, 5.30624, 5.32603, 5.34621, 5.3668, 5.3878, 5.40923, 5.43111, 5.45344, 5.47625, 5.49954, 5.52334, 5.54766, 5.57251, 5.59793, 5.62392, 5.65051, 5.67773, 5.70558, 5.7341, 5.76332, 5.79325, 5.82394, 5.85539, 5.88766, 5.92077, 5.95476, 5.98966, 6.02552, 6.06237, 6.10027, 6.13925, 6.17938, 6.2207, 6.26327, 6.30716, 6.35242, 6.39914, 6.44739, 6.49726, 6.54882, 6.60218, 6.65744, 6.71471, 6.77412, 6.8358, 6.89989, 6.96656, 7.03598, 7.10834, 7.18384, 7.26274, 7.34528, 7.43175, 7.52248, 7.61784, 7.71821, 7.82408, 7.93597, 8.05447, 8.18029, 8.31424, 8.45725, 8.61045, 8.77517, 8.95304, 9.14605, 9.35668, 9.58813, 9.8445, 10.1311, 10.4549, 10.8244, 11.2491, 11.7386, 12.299, 12.9276, 13.6066, 14.2949, 14.9243, 15.3999, 15.6114, 15.453, 14.8488, 13.7772, 12.2816, 10.4933, 8.562, 6.65186, 4.91013, 3.43777, 2.27973, 1.43027, 0.848144, 0.475011, 0.251096, 0.125212, 0.0588738, 0.026091, 0.0108937, 0.00428293, 0.00158388, 0.000549209, 0.000176437, 4.95884e-05, 9.10605e-06, 2.54802e-06, 6.70145e-07, 1.65647e-07, 3.84814e-08, 8.40171e-09, 1.72399e-09, 3.3247e-10, 6.02589e-11, 1.02646e-11, 1.64327e-12, 2.47245e-13, 3.49621e-14, 4.64641e-15, 5.80346e-16, 6.8125e-17, 7.51581e-18, 7.79283e-19, 7.59389e-20, 6.95478e-21, 5.98621e-22, 4.84251e-23, 3.68162e-24, 2.63061e-25, 1.76654e-26, 1.11491e-27, 6.61309e-29, 3.68654e-30, 1.93145e-31, 9.51035e-33, 4.40108e-34, 1.91412e-35, 7.82403e-37, 3.00566e-38, 1.08517e-39, 3.68217e-41, 1.17425e-42, 3.51935e-44, 9.91324e-46, 2.62432e-47, 6.52928e-49, 1.52673e-50, 3.35513e-52, 6.92952e-54, 1.34507e-55, 2.45378e-57, 4.20702e-59, 6.77892e-61, 1.02658e-62, 1.46109e-64, 1.95437e-66, 2.45688e-68, 2.90274e-70, 3.22316e-72, 3.36358e-74, 3.2989e-76, 3.04077e-78, 2.63418e-80, 2.14464e-82, 1.64101e-84, 1.18009e-86, 7.97563e-89, 5.06596e-91, 3.02417e-93, 1.69667e-95, 8.94612e-98, 4.43322e-100, 2.06467e-102, 9.03707e-105, 3.7175e-107, 1.43721e-109, 5.22202e-112, 1.7832e-114, 5.72282e-117, 1.7261e-119, 4.8929e-122, 1.30351e-124, 3.26368e-127, 7.67973e-130, 1.69836e-132, 3.52989e-135, 6.89505e-138, 1.26578e-140, 2.18387e-143, 3.54111e-146, 5.39631e-149, 7.7286e-152, 1.04028e-154, 1.31596e-157, 1.56452e-160, 1.7481e-163, 1.83568e-166, 1.81163e-169, 1.68031e-172, 1.46471e-175, 1.19995e-178, 9.23878e-182, 6.68517e-185, 4.54627e-188, 2.90564e-191, 1.74531e-194, 9.85257e-198, 5.22721e-201, 2.60636e-204, 1.22136e-207, 5.37892e-211, 2.22634e-214, 8.66031e-218, 3.16605e-221, 1.08779e-224, 3.51253e-228, 1.06595e-231, 3.04016e-235, 8.14891e-239, 2.0528e-242, 4.86002e-246, 1.08137e-249, 2.26126e-253, 4.44398e-257
3.94069, 3.94169, 3.94271, 3.94374, 3.94478, 3.94583, 3.94689, 3.94796, 3.94904, 3.95014, 3.95124, 3.95236, 3.95349, 3.95463, 3.95579, 3.95695, 3.95813, 3.95932, 3.96052, 3.96174, 3.96297, 3.96421, 3.96546, 3.96672, 3.968, 3.9693, 3.9706, 3.97192, 3.97325, 3.9746, 3.97596, 3.97733, 3.97872, 3.98012, 3.98153, 3.98296, 3.98441, 3.98586, 3.98734, 3.98883, 3.99033, 3.99185, 3.99338, 3.99493, 3.99649, 3.99807, 3.99967, 4.00128, 4.0029, 4.00455, 4.00621, 4.00788, 4.00957, 4.01128, 4.01301, 4.01475, 4.01651, 4.01829, 4.02009, 4.0219, 4.02373, 4.02558, 4.02745, 4.02933, 4.03124, 4.03316, 4.0351, 4.03706, 4.03904, 4.04104, 4.04306, 4.0451, 4.04716, 4.04924, 4.05134, 4.05346, 4.0556, 4.05776, 4.05994, 4.06215, 4.06438, 4.06662, 4.06889, 4.07119, 4.0735, 4.07584, 4.0782, 4.08059, 4.08299, 4.08543, 4.08788, 4.09036, 4.09287, 4.0954, 4.09795, 4.10053, 4.10314, 4.10577, 4.10842, 4.11111, 4.11382, 4.11655, 4.11932, 4.12211, 4.12493, 4.12778, 4.13065, 4.13356, 4.13649, 4.13946, 4.14245, 4.14547, 4.14853, 4.15161, 4.15473, 4.15788, 4.16106, 4.16427, 4.16751, 4.17079, 4.1741, 4.17744, 4.18082, 4.18423, 4.18768, 4.19116, 4.19468, 4.19824, 4.20183, 4.20546, 4.20912, 4.21283, 4.21657, 4.22035, 4.22417, 4.22803, 4.23193, 4.23588, 4.23986, 4.24388, 4.24795, 4.25206, 4.25622, 4.26042, 4.26466, 4.26895, 4.27329, 4.27767, 4.2821, 4.28657, 4.2911, 4.29567, 4.3003, 4.30497, 4.3097, 4.31447, 4.3193, 4.32419, 4.32912, 4.33411, 4.33916, 4.34427, 4.34943, 4.35464, 4.35992, 4.36526, 4.37066, 4.37611, 4.38164, 4.38722, 4.39287, 4.39858, 4.40436, 4.41021, 4.41612, 4.42211, 4.42816, 4.43429, 4.44048, 4.44675, 4.4531, 4.45952, 4.46602, 4.4726, 4.47925, 4.48599, 4.49281, 4.49971, 4.5067, 4.51378, 4.52094, 4.52819, 4.53553, 4.54297, 4.55049, 4.55812, 4.56584, 4.57366, 4.58158, 4.5896, 4.59773, 4.60596, 4.6143, 4.62276, 4.63132, 4.64, 4.64879, 4.6577, 4.66673, 4.67589, 4.68517, 4.69458, 4.70412, 4.71379, 4.7236, 4.73354, 4.74363, 4.75386, 4.76424, 4.77476, 4.78544, 4.79628, 4.80727, 4.81843, 4.82975, 4.84124, 4.85291, 4.86475, 4.87678, 4.88899, 4.90139, 4.91398, 4.92677, 4.93976, 4.95297, 4.96638, 4.98001, 4.99386, 5.00795, 5.02226, 5.03681, 5.05161, 5.06667, 5.08198, 5.09755, 5.11339, 5.12952, 5.14593, 5.16263, 5.17964, 5.19695, 5.21458, 5.23254, 5.25084, 5.26948, 5.28848, 5.30785, 5.32759, 5.34773, 5.36826, 5.38921, 5.41058, 5.43239, 5.45465, 5.47738, 5.5006, 5.52431, 5.54854, 5.57331, 5.59862, 5.62451, 5.65099, 5.67808, 5.70581, 5.73419, 5.76326, 5.79304, 5.82356, 5.85484, 5.88692, 5.91983, 5.9536, 5.98827, 6.02389, 6.06048, 6.09809, 6.13678, 6.17659, 6.21756, 6.25977, 6.30326, 6.34811, 6.39437, 6.44213, 6.49147, 6.54247, 6.59522, 6.64982, 6.70638, 6.76501, 6.82586, 6.88904, 6.95472, 7.02306, 7.09424, 7.16846, 7.24594, 7.32693, 7.4117, 7.50054, 7.5938, 7.69185, 7.79512, 7.9041, 8.01934, 8.14147, 8.27122, 8.40945, 8.55715, 8.71549, 8.8859, 9.07009, 9.27018, 9.48884, 9.72948, 9.99656, 10.296, 10.6354, 11.0245, 11.475, 11.9986, 12.6049, 13.2946, 14.053, 14.8404, 15.5863, 16.1894, 16.5275, 16.4792, 15.9522, 14.9116, 13.3978, 11.5254, 9.46234, 7.3947, 5.48911, 3.86365, 2.57515, 1.62341, 0.967101, 0.544009, 0.288775, 0.144578, 0.0682411, 0.0303539, 0.0127189, 0.00501797, 0.00186225, 0.000648268, 0.000209539, 5.97304e-05, 1.16533e-05, 3.25619e-06, 8.57035e-07, 2.12001e-07, 4.92864e-08, 1.07688e-08, 2.21135e-09, 4.26775e-10, 7.74089e-11, 1.31957e-11, 2.1141e-12, 3.18322e-13, 4.50463e-14, 5.99102e-15, 7.48847e-16, 8.79701e-17, 9.7124e-18, 1.00778e-18, 9.82786e-20, 9.0074e-21, 7.75871e-22, 6.281e-23, 4.77878e-24, 3.41708e-25, 2.29637e-26, 1.45037e-27, 8.60923e-29, 4.80284e-30, 2.51815e-31, 1.24083e-32, 5.74638e-34, 2.50106e-35, 1.02306e-36, 3.93304e-38, 1.42103e-39, 4.82532e-41, 1.53992e-42, 4.61867e-44, 1.30192e-45, 3.44906e-47, 8.58747e-49, 2.00945e-50, 4.41913e-52, 9.13364e-54, 1.77419e-55, 3.23893e-57, 5.55715e-59, 8.96086e-61, 1.35798e-62, 1.93414e-64, 2.58897e-66, 3.25697e-68, 3.85077e-70, 4.27886e-72, 4.46844e-74, 4.38562e-76, 4.04531e-78, 3.50687e-80, 2.85716e-82, 2.18774e-84, 1.57436e-86, 1.06478e-88, 6.76798e-91, 4.04302e-93, 2.26986e-95, 1.19767e-97, 5.93914e-100, 2.76793e-102, 1.21236e-104, 4.99062e-107, 1.93074e-109, 7.02001e-112, 2.39882e-114, 7.70377e-117, 2.32517e-119, 6.59555e-122, 1.7583e-124, 4.40535e-127, 1.03732e-129, 2.29557e-132, 4.77433e-135, 9.3321e-138, 1.71432e-140, 2.95971e-143, 4.80232e-146, 7.32315e-149, 1.04952e-151, 1.4136e-154, 1.78939e-157, 2.12878e-160, 2.38013e-163, 2.501e-166, 2.46986e-169, 2.29231e-172, 1.99949e-175, 1.63912e-178, 1.26283e-181, 9.14371e-185, 6.22221e-188, 3.97933e-191, 2.39177e-194, 1.35106e-197, 7.17249e-201, 3.57858e-204, 1.67801e-207, 7.39472e-211, 3.06261e-214, 1.19208e-217, 4.36077e-221, 1.49922e-224, 4.84404e-228, 1.47094e-231, 4.19782e-235, 1.12589e-238, 2.838e-242, 6.72311e-246, 1.49682e-249, 3.13195e-253, 6.15887e-257
209.38
176.91
 
MEASUREMENT 34
1.56305, 4.67879, 7.79453, 10.9103, 14.0312, 17.1469, 20.2679, 23.3784, 26.4796, 29.5859, 32.6913, 35.8071, 38.9228, 42.0385, 45.1595, 48.2752, 51.3909, 54.5067, 57.6224, 60.7381, 63.8435, 66.9593, 70.0698, 73.1752, 76.2806, 79.3859, 82.4913, 85.5967, 88.7021, 91.8074, 94.9128, 98.0182, 101.1, 104.148, 107.196, 110.244, 113.292, 116.339, 119.387, 122.435, 125.483, 128.531, 131.574, 134.622, 137.67, 140.718, 143.766, 146.814, 149.861, 152.909, 155.957, 159.005, 162.053, 165.101, 168.149, 171.197, 174.245, 177.293, 180.341, 183.389, 186.436, 189.484, 192.532, 195.58, 198.621, 201.655, 204.688, 207.722, 210.756, 213.794, 216.838, 219.882, 222.926, 225.97, 229.014, 232.058, 235.102, 238.145, 241.189, 244.233, 247.277, 250.321, 253.37, 256.424, 259.478, 262.532, 265.586, 268.64, 271.695, 274.749, 277.803, 280.857, 283.911, 286.97, 290.035, 293.099
3.48355, 3.50215, 3.49015, 3.70207, 3.48311, 3.52465, 3.8201, 3.81231, 3.75946, 3.80197, 3.84898, 3.94035, 3.94764, 3.99252, 3.98945, 3.998, 4.15661, 4.1971, 4.26807, 4.31175, 3.81542, 4.27028, 4.29285, 4.28171, 4.37506, 4.3862, 4.41341, 4.40428, 4.46525, 4.12541, 4.53165, 3.92631, 4.55059, 4.55104, 4.59469, 4.61728, 4.64401, 4.67941, 4.72291, 4.74378, 4.76304, 4.82038, 4.87773, 4.89365, 4.94523, 5.02172, 5.09329, 5.14009, 5.18815, 5.24118, 5.35625, 5.44375, 5.55069, 5.6248, 5.74467, 6.00809, 6.10474, 6.19803, 6.43534, 6.73391, 6.97337, 7.42712, 7.86602, 8.77099, 11.0848, 12.6479, 14.2731, 12.9885, 6.67767, 1.483, 0.103841, -0.017705, -0.0389098, -0.044948, -0.0430869, -0.0201788, -0.0305922, -0.0231301, -0.0614529, -0.0376629, -0.0659499, -0.0781599, -0.0638317, -0.0378652, -0.0397641, -0.0537839, -0.028992, -0.0300617, -0.0254983, -0.0190873, -0.0239265, -0.0359259, -0.0521195, -0.0411142, -0.0646431, -0.0993495
0.104507, 0.105064, 0.104705, 0.111062, 0.104493, 0.105739, 0.114603, 0.114369, 0.112784, 0.114059, 0.115469, 0.11821, 0.118429, 0.119776, 0.119684, 0.11994, 0.124698, 0.125913, 0.128042, 0.129352, 0.114463, 0.128108, 0.128786, 0.128451, 0.131252, 0.131586, 0.132402, 0.132128, 0.133958, 0.123762, 0.13595, 0.117789, 0.136518, 0.136531, 0.137841, 0.138518, 0.13932, 0.140382, 0.141687, 0.142314, 0.142891, 0.144611, 0.146332, 0.146809, 0.148357, 0.150651, 0.152799, 0.154203, 0.155644, 0.157235, 0.160688, 0.163312, 0.166521, 0.168744, 0.17234, 0.180243, 0.183142, 0.185941, 0.19306, 0.202017, 0.209201, 0.222814, 0.235981, 0.26313, 0.332544, 0.379438, 0.428193, 0.389655, 0.20033, 0.0444899, 0.00311524, 0.00053115, 0.00116729, 0.00134844, 0.00129261, 0.000605364, 0.000917765, 0.000693902, 0.00184359, 0.00112989, 0.0019785, 0.0023448, 0.00191495, 0.00113596, 0.00119292, 0.00161352, 0.000869759, 0.000901851, 0.000764949, 0.000572619, 0.000717796, 0.00107778, 0.00156358, 0.00123343, 0.00193929, 0.00298048
0, 0.613815, 1.22763, 1.84144, 2.45526, 3.06907, 3.68289, 4.2967, 4.91052, 5.52433, 6.13815, 6.75196, 7.36578, 7.97959, 8.59341, 9.20722, 9.82104, 10.4349, 11.0487, 11.6625, 12.2763, 12.8901, 13.5039, 14.1177, 14.7316, 15.3454, 15.9592, 16.573, 17.1868, 17.8006, 18.4144, 19.0283, 19.6421, 20.2559, 20.8697, 21.4835, 22.0973, 22.7111, 23.325, 23.9388, 24.5526, 25.1664, 25.7802, 26.394, 27.0078, 27.6217, 28.2355, 28.8493, 29.4631, 30.0769, 30.6907, 31.3046, 31.9184, 32.5322, 33.146, 33.7598, 34.3736, 34.9874, 35.6013, 36.2151, 36.8289, 37.4427, 38.0565, 38.6703, 39.2841, 39.898, 40.5118, 41.1256, 41.7394, 42.3532, 42.967, 43.5808, 44.1947, 44.8085, 45.4223, 46.0361, 46.6499, 47.2637, 47.8775, 48.4914, 49.1052, 49.719, 50.3328, 50.9466, 51.5604, 52.1743, 52.7881, 53.4019, 54.0157, 54.6295, 55.2433, 55.8571, 56.471, 57.0848, 57.6986, 58.3124, 58.9262, 59.54, 60.1538, 60.7677, 61.3815, 61.9953, 62.6091, 63.2229, 63.8367, 64.4505, 65.0644, 65.6782, 66.292, 66.9058, 67.5196, 68.1334, 68.7473, 69.3611, 69.9749, 70.5887, 71.2025, 71.8163, 72.4301, 73.044, 73.6578, 74.2716, 74.8854, 75.4992, 76.113, 76.7268, 77.3407, 77.9545, 78.5683, 79.1821, 79.7959, 80.4097, 81.0235, 81.6374, 82.2512, 82.865, 83.4788, 84.0926, 84.7064, 85.3202, 85.9341, 86.5479, 87.1617, 87.7755, 88.3893, 89.0031, 89.617, 90.2308, 90.8446, 91.4584, 92.0722, 92.686, 93.2998, 93.9137, 94.5275, 95.1413, 95.7551, 96.3689, 96.9827, 97.5965, 98.2104, 98.8242, 99.438, 100.052, 100.666, 101.279, 101.893, 102.507, 103.121, 103.735, 104.349, 104.962, 105.576, 106.19, 106.804, 107.418, 108.031, 108.645, 109.259, 109.873, 110.487, 111.1, 111.714, 112.328, 112.942, 113.556, 114.17, 114.783, 115.397, 116.011, 116.625, 117.239, 117.852, 118.466, 119.08, 119.694, 120.308, 120.922, 121.535, 122.149, 122.763, 123.377, 123.991, 124.604, 125.218, 125.832, 126.446, 127.06, 127.673, 128.287, 128.901, 129.515, 130.129, 130.743, 131.356, 131.97, 132.584, 133.198, 133.812, 134.425, 135.039, 135.653, 136.267, 136.881, 137.495, 138.108, 138.722, 139.336, 139.95, 140.564, 141.177, 141.791, 142.405, 143.019, 143.633, 144.246, 144.86, 145.474, 146.088, 146.702, 147.316, 147.929, 148.543, 149.157, 149.771, 150.385, 150.998, 151.612, 152.226, 152.84, 153.454, 154.068, 154.681, 155.295, 155.909, 156.523, 157.137, 157.75, 158.364, 158.978, 159.592, 160.206, 160.819, 161.433, 162.047, 162.661, 163.275, 163.889, 164.502, 165.116, 165.73, 166.344, 166.958, 167.571, 168.185, 168.799, 169.413, 170.027, 170.64, 171.254, 171.868, 172.482, 173.096, 173.71, 174.323, 174.937, 175.551, 176.165, 176.779, 177.392, 178.006, 178.62, 179.234, 179.848, 180.462, 181.075, 181.689, 182.303, 182.917, 183.531, 184.144, 184.758, 185.372, 185.986, 186.6, 187.213, 187.827, 188.441, 189.055, 189.669, 190.283, 190.896, 191.51, 192.124, 192.738, 193.352, 193.965, 194.579, 195.193, 195.807, 196.421, 197.035, 197.648, 198.262, 198.876, 199.49, 200.104, 200.717, 201.331, 201.945, 202.559, 203.173, 203.786, 204.4, 205.014, 205.628, 206.242, 206.856, 207.469, 208.083, 208.697, 209.311, 209.925, 210.538, 211.152, 211.766, 212.38, 212.994, 213.608, 214.221, 214.835, 215.449, 216.063, 216.677, 217.29, 217.904, 218.518, 219.132, 219.746, 220.359, 220.973, 221.587, 222.201, 222.815, 223.429, 224.042, 224.656, 225.27, 225.884, 226.498, 227.111, 227.725, 228.339, 228.953, 229.567, 230.181, 230.794, 231.408, 232.022, 232.636, 233.25, 233.863, 234.477, 235.091, 235.705, 236.319, 236.932, 237.546, 238.16, 238.774, 239.388, 240.002, 240.615, 241.229, 241.843, 242.457, 243.071, 243.684, 244.298, 244.912, 245.526, 246.14, 246.754, 247.367, 247.981, 248.595, 249.209, 249.823, 250.436, 251.05, 251.664, 252.278, 252.892, 253.505, 254.119, 254.733, 255.347, 255.961, 256.575, 257.188, 257.802, 258.416, 259.03, 259.644, 260.257, 260.871, 261.485, 262.099, 262.713, 263.327, 263.94, 264.554, 265.168, 265.782, 266.396, 267.009, 267.623, 268.237, 268.851, 269.465, 270.078, 270.692, 271.306, 271.92, 272.534, 273.148, 273.761, 274.375, 274.989, 275.603, 276.217, 276.83, 277.444, 278.058, 278.672, 279.286, 279.9, 280.513, 281.127, 281.741, 282.355, 282.969, 283.582, 284.196, 284.81, 285.424, 286.038, 286.651, 287.265, 287.879, 288.493, 289.107, 289.721, 290.334, 290.948, 291.562, 292.176, 292.79, 293.403, 294.017
3.93849, 3.93948, 3.94048, 3.94149, 3.94252, 3.94355, 3.94459, 3.94565, 3.94672, 3.94779, 3.94888, 3.94998, 3.9511, 3.95222, 3.95336, 3.95451, 3.95567, 3.95684, 3.95803, 3.95923, 3.96044, 3.96166, 3.96289, 3.96414, 3.9654, 3.96668, 3.96796, 3.96927, 3.97058, 3.97191, 3.97325, 3.9746, 3.97597, 3.97735, 3.97875, 3.98016, 3.98159, 3.98303, 3.98448, 3.98595, 3.98743, 3.98893, 3.99044, 3.99197, 3.99352, 3.99508, 3.99665, 3.99824, 3.99985, 4.00147, 4.00311, 4.00477, 4.00644, 4.00813, 4.00983, 4.01155, 4.01329, 4.01505, 4.01682, 4.01862, 4.02043, 4.02225, 4.0241, 4.02596, 4.02784, 4.02974, 4.03166, 4.0336, 4.03556, 4.03754, 4.03953, 4.04155, 4.04359, 4.04564, 4.04772, 4.04981, 4.05193, 4.05407, 4.05623, 4.05841, 4.06061, 4.06284, 4.06508, 4.06735, 4.06964, 4.07196, 4.07429, 4.07665, 4.07903, 4.08144, 4.08387, 4.08632, 4.0888, 4.09131, 4.09383, 4.09639, 4.09896, 4.10157, 4.1042, 4.10685, 4.10954, 4.11225, 4.11498, 4.11775, 4.12054, 4.12336, 4.1262, 4.12908, 4.13199, 4.13492, 4.13788, 4.14088, 4.1439, 4.14695, 4.15004, 4.15316, 4.1563, 4.15948, 4.1627, 4.16594, 4.16922, 4.17253, 4.17588, 4.17926, 4.18267, 4.18612, 4.1896, 4.19313, 4.19668, 4.20028, 4.20391, 4.20758, 4.21128, 4.21503, 4.21882, 4.22264, 4.2265, 4.23041, 4.23436, 4.23834, 4.24238, 4.24645, 4.25056, 4.25472, 4.25893, 4.26318, 4.26747, 4.27182, 4.2762, 4.28064, 4.28512, 4.28966, 4.29424, 4.29887, 4.30355, 4.30828, 4.31307, 4.31791, 4.3228, 4.32775, 4.33275, 4.33781, 4.34292, 4.34809, 4.35332, 4.35861, 4.36396, 4.36937, 4.37484, 4.38038, 4.38597, 4.39164, 4.39736, 4.40316, 4.40902, 4.41495, 4.42095, 4.42702, 4.43316, 4.43938, 4.44567, 4.45203, 4.45847, 4.46499, 4.47159, 4.47827, 4.48503, 4.49187, 4.4988, 4.50581, 4.51291, 4.52009, 4.52737, 4.53474, 4.5422, 4.54976, 4.55741, 4.56516, 4.57301, 4.58097, 4.58902, 4.59718, 4.60545, 4.61383, 4.62231, 4.63091, 4.63963, 4.64846, 4.65742, 4.66649, 4.67569, 4.68502, 4.69447, 4.70406, 4.71378, 4.72364, 4.73363, 4.74377, 4.75406, 4.76449, 4.77507, 4.78581, 4.79671, 4.80777, 4.81899, 4.83038, 4.84194, 4.85368, 4.8656, 4.8777, 4.88999, 4.90247, 4.91514, 4.92802, 4.9411, 4.9544, 4.96791, 4.98164, 4.99559, 5.00978, 5.0242, 5.03887, 5.05378, 5.06895, 5.08438, 5.10009, 5.11606, 5.13232, 5.14887, 5.16572, 5.18288, 5.20035, 5.21815, 5.23628, 5.25475, 5.27357, 5.29276, 5.31232, 5.33227, 5.35261, 5.37336, 5.39454, 5.41614, 5.4382, 5.46072, 5.48372, 5.50721, 5.53121, 5.55574, 5.58082, 5.60646, 5.63269, 5.65953, 5.68699, 5.71511, 5.7439, 5.77339, 5.80362, 5.8346, 5.86637, 5.89897, 5.93242, 5.96676, 6.00203, 6.03827, 6.07552, 6.11383, 6.15325, 6.19383, 6.23563, 6.2787, 6.32311, 6.36893, 6.41623, 6.46509, 6.51559, 6.56783, 6.6219, 6.67792, 6.73599, 6.79625, 6.85883, 6.92389, 6.99158, 7.06209, 7.13562, 7.21238, 7.29263, 7.37662, 7.46467, 7.5571, 7.65431, 7.75671, 7.86479, 7.97911, 8.10031, 8.22912, 8.36641, 8.51318, 8.67064, 8.84024, 9.02375, 9.22337, 9.44187, 9.68281, 9.95079, 10.2517, 10.593, 10.9834, 11.4319, 11.9463, 12.5286, 13.1704, 13.8459, 14.5067, 15.0793, 15.4696, 15.5753, 15.3057, 14.6041, 13.4663, 11.9455, 10.1825, 8.30549, 6.46762, 4.79934, 3.38854, 2.2735, 1.44805, 0.874798, 0.500918, 0.271708, 0.139542, 0.0678249, 0.0311884, 0.0135632, 0.00557584, 0.00216518, 0.000792582, 0.000271649, 8.47513e-05, 2.02356e-05, 4.63151e-06, 1.30755e-06, 3.48322e-07, 8.75478e-08, 2.07611e-08, 4.64513e-09, 9.80587e-10, 1.95306e-10, 3.67017e-11, 6.50726e-12, 1.08856e-12, 1.71809e-13, 2.55847e-14, 3.59465e-15, 4.76512e-16, 5.95981e-17, 7.03285e-18, 7.83016e-19, 8.22529e-20, 8.15215e-21, 7.62314e-22, 6.72568e-23, 5.59859e-24, 4.39706e-25, 3.25826e-26, 2.27798e-27, 1.50264e-28, 9.35188e-30, 5.49141e-31, 3.04235e-32, 1.59028e-33, 7.84293e-35, 3.64942e-36, 1.60217e-37, 6.63642e-39, 2.59357e-40, 9.56319e-42, 3.32695e-43, 1.09202e-44, 3.38185e-46, 9.88137e-48, 2.72408e-49, 7.08535e-51, 1.73877e-52, 4.02591e-54, 8.79475e-56, 1.81269e-57, 3.52501e-59, 6.46753e-61, 1.11958e-62, 1.82856e-64, 2.81776e-66, 4.09673e-68, 5.61965e-70, 7.27311e-72, 8.88116e-74, 1.02319e-75, 1.1122e-77, 1.14064e-79, 1.10371e-81, 1.00762e-83, 8.67913e-86, 7.05335e-88, 5.40819e-90, 3.91244e-92, 2.67043e-94, 1.7197e-96, 1.04487e-98, 5.98976e-101, 3.23963e-103, 1.65317e-105, 7.95938e-108, 3.61558e-110, 1.54958e-112, 6.26598e-115, 2.39057e-117, 8.60498e-120, 2.92238e-122, 9.36399e-125, 2.83089e-127, 8.0746e-130, 2.17299e-132, 5.51735e-135, 1.32172e-137, 2.98737e-140, 6.37049e-143, 1.28172e-145, 2.43306e-148, 4.35761e-151, 7.36343e-154, 1.17395e-156, 1.76585e-159, 2.50609e-162, 3.35564e-165, 4.23927e-168, 5.05293e-171, 5.68239e-174, 6.02915e-177, 6.03555e-180, 5.70052e-183, 5.07981e-186, 4.27088e-189, 3.38784e-192, 2.53551e-195, 1.79037e-198, 1.19277e-201, 7.49733e-205, 4.44624e-208, 2.48779e-211, 1.31332e-214, 6.5413e-218, 3.07392e-221, 1.36288e-224, 5.70108e-228, 2.25005e-231, 8.37844e-235, 2.94354e-238, 9.75689e-242
3.93849, 3.9395, 3.94052, 3.94155, 3.94259, 3.94364, 3.9447, 3.94578, 3.94686, 3.94796, 3.94907, 3.95019, 3.95132, 3.95246, 3.95362, 3.95479, 3.95597, 3.95716, 3.95836, 3.95958, 3.96081, 3.96205, 3.96331, 3.96457, 3.96586, 3.96715, 3.96846, 3.96978, 3.97111, 3.97246, 3.97382, 3.9752, 3.97659, 3.97799, 3.97941, 3.98084, 3.98229, 3.98375, 3.98522, 3.98671, 3.98822, 3.98974, 3.99127, 3.99282, 3.99439, 3.99597, 3.99757, 3.99918, 4.00081, 4.00246, 4.00412, 4.0058, 4.0075, 4.00921, 4.01094, 4.01268, 4.01445, 4.01623, 4.01802, 4.01984, 4.02167, 4.02353, 4.0254, 4.02728, 4.02919, 4.03112, 4.03306, 4.03503, 4.03701, 4.03901, 4.04104, 4.04308, 4.04514, 4.04722, 4.04933, 4.05145, 4.05359, 4.05576, 4.05795, 4.06015, 4.06239, 4.06464, 4.06691, 4.06921, 4.07153, 4.07387, 4.07623, 4.07862, 4.08104, 4.08347, 4.08593, 4.08841, 4.09092, 4.09346, 4.09602, 4.0986, 4.10121, 4.10384, 4.10651, 4.10919, 4.11191, 4.11465, 4.11742, 4.12022, 4.12304, 4.12589, 4.12877, 4.13168, 4.13462, 4.13759, 4.14059, 4.14362, 4.14668, 4.14977, 4.15289, 4.15604, 4.15922, 4.16244, 4.16569, 4.16897, 4.17229, 4.17564, 4.17902, 4.18244, 4.18589, 4.18938, 4.19291, 4.19647, 4.20007, 4.2037, 4.20737, 4.21108, 4.21483, 4.21862, 4.22245, 4.22632, 4.23023, 4.23417, 4.23817, 4.2422, 4.24627, 4.25039, 4.25456, 4.25876, 4.26301, 4.26731, 4.27165, 4.27604, 4.28048, 4.28497, 4.2895, 4.29408, 4.29871, 4.3034, 4.30813, 4.31292, 4.31776, 4.32265, 4.3276, 4.3326, 4.33765, 4.34277, 4.34794, 4.35317, 4.35845, 4.3638, 4.36921, 4.37468, 4.38021, 4.38581, 4.39147, 4.39719, 4.40298, 4.40884, 4.41477, 4.42076, 4.42683, 4.43297, 4.43918, 4.44546, 4.45182, 4.45826, 4.46477, 4.47136, 4.47803, 4.48479, 4.49162, 4.49854, 4.50554, 4.51263, 4.51981, 4.52708, 4.53444, 4.54189, 4.54944, 4.55708, 4.56482, 4.57265, 4.58059, 4.58864, 4.59678, 4.60503, 4.6134, 4.62187, 4.63045, 4.63915, 4.64797, 4.6569, 4.66596, 4.67514, 4.68444, 4.69387, 4.70344, 4.71313, 4.72297, 4.73294, 4.74305, 4.75331, 4.76372, 4.77427, 4.78498, 4.79584, 4.80687, 4.81806, 4.82941, 4.84094, 4.85264, 4.86452, 4.87658, 4.88883, 4.90126, 4.91389, 4.92672, 4.93976, 4.953, 4.96646, 4.98013, 4.99403, 5.00816, 5.02252, 5.03712, 5.05197, 5.06707, 5.08243, 5.09806, 5.11396, 5.13014, 5.14661, 5.16338, 5.18044, 5.19782, 5.21552, 5.23355, 5.25192, 5.27063, 5.28971, 5.30915, 5.32897, 5.34919, 5.36981, 5.39084, 5.4123, 5.43421, 5.45657, 5.4794, 5.50272, 5.52654, 5.55088, 5.57576, 5.6012, 5.62721, 5.65382, 5.68105, 5.70891, 5.73744, 5.76666, 5.7966, 5.82728, 5.85874, 5.891, 5.92409, 5.95806, 5.99294, 6.02877, 6.06559, 6.10344, 6.14237, 6.18244, 6.22369, 6.26618, 6.30998, 6.35514, 6.40175, 6.44987, 6.49958, 6.55098, 6.60415, 6.65921, 6.71625, 6.7754, 6.83679, 6.90056, 6.96687, 7.03588, 7.10779, 7.18279, 7.26112, 7.34302, 7.42878, 7.51871, 7.61315, 7.7125, 7.81721, 7.92777, 8.04477, 8.16886, 8.30082, 8.44154, 8.59207, 8.75367, 8.92786, 9.11649, 9.32187, 9.54694, 9.79548, 10.0724, 10.3842, 10.739, 11.1467, 11.6181, 12.1629, 12.7859, 13.4811, 14.2246, 14.9678, 15.6347, 16.1248, 16.3262, 16.1364, 15.487, 14.3661, 12.8282, 10.9897, 9.00697, 7.04612, 5.25156, 3.72334, 2.5081, 1.60355, 0.97226, 0.55866, 0.304037, 0.156644, 0.0763706, 0.0352217, 0.0153609, 0.00633239, 0.0024658, 0.000905304, 0.000311605, 9.79211e-05, 2.40573e-05, 5.65842e-06, 1.59858e-06, 4.26101e-07, 1.0716e-07, 2.5427e-08, 5.69245e-09, 1.20239e-09, 2.39624e-10, 4.50565e-11, 7.99329e-12, 1.33794e-12, 2.11293e-13, 3.14831e-14, 4.42598e-15, 5.8706e-16, 7.34677e-17, 8.67463e-18, 9.66376e-19, 1.01574e-19, 1.0073e-20, 9.42486e-22, 8.32017e-23, 6.92995e-24, 5.44588e-25, 4.03781e-26, 2.82465e-27, 1.86433e-28, 1.16097e-29, 6.82118e-31, 3.78127e-32, 1.97768e-33, 9.7592e-35, 4.54372e-36, 1.99595e-37, 8.2723e-39, 3.23477e-40, 1.19344e-41, 4.15427e-43, 1.36436e-44, 4.2277e-46, 1.236e-47, 3.40934e-49, 8.87282e-51, 2.17868e-52, 5.04734e-54, 1.10324e-55, 2.2752e-57, 4.42696e-59, 8.12701e-61, 1.40765e-62, 2.30037e-64, 3.54682e-66, 5.15963e-68, 7.08168e-70, 9.1705e-72, 1.12044e-73, 1.29158e-75, 1.40473e-77, 1.44146e-79, 1.39556e-81, 1.27478e-83, 1.09865e-85, 8.93346e-88, 6.8536e-90, 4.96085e-92, 3.3879e-94, 2.18295e-96, 1.32707e-98, 7.61168e-101, 4.11913e-103, 2.10314e-105, 1.01314e-107, 4.60473e-110, 1.9746e-112, 7.98896e-115, 3.04957e-117, 1.09831e-119, 3.73205e-122, 1.19648e-124, 3.61912e-127, 1.03285e-129, 2.78103e-132, 7.06501e-135, 1.69339e-137, 3.82945e-140, 8.17058e-143, 1.64477e-145, 3.12389e-148, 5.59785e-151, 9.46419e-154, 1.50967e-156, 2.27204e-159, 3.22617e-162, 4.32209e-165, 5.46307e-168, 6.51502e-171, 7.33045e-174, 7.78182e-177, 7.79413e-180, 7.36529e-183, 6.56671e-186, 5.52384e-189, 4.384e-192, 3.28273e-195, 2.31919e-198, 1.54586e-201, 9.72171e-205, 5.76832e-208, 3.22917e-211, 1.70556e-214, 8.49924e-218, 3.99602e-221, 1.7726e-224, 7.41869e-228, 2.92941e-231, 1.09136e-234, 3.83609e-238, 1.27217e-241
209.24
176.84
 
MEASUREMENT 35
1.56305, 4.67879, 7.79453, 10.9103, 14.0312, 17.1469, 20.2679, 23.3784, 26.4796, 29.5859, 32.6913, 35.8071, 38.9228, 42.0385, 45.1595, 48.2752, 51.3909, 54.5067, 57.6224, 60.7381, 63.8435, 66.9593, 70.0698, 73.1752, 76.2806, 79.3859, 82.4913, 85.5967, 88.7021, 91.8074, 94.9128, 98.0182, 101.1, 104.148, 107.196, 110.244, 113.292, 116.339, 119.387, 122.435, 125.483, 128.531, 131.574, 134.622, 137.67, 140.718, 143.766, 146.814, 149.861, 152.909, 155.957, 159.005, 162.053, 165.101, 168.149, 171.197, 174.245, 177.293, 180.341, 183.389, 186.436, 189.484, 192.532, 195.58, 198.621, 201.655, 204.688, 207.722, 210.756, 213.794, 216.838, 219.882, 222.926, 225.97, 229.014, 232.058, 235.102, 238.145, 241.189, 244.233, 247.277, 250.321, 253.37, 256.424, 259.478, 262.532, 265.586, 268.64, 271.695, 274.749, 277.803, 280.857, 283.911, 286.97, 290.035, 293.099
3.48526, 3.50094, 3.49108, 3.70402, 3.48525, 3.52314, 3.81459, 3.81143, 3.75454, 3.80223, 3.85, 3.94352, 3.94739, 3.98769, 3.98943, 4.00032, 4.15725, 4.19065, 4.26785, 4.31238, 3.81984, 4.27431, 4.29376, 4.28312, 4.37392, 4.38589, 4.4126, 4.40713, 4.46522, 4.12499, 4.53157, 3.92393, 4.55548, 4.55315, 4.59432, 4.61624, 4.64758, 4.67773, 4.7234, 4.74325, 4.76628, 4.8196, 4.88075, 4.88888, 4.94621, 5.02248, 5.09151, 5.13569, 5.19009, 5.24125, 5.3521, 5.44146, 5.55048, 5.62508, 5.74467, 6.01515, 6.10407, 6.19219, 6.43418, 6.73476, 6.9722, 7.4248, 7.86844, 8.64104, 11.0842, 12.651, 14.2723, 12.9863, 6.67678, 1.48861, 0.105585, -0.0109166, -0.0377794, -0.0464857, -0.0427653, -0.0206613, -0.0315858, -0.025754, -0.0607352, -0.0379281, -0.0651189, -0.0744111, -0.0580512, -0.0235989, -0.0408614, -0.0558057, -0.0290728, -0.0308327, -0.0259279, -0.0192757, -0.0223618, -0.0336559, -0.0524503, -0.0404606, -0.0613949, -0.0974968
0.104558, 0.105028, 0.104733, 0.11112, 0.104558, 0.105694, 0.114438, 0.114343, 0.112636, 0.114067, 0.1155, 0.118306, 0.118422, 0.119631, 0.119683, 0.12001, 0.124718, 0.125719, 0.128036, 0.129371, 0.114595, 0.128229, 0.128813, 0.128494, 0.131218, 0.131577, 0.132378, 0.132214, 0.133957, 0.12375, 0.135947, 0.117718, 0.136665, 0.136594, 0.13783, 0.138487, 0.139427, 0.140332, 0.141702, 0.142297, 0.142988, 0.144588, 0.146423, 0.146666, 0.148386, 0.150674, 0.152745, 0.154071, 0.155703, 0.157238, 0.160563, 0.163244, 0.166515, 0.168752, 0.17234, 0.180454, 0.183122, 0.185766, 0.193025, 0.202043, 0.209166, 0.222744, 0.236053, 0.259231, 0.332526, 0.379529, 0.428168, 0.389589, 0.200303, 0.0446582, 0.00316754, 0.000327498, 0.00113338, 0.00139457, 0.00128296, 0.000619839, 0.000947574, 0.000772619, 0.00182206, 0.00113784, 0.00195357, 0.00223233, 0.00174154, 0.000707967, 0.00122584, 0.00167417, 0.000872183, 0.00092498, 0.000777838, 0.000578272, 0.000670853, 0.00100968, 0.00157351, 0.00121382, 0.00184185, 0.0029249
0, 0.613815, 1.22763, 1.84144, 2.45526, 3.06907, 3.68289, 4.2967, 4.91052, 5.52433, 6.13815, 6.75196, 7.36578, 7.97959, 8.59341, 9.20722, 9.82104, 10.4349, 11.0487, 11.6625, 12.2763, 12.8901, 13.5039, 14.1177, 14.7316, 15.3454, 15.9592, 16.573, 17.1868, 17.8006, 18.4144, 19.0283, 19.6421, 20.2559, 20.8697, 21.4835, 22.0973, 22.7111, 23.325, 23.9388, 24.5526, 25.1664, 25.7802, 26.394, 27.0078, 27.6217, 28.2355, 28.8493, 29.4631, 30.0769, 30.6907, 31.3046, 31.9184, 32.5322, 33.146, 33.7598, 34.3736, 34.9874, 35.6013, 36.2151, 36.8289, 37.4427, 38.0565, 38.6703, 39.2841, 39.898, 40.5118, 41.1256, 41.7394, 42.3532, 42.967, 43.5808, 44.1947, 44.8085, 45.4223, 46.0361, 46.6499, 47.2637, 47.8775, 48.4914, 49.1052, 49.719, 50.3328, 50.9466, 51.5604, 52.1743, 52.7881, 53.4019, 54.0157, 54.6295, 55.2433, 55.8571, 56.471, 57.0848, 57.6986, 58.3124, 58.9262, 59.54, 60.1538, 60.7677, 61.3815, 61.9953, 62.6091, 63.2229, 63.8367, 64.4505, 65.0644, 65.6782, 66.292, 66.9058, 67.5196, 68.1334, 68.7473, 69.3611, 69.9749, 70.5887, 71.2025, 71.8163, 72.4301, 73.044, 73.6578, 74.2716, 74.8854, 75.4992, 76.113, 76.7268, 77.3407, 77.9545, 78.5683, 79.1821, 79.7959, 80.4097, 81.0235, 81.6374, 82.2512, 82.865, 83.4788, 84.0926, 84.7064, 85.3202, 85.9341, 86.5479, 87.1617, 87.7755, 88.3893, 89.0031, 89.617, 90.2308, 90.8446, 91.4584, 92.0722, 92.686, 93.2998, 93.9137, 94.5275, 95.1413, 95.7551, 96.3689, 96.9827, 97.5965, 98.2104, 98.8242, 99.438, 100.052, 100.666, 101.279, 101.893, 102.507, 103.121, 103.735, 104.349, 104.962, 105.576, 106.19, 106.804, 107.418, 108.031, 108.645, 109.259, 109.873, 110.487, 111.1, 111.714, 112.328, 112.942, 113.556, 114.17, 114.783, 115.397, 116.011, 116.625, 117.239, 117.852, 118.466, 119.08, 119.694, 120.308, 120.922, 121.535, 122.149, 122.763, 123.377, 123.991, 124.604, 125.218, 125.832, 126.446, 127.06, 127.673, 128.287, 128.901, 129.515, 130.129, 130.743, 131.356, 131.97, 132.584, 133.198, 133.812, 134.425, 135.039, 135.653, 136.267, 136.881, 137.495, 138.108, 138.722, 139.336, 139.95, 140.564, 141.177, 141.791, 142.405, 143.019, 143.633, 144.246, 144.86, 145.474, 146.088, 146.702, 147.316, 147.929, 148.543, 149.157, 149.771, 150.385, 150.998, 151.612, 152.226, 152.84, 153.454, 154.068, 154.681, 155.295, 155.909, 156.523, 157.137, 157.75, 158.364, 158.978, 159.592, 160.206, 160.819, 161.433, 162.047, 162.661, 163.275, 163.889, 164.502, 165.116, 165.73, 166.344, 166.958, 167.571, 168.185, 168.799, 169.413, 170.027, 170.64, 171.254, 171.868, 172.482, 173.096, 173.71, 174.323, 174.937, 175.551, 176.165, 176.779, 177.392, 178.006, 178.62, 179.234, 179.848, 180.462, 181.075, 181.689, 182.303, 182.917, 183.531, 184.144, 184.758, 185.372, 185.986, 186.6, 187.213, 187.827, 188.441, 189.055, 189.669, 190.283, 190.896, 191.51, 192.124, 192.738, 193.352, 193.965, 194.579, 195.193, 195.807, 196.421, 197.035, 197.648, 198.262, 198.876, 199.49, 200.104, 200.717, 201.331, 201.945, 202.559, 203.173, 203.786, 204.4, 205.014, 205.628, 206.242, 206.856, 207.469, 208.083, 208.697, 209.311, 209.925, 210.538, 211.152, 211.766, 212.38, 212.994, 213.608, 214.221, 214.835, 215.449, 216.063, 216.677, 217.29, 217.904, 218.518, 219.132, 219.746, 220.359, 220.973, 221.587, 222.201, 222.815, 223.429, 224.042, 224.656, 225.27, 225.884, 226.498, 227.111, 227.725, 228.339, 228.953, 229.567, 230.181, 230.794, 231.408, 232.022, 232.636, 233.25, 233.863, 234.477, 235.091, 235.705, 236.319, 236.932, 237.546, 238.16, 238.774, 239.388, 240.002, 240.615, 241.229, 241.843, 242.457, 243.071, 243.684, 244.298, 244.912, 245.526, 246.14, 246.754, 247.367, 247.981, 248.595, 249.209, 249.823, 250.436, 251.05, 251.664, 252.278, 252.892, 253.505, 254.119, 254.733, 255.347, 255.961, 256.575, 257.188, 257.802, 258.416, 259.03, 259.644, 260.257, 260.871, 261.485, 262.099, 262.713, 263.327, 263.94, 264.554, 265.168, 265.782, 266.396, 267.009, 267.623, 268.237, 268.851, 269.465, 270.078, 270.692, 271.306, 271.92, 272.534, 273.148, 273.761, 274.375, 274.989, 275.603, 276.217, 276.83, 277.444, 278.058, 278.672, 279.286, 279.9, 280.513, 281.127, 281.741, 282.355, 282.969, 283.582, 284.196, 284.81, 285.424, 286.038, 286.651, 287.265, 287.879, 288.493, 289.107, 289.721, 290.334, 290.948, 291.562, 292.176, 292.79, 293.403, 294.017
3.94103, 3.94202, 3.94301, 3.94401, 3.94503, 3.94605, 3.94709, 3.94813, 3.94919, 3.95026, 3.95134, 3.95244, 3.95354, 3.95466, 3.95579, 3.95693, 3.95808, 3.95924, 3.96042, 3.96161, 3.96281, 3.96403, 3.96525, 3.96649, 3.96775, 3.96901, 3.97029, 3.97158, 3.97289, 3.9742, 3.97554, 3.97688, 3.97824, 3.97961, 3.981, 3.9824, 3.98382, 3.98525, 3.98669, 3.98815, 3.98962, 3.99111, 3.99262, 3.99414, 3.99567, 3.99722, 3.99878, 4.00037, 4.00196, 4.00357, 4.0052, 4.00685, 4.00851, 4.01019, 4.01188, 4.01359, 4.01532, 4.01707, 4.01883, 4.02061, 4.02241, 4.02423, 4.02606, 4.02791, 4.02978, 4.03167, 4.03358, 4.03551, 4.03745, 4.03942, 4.0414, 4.04341, 4.04543, 4.04747, 4.04954, 4.05162, 4.05373, 4.05585, 4.058, 4.06017, 4.06236, 4.06457, 4.0668, 4.06906, 4.07133, 4.07363, 4.07596, 4.0783, 4.08067, 4.08306, 4.08548, 4.08792, 4.09038, 4.09287, 4.09539, 4.09792, 4.10049, 4.10308, 4.10569, 4.10833, 4.111, 4.11369, 4.11641, 4.11916, 4.12194, 4.12474, 4.12757, 4.13043, 4.13332, 4.13624, 4.13919, 4.14216, 4.14517, 4.14821, 4.15127, 4.15437, 4.1575, 4.16067, 4.16386, 4.16709, 4.17035, 4.17364, 4.17697, 4.18033, 4.18372, 4.18715, 4.19062, 4.19412, 4.19766, 4.20123, 4.20484, 4.20849, 4.21218, 4.2159, 4.21967, 4.22347, 4.22731, 4.2312, 4.23512, 4.23909, 4.2431, 4.24715, 4.25124, 4.25538, 4.25956, 4.26378, 4.26806, 4.27237, 4.27674, 4.28115, 4.2856, 4.29011, 4.29467, 4.29927, 4.30393, 4.30864, 4.31339, 4.31821, 4.32307, 4.32799, 4.33296, 4.33799, 4.34308, 4.34822, 4.35342, 4.35868, 4.364, 4.36937, 4.37481, 4.38032, 4.38588, 4.39151, 4.39721, 4.40297, 4.4088, 4.41469, 4.42066, 4.42669, 4.4328, 4.43898, 4.44523, 4.45156, 4.45796, 4.46444, 4.471, 4.47764, 4.48436, 4.49116, 4.49804, 4.50501, 4.51207, 4.51921, 4.52645, 4.53377, 4.54119, 4.5487, 4.5563, 4.56401, 4.57181, 4.57971, 4.58772, 4.59583, 4.60404, 4.61237, 4.6208, 4.62935, 4.63801, 4.64678, 4.65568, 4.6647, 4.67384, 4.6831, 4.6925, 4.70202, 4.71168, 4.72147, 4.7314, 4.74147, 4.75169, 4.76205, 4.77256, 4.78323, 4.79405, 4.80503, 4.81618, 4.82749, 4.83897, 4.85063, 4.86246, 4.87448, 4.88668, 4.89907, 4.91166, 4.92444, 4.93743, 4.95063, 4.96403, 4.97766, 4.99151, 5.00559, 5.01991, 5.03446, 5.04926, 5.06432, 5.07963, 5.09521, 5.11106, 5.12719, 5.14361, 5.16033, 5.17735, 5.19467, 5.21232, 5.2303, 5.24862, 5.26729, 5.28631, 5.30571, 5.32548, 5.34565, 5.36621, 5.3872, 5.40862, 5.43047, 5.45279, 5.47557, 5.49885, 5.52262, 5.54692, 5.57176, 5.59715, 5.62312, 5.64969, 5.67688, 5.70471, 5.73321, 5.7624, 5.7923, 5.82296, 5.85439, 5.88662, 5.9197, 5.95366, 5.98852, 6.02435, 6.06116, 6.09902, 6.13796, 6.17805, 6.21932, 6.26185, 6.30569, 6.35091, 6.39757, 6.44577, 6.49557, 6.54708, 6.60037, 6.65556, 6.71277, 6.7721, 6.83371, 6.89772, 6.9643, 7.03362, 7.10588, 7.18128, 7.26007, 7.34249, 7.42883, 7.51943, 7.61463, 7.71485, 7.82054, 7.93224, 8.05054, 8.17614, 8.30983, 8.45257, 8.60547, 8.76985, 8.94734, 9.13991, 9.35004, 9.58091, 9.8366, 10.1224, 10.4452, 10.8134, 11.2366, 11.7242, 12.2821, 12.908, 13.584, 14.2694, 14.8963, 15.3706, 15.5826, 15.4266, 14.8268, 13.7613, 12.273, 10.491, 8.56521, 6.65887, 4.91903, 3.44687, 2.28783, 1.43674, 0.852864, 0.478179, 0.253064, 0.126348, 0.0594833, 0.0263965, 0.0110366, 0.00434546, 0.00160948, 0.000559029, 0.00017998, 5.08165e-05, 9.28975e-06, 2.60424e-06, 6.86228e-07, 1.69953e-07, 3.95603e-08, 8.6549e-09, 1.77966e-09, 3.43941e-10, 6.24745e-11, 1.06658e-11, 1.71141e-12, 2.581e-13, 3.65841e-14, 4.87381e-15, 6.10262e-16, 7.18183e-17, 7.94374e-18, 8.25822e-19, 8.06898e-20, 7.41007e-21, 6.39582e-22, 5.1885e-23, 3.95602e-24, 2.83495e-25, 1.90943e-26, 1.20874e-27, 7.19168e-29, 4.02161e-30, 2.11368e-31, 1.04412e-32, 4.84765e-34, 2.11535e-35, 8.67569e-37, 3.34423e-38, 1.2116e-39, 4.12562e-41, 1.32036e-42, 3.97157e-44, 1.1228e-45, 2.98343e-47, 7.45069e-49, 1.74883e-50, 3.85805e-52, 7.99939e-54, 1.55889e-55, 2.85525e-57, 4.91522e-59, 7.95261e-61, 1.20933e-62, 1.72843e-64, 2.32181e-66, 2.93136e-68, 3.47842e-70, 3.87939e-72, 4.06643e-74, 4.00619e-76, 3.70953e-78, 3.22831e-80, 2.64058e-82, 2.02998e-84, 1.46674e-86, 9.96054e-89, 6.35741e-91, 3.8137e-93, 2.15021e-95, 1.13942e-97, 5.67483e-100, 2.65638e-102, 1.16868e-104, 4.83248e-107, 1.87807e-109, 6.85993e-112, 2.35503e-114, 7.59871e-117, 2.30437e-119, 6.56796e-122, 1.75945e-124, 4.42985e-127, 1.04826e-129, 2.3314e-132, 4.8734e-135, 9.57444e-138, 1.76792e-140, 3.06816e-143, 5.00448e-146, 7.67199e-149, 1.10541e-151, 1.49694e-154, 1.90526e-157, 2.27913e-160, 2.56242e-163, 2.70769e-166, 2.68913e-169, 2.51011e-172, 2.20211e-175, 1.81573e-178, 1.40712e-181, 1.02488e-184, 7.01592e-188, 4.51399e-191, 2.72962e-194, 1.55135e-197, 8.28673e-201, 4.16027e-204, 1.96303e-207, 8.70555e-211, 3.62853e-214, 1.42145e-217, 5.23356e-221, 1.81104e-224, 5.89013e-228, 1.80047e-231, 5.17264e-235, 1.3967e-238, 3.54454e-242, 8.45437e-246, 1.89525e-249, 3.99317e-253, 7.90739e-257
3.94103, 3.94204, 3.94306, 3.94408, 3.94512, 3.94617, 3.94723, 3.9483, 3.94939, 3.95048, 3.95159, 3.95271, 3.95384, 3.95498, 3.95613, 3.9573, 3.95847, 3.95966, 3.96087, 3.96208, 3.96331, 3.96455, 3.9658, 3.96707, 3.96835, 3.96964, 3.97094, 3.97226, 3.9736, 3.97494, 3.9763, 3.97767, 3.97906, 3.98046, 3.98188, 3.98331, 3.98475, 3.98621, 3.98768, 3.98917, 3.99067, 3.99219, 3.99372, 3.99527, 3.99683, 3.99841, 4.00001, 4.00162, 4.00325, 4.00489, 4.00655, 4.00822, 4.00992, 4.01163, 4.01335, 4.01509, 4.01685, 4.01863, 4.02043, 4.02224, 4.02407, 4.02592, 4.02779, 4.02967, 4.03158, 4.0335, 4.03544, 4.0374, 4.03938, 4.04138, 4.0434, 4.04544, 4.0475, 4.04958, 4.05168, 4.0538, 4.05594, 4.0581, 4.06028, 4.06249, 4.06471, 4.06696, 4.06923, 4.07153, 4.07384, 4.07618, 4.07854, 4.08093, 4.08333, 4.08577, 4.08822, 4.0907, 4.09321, 4.09574, 4.09829, 4.10087, 4.10347, 4.1061, 4.10876, 4.11145, 4.11416, 4.11689, 4.11966, 4.12245, 4.12527, 4.12812, 4.13099, 4.1339, 4.13683, 4.13979, 4.14279, 4.14581, 4.14886, 4.15195, 4.15506, 4.15821, 4.16139, 4.1646, 4.16785, 4.17112, 4.17443, 4.17778, 4.18115, 4.18457, 4.18801, 4.1915, 4.19501, 4.19857, 4.20216, 4.20579, 4.20945, 4.21316, 4.2169, 4.22068, 4.2245, 4.22836, 4.23226, 4.23621, 4.24019, 4.24422, 4.24828, 4.25239, 4.25655, 4.26075, 4.26499, 4.26928, 4.27362, 4.278, 4.28243, 4.2869, 4.29143, 4.296, 4.30062, 4.3053, 4.31002, 4.3148, 4.31963, 4.32451, 4.32945, 4.33444, 4.33949, 4.34459, 4.34975, 4.35497, 4.36025, 4.36558, 4.37098, 4.37644, 4.38196, 4.38754, 4.39319, 4.3989, 4.40468, 4.41053, 4.41644, 4.42243, 4.42848, 4.43461, 4.4408, 4.44707, 4.45342, 4.45984, 4.46634, 4.47291, 4.47957, 4.48631, 4.49313, 4.50003, 4.50702, 4.51409, 4.52125, 4.5285, 4.53584, 4.54328, 4.55081, 4.55843, 4.56615, 4.57397, 4.58189, 4.58991, 4.59804, 4.60627, 4.61461, 4.62306, 4.63162, 4.6403, 4.64909, 4.658, 4.66704, 4.67619, 4.68547, 4.69488, 4.70442, 4.71409, 4.72389, 4.73384, 4.74392, 4.75415, 4.76453, 4.77505, 4.78573, 4.79656, 4.80756, 4.81871, 4.83004, 4.84153, 4.85319, 4.86503, 4.87706, 4.88927, 4.90166, 4.91425, 4.92704, 4.94004, 4.95324, 4.96665, 4.98028, 4.99413, 5.00821, 5.02252, 5.03707, 5.05187, 5.06692, 5.08223, 5.0978, 5.11364, 5.12976, 5.14617, 5.16287, 5.17987, 5.19719, 5.21482, 5.23277, 5.25107, 5.26971, 5.2887, 5.30807, 5.32781, 5.34794, 5.36847, 5.38941, 5.41078, 5.43258, 5.45484, 5.47757, 5.50078, 5.52449, 5.54872, 5.57347, 5.59878, 5.62467, 5.65114, 5.67822, 5.70594, 5.73432, 5.76338, 5.79316, 5.82366, 5.85494, 5.88701, 5.91991, 5.95368, 5.98834, 6.02394, 6.06052, 6.09813, 6.13681, 6.1766, 6.21756, 6.25976, 6.30323, 6.34807, 6.39432, 6.44206, 6.49138, 6.54236, 6.59509, 6.64967, 6.70621, 6.76482, 6.82564, 6.8888, 6.95445, 7.02276, 7.0939, 7.16809, 7.24553, 7.32648, 7.4112, 7.5, 7.5932, 7.69119, 7.7944, 7.90332, 8.01848, 8.14053, 8.27019, 8.40831, 8.55589, 8.7141, 8.88435, 9.06838, 9.26827, 9.48668, 9.72704, 9.99378, 10.2928, 10.6317, 11.0202, 11.4698, 11.9925, 12.5976, 13.2863, 14.0437, 14.8307, 15.5772, 16.1824, 16.5243, 16.4814, 15.9611, 14.9277, 13.4204, 11.5528, 9.4921, 7.4242, 5.51602, 3.88638, 2.59299, 1.63645, 0.976, 0.549682, 0.292157, 0.146466, 0.0692272, 0.0308368, 0.0129404, 0.00511328, 0.0019007, 0.000662828, 0.000214726, 6.14893e-05, 1.1968e-05, 3.35036e-06, 8.83504e-07, 2.18977e-07, 5.10106e-08, 1.11685e-08, 2.29826e-09, 4.44505e-10, 8.08025e-11, 1.38053e-11, 2.21685e-12, 3.3458e-13, 4.74607e-14, 6.32762e-15, 7.92898e-16, 9.33824e-17, 1.03368e-17, 1.07541e-18, 1.05156e-19, 9.66423e-21, 8.34776e-22, 6.77709e-23, 5.17115e-24, 3.70853e-25, 2.49969e-26, 1.58359e-27, 9.42905e-29, 5.27672e-30, 2.77543e-31, 1.37204e-32, 6.37489e-34, 2.78387e-35, 1.1426e-36, 4.40769e-38, 1.59807e-39, 5.44567e-41, 1.74412e-42, 5.25014e-44, 1.48537e-45, 3.94973e-47, 9.87121e-49, 2.31869e-50, 5.11897e-52, 1.06217e-53, 2.07143e-55, 3.79681e-57, 6.54087e-59, 1.05906e-60, 1.61166e-62, 2.30514e-64, 3.09876e-66, 3.91515e-68, 4.64917e-70, 5.18886e-72, 5.44298e-74, 5.36623e-76, 4.97244e-78, 4.3305e-80, 3.54466e-82, 2.72697e-84, 1.97175e-86, 1.33996e-88, 8.55854e-91, 5.13777e-93, 2.89879e-95, 1.53719e-97, 7.66135e-100, 3.5888e-102, 1.58002e-104, 6.53794e-107, 2.54265e-109, 9.29395e-112, 3.19286e-114, 1.03093e-116, 3.12853e-119, 8.92321e-122, 2.39204e-124, 6.02673e-127, 1.42713e-129, 3.17621e-132, 6.64388e-135, 1.30617e-137, 2.41349e-140, 4.19139e-143, 6.84125e-146, 1.04949e-148, 1.51317e-151, 2.05052e-154, 2.61159e-157, 3.12617e-160, 3.5171e-163, 3.71898e-166, 3.69596e-169, 3.45221e-172, 3.03062e-175, 2.50053e-178, 1.93909e-181, 1.41328e-184, 9.68109e-188, 6.23283e-191, 3.77147e-194, 2.14488e-197, 1.14646e-200, 5.75942e-204, 2.71935e-207, 1.20674e-210, 5.03303e-214, 1.97292e-217, 7.26865e-221, 2.51688e-224, 8.19097e-228, 2.50537e-231, 7.20235e-235, 1.94599e-238, 4.94163e-242, 1.17941e-245, 2.64559e-249, 5.57757e-253, 1.10518e-256
209.39
176.92
 
MEASUREMENT 36
1.56305, 4.67879, 7.79453, 10.9103, 14.0312, 17.1469, 20.2679, 23.3784, 26.4796, 29.5859, 32.6913, 35.8071, 38.9228, 42.0385, 45.1595, 48.2752, 51.3909, 54.5067, 57.6224, 60.7381, 63.8435, 66.9593, 70.0698, 73.1752, 76.2806, 79.3859, 82.4913, 85.5967, 88.7021, 91.8074, 94.9128, 98.0182, 101.1, 104.148, 107.196, 110.244, 113.292, 116.339, 119.387, 122.435, 125.483, 128.531, 131.574, 134.622, 137.67, 140.718, 143.766, 146.814, 149.861, 152.909, 155.957, 159.005, 162.053, 165.101, 168.149, 171.197, 174.245, 177.293, 180.341, 183.389, 186.436, 189.484, 192.532, 195.58, 198.621, 201.655, 204.688, 207.722, 210.756, 213.794, 216.838, 219.882, 222.926, 225.97, 229.014, 232.058, 235.102, 238.145, 241.189, 244.233, 247.277, 250.321, 253.37, 256.424, 259.478, 262.532, 265.586, 268.64, 271.695, 274.749, 277.803, 280.857, 283.911, 286.97, 290.035, 293.099
3.48411, 3.50726, 3.48933, 3.69937, 3.48261, 3.52564, 3.81722, 3.8121, 3.75602, 3.80317, 3.85244, 3.93812, 3.94486, 3.98862, 3.98773, 3.99732, 4.15749, 4.19753, 4.26894, 4.31206, 3.80835, 4.27, 4.28974, 4.26779, 4.37262, 4.38296, 4.41219, 4.40308, 4.46413, 4.125, 4.53282, 3.93174, 4.55086, 4.55098, 4.59092, 4.61547, 4.64419, 4.67751, 4.72009, 4.74452, 4.75903, 4.8174, 4.87773, 4.88995, 4.94455, 5.02422, 5.09311, 5.14, 5.18814, 5.24147, 5.34836, 5.44018, 5.54989, 5.62511, 5.73938, 6.01261, 6.10415, 6.1902, 6.43621, 6.73317, 6.97028, 7.42303, 7.85075, 8.65455, 11.0839, 12.6504, 14.2728, 12.9887, 6.67385, 1.48119, 0.102678, -0.0204254, -0.0421493, -0.0476465, -0.0416902, -0.0220368, -0.0325249, -0.0231129, -0.0609228, -0.0390565, -0.0634341, -0.0778524, -0.0594776, -0.03248, -0.0396838, -0.0528878, -0.0289511, -0.0294487, -0.0268769, -0.0211485, -0.0237451, -0.0338747, -0.0532447, -0.0404541, -0.0664997, -0.101089
0.104523, 0.105218, 0.10468, 0.110981, 0.104478, 0.105769, 0.114517, 0.114363, 0.112681, 0.114095, 0.115573, 0.118143, 0.118346, 0.119659, 0.119632, 0.119919, 0.124725, 0.125926, 0.128068, 0.129362, 0.11425, 0.1281, 0.128692, 0.128034, 0.131179, 0.131489, 0.132366, 0.132092, 0.133924, 0.12375, 0.135985, 0.117952, 0.136526, 0.136529, 0.137728, 0.138464, 0.139326, 0.140325, 0.141603, 0.142336, 0.142771, 0.144522, 0.146332, 0.146698, 0.148336, 0.150726, 0.152793, 0.1542, 0.155644, 0.157244, 0.160451, 0.163205, 0.166497, 0.168753, 0.172181, 0.180378, 0.183125, 0.185706, 0.193086, 0.201995, 0.209108, 0.222691, 0.235523, 0.259637, 0.332517, 0.379513, 0.428183, 0.389661, 0.200216, 0.0444357, 0.00308034, 0.000612762, 0.00126448, 0.00142939, 0.00125071, 0.000661105, 0.000975746, 0.000693386, 0.00182768, 0.0011717, 0.00190302, 0.00233557, 0.00178433, 0.000974401, 0.00119051, 0.00158663, 0.000868533, 0.000883461, 0.000806307, 0.000634455, 0.000712354, 0.00101624, 0.00159734, 0.00121362, 0.00199499, 0.00303268
0, 0.613815, 1.22763, 1.84144, 2.45526, 3.06907, 3.68289, 4.2967, 4.91052, 5.52433, 6.13815, 6.75196, 7.36578, 7.97959, 8.59341, 9.20722, 9.82104, 10.4349, 11.0487, 11.6625, 12.2763, 12.8901, 13.5039, 14.1177, 14.7316, 15.3454, 15.9592, 16.573, 17.1868, 17.8006, 18.4144, 19.0283, 19.6421, 20.2559, 20.8697, 21.4835, 22.0973, 22.7111, 23.325, 23.9388, 24.5526, 25.1664, 25.7802, 26.394, 27.0078, 27.6217, 28.2355, 28.8493, 29.4631, 30.0769, 30.6907, 31.3046, 31.9184, 32.5322, 33.146, 33.7598, 34.3736, 34.9874, 35.6013, 36.2151, 36.8289, 37.4427, 38.0565, 38.6703, 39.2841, 39.898, 40.5118, 41.1256, 41.7394, 42.3532, 42.967, 43.5808, 44.1947, 44.8085, 45.4223, 46.0361, 46.6499, 47.2637, 47.8775, 48.4914, 49.1052, 49.719, 50.3328, 50.9466, 51.5604, 52.1743, 52.7881, 53.4019, 54.0157, 54.6295, 55.2433, 55.8571, 56.471, 57.0848, 57.6986, 58.3124, 58.9262, 59.54, 60.1538, 60.7677, 61.3815, 61.9953, 62.6091, 63.2229, 63.8367, 64.4505, 65.0644, 65.6782, 66.292, 66.9058, 67.5196, 68.1334, 68.7473, 69.3611, 69.9749, 70.5887, 71.2025, 71.8163, 72.4301, 73.044, 73.6578, 74.2716, 74.8854, 75.4992, 76.113, 76.7268, 77.3407, 77.9545, 78.5683, 79.1821, 79.7959, 80.4097, 81.0235, 81.6374, 82.2512, 82.865, 83.4788, 84.0926, 84.7064, 85.3202, 85.9341, 86.5479, 87.1617, 87.7755, 88.3893, 89.0031, 89.617, 90.2308, 90.8446, 91.4584, 92.0722, 92.686, 93.2998, 93.9137, 94.5275, 95.1413, 95.7551, 96.3689, 96.9827, 97.5965, 98.2104, 98.8242, 99.438, 100.052, 100.666, 101.279, 101.893, 102.507, 103.121, 103.735, 104.349, 104.962, 105.576, 106.19, 106.804, 107.418, 108.031, 108.645, 109.259, 109.873, 110.487, 111.1, 111.714, 112.328, 112.942, 113.556, 114.17, 114.783, 115.397, 116.011, 116.625, 117.239, 117.852, 118.466, 119.08, 119.694, 120.308, 120.922, 121.535, 122.149, 122.763, 123.377, 123.991, 124.604, 125.218, 125.832, 126.446, 127.06, 127.673, 128.287, 128.901, 129.515, 130.129, 130.743, 131.356, 131.97, 132.584, 133.198, 133.812, 134.425, 135.039, 135.653, 136.267, 136.881, 137.495, 138.108, 138.722, 139.336, 139.95, 140.564, 141.177, 141.791, 142.405, 143.019, 143.633, 144.246, 144.86, 145.474, 146.088, 146.702, 147.316, 147.929, 148.543, 149.157, 149.771, 150.385, 150.998, 151.612, 152.226, 152.84, 153.454, 154.068, 154.681, 155.295, 155.909, 156.523, 157.137, 157.75, 158.364, 158.978, 159.592, 160.206, 160.819, 161.433, 162.047, 162.661, 163.275, 163.889, 164.502, 165.116, 165.73, 166.344, 166.958, 167.571, 168.185, 168.799, 169.413, 170.027, 170.64, 171.254, 171.868, 172.482, 173.096, 173.71, 174.323, 174.937, 175.551, 176.165, 176.779, 177.392, 178.006, 178.62, 179.234, 179.848, 180.462, 181.075, 181.689, 182.303, 182.917, 183.531, 184.144, 184.758, 185.372, 185.986, 186.6, 187.213, 187.827, 188.441, 189.055, 189.669, 190.283, 190.896, 191.51, 192.124, 192.738, 193.352, 193.965, 194.579, 195.193, 195.807, 196.421, 197.035, 197.648, 198.262, 198.876, 199.49, 200.104, 200.717, 201.331, 201.945, 202.559, 203.173, 203.786, 204.4, 205.014, 205.628, 206.242, 206.856, 207.469, 208.083, 208.697, 209.311, 209.925, 210.538, 211.152, 211.766, 212.38, 212.994, 213.608, 214.221, 214.835, 215.449, 216.063, 216.677, 217.29, 217.904, 218.518, 219.132, 219.746, 220.359, 220.973, 221.587, 222.201, 222.815, 223.429, 224.042, 224.656, 225.27, 225.884, 226.498, 227.111, 227.725, 228.339, 228.953, 229.567, 230.181, 230.794, 231.408, 232.022, 232.636, 233.25, 233.863, 234.477, 235.091, 235.705, 236.319, 236.932, 237.546, 238.16, 238.774, 239.388, 240.002, 240.615, 241.229, 241.843, 242.457, 243.071, 243.684, 244.298, 244.912, 245.526, 246.14, 246.754, 247.367, 247.981, 248.595, 249.209, 249.823, 250.436, 251.05, 251.664, 252.278, 252.892, 253.505, 254.119, 254.733, 255.347, 255.961, 256.575, 257.188, 257.802, 258.416, 259.03, 259.644, 260.257, 260.871, 261.485, 262.099, 262.713, 263.327, 263.94, 264.554, 265.168, 265.782, 266.396, 267.009, 267.623, 268.237, 268.851, 269.465, 270.078, 270.692, 271.306, 271.92, 272.534, 273.148, 273.761, 274.375, 274.989, 275.603, 276.217, 276.83, 277.444, 278.058, 278.672, 279.286, 279.9, 280.513, 281.127, 281.741, 282.355, 282.969, 283.582, 284.196, 284.81, 285.424, 286.038, 286.651, 287.265, 287.879, 288.493, 289.107, 289.721, 290.334, 290.948, 291.562, 292.176, 292.79, 293.403, 294.017
3.93679, 3.93778, 3.93878, 3.93979, 3.94081, 3.94184, 3.94289, 3.94394, 3.94501, 3.94609, 3.94718, 3.94828, 3.94939, 3.95052, 3.95165, 3.9528, 3.95396, 3.95514, 3.95632, 3.95752, 3.95873, 3.95995, 3.96119, 3.96244, 3.9637, 3.96497, 3.96626, 3.96756, 3.96887, 3.9702, 3.97154, 3.9729, 3.97427, 3.97565, 3.97704, 3.97845, 3.97988, 3.98132, 3.98277, 3.98424, 3.98573, 3.98722, 3.98874, 3.99027, 3.99181, 3.99337, 3.99495, 3.99654, 3.99814, 3.99977, 4.00141, 4.00306, 4.00473, 4.00642, 4.00813, 4.00985, 4.01159, 4.01334, 4.01512, 4.01691, 4.01872, 4.02055, 4.02239, 4.02426, 4.02614, 4.02804, 4.02996, 4.0319, 4.03385, 4.03583, 4.03783, 4.03984, 4.04188, 4.04394, 4.04601, 4.04811, 4.05023, 4.05237, 4.05452, 4.05671, 4.05891, 4.06113, 4.06338, 4.06565, 4.06794, 4.07025, 4.07259, 4.07495, 4.07733, 4.07973, 4.08216, 4.08462, 4.0871, 4.0896, 4.09213, 4.09468, 4.09726, 4.09986, 4.10249, 4.10515, 4.10783, 4.11054, 4.11328, 4.11604, 4.11883, 4.12165, 4.1245, 4.12738, 4.13028, 4.13321, 4.13618, 4.13917, 4.1422, 4.14525, 4.14833, 4.15145, 4.1546, 4.15778, 4.16099, 4.16424, 4.16751, 4.17083, 4.17417, 4.17755, 4.18097, 4.18442, 4.1879, 4.19142, 4.19498, 4.19857, 4.2022, 4.20587, 4.20958, 4.21333, 4.21711, 4.22094, 4.2248, 4.22871, 4.23265, 4.23664, 4.24067, 4.24475, 4.24886, 4.25302, 4.25723, 4.26148, 4.26577, 4.27011, 4.2745, 4.27894, 4.28342, 4.28795, 4.29254, 4.29717, 4.30185, 4.30659, 4.31137, 4.31621, 4.3211, 4.32605, 4.33105, 4.33611, 4.34122, 4.3464, 4.35163, 4.35692, 4.36226, 4.36767, 4.37315, 4.37868, 4.38428, 4.38994, 4.39567, 4.40147, 4.40733, 4.41326, 4.41926, 4.42533, 4.43147, 4.43769, 4.44398, 4.45035, 4.45679, 4.46331, 4.46991, 4.47658, 4.48334, 4.49019, 4.49711, 4.50413, 4.51123, 4.51842, 4.52569, 4.53306, 4.54053, 4.54808, 4.55574, 4.56349, 4.57134, 4.57929, 4.58735, 4.59551, 4.60378, 4.61216, 4.62065, 4.62925, 4.63797, 4.6468, 4.65576, 4.66484, 4.67404, 4.68336, 4.69282, 4.70241, 4.71213, 4.72199, 4.73199, 4.74213, 4.75242, 4.76285, 4.77344, 4.78418, 4.79508, 4.80614, 4.81737, 4.82876, 4.84033, 4.85207, 4.86399, 4.87609, 4.88838, 4.90087, 4.91355, 4.92643, 4.93952, 4.95281, 4.96633, 4.98006, 4.99402, 5.00821, 5.02264, 5.03731, 5.05223, 5.06741, 5.08284, 5.09855, 5.11453, 5.1308, 5.14736, 5.16422, 5.18138, 5.19886, 5.21666, 5.2348, 5.25328, 5.27211, 5.29131, 5.31088, 5.33084, 5.35119, 5.37195, 5.39314, 5.41476, 5.43682, 5.45936, 5.48237, 5.50587, 5.52989, 5.55444, 5.57953, 5.60519, 5.63143, 5.65829, 5.68577, 5.71391, 5.74272, 5.77224, 5.80248, 5.83349, 5.86529, 5.89791, 5.93138, 5.96575, 6.00106, 6.03733, 6.07462, 6.11297, 6.15242, 6.19305, 6.23489, 6.278, 6.32246, 6.36834, 6.41569, 6.46461, 6.51517, 6.56748, 6.62163, 6.67772, 6.73588, 6.79622, 6.8589, 6.92406, 6.99186, 7.06249, 7.13615, 7.21306, 7.29346, 7.37763, 7.46586, 7.5585, 7.65594, 7.75859, 7.86695, 7.98159, 8.10314, 8.23235, 8.37009, 8.51739, 8.67545, 8.84577, 9.03012, 9.23074, 9.45047, 9.69294, 9.96283, 10.2661, 10.6103, 11.0039, 11.4559, 11.9733, 12.5572, 13.1978, 13.8678, 14.5175, 15.0728, 15.4405, 15.5208, 15.2267, 14.5056, 13.3571, 11.8367, 10.0836, 8.2239, 6.40694, 4.75932, 3.36599, 2.26372, 1.44624, 0.877006, 0.504444, 0.275055, 0.142107, 0.0695373, 0.0322158, 0.0141259, 0.00585975, 0.00229794, 0.000850354, 0.000295135, 9.37455e-05, 2.36719e-05, 5.19279e-06, 1.4872e-06, 4.02233e-07, 1.02723e-07, 2.47704e-08, 5.64001e-09, 1.21257e-09, 2.46157e-10, 4.71842e-11, 8.54006e-12, 1.4595e-12, 2.35519e-13, 3.58863e-14, 5.16308e-15, 7.01405e-16, 8.99721e-17, 1.08975e-17, 1.2463e-18, 1.34585e-19, 1.37231e-20, 1.32125e-21, 1.20115e-22, 1.03107e-23, 8.3571e-25, 6.39592e-26, 4.62199e-27, 3.1538e-28, 2.03197e-29, 1.23617e-30, 7.10096e-32, 3.85154e-33, 1.97256e-34, 9.53904e-36, 4.35569e-37, 1.87796e-38, 7.64531e-40, 2.93887e-41, 1.06671e-42, 3.65583e-44, 1.18306e-45, 3.61496e-47, 1.04298e-48, 2.84139e-50, 7.30904e-52, 1.77528e-53, 4.07148e-55, 8.81688e-57, 1.80283e-58, 3.48074e-60, 6.34549e-62, 1.09229e-63, 1.77535e-65, 2.72465e-67, 3.94833e-69, 5.40247e-71, 6.9799e-73, 8.51495e-75, 9.80826e-77, 1.06679e-78, 1.09558e-80, 1.06239e-82, 9.72745e-85, 8.40992e-87, 6.86534e-89, 5.29185e-91, 3.8515e-93, 2.64685e-95, 1.71753e-97, 1.05234e-99, 6.08811e-102, 3.32572e-104, 1.7154e-106, 8.3545e-109, 3.84195e-111, 1.66824e-113, 6.83978e-116, 2.6479e-118, 9.67911e-121, 3.34076e-123, 1.08876e-125, 3.35037e-128, 9.73486e-131, 2.6708e-133, 6.91878e-136, 1.69236e-138, 3.90869e-141, 8.52402e-144, 1.75523e-146, 3.41269e-149, 6.26522e-152, 1.08605e-154, 1.77762e-157, 2.74728e-160, 4.00905e-163, 5.52402e-166, 7.18694e-169, 8.82891e-172, 1.02411e-174, 1.12165e-177, 1.15996e-180, 1.13268e-183, 1.04434e-186, 9.09185e-190, 7.47372e-193, 5.80091e-196, 4.25137e-199, 2.94196e-202, 1.92229e-205, 1.18597e-208, 6.90883e-212, 3.80022e-215, 1.97372e-218, 9.67918e-222, 4.48192e-225, 1.95958e-228, 8.08979e-232, 3.15344e-235, 1.16066e-238
3.93679, 3.93779, 3.93881, 3.93984, 3.94088, 3.94193, 3.94299, 3.94407, 3.94515, 3.94625, 3.94736, 3.94848, 3.94961, 3.95076, 3.95191, 3.95308, 3.95426, 3.95545, 3.95666, 3.95787, 3.9591, 3.96035, 3.9616, 3.96287, 3.96415, 3.96544, 3.96675, 3.96807, 3.96941, 3.97075, 3.97212, 3.97349, 3.97488, 3.97628, 3.9777, 3.97913, 3.98058, 3.98204, 3.98352, 3.98501, 3.98651, 3.98803, 3.98957, 3.99112, 3.99269, 3.99427, 3.99586, 3.99748, 3.99911, 4.00075, 4.00242, 4.00409, 4.00579, 4.0075, 4.00923, 4.01098, 4.01274, 4.01452, 4.01632, 4.01813, 4.01997, 4.02182, 4.02369, 4.02558, 4.02749, 4.02941, 4.03136, 4.03332, 4.0353, 4.03731, 4.03933, 4.04137, 4.04343, 4.04552, 4.04762, 4.04974, 4.05189, 4.05405, 4.05624, 4.05845, 4.06068, 4.06293, 4.06521, 4.0675, 4.06982, 4.07216, 4.07453, 4.07692, 4.07933, 4.08177, 4.08422, 4.08671, 4.08922, 4.09175, 4.09431, 4.09689, 4.0995, 4.10214, 4.1048, 4.10749, 4.1102, 4.11294, 4.11571, 4.11851, 4.12133, 4.12419, 4.12707, 4.12998, 4.13292, 4.13589, 4.13888, 4.14191, 4.14497, 4.14806, 4.15118, 4.15433, 4.15752, 4.16074, 4.16399, 4.16727, 4.17058, 4.17393, 4.17732, 4.18074, 4.18419, 4.18768, 4.1912, 4.19476, 4.19836, 4.202, 4.20567, 4.20938, 4.21313, 4.21692, 4.22075, 4.22461, 4.22852, 4.23247, 4.23646, 4.2405, 4.24457, 4.24869, 4.25285, 4.25706, 4.26131, 4.26561, 4.26995, 4.27434, 4.27878, 4.28326, 4.2878, 4.29238, 4.29701, 4.3017, 4.30643, 4.31122, 4.31606, 4.32095, 4.3259, 4.3309, 4.33595, 4.34107, 4.34624, 4.35147, 4.35676, 4.3621, 4.36751, 4.37298, 4.37852, 4.38411, 4.38977, 4.3955, 4.40129, 4.40715, 4.41308, 4.41907, 4.42514, 4.43128, 4.43749, 4.44378, 4.45014, 4.45657, 4.46308, 4.46968, 4.47635, 4.4831, 4.48994, 4.49686, 4.50386, 4.51095, 4.51813, 4.5254, 4.53276, 4.54021, 4.54776, 4.5554, 4.56314, 4.57098, 4.57892, 4.58696, 4.59511, 4.60337, 4.61173, 4.6202, 4.62879, 4.63749, 4.64631, 4.65524, 4.6643, 4.67348, 4.68279, 4.69222, 4.70179, 4.71149, 4.72132, 4.73129, 4.74141, 4.75167, 4.76208, 4.77263, 4.78335, 4.79421, 4.80524, 4.81643, 4.82779, 4.83932, 4.85102, 4.86291, 4.87497, 4.88722, 4.89966, 4.91229, 4.92513, 4.93817, 4.95141, 4.96487, 4.97855, 4.99245, 5.00659, 5.02095, 5.03556, 5.05041, 5.06552, 5.08089, 5.09652, 5.11243, 5.12862, 5.14509, 5.16186, 5.17894, 5.19632, 5.21403, 5.23207, 5.25044, 5.26917, 5.28825, 5.3077, 5.32753, 5.34776, 5.36839, 5.38943, 5.4109, 5.43282, 5.4552, 5.47804, 5.50137, 5.52521, 5.54957, 5.57446, 5.59991, 5.62594, 5.65257, 5.67981, 5.7077, 5.73625, 5.76549, 5.79545, 5.82616, 5.85763, 5.88992, 5.92304, 5.95704, 5.99195, 6.02781, 6.06466, 6.10255, 6.14152, 6.18163, 6.22292, 6.26546, 6.3093, 6.35452, 6.40118, 6.44935, 6.49913, 6.55059, 6.60383, 6.65896, 6.71608, 6.77532, 6.8368, 6.90067, 6.96708, 7.03621, 7.10824, 7.18338, 7.26185, 7.34392, 7.42985, 7.51997, 7.61463, 7.71421, 7.81918, 7.93003, 8.04736, 8.17182, 8.30419, 8.44538, 8.59645, 8.75868, 8.93362, 9.12312, 9.32956, 9.55592, 9.80608, 10.0851, 10.3994, 10.7573, 11.1687, 11.644, 12.1926, 12.818, 13.5128, 14.2514, 14.9837, 15.6329, 16.0992, 16.2733, 16.0565, 15.3853, 14.2514, 12.712, 10.8829, 8.91794, 6.97926, 5.20697, 3.69784, 2.49673, 1.60112, 0.974424, 0.562409, 0.307674, 0.159463, 0.0782674, 0.0363666, 0.0159911, 0.00665175, 0.00261571, 0.000970768, 0.000338218, 0.000108175, 2.79805e-05, 6.35264e-06, 1.81795e-06, 4.91977e-07, 1.25715e-07, 3.03323e-08, 6.91044e-09, 1.48657e-09, 3.01956e-10, 5.79137e-11, 1.04881e-11, 1.79347e-12, 2.89581e-13, 4.41494e-14, 6.35562e-15, 8.63914e-16, 1.10882e-16, 1.34379e-17, 1.53773e-18, 1.66153e-19, 1.69517e-20, 1.63305e-21, 1.48546e-22, 1.27586e-23, 1.03472e-24, 7.92361e-26, 5.72928e-27, 3.91161e-28, 2.52167e-29, 1.53497e-30, 8.82246e-32, 4.78803e-33, 2.45359e-34, 1.18721e-35, 5.4241e-37, 2.33995e-38, 9.53155e-40, 3.66605e-41, 1.3314e-42, 4.56562e-44, 1.47831e-45, 4.51972e-47, 1.30477e-48, 3.55658e-50, 9.15395e-52, 2.22465e-53, 5.10497e-55, 1.10612e-56, 2.26301e-58, 4.37167e-60, 7.97418e-62, 1.37341e-63, 2.23354e-65, 3.42975e-67, 4.97289e-69, 6.80817e-71, 8.80095e-73, 1.07425e-74, 1.2381e-76, 1.34736e-78, 1.38449e-80, 1.34329e-82, 1.23063e-84, 1.06453e-86, 8.69496e-89, 6.70583e-91, 4.8833e-93, 3.35777e-95, 2.18003e-97, 1.33645e-99, 7.73598e-102, 4.2282e-104, 2.18208e-106, 1.06331e-108, 4.89247e-111, 2.12554e-113, 8.71941e-116, 3.37738e-118, 1.23523e-120, 4.2657e-123, 1.39094e-125, 4.28254e-128, 1.245e-130, 3.41754e-133, 8.85792e-136, 2.16783e-138, 5.00948e-141, 1.09304e-143, 2.25192e-146, 4.38071e-149, 8.04658e-152, 1.39557e-154, 2.28543e-157, 3.53393e-160, 5.15968e-163, 7.11314e-166, 9.25923e-169, 1.13805e-171, 1.32076e-174, 1.4473e-177, 1.49751e-180, 1.46303e-183, 1.34962e-186, 1.17555e-189, 9.66824e-193, 7.50804e-196, 5.50528e-199, 3.81159e-202, 2.49176e-205, 1.53809e-208, 8.96455e-212, 4.93344e-215, 2.56356e-218, 1.2578e-221, 5.82711e-225, 2.54899e-228, 1.05282e-231, 4.10598e-235, 1.512e-238
209.22
176.83
 
MEASUREMENT 37
1.56305, 4.67879, 7.79453, 10.9103, 14.0312, 17.1469, 20.2679, 23.3784, 26.4796, 29.5859, 32.6913, 35.8071, 38.9228, 42.0385, 45.1595, 48.2752, 51.3909, 54.5067, 57.6224, 60.7381, 63.8435, 66.9593, 70.0698, 73.1752, 76.2806, 79.3859, 82.4913, 85.5967, 88.7021, 91.8074, 94.9128, 98.0182, 101.1, 104.148, 107.196, 110.244, 113.292, 116.339, 119.387, 122.435, 125.483, 128.531, 131.574, 134.622, 137.67, 140.718, 143.766, 146.814, 149.861, 152.909, 155.957, 159.005, 162.053, 165.101, 168.149, 171.197, 174.245, 177.293, 180.341, 183.389, 186.436, 189.484, 192.532, 195.58, 198.621, 201.655, 204.688, 207.722, 210.756, 213.794, 216.838, 219.882, 222.926, 225.97, 229.014, 232.058, 235.102, 238.145, 241.189, 244.233, 247.277, 250.321, 253.37, 256.424, 259.478, 262.532, 265.586, 268.64, 271.695, 274.749, 277.803, 280.857, 283.911, 286.97, 290.035, 293.099
3.48344, 3.49834, 3.48722, 3.69821, 3.48437, 3.52284, 3.81402, 3.80899, 3.75391, 3.80035, 3.84928, 3.9368, 3.94511, 3.98638, 3.98706, 3.99211, 4.1546, 4.18848, 4.26545, 4.30681, 3.80195, 4.26098, 4.28893, 4.26919, 4.36955, 4.38368, 4.40831, 4.40136, 4.46185, 4.12779, 4.53226, 3.91979, 4.54829, 4.54912, 4.5912, 4.61405, 4.63868, 4.67206, 4.71972, 4.74165, 4.7611, 4.81602, 4.87545, 4.88668, 4.94282, 5.01569, 5.09091, 5.13639, 5.18637, 5.23997, 5.34403, 5.4391, 5.54897, 5.62007, 5.7368, 6.00502, 6.10096, 6.18672, 6.43091, 6.73475, 6.9706, 7.42303, 7.86606, 8.71266, 11.0754, 12.6473, 14.2598, 12.9725, 6.6674, 1.47819, 0.101188, -0.0132706, -0.0380904, -0.0453751, -0.0433221, -0.0213014, -0.0301282, -0.0236242, -0.0577908, -0.0377649, -0.0656314, -0.0762213, -0.0639578, -0.0343214, -0.0385423, -0.0534722, -0.0301058, -0.0301647, -0.0256931, -0.0204112, -0.0228354, -0.0331162, -0.0525481, -0.0411849, -0.0658039, -0.099749
0.104503, 0.10495, 0.104617, 0.110946, 0.104531, 0.105685, 0.114421, 0.11427, 0.112617, 0.114011, 0.115478, 0.118104, 0.118353, 0.119592, 0.119612, 0.119763, 0.124638, 0.125654, 0.127964, 0.129204, 0.114059, 0.127829, 0.128668, 0.128076, 0.131086, 0.13151, 0.132249, 0.132041, 0.133856, 0.123834, 0.135968, 0.117594, 0.136449, 0.136474, 0.137736, 0.138421, 0.139161, 0.140162, 0.141592, 0.142249, 0.142833, 0.144481, 0.146264, 0.1466, 0.148285, 0.150471, 0.152727, 0.154092, 0.155591, 0.157199, 0.160321, 0.163173, 0.166469, 0.168602, 0.172104, 0.180151, 0.183029, 0.185602, 0.192927, 0.202043, 0.209118, 0.222691, 0.235982, 0.26138, 0.332262, 0.37942, 0.427795, 0.389174, 0.200022, 0.0443457, 0.00303564, 0.000398118, 0.00114271, 0.00136125, 0.00129966, 0.000639042, 0.000903847, 0.000708725, 0.00173372, 0.00113295, 0.00196894, 0.00228664, 0.00191874, 0.00102964, 0.00115627, 0.00160417, 0.000903175, 0.00090494, 0.000770792, 0.000612337, 0.000685062, 0.000993485, 0.00157644, 0.00123555, 0.00197412, 0.00299247
0, 0.613815, 1.22763, 1.84144, 2.45526, 3.06907, 3.68289, 4.2967, 4.91052, 5.52433, 6.13815, 6.75196, 7.36578, 7.97959, 8.59341, 9.20722, 9.82104, 10.4349, 11.0487, 11.6625, 12.2763, 12.8901, 13.5039, 14.1177, 14.7316, 15.3454, 15.9592, 16.573, 17.1868, 17.8006, 18.4144, 19.0283, 19.6421, 20.2559, 20.8697, 21.4835, 22.0973, 22.7111, 23.325, 23.9388, 24.5526, 25.1664, 25.7802, 26.394, 27.0078, 27.6217, 28.2355, 28.8493, 29.4631, 30.0769, 30.6907, 31.3046, 31.9184, 32.5322, 33.146, 33.7598, 34.3736, 34.9874, 35.6013, 36.2151, 36.8289, 37.4427, 38.0565, 38.6703, 39.2841, 39.898, 40.5118, 41.1256, 41.7394, 42.3532, 42.967, 43.5808, 44.1947, 44.8085, 45.4223, 46.0361, 46.6499, 47.2637, 47.8775, 48.4914, 49.1052, 49.719, 50.3328, 50.9466, 51.5604, 52.1743, 52.7881, 53.4019, 54.0157, 54.6295, 55.2433, 55.8571, 56.471, 57.0848, 57.6986, 58.3124, 58.9262, 59.54, 60.1538, 60.7677, 61.3815, 61.9953, 62.6091, 63.2229, 63.8367, 64.4505, 65.0644, 65.6782, 66.292, 66.9058, 67.5196, 68.1334, 68.7473, 69.3611, 69.9749, 70.5887, 71.2025, 71.8163, 72.4301, 73.044, 73.6578, 74.2716, 74.8854, 75.4992, 76.113, 76.7268, 77.3407, 77.9545, 78.5683, 79.1821, 79.7959, 80.4097, 81.0235, 81.6374, 82.2512, 82.865, 83.4788, 84.0926, 84.7064, 85.3202, 85.9341, 86.5479, 87.1617, 87.7755, 88.3893, 89.0031, 89.617, 90.2308, 90.8446, 91.4584, 92.0722, 92.686, 93.2998, 93.9137, 94.5275, 95.1413, 95.7551, 96.3689, 96.9827, 97.5965, 98.2104, 98.8242, 99.438, 100.052, 100.666, 101.279, 101.893, 102.507, 103.121, 103.735, 104.349, 104.962, 105.576, 106.19, 106.804, 107.418, 108.031, 108.645, 109.259, 109.873, 110.487, 111.1, 111.714, 112.328, 112.942, 113.556, 114.17, 114.783, 115.397, 116.011, 116.625, 117.239, 117.852, 118.466, 119.08, 119.694, 120.308, 120.922, 121.535, 122.149, 122.763, 123.377, 123.991, 124.604, 125.218, 125.832, 126.446, 127.06, 127.673, 128.287, 128.901, 129.515, 130.129, 130.743, 131.356, 131.97, 132.584, 133.198, 133.812, 134.425, 135.039, 135.653, 136.267, 136.881, 137.495, 138.108, 138.722, 139.336, 139.95, 140.564, 141.177, 141.791, 142.405, 143.019, 143.633, 144.246, 144.86, 145.474, 146.088, 146.702, 147.316, 147.929, 148.543, 149.157, 149.771, 150.385, 150.998, 151.612, 152.226, 152.84, 153.454, 154.068, 154.681, 155.295, 155.909, 156.523, 157.137, 157.75, 158.364, 158.978, 159.592, 160.206, 160.819, 161.433, 162.047, 162.661, 163.275, 163.889, 164.502, 165.116, 165.73, 166.344, 166.958, 167.571, 168.185, 168.799, 169.413, 170.027, 170.64, 171.254, 171.868, 172.482, 173.096, 173.71, 174.323, 174.937, 175.551, 176.165, 176.779, 177.392, 178.006, 178.62, 179.234, 179.848, 180.462, 181.075, 181.689, 182.303, 182.917, 183.531, 184.144, 184.758, 185.372, 185.986, 186.6, 187.213, 187.827, 188.441, 189.055, 189.669, 190.283, 190.896, 191.51, 192.124, 192.738, 193.352, 193.965, 194.579, 195.193, 195.807, 196.421, 197.035, 197.648, 198.262, 198.876, 199.49, 200.104, 200.717, 201.331, 201.945, 202.559, 203.173, 203.786, 204.4, 205.014, 205.628, 206.242, 206.856, 207.469, 208.083, 208.697, 209.311, 209.925, 210.538, 211.152, 211.766, 212.38, 212.994, 213.608, 214.221, 214.835, 215.449, 216.063, 216.677, 217.29, 217.904, 218.518, 219.132, 219.746, 220.359, 220.973, 221.587, 222.201, 222.815, 223.429, 224.042, 224.656, 225.27, 225.884, 226.498, 227.111, 227.725, 228.339, 228.953, 229.567, 230.181, 230.794, 231.408, 232.022, 232.636, 233.25, 233.863, 234.477, 235.091, 235.705, 236.319, 236.932, 237.546, 238.16, 238.774, 239.388, 240.002, 240.615, 241.229, 241.843, 242.457, 243.071, 243.684, 244.298, 244.912, 245.526, 246.14, 246.754, 247.367, 247.981, 248.595, 249.209, 249.823, 250.436, 251.05, 251.664, 252.278, 252.892, 253.505, 254.119, 254.733, 255.347, 255.961, 256.575, 257.188, 257.802, 258.416, 259.03, 259.644, 260.257, 260.871, 261.485, 262.099, 262.713, 263.327, 263.94, 264.554, 265.168, 265.782, 266.396, 267.009, 267.623, 268.237, 268.851, 269.465, 270.078, 270.692, 271.306, 271.92, 272.534, 273.148, 273.761, 274.375, 274.989, 275.603, 276.217, 276.83, 277.444, 278.058, 278.672, 279.286, 279.9, 280.513, 281.127, 281.741, 282.355, 282.969, 283.582, 284.196, 284.81, 285.424, 286.038, 286.651, 287.265, 287.879, 288.493, 289.107, 289.721, 290.334, 290.948, 291.562, 292.176, 292.79, 293.403, 294.017
3.93441, 3.93539, 3.93639, 3.9374, 3.93842, 3.93945, 3.94049, 3.94155, 3.94261, 3.94369, 3.94478, 3.94588, 3.94699, 3.94811, 3.94924, 3.95039, 3.95155, 3.95272, 3.9539, 3.9551, 3.95631, 3.95753, 3.95876, 3.96001, 3.96126, 3.96254, 3.96382, 3.96512, 3.96643, 3.96776, 3.96909, 3.97045, 3.97181, 3.97319, 3.97459, 3.97599, 3.97742, 3.97885, 3.9803, 3.98177, 3.98325, 3.98475, 3.98626, 3.98778, 3.98932, 3.99088, 3.99245, 3.99404, 3.99564, 3.99726, 3.9989, 4.00055, 4.00222, 4.00391, 4.00561, 4.00733, 4.00906, 4.01082, 4.01259, 4.01438, 4.01618, 4.01801, 4.01985, 4.02171, 4.02359, 4.02548, 4.0274, 4.02933, 4.03129, 4.03326, 4.03525, 4.03727, 4.0393, 4.04135, 4.04342, 4.04552, 4.04763, 4.04976, 4.05192, 4.0541, 4.05629, 4.05851, 4.06076, 4.06302, 4.06531, 4.06762, 4.06995, 4.0723, 4.07468, 4.07708, 4.07951, 4.08196, 4.08443, 4.08693, 4.08945, 4.092, 4.09457, 4.09717, 4.0998, 4.10245, 4.10513, 4.10783, 4.11056, 4.11332, 4.11611, 4.11892, 4.12176, 4.12463, 4.12753, 4.13046, 4.13342, 4.13641, 4.13942, 4.14247, 4.14555, 4.14866, 4.1518, 4.15498, 4.15818, 4.16142, 4.16469, 4.168, 4.17134, 4.17471, 4.17812, 4.18156, 4.18504, 4.18855, 4.1921, 4.19569, 4.19932, 4.20298, 4.20668, 4.21042, 4.21419, 4.21801, 4.22187, 4.22577, 4.22971, 4.23369, 4.23771, 4.24177, 4.24588, 4.25003, 4.25423, 4.25847, 4.26276, 4.26709, 4.27147, 4.2759, 4.28037, 4.2849, 4.28947, 4.29409, 4.29876, 4.30349, 4.30826, 4.31309, 4.31798, 4.32291, 4.3279, 4.33295, 4.33805, 4.34322, 4.34844, 4.35371, 4.35905, 4.36445, 4.36991, 4.37543, 4.38102, 4.38667, 4.39239, 4.39817, 4.40402, 4.40994, 4.41593, 4.42198, 4.42811, 4.43432, 4.44059, 4.44694, 4.45337, 4.45988, 4.46646, 4.47312, 4.47987, 4.4867, 4.49361, 4.50061, 4.50769, 4.51486, 4.52212, 4.52948, 4.53692, 4.54446, 4.5521, 4.55983, 4.56767, 4.5756, 4.58364, 4.59178, 4.60003, 4.60839, 4.61686, 4.62544, 4.63414, 4.64295, 4.65188, 4.66094, 4.67012, 4.67942, 4.68885, 4.69842, 4.70812, 4.71795, 4.72793, 4.73804, 4.7483, 4.75871, 4.76927, 4.77998, 4.79086, 4.80189, 4.81308, 4.82445, 4.83598, 4.84769, 4.85958, 4.87165, 4.88391, 4.89636, 4.909, 4.92185, 4.9349, 4.94816, 4.96164, 4.97533, 4.98925, 5.0034, 5.01779, 5.03241, 5.04729, 5.06242, 5.07781, 5.09347, 5.10941, 5.12563, 5.14213, 5.15894, 5.17605, 5.19347, 5.21122, 5.2293, 5.24772, 5.26649, 5.28562, 5.30513, 5.32502, 5.3453, 5.366, 5.38711, 5.40865, 5.43064, 5.4531, 5.47602, 5.49944, 5.52337, 5.54783, 5.57283, 5.59839, 5.62453, 5.65128, 5.67866, 5.70668, 5.73538, 5.76477, 5.79489, 5.82577, 5.85743, 5.88991, 5.92324, 5.95746, 5.9926, 6.02871, 6.06582, 6.10399, 6.14326, 6.18368, 6.22531, 6.26821, 6.31244, 6.35806, 6.40516, 6.45381, 6.50409, 6.5561, 6.60992, 6.66568, 6.72347, 6.78344, 6.84571, 6.91043, 6.97777, 7.04791, 7.12103, 7.19736, 7.27714, 7.36063, 7.44813, 7.53997, 7.63653, 7.73823, 7.84553, 7.959, 8.07925, 8.207, 8.3431, 8.48852, 8.64444, 8.81227, 8.99371, 9.19086, 9.4064, 9.64371, 9.90723, 10.2027, 10.5373, 10.9198, 11.3601, 11.8669, 12.4447, 13.0881, 13.775, 14.46, 15.0709, 15.5116, 15.6741, 15.4586, 14.7986, 13.6818, 12.1561, 10.3669, 8.44827, 6.5628, 4.85013, 3.40453, 2.26688, 1.4302, 0.854242, 0.482679, 0.257849, 0.130161, 0.0620602, 0.0279379, 0.0118703, 0.00475772, 0.0017972, 0.000638134, 0.00021097, 6.22213e-05, 1.15405e-05, 3.30152e-06, 8.95914e-07, 2.28935e-07, 5.50819e-08, 1.24782e-08, 2.66161e-09, 5.34547e-10, 1.01082e-10, 1.79975e-11, 3.01716e-12, 4.76248e-13, 7.07808e-14, 9.90481e-15, 1.30504e-15, 1.61902e-16, 1.89115e-17, 2.07993e-18, 2.15386e-19, 2.10008e-20, 1.92798e-21, 1.66654e-22, 1.35637e-23, 1.03941e-24, 7.49965e-26, 5.09501e-27, 3.25908e-28, 1.96288e-29, 1.11311e-30, 5.94336e-32, 2.98794e-33, 1.41436e-34, 6.30366e-36, 2.64529e-37, 1.0452e-38, 3.88844e-40, 1.36206e-41, 4.49226e-43, 1.39502e-44, 4.07888e-46, 1.12292e-47, 2.91074e-49, 7.10401e-51, 1.63249e-52, 3.53219e-54, 7.19587e-56, 1.38029e-57, 2.49288e-59, 4.23915e-61, 6.78738e-63, 1.02323e-64, 1.4524e-66, 1.9411e-68, 2.44262e-70, 2.89407e-72, 3.22854e-74, 3.39118e-76, 3.35382e-78, 3.12301e-80, 2.73813e-82, 2.26037e-84, 1.75691e-86, 1.28578e-88, 8.85984e-91, 5.74819e-93, 3.51141e-95, 2.01966e-97, 1.09375e-99, 5.57703e-102, 2.67752e-104, 1.21034e-106, 5.15141e-109, 2.06438e-111, 7.78929e-114, 2.76726e-116, 9.25651e-119, 2.91534e-121, 8.64518e-124, 2.41381e-126, 6.34566e-129, 1.5707e-131, 3.66063e-134, 8.0327e-137, 1.65963e-139, 3.22852e-142, 5.91345e-145, 1.01982e-147, 1.65594e-150, 2.53171e-153, 3.64439e-156, 4.93946e-159, 6.30343e-162, 7.57388e-165, 8.56847e-168, 9.12706e-171, 9.15381e-174, 8.64402e-177, 7.68552e-180, 6.43388e-183, 5.07126e-186, 3.76358e-189, 2.62985e-192, 1.73022e-195, 1.0718e-198, 6.25133e-202, 3.43298e-205, 1.77506e-208, 8.64166e-212, 3.96117e-215, 1.70959e-218, 6.9471e-222, 2.65801e-225, 9.57531e-229, 3.24781e-232, 1.03722e-235, 3.11883e-239, 8.8299e-243, 2.35376e-246, 5.90757e-250
3.93441, 3.93541, 3.93643, 3.93745, 3.93849, 3.93954, 3.9406, 3.94167, 3.94276, 3.94385, 3.94496, 3.94608, 3.94721, 3.94835, 3.9495, 3.95067, 3.95184, 3.95303, 3.95424, 3.95545, 3.95668, 3.95792, 3.95917, 3.96044, 3.96172, 3.96301, 3.96431, 3.96563, 3.96696, 3.96831, 3.96967, 3.97104, 3.97243, 3.97383, 3.97524, 3.97667, 3.97812, 3.97957, 3.98105, 3.98253, 3.98404, 3.98555, 3.98709, 3.98863, 3.9902, 3.99178, 3.99337, 3.99498, 3.99661, 3.99825, 3.99991, 4.00159, 4.00328, 4.00499, 4.00671, 4.00845, 4.01021, 4.01199, 4.01379, 4.0156, 4.01743, 4.01928, 4.02114, 4.02303, 4.02493, 4.02686, 4.0288, 4.03076, 4.03274, 4.03474, 4.03675, 4.03879, 4.04085, 4.04293, 4.04503, 4.04715, 4.04929, 4.05145, 4.05363, 4.05584, 4.05806, 4.06031, 4.06258, 4.06487, 4.06719, 4.06953, 4.07189, 4.07427, 4.07668, 4.07911, 4.08157, 4.08404, 4.08655, 4.08908, 4.09163, 4.09421, 4.09681, 4.09944, 4.1021, 4.10478, 4.10749, 4.11023, 4.11299, 4.11578, 4.1186, 4.12145, 4.12433, 4.12723, 4.13016, 4.13313, 4.13612, 4.13914, 4.1422, 4.14528, 4.1484, 4.15154, 4.15472, 4.15793, 4.16117, 4.16445, 4.16776, 4.1711, 4.17448, 4.17789, 4.18134, 4.18482, 4.18834, 4.19189, 4.19548, 4.19911, 4.20278, 4.20648, 4.21022, 4.214, 4.21782, 4.22168, 4.22558, 4.22953, 4.23351, 4.23753, 4.2416, 4.24571, 4.24987, 4.25407, 4.25831, 4.2626, 4.26693, 4.27131, 4.27574, 4.28022, 4.28474, 4.28932, 4.29394, 4.29861, 4.30334, 4.30811, 4.31294, 4.31783, 4.32276, 4.32775, 4.3328, 4.3379, 4.34306, 4.34828, 4.35356, 4.3589, 4.36429, 4.36975, 4.37527, 4.38086, 4.3865, 4.39222, 4.398, 4.40384, 4.40976, 4.41574, 4.4218, 4.42792, 4.43412, 4.44039, 4.44674, 4.45316, 4.45966, 4.46624, 4.47289, 4.47963, 4.48645, 4.49335, 4.50034, 4.50742, 4.51458, 4.52183, 4.52918, 4.53661, 4.54414, 4.55177, 4.55949, 4.56731, 4.57523, 4.58326, 4.59139, 4.59962, 4.60796, 4.61642, 4.62498, 4.63366, 4.64246, 4.65137, 4.66041, 4.66957, 4.67885, 4.68826, 4.6978, 4.70748, 4.71729, 4.72724, 4.73733, 4.74756, 4.75794, 4.76847, 4.77916, 4.79, 4.801, 4.81216, 4.82349, 4.83499, 4.84666, 4.85851, 4.87054, 4.88276, 4.89516, 4.90776, 4.92056, 4.93356, 4.94677, 4.96019, 4.97383, 4.9877, 5.00179, 5.01612, 5.03068, 5.04549, 5.06056, 5.07588, 5.09146, 5.10732, 5.12346, 5.13989, 5.1566, 5.17363, 5.19096, 5.20861, 5.22659, 5.2449, 5.26357, 5.28259, 5.30198, 5.32174, 5.3419, 5.36246, 5.38343, 5.40483, 5.42667, 5.44897, 5.47173, 5.49498, 5.51873, 5.543, 5.5678, 5.59315, 5.61908, 5.64561, 5.67275, 5.70052, 5.72896, 5.75808, 5.78792, 5.8185, 5.84984, 5.88199, 5.91497, 5.94882, 5.98357, 6.01927, 6.05595, 6.09366, 6.13244, 6.17236, 6.21344, 6.25577, 6.29939, 6.34437, 6.39078, 6.43869, 6.48819, 6.53936, 6.5923, 6.6471, 6.70387, 6.76274, 6.82383, 6.88728, 6.95325, 7.0219, 7.09342, 7.16801, 7.24589, 7.32732, 7.41256, 7.50193, 7.59576, 7.69445, 7.79843, 7.90819, 8.0243, 8.14742, 8.27828, 8.41777, 8.56691, 8.72691, 8.89926, 9.08574, 9.28855, 9.51051, 9.75523, 10.0274, 10.3333, 10.6808, 11.0799, 11.5418, 12.0775, 12.6942, 13.3891, 14.1425, 14.9094, 15.6155, 16.1586, 16.4211, 16.2909, 15.6888, 14.5933, 13.0547, 11.1905, 9.16443, 7.15271, 5.30986, 3.74321, 2.50256, 1.58504, 0.950236, 0.538824, 0.288819, 0.146268, 0.069958, 0.0315881, 0.0134601, 0.00541021, 0.00204952, 0.00073, 0.000242484, 7.22018e-05, 1.41189e-05, 4.03506e-06, 1.09576e-06, 2.80173e-07, 6.74509e-08, 1.52897e-08, 3.26329e-09, 6.55786e-10, 1.24084e-10, 2.21065e-11, 3.70827e-12, 5.85695e-13, 8.71001e-14, 1.21959e-14, 1.6079e-15, 1.99595e-16, 2.33286e-17, 2.5673e-18, 2.66018e-19, 2.59533e-20, 2.38409e-21, 2.06206e-22, 1.67929e-23, 1.28765e-24, 9.29645e-26, 6.31951e-27, 4.04481e-28, 2.43758e-29, 1.38314e-30, 7.38961e-32, 3.71726e-33, 1.76065e-34, 7.85177e-36, 3.29693e-37, 1.30346e-38, 4.85214e-40, 1.70065e-41, 5.61233e-43, 1.74388e-44, 5.10197e-46, 1.40542e-47, 3.64517e-49, 8.90179e-51, 2.04683e-52, 4.43132e-54, 9.03296e-56, 1.73369e-57, 3.133e-59, 5.33083e-61, 8.54033e-63, 1.28825e-64, 1.82966e-66, 2.44673e-68, 3.08069e-70, 3.65219e-72, 4.07667e-74, 4.28452e-76, 4.23979e-78, 3.95031e-80, 3.46547e-82, 2.86246e-84, 2.22618e-86, 1.63014e-88, 1.12392e-90, 7.29611e-93, 4.45955e-95, 2.56646e-97, 1.39067e-99, 7.09506e-102, 3.40826e-104, 1.54154e-106, 6.56477e-109, 2.63226e-111, 9.93761e-114, 3.53248e-116, 1.18228e-118, 3.72567e-121, 1.10543e-123, 3.0882e-126, 8.12308e-129, 2.01178e-131, 4.69119e-134, 1.02998e-136, 2.12921e-139, 4.14429e-142, 7.59498e-145, 1.31053e-147, 2.12916e-150, 3.25696e-153, 4.69094e-156, 6.36138e-159, 8.12241e-162, 9.76475e-165, 1.1053e-167, 1.17799e-170, 1.18208e-173, 1.11685e-176, 9.93535e-180, 8.32175e-183, 6.5628e-186, 4.8731e-189, 3.40694e-192, 2.24267e-195, 1.38998e-198, 8.11135e-202, 4.45677e-205, 2.30563e-208, 1.12305e-211, 5.15054e-215, 2.22406e-218, 9.04239e-222, 3.46148e-225, 1.24762e-228, 4.23391e-232, 1.35283e-235, 4.06994e-239, 1.15285e-242, 3.07468e-246, 7.72091e-250
209.30
176.87
 
MEASUREMENT 38
1.56305, 4.67879, 7.79453, 10.9103, 14.0312, 17.1469, 20.2679, 23.3784, 26.4796, 29.5859, 32.6913, 35.8071, 38.9228, 42.0385, 45.1595, 48.2752, 51.3909, 54.5067, 57.6224, 60.7381, 63.8435, 66.9593, 70.0698, 73.1752, 76.2806, 79.3859, 82.4913, 85.5967, 88.7021, 91.8074, 94.9128, 98.0182, 101.1, 104.148, 107.196, 110.244, 113.292, 116.339, 119.387, 122.435, 125.483, 128.531, 131.574, 134.622, 137.67, 140.718, 143.766, 146.814, 149.861, 152.909, 155.957, 159.005, 162.053, 165.101, 168.149, 171.197, 174.245, 177.293, 180.341, 183.389, 186.436, 189.484, 192.532, 195.58, 198.621, 201.655, 204.688, 207.722, 210.756, 213.794, 216.838, 219.882, 222.926, 225.97, 229.014, 232.058, 235.102, 238.145, 241.189, 244.233, 247.277, 250.321, 253.37, 256.424, 259.478, 262.532, 265.586, 268.64, 271.695, 274.749, 277.803, 280.857, 283.911, 286.97, 290.035, 293.099
3.4824, 3.49432, 3.48313, 3.70348, 3.47819, 3.52639, 3.81555, 3.81096, 3.75234, 3.79772, 3.84742, 3.93527, 3.94393, 3.98887, 3.98746, 3.9972, 4.15388, 4.18955, 4.26621, 4.3103, 3.81319, 4.26988, 4.28852, 4.27324, 4.37276, 4.38503, 4.40957, 4.4022, 4.4621, 4.12242, 4.53057, 3.92399, 4.5542, 4.55275, 4.59463, 4.6155, 4.64086, 4.6788, 4.71904, 4.7442, 4.75907, 4.81267, 4.87627, 4.88715, 4.94256, 5.02117, 5.09068, 5.13697, 5.18412, 5.2424, 5.34628, 5.44256, 5.54691, 5.61924, 5.73772, 6.01129, 6.09958, 6.19029, 6.43274, 6.73171, 6.97085, 7.41906, 7.88455, 8.68322, 11.0721, 12.6459, 14.263, 12.9707, 6.67089, 1.4779, 0.103361, -0.0223124, -0.0361052, -0.0467401, -0.0428881, -0.0244364, -0.031475, -0.0244438, -0.0589703, -0.0420754, -0.0670687, -0.0725996, -0.0629228, -0.0330396, -0.0394097, -0.0535234, -0.0297438, -0.0322442, -0.0253583, -0.0232991, -0.0226159, -0.0387637, -0.0519155, -0.044677, -0.0631574, -0.0971919
0.104472, 0.10483, 0.104494, 0.111104, 0.104346, 0.105792, 0.114467, 0.114329, 0.11257, 0.113932, 0.115422, 0.118058, 0.118318, 0.119666, 0.119624, 0.119916, 0.124616, 0.125686, 0.127986, 0.129309, 0.114396, 0.128097, 0.128656, 0.128197, 0.131183, 0.131551, 0.132287, 0.132066, 0.133863, 0.123673, 0.135917, 0.11772, 0.136626, 0.136582, 0.137839, 0.138465, 0.139226, 0.140364, 0.141571, 0.142326, 0.142772, 0.14438, 0.146288, 0.146615, 0.148277, 0.150635, 0.15272, 0.154109, 0.155524, 0.157272, 0.160388, 0.163277, 0.166407, 0.168577, 0.172132, 0.180339, 0.182987, 0.185709, 0.192982, 0.201951, 0.209126, 0.222572, 0.236536, 0.260496, 0.332162, 0.379377, 0.427889, 0.38912, 0.200127, 0.0443369, 0.00310082, 0.000669372, 0.00108316, 0.0014022, 0.00128664, 0.000733093, 0.00094425, 0.000733314, 0.00176911, 0.00126226, 0.00201206, 0.00217799, 0.00188768, 0.000991187, 0.00118229, 0.0016057, 0.000892315, 0.000967325, 0.000760748, 0.000698973, 0.000678478, 0.00116291, 0.00155746, 0.00134031, 0.00189472, 0.00291576
0, 0.613815, 1.22763, 1.84144, 2.45526, 3.06907, 3.68289, 4.2967, 4.91052, 5.52433, 6.13815, 6.75196, 7.36578, 7.97959, 8.59341, 9.20722, 9.82104, 10.4349, 11.0487, 11.6625, 12.2763, 12.8901, 13.5039, 14.1177, 14.7316, 15.3454, 15.9592, 16.573, 17.1868, 17.8006, 18.4144, 19.0283, 19.6421, 20.2559, 20.8697, 21.4835, 22.0973, 22.7111, 23.325, 23.9388, 24.5526, 25.1664, 25.7802, 26.394, 27.0078, 27.6217, 28.2355, 28.8493, 29.4631, 30.0769, 30.6907, 31.3046, 31.9184, 32.5322, 33.146, 33.7598, 34.3736, 34.9874, 35.6013, 36.2151, 36.8289, 37.4427, 38.0565, 38.6703, 39.2841, 39.898, 40.5118, 41.1256, 41.7394, 42.3532, 42.967, 43.5808, 44.1947, 44.8085, 45.4223, 46.0361, 46.6499, 47.2637, 47.8775, 48.4914, 49.1052, 49.719, 50.3328, 50.9466, 51.5604, 52.1743, 52.7881, 53.4019, 54.0157, 54.6295, 55.2433, 55.8571, 56.471, 57.0848, 57.6986, 58.3124, 58.9262, 59.54, 60.1538, 60.7677, 61.3815, 61.9953, 62.6091, 63.2229, 63.8367, 64.4505, 65.0644, 65.6782, 66.292, 66.9058, 67.5196, 68.1334, 68.7473, 69.3611, 69.9749, 70.5887, 71.2025, 71.8163, 72.4301, 73.044, 73.6578, 74.2716, 74.8854, 75.4992, 76.113, 76.7268, 77.3407, 77.9545, 78.5683, 79.1821, 79.7959, 80.4097, 81.0235, 81.6374, 82.2512, 82.865, 83.4788, 84.0926, 84.7064, 85.3202, 85.9341, 86.5479, 87.1617, 87.7755, 88.3893, 89.0031, 89.617, 90.2308, 90.8446, 91.4584, 92.0722, 92.686, 93.2998, 93.9137, 94.5275, 95.1413, 95.7551, 96.3689, 96.9827, 97.5965, 98.2104, 98.8242, 99.438, 100.052, 100.666, 101.279, 101.893, 102.507, 103.121, 103.735, 104.349, 104.962, 105.576, 106.19, 106.804, 107.418, 108.031, 108.645, 109.259, 109.873, 110.487, 111.1, 111.714, 112.328, 112.942, 113.556, 114.17, 114.783, 115.397, 116.011, 116.625, 117.239, 117.852, 118.466, 119.08, 119.694, 120.308, 120.922, 121.535, 122.149, 122.763, 123.377, 123.991, 124.604, 125.218, 125.832, 126.446, 127.06, 127.673, 128.287, 128.901, 129.515, 130.129, 130.743, 131.356, 131.97, 132.584, 133.198, 133.812, 134.425, 135.039, 135.653, 136.267, 136.881, 137.495, 138.108, 138.722, 139.336, 139.95, 140.564, 141.177, 141.791, 142.405, 143.019, 143.633, 144.246, 144.86, 145.474, 146.088, 146.702, 147.316, 147.929, 148.543, 149.157, 149.771, 150.385, 150.998, 151.612, 152.226, 152.84, 153.454, 154.068, 154.681, 155.295, 155.909, 156.523, 157.137, 157.75, 158.364, 158.978, 159.592, 160.206, 160.819, 161.433, 162.047, 162.661, 163.275, 163.889, 164.502, 165.116, 165.73, 166.344, 166.958, 167.571, 168.185, 168.799, 169.413, 170.027, 170.64, 171.254, 171.868, 172.482, 173.096, 173.71, 174.323, 174.937, 175.551, 176.165, 176.779, 177.392, 178.006, 178.62, 179.234, 179.848, 180.462, 181.075, 181.689, 182.303, 182.917, 183.531, 184.144, 184.758, 185.372, 185.986, 186.6, 187.213, 187.827, 188.441, 189.055, 189.669, 190.283, 190.896, 191.51, 192.124, 192.738, 193.352, 193.965, 194.579, 195.193, 195.807, 196.421, 197.035, 197.648, 198.262, 198.876, 199.49, 200.104, 200.717, 201.331, 201.945, 202.559, 203.173, 203.786, 204.4, 205.014, 205.628, 206.242, 206.856, 207.469, 208.083, 208.697, 209.311, 209.925, 210.538, 211.152, 211.766, 212.38, 212.994, 213.608, 214.221, 214.835, 215.449, 216.063, 216.677, 217.29, 217.904, 218.518, 219.132, 219.746, 220.359, 220.973, 221.587, 222.201, 222.815, 223.429, 224.042, 224.656, 225.27, 225.884, 226.498, 227.111, 227.725, 228.339, 228.953, 229.567, 230.181, 230.794, 231.408, 232.022, 232.636, 233.25, 233.863, 234.477, 235.091, 235.705, 236.319, 236.932, 237.546, 238.16, 238.774, 239.388, 240.002, 240.615, 241.229, 241.843, 242.457, 243.071, 243.684, 244.298, 244.912, 245.526, 246.14, 246.754, 247.367, 247.981, 248.595, 249.209, 249.823, 250.436, 251.05, 251.664, 252.278, 252.892, 253.505, 254.119, 254.733, 255.347, 255.961, 256.575, 257.188, 257.802, 258.416, 259.03, 259.644, 260.257, 260.871, 261.485, 262.099, 262.713, 263.327, 263.94, 264.554, 265.168, 265.782, 266.396, 267.009, 267.623, 268.237, 268.851, 269.465, 270.078, 270.692, 271.306, 271.92, 272.534, 273.148, 273.761, 274.375, 274.989, 275.603, 276.217, 276.83, 277.444, 278.058, 278.672, 279.286, 279.9, 280.513, 281.127, 281.741, 282.355, 282.969, 283.582, 284.196, 284.81, 285.424, 286.038, 286.651, 287.265, 287.879, 288.493, 289.107, 289.721, 290.334, 290.948, 291.562, 292.176, 292.79, 293.403, 294.017
3.93554, 3.93653, 3.93753, 3.93854, 3.93957, 3.9406, 3.94164, 3.9427, 3.94377, 3.94484, 3.94593, 3.94704, 3.94815, 3.94927, 3.95041, 3.95156, 3.95272, 3.95389, 3.95508, 3.95628, 3.95749, 3.95871, 3.95995, 3.96119, 3.96245, 3.96373, 3.96502, 3.96632, 3.96763, 3.96896, 3.9703, 3.97165, 3.97302, 3.97441, 3.9758, 3.97721, 3.97864, 3.98008, 3.98153, 3.983, 3.98448, 3.98598, 3.9875, 3.98902, 3.99057, 3.99213, 3.9937, 3.99529, 3.9969, 3.99852, 4.00016, 4.00182, 4.00349, 4.00518, 4.00688, 4.00861, 4.01035, 4.0121, 4.01388, 4.01567, 4.01748, 4.01931, 4.02115, 4.02301, 4.0249, 4.0268, 4.02872, 4.03066, 4.03261, 4.03459, 4.03659, 4.0386, 4.04064, 4.04269, 4.04477, 4.04687, 4.04899, 4.05112, 4.05328, 4.05546, 4.05767, 4.05989, 4.06214, 4.0644, 4.0667, 4.06901, 4.07135, 4.0737, 4.07609, 4.07849, 4.08092, 4.08338, 4.08586, 4.08836, 4.09089, 4.09344, 4.09602, 4.09862, 4.10125, 4.10391, 4.10659, 4.1093, 4.11204, 4.1148, 4.11759, 4.12041, 4.12326, 4.12613, 4.12904, 4.13197, 4.13494, 4.13793, 4.14095, 4.14401, 4.14709, 4.15021, 4.15336, 4.15654, 4.15975, 4.163, 4.16627, 4.16959, 4.17293, 4.17631, 4.17973, 4.18317, 4.18666, 4.19018, 4.19374, 4.19733, 4.20096, 4.20463, 4.20834, 4.21209, 4.21587, 4.2197, 4.22356, 4.22747, 4.23141, 4.2354, 4.23943, 4.24351, 4.24762, 4.25178, 4.25599, 4.26024, 4.26453, 4.26888, 4.27326, 4.2777, 4.28218, 4.28672, 4.2913, 4.29593, 4.30061, 4.30535, 4.31013, 4.31497, 4.31987, 4.32481, 4.32982, 4.33487, 4.33999, 4.34516, 4.35039, 4.35568, 4.36103, 4.36644, 4.37191, 4.37745, 4.38305, 4.38871, 4.39444, 4.40023, 4.4061, 4.41203, 4.41803, 4.4241, 4.43025, 4.43646, 4.44275, 4.44912, 4.45556, 4.46208, 4.46868, 4.47536, 4.48212, 4.48896, 4.49589, 4.5029, 4.51, 4.51719, 4.52447, 4.53184, 4.53931, 4.54687, 4.55452, 4.56227, 4.57013, 4.57808, 4.58614, 4.5943, 4.60257, 4.61095, 4.61944, 4.62804, 4.63676, 4.6456, 4.65455, 4.66363, 4.67283, 4.68216, 4.69162, 4.70121, 4.71093, 4.7208, 4.7308, 4.74094, 4.75123, 4.76167, 4.77225, 4.783, 4.7939, 4.80496, 4.81619, 4.82758, 4.83915, 4.8509, 4.86282, 4.87492, 4.88722, 4.89971, 4.91239, 4.92527, 4.93836, 4.95166, 4.96518, 4.97892, 4.99288, 5.00707, 5.0215, 5.03618, 5.0511, 5.06628, 5.08173, 5.09744, 5.11343, 5.1297, 5.14626, 5.16312, 5.18029, 5.19778, 5.21559, 5.23373, 5.25221, 5.27105, 5.29026, 5.30984, 5.3298, 5.35016, 5.37093, 5.39212, 5.41375, 5.43583, 5.45837, 5.48139, 5.50491, 5.52894, 5.55349, 5.5786, 5.60427, 5.63053, 5.65739, 5.68489, 5.71304, 5.74187, 5.7714, 5.80167, 5.83269, 5.86451, 5.89715, 5.93065, 5.96504, 6.00036, 6.03666, 6.07397, 6.11235, 6.15184, 6.19249, 6.23436, 6.27752, 6.32201, 6.36792, 6.41532, 6.46428, 6.51489, 6.56725, 6.62145, 6.6776, 6.73582, 6.79623, 6.85898, 6.92422, 6.99211, 7.06283, 7.13659, 7.2136, 7.29412, 7.37841, 7.46679, 7.55959, 7.65719, 7.76003, 7.86861, 7.98349, 8.10531, 8.23482, 8.37291, 8.5206, 8.67912, 8.84998, 9.03497, 9.23637, 9.45706, 9.7007, 9.97206, 10.2772, 10.6235, 11.0196, 11.4742, 11.9937, 12.5785, 13.2177, 13.8829, 14.5234, 15.065, 15.4153, 15.4764, 15.1643, 14.4296, 13.2743, 11.7557, 10.0114, 8.16574, 6.36512, 4.73317, 3.35272, 2.25955, 1.44742, 0.880565, 0.508427, 0.278451, 0.144583, 0.0711463, 0.0331665, 0.0146423, 0.00611937, 0.00241929, 0.000903268, 0.000316731, 0.000102053, 2.68243e-05, 5.71816e-06, 1.65702e-06, 4.53744e-07, 1.17394e-07, 2.86964e-08, 6.62766e-09, 1.44625e-09, 2.98179e-10, 5.80846e-11, 1.06904e-11, 1.85899e-12, 3.0543e-13, 4.74128e-14, 6.9539e-15, 9.63633e-16, 1.26167e-16, 1.56073e-17, 1.82415e-18, 2.01438e-19, 2.10171e-20, 2.07183e-21, 1.92968e-22, 1.69811e-23, 1.41187e-24, 1.10911e-25, 8.23194e-27, 5.7727e-28, 3.82478e-29, 2.39432e-30, 1.41614e-31, 7.91371e-33, 4.17833e-34, 2.08437e-35, 9.82416e-37, 4.37487e-38, 1.8407e-39, 7.3173e-41, 2.74831e-42, 9.75283e-44, 3.26997e-45, 1.03587e-46, 3.10038e-48, 8.76746e-50, 2.34251e-51, 5.91338e-53, 1.41039e-54, 3.17827e-56, 6.76692e-58, 1.36125e-59, 2.58723e-61, 4.646e-63, 7.88263e-65, 1.2636e-66, 1.91381e-68, 2.73864e-70, 3.7027e-72, 4.72987e-74, 5.70858e-76, 6.5096e-78, 7.01339e-80, 7.1392e-82, 6.86623e-84, 6.23928e-86, 5.35671e-88, 4.34519e-90, 3.33018e-92, 2.41142e-94, 1.64978e-96, 1.06641e-98, 6.51285e-101, 3.75807e-103, 2.04883e-105, 1.05534e-107, 5.13602e-110, 2.3616e-112, 1.02597e-114, 4.21123e-117, 1.63316e-119, 5.98408e-122, 2.07163e-124, 6.77597e-127, 2.09401e-129, 6.11408e-132, 1.68667e-134, 4.39619e-137, 1.0826e-139, 2.51887e-142, 5.5372e-145, 1.15006e-147, 2.25682e-150, 4.18426e-153, 7.32971e-156, 1.21311e-158, 1.89697e-161, 2.80263e-164, 3.91216e-167, 5.15957e-170, 6.42919e-173, 7.56909e-176, 8.41932e-179, 8.84822e-182, 8.78578e-185, 8.24233e-188, 7.30575e-191, 6.11822e-194, 4.84095e-197, 3.61893e-200, 2.55609e-203, 1.70576e-206, 1.07548e-209, 6.40669e-213, 3.60586e-216, 1.91747e-219, 9.63374e-223, 4.57304e-226, 2.05097e-229, 8.69079e-233, 3.47939e-236
3.93554, 3.93655, 3.93757, 3.9386, 3.93964, 3.94069, 3.94175, 3.94283, 3.94391, 3.94501, 3.94612, 3.94724, 3.94837, 3.94951, 3.95067, 3.95184, 3.95302, 3.95421, 3.95541, 3.95663, 3.95786, 3.9591, 3.96036, 3.96163, 3.96291, 3.9642, 3.96551, 3.96683, 3.96816, 3.96951, 3.97087, 3.97225, 3.97364, 3.97504, 3.97646, 3.97789, 3.97934, 3.9808, 3.98227, 3.98377, 3.98527, 3.98679, 3.98833, 3.98988, 3.99144, 3.99303, 3.99462, 3.99624, 3.99787, 3.99951, 4.00117, 4.00285, 4.00455, 4.00626, 4.00799, 4.00973, 4.0115, 4.01328, 4.01508, 4.01689, 4.01873, 4.02058, 4.02245, 4.02434, 4.02624, 4.02817, 4.03011, 4.03208, 4.03406, 4.03606, 4.03809, 4.04013, 4.04219, 4.04427, 4.04638, 4.0485, 4.05065, 4.05281, 4.055, 4.05721, 4.05944, 4.06169, 4.06396, 4.06626, 4.06858, 4.07092, 4.07329, 4.07568, 4.07809, 4.08052, 4.08298, 4.08547, 4.08798, 4.09051, 4.09307, 4.09565, 4.09826, 4.1009, 4.10356, 4.10625, 4.10896, 4.1117, 4.11447, 4.11727, 4.12009, 4.12294, 4.12583, 4.12874, 4.13168, 4.13464, 4.13764, 4.14067, 4.14373, 4.14682, 4.14994, 4.15309, 4.15628, 4.15949, 4.16274, 4.16603, 4.16934, 4.17269, 4.17608, 4.17949, 4.18295, 4.18644, 4.18996, 4.19352, 4.19712, 4.20076, 4.20443, 4.20814, 4.21189, 4.21568, 4.21951, 4.22337, 4.22728, 4.23123, 4.23522, 4.23926, 4.24333, 4.24745, 4.25161, 4.25582, 4.26007, 4.26437, 4.26871, 4.2731, 4.27754, 4.28203, 4.28656, 4.29114, 4.29578, 4.30046, 4.30519, 4.30998, 4.31482, 4.31971, 4.32466, 4.32966, 4.33472, 4.33983, 4.345, 4.35023, 4.35552, 4.36087, 4.36628, 4.37175, 4.37728, 4.38288, 4.38854, 4.39427, 4.40006, 4.40592, 4.41184, 4.41784, 4.42391, 4.43005, 4.43626, 4.44255, 4.44891, 4.45534, 4.46186, 4.46845, 4.47512, 4.48188, 4.48871, 4.49563, 4.50264, 4.50973, 4.51691, 4.52418, 4.53154, 4.53899, 4.54654, 4.55418, 4.56192, 4.56976, 4.5777, 4.58575, 4.5939, 4.60215, 4.61052, 4.61899, 4.62758, 4.63628, 4.6451, 4.65403, 4.66309, 4.67228, 4.68158, 4.69102, 4.70059, 4.71029, 4.72012, 4.7301, 4.74022, 4.75048, 4.76089, 4.77145, 4.78216, 4.79303, 4.80406, 4.81525, 4.82661, 4.83814, 4.84985, 4.86173, 4.8738, 4.88605, 4.89849, 4.91113, 4.92397, 4.93701, 4.95026, 4.96372, 4.9774, 4.99131, 5.00545, 5.01982, 5.03443, 5.04929, 5.0644, 5.07977, 5.09541, 5.11132, 5.12751, 5.14399, 5.16076, 5.17784, 5.19524, 5.21295, 5.23099, 5.24937, 5.2681, 5.28719, 5.30665, 5.32649, 5.34672, 5.36736, 5.38841, 5.40989, 5.43182, 5.4542, 5.47706, 5.5004, 5.52425, 5.54861, 5.57352, 5.59898, 5.62503, 5.65166, 5.67892, 5.70682, 5.73539, 5.76465, 5.79462, 5.82535, 5.85684, 5.88915, 5.92229, 5.95631, 5.99124, 6.02713, 6.064, 6.10192, 6.14092, 6.18105, 6.22237, 6.26495, 6.30883, 6.35408, 6.40078, 6.449, 6.49882, 6.55033, 6.60362, 6.6588, 6.71598, 6.77528, 6.83683, 6.90078, 6.96727, 7.03648, 7.10861, 7.18385, 7.26243, 7.34462, 7.43069, 7.52095, 7.61577, 7.71553, 7.82069, 7.93177, 8.04934, 8.17407, 8.30676, 8.44831, 8.59979, 8.7625, 8.938, 9.12818, 9.33543, 9.5628, 9.8142, 10.0947, 10.411, 10.7713, 11.1855, 11.6638, 12.215, 12.8419, 13.5359, 14.2701, 14.9934, 15.6285, 16.0765, 16.2298, 15.9932, 15.3063, 14.1642, 12.6252, 10.8046, 8.85427, 6.93296, 5.17764, 3.68264, 2.49163, 1.60206, 0.978133, 0.566695, 0.311381, 0.16219, 0.0800516, 0.0374266, 0.0165696, 0.00694377, 0.00275272, 0.00103072, 0.000362712, 0.000117644, 3.15768e-05, 6.99457e-06, 2.02531e-06, 5.54912e-07, 1.43651e-07, 3.5135e-08, 8.1194e-09, 1.77279e-09, 3.65714e-10, 7.12813e-11, 1.31268e-11, 2.28398e-12, 3.75471e-13, 5.8319e-14, 8.55842e-15, 1.18666e-15, 1.55457e-16, 1.92416e-17, 2.25021e-18, 2.48631e-19, 2.59559e-20, 2.56015e-21, 2.38586e-22, 2.10075e-23, 1.74764e-24, 1.37366e-25, 1.02013e-26, 7.15784e-28, 4.74522e-29, 2.97221e-30, 1.75895e-31, 9.83498e-33, 5.19569e-34, 2.59336e-35, 1.22301e-36, 5.44936e-38, 2.29409e-39, 9.12479e-41, 3.42913e-42, 1.21757e-43, 4.08462e-45, 1.29467e-46, 3.87715e-48, 1.09702e-49, 2.93269e-51, 7.4074e-53, 1.76772e-54, 3.98572e-56, 8.49082e-58, 1.70899e-59, 3.24996e-61, 5.83935e-63, 9.91283e-65, 1.58993e-66, 2.40939e-68, 3.44972e-70, 4.66667e-72, 5.96455e-74, 7.20271e-76, 8.21791e-78, 8.85877e-80, 9.02263e-82, 8.6824e-84, 7.89394e-86, 6.78101e-88, 5.50354e-90, 4.22023e-92, 3.05758e-94, 2.09298e-96, 1.35363e-98, 8.27143e-101, 4.77539e-103, 2.60485e-105, 1.34247e-107, 6.53688e-110, 3.00735e-112, 1.3072e-114, 5.36845e-117, 2.08306e-119, 7.63659e-122, 2.64511e-124, 8.65633e-127, 2.67652e-129, 7.81902e-132, 2.15814e-134, 5.628e-137, 1.38667e-139, 3.22804e-142, 7.09985e-145, 1.47539e-147, 2.89673e-150, 5.37347e-153, 9.41776e-156, 1.5595e-158, 2.43988e-161, 3.6066e-164, 5.037e-167, 6.64647e-170, 8.2862e-173, 9.76033e-176, 1.08622e-178, 1.14214e-181, 1.13465e-184, 1.065e-187, 9.44463e-191, 7.91341e-194, 6.26451e-197, 4.68549e-200, 3.31106e-203, 2.21067e-206, 1.39452e-209, 8.31136e-213, 4.68018e-216, 2.48999e-219, 1.25163e-222, 5.9443e-226, 2.66728e-229, 1.13079e-232, 4.52936e-236
209.20
176.82
 
MEASUREMENT 39
1.56305, 4.67879, 7.79453, 10.9103, 14.0312, 17.1469, 20.2679, 23.3784, 26.4796, 29.5859, 32.6913, 35.8071, 38.9228, 42.0385, 45.1595, 48.2752, 51.3909, 54.5067, 57.6224, 60.7381, 63.8435, 66.9593, 70.0698, 73.1752, 76.2806, 79.3859, 82.4913, 85.5967, 88.7021, 91.8074, 94.9128, 98.0182, 101.1, 104.148, 107.196, 110.244, 113.292, 116.339, 119.387, 122.435, 125.483, 128.531, 131.574, 134.622, 137.67, 140.718, 143.766, 146.814, 149.861, 152.909, 155.957, 159.005, 162.053, 165.101, 168.149, 171.197, 174.245, 177.293, 180.341, 183.389, 186.436, 189.484, 192.532, 195.58, 198.621, 201.655, 204.688, 207.722, 210.756, 213.794, 216.838, 219.882, 222.926, 225.97, 229.014, 232.058, 235.102, 238.145, 241.189, 244.233, 247.277, 250.321, 253.37, 256.424, 259.478, 262.532, 265.586, 268.64, 271.695, 274.749, 277.803, 280.857, 283.911, 286.97, 290.035, 293.099
3.48072, 3.49678, 3.48436, 3.69464, 3.47832, 3.52115, 3.81227, 3.81139, 3.75291, 3.79901, 3.85086, 3.93719, 3.94495, 3.98597, 3.98808, 3.99855, 4.15388, 4.19414, 4.26795, 4.30602, 3.81288, 4.27236, 4.29055, 4.26265, 4.37203, 4.38166, 4.41131, 4.40288, 4.46199, 4.12195, 4.53007, 3.93038, 4.54932, 4.55491, 4.59744, 4.61242, 4.64212, 4.68221, 4.71959, 4.7438, 4.76155, 4.81625, 4.87426, 4.8878, 4.94044, 5.01695, 5.09363, 5.13864, 5.18786, 5.23913, 5.34857, 5.4381, 5.55174, 5.62209, 5.73912, 6.00983, 6.09961, 6.18561, 6.43172, 6.73196, 6.96883, 7.42479, 7.87967, 8.69541, 11.0738, 12.643, 14.2669, 12.9753, 6.66496, 1.48076, 0.103567, -0.0130745, -0.0411257, -0.0437119, -0.0444322, -0.0178642, -0.0320281, -0.0233689, -0.0586548, -0.0350732, -0.0627875, -0.0758656, -0.0600861, -0.0338765, -0.0380643, -0.050664, -0.03039, -0.0273847, -0.0261934, -0.0157276, -0.0209442, -0.0298465, -0.0510583, -0.0353272, -0.063653, -0.101531
0.104422, 0.104903, 0.104531, 0.110839, 0.10435, 0.105635, 0.114368, 0.114342, 0.112587, 0.11397, 0.115526, 0.118116, 0.118348, 0.119579, 0.119642, 0.119957, 0.124616, 0.125824, 0.128038, 0.129181, 0.114386, 0.128171, 0.128716, 0.12788, 0.131161, 0.13145, 0.132339, 0.132086, 0.13386, 0.123658, 0.135902, 0.117911, 0.13648, 0.136647, 0.137923, 0.138373, 0.139263, 0.140466, 0.141588, 0.142314, 0.142846, 0.144488, 0.146228, 0.146634, 0.148213, 0.150509, 0.152809, 0.154159, 0.155636, 0.157174, 0.160457, 0.163143, 0.166552, 0.168663, 0.172174, 0.180295, 0.182988, 0.185568, 0.192952, 0.201959, 0.209065, 0.222744, 0.23639, 0.260862, 0.332214, 0.379289, 0.428006, 0.38926, 0.199949, 0.0444227, 0.00310702, 0.000392235, 0.00123377, 0.00131136, 0.00133297, 0.000535926, 0.000960842, 0.000701066, 0.00175964, 0.0010522, 0.00188362, 0.00227597, 0.00180258, 0.00101629, 0.00114193, 0.00151992, 0.0009117, 0.000821542, 0.000785803, 0.000471828, 0.000628327, 0.000895395, 0.00153175, 0.00105982, 0.00190959, 0.00304592
0, 0.613815, 1.22763, 1.84144, 2.45526, 3.06907, 3.68289, 4.2967, 4.91052, 5.52433, 6.13815, 6.75196, 7.36578, 7.97959, 8.59341, 9.20722, 9.82104, 10.4349, 11.0487, 11.6625, 12.2763, 12.8901, 13.5039, 14.1177, 14.7316, 15.3454, 15.9592, 16.573, 17.1868, 17.8006, 18.4144, 19.0283, 19.6421, 20.2559, 20.8697, 21.4835, 22.0973, 22.7111, 23.325, 23.9388, 24.5526, 25.1664, 25.7802, 26.394, 27.0078, 27.6217, 28.2355, 28.8493, 29.4631, 30.0769, 30.6907, 31.3046, 31.9184, 32.5322, 33.146, 33.7598, 34.3736, 34.9874, 35.6013, 36.2151, 36.8289, 37.4427, 38.0565, 38.6703, 39.2841, 39.898, 40.5118, 41.1256, 41.7394, 42.3532, 42.967, 43.5808, 44.1947, 44.8085, 45.4223, 46.0361, 46.6499, 47.2637, 47.8775, 48.4914, 49.1052, 49.719, 50.3328, 50.9466, 51.5604, 52.1743, 52.7881, 53.4019, 54.0157, 54.6295, 55.2433, 55.8571, 56.471, 57.0848, 57.6986, 58.3124, 58.9262, 59.54, 60.1538, 60.7677, 61.3815, 61.9953, 62.6091, 63.2229, 63.8367, 64.4505, 65.0644, 65.6782, 66.292, 66.9058, 67.5196, 68.1334, 68.7473, 69.3611, 69.9749, 70.5887, 71.2025, 71.8163, 72.4301, 73.044, 73.6578, 74.2716, 74.8854, 75.4992, 76.113, 76.7268, 77.3407, 77.9545, 78.5683, 79.1821, 79.7959, 80.4097, 81.0235, 81.6374, 82.2512, 82.865, 83.4788, 84.0926, 84.7064, 85.3202, 85.9341, 86.5479, 87.1617, 87.7755, 88.3893, 89.0031, 89.617, 90.2308, 90.8446, 91.4584, 92.0722, 92.686, 93.2998, 93.9137, 94.5275, 95.1413, 95.7551, 96.3689, 96.9827, 97.5965, 98.2104, 98.8242, 99.438, 100.052, 100.666, 101.279, 101.893, 102.507, 103.121, 103.735, 104.349, 104.962, 105.576, 106.19, 106.804, 107.418, 108.031, 108.645, 109.259, 109.873, 110.487, 111.1, 111.714, 112.328, 112.942, 113.556, 114.17, 114.783, 115.397, 116.011, 116.625, 117.239, 117.852, 118.466, 119.08, 119.694, 120.308, 120.922, 121.535, 122.149, 122.763, 123.377, 123.991, 124.604, 125.218, 125.832, 126.446, 127.06, 127.673, 128.287, 128.901, 129.515, 130.129, 130.743, 131.356, 131.97, 132.584, 133.198, 133.812, 134.425, 135.039, 135.653, 136.267, 136.881, 137.495, 138.108, 138.722, 139.336, 139.95, 140.564, 141.177, 141.791, 142.405, 143.019, 143.633, 144.246, 144.86, 145.474, 146.088, 146.702, 147.316, 147.929, 148.543, 149.157, 149.771, 150.385, 150.998, 151.612, 152.226, 152.84, 153.454, 154.068, 154.681, 155.295, 155.909, 156.523, 157.137, 157.75, 158.364, 158.978, 159.592, 160.206, 160.819, 161.433, 162.047, 162.661, 163.275, 163.889, 164.502, 165.116, 165.73, 166.344, 166.958, 167.571, 168.185, 168.799, 169.413, 170.027, 170.64, 171.254, 171.868, 172.482, 173.096, 173.71, 174.323, 174.937, 175.551, 176.165, 176.779, 177.392, 178.006, 178.62, 179.234, 179.848, 180.462, 181.075, 181.689, 182.303, 182.917, 183.531, 184.144, 184.758, 185.372, 185.986, 186.6, 187.213, 187.827, 188.441, 189.055, 189.669, 190.283, 190.896, 191.51, 192.124, 192.738, 193.352, 193.965, 194.579, 195.193, 195.807, 196.421, 197.035, 197.648, 198.262, 198.876, 199.49, 200.104, 200.717, 201.331, 201.945, 202.559, 203.173, 203.786, 204.4, 205.014, 205.628, 206.242, 206.856, 207.469, 208.083, 208.697, 209.311, 209.925, 210.538, 211.152, 211.766, 212.38, 212.994, 213.608, 214.221, 214.835, 215.449, 216.063, 216.677, 217.29, 217.904, 218.518, 219.132, 219.746, 220.359, 220.973, 221.587, 222.201, 222.815, 223.429, 224.042, 224.656, 225.27, 225.884, 226.498, 227.111, 227.725, 228.339, 228.953, 229.567, 230.181, 230.794, 231.408, 232.022, 232.636, 233.25, 233.863, 234.477, 235.091, 235.705, 236.319, 236.932, 237.546, 238.16, 238.774, 239.388, 240.002, 240.615, 241.229, 241.843, 242.457, 243.071, 243.684, 244.298, 244.912, 245.526, 246.14, 246.754, 247.367, 247.981, 248.595, 249.209, 249.823, 250.436, 251.05, 251.664, 252.278, 252.892, 253.505, 254.119, 254.733, 255.347, 255.961, 256.575, 257.188, 257.802, 258.416, 259.03, 259.644, 260.257, 260.871, 261.485, 262.099, 262.713, 263.327, 263.94, 264.554, 265.168, 265.782, 266.396, 267.009, 267.623, 268.237, 268.851, 269.465, 270.078, 270.692, 271.306, 271.92, 272.534, 273.148, 273.761, 274.375, 274.989, 275.603, 276.217, 276.83, 277.444, 278.058, 278.672, 279.286, 279.9, 280.513, 281.127, 281.741, 282.355, 282.969, 283.582, 284.196, 284.81, 285.424, 286.038, 286.651, 287.265, 287.879, 288.493, 289.107, 289.721, 290.334, 290.948, 291.562, 292.176, 292.79, 293.403, 294.017
3.93543, 3.93642, 3.93742, 3.93842, 3.93944, 3.94048, 3.94152, 3.94257, 3.94363, 3.94471, 3.9458, 3.9469, 3.94801, 3.94913, 3.95026, 3.95141, 3.95257, 3.95374, 3.95492, 3.95611, 3.95732, 3.95854, 3.95977, 3.96102, 3.96228, 3.96355, 3.96483, 3.96613, 3.96744, 3.96877, 3.9701, 3.97146, 3.97282, 3.9742, 3.97559, 3.977, 3.97842, 3.97986, 3.98131, 3.98278, 3.98426, 3.98575, 3.98726, 3.98879, 3.99033, 3.99188, 3.99346, 3.99504, 3.99665, 3.99827, 3.9999, 4.00155, 4.00322, 4.00491, 4.00661, 4.00833, 4.01006, 4.01181, 4.01358, 4.01537, 4.01718, 4.019, 4.02084, 4.0227, 4.02458, 4.02648, 4.02839, 4.03033, 4.03228, 4.03425, 4.03624, 4.03826, 4.04029, 4.04234, 4.04441, 4.0465, 4.04862, 4.05075, 4.0529, 4.05508, 4.05728, 4.0595, 4.06174, 4.064, 4.06629, 4.0686, 4.07093, 4.07328, 4.07566, 4.07806, 4.08049, 4.08293, 4.08541, 4.0879, 4.09043, 4.09297, 4.09555, 4.09815, 4.10077, 4.10342, 4.1061, 4.1088, 4.11153, 4.11429, 4.11707, 4.11989, 4.12273, 4.1256, 4.1285, 4.13142, 4.13438, 4.13737, 4.14039, 4.14343, 4.14651, 4.14962, 4.15276, 4.15594, 4.15914, 4.16238, 4.16565, 4.16895, 4.17229, 4.17566, 4.17907, 4.18251, 4.18599, 4.1895, 4.19305, 4.19664, 4.20026, 4.20392, 4.20762, 4.21136, 4.21514, 4.21895, 4.22281, 4.22671, 4.23065, 4.23462, 4.23865, 4.24271, 4.24682, 4.25097, 4.25516, 4.2594, 4.26369, 4.26802, 4.2724, 4.27683, 4.2813, 4.28582, 4.29039, 4.29501, 4.29969, 4.30441, 4.30918, 4.31401, 4.31889, 4.32383, 4.32882, 4.33386, 4.33897, 4.34413, 4.34935, 4.35462, 4.35996, 4.36536, 4.37082, 4.37634, 4.38192, 4.38757, 4.39329, 4.39907, 4.40492, 4.41083, 4.41682, 4.42287, 4.429, 4.4352, 4.44148, 4.44783, 4.45425, 4.46076, 4.46734, 4.474, 4.48074, 4.48757, 4.49448, 4.50148, 4.50856, 4.51573, 4.52299, 4.53034, 4.53778, 4.54532, 4.55295, 4.56069, 4.56852, 4.57645, 4.58448, 4.59263, 4.60087, 4.60923, 4.61769, 4.62627, 4.63497, 4.64378, 4.65271, 4.66176, 4.67094, 4.68024, 4.68967, 4.69923, 4.70893, 4.71876, 4.72873, 4.73884, 4.7491, 4.7595, 4.77006, 4.78077, 4.79164, 4.80267, 4.81386, 4.82522, 4.83675, 4.84845, 4.86034, 4.87241, 4.88466, 4.89711, 4.90975, 4.92259, 4.93563, 4.94889, 4.96236, 4.97605, 4.98996, 5.00411, 5.01849, 5.03311, 5.04798, 5.06311, 5.07849, 5.09415, 5.11008, 5.12629, 5.14279, 5.15958, 5.17669, 5.1941, 5.21184, 5.22992, 5.24833, 5.26709, 5.28622, 5.30571, 5.32559, 5.34587, 5.36655, 5.38765, 5.40919, 5.43117, 5.45361, 5.47653, 5.49993, 5.52385, 5.54829, 5.57328, 5.59883, 5.62496, 5.65169, 5.67905, 5.70706, 5.73574, 5.76512, 5.79522, 5.82608, 5.85772, 5.89018, 5.92349, 5.95769, 5.99281, 6.02889, 6.06598, 6.10412, 6.14336, 6.18376, 6.22536, 6.26822, 6.31242, 6.35801, 6.40508, 6.45368, 6.50393, 6.55589, 6.60967, 6.66538, 6.72312, 6.78304, 6.84525, 6.90991, 6.97718, 7.04725, 7.1203, 7.19655, 7.27624, 7.35964, 7.44704, 7.53878, 7.63522, 7.73679, 7.84395, 7.95727, 8.07735, 8.20491, 8.3408, 8.486, 8.64166, 8.80918, 8.99029, 9.18705, 9.40212, 9.6389, 9.90175, 10.1964, 10.53, 10.9113, 11.3501, 11.8551, 12.4309, 13.0723, 13.7574, 14.4412, 15.0521, 15.4943, 15.66, 15.4493, 14.7951, 13.6846, 12.1642, 10.3792, 8.46284, 6.57779, 4.86397, 3.4162, 2.27594, 1.43673, 0.858616, 0.485414, 0.259447, 0.131034, 0.0625075, 0.0281527, 0.011967, 0.00479857, 0.00181341, 0.000644176, 0.000213092, 6.29352e-05, 1.18212e-05, 3.33191e-06, 9.04454e-07, 2.31186e-07, 5.5638e-08, 1.26072e-08, 2.68969e-09, 5.40284e-10, 1.02183e-10, 1.81958e-11, 3.0507e-12, 4.81575e-13, 7.15755e-14, 1.00162e-14, 1.3197e-15, 1.63713e-16, 1.91217e-17, 2.10285e-18, 2.17733e-19, 2.12264e-20, 1.94833e-21, 1.68378e-22, 1.37008e-23, 1.04964e-24, 7.57126e-26, 5.14201e-27, 3.28801e-28, 1.97956e-29, 1.12212e-30, 5.98886e-32, 3.00943e-33, 1.42384e-34, 6.34265e-36, 2.66021e-37, 1.0505e-38, 3.90581e-40, 1.36729e-41, 4.50656e-43, 1.3985e-44, 4.08618e-46, 1.1241e-47, 2.91157e-49, 7.10041e-51, 1.63032e-52, 3.52451e-54, 7.17394e-56, 1.37483e-57, 2.48072e-59, 4.21443e-61, 6.74114e-63, 1.01522e-64, 1.43954e-66, 1.92185e-68, 2.41574e-70, 2.85899e-72, 3.18574e-74, 3.34226e-76, 3.30144e-78, 3.07044e-80, 2.68863e-82, 2.21663e-84, 1.72064e-86, 1.25753e-88, 8.65331e-91, 5.60632e-93, 3.41984e-95, 1.96412e-97, 1.06209e-99, 5.40739e-102, 2.59207e-104, 1.16987e-106, 4.97122e-109, 1.98893e-111, 7.49218e-114, 2.65723e-116, 8.87326e-119, 2.78977e-121, 8.25823e-124, 2.30164e-126, 6.03975e-129, 1.49222e-131, 3.47119e-134, 7.6025e-137, 1.56771e-139, 3.04374e-142, 5.56391e-145, 9.576e-148, 1.55174e-150, 2.36749e-153, 3.40084e-156, 4.59956e-159, 5.85703e-162, 7.02215e-165, 7.92673e-168, 8.42459e-171, 8.43014e-174, 7.9424e-177, 7.0453e-180, 5.88407e-183, 4.62687e-186, 3.42553e-189, 2.38781e-192, 1.56711e-195, 9.68351e-199, 5.63373e-202, 3.08595e-205, 1.59152e-208, 7.72799e-212, 3.53306e-215, 1.52078e-218, 6.16326e-222, 2.35172e-225, 8.44871e-229, 2.85776e-232, 9.10103e-236, 2.72889e-239, 7.7039e-243, 2.04769e-246, 5.12448e-250
3.93543, 3.93644, 3.93745, 3.93848, 3.93952, 3.94057, 3.94163, 3.9427, 3.94378, 3.94488, 3.94598, 3.9471, 3.94823, 3.94937, 3.95053, 3.95169, 3.95287, 3.95406, 3.95526, 3.95648, 3.95771, 3.95895, 3.9602, 3.96147, 3.96274, 3.96404, 3.96534, 3.96666, 3.96799, 3.96934, 3.9707, 3.97207, 3.97346, 3.97486, 3.97627, 3.9777, 3.97915, 3.9806, 3.98208, 3.98356, 3.98507, 3.98658, 3.98812, 3.98967, 3.99123, 3.99281, 3.9944, 3.99601, 3.99764, 3.99928, 4.00094, 4.00262, 4.00431, 4.00602, 4.00774, 4.00949, 4.01125, 4.01303, 4.01482, 4.01663, 4.01846, 4.02031, 4.02218, 4.02406, 4.02597, 4.02789, 4.02983, 4.03179, 4.03377, 4.03577, 4.03779, 4.03983, 4.04189, 4.04397, 4.04607, 4.04819, 4.05033, 4.05249, 4.05467, 4.05688, 4.0591, 4.06135, 4.06362, 4.06591, 4.06823, 4.07057, 4.07293, 4.07531, 4.07772, 4.08015, 4.08261, 4.08509, 4.08759, 4.09012, 4.09267, 4.09525, 4.09786, 4.10049, 4.10314, 4.10583, 4.10854, 4.11127, 4.11404, 4.11683, 4.11965, 4.1225, 4.12537, 4.12828, 4.13121, 4.13417, 4.13717, 4.14019, 4.14324, 4.14633, 4.14944, 4.15259, 4.15577, 4.15898, 4.16222, 4.1655, 4.16881, 4.17215, 4.17553, 4.17894, 4.18239, 4.18587, 4.18939, 4.19295, 4.19654, 4.20017, 4.20383, 4.20753, 4.21128, 4.21506, 4.21888, 4.22274, 4.22664, 4.23058, 4.23457, 4.23859, 4.24266, 4.24677, 4.25093, 4.25512, 4.25937, 4.26366, 4.26799, 4.27237, 4.2768, 4.28128, 4.2858, 4.29038, 4.295, 4.29968, 4.3044, 4.30918, 4.31401, 4.31889, 4.32383, 4.32882, 4.33387, 4.33897, 4.34413, 4.34935, 4.35463, 4.35997, 4.36536, 4.37082, 4.37634, 4.38193, 4.38758, 4.39329, 4.39907, 4.40492, 4.41083, 4.41682, 4.42287, 4.429, 4.4352, 4.44147, 4.44781, 4.45424, 4.46074, 4.46731, 4.47397, 4.48071, 4.48753, 4.49444, 4.50142, 4.5085, 4.51566, 4.52292, 4.53026, 4.5377, 4.54523, 4.55285, 4.56057, 4.5684, 4.57632, 4.58434, 4.59247, 4.60071, 4.60905, 4.61751, 4.62607, 4.63475, 4.64355, 4.65246, 4.6615, 4.67066, 4.67994, 4.68935, 4.6989, 4.70857, 4.71838, 4.72833, 4.73842, 4.74866, 4.75904, 4.76957, 4.78025, 4.79109, 4.80209, 4.81326, 4.82459, 4.83608, 4.84776, 4.85961, 4.87164, 4.88385, 4.89626, 4.90886, 4.92166, 4.93466, 4.94787, 4.9613, 4.97494, 4.9888, 5.00289, 5.01722, 5.03178, 5.04659, 5.06166, 5.07698, 5.09257, 5.10842, 5.12456, 5.14099, 5.15771, 5.17473, 5.19206, 5.20971, 5.22769, 5.246, 5.26467, 5.28369, 5.30307, 5.32284, 5.343, 5.36355, 5.38452, 5.40592, 5.42776, 5.45006, 5.47282, 5.49607, 5.51981, 5.54408, 5.56888, 5.59423, 5.62016, 5.64668, 5.67382, 5.70159, 5.73002, 5.75915, 5.78898, 5.81955, 5.85089, 5.88304, 5.91601, 5.94985, 5.9846, 6.02029, 6.05697, 6.09467, 6.13345, 6.17335, 6.21443, 6.25675, 6.30036, 6.34533, 6.39173, 6.43963, 6.48912, 6.54028, 6.5932, 6.64798, 6.70474, 6.76359, 6.82466, 6.88809, 6.95403, 7.02266, 7.09415, 7.16871, 7.24656, 7.32795, 7.41315, 7.50247, 7.59625, 7.69489, 7.79881, 7.9085, 8.02454, 8.14757, 8.27834, 8.41772, 8.56673, 8.7266, 8.89877, 9.08506, 9.28764, 9.50932, 9.7537, 10.0255, 10.3308, 10.6777, 11.0759, 11.5368, 12.0715, 12.687, 13.3811, 14.1342, 14.9019, 15.6102, 16.1574, 16.4256, 16.3025, 15.708, 14.6196, 13.0862, 11.2248, 9.19866, 7.1843, 5.33695, 3.76486, 2.51873, 1.59633, 0.957627, 0.543356, 0.291426, 0.147676, 0.0706715, 0.0319277, 0.013612, 0.00547402, 0.00207471, 0.000739354, 0.000245755, 7.32863e-05, 1.45078e-05, 4.09235e-06, 1.11168e-06, 2.84333e-07, 6.84714e-08, 1.55249e-08, 3.31423e-09, 6.66152e-10, 1.26067e-10, 2.24628e-11, 3.76846e-12, 5.9525e-13, 8.85261e-14, 1.23959e-14, 1.63426e-15, 2.02862e-16, 2.37092e-17, 2.60896e-18, 2.70305e-19, 2.63679e-20, 2.42177e-21, 2.09423e-22, 1.70511e-23, 1.30712e-24, 9.43441e-26, 6.41134e-27, 4.1022e-28, 2.47127e-29, 1.40171e-30, 7.4857e-32, 3.76392e-33, 1.7819e-34, 7.94257e-36, 3.33329e-37, 1.3171e-38, 4.90006e-40, 1.71639e-41, 5.66065e-43, 1.75772e-44, 5.13888e-46, 1.41456e-47, 3.66612e-49, 8.94597e-51, 2.05533e-52, 4.446e-54, 9.05506e-56, 1.73639e-57, 3.13499e-59, 5.32916e-61, 8.52933e-63, 1.2853e-64, 1.82359e-66, 2.43603e-68, 3.06389e-70, 3.62823e-72, 4.0453e-74, 4.24658e-76, 4.19721e-78, 3.90585e-80, 3.42218e-82, 2.82307e-84, 2.19268e-86, 1.60347e-88, 1.10402e-90, 7.15695e-93, 4.36828e-95, 2.5103e-97, 1.35823e-99, 6.91913e-102, 3.31866e-104, 1.49867e-106, 6.37209e-109, 2.55088e-111, 9.61455e-114, 3.41193e-116, 1.14e-118, 3.58623e-121, 1.06219e-123, 2.96211e-126, 7.77733e-129, 1.92261e-131, 4.4749e-134, 9.80633e-137, 2.0233e-139, 3.93049e-142, 7.18891e-145, 1.23797e-147, 2.0072e-150, 3.06408e-153, 4.40392e-156, 5.95952e-159, 7.593e-162, 9.10848e-165, 1.02875e-167, 1.09396e-170, 1.09529e-173, 1.03248e-176, 9.16362e-180, 7.65742e-183, 6.0246e-186, 4.46277e-189, 3.11251e-192, 2.04384e-195, 1.26361e-198, 7.35543e-202, 4.0312e-205, 2.08013e-208, 1.01059e-211, 4.62265e-215, 1.99084e-218, 8.07254e-222, 3.08187e-225, 1.10777e-228, 3.74896e-232, 1.19455e-235, 3.58365e-239, 1.01222e-242, 2.69189e-246, 6.74011e-250
209.31
176.87
 
MEASUREMENT 40
1.56305, 4.67879, 7.79453, 10.9103, 14.0312, 17.1469, 20.2679, 23.3784, 26.4796, 29.5859, 32.6913, 35.8071, 38.9228, 42.0385, 45.1595, 48.2752, 51.3909, 54.5067, 57.6224, 60.7381, 63.8435, 66.9593, 70.0698, 73.1752, 76.2806, 79.3859, 82.4913, 85.5967, 88.7021, 91.8074, 94.9128, 98.0182, 101.1, 104.148, 107.196, 110.244, 113.292, 116.339, 119.387, 122.435, 125.483, 128.531, 131.574, 134.622, 137.67, 140.718, 143.766, 146.814, 149.861, 152.909, 155.957, 159.005, 162.053, 165.101, 168.149, 171.197, 174.245, 177.293, 180.341, 183.389, 186.436, 189.484, 192.532, 195.58, 198.621, 201.655, 204.688, 207.722, 210.756, 213.794, 216.838, 219.882, 222.926, 225.97, 229.014, 232.058, 235.102, 238.145, 241.189, 244.233, 247.277, 250.321, 253.37, 256.424, 259.478, 262.532, 265.586, 268.64, 271.695, 274.749, 277.803, 280.857, 283.911, 286.97, 290.035, 293.099
3.47853, 3.49737, 3.48482, 3.69815, 3.479, 3.52428, 3.81328, 3.80856, 3.75193, 3.79737, 3.84735, 3.93665, 3.94454, 3.98764, 3.98538, 3.98926, 4.15278, 4.18528, 4.26594, 4.3025, 3.81039, 4.26667, 4.28787, 4.26875, 4.36804, 4.38315, 4.40968, 4.40181, 4.46225, 4.11643, 4.52894, 3.91756, 4.54716, 4.55046, 4.5888, 4.61412, 4.6415, 4.67666, 4.71709, 4.74393, 4.7592, 4.81264, 4.87484, 4.88669, 4.94428, 5.0186, 5.09421, 5.13439, 5.18736, 5.23898, 5.34705, 5.44021, 5.55004, 5.62011, 5.73841, 6.00927, 6.09803, 6.18336, 6.42971, 6.72925, 6.96923, 7.41547, 7.84318, 8.65963, 11.0773, 12.6415, 14.2636, 12.9708, 6.66395, 1.4792, 0.102826, -0.0154972, -0.0375867, -0.047604, -0.0453915, -0.0226575, -0.0294826, -0.0275396, -0.0618963, -0.0388831, -0.0654341, -0.0726971, -0.0559221, -0.0393599, -0.0348299, -0.0504001, -0.0269727, -0.0301054, -0.0264881, -0.0198067, -0.0229177, -0.0320826, -0.0531264, -0.0395939, -0.0654133, -0.101907
0.104356, 0.104921, 0.104544, 0.110945, 0.10437, 0.105728, 0.114399, 0.114257, 0.112558, 0.113921, 0.115421, 0.1181, 0.118336, 0.119629, 0.119561, 0.119678, 0.124583, 0.125558, 0.127978, 0.129075, 0.114312, 0.128, 0.128636, 0.128063, 0.131041, 0.131494, 0.13229, 0.132054, 0.133868, 0.123493, 0.135868, 0.117527, 0.136415, 0.136514, 0.137664, 0.138424, 0.139245, 0.1403, 0.141513, 0.142318, 0.142776, 0.144379, 0.146245, 0.146601, 0.148328, 0.150558, 0.152826, 0.154032, 0.155621, 0.157169, 0.160411, 0.163206, 0.166501, 0.168603, 0.172152, 0.180278, 0.182941, 0.185501, 0.192891, 0.201878, 0.209077, 0.222464, 0.235295, 0.259789, 0.332319, 0.379245, 0.427909, 0.389125, 0.199918, 0.044376, 0.00308479, 0.000464915, 0.0011276, 0.00142812, 0.00136174, 0.000679725, 0.000884477, 0.000826187, 0.00185689, 0.00116649, 0.00196302, 0.00218091, 0.00167766, 0.0011808, 0.0010449, 0.001512, 0.000809182, 0.000903162, 0.000794644, 0.0005942, 0.000687531, 0.000962478, 0.00159379, 0.00118782, 0.0019624, 0.0030572
0, 0.613815, 1.22763, 1.84144, 2.45526, 3.06907, 3.68289, 4.2967, 4.91052, 5.52433, 6.13815, 6.75196, 7.36578, 7.97959, 8.59341, 9.20722, 9.82104, 10.4349, 11.0487, 11.6625, 12.2763, 12.8901, 13.5039, 14.1177, 14.7316, 15.3454, 15.9592, 16.573, 17.1868, 17.8006, 18.4144, 19.0283, 19.6421, 20.2559, 20.8697, 21.4835, 22.0973, 22.7111, 23.325, 23.9388, 24.5526, 25.1664, 25.7802, 26.394, 27.0078, 27.6217, 28.2355, 28.8493, 29.4631, 30.0769, 30.6907, 31.3046, 31.9184, 32.5322, 33.146, 33.7598, 34.3736, 34.9874, 35.6013, 36.2151, 36.8289, 37.4427, 38.0565, 38.6703, 39.2841, 39.898, 40.5118, 41.1256, 41.7394, 42.3532, 42.967, 43.5808, 44.1947, 44.8085, 45.4223, 46.0361, 46.6499, 47.2637, 47.8775, 48.4914, 49.1052, 49.719, 50.3328, 50.9466, 51.5604, 52.1743, 52.7881, 53.4019, 54.0157, 54.6295, 55.2433, 55.8571, 56.471, 57.0848, 57.6986, 58.3124, 58.9262, 59.54, 60.1538, 60.7677, 61.3815, 61.9953, 62.6091, 63.2229, 63.8367, 64.4505, 65.0644, 65.6782, 66.292, 66.9058, 67.5196, 68.1334, 68.7473, 69.3611, 69.9749, 70.5887, 71.2025, 71.8163, 72.4301, 73.044, 73.6578, 74.2716, 74.8854, 75.4992, 76.113, 76.7268, 77.3407, 77.9545, 78.5683, 79.1821, 79.7959, 80.4097, 81.0235, 81.6374, 82.2512, 82.865, 83.4788, 84.0926, 84.7064, 85.3202, 85.9341, 86.5479, 87.1617, 87.7755, 88.3893, 89.0031, 89.617, 90.2308, 90.8446, 91.4584, 92.0722, 92.686, 93.2998, 93.9137, 94.5275, 95.1413, 95.7551, 96.3689, 96.9827, 97.5965, 98.2104, 98.8242, 99.438, 100.052, 100.666, 101.279, 101.893, 102.507, 103.121, 103.735, 104.349, 104.962, 105.576, 106.19, 106.804, 107.418, 108.031, 108.645, 109.259, 109.873, 110.487, 111.1, 111.714, 112.328, 112.942, 113.556, 114.17, 114.783, 115.397, 116.011, 116.625, 117.239, 117.852, 118.466, 119.08, 119.694, 120.308, 120.922, 121.535, 122.149, 122.763, 123.377, 123.991, 124.604, 125.218, 125.832, 126.446, 127.06, 127.673, 128.287, 128.901, 129.515, 130.129, 130.743, 131.356, 131.97, 132.584, 133.198, 133.812, 134.425, 135.039, 135.653, 136.267, 136.881, 137.495, 138.108, 138.722, 139.336, 139.95, 140.564, 141.177, 141.791, 142.405, 143.019, 143.633, 144.246, 144.86, 145.474, 146.088, 146.702, 147.316, 147.929, 148.543, 149.157, 149.771, 150.385, 150.998, 151.612, 152.226, 152.84, 153.454, 154.068, 154.681, 155.295, 155.909, 156.523, 157.137, 157.75, 158.364, 158.978, 159.592, 160.206, 160.819, 161.433, 162.047, 162.661, 163.275, 163.889, 164.502, 165.116, 165.73, 166.344, 166.958, 167.571, 168.185, 168.799, 169.413, 170.027, 170.64, 171.254, 171.868, 172.482, 173.096, 173.71, 174.323, 174.937, 175.551, 176.165, 176.779, 177.392, 178.006, 178.62, 179.234, 179.848, 180.462, 181.075, 181.689, 182.303, 182.917, 183.531, 184.144, 184.758, 185.372, 185.986, 186.6, 187.213, 187.827, 188.441, 189.055, 189.669, 190.283, 190.896, 191.51, 192.124, 192.738, 193.352, 193.965, 194.579, 195.193, 195.807, 196.421, 197.035, 197.648, 198.262, 198.876, 199.49, 200.104, 200.717, 201.331, 201.945, 202.559, 203.173, 203.786, 204.4, 205.014, 205.628, 206.242, 206.856, 207.469, 208.083, 208.697, 209.311, 209.925, 210.538, 211.152, 211.766, 212.38, 212.994, 213.608, 214.221, 214.835, 215.449, 216.063, 216.677, 217.29, 217.904, 218.518, 219.132, 219.746, 220.359, 220.973, 221.587, 222.201, 222.815, 223.429, 224.042, 224.656, 225.27, 225.884, 226.498, 227.111, 227.725, 228.339, 228.953, 229.567, 230.181, 230.794, 231.408, 232.022, 232.636, 233.25, 233.863, 234.477, 235.091, 235.705, 236.319, 236.932, 237.546, 238.16, 238.774, 239.388, 240.002, 240.615, 241.229, 241.843, 242.457, 243.071, 243.684, 244.298, 244.912, 245.526, 246.14, 246.754, 247.367, 247.981, 248.595, 249.209, 249.823, 250.436, 251.05, 251.664, 252.278, 252.892, 253.505, 254.119, 254.733, 255.347, 255.961, 256.575, 257.188, 257.802, 258.416, 259.03, 259.644, 260.257, 260.871, 261.485, 262.099, 262.713, 263.327, 263.94, 264.554, 265.168, 265.782, 266.396, 267.009, 267.623, 268.237, 268.851, 269.465, 270.078, 270.692, 271.306, 271.92, 272.534, 273.148, 273.761, 274.375, 274.989, 275.603, 276.217, 276.83, 277.444, 278.058, 278.672, 279.286, 279.9, 280.513, 281.127, 281.741, 282.355, 282.969, 283.582, 284.196, 284.81, 285.424, 286.038, 286.651, 287.265, 287.879, 288.493, 289.107, 289.721, 290.334, 290.948, 291.562, 292.176, 292.79, 293.403, 294.017
3.93337, 3.93436, 3.93536, 3.93637, 3.93739, 3.93842, 3.93946, 3.94051, 3.94158, 3.94266, 3.94374, 3.94484, 3.94595, 3.94708, 3.94821, 3.94936, 3.95052, 3.95169, 3.95287, 3.95407, 3.95528, 3.9565, 3.95773, 3.95898, 3.96023, 3.96151, 3.96279, 3.96409, 3.9654, 3.96673, 3.96807, 3.96942, 3.97078, 3.97216, 3.97356, 3.97497, 3.97639, 3.97783, 3.97928, 3.98074, 3.98223, 3.98372, 3.98523, 3.98676, 3.9883, 3.98986, 3.99143, 3.99302, 3.99462, 3.99624, 3.99788, 3.99953, 4.0012, 4.00289, 4.00459, 4.00631, 4.00804, 4.0098, 4.01157, 4.01336, 4.01516, 4.01699, 4.01883, 4.02069, 4.02257, 4.02447, 4.02638, 4.02832, 4.03027, 4.03225, 4.03424, 4.03625, 4.03828, 4.04034, 4.04241, 4.0445, 4.04662, 4.04875, 4.05091, 4.05309, 4.05528, 4.0575, 4.05975, 4.06201, 4.0643, 4.06661, 4.06894, 4.07129, 4.07367, 4.07608, 4.0785, 4.08095, 4.08343, 4.08592, 4.08845, 4.091, 4.09357, 4.09617, 4.0988, 4.10145, 4.10412, 4.10683, 4.10956, 4.11232, 4.11511, 4.11792, 4.12076, 4.12363, 4.12653, 4.12946, 4.13242, 4.13541, 4.13843, 4.14148, 4.14456, 4.14767, 4.15081, 4.15399, 4.15719, 4.16043, 4.16371, 4.16701, 4.17035, 4.17372, 4.17713, 4.18058, 4.18406, 4.18757, 4.19112, 4.19471, 4.19833, 4.202, 4.2057, 4.20944, 4.21322, 4.21703, 4.22089, 4.22479, 4.22873, 4.23271, 4.23674, 4.2408, 4.24491, 4.24906, 4.25326, 4.2575, 4.26179, 4.26613, 4.27051, 4.27493, 4.27941, 4.28393, 4.28851, 4.29313, 4.29781, 4.30253, 4.30731, 4.31214, 4.31702, 4.32196, 4.32695, 4.332, 4.33711, 4.34227, 4.34749, 4.35277, 4.35811, 4.36351, 4.36897, 4.3745, 4.38008, 4.38574, 4.39145, 4.39724, 4.40309, 4.40901, 4.415, 4.42106, 4.42719, 4.4334, 4.43967, 4.44603, 4.45246, 4.45896, 4.46555, 4.47222, 4.47896, 4.48579, 4.49271, 4.49971, 4.50679, 4.51397, 4.52123, 4.52859, 4.53603, 4.54358, 4.55122, 4.55895, 4.56679, 4.57473, 4.58277, 4.59091, 4.59917, 4.60753, 4.616, 4.62458, 4.63328, 4.6421, 4.65104, 4.6601, 4.66928, 4.67859, 4.68802, 4.69759, 4.70729, 4.71713, 4.72711, 4.73723, 4.7475, 4.75791, 4.76847, 4.77919, 4.79007, 4.8011, 4.81231, 4.82367, 4.83521, 4.84693, 4.85882, 4.8709, 4.88317, 4.89562, 4.90827, 4.92113, 4.93418, 4.94745, 4.96093, 4.97463, 4.98856, 5.00272, 5.01711, 5.03175, 5.04663, 5.06177, 5.07718, 5.09285, 5.10879, 5.12502, 5.14153, 5.15835, 5.17547, 5.19291, 5.21067, 5.22876, 5.24719, 5.26597, 5.28512, 5.30464, 5.32454, 5.34484, 5.36555, 5.38668, 5.40824, 5.43025, 5.45272, 5.47567, 5.49911, 5.52305, 5.54753, 5.57255, 5.59813, 5.6243, 5.65108, 5.67848, 5.70653, 5.73525, 5.76468, 5.79483, 5.82574, 5.85743, 5.88995, 5.92331, 5.95757, 5.99275, 6.0289, 6.06606, 6.10427, 6.14359, 6.18406, 6.22575, 6.26871, 6.313, 6.35869, 6.40586, 6.45458, 6.50494, 6.55703, 6.61094, 6.66679, 6.72469, 6.78477, 6.84715, 6.912, 6.97948, 7.04975, 7.12304, 7.19954, 7.2795, 7.3632, 7.45092, 7.54301, 7.63983, 7.74183, 7.84947, 7.9633, 8.08396, 8.21218, 8.34881, 8.49484, 8.65146, 8.82011, 9.00251, 9.20083, 9.41778, 9.65686, 9.92257, 10.2207, 10.5587, 10.9452, 11.3896, 11.9002, 12.4801, 13.1222, 13.8025, 14.4739, 15.0634, 15.4761, 15.6073, 15.3622, 14.6797, 13.5524, 12.0307, 10.2577, 8.36373, 6.50622, 4.81947, 3.39416, 2.26971, 1.43965, 0.865405, 0.492657, 0.265444, 0.135297, 0.0652087, 0.0297069, 0.0127875, 0.0051987, 0.0019944, 0.000720372, 0.000243061, 7.40656e-05, 1.61763e-05, 3.98998e-06, 1.10698e-06, 2.89537e-07, 7.13863e-08, 1.6591e-08, 3.63478e-09, 7.50637e-10, 1.46126e-10, 2.68148e-11, 4.6384e-12, 7.56324e-13, 1.1625e-13, 1.68433e-14, 2.30043e-15, 2.96166e-16, 3.59425e-17, 4.11177e-18, 4.43399e-19, 4.50721e-20, 4.31884e-21, 3.90097e-22, 3.32143e-23, 2.66577e-24, 2.01682e-25, 1.43833e-26, 9.6693e-28, 6.12742e-29, 3.66021e-30, 2.06101e-31, 1.09396e-32, 5.47353e-34, 2.58154e-35, 1.14772e-36, 4.80994e-38, 1.90015e-39, 7.07591e-41, 2.48383e-42, 8.21878e-44, 2.56353e-45, 7.53726e-47, 2.08898e-48, 5.45758e-50, 1.34404e-51, 3.12009e-53, 6.82761e-55, 1.40836e-56, 2.73845e-58, 5.01928e-60, 8.67204e-62, 1.41236e-63, 2.16828e-65, 3.13784e-67, 4.28045e-69, 5.50418e-71, 6.67176e-73, 7.62311e-75, 8.21048e-77, 8.33583e-79, 7.97762e-81, 7.19685e-83, 6.12005e-85, 4.90582e-87, 3.70691e-89, 2.64032e-91, 1.77274e-93, 1.12196e-95, 6.69349e-98, 3.76419e-100, 1.99542e-102, 9.97106e-105, 4.69668e-107, 2.08537e-109, 8.72812e-112, 3.4435e-114, 1.28063e-116, 4.48941e-119, 1.48354e-121, 4.62116e-124, 1.3569e-126, 3.75564e-129, 9.79863e-132, 2.40985e-134, 5.58671e-137, 1.22086e-139, 2.51488e-142, 4.88328e-145, 8.93817e-148, 1.54215e-150, 2.50813e-153, 3.84516e-156, 5.55674e-159, 7.56953e-162, 9.71986e-165, 1.1765e-167, 1.34236e-170, 1.44373e-173, 1.46367e-176, 1.39877e-179, 1.26005e-182, 1.06997e-185, 8.56445e-189, 6.46201e-192, 4.59597e-195, 3.08126e-198, 1.94725e-201, 1.15999e-204, 6.51375e-208, 3.44785e-211, 1.72031e-214, 8.09108e-218, 3.58713e-221, 1.49909e-224, 5.90544e-228, 2.19289e-231, 7.67576e-235, 2.53261e-238, 7.87689e-242, 2.30931e-245
3.93337, 3.93438, 3.93539, 3.93642, 3.93746, 3.93851, 3.93957, 3.94064, 3.94172, 3.94282, 3.94393, 3.94504, 3.94617, 3.94732, 3.94847, 3.94963, 3.95081, 3.952, 3.95321, 3.95442, 3.95565, 3.95689, 3.95814, 3.95941, 3.96069, 3.96198, 3.96328, 3.9646, 3.96593, 3.96728, 3.96864, 3.97001, 3.9714, 3.9728, 3.97422, 3.97565, 3.97709, 3.97855, 3.98002, 3.98151, 3.98301, 3.98453, 3.98606, 3.98761, 3.98917, 3.99075, 3.99235, 3.99396, 3.99559, 3.99723, 3.99889, 4.00056, 4.00226, 4.00396, 4.00569, 4.00743, 4.00919, 4.01097, 4.01277, 4.01458, 4.01641, 4.01826, 4.02013, 4.02201, 4.02392, 4.02584, 4.02778, 4.02974, 4.03172, 4.03372, 4.03574, 4.03778, 4.03984, 4.04192, 4.04402, 4.04614, 4.04828, 4.05044, 4.05262, 4.05483, 4.05705, 4.0593, 4.06157, 4.06386, 4.06618, 4.06852, 4.07088, 4.07326, 4.07567, 4.0781, 4.08056, 4.08304, 4.08554, 4.08807, 4.09063, 4.09321, 4.09581, 4.09844, 4.1011, 4.10378, 4.10649, 4.10923, 4.11199, 4.11479, 4.1176, 4.12045, 4.12333, 4.12623, 4.12917, 4.13213, 4.13512, 4.13815, 4.1412, 4.14429, 4.1474, 4.15055, 4.15373, 4.15694, 4.16018, 4.16346, 4.16677, 4.17011, 4.17349, 4.1769, 4.18035, 4.18383, 4.18735, 4.19091, 4.1945, 4.19813, 4.2018, 4.2055, 4.20924, 4.21302, 4.21685, 4.22071, 4.22461, 4.22855, 4.23253, 4.23656, 4.24063, 4.24474, 4.2489, 4.2531, 4.25734, 4.26163, 4.26596, 4.27035, 4.27478, 4.27925, 4.28378, 4.28835, 4.29298, 4.29765, 4.30238, 4.30716, 4.31199, 4.31687, 4.32181, 4.3268, 4.33185, 4.33695, 4.34212, 4.34734, 4.35261, 4.35795, 4.36335, 4.36881, 4.37433, 4.37992, 4.38557, 4.39128, 4.39707, 4.40291, 4.40883, 4.41482, 4.42087, 4.427, 4.4332, 4.43947, 4.44582, 4.45224, 4.45874, 4.46532, 4.47198, 4.47872, 4.48555, 4.49245, 4.49944, 4.50652, 4.51368, 4.52094, 4.52828, 4.53572, 4.54325, 4.55088, 4.55861, 4.56643, 4.57436, 4.58238, 4.59052, 4.59875, 4.6071, 4.61556, 4.62412, 4.63281, 4.64161, 4.65052, 4.65956, 4.66873, 4.67801, 4.68743, 4.69697, 4.70665, 4.71647, 4.72642, 4.73651, 4.74675, 4.75714, 4.76767, 4.77836, 4.78921, 4.80021, 4.81138, 4.82271, 4.83422, 4.84589, 4.85775, 4.86979, 4.88201, 4.89442, 4.90703, 4.91983, 4.93284, 4.94606, 4.95949, 4.97313, 4.98701, 5.0011, 5.01544, 5.03001, 5.04483, 5.0599, 5.07523, 5.09083, 5.1067, 5.12285, 5.13928, 5.15601, 5.17304, 5.19039, 5.20805, 5.22604, 5.24437, 5.26304, 5.28208, 5.30148, 5.32126, 5.34143, 5.36201, 5.38299, 5.40441, 5.42627, 5.44858, 5.47136, 5.49463, 5.5184, 5.54269, 5.56751, 5.59289, 5.61884, 5.64539, 5.67255, 5.70035, 5.72882, 5.75797, 5.78784, 5.81844, 5.84982, 5.882, 5.91502, 5.94891, 5.9837, 6.01944, 6.05616, 6.09392, 6.13275, 6.17271, 6.21385, 6.25623, 6.29991, 6.34496, 6.39143, 6.43942, 6.48899, 6.54025, 6.59327, 6.64816, 6.70503, 6.764, 6.8252, 6.88878, 6.95487, 7.02366, 7.09533, 7.17008, 7.24814, 7.32976, 7.41521, 7.5048, 7.59889, 7.69785, 7.80214, 7.91224, 8.02874, 8.15228, 8.28363, 8.42366, 8.57343, 8.73416, 8.90736, 9.09485, 9.29888, 9.52233, 9.7689, 10.0434, 10.3522, 10.7034, 11.1068, 11.5736, 12.1139, 12.7336, 13.4283, 14.1758, 14.9294, 15.6135, 16.1272, 16.3559, 16.1929, 15.5652, 14.4567, 12.9198, 11.0715, 9.07125, 7.08942, 5.27477, 3.73052, 2.50469, 1.5948, 0.962187, 0.549673, 0.297159, 0.15195, 0.0734612, 0.0335661, 0.0144903, 0.00590744, 0.00227267, 0.000823374, 0.000279051, 8.57259e-05, 1.94185e-05, 4.87545e-06, 1.3536e-06, 3.54255e-07, 8.73951e-08, 2.03238e-08, 4.45524e-09, 9.20627e-10, 1.79326e-10, 3.29268e-11, 5.69906e-12, 9.2983e-13, 1.43005e-13, 2.07321e-14, 2.83325e-15, 3.64982e-16, 4.43204e-17, 5.07322e-18, 5.47406e-19, 5.56778e-20, 5.33827e-21, 4.82465e-22, 4.11033e-23, 3.30091e-24, 2.49883e-25, 1.78314e-26, 1.19944e-27, 7.60538e-29, 4.54576e-30, 2.56117e-31, 1.36024e-32, 6.80988e-34, 3.21372e-35, 1.42963e-36, 5.99489e-38, 2.36966e-39, 8.8295e-41, 3.10121e-42, 1.02677e-43, 3.20447e-45, 9.42728e-47, 2.61434e-48, 6.8341e-50, 1.68401e-51, 3.91161e-53, 8.56464e-55, 1.7677e-56, 3.43915e-58, 6.30722e-60, 1.09036e-61, 1.77683e-63, 2.7294e-65, 3.95213e-67, 5.39436e-69, 6.94053e-71, 8.41763e-73, 9.62344e-75, 1.03709e-76, 1.05352e-78, 1.00882e-80, 9.10607e-83, 7.74802e-85, 6.21432e-87, 4.69829e-89, 3.34834e-91, 2.24938e-93, 1.42442e-95, 8.50274e-98, 4.78434e-100, 2.53763e-102, 1.26875e-104, 5.97956e-107, 2.65646e-109, 1.11245e-111, 4.39139e-114, 1.63405e-116, 5.73154e-119, 1.89505e-121, 5.90624e-124, 1.73518e-126, 4.8053e-129, 1.25441e-131, 3.08674e-134, 7.15983e-137, 1.56548e-139, 3.22653e-142, 6.26851e-145, 1.14798e-147, 1.98175e-150, 3.22481e-153, 4.94654e-156, 7.15221e-159, 9.74811e-162, 1.2524e-164, 1.51672e-167, 1.73146e-170, 1.8632e-173, 1.88993e-176, 1.80708e-179, 1.62872e-182, 1.38376e-185, 1.10819e-188, 8.36579e-192, 5.95309e-195, 3.99318e-198, 2.52486e-201, 1.50486e-204, 8.45464e-208, 4.4775e-211, 2.2352e-214, 1.05181e-217, 4.66552e-221, 1.95076e-224, 7.68859e-228, 2.85648e-231, 1.00036e-234, 3.30233e-238, 1.0276e-241, 3.01419e-245
209.27
176.86
 
MEASUREMENT 41
1.56305, 4.67879, 7.79453, 10.9103, 14.0312, 17.1469, 20.2679, 23.3784, 26.4796, 29.5859, 32.6913, 35.8071, 38.9228, 42.0385, 45.1595, 48.2752, 51.3909, 54.5067, 57.6224, 60.7381, 63.8435, 66.9593, 70.0698, 73.1752, 76.2806, 79.3859, 82.4913, 85.5967, 88.7021, 91.8074, 94.9128, 98.0182, 101.1, 104.148, 107.196, 110.244, 113.292, 116.339, 119.387, 122.435, 125.483, 128.531, 131.574, 134.622, 137.67, 140.718, 143.766, 146.814, 149.861, 152.909, 155.957, 159.005, 162.053, 165.101, 168.149, 171.197, 174.245, 177.293, 180.341, 183.389, 186.436, 189.484, 192.532, 195.58, 198.621, 201.655, 204.688, 207.722, 210.756, 213.794, 216.838, 219.882, 222.926, 225.97, 229.014, 232.058, 235.102, 238.145, 241.189, 244.233, 247.277, 250.321, 253.37, 256.424, 259.478, 262.532, 265.586, 268.64, 271.695, 274.749, 277.803, 280.857, 283.911, 286.97, 290.035, 293.099
3.48665, 3.49853, 3.4854, 3.6985, 3.48235, 3.52504, 3.81561, 3.81266, 3.75638, 3.80222, 3.85072, 3.93744, 3.9467, 3.98922, 3.98996, 3.99952, 4.15561, 4.19442, 4.26842, 4.31515, 3.81687, 4.26872, 4.29502, 4.27593, 4.37355, 4.38521, 4.41357, 4.403, 4.4621, 4.12058, 4.5332, 3.92741, 4.55274, 4.55934, 4.59566, 4.61706, 4.643, 4.67949, 4.72053, 4.74369, 4.76312, 4.81655, 4.87777, 4.89249, 4.94794, 5.02296, 5.0952, 5.14006, 5.18868, 5.24406, 5.35181, 5.44257, 5.54807, 5.62564, 5.73905, 6.01506, 6.10153, 6.18982, 6.43447, 6.73407, 6.9712, 7.4263, 7.88767, 8.69956, 11.0763, 12.6511, 14.2701, 12.9768, 6.67139, 1.47841, 0.104844, -0.0145657, -0.0374604, -0.0469853, -0.04151, -0.0201295, -0.0320376, -0.0231423, -0.0571143, -0.0394497, -0.0635628, -0.0700077, -0.0589681, -0.0304777, -0.0390634, -0.0502268, -0.025822, -0.0287116, -0.0274845, -0.0201285, -0.0220701, -0.0330739, -0.0499572, -0.0411756, -0.064072, -0.098891
0.1046, 0.104956, 0.104562, 0.110955, 0.10447, 0.105751, 0.114468, 0.11438, 0.112691, 0.114067, 0.115522, 0.118123, 0.118401, 0.119677, 0.119699, 0.119986, 0.124668, 0.125832, 0.128053, 0.129455, 0.114506, 0.128062, 0.128851, 0.128278, 0.131207, 0.131556, 0.132407, 0.13209, 0.133863, 0.123617, 0.135996, 0.117822, 0.136582, 0.13678, 0.13787, 0.138512, 0.13929, 0.140385, 0.141616, 0.142311, 0.142894, 0.144497, 0.146333, 0.146775, 0.148438, 0.150689, 0.152856, 0.154202, 0.155661, 0.157322, 0.160554, 0.163277, 0.166442, 0.168769, 0.172171, 0.180452, 0.183046, 0.185695, 0.193034, 0.202022, 0.209136, 0.222789, 0.23663, 0.260987, 0.332289, 0.379533, 0.428104, 0.389304, 0.200142, 0.0443524, 0.00314531, 0.000436972, 0.00112381, 0.00140956, 0.0012453, 0.000603885, 0.000961128, 0.000694268, 0.00171343, 0.00118349, 0.00190688, 0.00210023, 0.00176904, 0.000914332, 0.0011719, 0.0015068, 0.00077466, 0.000861348, 0.000824535, 0.000603856, 0.000662103, 0.000992217, 0.00149872, 0.00123527, 0.00192216, 0.00296673
0, 0.613815, 1.22763, 1.84144, 2.45526, 3.06907, 3.68289, 4.2967, 4.91052, 5.52433, 6.13815, 6.75196, 7.36578, 7.97959, 8.59341, 9.20722, 9.82104, 10.4349, 11.0487, 11.6625, 12.2763, 12.8901, 13.5039, 14.1177, 14.7316, 15.3454, 15.9592, 16.573, 17.1868, 17.8006, 18.4144, 19.0283, 19.6421, 20.2559, 20.8697, 21.4835, 22.0973, 22.7111, 23.325, 23.9388, 24.5526, 25.1664, 25.7802, 26.394, 27.0078, 27.6217, 28.2355, 28.8493, 29.4631, 30.0769, 30.6907, 31.3046, 31.9184, 32.5322, 33.146, 33.7598, 34.3736, 34.9874, 35.6013, 36.2151, 36.8289, 37.4427, 38.0565, 38.6703, 39.2841, 39.898, 40.5118, 41.1256, 41.7394, 42.3532, 42.967, 43.5808, 44.1947, 44.8085, 45.4223, 46.0361, 46.6499, 47.2637, 47.8775, 48.4914, 49.1052, 49.719, 50.3328, 50.9466, 51.5604, 52.1743, 52.7881, 53.4019, 54.0157, 54.6295, 55.2433, 55.8571, 56.471, 57.0848, 57.6986, 58.3124, 58.9262, 59.54, 60.1538, 60.7677, 61.3815, 61.9953, 62.6091, 63.2229, 63.8367, 64.4505, 65.0644, 65.6782, 66.292, 66.9058, 67.5196, 68.1334, 68.7473, 69.3611, 69.9749, 70.5887, 71.2025, 71.8163, 72.4301, 73.044, 73.6578, 74.2716, 74.8854, 75.4992, 76.113, 76.7268, 77.3407, 77.9545, 78.5683, 79.1821, 79.7959, 80.4097, 81.0235, 81.6374, 82.2512, 82.865, 83.4788, 84.0926, 84.7064, 85.3202, 85.9341, 86.5479, 87.1617, 87.7755, 88.3893, 89.0031, 89.617, 90.2308, 90.8446, 91.4584, 92.0722, 92.686, 93.2998, 93.9137, 94.5275, 95.1413, 95.7551, 96.3689, 96.9827, 97.5965, 98.2104, 98.8242, 99.438, 100.052, 100.666, 101.279, 101.893, 102.507, 103.121, 103.735, 104.349, 104.962, 105.576, 106.19, 106.804, 107.418, 108.031, 108.645, 109.259, 109.873, 110.487, 111.1, 111.714, 112.328, 112.942, 113.556, 114.17, 114.783, 115.397, 116.011, 116.625, 117.239, 117.852, 118.466, 119.08, 119.694, 120.308, 120.922, 121.535, 122.149, 122.763, 123.377, 123.991, 124.604, 125.218, 125.832, 126.446, 127.06, 127.673, 128.287, 128.901, 129.515, 130.129, 130.743, 131.356, 131.97, 132.584, 133.198, 133.812, 134.425, 135.039, 135.653, 136.267, 136.881, 137.495, 138.108, 138.722, 139.336, 139.95, 140.564, 141.177, 141.791, 142.405, 143.019, 143.633, 144.246, 144.86, 145.474, 146.088, 146.702, 147.316, 147.929, 148.543, 149.157, 149.771, 150.385, 150.998, 151.612, 152.226, 152.84, 153.454, 154.068, 154.681, 155.295, 155.909, 156.523, 157.137, 157.75, 158.364, 158.978, 159.592, 160.206, 160.819, 161.433, 162.047, 162.661, 163.275, 163.889, 164.502, 165.116, 165.73, 166.344, 166.958, 167.571, 168.185, 168.799, 169.413, 170.027, 170.64, 171.254, 171.868, 172.482, 173.096, 173.71, 174.323, 174.937, 175.551, 176.165, 176.779, 177.392, 178.006, 178.62, 179.234, 179.848, 180.462, 181.075, 181.689, 182.303, 182.917, 183.531, 184.144, 184.758, 185.372, 185.986, 186.6, 187.213, 187.827, 188.441, 189.055, 189.669, 190.283, 190.896, 191.51, 192.124, 192.738, 193.352, 193.965, 194.579, 195.193, 195.807, 196.421, 197.035, 197.648, 198.262, 198.876, 199.49, 200.104, 200.717, 201.331, 201.945, 202.559, 203.173, 203.786, 204.4, 205.014, 205.628, 206.242, 206.856, 207.469, 208.083, 208.697, 209.311, 209.925, 210.538, 211.152, 211.766, 212.38, 212.994, 213.608, 214.221, 214.835, 215.449, 216.063, 216.677, 217.29, 217.904, 218.518, 219.132, 219.746, 220.359, 220.973, 221.587, 222.201, 222.815, 223.429, 224.042, 224.656, 225.27, 225.884, 226.498, 227.111, 227.725, 228.339, 228.953, 229.567, 230.181, 230.794, 231.408, 232.022, 232.636, 233.25, 233.863, 234.477, 235.091, 235.705, 236.319, 236.932, 237.546, 238.16, 238.774, 239.388, 240.002, 240.615, 241.229, 241.843, 242.457, 243.071, 243.684, 244.298, 244.912, 245.526, 246.14, 246.754, 247.367, 247.981, 248.595, 249.209, 249.823, 250.436, 251.05, 251.664, 252.278, 252.892, 253.505, 254.119, 254.733, 255.347, 255.961, 256.575, 257.188, 257.802, 258.416, 259.03, 259.644, 260.257, 260.871, 261.485, 262.099, 262.713, 263.327, 263.94, 264.554, 265.168, 265.782, 266.396, 267.009, 267.623, 268.237, 268.851, 269.465, 270.078, 270.692, 271.306, 271.92, 272.534, 273.148, 273.761, 274.375, 274.989, 275.603, 276.217, 276.83, 277.444, 278.058, 278.672, 279.286, 279.9, 280.513, 281.127, 281.741, 282.355, 282.969, 283.582, 284.196, 284.81, 285.424, 286.038, 286.651, 287.265, 287.879, 288.493, 289.107, 289.721, 290.334, 290.948, 291.562, 292.176, 292.79, 293.403, 294.017
3.93725, 3.93824, 3.93924, 3.94025, 3.94127, 3.94231, 3.94335, 3.9444, 3.94547, 3.94655, 3.94764, 3.94874, 3.94985, 3.95097, 3.95211, 3.95326, 3.95442, 3.95559, 3.95677, 3.95797, 3.95918, 3.9604, 3.96163, 3.96288, 3.96414, 3.96541, 3.9667, 3.968, 3.96931, 3.97064, 3.97198, 3.97333, 3.9747, 3.97608, 3.97748, 3.97888, 3.98031, 3.98175, 3.9832, 3.98467, 3.98615, 3.98765, 3.98916, 3.99069, 3.99223, 3.99379, 3.99536, 3.99695, 3.99856, 4.00018, 4.00181, 4.00347, 4.00514, 4.00683, 4.00853, 4.01025, 4.01199, 4.01374, 4.01552, 4.01731, 4.01911, 4.02094, 4.02278, 4.02465, 4.02653, 4.02842, 4.03034, 4.03228, 4.03423, 4.03621, 4.0382, 4.04022, 4.04225, 4.04431, 4.04638, 4.04848, 4.05059, 4.05273, 4.05489, 4.05707, 4.05927, 4.06149, 4.06373, 4.066, 4.06829, 4.0706, 4.07293, 4.07529, 4.07767, 4.08007, 4.0825, 4.08495, 4.08743, 4.08993, 4.09246, 4.09501, 4.09758, 4.10019, 4.10281, 4.10547, 4.10815, 4.11085, 4.11359, 4.11635, 4.11914, 4.12195, 4.1248, 4.12767, 4.13057, 4.13351, 4.13647, 4.13946, 4.14248, 4.14553, 4.14861, 4.15173, 4.15487, 4.15805, 4.16126, 4.1645, 4.16778, 4.17108, 4.17443, 4.1778, 4.18121, 4.18466, 4.18814, 4.19166, 4.19521, 4.1988, 4.20243, 4.2061, 4.2098, 4.21354, 4.21733, 4.22115, 4.22501, 4.22891, 4.23285, 4.23684, 4.24086, 4.24493, 4.24905, 4.2532, 4.2574, 4.26165, 4.26594, 4.27028, 4.27466, 4.27909, 4.28357, 4.2881, 4.29268, 4.2973, 4.30198, 4.30671, 4.31149, 4.31633, 4.32121, 4.32616, 4.33115, 4.33621, 4.34131, 4.34648, 4.35171, 4.35699, 4.36233, 4.36774, 4.3732, 4.37873, 4.38433, 4.38998, 4.3957, 4.40149, 4.40735, 4.41327, 4.41927, 4.42533, 4.43147, 4.43768, 4.44396, 4.45032, 4.45675, 4.46327, 4.46986, 4.47653, 4.48328, 4.49011, 4.49703, 4.50404, 4.51113, 4.51831, 4.52558, 4.53294, 4.54039, 4.54794, 4.55559, 4.56333, 4.57117, 4.57912, 4.58716, 4.59531, 4.60357, 4.61194, 4.62042, 4.62901, 4.63772, 4.64654, 4.65548, 4.66455, 4.67374, 4.68305, 4.6925, 4.70207, 4.71178, 4.72163, 4.73161, 4.74174, 4.75201, 4.76243, 4.773, 4.78373, 4.79461, 4.80566, 4.81687, 4.82824, 4.83979, 4.85152, 4.86342, 4.87551, 4.88778, 4.90024, 4.9129, 4.92576, 4.93883, 4.95211, 4.9656, 4.97931, 4.99325, 5.00741, 5.02182, 5.03646, 5.05136, 5.06651, 5.08192, 5.0976, 5.11356, 5.12979, 5.14632, 5.16315, 5.18028, 5.19773, 5.2155, 5.2336, 5.25204, 5.27084, 5.29, 5.30953, 5.32945, 5.34976, 5.37048, 5.39162, 5.41319, 5.43521, 5.4577, 5.48066, 5.50411, 5.52807, 5.55256, 5.5776, 5.6032, 5.62938, 5.65617, 5.68358, 5.71164, 5.74038, 5.76982, 5.79999, 5.83092, 5.86263, 5.89516, 5.92854, 5.96281, 5.99801, 6.03417, 6.07135, 6.10958, 6.14891, 6.1894, 6.23111, 6.27408, 6.31839, 6.3641, 6.41128, 6.46002, 6.51039, 6.5625, 6.61643, 6.67229, 6.7302, 6.79029, 6.85269, 6.91755, 6.98504, 7.05532, 7.12861, 7.20512, 7.28509, 7.36878, 7.45651, 7.54859, 7.6454, 7.74738, 7.855, 7.9688, 8.08942, 8.21759, 8.35415, 8.5001, 8.65662, 8.82513, 9.00737, 9.20546, 9.42213, 9.66083, 9.92604, 10.2236, 10.5607, 10.9462, 11.3897, 11.8993, 12.4788, 13.1215, 13.8039, 14.4795, 15.0757, 15.4972, 15.6384, 15.403, 14.7285, 13.6056, 12.0838, 10.3066, 8.40521, 6.53848, 4.84235, 3.4088, 2.27798, 1.44358, 0.866764, 0.492733, 0.265042, 0.134832, 0.0648417, 0.029467, 0.0126496, 0.0051272, 0.00196049, 0.000705537, 0.000237033, 7.17605e-05, 1.52579e-05, 3.84986e-06, 1.06288e-06, 2.76566e-07, 6.78174e-08, 1.56715e-08, 3.41277e-09, 7.00376e-10, 1.35451e-10, 2.46866e-11, 4.24002e-12, 6.86279e-13, 1.04679e-13, 1.50469e-14, 2.03827e-15, 2.60198e-16, 3.1302e-17, 3.54868e-18, 3.79131e-19, 3.81714e-20, 3.62171e-21, 3.23829e-22, 2.72862e-23, 2.1667e-24, 1.62136e-25, 1.14337e-26, 7.59841e-28, 4.75864e-29, 2.80847e-30, 1.56201e-31, 8.18696e-33, 4.04378e-34, 1.88226e-35, 8.2565e-37, 3.41302e-38, 1.32956e-39, 4.88094e-41, 1.68859e-42, 5.50516e-44, 1.69138e-45, 4.8971e-47, 1.33617e-48, 3.43566e-50, 8.32499e-52, 1.901e-53, 4.09078e-55, 8.29576e-57, 1.58537e-58, 2.85516e-60, 4.84568e-62, 7.75004e-64, 1.1681e-65, 1.65912e-67, 2.22076e-69, 2.80124e-71, 3.32984e-73, 3.73011e-75, 3.93772e-77, 3.91734e-79, 3.67251e-81, 3.24458e-83, 2.70134e-85, 2.11945e-87, 1.56708e-89, 1.0919e-91, 7.16969e-94, 4.43651e-96, 2.58705e-98, 1.42165e-100, 7.36218e-103, 3.59288e-105, 1.65235e-107, 7.16119e-110, 2.92477e-112, 1.1257e-114, 4.08297e-117, 1.39558e-119, 4.49525e-122, 1.36451e-124, 3.90324e-127, 1.05219e-129, 2.67294e-132, 6.3989e-135, 1.44359e-137, 3.06907e-140, 6.14883e-143, 1.16091e-145, 2.06553e-148, 3.46326e-151, 5.47219e-154, 8.14816e-157, 1.14335e-159, 1.51191e-162, 1.88404e-165, 2.21248e-168, 2.44844e-171, 2.55343e-174, 2.50945e-177, 2.32411e-180, 2.02841e-183, 1.66831e-186, 1.29306e-189, 9.44465e-193, 6.50089e-196, 4.21679e-199, 2.57758e-202, 1.48479e-205, 8.06008e-209, 4.12321e-212, 1.98771e-215, 9.03007e-219, 3.86591e-222, 1.55967e-225, 5.92975e-229, 2.12452e-232, 7.17308e-236, 2.2823e-239, 6.84321e-243, 1.93361e-246
3.93725, 3.93826, 3.93928, 3.94031, 3.94135, 3.9424, 3.94346, 3.94453, 3.94561, 3.94671, 3.94782, 3.94894, 3.95007, 3.95121, 3.95237, 3.95353, 3.95471, 3.9559, 3.95711, 3.95832, 3.95955, 3.96079, 3.96205, 3.96331, 3.96459, 3.96589, 3.96719, 3.96851, 3.96985, 3.97119, 3.97255, 3.97393, 3.97531, 3.97672, 3.97813, 3.97956, 3.98101, 3.98247, 3.98394, 3.98543, 3.98694, 3.98845, 3.98999, 3.99154, 3.9931, 3.99468, 3.99628, 3.99789, 3.99952, 4.00116, 4.00282, 4.0045, 4.0062, 4.00791, 4.00963, 4.01138, 4.01314, 4.01492, 4.01672, 4.01853, 4.02036, 4.02221, 4.02408, 4.02597, 4.02787, 4.0298, 4.03174, 4.0337, 4.03568, 4.03768, 4.03971, 4.04175, 4.04381, 4.04589, 4.04799, 4.05011, 4.05225, 4.05442, 4.0566, 4.05881, 4.06104, 4.06329, 4.06556, 4.06785, 4.07017, 4.07251, 4.07487, 4.07726, 4.07967, 4.0821, 4.08456, 4.08704, 4.08955, 4.09208, 4.09464, 4.09722, 4.09983, 4.10246, 4.10512, 4.1078, 4.11052, 4.11326, 4.11602, 4.11882, 4.12164, 4.12449, 4.12737, 4.13027, 4.13321, 4.13618, 4.13917, 4.1422, 4.14525, 4.14834, 4.15146, 4.15461, 4.15779, 4.161, 4.16425, 4.16753, 4.17084, 4.17419, 4.17757, 4.18099, 4.18444, 4.18792, 4.19144, 4.195, 4.1986, 4.20223, 4.2059, 4.2096, 4.21335, 4.21713, 4.22096, 4.22482, 4.22873, 4.23267, 4.23666, 4.24069, 4.24476, 4.24888, 4.25303, 4.25724, 4.26148, 4.26578, 4.27012, 4.2745, 4.27893, 4.28342, 4.28794, 4.29252, 4.29715, 4.30183, 4.30656, 4.31134, 4.31618, 4.32106, 4.32601, 4.331, 4.33605, 4.34116, 4.34633, 4.35155, 4.35683, 4.36218, 4.36758, 4.37304, 4.37857, 4.38416, 4.38981, 4.39553, 4.40132, 4.40717, 4.41309, 4.41908, 4.42514, 4.43128, 4.43748, 4.44376, 4.45011, 4.45654, 4.46305, 4.46963, 4.4763, 4.48304, 4.48987, 4.49678, 4.50378, 4.51086, 4.51803, 4.52529, 4.53264, 4.54008, 4.54762, 4.55525, 4.56299, 4.57082, 4.57875, 4.58678, 4.59492, 4.60316, 4.61151, 4.61998, 4.62855, 4.63724, 4.64605, 4.65497, 4.66402, 4.67318, 4.68248, 4.6919, 4.70145, 4.71114, 4.72096, 4.73092, 4.74102, 4.75127, 4.76166, 4.77221, 4.7829, 4.79375, 4.80477, 4.81594, 4.82728, 4.8388, 4.85048, 4.86234, 4.87439, 4.88662, 4.89904, 4.91166, 4.92447, 4.93749, 4.95071, 4.96415, 4.97781, 4.99169, 5.0058, 5.02014, 5.03473, 5.04956, 5.06464, 5.07998, 5.09558, 5.11146, 5.12762, 5.14407, 5.16081, 5.17785, 5.1952, 5.21288, 5.23088, 5.24922, 5.26791, 5.28695, 5.30637, 5.32616, 5.34635, 5.36693, 5.38793, 5.40936, 5.43123, 5.45356, 5.47635, 5.49963, 5.52342, 5.54772, 5.57256, 5.59795, 5.62392, 5.65048, 5.67766, 5.70547, 5.73395, 5.76312, 5.793, 5.82362, 5.85502, 5.88721, 5.92025, 5.95415, 5.98896, 6.02471, 6.06145, 6.09922, 6.13807, 6.17805, 6.21921, 6.26161, 6.30531, 6.35036, 6.39686, 6.44486, 6.49445, 6.54572, 6.59875, 6.65366, 6.71055, 6.76953, 6.83075, 6.89433, 6.96044, 7.02924, 7.10092, 7.17568, 7.25374, 7.33536, 7.42081, 7.5104, 7.60448, 7.70344, 7.8077, 7.91778, 8.03425, 8.15775, 8.28904, 8.42901, 8.57869, 8.73931, 8.91237, 9.09968, 9.30347, 9.52662, 9.77279, 10.0468, 10.3549, 10.7052, 11.1075, 11.573, 12.1122, 12.7312, 13.4262, 14.1756, 14.9334, 15.6243, 16.1472, 16.3866, 16.2344, 15.6156, 14.5124, 12.9764, 11.1242, 9.11629, 7.12473, 5.30002, 3.74681, 2.51399, 1.59929, 0.963786, 0.549815, 0.296743, 0.151445, 0.0730571, 0.0332996, 0.0143361, 0.00582708, 0.00223439, 0.000806563, 0.000272194, 8.30979e-05, 1.83711e-05, 4.70445e-06, 1.29974e-06, 3.38402e-07, 8.30304e-08, 1.91985e-08, 4.18337e-09, 8.59038e-10, 1.66236e-10, 3.03156e-11, 5.20995e-12, 8.43778e-13, 1.2878e-13, 1.85225e-14, 2.51058e-15, 3.20684e-16, 3.86017e-17, 4.37887e-18, 4.68106e-19, 4.71578e-20, 4.47702e-21, 4.00545e-22, 3.37707e-23, 2.68321e-24, 2.00908e-25, 1.41763e-26, 9.42665e-28, 5.90714e-29, 3.48837e-30, 1.94131e-31, 1.0181e-32, 5.03171e-34, 2.3435e-35, 1.02858e-36, 4.25442e-38, 1.65831e-39, 6.09141e-41, 2.1086e-42, 6.87856e-44, 2.11458e-45, 6.12601e-47, 1.67246e-48, 4.30288e-50, 1.04325e-51, 2.38364e-53, 5.13238e-55, 1.04141e-56, 1.99136e-58, 3.58841e-60, 6.09367e-62, 9.7517e-64, 1.47064e-65, 2.09005e-67, 2.79919e-69, 3.5329e-71, 4.20199e-73, 4.7098e-75, 4.97479e-77, 4.95189e-79, 4.64505e-81, 4.10615e-83, 3.4206e-85, 2.68531e-87, 1.98659e-89, 1.38499e-91, 9.09935e-94, 5.63374e-96, 3.28705e-98, 1.80734e-100, 9.36473e-103, 4.57272e-105, 2.10416e-107, 9.12439e-110, 3.72866e-112, 1.4359e-114, 5.21099e-117, 1.78212e-119, 5.74353e-122, 1.74439e-124, 4.99263e-127, 1.3466e-129, 3.42271e-132, 8.1983e-135, 1.85055e-137, 3.9364e-140, 7.8908e-143, 1.49061e-145, 2.65357e-148, 4.45163e-151, 7.03768e-154, 1.04848e-156, 1.47203e-159, 1.94757e-162, 2.42823e-165, 2.85306e-168, 3.15902e-171, 3.29622e-174, 3.24116e-177, 3.00336e-180, 2.62262e-183, 2.15817e-186, 1.67362e-189, 1.22307e-192, 8.42294e-196, 5.46637e-199, 3.34314e-202, 1.92678e-205, 1.04648e-208, 5.35613e-212, 2.5834e-215, 1.17423e-218, 5.02962e-222, 2.0302e-225, 7.72259e-229, 2.76826e-232, 9.35132e-236, 2.97687e-239, 8.9303e-243, 2.5246e-246
209.28
176.86
 
MEASUREMENT 42
1.56305, 4.67879, 7.79453, 10.9103, 14.0312, 17.1469, 20.2679, 23.3784, 26.4796, 29.5859, 32.6913, 35.8071, 38.9228, 42.0385, 45.1595, 48.2752, 51.3909, 54.5067, 57.6224, 60.7381, 63.8435, 66.9593, 70.0698, 73.1752, 76.2806, 79.3859, 82.4913, 85.5967, 88.7021, 91.8074, 94.9128, 98.0182, 101.1, 104.148, 107.196, 110.244, 113.292, 116.339, 119.387, 122.435, 125.483, 128.531, 131.574, 134.622, 137.67, 140.718, 143.766, 146.814, 149.861, 152.909, 155.957, 159.005, 162.053, 165.101, 168.149, 171.197, 174.245, 177.293, 180.341, 183.389, 186.436, 189.484, 192.532, 195.58, 198.621, 201.655, 204.688, 207.722, 210.756, 213.794, 216.838, 219.882, 222.926, 225.97, 229.014, 232.058, 235.102, 238.145, 241.189, 244.233, 247.277, 250.321, 253.37, 256.424, 259.478, 262.532, 265.586, 268.64, 271.695, 274.749, 277.803, 280.857, 283.911, 286.97, 290.035, 293.099
3.47971, 3.49589, 3.48714, 3.6994, 3.48151, 3.5234, 3.81157, 3.81075, 3.75279, 3.79679, 3.84995, 3.93938, 3.94285, 3.98533, 3.98633, 3.99125, 4.15301, 4.191, 4.26402, 4.31677, 3.81466, 4.26417, 4.28883, 4.27195, 4.36779, 4.38369, 4.41042, 4.40215, 4.45919, 4.11856, 4.52703, 3.92299, 4.548, 4.5454, 4.5876, 4.61342, 4.63584, 4.67505, 4.71864, 4.73877, 4.75674, 4.81393, 4.87234, 4.8849, 4.93938, 5.01667, 5.09023, 5.13416, 5.18594, 5.23968, 5.34432, 5.43659, 5.54557, 5.61715, 5.73437, 6.00328, 6.09799, 6.18397, 6.4269, 6.72565, 6.96616, 7.41678, 7.83935, 8.67885, 11.0629, 12.6359, 14.2577, 12.961, 6.66081, 1.47636, 0.104524, -0.0216367, -0.0354671, -0.0444882, -0.0437666, -0.0208033, -0.0295778, -0.0243757, -0.0608913, -0.0392111, -0.0624549, -0.0723107, -0.0641351, -0.0329541, -0.0385278, -0.0503259, -0.0258858, -0.0293365, -0.0261606, -0.0193507, -0.0229821, -0.0336428, -0.053177, -0.03935, -0.0636038, -0.10074
0.104391, 0.104877, 0.104614, 0.110982, 0.104445, 0.105702, 0.114347, 0.114322, 0.112584, 0.113904, 0.115498, 0.118181, 0.118285, 0.11956, 0.11959, 0.119738, 0.12459, 0.12573, 0.127921, 0.129503, 0.11444, 0.127925, 0.128665, 0.128158, 0.131034, 0.131511, 0.132313, 0.132064, 0.133776, 0.123557, 0.135811, 0.11769, 0.13644, 0.136362, 0.137628, 0.138403, 0.139075, 0.140252, 0.141559, 0.142163, 0.142702, 0.144418, 0.14617, 0.146547, 0.148181, 0.1505, 0.152707, 0.154025, 0.155578, 0.15719, 0.16033, 0.163098, 0.166367, 0.168515, 0.172031, 0.180098, 0.18294, 0.185519, 0.192807, 0.20177, 0.208985, 0.222503, 0.23518, 0.260366, 0.331886, 0.379076, 0.42773, 0.38883, 0.199824, 0.0442907, 0.00313572, 0.000649102, 0.00106401, 0.00133465, 0.001313, 0.000624099, 0.000887333, 0.00073127, 0.00182674, 0.00117633, 0.00187365, 0.00216932, 0.00192405, 0.000988624, 0.00115583, 0.00150978, 0.000776574, 0.000880096, 0.000784819, 0.000580521, 0.000689462, 0.00100928, 0.00159531, 0.0011805, 0.00190811, 0.0030222
0, 0.613815, 1.22763, 1.84144, 2.45526, 3.06907, 3.68289, 4.2967, 4.91052, 5.52433, 6.13815, 6.75196, 7.36578, 7.97959, 8.59341, 9.20722, 9.82104, 10.4349, 11.0487, 11.6625, 12.2763, 12.8901, 13.5039, 14.1177, 14.7316, 15.3454, 15.9592, 16.573, 17.1868, 17.8006, 18.4144, 19.0283, 19.6421, 20.2559, 20.8697, 21.4835, 22.0973, 22.7111, 23.325, 23.9388, 24.5526, 25.1664, 25.7802, 26.394, 27.0078, 27.6217, 28.2355, 28.8493, 29.4631, 30.0769, 30.6907, 31.3046, 31.9184, 32.5322, 33.146, 33.7598, 34.3736, 34.9874, 35.6013, 36.2151, 36.8289, 37.4427, 38.0565, 38.6703, 39.2841, 39.898, 40.5118, 41.1256, 41.7394, 42.3532, 42.967, 43.5808, 44.1947, 44.8085, 45.4223, 46.0361, 46.6499, 47.2637, 47.8775, 48.4914, 49.1052, 49.719, 50.3328, 50.9466, 51.5604, 52.1743, 52.7881, 53.4019, 54.0157, 54.6295, 55.2433, 55.8571, 56.471, 57.0848, 57.6986, 58.3124, 58.9262, 59.54, 60.1538, 60.7677, 61.3815, 61.9953, 62.6091, 63.2229, 63.8367, 64.4505, 65.0644, 65.6782, 66.292, 66.9058, 67.5196, 68.1334, 68.7473, 69.3611, 69.9749, 70.5887, 71.2025, 71.8163, 72.4301, 73.044, 73.6578, 74.2716, 74.8854, 75.4992, 76.113, 76.7268, 77.3407, 77.9545, 78.5683, 79.1821, 79.7959, 80.4097, 81.0235, 81.6374, 82.2512, 82.865, 83.4788, 84.0926, 84.7064, 85.3202, 85.9341, 86.5479, 87.1617, 87.7755, 88.3893, 89.0031, 89.617, 90.2308, 90.8446, 91.4584, 92.0722, 92.686, 93.2998, 93.9137, 94.5275, 95.1413, 95.7551, 96.3689, 96.9827, 97.5965, 98.2104, 98.8242, 99.438, 100.052, 100.666, 101.279, 101.893, 102.507, 103.121, 103.735, 104.349, 104.962, 105.576, 106.19, 106.804, 107.418, 108.031, 108.645, 109.259, 109.873, 110.487, 111.1, 111.714, 112.328, 112.942, 113.556, 114.17, 114.783, 115.397, 116.011, 116.625, 117.239, 117.852, 118.466, 119.08, 119.694, 120.308, 120.922, 121.535, 122.149, 122.763, 123.377, 123.991, 124.604, 125.218, 125.832, 126.446, 127.06, 127.673, 128.287, 128.901, 129.515, 130.129, 130.743, 131.356, 131.97, 132.584, 133.198, 133.812, 134.425, 135.039, 135.653, 136.267, 136.881, 137.495, 138.108, 138.722, 139.336, 139.95, 140.564, 141.177, 141.791, 142.405, 143.019, 143.633, 144.246, 144.86, 145.474, 146.088, 146.702, 147.316, 147.929, 148.543, 149.157, 149.771, 150.385, 150.998, 151.612, 152.226, 152.84, 153.454, 154.068, 154.681, 155.295, 155.909, 156.523, 157.137, 157.75, 158.364, 158.978, 159.592, 160.206, 160.819, 161.433, 162.047, 162.661, 163.275, 163.889, 164.502, 165.116, 165.73, 166.344, 166.958, 167.571, 168.185, 168.799, 169.413, 170.027, 170.64, 171.254, 171.868, 172.482, 173.096, 173.71, 174.323, 174.937, 175.551, 176.165, 176.779, 177.392, 178.006, 178.62, 179.234, 179.848, 180.462, 181.075, 181.689, 182.303, 182.917, 183.531, 184.144, 184.758, 185.372, 185.986, 186.6, 187.213, 187.827, 188.441, 189.055, 189.669, 190.283, 190.896, 191.51, 192.124, 192.738, 193.352, 193.965, 194.579, 195.193, 195.807, 196.421, 197.035, 197.648, 198.262, 198.876, 199.49, 200.104, 200.717, 201.331, 201.945, 202.559, 203.173, 203.786, 204.4, 205.014, 205.628, 206.242, 206.856, 207.469, 208.083, 208.697, 209.311, 209.925, 210.538, 211.152, 211.766, 212.38, 212.994, 213.608, 214.221, 214.835, 215.449, 216.063, 216.677, 217.29, 217.904, 218.518, 219.132, 219.746, 220.359, 220.973, 221.587, 222.201, 222.815, 223.429, 224.042, 224.656, 225.27, 225.884, 226.498, 227.111, 227.725, 228.339, 228.953, 229.567, 230.181, 230.794, 231.408, 232.022, 232.636, 233.25, 233.863, 234.477, 235.091, 235.705, 236.319, 236.932, 237.546, 238.16, 238.774, 239.388, 240.002, 240.615, 241.229, 241.843, 242.457, 243.071, 243.684, 244.298, 244.912, 245.526, 246.14, 246.754, 247.367, 247.981, 248.595, 249.209, 249.823, 250.436, 251.05, 251.664, 252.278, 252.892, 253.505, 254.119, 254.733, 255.347, 255.961, 256.575, 257.188, 257.802, 258.416, 259.03, 259.644, 260.257, 260.871, 261.485, 262.099, 262.713, 263.327, 263.94, 264.554, 265.168, 265.782, 266.396, 267.009, 267.623, 268.237, 268.851, 269.465, 270.078, 270.692, 271.306, 271.92, 272.534, 273.148, 273.761, 274.375, 274.989, 275.603, 276.217, 276.83, 277.444, 278.058, 278.672, 279.286, 279.9, 280.513, 281.127, 281.741, 282.355, 282.969, 283.582, 284.196, 284.81, 285.424, 286.038, 286.651, 287.265, 287.879, 288.493, 289.107, 289.721, 290.334, 290.948, 291.562, 292.176, 292.79, 293.403, 294.017
3.93353, 3.93452, 3.93552, 3.93653, 3.93755, 3.93859, 3.93963, 3.94069, 3.94175, 3.94283, 3.94392, 3.94502, 3.94613, 3.94726, 3.94839, 3.94954, 3.9507, 3.95187, 3.95306, 3.95426, 3.95546, 3.95669, 3.95792, 3.95917, 3.96043, 3.9617, 3.96299, 3.96429, 3.9656, 3.96693, 3.96827, 3.96962, 3.97099, 3.97237, 3.97377, 3.97518, 3.9766, 3.97804, 3.9795, 3.98096, 3.98245, 3.98394, 3.98546, 3.98698, 3.98853, 3.99009, 3.99166, 3.99325, 3.99486, 3.99648, 3.99812, 3.99977, 4.00144, 4.00313, 4.00483, 4.00656, 4.00829, 4.01005, 4.01182, 4.01361, 4.01542, 4.01725, 4.01909, 4.02095, 4.02284, 4.02474, 4.02665, 4.02859, 4.03055, 4.03252, 4.03452, 4.03653, 4.03857, 4.04062, 4.0427, 4.04479, 4.04691, 4.04905, 4.05121, 4.05339, 4.05559, 4.05781, 4.06005, 4.06232, 4.06461, 4.06692, 4.06926, 4.07162, 4.074, 4.0764, 4.07883, 4.08128, 4.08376, 4.08626, 4.08879, 4.09134, 4.09392, 4.09652, 4.09915, 4.1018, 4.10448, 4.10719, 4.10992, 4.11269, 4.11548, 4.11829, 4.12114, 4.12401, 4.12692, 4.12985, 4.13281, 4.1358, 4.13883, 4.14188, 4.14496, 4.14808, 4.15122, 4.1544, 4.15761, 4.16086, 4.16413, 4.16744, 4.17078, 4.17416, 4.17758, 4.18102, 4.18451, 4.18802, 4.19158, 4.19517, 4.1988, 4.20247, 4.20617, 4.20992, 4.2137, 4.21752, 4.22139, 4.22529, 4.22923, 4.23322, 4.23725, 4.24132, 4.24543, 4.24959, 4.25379, 4.25804, 4.26234, 4.26667, 4.27106, 4.27549, 4.27998, 4.28451, 4.28908, 4.29371, 4.29839, 4.30313, 4.30791, 4.31275, 4.31764, 4.32258, 4.32758, 4.33263, 4.33775, 4.34291, 4.34814, 4.35343, 4.35878, 4.36418, 4.36965, 4.37518, 4.38078, 4.38644, 4.39216, 4.39796, 4.40382, 4.40974, 4.41574, 4.42181, 4.42795, 4.43416, 4.44045, 4.44681, 4.45325, 4.45977, 4.46636, 4.47304, 4.47979, 4.48663, 4.49356, 4.50057, 4.50766, 4.51485, 4.52212, 4.52949, 4.53695, 4.5445, 4.55215, 4.5599, 4.56775, 4.5757, 4.58375, 4.59191, 4.60017, 4.60855, 4.61703, 4.62563, 4.63434, 4.64317, 4.65212, 4.6612, 4.67039, 4.67972, 4.68917, 4.69875, 4.70847, 4.71833, 4.72832, 4.73846, 4.74874, 4.75917, 4.76975, 4.78049, 4.79138, 4.80244, 4.81366, 4.82505, 4.83661, 4.84835, 4.86026, 4.87236, 4.88465, 4.89713, 4.9098, 4.92268, 4.93576, 4.94905, 4.96256, 4.97629, 4.99024, 5.00443, 5.01885, 5.03352, 5.04843, 5.0636, 5.07904, 5.09474, 5.11072, 5.12698, 5.14353, 5.16038, 5.17754, 5.19501, 5.21281, 5.23094, 5.24942, 5.26824, 5.28743, 5.307, 5.32695, 5.3473, 5.36806, 5.38923, 5.41085, 5.43291, 5.45544, 5.47844, 5.50195, 5.52596, 5.5505, 5.57559, 5.60124, 5.62748, 5.65433, 5.68181, 5.70994, 5.73875, 5.76826, 5.79851, 5.82951, 5.8613, 5.89392, 5.9274, 5.96176, 5.99706, 6.03334, 6.07062, 6.10897, 6.14843, 6.18906, 6.2309, 6.27402, 6.31849, 6.36436, 6.41172, 6.46065, 6.51122, 6.56354, 6.6177, 6.67381, 6.73198, 6.79235, 6.85505, 6.92024, 6.98807, 7.05874, 7.13243, 7.20939, 7.28984, 7.37406, 7.46236, 7.55508, 7.65259, 7.75535, 7.86382, 7.97859, 8.1003, 8.22968, 8.36763, 8.51517, 8.67353, 8.8442, 9.02898, 9.23014, 9.45055, 9.69387, 9.96485, 10.2695, 10.6153, 11.0108, 11.4646, 11.9834, 12.5676, 13.2064, 13.8717, 14.5127, 15.0557, 15.4081, 15.472, 15.1631, 14.4316, 13.279, 11.7624, 10.0191, 8.17345, 6.37209, 4.73894, 3.3571, 2.26262, 1.44941, 0.881752, 0.509079, 0.278778, 0.144731, 0.0712052, 0.033186, 0.0146468, 0.00611924, 0.00241834, 0.000902533, 0.000316322, 0.000101861, 2.67429e-05, 5.70282e-06, 1.65152e-06, 4.51925e-07, 1.16837e-07, 2.85379e-08, 6.58561e-09, 1.43582e-09, 2.95755e-10, 5.75565e-11, 1.05825e-11, 1.83827e-12, 3.01691e-13, 4.67782e-14, 6.85259e-15, 9.48409e-16, 1.24013e-16, 1.53203e-17, 1.78811e-18, 1.97176e-19, 2.0542e-20, 2.0219e-21, 1.88021e-22, 1.65189e-23, 1.37115e-24, 1.07528e-25, 7.96679e-27, 5.57667e-28, 3.68804e-29, 2.30434e-30, 1.36027e-31, 7.58633e-33, 3.99731e-34, 1.98991e-35, 9.35894e-37, 4.15861e-38, 1.74582e-39, 6.92434e-41, 2.59469e-42, 9.1859e-44, 3.07246e-45, 9.70909e-47, 2.89867e-48, 8.17614e-50, 2.17884e-51, 5.48568e-53, 1.30486e-54, 2.93241e-56, 6.22606e-58, 1.24891e-59, 2.36687e-61, 4.23787e-63, 7.16882e-65, 1.14571e-66, 1.72994e-68, 2.46782e-70, 3.32602e-72, 4.23509e-74, 5.09481e-76, 5.79056e-78, 6.21785e-80, 6.30794e-82, 6.04591e-84, 5.47474e-86, 4.68373e-88, 3.78571e-90, 2.89088e-92, 2.08564e-94, 1.42159e-96, 9.15459e-99, 5.56966e-101, 3.20144e-103, 1.73856e-105, 8.91987e-108, 4.32369e-110, 1.98006e-112, 8.56697e-115, 3.50189e-117, 1.3524e-119, 4.93439e-122, 1.70094e-124, 5.53948e-127, 1.70442e-129, 4.95461e-132, 1.36072e-134, 3.53064e-137, 8.65495e-140, 2.00448e-142, 4.38595e-145, 9.06677e-148, 1.77079e-150, 3.26743e-153, 5.69603e-156, 9.38131e-159, 1.45976e-161, 2.14596e-164, 2.98051e-167, 3.91096e-170, 4.84843e-173, 5.67864e-176, 6.28367e-179, 6.56912e-182, 6.48824e-185, 6.0544e-188, 5.33753e-191, 4.44564e-194, 3.49827e-197, 2.60074e-200, 1.8267e-203, 1.21216e-206, 7.59939e-210, 4.50113e-213, 2.51878e-216, 1.33162e-219, 6.65118e-223, 3.13863e-226, 1.39929e-229, 5.89382e-233, 2.34537e-236
3.93353, 3.93454, 3.93556, 3.93659, 3.93763, 3.93868, 3.93974, 3.94081, 3.9419, 3.94299, 3.9441, 3.94522, 3.94635, 3.94749, 3.94865, 3.94982, 3.951, 3.95219, 3.95339, 3.95461, 3.95584, 3.95708, 3.95833, 3.9596, 3.96088, 3.96218, 3.96348, 3.9648, 3.96614, 3.96748, 3.96884, 3.97022, 3.97161, 3.97301, 3.97443, 3.97586, 3.9773, 3.97876, 3.98024, 3.98173, 3.98323, 3.98475, 3.98629, 3.98784, 3.9894, 3.99098, 3.99258, 3.99419, 3.99582, 3.99747, 3.99913, 4.0008, 4.0025, 4.00421, 4.00594, 4.00768, 4.00944, 4.01122, 4.01302, 4.01484, 4.01667, 4.01852, 4.02039, 4.02228, 4.02418, 4.02611, 4.02805, 4.03001, 4.032, 4.034, 4.03602, 4.03806, 4.04012, 4.0422, 4.0443, 4.04643, 4.04857, 4.05073, 4.05292, 4.05513, 4.05736, 4.05961, 4.06188, 4.06418, 4.06649, 4.06883, 4.0712, 4.07359, 4.076, 4.07843, 4.08089, 4.08337, 4.08588, 4.08841, 4.09097, 4.09355, 4.09616, 4.09879, 4.10145, 4.10414, 4.10685, 4.10959, 4.11236, 4.11515, 4.11798, 4.12083, 4.12371, 4.12662, 4.12955, 4.13252, 4.13552, 4.13854, 4.1416, 4.14469, 4.14781, 4.15096, 4.15414, 4.15736, 4.1606, 4.16388, 4.1672, 4.17055, 4.17393, 4.17734, 4.1808, 4.18428, 4.18781, 4.19136, 4.19496, 4.19859, 4.20226, 4.20597, 4.20972, 4.21351, 4.21733, 4.2212, 4.2251, 4.22905, 4.23304, 4.23707, 4.24114, 4.24526, 4.24942, 4.25363, 4.25788, 4.26217, 4.26651, 4.2709, 4.27533, 4.27982, 4.28435, 4.28893, 4.29356, 4.29824, 4.30297, 4.30775, 4.31259, 4.31748, 4.32243, 4.32742, 4.33248, 4.33759, 4.34276, 4.34798, 4.35327, 4.35862, 4.36402, 4.36949, 4.37502, 4.38061, 4.38627, 4.39199, 4.39778, 4.40364, 4.40956, 4.41555, 4.42162, 4.42775, 4.43396, 4.44024, 4.4466, 4.45303, 4.45954, 4.46613, 4.4728, 4.47955, 4.48638, 4.4933, 4.5003, 4.50739, 4.51456, 4.52183, 4.52918, 4.53663, 4.54417, 4.55181, 4.55955, 4.56738, 4.57532, 4.58336, 4.5915, 4.59975, 4.60811, 4.61658, 4.62516, 4.63386, 4.64267, 4.65161, 4.66066, 4.66984, 4.67914, 4.68857, 4.69813, 4.70782, 4.71766, 4.72762, 4.73774, 4.74799, 4.75839, 4.76895, 4.77965, 4.79052, 4.80154, 4.81273, 4.82408, 4.8356, 4.8473, 4.85918, 4.87124, 4.88348, 4.89592, 4.90855, 4.92138, 4.93441, 4.94765, 4.9611, 4.97478, 4.98868, 5.0028, 5.01716, 5.03177, 5.04662, 5.06172, 5.07708, 5.09271, 5.10861, 5.12479, 5.14126, 5.15802, 5.17509, 5.19247, 5.21017, 5.22821, 5.24658, 5.26529, 5.28437, 5.30382, 5.32365, 5.34386, 5.36449, 5.38553, 5.40699, 5.42891, 5.45127, 5.47411, 5.49744, 5.52127, 5.54562, 5.57051, 5.59596, 5.62198, 5.64861, 5.67585, 5.70373, 5.73228, 5.76151, 5.79147, 5.82217, 5.85365, 5.88593, 5.91905, 5.95305, 5.98795, 6.02381, 6.06066, 6.09855, 6.13752, 6.17763, 6.21892, 6.26146, 6.30531, 6.35053, 6.3972, 6.44538, 6.49516, 6.54663, 6.59989, 6.65503, 6.71217, 6.77142, 6.83292, 6.89682, 6.96326, 7.03242, 7.10448, 7.17966, 7.25818, 7.3403, 7.42629, 7.51648, 7.61121, 7.71089, 7.81596, 7.92693, 8.04439, 8.16901, 8.30156, 8.44297, 8.5943, 8.75684, 8.93214, 9.1221, 9.3291, 9.55618, 9.80724, 10.0874, 10.4032, 10.7629, 11.1764, 11.654, 12.2043, 12.8305, 13.524, 14.258, 14.9818, 15.6182, 16.0683, 16.2246, 15.9913, 15.3079, 14.1689, 12.6321, 10.8127, 8.8625, 6.94049, 5.18391, 3.68744, 2.49501, 1.60426, 0.979455, 0.567425, 0.311749, 0.162357, 0.0801189, 0.0374492, 0.0165749, 0.00694375, 0.00275168, 0.0010299, 0.000362252, 0.000117427, 3.14841e-05, 6.97583e-06, 2.01859e-06, 5.5269e-07, 1.4297e-07, 3.49413e-08, 8.06794e-09, 1.76002e-09, 3.62744e-10, 7.06339e-11, 1.29944e-11, 2.25855e-12, 3.70878e-13, 5.75391e-14, 8.43383e-15, 1.16793e-15, 1.52804e-16, 1.8888e-17, 2.20579e-18, 2.43373e-19, 2.53694e-20, 2.49849e-21, 2.32473e-22, 2.04361e-23, 1.69727e-24, 1.33178e-25, 9.87291e-27, 6.91489e-28, 4.57567e-29, 2.86057e-30, 1.68958e-31, 9.4283e-33, 4.97069e-34, 2.47588e-35, 1.16512e-36, 5.1801e-38, 2.17588e-39, 8.63495e-41, 3.23753e-42, 1.14682e-43, 3.83799e-45, 1.21351e-46, 3.625e-48, 1.02306e-49, 2.72786e-51, 6.87181e-53, 1.63549e-54, 3.67749e-56, 7.81239e-58, 1.56799e-59, 2.97324e-61, 5.32654e-63, 9.01544e-65, 1.44164e-66, 2.17797e-68, 3.10868e-70, 4.19205e-72, 5.34077e-74, 6.42849e-76, 7.31039e-78, 7.85416e-80, 7.97233e-82, 7.64535e-84, 6.92686e-86, 5.92928e-88, 4.79507e-90, 3.66365e-92, 2.64459e-94, 1.80356e-96, 1.16206e-98, 7.07382e-101, 4.06823e-103, 2.21046e-105, 1.13471e-107, 5.5032e-110, 2.52157e-112, 1.09157e-114, 4.46437e-117, 1.72502e-119, 6.29728e-122, 2.17189e-124, 7.077e-127, 2.17864e-129, 6.33647e-132, 1.74115e-134, 4.52011e-137, 1.10863e-139, 2.56893e-142, 5.62395e-145, 1.1632e-147, 2.27298e-150, 4.19625e-153, 7.319e-156, 1.20606e-158, 1.87762e-161, 2.76168e-164, 3.83764e-167, 5.03825e-170, 6.24914e-173, 7.32294e-176, 8.10728e-179, 8.47988e-182, 8.37971e-185, 7.82335e-188, 6.90051e-191, 5.75034e-194, 4.52721e-197, 3.36738e-200, 2.36635e-203, 1.57105e-206, 9.85425e-210, 5.83959e-213, 3.26938e-216, 1.72931e-219, 8.64178e-223, 4.07998e-226, 1.81986e-229, 7.66903e-233, 3.05328e-236
209.20
176.82
 
MEASUREMENT 43
1.56305, 4.67879, 7.79453, 10.9103, 14.0312, 17.1469, 20.2679, 23.3784, 26.4796, 29.5859, 32.6913, 35.8071, 38.9228, 42.0385, 45.1595, 48.2752, 51.3909, 54.5067, 57.6224, 60.7381, 63.8435, 66.9593, 70.0698, 73.1752, 76.2806, 79.3859, 82.4913, 85.5967, 88.7021, 91.8074, 94.9128, 98.0182, 101.1, 104.148, 107.196, 110.244, 113.292, 116.339, 119.387, 122.435, 125.483, 128.531, 131.574, 134.622, 137.67, 140.718, 143.766, 146.814, 149.861, 152.909, 155.957, 159.005, 162.053, 165.101, 168.149, 171.197, 174.245, 177.293, 180.341, 183.389, 186.436, 189.484, 192.532, 195.58, 198.621, 201.655, 204.688, 207.722, 210.756, 213.794, 216.838, 219.882, 222.926, 225.97, 229.014, 232.058, 235.102, 238.145, 241.189, 244.233, 247.277, 250.321, 253.37, 256.424, 259.478, 262.532, 265.586, 268.64, 271.695, 274.749, 277.803, 280.857, 283.911, 286.97, 290.035, 293.099
3.47809, 3.49345, 3.4891, 3.69814, 3.47823, 3.52528, 3.8133, 3.80784, 3.74898, 3.80144, 3.84722, 3.93587, 3.94373, 3.98748, 3.98625, 3.99883, 4.15358, 4.19313, 4.26515, 4.30763, 3.82262, 4.2683, 4.28785, 4.27479, 4.3704, 4.38264, 4.4107, 4.40216, 4.46128, 4.11821, 4.52991, 3.93179, 4.54814, 4.55584, 4.59033, 4.6134, 4.64147, 4.66936, 4.71694, 4.74325, 4.75958, 4.81529, 4.87288, 4.88546, 4.94716, 5.01926, 5.09327, 5.13955, 5.18606, 5.23807, 5.34363, 5.44198, 5.54513, 5.62041, 5.73819, 6.00636, 6.09751, 6.18088, 6.4266, 6.72783, 6.97012, 7.42143, 7.86411, 8.67909, 11.0672, 12.6383, 14.2585, 12.9654, 6.6652, 1.47767, 0.104729, -0.0124158, -0.0347534, -0.046721, -0.0441655, -0.0218604, -0.0269258, -0.0253079, -0.0612328, -0.038712, -0.0681755, -0.0730281, -0.0623127, -0.0330773, -0.0380409, -0.0475848, -0.0273636, -0.0292145, -0.0261738, -0.0197991, -0.0221339, -0.0337498, -0.0524623, -0.041197, -0.0652755, -0.103954
0.104343, 0.104803, 0.104673, 0.110944, 0.104347, 0.105758, 0.114399, 0.114235, 0.11247, 0.114043, 0.115416, 0.118076, 0.118312, 0.119624, 0.119588, 0.119965, 0.124607, 0.125794, 0.127954, 0.129229, 0.114679, 0.128049, 0.128635, 0.128244, 0.131112, 0.131479, 0.132321, 0.132065, 0.133838, 0.123546, 0.135897, 0.117954, 0.136444, 0.136675, 0.13771, 0.138402, 0.139244, 0.140081, 0.141508, 0.142297, 0.142787, 0.144459, 0.146187, 0.146564, 0.148415, 0.150578, 0.152798, 0.154186, 0.155582, 0.157142, 0.160309, 0.163259, 0.166354, 0.168612, 0.172146, 0.180191, 0.182925, 0.185426, 0.192798, 0.201835, 0.209103, 0.222643, 0.235923, 0.260373, 0.332015, 0.379148, 0.427756, 0.388962, 0.199956, 0.04433, 0.00314186, 0.000372474, 0.0010426, 0.00140163, 0.00132496, 0.000655813, 0.000807774, 0.000759238, 0.00183698, 0.00116136, 0.00204527, 0.00219084, 0.00186938, 0.000992318, 0.00114123, 0.00142754, 0.000820908, 0.000876436, 0.000785213, 0.000593973, 0.000664017, 0.0010125, 0.00157387, 0.00123591, 0.00195826, 0.00311861
0, 0.613815, 1.22763, 1.84144, 2.45526, 3.06907, 3.68289, 4.2967, 4.91052, 5.52433, 6.13815, 6.75196, 7.36578, 7.97959, 8.59341, 9.20722, 9.82104, 10.4349, 11.0487, 11.6625, 12.2763, 12.8901, 13.5039, 14.1177, 14.7316, 15.3454, 15.9592, 16.573, 17.1868, 17.8006, 18.4144, 19.0283, 19.6421, 20.2559, 20.8697, 21.4835, 22.0973, 22.7111, 23.325, 23.9388, 24.5526, 25.1664, 25.7802, 26.394, 27.0078, 27.6217, 28.2355, 28.8493, 29.4631, 30.0769, 30.6907, 31.3046, 31.9184, 32.5322, 33.146, 33.7598, 34.3736, 34.9874, 35.6013, 36.2151, 36.8289, 37.4427, 38.0565, 38.6703, 39.2841, 39.898, 40.5118, 41.1256, 41.7394, 42.3532, 42.967, 43.5808, 44.1947, 44.8085, 45.4223, 46.0361, 46.6499, 47.2637, 47.8775, 48.4914, 49.1052, 49.719, 50.3328, 50.9466, 51.5604, 52.1743, 52.7881, 53.4019, 54.0157, 54.6295, 55.2433, 55.8571, 56.471, 57.0848, 57.6986, 58.3124, 58.9262, 59.54, 60.1538, 60.7677, 61.3815, 61.9953, 62.6091, 63.2229, 63.8367, 64.4505, 65.0644, 65.6782, 66.292, 66.9058, 67.5196, 68.1334, 68.7473, 69.3611, 69.9749, 70.5887, 71.2025, 71.8163, 72.4301, 73.044, 73.6578, 74.2716, 74.8854, 75.4992, 76.113, 76.7268, 77.3407, 77.9545, 78.5683, 79.1821, 79.7959, 80.4097, 81.0235, 81.6374, 82.2512, 82.865, 83.4788, 84.0926, 84.7064, 85.3202, 85.9341, 86.5479, 87.1617, 87.7755, 88.3893, 89.0031, 89.617, 90.2308, 90.8446, 91.4584, 92.0722, 92.686, 93.2998, 93.9137, 94.5275, 95.1413, 95.7551, 96.3689, 96.9827, 97.5965, 98.2104, 98.8242, 99.438, 100.052, 100.666, 101.279, 101.893, 102.507, 103.121, 103.735, 104.349, 104.962, 105.576, 106.19, 106.804, 107.418, 108.031, 108.645, 109.259, 109.873, 110.487, 111.1, 111.714, 112.328, 112.942, 113.556, 114.17, 114.783, 115.397, 116.011, 116.625, 117.239, 117.852, 118.466, 119.08, 119.694, 120.308, 120.922, 121.535, 122.149, 122.763, 123.377, 123.991, 124.604, 125.218, 125.832, 126.446, 127.06, 127.673, 128.287, 128.901, 129.515, 130.129, 130.743, 131.356, 131.97, 132.584, 133.198, 133.812, 134.425, 135.039, 135.653, 136.267, 136.881, 137.495, 138.108, 138.722, 139.336, 139.95, 140.564, 141.177, 141.791, 142.405, 143.019, 143.633, 144.246, 144.86, 145.474, 146.088, 146.702, 147.316, 147.929, 148.543, 149.157, 149.771, 150.385, 150.998, 151.612, 152.226, 152.84, 153.454, 154.068, 154.681, 155.295, 155.909, 156.523, 157.137, 157.75, 158.364, 158.978, 159.592, 160.206, 160.819, 161.433, 162.047, 162.661, 163.275, 163.889, 164.502, 165.116, 165.73, 166.344, 166.958, 167.571, 168.185, 168.799, 169.413, 170.027, 170.64, 171.254, 171.868, 172.482, 173.096, 173.71, 174.323, 174.937, 175.551, 176.165, 176.779, 177.392, 178.006, 178.62, 179.234, 179.848, 180.462, 181.075, 181.689, 182.303, 182.917, 183.531, 184.144, 184.758, 185.372, 185.986, 186.6, 187.213, 187.827, 188.441, 189.055, 189.669, 190.283, 190.896, 191.51, 192.124, 192.738, 193.352, 193.965, 194.579, 195.193, 195.807, 196.421, 197.035, 197.648, 198.262, 198.876, 199.49, 200.104, 200.717, 201.331, 201.945, 202.559, 203.173, 203.786, 204.4, 205.014, 205.628, 206.242, 206.856, 207.469, 208.083, 208.697, 209.311, 209.925, 210.538, 211.152, 211.766, 212.38, 212.994, 213.608, 214.221, 214.835, 215.449, 216.063, 216.677, 217.29, 217.904, 218.518, 219.132, 219.746, 220.359, 220.973, 221.587, 222.201, 222.815, 223.429, 224.042, 224.656, 225.27, 225.884, 226.498, 227.111, 227.725, 228.339, 228.953, 229.567, 230.181, 230.794, 231.408, 232.022, 232.636, 233.25, 233.863, 234.477, 235.091, 235.705, 236.319, 236.932, 237.546, 238.16, 238.774, 239.388, 240.002, 240.615, 241.229, 241.843, 242.457, 243.071, 243.684, 244.298, 244.912, 245.526, 246.14, 246.754, 247.367, 247.981, 248.595, 249.209, 249.823, 250.436, 251.05, 251.664, 252.278, 252.892, 253.505, 254.119, 254.733, 255.347, 255.961, 256.575, 257.188, 257.802, 258.416, 259.03, 259.644, 260.257, 260.871, 261.485, 262.099, 262.713, 263.327, 263.94, 264.554, 265.168, 265.782, 266.396, 267.009, 267.623, 268.237, 268.851, 269.465, 270.078, 270.692, 271.306, 271.92, 272.534, 273.148, 273.761, 274.375, 274.989, 275.603, 276.217, 276.83, 277.444, 278.058, 278.672, 279.286, 279.9, 280.513, 281.127, 281.741, 282.355, 282.969, 283.582, 284.196, 284.81, 285.424, 286.038, 286.651, 287.265, 287.879, 288.493, 289.107, 289.721, 290.334, 290.948, 291.562, 292.176, 292.79, 293.403, 294.017
3.93579, 3.93678, 3.93777, 3.93878, 3.9398, 3.94083, 3.94186, 3.94292, 3.94398, 3.94505, 3.94614, 3.94723, 3.94834, 3.94946, 3.95059, 3.95174, 3.95289, 3.95406, 3.95524, 3.95643, 3.95764, 3.95886, 3.96009, 3.96133, 3.96259, 3.96385, 3.96514, 3.96643, 3.96774, 3.96906, 3.9704, 3.97175, 3.97311, 3.97449, 3.97588, 3.97728, 3.9787, 3.98014, 3.98158, 3.98305, 3.98452, 3.98602, 3.98752, 3.98905, 3.99059, 3.99214, 3.99371, 3.99529, 3.99689, 3.99851, 4.00014, 4.00179, 4.00346, 4.00514, 4.00684, 4.00855, 4.01029, 4.01204, 4.0138, 4.01559, 4.01739, 4.01921, 4.02105, 4.02291, 4.02478, 4.02667, 4.02859, 4.03052, 4.03247, 4.03444, 4.03643, 4.03844, 4.04046, 4.04251, 4.04458, 4.04667, 4.04878, 4.05091, 4.05306, 4.05523, 4.05743, 4.05964, 4.06188, 4.06414, 4.06642, 4.06873, 4.07106, 4.07341, 4.07578, 4.07818, 4.0806, 4.08305, 4.08552, 4.08801, 4.09053, 4.09307, 4.09564, 4.09823, 4.10085, 4.1035, 4.10617, 4.10887, 4.1116, 4.11435, 4.11713, 4.11994, 4.12278, 4.12565, 4.12854, 4.13146, 4.13442, 4.1374, 4.14041, 4.14346, 4.14653, 4.14964, 4.15277, 4.15594, 4.15914, 4.16237, 4.16564, 4.16894, 4.17227, 4.17564, 4.17904, 4.18248, 4.18595, 4.18946, 4.19301, 4.19659, 4.20021, 4.20386, 4.20756, 4.21129, 4.21506, 4.21887, 4.22272, 4.22661, 4.23054, 4.23452, 4.23853, 4.24259, 4.24669, 4.25084, 4.25503, 4.25926, 4.26354, 4.26787, 4.27224, 4.27666, 4.28113, 4.28564, 4.29021, 4.29482, 4.29949, 4.3042, 4.30897, 4.31379, 4.31867, 4.3236, 4.32858, 4.33362, 4.33871, 4.34387, 4.34908, 4.35435, 4.35967, 4.36506, 4.37052, 4.37603, 4.38161, 4.38725, 4.39295, 4.39873, 4.40457, 4.41047, 4.41645, 4.4225, 4.42862, 4.43481, 4.44108, 4.44742, 4.45383, 4.46033, 4.4669, 4.47355, 4.48028, 4.4871, 4.494, 4.50098, 4.50806, 4.51522, 4.52246, 4.5298, 4.53724, 4.54476, 4.55239, 4.56011, 4.56793, 4.57585, 4.58387, 4.592, 4.60023, 4.60858, 4.61703, 4.62559, 4.63428, 4.64307, 4.65199, 4.66103, 4.67019, 4.67948, 4.68889, 4.69844, 4.70812, 4.71793, 4.72789, 4.73798, 4.74823, 4.75861, 4.76915, 4.77985, 4.7907, 4.80171, 4.81288, 4.82422, 4.83573, 4.84742, 4.85928, 4.87133, 4.88356, 4.89599, 4.90861, 4.92143, 4.93445, 4.94768, 4.96113, 4.97479, 4.98868, 5.0028, 5.01716, 5.03176, 5.0466, 5.0617, 5.07706, 5.09268, 5.10858, 5.12476, 5.14123, 5.158, 5.17507, 5.19245, 5.21016, 5.22819, 5.24657, 5.2653, 5.28439, 5.30384, 5.32369, 5.34392, 5.36456, 5.38562, 5.40711, 5.42904, 5.45144, 5.47431, 5.49767, 5.52153, 5.54592, 5.57085, 5.59634, 5.62242, 5.64909, 5.67639, 5.70433, 5.73295, 5.76226, 5.79229, 5.82308, 5.85464, 5.88702, 5.92025, 5.95436, 5.98939, 6.02538, 6.06237, 6.10042, 6.13955, 6.17984, 6.22133, 6.26408, 6.30815, 6.35361, 6.40054, 6.44901, 6.4991, 6.5509, 6.60452, 6.66005, 6.71761, 6.77733, 6.83934, 6.90378, 6.97082, 7.04064, 7.11342, 7.1894, 7.26879, 7.35186, 7.43892, 7.53028, 7.62632, 7.72745, 7.83414, 7.94693, 8.06644, 8.19337, 8.32856, 8.47298, 8.62777, 8.79431, 8.97428, 9.16974, 9.38328, 9.61824, 9.87891, 10.1708, 10.5012, 10.8785, 11.3126, 11.8122, 12.3823, 13.0184, 13.6997, 14.3824, 14.9957, 15.4446, 15.6209, 15.4236, 14.7835, 13.6855, 12.1758, 10.3934, 8.47756, 6.58998, 4.87212, 3.42024, 2.27675, 1.43554, 0.856579, 0.48333, 0.257736, 0.129819, 0.0617357, 0.0277077, 0.0117317, 0.00468384, 0.0017616, 0.000622438, 0.000204589, 5.98114e-05, 1.0948e-05, 3.1356e-06, 8.45137e-07, 2.14399e-07, 5.11877e-08, 1.15016e-08, 2.43221e-09, 4.84053e-10, 9.06636e-11, 1.59817e-11, 2.65131e-12, 4.1395e-13, 6.08253e-14, 8.41142e-15, 1.09472e-15, 1.34087e-16, 1.54567e-17, 1.67686e-18, 1.71208e-19, 1.64513e-20, 1.48773e-21, 1.26619e-22, 1.01419e-23, 7.64521e-25, 5.42384e-26, 3.62137e-27, 2.27555e-28, 1.3457e-29, 7.4896e-31, 3.92298e-32, 1.93384e-33, 8.9717e-35, 3.9172e-36, 1.60962e-37, 6.22472e-39, 2.2655e-40, 7.75986e-42, 2.50145e-43, 7.58888e-45, 2.16676e-46, 5.82224e-48, 1.47237e-49, 3.50422e-51, 7.84896e-53, 1.65455e-54, 3.28242e-56, 6.12853e-58, 1.07687e-59, 1.78082e-61, 2.77154e-63, 4.05947e-65, 5.59582e-67, 7.25946e-69, 8.86323e-71, 1.01842e-72, 1.1013e-74, 1.12081e-76, 1.0735e-78, 9.67656e-81, 8.2089e-83, 6.55383e-85, 4.92437e-87, 3.48219e-89, 2.31739e-91, 1.45142e-93, 8.55521e-96, 4.74586e-98, 2.47767e-100, 1.21736e-102, 5.6291e-105, 2.44965e-107, 1.00326e-109, 3.86697e-112, 1.40272e-114, 4.7887e-117, 1.53854e-119, 4.65204e-122, 1.32381e-124, 3.54527e-127, 8.93551e-130, 2.1195e-132, 4.73144e-135, 9.94024e-138, 1.96537e-140, 3.6571e-143, 6.40434e-146, 1.05549e-148, 1.63712e-151, 2.38974e-154, 3.28294e-157, 4.24445e-160, 5.16443e-163, 5.91382e-166, 6.37319e-169, 6.46383e-172, 6.16974e-175, 5.54227e-178, 4.68545e-181, 3.72786e-184, 2.79132e-187, 1.967e-190, 1.3045e-193, 8.14186e-197, 4.78243e-200, 2.64372e-203, 1.37539e-206, 6.73412e-210, 3.10297e-213, 1.34561e-216, 5.49162e-220, 2.10924e-223, 7.62421e-227, 2.59362e-230, 8.30347e-234, 2.50182e-237, 7.09407e-241, 1.89312e-244, 4.75446e-248, 1.12375e-251
3.93579, 3.9368, 3.93781, 3.93884, 3.93988, 3.94093, 3.94199, 3.94306, 3.94414, 3.94524, 3.94634, 3.94746, 3.94859, 3.94973, 3.95088, 3.95205, 3.95323, 3.95442, 3.95562, 3.95683, 3.95806, 3.9593, 3.96055, 3.96182, 3.9631, 3.96439, 3.96569, 3.96701, 3.96834, 3.96969, 3.97105, 3.97242, 3.97381, 3.97521, 3.97662, 3.97805, 3.97949, 3.98095, 3.98242, 3.98391, 3.98541, 3.98693, 3.98846, 3.99001, 3.99157, 3.99315, 3.99475, 3.99636, 3.99798, 3.99963, 4.00128, 4.00296, 4.00465, 4.00636, 4.00808, 4.00983, 4.01159, 4.01336, 4.01516, 4.01697, 4.0188, 4.02065, 4.02252, 4.0244, 4.0263, 4.02823, 4.03017, 4.03213, 4.03411, 4.0361, 4.03812, 4.04016, 4.04222, 4.0443, 4.0464, 4.04852, 4.05066, 4.05282, 4.055, 4.0572, 4.05943, 4.06168, 4.06395, 4.06624, 4.06855, 4.07089, 4.07325, 4.07563, 4.07804, 4.08047, 4.08293, 4.08541, 4.08791, 4.09044, 4.09299, 4.09557, 4.09817, 4.1008, 4.10346, 4.10614, 4.10885, 4.11159, 4.11435, 4.11714, 4.11996, 4.12281, 4.12568, 4.12859, 4.13152, 4.13448, 4.13747, 4.14049, 4.14355, 4.14663, 4.14975, 4.15289, 4.15607, 4.15928, 4.16252, 4.1658, 4.16911, 4.17245, 4.17583, 4.17924, 4.18268, 4.18616, 4.18968, 4.19324, 4.19683, 4.20045, 4.20412, 4.20782, 4.21156, 4.21534, 4.21916, 4.22302, 4.22692, 4.23086, 4.23484, 4.23887, 4.24293, 4.24704, 4.2512, 4.2554, 4.25964, 4.26393, 4.26826, 4.27264, 4.27707, 4.28154, 4.28607, 4.29064, 4.29526, 4.29993, 4.30466, 4.30943, 4.31426, 4.31914, 4.32408, 4.32907, 4.33411, 4.33922, 4.34438, 4.34959, 4.35487, 4.3602, 4.3656, 4.37106, 4.37658, 4.38216, 4.38781, 4.39352, 4.3993, 4.40514, 4.41105, 4.41704, 4.42309, 4.42921, 4.43541, 4.44168, 4.44802, 4.45444, 4.46094, 4.46752, 4.47417, 4.48091, 4.48773, 4.49463, 4.50161, 4.50869, 4.51585, 4.5231, 4.53044, 4.53787, 4.5454, 4.55302, 4.56074, 4.56856, 4.57648, 4.5845, 4.59263, 4.60086, 4.6092, 4.61765, 4.62621, 4.63489, 4.64368, 4.65259, 4.66163, 4.67078, 4.68006, 4.68947, 4.69901, 4.70868, 4.71849, 4.72843, 4.73852, 4.74875, 4.75912, 4.76965, 4.78033, 4.79116, 4.80216, 4.81332, 4.82464, 4.83613, 4.8478, 4.85964, 4.87167, 4.88388, 4.89628, 4.90888, 4.92167, 4.93466, 4.94787, 4.96128, 4.97492, 4.98877, 5.00286, 5.01717, 5.03173, 5.04654, 5.06159, 5.0769, 5.09248, 5.10833, 5.12446, 5.14087, 5.15758, 5.17459, 5.19192, 5.20956, 5.22752, 5.24583, 5.26448, 5.28349, 5.30286, 5.32261, 5.34276, 5.3633, 5.38426, 5.40564, 5.42747, 5.44974, 5.47249, 5.49572, 5.51945, 5.5437, 5.56848, 5.59381, 5.61972, 5.64622, 5.67334, 5.70109, 5.7295, 5.75859, 5.7884, 5.81895, 5.85026, 5.88237, 5.91532, 5.94913, 5.98385, 6.0195, 6.05614, 6.09381, 6.13255, 6.17241, 6.21344, 6.25571, 6.29928, 6.34419, 6.39054, 6.43839, 6.48781, 6.53891, 6.59176, 6.64647, 6.70315, 6.76192, 6.8229, 6.88624, 6.95209, 7.02061, 7.09198, 7.16642, 7.24413, 7.32538, 7.41042, 7.49957, 7.59317, 7.6916, 7.7953, 7.90475, 8.02052, 8.14324, 8.27367, 8.41267, 8.56125, 8.72062, 8.89222, 9.07784, 9.27962, 9.50035, 9.74357, 10.0139, 10.3174, 10.662, 11.0575, 11.5153, 12.0466, 12.6592, 13.3517, 14.1058, 14.8785, 15.5968, 16.1591, 16.4468, 16.3449, 15.7702, 14.6968, 13.1712, 11.3093, 9.27518, 7.24777, 5.38518, 3.79837, 2.53989, 1.60836, 0.963635, 0.545869, 0.292177, 0.147695, 0.0704786, 0.0317365, 0.0134806, 0.00539893, 0.00203693, 0.000722206, 0.000238621, 7.05187e-05, 1.36807e-05, 3.91222e-06, 1.05526e-06, 2.67882e-07, 6.39998e-08, 1.43901e-08, 3.04506e-09, 6.06426e-10, 1.1366e-10, 2.00488e-11, 3.32826e-12, 5.1999e-13, 7.64577e-14, 1.05803e-14, 1.37791e-15, 1.68885e-16, 1.94811e-17, 2.11486e-18, 2.16072e-19, 2.07761e-20, 1.88009e-21, 1.60118e-22, 1.28336e-23, 9.68073e-25, 6.87249e-26, 4.59164e-27, 2.88715e-28, 1.70851e-29, 9.51514e-31, 4.98723e-32, 2.46009e-33, 1.14207e-34, 4.98974e-36, 2.05169e-37, 7.9395e-39, 2.89149e-40, 9.91053e-42, 3.19683e-43, 9.70485e-45, 2.77271e-46, 7.45536e-48, 1.88659e-49, 4.49298e-51, 1.00702e-52, 2.12416e-54, 4.21681e-56, 7.87818e-58, 1.38521e-59, 2.29219e-61, 3.5697e-63, 5.23189e-65, 7.21659e-67, 9.36809e-69, 1.1445e-70, 1.31591e-72, 1.42391e-74, 1.45006e-76, 1.38974e-78, 1.25351e-80, 1.06406e-82, 8.50064e-85, 6.39119e-87, 4.52227e-89, 3.01146e-91, 1.88731e-93, 1.11315e-95, 6.17886e-98, 3.22781e-100, 1.58692e-102, 7.3425e-105, 3.19727e-107, 1.31026e-109, 5.05338e-112, 1.83422e-114, 6.26561e-117, 2.01429e-119, 6.09428e-122, 1.73528e-124, 4.65006e-127, 1.17272e-129, 2.78337e-132, 6.21718e-135, 1.30695e-137, 2.58565e-140, 4.8142e-143, 8.43571e-146, 1.39112e-148, 2.15898e-151, 3.15338e-154, 4.3346e-157, 5.60743e-160, 6.82689e-163, 7.82213e-166, 8.43471e-169, 8.5597e-172, 8.17505e-175, 7.34793e-178, 6.21559e-181, 4.94815e-184, 3.7072e-187, 2.61392e-190, 1.73453e-193, 1.08321e-196, 6.36631e-200, 3.52131e-203, 1.83301e-206, 8.97979e-210, 4.1401e-213, 1.79638e-216, 7.33544e-220, 2.81901e-223, 1.01955e-226, 3.47029e-230, 1.11164e-233, 3.35122e-237, 9.5079e-241, 2.53868e-244, 6.3793e-248, 1.50862e-251
209.33
176.89
 
MEASUREMENT 44
1.56305, 4.67879, 7.79453, 10.9103, 14.0312, 17.1469, 20.2679, 23.3784, 26.4796, 29.5859, 32.6913, 35.8071, 38.9228, 42.0385, 45.1595, 48.2752, 51.3909, 54.5067, 57.6224, 60.7381, 63.8435, 66.9593, 70.0698, 73.1752, 76.2806, 79.3859, 82.4913, 85.5967, 88.7021, 91.8074, 94.9128, 98.0182, 101.1, 104.148, 107.196, 110.244, 113.292, 116.339, 119.387, 122.435, 125.483, 128.531, 131.574, 134.622, 137.67, 140.718, 143.766, 146.814, 149.861, 152.909, 155.957, 159.005, 162.053, 165.101, 168.149, 171.197, 174.245, 177.293, 180.341, 183.389, 186.436, 189.484, 192.532, 195.58, 198.621, 201.655, 204.688, 207.722, 210.756, 213.794, 216.838, 219.882, 222.926, 225.97, 229.014, 232.058, 235.102, 238.145, 241.189, 244.233, 247.277, 250.321, 253.37, 256.424, 259.478, 262.532, 265.586, 268.64, 271.695, 274.749, 277.803, 280.857, 283.911, 286.97, 290.035, 293.099
3.4813, 3.49807, 3.48565, 3.69849, 3.48853, 3.5238, 3.8145, 3.81054, 3.75516, 3.79556, 3.85059, 3.93625, 3.9447, 3.9898, 4.00615, 3.99509, 4.15665, 4.18784, 4.2679, 4.30538, 3.82021, 4.26592, 4.29042, 4.27321, 4.37157, 4.38391, 4.41187, 4.4, 4.46489, 4.12232, 4.53072, 3.93553, 4.55243, 4.55402, 4.59486, 4.61435, 4.63959, 4.67468, 4.72109, 4.74503, 4.75907, 4.8161, 4.87766, 4.8884, 4.94601, 5.02155, 5.09233, 5.1376, 5.18456, 5.24574, 5.35181, 5.44307, 5.54999, 5.62033, 5.73953, 6.0035, 6.10209, 6.18787, 6.42583, 6.73222, 6.97223, 7.41994, 7.86033, 8.69049, 11.0646, 12.6512, 14.2664, 12.9706, 6.66265, 1.47278, 0.103771, -0.0178904, -0.0392827, -0.0448359, -0.0403975, -0.02171, -0.0299153, -0.0253846, -0.0628959, -0.0377068, -0.0651353, -0.0672257, -0.060281, -0.0355603, -0.035673, -0.0471129, -0.0262338, -0.0319634, -0.0252189, -0.0196629, -0.0224413, -0.0344661, -0.0538761, -0.0407027, -0.063385, -0.103092
0.104439, 0.104942, 0.10457, 0.110955, 0.104656, 0.105714, 0.114435, 0.114316, 0.112655, 0.113867, 0.115518, 0.118087, 0.118341, 0.119694, 0.120184, 0.119853, 0.124699, 0.125635, 0.128037, 0.129161, 0.114606, 0.127978, 0.128712, 0.128196, 0.131147, 0.131517, 0.132356, 0.132, 0.133947, 0.12367, 0.135922, 0.118066, 0.136573, 0.13662, 0.137846, 0.138431, 0.139188, 0.14024, 0.141633, 0.142351, 0.142772, 0.144483, 0.14633, 0.146652, 0.14838, 0.150647, 0.15277, 0.154128, 0.155537, 0.157372, 0.160554, 0.163292, 0.1665, 0.16861, 0.172186, 0.180105, 0.183063, 0.185636, 0.192775, 0.201967, 0.209167, 0.222598, 0.23581, 0.260715, 0.331939, 0.379537, 0.427993, 0.389117, 0.19988, 0.0441834, 0.00311312, 0.000536713, 0.00117848, 0.00134508, 0.00121193, 0.000651299, 0.00089746, 0.000761539, 0.00188688, 0.0011312, 0.00195406, 0.00201677, 0.00180843, 0.00106681, 0.00107019, 0.00141339, 0.000787015, 0.000958902, 0.000756568, 0.000589888, 0.000673238, 0.00103398, 0.00161628, 0.00122108, 0.00190155, 0.00309275
0, 0.613815, 1.22763, 1.84144, 2.45526, 3.06907, 3.68289, 4.2967, 4.91052, 5.52433, 6.13815, 6.75196, 7.36578, 7.97959, 8.59341, 9.20722, 9.82104, 10.4349, 11.0487, 11.6625, 12.2763, 12.8901, 13.5039, 14.1177, 14.7316, 15.3454, 15.9592, 16.573, 17.1868, 17.8006, 18.4144, 19.0283, 19.6421, 20.2559, 20.8697, 21.4835, 22.0973, 22.7111, 23.325, 23.9388, 24.5526, 25.1664, 25.7802, 26.394, 27.0078, 27.6217, 28.2355, 28.8493, 29.4631, 30.0769, 30.6907, 31.3046, 31.9184, 32.5322, 33.146, 33.7598, 34.3736, 34.9874, 35.6013, 36.2151, 36.8289, 37.4427, 38.0565, 38.6703, 39.2841, 39.898, 40.5118, 41.1256, 41.7394, 42.3532, 42.967, 43.5808, 44.1947, 44.8085, 45.4223, 46.0361, 46.6499, 47.2637, 47.8775, 48.4914, 49.1052, 49.719, 50.3328, 50.9466, 51.5604, 52.1743, 52.7881, 53.4019, 54.0157, 54.6295, 55.2433, 55.8571, 56.471, 57.0848, 57.6986, 58.3124, 58.9262, 59.54, 60.1538, 60.7677, 61.3815, 61.9953, 62.6091, 63.2229, 63.8367, 64.4505, 65.0644, 65.6782, 66.292, 66.9058, 67.5196, 68.1334, 68.7473, 69.3611, 69.9749, 70.5887, 71.2025, 71.8163, 72.4301, 73.044, 73.6578, 74.2716, 74.8854, 75.4992, 76.113, 76.7268, 77.3407, 77.9545, 78.5683, 79.1821, 79.7959, 80.4097, 81.0235, 81.6374, 82.2512, 82.865, 83.4788, 84.0926, 84.7064, 85.3202, 85.9341, 86.5479, 87.1617, 87.7755, 88.3893, 89.0031, 89.617, 90.2308, 90.8446, 91.4584, 92.0722, 92.686, 93.2998, 93.9137, 94.5275, 95.1413, 95.7551, 96.3689, 96.9827, 97.5965, 98.2104, 98.8242, 99.438, 100.052, 100.666, 101.279, 101.893, 102.507, 103.121, 103.735, 104.349, 104.962, 105.576, 106.19, 106.804, 107.418, 108.031, 108.645, 109.259, 109.873, 110.487, 111.1, 111.714, 112.328, 112.942, 113.556, 114.17, 114.783, 115.397, 116.011, 116.625, 117.239, 117.852, 118.466, 119.08, 119.694, 120.308, 120.922, 121.535, 122.149, 122.763, 123.377, 123.991, 124.604, 125.218, 125.832, 126.446, 127.06, 127.673, 128.287, 128.901, 129.515, 130.129, 130.743, 131.356, 131.97, 132.584, 133.198, 133.812, 134.425, 135.039, 135.653, 136.267, 136.881, 137.495, 138.108, 138.722, 139.336, 139.95, 140.564, 141.177, 141.791, 142.405, 143.019, 143.633, 144.246, 144.86, 145.474, 146.088, 146.702, 147.316, 147.929, 148.543, 149.157, 149.771, 150.385, 150.998, 151.612, 152.226, 152.84, 153.454, 154.068, 154.681, 155.295, 155.909, 156.523, 157.137, 157.75, 158.364, 158.978, 159.592, 160.206, 160.819, 161.433, 162.047, 162.661, 163.275, 163.889, 164.502, 165.116, 165.73, 166.344, 166.958, 167.571, 168.185, 168.799, 169.413, 170.027, 170.64, 171.254, 171.868, 172.482, 173.096, 173.71, 174.323, 174.937, 175.551, 176.165, 176.779, 177.392, 178.006, 178.62, 179.234, 179.848, 180.462, 181.075, 181.689, 182.303, 182.917, 183.531, 184.144, 184.758, 185.372, 185.986, 186.6, 187.213, 187.827, 188.441, 189.055, 189.669, 190.283, 190.896, 191.51, 192.124, 192.738, 193.352, 193.965, 194.579, 195.193, 195.807, 196.421, 197.035, 197.648, 198.262, 198.876, 199.49, 200.104, 200.717, 201.331, 201.945, 202.559, 203.173, 203.786, 204.4, 205.014, 205.628, 206.242, 206.856, 207.469, 208.083, 208.697, 209.311, 209.925, 210.538, 211.152, 211.766, 212.38, 212.994, 213.608, 214.221, 214.835, 215.449, 216.063, 216.677, 217.29, 217.904, 218.518, 219.132, 219.746, 220.359, 220.973, 221.587, 222.201, 222.815, 223.429, 224.042, 224.656, 225.27, 225.884, 226.498, 227.111, 227.725, 228.339, 228.953, 229.567, 230.181, 230.794, 231.408, 232.022, 232.636, 233.25, 233.863, 234.477, 235.091, 235.705, 236.319, 236.932, 237.546, 238.16, 238.774, 239.388, 240.002, 240.615, 241.229, 241.843, 242.457, 243.071, 243.684, 244.298, 244.912, 245.526, 246.14, 246.754, 247.367, 247.981, 248.595, 249.209, 249.823, 250.436, 251.05, 251.664, 252.278, 252.892, 253.505, 254.119, 254.733, 255.347, 255.961, 256.575, 257.188, 257.802, 258.416, 259.03, 259.644, 260.257, 260.871, 261.485, 262.099, 262.713, 263.327, 263.94, 264.554, 265.168, 265.782, 266.396, 267.009, 267.623, 268.237, 268.851, 269.465, 270.078, 270.692, 271.306, 271.92, 272.534, 273.148, 273.761, 274.375, 274.989, 275.603, 276.217, 276.83, 277.444, 278.058, 278.672, 279.286, 279.9, 280.513, 281.127, 281.741, 282.355, 282.969, 283.582, 284.196, 284.81, 285.424, 286.038, 286.651, 287.265, 287.879, 288.493, 289.107, 289.721, 290.334, 290.948, 291.562, 292.176, 292.79, 293.403, 294.017
3.93617, 3.93716, 3.93816, 3.93917, 3.94019, 3.94123, 3.94227, 3.94332, 3.94439, 3.94547, 3.94656, 3.94766, 3.94877, 3.9499, 3.95103, 3.95218, 3.95334, 3.95451, 3.9557, 3.95689, 3.9581, 3.95933, 3.96056, 3.96181, 3.96307, 3.96434, 3.96563, 3.96693, 3.96824, 3.96957, 3.97091, 3.97227, 3.97363, 3.97502, 3.97641, 3.97782, 3.97925, 3.98069, 3.98214, 3.98361, 3.98509, 3.98659, 3.9881, 3.98963, 3.99117, 3.99273, 3.99431, 3.9959, 3.9975, 3.99912, 4.00076, 4.00242, 4.00409, 4.00578, 4.00748, 4.0092, 4.01094, 4.0127, 4.01447, 4.01626, 4.01807, 4.0199, 4.02174, 4.0236, 4.02548, 4.02738, 4.0293, 4.03124, 4.0332, 4.03517, 4.03717, 4.03918, 4.04122, 4.04328, 4.04535, 4.04745, 4.04956, 4.0517, 4.05386, 4.05604, 4.05824, 4.06046, 4.06271, 4.06498, 4.06727, 4.06958, 4.07191, 4.07427, 4.07665, 4.07906, 4.08149, 4.08394, 4.08642, 4.08892, 4.09145, 4.094, 4.09658, 4.09918, 4.10181, 4.10446, 4.10714, 4.10985, 4.11259, 4.11535, 4.11814, 4.12096, 4.1238, 4.12668, 4.12958, 4.13252, 4.13548, 4.13847, 4.14149, 4.14455, 4.14763, 4.15074, 4.15389, 4.15707, 4.16028, 4.16352, 4.1668, 4.17011, 4.17345, 4.17683, 4.18025, 4.18369, 4.18718, 4.1907, 4.19425, 4.19785, 4.20148, 4.20514, 4.20885, 4.21259, 4.21638, 4.2202, 4.22406, 4.22797, 4.23191, 4.2359, 4.23993, 4.244, 4.24811, 4.25227, 4.25647, 4.26072, 4.26502, 4.26936, 4.27374, 4.27818, 4.28266, 4.28719, 4.29177, 4.2964, 4.30108, 4.30581, 4.31059, 4.31543, 4.32032, 4.32526, 4.33026, 4.33532, 4.34043, 4.3456, 4.35083, 4.35612, 4.36146, 4.36687, 4.37234, 4.37787, 4.38347, 4.38913, 4.39485, 4.40065, 4.40651, 4.41243, 4.41843, 4.4245, 4.43064, 4.43685, 4.44314, 4.4495, 4.45594, 4.46246, 4.46905, 4.47573, 4.48248, 4.48932, 4.49625, 4.50326, 4.51035, 4.51754, 4.52481, 4.53218, 4.53964, 4.54719, 4.55484, 4.56259, 4.57044, 4.57839, 4.58644, 4.5946, 4.60286, 4.61123, 4.61972, 4.62832, 4.63703, 4.64586, 4.65481, 4.66388, 4.67308, 4.6824, 4.69185, 4.70143, 4.71115, 4.72101, 4.731, 4.74113, 4.75142, 4.76185, 4.77243, 4.78316, 4.79405, 4.80511, 4.81633, 4.82771, 4.83927, 4.85101, 4.86292, 4.87502, 4.8873, 4.89978, 4.91245, 4.92532, 4.9384, 4.95169, 4.9652, 4.97892, 4.99287, 5.00705, 5.02147, 5.03613, 5.05105, 5.06621, 5.08164, 5.09734, 5.11331, 5.12957, 5.14611, 5.16296, 5.18011, 5.19758, 5.21537, 5.23349, 5.25196, 5.27078, 5.28996, 5.30952, 5.32946, 5.3498, 5.37055, 5.39171, 5.41332, 5.43537, 5.45788, 5.48088, 5.50436, 5.52836, 5.55289, 5.57796, 5.6036, 5.62982, 5.65665, 5.68411, 5.71222, 5.74101, 5.7705, 5.80072, 5.8317, 5.86347, 5.89606, 5.9295, 5.96384, 5.9991, 6.03534, 6.07259, 6.1109, 6.15032, 6.1909, 6.23269, 6.27576, 6.32017, 6.36599, 6.41329, 6.46215, 6.51265, 6.56489, 6.61897, 6.67499, 6.73307, 6.79334, 6.85593, 6.92099, 6.98869, 7.05922, 7.13276, 7.20955, 7.28981, 7.37383, 7.46191, 7.55438, 7.65162, 7.75407, 7.86221, 7.97659, 8.09786, 8.22676, 8.36415, 8.51104, 8.66864, 8.83842, 9.02214, 9.22201, 9.44083, 9.68218, 9.95069, 10.2523, 10.5944, 10.9857, 11.4353, 11.9506, 12.5334, 13.175, 13.849, 14.5064, 15.0737, 15.4569, 15.5542, 15.2761, 14.5672, 13.4246, 11.9026, 10.1416, 8.26941, 6.43823, 4.77722, 3.3732, 2.26375, 1.44241, 0.87189, 0.499622, 0.271254, 0.139461, 0.0678717, 0.0312553, 0.0136146, 0.00560716, 0.00218174, 0.000800434, 0.000275051, 8.61225e-05, 2.07887e-05, 4.72149e-06, 1.33711e-06, 3.57377e-07, 9.01382e-08, 2.14543e-08, 4.81885e-09, 1.0214e-09, 2.04302e-10, 3.85631e-11, 6.86901e-12, 1.15462e-12, 1.83151e-13, 2.74159e-14, 3.87273e-15, 5.16246e-16, 6.49409e-17, 7.70909e-18, 8.63596e-19, 9.12939e-20, 9.10741e-21, 8.57376e-22, 7.61676e-23, 6.38546e-24, 5.05169e-25, 3.77141e-26, 2.65701e-27, 1.76647e-28, 1.10825e-29, 6.5614e-31, 3.66586e-32, 1.93276e-33, 9.61614e-35, 4.51488e-36, 2.00039e-37, 8.36382e-39, 3.30002e-40, 1.22871e-41, 4.31724e-43, 1.43148e-44, 4.47903e-46, 1.32253e-47, 3.68509e-49, 9.68974e-51, 2.40435e-52, 5.62997e-54, 1.24404e-55, 2.59409e-57, 5.10454e-59, 9.47873e-61, 1.66098e-62, 2.74663e-64, 4.28604e-66, 6.31152e-68, 8.77067e-70, 1.15014e-71, 1.42329e-73, 1.66209e-75, 1.83162e-77, 1.90476e-79, 1.86923e-81, 1.73104e-83, 1.51277e-85, 1.24755e-87, 9.70874e-90, 7.12999e-92, 4.94123e-94, 3.23148e-96, 1.99429e-98, 1.16144e-100, 6.38298e-103, 3.31033e-105, 1.62009e-107, 7.48213e-110, 3.26086e-112, 1.34109e-114, 5.20483e-117, 1.90622e-119, 6.58808e-122, 2.14864e-124, 6.61287e-127, 1.92059e-129, 5.2638e-132, 1.36139e-134, 3.32266e-137, 7.65259e-140, 1.66322e-142, 3.41123e-145, 6.60223e-148, 1.20584e-150, 2.0783e-153, 3.38022e-156, 5.18801e-159, 7.51407e-162, 1.027e-164, 1.32459e-167, 1.61218e-170, 1.85166e-173, 2.00692e-176, 2.05266e-179, 1.98117e-182, 1.80446e-185, 1.55092e-188, 1.25791e-191, 9.62782e-195, 6.95384e-198, 4.73958e-201, 3.04841e-204, 1.85023e-207, 1.05973e-210, 5.72772e-214, 2.92138e-217, 1.40608e-220, 6.38634e-224, 2.73723e-227, 1.1071e-230, 4.22554e-234, 1.52193e-237, 5.17277e-241
3.93617, 3.93718, 3.9382, 3.93922, 3.94026, 3.94132, 3.94238, 3.94345, 3.94454, 3.94563, 3.94674, 3.94786, 3.94899, 3.95013, 3.95129, 3.95246, 3.95364, 3.95483, 3.95603, 3.95725, 3.95848, 3.95972, 3.96097, 3.96224, 3.96352, 3.96482, 3.96612, 3.96744, 3.96878, 3.97013, 3.97149, 3.97286, 3.97425, 3.97565, 3.97707, 3.9785, 3.97995, 3.98141, 3.98288, 3.98437, 3.98588, 3.9874, 3.98893, 3.99048, 3.99205, 3.99363, 3.99522, 3.99684, 3.99847, 4.00011, 4.00177, 4.00345, 4.00515, 4.00686, 4.00858, 4.01033, 4.01209, 4.01387, 4.01567, 4.01748, 4.01932, 4.02117, 4.02304, 4.02493, 4.02683, 4.02876, 4.0307, 4.03266, 4.03465, 4.03665, 4.03867, 4.04071, 4.04277, 4.04486, 4.04696, 4.04908, 4.05122, 4.05339, 4.05557, 4.05778, 4.06001, 4.06226, 4.06454, 4.06683, 4.06915, 4.07149, 4.07386, 4.07624, 4.07865, 4.08109, 4.08355, 4.08603, 4.08854, 4.09107, 4.09363, 4.09621, 4.09882, 4.10145, 4.10411, 4.1068, 4.10951, 4.11225, 4.11502, 4.11782, 4.12064, 4.12349, 4.12637, 4.12928, 4.13222, 4.13519, 4.13818, 4.14121, 4.14427, 4.14736, 4.15048, 4.15363, 4.15681, 4.16003, 4.16327, 4.16655, 4.16987, 4.17322, 4.1766, 4.18002, 4.18347, 4.18696, 4.19048, 4.19404, 4.19763, 4.20127, 4.20494, 4.20865, 4.2124, 4.21618, 4.22001, 4.22387, 4.22778, 4.23173, 4.23572, 4.23975, 4.24382, 4.24794, 4.2521, 4.25631, 4.26056, 4.26485, 4.26919, 4.27358, 4.27802, 4.2825, 4.28703, 4.29161, 4.29624, 4.30092, 4.30566, 4.31044, 4.31528, 4.32017, 4.32511, 4.33011, 4.33517, 4.34028, 4.34545, 4.35067, 4.35596, 4.3613, 4.36671, 4.37218, 4.37771, 4.3833, 4.38896, 4.39468, 4.40047, 4.40633, 4.41225, 4.41824, 4.42431, 4.43044, 4.43665, 4.44294, 4.44929, 4.45572, 4.46224, 4.46882, 4.47549, 4.48224, 4.48907, 4.49599, 4.50299, 4.51008, 4.51725, 4.52452, 4.53187, 4.53932, 4.54687, 4.5545, 4.56224, 4.57008, 4.57801, 4.58605, 4.5942, 4.60245, 4.6108, 4.61927, 4.62785, 4.63655, 4.64536, 4.65429, 4.66335, 4.67252, 4.68182, 4.69125, 4.70081, 4.71051, 4.72034, 4.73031, 4.74042, 4.75067, 4.76107, 4.77162, 4.78233, 4.79319, 4.80421, 4.8154, 4.82675, 4.83827, 4.84997, 4.86184, 4.8739, 4.88614, 4.89857, 4.9112, 4.92403, 4.93706, 4.95029, 4.96375, 4.97742, 4.99131, 5.00543, 5.01979, 5.03439, 5.04923, 5.06433, 5.07969, 5.09531, 5.11121, 5.12739, 5.14385, 5.16061, 5.17767, 5.19505, 5.21274, 5.23076, 5.24913, 5.26784, 5.28691, 5.30634, 5.32616, 5.34637, 5.36699, 5.38801, 5.40947, 5.43137, 5.45373, 5.47656, 5.49987, 5.52369, 5.54803, 5.5729, 5.59833, 5.62434, 5.65094, 5.67816, 5.70603, 5.73455, 5.76377, 5.7937, 5.82438, 5.85583, 5.88808, 5.92118, 5.95514, 5.99002, 6.02584, 6.06265, 6.1005, 6.13943, 6.1795, 6.22075, 6.26324, 6.30703, 6.3522, 6.3988, 6.44692, 6.49664, 6.54804, 6.60121, 6.65627, 6.71332, 6.77247, 6.83387, 6.89765, 6.96397, 7.03299, 7.10491, 7.17993, 7.25828, 7.34021, 7.42599, 7.51595, 7.61043, 7.70982, 7.81458, 7.9252, 8.04226, 8.16643, 8.29848, 8.4393, 8.58996, 8.75171, 8.92608, 9.11493, 9.32058, 9.54599, 9.79496, 10.0725, 10.385, 10.7407, 11.1494, 11.622, 12.168, 12.7918, 13.487, 14.2291, 14.9692, 15.6307, 16.1133, 16.3058, 16.1066, 15.4491, 14.3226, 12.7827, 10.9458, 8.96799, 7.01413, 5.22731, 3.70641, 2.49726, 1.59724, 0.968981, 0.557183, 0.303509, 0.156541, 0.0764174, 0.0352944, 0.0154177, 0.00636737, 0.0024844, 0.000914172, 0.000315466, 9.94811e-05, 2.46868e-05, 5.7682e-06, 1.63467e-06, 4.37164e-07, 1.10327e-07, 2.62751e-08, 5.90512e-09, 1.25238e-09, 2.5065e-10, 4.73395e-11, 8.43727e-12, 1.41907e-12, 2.25231e-13, 3.37346e-14, 4.76812e-15, 6.35976e-16, 8.00493e-17, 9.50818e-18, 1.06576e-18, 1.12731e-19, 1.12526e-20, 1.05995e-21, 9.42187e-23, 7.90338e-24, 6.2562e-25, 4.67339e-26, 3.29439e-27, 2.19149e-28, 1.37571e-29, 8.14961e-31, 4.55584e-32, 2.40338e-33, 1.19646e-34, 5.62078e-36, 2.49182e-37, 1.04245e-38, 4.11548e-40, 1.53322e-41, 5.39029e-43, 1.7883e-44, 5.59873e-46, 1.65409e-47, 4.61161e-49, 1.21329e-50, 3.01232e-52, 7.0576e-54, 1.56039e-55, 3.25561e-57, 6.40991e-59, 1.19095e-60, 2.08811e-62, 3.4549e-64, 5.39434e-66, 7.94807e-68, 1.10511e-69, 1.45001e-71, 1.79538e-73, 2.09778e-75, 2.31306e-77, 2.40676e-79, 2.3632e-81, 2.18971e-83, 1.91467e-85, 1.57987e-87, 1.23018e-89, 9.03931e-92, 6.2679e-94, 4.10137e-96, 2.53254e-98, 1.47571e-100, 8.11462e-103, 4.2107e-105, 2.06186e-107, 9.52761e-110, 4.15459e-112, 1.70959e-114, 6.63857e-117, 2.43264e-119, 8.41198e-122, 2.74498e-124, 8.45276e-127, 2.45628e-129, 6.73558e-132, 1.74298e-134, 4.25625e-137, 9.80802e-140, 2.13282e-142, 4.37669e-145, 8.47533e-148, 1.54876e-150, 2.67075e-153, 4.34609e-156, 6.67395e-159, 9.67132e-162, 1.32253e-164, 1.70666e-167, 2.07828e-170, 2.38825e-173, 2.58984e-176, 2.65024e-179, 2.55926e-182, 2.33218e-185, 2.00552e-188, 1.62746e-191, 1.24627e-194, 9.00598e-198, 6.1414e-201, 3.95204e-204, 2.3999e-207, 1.37525e-210, 7.43686e-214, 3.79502e-217, 1.82749e-220, 8.30451e-224, 3.56115e-227, 1.44106e-230, 5.50293e-234, 1.98299e-237, 6.7432e-241
209.23
176.84
 
MEASUREMENT 45
1.56305, 4.67879, 7.79453, 10.9103, 14.0312, 17.1469, 20.2679, 23.3784, 26.4796, 29.5859, 32.6913, 35.8071, 38.9228, 42.0385, 45.1595, 48.2752, 51.3909, 54.5067, 57.6224, 60.7381, 63.8435, 66.9593, 70.0698, 73.1752, 76.2806, 79.3859, 82.4913, 85.5967, 88.7021, 91.8074, 94.9128, 98.0182, 101.1, 104.148, 107.196, 110.244, 113.292, 116.339, 119.387, 122.435, 125.483, 128.531, 131.574, 134.622, 137.67, 140.718, 143.766, 146.814, 149.861, 152.909, 155.957, 159.005, 162.053, 165.101, 168.149, 171.197, 174.245, 177.293, 180.341, 183.389, 186.436, 189.484, 192.532, 195.58, 198.621, 201.655, 204.688, 207.722, 210.756, 213.794, 216.838, 219.882, 222.926, 225.97, 229.014, 232.058, 235.102, 238.145, 241.189, 244.233, 247.277, 250.321, 253.37, 256.424, 259.478, 262.532, 265.586, 268.64, 271.695, 274.749, 277.803, 280.857, 283.911, 286.97, 290.035, 293.099
3.48053, 3.49469, 3.4893, 3.69551, 3.47618, 3.51933, 3.81323, 3.80622, 3.75524, 3.79218, 3.85111, 3.93562, 3.94436, 3.99122, 3.96974, 3.99066, 4.15409, 4.18669, 4.26621, 4.30909, 3.80793, 4.26331, 4.28819, 4.26324, 4.36986, 4.38026, 4.40915, 4.4011, 4.45992, 4.12473, 4.5299, 3.91116, 4.5531, 4.54828, 4.59192, 4.61266, 4.64177, 4.67678, 4.71881, 4.74379, 4.75911, 4.81111, 4.87799, 4.88528, 4.94542, 5.01441, 5.09024, 5.13765, 5.18459, 5.2411, 5.34405, 5.4404, 5.54695, 5.61902, 5.73722, 6.01121, 6.1008, 6.18629, 6.43159, 6.72563, 6.96845, 7.41736, 7.86317, 8.6861, 11.0732, 12.6336, 14.2655, 12.9624, 6.66356, 1.47628, 0.101719, -0.0161924, -0.0355257, -0.0470331, -0.0433361, -0.0181826, -0.0312993, -0.0260422, -0.0597324, -0.0385174, -0.0617199, -0.0717426, -0.0612058, -0.034166, -0.0359237, -0.0457746, -0.0267783, -0.0240285, -0.0248812, -0.0193136, -0.0217426, -0.0331002, -0.0520217, -0.0406264, -0.0608183, -0.10162
0.104416, 0.104841, 0.104679, 0.110865, 0.104285, 0.10558, 0.114397, 0.114187, 0.112657, 0.113765, 0.115533, 0.118069, 0.118331, 0.119737, 0.119092, 0.11972, 0.124623, 0.125601, 0.127986, 0.129273, 0.114238, 0.127899, 0.128646, 0.127897, 0.131096, 0.131408, 0.132275, 0.132033, 0.133798, 0.123742, 0.135897, 0.117335, 0.136593, 0.136448, 0.137758, 0.13838, 0.139253, 0.140303, 0.141564, 0.142314, 0.142773, 0.144333, 0.14634, 0.146558, 0.148363, 0.150432, 0.152707, 0.154129, 0.155538, 0.157233, 0.160322, 0.163212, 0.166408, 0.168571, 0.172117, 0.180336, 0.183024, 0.185589, 0.192948, 0.201769, 0.209053, 0.222521, 0.235895, 0.260583, 0.332195, 0.379009, 0.427965, 0.388871, 0.199907, 0.0442884, 0.00305157, 0.000485773, 0.00106577, 0.00141099, 0.00130008, 0.000545478, 0.000938979, 0.000781267, 0.00179197, 0.00115552, 0.0018516, 0.00215228, 0.00183617, 0.00102498, 0.00107771, 0.00137324, 0.000803348, 0.000720855, 0.000746437, 0.000579407, 0.000652277, 0.000993006, 0.00156065, 0.00121879, 0.00182455, 0.00304861
0, 0.613815, 1.22763, 1.84144, 2.45526, 3.06907, 3.68289, 4.2967, 4.91052, 5.52433, 6.13815, 6.75196, 7.36578, 7.97959, 8.59341, 9.20722, 9.82104, 10.4349, 11.0487, 11.6625, 12.2763, 12.8901, 13.5039, 14.1177, 14.7316, 15.3454, 15.9592, 16.573, 17.1868, 17.8006, 18.4144, 19.0283, 19.6421, 20.2559, 20.8697, 21.4835, 22.0973, 22.7111, 23.325, 23.9388, 24.5526, 25.1664, 25.7802, 26.394, 27.0078, 27.6217, 28.2355, 28.8493, 29.4631, 30.0769, 30.6907, 31.3046, 31.9184, 32.5322, 33.146, 33.7598, 34.3736, 34.9874, 35.6013, 36.2151, 36.8289, 37.4427, 38.0565, 38.6703, 39.2841, 39.898, 40.5118, 41.1256, 41.7394, 42.3532, 42.967, 43.5808, 44.1947, 44.8085, 45.4223, 46.0361, 46.6499, 47.2637, 47.8775, 48.4914, 49.1052, 49.719, 50.3328, 50.9466, 51.5604, 52.1743, 52.7881, 53.4019, 54.0157, 54.6295, 55.2433, 55.8571, 56.471, 57.0848, 57.6986, 58.3124, 58.9262, 59.54, 60.1538, 60.7677, 61.3815, 61.9953, 62.6091, 63.2229, 63.8367, 64.4505, 65.0644, 65.6782, 66.292, 66.9058, 67.5196, 68.1334, 68.7473, 69.3611, 69.9749, 70.5887, 71.2025, 71.8163, 72.4301, 73.044, 73.6578, 74.2716, 74.8854, 75.4992, 76.113, 76.7268, 77.3407, 77.9545, 78.5683, 79.1821, 79.7959, 80.4097, 81.0235, 81.6374, 82.2512, 82.865, 83.4788, 84.0926, 84.7064, 85.3202, 85.9341, 86.5479, 87.1617, 87.7755, 88.3893, 89.0031, 89.617, 90.2308, 90.8446, 91.4584, 92.0722, 92.686, 93.2998, 93.9137, 94.5275, 95.1413, 95.7551, 96.3689, 96.9827, 97.5965, 98.2104, 98.8242, 99.438, 100.052, 100.666, 101.279, 101.893, 102.507, 103.121, 103.735, 104.349, 104.962, 105.576, 106.19, 106.804, 107.418, 108.031, 108.645, 109.259, 109.873, 110.487, 111.1, 111.714, 112.328, 112.942, 113.556, 114.17, 114.783, 115.397, 116.011, 116.625, 117.239, 117.852, 118.466, 119.08, 119.694, 120.308, 120.922, 121.535, 122.149, 122.763, 123.377, 123.991, 124.604, 125.218, 125.832, 126.446, 127.06, 127.673, 128.287, 128.901, 129.515, 130.129, 130.743, 131.356, 131.97, 132.584, 133.198, 133.812, 134.425, 135.039, 135.653, 136.267, 136.881, 137.495, 138.108, 138.722, 139.336, 139.95, 140.564, 141.177, 141.791, 142.405, 143.019, 143.633, 144.246, 144.86, 145.474, 146.088, 146.702, 147.316, 147.929, 148.543, 149.157, 149.771, 150.385, 150.998, 151.612, 152.226, 152.84, 153.454, 154.068, 154.681, 155.295, 155.909, 156.523, 157.137, 157.75, 158.364, 158.978, 159.592, 160.206, 160.819, 161.433, 162.047, 162.661, 163.275, 163.889, 164.502, 165.116, 165.73, 166.344, 166.958, 167.571, 168.185, 168.799, 169.413, 170.027, 170.64, 171.254, 171.868, 172.482, 173.096, 173.71, 174.323, 174.937, 175.551, 176.165, 176.779, 177.392, 178.006, 178.62, 179.234, 179.848, 180.462, 181.075, 181.689, 182.303, 182.917, 183.531, 184.144, 184.758, 185.372, 185.986, 186.6, 187.213, 187.827, 188.441, 189.055, 189.669, 190.283, 190.896, 191.51, 192.124, 192.738, 193.352, 193.965, 194.579, 195.193, 195.807, 196.421, 197.035, 197.648, 198.262, 198.876, 199.49, 200.104, 200.717, 201.331, 201.945, 202.559, 203.173, 203.786, 204.4, 205.014, 205.628, 206.242, 206.856, 207.469, 208.083, 208.697, 209.311, 209.925, 210.538, 211.152, 211.766, 212.38, 212.994, 213.608, 214.221, 214.835, 215.449, 216.063, 216.677, 217.29, 217.904, 218.518, 219.132, 219.746, 220.359, 220.973, 221.587, 222.201, 222.815, 223.429, 224.042, 224.656, 225.27, 225.884, 226.498, 227.111, 227.725, 228.339, 228.953, 229.567, 230.181, 230.794, 231.408, 232.022, 232.636, 233.25, 233.863, 234.477, 235.091, 235.705, 236.319, 236.932, 237.546, 238.16, 238.774, 239.388, 240.002, 240.615, 241.229, 241.843, 242.457, 243.071, 243.684, 244.298, 244.912, 245.526, 246.14, 246.754, 247.367, 247.981, 248.595, 249.209, 249.823, 250.436, 251.05, 251.664, 252.278, 252.892, 253.505, 254.119, 254.733, 255.347, 255.961, 256.575, 257.188, 257.802, 258.416, 259.03, 259.644, 260.257, 260.871, 261.485, 262.099, 262.713, 263.327, 263.94, 264.554, 265.168, 265.782, 266.396, 267.009, 267.623, 268.237, 268.851, 269.465, 270.078, 270.692, 271.306, 271.92, 272.534, 273.148, 273.761, 274.375, 274.989, 275.603, 276.217, 276.83, 277.444, 278.058, 278.672, 279.286, 279.9, 280.513, 281.127, 281.741, 282.355, 282.969, 283.582, 284.196, 284.81, 285.424, 286.038, 286.651, 287.265, 287.879, 288.493, 289.107, 289.721, 290.334, 290.948, 291.562, 292.176, 292.79, 293.403, 294.017
3.93328, 3.93427, 3.93526, 3.93627, 3.93729, 3.93833, 3.93937, 3.94042, 3.94149, 3.94256, 3.94365, 3.94475, 3.94586, 3.94699, 3.94812, 3.94927, 3.95043, 3.9516, 3.95278, 3.95398, 3.95519, 3.95641, 3.95764, 3.95889, 3.96015, 3.96142, 3.9627, 3.964, 3.96532, 3.96664, 3.96798, 3.96933, 3.9707, 3.97208, 3.97347, 3.97488, 3.97631, 3.97774, 3.97919, 3.98066, 3.98214, 3.98364, 3.98515, 3.98668, 3.98822, 3.98977, 3.99135, 3.99294, 3.99454, 3.99616, 3.9978, 3.99945, 4.00112, 4.00281, 4.00451, 4.00623, 4.00796, 4.00972, 4.01149, 4.01328, 4.01509, 4.01691, 4.01875, 4.02061, 4.02249, 4.02439, 4.02631, 4.02824, 4.0302, 4.03217, 4.03416, 4.03618, 4.03821, 4.04026, 4.04234, 4.04443, 4.04654, 4.04868, 4.05084, 4.05301, 4.05521, 4.05743, 4.05968, 4.06194, 4.06423, 4.06654, 4.06887, 4.07123, 4.07361, 4.07601, 4.07843, 4.08088, 4.08336, 4.08586, 4.08838, 4.09093, 4.09351, 4.09611, 4.09873, 4.10138, 4.10406, 4.10677, 4.1095, 4.11226, 4.11505, 4.11786, 4.1207, 4.12358, 4.12648, 4.12941, 4.13236, 4.13535, 4.13837, 4.14142, 4.1445, 4.14761, 4.15076, 4.15393, 4.15714, 4.16038, 4.16365, 4.16696, 4.1703, 4.17367, 4.17708, 4.18053, 4.18401, 4.18752, 4.19107, 4.19466, 4.19829, 4.20195, 4.20565, 4.20939, 4.21317, 4.21699, 4.22085, 4.22475, 4.22869, 4.23267, 4.2367, 4.24076, 4.24487, 4.24903, 4.25323, 4.25747, 4.26176, 4.26609, 4.27047, 4.2749, 4.27938, 4.2839, 4.28848, 4.2931, 4.29778, 4.30251, 4.30728, 4.31211, 4.317, 4.32194, 4.32693, 4.33198, 4.33709, 4.34225, 4.34747, 4.35275, 4.35809, 4.3635, 4.36896, 4.37449, 4.38007, 4.38573, 4.39145, 4.39723, 4.40308, 4.40901, 4.415, 4.42106, 4.42719, 4.4334, 4.43968, 4.44603, 4.45246, 4.45897, 4.46556, 4.47223, 4.47897, 4.48581, 4.49272, 4.49972, 4.50681, 4.51398, 4.52125, 4.52861, 4.53606, 4.5436, 4.55124, 4.55898, 4.56682, 4.57476, 4.5828, 4.59095, 4.5992, 4.60757, 4.61604, 4.62463, 4.63333, 4.64215, 4.65109, 4.66015, 4.66933, 4.67864, 4.68808, 4.69765, 4.70736, 4.7172, 4.72718, 4.7373, 4.74757, 4.75799, 4.76856, 4.77928, 4.79016, 4.8012, 4.8124, 4.82377, 4.83532, 4.84703, 4.85893, 4.87101, 4.88328, 4.89574, 4.9084, 4.92125, 4.93431, 4.94758, 4.96107, 4.97478, 4.98871, 5.00287, 5.01727, 5.03191, 5.0468, 5.06195, 5.07735, 5.09303, 5.10898, 5.12521, 5.14173, 5.15855, 5.17568, 5.19312, 5.21089, 5.22899, 5.24743, 5.26622, 5.28537, 5.3049, 5.32481, 5.34512, 5.36583, 5.38697, 5.40854, 5.43056, 5.45304, 5.47599, 5.49944, 5.5234, 5.54789, 5.57292, 5.59852, 5.6247, 5.65148, 5.67889, 5.70696, 5.7357, 5.76514, 5.7953, 5.82623, 5.85794, 5.89047, 5.92386, 5.95813, 5.99333, 6.0295, 6.06668, 6.10492, 6.14426, 6.18476, 6.22647, 6.26945, 6.31377, 6.3595, 6.4067, 6.45545, 6.50585, 6.55797, 6.61193, 6.66782, 6.72577, 6.78589, 6.84833, 6.91323, 6.98076, 7.05111, 7.12446, 7.20103, 7.28108, 7.36486, 7.45268, 7.54487, 7.64181, 7.74392, 7.8517, 7.96569, 8.08652, 8.21492, 8.35176, 8.49804, 8.65494, 8.8239, 9.00668, 9.20544, 9.42293, 9.66266, 9.92918, 10.2283, 10.5675, 10.9554, 11.4014, 11.9135, 12.4945, 13.1367, 13.8155, 14.4832, 15.0664, 15.4704, 15.5912, 15.3354, 14.6437, 13.5101, 11.9866, 10.2155, 8.32704, 6.47703, 4.79834, 3.38035, 2.26171, 1.43569, 0.863907, 0.492428, 0.265725, 0.135681, 0.0655266, 0.0299202, 0.0129123, 0.00526425, 0.00202583, 0.00073425, 0.000248744, 7.62511e-05, 1.70387e-05, 4.12493e-06, 1.14978e-06, 3.02221e-07, 7.49029e-08, 1.7504e-08, 3.8569e-09, 8.01318e-10, 1.56977e-10, 2.89954e-11, 5.04995e-12, 8.29295e-13, 1.28409e-13, 1.87476e-14, 2.58082e-15, 3.34993e-16, 4.09993e-17, 4.7313e-18, 5.14812e-19, 5.28178e-20, 5.10946e-21, 4.66051e-22, 4.00825e-23, 3.25042e-24, 2.48535e-25, 1.79184e-26, 1.21807e-27, 7.80748e-29, 4.71858e-30, 2.6889e-31, 1.44478e-32, 7.31964e-34, 3.49657e-35, 1.57491e-36, 6.68858e-38, 2.67839e-39, 1.01129e-40, 3.60032e-42, 1.20856e-43, 3.82523e-45, 1.14159e-46, 3.21236e-48, 8.52317e-50, 2.13226e-51, 5.02968e-53, 1.11867e-54, 2.346e-56, 4.6389e-58, 8.64895e-60, 1.52046e-61, 2.52026e-63, 3.93895e-65, 5.80464e-67, 8.06552e-69, 1.0567e-70, 1.30536e-72, 1.52045e-74, 1.66984e-76, 1.72918e-78, 1.68836e-80, 1.55436e-82, 1.34927e-84, 1.10435e-86, 8.52269e-89, 6.20165e-91, 4.25499e-93, 2.75265e-95, 1.67905e-97, 9.65689e-100, 5.23687e-102, 2.67773e-104, 1.29099e-106, 5.86864e-109, 2.51544e-111, 1.0166e-113, 3.87389e-116, 1.39189e-118, 4.71544e-121, 1.50626e-123, 4.53667e-126, 1.28835e-128, 3.44978e-131, 8.70982e-134, 2.07342e-136, 4.65397e-139, 9.84963e-142, 1.96552e-144, 3.69822e-147, 6.56097e-150, 1.0975e-152, 1.731e-155, 2.57425e-158, 3.60964e-161, 4.7724e-164, 5.94934e-167, 6.99293e-170, 7.75014e-173, 8.09876e-176, 7.9797e-179, 7.41333e-182, 6.49381e-185, 5.36345e-188, 4.17684e-191, 3.06697e-194, 2.1234e-197, 1.38615e-200, 8.53196e-204, 4.9516e-207, 2.70957e-210, 1.39802e-213, 6.80121e-217, 3.11972e-220, 1.34929e-223, 5.50239e-227, 2.11571e-230, 7.67042e-234, 2.62205e-237, 8.45122e-241, 2.56836e-244
3.93328, 3.93428, 3.9353, 3.93633, 3.93737, 3.93842, 3.93948, 3.94055, 3.94163, 3.94273, 3.94383, 3.94495, 3.94608, 3.94723, 3.94838, 3.94955, 3.95072, 3.95191, 3.95312, 3.95433, 3.95556, 3.9568, 3.95805, 3.95932, 3.9606, 3.96189, 3.9632, 3.96452, 3.96585, 3.96719, 3.96855, 3.96993, 3.97131, 3.97272, 3.97413, 3.97556, 3.977, 3.97846, 3.97994, 3.98142, 3.98293, 3.98445, 3.98598, 3.98753, 3.98909, 3.99067, 3.99227, 3.99388, 3.9955, 3.99715, 3.99881, 4.00048, 4.00218, 4.00389, 4.00561, 4.00735, 4.00912, 4.01089, 4.01269, 4.0145, 4.01633, 4.01818, 4.02005, 4.02194, 4.02384, 4.02576, 4.0277, 4.02967, 4.03165, 4.03365, 4.03566, 4.0377, 4.03976, 4.04184, 4.04394, 4.04606, 4.0482, 4.05037, 4.05255, 4.05476, 4.05698, 4.05923, 4.0615, 4.06379, 4.06611, 4.06845, 4.07081, 4.0732, 4.0756, 4.07804, 4.08049, 4.08297, 4.08548, 4.08801, 4.09056, 4.09314, 4.09575, 4.09838, 4.10104, 4.10372, 4.10643, 4.10917, 4.11193, 4.11472, 4.11754, 4.12039, 4.12327, 4.12617, 4.12911, 4.13207, 4.13507, 4.13809, 4.14115, 4.14423, 4.14735, 4.15049, 4.15367, 4.15689, 4.16013, 4.16341, 4.16672, 4.17006, 4.17344, 4.17685, 4.1803, 4.18379, 4.18731, 4.19086, 4.19445, 4.19808, 4.20175, 4.20545, 4.2092, 4.21298, 4.2168, 4.22066, 4.22457, 4.22851, 4.23249, 4.23652, 4.24059, 4.2447, 4.24886, 4.25306, 4.2573, 4.26159, 4.26593, 4.27031, 4.27474, 4.27922, 4.28375, 4.28832, 4.29295, 4.29763, 4.30235, 4.30713, 4.31196, 4.31685, 4.32179, 4.32678, 4.33183, 4.33693, 4.3421, 4.34732, 4.3526, 4.35794, 4.36334, 4.3688, 4.37432, 4.37991, 4.38556, 4.39128, 4.39706, 4.40291, 4.40883, 4.41481, 4.42087, 4.427, 4.4332, 4.43947, 4.44582, 4.45225, 4.45875, 4.46533, 4.47199, 4.47873, 4.48556, 4.49246, 4.49946, 4.50654, 4.5137, 4.52096, 4.52831, 4.53575, 4.54328, 4.55091, 4.55864, 4.56646, 4.57439, 4.58242, 4.59055, 4.59879, 4.60714, 4.6156, 4.62417, 4.63285, 4.64166, 4.65058, 4.65962, 4.66878, 4.67807, 4.68749, 4.69704, 4.70672, 4.71654, 4.72649, 4.73659, 4.74683, 4.75722, 4.76776, 4.77845, 4.78929, 4.8003, 4.81147, 4.82281, 4.83432, 4.846, 4.85786, 4.8699, 4.88212, 4.89454, 4.90715, 4.91996, 4.93297, 4.94619, 4.95962, 4.97328, 4.98715, 5.00125, 5.01559, 5.03017, 5.045, 5.06007, 5.07541, 5.09101, 5.10688, 5.12304, 5.13948, 5.15621, 5.17325, 5.1906, 5.20827, 5.22627, 5.2446, 5.26328, 5.28233, 5.30173, 5.32152, 5.3417, 5.36228, 5.38328, 5.40471, 5.42657, 5.44889, 5.47168, 5.49496, 5.51874, 5.54304, 5.56787, 5.59326, 5.61923, 5.64579, 5.67296, 5.70078, 5.72926, 5.75842, 5.7883, 5.81893, 5.85032, 5.88252, 5.91555, 5.94946, 5.98427, 6.02003, 6.05677, 6.09455, 6.13341, 6.17339, 6.21456, 6.25697, 6.30067, 6.34575, 6.39226, 6.44027, 6.48988, 6.54117, 6.59423, 6.64916, 6.70608, 6.7651, 6.82635, 6.88997, 6.95613, 7.02498, 7.09671, 7.17153, 7.24967, 7.33137, 7.41691, 7.5066, 7.60079, 7.69987, 7.80429, 7.91453, 8.03118, 8.1549, 8.28644, 8.4267, 8.57672, 8.73774, 8.91127, 9.09915, 9.30364, 9.52765, 9.77491, 10.0503, 10.3602, 10.7127, 11.1177, 11.5862, 12.1283, 12.7494, 13.4445, 14.1909, 14.9409, 15.6187, 16.1233, 16.3409, 16.1664, 15.5284, 14.4127, 12.873, 11.0263, 9.03149, 7.05752, 5.25149, 3.71517, 2.49571, 1.59031, 0.960442, 0.549367, 0.297443, 0.152364, 0.0738103, 0.0338027, 0.0146296, 0.00598106, 0.00230812, 0.000839092, 0.000285515, 8.82173e-05, 2.04052e-05, 5.04014e-06, 1.40588e-06, 3.69756e-07, 9.16957e-08, 2.14411e-08, 4.72724e-09, 9.82727e-10, 1.92629e-10, 3.56021e-11, 6.2043e-12, 1.01947e-12, 1.5795e-13, 2.30743e-14, 3.17834e-15, 4.12797e-16, 5.05517e-17, 5.83712e-18, 6.35513e-19, 6.524e-20, 6.31491e-21, 5.76346e-22, 4.95978e-23, 4.02444e-24, 3.07901e-25, 2.22116e-26, 1.51081e-27, 9.68957e-29, 5.85951e-30, 3.34104e-31, 1.79624e-32, 9.1056e-34, 4.35227e-35, 1.96149e-36, 8.33525e-38, 3.33974e-39, 1.26174e-40, 4.49458e-42, 1.50963e-43, 4.78095e-45, 1.42764e-46, 4.01964e-48, 1.06713e-49, 2.67121e-51, 6.30464e-53, 1.40306e-54, 2.94409e-56, 5.82491e-58, 1.08665e-59, 1.91139e-61, 3.17009e-63, 4.95741e-65, 7.3097e-67, 1.01626e-68, 1.33221e-70, 1.64665e-72, 1.91907e-74, 2.10882e-76, 2.185e-78, 2.13463e-80, 1.96633e-82, 1.70785e-84, 1.39863e-86, 1.07998e-88, 7.86306e-91, 5.39793e-93, 3.494e-95, 2.13245e-97, 1.22714e-99, 6.65843e-102, 3.4065e-104, 1.64325e-106, 7.47414e-109, 3.20537e-111, 1.29615e-113, 4.94187e-116, 1.77659e-118, 6.02203e-121, 1.92468e-123, 5.80007e-126, 1.64804e-128, 4.41531e-131, 1.11536e-133, 2.65661e-136, 5.96622e-139, 1.26337e-141, 2.52244e-144, 4.74865e-147, 8.42906e-150, 1.41074e-152, 2.22625e-155, 3.31252e-158, 4.64732e-161, 6.1476e-164, 7.66773e-167, 9.01752e-170, 9.99922e-173, 1.04545e-175, 1.03062e-178, 9.57974e-182, 8.39588e-185, 6.93804e-188, 5.40588e-191, 3.97149e-194, 2.75105e-197, 1.79681e-200, 1.10653e-203, 6.42516e-207, 3.51773e-210, 1.81592e-213, 8.83875e-217, 4.05641e-220, 1.7553e-223, 7.16172e-227, 2.75512e-230, 9.99362e-234, 3.41792e-237, 1.1022e-240, 3.3513e-244
209.26
176.85
 
MEASUREMENT 46
1.56305, 4.67879, 7.79453, 10.9103, 14.0312, 17.1469, 20.2679, 23.3784, 26.4796, 29.5859, 32.6913, 35.8071, 38.9228, 42.0385, 45.1595, 48.2752, 51.3909, 54.5067, 57.6224, 60.7381, 63.8435, 66.9593, 70.0698, 73.1752, 76.2806, 79.3859, 82.4913, 85.5967, 88.7021, 91.8074, 94.9128, 98.0182, 101.1, 104.148, 107.196, 110.244, 113.292, 116.339, 119.387, 122.435, 125.483, 128.531, 131.574, 134.622, 137.67, 140.718, 143.766, 146.814, 149.861, 152.909, 155.957, 159.005, 162.053, 165.101, 168.149, 171.197, 174.245, 177.293, 180.341, 183.389, 186.436, 189.484, 192.532, 195.58, 198.621, 201.655, 204.688, 207.722, 210.756, 213.794, 216.838, 219.882, 222.926, 225.97, 229.014, 232.058, 235.102, 238.145, 241.189, 244.233, 247.277, 250.321, 253.37, 256.424, 259.478, 262.532, 265.586, 268.64, 271.695, 274.749, 277.803, 280.857, 283.911, 286.97, 290.035, 293.099
3.47535, 3.49141, 3.48187, 3.69588, 3.47342, 3.52129, 3.8141, 3.80924, 3.74893, 3.79635, 3.85347, 3.93604, 3.94216, 3.98659, 3.98566, 3.98774, 4.15258, 4.18789, 4.26547, 4.30738, 3.85973, 4.26642, 4.28776, 4.2674, 4.36784, 4.38117, 4.40762, 4.4015, 4.46005, 4.12797, 4.52716, 3.91855, 4.54561, 4.5492, 4.59089, 4.61183, 4.63754, 4.67301, 4.71732, 4.73863, 4.75755, 4.81472, 4.87315, 4.88405, 4.94325, 5.01552, 5.09063, 5.13569, 5.18507, 5.23815, 5.34284, 5.43926, 5.54531, 5.61754, 5.73805, 6.01083, 6.09762, 6.18523, 6.42826, 6.72926, 6.96427, 7.41729, 7.86243, 8.66641, 11.0643, 12.6313, 14.2505, 12.9704, 6.66848, 1.48288, 0.101123, -0.0223106, -0.0359055, -0.0428549, -0.0427383, -0.0218073, -0.0278372, -0.024831, -0.0609401, -0.0373395, -0.0618006, -0.0703374, -0.0616035, -0.0382875, -0.0354016, -0.0460363, -0.0252207, -0.0316812, -0.0250074, -0.0216334, -0.0226613, -0.0329566, -0.0513577, -0.0400417, -0.0614923, -0.101822
0.104261, 0.104742, 0.104456, 0.110876, 0.104203, 0.105639, 0.114423, 0.114277, 0.112468, 0.11389, 0.115604, 0.118081, 0.118265, 0.119598, 0.11957, 0.119632, 0.124577, 0.125637, 0.127964, 0.129221, 0.115792, 0.127993, 0.128633, 0.128022, 0.131035, 0.131435, 0.132229, 0.132045, 0.133802, 0.123839, 0.135815, 0.117556, 0.136368, 0.136476, 0.137727, 0.138355, 0.139126, 0.14019, 0.14152, 0.142159, 0.142727, 0.144442, 0.146195, 0.146522, 0.148297, 0.150466, 0.152719, 0.154071, 0.155552, 0.157144, 0.160285, 0.163178, 0.166359, 0.168526, 0.172142, 0.180325, 0.182929, 0.185557, 0.192848, 0.201878, 0.208928, 0.222519, 0.235873, 0.259992, 0.331929, 0.378939, 0.427516, 0.389111, 0.200054, 0.0444864, 0.00303368, 0.000669318, 0.00107716, 0.00128565, 0.00128215, 0.000654218, 0.000835116, 0.000744931, 0.0018282, 0.00112019, 0.00185402, 0.00211012, 0.0018481, 0.00114862, 0.00106205, 0.00138109, 0.000756621, 0.000950437, 0.000750223, 0.000649001, 0.000679838, 0.000988698, 0.00154073, 0.00120125, 0.00184477, 0.00305467
0, 0.613815, 1.22763, 1.84144, 2.45526, 3.06907, 3.68289, 4.2967, 4.91052, 5.52433, 6.13815, 6.75196, 7.36578, 7.97959, 8.59341, 9.20722, 9.82104, 10.4349, 11.0487, 11.6625, 12.2763, 12.8901, 13.5039, 14.1177, 14.7316, 15.3454, 15.9592, 16.573, 17.1868, 17.8006, 18.4144, 19.0283, 19.6421, 20.2559, 20.8697, 21.4835, 22.0973, 22.7111, 23.325, 23.9388, 24.5526, 25.1664, 25.7802, 26.394, 27.0078, 27.6217, 28.2355, 28.8493, 29.4631, 30.0769, 30.6907, 31.3046, 31.9184, 32.5322, 33.146, 33.7598, 34.3736, 34.9874, 35.6013, 36.2151, 36.8289, 37.4427, 38.0565, 38.6703, 39.2841, 39.898, 40.5118, 41.1256, 41.7394, 42.3532, 42.967, 43.5808, 44.1947, 44.8085, 45.4223, 46.0361, 46.6499, 47.2637, 47.8775, 48.4914, 49.1052, 49.719, 50.3328, 50.9466, 51.5604, 52.1743, 52.7881, 53.4019, 54.0157, 54.6295, 55.2433, 55.8571, 56.471, 57.0848, 57.6986, 58.3124, 58.9262, 59.54, 60.1538, 60.7677, 61.3815, 61.9953, 62.6091, 63.2229, 63.8367, 64.4505, 65.0644, 65.6782, 66.292, 66.9058, 67.5196, 68.1334, 68.7473, 69.3611, 69.9749, 70.5887, 71.2025, 71.8163, 72.4301, 73.044, 73.6578, 74.2716, 74.8854, 75.4992, 76.113, 76.7268, 77.3407, 77.9545, 78.5683, 79.1821, 79.7959, 80.4097, 81.0235, 81.6374, 82.2512, 82.865, 83.4788, 84.0926, 84.7064, 85.3202, 85.9341, 86.5479, 87.1617, 87.7755, 88.3893, 89.0031, 89.617, 90.2308, 90.8446, 91.4584, 92.0722, 92.686, 93.2998, 93.9137, 94.5275, 95.1413, 95.7551, 96.3689, 96.9827, 97.5965, 98.2104, 98.8242, 99.438, 100.052, 100.666, 101.279, 101.893, 102.507, 103.121, 103.735, 104.349, 104.962, 105.576, 106.19, 106.804, 107.418, 108.031, 108.645, 109.259, 109.873, 110.487, 111.1, 111.714, 112.328, 112.942, 113.556, 114.17, 114.783, 115.397, 116.011, 116.625, 117.239, 117.852, 118.466, 119.08, 119.694, 120.308, 120.922, 121.535, 122.149, 122.763, 123.377, 123.991, 124.604, 125.218, 125.832, 126.446, 127.06, 127.673, 128.287, 128.901, 129.515, 130.129, 130.743, 131.356, 131.97, 132.584, 133.198, 133.812, 134.425, 135.039, 135.653, 136.267, 136.881, 137.495, 138.108, 138.722, 139.336, 139.95, 140.564, 141.177, 141.791, 142.405, 143.019, 143.633, 144.246, 144.86, 145.474, 146.088, 146.702, 147.316, 147.929, 148.543, 149.157, 149.771, 150.385, 150.998, 151.612, 152.226, 152.84, 153.454, 154.068, 154.681, 155.295, 155.909, 156.523, 157.137, 157.75, 158.364, 158.978, 159.592, 160.206, 160.819, 161.433, 162.047, 162.661, 163.275, 163.889, 164.502, 165.116, 165.73, 166.344, 166.958, 167.571, 168.185, 168.799, 169.413, 170.027, 170.64, 171.254, 171.868, 172.482, 173.096, 173.71, 174.323, 174.937, 175.551, 176.165, 176.779, 177.392, 178.006, 178.62, 179.234, 179.848, 180.462, 181.075, 181.689, 182.303, 182.917, 183.531, 184.144, 184.758, 185.372, 185.986, 186.6, 187.213, 187.827, 188.441, 189.055, 189.669, 190.283, 190.896, 191.51, 192.124, 192.738, 193.352, 193.965, 194.579, 195.193, 195.807, 196.421, 197.035, 197.648, 198.262, 198.876, 199.49, 200.104, 200.717, 201.331, 201.945, 202.559, 203.173, 203.786, 204.4, 205.014, 205.628, 206.242, 206.856, 207.469, 208.083, 208.697, 209.311, 209.925, 210.538, 211.152, 211.766, 212.38, 212.994, 213.608, 214.221, 214.835, 215.449, 216.063, 216.677, 217.29, 217.904, 218.518, 219.132, 219.746, 220.359, 220.973, 221.587, 222.201, 222.815, 223.429, 224.042, 224.656, 225.27, 225.884, 226.498, 227.111, 227.725, 228.339, 228.953, 229.567, 230.181, 230.794, 231.408, 232.022, 232.636, 233.25, 233.863, 234.477, 235.091, 235.705, 236.319, 236.932, 237.546, 238.16, 238.774, 239.388, 240.002, 240.615, 241.229, 241.843, 242.457, 243.071, 243.684, 244.298, 244.912, 245.526, 246.14, 246.754, 247.367, 247.981, 248.595, 249.209, 249.823, 250.436, 251.05, 251.664, 252.278, 252.892, 253.505, 254.119, 254.733, 255.347, 255.961, 256.575, 257.188, 257.802, 258.416, 259.03, 259.644, 260.257, 260.871, 261.485, 262.099, 262.713, 263.327, 263.94, 264.554, 265.168, 265.782, 266.396, 267.009, 267.623, 268.237, 268.851, 269.465, 270.078, 270.692, 271.306, 271.92, 272.534, 273.148, 273.761, 274.375, 274.989, 275.603, 276.217, 276.83, 277.444, 278.058, 278.672, 279.286, 279.9, 280.513, 281.127, 281.741, 282.355, 282.969, 283.582, 284.196, 284.81, 285.424, 286.038, 286.651, 287.265, 287.879, 288.493, 289.107, 289.721, 290.334, 290.948, 291.562, 292.176, 292.79, 293.403, 294.017
3.93384, 3.93483, 3.93583, 3.93684, 3.93786, 3.93889, 3.93994, 3.94099, 3.94206, 3.94313, 3.94422, 3.94532, 3.94644, 3.94756, 3.9487, 3.94985, 3.95101, 3.95218, 3.95336, 3.95456, 3.95577, 3.95699, 3.95823, 3.95948, 3.96074, 3.96201, 3.9633, 3.9646, 3.96591, 3.96724, 3.96858, 3.96993, 3.9713, 3.97268, 3.97408, 3.97549, 3.97691, 3.97835, 3.9798, 3.98127, 3.98275, 3.98425, 3.98576, 3.98729, 3.98884, 3.99039, 3.99197, 3.99356, 3.99516, 3.99679, 3.99842, 4.00008, 4.00175, 4.00344, 4.00514, 4.00686, 4.0086, 4.01036, 4.01213, 4.01392, 4.01573, 4.01756, 4.0194, 4.02126, 4.02315, 4.02505, 4.02696, 4.0289, 4.03086, 4.03283, 4.03483, 4.03684, 4.03888, 4.04093, 4.04301, 4.04511, 4.04722, 4.04936, 4.05152, 4.0537, 4.0559, 4.05812, 4.06037, 4.06263, 4.06492, 4.06724, 4.06957, 4.07193, 4.07431, 4.07671, 4.07914, 4.0816, 4.08407, 4.08658, 4.0891, 4.09165, 4.09423, 4.09683, 4.09946, 4.10212, 4.1048, 4.10751, 4.11024, 4.113, 4.11579, 4.11861, 4.12146, 4.12433, 4.12723, 4.13017, 4.13313, 4.13612, 4.13914, 4.1422, 4.14528, 4.14839, 4.15154, 4.15472, 4.15793, 4.16117, 4.16445, 4.16776, 4.1711, 4.17448, 4.17789, 4.18134, 4.18483, 4.18835, 4.1919, 4.19549, 4.19912, 4.20279, 4.2065, 4.21024, 4.21402, 4.21785, 4.22171, 4.22561, 4.22956, 4.23354, 4.23757, 4.24164, 4.24576, 4.24992, 4.25412, 4.25837, 4.26266, 4.267, 4.27139, 4.27582, 4.2803, 4.28483, 4.28941, 4.29404, 4.29872, 4.30345, 4.30824, 4.31307, 4.31796, 4.32291, 4.32791, 4.33296, 4.33808, 4.34325, 4.34847, 4.35376, 4.35911, 4.36451, 4.36998, 4.37552, 4.38111, 4.38677, 4.3925, 4.39829, 4.40415, 4.41008, 4.41608, 4.42214, 4.42828, 4.4345, 4.44079, 4.44715, 4.45359, 4.4601, 4.4667, 4.47337, 4.48013, 4.48697, 4.4939, 4.5009, 4.508, 4.51519, 4.52246, 4.52983, 4.53729, 4.54484, 4.55249, 4.56024, 4.56809, 4.57604, 4.58409, 4.59225, 4.60052, 4.60889, 4.61738, 4.62598, 4.63469, 4.64352, 4.65247, 4.66155, 4.67074, 4.68007, 4.68952, 4.6991, 4.70882, 4.71868, 4.72867, 4.73881, 4.74909, 4.75953, 4.77011, 4.78085, 4.79174, 4.8028, 4.81402, 4.82541, 4.83697, 4.84871, 4.86062, 4.87272, 4.88501, 4.89749, 4.91016, 4.92304, 4.93612, 4.94942, 4.96292, 4.97665, 4.99061, 5.00479, 5.01922, 5.03388, 5.0488, 5.06397, 5.07941, 5.09511, 5.11109, 5.12735, 5.1439, 5.16075, 5.17791, 5.19539, 5.21319, 5.23132, 5.24979, 5.26862, 5.28781, 5.30738, 5.32733, 5.34768, 5.36844, 5.38962, 5.41123, 5.4333, 5.45582, 5.47883, 5.50233, 5.52634, 5.55089, 5.57597, 5.60163, 5.62787, 5.65472, 5.6822, 5.71033, 5.73914, 5.76865, 5.7989, 5.8299, 5.8617, 5.89432, 5.92779, 5.96216, 5.99746, 6.03373, 6.07102, 6.10937, 6.14883, 6.18946, 6.2313, 6.27442, 6.31888, 6.36476, 6.41212, 6.46105, 6.51162, 6.56394, 6.61809, 6.6742, 6.73237, 6.79274, 6.85544, 6.92062, 6.98845, 7.05911, 7.1328, 7.20975, 7.29019, 7.37441, 7.4627, 7.55541, 7.65291, 7.75565, 7.86411, 7.97886, 8.10054, 8.2299, 8.36782, 8.51532, 8.67363, 8.84424, 9.02895, 9.23001, 9.45029, 9.69345, 9.96422, 10.2686, 10.6141, 11.0093, 11.4629, 11.9816, 12.5661, 13.2058, 13.8728, 14.5164, 15.0626, 15.4186, 15.4857, 15.1789, 14.4477, 13.2934, 11.7732, 10.0251, 8.17441, 6.36863, 4.73236, 3.34896, 2.25434, 1.44203, 0.875824, 0.504723, 0.275825, 0.142873, 0.0701175, 0.0325913, 0.0143426, 0.00597348, 0.00235281, 0.000874868, 0.000305334, 9.77324e-05, 2.52127e-05, 5.44904e-06, 1.57075e-06, 4.27751e-07, 1.1003e-07, 2.67343e-08, 6.13567e-09, 1.33013e-09, 2.72371e-10, 5.26823e-11, 9.62511e-12, 1.66105e-12, 2.70768e-13, 4.16916e-14, 6.06366e-15, 8.33026e-16, 1.08098e-16, 1.325e-17, 1.53408e-18, 1.67771e-19, 1.73309e-20, 1.69107e-21, 1.55862e-22, 1.35691e-23, 1.11584e-24, 8.66735e-26, 6.35927e-27, 4.40721e-28, 2.88507e-29, 1.78396e-30, 1.04196e-31, 5.74842e-33, 2.9956e-34, 1.47453e-35, 6.85585e-37, 3.01094e-38, 1.24905e-39, 4.89432e-41, 1.81151e-42, 6.33319e-44, 2.09142e-45, 6.5237e-47, 1.92213e-48, 5.34941e-50, 1.40625e-51, 3.49186e-53, 8.19002e-55, 1.81446e-56, 3.79704e-58, 7.50547e-60, 1.40134e-61, 2.47142e-63, 4.11701e-65, 6.47818e-67, 9.62849e-69, 1.35175e-70, 1.79255e-72, 2.24532e-74, 2.65657e-76, 2.96892e-78, 3.13407e-80, 3.12502e-82, 2.94328e-84, 2.61845e-86, 2.20034e-88, 1.74651e-90, 1.30944e-92, 9.27327e-95, 6.20318e-97, 3.91949e-99, 2.33926e-101, 1.31874e-103, 7.02225e-106, 3.53204e-108, 1.67806e-110, 7.5305e-113, 3.19208e-115, 1.27807e-117, 4.8336e-120, 1.72671e-122, 5.82642e-125, 1.85702e-127, 5.59067e-130, 1.58981e-132, 4.2703e-135, 1.08344e-137, 2.59647e-140, 5.87753e-143, 1.25672e-145, 2.53814e-148, 4.84201e-151, 8.72504e-154, 1.48505e-156, 2.38753e-159, 3.62567e-162, 5.20067e-165, 7.04633e-168, 9.01777e-171, 1.0901e-173, 1.24471e-176, 1.34245e-179, 1.36761e-182, 1.31601e-185, 1.19616e-188, 1.02695e-191, 8.32797e-195, 6.37914e-198, 4.61548e-201, 3.15431e-204, 2.03621e-207, 1.24157e-210, 7.15078e-214, 3.89015e-217, 1.99899e-220, 9.70256e-224, 4.44829e-227, 1.92633e-230, 7.87954e-234, 3.0444e-237
3.93384, 3.93484, 3.93586, 3.93689, 3.93793, 3.93898, 3.94004, 3.94112, 3.9422, 3.9433, 3.94441, 3.94553, 3.94666, 3.9478, 3.94896, 3.95012, 3.9513, 3.95249, 3.9537, 3.95491, 3.95614, 3.95739, 3.95864, 3.95991, 3.96119, 3.96248, 3.96379, 3.96511, 3.96644, 3.96779, 3.96915, 3.97053, 3.97191, 3.97332, 3.97473, 3.97616, 3.97761, 3.97907, 3.98055, 3.98203, 3.98354, 3.98506, 3.98659, 3.98814, 3.98971, 3.99129, 3.99289, 3.9945, 3.99613, 3.99777, 3.99944, 4.00111, 4.00281, 4.00452, 4.00625, 4.00799, 4.00975, 4.01153, 4.01333, 4.01515, 4.01698, 4.01883, 4.0207, 4.02259, 4.02449, 4.02642, 4.02836, 4.03032, 4.03231, 4.03431, 4.03633, 4.03837, 4.04043, 4.04251, 4.04462, 4.04674, 4.04888, 4.05105, 4.05323, 4.05544, 4.05767, 4.05992, 4.06219, 4.06449, 4.06681, 4.06915, 4.07151, 4.0739, 4.07631, 4.07874, 4.0812, 4.08369, 4.08619, 4.08872, 4.09128, 4.09386, 4.09647, 4.09911, 4.10177, 4.10445, 4.10717, 4.10991, 4.11267, 4.11547, 4.11829, 4.12114, 4.12402, 4.12693, 4.12987, 4.13284, 4.13583, 4.13886, 4.14192, 4.14501, 4.14813, 4.15128, 4.15446, 4.15767, 4.16092, 4.1642, 4.16752, 4.17087, 4.17425, 4.17766, 4.18112, 4.1846, 4.18813, 4.19169, 4.19528, 4.19891, 4.20259, 4.20629, 4.21004, 4.21383, 4.21765, 4.22152, 4.22543, 4.22937, 4.23336, 4.23739, 4.24147, 4.24559, 4.24975, 4.25395, 4.2582, 4.2625, 4.26684, 4.27122, 4.27566, 4.28014, 4.28467, 4.28925, 4.29389, 4.29857, 4.3033, 4.30808, 4.31292, 4.31781, 4.32275, 4.32775, 4.33281, 4.33792, 4.34309, 4.34832, 4.3536, 4.35895, 4.36435, 4.36982, 4.37535, 4.38094, 4.3866, 4.39232, 4.39811, 4.40397, 4.40989, 4.41589, 4.42195, 4.42809, 4.4343, 4.44058, 4.44694, 4.45337, 4.45988, 4.46647, 4.47314, 4.47989, 4.48672, 4.49364, 4.50064, 4.50773, 4.5149, 4.52217, 4.52952, 4.53697, 4.54452, 4.55216, 4.55989, 4.56773, 4.57566, 4.5837, 4.59185, 4.6001, 4.60846, 4.61693, 4.62551, 4.63421, 4.64302, 4.65195, 4.66101, 4.67018, 4.67949, 4.68892, 4.69848, 4.70818, 4.71801, 4.72798, 4.73809, 4.74834, 4.75875, 4.7693, 4.78001, 4.79087, 4.8019, 4.81308, 4.82444, 4.83596, 4.84766, 4.85954, 4.8716, 4.88384, 4.89628, 4.90891, 4.92174, 4.93477, 4.94801, 4.96147, 4.97514, 4.98904, 5.00317, 5.01753, 5.03213, 5.04698, 5.06209, 5.07745, 5.09308, 5.10898, 5.12516, 5.14163, 5.1584, 5.17547, 5.19285, 5.21055, 5.22858, 5.24695, 5.26567, 5.28475, 5.3042, 5.32403, 5.34425, 5.36487, 5.38591, 5.40738, 5.42929, 5.45166, 5.4745, 5.49783, 5.52166, 5.54601, 5.5709, 5.59635, 5.62238, 5.649, 5.67624, 5.70412, 5.73267, 5.76191, 5.79186, 5.82256, 5.85404, 5.88632, 5.91945, 5.95344, 5.98835, 6.02421, 6.06106, 6.09895, 6.13792, 6.17803, 6.21932, 6.26186, 6.30571, 6.35093, 6.39759, 6.44578, 6.49556, 6.54703, 6.60028, 6.65542, 6.71256, 6.77181, 6.83331, 6.8972, 6.96364, 7.0328, 7.10486, 7.18003, 7.25855, 7.34066, 7.42664, 7.51682, 7.61154, 7.71121, 7.81626, 7.92722, 8.04465, 8.16925, 8.30178, 8.44315, 8.59444, 8.75692, 8.93217, 9.12205, 9.32895, 9.55589, 9.80678, 10.0867, 10.4022, 10.7616, 11.1747, 11.6519, 12.2022, 12.8285, 13.5229, 14.2586, 14.9851, 15.625, 16.079, 16.2389, 16.0081, 15.3254, 14.1847, 12.6442, 10.8198, 8.86417, 6.93728, 5.17718, 3.67886, 2.48615, 1.59628, 0.97299, 0.562642, 0.308488, 0.160296, 0.0789065, 0.0367837, 0.0162332, 0.00677943, 0.00267758, 0.000998513, 0.000349802, 0.000112716, 2.9737e-05, 6.66572e-06, 1.91996e-06, 5.23152e-07, 1.34648e-07, 3.27347e-08, 7.51716e-09, 1.63056e-09, 3.34084e-10, 6.46563e-11, 1.18196e-11, 2.04095e-12, 3.32887e-13, 5.1286e-14, 7.46341e-15, 1.02592e-15, 1.33206e-16, 1.63369e-17, 1.89257e-18, 2.07096e-19, 2.14056e-20, 2.08986e-21, 1.92728e-22, 1.67884e-23, 1.38136e-24, 1.0736e-25, 7.88156e-27, 5.46536e-28, 3.57981e-29, 2.21481e-30, 1.29434e-31, 7.14493e-33, 3.72547e-34, 1.83485e-35, 8.53599e-37, 3.75097e-38, 1.55692e-39, 6.10417e-41, 2.26059e-42, 7.90771e-44, 2.61285e-45, 8.15481e-47, 2.40407e-48, 6.69447e-50, 1.76084e-51, 4.37479e-53, 1.02667e-54, 2.27582e-56, 4.76517e-58, 9.42441e-60, 1.76061e-61, 3.10677e-63, 5.1783e-65, 8.15267e-67, 1.2124e-68, 1.70305e-70, 2.25965e-72, 2.83198e-74, 3.35253e-76, 3.74878e-78, 3.95949e-80, 3.95024e-82, 3.72255e-84, 3.31354e-86, 2.78597e-88, 2.21255e-90, 1.65976e-92, 1.17606e-94, 7.87132e-97, 4.97621e-99, 2.97155e-101, 1.6761e-103, 8.92999e-106, 4.49402e-108, 2.13624e-110, 9.5918e-113, 4.06801e-115, 1.62966e-117, 6.16659e-120, 2.20407e-122, 7.44112e-125, 2.37292e-127, 7.14762e-130, 2.03363e-132, 5.46531e-135, 1.38736e-137, 3.32657e-140, 7.5342e-143, 1.61179e-145, 3.25696e-148, 6.21654e-151, 1.12077e-153, 1.90861e-156, 3.07007e-159, 4.66458e-162, 6.69434e-165, 9.07476e-168, 1.16197e-170, 1.40535e-173, 1.60549e-176, 1.73245e-179, 1.76582e-182, 1.70006e-185, 1.54601e-188, 1.32798e-191, 1.07746e-194, 8.2574e-198, 5.97746e-201, 4.08715e-204, 2.63971e-207, 1.61036e-210, 9.27941e-214, 5.05067e-217, 2.59662e-220, 1.26095e-223, 5.78388e-227, 2.50594e-230, 1.02554e-233, 3.96431e-237
209.20
176.82
 
MEASUREMENT 47
1.56305, 4.67879, 7.79453, 10.9103, 14.0312, 17.1469, 20.2679, 23.3784, 26.4796, 29.5859, 32.6913, 35.8071, 38.9228, 42.0385, 45.1595, 48.2752, 51.3909, 54.5067, 57.6224, 60.7381, 63.8435, 66.9593, 70.0698, 73.1752, 76.2806, 79.3859, 82.4913, 85.5967, 88.7021, 91.8074, 94.9128, 98.0182, 101.1, 104.148, 107.196, 110.244, 113.292, 116.339, 119.387, 122.435, 125.483, 128.531, 131.574, 134.622, 137.67, 140.718, 143.766, 146.814, 149.861, 152.909, 155.957, 159.005, 162.053, 165.101, 168.149, 171.197, 174.245, 177.293, 180.341, 183.389, 186.436, 189.484, 192.532, 195.58, 198.621, 201.655, 204.688, 207.722, 210.756, 213.794, 216.838, 219.882, 222.926, 225.97, 229.014, 232.058, 235.102, 238.145, 241.189, 244.233, 247.277, 250.321, 253.37, 256.424, 259.478, 262.532, 265.586, 268.64, 271.695, 274.749, 277.803, 280.857, 283.911, 286.97, 290.035, 293.099
3.48033, 3.4965, 3.48739, 3.69903, 3.48223, 3.52797, 3.81407, 3.80963, 3.74975, 3.79978, 3.84912, 3.93871, 3.94552, 3.98605, 3.98746, 3.99373, 4.15516, 4.18808, 4.26434, 4.30722, 3.80624, 4.26616, 4.28819, 4.27415, 4.37134, 4.38485, 4.41071, 4.40297, 4.46442, 4.1192, 4.53058, 3.92924, 4.55424, 4.55134, 4.5943, 4.61583, 4.64033, 4.67982, 4.72036, 4.74227, 4.76392, 4.81465, 4.87695, 4.88812, 4.94343, 5.02247, 5.09199, 5.13836, 5.18786, 5.24258, 5.34828, 5.44205, 5.54936, 5.62369, 5.73854, 6.0143, 6.10192, 6.18854, 6.43113, 6.73175, 6.96413, 7.42295, 7.86944, 8.66215, 11.0727, 12.6399, 14.2711, 12.9623, 6.66768, 1.47775, 0.102389, -0.0132527, -0.0400126, -0.0469182, -0.0399624, -0.0210504, -0.0291104, -0.024598, -0.0586169, -0.0397401, -0.064988, -0.0716809, -0.0592268, -0.0302477, -0.0375603, -0.0498038, -0.0272021, -0.0264332, -0.0242474, -0.016154, -0.0221675, -0.0343703, -0.0533074, -0.0403508, -0.0642296, -0.103495
0.10441, 0.104895, 0.104622, 0.110971, 0.104467, 0.105839, 0.114422, 0.114289, 0.112493, 0.113993, 0.115473, 0.118161, 0.118365, 0.119581, 0.119624, 0.119812, 0.124655, 0.125642, 0.12793, 0.129217, 0.114187, 0.127985, 0.128646, 0.128225, 0.13114, 0.131546, 0.132321, 0.132089, 0.133933, 0.123576, 0.135917, 0.117877, 0.136627, 0.13654, 0.137829, 0.138475, 0.13921, 0.140395, 0.141611, 0.142268, 0.142917, 0.144439, 0.146309, 0.146643, 0.148303, 0.150674, 0.15276, 0.154151, 0.155636, 0.157277, 0.160448, 0.163261, 0.166481, 0.168711, 0.172156, 0.180429, 0.183058, 0.185656, 0.192934, 0.201953, 0.208924, 0.222688, 0.236083, 0.259865, 0.33218, 0.379197, 0.428134, 0.388869, 0.200031, 0.0443324, 0.00307168, 0.000397582, 0.00120038, 0.00140755, 0.00119887, 0.000631513, 0.000873312, 0.000737939, 0.00175851, 0.0011922, 0.00194964, 0.00215043, 0.0017768, 0.000907431, 0.00112681, 0.00149411, 0.000816062, 0.000792995, 0.000727421, 0.00048462, 0.000665025, 0.00103111, 0.00159922, 0.00121052, 0.00192689, 0.00310485
0, 0.613815, 1.22763, 1.84144, 2.45526, 3.06907, 3.68289, 4.2967, 4.91052, 5.52433, 6.13815, 6.75196, 7.36578, 7.97959, 8.59341, 9.20722, 9.82104, 10.4349, 11.0487, 11.6625, 12.2763, 12.8901, 13.5039, 14.1177, 14.7316, 15.3454, 15.9592, 16.573, 17.1868, 17.8006, 18.4144, 19.0283, 19.6421, 20.2559, 20.8697, 21.4835, 22.0973, 22.7111, 23.325, 23.9388, 24.5526, 25.1664, 25.7802, 26.394, 27.0078, 27.6217, 28.2355, 28.8493, 29.4631, 30.0769, 30.6907, 31.3046, 31.9184, 32.5322, 33.146, 33.7598, 34.3736, 34.9874, 35.6013, 36.2151, 36.8289, 37.4427, 38.0565, 38.6703, 39.2841, 39.898, 40.5118, 41.1256, 41.7394, 42.3532, 42.967, 43.5808, 44.1947, 44.8085, 45.4223, 46.0361, 46.6499, 47.2637, 47.8775, 48.4914, 49.1052, 49.719, 50.3328, 50.9466, 51.5604, 52.1743, 52.7881, 53.4019, 54.0157, 54.6295, 55.2433, 55.8571, 56.471, 57.0848, 57.6986, 58.3124, 58.9262, 59.54, 60.1538, 60.7677, 61.3815, 61.9953, 62.6091, 63.2229, 63.8367, 64.4505, 65.0644, 65.6782, 66.292, 66.9058, 67.5196, 68.1334, 68.7473, 69.3611, 69.9749, 70.5887, 71.2025, 71.8163, 72.4301, 73.044, 73.6578, 74.2716, 74.8854, 75.4992, 76.113, 76.7268, 77.3407, 77.9545, 78.5683, 79.1821, 79.7959, 80.4097, 81.0235, 81.6374, 82.2512, 82.865, 83.4788, 84.0926, 84.7064, 85.3202, 85.9341, 86.5479, 87.1617, 87.7755, 88.3893, 89.0031, 89.617, 90.2308, 90.8446, 91.4584, 92.0722, 92.686, 93.2998, 93.9137, 94.5275, 95.1413, 95.7551, 96.3689, 96.9827, 97.5965, 98.2104, 98.8242, 99.438, 100.052, 100.666, 101.279, 101.893, 102.507, 103.121, 103.735, 104.349, 104.962, 105.576, 106.19, 106.804, 107.418, 108.031, 108.645, 109.259, 109.873, 110.487, 111.1, 111.714, 112.328, 112.942, 113.556, 114.17, 114.783, 115.397, 116.011, 116.625, 117.239, 117.852, 118.466, 119.08, 119.694, 120.308, 120.922, 121.535, 122.149, 122.763, 123.377, 123.991, 124.604, 125.218, 125.832, 126.446, 127.06, 127.673, 128.287, 128.901, 129.515, 130.129, 130.743, 131.356, 131.97, 132.584, 133.198, 133.812, 134.425, 135.039, 135.653, 136.267, 136.881, 137.495, 138.108, 138.722, 139.336, 139.95, 140.564, 141.177, 141.791, 142.405, 143.019, 143.633, 144.246, 144.86, 145.474, 146.088, 146.702, 147.316, 147.929, 148.543, 149.157, 149.771, 150.385, 150.998, 151.612, 152.226, 152.84, 153.454, 154.068, 154.681, 155.295, 155.909, 156.523, 157.137, 157.75, 158.364, 158.978, 159.592, 160.206, 160.819, 161.433, 162.047, 162.661, 163.275, 163.889, 164.502, 165.116, 165.73, 166.344, 166.958, 167.571, 168.185, 168.799, 169.413, 170.027, 170.64, 171.254, 171.868, 172.482, 173.096, 173.71, 174.323, 174.937, 175.551, 176.165, 176.779, 177.392, 178.006, 178.62, 179.234, 179.848, 180.462, 181.075, 181.689, 182.303, 182.917, 183.531, 184.144, 184.758, 185.372, 185.986, 186.6, 187.213, 187.827, 188.441, 189.055, 189.669, 190.283, 190.896, 191.51, 192.124, 192.738, 193.352, 193.965, 194.579, 195.193, 195.807, 196.421, 197.035, 197.648, 198.262, 198.876, 199.49, 200.104, 200.717, 201.331, 201.945, 202.559, 203.173, 203.786, 204.4, 205.014, 205.628, 206.242, 206.856, 207.469, 208.083, 208.697, 209.311, 209.925, 210.538, 211.152, 211.766, 212.38, 212.994, 213.608, 214.221, 214.835, 215.449, 216.063, 216.677, 217.29, 217.904, 218.518, 219.132, 219.746, 220.359, 220.973, 221.587, 222.201, 222.815, 223.429, 224.042, 224.656, 225.27, 225.884, 226.498, 227.111, 227.725, 228.339, 228.953, 229.567, 230.181, 230.794, 231.408, 232.022, 232.636, 233.25, 233.863, 234.477, 235.091, 235.705, 236.319, 236.932, 237.546, 238.16, 238.774, 239.388, 240.002, 240.615, 241.229, 241.843, 242.457, 243.071, 243.684, 244.298, 244.912, 245.526, 246.14, 246.754, 247.367, 247.981, 248.595, 249.209, 249.823, 250.436, 251.05, 251.664, 252.278, 252.892, 253.505, 254.119, 254.733, 255.347, 255.961, 256.575, 257.188, 257.802, 258.416, 259.03, 259.644, 260.257, 260.871, 261.485, 262.099, 262.713, 263.327, 263.94, 264.554, 265.168, 265.782, 266.396, 267.009, 267.623, 268.237, 268.851, 269.465, 270.078, 270.692, 271.306, 271.92, 272.534, 273.148, 273.761, 274.375, 274.989, 275.603, 276.217, 276.83, 277.444, 278.058, 278.672, 279.286, 279.9, 280.513, 281.127, 281.741, 282.355, 282.969, 283.582, 284.196, 284.81, 285.424, 286.038, 286.651, 287.265, 287.879, 288.493, 289.107, 289.721, 290.334, 290.948, 291.562, 292.176, 292.79, 293.403, 294.017
3.93538, 3.93636, 3.93736, 3.93837, 3.93939, 3.94042, 3.94146, 3.94252, 3.94358, 3.94466, 3.94574, 3.94684, 3.94795, 3.94907, 3.95021, 3.95135, 3.95251, 3.95368, 3.95487, 3.95606, 3.95727, 3.95849, 3.95972, 3.96097, 3.96222, 3.9635, 3.96478, 3.96608, 3.96739, 3.96871, 3.97005, 3.9714, 3.97277, 3.97415, 3.97554, 3.97695, 3.97837, 3.97981, 3.98126, 3.98272, 3.9842, 3.9857, 3.98721, 3.98873, 3.99027, 3.99183, 3.9934, 3.99499, 3.99659, 3.99821, 3.99985, 4.0015, 4.00317, 4.00485, 4.00655, 4.00827, 4.01001, 4.01176, 4.01353, 4.01532, 4.01712, 4.01895, 4.02079, 4.02265, 4.02453, 4.02642, 4.02834, 4.03027, 4.03223, 4.0342, 4.03619, 4.0382, 4.04023, 4.04229, 4.04436, 4.04645, 4.04856, 4.0507, 4.05285, 4.05503, 4.05723, 4.05944, 4.06169, 4.06395, 4.06624, 4.06854, 4.07087, 4.07323, 4.07561, 4.07801, 4.08043, 4.08288, 4.08535, 4.08785, 4.09037, 4.09292, 4.09549, 4.09809, 4.10072, 4.10337, 4.10604, 4.10875, 4.11148, 4.11424, 4.11702, 4.11983, 4.12268, 4.12555, 4.12844, 4.13137, 4.13433, 4.13732, 4.14033, 4.14338, 4.14646, 4.14957, 4.15271, 4.15588, 4.15909, 4.16233, 4.1656, 4.1689, 4.17224, 4.17561, 4.17902, 4.18246, 4.18594, 4.18945, 4.193, 4.19659, 4.20021, 4.20387, 4.20757, 4.21131, 4.21509, 4.2189, 4.22276, 4.22666, 4.2306, 4.23457, 4.2386, 4.24266, 4.24677, 4.25092, 4.25511, 4.25935, 4.26364, 4.26797, 4.27235, 4.27678, 4.28125, 4.28577, 4.29034, 4.29497, 4.29964, 4.30436, 4.30914, 4.31396, 4.31885, 4.32378, 4.32877, 4.33382, 4.33892, 4.34408, 4.3493, 4.35458, 4.35991, 4.36531, 4.37077, 4.37629, 4.38188, 4.38753, 4.39324, 4.39902, 4.40487, 4.41079, 4.41677, 4.42283, 4.42896, 4.43516, 4.44143, 4.44778, 4.45421, 4.46071, 4.4673, 4.47396, 4.4807, 4.48753, 4.49444, 4.50143, 4.50852, 4.51569, 4.52295, 4.5303, 4.53774, 4.54528, 4.55291, 4.56065, 4.56848, 4.57641, 4.58445, 4.59259, 4.60084, 4.60919, 4.61766, 4.62624, 4.63493, 4.64374, 4.65267, 4.66173, 4.6709, 4.6802, 4.68964, 4.6992, 4.70889, 4.71873, 4.7287, 4.73881, 4.74907, 4.75947, 4.77003, 4.78074, 4.79161, 4.80264, 4.81383, 4.82519, 4.83672, 4.84843, 4.86032, 4.87238, 4.88464, 4.89708, 4.90973, 4.92257, 4.93561, 4.94887, 4.96234, 4.97603, 4.98995, 5.00409, 5.01847, 5.0331, 5.04797, 5.0631, 5.07848, 5.09414, 5.11007, 5.12628, 5.14278, 5.15958, 5.17669, 5.1941, 5.21184, 5.22992, 5.24833, 5.2671, 5.28622, 5.30572, 5.3256, 5.34588, 5.36657, 5.38767, 5.4092, 5.43119, 5.45363, 5.47655, 5.49996, 5.52388, 5.54833, 5.57331, 5.59887, 5.625, 5.65174, 5.6791, 5.70711, 5.73579, 5.76518, 5.79528, 5.82615, 5.85779, 5.89026, 5.92357, 5.95777, 5.99289, 6.02898, 6.06608, 6.10422, 6.14347, 6.18387, 6.22548, 6.26835, 6.31256, 6.35816, 6.40523, 6.45385, 6.5041, 6.55607, 6.60986, 6.66558, 6.72334, 6.78327, 6.84549, 6.91017, 6.97746, 7.04754, 7.12061, 7.19688, 7.2766, 7.36002, 7.44745, 7.53921, 7.63568, 7.73729, 7.84449, 7.95785, 8.07798, 8.2056, 8.34154, 8.48681, 8.64255, 8.81016, 8.99137, 9.18826, 9.40349, 9.64044, 9.90353, 10.1984, 10.5324, 10.9141, 11.3534, 11.8589, 12.435, 13.0765, 13.7612, 14.444, 15.053, 15.4924, 15.6544, 15.4398, 14.7818, 13.6683, 12.1464, 10.3612, 8.44613, 6.56339, 4.85245, 3.40763, 2.27002, 1.43292, 0.856335, 0.484146, 0.258794, 0.130724, 0.0623719, 0.0280986, 0.0119476, 0.00479254, 0.00181187, 0.000643932, 0.000213125, 6.29887e-05, 1.18605e-05, 3.33722e-06, 9.06568e-07, 2.3191e-07, 5.58599e-08, 1.2669e-08, 2.70547e-09, 5.44007e-10, 1.02998e-10, 1.83616e-11, 3.08214e-12, 4.87142e-13, 7.24969e-14, 1.01588e-14, 1.34038e-15, 1.66522e-16, 1.94793e-17, 2.14555e-18, 2.22516e-19, 2.17293e-20, 1.99797e-21, 1.72978e-22, 1.41011e-23, 1.08237e-24, 7.82271e-26, 5.32352e-27, 3.41114e-28, 2.05806e-29, 1.16917e-30, 6.25398e-32, 3.14988e-33, 1.4938e-34, 6.67032e-36, 2.80454e-37, 1.11029e-38, 4.13874e-40, 1.45264e-41, 4.80075e-43, 1.49389e-44, 4.37709e-46, 1.20757e-47, 3.13687e-49, 7.67254e-51, 1.76702e-52, 3.83178e-54, 7.82381e-56, 1.50416e-57, 2.72288e-59, 4.6411e-61, 7.44855e-63, 1.12559e-64, 1.60157e-66, 2.14571e-68, 2.70677e-70, 3.21508e-72, 3.59574e-74, 3.78655e-76, 3.75453e-78, 3.5053e-80, 3.08143e-82, 2.55057e-84, 1.98783e-86, 1.45874e-88, 1.00794e-90, 6.55762e-93, 4.01713e-95, 2.31709e-97, 1.25842e-99, 6.43528e-102, 3.0986e-104, 1.40482e-106, 5.99694e-109, 2.41045e-111, 9.12265e-114, 3.25088e-116, 1.09078e-118, 3.44613e-121, 1.02513e-123, 2.87135e-126, 7.57265e-129, 1.88047e-131, 4.39683e-134, 9.67987e-137, 2.00657e-139, 3.91649e-142, 7.1977e-145, 1.24551e-147, 2.02934e-150, 3.11329e-153, 4.49717e-156, 6.11667e-159, 7.83332e-162, 9.44565e-165, 1.07244e-167, 1.14649e-170, 1.15404e-173, 1.09378e-176, 9.76093e-180, 8.20178e-183, 6.48904e-186, 4.83401e-189, 3.3907e-192, 2.23937e-195, 1.39257e-198, 8.15386e-202, 4.49535e-205, 2.33356e-208, 1.14059e-211, 5.2492e-215, 2.27463e-218, 9.28078e-222, 3.56543e-225, 1.28971e-228, 4.39267e-232, 1.4087e-235, 4.25366e-239, 1.20937e-242, 3.23752e-246, 8.16052e-250
3.93538, 3.93638, 3.9374, 3.93843, 3.93946, 3.94051, 3.94157, 3.94265, 3.94373, 3.94482, 3.94593, 3.94705, 3.94818, 3.94932, 3.95047, 3.95164, 3.95282, 3.95401, 3.95521, 3.95643, 3.95765, 3.95889, 3.96015, 3.96141, 3.96269, 3.96398, 3.96529, 3.96661, 3.96794, 3.96929, 3.97064, 3.97202, 3.9734, 3.97481, 3.97622, 3.97765, 3.97909, 3.98055, 3.98203, 3.98351, 3.98502, 3.98653, 3.98807, 3.98961, 3.99118, 3.99276, 3.99435, 3.99596, 3.99759, 3.99923, 4.00089, 4.00257, 4.00426, 4.00597, 4.00769, 4.00944, 4.0112, 4.01298, 4.01477, 4.01658, 4.01841, 4.02026, 4.02213, 4.02402, 4.02592, 4.02784, 4.02978, 4.03174, 4.03372, 4.03572, 4.03774, 4.03978, 4.04184, 4.04392, 4.04602, 4.04814, 4.05028, 4.05244, 4.05462, 4.05683, 4.05906, 4.0613, 4.06357, 4.06587, 4.06818, 4.07052, 4.07288, 4.07527, 4.07767, 4.08011, 4.08256, 4.08504, 4.08755, 4.09007, 4.09263, 4.09521, 4.09781, 4.10044, 4.1031, 4.10578, 4.10849, 4.11123, 4.114, 4.11679, 4.11961, 4.12245, 4.12533, 4.12824, 4.13117, 4.13413, 4.13713, 4.14015, 4.1432, 4.14629, 4.1494, 4.15255, 4.15573, 4.15894, 4.16218, 4.16546, 4.16877, 4.17211, 4.17549, 4.1789, 4.18235, 4.18583, 4.18935, 4.19291, 4.1965, 4.20013, 4.20379, 4.2075, 4.21124, 4.21502, 4.21884, 4.2227, 4.2266, 4.23055, 4.23453, 4.23856, 4.24262, 4.24674, 4.25089, 4.25509, 4.25933, 4.26362, 4.26796, 4.27234, 4.27677, 4.28125, 4.28577, 4.29035, 4.29497, 4.29964, 4.30437, 4.30915, 4.31398, 4.31886, 4.3238, 4.32879, 4.33384, 4.33894, 4.3441, 4.34932, 4.3546, 4.35994, 4.36534, 4.3708, 4.37632, 4.3819, 4.38755, 4.39327, 4.39905, 4.40489, 4.41081, 4.41679, 4.42285, 4.42898, 4.43517, 4.44145, 4.44779, 4.45422, 4.46072, 4.4673, 4.47395, 4.48069, 4.48751, 4.49442, 4.50141, 4.50848, 4.51565, 4.5229, 4.53025, 4.53768, 4.54521, 4.55284, 4.56056, 4.56838, 4.57631, 4.58433, 4.59246, 4.6007, 4.60904, 4.6175, 4.62607, 4.63475, 4.64354, 4.65246, 4.6615, 4.67066, 4.67994, 4.68935, 4.6989, 4.70857, 4.71839, 4.72834, 4.73843, 4.74866, 4.75904, 4.76958, 4.78026, 4.7911, 4.8021, 4.81327, 4.8246, 4.8361, 4.84777, 4.85962, 4.87166, 4.88387, 4.89628, 4.90888, 4.92168, 4.93469, 4.9479, 4.96132, 4.97496, 4.98883, 5.00292, 5.01725, 5.03182, 5.04663, 5.0617, 5.07702, 5.09261, 5.10847, 5.12461, 5.14103, 5.15776, 5.17478, 5.19211, 5.20977, 5.22775, 5.24606, 5.26473, 5.28375, 5.30314, 5.32291, 5.34307, 5.36363, 5.38461, 5.40601, 5.42785, 5.45015, 5.47291, 5.49616, 5.51991, 5.54418, 5.56899, 5.59435, 5.62028, 5.6468, 5.67394, 5.70172, 5.73016, 5.75929, 5.78912, 5.8197, 5.85105, 5.8832, 5.91618, 5.95003, 5.98478, 6.02048, 6.05717, 6.09488, 6.13366, 6.17358, 6.21467, 6.25699, 6.30061, 6.34559, 6.392, 6.43992, 6.48942, 6.54059, 6.59352, 6.64832, 6.70509, 6.76396, 6.82505, 6.8885, 6.95446, 7.02311, 7.09462, 7.1692, 7.24708, 7.3285, 7.41373, 7.50309, 7.59691, 7.69558, 7.79954, 7.90929, 8.02538, 8.14847, 8.27931, 8.41876, 8.56786, 8.72782, 8.90011, 9.08653, 9.28926, 9.51113, 9.75573, 10.0278, 10.3334, 10.6807, 11.0795, 11.541, 12.0763, 12.6924, 13.3869, 14.14, 14.907, 15.6136, 16.1582, 16.423, 16.2959, 15.6975, 14.6058, 13.0703, 11.2083, 9.18294, 7.17055, 5.32584, 3.75653, 2.51293, 1.59259, 0.955385, 0.542113, 0.290789, 0.147376, 0.0705424, 0.0318776, 0.0135948, 0.00546912, 0.00207372, 0.000739352, 0.000245888, 7.33775e-05, 1.45604e-05, 4.10127e-06, 1.11493e-06, 2.85391e-07, 6.87848e-08, 1.56101e-08, 3.33563e-09, 6.71138e-10, 1.27147e-10, 2.26809e-11, 3.80956e-12, 6.02489e-13, 8.97189e-14, 1.25799e-14, 1.66086e-15, 2.06466e-16, 2.4167e-17, 2.66353e-18, 2.76409e-19, 2.70088e-20, 2.48496e-21, 2.15274e-22, 1.756e-23, 1.3487e-24, 9.75364e-26, 6.64167e-27, 4.2584e-28, 2.57084e-29, 1.46138e-30, 7.82186e-32, 3.94199e-33, 1.8706e-34, 8.35802e-36, 3.51629e-37, 1.39292e-38, 5.19547e-40, 1.82466e-41, 6.03391e-43, 1.87877e-44, 5.50815e-46, 1.52054e-47, 3.95227e-49, 9.67283e-51, 2.22905e-52, 4.83662e-54, 9.88151e-56, 1.90091e-57, 3.44318e-59, 5.87237e-61, 9.43031e-63, 1.42592e-64, 2.03012e-66, 2.72149e-68, 3.43518e-70, 4.08271e-72, 4.56882e-74, 4.81413e-76, 4.77627e-78, 4.46186e-80, 3.92465e-82, 3.25044e-84, 2.53478e-86, 1.86121e-88, 1.28679e-90, 8.37673e-93, 5.13452e-95, 2.96333e-97, 1.61034e-99, 8.23971e-102, 3.96974e-104, 1.80081e-106, 7.69186e-109, 3.0935e-111, 1.17145e-113, 4.17691e-116, 1.4023e-118, 4.43286e-121, 1.31942e-123, 3.69773e-126, 9.75764e-129, 2.42443e-131, 5.67192e-134, 1.24941e-136, 2.59141e-139, 5.06085e-142, 9.30604e-145, 1.61125e-147, 2.62672e-150, 4.032e-153, 5.82751e-156, 7.93048e-159, 1.01618e-161, 1.22602e-164, 1.39277e-167, 1.48976e-170, 1.5004e-173, 1.42283e-176, 1.27043e-179, 1.06808e-182, 8.45501e-186, 6.30198e-189, 4.42277e-192, 2.92258e-195, 1.81841e-198, 1.0653e-201, 5.87631e-205, 3.05206e-208, 1.49257e-211, 6.87274e-215, 2.97975e-218, 1.21642e-221, 4.67562e-225, 1.69219e-228, 5.76652e-232, 1.85025e-235, 5.58988e-239, 1.59011e-242, 4.25897e-246, 1.07408e-249
209.30
176.87
 
MEASUREMENT 48
1.56305, 4.67879, 7.79453, 10.9103, 14.0312, 17.1469, 20.2679, 23.3784, 26.4796, 29.5859, 32.6913, 35.8071, 38.9228, 42.0385, 45.1595, 48.2752, 51.3909, 54.5067, 57.6224, 60.7381, 63.8435, 66.9593, 70.0698, 73.1752, 76.2806, 79.3859, 82.4913, 85.5967, 88.7021, 91.8074, 94.9128, 98.0182, 101.1, 104.148, 107.196, 110.244, 113.292, 116.339, 119.387, 122.435, 125.483, 128.531, 131.574, 134.622, 137.67, 140.718, 143.766, 146.814, 149.861, 152.909, 155.957, 159.005, 162.053, 165.101, 168.149, 171.197, 174.245, 177.293, 180.341, 183.389, 186.436, 189.484, 192.532, 195.58, 198.621, 201.655, 204.688, 207.722, 210.756, 213.794, 216.838, 219.882, 222.926, 225.97, 229.014, 232.058, 235.102, 238.145, 241.189, 244.233, 247.277, 250.321, 253.37, 256.424, 259.478, 262.532, 265.586, 268.64, 271.695, 274.749, 277.803, 280.857, 283.911, 286.97, 290.035, 293.099
3.47835, 3.49351, 3.48485, 3.69635, 3.47695, 3.52113, 3.81348, 3.80716, 3.74945, 3.79226, 3.84589, 3.93205, 3.94359, 3.98351, 3.9844, 3.98977, 4.15229, 4.18624, 4.26189, 4.30217, 3.80593, 4.26528, 4.28485, 4.2696, 4.36916, 4.38077, 4.40962, 4.39962, 4.45885, 4.11192, 4.52584, 3.91401, 4.54566, 4.55, 4.59041, 4.60971, 4.63482, 4.67127, 4.71383, 4.73867, 4.75376, 4.81364, 4.87257, 4.88543, 4.93762, 5.01895, 5.08823, 5.12955, 5.18422, 5.23792, 5.33936, 5.43755, 5.54092, 5.61674, 5.73199, 6.00711, 6.0997, 6.18137, 6.42361, 6.7276, 6.96736, 7.41142, 7.85516, 8.68378, 11.0564, 12.6388, 14.2517, 12.9587, 6.65464, 1.47935, 0.10185, -0.0191356, -0.0369934, -0.0458107, -0.0442556, -0.0228935, -0.029229, -0.0220551, -0.0589822, -0.0435068, -0.0645813, -0.0719402, -0.0560914, -0.0326734, -0.0358714, -0.0428041, -0.0250043, -0.0256833, -0.025623, -0.0192022, -0.021999, -0.031908, -0.0534608, -0.0393239, -0.0633511, -0.102754
0.10435, 0.104805, 0.104545, 0.110891, 0.104309, 0.105634, 0.114404, 0.114215, 0.112483, 0.113768, 0.115377, 0.117962, 0.118308, 0.119505, 0.119532, 0.119693, 0.124569, 0.125587, 0.127857, 0.129065, 0.114178, 0.127959, 0.128545, 0.128088, 0.131075, 0.131423, 0.132289, 0.131989, 0.133766, 0.123358, 0.135775, 0.11742, 0.13637, 0.1365, 0.137712, 0.138291, 0.139045, 0.140138, 0.141415, 0.14216, 0.142613, 0.144409, 0.146177, 0.146563, 0.148128, 0.150569, 0.152647, 0.153886, 0.155526, 0.157138, 0.160181, 0.163127, 0.166228, 0.168502, 0.17196, 0.180213, 0.182991, 0.185441, 0.192708, 0.201828, 0.209021, 0.222343, 0.235655, 0.260513, 0.331692, 0.379165, 0.427551, 0.38876, 0.199639, 0.0443806, 0.00305549, 0.000574069, 0.0011098, 0.00137432, 0.00132767, 0.000686806, 0.000876869, 0.000661654, 0.00176947, 0.0013052, 0.00193744, 0.00215821, 0.00168274, 0.000980202, 0.00107614, 0.00128412, 0.00075013, 0.0007705, 0.000768691, 0.000576065, 0.000659969, 0.000957239, 0.00160382, 0.00117972, 0.00190053, 0.00308262
0, 0.613815, 1.22763, 1.84144, 2.45526, 3.06907, 3.68289, 4.2967, 4.91052, 5.52433, 6.13815, 6.75196, 7.36578, 7.97959, 8.59341, 9.20722, 9.82104, 10.4349, 11.0487, 11.6625, 12.2763, 12.8901, 13.5039, 14.1177, 14.7316, 15.3454, 15.9592, 16.573, 17.1868, 17.8006, 18.4144, 19.0283, 19.6421, 20.2559, 20.8697, 21.4835, 22.0973, 22.7111, 23.325, 23.9388, 24.5526, 25.1664, 25.7802, 26.394, 27.0078, 27.6217, 28.2355, 28.8493, 29.4631, 30.0769, 30.6907, 31.3046, 31.9184, 32.5322, 33.146, 33.7598, 34.3736, 34.9874, 35.6013, 36.2151, 36.8289, 37.4427, 38.0565, 38.6703, 39.2841, 39.898, 40.5118, 41.1256, 41.7394, 42.3532, 42.967, 43.5808, 44.1947, 44.8085, 45.4223, 46.0361, 46.6499, 47.2637, 47.8775, 48.4914, 49.1052, 49.719, 50.3328, 50.9466, 51.5604, 52.1743, 52.7881, 53.4019, 54.0157, 54.6295, 55.2433, 55.8571, 56.471, 57.0848, 57.6986, 58.3124, 58.9262, 59.54, 60.1538, 60.7677, 61.3815, 61.9953, 62.6091, 63.2229, 63.8367, 64.4505, 65.0644, 65.6782, 66.292, 66.9058, 67.5196, 68.1334, 68.7473, 69.3611, 69.9749, 70.5887, 71.2025, 71.8163, 72.4301, 73.044, 73.6578, 74.2716, 74.8854, 75.4992, 76.113, 76.7268, 77.3407, 77.9545, 78.5683, 79.1821, 79.7959, 80.4097, 81.0235, 81.6374, 82.2512, 82.865, 83.4788, 84.0926, 84.7064, 85.3202, 85.9341, 86.5479, 87.1617, 87.7755, 88.3893, 89.0031, 89.617, 90.2308, 90.8446, 91.4584, 92.0722, 92.686, 93.2998, 93.9137, 94.5275, 95.1413, 95.7551, 96.3689, 96.9827, 97.5965, 98.2104, 98.8242, 99.438, 100.052, 100.666, 101.279, 101.893, 102.507, 103.121, 103.735, 104.349, 104.962, 105.576, 106.19, 106.804, 107.418, 108.031, 108.645, 109.259, 109.873, 110.487, 111.1, 111.714, 112.328, 112.942, 113.556, 114.17, 114.783, 115.397, 116.011, 116.625, 117.239, 117.852, 118.466, 119.08, 119.694, 120.308, 120.922, 121.535, 122.149, 122.763, 123.377, 123.991, 124.604, 125.218, 125.832, 126.446, 127.06, 127.673, 128.287, 128.901, 129.515, 130.129, 130.743, 131.356, 131.97, 132.584, 133.198, 133.812, 134.425, 135.039, 135.653, 136.267, 136.881, 137.495, 138.108, 138.722, 139.336, 139.95, 140.564, 141.177, 141.791, 142.405, 143.019, 143.633, 144.246, 144.86, 145.474, 146.088, 146.702, 147.316, 147.929, 148.543, 149.157, 149.771, 150.385, 150.998, 151.612, 152.226, 152.84, 153.454, 154.068, 154.681, 155.295, 155.909, 156.523, 157.137, 157.75, 158.364, 158.978, 159.592, 160.206, 160.819, 161.433, 162.047, 162.661, 163.275, 163.889, 164.502, 165.116, 165.73, 166.344, 166.958, 167.571, 168.185, 168.799, 169.413, 170.027, 170.64, 171.254, 171.868, 172.482, 173.096, 173.71, 174.323, 174.937, 175.551, 176.165, 176.779, 177.392, 178.006, 178.62, 179.234, 179.848, 180.462, 181.075, 181.689, 182.303, 182.917, 183.531, 184.144, 184.758, 185.372, 185.986, 186.6, 187.213, 187.827, 188.441, 189.055, 189.669, 190.283, 190.896, 191.51, 192.124, 192.738, 193.352, 193.965, 194.579, 195.193, 195.807, 196.421, 197.035, 197.648, 198.262, 198.876, 199.49, 200.104, 200.717, 201.331, 201.945, 202.559, 203.173, 203.786, 204.4, 205.014, 205.628, 206.242, 206.856, 207.469, 208.083, 208.697, 209.311, 209.925, 210.538, 211.152, 211.766, 212.38, 212.994, 213.608, 214.221, 214.835, 215.449, 216.063, 216.677, 217.29, 217.904, 218.518, 219.132, 219.746, 220.359, 220.973, 221.587, 222.201, 222.815, 223.429, 224.042, 224.656, 225.27, 225.884, 226.498, 227.111, 227.725, 228.339, 228.953, 229.567, 230.181, 230.794, 231.408, 232.022, 232.636, 233.25, 233.863, 234.477, 235.091, 235.705, 236.319, 236.932, 237.546, 238.16, 238.774, 239.388, 240.002, 240.615, 241.229, 241.843, 242.457, 243.071, 243.684, 244.298, 244.912, 245.526, 246.14, 246.754, 247.367, 247.981, 248.595, 249.209, 249.823, 250.436, 251.05, 251.664, 252.278, 252.892, 253.505, 254.119, 254.733, 255.347, 255.961, 256.575, 257.188, 257.802, 258.416, 259.03, 259.644, 260.257, 260.871, 261.485, 262.099, 262.713, 263.327, 263.94, 264.554, 265.168, 265.782, 266.396, 267.009, 267.623, 268.237, 268.851, 269.465, 270.078, 270.692, 271.306, 271.92, 272.534, 273.148, 273.761, 274.375, 274.989, 275.603, 276.217, 276.83, 277.444, 278.058, 278.672, 279.286, 279.9, 280.513, 281.127, 281.741, 282.355, 282.969, 283.582, 284.196, 284.81, 285.424, 286.038, 286.651, 287.265, 287.879, 288.493, 289.107, 289.721, 290.334, 290.948, 291.562, 292.176, 292.79, 293.403, 294.017
3.93158, 3.93257, 3.93357, 3.93458, 3.9356, 3.93663, 3.93767, 3.93873, 3.93979, 3.94087, 3.94196, 3.94306, 3.94417, 3.94529, 3.94643, 3.94757, 3.94873, 3.9499, 3.95109, 3.95228, 3.95349, 3.95471, 3.95595, 3.95719, 3.95845, 3.95972, 3.96101, 3.96231, 3.96362, 3.96495, 3.96629, 3.96764, 3.969, 3.97038, 3.97178, 3.97319, 3.97461, 3.97605, 3.9775, 3.97897, 3.98045, 3.98194, 3.98346, 3.98498, 3.98652, 3.98808, 3.98965, 3.99124, 3.99285, 3.99447, 3.9961, 3.99776, 3.99943, 4.00111, 4.00282, 4.00454, 4.00627, 4.00803, 4.0098, 4.01159, 4.01339, 4.01522, 4.01706, 4.01892, 4.0208, 4.0227, 4.02462, 4.02655, 4.02851, 4.03048, 4.03247, 4.03449, 4.03652, 4.03857, 4.04065, 4.04274, 4.04486, 4.04699, 4.04915, 4.05133, 4.05352, 4.05575, 4.05799, 4.06025, 4.06254, 4.06485, 4.06718, 4.06954, 4.07192, 4.07432, 4.07675, 4.0792, 4.08167, 4.08417, 4.0867, 4.08925, 4.09182, 4.09442, 4.09705, 4.0997, 4.10238, 4.10508, 4.10781, 4.11057, 4.11336, 4.11618, 4.11902, 4.12189, 4.12479, 4.12772, 4.13068, 4.13367, 4.13669, 4.13974, 4.14282, 4.14593, 4.14908, 4.15225, 4.15546, 4.1587, 4.16197, 4.16528, 4.16862, 4.17199, 4.1754, 4.17885, 4.18233, 4.18584, 4.1894, 4.19299, 4.19661, 4.20028, 4.20398, 4.20772, 4.2115, 4.21532, 4.21918, 4.22308, 4.22702, 4.231, 4.23502, 4.23909, 4.2432, 4.24736, 4.25155, 4.2558, 4.26009, 4.26442, 4.2688, 4.27323, 4.27771, 4.28224, 4.28681, 4.29144, 4.29611, 4.30084, 4.30562, 4.31045, 4.31534, 4.32028, 4.32527, 4.33032, 4.33543, 4.34059, 4.34581, 4.3511, 4.35644, 4.36184, 4.3673, 4.37283, 4.37842, 4.38407, 4.38979, 4.39558, 4.40143, 4.40736, 4.41335, 4.41941, 4.42554, 4.43175, 4.43803, 4.44439, 4.45082, 4.45733, 4.46392, 4.47059, 4.47734, 4.48417, 4.49109, 4.49809, 4.50518, 4.51236, 4.51962, 4.52698, 4.53443, 4.54198, 4.54962, 4.55736, 4.5652, 4.57314, 4.58119, 4.58934, 4.5976, 4.60596, 4.61444, 4.62303, 4.63173, 4.64055, 4.64949, 4.65856, 4.66774, 4.67706, 4.6865, 4.69607, 4.70578, 4.71563, 4.72561, 4.73574, 4.74601, 4.75643, 4.767, 4.77772, 4.7886, 4.79965, 4.81086, 4.82223, 4.83378, 4.8455, 4.85741, 4.86949, 4.88176, 4.89423, 4.90689, 4.91975, 4.93282, 4.94609, 4.95959, 4.9733, 4.98724, 5.0014, 5.01581, 5.03046, 5.04536, 5.06051, 5.07592, 5.0916, 5.10756, 5.1238, 5.14034, 5.15717, 5.1743, 5.19175, 5.20953, 5.22764, 5.24609, 5.26489, 5.28406, 5.3036, 5.32352, 5.34384, 5.36457, 5.38572, 5.4073, 5.42934, 5.45183, 5.47481, 5.49827, 5.52225, 5.54676, 5.57181, 5.59742, 5.62363, 5.65043, 5.67787, 5.70596, 5.73472, 5.76419, 5.79439, 5.82534, 5.85709, 5.88965, 5.92307, 5.95738, 5.99262, 6.02883, 6.06605, 6.10433, 6.14372, 6.18427, 6.22604, 6.26908, 6.31346, 6.35924, 6.40651, 6.45534, 6.50581, 6.55802, 6.61206, 6.66805, 6.7261, 6.78633, 6.84888, 6.91391, 6.98158, 7.05207, 7.12558, 7.20233, 7.28256, 7.36655, 7.45459, 7.54703, 7.64424, 7.74666, 7.85478, 7.96914, 8.0904, 8.21929, 8.35667, 8.50357, 8.6612, 8.83102, 9.01481, 9.21479, 9.43376, 9.67533, 9.94414, 10.2462, 10.5888, 10.9807, 11.4309, 11.9466, 12.5294, 13.17, 13.8417, 14.4952, 15.0567, 15.4327, 15.5221, 15.2367, 14.5224, 13.3774, 11.8567, 10.1002, 8.235, 6.41191, 4.75888, 3.3617, 2.25745, 1.43959, 0.871082, 0.499779, 0.271734, 0.139941, 0.068234, 0.0314884, 0.013748, 0.00567659, 0.00221493, 0.000815116, 0.000281098, 8.84661e-05, 2.17018e-05, 4.86875e-06, 1.38449e-06, 3.71647e-07, 9.41657e-08, 2.25204e-08, 5.08372e-09, 1.0832e-09, 2.1785e-10, 4.13549e-11, 7.41001e-12, 1.25323e-12, 2.00063e-13, 3.01455e-14, 4.28745e-15, 5.75568e-16, 7.29317e-17, 8.72281e-18, 9.84732e-19, 1.0493e-19, 1.05537e-20, 1.00191e-21, 8.97788e-23, 7.59346e-24, 6.06215e-25, 4.56808e-26, 3.24909e-27, 2.18128e-28, 1.38223e-29, 8.26743e-31, 4.66746e-32, 2.48721e-33, 1.25102e-34, 5.93929e-36, 2.6615e-37, 1.12574e-38, 4.49438e-40, 1.69364e-41, 6.02413e-43, 2.02249e-44, 6.40912e-46, 1.91704e-47, 5.4123e-49, 1.44229e-50, 3.62781e-52, 8.61302e-54, 1.93013e-55, 4.08259e-57, 8.1509e-59, 1.53601e-60, 2.73214e-62, 4.58702e-64, 7.26904e-66, 1.08728e-67, 1.53507e-69, 2.04566e-71, 2.5731e-73, 3.05491e-75, 3.42342e-77, 3.6211e-79, 3.61526e-81, 3.40688e-83, 3.03035e-85, 2.54418e-87, 2.01615e-89, 1.50805e-91, 1.0647e-93, 7.09504e-96, 4.46275e-98, 2.64953e-100, 1.48475e-102, 7.85335e-105, 3.92081e-107, 1.84763e-109, 8.21809e-112, 3.45021e-114, 1.36722e-116, 5.11386e-119, 1.80542e-121, 6.01622e-124, 1.89229e-126, 5.61784e-129, 1.57423e-131, 4.16376e-134, 1.03949e-136, 2.44947e-139, 5.44804e-142, 1.14374e-144, 2.26637e-147, 4.23889e-150, 7.48325e-153, 1.24694e-155, 1.96118e-158, 2.91144e-161, 4.07957e-164, 5.39558e-167, 6.73563e-170, 7.93661e-173, 8.82692e-176, 9.26616e-179, 9.18136e-182, 8.58679e-185, 7.58004e-188, 6.3158e-191, 4.96709e-194, 3.68716e-197, 2.58344e-200, 1.70852e-203, 1.0665e-206, 6.28369e-210, 3.49451e-213, 1.83431e-216, 9.08818e-220, 4.25007e-223, 1.876e-226, 7.81597e-230, 3.07362e-233, 1.14086e-236, 3.99698e-240
3.93158, 3.93259, 3.9336, 3.93463, 3.93567, 3.93672, 3.93778, 3.93885, 3.93994, 3.94103, 3.94214, 3.94326, 3.94439, 3.94553, 3.94668, 3.94785, 3.94903, 3.95022, 3.95142, 3.95264, 3.95386, 3.9551, 3.95636, 3.95762, 3.9589, 3.9602, 3.9615, 3.96282, 3.96415, 3.9655, 3.96686, 3.96823, 3.96962, 3.97102, 3.97244, 3.97387, 3.97531, 3.97677, 3.97824, 3.97973, 3.98123, 3.98275, 3.98429, 3.98583, 3.9874, 3.98898, 3.99057, 3.99218, 3.99381, 3.99545, 3.99711, 3.99879, 4.00048, 4.00219, 4.00392, 4.00566, 4.00742, 4.0092, 4.011, 4.01281, 4.01464, 4.01649, 4.01836, 4.02024, 4.02215, 4.02407, 4.02601, 4.02797, 4.02995, 4.03195, 4.03397, 4.03601, 4.03807, 4.04015, 4.04225, 4.04437, 4.04651, 4.04868, 4.05086, 4.05307, 4.05529, 4.05754, 4.05981, 4.06211, 4.06442, 4.06676, 4.06912, 4.07151, 4.07392, 4.07635, 4.0788, 4.08129, 4.08379, 4.08632, 4.08887, 4.09145, 4.09406, 4.09669, 4.09935, 4.10203, 4.10474, 4.10748, 4.11025, 4.11304, 4.11586, 4.11871, 4.12158, 4.12449, 4.12743, 4.13039, 4.13338, 4.13641, 4.13946, 4.14255, 4.14566, 4.14881, 4.15199, 4.1552, 4.15845, 4.16173, 4.16504, 4.16838, 4.17176, 4.17517, 4.17862, 4.18211, 4.18563, 4.18918, 4.19278, 4.1964, 4.20007, 4.20378, 4.20752, 4.2113, 4.21513, 4.21899, 4.22289, 4.22683, 4.23082, 4.23485, 4.23892, 4.24303, 4.24719, 4.25139, 4.25563, 4.25992, 4.26426, 4.26864, 4.27307, 4.27755, 4.28208, 4.28666, 4.29128, 4.29596, 4.30069, 4.30547, 4.3103, 4.31518, 4.32012, 4.32512, 4.33017, 4.33527, 4.34044, 4.34566, 4.35094, 4.35628, 4.36168, 4.36714, 4.37267, 4.37825, 4.3839, 4.38962, 4.39541, 4.40126, 4.40717, 4.41316, 4.41922, 4.42535, 4.43155, 4.43783, 4.44418, 4.4506, 4.45711, 4.46369, 4.47035, 4.4771, 4.48392, 4.49083, 4.49782, 4.5049, 4.51207, 4.51933, 4.52668, 4.53412, 4.54166, 4.54929, 4.55702, 4.56484, 4.57277, 4.5808, 4.58894, 4.59718, 4.60553, 4.61399, 4.62256, 4.63125, 4.64006, 4.64898, 4.65802, 4.66719, 4.67648, 4.6859, 4.69545, 4.70514, 4.71496, 4.72492, 4.73502, 4.74526, 4.75565, 4.76619, 4.77689, 4.78774, 4.79875, 4.80992, 4.82127, 4.83278, 4.84446, 4.85633, 4.86837, 4.8806, 4.89302, 4.90564, 4.91845, 4.93147, 4.9447, 4.95813, 4.97179, 4.98567, 4.99978, 5.01413, 5.02871, 5.04354, 5.05863, 5.07397, 5.08958, 5.10546, 5.12162, 5.13807, 5.15482, 5.17186, 5.18922, 5.2069, 5.22491, 5.24326, 5.26195, 5.281, 5.30042, 5.32022, 5.34042, 5.36101, 5.38202, 5.40346, 5.42534, 5.44768, 5.47049, 5.49378, 5.51758, 5.5419, 5.56675, 5.59216, 5.61815, 5.64473, 5.67193, 5.69977, 5.72827, 5.75746, 5.78737, 5.81802, 5.84945, 5.88168, 5.91475, 5.94868, 5.98353, 6.01933, 6.05612, 6.09394, 6.13284, 6.17288, 6.2141, 6.25656, 6.30032, 6.34546, 6.39203, 6.44012, 6.4898, 6.54117, 6.59431, 6.64933, 6.70635, 6.76547, 6.82683, 6.89058, 6.95686, 7.02585, 7.09773, 7.17272, 7.25103, 7.33292, 7.41868, 7.5086, 7.60305, 7.70241, 7.80714, 7.91773, 8.03478, 8.15893, 8.29097, 8.43179, 8.58246, 8.74424, 8.91866, 9.10759, 9.31335, 9.53893, 9.78814, 10.066, 10.3789, 10.7352, 11.1447, 11.618, 12.1646, 12.7885, 13.4829, 14.2229, 14.9591, 15.6146, 16.0895, 16.2735, 16.0662, 15.4025, 14.2729, 12.7337, 10.9012, 8.93056, 6.98527, 5.20703, 3.69359, 2.49016, 1.594, 0.968003, 0.557308, 0.304017, 0.157064, 0.0768166, 0.0355533, 0.0155669, 0.00644536, 0.00252184, 0.000930797, 0.000322245, 0.000102151, 2.57273e-05, 5.95683e-06, 1.69253e-06, 4.54601e-07, 1.15252e-07, 2.75794e-08, 6.22939e-09, 1.32809e-09, 2.67258e-10, 5.07639e-11, 9.10125e-12, 1.54017e-12, 2.46012e-13, 3.70909e-14, 5.27835e-15, 7.09007e-16, 8.98926e-17, 1.07577e-17, 1.21516e-18, 1.2956e-19, 1.30385e-20, 1.23852e-21, 1.11046e-22, 9.3977e-24, 7.50691e-25, 5.66007e-26, 4.02812e-27, 2.70585e-28, 1.71564e-29, 1.02676e-30, 5.80001e-32, 3.09251e-33, 1.55637e-34, 7.39326e-36, 3.31496e-37, 1.40295e-38, 5.60432e-40, 2.11313e-41, 7.52051e-43, 2.52632e-44, 8.01032e-46, 2.39735e-47, 6.77222e-49, 1.80572e-50, 4.54454e-52, 1.07956e-53, 2.42062e-55, 5.12298e-57, 1.02338e-58, 1.92963e-60, 3.43422e-62, 5.76901e-64, 9.14731e-66, 1.369e-67, 1.9339e-69, 2.57859e-71, 3.24526e-73, 3.8551e-75, 4.32255e-77, 4.5747e-79, 4.56987e-81, 4.30887e-83, 3.83479e-85, 3.22135e-87, 2.55418e-89, 1.91155e-91, 1.35032e-93, 9.00335e-96, 5.66618e-98, 3.36585e-100, 1.8872e-102, 9.98751e-105, 4.98902e-107, 2.35229e-109, 1.04685e-111, 4.39738e-114, 1.7435e-116, 6.52481e-119, 2.30479e-121, 7.68442e-124, 2.41829e-126, 7.18329e-129, 2.01398e-131, 5.32972e-134, 1.33128e-136, 3.13872e-139, 6.98478e-142, 1.46713e-144, 2.90873e-147, 5.44319e-150, 9.61437e-153, 1.60289e-155, 2.52235e-158, 3.74646e-161, 5.25236e-164, 6.95031e-167, 8.68102e-170, 1.02342e-172, 1.13881e-175, 1.1961e-178, 1.18576e-181, 1.10954e-184, 9.79959e-188, 8.16935e-191, 6.4281e-194, 4.77412e-197, 3.34673e-200, 2.21444e-203, 1.383e-206, 8.1526e-210, 4.53613e-213, 2.38227e-216, 1.1809e-219, 5.52521e-223, 2.44006e-226, 1.01711e-229, 4.00176e-233, 1.4861e-236, 5.20909e-240
209.22
176.84
 
MEASUREMENT 49
1.56305, 4.67879, 7.79453, 10.9103, 14.0312, 17.1469, 20.2679, 23.3784, 26.4796, 29.5859, 32.6913, 35.8071, 38.9228, 42.0385, 45.1595, 48.2752, 51.3909, 54.5067, 57.6224, 60.7381, 63.8435, 66.9593, 70.0698, 73.1752, 76.2806, 79.3859, 82.4913, 85.5967, 88.7021, 91.8074, 94.9128, 98.0182, 101.1, 104.148, 107.196, 110.244, 113.292, 116.339, 119.387, 122.435, 125.483, 128.531, 131.574, 134.622, 137.67, 140.718, 143.766, 146.814, 149.861, 152.909, 155.957, 159.005, 162.053, 165.101, 168.149, 171.197, 174.245, 177.293, 180.341, 183.389, 186.436, 189.484, 192.532, 195.58, 198.621, 201.655, 204.688, 207.722, 210.756, 213.794, 216.838, 219.882, 222.926, 225.97, 229.014, 232.058, 235.102, 238.145, 241.189, 244.233, 247.277, 250.321, 253.37, 256.424, 259.478, 262.532, 265.586, 268.64, 271.695, 274.749, 277.803, 280.857, 283.911, 286.97, 290.035, 293.099
3.4815, 3.49601, 3.48758, 3.69917, 3.48103, 3.52213, 3.81552, 3.81241, 3.753, 3.79846, 3.85528, 3.93446, 3.9452, 3.98909, 3.98754, 3.9878, 4.15587, 4.19151, 4.26732, 4.3084, 3.79954, 4.26568, 4.29065, 4.27491, 4.37517, 4.38348, 4.41065, 4.40513, 4.4645, 4.11619, 4.53139, 3.92496, 4.54861, 4.55332, 4.59252, 4.6155, 4.63986, 4.67603, 4.72082, 4.74684, 4.76094, 4.81509, 4.87834, 4.88901, 4.94699, 5.0206, 5.09091, 5.13741, 5.1874, 5.24224, 5.34605, 5.43881, 5.55083, 5.62547, 5.74026, 6.01821, 6.10189, 6.18729, 6.4311, 6.73242, 6.97001, 7.42229, 7.86051, 8.7405, 11.0785, 12.6486, 14.265, 12.97, 6.66806, 1.47235, 0.101825, -0.0199316, -0.0383945, -0.0464884, -0.0424225, -0.0219538, -0.029068, -0.0262774, -0.0566253, -0.0399943, -0.0655464, -0.0701942, -0.0644737, -0.039292, -0.0368471, -0.053276, -0.0259895, -0.0316227, -0.0276165, -0.0222462, -0.0222856, -0.036966, -0.0533171, -0.0429007, -0.06527, -0.103486
0.104445, 0.10488, 0.104627, 0.110975, 0.104431, 0.105664, 0.114466, 0.114372, 0.11259, 0.113954, 0.115658, 0.118034, 0.118356, 0.119673, 0.119626, 0.119634, 0.124676, 0.125745, 0.12802, 0.129252, 0.113986, 0.12797, 0.128719, 0.128247, 0.131255, 0.131504, 0.132319, 0.132154, 0.133935, 0.123486, 0.135942, 0.117749, 0.136458, 0.1366, 0.137776, 0.138465, 0.139196, 0.140281, 0.141625, 0.142405, 0.142828, 0.144453, 0.14635, 0.14667, 0.14841, 0.150618, 0.152727, 0.154122, 0.155622, 0.157267, 0.160382, 0.163164, 0.166525, 0.168764, 0.172208, 0.180546, 0.183057, 0.185619, 0.192933, 0.201973, 0.2091, 0.222669, 0.235815, 0.262215, 0.332355, 0.379457, 0.427951, 0.3891, 0.200042, 0.0441706, 0.00305475, 0.000597949, 0.00115184, 0.00139465, 0.00127267, 0.000658615, 0.000872039, 0.000788323, 0.00169876, 0.00119983, 0.00196639, 0.00210583, 0.00193421, 0.00117876, 0.00110541, 0.00159828, 0.000779686, 0.000948681, 0.000828496, 0.000667385, 0.000668569, 0.00110898, 0.00159951, 0.00128702, 0.0019581, 0.00310458
0, 0.613815, 1.22763, 1.84144, 2.45526, 3.06907, 3.68289, 4.2967, 4.91052, 5.52433, 6.13815, 6.75196, 7.36578, 7.97959, 8.59341, 9.20722, 9.82104, 10.4349, 11.0487, 11.6625, 12.2763, 12.8901, 13.5039, 14.1177, 14.7316, 15.3454, 15.9592, 16.573, 17.1868, 17.8006, 18.4144, 19.0283, 19.6421, 20.2559, 20.8697, 21.4835, 22.0973, 22.7111, 23.325, 23.9388, 24.5526, 25.1664, 25.7802, 26.394, 27.0078, 27.6217, 28.2355, 28.8493, 29.4631, 30.0769, 30.6907, 31.3046, 31.9184, 32.5322, 33.146, 33.7598, 34.3736, 34.9874, 35.6013, 36.2151, 36.8289, 37.4427, 38.0565, 38.6703, 39.2841, 39.898, 40.5118, 41.1256, 41.7394, 42.3532, 42.967, 43.5808, 44.1947, 44.8085, 45.4223, 46.0361, 46.6499, 47.2637, 47.8775, 48.4914, 49.1052, 49.719, 50.3328, 50.9466, 51.5604, 52.1743, 52.7881, 53.4019, 54.0157, 54.6295, 55.2433, 55.8571, 56.471, 57.0848, 57.6986, 58.3124, 58.9262, 59.54, 60.1538, 60.7677, 61.3815, 61.9953, 62.6091, 63.2229, 63.8367, 64.4505, 65.0644, 65.6782, 66.292, 66.9058, 67.5196, 68.1334, 68.7473, 69.3611, 69.9749, 70.5887, 71.2025, 71.8163, 72.4301, 73.044, 73.6578, 74.2716, 74.8854, 75.4992, 76.113, 76.7268, 77.3407, 77.9545, 78.5683, 79.1821, 79.7959, 80.4097, 81.0235, 81.6374, 82.2512, 82.865, 83.4788, 84.0926, 84.7064, 85.3202, 85.9341, 86.5479, 87.1617, 87.7755, 88.3893, 89.0031, 89.617, 90.2308, 90.8446, 91.4584, 92.0722, 92.686, 93.2998, 93.9137, 94.5275, 95.1413, 95.7551, 96.3689, 96.9827, 97.5965, 98.2104, 98.8242, 99.438, 100.052, 100.666, 101.279, 101.893, 102.507, 103.121, 103.735, 104.349, 104.962, 105.576, 106.19, 106.804, 107.418, 108.031, 108.645, 109.259, 109.873, 110.487, 111.1, 111.714, 112.328, 112.942, 113.556, 114.17, 114.783, 115.397, 116.011, 116.625, 117.239, 117.852, 118.466, 119.08, 119.694, 120.308, 120.922, 121.535, 122.149, 122.763, 123.377, 123.991, 124.604, 125.218, 125.832, 126.446, 127.06, 127.673, 128.287, 128.901, 129.515, 130.129, 130.743, 131.356, 131.97, 132.584, 133.198, 133.812, 134.425, 135.039, 135.653, 136.267, 136.881, 137.495, 138.108, 138.722, 139.336, 139.95, 140.564, 141.177, 141.791, 142.405, 143.019, 143.633, 144.246, 144.86, 145.474, 146.088, 146.702, 147.316, 147.929, 148.543, 149.157, 149.771, 150.385, 150.998, 151.612, 152.226, 152.84, 153.454, 154.068, 154.681, 155.295, 155.909, 156.523, 157.137, 157.75, 158.364, 158.978, 159.592, 160.206, 160.819, 161.433, 162.047, 162.661, 163.275, 163.889, 164.502, 165.116, 165.73, 166.344, 166.958, 167.571, 168.185, 168.799, 169.413, 170.027, 170.64, 171.254, 171.868, 172.482, 173.096, 173.71, 174.323, 174.937, 175.551, 176.165, 176.779, 177.392, 178.006, 178.62, 179.234, 179.848, 180.462, 181.075, 181.689, 182.303, 182.917, 183.531, 184.144, 184.758, 185.372, 185.986, 186.6, 187.213, 187.827, 188.441, 189.055, 189.669, 190.283, 190.896, 191.51, 192.124, 192.738, 193.352, 193.965, 194.579, 195.193, 195.807, 196.421, 197.035, 197.648, 198.262, 198.876, 199.49, 200.104, 200.717, 201.331, 201.945, 202.559, 203.173, 203.786, 204.4, 205.014, 205.628, 206.242, 206.856, 207.469, 208.083, 208.697, 209.311, 209.925, 210.538, 211.152, 211.766, 212.38, 212.994, 213.608, 214.221, 214.835, 215.449, 216.063, 216.677, 217.29, 217.904, 218.518, 219.132, 219.746, 220.359, 220.973, 221.587, 222.201, 222.815, 223.429, 224.042, 224.656, 225.27, 225.884, 226.498, 227.111, 227.725, 228.339, 228.953, 229.567, 230.181, 230.794, 231.408, 232.022, 232.636, 233.25, 233.863, 234.477, 235.091, 235.705, 236.319, 236.932, 237.546, 238.16, 238.774, 239.388, 240.002, 240.615, 241.229, 241.843, 242.457, 243.071, 243.684, 244.298, 244.912, 245.526, 246.14, 246.754, 247.367, 247.981, 248.595, 249.209, 249.823, 250.436, 251.05, 251.664, 252.278, 252.892, 253.505, 254.119, 254.733, 255.347, 255.961, 256.575, 257.188, 257.802, 258.416, 259.03, 259.644, 260.257, 260.871, 261.485, 262.099, 262.713, 263.327, 263.94, 264.554, 265.168, 265.782, 266.396, 267.009, 267.623, 268.237, 268.851, 269.465, 270.078, 270.692, 271.306, 271.92, 272.534, 273.148, 273.761, 274.375, 274.989, 275.603, 276.217, 276.83, 277.444, 278.058, 278.672, 279.286, 279.9, 280.513, 281.127, 281.741, 282.355, 282.969, 283.582, 284.196, 284.81, 285.424, 286.038, 286.651, 287.265, 287.879, 288.493, 289.107, 289.721, 290.334, 290.948, 291.562, 292.176, 292.79, 293.403, 294.017
3.93579, 3.93678, 3.93778, 3.93879, 3.93981, 3.94085, 3.94189, 3.94294, 3.94401, 3.94509, 3.94618, 3.94728, 3.94839, 3.94952, 3.95065, 3.9518, 3.95296, 3.95414, 3.95532, 3.95652, 3.95773, 3.95895, 3.96019, 3.96144, 3.9627, 3.96397, 3.96526, 3.96656, 3.96787, 3.9692, 3.97054, 3.97189, 3.97326, 3.97464, 3.97604, 3.97745, 3.97888, 3.98032, 3.98177, 3.98324, 3.98472, 3.98622, 3.98773, 3.98926, 3.9908, 3.99236, 3.99394, 3.99553, 3.99714, 3.99876, 4.0004, 4.00205, 4.00372, 4.00541, 4.00712, 4.00884, 4.01058, 4.01233, 4.01411, 4.0159, 4.01771, 4.01954, 4.02138, 4.02324, 4.02513, 4.02703, 4.02895, 4.03088, 4.03284, 4.03482, 4.03681, 4.03883, 4.04086, 4.04292, 4.045, 4.04709, 4.04921, 4.05135, 4.05351, 4.05569, 4.05789, 4.06011, 4.06236, 4.06463, 4.06692, 4.06923, 4.07157, 4.07392, 4.07631, 4.07871, 4.08114, 4.0836, 4.08607, 4.08858, 4.0911, 4.09366, 4.09623, 4.09884, 4.10147, 4.10412, 4.1068, 4.10951, 4.11225, 4.11501, 4.1178, 4.12062, 4.12347, 4.12634, 4.12925, 4.13218, 4.13514, 4.13814, 4.14116, 4.14421, 4.1473, 4.15042, 4.15356, 4.15674, 4.15995, 4.1632, 4.16648, 4.16979, 4.17313, 4.17651, 4.17992, 4.18337, 4.18686, 4.19038, 4.19393, 4.19753, 4.20116, 4.20483, 4.20853, 4.21228, 4.21606, 4.21989, 4.22375, 4.22766, 4.2316, 4.23559, 4.23962, 4.24369, 4.24781, 4.25197, 4.25617, 4.26042, 4.26472, 4.26906, 4.27344, 4.27788, 4.28236, 4.28689, 4.29147, 4.29611, 4.30079, 4.30552, 4.31031, 4.31514, 4.32004, 4.32498, 4.32998, 4.33504, 4.34015, 4.34532, 4.35055, 4.35584, 4.36119, 4.3666, 4.37207, 4.3776, 4.3832, 4.38886, 4.39459, 4.40038, 4.40625, 4.41218, 4.41818, 4.42425, 4.43039, 4.4366, 4.44289, 4.44926, 4.4557, 4.46222, 4.46881, 4.47549, 4.48225, 4.48909, 4.49602, 4.50303, 4.51013, 4.51731, 4.52459, 4.53196, 4.53942, 4.54698, 4.55463, 4.56238, 4.57023, 4.57818, 4.58624, 4.5944, 4.60267, 4.61104, 4.61953, 4.62813, 4.63685, 4.64568, 4.65463, 4.66371, 4.67291, 4.68223, 4.69169, 4.70128, 4.711, 4.72086, 4.73085, 4.74099, 4.75128, 4.76171, 4.7723, 4.78304, 4.79393, 4.80499, 4.81622, 4.82761, 4.83917, 4.85091, 4.86283, 4.87493, 4.88722, 4.8997, 4.91238, 4.92526, 4.93835, 4.95164, 4.96515, 4.97888, 4.99284, 5.00703, 5.02146, 5.03613, 5.05104, 5.06622, 5.08165, 5.09736, 5.11334, 5.1296, 5.14616, 5.16301, 5.18018, 5.19765, 5.21545, 5.23359, 5.25207, 5.2709, 5.29009, 5.30966, 5.32961, 5.34996, 5.37072, 5.39191, 5.41352, 5.43559, 5.45812, 5.48113, 5.50463, 5.52864, 5.55319, 5.57828, 5.60393, 5.63018, 5.65703, 5.68451, 5.71264, 5.74145, 5.77096, 5.80121, 5.83221, 5.86401, 5.89662, 5.9301, 5.96446, 5.99976, 6.03603, 6.07332, 6.11166, 6.15112, 6.19174, 6.23358, 6.27669, 6.32115, 6.36702, 6.41437, 6.46328, 6.51385, 6.56615, 6.62029, 6.67638, 6.73454, 6.79489, 6.85756, 6.92272, 6.99052, 7.06115, 7.13481, 7.21172, 7.29212, 7.37629, 7.46453, 7.55717, 7.65461, 7.75727, 7.86564, 7.98028, 8.10184, 8.23107, 8.36882, 8.51613, 8.67422, 8.84455, 9.02893, 9.22959, 9.44936, 9.69188, 9.96183, 10.2652, 10.6095, 11.0032, 11.4555, 11.9732, 12.5575, 13.1986, 13.8692, 14.5192, 15.0747, 15.442, 15.5211, 15.2249, 14.5011, 13.3492, 11.8257, 10.0698, 8.20835, 6.39096, 4.74415, 3.35264, 2.25279, 1.43788, 0.871028, 0.500439, 0.272539, 0.140623, 0.0687152, 0.0317877, 0.0139163, 0.00576322, 0.00225609, 0.000833269, 0.00028856, 9.13473e-05, 2.28026e-05, 5.05157e-06, 1.44351e-06, 3.89494e-07, 9.92255e-08, 2.38665e-08, 5.41994e-09, 1.1621e-09, 2.35252e-10, 4.49641e-11, 8.1141e-12, 1.38247e-12, 2.22389e-13, 3.37763e-14, 4.84342e-15, 6.55744e-16, 8.38219e-17, 1.01163e-17, 1.15273e-18, 1.24016e-19, 1.25969e-20, 1.20808e-21, 1.09387e-22, 9.35143e-24, 7.54799e-25, 5.75209e-26, 4.13867e-27, 2.81149e-28, 1.80324e-29, 1.09197e-30, 6.24324e-32, 3.37015e-33, 1.71763e-34, 8.26513e-36, 3.75501e-37, 1.61069e-38, 6.52311e-40, 2.49423e-41, 9.00449e-43, 3.06918e-44, 9.87701e-46, 3.00102e-47, 8.60899e-49, 2.33172e-50, 5.96265e-52, 1.4396e-53, 3.2816e-55, 7.06267e-57, 1.43513e-58, 2.75331e-60, 4.98721e-62, 8.52902e-64, 1.37715e-65, 2.09943e-67, 3.02178e-69, 4.10641e-71, 5.26868e-73, 6.38235e-75, 7.29959e-77, 7.88235e-79, 8.03623e-81, 7.73548e-83, 7.03011e-85, 6.03219e-87, 4.88683e-89, 3.73782e-91, 2.69928e-93, 1.84042e-95, 1.18474e-97, 7.20064e-100, 4.13195e-102, 2.23861e-104, 1.14509e-106, 5.5302e-109, 2.52162e-111, 1.08557e-113, 4.41236e-116, 1.69326e-118, 6.13502e-121, 2.09868e-123, 6.77818e-126, 2.0669e-128, 5.95063e-131, 1.6175e-133, 4.1511e-136, 1.00582e-138, 2.30099e-141, 4.96991e-144, 1.01349e-146, 1.95131e-149, 3.54709e-152, 6.08772e-155, 9.86449e-158, 1.50915e-160, 2.17985e-163, 2.97276e-166, 3.82762e-169, 4.65303e-172, 5.34047e-175, 5.78709e-178, 5.92077e-181, 5.71917e-184, 5.21584e-187, 4.4911e-190, 3.65106e-193, 2.80234e-196, 2.03076e-199, 1.38942e-202, 8.97526e-206, 5.47389e-209, 3.15196e-212, 1.71357e-215, 8.79551e-219, 4.26241e-222, 1.95023e-225, 8.42468e-229, 3.43603e-232, 1.32311e-235, 4.8103e-239
3.93579, 3.9368, 3.93782, 3.93884, 3.93988, 3.94094, 3.942, 3.94307, 3.94416, 3.94525, 3.94636, 3.94748, 3.94861, 3.94976, 3.95091, 3.95208, 3.95326, 3.95445, 3.95566, 3.95687, 3.9581, 3.95934, 3.9606, 3.96187, 3.96315, 3.96444, 3.96575, 3.96707, 3.96841, 3.96975, 3.97111, 3.97249, 3.97388, 3.97528, 3.9767, 3.97813, 3.97958, 3.98104, 3.98251, 3.984, 3.98551, 3.98703, 3.98856, 3.99011, 3.99168, 3.99326, 3.99486, 3.99647, 3.9981, 3.99975, 4.00141, 4.00309, 4.00478, 4.00649, 4.00822, 4.00997, 4.01173, 4.01351, 4.01531, 4.01712, 4.01896, 4.02081, 4.02268, 4.02457, 4.02647, 4.0284, 4.03034, 4.03231, 4.03429, 4.03629, 4.03831, 4.04036, 4.04242, 4.0445, 4.0466, 4.04873, 4.05087, 4.05304, 4.05522, 4.05743, 4.05966, 4.06191, 4.06419, 4.06648, 4.0688, 4.07114, 4.07351, 4.0759, 4.07831, 4.08074, 4.0832, 4.08569, 4.08819, 4.09073, 4.09328, 4.09587, 4.09848, 4.10111, 4.10377, 4.10646, 4.10917, 4.11192, 4.11468, 4.11748, 4.1203, 4.12316, 4.12604, 4.12895, 4.13188, 4.13485, 4.13785, 4.14088, 4.14394, 4.14703, 4.15015, 4.1533, 4.15648, 4.1597, 4.16295, 4.16623, 4.16954, 4.17289, 4.17628, 4.17969, 4.18315, 4.18664, 4.19016, 4.19372, 4.19732, 4.20095, 4.20462, 4.20833, 4.21208, 4.21587, 4.2197, 4.22356, 4.22747, 4.23142, 4.23541, 4.23944, 4.24352, 4.24764, 4.2518, 4.256, 4.26025, 4.26455, 4.26889, 4.27328, 4.27772, 4.2822, 4.28674, 4.29132, 4.29595, 4.30063, 4.30537, 4.31015, 4.31499, 4.31988, 4.32483, 4.32983, 4.33489, 4.34, 4.34517, 4.3504, 4.35568, 4.36103, 4.36644, 4.37191, 4.37744, 4.38303, 4.38869, 4.39442, 4.40021, 4.40607, 4.41199, 4.41799, 4.42405, 4.43019, 4.4364, 4.44269, 4.44904, 4.45548, 4.46199, 4.46858, 4.47525, 4.48201, 4.48884, 4.49576, 4.50276, 4.50985, 4.51703, 4.5243, 4.53165, 4.53911, 4.54665, 4.55429, 4.56203, 4.56987, 4.57781, 4.58585, 4.594, 4.60225, 4.61061, 4.61908, 4.62767, 4.63637, 4.64518, 4.65412, 4.66317, 4.67235, 4.68166, 4.69109, 4.70065, 4.71035, 4.72019, 4.73016, 4.74027, 4.75053, 4.76094, 4.77149, 4.7822, 4.79307, 4.80409, 4.81528, 4.82664, 4.83817, 4.84987, 4.86175, 4.87381, 4.88606, 4.89849, 4.91113, 4.92396, 4.937, 4.95024, 4.9637, 4.97737, 4.99128, 5.00541, 5.01977, 5.03438, 5.04923, 5.06433, 5.0797, 5.09533, 5.11124, 5.12742, 5.14389, 5.16066, 5.17773, 5.19512, 5.21282, 5.23085, 5.24923, 5.26795, 5.28703, 5.30648, 5.32631, 5.34653, 5.36716, 5.3882, 5.40967, 5.43158, 5.45396, 5.4768, 5.50013, 5.52396, 5.54832, 5.57321, 5.59866, 5.62468, 5.65131, 5.67855, 5.70643, 5.73498, 5.76422, 5.79417, 5.82488, 5.85635, 5.88863, 5.92176, 5.95575, 5.99066, 6.02651, 6.06336, 6.10125, 6.14021, 6.18032, 6.22161, 6.26414, 6.30798, 6.3532, 6.39985, 6.44803, 6.4978, 6.54926, 6.6025, 6.65762, 6.71474, 6.77398, 6.83546, 6.89933, 6.96574, 7.03486, 7.10689, 7.18203, 7.26051, 7.34258, 7.42851, 7.51863, 7.61329, 7.71288, 7.81786, 7.92872, 8.04605, 8.17052, 8.3029, 8.4441, 8.5952, 8.75745, 8.93241, 9.12194, 9.32841, 9.55482, 9.80502, 10.0841, 10.3985, 10.7565, 11.168, 11.6436, 12.1925, 12.8184, 13.5137, 14.2529, 14.9858, 15.6353, 16.1013, 16.2743, 16.0554, 15.3812, 14.2438, 12.7008, 10.8686, 8.90164, 6.96229, 5.19073, 3.68344, 2.48485, 1.59198, 0.967855, 0.557986, 0.304883, 0.15781, 0.0773483, 0.0358863, 0.0157551, 0.00654272, 0.00256829, 0.000951356, 0.000330725, 0.000105435, 2.69832e-05, 6.18023e-06, 1.76459e-06, 4.76407e-07, 1.21438e-07, 2.92262e-08, 6.64099e-09, 1.42474e-09, 2.88588e-10, 5.51905e-11, 9.96533e-12, 1.69887e-12, 2.73446e-13, 4.1555e-14, 5.96234e-15, 8.07702e-16, 1.03306e-16, 1.24751e-17, 1.42234e-18, 1.5311e-19, 1.55613e-20, 1.49323e-21, 1.35285e-22, 1.15722e-23, 9.34585e-25, 7.12631e-26, 5.1304e-27, 3.48721e-28, 2.23793e-29, 1.35599e-30, 7.75718e-32, 4.1898e-33, 2.1366e-34, 1.02871e-35, 4.67632e-37, 2.00704e-38, 8.13291e-40, 3.11155e-41, 1.12395e-42, 3.83318e-44, 1.23427e-45, 3.75234e-47, 1.07704e-48, 2.91879e-50, 7.46816e-52, 1.80411e-53, 4.11484e-55, 8.86099e-57, 1.80157e-58, 3.45827e-60, 6.26767e-62, 1.07249e-63, 1.73268e-65, 2.64291e-67, 3.80616e-69, 5.17524e-71, 6.64374e-73, 8.05255e-75, 9.21496e-77, 9.95617e-79, 1.01562e-80, 9.78151e-83, 8.89448e-85, 7.63614e-87, 6.18965e-89, 4.73692e-91, 3.42267e-93, 2.33492e-95, 1.50389e-97, 9.14537e-100, 5.25077e-102, 2.84631e-104, 1.45674e-106, 7.03909e-109, 3.21137e-111, 1.38326e-113, 5.62538e-116, 2.15993e-118, 7.83005e-121, 2.67995e-123, 8.66019e-126, 2.6422e-128, 7.61098e-131, 2.06992e-133, 5.315e-136, 1.28852e-138, 2.94928e-141, 6.3735e-144, 1.3004e-146, 2.50503e-149, 4.55603e-152, 7.82342e-155, 1.26836e-157, 1.94146e-160, 2.80575e-163, 3.8283e-166, 4.93175e-169, 5.99835e-172, 6.8881e-175, 7.46799e-178, 7.64442e-181, 7.38791e-184, 6.74117e-187, 5.80745e-190, 4.72359e-193, 3.62739e-196, 2.62998e-199, 1.80031e-202, 1.16353e-205, 7.0998e-209, 4.09024e-212, 2.22479e-215, 1.14252e-218, 5.53954e-222, 2.53583e-225, 1.09598e-228, 4.4722e-232, 1.72296e-235, 6.26707e-239
209.21
176.83
 
MEASUREMENT 50
1.56305, 4.67879, 7.79453, 10.9103, 14.0312, 17.1469, 20.2679, 23.3784, 26.4796, 29.5859, 32.6913, 35.8071, 38.9228, 42.0385, 45.1595, 48.2752, 51.3909, 54.5067, 57.6224, 60.7381, 63.8435, 66.9593, 70.0698, 73.1752, 76.2806, 79.3859, 82.4913, 85.5967, 88.7021, 91.8074, 94.9128, 98.0182, 101.1, 104.148, 107.196, 110.244, 113.292, 116.339, 119.387, 122.435, 125.483, 128.531, 131.574, 134.622, 137.67, 140.718, 143.766, 146.814, 149.861, 152.909, 155.957, 159.005, 162.053, 165.101, 168.149, 171.197, 174.245, 177.293, 180.341, 183.389, 186.436, 189.484, 192.532, 195.58, 198.621, 201.655, 204.688, 207.722, 210.756, 213.794, 216.838, 219.882, 222.926, 225.97, 229.014, 232.058, 235.102, 238.145, 241.189, 244.233, 247.277, 250.321, 253.37, 256.424, 259.478, 262.532, 265.586, 268.64, 271.695, 274.749, 277.803, 280.857, 283.911, 286.97, 290.035, 293.099
3.47682, 3.49434, 3.48401, 3.69673, 3.47534, 3.52752, 3.81021, 3.80781, 3.75093, 3.80069, 3.84742, 3.93556, 3.94196, 3.99015, 3.98651, 3.9915, 4.15287, 4.19115, 4.26426, 4.31434, 3.80554, 4.26248, 4.28705, 4.26638, 4.36829, 4.38446, 4.40944, 4.39939, 4.45742, 4.11612, 4.53014, 3.92571, 4.54888, 4.55314, 4.58844, 4.61294, 4.63882, 4.67357, 4.71376, 4.73663, 4.75808, 4.81219, 4.87206, 4.8821, 4.93807, 5.01941, 5.08968, 5.13462, 5.18051, 5.2405, 5.34148, 5.43923, 5.54545, 5.62059, 5.73353, 6.00688, 6.09878, 6.18083, 6.42734, 6.72659, 6.96702, 7.41781, 7.87494, 8.71004, 11.0595, 12.6271, 14.2606, 12.9515, 6.65097, 1.4712, 0.10083, -0.0210529, -0.0371425, -0.0446743, -0.0472748, -0.0198772, -0.0307229, -0.022816, -0.0631691, -0.0366968, -0.062516, -0.0697731, -0.0605302, -0.0297475, -0.0322926, -0.0439966, -0.0267394, -0.0285649, -0.0274509, -0.017196, -0.0215578, -0.0296071, -0.0538664, -0.0356772, -0.0637526, -0.103292
0.104305, 0.10483, 0.10452, 0.110902, 0.10426, 0.105826, 0.114306, 0.114234, 0.112528, 0.114021, 0.115423, 0.118067, 0.118259, 0.119704, 0.119595, 0.119745, 0.124586, 0.125734, 0.127928, 0.12943, 0.114166, 0.127874, 0.128612, 0.127991, 0.131049, 0.131534, 0.132283, 0.131982, 0.133723, 0.123484, 0.135904, 0.117771, 0.136467, 0.136594, 0.137653, 0.138388, 0.139165, 0.140207, 0.141413, 0.142099, 0.142742, 0.144366, 0.146162, 0.146463, 0.148142, 0.150582, 0.15269, 0.154039, 0.155415, 0.157215, 0.160244, 0.163177, 0.166363, 0.168618, 0.172006, 0.180206, 0.182963, 0.185425, 0.19282, 0.201798, 0.209011, 0.222534, 0.236248, 0.261301, 0.331784, 0.378812, 0.427819, 0.388546, 0.199529, 0.0441359, 0.00302491, 0.000631588, 0.00111428, 0.00134023, 0.00141825, 0.000596317, 0.000921686, 0.000684479, 0.00189507, 0.00110091, 0.00187548, 0.00209319, 0.0018159, 0.000892426, 0.000968777, 0.0013199, 0.000802182, 0.000856946, 0.000823528, 0.000515879, 0.000646735, 0.000888213, 0.00161599, 0.00107032, 0.00191258, 0.00309875
0, 0.613815, 1.22763, 1.84144, 2.45526, 3.06907, 3.68289, 4.2967, 4.91052, 5.52433, 6.13815, 6.75196, 7.36578, 7.97959, 8.59341, 9.20722, 9.82104, 10.4349, 11.0487, 11.6625, 12.2763, 12.8901, 13.5039, 14.1177, 14.7316, 15.3454, 15.9592, 16.573, 17.1868, 17.8006, 18.4144, 19.0283, 19.6421, 20.2559, 20.8697, 21.4835, 22.0973, 22.7111, 23.325, 23.9388, 24.5526, 25.1664, 25.7802, 26.394, 27.0078, 27.6217, 28.2355, 28.8493, 29.4631, 30.0769, 30.6907, 31.3046, 31.9184, 32.5322, 33.146, 33.7598, 34.3736, 34.9874, 35.6013, 36.2151, 36.8289, 37.4427, 38.0565, 38.6703, 39.2841, 39.898, 40.5118, 41.1256, 41.7394, 42.3532, 42.967, 43.5808, 44.1947, 44.8085, 45.4223, 46.0361, 46.6499, 47.2637, 47.8775, 48.4914, 49.1052, 49.719, 50.3328, 50.9466, 51.5604, 52.1743, 52.7881, 53.4019, 54.0157, 54.6295, 55.2433, 55.8571, 56.471, 57.0848, 57.6986, 58.3124, 58.9262, 59.54, 60.1538, 60.7677, 61.3815, 61.9953, 62.6091, 63.2229, 63.8367, 64.4505, 65.0644, 65.6782, 66.292, 66.9058, 67.5196, 68.1334, 68.7473, 69.3611, 69.9749, 70.5887, 71.2025, 71.8163, 72.4301, 73.044, 73.6578, 74.2716, 74.8854, 75.4992, 76.113, 76.7268, 77.3407, 77.9545, 78.5683, 79.1821, 79.7959, 80.4097, 81.0235, 81.6374, 82.2512, 82.865, 83.4788, 84.0926, 84.7064, 85.3202, 85.9341, 86.5479, 87.1617, 87.7755, 88.3893, 89.0031, 89.617, 90.2308, 90.8446, 91.4584, 92.0722, 92.686, 93.2998, 93.9137, 94.5275, 95.1413, 95.7551, 96.3689, 96.9827, 97.5965, 98.2104, 98.8242, 99.438, 100.052, 100.666, 101.279, 101.893, 102.507, 103.121, 103.735, 104.349, 104.962, 105.576, 106.19, 106.804, 107.418, 108.031, 108.645, 109.259, 109.873, 110.487, 111.1, 111.714, 112.328, 112.942, 113.556, 114.17, 114.783, 115.397, 116.011, 116.625, 117.239, 117.852, 118.466, 119.08, 119.694, 120.308, 120.922, 121.535, 122.149, 122.763, 123.377, 123.991, 124.604, 125.218, 125.832, 126.446, 127.06, 127.673, 128.287, 128.901, 129.515, 130.129, 130.743, 131.356, 131.97, 132.584, 133.198, 133.812, 134.425, 135.039, 135.653, 136.267, 136.881, 137.495, 138.108, 138.722, 139.336, 139.95, 140.564, 141.177, 141.791, 142.405, 143.019, 143.633, 144.246, 144.86, 145.474, 146.088, 146.702, 147.316, 147.929, 148.543, 149.157, 149.771, 150.385, 150.998, 151.612, 152.226, 152.84, 153.454, 154.068, 154.681, 155.295, 155.909, 156.523, 157.137, 157.75, 158.364, 158.978, 159.592, 160.206, 160.819, 161.433, 162.047, 162.661, 163.275, 163.889, 164.502, 165.116, 165.73, 166.344, 166.958, 167.571, 168.185, 168.799, 169.413, 170.027, 170.64, 171.254, 171.868, 172.482, 173.096, 173.71, 174.323, 174.937, 175.551, 176.165, 176.779, 177.392, 178.006, 178.62, 179.234, 179.848, 180.462, 181.075, 181.689, 182.303, 182.917, 183.531, 184.144, 184.758, 185.372, 185.986, 186.6, 187.213, 187.827, 188.441, 189.055, 189.669, 190.283, 190.896, 191.51, 192.124, 192.738, 193.352, 193.965, 194.579, 195.193, 195.807, 196.421, 197.035, 197.648, 198.262, 198.876, 199.49, 200.104, 200.717, 201.331, 201.945, 202.559, 203.173, 203.786, 204.4, 205.014, 205.628, 206.242, 206.856, 207.469, 208.083, 208.697, 209.311, 209.925, 210.538, 211.152, 211.766, 212.38, 212.994, 213.608, 214.221, 214.835, 215.449, 216.063, 216.677, 217.29, 217.904, 218.518, 219.132, 219.746, 220.359, 220.973, 221.587, 222.201, 222.815, 223.429, 224.042, 224.656, 225.27, 225.884, 226.498, 227.111, 227.725, 228.339, 228.953, 229.567, 230.181, 230.794, 231.408, 232.022, 232.636, 233.25, 233.863, 234.477, 235.091, 235.705, 236.319, 236.932, 237.546, 238.16, 238.774, 239.388, 240.002, 240.615, 241.229, 241.843, 242.457, 243.071, 243.684, 244.298, 244.912, 245.526, 246.14, 246.754, 247.367, 247.981, 248.595, 249.209, 249.823, 250.436, 251.05, 251.664, 252.278, 252.892, 253.505, 254.119, 254.733, 255.347, 255.961, 256.575, 257.188, 257.802, 258.416, 259.03, 259.644, 260.257, 260.871, 261.485, 262.099, 262.713, 263.327, 263.94, 264.554, 265.168, 265.782, 266.396, 267.009, 267.623, 268.237, 268.851, 269.465, 270.078, 270.692, 271.306, 271.92, 272.534, 273.148, 273.761, 274.375, 274.989, 275.603, 276.217, 276.83, 277.444, 278.058, 278.672, 279.286, 279.9, 280.513, 281.127, 281.741, 282.355, 282.969, 283.582, 284.196, 284.81, 285.424, 286.038, 286.651, 287.265, 287.879, 288.493, 289.107, 289.721, 290.334, 290.948, 291.562, 292.176, 292.79, 293.403, 294.017
3.93324, 3.93422, 3.93522, 3.93623, 3.93726, 3.93829, 3.93933, 3.94039, 3.94145, 3.94253, 3.94362, 3.94472, 3.94583, 3.94696, 3.94809, 3.94924, 3.9504, 3.95157, 3.95276, 3.95396, 3.95517, 3.95639, 3.95762, 3.95887, 3.96013, 3.9614, 3.96269, 3.96399, 3.9653, 3.96663, 3.96797, 3.96932, 3.97069, 3.97207, 3.97347, 3.97488, 3.9763, 3.97774, 3.9792, 3.98066, 3.98215, 3.98364, 3.98516, 3.98668, 3.98823, 3.98979, 3.99136, 3.99295, 3.99456, 3.99618, 3.99782, 3.99947, 4.00114, 4.00283, 4.00453, 4.00625, 4.00799, 4.00975, 4.01152, 4.01331, 4.01512, 4.01695, 4.01879, 4.02065, 4.02253, 4.02443, 4.02635, 4.02829, 4.03024, 4.03222, 4.03421, 4.03623, 4.03826, 4.04032, 4.04239, 4.04449, 4.04661, 4.04874, 4.0509, 4.05308, 4.05528, 4.0575, 4.05975, 4.06202, 4.06431, 4.06662, 4.06895, 4.07131, 4.07369, 4.0761, 4.07852, 4.08098, 4.08345, 4.08595, 4.08848, 4.09103, 4.09361, 4.09621, 4.09884, 4.10149, 4.10417, 4.10688, 4.10962, 4.11238, 4.11517, 4.11799, 4.12083, 4.12371, 4.12661, 4.12954, 4.1325, 4.13549, 4.13852, 4.14157, 4.14465, 4.14777, 4.15091, 4.15409, 4.1573, 4.16054, 4.16382, 4.16713, 4.17047, 4.17385, 4.17726, 4.18071, 4.18419, 4.18771, 4.19127, 4.19486, 4.19849, 4.20216, 4.20586, 4.2096, 4.21339, 4.21721, 4.22107, 4.22498, 4.22892, 4.23291, 4.23693, 4.241, 4.24512, 4.24928, 4.25348, 4.25773, 4.26202, 4.26636, 4.27074, 4.27518, 4.27966, 4.28419, 4.28877, 4.2934, 4.29808, 4.30281, 4.30759, 4.31243, 4.31732, 4.32226, 4.32726, 4.33231, 4.33742, 4.34259, 4.34782, 4.35311, 4.35845, 4.36386, 4.36933, 4.37486, 4.38046, 4.38612, 4.39184, 4.39763, 4.40349, 4.40942, 4.41542, 4.42148, 4.42762, 4.43384, 4.44012, 4.44648, 4.45292, 4.45944, 4.46603, 4.47271, 4.47946, 4.4863, 4.49323, 4.50023, 4.50733, 4.51451, 4.52179, 4.52915, 4.53661, 4.54417, 4.55182, 4.55956, 4.56741, 4.57536, 4.58341, 4.59157, 4.59984, 4.60821, 4.61669, 4.62529, 4.634, 4.64284, 4.65179, 4.66086, 4.67005, 4.67938, 4.68883, 4.69841, 4.70813, 4.71798, 4.72798, 4.73811, 4.7484, 4.75883, 4.76941, 4.78014, 4.79104, 4.80209, 4.81331, 4.8247, 4.83626, 4.848, 4.85991, 4.87201, 4.8843, 4.89677, 4.90945, 4.92232, 4.9354, 4.9487, 4.9622, 4.97593, 4.98988, 5.00407, 5.01849, 5.03315, 5.04807, 5.06324, 5.07867, 5.09437, 5.11035, 5.12661, 5.14316, 5.16001, 5.17717, 5.19464, 5.21244, 5.23057, 5.24904, 5.26787, 5.28706, 5.30662, 5.32657, 5.34692, 5.36767, 5.38885, 5.41046, 5.43252, 5.45505, 5.47805, 5.50155, 5.52556, 5.5501, 5.57519, 5.60084, 5.62708, 5.65393, 5.6814, 5.70953, 5.73834, 5.76785, 5.79809, 5.8291, 5.86089, 5.8935, 5.92698, 5.96134, 5.99664, 6.03291, 6.07019, 6.10854, 6.14799, 6.18861, 6.23045, 6.27357, 6.31803, 6.3639, 6.41126, 6.46018, 6.51075, 6.56306, 6.61722, 6.67332, 6.73149, 6.79185, 6.85454, 6.91972, 6.98754, 7.0582, 7.13188, 7.20882, 7.28926, 7.37347, 7.46175, 7.55445, 7.65195, 7.75468, 7.86313, 7.97787, 8.09954, 8.22888, 8.36678, 8.51427, 8.67256, 8.84314, 9.02781, 9.22884, 9.44907, 9.69216, 9.96284, 10.2669, 10.6125, 11.0076, 11.4611, 11.98, 12.5649, 13.2054, 13.8734, 14.5187, 15.0666, 15.4242, 15.4924, 15.1854, 14.4528, 13.2958, 11.7719, 10.0198, 8.16559, 6.35735, 4.71999, 3.33689, 2.24364, 1.43331, 0.869261, 0.50013, 0.272829, 0.141048, 0.0690762, 0.0320348, 0.0140635, 0.00584207, 0.00229467, 0.000850673, 0.000295852, 9.42136e-05, 2.392e-05, 5.23668e-06, 1.50391e-06, 4.07956e-07, 1.04513e-07, 2.5287e-08, 5.77814e-09, 1.24694e-09, 2.54138e-10, 4.89171e-11, 8.89236e-12, 1.52665e-12, 2.4753e-13, 3.79039e-14, 5.48156e-15, 7.48672e-16, 9.65705e-17, 1.17642e-17, 1.35347e-18, 1.47062e-19, 1.50909e-20, 1.46251e-21, 1.33858e-22, 1.15707e-23, 9.44578e-25, 7.28253e-26, 5.30264e-27, 3.64643e-28, 2.36815e-29, 1.4525e-30, 8.41368e-32, 4.60281e-33, 2.37807e-34, 1.16036e-35, 5.34716e-37, 2.32713e-38, 9.56494e-40, 3.71286e-41, 1.36113e-42, 4.71256e-44, 1.54091e-45, 4.75844e-47, 1.38776e-48, 3.82235e-50, 9.94283e-52, 2.44261e-53, 5.66713e-55, 1.24176e-56, 2.56965e-58, 5.02198e-60, 9.26917e-62, 1.61574e-63, 2.6599e-65, 4.13546e-67, 6.0722e-69, 8.42039e-71, 1.10276e-72, 1.36394e-74, 1.59321e-76, 1.75758e-78, 1.83114e-80, 1.80173e-82, 1.67426e-84, 1.46932e-86, 1.2178e-88, 9.53234e-91, 7.0467e-93, 4.91966e-95, 3.24376e-97, 2.01987e-99, 1.18785e-101, 6.59729e-104, 3.46043e-106, 1.71419e-108, 8.01955e-111, 3.54327e-113, 1.4785e-115, 5.8264e-118, 2.16842e-120, 7.62163e-123, 2.52997e-125, 7.93133e-128, 2.34822e-130, 6.56589e-133, 1.73385e-135, 4.32406e-138, 1.01844e-140, 2.26537e-143, 4.75889e-146, 9.44135e-149, 1.76899e-151, 3.13024e-154, 5.2311e-157, 8.25601e-160, 1.23058e-162, 1.73225e-165, 2.30289e-168, 2.89132e-171, 3.42833e-174, 3.83911e-177, 4.06013e-180, 4.05518e-183, 3.8251e-186, 3.4075e-189, 2.86676e-192, 2.27776e-195, 1.70917e-198, 1.21122e-201, 8.10634e-205, 5.12373e-208, 3.0585e-211, 1.72422e-214, 9.17988e-218, 4.61575e-221, 2.19184e-224, 9.8296e-228, 4.16317e-231, 1.66522e-234, 6.29046e-238
3.93324, 3.93424, 3.93526, 3.93629, 3.93733, 3.93838, 3.93944, 3.94051, 3.9416, 3.9427, 3.9438, 3.94492, 3.94605, 3.9472, 3.94835, 3.94952, 3.9507, 3.95189, 3.95309, 3.95431, 3.95554, 3.95678, 3.95804, 3.9593, 3.96058, 3.96188, 3.96318, 3.9645, 3.96584, 3.96718, 3.96854, 3.96992, 3.97131, 3.97271, 3.97413, 3.97556, 3.977, 3.97846, 3.97994, 3.98143, 3.98293, 3.98445, 3.98599, 3.98754, 3.9891, 3.99068, 3.99228, 3.99389, 3.99552, 3.99716, 3.99883, 4.0005, 4.0022, 4.00391, 4.00564, 4.00738, 4.00914, 4.01092, 4.01272, 4.01453, 4.01637, 4.01822, 4.02009, 4.02197, 4.02388, 4.0258, 4.02775, 4.02971, 4.03169, 4.03369, 4.03572, 4.03776, 4.03982, 4.0419, 4.044, 4.04612, 4.04827, 4.05043, 4.05262, 4.05482, 4.05705, 4.0593, 4.06158, 4.06387, 4.06619, 4.06853, 4.07089, 4.07328, 4.07569, 4.07812, 4.08058, 4.08307, 4.08557, 4.0881, 4.09066, 4.09324, 4.09585, 4.09848, 4.10114, 4.10383, 4.10654, 4.10928, 4.11205, 4.11485, 4.11767, 4.12052, 4.1234, 4.12631, 4.12924, 4.13221, 4.13521, 4.13823, 4.14129, 4.14438, 4.1475, 4.15065, 4.15383, 4.15705, 4.16029, 4.16357, 4.16689, 4.17023, 4.17362, 4.17703, 4.18048, 4.18397, 4.18749, 4.19105, 4.19465, 4.19828, 4.20195, 4.20566, 4.20941, 4.21319, 4.21702, 4.22088, 4.22479, 4.22874, 4.23273, 4.23676, 4.24083, 4.24495, 4.24911, 4.25331, 4.25756, 4.26185, 4.26619, 4.27058, 4.27502, 4.2795, 4.28403, 4.28861, 4.29324, 4.29792, 4.30265, 4.30744, 4.31227, 4.31716, 4.32211, 4.3271, 4.33216, 4.33727, 4.34244, 4.34766, 4.35295, 4.35829, 4.3637, 4.36917, 4.37469, 4.38029, 4.38594, 4.39167, 4.39745, 4.40331, 4.40923, 4.41523, 4.42129, 4.42743, 4.43363, 4.43992, 4.44627, 4.4527, 4.45921, 4.4658, 4.47247, 4.47922, 4.48605, 4.49297, 4.49997, 4.50705, 4.51423, 4.52149, 4.52885, 4.5363, 4.54384, 4.55148, 4.55921, 4.56705, 4.57499, 4.58302, 4.59117, 4.59942, 4.60778, 4.61625, 4.62483, 4.63352, 4.64234, 4.65127, 4.66032, 4.6695, 4.6788, 4.68823, 4.69779, 4.70748, 4.71731, 4.72728, 4.73739, 4.74765, 4.75805, 4.7686, 4.77931, 4.79017, 4.80119, 4.81238, 4.82373, 4.83525, 4.84695, 4.85883, 4.87088, 4.88313, 4.89556, 4.90819, 4.92102, 4.93405, 4.94729, 4.96075, 4.97442, 4.98832, 5.00244, 5.0168, 5.0314, 5.04625, 5.06135, 5.07671, 5.09234, 5.10824, 5.12442, 5.14089, 5.15766, 5.17472, 5.1921, 5.2098, 5.22783, 5.2462, 5.26492, 5.28399, 5.30344, 5.32327, 5.34348, 5.3641, 5.38514, 5.40661, 5.42852, 5.45089, 5.47372, 5.49705, 5.52088, 5.54523, 5.57012, 5.59556, 5.62159, 5.64821, 5.67544, 5.70332, 5.73187, 5.7611, 5.79106, 5.82176, 5.85323, 5.88551, 5.91863, 5.95262, 5.98753, 6.02338, 6.06023, 6.09811, 6.13708, 6.17719, 6.21848, 6.26102, 6.30486, 6.35008, 6.39674, 6.44491, 6.49469, 6.54616, 6.59941, 6.65454, 6.71167, 6.77092, 6.83242, 6.8963, 6.96273, 7.03188, 7.10394, 7.17911, 7.25762, 7.33972, 7.4257, 7.51587, 7.61059, 7.71024, 7.81528, 7.92623, 8.04366, 8.16824, 8.30075, 8.44211, 8.59338, 8.75584, 8.93106, 9.1209, 9.32776, 9.55465, 9.80546, 10.0853, 10.4007, 10.7599, 11.1729, 11.6501, 12.2004, 12.8271, 13.5222, 14.2592, 14.9873, 15.6291, 16.085, 16.2461, 16.0154, 15.3314, 14.1879, 12.6436, 10.8148, 8.85525, 6.92554, 5.1641, 3.66594, 2.47459, 1.5868, 0.965802, 0.557584, 0.305172, 0.158267, 0.0777442, 0.0361601, 0.0159194, 0.00663118, 0.00261177, 0.000971046, 0.000339005, 0.000108699, 2.82602e-05, 6.40619e-06, 1.83833e-06, 4.98963e-07, 1.27903e-07, 3.0964e-08, 7.07946e-09, 1.52866e-09, 3.11735e-10, 6.00383e-11, 1.09204e-11, 1.87591e-12, 3.04335e-13, 4.66293e-14, 6.74733e-15, 9.22085e-16, 1.19008e-16, 1.45059e-17, 1.66987e-18, 1.81545e-19, 1.86402e-20, 1.80753e-21, 1.65532e-22, 1.43168e-23, 1.16944e-24, 9.02134e-26, 6.57251e-27, 4.52227e-28, 2.93865e-29, 1.80344e-30, 1.04526e-31, 5.72149e-33, 2.95774e-34, 1.44403e-35, 6.65818e-37, 2.89935e-38, 1.19237e-39, 4.63111e-41, 1.69873e-42, 5.88475e-44, 1.92529e-45, 5.94879e-47, 1.7359e-48, 4.78395e-50, 1.24512e-51, 3.06056e-53, 7.10485e-55, 1.55766e-56, 3.22519e-58, 6.30667e-60, 1.16469e-61, 2.03134e-63, 3.34596e-65, 5.20501e-67, 7.64692e-69, 1.061e-70, 1.39029e-72, 1.72053e-74, 2.01085e-76, 2.21954e-78, 2.3137e-80, 2.2778e-82, 2.11781e-84, 1.85961e-86, 1.54213e-88, 1.20776e-90, 8.93317e-93, 6.24011e-95, 4.11663e-97, 2.56481e-99, 1.50914e-101, 8.38624e-104, 4.40117e-106, 2.18138e-108, 1.02107e-110, 4.51382e-113, 1.88449e-115, 7.43032e-118, 2.76683e-120, 9.73015e-123, 3.23161e-125, 1.01363e-127, 3.00265e-130, 8.4002e-133, 2.21941e-135, 5.53792e-138, 1.30502e-140, 2.90436e-143, 6.10444e-146, 1.21172e-148, 2.27154e-151, 4.02161e-154, 6.7242e-157, 1.0618e-159, 1.58346e-162, 2.23014e-165, 2.96633e-168, 3.72621e-171, 4.42055e-174, 4.95275e-177, 5.24056e-180, 5.23685e-183, 4.94224e-186, 4.40492e-189, 3.70777e-192, 2.94747e-195, 2.21282e-198, 1.56893e-201, 1.05056e-204, 6.64356e-208, 3.96772e-211, 2.2379e-214, 1.19207e-217, 5.99684e-221, 2.84907e-224, 1.27834e-227, 5.41686e-231, 2.16775e-234, 8.1928e-238
209.20
176.82
 
MEASUREMENT 51
1.56305, 4.67879, 7.79453, 10.9103, 14.0312, 17.1469, 20.2679, 23.3784, 26.4796, 29.5859, 32.6913, 35.8071, 38.9228, 42.0385, 45.1595, 48.2752, 51.3909, 54.5067, 57.6224, 60.7381, 63.8435, 66.9593, 70.0698, 73.1752, 76.2806, 79.3859, 82.4913, 85.5967, 88.7021, 91.8074, 94.9128, 98.0182, 101.1, 104.148, 107.196, 110.244, 113.292, 116.339, 119.387, 122.435, 125.483, 128.531, 131.574, 134.622, 137.67, 140.718, 143.766, 146.814, 149.861, 152.909, 155.957, 159.005, 162.053, 165.101, 168.149, 171.197, 174.245, 177.293, 180.341, 183.389, 186.436, 189.484, 192.532, 195.58, 198.621, 201.655, 204.688, 207.722, 210.756, 213.794, 216.838, 219.882, 222.926, 225.97, 229.014, 232.058, 235.102, 238.145, 241.189, 244.233, 247.277, 250.321, 253.37, 256.424, 259.478, 262.532, 265.586, 268.64, 271.695, 274.749, 277.803, 280.857, 283.911, 286.97, 290.035, 293.099
3.48282, 3.49629, 3.48854, 3.69808, 3.4804, 3.5212, 3.81347, 3.80829, 3.75311, 3.79916, 3.84793, 3.93616, 3.94377, 3.98556, 3.9863, 3.99186, 4.15196, 4.18809, 4.26549, 4.30879, 3.83022, 4.26691, 4.28824, 4.26674, 4.37001, 4.38045, 4.40731, 4.40072, 4.46091, 4.12171, 4.52799, 3.92214, 4.54825, 4.54725, 4.59257, 4.61154, 4.63733, 4.67601, 4.71982, 4.74051, 4.7573, 4.81334, 4.87408, 4.8815, 4.94401, 5.01621, 5.0875, 5.13532, 5.1795, 5.23983, 5.34543, 5.43759, 5.54826, 5.61497, 5.7356, 6.01147, 6.10037, 6.18579, 6.42837, 6.72905, 6.97133, 7.42033, 7.86216, 8.68812, 11.0667, 12.6361, 14.2555, 12.9562, 6.65693, 1.47255, 0.102836, -0.0197346, -0.0296537, -0.047856, -0.0478142, -0.0236439, -0.0280778, -0.0245012, -0.0551509, -0.0394921, -0.0653883, -0.0696546, -0.0614214, -0.0351219, -0.0339463, -0.050688, -0.0238616, -0.0265862, -0.0256296, -0.020436, -0.0211755, -0.0337048, -0.0521134, -0.0398769, -0.06406, -0.102851
0.104485, 0.104889, 0.104656, 0.110943, 0.104412, 0.105636, 0.114404, 0.114249, 0.112593, 0.113975, 0.115438, 0.118085, 0.118313, 0.119567, 0.119589, 0.119756, 0.124559, 0.125643, 0.127965, 0.129264, 0.114906, 0.128007, 0.128647, 0.128002, 0.1311, 0.131414, 0.132219, 0.132022, 0.133827, 0.123651, 0.13584, 0.117664, 0.136447, 0.136417, 0.137777, 0.138346, 0.13912, 0.14028, 0.141595, 0.142215, 0.142719, 0.1444, 0.146223, 0.146445, 0.14832, 0.150486, 0.152625, 0.154059, 0.155385, 0.157195, 0.160363, 0.163128, 0.166448, 0.168449, 0.172068, 0.180344, 0.183011, 0.185574, 0.192851, 0.201871, 0.20914, 0.22261, 0.235865, 0.260644, 0.332, 0.379084, 0.427666, 0.388687, 0.199708, 0.0441764, 0.00308508, 0.000592039, 0.00088961, 0.00143568, 0.00143442, 0.000709316, 0.000842334, 0.000735035, 0.00165453, 0.00118476, 0.00196165, 0.00208964, 0.00184264, 0.00105366, 0.00101839, 0.00152064, 0.000715847, 0.000797587, 0.000768888, 0.00061308, 0.000635264, 0.00101114, 0.0015634, 0.00119631, 0.0019218, 0.00308554
0, 0.613815, 1.22763, 1.84144, 2.45526, 3.06907, 3.68289, 4.2967, 4.91052, 5.52433, 6.13815, 6.75196, 7.36578, 7.97959, 8.59341, 9.20722, 9.82104, 10.4349, 11.0487, 11.6625, 12.2763, 12.8901, 13.5039, 14.1177, 14.7316, 15.3454, 15.9592, 16.573, 17.1868, 17.8006, 18.4144, 19.0283, 19.6421, 20.2559, 20.8697, 21.4835, 22.0973, 22.7111, 23.325, 23.9388, 24.5526, 25.1664, 25.7802, 26.394, 27.0078, 27.6217, 28.2355, 28.8493, 29.4631, 30.0769, 30.6907, 31.3046, 31.9184, 32.5322, 33.146, 33.7598, 34.3736, 34.9874, 35.6013, 36.2151, 36.8289, 37.4427, 38.0565, 38.6703, 39.2841, 39.898, 40.5118, 41.1256, 41.7394, 42.3532, 42.967, 43.5808, 44.1947, 44.8085, 45.4223, 46.0361, 46.6499, 47.2637, 47.8775, 48.4914, 49.1052, 49.719, 50.3328, 50.9466, 51.5604, 52.1743, 52.7881, 53.4019, 54.0157, 54.6295, 55.2433, 55.8571, 56.471, 57.0848, 57.6986, 58.3124, 58.9262, 59.54, 60.1538, 60.7677, 61.3815, 61.9953, 62.6091, 63.2229, 63.8367, 64.4505, 65.0644, 65.6782, 66.292, 66.9058, 67.5196, 68.1334, 68.7473, 69.3611, 69.9749, 70.5887, 71.2025, 71.8163, 72.4301, 73.044, 73.6578, 74.2716, 74.8854, 75.4992, 76.113, 76.7268, 77.3407, 77.9545, 78.5683, 79.1821, 79.7959, 80.4097, 81.0235, 81.6374, 82.2512, 82.865, 83.4788, 84.0926, 84.7064, 85.3202, 85.9341, 86.5479, 87.1617, 87.7755, 88.3893, 89.0031, 89.617, 90.2308, 90.8446, 91.4584, 92.0722, 92.686, 93.2998, 93.9137, 94.5275, 95.1413, 95.7551, 96.3689, 96.9827, 97.5965, 98.2104, 98.8242, 99.438, 100.052, 100.666, 101.279, 101.893, 102.507, 103.121, 103.735, 104.349, 104.962, 105.576, 106.19, 106.804, 107.418, 108.031, 108.645, 109.259, 109.873, 110.487, 111.1, 111.714, 112.328, 112.942, 113.556, 114.17, 114.783, 115.397, 116.011, 116.625, 117.239, 117.852, 118.466, 119.08, 119.694, 120.308, 120.922, 121.535, 122.149, 122.763, 123.377, 123.991, 124.604, 125.218, 125.832, 126.446, 127.06, 127.673, 128.287, 128.901, 129.515, 130.129, 130.743, 131.356, 131.97, 132.584, 133.198, 133.812, 134.425, 135.039, 135.653, 136.267, 136.881, 137.495, 138.108, 138.722, 139.336, 139.95, 140.564, 141.177, 141.791, 142.405, 143.019, 143.633, 144.246, 144.86, 145.474, 146.088, 146.702, 147.316, 147.929, 148.543, 149.157, 149.771, 150.385, 150.998, 151.612, 152.226, 152.84, 153.454, 154.068, 154.681, 155.295, 155.909, 156.523, 157.137, 157.75, 158.364, 158.978, 159.592, 160.206, 160.819, 161.433, 162.047, 162.661, 163.275, 163.889, 164.502, 165.116, 165.73, 166.344, 166.958, 167.571, 168.185, 168.799, 169.413, 170.027, 170.64, 171.254, 171.868, 172.482, 173.096, 173.71, 174.323, 174.937, 175.551, 176.165, 176.779, 177.392, 178.006, 178.62, 179.234, 179.848, 180.462, 181.075, 181.689, 182.303, 182.917, 183.531, 184.144, 184.758, 185.372, 185.986, 186.6, 187.213, 187.827, 188.441, 189.055, 189.669, 190.283, 190.896, 191.51, 192.124, 192.738, 193.352, 193.965, 194.579, 195.193, 195.807, 196.421, 197.035, 197.648, 198.262, 198.876, 199.49, 200.104, 200.717, 201.331, 201.945, 202.559, 203.173, 203.786, 204.4, 205.014, 205.628, 206.242, 206.856, 207.469, 208.083, 208.697, 209.311, 209.925, 210.538, 211.152, 211.766, 212.38, 212.994, 213.608, 214.221, 214.835, 215.449, 216.063, 216.677, 217.29, 217.904, 218.518, 219.132, 219.746, 220.359, 220.973, 221.587, 222.201, 222.815, 223.429, 224.042, 224.656, 225.27, 225.884, 226.498, 227.111, 227.725, 228.339, 228.953, 229.567, 230.181, 230.794, 231.408, 232.022, 232.636, 233.25, 233.863, 234.477, 235.091, 235.705, 236.319, 236.932, 237.546, 238.16, 238.774, 239.388, 240.002, 240.615, 241.229, 241.843, 242.457, 243.071, 243.684, 244.298, 244.912, 245.526, 246.14, 246.754, 247.367, 247.981, 248.595, 249.209, 249.823, 250.436, 251.05, 251.664, 252.278, 252.892, 253.505, 254.119, 254.733, 255.347, 255.961, 256.575, 257.188, 257.802, 258.416, 259.03, 259.644, 260.257, 260.871, 261.485, 262.099, 262.713, 263.327, 263.94, 264.554, 265.168, 265.782, 266.396, 267.009, 267.623, 268.237, 268.851, 269.465, 270.078, 270.692, 271.306, 271.92, 272.534, 273.148, 273.761, 274.375, 274.989, 275.603, 276.217, 276.83, 277.444, 278.058, 278.672, 279.286, 279.9, 280.513, 281.127, 281.741, 282.355, 282.969, 283.582, 284.196, 284.81, 285.424, 286.038, 286.651, 287.265, 287.879, 288.493, 289.107, 289.721, 290.334, 290.948, 291.562, 292.176, 292.79, 293.403, 294.017
3.9341, 3.93509, 3.93609, 3.9371, 3.93812, 3.93916, 3.9402, 3.94126, 3.94232, 3.9434, 3.94449, 3.94559, 3.9467, 3.94783, 3.94896, 3.95011, 3.95127, 3.95244, 3.95363, 3.95482, 3.95603, 3.95725, 3.95849, 3.95974, 3.961, 3.96227, 3.96356, 3.96486, 3.96617, 3.9675, 3.96884, 3.97019, 3.97156, 3.97294, 3.97434, 3.97575, 3.97717, 3.97861, 3.98006, 3.98153, 3.98301, 3.98451, 3.98602, 3.98755, 3.98909, 3.99065, 3.99223, 3.99382, 3.99542, 3.99704, 3.99868, 4.00034, 4.00201, 4.00369, 4.0054, 4.00712, 4.00886, 4.01061, 4.01239, 4.01418, 4.01599, 4.01781, 4.01966, 4.02152, 4.0234, 4.0253, 4.02722, 4.02915, 4.03111, 4.03309, 4.03508, 4.0371, 4.03913, 4.04119, 4.04326, 4.04536, 4.04747, 4.04961, 4.05177, 4.05395, 4.05615, 4.05837, 4.06062, 4.06288, 4.06517, 4.06748, 4.06982, 4.07218, 4.07456, 4.07696, 4.07939, 4.08184, 4.08432, 4.08682, 4.08935, 4.0919, 4.09447, 4.09708, 4.09971, 4.10236, 4.10504, 4.10775, 4.11048, 4.11324, 4.11603, 4.11885, 4.1217, 4.12457, 4.12747, 4.13041, 4.13337, 4.13636, 4.13938, 4.14243, 4.14552, 4.14863, 4.15178, 4.15496, 4.15817, 4.16141, 4.16469, 4.16799, 4.17134, 4.17472, 4.17813, 4.18158, 4.18506, 4.18858, 4.19213, 4.19572, 4.19935, 4.20302, 4.20673, 4.21047, 4.21425, 4.21807, 4.22194, 4.22584, 4.22978, 4.23377, 4.2378, 4.24187, 4.24598, 4.25014, 4.25434, 4.25859, 4.26288, 4.26722, 4.27161, 4.27604, 4.28052, 4.28505, 4.28963, 4.29426, 4.29894, 4.30367, 4.30845, 4.31329, 4.31818, 4.32312, 4.32812, 4.33317, 4.33828, 4.34345, 4.34868, 4.35397, 4.35931, 4.36472, 4.37019, 4.37572, 4.38131, 4.38697, 4.3927, 4.39849, 4.40435, 4.41028, 4.41627, 4.42234, 4.42848, 4.43469, 4.44098, 4.44734, 4.45378, 4.46029, 4.46689, 4.47356, 4.48032, 4.48715, 4.49408, 4.50109, 4.50818, 4.51536, 4.52264, 4.53, 4.53746, 4.54501, 4.55266, 4.56041, 4.56826, 4.57621, 4.58426, 4.59241, 4.60068, 4.60905, 4.61754, 4.62613, 4.63485, 4.64367, 4.65262, 4.66169, 4.67089, 4.68021, 4.68966, 4.69924, 4.70896, 4.71881, 4.72881, 4.73894, 4.74922, 4.75965, 4.77023, 4.78097, 4.79186, 4.80291, 4.81413, 4.82552, 4.83708, 4.84881, 4.86072, 4.87282, 4.88511, 4.89758, 4.91025, 4.92313, 4.93621, 4.9495, 4.963, 4.97672, 4.99068, 5.00486, 5.01928, 5.03394, 5.04885, 5.06402, 5.07945, 5.09514, 5.11112, 5.12738, 5.14392, 5.16077, 5.17792, 5.19539, 5.21318, 5.23131, 5.24978, 5.2686, 5.28779, 5.30735, 5.32729, 5.34763, 5.36838, 5.38955, 5.41116, 5.43322, 5.45574, 5.47873, 5.50223, 5.52623, 5.55076, 5.57584, 5.60148, 5.62771, 5.65455, 5.68202, 5.71014, 5.73893, 5.76843, 5.79866, 5.82965, 5.86143, 5.89403, 5.92749, 5.96184, 5.99712, 6.03338, 6.07064, 6.10897, 6.14841, 6.18901, 6.23082, 6.27392, 6.31835, 6.3642, 6.41153, 6.46042, 6.51096, 6.56324, 6.61735, 6.67342, 6.73154, 6.79186, 6.85451, 6.91963, 6.9874, 7.058, 7.13162, 7.20849, 7.28885, 7.37297, 7.46117, 7.55376, 7.65115, 7.75376, 7.86207, 7.97666, 8.09816, 8.22731, 8.36499, 8.51223, 8.67023, 8.84048, 9.02476, 9.22531, 9.44497, 9.68736, 9.95717, 10.2604, 10.6045, 10.998, 11.45, 11.9673, 12.5512, 13.1917, 13.8617, 14.5111, 15.0659, 15.4329, 15.5121, 15.2166, 14.494, 13.344, 11.8225, 10.0687, 8.20918, 6.39318, 4.74718, 3.3559, 2.25583, 1.44042, 0.872973, 0.501812, 0.273438, 0.141171, 0.0690274, 0.0319541, 0.0139994, 0.00580214, 0.00227322, 0.000840353, 0.00029132, 9.23668e-05, 2.318e-05, 5.11213e-06, 1.46241e-06, 3.95044e-07, 1.00758e-07, 2.42649e-08, 5.51744e-09, 1.18456e-09, 2.40126e-10, 4.59601e-11, 8.30585e-12, 1.41726e-12, 2.28335e-13, 3.47344e-14, 4.98892e-15, 6.76572e-16, 8.66329e-17, 1.0474e-17, 1.19564e-18, 1.2887e-19, 1.31149e-20, 1.26019e-21, 1.14332e-22, 9.79399e-24, 7.9216e-25, 6.04959e-26, 4.36214e-27, 2.96984e-28, 1.90909e-29, 1.15873e-30, 6.64041e-32, 3.5931e-33, 1.8357e-34, 8.85516e-36, 4.03321e-37, 1.73446e-38, 7.04267e-40, 2.70004e-41, 9.77378e-43, 3.34053e-44, 1.07802e-45, 3.28472e-47, 9.44993e-49, 2.56696e-50, 6.58367e-52, 1.59432e-53, 3.64539e-55, 7.86994e-57, 1.6042e-58, 3.08747e-60, 5.61057e-62, 9.62653e-64, 1.55952e-65, 2.38546e-67, 3.44518e-69, 4.69797e-71, 6.04878e-73, 7.35331e-75, 8.44029e-77, 9.14724e-79, 9.36011e-81, 9.04338e-83, 8.24971e-85, 7.10567e-87, 5.77869e-89, 4.43723e-91, 3.21701e-93, 2.20217e-95, 1.42334e-97, 8.68606e-100, 5.0049e-102, 2.72287e-104, 1.39867e-106, 6.78361e-109, 3.10645e-111, 1.34315e-113, 5.48334e-116, 2.11359e-118, 7.69229e-121, 2.6433e-123, 8.57622e-126, 2.62726e-128, 7.59916e-131, 2.07533e-133, 5.35136e-136, 1.30286e-138, 2.99496e-141, 6.5004e-144, 1.33213e-146, 2.57756e-149, 4.709e-152, 8.12279e-155, 1.32294e-157, 2.03436e-160, 2.95376e-163, 4.04929e-166, 5.24129e-169, 6.40552e-172, 7.39141e-175, 8.05297e-178, 8.28403e-181, 8.04606e-184, 7.37872e-187, 6.38903e-190, 5.22331e-193, 4.03192e-196, 2.93856e-199, 2.02215e-202, 1.31385e-205, 8.06003e-209, 4.66856e-212, 2.5532e-215, 1.31838e-218, 6.4277e-222, 2.95886e-225, 1.28602e-228, 5.27751e-232, 2.04486e-235, 7.48093e-239
3.9341, 3.93511, 3.93613, 3.93716, 3.9382, 3.93925, 3.94031, 3.94138, 3.94247, 3.94356, 3.94467, 3.94579, 3.94692, 3.94806, 3.94922, 3.95039, 3.95157, 3.95276, 3.95396, 3.95518, 3.95641, 3.95765, 3.9589, 3.96017, 3.96145, 3.96274, 3.96405, 3.96537, 3.9667, 3.96805, 3.96941, 3.97079, 3.97217, 3.97358, 3.97499, 3.97642, 3.97787, 3.97933, 3.9808, 3.98229, 3.9838, 3.98532, 3.98685, 3.9884, 3.98997, 3.99155, 3.99315, 3.99476, 3.99639, 3.99803, 3.99969, 4.00137, 4.00306, 4.00477, 4.0065, 4.00825, 4.01001, 4.01179, 4.01359, 4.0154, 4.01723, 4.01908, 4.02095, 4.02284, 4.02475, 4.02667, 4.02861, 4.03058, 4.03256, 4.03456, 4.03658, 4.03862, 4.04068, 4.04276, 4.04487, 4.04699, 4.04913, 4.0513, 4.05348, 4.05569, 4.05792, 4.06017, 4.06244, 4.06474, 4.06705, 4.0694, 4.07176, 4.07415, 4.07656, 4.07899, 4.08145, 4.08393, 4.08644, 4.08897, 4.09153, 4.09411, 4.09672, 4.09935, 4.10201, 4.1047, 4.10741, 4.11015, 4.11292, 4.11571, 4.11853, 4.12138, 4.12426, 4.12717, 4.13011, 4.13308, 4.13607, 4.1391, 4.14216, 4.14524, 4.14836, 4.15151, 4.1547, 4.15791, 4.16116, 4.16444, 4.16775, 4.1711, 4.17448, 4.1779, 4.18135, 4.18484, 4.18836, 4.19192, 4.19551, 4.19915, 4.20282, 4.20652, 4.21027, 4.21406, 4.21788, 4.22175, 4.22565, 4.2296, 4.23359, 4.23762, 4.24169, 4.24581, 4.24997, 4.25417, 4.25842, 4.26272, 4.26706, 4.27144, 4.27588, 4.28036, 4.28489, 4.28947, 4.2941, 4.29878, 4.30351, 4.3083, 4.31313, 4.31802, 4.32297, 4.32797, 4.33302, 4.33813, 4.3433, 4.34852, 4.35381, 4.35915, 4.36456, 4.37002, 4.37555, 4.38115, 4.3868, 4.39252, 4.39831, 4.40417, 4.41009, 4.41608, 4.42215, 4.42828, 4.43449, 4.44077, 4.44713, 4.45356, 4.46007, 4.46666, 4.47332, 4.48007, 4.4869, 4.49382, 4.50082, 4.50791, 4.51508, 4.52234, 4.5297, 4.53715, 4.54469, 4.55233, 4.56006, 4.5679, 4.57583, 4.58387, 4.59201, 4.60026, 4.60862, 4.61709, 4.62567, 4.63436, 4.64318, 4.65211, 4.66116, 4.67033, 4.67963, 4.68906, 4.69862, 4.70832, 4.71814, 4.72811, 4.73822, 4.74847, 4.75888, 4.76943, 4.78013, 4.79099, 4.80201, 4.8132, 4.82455, 4.83607, 4.84777, 4.85964, 4.8717, 4.88394, 4.89637, 4.909, 4.92183, 4.93486, 4.94809, 4.96155, 4.97522, 4.98911, 5.00323, 5.01759, 5.03219, 5.04704, 5.06214, 5.07749, 5.09312, 5.10901, 5.12519, 5.14166, 5.15842, 5.17548, 5.19286, 5.21055, 5.22858, 5.24694, 5.26566, 5.28473, 5.30417, 5.32399, 5.3442, 5.36482, 5.38585, 5.40731, 5.42922, 5.45158, 5.47441, 5.49773, 5.52155, 5.54589, 5.57077, 5.59621, 5.62222, 5.64883, 5.67606, 5.70393, 5.73247, 5.76169, 5.79163, 5.82232, 5.85378, 5.88605, 5.91915, 5.95313, 5.98802, 6.02386, 6.06069, 6.09856, 6.13751, 6.17759, 6.21886, 6.26138, 6.3052, 6.35039, 6.39702, 6.44517, 6.49492, 6.54635, 6.59957, 6.65467, 6.71176, 6.77096, 6.83241, 6.89625, 6.96263, 7.03172, 7.10371, 7.17882, 7.25725, 7.33928, 7.42517, 7.51525, 7.60986, 7.7094, 7.81432, 7.92512, 8.04239, 8.16679, 8.29911, 8.44024, 8.59125, 8.75342, 8.92829, 9.11772, 9.32409, 9.55038, 9.80045, 10.0793, 10.3936, 10.7514, 11.1627, 11.6381, 12.1865, 12.8119, 13.5067, 14.2452, 14.9773, 15.6261, 16.0917, 16.2647, 16.0464, 15.3734, 14.2379, 12.6971, 10.8672, 8.90231, 6.96453, 5.1939, 3.68691, 2.48812, 1.59474, 0.969984, 0.559498, 0.305878, 0.158419, 0.0776968, 0.0360728, 0.0158486, 0.00658664, 0.00258768, 0.0009594, 0.000333868, 0.000106599, 2.74139e-05, 6.25424e-06, 1.78768e-06, 4.83189e-07, 1.23312e-07, 2.97138e-08, 6.76036e-09, 1.45225e-09, 2.94562e-10, 5.64121e-11, 1.02007e-11, 1.74159e-12, 2.80753e-13, 4.2733e-14, 6.14134e-15, 8.33343e-16, 1.06769e-16, 1.2916e-17, 1.47526e-18, 1.59101e-19, 1.62007e-20, 1.55761e-21, 1.41398e-22, 1.21196e-23, 9.80824e-25, 7.49472e-26, 5.40729e-27, 3.68353e-28, 2.36924e-29, 1.43884e-30, 8.25046e-32, 4.46686e-33, 2.28342e-34, 1.10212e-35, 5.02265e-37, 2.1612e-38, 8.78046e-40, 3.36821e-41, 1.21994e-42, 4.17196e-44, 1.3471e-45, 4.10694e-47, 1.18222e-48, 3.21317e-50, 8.24574e-52, 1.99795e-53, 4.57086e-55, 9.8735e-57, 2.01374e-58, 3.87786e-60, 7.05085e-62, 1.21046e-63, 1.96207e-65, 3.00289e-67, 4.33932e-69, 5.92057e-71, 7.62716e-73, 9.27728e-75, 1.06546e-76, 1.15534e-78, 1.18289e-80, 1.14349e-82, 1.04371e-84, 8.99471e-87, 7.31899e-89, 5.62306e-91, 4.07899e-93, 2.79376e-95, 1.80669e-97, 1.10315e-99, 6.35983e-102, 3.46189e-104, 1.77925e-106, 8.63414e-109, 3.95602e-111, 1.71141e-113, 6.99049e-116, 2.69599e-118, 9.81716e-121, 3.37528e-123, 1.0957e-125, 3.35838e-128, 9.71907e-131, 2.65569e-133, 6.85149e-136, 1.66898e-138, 3.83859e-141, 8.33585e-144, 1.70917e-146, 3.30884e-149, 6.04816e-152, 1.04382e-154, 1.70093e-157, 2.617e-160, 3.80168e-163, 5.2144e-166, 6.75288e-169, 8.25714e-172, 9.53293e-175, 1.03915e-177, 1.06951e-180, 1.03932e-183, 9.5361e-187, 8.26125e-190, 6.75736e-193, 5.21872e-196, 3.80545e-199, 2.62001e-202, 1.70316e-205, 1.04536e-208, 6.05799e-212, 3.31473e-215, 1.71247e-218, 8.35317e-222, 3.84712e-225, 1.67292e-228, 6.86863e-232, 2.66269e-235, 9.74596e-239
209.21
176.83
 
MEASUREMENT 52
1.56305, 4.67879, 7.79453, 10.9103, 14.0312, 17.1469, 20.2679, 23.3784, 26.4796, 29.5859, 32.6913, 35.8071, 38.9228, 42.0385, 45.1595, 48.2752, 51.3909, 54.5067, 57.6224, 60.7381, 63.8435, 66.9593, 70.0698, 73.1752, 76.2806, 79.3859, 82.4913, 85.5967, 88.7021, 91.8074, 94.9128, 98.0182, 101.1, 104.148, 107.196, 110.244, 113.292, 116.339, 119.387, 122.435, 125.483, 128.531, 131.574, 134.622, 137.67, 140.718, 143.766, 146.814, 149.861, 152.909, 155.957, 159.005, 162.053, 165.101, 168.149, 171.197, 174.245, 177.293, 180.341, 183.389, 186.436, 189.484, 192.532, 195.58, 198.621, 201.655, 204.688, 207.722, 210.756, 213.794, 216.838, 219.882, 222.926, 225.97, 229.014, 232.058, 235.102, 238.145, 241.189, 244.233, 247.277, 250.321, 253.37, 256.424, 259.478, 262.532, 265.586, 268.64, 271.695, 274.749, 277.803, 280.857, 283.911, 286.97, 290.035, 293.099
3.48379, 3.4968, 3.49019, 3.70372, 3.48184, 3.53006, 3.81493, 3.81195, 3.75567, 3.80495, 3.85255, 3.93937, 3.94744, 3.99331, 3.9906, 4.00189, 4.15902, 4.1926, 4.2703, 4.31794, 3.81908, 4.26595, 4.29116, 4.27906, 4.37499, 4.38708, 4.41616, 4.40818, 4.4663, 4.12917, 4.53461, 3.92213, 4.55647, 4.5547, 4.60264, 4.61738, 4.64199, 4.67896, 4.72161, 4.74723, 4.76057, 4.8178, 4.88077, 4.89297, 4.94788, 5.02112, 5.09535, 5.14288, 5.19546, 5.24446, 5.35357, 5.44344, 5.55361, 5.62409, 5.74353, 6.02004, 6.10136, 6.19137, 6.43752, 6.73296, 6.97582, 7.42638, 7.85412, 8.68646, 11.0725, 12.6454, 14.27, 12.9795, 6.67137, 1.47799, 0.100947, -0.0224425, -0.0401101, -0.0443923, -0.0459553, -0.0203085, -0.0256327, -0.0251839, -0.060758, -0.0392355, -0.0641222, -0.0692632, -0.0617377, -0.0357277, -0.0334035, -0.0496794, -0.0239383, -0.0278461, -0.026181, -0.019152, -0.0209672, -0.0330073, -0.0503713, -0.041292, -0.0649396, -0.100925
0.104514, 0.104904, 0.104706, 0.111112, 0.104455, 0.105902, 0.114448, 0.114358, 0.11267, 0.114149, 0.115577, 0.118181, 0.118423, 0.119799, 0.119718, 0.120057, 0.124771, 0.125778, 0.128109, 0.129538, 0.114572, 0.127979, 0.128735, 0.128372, 0.13125, 0.131612, 0.132485, 0.132245, 0.133989, 0.123875, 0.136038, 0.117664, 0.136694, 0.136641, 0.138079, 0.138522, 0.13926, 0.140369, 0.141648, 0.142417, 0.142817, 0.144534, 0.146423, 0.146789, 0.148436, 0.150634, 0.15286, 0.154286, 0.155864, 0.157334, 0.160607, 0.163303, 0.166608, 0.168723, 0.172306, 0.180601, 0.183041, 0.185741, 0.193125, 0.201989, 0.209275, 0.222792, 0.235624, 0.260594, 0.332174, 0.379362, 0.428099, 0.389384, 0.200141, 0.0443397, 0.00302841, 0.000673275, 0.0012033, 0.00133177, 0.00137866, 0.000609255, 0.000768981, 0.000755516, 0.00182274, 0.00117706, 0.00192367, 0.0020779, 0.00185213, 0.00107183, 0.0010021, 0.00149038, 0.00071815, 0.000835382, 0.000785431, 0.000574559, 0.000629016, 0.000990218, 0.00151114, 0.00123876, 0.00194819, 0.00302775
0, 0.613815, 1.22763, 1.84144, 2.45526, 3.06907, 3.68289, 4.2967, 4.91052, 5.52433, 6.13815, 6.75196, 7.36578, 7.97959, 8.59341, 9.20722, 9.82104, 10.4349, 11.0487, 11.6625, 12.2763, 12.8901, 13.5039, 14.1177, 14.7316, 15.3454, 15.9592, 16.573, 17.1868, 17.8006, 18.4144, 19.0283, 19.6421, 20.2559, 20.8697, 21.4835, 22.0973, 22.7111, 23.325, 23.9388, 24.5526, 25.1664, 25.7802, 26.394, 27.0078, 27.6217, 28.2355, 28.8493, 29.4631, 30.0769, 30.6907, 31.3046, 31.9184, 32.5322, 33.146, 33.7598, 34.3736, 34.9874, 35.6013, 36.2151, 36.8289, 37.4427, 38.0565, 38.6703, 39.2841, 39.898, 40.5118, 41.1256, 41.7394, 42.3532, 42.967, 43.5808, 44.1947, 44.8085, 45.4223, 46.0361, 46.6499, 47.2637, 47.8775, 48.4914, 49.1052, 49.719, 50.3328, 50.9466, 51.5604, 52.1743, 52.7881, 53.4019, 54.0157, 54.6295, 55.2433, 55.8571, 56.471, 57.0848, 57.6986, 58.3124, 58.9262, 59.54, 60.1538, 60.7677, 61.3815, 61.9953, 62.6091, 63.2229, 63.8367, 64.4505, 65.0644, 65.6782, 66.292, 66.9058, 67.5196, 68.1334, 68.7473, 69.3611, 69.9749, 70.5887, 71.2025, 71.8163, 72.4301, 73.044, 73.6578, 74.2716, 74.8854, 75.4992, 76.113, 76.7268, 77.3407, 77.9545, 78.5683, 79.1821, 79.7959, 80.4097, 81.0235, 81.6374, 82.2512, 82.865, 83.4788, 84.0926, 84.7064, 85.3202, 85.9341, 86.5479, 87.1617, 87.7755, 88.3893, 89.0031, 89.617, 90.2308, 90.8446, 91.4584, 92.0722, 92.686, 93.2998, 93.9137, 94.5275, 95.1413, 95.7551, 96.3689, 96.9827, 97.5965, 98.2104, 98.8242, 99.438, 100.052, 100.666, 101.279, 101.893, 102.507, 103.121, 103.735, 104.349, 104.962, 105.576, 106.19, 106.804, 107.418, 108.031, 108.645, 109.259, 109.873, 110.487, 111.1, 111.714, 112.328, 112.942, 113.556, 114.17, 114.783, 115.397, 116.011, 116.625, 117.239, 117.852, 118.466, 119.08, 119.694, 120.308, 120.922, 121.535, 122.149, 122.763, 123.377, 123.991, 124.604, 125.218, 125.832, 126.446, 127.06, 127.673, 128.287, 128.901, 129.515, 130.129, 130.743, 131.356, 131.97, 132.584, 133.198, 133.812, 134.425, 135.039, 135.653, 136.267, 136.881, 137.495, 138.108, 138.722, 139.336, 139.95, 140.564, 141.177, 141.791, 142.405, 143.019, 143.633, 144.246, 144.86, 145.474, 146.088, 146.702, 147.316, 147.929, 148.543, 149.157, 149.771, 150.385, 150.998, 151.612, 152.226, 152.84, 153.454, 154.068, 154.681, 155.295, 155.909, 156.523, 157.137, 157.75, 158.364, 158.978, 159.592, 160.206, 160.819, 161.433, 162.047, 162.661, 163.275, 163.889, 164.502, 165.116, 165.73, 166.344, 166.958, 167.571, 168.185, 168.799, 169.413, 170.027, 170.64, 171.254, 171.868, 172.482, 173.096, 173.71, 174.323, 174.937, 175.551, 176.165, 176.779, 177.392, 178.006, 178.62, 179.234, 179.848, 180.462, 181.075, 181.689, 182.303, 182.917, 183.531, 184.144, 184.758, 185.372, 185.986, 186.6, 187.213, 187.827, 188.441, 189.055, 189.669, 190.283, 190.896, 191.51, 192.124, 192.738, 193.352, 193.965, 194.579, 195.193, 195.807, 196.421, 197.035, 197.648, 198.262, 198.876, 199.49, 200.104, 200.717, 201.331, 201.945, 202.559, 203.173, 203.786, 204.4, 205.014, 205.628, 206.242, 206.856, 207.469, 208.083, 208.697, 209.311, 209.925, 210.538, 211.152, 211.766, 212.38, 212.994, 213.608, 214.221, 214.835, 215.449, 216.063, 216.677, 217.29, 217.904, 218.518, 219.132, 219.746, 220.359, 220.973, 221.587, 222.201, 222.815, 223.429, 224.042, 224.656, 225.27, 225.884, 226.498, 227.111, 227.725, 228.339, 228.953, 229.567, 230.181, 230.794, 231.408, 232.022, 232.636, 233.25, 233.863, 234.477, 235.091, 235.705, 236.319, 236.932, 237.546, 238.16, 238.774, 239.388, 240.002, 240.615, 241.229, 241.843, 242.457, 243.071, 243.684, 244.298, 244.912, 245.526, 246.14, 246.754, 247.367, 247.981, 248.595, 249.209, 249.823, 250.436, 251.05, 251.664, 252.278, 252.892, 253.505, 254.119, 254.733, 255.347, 255.961, 256.575, 257.188, 257.802, 258.416, 259.03, 259.644, 260.257, 260.871, 261.485, 262.099, 262.713, 263.327, 263.94, 264.554, 265.168, 265.782, 266.396, 267.009, 267.623, 268.237, 268.851, 269.465, 270.078, 270.692, 271.306, 271.92, 272.534, 273.148, 273.761, 274.375, 274.989, 275.603, 276.217, 276.83, 277.444, 278.058, 278.672, 279.286, 279.9, 280.513, 281.127, 281.741, 282.355, 282.969, 283.582, 284.196, 284.81, 285.424, 286.038, 286.651, 287.265, 287.879, 288.493, 289.107, 289.721, 290.334, 290.948, 291.562, 292.176, 292.79, 293.403, 294.017
3.93839, 3.93938, 3.94038, 3.9414, 3.94242, 3.94345, 3.9445, 3.94555, 3.94662, 3.9477, 3.94879, 3.94989, 3.95101, 3.95213, 3.95327, 3.95442, 3.95558, 3.95676, 3.95794, 3.95914, 3.96035, 3.96158, 3.96281, 3.96406, 3.96532, 3.9666, 3.96789, 3.96919, 3.9705, 3.97183, 3.97317, 3.97453, 3.9759, 3.97728, 3.97868, 3.98009, 3.98152, 3.98296, 3.98442, 3.98588, 3.98737, 3.98887, 3.99038, 3.99191, 3.99346, 3.99502, 3.9966, 3.99819, 3.9998, 4.00142, 4.00306, 4.00472, 4.00639, 4.00808, 4.00979, 4.01151, 4.01325, 4.01501, 4.01678, 4.01858, 4.02039, 4.02222, 4.02406, 4.02593, 4.02781, 4.02971, 4.03164, 4.03358, 4.03553, 4.03751, 4.03951, 4.04153, 4.04357, 4.04562, 4.0477, 4.0498, 4.05192, 4.05406, 4.05622, 4.0584, 4.06061, 4.06283, 4.06508, 4.06735, 4.06964, 4.07196, 4.0743, 4.07666, 4.07904, 4.08145, 4.08388, 4.08634, 4.08882, 4.09132, 4.09385, 4.09641, 4.09899, 4.10159, 4.10422, 4.10688, 4.10957, 4.11228, 4.11502, 4.11778, 4.12058, 4.1234, 4.12625, 4.12913, 4.13203, 4.13497, 4.13793, 4.14093, 4.14396, 4.14701, 4.1501, 4.15322, 4.15637, 4.15955, 4.16277, 4.16601, 4.1693, 4.17261, 4.17596, 4.17934, 4.18276, 4.18621, 4.1897, 4.19322, 4.19678, 4.20038, 4.20401, 4.20768, 4.21139, 4.21514, 4.21893, 4.22276, 4.22663, 4.23054, 4.23448, 4.23848, 4.24251, 4.24659, 4.25071, 4.25487, 4.25908, 4.26333, 4.26763, 4.27197, 4.27637, 4.28081, 4.28529, 4.28983, 4.29441, 4.29905, 4.30374, 4.30847, 4.31326, 4.31811, 4.323, 4.32795, 4.33296, 4.33802, 4.34314, 4.34832, 4.35355, 4.35884, 4.3642, 4.36961, 4.37509, 4.38063, 4.38623, 4.3919, 4.39763, 4.40343, 4.4093, 4.41523, 4.42124, 4.42732, 4.43346, 4.43969, 4.44598, 4.45235, 4.4588, 4.46532, 4.47193, 4.47861, 4.48538, 4.49223, 4.49916, 4.50618, 4.51328, 4.52048, 4.52776, 4.53514, 4.54261, 4.55017, 4.55783, 4.56559, 4.57345, 4.58141, 4.58947, 4.59764, 4.60592, 4.6143, 4.6228, 4.63141, 4.64014, 4.64898, 4.65794, 4.66703, 4.67624, 4.68557, 4.69504, 4.70463, 4.71436, 4.72423, 4.73424, 4.74439, 4.75469, 4.76513, 4.77573, 4.78648, 4.79739, 4.80846, 4.8197, 4.8311, 4.84268, 4.85443, 4.86636, 4.87848, 4.89078, 4.90328, 4.91597, 4.92886, 4.94196, 4.95527, 4.9688, 4.98255, 4.99652, 5.01073, 5.02517, 5.03985, 5.05479, 5.06998, 5.08544, 5.10116, 5.11716, 5.13344, 5.15002, 5.16689, 5.18408, 5.20157, 5.2194, 5.23755, 5.25605, 5.27491, 5.29413, 5.31372, 5.3337, 5.35407, 5.37486, 5.39607, 5.41771, 5.43981, 5.46237, 5.4854, 5.50894, 5.53298, 5.55756, 5.58268, 5.60837, 5.63465, 5.66154, 5.68906, 5.71723, 5.74608, 5.77563, 5.80592, 5.83697, 5.86881, 5.90148, 5.935, 5.96942, 6.00477, 6.04109, 6.07844, 6.11684, 6.15636, 6.19704, 6.23895, 6.28213, 6.32666, 6.37261, 6.42004, 6.46904, 6.51969, 6.57209, 6.62633, 6.68252, 6.74078, 6.80124, 6.86404, 6.92933, 6.99726, 7.06804, 7.14185, 7.21893, 7.2995, 7.38386, 7.4723, 7.56517, 7.66284, 7.76576, 7.87442, 7.98937, 8.11128, 8.24088, 8.37906, 8.52685, 8.68548, 8.85644, 9.04154, 9.24306, 9.46385, 9.7076, 9.97906, 10.2843, 10.6307, 11.027, 11.4819, 12.0019, 12.5876, 13.2282, 13.8954, 14.5384, 15.0827, 15.4354, 15.4982, 15.1862, 14.4498, 13.2907, 11.767, 10.0168, 8.16537, 6.36012, 4.72516, 3.34343, 2.25046, 1.43953, 0.87435, 0.503932, 0.275443, 0.142712, 0.0700606, 0.0325776, 0.0143432, 0.0059769, 0.00235559, 0.000876496, 0.000306139, 9.80851e-05, 2.53549e-05, 5.47573e-06, 1.58008e-06, 4.30768e-07, 1.10937e-07, 2.69887e-08, 6.20231e-09, 1.34646e-09, 2.76125e-10, 5.34915e-11, 9.78888e-12, 1.69219e-12, 2.76335e-13, 4.26276e-14, 6.21175e-15, 8.55079e-16, 1.1119e-16, 1.36583e-17, 1.58487e-18, 1.73724e-19, 1.79885e-20, 1.75953e-21, 1.62581e-22, 1.41909e-23, 1.17008e-24, 9.11366e-26, 6.70559e-27, 4.66068e-28, 3.06006e-29, 1.89792e-30, 1.11197e-31, 6.15429e-33, 3.21758e-34, 1.58909e-35, 7.41373e-37, 3.26732e-38, 1.36024e-39, 5.3494e-41, 1.9873e-42, 6.9741e-44, 2.31196e-45, 7.24004e-47, 2.14175e-48, 5.98499e-50, 1.57988e-51, 3.93962e-53, 9.28005e-55, 2.06497e-56, 4.34054e-58, 8.61868e-60, 1.61661e-61, 2.86441e-63, 4.79439e-65, 7.5805e-67, 1.13222e-68, 1.59745e-70, 2.12908e-72, 2.68054e-74, 3.18801e-76, 3.58165e-78, 3.80114e-80, 3.81074e-82, 3.60888e-84, 3.22851e-86, 2.72833e-88, 2.178e-90, 1.64242e-92, 1.16998e-94, 7.87295e-97, 5.00452e-99, 3.00506e-101, 1.70455e-103, 9.1334e-106, 4.62297e-108, 2.21042e-110, 9.98375e-113, 4.25969e-115, 1.71684e-117, 6.53649e-120, 2.35085e-122, 7.98679e-125, 2.56321e-127, 7.77071e-130, 2.22537e-132, 6.02018e-135, 1.53845e-137, 3.71381e-140, 8.46879e-143, 1.82427e-145, 3.71211e-148, 7.13538e-151, 1.29562e-153, 2.22231e-156, 3.60077e-159, 5.51126e-162, 7.9684e-165, 1.08832e-167, 1.40412e-170, 1.71127e-173, 1.97013e-176, 2.14258e-179, 2.20112e-182, 2.13606e-185, 1.95816e-188, 1.69569e-191, 1.38711e-194, 1.07186e-197, 7.82397e-201, 5.39488e-204, 3.51399e-207, 2.16213e-210, 1.25669e-213, 6.89983e-217, 3.57859e-220, 1.75327e-223, 8.11427e-227, 3.54743e-230, 1.46501e-233, 5.71521e-237
3.93839, 3.9394, 3.94042, 3.94145, 3.94249, 3.94354, 3.94461, 3.94568, 3.94677, 3.94786, 3.94897, 3.95009, 3.95123, 3.95237, 3.95353, 3.9547, 3.95588, 3.95707, 3.95828, 3.9595, 3.96073, 3.96197, 3.96323, 3.9645, 3.96578, 3.96707, 3.96838, 3.9697, 3.97104, 3.97239, 3.97375, 3.97513, 3.97652, 3.97792, 3.97934, 3.98077, 3.98222, 3.98368, 3.98516, 3.98665, 3.98816, 3.98968, 3.99121, 3.99277, 3.99433, 3.99592, 3.99752, 3.99913, 4.00076, 4.00241, 4.00407, 4.00575, 4.00745, 4.00916, 4.01089, 4.01264, 4.0144, 4.01619, 4.01799, 4.0198, 4.02164, 4.02349, 4.02536, 4.02725, 4.02916, 4.03109, 4.03303, 4.035, 4.03698, 4.03899, 4.04101, 4.04306, 4.04512, 4.0472, 4.04931, 4.05143, 4.05358, 4.05575, 4.05794, 4.06015, 4.06238, 4.06463, 4.06691, 4.06921, 4.07153, 4.07387, 4.07624, 4.07863, 4.08104, 4.08348, 4.08594, 4.08843, 4.09094, 4.09347, 4.09603, 4.09862, 4.10123, 4.10387, 4.10653, 4.10922, 4.11194, 4.11468, 4.11745, 4.12025, 4.12308, 4.12593, 4.12882, 4.13173, 4.13467, 4.13764, 4.14064, 4.14367, 4.14673, 4.14983, 4.15295, 4.1561, 4.15929, 4.16251, 4.16576, 4.16905, 4.17237, 4.17572, 4.1791, 4.18253, 4.18598, 4.18947, 4.193, 4.19656, 4.20017, 4.2038, 4.20748, 4.21119, 4.21494, 4.21874, 4.22257, 4.22644, 4.23035, 4.2343, 4.2383, 4.24233, 4.24641, 4.25053, 4.2547, 4.25891, 4.26316, 4.26746, 4.27181, 4.2762, 4.28064, 4.28513, 4.28967, 4.29426, 4.29889, 4.30358, 4.30832, 4.31311, 4.31795, 4.32285, 4.3278, 4.33281, 4.33787, 4.34298, 4.34816, 4.35339, 4.35869, 4.36404, 4.36945, 4.37492, 4.38046, 4.38606, 4.39173, 4.39746, 4.40325, 4.40912, 4.41505, 4.42105, 4.42712, 4.43327, 4.43948, 4.44577, 4.45214, 4.45858, 4.4651, 4.4717, 4.47837, 4.48513, 4.49197, 4.4989, 4.50591, 4.51301, 4.52019, 4.52747, 4.53483, 4.54229, 4.54984, 4.55749, 4.56524, 4.57309, 4.58103, 4.58908, 4.59724, 4.6055, 4.61387, 4.62235, 4.63094, 4.63965, 4.64848, 4.65742, 4.66649, 4.67568, 4.68499, 4.69443, 4.70401, 4.71372, 4.72356, 4.73354, 4.74367, 4.75394, 4.76435, 4.77492, 4.78564, 4.79652, 4.80756, 4.81876, 4.83013, 4.84167, 4.85338, 4.86528, 4.87735, 4.88961, 4.90206, 4.91471, 4.92756, 4.94061, 4.95387, 4.96734, 4.98103, 4.99495, 5.0091, 5.02348, 5.0381, 5.05297, 5.06809, 5.08348, 5.09913, 5.11505, 5.13125, 5.14775, 5.16453, 5.18163, 5.19903, 5.21676, 5.23481, 5.25321, 5.27195, 5.29106, 5.31053, 5.33039, 5.35063, 5.37128, 5.39235, 5.41385, 5.43579, 5.45819, 5.48107, 5.50443, 5.52829, 5.55268, 5.5776, 5.60309, 5.62915, 5.65581, 5.68309, 5.71101, 5.7396, 5.76888, 5.79887, 5.82962, 5.86114, 5.89347, 5.92664, 5.96068, 5.99564, 6.03155, 6.06846, 6.1064, 6.14543, 6.18559, 6.22695, 6.26955, 6.31347, 6.35876, 6.40549, 6.45374, 6.5036, 6.55515, 6.60849, 6.66371, 6.72094, 6.78028, 6.84188, 6.90587, 6.97241, 7.04168, 7.11386, 7.18915, 7.2678, 7.35004, 7.43617, 7.52651, 7.62139, 7.72123, 7.82647, 7.93762, 8.05527, 8.1801, 8.31287, 8.45452, 8.6061, 8.76892, 8.94453, 9.13481, 9.34218, 9.56965, 9.82116, 10.1018, 10.4182, 10.7786, 11.1929, 11.6715, 12.2232, 12.851, 13.5464, 14.2827, 15.0086, 15.6467, 16.0975, 16.2529, 16.0167, 15.3283, 14.1825, 12.638, 10.8111, 8.85456, 6.92812, 5.16937, 3.67281, 2.48187, 1.59351, 0.971344, 0.561754, 0.308056, 0.160112, 0.0788408, 0.0367673, 0.0162334, 0.00678313, 0.00268065, 0.00100034, 0.000350712, 0.000113117, 2.98994e-05, 6.69831e-06, 1.93135e-06, 5.26837e-07, 1.35757e-07, 3.30458e-08, 7.59871e-09, 1.65056e-09, 3.38684e-10, 6.56485e-11, 1.20205e-11, 2.07918e-12, 3.39726e-13, 5.24366e-14, 7.64554e-15, 1.05305e-15, 1.37013e-16, 1.684e-17, 1.95519e-18, 2.1444e-19, 2.22173e-20, 2.17442e-21, 2.01032e-22, 1.75572e-23, 1.44848e-24, 1.12885e-25, 8.31055e-27, 5.77951e-28, 3.79682e-29, 2.35623e-30, 1.38128e-31, 7.64916e-33, 4.00141e-34, 1.97734e-35, 9.2303e-37, 4.07022e-38, 1.69546e-39, 6.67152e-41, 2.47987e-42, 8.70763e-44, 2.88828e-45, 9.04991e-47, 2.67866e-48, 7.48957e-50, 1.97817e-51, 4.93557e-53, 1.16326e-54, 2.58991e-56, 5.44701e-58, 1.08218e-59, 2.03098e-61, 3.60063e-63, 6.03002e-65, 9.53948e-67, 1.4256e-68, 2.0125e-70, 2.68375e-72, 3.38075e-74, 4.023e-76, 4.52224e-78, 4.80201e-80, 4.81679e-82, 4.56414e-84, 4.08532e-86, 3.45429e-88, 2.75904e-90, 2.08172e-92, 1.48372e-94, 9.98957e-97, 6.35342e-99, 3.8171e-101, 2.16633e-103, 1.1614e-105, 5.88172e-108, 2.81379e-110, 1.27158e-112, 5.42827e-115, 2.18899e-117, 8.33857e-120, 3.00057e-122, 1.01996e-124, 3.27509e-127, 9.93414e-130, 2.84644e-132, 7.70439e-135, 1.96988e-137, 4.75778e-140, 1.08551e-142, 2.33953e-145, 4.76307e-148, 9.16031e-151, 1.66417e-153, 2.85594e-156, 4.62983e-159, 7.08997e-162, 1.02562e-164, 1.40151e-167, 1.80912e-170, 2.20599e-173, 2.54099e-176, 2.76482e-179, 2.8418e-182, 2.75921e-185, 2.53069e-188, 2.19259e-191, 1.79448e-194, 1.38735e-197, 1.0132e-200, 6.98981e-204, 4.55513e-207, 2.80414e-210, 1.63065e-213, 8.9575e-217, 4.6481e-220, 2.27838e-223, 1.05497e-226, 4.61444e-230, 1.9066e-233, 7.44154e-237
209.20
176.82
 
MEASUREMENT 53
1.56305, 4.67879, 7.79453, 10.9103, 14.0312, 17.1469, 20.2679, 23.3784, 26.4796, 29.5859, 32.6913, 35.8071, 38.9228, 42.0385, 45.1595, 48.2752, 51.3909, 54.5067, 57.6224, 60.7381, 63.8435, 66.9593, 70.0698, 73.1752, 76.2806, 79.3859, 82.4913, 85.5967, 88.7021, 91.8074, 94.9128, 98.0182, 101.1, 104.148, 107.196, 110.244, 113.292, 116.339, 119.387, 122.435, 125.483, 128.531, 131.574, 134.622, 137.67, 140.718, 143.766, 146.814, 149.861, 152.909, 155.957, 159.005, 162.053, 165.101, 168.149, 171.197, 174.245, 177.293, 180.341, 183.389, 186.436, 189.484, 192.532, 195.58, 198.621, 201.655, 204.688, 207.722, 210.756, 213.794, 216.838, 219.882, 222.926, 225.97, 229.014, 232.058, 235.102, 238.145, 241.189, 244.233, 247.277, 250.321, 253.37, 256.424, 259.478, 262.532, 265.586, 268.64, 271.695, 274.749, 277.803, 280.857, 283.911, 286.97, 290.035, 293.099
3.47732, 3.49786, 3.48824, 3.70106, 3.4826, 3.52814, 3.81382, 3.8103, 3.75197, 3.79763, 3.85138, 3.93862, 3.9445, 3.98689, 3.98776, 3.99359, 4.15453, 4.18669, 4.26545, 4.30583, 3.79859, 4.2647, 4.29099, 4.26312, 4.36759, 4.38253, 4.40753, 4.40045, 4.46317, 4.12021, 4.52824, 3.9149, 4.5469, 4.55358, 4.59081, 4.61237, 4.64121, 4.67555, 4.71874, 4.74141, 4.75766, 4.81632, 4.87428, 4.8852, 4.94261, 5.01618, 5.08748, 5.13618, 5.18874, 5.23931, 5.34422, 5.4374, 5.54523, 5.61775, 5.73302, 6.00595, 6.09857, 6.18501, 6.43127, 6.73303, 6.96828, 7.41571, 7.87397, 8.68067, 11.0626, 12.6369, 14.2567, 12.959, 6.66079, 1.47002, 0.0992249, -0.0176275, -0.0388662, -0.0461076, -0.0451844, -0.023186, -0.0266445, -0.0255646, -0.0598972, -0.0436802, -0.0651789, -0.0703769, -0.0590655, -0.0363078, -0.0317344, -0.0422905, -0.026175, -0.031081, -0.025429, -0.0219229, -0.0221748, -0.0354246, -0.0521497, -0.0454665, -0.0620327, -0.105604
0.10432, 0.104936, 0.104647, 0.111032, 0.104478, 0.105844, 0.114415, 0.114309, 0.112559, 0.113929, 0.115541, 0.118158, 0.118335, 0.119607, 0.119633, 0.119808, 0.124636, 0.125601, 0.127963, 0.129175, 0.113958, 0.127941, 0.12873, 0.127894, 0.131028, 0.131476, 0.132226, 0.132013, 0.133895, 0.123606, 0.135847, 0.117447, 0.136407, 0.136607, 0.137724, 0.138371, 0.139236, 0.140266, 0.141562, 0.142242, 0.14273, 0.14449, 0.146228, 0.146556, 0.148278, 0.150485, 0.152625, 0.154085, 0.155662, 0.157179, 0.160326, 0.163122, 0.166357, 0.168532, 0.171991, 0.180179, 0.182957, 0.18555, 0.192938, 0.201991, 0.209048, 0.222471, 0.236219, 0.26042, 0.331879, 0.379107, 0.427701, 0.388771, 0.199824, 0.0441006, 0.00297675, 0.000528825, 0.00116598, 0.00138323, 0.00135553, 0.000695581, 0.000799335, 0.000766939, 0.00179692, 0.00131041, 0.00195537, 0.00211131, 0.00177196, 0.00108923, 0.000952032, 0.00126871, 0.00078525, 0.000932429, 0.00076287, 0.000657687, 0.000665243, 0.00106274, 0.00156449, 0.00136399, 0.00186098, 0.00316813
0, 0.613815, 1.22763, 1.84144, 2.45526, 3.06907, 3.68289, 4.2967, 4.91052, 5.52433, 6.13815, 6.75196, 7.36578, 7.97959, 8.59341, 9.20722, 9.82104, 10.4349, 11.0487, 11.6625, 12.2763, 12.8901, 13.5039, 14.1177, 14.7316, 15.3454, 15.9592, 16.573, 17.1868, 17.8006, 18.4144, 19.0283, 19.6421, 20.2559, 20.8697, 21.4835, 22.0973, 22.7111, 23.325, 23.9388, 24.5526, 25.1664, 25.7802, 26.394, 27.0078, 27.6217, 28.2355, 28.8493, 29.4631, 30.0769, 30.6907, 31.3046, 31.9184, 32.5322, 33.146, 33.7598, 34.3736, 34.9874, 35.6013, 36.2151, 36.8289, 37.4427, 38.0565, 38.6703, 39.2841, 39.898, 40.5118, 41.1256, 41.7394, 42.3532, 42.967, 43.5808, 44.1947, 44.8085, 45.4223, 46.0361, 46.6499, 47.2637, 47.8775, 48.4914, 49.1052, 49.719, 50.3328, 50.9466, 51.5604, 52.1743, 52.7881, 53.4019, 54.0157, 54.6295, 55.2433, 55.8571, 56.471, 57.0848, 57.6986, 58.3124, 58.9262, 59.54, 60.1538, 60.7677, 61.3815, 61.9953, 62.6091, 63.2229, 63.8367, 64.4505, 65.0644, 65.6782, 66.292, 66.9058, 67.5196, 68.1334, 68.7473, 69.3611, 69.9749, 70.5887, 71.2025, 71.8163, 72.4301, 73.044, 73.6578, 74.2716, 74.8854, 75.4992, 76.113, 76.7268, 77.3407, 77.9545, 78.5683, 79.1821, 79.7959, 80.4097, 81.0235, 81.6374, 82.2512, 82.865, 83.4788, 84.0926, 84.7064, 85.3202, 85.9341, 86.5479, 87.1617, 87.7755, 88.3893, 89.0031, 89.617, 90.2308, 90.8446, 91.4584, 92.0722, 92.686, 93.2998, 93.9137, 94.5275, 95.1413, 95.7551, 96.3689, 96.9827, 97.5965, 98.2104, 98.8242, 99.438, 100.052, 100.666, 101.279, 101.893, 102.507, 103.121, 103.735, 104.349, 104.962, 105.576, 106.19, 106.804, 107.418, 108.031, 108.645, 109.259, 109.873, 110.487, 111.1, 111.714, 112.328, 112.942, 113.556, 114.17, 114.783, 115.397, 116.011, 116.625, 117.239, 117.852, 118.466, 119.08, 119.694, 120.308, 120.922, 121.535, 122.149, 122.763, 123.377, 123.991, 124.604, 125.218, 125.832, 126.446, 127.06, 127.673, 128.287, 128.901, 129.515, 130.129, 130.743, 131.356, 131.97, 132.584, 133.198, 133.812, 134.425, 135.039, 135.653, 136.267, 136.881, 137.495, 138.108, 138.722, 139.336, 139.95, 140.564, 141.177, 141.791, 142.405, 143.019, 143.633, 144.246, 144.86, 145.474, 146.088, 146.702, 147.316, 147.929, 148.543, 149.157, 149.771, 150.385, 150.998, 151.612, 152.226, 152.84, 153.454, 154.068, 154.681, 155.295, 155.909, 156.523, 157.137, 157.75, 158.364, 158.978, 159.592, 160.206, 160.819, 161.433, 162.047, 162.661, 163.275, 163.889, 164.502, 165.116, 165.73, 166.344, 166.958, 167.571, 168.185, 168.799, 169.413, 170.027, 170.64, 171.254, 171.868, 172.482, 173.096, 173.71, 174.323, 174.937, 175.551, 176.165, 176.779, 177.392, 178.006, 178.62, 179.234, 179.848, 180.462, 181.075, 181.689, 182.303, 182.917, 183.531, 184.144, 184.758, 185.372, 185.986, 186.6, 187.213, 187.827, 188.441, 189.055, 189.669, 190.283, 190.896, 191.51, 192.124, 192.738, 193.352, 193.965, 194.579, 195.193, 195.807, 196.421, 197.035, 197.648, 198.262, 198.876, 199.49, 200.104, 200.717, 201.331, 201.945, 202.559, 203.173, 203.786, 204.4, 205.014, 205.628, 206.242, 206.856, 207.469, 208.083, 208.697, 209.311, 209.925, 210.538, 211.152, 211.766, 212.38, 212.994, 213.608, 214.221, 214.835, 215.449, 216.063, 216.677, 217.29, 217.904, 218.518, 219.132, 219.746, 220.359, 220.973, 221.587, 222.201, 222.815, 223.429, 224.042, 224.656, 225.27, 225.884, 226.498, 227.111, 227.725, 228.339, 228.953, 229.567, 230.181, 230.794, 231.408, 232.022, 232.636, 233.25, 233.863, 234.477, 235.091, 235.705, 236.319, 236.932, 237.546, 238.16, 238.774, 239.388, 240.002, 240.615, 241.229, 241.843, 242.457, 243.071, 243.684, 244.298, 244.912, 245.526, 246.14, 246.754, 247.367, 247.981, 248.595, 249.209, 249.823, 250.436, 251.05, 251.664, 252.278, 252.892, 253.505, 254.119, 254.733, 255.347, 255.961, 256.575, 257.188, 257.802, 258.416, 259.03, 259.644, 260.257, 260.871, 261.485, 262.099, 262.713, 263.327, 263.94, 264.554, 265.168, 265.782, 266.396, 267.009, 267.623, 268.237, 268.851, 269.465, 270.078, 270.692, 271.306, 271.92, 272.534, 273.148, 273.761, 274.375, 274.989, 275.603, 276.217, 276.83, 277.444, 278.058, 278.672, 279.286, 279.9, 280.513, 281.127, 281.741, 282.355, 282.969, 283.582, 284.196, 284.81, 285.424, 286.038, 286.651, 287.265, 287.879, 288.493, 289.107, 289.721, 290.334, 290.948, 291.562, 292.176, 292.79, 293.403, 294.017
3.93374, 3.93473, 3.93573, 3.93674, 3.93776, 3.93879, 3.93984, 3.94089, 3.94196, 3.94303, 3.94412, 3.94522, 3.94633, 3.94746, 3.94859, 3.94974, 3.9509, 3.95207, 3.95326, 3.95445, 3.95566, 3.95688, 3.95812, 3.95936, 3.96062, 3.9619, 3.96318, 3.96448, 3.96579, 3.96712, 3.96846, 3.96981, 3.97118, 3.97256, 3.97396, 3.97537, 3.97679, 3.97823, 3.97968, 3.98115, 3.98263, 3.98413, 3.98564, 3.98717, 3.98871, 3.99027, 3.99184, 3.99343, 3.99503, 3.99665, 3.99829, 3.99995, 4.00162, 4.0033, 4.00501, 4.00673, 4.00846, 4.01022, 4.01199, 4.01378, 4.01559, 4.01741, 4.01926, 4.02112, 4.023, 4.0249, 4.02682, 4.02875, 4.03071, 4.03268, 4.03468, 4.03669, 4.03872, 4.04078, 4.04285, 4.04495, 4.04706, 4.0492, 4.05136, 4.05353, 4.05573, 4.05796, 4.0602, 4.06247, 4.06475, 4.06706, 4.0694, 4.07176, 4.07414, 4.07654, 4.07897, 4.08142, 4.08389, 4.08639, 4.08892, 4.09147, 4.09404, 4.09665, 4.09927, 4.10193, 4.10461, 4.10731, 4.11005, 4.11281, 4.11559, 4.11841, 4.12126, 4.12413, 4.12703, 4.12996, 4.13292, 4.13591, 4.13893, 4.14198, 4.14507, 4.14818, 4.15132, 4.1545, 4.15771, 4.16095, 4.16423, 4.16753, 4.17088, 4.17425, 4.17766, 4.18111, 4.18459, 4.18811, 4.19166, 4.19525, 4.19888, 4.20254, 4.20625, 4.20999, 4.21377, 4.21759, 4.22145, 4.22535, 4.22929, 4.23328, 4.2373, 4.24137, 4.24549, 4.24964, 4.25384, 4.25809, 4.26238, 4.26671, 4.2711, 4.27553, 4.28001, 4.28454, 4.28911, 4.29374, 4.29842, 4.30315, 4.30793, 4.31276, 4.31765, 4.32259, 4.32758, 4.33264, 4.33775, 4.34291, 4.34814, 4.35342, 4.35876, 4.36417, 4.36963, 4.37516, 4.38075, 4.38641, 4.39213, 4.39792, 4.40378, 4.4097, 4.4157, 4.42176, 4.4279, 4.43411, 4.44039, 4.44675, 4.45318, 4.45969, 4.46628, 4.47295, 4.47971, 4.48654, 4.49346, 4.50047, 4.50756, 4.51474, 4.52201, 4.52937, 4.53682, 4.54437, 4.55202, 4.55976, 4.5676, 4.57555, 4.58359, 4.59175, 4.60001, 4.60837, 4.61685, 4.62545, 4.63415, 4.64298, 4.65192, 4.66099, 4.67018, 4.67949, 4.68894, 4.69852, 4.70823, 4.71807, 4.72806, 4.73819, 4.74846, 4.75889, 4.76946, 4.78019, 4.79108, 4.80212, 4.81333, 4.82471, 4.83626, 4.84799, 4.8599, 4.87199, 4.88426, 4.89673, 4.90939, 4.92226, 4.93533, 4.94861, 4.96211, 4.97582, 4.98976, 5.00394, 5.01834, 5.033, 5.0479, 5.06305, 5.07847, 5.09416, 5.11012, 5.12637, 5.1429, 5.15974, 5.17688, 5.19433, 5.21211, 5.23022, 5.24868, 5.26748, 5.28665, 5.3062, 5.32613, 5.34645, 5.36718, 5.38834, 5.40993, 5.43196, 5.45446, 5.47744, 5.50091, 5.52489, 5.5494, 5.57446, 5.60008, 5.62628, 5.65309, 5.68053, 5.70862, 5.73739, 5.76686, 5.79706, 5.82802, 5.85976, 5.89233, 5.92575, 5.96006, 5.9953, 6.03151, 6.06874, 6.10702, 6.14641, 6.18696, 6.22872, 6.27176, 6.31614, 6.36192, 6.40918, 6.45801, 6.50847, 6.56067, 6.61471, 6.67068, 6.72872, 6.78893, 6.85147, 6.91648, 6.98413, 7.0546, 7.12808, 7.20479, 7.28499, 7.36894, 7.45693, 7.54932, 7.64647, 7.74882, 7.85685, 7.97111, 8.09226, 8.22101, 8.35824, 8.50495, 8.66235, 8.8319, 9.01535, 9.21491, 9.43335, 9.67424, 9.94218, 10.2431, 10.5844, 10.9748, 11.4235, 11.9383, 12.5212, 13.1639, 13.8405, 14.5023, 15.0754, 15.465, 15.5685, 15.2945, 14.5867, 13.4415, 11.9135, 10.1443, 8.2636, 6.42517, 4.75945, 3.35367, 2.24508, 1.42642, 0.859398, 0.49065, 0.265293, 0.135781, 0.0657556, 0.0301191, 0.013044, 0.00533885, 0.00206347, 0.000751509, 0.000256025, 7.9118e-05, 1.8184e-05, 4.30774e-06, 1.20878e-06, 3.19986e-07, 7.99012e-08, 1.88198e-08, 4.18133e-09, 8.76302e-10, 1.73233e-10, 3.23034e-11, 5.68202e-12, 9.4275e-13, 1.47547e-13, 2.17821e-14, 3.03326e-15, 3.98435e-16, 4.93678e-17, 5.7699e-18, 6.36108e-19, 6.61504e-20, 6.48891e-21, 6.00412e-22, 5.2404e-23, 4.31438e-24, 3.3505e-25, 2.45437e-26, 1.69593e-27, 1.10538e-28, 6.79603e-30, 3.94127e-31, 2.15603e-32, 1.11253e-33, 5.41506e-35, 2.48619e-36, 1.07672e-37, 4.39854e-39, 1.69493e-40, 6.16073e-42, 2.11227e-43, 6.83132e-45, 2.08399e-46, 5.99688e-48, 1.62776e-49, 4.16768e-51, 1.00655e-52, 2.29303e-54, 4.92747e-56, 9.98789e-58, 1.90968e-59, 3.44416e-61, 5.85927e-63, 9.40243e-65, 1.42322e-66, 2.03208e-68, 2.73683e-70, 3.47687e-72, 4.16645e-74, 4.70956e-76, 5.02147e-78, 5.05029e-80, 4.79114e-82, 4.28743e-84, 3.61902e-86, 2.88151e-88, 2.16414e-90, 1.53316e-92, 1.02453e-94, 6.45796e-97, 3.83975e-99, 2.15351e-101, 1.13926e-103, 5.6851e-106, 2.67601e-108, 1.18815e-110, 4.97613e-113, 1.96583e-115, 7.32548e-118, 2.5749e-120, 8.53729e-123, 2.67002e-125, 7.8767e-128, 2.19184e-130, 5.75317e-133, 1.42443e-135, 3.32666e-138, 7.32844e-141, 1.52282e-143, 2.98484e-146, 5.51857e-149, 9.62425e-152, 1.58322e-154, 2.45669e-157, 3.59578e-160, 4.96445e-163, 6.4652e-166, 7.94195e-169, 9.20251e-172, 1.00582e-174, 1.03697e-177, 1.00843e-180, 9.25043e-184, 8.00405e-187, 6.53269e-190, 5.0293e-193, 3.65221e-196, 2.50172e-199, 1.61642e-202, 9.85153e-206, 5.66352e-209, 3.07116e-212, 1.57091e-215, 7.57937e-219, 3.44944e-222, 1.4808e-225, 5.99623e-229, 2.2903e-232, 8.25164e-236, 2.80427e-239, 8.98946e-243
3.93374, 3.93475, 3.93577, 3.93679, 3.93783, 3.93888, 3.93994, 3.94102, 3.9421, 3.9432, 3.9443, 3.94542, 3.94655, 3.9477, 3.94885, 3.95002, 3.9512, 3.95239, 3.95359, 3.95481, 3.95603, 3.95728, 3.95853, 3.9598, 3.96108, 3.96237, 3.96368, 3.965, 3.96633, 3.96767, 3.96903, 3.97041, 3.9718, 3.9732, 3.97461, 3.97604, 3.97749, 3.97895, 3.98042, 3.98191, 3.98342, 3.98493, 3.98647, 3.98802, 3.98958, 3.99116, 3.99276, 3.99437, 3.996, 3.99764, 3.9993, 4.00098, 4.00267, 4.00438, 4.00611, 4.00785, 4.00961, 4.01139, 4.01319, 4.015, 4.01684, 4.01869, 4.02055, 4.02244, 4.02435, 4.02627, 4.02821, 4.03017, 4.03216, 4.03416, 4.03618, 4.03822, 4.04028, 4.04236, 4.04446, 4.04658, 4.04872, 4.05089, 4.05307, 4.05528, 4.0575, 4.05975, 4.06203, 4.06432, 4.06664, 4.06898, 4.07134, 4.07372, 4.07613, 4.07857, 4.08102, 4.08351, 4.08601, 4.08854, 4.0911, 4.09368, 4.09629, 4.09892, 4.10158, 4.10426, 4.10697, 4.10971, 4.11248, 4.11527, 4.11809, 4.12094, 4.12382, 4.12673, 4.12966, 4.13263, 4.13563, 4.13865, 4.14171, 4.14479, 4.14791, 4.15106, 4.15424, 4.15745, 4.1607, 4.16398, 4.16729, 4.17064, 4.17402, 4.17743, 4.18088, 4.18437, 4.18789, 4.19145, 4.19504, 4.19867, 4.20234, 4.20605, 4.20979, 4.21358, 4.2174, 4.22126, 4.22517, 4.22911, 4.2331, 4.23713, 4.2412, 4.24531, 4.24947, 4.25367, 4.25792, 4.26221, 4.26655, 4.27094, 4.27537, 4.27985, 4.28438, 4.28896, 4.29358, 4.29826, 4.30299, 4.30777, 4.31261, 4.31749, 4.32244, 4.32743, 4.33248, 4.33759, 4.34276, 4.34798, 4.35326, 4.3586, 4.36401, 4.36947, 4.375, 4.38059, 4.38624, 4.39196, 4.39775, 4.4036, 4.40952, 4.41551, 4.42157, 4.4277, 4.43391, 4.44018, 4.44654, 4.45297, 4.45947, 4.46606, 4.47272, 4.47947, 4.48629, 4.4932, 4.5002, 4.50728, 4.51445, 4.52171, 4.52907, 4.53651, 4.54405, 4.55168, 4.55941, 4.56724, 4.57517, 4.58321, 4.59135, 4.59959, 4.60794, 4.61641, 4.62498, 4.63367, 4.64248, 4.65141, 4.66045, 4.66962, 4.67892, 4.68834, 4.6979, 4.70758, 4.71741, 4.72737, 4.73747, 4.74772, 4.75811, 4.76866, 4.77936, 4.79021, 4.80123, 4.8124, 4.82375, 4.83526, 4.84695, 4.85882, 4.87087, 4.8831, 4.89553, 4.90814, 4.92096, 4.93398, 4.94721, 4.96066, 4.97432, 4.9882, 5.00232, 5.01666, 5.03125, 5.04609, 5.06118, 5.07652, 5.09214, 5.10802, 5.12419, 5.14064, 5.15739, 5.17444, 5.1918, 5.20948, 5.2275, 5.24585, 5.26455, 5.2836, 5.30303, 5.32283, 5.34303, 5.36363, 5.38464, 5.40608, 5.42797, 5.45031, 5.47312, 5.49642, 5.52022, 5.54454, 5.5694, 5.59481, 5.6208, 5.64739, 5.67459, 5.70243, 5.73094, 5.76014, 5.79005, 5.8207, 5.85213, 5.88436, 5.91743, 5.95137, 5.98622, 6.02202, 6.05881, 6.09663, 6.13553, 6.17557, 6.21679, 6.25925, 6.30301, 6.34814, 6.39471, 6.44279, 6.49247, 6.54383, 6.59697, 6.65198, 6.70898, 6.76809, 6.82944, 6.89317, 6.95943, 7.0284, 7.10026, 7.17521, 7.25349, 7.33535, 7.42106, 7.51093, 7.60532, 7.70462, 7.80927, 7.91978, 8.03672, 8.16076, 8.29266, 8.43332, 8.5838, 8.74534, 8.91947, 9.10805, 9.31337, 9.53838, 9.78686, 10.0638, 10.3755, 10.7303, 11.138, 11.6096, 12.1549, 12.7785, 13.4747, 14.2194, 14.9639, 15.6315, 16.1212, 16.3205, 16.1263, 15.4705, 14.3416, 12.7956, 10.9501, 8.96295, 7.00103, 5.20881, 3.68568, 2.4772, 1.57989, 0.955328, 0.547317, 0.296918, 0.152453, 0.074056, 0.0340213, 0.0147761, 0.00606459, 0.0023505, 0.000858611, 0.000293785, 9.14824e-05, 2.17111e-05, 5.2632e-06, 1.47792e-06, 3.91465e-07, 9.78075e-08, 2.30511e-08, 5.12447e-09, 1.0746e-09, 2.12559e-10, 3.96601e-11, 6.98018e-12, 1.15883e-12, 1.81471e-13, 2.68062e-14, 3.7351e-15, 4.90916e-16, 6.08626e-17, 7.11757e-18, 7.85147e-19, 8.16975e-20, 8.01871e-21, 7.424e-22, 6.4835e-23, 5.34096e-24, 4.15017e-25, 3.04194e-26, 2.10317e-27, 1.37162e-28, 8.43785e-30, 4.89629e-31, 2.68003e-32, 1.38373e-33, 6.73903e-35, 3.09587e-36, 1.34154e-37, 5.48357e-39, 2.11426e-40, 7.68939e-42, 2.63792e-43, 8.53628e-45, 2.60563e-46, 7.50227e-48, 2.03756e-49, 5.21992e-51, 1.2614e-52, 2.87528e-54, 6.18221e-56, 1.25384e-57, 2.39872e-59, 4.32864e-61, 7.36817e-63, 1.18305e-64, 1.79178e-66, 2.55977e-68, 3.44947e-70, 4.38471e-72, 5.25733e-74, 5.946e-76, 6.34338e-78, 6.38339e-80, 6.05924e-82, 5.42526e-84, 4.58203e-86, 3.65032e-88, 2.74308e-90, 1.94439e-92, 1.30005e-94, 8.19927e-97, 4.8778e-99, 2.73721e-101, 1.44886e-103, 7.23404e-106, 3.40698e-108, 1.51354e-110, 6.34236e-113, 2.50694e-115, 9.34697e-118, 3.28725e-120, 1.09051e-122, 3.4124e-125, 1.00722e-127, 2.8043e-130, 7.36474e-133, 1.82442e-135, 4.26312e-138, 9.39644e-141, 1.95359e-143, 3.83122e-146, 7.0872e-149, 1.23665e-151, 2.03541e-154, 3.16003e-157, 4.62768e-160, 6.39249e-163, 8.32933e-166, 1.02373e-168, 1.18683e-171, 1.29787e-174, 1.33876e-177, 1.3026e-180, 1.1955e-183, 1.03496e-186, 8.45144e-190, 6.50984e-193, 4.7298e-196, 3.24151e-199, 2.09549e-202, 1.27778e-205, 7.34956e-209, 3.98748e-212, 2.04064e-215, 9.85075e-219, 4.48543e-222, 1.92651e-225, 7.80496e-229, 2.98265e-232, 1.07515e-235, 3.65564e-239, 1.17245e-242
209.23
176.84
 
MEASUREMENT 54
1.56305, 4.67879, 7.79453, 10.9103, 14.0312, 17.1469, 20.2679, 23.3784, 26.4796, 29.5859, 32.6913, 35.8071, 38.9228, 42.0385, 45.1595, 48.2752, 51.3909, 54.5067, 57.6224, 60.7381, 63.8435, 66.9593, 70.0698, 73.1752, 76.2806, 79.3859, 82.4913, 85.5967, 88.7021, 91.8074, 94.9128, 98.0182, 101.1, 104.148, 107.196, 110.244, 113.292, 116.339, 119.387, 122.435, 125.483, 128.531, 131.574, 134.622, 137.67, 140.718, 143.766, 146.814, 149.861, 152.909, 155.957, 159.005, 162.053, 165.101, 168.149, 171.197, 174.245, 177.293, 180.341, 183.389, 186.436, 189.484, 192.532, 195.58, 198.621, 201.655, 204.688, 207.722, 210.756, 213.794, 216.838, 219.882, 222.926, 225.97, 229.014, 232.058, 235.102, 238.145, 241.189, 244.233, 247.277, 250.321, 253.37, 256.424, 259.478, 262.532, 265.586, 268.64, 271.695, 274.749, 277.803, 280.857, 283.911, 286.97, 290.035, 293.099
3.48038, 3.49689, 3.48638, 3.70018, 3.47954, 3.52749, 3.81553, 3.81001, 3.75259, 3.80138, 3.85394, 3.93441, 3.94531, 3.98819, 3.98674, 3.9987, 4.15478, 4.1894, 4.2671, 4.30404, 3.80128, 4.26645, 4.28934, 4.2745, 4.37138, 4.38375, 4.40924, 4.40004, 4.46164, 4.11676, 4.53183, 3.92368, 4.54986, 4.55093, 4.58977, 4.61227, 4.64089, 4.6787, 4.71709, 4.74072, 4.76219, 4.81157, 4.87636, 4.88357, 4.93906, 5.01798, 5.09101, 5.13663, 5.18331, 5.24288, 5.3471, 5.44255, 5.54977, 5.61961, 5.74078, 6.00834, 6.10071, 6.18483, 6.42957, 6.7244, 6.96755, 7.41613, 7.86421, 8.73664, 11.0567, 12.6326, 14.2551, 12.9563, 6.65848, 1.47243, 0.100115, -0.0232019, -0.0316481, -0.0458532, -0.0446662, -0.0240771, -0.0272478, -0.0262954, -0.0581626, -0.0358768, -0.0649368, -0.0684185, -0.0652213, -0.0318536, -0.0331961, -0.0458762, -0.0271014, -0.0249603, -0.0270169, -0.017881, -0.0223517, -0.0283623, -0.0522969, -0.0372543, -0.0638018, -0.10338
0.104412, 0.104907, 0.104591, 0.111005, 0.104386, 0.105825, 0.114466, 0.1143, 0.112578, 0.114041, 0.115618, 0.118032, 0.118359, 0.119646, 0.119602, 0.119961, 0.124643, 0.125682, 0.128013, 0.129121, 0.114038, 0.127994, 0.12868, 0.128235, 0.131141, 0.131512, 0.132277, 0.132001, 0.133849, 0.123503, 0.135955, 0.11771, 0.136496, 0.136528, 0.137693, 0.138368, 0.139227, 0.140361, 0.141513, 0.142222, 0.142866, 0.144347, 0.146291, 0.146507, 0.148172, 0.150539, 0.15273, 0.154099, 0.155499, 0.157286, 0.160413, 0.163276, 0.166493, 0.168588, 0.172223, 0.18025, 0.183021, 0.185545, 0.192887, 0.201732, 0.209026, 0.222484, 0.235926, 0.262099, 0.3317, 0.378978, 0.427652, 0.388689, 0.199754, 0.0441729, 0.00300345, 0.000696058, 0.000949443, 0.0013756, 0.00133999, 0.000722313, 0.000817433, 0.000788861, 0.00174488, 0.0010763, 0.0019481, 0.00205256, 0.00195664, 0.000955608, 0.000995882, 0.00137629, 0.000813041, 0.000748809, 0.000810508, 0.00053643, 0.00067055, 0.000850869, 0.00156891, 0.00111763, 0.00191405, 0.00310139
0, 0.613815, 1.22763, 1.84144, 2.45526, 3.06907, 3.68289, 4.2967, 4.91052, 5.52433, 6.13815, 6.75196, 7.36578, 7.97959, 8.59341, 9.20722, 9.82104, 10.4349, 11.0487, 11.6625, 12.2763, 12.8901, 13.5039, 14.1177, 14.7316, 15.3454, 15.9592, 16.573, 17.1868, 17.8006, 18.4144, 19.0283, 19.6421, 20.2559, 20.8697, 21.4835, 22.0973, 22.7111, 23.325, 23.9388, 24.5526, 25.1664, 25.7802, 26.394, 27.0078, 27.6217, 28.2355, 28.8493, 29.4631, 30.0769, 30.6907, 31.3046, 31.9184, 32.5322, 33.146, 33.7598, 34.3736, 34.9874, 35.6013, 36.2151, 36.8289, 37.4427, 38.0565, 38.6703, 39.2841, 39.898, 40.5118, 41.1256, 41.7394, 42.3532, 42.967, 43.5808, 44.1947, 44.8085, 45.4223, 46.0361, 46.6499, 47.2637, 47.8775, 48.4914, 49.1052, 49.719, 50.3328, 50.9466, 51.5604, 52.1743, 52.7881, 53.4019, 54.0157, 54.6295, 55.2433, 55.8571, 56.471, 57.0848, 57.6986, 58.3124, 58.9262, 59.54, 60.1538, 60.7677, 61.3815, 61.9953, 62.6091, 63.2229, 63.8367, 64.4505, 65.0644, 65.6782, 66.292, 66.9058, 67.5196, 68.1334, 68.7473, 69.3611, 69.9749, 70.5887, 71.2025, 71.8163, 72.4301, 73.044, 73.6578, 74.2716, 74.8854, 75.4992, 76.113, 76.7268, 77.3407, 77.9545, 78.5683, 79.1821, 79.7959, 80.4097, 81.0235, 81.6374, 82.2512, 82.865, 83.4788, 84.0926, 84.7064, 85.3202, 85.9341, 86.5479, 87.1617, 87.7755, 88.3893, 89.0031, 89.617, 90.2308, 90.8446, 91.4584, 92.0722, 92.686, 93.2998, 93.9137, 94.5275, 95.1413, 95.7551, 96.3689, 96.9827, 97.5965, 98.2104, 98.8242, 99.438, 100.052, 100.666, 101.279, 101.893, 102.507, 103.121, 103.735, 104.349, 104.962, 105.576, 106.19, 106.804, 107.418, 108.031, 108.645, 109.259, 109.873, 110.487, 111.1, 111.714, 112.328, 112.942, 113.556, 114.17, 114.783, 115.397, 116.011, 116.625, 117.239, 117.852, 118.466, 119.08, 119.694, 120.308, 120.922, 121.535, 122.149, 122.763, 123.377, 123.991, 124.604, 125.218, 125.832, 126.446, 127.06, 127.673, 128.287, 128.901, 129.515, 130.129, 130.743, 131.356, 131.97, 132.584, 133.198, 133.812, 134.425, 135.039, 135.653, 136.267, 136.881, 137.495, 138.108, 138.722, 139.336, 139.95, 140.564, 141.177, 141.791, 142.405, 143.019, 143.633, 144.246, 144.86, 145.474, 146.088, 146.702, 147.316, 147.929, 148.543, 149.157, 149.771, 150.385, 150.998, 151.612, 152.226, 152.84, 153.454, 154.068, 154.681, 155.295, 155.909, 156.523, 157.137, 157.75, 158.364, 158.978, 159.592, 160.206, 160.819, 161.433, 162.047, 162.661, 163.275, 163.889, 164.502, 165.116, 165.73, 166.344, 166.958, 167.571, 168.185, 168.799, 169.413, 170.027, 170.64, 171.254, 171.868, 172.482, 173.096, 173.71, 174.323, 174.937, 175.551, 176.165, 176.779, 177.392, 178.006, 178.62, 179.234, 179.848, 180.462, 181.075, 181.689, 182.303, 182.917, 183.531, 184.144, 184.758, 185.372, 185.986, 186.6, 187.213, 187.827, 188.441, 189.055, 189.669, 190.283, 190.896, 191.51, 192.124, 192.738, 193.352, 193.965, 194.579, 195.193, 195.807, 196.421, 197.035, 197.648, 198.262, 198.876, 199.49, 200.104, 200.717, 201.331, 201.945, 202.559, 203.173, 203.786, 204.4, 205.014, 205.628, 206.242, 206.856, 207.469, 208.083, 208.697, 209.311, 209.925, 210.538, 211.152, 211.766, 212.38, 212.994, 213.608, 214.221, 214.835, 215.449, 216.063, 216.677, 217.29, 217.904, 218.518, 219.132, 219.746, 220.359, 220.973, 221.587, 222.201, 222.815, 223.429, 224.042, 224.656, 225.27, 225.884, 226.498, 227.111, 227.725, 228.339, 228.953, 229.567, 230.181, 230.794, 231.408, 232.022, 232.636, 233.25, 233.863, 234.477, 235.091, 235.705, 236.319, 236.932, 237.546, 238.16, 238.774, 239.388, 240.002, 240.615, 241.229, 241.843, 242.457, 243.071, 243.684, 244.298, 244.912, 245.526, 246.14, 246.754, 247.367, 247.981, 248.595, 249.209, 249.823, 250.436, 251.05, 251.664, 252.278, 252.892, 253.505, 254.119, 254.733, 255.347, 255.961, 256.575, 257.188, 257.802, 258.416, 259.03, 259.644, 260.257, 260.871, 261.485, 262.099, 262.713, 263.327, 263.94, 264.554, 265.168, 265.782, 266.396, 267.009, 267.623, 268.237, 268.851, 269.465, 270.078, 270.692, 271.306, 271.92, 272.534, 273.148, 273.761, 274.375, 274.989, 275.603, 276.217, 276.83, 277.444, 278.058, 278.672, 279.286, 279.9, 280.513, 281.127, 281.741, 282.355, 282.969, 283.582, 284.196, 284.81, 285.424, 286.038, 286.651, 287.265, 287.879, 288.493, 289.107, 289.721, 290.334, 290.948, 291.562, 292.176, 292.79, 293.403, 294.017
3.93486, 3.93585, 3.93685, 3.93786, 3.93888, 3.93991, 3.94096, 3.94201, 3.94308, 3.94416, 3.94525, 3.94635, 3.94746, 3.94859, 3.94972, 3.95087, 3.95203, 3.95321, 3.95439, 3.95559, 3.9568, 3.95802, 3.95926, 3.96051, 3.96177, 3.96304, 3.96433, 3.96563, 3.96695, 3.96827, 3.96961, 3.97097, 3.97234, 3.97372, 3.97512, 3.97653, 3.97795, 3.97939, 3.98085, 3.98232, 3.9838, 3.9853, 3.98681, 3.98834, 3.98988, 3.99144, 3.99302, 3.99461, 3.99622, 3.99784, 3.99948, 4.00113, 4.00281, 4.0045, 4.0062, 4.00792, 4.00966, 4.01142, 4.01319, 4.01498, 4.01679, 4.01862, 4.02047, 4.02233, 4.02421, 4.02611, 4.02803, 4.02997, 4.03193, 4.03391, 4.0359, 4.03792, 4.03996, 4.04201, 4.04409, 4.04619, 4.0483, 4.05044, 4.0526, 4.05478, 4.05698, 4.05921, 4.06145, 4.06372, 4.06601, 4.06833, 4.07066, 4.07302, 4.07541, 4.07781, 4.08024, 4.0827, 4.08517, 4.08768, 4.09021, 4.09276, 4.09534, 4.09794, 4.10057, 4.10323, 4.10591, 4.10862, 4.11136, 4.11412, 4.11691, 4.11973, 4.12258, 4.12545, 4.12836, 4.13129, 4.13426, 4.13725, 4.14028, 4.14333, 4.14641, 4.14953, 4.15268, 4.15586, 4.15907, 4.16232, 4.1656, 4.16891, 4.17225, 4.17563, 4.17905, 4.1825, 4.18598, 4.1895, 4.19306, 4.19666, 4.20029, 4.20396, 4.20766, 4.21141, 4.2152, 4.21902, 4.22289, 4.22679, 4.23074, 4.23473, 4.23876, 4.24283, 4.24695, 4.25111, 4.25532, 4.25957, 4.26386, 4.2682, 4.27259, 4.27703, 4.28151, 4.28605, 4.29063, 4.29526, 4.29994, 4.30468, 4.30946, 4.3143, 4.3192, 4.32414, 4.32915, 4.33421, 4.33932, 4.34449, 4.34972, 4.35501, 4.36036, 4.36577, 4.37125, 4.37678, 4.38238, 4.38805, 4.39377, 4.39957, 4.40543, 4.41137, 4.41737, 4.42344, 4.42958, 4.4358, 4.44209, 4.44846, 4.4549, 4.46142, 4.46802, 4.4747, 4.48146, 4.48831, 4.49523, 4.50225, 4.50935, 4.51654, 4.52382, 4.53119, 4.53865, 4.54621, 4.55387, 4.56162, 4.56948, 4.57743, 4.58549, 4.59365, 4.60192, 4.6103, 4.6188, 4.6274, 4.63612, 4.64496, 4.65391, 4.66299, 4.6722, 4.68153, 4.69099, 4.70058, 4.7103, 4.72016, 4.73017, 4.74031, 4.7506, 4.76104, 4.77163, 4.78237, 4.79328, 4.80434, 4.81557, 4.82697, 4.83854, 4.85028, 4.86221, 4.87431, 4.88661, 4.8991, 4.91179, 4.92467, 4.93776, 4.95107, 4.96458, 4.97832, 4.99229, 5.00649, 5.02092, 5.0356, 5.05052, 5.06571, 5.08115, 5.09687, 5.11286, 5.12913, 5.1457, 5.16257, 5.17974, 5.19723, 5.21504, 5.23319, 5.25168, 5.27052, 5.28973, 5.30931, 5.32928, 5.34965, 5.37042, 5.39162, 5.41326, 5.43534, 5.45789, 5.48092, 5.50444, 5.52847, 5.55304, 5.57815, 5.60383, 5.6301, 5.65697, 5.68448, 5.71264, 5.74148, 5.77102, 5.8013, 5.83233, 5.86416, 5.89681, 5.93032, 5.96473, 6.00007, 6.03638, 6.07371, 6.11211, 6.15161, 6.19228, 6.23418, 6.27735, 6.32187, 6.3678, 6.41522, 6.46421, 6.51485, 6.56724, 6.62147, 6.67766, 6.73591, 6.79637, 6.85916, 6.92444, 6.99238, 7.06315, 7.13696, 7.21404, 7.29463, 7.37899, 7.46744, 7.56033, 7.65802, 7.76097, 7.86966, 7.98466, 8.10662, 8.2363, 8.37456, 8.52245, 8.68121, 8.85233, 9.03763, 9.23939, 9.4605, 9.70467, 9.97667, 10.2826, 10.6299, 11.0271, 11.483, 12.0038, 12.5899, 13.2299, 13.8949, 14.5338, 15.0718, 15.4164, 15.4699, 15.1488, 14.4048, 13.2411, 11.7168, 9.96937, 8.12394, 6.32651, 4.69991, 3.32589, 2.23925, 1.433, 0.870936, 0.502374, 0.274869, 0.142585, 0.0700963, 0.0326462, 0.0143992, 0.00601223, 0.00237475, 0.000885789, 0.000310253, 9.97757e-05, 2.60367e-05, 5.59076e-06, 1.61877e-06, 4.42915e-07, 1.14502e-07, 2.79682e-08, 6.45467e-09, 1.40748e-09, 2.89981e-10, 5.64488e-11, 1.03824e-11, 1.80427e-12, 2.96252e-13, 4.596e-14, 6.73686e-15, 9.33025e-16, 1.22092e-16, 1.50952e-17, 1.76339e-18, 1.94633e-19, 2.02975e-20, 1.99998e-21, 1.86195e-22, 1.63782e-23, 1.36121e-24, 1.06891e-25, 7.93071e-27, 5.55959e-28, 3.6824e-29, 2.3045e-30, 1.36263e-31, 7.61271e-33, 4.01844e-34, 2.00416e-35, 9.4442e-37, 4.20489e-38, 1.76889e-39, 7.03082e-41, 2.64038e-42, 9.36883e-44, 3.14095e-45, 9.9493e-47, 2.97771e-48, 8.4203e-50, 2.24973e-51, 5.67923e-53, 1.35458e-54, 3.05266e-56, 6.49992e-58, 1.30766e-59, 2.48563e-61, 4.46411e-63, 7.57513e-65, 1.21451e-66, 1.83979e-68, 2.63326e-70, 3.56101e-72, 4.54998e-74, 5.4929e-76, 6.26541e-78, 6.75233e-80, 6.87565e-82, 6.615e-84, 6.01314e-86, 5.16451e-88, 4.19095e-90, 3.2133e-92, 2.3278e-94, 1.59329e-96, 1.03039e-98, 6.29595e-101, 3.63478e-103, 1.98266e-105, 1.02182e-107, 4.97574e-110, 2.28926e-112, 9.95148e-115, 4.08728e-117, 1.58612e-119, 5.8156e-122, 2.01468e-124, 6.59438e-127, 2.03937e-129, 5.95899e-132, 1.64514e-134, 4.29131e-137, 1.05762e-139, 2.46278e-142, 5.41845e-145, 1.12637e-147, 2.21227e-150, 4.10536e-153, 7.1981e-156, 1.19245e-158, 1.86644e-161, 2.76023e-164, 3.85681e-167, 5.09175e-170, 6.35124e-173, 7.48522e-176, 8.33498e-179, 8.76916e-182, 8.71697e-185, 8.18703e-188, 7.2651e-191, 6.0913e-194, 4.82539e-197, 3.61167e-200, 2.5541e-203, 1.70655e-206, 1.07735e-209, 6.42607e-213, 3.6215e-216, 1.92835e-219, 9.70139e-223, 4.61144e-226, 2.07106e-229, 8.78823e-233, 3.52341e-236
3.93486, 3.93586, 3.93688, 3.93791, 3.93895, 3.94, 3.94107, 3.94214, 3.94322, 3.94432, 3.94543, 3.94655, 3.94768, 3.94883, 3.94998, 3.95115, 3.95233, 3.95352, 3.95473, 3.95594, 3.95717, 3.95842, 3.95967, 3.96094, 3.96222, 3.96352, 3.96482, 3.96614, 3.96748, 3.96883, 3.97019, 3.97156, 3.97295, 3.97436, 3.97577, 3.97721, 3.97865, 3.98011, 3.98159, 3.98308, 3.98459, 3.98611, 3.98764, 3.98919, 3.99076, 3.99234, 3.99394, 3.99555, 3.99718, 3.99883, 4.00049, 4.00217, 4.00386, 4.00558, 4.0073, 4.00905, 4.01081, 4.01259, 4.01439, 4.01621, 4.01804, 4.01989, 4.02176, 4.02365, 4.02556, 4.02749, 4.02943, 4.0314, 4.03338, 4.03538, 4.0374, 4.03945, 4.04151, 4.04359, 4.04569, 4.04782, 4.04996, 4.05213, 4.05432, 4.05652, 4.05876, 4.06101, 4.06328, 4.06558, 4.0679, 4.07024, 4.07261, 4.07499, 4.07741, 4.07984, 4.0823, 4.08479, 4.08729, 4.08983, 4.09239, 4.09497, 4.09758, 4.10022, 4.10288, 4.10557, 4.10828, 4.11102, 4.11379, 4.11659, 4.11941, 4.12226, 4.12515, 4.12806, 4.131, 4.13396, 4.13696, 4.13999, 4.14305, 4.14614, 4.14926, 4.15241, 4.1556, 4.15882, 4.16207, 4.16535, 4.16866, 4.17201, 4.1754, 4.17882, 4.18227, 4.18576, 4.18928, 4.19285, 4.19644, 4.20008, 4.20375, 4.20746, 4.21121, 4.215, 4.21883, 4.2227, 4.22661, 4.23056, 4.23455, 4.23858, 4.24266, 4.24678, 4.25094, 4.25515, 4.2594, 4.2637, 4.26804, 4.27243, 4.27687, 4.28135, 4.28589, 4.29047, 4.2951, 4.29979, 4.30452, 4.30931, 4.31415, 4.31904, 4.32399, 4.32899, 4.33405, 4.33916, 4.34434, 4.34957, 4.35485, 4.3602, 4.36561, 4.37108, 4.37662, 4.38221, 4.38787, 4.3936, 4.39939, 4.40525, 4.41118, 4.41718, 4.42325, 4.42939, 4.4356, 4.44188, 4.44825, 4.45468, 4.4612, 4.46779, 4.47446, 4.48122, 4.48805, 4.49497, 4.50198, 4.50907, 4.51625, 4.52352, 4.53088, 4.53834, 4.54589, 4.55353, 4.56127, 4.56911, 4.57705, 4.5851, 4.59325, 4.60151, 4.60987, 4.61835, 4.62693, 4.63564, 4.64446, 4.65339, 4.66245, 4.67164, 4.68095, 4.69038, 4.69995, 4.70965, 4.71949, 4.72947, 4.73959, 4.74985, 4.76026, 4.77082, 4.78153, 4.79241, 4.80344, 4.81463, 4.82599, 4.83753, 4.84923, 4.86112, 4.87319, 4.88544, 4.89789, 4.91053, 4.92337, 4.93641, 4.94966, 4.96313, 4.97681, 4.99072, 5.00486, 5.01923, 5.03384, 5.04871, 5.06382, 5.07919, 5.09484, 5.11075, 5.12694, 5.14343, 5.16021, 5.17729, 5.19469, 5.2124, 5.23045, 5.24883, 5.26757, 5.28666, 5.30613, 5.32597, 5.34621, 5.36685, 5.38791, 5.4094, 5.43133, 5.45372, 5.47658, 5.49993, 5.52378, 5.54816, 5.57307, 5.59854, 5.62459, 5.65124, 5.67851, 5.70642, 5.73499, 5.76426, 5.79425, 5.82498, 5.85649, 5.88881, 5.92196, 5.956, 5.99094, 6.02684, 6.06373, 6.10166, 6.14068, 6.18083, 6.22218, 6.26477, 6.30867, 6.35395, 6.40067, 6.44891, 6.49876, 6.5503, 6.60363, 6.65884, 6.71606, 6.77539, 6.83699, 6.90097, 6.96751, 7.03678, 7.10895, 7.18425, 7.2629, 7.34515, 7.43129, 7.52164, 7.61654, 7.7164, 7.82167, 7.93286, 8.05056, 8.17544, 8.30829, 8.45002, 8.60172, 8.76467, 8.94044, 9.13094, 9.33857, 9.56638, 9.81833, 10.0996, 10.4167, 10.778, 11.1934, 11.6732, 12.226, 12.8544, 13.5494, 14.2837, 15.0057, 15.6374, 16.0796, 16.225, 15.9788, 15.2819, 14.1306, 12.5846, 10.7603, 8.80978, 6.89153, 5.14168, 3.65346, 2.46943, 1.58622, 0.967499, 0.559982, 0.307392, 0.159957, 0.0788743, 0.0368414, 0.0162952, 0.00682251, 0.00270215, 0.00101082, 0.000355319, 0.000115038, 3.06751e-05, 6.83881e-06, 1.97858e-06, 5.41674e-07, 1.40114e-07, 3.42438e-08, 7.90756e-09, 1.72529e-09, 3.55663e-10, 6.92746e-11, 1.27488e-11, 2.21677e-12, 3.64192e-13, 5.65327e-14, 8.29138e-15, 1.14898e-15, 1.50437e-16, 1.86104e-17, 2.17528e-18, 2.40233e-19, 2.50673e-20, 2.47139e-21, 2.30214e-22, 2.02619e-23, 1.68494e-24, 1.32388e-25, 9.8281e-27, 6.89363e-28, 4.56861e-29, 2.86073e-30, 1.69249e-31, 9.46095e-33, 4.99689e-34, 2.49357e-35, 1.17571e-36, 5.23766e-38, 2.2046e-39, 8.76758e-41, 3.29448e-42, 1.16963e-43, 3.92347e-45, 1.2435e-46, 3.72375e-48, 1.05359e-49, 2.81655e-51, 7.11411e-53, 1.69777e-54, 3.82821e-56, 8.15582e-58, 1.64171e-59, 3.12234e-61, 5.61075e-63, 9.52614e-65, 1.52816e-66, 2.31621e-68, 3.31697e-70, 4.48809e-72, 5.7377e-74, 6.93058e-76, 7.90963e-78, 8.52902e-80, 8.68955e-82, 8.36471e-84, 7.60782e-86, 6.53769e-88, 5.30816e-90, 4.07211e-92, 2.95154e-94, 2.02132e-96, 1.3079e-98, 7.99595e-101, 4.61871e-103, 2.52073e-105, 1.29983e-107, 6.33287e-110, 2.91521e-112, 1.26793e-114, 5.21043e-117, 2.02305e-119, 7.42156e-122, 2.57239e-124, 8.42431e-127, 2.60667e-129, 7.62063e-132, 2.10499e-134, 5.4937e-137, 1.35467e-139, 3.15613e-142, 6.94755e-145, 1.44498e-147, 2.83953e-150, 5.2721e-153, 9.24859e-156, 1.53293e-158, 2.40061e-161, 3.55201e-164, 4.9657e-167, 6.55905e-170, 8.18567e-173, 9.6521e-176, 1.07533e-178, 1.13192e-181, 1.12575e-184, 1.05785e-187, 9.392e-191, 7.87853e-194, 6.24432e-197, 4.67604e-200, 3.30845e-203, 2.21169e-206, 1.39693e-209, 8.33644e-213, 4.70044e-216, 2.50408e-219, 1.26041e-222, 5.99415e-226, 2.69337e-229, 1.14345e-232, 4.58661e-236
209.18
176.82
 
MEASUREMENT 55
1.56305, 4.67879, 7.79453, 10.9103, 14.0312, 17.1469, 20.2679, 23.3784, 26.4796, 29.5859, 32.6913, 35.8071, 38.9228, 42.0385, 45.1595, 48.2752, 51.3909, 54.5067, 57.6224, 60.7381, 63.8435, 66.9593, 70.0698, 73.1752, 76.2806, 79.3859, 82.4913, 85.5967, 88.7021, 91.8074, 94.9128, 98.0182, 101.1, 104.148, 107.196, 110.244, 113.292, 116.339, 119.387, 122.435, 125.483, 128.531, 131.574, 134.622, 137.67, 140.718, 143.766, 146.814, 149.861, 152.909, 155.957, 159.005, 162.053, 165.101, 168.149, 171.197, 174.245, 177.293, 180.341, 183.389, 186.436, 189.484, 192.532, 195.58, 198.621, 201.655, 204.688, 207.722, 210.756, 213.794, 216.838, 219.882, 222.926, 225.97, 229.014, 232.058, 235.102, 238.145, 241.189, 244.233, 247.277, 250.321, 253.37, 256.424, 259.478, 262.532, 265.586, 268.64, 271.695, 274.749, 277.803, 280.857, 283.911, 286.97, 290.035, 293.099
3.49109, 3.50077, 3.49128, 3.70403, 3.48378, 3.52816, 3.81935, 3.81389, 3.75846, 3.80378, 3.8553, 3.94518, 3.951, 3.99773, 3.99201, 4.00878, 4.16043, 4.20112, 4.27137, 4.31517, 3.84215, 4.27593, 4.29527, 4.27136, 4.37434, 4.39099, 4.41521, 4.40913, 4.4667, 4.12289, 4.53708, 3.93646, 4.55619, 4.56161, 4.59907, 4.61818, 4.64342, 4.68364, 4.72418, 4.74961, 4.76795, 4.8198, 4.88162, 4.89231, 4.94883, 5.02405, 5.09776, 5.14139, 5.19488, 5.24722, 5.35125, 5.44344, 5.55547, 5.62897, 5.74581, 6.02214, 6.10931, 6.19794, 6.43659, 6.7398, 6.97674, 7.42365, 7.87002, 8.68253, 11.0754, 12.6577, 14.2813, 12.9786, 6.66989, 1.47957, 0.10152, -0.0142671, -0.0328186, -0.04675, -0.0438836, -0.0227904, -0.0284517, -0.0240272, -0.0565527, -0.0385889, -0.0666259, -0.0659761, -0.0605717, -0.0306601, -0.0313584, -0.0455201, -0.0268092, -0.0286234, -0.0262664, -0.0195509, -0.0213882, -0.0326778, -0.0520193, -0.0421783, -0.0659483, -0.10163
0.104733, 0.105023, 0.104739, 0.111121, 0.104513, 0.105845, 0.114581, 0.114417, 0.112754, 0.114113, 0.115659, 0.118356, 0.11853, 0.119932, 0.11976, 0.120264, 0.124813, 0.126034, 0.128141, 0.129455, 0.115265, 0.128278, 0.128858, 0.128141, 0.13123, 0.13173, 0.132456, 0.132274, 0.134001, 0.123687, 0.136112, 0.118094, 0.136686, 0.136848, 0.137972, 0.138545, 0.139303, 0.140509, 0.141726, 0.142488, 0.143039, 0.144594, 0.146449, 0.146769, 0.148465, 0.150721, 0.152933, 0.154242, 0.155846, 0.157416, 0.160537, 0.163303, 0.166664, 0.168869, 0.172374, 0.180664, 0.183279, 0.185938, 0.193098, 0.202194, 0.209302, 0.222709, 0.236101, 0.260476, 0.332263, 0.37973, 0.42844, 0.389358, 0.200097, 0.0443872, 0.00304561, 0.000428013, 0.000984558, 0.0014025, 0.00131651, 0.000683713, 0.000853552, 0.000720815, 0.00169658, 0.00115767, 0.00199878, 0.00197928, 0.00181715, 0.000919804, 0.000940752, 0.0013656, 0.000804276, 0.000858701, 0.000787991, 0.000586526, 0.000641646, 0.000980333, 0.00156058, 0.00126535, 0.00197845, 0.00304889
0, 0.613815, 1.22763, 1.84144, 2.45526, 3.06907, 3.68289, 4.2967, 4.91052, 5.52433, 6.13815, 6.75196, 7.36578, 7.97959, 8.59341, 9.20722, 9.82104, 10.4349, 11.0487, 11.6625, 12.2763, 12.8901, 13.5039, 14.1177, 14.7316, 15.3454, 15.9592, 16.573, 17.1868, 17.8006, 18.4144, 19.0283, 19.6421, 20.2559, 20.8697, 21.4835, 22.0973, 22.7111, 23.325, 23.9388, 24.5526, 25.1664, 25.7802, 26.394, 27.0078, 27.6217, 28.2355, 28.8493, 29.4631, 30.0769, 30.6907, 31.3046, 31.9184, 32.5322, 33.146, 33.7598, 34.3736, 34.9874, 35.6013, 36.2151, 36.8289, 37.4427, 38.0565, 38.6703, 39.2841, 39.898, 40.5118, 41.1256, 41.7394, 42.3532, 42.967, 43.5808, 44.1947, 44.8085, 45.4223, 46.0361, 46.6499, 47.2637, 47.8775, 48.4914, 49.1052, 49.719, 50.3328, 50.9466, 51.5604, 52.1743, 52.7881, 53.4019, 54.0157, 54.6295, 55.2433, 55.8571, 56.471, 57.0848, 57.6986, 58.3124, 58.9262, 59.54, 60.1538, 60.7677, 61.3815, 61.9953, 62.6091, 63.2229, 63.8367, 64.4505, 65.0644, 65.6782, 66.292, 66.9058, 67.5196, 68.1334, 68.7473, 69.3611, 69.9749, 70.5887, 71.2025, 71.8163, 72.4301, 73.044, 73.6578, 74.2716, 74.8854, 75.4992, 76.113, 76.7268, 77.3407, 77.9545, 78.5683, 79.1821, 79.7959, 80.4097, 81.0235, 81.6374, 82.2512, 82.865, 83.4788, 84.0926, 84.7064, 85.3202, 85.9341, 86.5479, 87.1617, 87.7755, 88.3893, 89.0031, 89.617, 90.2308, 90.8446, 91.4584, 92.0722, 92.686, 93.2998, 93.9137, 94.5275, 95.1413, 95.7551, 96.3689, 96.9827, 97.5965, 98.2104, 98.8242, 99.438, 100.052, 100.666, 101.279, 101.893, 102.507, 103.121, 103.735, 104.349, 104.962, 105.576, 106.19, 106.804, 107.418, 108.031, 108.645, 109.259, 109.873, 110.487, 111.1, 111.714, 112.328, 112.942, 113.556, 114.17, 114.783, 115.397, 116.011, 116.625, 117.239, 117.852, 118.466, 119.08, 119.694, 120.308, 120.922, 121.535, 122.149, 122.763, 123.377, 123.991, 124.604, 125.218, 125.832, 126.446, 127.06, 127.673, 128.287, 128.901, 129.515, 130.129, 130.743, 131.356, 131.97, 132.584, 133.198, 133.812, 134.425, 135.039, 135.653, 136.267, 136.881, 137.495, 138.108, 138.722, 139.336, 139.95, 140.564, 141.177, 141.791, 142.405, 143.019, 143.633, 144.246, 144.86, 145.474, 146.088, 146.702, 147.316, 147.929, 148.543, 149.157, 149.771, 150.385, 150.998, 151.612, 152.226, 152.84, 153.454, 154.068, 154.681, 155.295, 155.909, 156.523, 157.137, 157.75, 158.364, 158.978, 159.592, 160.206, 160.819, 161.433, 162.047, 162.661, 163.275, 163.889, 164.502, 165.116, 165.73, 166.344, 166.958, 167.571, 168.185, 168.799, 169.413, 170.027, 170.64, 171.254, 171.868, 172.482, 173.096, 173.71, 174.323, 174.937, 175.551, 176.165, 176.779, 177.392, 178.006, 178.62, 179.234, 179.848, 180.462, 181.075, 181.689, 182.303, 182.917, 183.531, 184.144, 184.758, 185.372, 185.986, 186.6, 187.213, 187.827, 188.441, 189.055, 189.669, 190.283, 190.896, 191.51, 192.124, 192.738, 193.352, 193.965, 194.579, 195.193, 195.807, 196.421, 197.035, 197.648, 198.262, 198.876, 199.49, 200.104, 200.717, 201.331, 201.945, 202.559, 203.173, 203.786, 204.4, 205.014, 205.628, 206.242, 206.856, 207.469, 208.083, 208.697, 209.311, 209.925, 210.538, 211.152, 211.766, 212.38, 212.994, 213.608, 214.221, 214.835, 215.449, 216.063, 216.677, 217.29, 217.904, 218.518, 219.132, 219.746, 220.359, 220.973, 221.587, 222.201, 222.815, 223.429, 224.042, 224.656, 225.27, 225.884, 226.498, 227.111, 227.725, 228.339, 228.953, 229.567, 230.181, 230.794, 231.408, 232.022, 232.636, 233.25, 233.863, 234.477, 235.091, 235.705, 236.319, 236.932, 237.546, 238.16, 238.774, 239.388, 240.002, 240.615, 241.229, 241.843, 242.457, 243.071, 243.684, 244.298, 244.912, 245.526, 246.14, 246.754, 247.367, 247.981, 248.595, 249.209, 249.823, 250.436, 251.05, 251.664, 252.278, 252.892, 253.505, 254.119, 254.733, 255.347, 255.961, 256.575, 257.188, 257.802, 258.416, 259.03, 259.644, 260.257, 260.871, 261.485, 262.099, 262.713, 263.327, 263.94, 264.554, 265.168, 265.782, 266.396, 267.009, 267.623, 268.237, 268.851, 269.465, 270.078, 270.692, 271.306, 271.92, 272.534, 273.148, 273.761, 274.375, 274.989, 275.603, 276.217, 276.83, 277.444, 278.058, 278.672, 279.286, 279.9, 280.513, 281.127, 281.741, 282.355, 282.969, 283.582, 284.196, 284.81, 285.424, 286.038, 286.651, 287.265, 287.879, 288.493, 289.107, 289.721, 290.334, 290.948, 291.562, 292.176, 292.79, 293.403, 294.017
3.94044, 3.94143, 3.94243, 3.94344, 3.94446, 3.94549, 3.94654, 3.94759, 3.94866, 3.94974, 3.95083, 3.95193, 3.95304, 3.95417, 3.9553, 3.95645, 3.95761, 3.95878, 3.95997, 3.96117, 3.96238, 3.9636, 3.96483, 3.96608, 3.96734, 3.96862, 3.96991, 3.97121, 3.97252, 3.97385, 3.97519, 3.97654, 3.97791, 3.97929, 3.98069, 3.9821, 3.98352, 3.98496, 3.98642, 3.98789, 3.98937, 3.99087, 3.99238, 3.99391, 3.99545, 3.99701, 3.99859, 4.00018, 4.00179, 4.00341, 4.00505, 4.0067, 4.00837, 4.01006, 4.01177, 4.01349, 4.01523, 4.01699, 4.01876, 4.02055, 4.02236, 4.02419, 4.02603, 4.0279, 4.02978, 4.03168, 4.0336, 4.03554, 4.03749, 4.03947, 4.04147, 4.04348, 4.04552, 4.04757, 4.04965, 4.05175, 4.05386, 4.056, 4.05816, 4.06034, 4.06254, 4.06477, 4.06701, 4.06928, 4.07157, 4.07389, 4.07622, 4.07858, 4.08096, 4.08337, 4.0858, 4.08825, 4.09073, 4.09323, 4.09576, 4.09831, 4.10089, 4.1035, 4.10612, 4.10878, 4.11146, 4.11417, 4.11691, 4.11967, 4.12246, 4.12528, 4.12813, 4.131, 4.13391, 4.13684, 4.13981, 4.1428, 4.14582, 4.14888, 4.15196, 4.15508, 4.15822, 4.1614, 4.16462, 4.16786, 4.17114, 4.17445, 4.17779, 4.18117, 4.18459, 4.18804, 4.19152, 4.19504, 4.1986, 4.20219, 4.20582, 4.20949, 4.2132, 4.21694, 4.22073, 4.22455, 4.22842, 4.23232, 4.23627, 4.24025, 4.24428, 4.24836, 4.25247, 4.25663, 4.26084, 4.26508, 4.26938, 4.27372, 4.27811, 4.28254, 4.28702, 4.29156, 4.29614, 4.30077, 4.30545, 4.31018, 4.31497, 4.3198, 4.3247, 4.32964, 4.33464, 4.3397, 4.34481, 4.34998, 4.35521, 4.3605, 4.36585, 4.37126, 4.37673, 4.38226, 4.38786, 4.39352, 4.39924, 4.40504, 4.4109, 4.41683, 4.42283, 4.42889, 4.43504, 4.44125, 4.44754, 4.4539, 4.46034, 4.46686, 4.47345, 4.48013, 4.48689, 4.49373, 4.50065, 4.50766, 4.51476, 4.52194, 4.52922, 4.53659, 4.54405, 4.5516, 4.55925, 4.567, 4.57485, 4.5828, 4.59085, 4.59901, 4.60727, 4.61565, 4.62413, 4.63273, 4.64144, 4.65027, 4.65922, 4.66829, 4.67749, 4.68681, 4.69626, 4.70585, 4.71556, 4.72542, 4.73541, 4.74554, 4.75582, 4.76625, 4.77683, 4.78757, 4.79846, 4.80951, 4.82073, 4.83212, 4.84367, 4.85541, 4.86732, 4.87941, 4.89169, 4.90417, 4.91684, 4.92971, 4.94279, 4.95607, 4.96957, 4.98329, 4.99724, 5.01142, 5.02583, 5.04049, 5.0554, 5.07056, 5.08598, 5.10167, 5.11764, 5.13389, 5.15043, 5.16727, 5.18441, 5.20187, 5.21966, 5.23777, 5.25623, 5.27504, 5.29421, 5.31376, 5.33369, 5.35402, 5.37475, 5.39591, 5.4175, 5.43953, 5.46203, 5.48501, 5.50848, 5.53246, 5.55697, 5.58202, 5.60764, 5.63384, 5.66065, 5.68808, 5.71616, 5.74492, 5.77439, 5.80458, 5.83552, 5.86725, 5.89981, 5.93321, 5.96751, 6.00273, 6.03892, 6.07612, 6.11438, 6.15374, 6.19425, 6.23598, 6.27899, 6.32332, 6.36906, 6.41628, 6.46505, 6.51545, 6.56759, 6.62155, 6.67745, 6.7354, 6.79553, 6.85796, 6.92286, 6.99039, 7.06071, 7.13405, 7.2106, 7.29061, 7.37434, 7.46211, 7.55424, 7.6511, 7.75312, 7.86079, 7.97464, 8.0953, 8.22352, 8.36012, 8.5061, 8.66265, 8.83119, 9.01343, 9.21152, 9.42814, 9.66676, 9.93184, 10.2292, 10.566, 10.9513, 11.3945, 11.9042, 12.4842, 13.1284, 13.8136, 14.4934, 15.095, 15.5227, 15.6695, 15.4381, 14.7646, 13.6391, 12.1111, 10.3254, 8.41477, 6.53954, 4.83699, 3.39965, 2.26757, 1.43381, 0.858707, 0.486752, 0.260987, 0.132299, 0.0633771, 0.0286801, 0.0122558, 0.00494316, 0.00188009, 0.000672659, 0.000224412, 6.71671e-05, 1.34914e-05, 3.58776e-06, 9.83299e-07, 2.53905e-07, 6.17641e-08, 1.4154e-08, 3.05561e-09, 6.21436e-10, 1.19062e-10, 2.14895e-11, 3.65391e-12, 5.85284e-13, 8.8319e-14, 1.25551e-14, 1.68136e-15, 2.12119e-16, 2.52103e-17, 2.82262e-18, 2.97717e-19, 2.95824e-20, 2.76911e-21, 2.44188e-22, 2.02855e-23, 1.58753e-24, 1.17041e-25, 8.12886e-27, 5.31861e-28, 3.27826e-29, 1.90356e-30, 1.04127e-31, 5.36588e-33, 2.60492e-34, 1.1913e-35, 5.13249e-37, 2.0831e-38, 7.96468e-40, 2.86882e-41, 9.7345e-43, 3.11172e-44, 9.37053e-46, 2.6583e-47, 7.10426e-49, 1.78859e-50, 4.24206e-52, 9.47807e-54, 1.99498e-55, 3.95579e-57, 7.3893e-59, 1.30032e-60, 2.15561e-62, 3.36641e-64, 4.95266e-66, 6.86414e-68, 8.96209e-70, 1.10232e-71, 1.27726e-73, 1.39421e-75, 1.43368e-77, 1.38883e-79, 1.26743e-81, 1.08961e-83, 8.82458e-86, 6.73274e-88, 4.83909e-90, 3.2765e-92, 2.08993e-94, 1.25582e-96, 7.10883e-99, 3.79091e-101, 1.90442e-103, 9.01271e-106, 4.01812e-108, 1.68758e-110, 6.67698e-113, 2.48868e-115, 8.73843e-118, 2.89049e-120, 9.00705e-123, 2.64404e-125, 7.31183e-128, 1.90484e-130, 4.67482e-133, 1.0808e-135, 2.35395e-138, 4.82974e-141, 9.33521e-144, 1.6998e-146, 2.9157e-149, 4.71154e-152, 7.17225e-155, 1.02854e-157, 1.38951e-160, 1.76837e-163, 2.1201e-166, 2.3945e-169, 2.54768e-172, 2.55357e-175, 2.41114e-178, 2.14472e-181, 1.79718e-184, 1.41868e-187, 1.055e-190, 7.39075e-194, 4.87752e-197, 3.03237e-200, 1.77597e-203, 9.7986e-207, 5.09287e-210, 2.49364e-213, 1.15021e-216, 4.99796e-220, 2.04588e-223, 7.8893e-227, 2.86595e-230, 9.8078e-234, 3.16188e-237, 9.60266e-241, 2.74732e-244, 7.40453e-248
3.94044, 3.94144, 3.94246, 3.94349, 3.94453, 3.94558, 3.94665, 3.94772, 3.9488, 3.9499, 3.95101, 3.95213, 3.95326, 3.9544, 3.95556, 3.95673, 3.95791, 3.9591, 3.9603, 3.96152, 3.96275, 3.96399, 3.96525, 3.96652, 3.9678, 3.96909, 3.9704, 3.97172, 3.97305, 3.9744, 3.97576, 3.97714, 3.97853, 3.97993, 3.98135, 3.98278, 3.98423, 3.98569, 3.98716, 3.98865, 3.99016, 3.99168, 3.99321, 3.99476, 3.99633, 3.99791, 3.99951, 4.00112, 4.00275, 4.0044, 4.00606, 4.00774, 4.00943, 4.01114, 4.01287, 4.01462, 4.01638, 4.01816, 4.01996, 4.02178, 4.02361, 4.02546, 4.02733, 4.02922, 4.03113, 4.03305, 4.035, 4.03696, 4.03894, 4.04095, 4.04297, 4.04501, 4.04707, 4.04916, 4.05126, 4.05338, 4.05553, 4.05769, 4.05988, 4.06209, 4.06432, 4.06657, 4.06884, 4.07114, 4.07346, 4.0758, 4.07816, 4.08055, 4.08296, 4.0854, 4.08786, 4.09034, 4.09285, 4.09539, 4.09794, 4.10053, 4.10314, 4.10577, 4.10843, 4.11112, 4.11383, 4.11658, 4.11934, 4.12214, 4.12496, 4.12782, 4.1307, 4.13361, 4.13655, 4.13951, 4.14251, 4.14554, 4.1486, 4.15169, 4.15481, 4.15796, 4.16115, 4.16436, 4.16761, 4.17089, 4.17421, 4.17756, 4.18094, 4.18436, 4.18781, 4.1913, 4.19482, 4.19838, 4.20198, 4.20562, 4.20929, 4.213, 4.21675, 4.22053, 4.22436, 4.22823, 4.23214, 4.23609, 4.24008, 4.24411, 4.24818, 4.2523, 4.25646, 4.26067, 4.26492, 4.26922, 4.27356, 4.27795, 4.28238, 4.28687, 4.2914, 4.29598, 4.30061, 4.3053, 4.31003, 4.31482, 4.31965, 4.32455, 4.32949, 4.33449, 4.33955, 4.34466, 4.34983, 4.35506, 4.36034, 4.36569, 4.3711, 4.37657, 4.3821, 4.38769, 4.39335, 4.39907, 4.40486, 4.41072, 4.41665, 4.42264, 4.42871, 4.43484, 4.44105, 4.44734, 4.45369, 4.46013, 4.46664, 4.47323, 4.4799, 4.48665, 4.49348, 4.5004, 4.5074, 4.51449, 4.52166, 4.52893, 4.53629, 4.54373, 4.55128, 4.55892, 4.56665, 4.57449, 4.58243, 4.59047, 4.59861, 4.60686, 4.61522, 4.62369, 4.63227, 4.64097, 4.64978, 4.65871, 4.66776, 4.67694, 4.68624, 4.69567, 4.70523, 4.71492, 4.72475, 4.73472, 4.74483, 4.75508, 4.76548, 4.77603, 4.78674, 4.7976, 4.80862, 4.8198, 4.83115, 4.84267, 4.85437, 4.86624, 4.8783, 4.89054, 4.90297, 4.91559, 4.92842, 4.94144, 4.95468, 4.96813, 4.98179, 4.99568, 5.0098, 5.02416, 5.03875, 5.05359, 5.06869, 5.08404, 5.09966, 5.11555, 5.13172, 5.14818, 5.16493, 5.18198, 5.19935, 5.21704, 5.23505, 5.25341, 5.27211, 5.29117, 5.3106, 5.3304, 5.3506, 5.3712, 5.39222, 5.41367, 5.43555, 5.45789, 5.48071, 5.504, 5.5278, 5.55212, 5.57698, 5.60239, 5.62837, 5.65496, 5.68215, 5.70999, 5.73849, 5.76768, 5.79758, 5.82822, 5.85964, 5.89186, 5.92491, 5.95884, 5.99367, 6.02945, 6.06622, 6.10402, 6.14289, 6.1829, 6.22408, 6.26651, 6.31023, 6.35532, 6.40185, 6.44988, 6.4995, 6.5508, 6.60387, 6.65881, 6.71574, 6.77476, 6.83601, 6.89963, 6.96578, 7.03462, 7.10634, 7.18114, 7.25925, 7.34091, 7.42641, 7.51604, 7.61017, 7.70917, 7.81348, 7.92361, 8.04012, 8.16367, 8.295, 8.43501, 8.58473, 8.74538, 8.91846, 9.10578, 9.30956, 9.53265, 9.77873, 10.0526, 10.3605, 10.7104, 11.1124, 11.5776, 12.1167, 12.7362, 13.4325, 14.1847, 14.9468, 15.6435, 16.1731, 16.4189, 16.2714, 15.6543, 14.5488, 13.0066, 11.1455, 9.1276, 7.12675, 5.29488, 3.73732, 2.50291, 1.58874, 0.955006, 0.543248, 0.292262, 0.148632, 0.071423, 0.0324179, 0.013893, 0.00561931, 0.00214332, 0.000769204, 0.000257804, 7.78505e-05, 1.63519e-05, 4.38449e-06, 1.20252e-06, 3.10699e-07, 7.56253e-08, 1.73409e-08, 3.7459e-09, 7.62285e-10, 1.46136e-10, 2.63921e-11, 4.49023e-12, 7.19682e-13, 1.08665e-13, 1.54568e-14, 2.07121e-15, 2.6146e-16, 3.10932e-17, 3.48339e-18, 3.67635e-19, 3.65517e-20, 3.42355e-21, 3.0208e-22, 2.51098e-23, 1.96627e-24, 1.45051e-25, 1.00803e-26, 6.59936e-28, 4.07013e-29, 2.36478e-30, 1.29434e-31, 6.67399e-33, 3.24188e-34, 1.48349e-35, 6.39514e-37, 2.59711e-38, 9.93591e-40, 3.58097e-41, 1.21582e-42, 3.88878e-44, 1.17175e-45, 3.32606e-47, 8.89411e-49, 2.24053e-50, 5.31708e-52, 1.1887e-53, 2.50349e-55, 4.96701e-57, 9.28367e-59, 1.63463e-60, 2.71141e-62, 4.23687e-64, 6.23692e-66, 8.64909e-68, 1.12991e-69, 1.39058e-71, 1.6122e-73, 1.76084e-75, 1.81173e-77, 1.75607e-79, 1.60348e-81, 1.37931e-83, 1.11772e-85, 8.53256e-88, 6.1362e-90, 4.15714e-92, 2.65316e-94, 1.59516e-96, 9.03487e-99, 4.82072e-101, 2.42313e-103, 1.1474e-105, 5.11831e-108, 2.15086e-110, 8.51473e-113, 3.17544e-115, 1.1156e-117, 3.69223e-120, 1.15118e-122, 3.38117e-125, 9.35549e-128, 2.43859e-130, 5.98804e-133, 1.38517e-135, 3.01852e-138, 6.19667e-141, 1.19838e-143, 2.18326e-146, 3.74704e-149, 6.0582e-152, 9.22723e-155, 1.32395e-157, 1.78955e-160, 2.27871e-163, 2.73343e-166, 3.08886e-169, 3.28821e-172, 3.29757e-175, 3.11531e-178, 2.77255e-181, 2.3245e-184, 1.83591e-187, 1.36599e-190, 9.57443e-194, 6.32194e-197, 3.93242e-200, 2.30431e-203, 1.27202e-206, 6.61484e-210, 3.24052e-213, 1.49549e-216, 6.50162e-220, 2.66276e-223, 1.02734e-226, 3.73393e-230, 1.27847e-233, 4.12368e-237, 1.253e-240, 3.58664e-244, 9.67155e-248
209.28
176.86
 
MEASUREMENT 56
1.56305, 4.67879, 7.79453, 10.9103, 14.0312, 17.1469, 20.2679, 23.3784, 26.4796, 29.5859, 32.6913, 35.8071, 38.9228, 42.0385, 45.1595, 48.2752, 51.3909, 54.5067, 57.6224, 60.7381, 63.8435, 66.9593, 70.0698, 73.1752, 76.2806, 79.3859, 82.4913, 85.5967, 88.7021, 91.8074, 94.9128, 98.0182, 101.1, 104.148, 107.196, 110.244, 113.292, 116.339, 119.387, 122.435, 125.483, 128.531, 131.574, 134.622, 137.67, 140.718, 143.766, 146.814, 149.861, 152.909, 155.957, 159.005, 162.053, 165.101, 168.149, 171.197, 174.245, 177.293, 180.341, 183.389, 186.436, 189.484, 192.532, 195.58, 198.621, 201.655, 204.688, 207.722, 210.756, 213.794, 216.838, 219.882, 222.926, 225.97, 229.014, 232.058, 235.102, 238.145, 241.189, 244.233, 247.277, 250.321, 253.37, 256.424, 259.478, 262.532, 265.586, 268.64, 271.695, 274.749, 277.803, 280.857, 283.911, 286.97, 290.035, 293.099
3.4831, 3.50151, 3.49015, 3.70356, 3.48414, 3.52637, 3.81842, 3.81625, 3.75548, 3.80489, 3.85732, 3.94478, 3.95052, 3.99354, 3.99268, 4.00452, 4.1607, 4.19386, 4.2754, 4.31543, 3.82447, 4.27149, 4.29704, 4.28279, 4.37592, 4.38894, 4.41535, 4.40786, 4.4701, 4.12463, 4.53465, 3.94465, 4.55535, 4.5555, 4.60079, 4.6207, 4.64351, 4.67959, 4.72451, 4.74942, 4.76442, 4.81926, 4.88293, 4.89007, 4.94786, 5.02237, 5.09658, 5.14233, 5.19318, 5.24625, 5.34938, 5.44856, 5.5552, 5.62435, 5.74211, 6.01566, 6.1112, 6.19137, 6.43803, 6.73831, 6.97479, 7.42768, 7.86962, 8.71998, 11.0779, 12.6587, 14.2758, 12.9794, 6.67043, 1.47473, 0.102927, -0.0255979, -0.0368339, -0.0465733, -0.0427325, -0.021721, -0.0313625, -0.0244438, -0.055977, -0.0398421, -0.0642498, -0.066438, -0.0642805, -0.034881, -0.0358399, -0.0450529, -0.0223658, -0.0305272, -0.0276902, -0.0174113, -0.0217465, -0.0338024, -0.0549566, -0.0420386, -0.0632504, -0.103394
0.104493, 0.105045, 0.104705, 0.111107, 0.104524, 0.105791, 0.114552, 0.114487, 0.112664, 0.114147, 0.11572, 0.118343, 0.118516, 0.119806, 0.11978, 0.120136, 0.124821, 0.125816, 0.128262, 0.129463, 0.114734, 0.128145, 0.128911, 0.128484, 0.131278, 0.131668, 0.132461, 0.132236, 0.134103, 0.123739, 0.136039, 0.11834, 0.13666, 0.136665, 0.138024, 0.138621, 0.139305, 0.140388, 0.141735, 0.142483, 0.142932, 0.144578, 0.146488, 0.146702, 0.148436, 0.150671, 0.152897, 0.15427, 0.155796, 0.157387, 0.160482, 0.163457, 0.166656, 0.168731, 0.172263, 0.18047, 0.183336, 0.185741, 0.193141, 0.202149, 0.209244, 0.22283, 0.236089, 0.261599, 0.332336, 0.379762, 0.428275, 0.389381, 0.200113, 0.0442418, 0.00308781, 0.000767937, 0.00110502, 0.0013972, 0.00128197, 0.00065163, 0.000940874, 0.000733314, 0.00167931, 0.00119526, 0.00192749, 0.00199314, 0.00192841, 0.00104643, 0.0010752, 0.00135159, 0.000670975, 0.000915817, 0.000830706, 0.000522338, 0.000652395, 0.00101407, 0.0016487, 0.00126116, 0.00189751, 0.00310182
0, 0.613815, 1.22763, 1.84144, 2.45526, 3.06907, 3.68289, 4.2967, 4.91052, 5.52433, 6.13815, 6.75196, 7.36578, 7.97959, 8.59341, 9.20722, 9.82104, 10.4349, 11.0487, 11.6625, 12.2763, 12.8901, 13.5039, 14.1177, 14.7316, 15.3454, 15.9592, 16.573, 17.1868, 17.8006, 18.4144, 19.0283, 19.6421, 20.2559, 20.8697, 21.4835, 22.0973, 22.7111, 23.325, 23.9388, 24.5526, 25.1664, 25.7802, 26.394, 27.0078, 27.6217, 28.2355, 28.8493, 29.4631, 30.0769, 30.6907, 31.3046, 31.9184, 32.5322, 33.146, 33.7598, 34.3736, 34.9874, 35.6013, 36.2151, 36.8289, 37.4427, 38.0565, 38.6703, 39.2841, 39.898, 40.5118, 41.1256, 41.7394, 42.3532, 42.967, 43.5808, 44.1947, 44.8085, 45.4223, 46.0361, 46.6499, 47.2637, 47.8775, 48.4914, 49.1052, 49.719, 50.3328, 50.9466, 51.5604, 52.1743, 52.7881, 53.4019, 54.0157, 54.6295, 55.2433, 55.8571, 56.471, 57.0848, 57.6986, 58.3124, 58.9262, 59.54, 60.1538, 60.7677, 61.3815, 61.9953, 62.6091, 63.2229, 63.8367, 64.4505, 65.0644, 65.6782, 66.292, 66.9058, 67.5196, 68.1334, 68.7473, 69.3611, 69.9749, 70.5887, 71.2025, 71.8163, 72.4301, 73.044, 73.6578, 74.2716, 74.8854, 75.4992, 76.113, 76.7268, 77.3407, 77.9545, 78.5683, 79.1821, 79.7959, 80.4097, 81.0235, 81.6374, 82.2512, 82.865, 83.4788, 84.0926, 84.7064, 85.3202, 85.9341, 86.5479, 87.1617, 87.7755, 88.3893, 89.0031, 89.617, 90.2308, 90.8446, 91.4584, 92.0722, 92.686, 93.2998, 93.9137, 94.5275, 95.1413, 95.7551, 96.3689, 96.9827, 97.5965, 98.2104, 98.8242, 99.438, 100.052, 100.666, 101.279, 101.893, 102.507, 103.121, 103.735, 104.349, 104.962, 105.576, 106.19, 106.804, 107.418, 108.031, 108.645, 109.259, 109.873, 110.487, 111.1, 111.714, 112.328, 112.942, 113.556, 114.17, 114.783, 115.397, 116.011, 116.625, 117.239, 117.852, 118.466, 119.08, 119.694, 120.308, 120.922, 121.535, 122.149, 122.763, 123.377, 123.991, 124.604, 125.218, 125.832, 126.446, 127.06, 127.673, 128.287, 128.901, 129.515, 130.129, 130.743, 131.356, 131.97, 132.584, 133.198, 133.812, 134.425, 135.039, 135.653, 136.267, 136.881, 137.495, 138.108, 138.722, 139.336, 139.95, 140.564, 141.177, 141.791, 142.405, 143.019, 143.633, 144.246, 144.86, 145.474, 146.088, 146.702, 147.316, 147.929, 148.543, 149.157, 149.771, 150.385, 150.998, 151.612, 152.226, 152.84, 153.454, 154.068, 154.681, 155.295, 155.909, 156.523, 157.137, 157.75, 158.364, 158.978, 159.592, 160.206, 160.819, 161.433, 162.047, 162.661, 163.275, 163.889, 164.502, 165.116, 165.73, 166.344, 166.958, 167.571, 168.185, 168.799, 169.413, 170.027, 170.64, 171.254, 171.868, 172.482, 173.096, 173.71, 174.323, 174.937, 175.551, 176.165, 176.779, 177.392, 178.006, 178.62, 179.234, 179.848, 180.462, 181.075, 181.689, 182.303, 182.917, 183.531, 184.144, 184.758, 185.372, 185.986, 186.6, 187.213, 187.827, 188.441, 189.055, 189.669, 190.283, 190.896, 191.51, 192.124, 192.738, 193.352, 193.965, 194.579, 195.193, 195.807, 196.421, 197.035, 197.648, 198.262, 198.876, 199.49, 200.104, 200.717, 201.331, 201.945, 202.559, 203.173, 203.786, 204.4, 205.014, 205.628, 206.242, 206.856, 207.469, 208.083, 208.697, 209.311, 209.925, 210.538, 211.152, 211.766, 212.38, 212.994, 213.608, 214.221, 214.835, 215.449, 216.063, 216.677, 217.29, 217.904, 218.518, 219.132, 219.746, 220.359, 220.973, 221.587, 222.201, 222.815, 223.429, 224.042, 224.656, 225.27, 225.884, 226.498, 227.111, 227.725, 228.339, 228.953, 229.567, 230.181, 230.794, 231.408, 232.022, 232.636, 233.25, 233.863, 234.477, 235.091, 235.705, 236.319, 236.932, 237.546, 238.16, 238.774, 239.388, 240.002, 240.615, 241.229, 241.843, 242.457, 243.071, 243.684, 244.298, 244.912, 245.526, 246.14, 246.754, 247.367, 247.981, 248.595, 249.209, 249.823, 250.436, 251.05, 251.664, 252.278, 252.892, 253.505, 254.119, 254.733, 255.347, 255.961, 256.575, 257.188, 257.802, 258.416, 259.03, 259.644, 260.257, 260.871, 261.485, 262.099, 262.713, 263.327, 263.94, 264.554, 265.168, 265.782, 266.396, 267.009, 267.623, 268.237, 268.851, 269.465, 270.078, 270.692, 271.306, 271.92, 272.534, 273.148, 273.761, 274.375, 274.989, 275.603, 276.217, 276.83, 277.444, 278.058, 278.672, 279.286, 279.9, 280.513, 281.127, 281.741, 282.355, 282.969, 283.582, 284.196, 284.81, 285.424, 286.038, 286.651, 287.265, 287.879, 288.493, 289.107, 289.721, 290.334, 290.948, 291.562, 292.176, 292.79, 293.403, 294.017
3.94039, 3.94138, 3.94239, 3.9434, 3.94442, 3.94546, 3.9465, 3.94756, 3.94863, 3.94971, 3.9508, 3.9519, 3.95302, 3.95415, 3.95529, 3.95644, 3.9576, 3.95877, 3.95996, 3.96116, 3.96237, 3.9636, 3.96484, 3.96609, 3.96735, 3.96863, 3.96992, 3.97122, 3.97254, 3.97387, 3.97521, 3.97657, 3.97794, 3.97932, 3.98072, 3.98213, 3.98356, 3.985, 3.98646, 3.98793, 3.98942, 3.99092, 3.99243, 3.99397, 3.99551, 3.99707, 3.99865, 4.00025, 4.00186, 4.00348, 4.00512, 4.00678, 4.00846, 4.01015, 4.01186, 4.01358, 4.01532, 4.01708, 4.01886, 4.02066, 4.02247, 4.0243, 4.02615, 4.02801, 4.0299, 4.0318, 4.03373, 4.03567, 4.03763, 4.03961, 4.04161, 4.04363, 4.04567, 4.04773, 4.04981, 4.05191, 4.05403, 4.05617, 4.05833, 4.06052, 4.06272, 4.06495, 4.0672, 4.06947, 4.07177, 4.07409, 4.07643, 4.07879, 4.08118, 4.08359, 4.08602, 4.08848, 4.09096, 4.09347, 4.096, 4.09856, 4.10114, 4.10375, 4.10638, 4.10904, 4.11173, 4.11445, 4.11719, 4.11996, 4.12275, 4.12558, 4.12843, 4.13131, 4.13422, 4.13716, 4.14013, 4.14313, 4.14615, 4.14921, 4.1523, 4.15543, 4.15858, 4.16177, 4.16498, 4.16823, 4.17152, 4.17483, 4.17819, 4.18157, 4.18499, 4.18845, 4.19194, 4.19547, 4.19903, 4.20263, 4.20627, 4.20994, 4.21366, 4.21741, 4.2212, 4.22503, 4.22891, 4.23282, 4.23677, 4.24077, 4.2448, 4.24888, 4.25301, 4.25718, 4.26139, 4.26565, 4.26995, 4.2743, 4.27869, 4.28314, 4.28763, 4.29217, 4.29676, 4.3014, 4.30609, 4.31083, 4.31563, 4.32048, 4.32538, 4.33033, 4.33535, 4.34041, 4.34554, 4.35072, 4.35596, 4.36126, 4.36662, 4.37204, 4.37752, 4.38306, 4.38867, 4.39435, 4.40008, 4.40589, 4.41176, 4.41771, 4.42372, 4.4298, 4.43595, 4.44218, 4.44848, 4.45486, 4.46132, 4.46785, 4.47446, 4.48115, 4.48792, 4.49478, 4.50172, 4.50875, 4.51586, 4.52306, 4.53035, 4.53774, 4.54522, 4.55279, 4.56046, 4.56822, 4.57609, 4.58406, 4.59213, 4.60031, 4.6086, 4.61699, 4.6255, 4.63412, 4.64285, 4.65171, 4.66068, 4.66977, 4.67899, 4.68834, 4.69782, 4.70742, 4.71717, 4.72705, 4.73707, 4.74723, 4.75754, 4.768, 4.77861, 4.78937, 4.80029, 4.81138, 4.82263, 4.83404, 4.84563, 4.8574, 4.86935, 4.88148, 4.8938, 4.90631, 4.91902, 4.93193, 4.94504, 4.95837, 4.97192, 4.98568, 4.99967, 5.0139, 5.02836, 5.04306, 5.05802, 5.07323, 5.0887, 5.10445, 5.12047, 5.13678, 5.15338, 5.17027, 5.18748, 5.205, 5.22285, 5.24103, 5.25956, 5.27844, 5.29769, 5.31731, 5.33732, 5.35772, 5.37854, 5.39978, 5.42146, 5.44359, 5.46618, 5.48925, 5.51282, 5.53691, 5.56152, 5.58669, 5.61242, 5.63874, 5.66567, 5.69324, 5.72146, 5.75036, 5.77996, 5.8103, 5.84141, 5.87331, 5.90603, 5.93962, 5.9741, 6.00952, 6.04591, 6.08332, 6.12181, 6.1614, 6.20217, 6.24416, 6.28744, 6.33206, 6.37811, 6.42564, 6.47475, 6.52552, 6.57804, 6.63241, 6.68874, 6.74714, 6.80776, 6.87072, 6.93618, 7.0043, 7.07527, 7.1493, 7.2266, 7.30742, 7.39205, 7.48077, 7.57395, 7.67197, 7.77526, 7.88432, 7.99973, 8.12214, 8.25231, 8.39112, 8.53963, 8.69908, 8.871, 9.05722, 9.26006, 9.48247, 9.72819, 10.0021, 10.3102, 10.6602, 11.0604, 11.5193, 12.0426, 12.6298, 13.2684, 13.9285, 14.558, 15.0822, 15.4097, 15.4448, 15.1072, 14.3517, 13.1834, 11.6627, 9.92508, 8.09341, 6.31063, 4.69679, 3.33194, 2.25036, 1.44559, 0.88253, 0.511701, 0.28162, 0.147051, 0.0728205, 0.0341874, 0.0152111, 0.00641166, 0.00255862, 0.000965132, 0.000342413, 0.000112085, 3.06464e-05, 6.37081e-06, 1.87166e-06, 5.19989e-07, 1.36596e-07, 3.39282e-08, 7.96816e-09, 1.76943e-09, 3.71522e-10, 7.37585e-11, 1.38457e-11, 2.45752e-12, 4.12434e-13, 6.54468e-14, 9.8197e-15, 1.39311e-15, 1.86873e-16, 2.3702e-17, 2.8425e-18, 3.22323e-19, 3.45588e-20, 3.5035e-21, 3.35831e-22, 3.0438e-23, 2.60848e-24, 2.11366e-25, 1.61941e-26, 1.17316e-27, 8.03581e-29, 5.2045e-30, 3.18717e-31, 1.84546e-32, 1.01037e-33, 5.23039e-35, 2.56013e-36, 1.18485e-37, 5.18492e-39, 2.14534e-40, 8.39314e-42, 3.10476e-43, 1.08594e-44, 3.59138e-46, 1.12303e-47, 3.32042e-49, 9.28266e-51, 2.45373e-52, 6.13274e-54, 1.4493e-55, 3.23844e-57, 6.84209e-59, 1.36684e-60, 2.58178e-62, 4.611e-64, 7.78656e-66, 1.24329e-67, 1.87703e-69, 2.67945e-71, 3.61654e-73, 4.61547e-75, 5.56946e-77, 6.35454e-79, 6.85534e-81, 6.99275e-83, 6.74436e-85, 6.15046e-87, 5.30333e-89, 4.32378e-91, 3.33313e-93, 2.42948e-95, 1.67436e-97, 1.09109e-99, 6.72267e-102, 3.9165e-104, 2.15739e-106, 1.12365e-108, 5.53361e-111, 2.57667e-113, 1.13444e-115, 4.72258e-118, 1.85887e-120, 6.91818e-123, 2.43449e-125, 8.10021e-128, 2.54835e-130, 7.58042e-133, 2.13207e-135, 5.66998e-138, 1.42572e-140, 3.3897e-143, 7.62009e-146, 1.61969e-148, 3.25518e-151, 6.18575e-154, 1.11143e-156, 1.88818e-159, 3.03303e-162, 4.60662e-165, 6.61548e-168, 8.98281e-171, 1.15328e-173, 1.40001e-176, 1.60693e-179, 1.74396e-182, 1.78957e-185, 1.73633e-188, 1.59289e-191, 1.3817e-194, 1.13321e-197, 8.78786e-201, 6.44355e-204, 4.46724e-207, 2.92836e-210, 1.81502e-213, 1.06368e-216, 5.89402e-220, 3.08804e-223, 1.52977e-226, 7.16541e-230, 3.17342e-233
3.94039, 3.9414, 3.94242, 3.94345, 3.94449, 3.94555, 3.94661, 3.94769, 3.94877, 3.94987, 3.95098, 3.95211, 3.95324, 3.95439, 3.95554, 3.95671, 3.9579, 3.95909, 3.9603, 3.96152, 3.96275, 3.96399, 3.96525, 3.96652, 3.9678, 3.9691, 3.97041, 3.97173, 3.97307, 3.97442, 3.97578, 3.97716, 3.97855, 3.97996, 3.98138, 3.98281, 3.98426, 3.98573, 3.9872, 3.9887, 3.9902, 3.99173, 3.99327, 3.99482, 3.99639, 3.99797, 3.99957, 4.00119, 4.00282, 4.00447, 4.00614, 4.00782, 4.00951, 4.01123, 4.01296, 4.01471, 4.01648, 4.01826, 4.02006, 4.02188, 4.02372, 4.02557, 4.02745, 4.02934, 4.03125, 4.03318, 4.03513, 4.03709, 4.03908, 4.04109, 4.04311, 4.04516, 4.04722, 4.04931, 4.05142, 4.05354, 4.05569, 4.05786, 4.06005, 4.06226, 4.0645, 4.06675, 4.06903, 4.07133, 4.07366, 4.076, 4.07837, 4.08076, 4.08318, 4.08562, 4.08808, 4.09057, 4.09308, 4.09562, 4.09819, 4.10077, 4.10339, 4.10603, 4.10869, 4.11139, 4.11411, 4.11685, 4.11963, 4.12243, 4.12526, 4.12811, 4.131, 4.13391, 4.13686, 4.13983, 4.14284, 4.14587, 4.14893, 4.15203, 4.15516, 4.15831, 4.1615, 4.16473, 4.16798, 4.17127, 4.17459, 4.17795, 4.18134, 4.18476, 4.18822, 4.19171, 4.19525, 4.19881, 4.20242, 4.20606, 4.20974, 4.21345, 4.21721, 4.22101, 4.22484, 4.22871, 4.23263, 4.23659, 4.24058, 4.24462, 4.24871, 4.25283, 4.257, 4.26122, 4.26548, 4.26978, 4.27413, 4.27853, 4.28298, 4.28747, 4.29201, 4.2966, 4.30124, 4.30594, 4.31068, 4.31547, 4.32032, 4.32522, 4.33018, 4.33519, 4.34026, 4.34538, 4.35056, 4.3558, 4.3611, 4.36645, 4.37187, 4.37735, 4.3829, 4.3885, 4.39417, 4.39991, 4.40571, 4.41158, 4.41752, 4.42353, 4.42961, 4.43576, 4.44198, 4.44828, 4.45465, 4.4611, 4.46762, 4.47423, 4.48091, 4.48768, 4.49453, 4.50146, 4.50848, 4.51558, 4.52277, 4.53006, 4.53743, 4.5449, 4.55246, 4.56012, 4.56787, 4.57573, 4.58368, 4.59174, 4.59991, 4.60818, 4.61656, 4.62505, 4.63365, 4.64237, 4.6512, 4.66016, 4.66923, 4.67843, 4.68776, 4.69721, 4.7068, 4.71652, 4.72637, 4.73637, 4.7465, 4.75678, 4.76721, 4.77779, 4.78853, 4.79942, 4.81047, 4.82168, 4.83307, 4.84462, 4.85635, 4.86826, 4.88035, 4.89262, 4.90509, 4.91776, 4.93062, 4.94368, 4.95696, 4.97045, 4.98416, 4.9981, 5.01226, 5.02666, 5.0413, 5.05619, 5.07134, 5.08674, 5.10241, 5.11835, 5.13458, 5.1511, 5.16791, 5.18502, 5.20245, 5.2202, 5.23828, 5.2567, 5.27548, 5.29461, 5.31411, 5.33399, 5.35427, 5.37495, 5.39605, 5.41758, 5.43956, 5.46199, 5.4849, 5.5083, 5.5322, 5.55663, 5.58159, 5.60712, 5.63322, 5.65992, 5.68725, 5.71522, 5.74385, 5.77318, 5.80323, 5.83403, 5.86561, 5.898, 5.93123, 5.96534, 6.00036, 6.03634, 6.07331, 6.11133, 6.15044, 6.19068, 6.23212, 6.27481, 6.31882, 6.3642, 6.41104, 6.4594, 6.50937, 6.56104, 6.6145, 6.66986, 6.72722, 6.78671, 6.84847, 6.91262, 6.97935, 7.0488, 7.12118, 7.1967, 7.27557, 7.35807, 7.44448, 7.5351, 7.63031, 7.7305, 7.83612, 7.9477, 8.06582, 8.19116, 8.32452, 8.46682, 8.61915, 8.78282, 8.95942, 9.15087, 9.35963, 9.5888, 9.84238, 10.1256, 10.4452, 10.8095, 11.2282, 11.7115, 12.2672, 12.8973, 13.5916, 14.3214, 15.034, 15.6514, 16.0755, 16.2011, 15.9366, 15.2265, 14.0694, 12.526, 10.7115, 8.77543, 6.87297, 5.13714, 3.65916, 2.48097, 1.59964, 0.980042, 0.570168, 0.314819, 0.164899, 0.081904, 0.0385632, 0.017206, 0.00727219, 0.00290987, 0.00110074, 0.000391877, 0.000129071, 3.59359e-05, 7.7919e-06, 2.28734e-06, 6.35836e-07, 1.67123e-07, 4.15341e-08, 9.76001e-09, 2.16856e-09, 4.55586e-10, 9.04992e-11, 1.69979e-11, 3.01873e-12, 5.06906e-13, 8.04837e-14, 1.20827e-14, 1.71513e-15, 2.30201e-16, 2.9214e-17, 3.50552e-18, 3.97731e-19, 4.26681e-20, 4.32805e-21, 4.15104e-22, 3.76442e-23, 3.22786e-24, 2.61702e-25, 2.0062e-26, 1.45418e-27, 9.96635e-29, 6.45848e-30, 3.95731e-31, 2.29269e-32, 1.25593e-33, 6.50521e-35, 3.1859e-36, 1.47529e-37, 6.45951e-39, 2.67421e-40, 1.04681e-41, 3.87447e-43, 1.35592e-44, 4.48672e-46, 1.40378e-47, 4.15284e-49, 1.16162e-50, 3.07227e-52, 7.68295e-54, 1.81665e-55, 4.06153e-57, 8.58582e-59, 1.71612e-60, 3.24331e-62, 5.79568e-64, 9.79249e-66, 1.56443e-67, 2.36316e-69, 3.37524e-71, 4.55817e-73, 5.82035e-75, 7.0272e-77, 8.02212e-79, 8.65904e-81, 8.83738e-83, 8.52808e-85, 7.78131e-87, 6.71316e-89, 5.47615e-91, 4.22374e-93, 3.08029e-95, 2.12403e-97, 1.38485e-99, 8.53721e-102, 4.97627e-104, 2.74261e-106, 1.42922e-108, 7.04214e-111, 3.28083e-113, 1.44523e-115, 6.01952e-118, 2.37061e-120, 8.82736e-123, 3.10795e-125, 1.03464e-127, 3.25671e-130, 9.69258e-133, 2.72755e-135, 7.25736e-138, 1.82581e-140, 4.34317e-143, 9.76854e-146, 2.07742e-148, 4.17726e-151, 7.94201e-154, 1.42771e-156, 2.42675e-159, 3.90013e-162, 5.92661e-165, 8.5154e-168, 1.15685e-170, 1.486e-173, 1.80481e-176, 2.07261e-179, 2.25047e-182, 2.31048e-185, 2.24286e-188, 2.05861e-191, 1.78656e-194, 1.46599e-197, 1.13741e-200, 8.34398e-204, 5.78764e-207, 3.79578e-210, 2.35381e-213, 1.3801e-216, 7.65111e-220, 4.01059e-223, 1.98775e-226, 9.31509e-230, 4.12746e-233
209.17
176.81
 
MEASUREMENT 57
1.56305, 4.67879, 7.79453, 10.9103, 14.0312, 17.1469, 20.2679, 23.3784, 26.4796, 29.5859, 32.6913, 35.8071, 38.9228, 42.0385, 45.1595, 48.2752, 51.3909, 54.5067, 57.6224, 60.7381, 63.8435, 66.9593, 70.0698, 73.1752, 76.2806, 79.3859, 82.4913, 85.5967, 88.7021, 91.8074, 94.9128, 98.0182, 101.1, 104.148, 107.196, 110.244, 113.292, 116.339, 119.387, 122.435, 125.483, 128.531, 131.574, 134.622, 137.67, 140.718, 143.766, 146.814, 149.861, 152.909, 155.957, 159.005, 162.053, 165.101, 168.149, 171.197, 174.245, 177.293, 180.341, 183.389, 186.436, 189.484, 192.532, 195.58, 198.621, 201.655, 204.688, 207.722, 210.756, 213.794, 216.838, 219.882, 222.926, 225.97, 229.014, 232.058, 235.102, 238.145, 241.189, 244.233, 247.277, 250.321, 253.37, 256.424, 259.478, 262.532, 265.586, 268.64, 271.695, 274.749, 277.803, 280.857, 283.911, 286.97, 290.035, 293.099
3.48465, 3.49788, 3.4876, 3.69979, 3.47744, 3.52497, 3.81692, 3.81263, 3.75453, 3.80368, 3.84769, 3.93869, 3.94674, 3.98528, 3.98971, 3.99648, 4.15774, 4.19396, 4.26565, 4.31114, 3.8032, 4.26346, 4.28964, 4.26396, 4.3743, 4.38405, 4.41114, 4.40515, 4.463, 4.12527, 4.53136, 3.91648, 4.5502, 4.55613, 4.59362, 4.61534, 4.64183, 4.67943, 4.71863, 4.74203, 4.76298, 4.81558, 4.87651, 4.88888, 4.94533, 5.0199, 5.09285, 5.1402, 5.18724, 5.24134, 5.3507, 5.44388, 5.54728, 5.62134, 5.73713, 6.01474, 6.09976, 6.19057, 6.43033, 6.73355, 6.9679, 7.42382, 7.84832, 8.68484, 11.0728, 12.6439, 14.263, 12.9661, 6.66253, 1.47262, 0.103832, -0.0206171, -0.0391244, -0.0466321, -0.0480118, -0.0227995, -0.0298712, -0.0252742, -0.0573203, -0.0442499, -0.065554, -0.0659662, -0.0544542, -0.034221, -0.0339129, -0.0453327, -0.02405, -0.0250118, -0.0267128, -0.0196182, -0.0215102, -0.0319296, -0.0518116, -0.0401283, -0.0612735, -0.102729
0.10454, 0.104937, 0.104628, 0.110994, 0.104323, 0.105749, 0.114507, 0.114379, 0.112636, 0.114111, 0.115431, 0.118161, 0.118402, 0.119558, 0.119691, 0.119894, 0.124732, 0.125819, 0.127969, 0.129334, 0.114096, 0.127904, 0.128689, 0.127919, 0.131229, 0.131522, 0.132334, 0.132155, 0.13389, 0.123758, 0.135941, 0.117494, 0.136506, 0.136684, 0.137808, 0.13846, 0.139255, 0.140383, 0.141559, 0.142261, 0.142889, 0.144467, 0.146295, 0.146666, 0.14836, 0.150597, 0.152786, 0.154206, 0.155617, 0.15724, 0.160521, 0.163316, 0.166418, 0.16864, 0.172114, 0.180442, 0.182993, 0.185717, 0.19291, 0.202007, 0.209037, 0.222715, 0.23545, 0.260545, 0.332184, 0.379316, 0.427891, 0.388984, 0.199876, 0.0441786, 0.00311497, 0.000618512, 0.00117373, 0.00139896, 0.00144036, 0.000683985, 0.000896135, 0.000758226, 0.00171961, 0.0013275, 0.00196662, 0.00197899, 0.00163363, 0.00102663, 0.00101739, 0.00135998, 0.000721501, 0.000750354, 0.000801383, 0.000588547, 0.000645307, 0.000957887, 0.00155435, 0.00120385, 0.0018382, 0.00308187
0, 0.613815, 1.22763, 1.84144, 2.45526, 3.06907, 3.68289, 4.2967, 4.91052, 5.52433, 6.13815, 6.75196, 7.36578, 7.97959, 8.59341, 9.20722, 9.82104, 10.4349, 11.0487, 11.6625, 12.2763, 12.8901, 13.5039, 14.1177, 14.7316, 15.3454, 15.9592, 16.573, 17.1868, 17.8006, 18.4144, 19.0283, 19.6421, 20.2559, 20.8697, 21.4835, 22.0973, 22.7111, 23.325, 23.9388, 24.5526, 25.1664, 25.7802, 26.394, 27.0078, 27.6217, 28.2355, 28.8493, 29.4631, 30.0769, 30.6907, 31.3046, 31.9184, 32.5322, 33.146, 33.7598, 34.3736, 34.9874, 35.6013, 36.2151, 36.8289, 37.4427, 38.0565, 38.6703, 39.2841, 39.898, 40.5118, 41.1256, 41.7394, 42.3532, 42.967, 43.5808, 44.1947, 44.8085, 45.4223, 46.0361, 46.6499, 47.2637, 47.8775, 48.4914, 49.1052, 49.719, 50.3328, 50.9466, 51.5604, 52.1743, 52.7881, 53.4019, 54.0157, 54.6295, 55.2433, 55.8571, 56.471, 57.0848, 57.6986, 58.3124, 58.9262, 59.54, 60.1538, 60.7677, 61.3815, 61.9953, 62.6091, 63.2229, 63.8367, 64.4505, 65.0644, 65.6782, 66.292, 66.9058, 67.5196, 68.1334, 68.7473, 69.3611, 69.9749, 70.5887, 71.2025, 71.8163, 72.4301, 73.044, 73.6578, 74.2716, 74.8854, 75.4992, 76.113, 76.7268, 77.3407, 77.9545, 78.5683, 79.1821, 79.7959, 80.4097, 81.0235, 81.6374, 82.2512, 82.865, 83.4788, 84.0926, 84.7064, 85.3202, 85.9341, 86.5479, 87.1617, 87.7755, 88.3893, 89.0031, 89.617, 90.2308, 90.8446, 91.4584, 92.0722, 92.686, 93.2998, 93.9137, 94.5275, 95.1413, 95.7551, 96.3689, 96.9827, 97.5965, 98.2104, 98.8242, 99.438, 100.052, 100.666, 101.279, 101.893, 102.507, 103.121, 103.735, 104.349, 104.962, 105.576, 106.19, 106.804, 107.418, 108.031, 108.645, 109.259, 109.873, 110.487, 111.1, 111.714, 112.328, 112.942, 113.556, 114.17, 114.783, 115.397, 116.011, 116.625, 117.239, 117.852, 118.466, 119.08, 119.694, 120.308, 120.922, 121.535, 122.149, 122.763, 123.377, 123.991, 124.604, 125.218, 125.832, 126.446, 127.06, 127.673, 128.287, 128.901, 129.515, 130.129, 130.743, 131.356, 131.97, 132.584, 133.198, 133.812, 134.425, 135.039, 135.653, 136.267, 136.881, 137.495, 138.108, 138.722, 139.336, 139.95, 140.564, 141.177, 141.791, 142.405, 143.019, 143.633, 144.246, 144.86, 145.474, 146.088, 146.702, 147.316, 147.929, 148.543, 149.157, 149.771, 150.385, 150.998, 151.612, 152.226, 152.84, 153.454, 154.068, 154.681, 155.295, 155.909, 156.523, 157.137, 157.75, 158.364, 158.978, 159.592, 160.206, 160.819, 161.433, 162.047, 162.661, 163.275, 163.889, 164.502, 165.116, 165.73, 166.344, 166.958, 167.571, 168.185, 168.799, 169.413, 170.027, 170.64, 171.254, 171.868, 172.482, 173.096, 173.71, 174.323, 174.937, 175.551, 176.165, 176.779, 177.392, 178.006, 178.62, 179.234, 179.848, 180.462, 181.075, 181.689, 182.303, 182.917, 183.531, 184.144, 184.758, 185.372, 185.986, 186.6, 187.213, 187.827, 188.441, 189.055, 189.669, 190.283, 190.896, 191.51, 192.124, 192.738, 193.352, 193.965, 194.579, 195.193, 195.807, 196.421, 197.035, 197.648, 198.262, 198.876, 199.49, 200.104, 200.717, 201.331, 201.945, 202.559, 203.173, 203.786, 204.4, 205.014, 205.628, 206.242, 206.856, 207.469, 208.083, 208.697, 209.311, 209.925, 210.538, 211.152, 211.766, 212.38, 212.994, 213.608, 214.221, 214.835, 215.449, 216.063, 216.677, 217.29, 217.904, 218.518, 219.132, 219.746, 220.359, 220.973, 221.587, 222.201, 222.815, 223.429, 224.042, 224.656, 225.27, 225.884, 226.498, 227.111, 227.725, 228.339, 228.953, 229.567, 230.181, 230.794, 231.408, 232.022, 232.636, 233.25, 233.863, 234.477, 235.091, 235.705, 236.319, 236.932, 237.546, 238.16, 238.774, 239.388, 240.002, 240.615, 241.229, 241.843, 242.457, 243.071, 243.684, 244.298, 244.912, 245.526, 246.14, 246.754, 247.367, 247.981, 248.595, 249.209, 249.823, 250.436, 251.05, 251.664, 252.278, 252.892, 253.505, 254.119, 254.733, 255.347, 255.961, 256.575, 257.188, 257.802, 258.416, 259.03, 259.644, 260.257, 260.871, 261.485, 262.099, 262.713, 263.327, 263.94, 264.554, 265.168, 265.782, 266.396, 267.009, 267.623, 268.237, 268.851, 269.465, 270.078, 270.692, 271.306, 271.92, 272.534, 273.148, 273.761, 274.375, 274.989, 275.603, 276.217, 276.83, 277.444, 278.058, 278.672, 279.286, 279.9, 280.513, 281.127, 281.741, 282.355, 282.969, 283.582, 284.196, 284.81, 285.424, 286.038, 286.651, 287.265, 287.879, 288.493, 289.107, 289.721, 290.334, 290.948, 291.562, 292.176, 292.79, 293.403, 294.017
3.93552, 3.93651, 3.93751, 3.93852, 3.93954, 3.94057, 3.94162, 3.94267, 3.94374, 3.94482, 3.94591, 3.94701, 3.94812, 3.94925, 3.95038, 3.95153, 3.95269, 3.95387, 3.95505, 3.95625, 3.95746, 3.95868, 3.95992, 3.96116, 3.96243, 3.9637, 3.96499, 3.96629, 3.9676, 3.96893, 3.97027, 3.97162, 3.97299, 3.97437, 3.97577, 3.97718, 3.97861, 3.98005, 3.9815, 3.98297, 3.98445, 3.98595, 3.98746, 3.98899, 3.99053, 3.99209, 3.99367, 3.99526, 3.99687, 3.99849, 4.00013, 4.00178, 4.00345, 4.00514, 4.00685, 4.00857, 4.01031, 4.01207, 4.01384, 4.01563, 4.01744, 4.01927, 4.02111, 4.02298, 4.02486, 4.02676, 4.02868, 4.03061, 4.03257, 4.03455, 4.03654, 4.03856, 4.0406, 4.04265, 4.04473, 4.04682, 4.04894, 4.05108, 4.05324, 4.05542, 4.05762, 4.05985, 4.06209, 4.06436, 4.06665, 4.06896, 4.0713, 4.07366, 4.07604, 4.07845, 4.08087, 4.08333, 4.08581, 4.08831, 4.09084, 4.09339, 4.09597, 4.09857, 4.1012, 4.10386, 4.10654, 4.10925, 4.11198, 4.11475, 4.11754, 4.12036, 4.1232, 4.12608, 4.12898, 4.13192, 4.13488, 4.13787, 4.1409, 4.14395, 4.14703, 4.15015, 4.1533, 4.15648, 4.15969, 4.16293, 4.16621, 4.16952, 4.17287, 4.17625, 4.17966, 4.18311, 4.18659, 4.19011, 4.19367, 4.19726, 4.2009, 4.20456, 4.20827, 4.21202, 4.2158, 4.21963, 4.22349, 4.22739, 4.23134, 4.23533, 4.23936, 4.24343, 4.24755, 4.25171, 4.25591, 4.26016, 4.26445, 4.2688, 4.27318, 4.27762, 4.2821, 4.28663, 4.29121, 4.29585, 4.30053, 4.30526, 4.31005, 4.31488, 4.31978, 4.32472, 4.32972, 4.33478, 4.3399, 4.34507, 4.3503, 4.35558, 4.36093, 4.36634, 4.37181, 4.37735, 4.38295, 4.38861, 4.39434, 4.40013, 4.40599, 4.41192, 4.41792, 4.42399, 4.43013, 4.43635, 4.44264, 4.449, 4.45544, 4.46196, 4.46856, 4.47524, 4.482, 4.48884, 4.49577, 4.50278, 4.50988, 4.51706, 4.52434, 4.53171, 4.53917, 4.54673, 4.55438, 4.56213, 4.56998, 4.57794, 4.58599, 4.59415, 4.60242, 4.6108, 4.61929, 4.62789, 4.63661, 4.64544, 4.65439, 4.66347, 4.67267, 4.682, 4.69145, 4.70104, 4.71076, 4.72062, 4.73062, 4.74076, 4.75105, 4.76148, 4.77207, 4.78281, 4.79371, 4.80477, 4.81599, 4.82738, 4.83895, 4.85069, 4.86261, 4.87471, 4.887, 4.89948, 4.91216, 4.92505, 4.93813, 4.95143, 4.96494, 4.97867, 4.99263, 5.00682, 5.02125, 5.03592, 5.05084, 5.06602, 5.08145, 5.09716, 5.11314, 5.12941, 5.14597, 5.16282, 5.17999, 5.19747, 5.21527, 5.23341, 5.25189, 5.27072, 5.28992, 5.30949, 5.32945, 5.3498, 5.37056, 5.39175, 5.41337, 5.43544, 5.45797, 5.48098, 5.50449, 5.52851, 5.55306, 5.57815, 5.60381, 5.63006, 5.65692, 5.6844, 5.71254, 5.74135, 5.77087, 5.80113, 5.83214, 5.86394, 5.89656, 5.93005, 5.96442, 5.99973, 6.03601, 6.0733, 6.11166, 6.15113, 6.19176, 6.23361, 6.27673, 6.3212, 6.36709, 6.41445, 6.46339, 6.51397, 6.56629, 6.62045, 6.67657, 6.73474, 6.79512, 6.85782, 6.923, 6.99084, 7.0615, 7.1352, 7.21215, 7.29259, 7.37681, 7.4651, 7.5578, 7.6553, 7.75803, 7.86648, 7.98122, 8.10288, 8.23222, 8.3701, 8.51757, 8.67583, 8.84638, 9.03101, 9.23198, 9.45213, 9.69513, 9.96567, 10.2698, 10.6149, 11.0097, 11.4629, 11.9813, 12.5656, 13.2057, 13.8735, 14.5189, 15.0678, 15.4273, 15.4984, 15.1955, 14.4675, 13.3153, 11.7953, 10.0459, 8.1926, 6.38339, 4.74346, 3.35668, 2.25928, 1.44491, 0.877338, 0.505418, 0.276085, 0.142935, 0.0701055, 0.0325635, 0.0143193, 0.00595867, 0.00234476, 0.000870955, 0.000303602, 9.70212e-05, 2.49254e-05, 5.40083e-06, 1.55458e-06, 4.22689e-07, 1.08549e-07, 2.63289e-08, 6.03166e-09, 1.30509e-09, 2.6671e-10, 5.14799e-11, 9.385e-12, 1.61595e-12, 2.62798e-13, 4.03656e-14, 5.85599e-15, 8.02392e-16, 1.03841e-16, 1.26927e-17, 1.46532e-18, 1.59775e-19, 1.64545e-20, 1.6005e-21, 1.47037e-22, 1.27583e-23, 1.04559e-24, 8.09323e-26, 5.91673e-27, 4.08544e-28, 2.66436e-29, 1.64113e-30, 9.54756e-32, 5.24612e-33, 2.72258e-34, 1.3345e-35, 6.17813e-37, 2.70141e-38, 1.11563e-39, 4.35158e-41, 1.60314e-42, 5.57816e-44, 1.83319e-45, 5.69013e-47, 1.66814e-48, 4.6189e-50, 1.20793e-51, 2.9836e-53, 6.96043e-55, 1.53366e-56, 3.19166e-58, 6.27336e-60, 1.16461e-61, 2.042e-63, 3.38165e-65, 5.28929e-67, 7.81378e-69, 1.09024e-70, 1.43674e-72, 1.78825e-74, 2.1022e-76, 2.33409e-78, 2.44769e-80, 2.42432e-82, 2.26787e-84, 2.00375e-86, 1.6721e-88, 1.31789e-90, 9.81044e-93, 6.89754e-95, 4.58031e-97, 2.8727e-99, 1.70169e-101, 9.52066e-104, 5.03092e-106, 2.51086e-108, 1.18357e-110, 5.26937e-113, 2.21574e-115, 8.7998e-118, 3.30082e-120, 1.16941e-122, 3.91294e-125, 1.23662e-127, 3.69116e-130, 1.0406e-132, 2.77076e-135, 6.96802e-138, 1.65506e-140, 3.71288e-143, 7.86689e-146, 1.57431e-148, 2.97557e-151, 5.31182e-154, 8.95594e-157, 1.42618e-159, 2.14501e-162, 3.04704e-165, 4.08809e-168, 5.18033e-171, 6.19994e-174, 7.00827e-177, 7.48217e-180, 7.54464e-183, 7.18525e-186, 6.46308e-189, 5.49072e-192, 4.40568e-195, 3.3388e-198, 2.38979e-201, 1.61556e-204, 1.03152e-207, 6.22054e-211, 3.54299e-214, 1.90592e-217, 9.6835e-221, 4.64679e-224, 2.10604e-227, 9.01513e-231, 3.64477e-234, 1.39175e-237
3.93552, 3.93653, 3.93754, 3.93857, 3.93961, 3.94066, 3.94173, 3.9428, 3.94389, 3.94498, 3.94609, 3.94721, 3.94834, 3.94949, 3.95064, 3.95181, 3.95299, 3.95418, 3.95539, 3.9566, 3.95783, 3.95907, 3.96033, 3.9616, 3.96288, 3.96417, 3.96548, 3.9668, 3.96813, 3.96948, 3.97084, 3.97222, 3.97361, 3.97501, 3.97643, 3.97786, 3.97931, 3.98077, 3.98224, 3.98373, 3.98524, 3.98676, 3.98829, 3.98984, 3.99141, 3.99299, 3.99459, 3.9962, 3.99783, 3.99948, 4.00114, 4.00282, 4.00451, 4.00622, 4.00795, 4.0097, 4.01146, 4.01324, 4.01504, 4.01685, 4.01869, 4.02054, 4.02241, 4.0243, 4.0262, 4.02813, 4.03007, 4.03204, 4.03402, 4.03602, 4.03805, 4.04009, 4.04215, 4.04423, 4.04633, 4.04846, 4.0506, 4.05277, 4.05495, 4.05716, 4.05939, 4.06164, 4.06392, 4.06621, 4.06853, 4.07087, 4.07324, 4.07563, 4.07804, 4.08047, 4.08293, 4.08542, 4.08793, 4.09046, 4.09302, 4.0956, 4.09821, 4.10084, 4.10351, 4.10619, 4.10891, 4.11165, 4.11442, 4.11721, 4.12004, 4.12289, 4.12577, 4.12868, 4.13162, 4.13459, 4.13758, 4.14061, 4.14367, 4.14676, 4.14988, 4.15303, 4.15622, 4.15943, 4.16268, 4.16596, 4.16928, 4.17263, 4.17601, 4.17943, 4.18288, 4.18637, 4.1899, 4.19346, 4.19705, 4.20069, 4.20436, 4.20807, 4.21182, 4.21561, 4.21943, 4.2233, 4.22721, 4.23116, 4.23515, 4.23918, 4.24326, 4.24737, 4.25154, 4.25574, 4.25999, 4.26429, 4.26863, 4.27302, 4.27746, 4.28194, 4.28648, 4.29106, 4.29569, 4.30037, 4.30511, 4.30989, 4.31473, 4.31962, 4.32457, 4.32957, 4.33463, 4.33974, 4.34491, 4.35014, 4.35543, 4.36077, 4.36618, 4.37165, 4.37718, 4.38278, 4.38844, 4.39416, 4.39995, 4.40581, 4.41174, 4.41773, 4.4238, 4.42994, 4.43615, 4.44243, 4.44879, 4.45523, 4.46174, 4.46833, 4.475, 4.48175, 4.48859, 4.49551, 4.50251, 4.5096, 4.51678, 4.52405, 4.53141, 4.53886, 4.5464, 4.55405, 4.56178, 4.56962, 4.57756, 4.5856, 4.59375, 4.60201, 4.61037, 4.61884, 4.62742, 4.63612, 4.64494, 4.65388, 4.66293, 4.67211, 4.68142, 4.69085, 4.70042, 4.71012, 4.71995, 4.72992, 4.74004, 4.7503, 4.7607, 4.77126, 4.78197, 4.79284, 4.80386, 4.81505, 4.82641, 4.83794, 4.84964, 4.86152, 4.87359, 4.88584, 4.89827, 4.91091, 4.92374, 4.93678, 4.95003, 4.96348, 4.97716, 4.99106, 5.0052, 5.01956, 5.03417, 5.04902, 5.06413, 5.0795, 5.09513, 5.11104, 5.12722, 5.1437, 5.16047, 5.17754, 5.19493, 5.21264, 5.23067, 5.24905, 5.26777, 5.28686, 5.30631, 5.32614, 5.34637, 5.36699, 5.38804, 5.40951, 5.43143, 5.45381, 5.47665, 5.49999, 5.52382, 5.54818, 5.57308, 5.59853, 5.62456, 5.65119, 5.67844, 5.70633, 5.73488, 5.76413, 5.79409, 5.8248, 5.85628, 5.88857, 5.9217, 5.9557, 5.99062, 6.02648, 6.06334, 6.10123, 6.14021, 6.18033, 6.22163, 6.26418, 6.30803, 6.35326, 6.39993, 6.44812, 6.49791, 6.54939, 6.60265, 6.65779, 6.71493, 6.77419, 6.8357, 6.89959, 6.96603, 7.03519, 7.10726, 7.18243, 7.26095, 7.34306, 7.42905, 7.51922, 7.61394, 7.7136, 7.81865, 7.92959, 8.04701, 8.17159, 8.30409, 8.44543, 8.59668, 8.75912, 8.9343, 9.1241, 9.3309, 9.5577, 9.80841, 10.0881, 10.4033, 10.7623, 11.175, 11.6517, 12.2015, 12.8276, 13.5221, 14.2587, 14.9869, 15.6295, 16.0872, 16.2514, 16.0249, 15.3458, 14.2075, 12.6677, 10.8421, 8.88383, 6.95335, 5.18935, 3.68737, 2.49163, 1.5995, 0.974694, 0.563432, 0.308789, 0.16037, 0.078896, 0.0367537, 0.0162075, 0.00676293, 0.00266853, 0.000994099, 0.00034784, 0.000111908, 2.94102e-05, 6.60684e-06, 1.90022e-06, 5.16969e-07, 1.32838e-07, 3.22389e-08, 7.38986e-09, 1.59989e-09, 3.27147e-10, 6.31819e-11, 1.1525e-11, 1.98558e-12, 3.23096e-13, 4.96562e-14, 7.20797e-15, 9.88213e-16, 1.27963e-16, 1.56502e-17, 1.8078e-18, 1.97232e-19, 2.03237e-20, 1.978e-21, 1.81822e-22, 1.57857e-23, 1.29443e-24, 1.00252e-25, 7.33334e-27, 5.0665e-28, 3.30607e-29, 2.03757e-30, 1.18607e-31, 6.52085e-33, 3.38607e-34, 1.66067e-35, 7.69251e-37, 3.3655e-38, 1.39068e-39, 5.42752e-41, 2.00066e-42, 6.96529e-44, 2.29036e-45, 7.11316e-47, 2.0865e-48, 5.78057e-50, 1.51258e-51, 3.73821e-53, 8.72577e-55, 1.92371e-56, 4.00564e-58, 7.87772e-60, 1.46327e-61, 2.5671e-63, 4.25362e-65, 6.65685e-67, 9.83955e-69, 1.37365e-70, 1.81123e-72, 2.25562e-74, 2.6531e-76, 2.94738e-78, 3.09254e-80, 3.0647e-82, 2.86851e-84, 2.53583e-86, 2.11728e-88, 1.66967e-90, 1.24359e-92, 8.74825e-95, 5.81244e-97, 3.64746e-99, 2.16181e-101, 1.21015e-103, 6.39814e-106, 3.19495e-108, 1.50684e-110, 6.71224e-113, 2.82397e-115, 1.12214e-117, 4.21142e-120, 1.49281e-122, 4.99774e-125, 1.58029e-127, 4.71949e-130, 1.33121e-132, 3.54643e-135, 8.9234e-138, 2.12062e-140, 4.7598e-143, 1.00904e-145, 2.02033e-148, 3.82058e-151, 6.82385e-154, 1.15113e-156, 1.83405e-159, 2.75988e-162, 3.92251e-165, 5.2654e-168, 6.67561e-171, 7.99363e-174, 9.04045e-177, 9.6567e-180, 9.74228e-183, 9.28294e-186, 8.35417e-189, 7.1009e-192, 5.70055e-195, 4.32227e-198, 3.09528e-201, 2.09354e-204, 1.33738e-207, 8.06902e-211, 4.59811e-214, 2.47474e-217, 1.25798e-220, 6.0396e-224, 2.73864e-227, 1.17288e-230, 4.74425e-234, 1.81247e-237
209.21
176.83
 
MEASUREMENT 58
1.56305, 4.67879, 7.79453, 10.9103, 14.0312, 17.1469, 20.2679, 23.3784, 26.4796, 29.5859, 32.6913, 35.8071, 38.9228, 42.0385, 45.1595, 48.2752, 51.3909, 54.5067, 57.6224, 60.7381, 63.8435, 66.9593, 70.0698, 73.1752, 76.2806, 79.3859, 82.4913, 85.5967, 88.7021, 91.8074, 94.9128, 98.0182, 101.1, 104.148, 107.196, 110.244, 113.292, 116.339, 119.387, 122.435, 125.483, 128.531, 131.574, 134.622, 137.67, 140.718, 143.766, 146.814, 149.861, 152.909, 155.957, 159.005, 162.053, 165.101, 168.149, 171.197, 174.245, 177.293, 180.341, 183.389, 186.436, 189.484, 192.532, 195.58, 198.621, 201.655, 204.688, 207.722, 210.756, 213.794, 216.838, 219.882, 222.926, 225.97, 229.014, 232.058, 235.102, 238.145, 241.189, 244.233, 247.277, 250.321, 253.37, 256.424, 259.478, 262.532, 265.586, 268.64, 271.695, 274.749, 277.803, 280.857, 283.911, 286.97, 290.035, 293.099
3.48457, 3.50324, 3.48974, 3.7011, 3.48681, 3.53049, 3.81672, 3.81525, 3.75685, 3.80795, 3.85582, 3.94504, 3.95266, 3.99682, 3.99341, 3.99992, 4.16039, 4.19087, 4.26867, 4.3188, 3.80772, 4.26978, 4.29497, 4.27051, 4.37801, 4.38954, 4.4139, 4.4098, 4.4702, 4.12216, 4.53674, 3.92812, 4.55664, 4.55535, 4.5969, 4.61981, 4.64802, 4.6798, 4.72629, 4.74964, 4.76682, 4.81952, 4.88193, 4.89313, 4.95173, 5.02498, 5.09569, 5.14126, 5.19391, 5.24838, 5.3501, 5.45063, 5.5545, 5.63368, 5.74437, 6.01936, 6.11038, 6.19592, 6.43926, 6.73833, 6.98289, 7.4261, 7.87771, 8.6754, 11.0835, 12.653, 14.2809, 12.9786, 6.66849, 1.47012, 0.101185, -0.0184003, -0.0408216, -0.0466362, -0.0422494, -0.0248579, -0.0282561, -0.024157, -0.0632428, -0.0385135, -0.0647798, -0.0652562, -0.0614741, -0.0350851, -0.0332105, -0.0498278, -0.0250103, -0.026874, -0.0267245, -0.0199112, -0.0206548, -0.0320112, -0.0521002, -0.0392867, -0.066223, -0.10424
0.104537, 0.105097, 0.104692, 0.111033, 0.104604, 0.105915, 0.114502, 0.114457, 0.112706, 0.114238, 0.115675, 0.118351, 0.11858, 0.119905, 0.119802, 0.119998, 0.124812, 0.125726, 0.12806, 0.129564, 0.114232, 0.128093, 0.128849, 0.128115, 0.13134, 0.131686, 0.132417, 0.132294, 0.134106, 0.123665, 0.136102, 0.117844, 0.136699, 0.136661, 0.137907, 0.138594, 0.139441, 0.140394, 0.141789, 0.142489, 0.143005, 0.144586, 0.146458, 0.146794, 0.148552, 0.150749, 0.152871, 0.154238, 0.155817, 0.157451, 0.160503, 0.163519, 0.166635, 0.16901, 0.172331, 0.180581, 0.183311, 0.185878, 0.193178, 0.20215, 0.209487, 0.222783, 0.236331, 0.260262, 0.332504, 0.379589, 0.428428, 0.389358, 0.200055, 0.0441035, 0.00303556, 0.000552008, 0.00122465, 0.00139908, 0.00126748, 0.000745738, 0.000847683, 0.000724709, 0.00189728, 0.00115541, 0.00194339, 0.00195769, 0.00184422, 0.00105255, 0.000996315, 0.00149484, 0.000750309, 0.000806221, 0.000801734, 0.000597336, 0.000619644, 0.000960337, 0.001563, 0.0011786, 0.00198669, 0.00312721
0, 0.613815, 1.22763, 1.84144, 2.45526, 3.06907, 3.68289, 4.2967, 4.91052, 5.52433, 6.13815, 6.75196, 7.36578, 7.97959, 8.59341, 9.20722, 9.82104, 10.4349, 11.0487, 11.6625, 12.2763, 12.8901, 13.5039, 14.1177, 14.7316, 15.3454, 15.9592, 16.573, 17.1868, 17.8006, 18.4144, 19.0283, 19.6421, 20.2559, 20.8697, 21.4835, 22.0973, 22.7111, 23.325, 23.9388, 24.5526, 25.1664, 25.7802, 26.394, 27.0078, 27.6217, 28.2355, 28.8493, 29.4631, 30.0769, 30.6907, 31.3046, 31.9184, 32.5322, 33.146, 33.7598, 34.3736, 34.9874, 35.6013, 36.2151, 36.8289, 37.4427, 38.0565, 38.6703, 39.2841, 39.898, 40.5118, 41.1256, 41.7394, 42.3532, 42.967, 43.5808, 44.1947, 44.8085, 45.4223, 46.0361, 46.6499, 47.2637, 47.8775, 48.4914, 49.1052, 49.719, 50.3328, 50.9466, 51.5604, 52.1743, 52.7881, 53.4019, 54.0157, 54.6295, 55.2433, 55.8571, 56.471, 57.0848, 57.6986, 58.3124, 58.9262, 59.54, 60.1538, 60.7677, 61.3815, 61.9953, 62.6091, 63.2229, 63.8367, 64.4505, 65.0644, 65.6782, 66.292, 66.9058, 67.5196, 68.1334, 68.7473, 69.3611, 69.9749, 70.5887, 71.2025, 71.8163, 72.4301, 73.044, 73.6578, 74.2716, 74.8854, 75.4992, 76.113, 76.7268, 77.3407, 77.9545, 78.5683, 79.1821, 79.7959, 80.4097, 81.0235, 81.6374, 82.2512, 82.865, 83.4788, 84.0926, 84.7064, 85.3202, 85.9341, 86.5479, 87.1617, 87.7755, 88.3893, 89.0031, 89.617, 90.2308, 90.8446, 91.4584, 92.0722, 92.686, 93.2998, 93.9137, 94.5275, 95.1413, 95.7551, 96.3689, 96.9827, 97.5965, 98.2104, 98.8242, 99.438, 100.052, 100.666, 101.279, 101.893, 102.507, 103.121, 103.735, 104.349, 104.962, 105.576, 106.19, 106.804, 107.418, 108.031, 108.645, 109.259, 109.873, 110.487, 111.1, 111.714, 112.328, 112.942, 113.556, 114.17, 114.783, 115.397, 116.011, 116.625, 117.239, 117.852, 118.466, 119.08, 119.694, 120.308, 120.922, 121.535, 122.149, 122.763, 123.377, 123.991, 124.604, 125.218, 125.832, 126.446, 127.06, 127.673, 128.287, 128.901, 129.515, 130.129, 130.743, 131.356, 131.97, 132.584, 133.198, 133.812, 134.425, 135.039, 135.653, 136.267, 136.881, 137.495, 138.108, 138.722, 139.336, 139.95, 140.564, 141.177, 141.791, 142.405, 143.019, 143.633, 144.246, 144.86, 145.474, 146.088, 146.702, 147.316, 147.929, 148.543, 149.157, 149.771, 150.385, 150.998, 151.612, 152.226, 152.84, 153.454, 154.068, 154.681, 155.295, 155.909, 156.523, 157.137, 157.75, 158.364, 158.978, 159.592, 160.206, 160.819, 161.433, 162.047, 162.661, 163.275, 163.889, 164.502, 165.116, 165.73, 166.344, 166.958, 167.571, 168.185, 168.799, 169.413, 170.027, 170.64, 171.254, 171.868, 172.482, 173.096, 173.71, 174.323, 174.937, 175.551, 176.165, 176.779, 177.392, 178.006, 178.62, 179.234, 179.848, 180.462, 181.075, 181.689, 182.303, 182.917, 183.531, 184.144, 184.758, 185.372, 185.986, 186.6, 187.213, 187.827, 188.441, 189.055, 189.669, 190.283, 190.896, 191.51, 192.124, 192.738, 193.352, 193.965, 194.579, 195.193, 195.807, 196.421, 197.035, 197.648, 198.262, 198.876, 199.49, 200.104, 200.717, 201.331, 201.945, 202.559, 203.173, 203.786, 204.4, 205.014, 205.628, 206.242, 206.856, 207.469, 208.083, 208.697, 209.311, 209.925, 210.538, 211.152, 211.766, 212.38, 212.994, 213.608, 214.221, 214.835, 215.449, 216.063, 216.677, 217.29, 217.904, 218.518, 219.132, 219.746, 220.359, 220.973, 221.587, 222.201, 222.815, 223.429, 224.042, 224.656, 225.27, 225.884, 226.498, 227.111, 227.725, 228.339, 228.953, 229.567, 230.181, 230.794, 231.408, 232.022, 232.636, 233.25, 233.863, 234.477, 235.091, 235.705, 236.319, 236.932, 237.546, 238.16, 238.774, 239.388, 240.002, 240.615, 241.229, 241.843, 242.457, 243.071, 243.684, 244.298, 244.912, 245.526, 246.14, 246.754, 247.367, 247.981, 248.595, 249.209, 249.823, 250.436, 251.05, 251.664, 252.278, 252.892, 253.505, 254.119, 254.733, 255.347, 255.961, 256.575, 257.188, 257.802, 258.416, 259.03, 259.644, 260.257, 260.871, 261.485, 262.099, 262.713, 263.327, 263.94, 264.554, 265.168, 265.782, 266.396, 267.009, 267.623, 268.237, 268.851, 269.465, 270.078, 270.692, 271.306, 271.92, 272.534, 273.148, 273.761, 274.375, 274.989, 275.603, 276.217, 276.83, 277.444, 278.058, 278.672, 279.286, 279.9, 280.513, 281.127, 281.741, 282.355, 282.969, 283.582, 284.196, 284.81, 285.424, 286.038, 286.651, 287.265, 287.879, 288.493, 289.107, 289.721, 290.334, 290.948, 291.562, 292.176, 292.79, 293.403, 294.017
3.9397, 3.94069, 3.94169, 3.9427, 3.94372, 3.94476, 3.9458, 3.94686, 3.94793, 3.949, 3.95009, 3.9512, 3.95231, 3.95344, 3.95457, 3.95572, 3.95688, 3.95806, 3.95924, 3.96044, 3.96165, 3.96288, 3.96411, 3.96536, 3.96662, 3.9679, 3.96919, 3.97049, 3.9718, 3.97313, 3.97447, 3.97583, 3.9772, 3.97858, 3.97998, 3.98139, 3.98282, 3.98426, 3.98571, 3.98718, 3.98867, 3.99017, 3.99168, 3.99321, 3.99475, 3.99632, 3.99789, 3.99948, 4.00109, 4.00271, 4.00436, 4.00601, 4.00768, 4.00937, 4.01108, 4.0128, 4.01454, 4.0163, 4.01808, 4.01987, 4.02168, 4.02351, 4.02536, 4.02722, 4.0291, 4.03101, 4.03293, 4.03487, 4.03682, 4.0388, 4.0408, 4.04282, 4.04485, 4.04691, 4.04899, 4.05109, 4.05321, 4.05535, 4.05751, 4.05969, 4.06189, 4.06412, 4.06637, 4.06864, 4.07093, 4.07324, 4.07558, 4.07794, 4.08032, 4.08273, 4.08516, 4.08762, 4.0901, 4.0926, 4.09513, 4.09769, 4.10027, 4.10287, 4.1055, 4.10816, 4.11085, 4.11356, 4.11629, 4.11906, 4.12185, 4.12467, 4.12752, 4.1304, 4.13331, 4.13624, 4.13921, 4.1422, 4.14523, 4.14829, 4.15137, 4.15449, 4.15764, 4.16082, 4.16404, 4.16728, 4.17056, 4.17388, 4.17723, 4.18061, 4.18402, 4.18748, 4.19096, 4.19449, 4.19804, 4.20164, 4.20527, 4.20895, 4.21266, 4.2164, 4.22019, 4.22402, 4.22789, 4.23179, 4.23574, 4.23973, 4.24377, 4.24784, 4.25196, 4.25612, 4.26033, 4.26458, 4.26888, 4.27323, 4.27762, 4.28205, 4.28654, 4.29108, 4.29566, 4.3003, 4.30498, 4.30972, 4.31451, 4.31935, 4.32424, 4.32919, 4.3342, 4.33926, 4.34438, 4.34955, 4.35478, 4.36008, 4.36543, 4.37084, 4.37632, 4.38186, 4.38746, 4.39312, 4.39885, 4.40465, 4.41052, 4.41645, 4.42246, 4.42853, 4.43468, 4.4409, 4.44719, 4.45356, 4.46001, 4.46653, 4.47313, 4.47981, 4.48658, 4.49342, 4.50036, 4.50737, 4.51448, 4.52167, 4.52895, 4.53632, 4.54379, 4.55135, 4.55901, 4.56677, 4.57462, 4.58258, 4.59064, 4.59881, 4.60708, 4.61547, 4.62396, 4.63257, 4.64129, 4.65013, 4.65909, 4.66817, 4.67738, 4.68671, 4.69617, 4.70576, 4.71549, 4.72535, 4.73536, 4.74551, 4.7558, 4.76624, 4.77683, 4.78758, 4.79848, 4.80955, 4.82078, 4.83218, 4.84375, 4.8555, 4.86743, 4.87954, 4.89183, 4.90432, 4.91701, 4.9299, 4.94299, 4.9563, 4.96981, 4.98355, 4.99752, 5.01172, 5.02615, 5.04083, 5.05576, 5.07094, 5.08639, 5.1021, 5.11809, 5.13437, 5.15093, 5.1678, 5.18497, 5.20246, 5.22027, 5.23841, 5.2569, 5.27574, 5.29495, 5.31453, 5.33449, 5.35485, 5.37563, 5.39682, 5.41845, 5.44053, 5.46307, 5.48609, 5.5096, 5.53363, 5.55818, 5.58329, 5.60896, 5.63521, 5.66207, 5.68957, 5.71771, 5.74653, 5.77606, 5.80632, 5.83733, 5.86914, 5.90177, 5.93526, 5.96964, 6.00495, 6.04123, 6.07853, 6.11689, 6.15636, 6.19699, 6.23884, 6.28196, 6.32643, 6.37231, 6.41967, 6.4686, 6.51917, 6.57148, 6.62563, 6.68173, 6.73989, 6.80024, 6.86292, 6.92808, 6.99588, 7.06651, 7.14016, 7.21706, 7.29745, 7.3816, 7.46981, 7.56242, 7.65982, 7.76244, 7.87075, 7.98533, 8.10681, 8.23593, 8.37356, 8.52072, 8.67862, 8.84873, 9.03281, 9.2331, 9.4524, 9.6943, 9.96346, 10.2658, 10.6088, 11.0012, 11.4521, 11.9687, 12.553, 13.1958, 13.8706, 14.5281, 15.0941, 15.4744, 15.5673, 15.2833, 14.5677, 13.4183, 11.8906, 10.1253, 8.25093, 6.41956, 4.76006, 3.35867, 2.25233, 1.43406, 0.86617, 0.495954, 0.269048, 0.138215, 0.0672103, 0.0309251, 0.0134594, 0.00553853, 0.00215316, 0.000789215, 0.000270895, 8.4658e-05, 2.02643e-05, 4.64085e-06, 1.31308e-06, 3.50632e-07, 8.83555e-08, 2.10105e-08, 4.71478e-09, 9.98406e-10, 1.99514e-10, 3.76237e-11, 6.69532e-12, 1.12435e-12, 1.78177e-13, 2.66455e-14, 3.76025e-15, 5.00762e-16, 6.29311e-17, 7.46313e-18, 8.35212e-19, 8.8205e-20, 8.79044e-21, 8.26701e-22, 7.3368e-23, 6.14448e-24, 4.85606e-25, 3.62163e-26, 2.54884e-27, 1.69279e-28, 1.06092e-29, 6.27456e-31, 3.5019e-32, 1.84435e-33, 9.16651e-35, 4.29916e-36, 1.90276e-37, 7.94701e-39, 3.13216e-40, 1.16494e-41, 4.08866e-43, 1.35419e-44, 4.2325e-46, 1.24835e-47, 3.47449e-49, 9.12573e-51, 2.26185e-52, 5.29027e-54, 1.16765e-55, 2.43201e-57, 4.7801e-59, 8.866e-61, 1.55181e-62, 2.56311e-64, 3.99498e-66, 5.876e-68, 8.15581e-70, 1.06825e-71, 1.32036e-73, 1.54005e-75, 1.6951e-77, 1.76065e-79, 1.72572e-81, 1.59619e-83, 1.39322e-85, 1.14755e-87, 8.91948e-90, 6.54226e-92, 4.52828e-94, 2.95772e-96, 1.82305e-98, 1.06037e-100, 5.82019e-103, 3.01462e-105, 1.47349e-107, 6.79637e-110, 2.95819e-112, 1.21504e-114, 4.7095e-117, 1.72257e-119, 5.94559e-122, 1.93656e-124, 5.95229e-127, 1.72645e-129, 4.72544e-132, 1.22053e-134, 2.97488e-137, 6.84239e-140, 1.48513e-142, 3.04184e-145, 5.8793e-148, 1.07234e-150, 1.84568e-153, 2.99775e-156, 4.59465e-159, 6.64546e-162, 9.07016e-165, 1.16821e-167, 1.41985e-170, 1.62848e-173, 1.76254e-176, 1.80016e-179, 1.73499e-182, 1.57798e-185, 1.35432e-188, 1.09688e-191, 8.38322e-195, 6.04615e-198, 4.11494e-201, 2.6428e-204, 1.60169e-207, 9.16033e-211, 4.94377e-214, 2.5178e-217, 1.21004e-220, 5.48775e-224, 2.34858e-227, 9.48484e-231, 3.61469e-234, 1.29995e-237, 4.41162e-241
3.9397, 3.94071, 3.94172, 3.94275, 3.94379, 3.94485, 3.94591, 3.94698, 3.94807, 3.94917, 3.95028, 3.9514, 3.95253, 3.95367, 3.95483, 3.956, 3.95718, 3.95837, 3.95958, 3.9608, 3.96203, 3.96327, 3.96453, 3.9658, 3.96708, 3.96837, 3.96968, 3.971, 3.97234, 3.97369, 3.97505, 3.97643, 3.97782, 3.97922, 3.98064, 3.98207, 3.98352, 3.98498, 3.98646, 3.98795, 3.98945, 3.99097, 3.99251, 3.99406, 3.99563, 3.99721, 3.99881, 4.00043, 4.00206, 4.0037, 4.00537, 4.00705, 4.00874, 4.01046, 4.01219, 4.01393, 4.0157, 4.01748, 4.01928, 4.02109, 4.02293, 4.02478, 4.02665, 4.02854, 4.03045, 4.03238, 4.03432, 4.03629, 4.03827, 4.04028, 4.0423, 4.04435, 4.04641, 4.04849, 4.0506, 4.05272, 4.05487, 4.05704, 4.05922, 4.06143, 4.06367, 4.06592, 4.06819, 4.07049, 4.07281, 4.07516, 4.07752, 4.07991, 4.08233, 4.08476, 4.08723, 4.08971, 4.09222, 4.09476, 4.09732, 4.0999, 4.10251, 4.10515, 4.10781, 4.1105, 4.11322, 4.11596, 4.11873, 4.12153, 4.12436, 4.12721, 4.13009, 4.13301, 4.13595, 4.13892, 4.14192, 4.14495, 4.14801, 4.1511, 4.15422, 4.15738, 4.16056, 4.16378, 4.16703, 4.17032, 4.17364, 4.17699, 4.18037, 4.18379, 4.18725, 4.19074, 4.19427, 4.19783, 4.20143, 4.20507, 4.20874, 4.21245, 4.21621, 4.22, 4.22383, 4.2277, 4.23161, 4.23556, 4.23955, 4.24359, 4.24767, 4.25179, 4.25595, 4.26016, 4.26442, 4.26872, 4.27306, 4.27745, 4.28189, 4.28638, 4.29092, 4.2955, 4.30014, 4.30483, 4.30956, 4.31435, 4.31919, 4.32409, 4.32904, 4.33404, 4.3391, 4.34422, 4.3494, 4.35463, 4.35992, 4.36527, 4.37068, 4.37615, 4.38169, 4.38729, 4.39295, 4.39868, 4.40448, 4.41034, 4.41627, 4.42227, 4.42834, 4.43448, 4.4407, 4.44699, 4.45335, 4.45979, 4.46631, 4.4729, 4.47958, 4.48634, 4.49317, 4.5001, 4.50711, 4.5142, 4.52138, 4.52866, 4.53602, 4.54348, 4.55103, 4.55867, 4.56642, 4.57426, 4.58221, 4.59026, 4.59841, 4.60667, 4.61503, 4.62351, 4.6321, 4.64081, 4.64963, 4.65857, 4.66763, 4.67682, 4.68613, 4.69557, 4.70514, 4.71485, 4.72469, 4.73466, 4.74479, 4.75505, 4.76546, 4.77603, 4.78674, 4.79762, 4.80865, 4.81985, 4.83121, 4.84275, 4.85446, 4.86634, 4.87841, 4.89067, 4.90312, 4.91576, 4.9286, 4.94164, 4.95489, 4.96836, 4.98205, 4.99596, 5.0101, 5.02447, 5.03908, 5.05395, 5.06906, 5.08444, 5.10008, 5.11599, 5.13219, 5.14867, 5.16545, 5.18253, 5.19992, 5.21764, 5.23568, 5.25406, 5.2728, 5.29189, 5.31135, 5.33119, 5.35142, 5.37206, 5.39311, 5.4146, 5.43652, 5.45891, 5.48176, 5.5051, 5.52895, 5.55331, 5.57822, 5.60368, 5.62972, 5.65635, 5.68361, 5.7115, 5.74007, 5.76932, 5.79929, 5.83, 5.86149, 5.89379, 5.92692, 5.96093, 5.99585, 6.03172, 6.06858, 6.10648, 6.14546, 6.18557, 6.22687, 6.26942, 6.31327, 6.3585, 6.40516, 6.45335, 6.50313, 6.5546, 6.60785, 6.66298, 6.72011, 6.77935, 6.84083, 6.9047, 6.97111, 7.04024, 7.11226, 7.18739, 7.26586, 7.34791, 7.43383, 7.52392, 7.61855, 7.7181, 7.82303, 7.93383, 8.05109, 8.17547, 8.30775, 8.44883, 8.59976, 8.76182, 8.93653, 9.12576, 9.33185, 9.55775, 9.8073, 10.0855, 10.3988, 10.7554, 11.1654, 11.6393, 12.1868, 12.8122, 13.5089, 14.2522, 14.9925, 15.6529, 16.1328, 16.3207, 16.1155, 15.4509, 14.3171, 12.7707, 10.929, 8.94853, 6.99422, 5.20885, 3.69066, 2.48481, 1.58807, 0.962673, 0.55312, 0.301055, 0.15515, 0.075676, 0.0349229, 0.0152426, 0.0062897, 0.00245196, 0.000901402, 0.00031072, 9.78061e-05, 2.40875e-05, 5.66975e-06, 1.60531e-06, 4.28919e-07, 1.08147e-07, 2.57319e-08, 5.77766e-09, 1.2242e-09, 2.4478e-10, 4.61869e-11, 8.22401e-12, 1.38188e-12, 2.19117e-13, 3.27871e-14, 4.62969e-15, 6.16908e-16, 7.75729e-17, 9.20492e-18, 1.03074e-18, 1.08919e-19, 1.08611e-20, 1.02204e-21, 9.07566e-23, 7.60521e-24, 6.01401e-25, 4.48784e-26, 3.16031e-27, 2.10012e-28, 1.31697e-29, 7.79344e-31, 4.35213e-32, 2.29348e-33, 1.14053e-34, 5.35229e-36, 2.37023e-37, 9.90517e-39, 3.90618e-40, 1.45366e-41, 5.10496e-43, 1.69177e-44, 5.29065e-46, 1.56133e-47, 4.34813e-49, 1.14269e-50, 2.83382e-52, 6.63185e-54, 1.46459e-55, 3.05223e-57, 6.00257e-59, 1.11398e-60, 1.95089e-62, 3.2241e-64, 5.02808e-66, 7.39971e-68, 1.02765e-69, 1.34677e-71, 1.66557e-73, 1.94378e-75, 2.14068e-77, 2.22471e-79, 2.18179e-81, 2.01916e-83, 1.76338e-85, 1.45325e-87, 1.13019e-89, 8.29429e-92, 5.74415e-94, 3.75396e-96, 2.31511e-98, 1.34732e-100, 7.39925e-103, 3.83461e-105, 1.87531e-107, 8.65449e-110, 3.76901e-112, 1.54892e-114, 6.00689e-117, 2.1983e-119, 7.59172e-122, 2.47406e-124, 7.60849e-127, 2.20802e-129, 6.04677e-132, 1.56265e-134, 3.8108e-137, 8.76974e-140, 1.90447e-142, 3.90281e-145, 7.5474e-148, 1.37732e-150, 2.37185e-153, 3.85439e-156, 5.91072e-159, 8.55346e-162, 1.16804e-164, 1.50519e-167, 1.83038e-170, 2.10042e-173, 2.27451e-176, 2.32425e-179, 2.24128e-182, 2.0395e-185, 1.75133e-188, 1.41914e-191, 1.08518e-194, 7.83054e-198, 5.33208e-201, 3.42624e-204, 2.07756e-207, 1.18879e-210, 6.41907e-214, 3.2708e-217, 1.57272e-220, 7.13613e-224, 3.05555e-227, 1.23461e-230, 4.70748e-234, 1.69379e-237, 5.75104e-241
209.22
176.84
 
