UCL QuARC  
HEADERLINES: 13
Facility: TIFPA
Room: Gantry 1
Date: 2025-10-07
Time: 15:53:14
Energy: 179
Intensity: - 
Folder: TIFPA/20250929
Original data file: TIFPA/20250929/Raw/20250929_Run033_b_raw.txt
Data type: Fitted
Fit rate: 25Hz
 
MEASUREMENT 1
1.56305, 4.67879, 7.79453, 10.9103, 14.0312, 17.1469, 20.2679, 23.3784, 26.4796, 29.5859, 32.6913, 35.8071, 38.9228, 42.0385, 45.1595, 48.2752, 51.3909, 54.5067, 57.6224, 60.7381, 63.8435, 66.9593, 70.0698, 73.1752, 76.2806, 79.3859, 82.4913, 85.5967, 88.7021, 91.8074, 94.9128, 98.0182, 101.1, 104.148, 107.196, 110.244, 113.292, 116.339, 119.387, 122.435, 125.483, 128.531, 131.574, 134.622, 137.67, 140.718, 143.766, 146.814, 149.861, 152.909, 155.957, 159.005, 162.053, 165.101, 168.149, 171.197, 174.245, 177.293, 180.341, 183.389, 186.436, 189.484, 192.532, 195.58, 198.621, 201.655, 204.688, 207.722, 210.756, 213.794, 216.838, 219.882, 222.926, 225.97, 229.014, 232.058, 235.102, 238.145, 241.189, 244.233, 247.277, 250.321, 253.37, 256.424, 259.478, 262.532, 265.586, 268.64, 271.695, 274.749, 277.803, 280.857, 283.911, 286.97, 290.035, 293.099
2.83851, 2.83775, 2.82365, 2.97702, 2.82239, 2.85586, 3.05629, 3.07027, 3.03114, 3.05833, 3.09136, 3.15642, 3.15829, 3.1993, 3.19332, 3.22418, 3.32383, 3.36313, 3.40639, 3.4499, 3.11111, 3.4153, 3.42755, 3.42617, 3.49653, 3.50177, 3.521, 3.51706, 3.56016, 3.31041, 3.61778, 3.16828, 3.63919, 3.6451, 3.67152, 3.69521, 3.70868, 3.74591, 3.77661, 3.7962, 3.80994, 3.85589, 3.9044, 3.91007, 3.95385, 4.01805, 4.08102, 4.12025, 4.15563, 4.19821, 4.27886, 4.35767, 4.44318, 4.50399, 4.59477, 4.81322, 4.88959, 4.9568, 5.1484, 5.39477, 5.58268, 5.95129, 6.30658, 7.03064, 8.83097, 10.4779, 11.4248, 10.4783, 6.03107, 1.35807, 0.256196, 0.0183508, 0.0034616, -0.00415455, 0.0635652, 0.0697344, 0.00156038, 0.00249036, -0.00670824, -0.00165373, -0.0166813, -0.326395, -0.00870743, -0.0030633, -0.248545, -0.339316, -0.150784, -0.0433696, 0.00237957, -0.00484, -0.00278039, -0.117181, -0.00649941, -0.00503972, -0.157548, 0.0867359
0.0851553, 0.0851324, 0.0847095, 0.0893107, 0.0846717, 0.0856757, 0.0916887, 0.0921081, 0.0909342, 0.09175, 0.0927407, 0.0946926, 0.0947487, 0.095979, 0.0957997, 0.0967255, 0.0997149, 0.100894, 0.102192, 0.103497, 0.0933333, 0.102459, 0.102826, 0.102785, 0.104896, 0.105053, 0.10563, 0.105512, 0.106805, 0.0993123, 0.108534, 0.0950485, 0.109176, 0.109353, 0.110145, 0.110856, 0.11126, 0.112377, 0.113298, 0.113886, 0.114298, 0.115677, 0.117132, 0.117302, 0.118616, 0.120541, 0.122431, 0.123607, 0.124669, 0.125946, 0.128366, 0.13073, 0.133296, 0.13512, 0.137843, 0.144397, 0.146688, 0.148704, 0.154452, 0.161843, 0.16748, 0.178539, 0.189197, 0.210919, 0.264929, 0.314338, 0.342745, 0.314348, 0.180932, 0.040742, 0.00768588, 0.000550525, 0.000103848, 0.000124637, 0.00190696, 0.00209203, 4.68114e-05, 7.47109e-05, 0.000201247, 4.96119e-05, 0.00050044, 0.00979185, 0.000261223, 9.18989e-05, 0.00745635, 0.0101795, 0.00452353, 0.00130109, 7.13872e-05, 0.0001452, 8.34116e-05, 0.00351543, 0.000194982, 0.000151192, 0.00472645, 0.00260208
0, 0.613815, 1.22763, 1.84144, 2.45526, 3.06907, 3.68289, 4.2967, 4.91052, 5.52433, 6.13815, 6.75196, 7.36578, 7.97959, 8.59341, 9.20722, 9.82104, 10.4349, 11.0487, 11.6625, 12.2763, 12.8901, 13.5039, 14.1177, 14.7316, 15.3454, 15.9592, 16.573, 17.1868, 17.8006, 18.4144, 19.0283, 19.6421, 20.2559, 20.8697, 21.4835, 22.0973, 22.7111, 23.325, 23.9388, 24.5526, 25.1664, 25.7802, 26.394, 27.0078, 27.6217, 28.2355, 28.8493, 29.4631, 30.0769, 30.6907, 31.3046, 31.9184, 32.5322, 33.146, 33.7598, 34.3736, 34.9874, 35.6013, 36.2151, 36.8289, 37.4427, 38.0565, 38.6703, 39.2841, 39.898, 40.5118, 41.1256, 41.7394, 42.3532, 42.967, 43.5808, 44.1947, 44.8085, 45.4223, 46.0361, 46.6499, 47.2637, 47.8775, 48.4914, 49.1052, 49.719, 50.3328, 50.9466, 51.5604, 52.1743, 52.7881, 53.4019, 54.0157, 54.6295, 55.2433, 55.8571, 56.471, 57.0848, 57.6986, 58.3124, 58.9262, 59.54, 60.1538, 60.7677, 61.3815, 61.9953, 62.6091, 63.2229, 63.8367, 64.4505, 65.0644, 65.6782, 66.292, 66.9058, 67.5196, 68.1334, 68.7473, 69.3611, 69.9749, 70.5887, 71.2025, 71.8163, 72.4301, 73.044, 73.6578, 74.2716, 74.8854, 75.4992, 76.113, 76.7268, 77.3407, 77.9545, 78.5683, 79.1821, 79.7959, 80.4097, 81.0235, 81.6374, 82.2512, 82.865, 83.4788, 84.0926, 84.7064, 85.3202, 85.9341, 86.5479, 87.1617, 87.7755, 88.3893, 89.0031, 89.617, 90.2308, 90.8446, 91.4584, 92.0722, 92.686, 93.2998, 93.9137, 94.5275, 95.1413, 95.7551, 96.3689, 96.9827, 97.5965, 98.2104, 98.8242, 99.438, 100.052, 100.666, 101.279, 101.893, 102.507, 103.121, 103.735, 104.349, 104.962, 105.576, 106.19, 106.804, 107.418, 108.031, 108.645, 109.259, 109.873, 110.487, 111.1, 111.714, 112.328, 112.942, 113.556, 114.17, 114.783, 115.397, 116.011, 116.625, 117.239, 117.852, 118.466, 119.08, 119.694, 120.308, 120.922, 121.535, 122.149, 122.763, 123.377, 123.991, 124.604, 125.218, 125.832, 126.446, 127.06, 127.673, 128.287, 128.901, 129.515, 130.129, 130.743, 131.356, 131.97, 132.584, 133.198, 133.812, 134.425, 135.039, 135.653, 136.267, 136.881, 137.495, 138.108, 138.722, 139.336, 139.95, 140.564, 141.177, 141.791, 142.405, 143.019, 143.633, 144.246, 144.86, 145.474, 146.088, 146.702, 147.316, 147.929, 148.543, 149.157, 149.771, 150.385, 150.998, 151.612, 152.226, 152.84, 153.454, 154.068, 154.681, 155.295, 155.909, 156.523, 157.137, 157.75, 158.364, 158.978, 159.592, 160.206, 160.819, 161.433, 162.047, 162.661, 163.275, 163.889, 164.502, 165.116, 165.73, 166.344, 166.958, 167.571, 168.185, 168.799, 169.413, 170.027, 170.64, 171.254, 171.868, 172.482, 173.096, 173.71, 174.323, 174.937, 175.551, 176.165, 176.779, 177.392, 178.006, 178.62, 179.234, 179.848, 180.462, 181.075, 181.689, 182.303, 182.917, 183.531, 184.144, 184.758, 185.372, 185.986, 186.6, 187.213, 187.827, 188.441, 189.055, 189.669, 190.283, 190.896, 191.51, 192.124, 192.738, 193.352, 193.965, 194.579, 195.193, 195.807, 196.421, 197.035, 197.648, 198.262, 198.876, 199.49, 200.104, 200.717, 201.331, 201.945, 202.559, 203.173, 203.786, 204.4, 205.014, 205.628, 206.242, 206.856, 207.469, 208.083, 208.697, 209.311, 209.925, 210.538, 211.152, 211.766, 212.38, 212.994, 213.608, 214.221, 214.835, 215.449, 216.063, 216.677, 217.29, 217.904, 218.518, 219.132, 219.746, 220.359, 220.973, 221.587, 222.201, 222.815, 223.429, 224.042, 224.656, 225.27, 225.884, 226.498, 227.111, 227.725, 228.339, 228.953, 229.567, 230.181, 230.794, 231.408, 232.022, 232.636, 233.25, 233.863, 234.477, 235.091, 235.705, 236.319, 236.932, 237.546, 238.16, 238.774, 239.388, 240.002, 240.615, 241.229, 241.843, 242.457, 243.071, 243.684, 244.298, 244.912, 245.526, 246.14, 246.754, 247.367, 247.981, 248.595, 249.209, 249.823, 250.436, 251.05, 251.664, 252.278, 252.892, 253.505, 254.119, 254.733, 255.347, 255.961, 256.575, 257.188, 257.802, 258.416, 259.03, 259.644, 260.257, 260.871, 261.485, 262.099, 262.713, 263.327, 263.94, 264.554, 265.168, 265.782, 266.396, 267.009, 267.623, 268.237, 268.851, 269.465, 270.078, 270.692, 271.306, 271.92, 272.534, 273.148, 273.761, 274.375, 274.989, 275.603, 276.217, 276.83, 277.444, 278.058, 278.672, 279.286, 279.9, 280.513, 281.127, 281.741, 282.355, 282.969, 283.582, 284.196, 284.81, 285.424, 286.038, 286.651, 287.265, 287.879, 288.493, 289.107, 289.721, 290.334, 290.948, 291.562, 292.176, 292.79, 293.403, 294.017
3.15676, 3.15757, 3.15839, 3.15921, 3.16005, 3.16089, 3.16174, 3.1626, 3.16348, 3.16436, 3.16525, 3.16614, 3.16705, 3.16797, 3.1689, 3.16984, 3.17078, 3.17174, 3.17271, 3.17369, 3.17467, 3.17567, 3.17668, 3.1777, 3.17873, 3.17977, 3.18082, 3.18188, 3.18295, 3.18403, 3.18513, 3.18623, 3.18735, 3.18848, 3.18962, 3.19077, 3.19193, 3.1931, 3.19429, 3.19549, 3.1967, 3.19792, 3.19915, 3.2004, 3.20166, 3.20293, 3.20422, 3.20551, 3.20682, 3.20815, 3.20948, 3.21083, 3.2122, 3.21357, 3.21496, 3.21637, 3.21779, 3.21922, 3.22067, 3.22213, 3.2236, 3.22509, 3.2266, 3.22812, 3.22965, 3.2312, 3.23277, 3.23435, 3.23594, 3.23755, 3.23918, 3.24083, 3.24249, 3.24416, 3.24585, 3.24756, 3.24929, 3.25103, 3.2528, 3.25457, 3.25637, 3.25818, 3.26001, 3.26186, 3.26373, 3.26562, 3.26752, 3.26945, 3.27139, 3.27335, 3.27533, 3.27734, 3.27936, 3.2814, 3.28346, 3.28554, 3.28764, 3.28977, 3.29191, 3.29408, 3.29627, 3.29848, 3.30071, 3.30296, 3.30524, 3.30754, 3.30986, 3.31221, 3.31458, 3.31697, 3.31939, 3.32183, 3.3243, 3.32679, 3.32931, 3.33185, 3.33442, 3.33701, 3.33963, 3.34228, 3.34495, 3.34766, 3.35039, 3.35315, 3.35593, 3.35875, 3.36159, 3.36447, 3.36737, 3.3703, 3.37327, 3.37626, 3.37929, 3.38235, 3.38544, 3.38856, 3.39172, 3.3949, 3.39813, 3.40138, 3.40468, 3.408, 3.41136, 3.41476, 3.4182, 3.42167, 3.42518, 3.42872, 3.43231, 3.43593, 3.4396, 3.4433, 3.44704, 3.45083, 3.45466, 3.45853, 3.46244, 3.46639, 3.47039, 3.47444, 3.47853, 3.48266, 3.48684, 3.49107, 3.49535, 3.49968, 3.50405, 3.50848, 3.51295, 3.51748, 3.52206, 3.52669, 3.53138, 3.53612, 3.54092, 3.54578, 3.55069, 3.55566, 3.56069, 3.56578, 3.57093, 3.57614, 3.58142, 3.58676, 3.59216, 3.59763, 3.60317, 3.60878, 3.61446, 3.6202, 3.62602, 3.63192, 3.63788, 3.64393, 3.65005, 3.65625, 3.66252, 3.66888, 3.67533, 3.68185, 3.68846, 3.69516, 3.70195, 3.70883, 3.7158, 3.72287, 3.73003, 3.73728, 3.74464, 3.7521, 3.75966, 3.76733, 3.7751, 3.78299, 3.79098, 3.79909, 3.80732, 3.81566, 3.82413, 3.83272, 3.84143, 3.85028, 3.85926, 3.86837, 3.87762, 3.88701, 3.89654, 3.90622, 3.91605, 3.92603, 3.93617, 3.94648, 3.95694, 3.96758, 3.97839, 3.98937, 4.00054, 4.01189, 4.02343, 4.03516, 4.0471, 4.05924, 4.07158, 4.08415, 4.09694, 4.10995, 4.1232, 4.13668, 4.15041, 4.1644, 4.17864, 4.19315, 4.20794, 4.22301, 4.23837, 4.25404, 4.27001, 4.2863, 4.30291, 4.31987, 4.33718, 4.35484, 4.37288, 4.3913, 4.41012, 4.42936, 4.44901, 4.46911, 4.48966, 4.51068, 4.53219, 4.55421, 4.57675, 4.59984, 4.6235, 4.64774, 4.6726, 4.6981, 4.72425, 4.7511, 4.77868, 4.807, 4.83611, 4.86604, 4.89683, 4.92852, 4.96115, 4.99477, 5.02943, 5.06517, 5.10207, 5.14018, 5.17956, 5.22028, 5.26243, 5.30608, 5.35133, 5.39828, 5.44703, 5.49771, 5.55043, 5.60535, 5.66262, 5.72241, 5.78492, 5.85038, 5.91901, 5.99109, 6.06695, 6.14692, 6.23144, 6.32096, 6.41605, 6.51737, 6.62569, 6.74195, 6.86729, 7.00302, 7.15076, 7.31232, 7.4898, 7.68542, 7.90136, 8.13953, 8.40105, 8.68575, 8.99142, 9.31301, 9.64193, 9.9655, 10.2668, 10.5249, 10.7162, 10.8159, 10.8006, 10.6508, 10.3537, 9.905, 9.31068, 8.58472, 7.76467, 6.88242, 5.96891, 5.06109, 4.19272, 3.3915, 2.6774, 2.06188, 1.54838, 1.13346, 0.808587, 0.561982, 0.380449, 0.25082, 0.161006, 0.100616, 0.061204, 0.0362344, 0.0208756, 0.0117026, 0.00638237, 0.00338584, 0.0017466, 0.00087557, 0.000425941, 0.000200376, 9.02905e-05, 3.78214e-05, 1.29044e-05, 3.67536e-06, 1.54355e-06, 6.30099e-07, 2.49989e-07, 9.63959e-08, 3.6126e-08, 1.31585e-08, 4.65819e-09, 1.6027e-09, 5.35935e-10, 1.74179e-10, 5.5018e-11, 1.68903e-11, 5.03959e-12, 1.46143e-12, 4.11892e-13, 1.12827e-13, 3.00379e-14, 7.7723e-15, 1.95458e-15, 4.7773e-16, 1.13484e-16, 2.62007e-17, 5.87915e-18, 1.28216e-18, 2.71764e-19, 5.59844e-20, 1.1209e-20, 2.18117e-21, 4.12514e-22, 7.58247e-23, 1.35459e-23, 2.35196e-24, 3.96894e-25, 6.50946e-26, 1.03762e-26, 1.60753e-27, 2.42048e-28, 3.54216e-29, 5.03802e-30, 6.96427e-31, 9.35656e-32, 1.22175e-32, 1.55049e-33, 1.91242e-34, 2.29256e-35, 2.67105e-36, 3.0246e-37, 3.32873e-38, 3.56052e-39, 3.70145e-40, 3.73985e-41, 3.6725e-42, 3.50504e-43, 3.25124e-44, 2.93109e-45, 2.56823e-46, 2.18707e-47, 1.81015e-48, 1.4561e-49, 1.13839e-50, 8.65003e-52, 6.38803e-53, 4.58501e-54, 3.19844e-55, 2.1685e-56, 1.42891e-57, 9.15117e-59, 5.69601e-60, 3.4458e-61, 2.02597e-62, 1.15771e-63, 6.42969e-65, 3.4706e-66, 1.82072e-67, 9.2834e-69, 4.60039e-70, 2.21567e-71, 1.03715e-72, 4.71847e-74, 2.08634e-75, 8.96587e-77, 3.74476e-78, 1.52013e-79, 5.99735e-81, 2.29966e-82, 8.57021e-84, 3.10416e-85, 1.09275e-86, 3.73869e-88, 1.24321e-89, 4.01783e-91, 1.26201e-92, 3.85265e-94, 1.14309e-95, 3.29627e-97, 9.23828e-99, 2.51642e-100, 6.66191e-102, 1.71411e-103, 4.2865e-105, 1.04181e-106, 2.46094e-108, 5.64985e-110, 1.26066e-111, 2.73388e-113, 5.76219e-115, 1.18037e-116, 2.35003e-118, 4.54729e-120, 8.55175e-122
3.15676, 3.15758, 3.15842, 3.15926, 3.1601, 3.16096, 3.16183, 3.16271, 3.16359, 3.16449, 3.16539, 3.16631, 3.16723, 3.16816, 3.16911, 3.17006, 3.17102, 3.172, 3.17298, 3.17397, 3.17497, 3.17599, 3.17701, 3.17805, 3.17909, 3.18015, 3.18121, 3.18229, 3.18338, 3.18448, 3.18559, 3.18671, 3.18785, 3.18899, 3.19015, 3.19131, 3.19249, 3.19368, 3.19489, 3.1961, 3.19733, 3.19857, 3.19982, 3.20109, 3.20236, 3.20365, 3.20496, 3.20627, 3.2076, 3.20894, 3.2103, 3.21167, 3.21305, 3.21444, 3.21585, 3.21728, 3.21871, 3.22017, 3.22163, 3.22311, 3.22461, 3.22612, 3.22764, 3.22918, 3.23074, 3.23231, 3.23389, 3.23549, 3.23711, 3.23874, 3.24039, 3.24206, 3.24374, 3.24544, 3.24715, 3.24888, 3.25063, 3.2524, 3.25418, 3.25598, 3.2578, 3.25963, 3.26149, 3.26336, 3.26525, 3.26716, 3.26909, 3.27104, 3.273, 3.27499, 3.277, 3.27902, 3.28107, 3.28313, 3.28522, 3.28733, 3.28945, 3.2916, 3.29377, 3.29597, 3.29818, 3.30042, 3.30267, 3.30495, 3.30726, 3.30958, 3.31193, 3.31431, 3.3167, 3.31913, 3.32157, 3.32404, 3.32654, 3.32906, 3.3316, 3.33418, 3.33677, 3.3394, 3.34205, 3.34473, 3.34743, 3.35017, 3.35293, 3.35572, 3.35854, 3.36138, 3.36426, 3.36717, 3.3701, 3.37307, 3.37607, 3.3791, 3.38216, 3.38525, 3.38837, 3.39153, 3.39472, 3.39795, 3.40121, 3.4045, 3.40783, 3.41119, 3.41459, 3.41803, 3.4215, 3.42501, 3.42856, 3.43214, 3.43577, 3.43943, 3.44314, 3.44688, 3.45067, 3.45449, 3.45836, 3.46227, 3.46623, 3.47023, 3.47427, 3.47836, 3.48249, 3.48668, 3.4909, 3.49518, 3.4995, 3.50388, 3.5083, 3.51277, 3.5173, 3.52188, 3.52651, 3.53119, 3.53593, 3.54073, 3.54558, 3.55049, 3.55545, 3.56048, 3.56556, 3.57071, 3.57592, 3.58119, 3.58652, 3.59192, 3.59739, 3.60292, 3.60852, 3.61419, 3.61993, 3.62574, 3.63162, 3.63758, 3.64362, 3.64973, 3.65592, 3.66218, 3.66853, 3.67496, 3.68148, 3.68808, 3.69476, 3.70154, 3.7084, 3.71536, 3.72241, 3.72956, 3.7368, 3.74414, 3.75158, 3.75912, 3.76677, 3.77453, 3.78239, 3.79037, 3.79845, 3.80666, 3.81498, 3.82342, 3.83199, 3.84068, 3.8495, 3.85844, 3.86753, 3.87675, 3.8861, 3.89561, 3.90525, 3.91505, 3.925, 3.9351, 3.94536, 3.95579, 3.96638, 3.97715, 3.98809, 3.99921, 4.01051, 4.022, 4.03368, 4.04557, 4.05765, 4.06994, 4.08245, 4.09517, 4.10812, 4.1213, 4.13471, 4.14837, 4.16228, 4.17645, 4.19088, 4.20558, 4.22056, 4.23583, 4.25139, 4.26726, 4.28345, 4.29996, 4.3168, 4.33398, 4.35153, 4.36944, 4.38772, 4.4064, 4.42549, 4.44499, 4.46492, 4.48531, 4.50615, 4.52748, 4.5493, 4.57164, 4.59452, 4.61795, 4.64196, 4.66656, 4.6918, 4.71768, 4.74424, 4.77151, 4.79951, 4.82828, 4.85785, 4.88826, 4.91955, 4.95176, 4.98493, 5.01911, 5.05435, 5.0907, 5.12823, 5.16699, 5.20706, 5.24851, 5.29141, 5.33586, 5.38194, 5.42976, 5.47942, 5.53106, 5.5848, 5.6408, 5.6992, 5.7602, 5.824, 5.89081, 5.9609, 6.03454, 6.11206, 6.19383, 6.28029, 6.37191, 6.46928, 6.5731, 6.68418, 6.80352, 6.93229, 7.07196, 7.22422, 7.39109, 7.57488, 7.7781, 8.00334, 8.25293, 8.52852, 8.83051, 9.15719, 9.50399, 9.86257, 10.2202, 10.5594, 10.8585, 11.0923, 11.234, 11.2578, 11.1418, 10.8708, 10.4389, 9.85104, 9.12361, 8.28314, 7.36406, 6.40531, 5.44658, 4.52453, 3.6697, 2.90453, 2.24242, 1.68805, 1.23862, 0.885625, 0.616888, 0.418517, 0.276493, 0.177846, 0.111359, 0.0678686, 0.0402551, 0.0232342, 0.0130479, 0.00712854, 0.00378819, 0.00195752, 0.00098306, 0.000479162, 0.000226088, 0.000102246, 4.3156e-05, 1.50824e-05, 4.48073e-06, 1.8798e-06, 7.67583e-07, 3.04623e-07, 1.17497e-07, 4.40466e-08, 1.60481e-08, 5.68276e-09, 1.95578e-09, 6.54191e-10, 2.12674e-10, 6.71967e-11, 2.06351e-11, 6.1587e-12, 1.78647e-12, 5.03649e-13, 1.38002e-13, 3.67506e-14, 9.51196e-15, 2.39276e-15, 5.84996e-16, 1.39005e-16, 3.21022e-17, 7.20545e-18, 1.57186e-18, 3.33264e-19, 6.86735e-20, 1.37535e-20, 2.67709e-21, 5.06449e-22, 9.31181e-23, 1.66401e-23, 2.89003e-24, 4.87835e-25, 8.00329e-26, 1.27611e-26, 1.97757e-27, 2.97851e-28, 4.36006e-29, 6.2031e-30, 8.57728e-31, 1.1527e-31, 1.50558e-32, 1.91125e-33, 2.35807e-34, 2.8276e-35, 3.29538e-36, 3.73264e-37, 4.10914e-38, 4.39653e-39, 4.57187e-40, 4.62063e-41, 4.53872e-42, 4.33301e-43, 4.02041e-44, 3.62556e-45, 3.17763e-46, 2.7068e-47, 2.24096e-48, 1.80316e-49, 1.41013e-50, 1.07179e-51, 7.9174e-53, 5.68435e-54, 3.96645e-55, 2.68998e-56, 1.77304e-57, 1.13583e-58, 7.07182e-60, 4.27931e-61, 2.51675e-62, 1.43857e-63, 7.99181e-65, 4.31503e-66, 2.26437e-67, 1.15487e-68, 5.72459e-70, 2.7579e-71, 1.29133e-72, 5.87653e-74, 2.59913e-75, 1.11727e-76, 4.66782e-78, 1.89536e-79, 7.4799e-81, 2.86895e-82, 1.06948e-83, 3.87479e-85, 1.36442e-86, 4.66949e-88, 1.55316e-89, 5.02096e-91, 1.57754e-92, 4.81726e-94, 1.42969e-95, 4.1239e-97, 1.15611e-98, 3.15001e-100, 8.34162e-102, 2.1469e-103, 5.37029e-105, 1.30559e-106, 3.0849e-108, 7.08432e-110, 1.58117e-111, 3.42992e-113, 7.23124e-115, 1.48172e-116, 2.95081e-118, 5.71139e-120, 1.0744e-121
208.20
176.34
 
MEASUREMENT 2
1.56305, 4.67879, 7.79453, 10.9103, 14.0312, 17.1469, 20.2679, 23.3784, 26.4796, 29.5859, 32.6913, 35.8071, 38.9228, 42.0385, 45.1595, 48.2752, 51.3909, 54.5067, 57.6224, 60.7381, 63.8435, 66.9593, 70.0698, 73.1752, 76.2806, 79.3859, 82.4913, 85.5967, 88.7021, 91.8074, 94.9128, 98.0182, 101.1, 104.148, 107.196, 110.244, 113.292, 116.339, 119.387, 122.435, 125.483, 128.531, 131.574, 134.622, 137.67, 140.718, 143.766, 146.814, 149.861, 152.909, 155.957, 159.005, 162.053, 165.101, 168.149, 171.197, 174.245, 177.293, 180.341, 183.389, 186.436, 189.484, 192.532, 195.58, 198.621, 201.655, 204.688, 207.722, 210.756, 213.794, 216.838, 219.882, 222.926, 225.97, 229.014, 232.058, 235.102, 238.145, 241.189, 244.233, 247.277, 250.321, 253.37, 256.424, 259.478, 262.532, 265.586, 268.64, 271.695, 274.749, 277.803, 280.857, 283.911, 286.97, 290.035, 293.099
2.83728, 2.83379, 2.82232, 2.9757, 2.81993, 2.85776, 3.06709, 3.06837, 3.03409, 3.06359, 3.09356, 3.16018, 3.15781, 3.20126, 3.19352, 3.22135, 3.32294, 3.36324, 3.41476, 3.45119, 3.11291, 3.41785, 3.42723, 3.42606, 3.49175, 3.50013, 3.52591, 3.51574, 3.56634, 3.30598, 3.62601, 3.16471, 3.64068, 3.6456, 3.6789, 3.69288, 3.71474, 3.74312, 3.77992, 3.79644, 3.80941, 3.85168, 3.90763, 3.91332, 3.95946, 4.01927, 4.08072, 4.11561, 4.15565, 4.19783, 4.28241, 4.35825, 4.44452, 4.50434, 4.59531, 4.8144, 4.88708, 4.95603, 5.15189, 5.39298, 5.5788, 5.94776, 6.30112, 7.0026, 8.88497, 10.3262, 11.4431, 10.4647, 5.69431, 1.32019, 0.17993, 0.0281291, 0.00537899, -0.000194474, 0.0279301, 0.0362051, 0.00174536, 0.00219082, -0.00831056, -0.000433808, -0.0151955, -0.258788, -0.00495528, -0.000993023, -0.246595, -0.305317, -0.0840166, -0.0366081, 0.000606901, -0.00317697, -0.00617912, -0.0540626, -0.00562085, -0.00596405, -0.0754047, 0.0176923
0.0851185, 0.0850138, 0.0846697, 0.0892709, 0.0845979, 0.0857329, 0.0920126, 0.0920511, 0.0910226, 0.0919078, 0.0928068, 0.0948054, 0.0947344, 0.0960379, 0.0958056, 0.0966406, 0.0996883, 0.100897, 0.102443, 0.103536, 0.0933873, 0.102535, 0.102817, 0.102782, 0.104753, 0.105004, 0.105777, 0.105472, 0.10699, 0.0991795, 0.10878, 0.0949413, 0.109221, 0.109368, 0.110367, 0.110786, 0.111442, 0.112294, 0.113398, 0.113893, 0.114282, 0.11555, 0.117229, 0.117399, 0.118784, 0.120578, 0.122421, 0.123468, 0.12467, 0.125935, 0.128472, 0.130748, 0.133336, 0.13513, 0.137859, 0.144432, 0.146613, 0.148681, 0.154557, 0.161789, 0.167364, 0.178433, 0.189034, 0.210078, 0.266549, 0.309785, 0.343294, 0.313941, 0.170829, 0.0396058, 0.0053979, 0.000843874, 0.00016137, 5.83422e-06, 0.000837903, 0.00108615, 5.23608e-05, 6.57246e-05, 0.000249317, 1.30143e-05, 0.000455865, 0.00776363, 0.000148658, 2.97907e-05, 0.00739786, 0.00915952, 0.0025205, 0.00109824, 1.8207e-05, 9.53092e-05, 0.000185374, 0.00162188, 0.000168625, 0.000178921, 0.00226214, 0.00053077
0, 0.613815, 1.22763, 1.84144, 2.45526, 3.06907, 3.68289, 4.2967, 4.91052, 5.52433, 6.13815, 6.75196, 7.36578, 7.97959, 8.59341, 9.20722, 9.82104, 10.4349, 11.0487, 11.6625, 12.2763, 12.8901, 13.5039, 14.1177, 14.7316, 15.3454, 15.9592, 16.573, 17.1868, 17.8006, 18.4144, 19.0283, 19.6421, 20.2559, 20.8697, 21.4835, 22.0973, 22.7111, 23.325, 23.9388, 24.5526, 25.1664, 25.7802, 26.394, 27.0078, 27.6217, 28.2355, 28.8493, 29.4631, 30.0769, 30.6907, 31.3046, 31.9184, 32.5322, 33.146, 33.7598, 34.3736, 34.9874, 35.6013, 36.2151, 36.8289, 37.4427, 38.0565, 38.6703, 39.2841, 39.898, 40.5118, 41.1256, 41.7394, 42.3532, 42.967, 43.5808, 44.1947, 44.8085, 45.4223, 46.0361, 46.6499, 47.2637, 47.8775, 48.4914, 49.1052, 49.719, 50.3328, 50.9466, 51.5604, 52.1743, 52.7881, 53.4019, 54.0157, 54.6295, 55.2433, 55.8571, 56.471, 57.0848, 57.6986, 58.3124, 58.9262, 59.54, 60.1538, 60.7677, 61.3815, 61.9953, 62.6091, 63.2229, 63.8367, 64.4505, 65.0644, 65.6782, 66.292, 66.9058, 67.5196, 68.1334, 68.7473, 69.3611, 69.9749, 70.5887, 71.2025, 71.8163, 72.4301, 73.044, 73.6578, 74.2716, 74.8854, 75.4992, 76.113, 76.7268, 77.3407, 77.9545, 78.5683, 79.1821, 79.7959, 80.4097, 81.0235, 81.6374, 82.2512, 82.865, 83.4788, 84.0926, 84.7064, 85.3202, 85.9341, 86.5479, 87.1617, 87.7755, 88.3893, 89.0031, 89.617, 90.2308, 90.8446, 91.4584, 92.0722, 92.686, 93.2998, 93.9137, 94.5275, 95.1413, 95.7551, 96.3689, 96.9827, 97.5965, 98.2104, 98.8242, 99.438, 100.052, 100.666, 101.279, 101.893, 102.507, 103.121, 103.735, 104.349, 104.962, 105.576, 106.19, 106.804, 107.418, 108.031, 108.645, 109.259, 109.873, 110.487, 111.1, 111.714, 112.328, 112.942, 113.556, 114.17, 114.783, 115.397, 116.011, 116.625, 117.239, 117.852, 118.466, 119.08, 119.694, 120.308, 120.922, 121.535, 122.149, 122.763, 123.377, 123.991, 124.604, 125.218, 125.832, 126.446, 127.06, 127.673, 128.287, 128.901, 129.515, 130.129, 130.743, 131.356, 131.97, 132.584, 133.198, 133.812, 134.425, 135.039, 135.653, 136.267, 136.881, 137.495, 138.108, 138.722, 139.336, 139.95, 140.564, 141.177, 141.791, 142.405, 143.019, 143.633, 144.246, 144.86, 145.474, 146.088, 146.702, 147.316, 147.929, 148.543, 149.157, 149.771, 150.385, 150.998, 151.612, 152.226, 152.84, 153.454, 154.068, 154.681, 155.295, 155.909, 156.523, 157.137, 157.75, 158.364, 158.978, 159.592, 160.206, 160.819, 161.433, 162.047, 162.661, 163.275, 163.889, 164.502, 165.116, 165.73, 166.344, 166.958, 167.571, 168.185, 168.799, 169.413, 170.027, 170.64, 171.254, 171.868, 172.482, 173.096, 173.71, 174.323, 174.937, 175.551, 176.165, 176.779, 177.392, 178.006, 178.62, 179.234, 179.848, 180.462, 181.075, 181.689, 182.303, 182.917, 183.531, 184.144, 184.758, 185.372, 185.986, 186.6, 187.213, 187.827, 188.441, 189.055, 189.669, 190.283, 190.896, 191.51, 192.124, 192.738, 193.352, 193.965, 194.579, 195.193, 195.807, 196.421, 197.035, 197.648, 198.262, 198.876, 199.49, 200.104, 200.717, 201.331, 201.945, 202.559, 203.173, 203.786, 204.4, 205.014, 205.628, 206.242, 206.856, 207.469, 208.083, 208.697, 209.311, 209.925, 210.538, 211.152, 211.766, 212.38, 212.994, 213.608, 214.221, 214.835, 215.449, 216.063, 216.677, 217.29, 217.904, 218.518, 219.132, 219.746, 220.359, 220.973, 221.587, 222.201, 222.815, 223.429, 224.042, 224.656, 225.27, 225.884, 226.498, 227.111, 227.725, 228.339, 228.953, 229.567, 230.181, 230.794, 231.408, 232.022, 232.636, 233.25, 233.863, 234.477, 235.091, 235.705, 236.319, 236.932, 237.546, 238.16, 238.774, 239.388, 240.002, 240.615, 241.229, 241.843, 242.457, 243.071, 243.684, 244.298, 244.912, 245.526, 246.14, 246.754, 247.367, 247.981, 248.595, 249.209, 249.823, 250.436, 251.05, 251.664, 252.278, 252.892, 253.505, 254.119, 254.733, 255.347, 255.961, 256.575, 257.188, 257.802, 258.416, 259.03, 259.644, 260.257, 260.871, 261.485, 262.099, 262.713, 263.327, 263.94, 264.554, 265.168, 265.782, 266.396, 267.009, 267.623, 268.237, 268.851, 269.465, 270.078, 270.692, 271.306, 271.92, 272.534, 273.148, 273.761, 274.375, 274.989, 275.603, 276.217, 276.83, 277.444, 278.058, 278.672, 279.286, 279.9, 280.513, 281.127, 281.741, 282.355, 282.969, 283.582, 284.196, 284.81, 285.424, 286.038, 286.651, 287.265, 287.879, 288.493, 289.107, 289.721, 290.334, 290.948, 291.562, 292.176, 292.79, 293.403, 294.017
3.15599, 3.15679, 3.15761, 3.15843, 3.15927, 3.16011, 3.16096, 3.16182, 3.16269, 3.16357, 3.16445, 3.16535, 3.16626, 3.16717, 3.1681, 3.16904, 3.16998, 3.17094, 3.1719, 3.17288, 3.17386, 3.17486, 3.17586, 3.17688, 3.17791, 3.17895, 3.17999, 3.18105, 3.18212, 3.1832, 3.1843, 3.1854, 3.18651, 3.18764, 3.18877, 3.18992, 3.19108, 3.19225, 3.19344, 3.19463, 3.19584, 3.19706, 3.19829, 3.19954, 3.20079, 3.20206, 3.20335, 3.20464, 3.20595, 3.20727, 3.2086, 3.20995, 3.21131, 3.21268, 3.21407, 3.21547, 3.21689, 3.21832, 3.21976, 3.22122, 3.22269, 3.22418, 3.22568, 3.2272, 3.22873, 3.23028, 3.23184, 3.23342, 3.23501, 3.23662, 3.23824, 3.23988, 3.24154, 3.24321, 3.2449, 3.24661, 3.24833, 3.25007, 3.25183, 3.25361, 3.2554, 3.25721, 3.25904, 3.26088, 3.26275, 3.26463, 3.26653, 3.26845, 3.27039, 3.27235, 3.27432, 3.27632, 3.27834, 3.28038, 3.28243, 3.28451, 3.28661, 3.28873, 3.29087, 3.29303, 3.29521, 3.29742, 3.29965, 3.3019, 3.30417, 3.30646, 3.30878, 3.31112, 3.31349, 3.31588, 3.31829, 3.32073, 3.32319, 3.32568, 3.32819, 3.33072, 3.33329, 3.33588, 3.33849, 3.34114, 3.34381, 3.3465, 3.34923, 3.35198, 3.35476, 3.35757, 3.36041, 3.36328, 3.36617, 3.3691, 3.37206, 3.37505, 3.37807, 3.38112, 3.3842, 3.38732, 3.39047, 3.39365, 3.39687, 3.40012, 3.4034, 3.40672, 3.41008, 3.41347, 3.41689, 3.42036, 3.42386, 3.4274, 3.43098, 3.43459, 3.43825, 3.44194, 3.44568, 3.44946, 3.45327, 3.45713, 3.46104, 3.46498, 3.46897, 3.47301, 3.47709, 3.48122, 3.48539, 3.48961, 3.49388, 3.49819, 3.50256, 3.50697, 3.51144, 3.51596, 3.52052, 3.52515, 3.52982, 3.53456, 3.53934, 3.54418, 3.54909, 3.55404, 3.55906, 3.56414, 3.56928, 3.57448, 3.57974, 3.58507, 3.59046, 3.59592, 3.60144, 3.60704, 3.6127, 3.61843, 3.62424, 3.63011, 3.63607, 3.64209, 3.6482, 3.65438, 3.66064, 3.66698, 3.67341, 3.67992, 3.68651, 3.69319, 3.69996, 3.70682, 3.71378, 3.72082, 3.72796, 3.7352, 3.74254, 3.74998, 3.75752, 3.76516, 3.77291, 3.78078, 3.78875, 3.79683, 3.80504, 3.81336, 3.8218, 3.83036, 3.83905, 3.84787, 3.85682, 3.8659, 3.87512, 3.88448, 3.89399, 3.90364, 3.91344, 3.92339, 3.9335, 3.94377, 3.9542, 3.9648, 3.97557, 3.98652, 3.99764, 4.00896, 4.02046, 4.03215, 4.04404, 4.05614, 4.06845, 4.08097, 4.09371, 4.10667, 4.11987, 4.1333, 4.14698, 4.16092, 4.17511, 4.18956, 4.20429, 4.2193, 4.2346, 4.2502, 4.2661, 4.28233, 4.29887, 4.31576, 4.33299, 4.35058, 4.36854, 4.38688, 4.40561, 4.42475, 4.44432, 4.46432, 4.48477, 4.50569, 4.5271, 4.549, 4.57143, 4.5944, 4.61793, 4.64205, 4.66677, 4.69212, 4.71813, 4.74483, 4.77224, 4.80039, 4.82933, 4.85907, 4.88967, 4.92115, 4.95357, 4.98696, 5.02138, 5.05687, 5.0935, 5.13133, 5.17041, 5.21081, 5.25262, 5.29592, 5.34078, 5.38732, 5.43563, 5.48583, 5.53804, 5.59241, 5.64909, 5.70824, 5.77005, 5.83474, 5.90253, 5.97369, 6.04852, 6.12735, 6.21059, 6.29867, 6.39212, 6.49156, 6.59771, 6.71145, 6.83384, 6.96613, 7.10985, 7.26681, 7.43909, 7.62903, 7.83912, 8.07171, 8.32867, 8.61083, 8.91721, 9.24415, 9.58444, 9.92645, 10.2538, 10.5453, 10.776, 10.9187, 10.9466, 10.8364, 10.5713, 10.1437, 9.55745, 8.82659, 7.98422, 7.07204, 6.12153, 5.1737, 4.26623, 3.43011, 2.68749, 2.05094, 1.52385, 1.10194, 0.775284, 0.530555, 0.353071, 0.228436, 0.143666, 0.0878127, 0.0521569, 0.0300993, 0.0168746, 0.00918942, 0.00485998, 0.00249559, 0.00124365, 0.000600849, 0.000280735, 0.000126007, 5.3247e-05, 1.95894e-05, 4.89355e-06, 2.019e-06, 8.08299e-07, 3.13961e-07, 1.18317e-07, 4.32598e-08, 1.53458e-08, 5.28157e-09, 1.76361e-09, 5.71362e-10, 1.79592e-10, 5.47682e-11, 1.62046e-11, 4.65173e-12, 1.29556e-12, 3.50082e-13, 9.17802e-14, 2.33451e-14, 5.76114e-15, 1.3794e-15, 3.20433e-16, 7.2219e-17, 1.57919e-17, 3.3503e-18, 6.89605e-19, 1.37716e-19, 2.6683e-20, 5.01596e-21, 9.14828e-22, 1.6188e-22, 2.77915e-23, 4.62913e-24, 7.4809e-25, 1.17294e-25, 1.78428e-26, 2.63342e-27, 3.77088e-28, 5.23882e-29, 7.06139e-30, 9.23453e-31, 1.17167e-31, 1.44233e-32, 1.72263e-33, 1.99611e-34, 2.24411e-35, 2.44777e-36, 2.59039e-37, 2.65966e-38, 2.64944e-39, 2.56065e-40, 2.40111e-41, 2.18445e-42, 1.92814e-43, 1.65121e-44, 1.37193e-45, 1.10593e-46, 8.64956e-48, 6.56335e-49, 4.83197e-50, 3.45135e-51, 2.39178e-52, 1.60813e-53, 1.04903e-54, 6.63928e-56, 4.07682e-57, 2.42878e-58, 1.40386e-59, 7.87271e-61, 4.28344e-62, 2.26114e-63, 1.15806e-64, 5.75437e-66, 2.77417e-67, 1.29759e-68, 5.88851e-70, 2.59264e-71, 1.1075e-72, 4.59003e-74, 1.84566e-75, 7.20038e-77, 2.72537e-78, 1.00084e-79, 3.56589e-81, 1.23265e-82, 4.13406e-84, 1.34518e-85, 4.24671e-87, 1.30074e-88, 3.86541e-90, 1.11447e-91, 3.11749e-93, 8.46078e-95, 2.22783e-96, 5.69142e-98, 1.41067e-99, 3.39233e-101, 7.91474e-103, 1.79161e-104, 3.93473e-106, 8.38404e-108, 1.73324e-109, 3.47641e-111, 6.76503e-113, 1.27725e-114, 2.33963e-116, 4.15801e-118, 7.16954e-120, 1.1994e-121, 1.94671e-123, 3.06554e-125, 4.68359e-127, 6.94252e-129
3.15599, 3.15681, 3.15764, 3.15848, 3.15932, 3.16018, 3.16105, 3.16192, 3.1628, 3.1637, 3.1646, 3.16551, 3.16644, 3.16737, 3.16831, 3.16926, 3.17022, 3.17119, 3.17217, 3.17316, 3.17416, 3.17518, 3.1762, 3.17723, 3.17827, 3.17933, 3.18039, 3.18147, 3.18255, 3.18365, 3.18476, 3.18588, 3.18701, 3.18815, 3.1893, 3.19047, 3.19165, 3.19284, 3.19404, 3.19525, 3.19647, 3.19771, 3.19896, 3.20022, 3.2015, 3.20279, 3.20409, 3.2054, 3.20673, 3.20806, 3.20942, 3.21078, 3.21216, 3.21356, 3.21496, 3.21638, 3.21782, 3.21927, 3.22073, 3.22221, 3.2237, 3.22521, 3.22673, 3.22826, 3.22982, 3.23138, 3.23297, 3.23456, 3.23618, 3.23781, 3.23945, 3.24111, 3.24279, 3.24449, 3.2462, 3.24793, 3.24967, 3.25143, 3.25321, 3.25501, 3.25682, 3.25866, 3.26051, 3.26238, 3.26426, 3.26617, 3.26809, 3.27004, 3.272, 3.27398, 3.27598, 3.27801, 3.28005, 3.28211, 3.28419, 3.28629, 3.28842, 3.29056, 3.29273, 3.29492, 3.29713, 3.29936, 3.30161, 3.30389, 3.30619, 3.30851, 3.31085, 3.31322, 3.31561, 3.31803, 3.32047, 3.32294, 3.32543, 3.32794, 3.33048, 3.33305, 3.33564, 3.33826, 3.34091, 3.34358, 3.34628, 3.34901, 3.35176, 3.35455, 3.35736, 3.3602, 3.36307, 3.36597, 3.3689, 3.37186, 3.37486, 3.37788, 3.38093, 3.38402, 3.38714, 3.39029, 3.39347, 3.39669, 3.39994, 3.40323, 3.40655, 3.40991, 3.4133, 3.41673, 3.42019, 3.42369, 3.42723, 3.43081, 3.43443, 3.43809, 3.44178, 3.44552, 3.4493, 3.45311, 3.45697, 3.46088, 3.46482, 3.46881, 3.47285, 3.47693, 3.48105, 3.48522, 3.48944, 3.49371, 3.49802, 3.50239, 3.5068, 3.51126, 3.51578, 3.52035, 3.52497, 3.52964, 3.53437, 3.53915, 3.54399, 3.54889, 3.55384, 3.55886, 3.56393, 3.56906, 3.57426, 3.57952, 3.58484, 3.59022, 3.59567, 3.60119, 3.60678, 3.61243, 3.61816, 3.62396, 3.62983, 3.63577, 3.64179, 3.64788, 3.65406, 3.66031, 3.66664, 3.67306, 3.67955, 3.68614, 3.6928, 3.69956, 3.70641, 3.71335, 3.72038, 3.7275, 3.73472, 3.74204, 3.74947, 3.75699, 3.76462, 3.77235, 3.78019, 3.78814, 3.79621, 3.80439, 3.81269, 3.8211, 3.82964, 3.83831, 3.8471, 3.85602, 3.86508, 3.87427, 3.8836, 3.89307, 3.90269, 3.91245, 3.92237, 3.93244, 3.94267, 3.95306, 3.96362, 3.97435, 3.98525, 3.99633, 4.0076, 4.01905, 4.03069, 4.04253, 4.05458, 4.06682, 4.07928, 4.09196, 4.10486, 4.11799, 4.13136, 4.14497, 4.15882, 4.17294, 4.18731, 4.20195, 4.21688, 4.23208, 4.24759, 4.26339, 4.27951, 4.29595, 4.31272, 4.32983, 4.3473, 4.36513, 4.38334, 4.40193, 4.42093, 4.44034, 4.46018, 4.48047, 4.50121, 4.52244, 4.54415, 4.56638, 4.58914, 4.61245, 4.63633, 4.6608, 4.6859, 4.71164, 4.73805, 4.76516, 4.793, 4.8216, 4.85099, 4.88121, 4.9123, 4.94429, 4.97724, 5.01119, 5.04619, 5.08228, 5.11954, 5.15802, 5.19778, 5.2389, 5.28146, 5.32553, 5.37122, 5.41862, 5.46783, 5.51899, 5.57221, 5.62764, 5.68543, 5.74577, 5.80885, 5.87487, 5.94409, 6.01678, 6.09325, 6.17384, 6.25897, 6.3491, 6.44477, 6.54664, 6.65546, 6.77215, 6.89783, 7.03385, 7.18183, 7.34373, 7.52185, 7.7188, 7.93742, 8.18051, 8.45048, 8.74875, 9.07495, 9.42602, 9.79513, 10.1708, 10.5364, 10.8699, 11.1449, 11.3323, 11.4027, 11.3301, 11.095, 10.6876, 10.1104, 9.37848, 8.51932, 7.56974, 6.57239, 5.57127, 4.60731, 3.71467, 2.91831, 2.23291, 1.66325, 1.20568, 0.850284, 0.583216, 0.388979, 0.252211, 0.158951, 0.0973531, 0.0579379, 0.0334999, 0.0188164, 0.0102655, 0.00543894, 0.00279788, 0.00139683, 0.00067615, 0.000316634, 0.000142638, 6.06219e-05, 2.26558e-05, 5.97074e-06, 2.45921e-06, 9.84838e-07, 3.8265e-07, 1.44246e-07, 5.27565e-08, 1.87204e-08, 6.44496e-09, 2.15275e-09, 6.97645e-10, 2.19352e-10, 6.69141e-11, 1.98043e-11, 5.68682e-12, 1.58433e-12, 4.28244e-13, 1.12306e-13, 2.85747e-14, 7.05388e-15, 1.68944e-15, 3.92575e-16, 8.85055e-17, 1.93591e-17, 4.10836e-18, 8.45898e-19, 1.6898e-19, 3.27506e-20, 6.15843e-21, 1.12354e-21, 1.98872e-22, 3.41529e-23, 5.69046e-24, 9.19887e-25, 1.44274e-25, 2.19538e-26, 3.24115e-27, 4.64253e-28, 6.45175e-29, 8.69896e-30, 1.13795e-30, 1.44427e-31, 1.77844e-32, 2.1247e-33, 2.46277e-34, 2.76959e-35, 3.02187e-36, 3.19891e-37, 3.28545e-38, 3.27383e-39, 3.16507e-40, 2.96878e-41, 2.70172e-42, 2.38544e-43, 2.04345e-44, 1.69835e-45, 1.36948e-46, 1.0714e-47, 8.13235e-49, 5.98889e-50, 4.27902e-51, 2.96625e-52, 1.99498e-53, 1.30178e-54, 8.24143e-56, 5.06214e-57, 3.01671e-58, 1.74421e-59, 9.78433e-61, 5.32513e-62, 2.81188e-63, 1.44056e-64, 7.16028e-66, 3.453e-67, 1.61559e-68, 7.33382e-70, 3.22996e-71, 1.38017e-72, 5.72179e-74, 2.30144e-75, 8.98119e-77, 3.40044e-78, 1.24912e-79, 4.45182e-81, 1.53935e-82, 5.16424e-84, 1.6809e-85, 5.30814e-87, 1.62634e-88, 4.83443e-90, 1.39427e-91, 3.90135e-93, 1.05913e-94, 2.78966e-96, 7.12885e-98, 1.76748e-99, 4.25163e-101, 9.92256e-103, 2.24677e-104, 4.93582e-106, 1.05203e-107, 2.17551e-109, 4.36478e-111, 8.4963e-113, 1.60459e-114, 2.94012e-116, 5.22675e-118, 9.015e-120, 1.50857e-121, 2.44925e-123, 3.85803e-125, 5.89611e-127, 8.74242e-129
208.31
176.39
 
MEASUREMENT 3
1.56305, 4.67879, 7.79453, 10.9103, 14.0312, 17.1469, 20.2679, 23.3784, 26.4796, 29.5859, 32.6913, 35.8071, 38.9228, 42.0385, 45.1595, 48.2752, 51.3909, 54.5067, 57.6224, 60.7381, 63.8435, 66.9593, 70.0698, 73.1752, 76.2806, 79.3859, 82.4913, 85.5967, 88.7021, 91.8074, 94.9128, 98.0182, 101.1, 104.148, 107.196, 110.244, 113.292, 116.339, 119.387, 122.435, 125.483, 128.531, 131.574, 134.622, 137.67, 140.718, 143.766, 146.814, 149.861, 152.909, 155.957, 159.005, 162.053, 165.101, 168.149, 171.197, 174.245, 177.293, 180.341, 183.389, 186.436, 189.484, 192.532, 195.58, 198.621, 201.655, 204.688, 207.722, 210.756, 213.794, 216.838, 219.882, 222.926, 225.97, 229.014, 232.058, 235.102, 238.145, 241.189, 244.233, 247.277, 250.321, 253.37, 256.424, 259.478, 262.532, 265.586, 268.64, 271.695, 274.749, 277.803, 280.857, 283.911, 286.97, 290.035, 293.099
2.83326, 2.83641, 2.81823, 2.97464, 2.82118, 2.85049, 3.06649, 3.06825, 3.03251, 3.06501, 3.09241, 3.15735, 3.1571, 3.19455, 3.18966, 3.22105, 3.32062, 3.36553, 3.40964, 3.44577, 3.10695, 3.41693, 3.42421, 3.42035, 3.4924, 3.49765, 3.52211, 3.51342, 3.56476, 3.31294, 3.62066, 3.17121, 3.64059, 3.64293, 3.67157, 3.69324, 3.71055, 3.7413, 3.77744, 3.7933, 3.80918, 3.85228, 3.9049, 3.90823, 3.9557, 4.0201, 4.07767, 4.1166, 4.15569, 4.19498, 4.28267, 4.35352, 4.43523, 4.49966, 4.59254, 4.80783, 4.88515, 4.95177, 5.1487, 5.39352, 5.57666, 5.94677, 6.3002, 7.01836, 8.89128, 10.2636, 11.4308, 10.4573, 5.58976, 1.31676, 0.15798, 0.0301678, 0.00149733, -0.000778497, 0.0197902, 0.0267097, 0.00275851, 0.00153497, -0.00879345, -0.00204139, -0.0121122, -0.188174, -0.00281131, -0.00345674, -0.207151, -0.233817, -0.0660001, -0.031691, -2.93515e-05, -0.00174433, -0.00621591, -0.038181, -0.00590853, -0.00660694, -0.0517658, 0.00292059
0.0849979, 0.0850924, 0.0845468, 0.0892393, 0.0846353, 0.0855147, 0.0919947, 0.0920475, 0.0909754, 0.0919503, 0.0927723, 0.0947206, 0.0947131, 0.0958365, 0.0956898, 0.0966314, 0.0996187, 0.100966, 0.102289, 0.103373, 0.0932085, 0.102508, 0.102726, 0.102611, 0.104772, 0.104929, 0.105663, 0.105402, 0.106943, 0.0993881, 0.10862, 0.0951363, 0.109218, 0.109288, 0.110147, 0.110797, 0.111317, 0.112239, 0.113323, 0.113799, 0.114275, 0.115568, 0.117147, 0.117247, 0.118671, 0.120603, 0.12233, 0.123498, 0.124671, 0.12585, 0.12848, 0.130606, 0.133057, 0.13499, 0.137776, 0.144235, 0.146554, 0.148553, 0.154461, 0.161806, 0.1673, 0.178403, 0.189006, 0.210551, 0.266738, 0.307909, 0.342924, 0.313718, 0.167693, 0.0395029, 0.00473941, 0.000905033, 4.492e-05, 2.33549e-05, 0.000593707, 0.00080129, 8.27554e-05, 4.60491e-05, 0.000263804, 6.12416e-05, 0.000363367, 0.00564522, 8.43393e-05, 0.000103702, 0.00621454, 0.0070145, 0.00198, 0.000950729, 8.80545e-07, 5.23298e-05, 0.000186477, 0.00114543, 0.000177256, 0.000198208, 0.00155297, 8.76178e-05
0, 0.613815, 1.22763, 1.84144, 2.45526, 3.06907, 3.68289, 4.2967, 4.91052, 5.52433, 6.13815, 6.75196, 7.36578, 7.97959, 8.59341, 9.20722, 9.82104, 10.4349, 11.0487, 11.6625, 12.2763, 12.8901, 13.5039, 14.1177, 14.7316, 15.3454, 15.9592, 16.573, 17.1868, 17.8006, 18.4144, 19.0283, 19.6421, 20.2559, 20.8697, 21.4835, 22.0973, 22.7111, 23.325, 23.9388, 24.5526, 25.1664, 25.7802, 26.394, 27.0078, 27.6217, 28.2355, 28.8493, 29.4631, 30.0769, 30.6907, 31.3046, 31.9184, 32.5322, 33.146, 33.7598, 34.3736, 34.9874, 35.6013, 36.2151, 36.8289, 37.4427, 38.0565, 38.6703, 39.2841, 39.898, 40.5118, 41.1256, 41.7394, 42.3532, 42.967, 43.5808, 44.1947, 44.8085, 45.4223, 46.0361, 46.6499, 47.2637, 47.8775, 48.4914, 49.1052, 49.719, 50.3328, 50.9466, 51.5604, 52.1743, 52.7881, 53.4019, 54.0157, 54.6295, 55.2433, 55.8571, 56.471, 57.0848, 57.6986, 58.3124, 58.9262, 59.54, 60.1538, 60.7677, 61.3815, 61.9953, 62.6091, 63.2229, 63.8367, 64.4505, 65.0644, 65.6782, 66.292, 66.9058, 67.5196, 68.1334, 68.7473, 69.3611, 69.9749, 70.5887, 71.2025, 71.8163, 72.4301, 73.044, 73.6578, 74.2716, 74.8854, 75.4992, 76.113, 76.7268, 77.3407, 77.9545, 78.5683, 79.1821, 79.7959, 80.4097, 81.0235, 81.6374, 82.2512, 82.865, 83.4788, 84.0926, 84.7064, 85.3202, 85.9341, 86.5479, 87.1617, 87.7755, 88.3893, 89.0031, 89.617, 90.2308, 90.8446, 91.4584, 92.0722, 92.686, 93.2998, 93.9137, 94.5275, 95.1413, 95.7551, 96.3689, 96.9827, 97.5965, 98.2104, 98.8242, 99.438, 100.052, 100.666, 101.279, 101.893, 102.507, 103.121, 103.735, 104.349, 104.962, 105.576, 106.19, 106.804, 107.418, 108.031, 108.645, 109.259, 109.873, 110.487, 111.1, 111.714, 112.328, 112.942, 113.556, 114.17, 114.783, 115.397, 116.011, 116.625, 117.239, 117.852, 118.466, 119.08, 119.694, 120.308, 120.922, 121.535, 122.149, 122.763, 123.377, 123.991, 124.604, 125.218, 125.832, 126.446, 127.06, 127.673, 128.287, 128.901, 129.515, 130.129, 130.743, 131.356, 131.97, 132.584, 133.198, 133.812, 134.425, 135.039, 135.653, 136.267, 136.881, 137.495, 138.108, 138.722, 139.336, 139.95, 140.564, 141.177, 141.791, 142.405, 143.019, 143.633, 144.246, 144.86, 145.474, 146.088, 146.702, 147.316, 147.929, 148.543, 149.157, 149.771, 150.385, 150.998, 151.612, 152.226, 152.84, 153.454, 154.068, 154.681, 155.295, 155.909, 156.523, 157.137, 157.75, 158.364, 158.978, 159.592, 160.206, 160.819, 161.433, 162.047, 162.661, 163.275, 163.889, 164.502, 165.116, 165.73, 166.344, 166.958, 167.571, 168.185, 168.799, 169.413, 170.027, 170.64, 171.254, 171.868, 172.482, 173.096, 173.71, 174.323, 174.937, 175.551, 176.165, 176.779, 177.392, 178.006, 178.62, 179.234, 179.848, 180.462, 181.075, 181.689, 182.303, 182.917, 183.531, 184.144, 184.758, 185.372, 185.986, 186.6, 187.213, 187.827, 188.441, 189.055, 189.669, 190.283, 190.896, 191.51, 192.124, 192.738, 193.352, 193.965, 194.579, 195.193, 195.807, 196.421, 197.035, 197.648, 198.262, 198.876, 199.49, 200.104, 200.717, 201.331, 201.945, 202.559, 203.173, 203.786, 204.4, 205.014, 205.628, 206.242, 206.856, 207.469, 208.083, 208.697, 209.311, 209.925, 210.538, 211.152, 211.766, 212.38, 212.994, 213.608, 214.221, 214.835, 215.449, 216.063, 216.677, 217.29, 217.904, 218.518, 219.132, 219.746, 220.359, 220.973, 221.587, 222.201, 222.815, 223.429, 224.042, 224.656, 225.27, 225.884, 226.498, 227.111, 227.725, 228.339, 228.953, 229.567, 230.181, 230.794, 231.408, 232.022, 232.636, 233.25, 233.863, 234.477, 235.091, 235.705, 236.319, 236.932, 237.546, 238.16, 238.774, 239.388, 240.002, 240.615, 241.229, 241.843, 242.457, 243.071, 243.684, 244.298, 244.912, 245.526, 246.14, 246.754, 247.367, 247.981, 248.595, 249.209, 249.823, 250.436, 251.05, 251.664, 252.278, 252.892, 253.505, 254.119, 254.733, 255.347, 255.961, 256.575, 257.188, 257.802, 258.416, 259.03, 259.644, 260.257, 260.871, 261.485, 262.099, 262.713, 263.327, 263.94, 264.554, 265.168, 265.782, 266.396, 267.009, 267.623, 268.237, 268.851, 269.465, 270.078, 270.692, 271.306, 271.92, 272.534, 273.148, 273.761, 274.375, 274.989, 275.603, 276.217, 276.83, 277.444, 278.058, 278.672, 279.286, 279.9, 280.513, 281.127, 281.741, 282.355, 282.969, 283.582, 284.196, 284.81, 285.424, 286.038, 286.651, 287.265, 287.879, 288.493, 289.107, 289.721, 290.334, 290.948, 291.562, 292.176, 292.79, 293.403, 294.017
3.14685, 3.14766, 3.14848, 3.14931, 3.15015, 3.151, 3.15185, 3.15272, 3.15359, 3.15448, 3.15537, 3.15628, 3.15719, 3.15811, 3.15904, 3.15999, 3.16094, 3.1619, 3.16287, 3.16386, 3.16485, 3.16585, 3.16686, 3.16789, 3.16892, 3.16997, 3.17102, 3.17209, 3.17316, 3.17425, 3.17535, 3.17646, 3.17758, 3.17872, 3.17986, 3.18102, 3.18218, 3.18336, 3.18455, 3.18576, 3.18697, 3.1882, 3.18944, 3.19069, 3.19196, 3.19324, 3.19453, 3.19583, 3.19715, 3.19848, 3.19982, 3.20117, 3.20254, 3.20393, 3.20532, 3.20673, 3.20816, 3.2096, 3.21105, 3.21252, 3.214, 3.2155, 3.21701, 3.21854, 3.22008, 3.22163, 3.22321, 3.22479, 3.2264, 3.22802, 3.22965, 3.2313, 3.23297, 3.23465, 3.23635, 3.23807, 3.23981, 3.24156, 3.24333, 3.24511, 3.24692, 3.24874, 3.25058, 3.25244, 3.25431, 3.25621, 3.25812, 3.26005, 3.262, 3.26398, 3.26597, 3.26798, 3.27001, 3.27206, 3.27413, 3.27622, 3.27833, 3.28046, 3.28262, 3.2848, 3.28699, 3.28921, 3.29146, 3.29372, 3.29601, 3.29832, 3.30065, 3.30301, 3.30539, 3.30779, 3.31022, 3.31268, 3.31515, 3.31766, 3.32019, 3.32274, 3.32532, 3.32793, 3.33056, 3.33322, 3.33591, 3.33863, 3.34137, 3.34414, 3.34694, 3.34977, 3.35263, 3.35552, 3.35843, 3.36138, 3.36436, 3.36737, 3.37041, 3.37349, 3.37659, 3.37973, 3.3829, 3.38611, 3.38935, 3.39262, 3.39593, 3.39927, 3.40265, 3.40607, 3.40952, 3.41301, 3.41654, 3.4201, 3.42371, 3.42735, 3.43103, 3.43476, 3.43852, 3.44233, 3.44618, 3.45007, 3.454, 3.45798, 3.462, 3.46606, 3.47018, 3.47434, 3.47854, 3.4828, 3.4871, 3.49145, 3.49585, 3.5003, 3.5048, 3.50936, 3.51396, 3.51863, 3.52334, 3.52811, 3.53294, 3.53782, 3.54277, 3.54777, 3.55283, 3.55795, 3.56313, 3.56838, 3.57369, 3.57906, 3.5845, 3.59001, 3.59559, 3.60123, 3.60694, 3.61273, 3.61859, 3.62452, 3.63053, 3.63662, 3.64278, 3.64902, 3.65534, 3.66175, 3.66824, 3.67481, 3.68147, 3.68822, 3.69505, 3.70198, 3.70901, 3.71613, 3.72334, 3.73065, 3.73807, 3.74559, 3.75321, 3.76093, 3.76877, 3.77672, 3.78478, 3.79296, 3.80125, 3.80967, 3.8182, 3.82687, 3.83566, 3.84458, 3.85363, 3.86283, 3.87216, 3.88163, 3.89125, 3.90102, 3.91094, 3.92102, 3.93126, 3.94166, 3.95223, 3.96297, 3.97388, 3.98498, 3.99626, 4.00772, 4.01938, 4.03124, 4.0433, 4.05557, 4.06806, 4.08076, 4.09369, 4.10685, 4.12025, 4.13389, 4.14778, 4.16193, 4.17635, 4.19104, 4.20601, 4.22126, 4.23682, 4.25268, 4.26886, 4.28537, 4.30221, 4.31939, 4.33694, 4.35485, 4.37315, 4.39184, 4.41093, 4.43045, 4.45041, 4.47081, 4.49168, 4.51304, 4.5349, 4.55728, 4.5802, 4.60369, 4.62775, 4.65243, 4.67774, 4.7037, 4.73035, 4.75771, 4.78582, 4.81471, 4.84441, 4.87497, 4.90641, 4.93879, 4.97215, 5.00654, 5.04201, 5.07861, 5.11642, 5.15548, 5.19588, 5.23769, 5.281, 5.32588, 5.37245, 5.4208, 5.47106, 5.52336, 5.57782, 5.63462, 5.69393, 5.75594, 5.82086, 5.88894, 5.96045, 6.03571, 6.11508, 6.19897, 6.28785, 6.3823, 6.48297, 6.59066, 6.70631, 6.83103, 6.96615, 7.11319, 7.2739, 7.45017, 7.64396, 7.85707, 8.09092, 8.34606, 8.62173, 8.91518, 9.22111, 9.53109, 9.83315, 10.1118, 10.3484, 10.5221, 10.6113, 10.5957, 10.4584, 10.1878, 9.77992, 9.23879, 8.57602, 7.81775, 6.99964, 6.14361, 5.28217, 4.44597, 3.6614, 2.9488, 2.32155, 1.78602, 1.34224, 0.98512, 0.705914, 0.49377, 0.337074, 0.224531, 0.14592, 0.092508, 0.0572028, 0.0344968, 0.020287, 0.0116329, 0.00650325, 0.0035439, 0.00188201, 0.000973484, 0.000489937, 0.000239298, 0.000112692, 5.02197e-05, 1.98034e-05, 5.00205e-06, 2.19896e-06, 9.41704e-07, 3.92809e-07, 1.59594e-07, 6.31575e-08, 2.43446e-08, 9.14006e-09, 3.34246e-09, 1.19057e-09, 4.13058e-10, 1.39585e-10, 4.59449e-11, 1.47301e-11, 4.59984e-12, 1.39911e-12, 4.14505e-13, 1.19613e-13, 3.36199e-14, 9.20417e-15, 2.45439e-15, 6.37488e-16, 1.61276e-16, 3.97411e-17, 9.53847e-18, 2.22991e-18, 5.0777e-19, 1.1262e-19, 2.43296e-20, 5.11946e-21, 1.04926e-21, 2.09466e-22, 4.07298e-23, 7.71403e-24, 1.42305e-24, 2.557e-25, 4.47517e-26, 7.62885e-27, 1.26671e-27, 2.04865e-28, 3.22721e-29, 4.95173e-30, 7.40042e-31, 1.07727e-31, 1.52744e-32, 2.10948e-33, 2.83762e-34, 3.71795e-35, 4.74485e-36, 5.8981e-37, 7.1412e-38, 8.42172e-39, 9.67386e-40, 1.08235e-40, 1.17953e-41, 1.25204e-42, 1.29448e-43, 1.3036e-44, 1.27868e-45, 1.22166e-46, 1.13687e-47, 1.03048e-48, 9.09781e-50, 7.82357e-51, 6.55305e-52, 5.34628e-53, 4.24844e-54, 3.28834e-55, 2.4791e-56, 1.82046e-57, 1.30209e-58, 9.07124e-60, 6.15551e-61, 4.06847e-62, 2.61919e-63, 1.64238e-64, 1.00311e-65, 5.96756e-67, 3.4579e-68, 1.95164e-69, 1.07289e-70, 5.74487e-72, 2.99623e-73, 1.52209e-74, 7.53139e-76, 3.62978e-77, 1.70394e-78, 7.7911e-80, 3.46987e-81, 1.50521e-82, 6.3599e-84, 2.61742e-85, 1.04922e-86, 4.09666e-88, 1.55798e-89, 5.77118e-91, 2.08227e-92, 7.31776e-94, 2.5049e-95, 8.35163e-97, 2.7122e-98, 8.57912e-100, 2.64322e-101, 7.93219e-103, 2.31858e-104, 6.60119e-106, 1.83059e-107, 4.94459e-109, 1.30088e-110, 3.33363e-112, 8.32079e-114
3.14685, 3.14767, 3.14851, 3.14935, 3.15021, 3.15107, 3.15194, 3.15282, 3.15371, 3.15461, 3.15552, 3.15644, 3.15737, 3.1583, 3.15925, 3.16021, 3.16118, 3.16215, 3.16314, 3.16414, 3.16515, 3.16617, 3.1672, 3.16824, 3.16929, 3.17035, 3.17142, 3.1725, 3.17359, 3.1747, 3.17581, 3.17694, 3.17808, 3.17923, 3.18039, 3.18156, 3.18275, 3.18395, 3.18515, 3.18637, 3.18761, 3.18885, 3.19011, 3.19138, 3.19266, 3.19396, 3.19527, 3.19659, 3.19792, 3.19927, 3.20063, 3.20201, 3.2034, 3.2048, 3.20621, 3.20764, 3.20909, 3.21055, 3.21202, 3.21351, 3.21501, 3.21652, 3.21806, 3.2196, 3.22116, 3.22274, 3.22433, 3.22594, 3.22757, 3.22921, 3.23086, 3.23253, 3.23422, 3.23593, 3.23765, 3.23939, 3.24115, 3.24292, 3.24471, 3.24652, 3.24835, 3.25019, 3.25205, 3.25393, 3.25583, 3.25775, 3.25969, 3.26164, 3.26362, 3.26561, 3.26763, 3.26966, 3.27172, 3.27379, 3.27589, 3.27801, 3.28014, 3.2823, 3.28448, 3.28668, 3.28891, 3.29115, 3.29342, 3.29571, 3.29803, 3.30037, 3.30273, 3.30511, 3.30752, 3.30995, 3.31241, 3.31489, 3.3174, 3.31993, 3.32249, 3.32507, 3.32768, 3.33032, 3.33298, 3.33567, 3.33839, 3.34114, 3.34391, 3.34672, 3.34955, 3.35241, 3.3553, 3.35822, 3.36117, 3.36415, 3.36716, 3.37021, 3.37328, 3.37639, 3.37953, 3.38271, 3.38591, 3.38915, 3.39243, 3.39574, 3.39909, 3.40247, 3.40588, 3.40934, 3.41283, 3.41636, 3.41992, 3.42353, 3.42717, 3.43085, 3.43458, 3.43834, 3.44215, 3.446, 3.44989, 3.45382, 3.4578, 3.46182, 3.46588, 3.47, 3.47415, 3.47836, 3.48261, 3.48691, 3.49126, 3.49566, 3.50011, 3.50461, 3.50916, 3.51376, 3.51842, 3.52314, 3.5279, 3.53273, 3.53761, 3.54255, 3.54754, 3.5526, 3.55771, 3.56289, 3.56813, 3.57344, 3.57881, 3.58424, 3.58974, 3.59531, 3.60095, 3.60665, 3.61243, 3.61828, 3.62421, 3.63021, 3.63628, 3.64243, 3.64866, 3.65498, 3.66137, 3.66785, 3.67441, 3.68106, 3.68779, 3.69462, 3.70153, 3.70854, 3.71564, 3.72284, 3.73014, 3.73754, 3.74503, 3.75264, 3.76035, 3.76816, 3.77609, 3.78413, 3.79228, 3.80056, 3.80895, 3.81746, 3.8261, 3.83486, 3.84376, 3.85278, 3.86195, 3.87125, 3.88069, 3.89028, 3.90001, 3.9099, 3.91994, 3.93014, 3.9405, 3.95103, 3.96172, 3.97259, 3.98364, 3.99487, 4.00629, 4.0179, 4.0297, 4.04171, 4.05392, 4.06635, 4.07899, 4.09185, 4.10494, 4.11827, 4.13184, 4.14566, 4.15973, 4.17406, 4.18867, 4.20355, 4.21872, 4.23418, 4.24994, 4.26601, 4.28241, 4.29914, 4.31621, 4.33363, 4.35141, 4.36957, 4.38812, 4.40707, 4.42644, 4.44623, 4.46647, 4.48717, 4.50834, 4.53001, 4.55219, 4.57489, 4.59816, 4.62199, 4.64642, 4.67146, 4.69716, 4.72352, 4.75058, 4.77837, 4.80692, 4.83627, 4.86645, 4.8975, 4.92945, 4.96237, 4.99628, 5.03124, 5.06731, 5.10454, 5.143, 5.18275, 5.22386, 5.26642, 5.3105, 5.35621, 5.40364, 5.4529, 5.50412, 5.55742, 5.61295, 5.67088, 5.73138, 5.79465, 5.86092, 5.93045, 6.0035, 6.08042, 6.16157, 6.24737, 6.33834, 6.43506, 6.53824, 6.64869, 6.76742, 6.89562, 7.03471, 7.18636, 7.35249, 7.53521, 7.73678, 7.95937, 8.20479, 8.47408, 8.76692, 9.08105, 9.41149, 9.74997, 10.0844, 10.3988, 10.6737, 10.8868, 11.0149, 11.0357, 10.93, 10.6845, 10.2933, 9.75984, 9.09692, 8.32612, 7.47613, 6.58014, 5.67286, 4.78743, 3.95273, 3.19136, 2.51859, 1.94215, 1.46289, 1.07604, 0.772715, 0.54162, 0.370486, 0.247272, 0.161006, 0.102262, 0.0633489, 0.0382708, 0.0225452, 0.0129496, 0.00725134, 0.00395801, 0.00210536, 0.00109085, 0.000549989, 0.000269206, 0.000127228, 5.70097e-05, 2.28008e-05, 6.1003e-06, 2.6771e-06, 1.14677e-06, 4.78475e-07, 1.94451e-07, 7.69721e-08, 2.96774e-08, 1.11452e-08, 4.07682e-09, 1.45253e-09, 5.04077e-10, 1.70389e-10, 5.60988e-11, 1.79902e-11, 5.61941e-12, 1.70968e-12, 5.0665e-13, 1.46242e-13, 4.11155e-14, 1.12593e-14, 3.0032e-15, 7.8024e-16, 1.97443e-16, 4.86661e-17, 1.16837e-17, 2.73216e-18, 6.22301e-19, 1.38059e-19, 2.98332e-20, 6.2792e-21, 1.2873e-21, 2.57054e-22, 4.99964e-23, 9.4716e-24, 1.74775e-24, 3.14125e-25, 5.49918e-26, 9.37698e-27, 1.55739e-27, 2.51943e-28, 3.96988e-29, 6.09287e-30, 9.10829e-31, 1.32624e-31, 1.88095e-32, 2.59837e-33, 3.49619e-34, 4.58205e-35, 5.84918e-36, 7.27276e-37, 8.80792e-38, 1.03901e-38, 1.1938e-39, 1.33603e-40, 1.45636e-41, 1.5463e-42, 1.59915e-43, 1.61084e-44, 1.58047e-45, 1.51039e-46, 1.40593e-47, 1.27469e-48, 1.12569e-49, 9.68282e-51, 8.1125e-52, 6.62029e-53, 5.26223e-54, 4.0741e-55, 3.07231e-56, 2.25666e-57, 1.6145e-58, 1.12507e-59, 7.63645e-61, 5.04862e-62, 3.25105e-63, 2.03913e-64, 1.24576e-65, 7.41304e-67, 4.29661e-68, 2.42564e-69, 1.33382e-70, 7.14391e-72, 3.72688e-73, 1.89376e-74, 9.37288e-76, 4.51847e-77, 2.12168e-78, 9.70371e-80, 4.3228e-81, 1.8757e-82, 7.92739e-84, 3.26338e-85, 1.3085e-86, 5.11034e-88, 1.944e-89, 7.20297e-91, 2.59954e-92, 9.13802e-94, 3.12879e-95, 1.04345e-96, 3.3895e-98, 1.07243e-99, 3.305e-101, 9.92076e-103, 2.9006e-104, 8.26037e-106, 2.2913e-107, 6.1906e-109, 1.62912e-110, 4.17585e-112, 1.04257e-113
207.72
176.11
 
MEASUREMENT 4
1.56305, 4.67879, 7.79453, 10.9103, 14.0312, 17.1469, 20.2679, 23.3784, 26.4796, 29.5859, 32.6913, 35.8071, 38.9228, 42.0385, 45.1595, 48.2752, 51.3909, 54.5067, 57.6224, 60.7381, 63.8435, 66.9593, 70.0698, 73.1752, 76.2806, 79.3859, 82.4913, 85.5967, 88.7021, 91.8074, 94.9128, 98.0182, 101.1, 104.148, 107.196, 110.244, 113.292, 116.339, 119.387, 122.435, 125.483, 128.531, 131.574, 134.622, 137.67, 140.718, 143.766, 146.814, 149.861, 152.909, 155.957, 159.005, 162.053, 165.101, 168.149, 171.197, 174.245, 177.293, 180.341, 183.389, 186.436, 189.484, 192.532, 195.58, 198.621, 201.655, 204.688, 207.722, 210.756, 213.794, 216.838, 219.882, 222.926, 225.97, 229.014, 232.058, 235.102, 238.145, 241.189, 244.233, 247.277, 250.321, 253.37, 256.424, 259.478, 262.532, 265.586, 268.64, 271.695, 274.749, 277.803, 280.857, 283.911, 286.97, 290.035, 293.099
2.83608, 2.83237, 2.82244, 2.97448, 2.82016, 2.85263, 3.08204, 3.06888, 3.02925, 3.06223, 3.09204, 3.15723, 3.15691, 3.19826, 3.19284, 3.22459, 3.32269, 3.3666, 3.41175, 3.45467, 3.10042, 3.41865, 3.42445, 3.42846, 3.49377, 3.49953, 3.52582, 3.51573, 3.56576, 3.3103, 3.62293, 3.16494, 3.64356, 3.64686, 3.677, 3.69285, 3.71558, 3.74168, 3.78079, 3.79983, 3.81077, 3.85437, 3.90619, 3.90919, 3.95778, 4.0186, 4.07618, 4.12225, 4.16134, 4.19911, 4.28603, 4.35236, 4.44124, 4.50295, 4.59162, 4.80968, 4.8841, 4.95578, 5.1548, 5.3966, 5.58271, 5.94688, 6.30139, 7.01855, 8.90167, 10.2321, 11.4366, 10.4646, 5.54226, 1.31339, 0.146901, 0.0285827, 0.000613723, -0.00140278, 0.0162721, 0.0196301, 0.000990375, 0.00165607, -0.00917692, -0.00198601, -0.0122063, -0.148772, -0.0027456, -0.00282292, -0.160974, -0.188046, -0.0562367, -0.0283006, 0.00123065, -0.00286399, -0.00619623, -0.0295082, -0.00755596, -0.00635482, -0.0455247, -0.00263641
0.0850823, 0.084971, 0.0846731, 0.0892344, 0.0846048, 0.0855789, 0.0924612, 0.0920665, 0.0908775, 0.0918668, 0.0927613, 0.0947168, 0.0947073, 0.0959478, 0.0957852, 0.0967378, 0.0996806, 0.100998, 0.102352, 0.10364, 0.0930127, 0.10256, 0.102733, 0.102854, 0.104813, 0.104986, 0.105774, 0.105472, 0.106973, 0.099309, 0.108688, 0.0949482, 0.109307, 0.109406, 0.11031, 0.110786, 0.111468, 0.11225, 0.113424, 0.113995, 0.114323, 0.115631, 0.117186, 0.117276, 0.118733, 0.120558, 0.122286, 0.123667, 0.12484, 0.125973, 0.128581, 0.130571, 0.133237, 0.135088, 0.137749, 0.14429, 0.146523, 0.148673, 0.154644, 0.161898, 0.167481, 0.178406, 0.189042, 0.210556, 0.26705, 0.306962, 0.343097, 0.313937, 0.166268, 0.0394017, 0.00440702, 0.000857481, 1.84117e-05, 4.20835e-05, 0.000488164, 0.000588904, 2.97112e-05, 4.96822e-05, 0.000275308, 5.95803e-05, 0.00036619, 0.00446315, 8.2368e-05, 8.46876e-05, 0.00482922, 0.00564139, 0.0016871, 0.000849019, 3.69195e-05, 8.59196e-05, 0.000185887, 0.000885245, 0.000226679, 0.000190645, 0.00136574, 7.90923e-05
0, 0.613815, 1.22763, 1.84144, 2.45526, 3.06907, 3.68289, 4.2967, 4.91052, 5.52433, 6.13815, 6.75196, 7.36578, 7.97959, 8.59341, 9.20722, 9.82104, 10.4349, 11.0487, 11.6625, 12.2763, 12.8901, 13.5039, 14.1177, 14.7316, 15.3454, 15.9592, 16.573, 17.1868, 17.8006, 18.4144, 19.0283, 19.6421, 20.2559, 20.8697, 21.4835, 22.0973, 22.7111, 23.325, 23.9388, 24.5526, 25.1664, 25.7802, 26.394, 27.0078, 27.6217, 28.2355, 28.8493, 29.4631, 30.0769, 30.6907, 31.3046, 31.9184, 32.5322, 33.146, 33.7598, 34.3736, 34.9874, 35.6013, 36.2151, 36.8289, 37.4427, 38.0565, 38.6703, 39.2841, 39.898, 40.5118, 41.1256, 41.7394, 42.3532, 42.967, 43.5808, 44.1947, 44.8085, 45.4223, 46.0361, 46.6499, 47.2637, 47.8775, 48.4914, 49.1052, 49.719, 50.3328, 50.9466, 51.5604, 52.1743, 52.7881, 53.4019, 54.0157, 54.6295, 55.2433, 55.8571, 56.471, 57.0848, 57.6986, 58.3124, 58.9262, 59.54, 60.1538, 60.7677, 61.3815, 61.9953, 62.6091, 63.2229, 63.8367, 64.4505, 65.0644, 65.6782, 66.292, 66.9058, 67.5196, 68.1334, 68.7473, 69.3611, 69.9749, 70.5887, 71.2025, 71.8163, 72.4301, 73.044, 73.6578, 74.2716, 74.8854, 75.4992, 76.113, 76.7268, 77.3407, 77.9545, 78.5683, 79.1821, 79.7959, 80.4097, 81.0235, 81.6374, 82.2512, 82.865, 83.4788, 84.0926, 84.7064, 85.3202, 85.9341, 86.5479, 87.1617, 87.7755, 88.3893, 89.0031, 89.617, 90.2308, 90.8446, 91.4584, 92.0722, 92.686, 93.2998, 93.9137, 94.5275, 95.1413, 95.7551, 96.3689, 96.9827, 97.5965, 98.2104, 98.8242, 99.438, 100.052, 100.666, 101.279, 101.893, 102.507, 103.121, 103.735, 104.349, 104.962, 105.576, 106.19, 106.804, 107.418, 108.031, 108.645, 109.259, 109.873, 110.487, 111.1, 111.714, 112.328, 112.942, 113.556, 114.17, 114.783, 115.397, 116.011, 116.625, 117.239, 117.852, 118.466, 119.08, 119.694, 120.308, 120.922, 121.535, 122.149, 122.763, 123.377, 123.991, 124.604, 125.218, 125.832, 126.446, 127.06, 127.673, 128.287, 128.901, 129.515, 130.129, 130.743, 131.356, 131.97, 132.584, 133.198, 133.812, 134.425, 135.039, 135.653, 136.267, 136.881, 137.495, 138.108, 138.722, 139.336, 139.95, 140.564, 141.177, 141.791, 142.405, 143.019, 143.633, 144.246, 144.86, 145.474, 146.088, 146.702, 147.316, 147.929, 148.543, 149.157, 149.771, 150.385, 150.998, 151.612, 152.226, 152.84, 153.454, 154.068, 154.681, 155.295, 155.909, 156.523, 157.137, 157.75, 158.364, 158.978, 159.592, 160.206, 160.819, 161.433, 162.047, 162.661, 163.275, 163.889, 164.502, 165.116, 165.73, 166.344, 166.958, 167.571, 168.185, 168.799, 169.413, 170.027, 170.64, 171.254, 171.868, 172.482, 173.096, 173.71, 174.323, 174.937, 175.551, 176.165, 176.779, 177.392, 178.006, 178.62, 179.234, 179.848, 180.462, 181.075, 181.689, 182.303, 182.917, 183.531, 184.144, 184.758, 185.372, 185.986, 186.6, 187.213, 187.827, 188.441, 189.055, 189.669, 190.283, 190.896, 191.51, 192.124, 192.738, 193.352, 193.965, 194.579, 195.193, 195.807, 196.421, 197.035, 197.648, 198.262, 198.876, 199.49, 200.104, 200.717, 201.331, 201.945, 202.559, 203.173, 203.786, 204.4, 205.014, 205.628, 206.242, 206.856, 207.469, 208.083, 208.697, 209.311, 209.925, 210.538, 211.152, 211.766, 212.38, 212.994, 213.608, 214.221, 214.835, 215.449, 216.063, 216.677, 217.29, 217.904, 218.518, 219.132, 219.746, 220.359, 220.973, 221.587, 222.201, 222.815, 223.429, 224.042, 224.656, 225.27, 225.884, 226.498, 227.111, 227.725, 228.339, 228.953, 229.567, 230.181, 230.794, 231.408, 232.022, 232.636, 233.25, 233.863, 234.477, 235.091, 235.705, 236.319, 236.932, 237.546, 238.16, 238.774, 239.388, 240.002, 240.615, 241.229, 241.843, 242.457, 243.071, 243.684, 244.298, 244.912, 245.526, 246.14, 246.754, 247.367, 247.981, 248.595, 249.209, 249.823, 250.436, 251.05, 251.664, 252.278, 252.892, 253.505, 254.119, 254.733, 255.347, 255.961, 256.575, 257.188, 257.802, 258.416, 259.03, 259.644, 260.257, 260.871, 261.485, 262.099, 262.713, 263.327, 263.94, 264.554, 265.168, 265.782, 266.396, 267.009, 267.623, 268.237, 268.851, 269.465, 270.078, 270.692, 271.306, 271.92, 272.534, 273.148, 273.761, 274.375, 274.989, 275.603, 276.217, 276.83, 277.444, 278.058, 278.672, 279.286, 279.9, 280.513, 281.127, 281.741, 282.355, 282.969, 283.582, 284.196, 284.81, 285.424, 286.038, 286.651, 287.265, 287.879, 288.493, 289.107, 289.721, 290.334, 290.948, 291.562, 292.176, 292.79, 293.403, 294.017
3.15352, 3.15433, 3.15515, 3.15598, 3.15681, 3.15765, 3.15851, 3.15937, 3.16024, 3.16112, 3.16201, 3.16291, 3.16382, 3.16474, 3.16567, 3.1666, 3.16755, 3.16851, 3.16948, 3.17046, 3.17144, 3.17244, 3.17345, 3.17447, 3.1755, 3.17654, 3.17759, 3.17865, 3.17972, 3.18081, 3.1819, 3.18301, 3.18412, 3.18525, 3.18639, 3.18754, 3.1887, 3.18988, 3.19106, 3.19226, 3.19347, 3.1947, 3.19593, 3.19718, 3.19844, 3.19971, 3.20099, 3.20229, 3.2036, 3.20493, 3.20626, 3.20761, 3.20898, 3.21036, 3.21175, 3.21315, 3.21457, 3.216, 3.21745, 3.21891, 3.22039, 3.22188, 3.22338, 3.2249, 3.22644, 3.22799, 3.22955, 3.23113, 3.23273, 3.23434, 3.23597, 3.23762, 3.23928, 3.24095, 3.24265, 3.24436, 3.24608, 3.24783, 3.24959, 3.25137, 3.25316, 3.25498, 3.25681, 3.25866, 3.26053, 3.26242, 3.26432, 3.26625, 3.26819, 3.27015, 3.27213, 3.27414, 3.27616, 3.2782, 3.28026, 3.28234, 3.28445, 3.28657, 3.28872, 3.29088, 3.29307, 3.29528, 3.29752, 3.29977, 3.30205, 3.30435, 3.30667, 3.30902, 3.31139, 3.31378, 3.3162, 3.31864, 3.32111, 3.3236, 3.32612, 3.32867, 3.33123, 3.33383, 3.33645, 3.3391, 3.34178, 3.34448, 3.34721, 3.34997, 3.35276, 3.35557, 3.35842, 3.36129, 3.3642, 3.36713, 3.3701, 3.37309, 3.37612, 3.37918, 3.38227, 3.3854, 3.38855, 3.39174, 3.39497, 3.39823, 3.40152, 3.40485, 3.40821, 3.41161, 3.41504, 3.41852, 3.42203, 3.42558, 3.42916, 3.43279, 3.43645, 3.44016, 3.4439, 3.44769, 3.45152, 3.45539, 3.4593, 3.46326, 3.46726, 3.47131, 3.4754, 3.47953, 3.48372, 3.48795, 3.49223, 3.49656, 3.50093, 3.50536, 3.50984, 3.51437, 3.51895, 3.52359, 3.52828, 3.53302, 3.53782, 3.54268, 3.54759, 3.55257, 3.5576, 3.56269, 3.56784, 3.57306, 3.57834, 3.58368, 3.58909, 3.59456, 3.6001, 3.60571, 3.61139, 3.61715, 3.62297, 3.62886, 3.63484, 3.64088, 3.64701, 3.65321, 3.65949, 3.66585, 3.6723, 3.67883, 3.68545, 3.69215, 3.69894, 3.70582, 3.7128, 3.71987, 3.72703, 3.7343, 3.74166, 3.74912, 3.75669, 3.76436, 3.77214, 3.78003, 3.78803, 3.79615, 3.80438, 3.81273, 3.8212, 3.8298, 3.83852, 3.84737, 3.85636, 3.86548, 3.87473, 3.88413, 3.89367, 3.90336, 3.9132, 3.92319, 3.93334, 3.94365, 3.95413, 3.96477, 3.97559, 3.98658, 3.99776, 4.00912, 4.02067, 4.03242, 4.04437, 4.05652, 4.06888, 4.08146, 4.09426, 4.10728, 4.12054, 4.13404, 4.14779, 4.16179, 4.17605, 4.19058, 4.20538, 4.22047, 4.23585, 4.25153, 4.26752, 4.28383, 4.30047, 4.31745, 4.33477, 4.35246, 4.37052, 4.38897, 4.40782, 4.42707, 4.44676, 4.46688, 4.48746, 4.50851, 4.53006, 4.55211, 4.57468, 4.59781, 4.6215, 4.64578, 4.67068, 4.69621, 4.72241, 4.7493, 4.77692, 4.80529, 4.83445, 4.86443, 4.89527, 4.92702, 4.95971, 4.99338, 5.0281, 5.06392, 5.10088, 5.13906, 5.17851, 5.21931, 5.26154, 5.30527, 5.35061, 5.39765, 5.44649, 5.49726, 5.55008, 5.6051, 5.66248, 5.72238, 5.785, 5.85057, 5.91931, 5.9915, 6.06746, 6.14754, 6.23213, 6.32173, 6.41685, 6.51816, 6.62643, 6.74257, 6.86769, 7.00314, 7.15051, 7.31171, 7.48891, 7.68453, 7.90108, 8.14086, 8.40555, 8.69559, 9.00936, 9.34227, 9.68588, 10.0271, 10.348, 10.6259, 10.8347, 10.9467, 10.9356, 10.7793, 10.4634, 9.98379, 9.3476, 8.57027, 7.70153, 6.76838, 5.81021, 4.86784, 3.97744, 3.16755, 2.45731, 1.85615, 1.3646, 0.976083, 0.679081, 0.459405, 0.302139, 0.193137, 0.119975, 0.0724131, 0.0424598, 0.0241832, 0.0133774, 0.00718578, 0.00374757, 0.00189694, 0.000931346, 0.000442885, 0.000203226, 8.9053e-05, 3.60109e-05, 1.13849e-05, 3.37611e-06, 1.37052e-06, 5.39718e-07, 2.06167e-07, 7.6391e-08, 2.74559e-08, 9.57191e-09, 3.23692e-09, 1.06178e-09, 3.37839e-10, 1.04269e-10, 3.12154e-11, 9.06472e-12, 2.55335e-12, 6.97646e-13, 1.84897e-13, 4.75332e-14, 1.18531e-14, 2.86708e-15, 6.72691e-16, 1.53096e-16, 3.37971e-17, 7.23714e-18, 1.50323e-18, 3.02867e-19, 5.91902e-20, 1.12206e-20, 2.06327e-21, 3.68013e-22, 6.36711e-23, 1.06854e-23, 1.73944e-24, 2.74662e-25, 4.20685e-26, 6.25008e-27, 9.0071e-28, 1.25908e-28, 1.70724e-29, 2.24545e-30, 2.86472e-31, 3.54513e-32, 4.25551e-33, 4.95497e-34, 5.59629e-35, 6.13098e-36, 6.51523e-37, 6.71583e-38, 6.7149e-39, 6.51252e-40, 6.12673e-41, 5.59086e-42, 4.94878e-43, 4.24902e-44, 3.53873e-45, 2.85876e-46, 2.24015e-47, 1.70273e-48, 1.25541e-49, 8.97834e-51, 6.22838e-52, 4.19107e-53, 2.73555e-54, 1.73194e-55, 1.06363e-56, 6.33609e-58, 3.66117e-59, 2.05205e-60, 1.11565e-61, 5.8835e-63, 3.00964e-64, 1.49335e-65, 7.18754e-67, 3.35558e-68, 1.51959e-69, 6.67503e-71, 2.84413e-72, 1.17549e-73, 4.71253e-75, 1.83257e-76, 6.91253e-78, 2.5292e-79, 8.97634e-81, 3.09019e-82, 1.03191e-83, 3.34245e-85, 1.05017e-86, 3.20055e-88, 9.46148e-90, 2.71308e-91, 7.54635e-93, 2.03601e-94, 5.32836e-96, 1.35262e-97, 3.33065e-99, 7.9552e-101, 1.84307e-102, 4.14194e-104, 9.02891e-106, 1.90913e-107, 3.91567e-109, 7.79015e-111, 1.50333e-112, 2.81407e-114, 5.10956e-116, 8.99915e-118, 1.53741e-119, 2.54769e-121, 4.09519e-123, 6.38514e-125, 9.65686e-127, 1.41668e-128, 2.01594e-130
3.15352, 3.15435, 3.15518, 3.15602, 3.15687, 3.15773, 3.15859, 3.15947, 3.16036, 3.16125, 3.16216, 3.16307, 3.164, 3.16493, 3.16587, 3.16683, 3.16779, 3.16876, 3.16975, 3.17074, 3.17174, 3.17276, 3.17378, 3.17482, 3.17586, 3.17692, 3.17799, 3.17906, 3.18015, 3.18125, 3.18236, 3.18349, 3.18462, 3.18576, 3.18692, 3.18809, 3.18927, 3.19046, 3.19166, 3.19288, 3.19411, 3.19535, 3.1966, 3.19787, 3.19914, 3.20043, 3.20174, 3.20305, 3.20438, 3.20572, 3.20708, 3.20845, 3.20983, 3.21123, 3.21264, 3.21406, 3.2155, 3.21695, 3.21842, 3.2199, 3.22139, 3.2229, 3.22443, 3.22597, 3.22752, 3.2291, 3.23068, 3.23228, 3.2339, 3.23553, 3.23718, 3.23885, 3.24053, 3.24223, 3.24394, 3.24568, 3.24742, 3.24919, 3.25097, 3.25277, 3.25459, 3.25643, 3.25829, 3.26016, 3.26205, 3.26396, 3.26589, 3.26784, 3.2698, 3.27179, 3.2738, 3.27582, 3.27787, 3.27994, 3.28202, 3.28413, 3.28626, 3.28841, 3.29058, 3.29277, 3.29499, 3.29722, 3.29948, 3.30176, 3.30407, 3.30639, 3.30875, 3.31112, 3.31352, 3.31594, 3.31839, 3.32086, 3.32335, 3.32588, 3.32842, 3.33099, 3.33359, 3.33622, 3.33887, 3.34155, 3.34426, 3.34699, 3.34975, 3.35254, 3.35536, 3.35821, 3.36109, 3.36399, 3.36693, 3.3699, 3.3729, 3.37593, 3.37899, 3.38208, 3.38521, 3.38837, 3.39156, 3.39479, 3.39805, 3.40134, 3.40467, 3.40804, 3.41144, 3.41487, 3.41835, 3.42186, 3.42541, 3.42899, 3.43262, 3.43629, 3.43999, 3.44374, 3.44753, 3.45135, 3.45522, 3.45914, 3.46309, 3.4671, 3.47114, 3.47523, 3.47937, 3.48355, 3.48778, 3.49206, 3.49638, 3.50076, 3.50518, 3.50966, 3.51419, 3.51877, 3.5234, 3.52809, 3.53283, 3.53763, 3.54248, 3.54739, 3.55236, 3.55739, 3.56247, 3.56762, 3.57283, 3.57811, 3.58344, 3.58885, 3.59431, 3.59985, 3.60545, 3.61112, 3.61687, 3.62268, 3.62857, 3.63453, 3.64057, 3.64668, 3.65288, 3.65915, 3.6655, 3.67194, 3.67845, 3.68506, 3.69175, 3.69853, 3.7054, 3.71236, 3.71941, 3.72656, 3.73381, 3.74116, 3.7486, 3.75615, 3.76381, 3.77157, 3.77944, 3.78742, 3.79551, 3.80372, 3.81205, 3.8205, 3.82907, 3.83777, 3.84659, 3.85555, 3.86464, 3.87386, 3.88323, 3.89274, 3.90239, 3.9122, 3.92215, 3.93227, 3.94254, 3.95298, 3.96358, 3.97435, 3.9853, 3.99643, 4.00774, 4.01925, 4.03094, 4.04283, 4.05493, 4.06723, 4.07975, 4.09249, 4.10545, 4.11864, 4.13207, 4.14575, 4.15967, 4.17385, 4.1883, 4.20302, 4.21801, 4.2333, 4.24889, 4.26477, 4.28098, 4.29751, 4.31437, 4.33158, 4.34914, 4.36708, 4.38539, 4.40409, 4.4232, 4.44273, 4.46269, 4.4831, 4.50398, 4.52533, 4.54719, 4.56956, 4.59247, 4.61594, 4.63998, 4.66463, 4.68991, 4.71583, 4.74243, 4.76975, 4.79779, 4.82661, 4.85623, 4.8867, 4.91804, 4.9503, 4.98353, 5.01777, 5.05307, 5.08949, 5.12709, 5.16593, 5.20607, 5.2476, 5.29058, 5.33511, 5.38128, 5.42919, 5.47895, 5.53069, 5.58453, 5.64063, 5.69915, 5.76026, 5.82417, 5.8911, 5.9613, 6.03505, 6.11268, 6.19455, 6.28108, 6.37277, 6.47018, 6.57398, 6.68499, 6.80418, 6.93271, 7.07201, 7.22382, 7.39019, 7.57353, 7.77656, 8.00215, 8.25309, 8.53162, 8.8388, 9.17362, 9.53205, 9.90601, 10.2824, 10.643, 10.9639, 11.2177, 11.3743, 11.4047, 11.2842, 10.9957, 10.5329, 9.90223, 9.12318, 8.22678, 7.25266, 6.24492, 5.24751, 4.29995, 3.43389, 2.67109, 2.02287, 1.4909, 1.06902, 0.745488, 0.50548, 0.333176, 0.213434, 0.13286, 0.0803521, 0.0472075, 0.0269388, 0.0149294, 0.00803423, 0.00419761, 0.00212857, 0.00104701, 0.000498894, 0.000229633, 0.000101011, 4.11878e-05, 1.34033e-05, 4.11741e-06, 1.66971e-06, 6.57744e-07, 2.51329e-07, 9.31536e-08, 3.34909e-08, 1.16795e-08, 3.95086e-09, 1.29637e-09, 4.12607e-10, 1.27384e-10, 3.81473e-11, 1.10811e-11, 3.12228e-12, 8.53358e-13, 2.26235e-13, 5.81782e-14, 1.45121e-14, 3.51132e-15, 8.24103e-16, 1.87613e-16, 4.14298e-17, 8.87429e-18, 1.84385e-18, 3.71609e-19, 7.2647e-20, 1.37759e-20, 2.53391e-21, 4.52099e-22, 7.8243e-23, 1.31349e-23, 2.13885e-24, 3.37833e-25, 5.17601e-26, 7.69233e-27, 1.10889e-27, 1.55058e-28, 2.10313e-29, 2.767e-30, 3.5312e-31, 4.37124e-32, 5.24877e-33, 6.11337e-34, 6.90675e-35, 7.56897e-36, 8.04581e-37, 8.29608e-38, 8.29747e-39, 8.04987e-40, 7.57533e-41, 6.91488e-42, 6.12262e-43, 5.25848e-44, 4.38079e-45, 3.5401e-46, 2.7749e-47, 2.10984e-48, 1.55605e-49, 1.11318e-50, 7.72462e-52, 5.19947e-53, 3.39477e-54, 2.14997e-55, 1.32076e-56, 7.87019e-58, 4.549e-59, 2.55045e-60, 1.38704e-61, 7.31693e-63, 3.74403e-64, 1.85831e-65, 8.94683e-67, 4.1782e-68, 1.89268e-69, 8.31644e-71, 3.54459e-72, 1.46543e-73, 5.8767e-75, 2.28598e-76, 8.6254e-78, 3.15687e-79, 1.12074e-80, 3.85941e-82, 1.28916e-83, 4.17699e-85, 1.31277e-86, 4.00207e-88, 1.18345e-89, 3.39457e-91, 9.44472e-93, 2.54896e-94, 6.67277e-96, 1.69441e-97, 4.17352e-99, 9.97136e-101, 2.31087e-102, 5.19479e-104, 1.13274e-105, 2.39585e-107, 4.9154e-109, 9.78203e-111, 1.88829e-112, 3.53571e-114, 6.42177e-116, 1.13136e-117, 1.93339e-119, 3.20483e-121, 5.15301e-123, 8.03687e-125, 1.21585e-126, 1.78421e-128, 2.53968e-130
208.11
176.29
 
MEASUREMENT 5
1.56305, 4.67879, 7.79453, 10.9103, 14.0312, 17.1469, 20.2679, 23.3784, 26.4796, 29.5859, 32.6913, 35.8071, 38.9228, 42.0385, 45.1595, 48.2752, 51.3909, 54.5067, 57.6224, 60.7381, 63.8435, 66.9593, 70.0698, 73.1752, 76.2806, 79.3859, 82.4913, 85.5967, 88.7021, 91.8074, 94.9128, 98.0182, 101.1, 104.148, 107.196, 110.244, 113.292, 116.339, 119.387, 122.435, 125.483, 128.531, 131.574, 134.622, 137.67, 140.718, 143.766, 146.814, 149.861, 152.909, 155.957, 159.005, 162.053, 165.101, 168.149, 171.197, 174.245, 177.293, 180.341, 183.389, 186.436, 189.484, 192.532, 195.58, 198.621, 201.655, 204.688, 207.722, 210.756, 213.794, 216.838, 219.882, 222.926, 225.97, 229.014, 232.058, 235.102, 238.145, 241.189, 244.233, 247.277, 250.321, 253.37, 256.424, 259.478, 262.532, 265.586, 268.64, 271.695, 274.749, 277.803, 280.857, 283.911, 286.97, 290.035, 293.099
2.8382, 2.83806, 2.82115, 2.97609, 2.82715, 2.85128, 3.07196, 3.06074, 3.02559, 3.06437, 3.09018, 3.15572, 3.15753, 3.19418, 3.19239, 3.22144, 3.324, 3.36147, 3.41104, 3.45009, 3.0868, 3.41707, 3.4261, 3.4314, 3.49377, 3.5023, 3.52532, 3.5156, 3.56884, 3.31185, 3.62468, 3.16744, 3.644, 3.64325, 3.67519, 3.69507, 3.71224, 3.7432, 3.77968, 3.79618, 3.80732, 3.85334, 3.90808, 3.91208, 3.9592, 4.01951, 4.08128, 4.11868, 4.15799, 4.2025, 4.28333, 4.35483, 4.44133, 4.50039, 4.5939, 4.81145, 4.88628, 4.95449, 5.14733, 5.39539, 5.5753, 5.94927, 6.30086, 7.01088, 8.90975, 10.2185, 11.4331, 10.4667, 5.49998, 1.30213, 0.137074, 0.0258099, 0.000734707, 0.000247145, 0.012368, 0.015749, 0.0003761, 0.002836, -0.00885417, -0.000699046, -0.0142278, -0.120467, 0.000408728, -0.00209621, -0.130688, -0.156377, -0.0485959, -0.0265969, -0.000695617, -0.000447772, -0.00676695, -0.0232309, -0.00653115, -0.00581458, -0.037807, -0.00399243
0.085146, 0.0851417, 0.0846345, 0.0892826, 0.0848144, 0.0855384, 0.0921589, 0.0918222, 0.0907677, 0.0919311, 0.0927055, 0.0946715, 0.0947259, 0.0958255, 0.0957718, 0.0966432, 0.0997199, 0.100844, 0.102331, 0.103503, 0.0926041, 0.102512, 0.102783, 0.102942, 0.104813, 0.105069, 0.10576, 0.105468, 0.107065, 0.0993554, 0.10874, 0.0950233, 0.10932, 0.109297, 0.110256, 0.110852, 0.111367, 0.112296, 0.11339, 0.113885, 0.11422, 0.1156, 0.117242, 0.117363, 0.118776, 0.120585, 0.122438, 0.12356, 0.12474, 0.126075, 0.1285, 0.130645, 0.13324, 0.135012, 0.137817, 0.144344, 0.146588, 0.148635, 0.15442, 0.161862, 0.167259, 0.178478, 0.189026, 0.210326, 0.267292, 0.306555, 0.342993, 0.314002, 0.165, 0.039064, 0.00411221, 0.000774296, 2.20412e-05, 7.41436e-06, 0.000371039, 0.000472469, 1.1283e-05, 8.50801e-05, 0.000265625, 2.09714e-05, 0.000426833, 0.003614, 1.22618e-05, 6.28863e-05, 0.00392065, 0.00469131, 0.00145788, 0.000797906, 2.08685e-05, 1.34332e-05, 0.000203009, 0.000696926, 0.000195934, 0.000174437, 0.00113421, 0.000119773
0, 0.613815, 1.22763, 1.84144, 2.45526, 3.06907, 3.68289, 4.2967, 4.91052, 5.52433, 6.13815, 6.75196, 7.36578, 7.97959, 8.59341, 9.20722, 9.82104, 10.4349, 11.0487, 11.6625, 12.2763, 12.8901, 13.5039, 14.1177, 14.7316, 15.3454, 15.9592, 16.573, 17.1868, 17.8006, 18.4144, 19.0283, 19.6421, 20.2559, 20.8697, 21.4835, 22.0973, 22.7111, 23.325, 23.9388, 24.5526, 25.1664, 25.7802, 26.394, 27.0078, 27.6217, 28.2355, 28.8493, 29.4631, 30.0769, 30.6907, 31.3046, 31.9184, 32.5322, 33.146, 33.7598, 34.3736, 34.9874, 35.6013, 36.2151, 36.8289, 37.4427, 38.0565, 38.6703, 39.2841, 39.898, 40.5118, 41.1256, 41.7394, 42.3532, 42.967, 43.5808, 44.1947, 44.8085, 45.4223, 46.0361, 46.6499, 47.2637, 47.8775, 48.4914, 49.1052, 49.719, 50.3328, 50.9466, 51.5604, 52.1743, 52.7881, 53.4019, 54.0157, 54.6295, 55.2433, 55.8571, 56.471, 57.0848, 57.6986, 58.3124, 58.9262, 59.54, 60.1538, 60.7677, 61.3815, 61.9953, 62.6091, 63.2229, 63.8367, 64.4505, 65.0644, 65.6782, 66.292, 66.9058, 67.5196, 68.1334, 68.7473, 69.3611, 69.9749, 70.5887, 71.2025, 71.8163, 72.4301, 73.044, 73.6578, 74.2716, 74.8854, 75.4992, 76.113, 76.7268, 77.3407, 77.9545, 78.5683, 79.1821, 79.7959, 80.4097, 81.0235, 81.6374, 82.2512, 82.865, 83.4788, 84.0926, 84.7064, 85.3202, 85.9341, 86.5479, 87.1617, 87.7755, 88.3893, 89.0031, 89.617, 90.2308, 90.8446, 91.4584, 92.0722, 92.686, 93.2998, 93.9137, 94.5275, 95.1413, 95.7551, 96.3689, 96.9827, 97.5965, 98.2104, 98.8242, 99.438, 100.052, 100.666, 101.279, 101.893, 102.507, 103.121, 103.735, 104.349, 104.962, 105.576, 106.19, 106.804, 107.418, 108.031, 108.645, 109.259, 109.873, 110.487, 111.1, 111.714, 112.328, 112.942, 113.556, 114.17, 114.783, 115.397, 116.011, 116.625, 117.239, 117.852, 118.466, 119.08, 119.694, 120.308, 120.922, 121.535, 122.149, 122.763, 123.377, 123.991, 124.604, 125.218, 125.832, 126.446, 127.06, 127.673, 128.287, 128.901, 129.515, 130.129, 130.743, 131.356, 131.97, 132.584, 133.198, 133.812, 134.425, 135.039, 135.653, 136.267, 136.881, 137.495, 138.108, 138.722, 139.336, 139.95, 140.564, 141.177, 141.791, 142.405, 143.019, 143.633, 144.246, 144.86, 145.474, 146.088, 146.702, 147.316, 147.929, 148.543, 149.157, 149.771, 150.385, 150.998, 151.612, 152.226, 152.84, 153.454, 154.068, 154.681, 155.295, 155.909, 156.523, 157.137, 157.75, 158.364, 158.978, 159.592, 160.206, 160.819, 161.433, 162.047, 162.661, 163.275, 163.889, 164.502, 165.116, 165.73, 166.344, 166.958, 167.571, 168.185, 168.799, 169.413, 170.027, 170.64, 171.254, 171.868, 172.482, 173.096, 173.71, 174.323, 174.937, 175.551, 176.165, 176.779, 177.392, 178.006, 178.62, 179.234, 179.848, 180.462, 181.075, 181.689, 182.303, 182.917, 183.531, 184.144, 184.758, 185.372, 185.986, 186.6, 187.213, 187.827, 188.441, 189.055, 189.669, 190.283, 190.896, 191.51, 192.124, 192.738, 193.352, 193.965, 194.579, 195.193, 195.807, 196.421, 197.035, 197.648, 198.262, 198.876, 199.49, 200.104, 200.717, 201.331, 201.945, 202.559, 203.173, 203.786, 204.4, 205.014, 205.628, 206.242, 206.856, 207.469, 208.083, 208.697, 209.311, 209.925, 210.538, 211.152, 211.766, 212.38, 212.994, 213.608, 214.221, 214.835, 215.449, 216.063, 216.677, 217.29, 217.904, 218.518, 219.132, 219.746, 220.359, 220.973, 221.587, 222.201, 222.815, 223.429, 224.042, 224.656, 225.27, 225.884, 226.498, 227.111, 227.725, 228.339, 228.953, 229.567, 230.181, 230.794, 231.408, 232.022, 232.636, 233.25, 233.863, 234.477, 235.091, 235.705, 236.319, 236.932, 237.546, 238.16, 238.774, 239.388, 240.002, 240.615, 241.229, 241.843, 242.457, 243.071, 243.684, 244.298, 244.912, 245.526, 246.14, 246.754, 247.367, 247.981, 248.595, 249.209, 249.823, 250.436, 251.05, 251.664, 252.278, 252.892, 253.505, 254.119, 254.733, 255.347, 255.961, 256.575, 257.188, 257.802, 258.416, 259.03, 259.644, 260.257, 260.871, 261.485, 262.099, 262.713, 263.327, 263.94, 264.554, 265.168, 265.782, 266.396, 267.009, 267.623, 268.237, 268.851, 269.465, 270.078, 270.692, 271.306, 271.92, 272.534, 273.148, 273.761, 274.375, 274.989, 275.603, 276.217, 276.83, 277.444, 278.058, 278.672, 279.286, 279.9, 280.513, 281.127, 281.741, 282.355, 282.969, 283.582, 284.196, 284.81, 285.424, 286.038, 286.651, 287.265, 287.879, 288.493, 289.107, 289.721, 290.334, 290.948, 291.562, 292.176, 292.79, 293.403, 294.017
3.14779, 3.1486, 3.14942, 3.15025, 3.15109, 3.15194, 3.1528, 3.15366, 3.15454, 3.15542, 3.15632, 3.15722, 3.15814, 3.15906, 3.15999, 3.16094, 3.16189, 3.16285, 3.16382, 3.1648, 3.1658, 3.1668, 3.16781, 3.16884, 3.16987, 3.17092, 3.17197, 3.17304, 3.17412, 3.1752, 3.1763, 3.17742, 3.17854, 3.17967, 3.18082, 3.18197, 3.18314, 3.18432, 3.18551, 3.18672, 3.18793, 3.18916, 3.1904, 3.19165, 3.19292, 3.1942, 3.19549, 3.19679, 3.19811, 3.19944, 3.20078, 3.20214, 3.20351, 3.20489, 3.20629, 3.2077, 3.20912, 3.21056, 3.21202, 3.21349, 3.21497, 3.21647, 3.21798, 3.2195, 3.22105, 3.2226, 3.22418, 3.22576, 3.22737, 3.22899, 3.23062, 3.23228, 3.23394, 3.23563, 3.23733, 3.23905, 3.24078, 3.24253, 3.2443, 3.24609, 3.24789, 3.24972, 3.25156, 3.25342, 3.25529, 3.25719, 3.2591, 3.26104, 3.26299, 3.26496, 3.26695, 3.26896, 3.27099, 3.27304, 3.27512, 3.27721, 3.27932, 3.28145, 3.28361, 3.28579, 3.28799, 3.29021, 3.29245, 3.29471, 3.297, 3.29931, 3.30165, 3.30401, 3.30639, 3.30879, 3.31122, 3.31368, 3.31616, 3.31866, 3.32119, 3.32375, 3.32633, 3.32893, 3.33157, 3.33423, 3.33692, 3.33964, 3.34238, 3.34515, 3.34795, 3.35078, 3.35364, 3.35653, 3.35945, 3.3624, 3.36538, 3.36839, 3.37143, 3.37451, 3.37761, 3.38075, 3.38393, 3.38713, 3.39037, 3.39365, 3.39696, 3.4003, 3.40368, 3.4071, 3.41055, 3.41404, 3.41757, 3.42114, 3.42474, 3.42839, 3.43207, 3.4358, 3.43956, 3.44337, 3.44722, 3.45111, 3.45505, 3.45902, 3.46305, 3.46711, 3.47123, 3.47539, 3.4796, 3.48385, 3.48815, 3.49251, 3.49691, 3.50136, 3.50586, 3.51042, 3.51503, 3.51969, 3.52441, 3.52918, 3.53401, 3.5389, 3.54384, 3.54884, 3.5539, 3.55903, 3.56421, 3.56946, 3.57477, 3.58015, 3.58559, 3.5911, 3.59667, 3.60232, 3.60803, 3.61382, 3.61968, 3.62562, 3.63163, 3.63771, 3.64388, 3.65012, 3.65644, 3.66285, 3.66934, 3.67592, 3.68258, 3.68933, 3.69617, 3.7031, 3.71012, 3.71724, 3.72446, 3.73178, 3.73919, 3.74671, 3.75433, 3.76206, 3.7699, 3.77785, 3.78591, 3.79409, 3.80239, 3.8108, 3.81934, 3.82801, 3.8368, 3.84572, 3.85478, 3.86398, 3.87331, 3.88278, 3.89241, 3.90218, 3.9121, 3.92218, 3.93242, 3.94282, 3.95339, 3.96413, 3.97505, 3.98615, 3.99743, 4.00889, 4.02056, 4.03242, 4.04448, 4.05675, 4.06923, 4.08194, 4.09487, 4.10803, 4.12143, 4.13507, 4.14896, 4.16311, 4.17753, 4.19222, 4.20719, 4.22245, 4.238, 4.25387, 4.27004, 4.28655, 4.30339, 4.32057, 4.33812, 4.35603, 4.37432, 4.39301, 4.4121, 4.43162, 4.45157, 4.47197, 4.49284, 4.51419, 4.53604, 4.55842, 4.58133, 4.60481, 4.62887, 4.65354, 4.67883, 4.70479, 4.73142, 4.75877, 4.78687, 4.81574, 4.84543, 4.87596, 4.90739, 4.93974, 4.97307, 5.00743, 5.04287, 5.07944, 5.11721, 5.15623, 5.19658, 5.23834, 5.28158, 5.32641, 5.3729, 5.42117, 5.47134, 5.52354, 5.57789, 5.63457, 5.69373, 5.75557, 5.8203, 5.88816, 5.95943, 6.0344, 6.11343, 6.19692, 6.28532, 6.3792, 6.47919, 6.58605, 6.7007, 6.82423, 6.95793, 7.10335, 7.26227, 7.43668, 7.62871, 7.84048, 8.0738, 8.32979, 8.60832, 8.90734, 9.22218, 9.54482, 9.86337, 10.1619, 10.4207, 10.6173, 10.7279, 10.7298, 10.6034, 10.3354, 9.92037, 9.36222, 8.67354, 7.88295, 7.02848, 6.13561, 5.2401, 4.37534, 3.5696, 2.84406, 2.21195, 1.67866, 1.24266, 0.897044, 0.631301, 0.433032, 0.289453, 0.188509, 0.119595, 0.0739027, 0.0444752, 0.0260635, 0.0148715, 0.00826097, 0.00446676, 0.00235037, 0.00120302, 0.000598406, 0.000288647, 0.000134263, 5.92672e-05, 2.34755e-05, 5.73135e-06, 2.44632e-06, 1.02438e-06, 4.17166e-07, 1.65216e-07, 6.36349e-08, 2.38361e-08, 8.68309e-09, 3.07617e-09, 1.05985e-09, 3.55122e-10, 1.1572e-10, 3.66721e-11, 1.13022e-11, 3.38756e-12, 9.87435e-13, 2.79917e-13, 7.71697e-14, 2.06901e-14, 5.39481e-15, 1.36801e-15, 3.37363e-16, 8.09106e-17, 1.88717e-17, 4.2807e-18, 9.44313e-19, 2.02589e-19, 4.22681e-20, 8.57644e-21, 1.69239e-21, 3.24781e-22, 6.06149e-23, 1.10019e-23, 1.94201e-24, 3.33375e-25, 5.56561e-26, 9.0363e-27, 1.42681e-27, 2.19099e-28, 3.27198e-29, 4.75204e-30, 6.71193e-31, 9.2196e-32, 1.23161e-32, 1.60006e-33, 2.02159e-34, 2.48399e-35, 2.96827e-36, 3.44949e-37, 3.89856e-38, 4.28501e-39, 4.58032e-40, 4.76145e-41, 4.8137e-42, 4.73279e-43, 4.52536e-44, 4.20811e-45, 3.80556e-46, 3.34693e-47, 2.86269e-48, 2.38121e-49, 1.92629e-50, 1.51545e-51, 1.15947e-52, 8.62727e-54, 6.2429e-55, 4.39336e-56, 3.0068e-57, 2.00129e-58, 1.29543e-59, 8.15485e-61, 4.99246e-62, 2.97243e-63, 1.7211e-64, 9.69164e-66, 5.30746e-67, 2.82666e-68, 1.46406e-69, 7.37464e-71, 3.61261e-72, 1.72107e-73, 7.97395e-75, 3.59291e-76, 1.5744e-77, 6.7094e-79, 2.78067e-80, 1.12076e-81, 4.39312e-83, 1.67468e-84, 6.2085e-86, 2.23841e-87, 7.84856e-89, 2.67632e-90, 8.87532e-92, 2.86238e-93, 8.97776e-95, 2.73846e-96, 8.12347e-98, 2.34355e-99, 6.57515e-101, 1.79405e-102, 4.76058e-104, 1.22852e-105, 3.08321e-107, 7.52525e-109, 1.78623e-110, 4.12334e-112, 9.25678e-114, 2.02101e-115, 4.29114e-117, 8.86085e-119, 1.77941e-120
3.14779, 3.14862, 3.14945, 3.1503, 3.15115, 3.15201, 3.15288, 3.15377, 3.15466, 3.15556, 3.15647, 3.15739, 3.15831, 3.15925, 3.1602, 3.16116, 3.16213, 3.1631, 3.16409, 3.16509, 3.1661, 3.16712, 3.16815, 3.16919, 3.17024, 3.1713, 3.17237, 3.17345, 3.17455, 3.17565, 3.17677, 3.1779, 3.17903, 3.18018, 3.18135, 3.18252, 3.1837, 3.1849, 3.18611, 3.18733, 3.18857, 3.18981, 3.19107, 3.19234, 3.19362, 3.19492, 3.19623, 3.19755, 3.19889, 3.20023, 3.2016, 3.20297, 3.20436, 3.20576, 3.20718, 3.20861, 3.21005, 3.21151, 3.21299, 3.21447, 3.21598, 3.21749, 3.21902, 3.22057, 3.22213, 3.22371, 3.2253, 3.22691, 3.22854, 3.23018, 3.23184, 3.23351, 3.2352, 3.2369, 3.23863, 3.24037, 3.24212, 3.2439, 3.24569, 3.2475, 3.24933, 3.25117, 3.25303, 3.25491, 3.25681, 3.25873, 3.26067, 3.26263, 3.2646, 3.2666, 3.26862, 3.27065, 3.27271, 3.27478, 3.27688, 3.279, 3.28113, 3.28329, 3.28547, 3.28768, 3.2899, 3.29215, 3.29442, 3.29671, 3.29902, 3.30136, 3.30372, 3.30611, 3.30852, 3.31095, 3.31341, 3.31589, 3.3184, 3.32093, 3.32349, 3.32608, 3.32869, 3.33133, 3.33399, 3.33668, 3.3394, 3.34215, 3.34493, 3.34773, 3.35056, 3.35342, 3.35632, 3.35924, 3.36219, 3.36517, 3.36818, 3.37123, 3.37431, 3.37742, 3.38056, 3.38373, 3.38694, 3.39018, 3.39346, 3.39677, 3.40012, 3.4035, 3.40692, 3.41037, 3.41386, 3.41739, 3.42096, 3.42457, 3.42821, 3.4319, 3.43562, 3.43939, 3.44319, 3.44704, 3.45093, 3.45487, 3.45885, 3.46287, 3.46694, 3.47105, 3.47521, 3.47941, 3.48367, 3.48797, 3.49232, 3.49672, 3.50117, 3.50567, 3.51022, 3.51483, 3.51949, 3.5242, 3.52897, 3.5338, 3.53868, 3.54362, 3.54862, 3.55368, 3.55879, 3.56397, 3.56922, 3.57452, 3.57989, 3.58533, 3.59083, 3.5964, 3.60204, 3.60775, 3.61353, 3.61938, 3.6253, 3.6313, 3.63738, 3.64354, 3.64977, 3.65608, 3.66248, 3.66896, 3.67552, 3.68217, 3.6889, 3.69573, 3.70265, 3.70966, 3.71676, 3.72396, 3.73126, 3.73866, 3.74616, 3.75377, 3.76148, 3.7693, 3.77723, 3.78527, 3.79342, 3.8017, 3.81009, 3.8186, 3.82724, 3.83601, 3.8449, 3.85393, 3.8631, 3.8724, 3.88185, 3.89143, 3.90117, 3.91106, 3.9211, 3.9313, 3.94167, 3.95219, 3.96289, 3.97376, 3.98481, 3.99605, 4.00747, 4.01908, 4.03088, 4.04289, 4.0551, 4.06753, 4.08017, 4.09304, 4.10613, 4.11946, 4.13303, 4.14685, 4.16092, 4.17525, 4.18986, 4.20474, 4.21991, 4.23537, 4.25113, 4.26721, 4.2836, 4.30033, 4.3174, 4.33482, 4.3526, 4.37076, 4.38931, 4.40825, 4.42762, 4.44741, 4.46764, 4.48834, 4.5095, 4.53117, 4.55334, 4.57604, 4.5993, 4.62312, 4.64754, 4.67258, 4.69826, 4.72461, 4.75166, 4.77944, 4.80798, 4.83731, 4.86747, 4.8985, 4.93043, 4.96332, 4.99721, 5.03214, 5.06818, 5.10537, 5.14379, 5.1835, 5.22456, 5.26707, 5.31109, 5.35673, 5.40409, 5.45327, 5.50439, 5.55759, 5.61301, 5.6708, 5.73115, 5.79426, 5.86034, 5.92963, 6.00243, 6.07904, 6.15984, 6.24523, 6.33571, 6.43183, 6.53428, 6.64386, 6.76152, 6.88844, 7.026, 7.17586, 7.33998, 7.52056, 7.72003, 7.94086, 8.18529, 8.45494, 8.75021, 9.06957, 9.40878, 9.76007, 10.1115, 10.4469, 10.7454, 10.9834, 11.1353, 11.1759, 11.0835, 10.8425, 10.4455, 9.89558, 9.20644, 8.40179, 7.51336, 6.57791, 5.6337, 4.71687, 3.85846, 3.08213, 2.4031, 1.82813, 1.35648, 0.981434, 0.692214, 0.47583, 0.318721, 0.207989, 0.132212, 0.0818555, 0.0493528, 0.0289744, 0.0165617, 0.00921577, 0.00499151, 0.00263093, 0.00134894, 0.000672213, 0.000324931, 0.000151654, 6.72757e-05, 2.69745e-05, 6.9845e-06, 2.97891e-06, 1.24775e-06, 5.08272e-07, 2.01355e-07, 7.7576e-08, 2.90663e-08, 1.05913e-08, 3.75327e-09, 1.2935e-09, 4.33531e-10, 1.4131e-10, 4.47944e-11, 1.38093e-11, 4.14017e-12, 1.20715e-12, 3.42299e-13, 9.43943e-14, 2.53153e-14, 6.60268e-15, 1.67477e-15, 4.13129e-16, 9.91097e-17, 2.3123e-17, 5.2465e-18, 1.15769e-18, 2.48436e-19, 5.18483e-20, 1.05233e-20, 2.07714e-21, 3.98731e-22, 7.44373e-23, 1.35145e-23, 2.38619e-24, 4.09741e-25, 6.84246e-26, 1.11125e-26, 1.75513e-27, 2.69591e-28, 4.02716e-29, 5.85047e-30, 8.2657e-31, 1.13571e-31, 1.51758e-32, 1.97212e-33, 2.49238e-34, 3.06331e-35, 3.66157e-36, 4.25638e-37, 4.81185e-38, 5.2903e-39, 5.65649e-40, 5.88182e-41, 5.94804e-42, 5.8497e-43, 5.59488e-44, 5.20411e-45, 4.7076e-46, 4.14143e-47, 3.54322e-48, 2.94811e-49, 2.38554e-50, 1.87728e-51, 1.43671e-52, 1.06931e-53, 7.73996e-55, 5.44842e-56, 3.72992e-57, 2.48329e-58, 1.60787e-59, 1.01245e-60, 6.20003e-62, 3.69242e-63, 2.13858e-64, 1.20459e-65, 6.59856e-67, 3.51526e-68, 1.82122e-69, 9.17625e-71, 4.49641e-72, 2.14271e-73, 9.93023e-75, 4.47561e-76, 1.96175e-77, 8.3624e-79, 3.4667e-80, 1.39765e-81, 5.48e-83, 2.08958e-84, 7.74879e-86, 2.79452e-87, 9.80117e-89, 3.34307e-90, 1.10895e-91, 3.57745e-93, 1.12237e-94, 3.42446e-96, 1.01613e-97, 2.93224e-99, 8.22906e-101, 2.24594e-102, 5.96132e-104, 1.53881e-105, 3.86299e-107, 9.43107e-109, 2.23921e-110, 5.17044e-112, 1.16106e-113, 2.53561e-115, 5.38526e-117, 1.11232e-118, 2.23432e-120
207.71
176.10
 
MEASUREMENT 6
1.56305, 4.67879, 7.79453, 10.9103, 14.0312, 17.1469, 20.2679, 23.3784, 26.4796, 29.5859, 32.6913, 35.8071, 38.9228, 42.0385, 45.1595, 48.2752, 51.3909, 54.5067, 57.6224, 60.7381, 63.8435, 66.9593, 70.0698, 73.1752, 76.2806, 79.3859, 82.4913, 85.5967, 88.7021, 91.8074, 94.9128, 98.0182, 101.1, 104.148, 107.196, 110.244, 113.292, 116.339, 119.387, 122.435, 125.483, 128.531, 131.574, 134.622, 137.67, 140.718, 143.766, 146.814, 149.861, 152.909, 155.957, 159.005, 162.053, 165.101, 168.149, 171.197, 174.245, 177.293, 180.341, 183.389, 186.436, 189.484, 192.532, 195.58, 198.621, 201.655, 204.688, 207.722, 210.756, 213.794, 216.838, 219.882, 222.926, 225.97, 229.014, 232.058, 235.102, 238.145, 241.189, 244.233, 247.277, 250.321, 253.37, 256.424, 259.478, 262.532, 265.586, 268.64, 271.695, 274.749, 277.803, 280.857, 283.911, 286.97, 290.035, 293.099
2.83963, 2.84066, 2.82214, 2.9748, 2.82058, 2.85717, 3.05625, 3.067, 3.02949, 3.06363, 3.09331, 3.16052, 3.15922, 3.20025, 3.19217, 3.22155, 3.32397, 3.36222, 3.41122, 3.45025, 3.09551, 3.41591, 3.42727, 3.4189, 3.4944, 3.5026, 3.52478, 3.51687, 3.56675, 3.30527, 3.62175, 3.17424, 3.64252, 3.64735, 3.67328, 3.69503, 3.71469, 3.74842, 3.78308, 3.80002, 3.81056, 3.85569, 3.90756, 3.91293, 3.95927, 4.02181, 4.08002, 4.11814, 4.15499, 4.19502, 4.28192, 4.35704, 4.44121, 4.50195, 4.59652, 4.81083, 4.88701, 4.95299, 5.14929, 5.398, 5.5804, 5.95098, 6.30583, 7.02032, 8.92119, 10.2088, 11.4341, 10.4719, 5.48556, 1.30739, 0.135153, 0.0251337, 0.000868481, 0.000360974, 0.00920948, 0.0146898, 0.00514044, 0.00157329, -0.00637835, -0.00285594, -0.0133046, -0.102243, -0.00684276, -0.00120683, -0.112309, -0.136531, -0.0425351, -0.0252588, 8.17326e-05, -0.0019139, -0.00622295, -0.0192846, -0.00736314, -0.00423056, -0.0334277, -0.00740502
0.0851889, 0.0852197, 0.0846641, 0.0892441, 0.0846175, 0.0857152, 0.0916874, 0.09201, 0.0908848, 0.091909, 0.0927994, 0.0948157, 0.0947767, 0.0960074, 0.0957651, 0.0966465, 0.0997192, 0.100867, 0.102336, 0.103507, 0.0928654, 0.102477, 0.102818, 0.102567, 0.104832, 0.105078, 0.105744, 0.105506, 0.107002, 0.0991582, 0.108653, 0.0952273, 0.109276, 0.10942, 0.110198, 0.110851, 0.111441, 0.112453, 0.113492, 0.114001, 0.114317, 0.115671, 0.117227, 0.117388, 0.118778, 0.120654, 0.122401, 0.123544, 0.12465, 0.12585, 0.128458, 0.130711, 0.133236, 0.135058, 0.137896, 0.144325, 0.14661, 0.14859, 0.154479, 0.16194, 0.167412, 0.178529, 0.189175, 0.21061, 0.267636, 0.306263, 0.343022, 0.314157, 0.164567, 0.0392217, 0.00405459, 0.000754011, 2.60544e-05, 1.08292e-05, 0.000276284, 0.000440695, 0.000154213, 4.71986e-05, 0.000191351, 8.56783e-05, 0.000399138, 0.0030673, 0.000205283, 3.6205e-05, 0.00336927, 0.00409592, 0.00127605, 0.000757765, 2.45198e-06, 5.74169e-05, 0.000186688, 0.000578537, 0.000220894, 0.000126917, 0.00100283, 0.000222151
0, 0.613815, 1.22763, 1.84144, 2.45526, 3.06907, 3.68289, 4.2967, 4.91052, 5.52433, 6.13815, 6.75196, 7.36578, 7.97959, 8.59341, 9.20722, 9.82104, 10.4349, 11.0487, 11.6625, 12.2763, 12.8901, 13.5039, 14.1177, 14.7316, 15.3454, 15.9592, 16.573, 17.1868, 17.8006, 18.4144, 19.0283, 19.6421, 20.2559, 20.8697, 21.4835, 22.0973, 22.7111, 23.325, 23.9388, 24.5526, 25.1664, 25.7802, 26.394, 27.0078, 27.6217, 28.2355, 28.8493, 29.4631, 30.0769, 30.6907, 31.3046, 31.9184, 32.5322, 33.146, 33.7598, 34.3736, 34.9874, 35.6013, 36.2151, 36.8289, 37.4427, 38.0565, 38.6703, 39.2841, 39.898, 40.5118, 41.1256, 41.7394, 42.3532, 42.967, 43.5808, 44.1947, 44.8085, 45.4223, 46.0361, 46.6499, 47.2637, 47.8775, 48.4914, 49.1052, 49.719, 50.3328, 50.9466, 51.5604, 52.1743, 52.7881, 53.4019, 54.0157, 54.6295, 55.2433, 55.8571, 56.471, 57.0848, 57.6986, 58.3124, 58.9262, 59.54, 60.1538, 60.7677, 61.3815, 61.9953, 62.6091, 63.2229, 63.8367, 64.4505, 65.0644, 65.6782, 66.292, 66.9058, 67.5196, 68.1334, 68.7473, 69.3611, 69.9749, 70.5887, 71.2025, 71.8163, 72.4301, 73.044, 73.6578, 74.2716, 74.8854, 75.4992, 76.113, 76.7268, 77.3407, 77.9545, 78.5683, 79.1821, 79.7959, 80.4097, 81.0235, 81.6374, 82.2512, 82.865, 83.4788, 84.0926, 84.7064, 85.3202, 85.9341, 86.5479, 87.1617, 87.7755, 88.3893, 89.0031, 89.617, 90.2308, 90.8446, 91.4584, 92.0722, 92.686, 93.2998, 93.9137, 94.5275, 95.1413, 95.7551, 96.3689, 96.9827, 97.5965, 98.2104, 98.8242, 99.438, 100.052, 100.666, 101.279, 101.893, 102.507, 103.121, 103.735, 104.349, 104.962, 105.576, 106.19, 106.804, 107.418, 108.031, 108.645, 109.259, 109.873, 110.487, 111.1, 111.714, 112.328, 112.942, 113.556, 114.17, 114.783, 115.397, 116.011, 116.625, 117.239, 117.852, 118.466, 119.08, 119.694, 120.308, 120.922, 121.535, 122.149, 122.763, 123.377, 123.991, 124.604, 125.218, 125.832, 126.446, 127.06, 127.673, 128.287, 128.901, 129.515, 130.129, 130.743, 131.356, 131.97, 132.584, 133.198, 133.812, 134.425, 135.039, 135.653, 136.267, 136.881, 137.495, 138.108, 138.722, 139.336, 139.95, 140.564, 141.177, 141.791, 142.405, 143.019, 143.633, 144.246, 144.86, 145.474, 146.088, 146.702, 147.316, 147.929, 148.543, 149.157, 149.771, 150.385, 150.998, 151.612, 152.226, 152.84, 153.454, 154.068, 154.681, 155.295, 155.909, 156.523, 157.137, 157.75, 158.364, 158.978, 159.592, 160.206, 160.819, 161.433, 162.047, 162.661, 163.275, 163.889, 164.502, 165.116, 165.73, 166.344, 166.958, 167.571, 168.185, 168.799, 169.413, 170.027, 170.64, 171.254, 171.868, 172.482, 173.096, 173.71, 174.323, 174.937, 175.551, 176.165, 176.779, 177.392, 178.006, 178.62, 179.234, 179.848, 180.462, 181.075, 181.689, 182.303, 182.917, 183.531, 184.144, 184.758, 185.372, 185.986, 186.6, 187.213, 187.827, 188.441, 189.055, 189.669, 190.283, 190.896, 191.51, 192.124, 192.738, 193.352, 193.965, 194.579, 195.193, 195.807, 196.421, 197.035, 197.648, 198.262, 198.876, 199.49, 200.104, 200.717, 201.331, 201.945, 202.559, 203.173, 203.786, 204.4, 205.014, 205.628, 206.242, 206.856, 207.469, 208.083, 208.697, 209.311, 209.925, 210.538, 211.152, 211.766, 212.38, 212.994, 213.608, 214.221, 214.835, 215.449, 216.063, 216.677, 217.29, 217.904, 218.518, 219.132, 219.746, 220.359, 220.973, 221.587, 222.201, 222.815, 223.429, 224.042, 224.656, 225.27, 225.884, 226.498, 227.111, 227.725, 228.339, 228.953, 229.567, 230.181, 230.794, 231.408, 232.022, 232.636, 233.25, 233.863, 234.477, 235.091, 235.705, 236.319, 236.932, 237.546, 238.16, 238.774, 239.388, 240.002, 240.615, 241.229, 241.843, 242.457, 243.071, 243.684, 244.298, 244.912, 245.526, 246.14, 246.754, 247.367, 247.981, 248.595, 249.209, 249.823, 250.436, 251.05, 251.664, 252.278, 252.892, 253.505, 254.119, 254.733, 255.347, 255.961, 256.575, 257.188, 257.802, 258.416, 259.03, 259.644, 260.257, 260.871, 261.485, 262.099, 262.713, 263.327, 263.94, 264.554, 265.168, 265.782, 266.396, 267.009, 267.623, 268.237, 268.851, 269.465, 270.078, 270.692, 271.306, 271.92, 272.534, 273.148, 273.761, 274.375, 274.989, 275.603, 276.217, 276.83, 277.444, 278.058, 278.672, 279.286, 279.9, 280.513, 281.127, 281.741, 282.355, 282.969, 283.582, 284.196, 284.81, 285.424, 286.038, 286.651, 287.265, 287.879, 288.493, 289.107, 289.721, 290.334, 290.948, 291.562, 292.176, 292.79, 293.403, 294.017
3.14655, 3.14737, 3.14819, 3.14902, 3.14986, 3.15071, 3.15157, 3.15244, 3.15332, 3.1542, 3.1551, 3.15601, 3.15692, 3.15785, 3.15878, 3.15972, 3.16068, 3.16164, 3.16262, 3.1636, 3.1646, 3.1656, 3.16662, 3.16764, 3.16868, 3.16973, 3.17078, 3.17185, 3.17293, 3.17402, 3.17512, 3.17624, 3.17736, 3.1785, 3.17964, 3.1808, 3.18197, 3.18315, 3.18435, 3.18555, 3.18677, 3.188, 3.18924, 3.1905, 3.19177, 3.19305, 3.19434, 3.19565, 3.19697, 3.1983, 3.19964, 3.201, 3.20238, 3.20376, 3.20516, 3.20658, 3.208, 3.20944, 3.2109, 3.21237, 3.21386, 3.21536, 3.21687, 3.2184, 3.21995, 3.22151, 3.22308, 3.22467, 3.22628, 3.2279, 3.22954, 3.23119, 3.23287, 3.23455, 3.23626, 3.23798, 3.23972, 3.24147, 3.24324, 3.24503, 3.24684, 3.24867, 3.25051, 3.25237, 3.25425, 3.25615, 3.25807, 3.26001, 3.26196, 3.26394, 3.26593, 3.26795, 3.26998, 3.27204, 3.27411, 3.27621, 3.27832, 3.28046, 3.28262, 3.2848, 3.28701, 3.28923, 3.29148, 3.29375, 3.29604, 3.29835, 3.30069, 3.30305, 3.30544, 3.30785, 3.31028, 3.31274, 3.31523, 3.31774, 3.32027, 3.32283, 3.32542, 3.32803, 3.33067, 3.33334, 3.33603, 3.33875, 3.3415, 3.34428, 3.34708, 3.34992, 3.35278, 3.35568, 3.3586, 3.36156, 3.36454, 3.36756, 3.37061, 3.37369, 3.3768, 3.37995, 3.38313, 3.38634, 3.38959, 3.39287, 3.39618, 3.39953, 3.40292, 3.40635, 3.40981, 3.4133, 3.41684, 3.42041, 3.42403, 3.42768, 3.43137, 3.4351, 3.43888, 3.44269, 3.44655, 3.45045, 3.45439, 3.45838, 3.46241, 3.46648, 3.47061, 3.47478, 3.47899, 3.48326, 3.48757, 3.49193, 3.49634, 3.5008, 3.50532, 3.50988, 3.5145, 3.51918, 3.5239, 3.52869, 3.53353, 3.53842, 3.54338, 3.54839, 3.55347, 3.5586, 3.5638, 3.56906, 3.57438, 3.57977, 3.58522, 3.59075, 3.59634, 3.602, 3.60773, 3.61353, 3.6194, 3.62535, 3.63138, 3.63748, 3.64366, 3.64992, 3.65626, 3.66268, 3.66919, 3.67578, 3.68246, 3.68922, 3.69608, 3.70303, 3.71008, 3.71722, 3.72445, 3.73179, 3.73922, 3.74676, 3.75441, 3.76216, 3.77002, 3.77799, 3.78608, 3.79428, 3.8026, 3.81104, 3.81961, 3.8283, 3.83711, 3.84607, 3.85515, 3.86437, 3.87374, 3.88324, 3.89289, 3.9027, 3.91265, 3.92276, 3.93304, 3.94347, 3.95408, 3.96486, 3.97581, 3.98694, 3.99826, 4.00977, 4.02147, 4.03338, 4.04548, 4.0578, 4.07033, 4.08308, 4.09606, 4.10927, 4.12272, 4.13642, 4.15036, 4.16457, 4.17904, 4.19379, 4.20882, 4.22415, 4.23977, 4.2557, 4.27195, 4.28852, 4.30544, 4.3227, 4.34033, 4.35832, 4.3767, 4.39548, 4.41466, 4.43427, 4.45432, 4.47483, 4.4958, 4.51727, 4.53924, 4.56173, 4.58477, 4.60838, 4.63258, 4.65738, 4.68283, 4.70894, 4.73574, 4.76326, 4.79153, 4.82059, 4.85047, 4.88121, 4.91285, 4.94543, 4.97901, 5.01362, 5.04932, 5.08617, 5.12424, 5.16358, 5.20426, 5.24638, 5.29, 5.33523, 5.38216, 5.4309, 5.48156, 5.53429, 5.58922, 5.64652, 5.70636, 5.76893, 5.83446, 5.90321, 5.97543, 6.05147, 6.13169, 6.21649, 6.30639, 6.40195, 6.50386, 6.61293, 6.73013, 6.85662, 6.99374, 7.1431, 7.3065, 7.4859, 7.68333, 7.90066, 8.13931, 8.3998, 8.68121, 8.98051, 9.29194, 9.60638, 9.91103, 10.1894, 10.4217, 10.5863, 10.6607, 10.6243, 10.4603, 10.1583, 9.71557, 9.13815, 8.4389, 7.65376, 6.81058, 5.93709, 5.06676, 4.23039, 3.45371, 2.75576, 2.14814, 1.63529, 1.21534, 0.881555, 0.623944, 0.430816, 0.290139, 0.190551, 0.122025, 0.0761818, 0.046363, 0.0275016, 0.0158988, 0.00895653, 0.00491605, 0.00262853, 0.00136857, 0.000693341, 0.000341209, 0.000162424, 7.39323e-05, 3.10185e-05, 1.00545e-05, 3.16985e-06, 1.36018e-06, 5.68225e-07, 2.31081e-07, 9.14811e-08, 3.52549e-08, 1.3226e-08, 4.83013e-09, 1.71716e-09, 5.94271e-10, 2.00207e-10, 6.56594e-11, 2.09621e-11, 6.5147e-12, 1.97095e-12, 5.80468e-13, 1.66419e-13, 4.64459e-14, 1.26187e-14, 3.33736e-15, 8.59236e-16, 2.15349e-16, 5.25407e-17, 1.24787e-17, 2.88513e-18, 6.49355e-19, 1.42272e-19, 3.03445e-20, 6.30031e-21, 1.2734e-21, 2.50546e-22, 4.79881e-23, 8.94746e-24, 1.62401e-24, 2.86944e-25, 4.93547e-26, 8.26381e-27, 1.34696e-27, 2.13722e-28, 3.30115e-29, 4.96366e-30, 7.26543e-31, 1.03524e-31, 1.43596e-32, 1.93895e-33, 2.54865e-34, 3.26119e-35, 4.06221e-36, 4.92573e-37, 5.81434e-38, 6.68115e-39, 7.47348e-40, 8.13798e-41, 8.62643e-42, 8.90158e-43, 8.94178e-44, 8.74385e-45, 8.32343e-46, 7.713e-47, 6.95769e-48, 6.10983e-49, 5.22292e-50, 4.3463e-51, 3.52084e-52, 2.77648e-53, 2.1314e-54, 1.59278e-55, 1.15869e-56, 8.20542e-58, 5.6566e-59, 3.79604e-60, 2.47986e-61, 1.57705e-62, 9.76304e-64, 5.88363e-65, 3.45165e-66, 1.9712e-67, 1.09586e-68, 5.9306e-70, 3.12439e-71, 1.60233e-72, 7.99946e-74, 3.88768e-75, 1.83925e-76, 8.47058e-78, 3.79757e-79, 1.65737e-80, 7.04134e-82, 2.91214e-83, 1.17244e-84, 4.59502e-86, 1.7531e-87, 6.511e-89, 2.35402e-90, 8.285e-92, 2.83855e-93, 9.46719e-95, 3.07374e-96, 9.71481e-98, 2.98898e-99, 8.95224e-101, 2.61013e-102, 7.4082e-104, 2.04685e-105, 5.50527e-107, 1.44143e-108, 3.67391e-110, 9.11558e-112, 2.20172e-113, 5.17678e-115, 1.18489e-116
3.14655, 3.14738, 3.14822, 3.14907, 3.14992, 3.15079, 3.15166, 3.15254, 3.15343, 3.15434, 3.15525, 3.15617, 3.1571, 3.15804, 3.15899, 3.15995, 3.16092, 3.1619, 3.16289, 3.16389, 3.1649, 3.16592, 3.16695, 3.16799, 3.16904, 3.17011, 3.17118, 3.17227, 3.17336, 3.17447, 3.17559, 3.17672, 3.17786, 3.17901, 3.18017, 3.18135, 3.18254, 3.18374, 3.18495, 3.18617, 3.18741, 3.18865, 3.18991, 3.19119, 3.19247, 3.19377, 3.19508, 3.19641, 3.19775, 3.1991, 3.20046, 3.20184, 3.20323, 3.20463, 3.20605, 3.20749, 3.20893, 3.21039, 3.21187, 3.21336, 3.21486, 3.21638, 3.21792, 3.21947, 3.22103, 3.22261, 3.22421, 3.22582, 3.22745, 3.22909, 3.23075, 3.23243, 3.23412, 3.23583, 3.23756, 3.2393, 3.24106, 3.24284, 3.24463, 3.24644, 3.24827, 3.25012, 3.25199, 3.25387, 3.25578, 3.2577, 3.25964, 3.2616, 3.26358, 3.26558, 3.2676, 3.26964, 3.2717, 3.27378, 3.27588, 3.278, 3.28014, 3.2823, 3.28449, 3.28669, 3.28892, 3.29117, 3.29345, 3.29574, 3.29806, 3.3004, 3.30277, 3.30516, 3.30757, 3.31001, 3.31247, 3.31496, 3.31747, 3.32001, 3.32258, 3.32517, 3.32778, 3.33042, 3.33309, 3.33579, 3.33851, 3.34127, 3.34405, 3.34686, 3.3497, 3.35256, 3.35546, 3.35839, 3.36134, 3.36433, 3.36735, 3.3704, 3.37348, 3.3766, 3.37975, 3.38293, 3.38614, 3.38939, 3.39267, 3.39599, 3.39934, 3.40273, 3.40616, 3.40962, 3.41312, 3.41665, 3.42023, 3.42384, 3.4275, 3.43119, 3.43492, 3.43869, 3.44251, 3.44637, 3.45027, 3.45421, 3.45819, 3.46223, 3.4663, 3.47042, 3.47459, 3.47881, 3.48307, 3.48738, 3.49174, 3.49615, 3.50061, 3.50512, 3.50968, 3.5143, 3.51897, 3.52369, 3.52847, 3.53331, 3.5382, 3.54315, 3.54816, 3.55323, 3.55836, 3.56355, 3.56881, 3.57413, 3.57951, 3.58496, 3.59047, 3.59606, 3.60171, 3.60743, 3.61322, 3.61909, 3.62503, 3.63105, 3.63714, 3.64331, 3.64956, 3.65589, 3.6623, 3.66879, 3.67537, 3.68204, 3.68879, 3.69564, 3.70257, 3.7096, 3.71673, 3.72395, 3.73126, 3.73868, 3.7462, 3.75383, 3.76156, 3.7694, 3.77736, 3.78542, 3.7936, 3.8019, 3.81031, 3.81885, 3.82752, 3.83631, 3.84523, 3.85429, 3.86348, 3.87281, 3.88229, 3.89191, 3.90167, 3.91159, 3.92167, 3.9319, 3.9423, 3.95286, 3.9636, 3.97451, 3.98559, 3.99687, 4.00832, 4.01997, 4.03182, 4.04387, 4.05613, 4.0686, 4.08129, 4.0942, 4.10735, 4.12073, 4.13435, 4.14822, 4.16235, 4.17674, 4.19141, 4.20635, 4.22158, 4.2371, 4.25293, 4.26908, 4.28554, 4.30234, 4.31949, 4.33699, 4.35485, 4.3731, 4.39173, 4.41077, 4.43022, 4.45011, 4.47045, 4.49125, 4.51252, 4.5343, 4.55659, 4.57942, 4.6028, 4.62676, 4.65132, 4.6765, 4.70233, 4.72884, 4.75606, 4.78401, 4.81273, 4.84225, 4.87261, 4.90385, 4.936, 4.96912, 5.00325, 5.03845, 5.07475, 5.11224, 5.15096, 5.19099, 5.2324, 5.27527, 5.31968, 5.36574, 5.41354, 5.46319, 5.51483, 5.56857, 5.62458, 5.68302, 5.74406, 5.80792, 5.87483, 5.94503, 6.01882, 6.09653, 6.17855, 6.26531, 6.35732, 6.4552, 6.55965, 6.67153, 6.79187, 6.92189, 7.06307, 7.21714, 7.38607, 7.57209, 7.77752, 8.00461, 8.2552, 8.53031, 8.82951, 9.15024, 9.48707, 9.83102, 10.1691, 10.4843, 10.756, 10.9607, 11.0745, 11.0744, 10.9416, 10.6635, 10.2358, 9.66419, 8.96389, 8.15922, 7.28132, 6.36532, 5.44709, 4.56004, 3.73246, 2.98563, 2.33298, 1.78018, 1.32604, 0.963988, 0.683756, 0.4731, 0.319261, 0.210092, 0.134796, 0.0843121, 0.0514043, 0.0305461, 0.0176894, 0.00998211, 0.00548814, 0.00293927, 0.0015329, 0.000777961, 0.000383604, 0.00018317, 8.37125e-05, 3.54348e-05, 1.18455e-05, 3.86433e-06, 1.65642e-06, 6.92168e-07, 2.81562e-07, 1.11496e-07, 4.29797e-08, 1.61284e-08, 5.89168e-09, 2.09512e-09, 7.25272e-10, 2.44407e-10, 8.01768e-11, 2.56038e-11, 7.95943e-12, 2.40869e-12, 7.0958e-13, 2.0349e-13, 5.68077e-14, 1.5438e-14, 4.08412e-15, 1.05178e-15, 2.63679e-16, 6.43495e-17, 1.52875e-17, 3.5355e-18, 7.9595e-19, 1.74438e-19, 3.72151e-20, 7.72891e-21, 1.56257e-21, 3.07525e-22, 5.89174e-23, 1.09882e-23, 1.99496e-24, 3.52583e-25, 6.06611e-26, 1.01597e-26, 1.65642e-27, 2.62896e-28, 4.0618e-29, 6.10905e-30, 8.94438e-31, 1.27482e-31, 1.76875e-32, 2.38896e-33, 3.14101e-34, 4.02025e-35, 5.00907e-36, 6.07552e-37, 7.17349e-38, 8.24515e-39, 9.22546e-40, 1.00484e-40, 1.06544e-41, 1.09973e-42, 1.10499e-43, 1.08082e-44, 1.02913e-45, 9.53916e-47, 8.60735e-48, 7.56049e-49, 6.46475e-50, 5.38115e-51, 4.36033e-52, 3.43942e-53, 2.64102e-54, 1.97415e-55, 1.43651e-56, 1.01756e-57, 7.01665e-59, 4.71002e-60, 3.07777e-61, 1.95781e-62, 1.21235e-63, 7.30809e-65, 4.28847e-66, 2.44975e-67, 1.36227e-68, 7.37435e-70, 3.88603e-71, 1.99347e-72, 9.95485e-74, 4.83928e-75, 2.29006e-76, 1.05496e-77, 4.73091e-79, 2.06526e-80, 8.7766e-82, 3.63077e-83, 1.46215e-84, 5.732e-86, 2.18747e-87, 8.1264e-89, 2.93884e-90, 1.0346e-91, 3.54563e-93, 1.18286e-94, 3.84145e-96, 1.21445e-97, 3.7375e-99, 1.11971e-100, 3.26551e-102, 9.27081e-104, 2.56215e-105, 6.89308e-107, 1.80527e-108, 4.60249e-110, 1.14226e-111, 2.75966e-113, 6.49036e-115, 1.48594e-116
207.58
176.03
 
MEASUREMENT 7
1.56305, 4.67879, 7.79453, 10.9103, 14.0312, 17.1469, 20.2679, 23.3784, 26.4796, 29.5859, 32.6913, 35.8071, 38.9228, 42.0385, 45.1595, 48.2752, 51.3909, 54.5067, 57.6224, 60.7381, 63.8435, 66.9593, 70.0698, 73.1752, 76.2806, 79.3859, 82.4913, 85.5967, 88.7021, 91.8074, 94.9128, 98.0182, 101.1, 104.148, 107.196, 110.244, 113.292, 116.339, 119.387, 122.435, 125.483, 128.531, 131.574, 134.622, 137.67, 140.718, 143.766, 146.814, 149.861, 152.909, 155.957, 159.005, 162.053, 165.101, 168.149, 171.197, 174.245, 177.293, 180.341, 183.389, 186.436, 189.484, 192.532, 195.58, 198.621, 201.655, 204.688, 207.722, 210.756, 213.794, 216.838, 219.882, 222.926, 225.97, 229.014, 232.058, 235.102, 238.145, 241.189, 244.233, 247.277, 250.321, 253.37, 256.424, 259.478, 262.532, 265.586, 268.64, 271.695, 274.749, 277.803, 280.857, 283.911, 286.97, 290.035, 293.099
2.83672, 2.8336, 2.82172, 2.97321, 2.82109, 2.86014, 3.06931, 3.06561, 3.03193, 3.06315, 3.09188, 3.15954, 3.15993, 3.20013, 3.19402, 3.22118, 3.31951, 3.36514, 3.41175, 3.44578, 3.10894, 3.4178, 3.42552, 3.4233, 3.48796, 3.50059, 3.5273, 3.51819, 3.56737, 3.30759, 3.625, 3.16188, 3.64613, 3.64365, 3.67759, 3.69536, 3.713, 3.74622, 3.78139, 3.79739, 3.81291, 3.85501, 3.90546, 3.91066, 3.96217, 4.01922, 4.07963, 4.12111, 4.16017, 4.20064, 4.28522, 4.35881, 4.44667, 4.50257, 4.59607, 4.81644, 4.88348, 4.96019, 5.14995, 5.39612, 5.57941, 5.95178, 6.30338, 7.01796, 8.91588, 10.1991, 11.4384, 10.4634, 5.46284, 1.29627, 0.129536, 0.0223392, 0.00491144, -0.00261612, 0.00449548, 0.00974859, 0.00350014, 0.00052609, -0.00423025, -0.00212592, -0.0106501, -0.0963739, -0.00765279, -0.00416496, -0.0973124, -0.118113, -0.0404012, -0.0245393, -0.0013698, -0.00192683, -0.00688644, -0.0182466, -0.00592371, -0.00414622, -0.0290462, -0.0117565
0.0851015, 0.085008, 0.0846515, 0.0891962, 0.0846327, 0.0858043, 0.0920793, 0.0919683, 0.0909578, 0.0918945, 0.0927565, 0.0947862, 0.0947979, 0.096004, 0.0958207, 0.0966355, 0.0995852, 0.100954, 0.102352, 0.103373, 0.0932682, 0.102534, 0.102766, 0.102699, 0.104639, 0.105018, 0.105819, 0.105546, 0.107021, 0.0992276, 0.10875, 0.0948563, 0.109384, 0.109309, 0.110328, 0.110861, 0.11139, 0.112387, 0.113442, 0.113922, 0.114387, 0.11565, 0.117164, 0.11732, 0.118865, 0.120576, 0.122389, 0.123633, 0.124805, 0.126019, 0.128557, 0.130764, 0.1334, 0.135077, 0.137882, 0.144493, 0.146504, 0.148806, 0.154499, 0.161884, 0.167382, 0.178553, 0.189101, 0.210539, 0.267476, 0.305974, 0.343152, 0.313902, 0.163885, 0.0388882, 0.00388607, 0.000670177, 0.000147343, 7.84836e-05, 0.000134865, 0.000292458, 0.000105004, 1.57827e-05, 0.000126908, 6.37775e-05, 0.000319502, 0.00289122, 0.000229584, 0.000124949, 0.00291937, 0.00354339, 0.00121204, 0.00073618, 4.10939e-05, 5.7805e-05, 0.000206593, 0.000547397, 0.000177711, 0.000124387, 0.000871385, 0.000352696
0, 0.613815, 1.22763, 1.84144, 2.45526, 3.06907, 3.68289, 4.2967, 4.91052, 5.52433, 6.13815, 6.75196, 7.36578, 7.97959, 8.59341, 9.20722, 9.82104, 10.4349, 11.0487, 11.6625, 12.2763, 12.8901, 13.5039, 14.1177, 14.7316, 15.3454, 15.9592, 16.573, 17.1868, 17.8006, 18.4144, 19.0283, 19.6421, 20.2559, 20.8697, 21.4835, 22.0973, 22.7111, 23.325, 23.9388, 24.5526, 25.1664, 25.7802, 26.394, 27.0078, 27.6217, 28.2355, 28.8493, 29.4631, 30.0769, 30.6907, 31.3046, 31.9184, 32.5322, 33.146, 33.7598, 34.3736, 34.9874, 35.6013, 36.2151, 36.8289, 37.4427, 38.0565, 38.6703, 39.2841, 39.898, 40.5118, 41.1256, 41.7394, 42.3532, 42.967, 43.5808, 44.1947, 44.8085, 45.4223, 46.0361, 46.6499, 47.2637, 47.8775, 48.4914, 49.1052, 49.719, 50.3328, 50.9466, 51.5604, 52.1743, 52.7881, 53.4019, 54.0157, 54.6295, 55.2433, 55.8571, 56.471, 57.0848, 57.6986, 58.3124, 58.9262, 59.54, 60.1538, 60.7677, 61.3815, 61.9953, 62.6091, 63.2229, 63.8367, 64.4505, 65.0644, 65.6782, 66.292, 66.9058, 67.5196, 68.1334, 68.7473, 69.3611, 69.9749, 70.5887, 71.2025, 71.8163, 72.4301, 73.044, 73.6578, 74.2716, 74.8854, 75.4992, 76.113, 76.7268, 77.3407, 77.9545, 78.5683, 79.1821, 79.7959, 80.4097, 81.0235, 81.6374, 82.2512, 82.865, 83.4788, 84.0926, 84.7064, 85.3202, 85.9341, 86.5479, 87.1617, 87.7755, 88.3893, 89.0031, 89.617, 90.2308, 90.8446, 91.4584, 92.0722, 92.686, 93.2998, 93.9137, 94.5275, 95.1413, 95.7551, 96.3689, 96.9827, 97.5965, 98.2104, 98.8242, 99.438, 100.052, 100.666, 101.279, 101.893, 102.507, 103.121, 103.735, 104.349, 104.962, 105.576, 106.19, 106.804, 107.418, 108.031, 108.645, 109.259, 109.873, 110.487, 111.1, 111.714, 112.328, 112.942, 113.556, 114.17, 114.783, 115.397, 116.011, 116.625, 117.239, 117.852, 118.466, 119.08, 119.694, 120.308, 120.922, 121.535, 122.149, 122.763, 123.377, 123.991, 124.604, 125.218, 125.832, 126.446, 127.06, 127.673, 128.287, 128.901, 129.515, 130.129, 130.743, 131.356, 131.97, 132.584, 133.198, 133.812, 134.425, 135.039, 135.653, 136.267, 136.881, 137.495, 138.108, 138.722, 139.336, 139.95, 140.564, 141.177, 141.791, 142.405, 143.019, 143.633, 144.246, 144.86, 145.474, 146.088, 146.702, 147.316, 147.929, 148.543, 149.157, 149.771, 150.385, 150.998, 151.612, 152.226, 152.84, 153.454, 154.068, 154.681, 155.295, 155.909, 156.523, 157.137, 157.75, 158.364, 158.978, 159.592, 160.206, 160.819, 161.433, 162.047, 162.661, 163.275, 163.889, 164.502, 165.116, 165.73, 166.344, 166.958, 167.571, 168.185, 168.799, 169.413, 170.027, 170.64, 171.254, 171.868, 172.482, 173.096, 173.71, 174.323, 174.937, 175.551, 176.165, 176.779, 177.392, 178.006, 178.62, 179.234, 179.848, 180.462, 181.075, 181.689, 182.303, 182.917, 183.531, 184.144, 184.758, 185.372, 185.986, 186.6, 187.213, 187.827, 188.441, 189.055, 189.669, 190.283, 190.896, 191.51, 192.124, 192.738, 193.352, 193.965, 194.579, 195.193, 195.807, 196.421, 197.035, 197.648, 198.262, 198.876, 199.49, 200.104, 200.717, 201.331, 201.945, 202.559, 203.173, 203.786, 204.4, 205.014, 205.628, 206.242, 206.856, 207.469, 208.083, 208.697, 209.311, 209.925, 210.538, 211.152, 211.766, 212.38, 212.994, 213.608, 214.221, 214.835, 215.449, 216.063, 216.677, 217.29, 217.904, 218.518, 219.132, 219.746, 220.359, 220.973, 221.587, 222.201, 222.815, 223.429, 224.042, 224.656, 225.27, 225.884, 226.498, 227.111, 227.725, 228.339, 228.953, 229.567, 230.181, 230.794, 231.408, 232.022, 232.636, 233.25, 233.863, 234.477, 235.091, 235.705, 236.319, 236.932, 237.546, 238.16, 238.774, 239.388, 240.002, 240.615, 241.229, 241.843, 242.457, 243.071, 243.684, 244.298, 244.912, 245.526, 246.14, 246.754, 247.367, 247.981, 248.595, 249.209, 249.823, 250.436, 251.05, 251.664, 252.278, 252.892, 253.505, 254.119, 254.733, 255.347, 255.961, 256.575, 257.188, 257.802, 258.416, 259.03, 259.644, 260.257, 260.871, 261.485, 262.099, 262.713, 263.327, 263.94, 264.554, 265.168, 265.782, 266.396, 267.009, 267.623, 268.237, 268.851, 269.465, 270.078, 270.692, 271.306, 271.92, 272.534, 273.148, 273.761, 274.375, 274.989, 275.603, 276.217, 276.83, 277.444, 278.058, 278.672, 279.286, 279.9, 280.513, 281.127, 281.741, 282.355, 282.969, 283.582, 284.196, 284.81, 285.424, 286.038, 286.651, 287.265, 287.879, 288.493, 289.107, 289.721, 290.334, 290.948, 291.562, 292.176, 292.79, 293.403, 294.017
3.14136, 3.14218, 3.14301, 3.14384, 3.14469, 3.14554, 3.1464, 3.14727, 3.14816, 3.14905, 3.14995, 3.15086, 3.15177, 3.1527, 3.15364, 3.15459, 3.15555, 3.15652, 3.15749, 3.15848, 3.15948, 3.16049, 3.16151, 3.16254, 3.16358, 3.16463, 3.16569, 3.16677, 3.16785, 3.16895, 3.17005, 3.17117, 3.1723, 3.17344, 3.17459, 3.17575, 3.17693, 3.17811, 3.17931, 3.18052, 3.18175, 3.18298, 3.18423, 3.18549, 3.18676, 3.18805, 3.18934, 3.19066, 3.19198, 3.19332, 3.19467, 3.19603, 3.19741, 3.1988, 3.20021, 3.20163, 3.20306, 3.20451, 3.20597, 3.20745, 3.20894, 3.21044, 3.21196, 3.2135, 3.21505, 3.21661, 3.2182, 3.21979, 3.22141, 3.22304, 3.22468, 3.22634, 3.22802, 3.22971, 3.23142, 3.23315, 3.2349, 3.23666, 3.23844, 3.24023, 3.24205, 3.24388, 3.24573, 3.2476, 3.24949, 3.2514, 3.25332, 3.25526, 3.25723, 3.25921, 3.26121, 3.26324, 3.26528, 3.26734, 3.26942, 3.27153, 3.27365, 3.2758, 3.27797, 3.28016, 3.28237, 3.2846, 3.28686, 3.28914, 3.29144, 3.29376, 3.29611, 3.29848, 3.30088, 3.3033, 3.30574, 3.30821, 3.3107, 3.31322, 3.31577, 3.31834, 3.32093, 3.32356, 3.32621, 3.32889, 3.33159, 3.33432, 3.33708, 3.33987, 3.34269, 3.34554, 3.34841, 3.35132, 3.35426, 3.35723, 3.36022, 3.36325, 3.36631, 3.36941, 3.37253, 3.37569, 3.37889, 3.38211, 3.38537, 3.38867, 3.392, 3.39537, 3.39877, 3.40221, 3.40568, 3.4092, 3.41275, 3.41634, 3.41997, 3.42363, 3.42734, 3.43109, 3.43488, 3.43871, 3.44259, 3.44651, 3.45047, 3.45447, 3.45852, 3.46262, 3.46676, 3.47095, 3.47519, 3.47947, 3.4838, 3.48819, 3.49262, 3.4971, 3.50164, 3.50623, 3.51087, 3.51557, 3.52032, 3.52513, 3.52999, 3.53491, 3.53989, 3.54493, 3.55003, 3.55519, 3.56042, 3.56571, 3.57106, 3.57647, 3.58196, 3.58751, 3.59313, 3.59882, 3.60458, 3.61042, 3.61632, 3.62231, 3.62837, 3.6345, 3.64072, 3.64701, 3.65339, 3.65985, 3.66639, 3.67303, 3.67974, 3.68655, 3.69345, 3.70044, 3.70753, 3.71471, 3.722, 3.72938, 3.73686, 3.74445, 3.75214, 3.75994, 3.76785, 3.77588, 3.78402, 3.79228, 3.80065, 3.80915, 3.81777, 3.82653, 3.83541, 3.84442, 3.85357, 3.86286, 3.87229, 3.88186, 3.89159, 3.90146, 3.91149, 3.92168, 3.93203, 3.94255, 3.95324, 3.9641, 3.97514, 3.98637, 3.99778, 4.00938, 4.02118, 4.03318, 4.04539, 4.05782, 4.07046, 4.08332, 4.09641, 4.10974, 4.12332, 4.13714, 4.15122, 4.16556, 4.18017, 4.19506, 4.21024, 4.22572, 4.2415, 4.25759, 4.27401, 4.29076, 4.30785, 4.32531, 4.34312, 4.36132, 4.3799, 4.3989, 4.41831, 4.43815, 4.45844, 4.4792, 4.50043, 4.52217, 4.54442, 4.56721, 4.59056, 4.61448, 4.63901, 4.66417, 4.68998, 4.71647, 4.74367, 4.77161, 4.80032, 4.82984, 4.86021, 4.89145, 4.92363, 4.95678, 4.99095, 5.02619, 5.06256, 5.10011, 5.13892, 5.17906, 5.22059, 5.2636, 5.30818, 5.35443, 5.40246, 5.45237, 5.5043, 5.55839, 5.6148, 5.67369, 5.73526, 5.79973, 5.86733, 5.93835, 6.0131, 6.09192, 6.17525, 6.26356, 6.35741, 6.45749, 6.56456, 6.67958, 6.80363, 6.93802, 7.08421, 7.24384, 7.41865, 7.61038, 7.82057, 8.05027, 8.29968, 8.56767, 8.85126, 9.14512, 9.44108, 9.72787, 9.99115, 10.2139, 10.3773, 10.4619, 10.4494, 10.3244, 10.0764, 9.70101, 9.20104, 8.58617, 7.87478, 7.10536, 6.29331, 5.46791, 4.6575, 3.88727, 3.17759, 2.54294, 1.99162, 1.52606, 1.14371, 0.838168, 0.60052, 0.420554, 0.287833, 0.192495, 0.125777, 0.0802848, 0.0500573, 0.0304831, 0.0181287, 0.010528, 0.00596964, 0.00330448, 0.00178526, 0.000940863, 0.00048322, 0.000241286, 0.000116456, 5.34644e-05, 2.21232e-05, 5.91808e-06, 2.47828e-06, 1.09433e-06, 4.71405e-07, 1.98102e-07, 8.12139e-08, 3.24803e-08, 1.26724e-08, 4.8233e-09, 1.79093e-09, 6.48726e-10, 2.2924e-10, 7.90259e-11, 2.65764e-11, 8.71908e-12, 2.79057e-12, 8.71291e-13, 2.65388e-13, 7.88584e-14, 2.28593e-14, 6.46435e-15, 1.78335e-15, 4.79948e-16, 1.26009e-16, 3.22742e-17, 8.06413e-18, 1.96566e-18, 4.67419e-19, 1.08431e-19, 2.45384e-20, 5.41738e-21, 1.16675e-21, 2.45142e-22, 5.02463e-23, 1.0047e-23, 1.95984e-24, 3.7295e-25, 6.92354e-26, 1.25387e-26, 2.21528e-27, 3.81812e-28, 6.41977e-29, 1.05302e-29, 1.68501e-30, 2.63037e-31, 4.00569e-32, 5.95096e-33, 8.62471e-34, 1.21941e-34, 1.68191e-35, 2.2631e-36, 2.97066e-37, 3.80408e-38, 4.75219e-39, 5.79144e-40, 6.88536e-41, 7.98574e-42, 9.03548e-43, 9.97321e-44, 1.07391e-44, 1.1281e-45, 1.15604e-46, 1.15571e-47, 1.12713e-48, 1.07237e-49, 9.9532e-51, 9.01218e-52, 7.96057e-53, 6.85973e-54, 5.76656e-55, 4.72906e-56, 3.78339e-57, 2.95281e-58, 2.24821e-59, 1.66988e-60, 1.20999e-61, 8.55318e-63, 5.89821e-64, 3.9679e-65, 2.60405e-66, 1.66719e-67, 1.04128e-68, 6.34455e-70, 3.77121e-71, 2.18679e-72, 1.23704e-73, 6.82661e-75, 3.67515e-76, 1.93016e-77, 9.88916e-79, 4.9428e-80, 2.4101e-81, 1.14642e-82, 5.31986e-84, 2.40827e-85, 1.06355e-86, 4.58203e-88, 1.92577e-89, 7.89588e-91, 3.15823e-92, 1.23235e-93, 4.69108e-95, 1.74205e-96, 6.31093e-98, 2.23036e-99, 7.68961e-101, 2.58631e-102, 8.48605e-104, 2.7163e-105, 8.482e-107, 2.58384e-108
3.14136, 3.14219, 3.14303, 3.14389, 3.14474, 3.14561, 3.14649, 3.14738, 3.14827, 3.14918, 3.15009, 3.15102, 3.15195, 3.1529, 3.15385, 3.15481, 3.15579, 3.15677, 3.15776, 3.15877, 3.15978, 3.16081, 3.16184, 3.16289, 3.16395, 3.16501, 3.16609, 3.16718, 3.16828, 3.16939, 3.17051, 3.17165, 3.17279, 3.17395, 3.17512, 3.1763, 3.17749, 3.1787, 3.17991, 3.18114, 3.18238, 3.18363, 3.1849, 3.18618, 3.18747, 3.18877, 3.19009, 3.19142, 3.19276, 3.19412, 3.19549, 3.19687, 3.19826, 3.19967, 3.2011, 3.20254, 3.20399, 3.20546, 3.20694, 3.20843, 3.20995, 3.21147, 3.21301, 3.21457, 3.21614, 3.21772, 3.21933, 3.22094, 3.22258, 3.22423, 3.22589, 3.22758, 3.22927, 3.23099, 3.23272, 3.23447, 3.23624, 3.23802, 3.23982, 3.24164, 3.24348, 3.24534, 3.24721, 3.2491, 3.25101, 3.25294, 3.25489, 3.25686, 3.25885, 3.26085, 3.26288, 3.26493, 3.26699, 3.26908, 3.27119, 3.27332, 3.27547, 3.27764, 3.27984, 3.28205, 3.28429, 3.28655, 3.28883, 3.29114, 3.29346, 3.29582, 3.29819, 3.30059, 3.30301, 3.30546, 3.30793, 3.31043, 3.31295, 3.3155, 3.31807, 3.32067, 3.3233, 3.32595, 3.32864, 3.33134, 3.33408, 3.33684, 3.33963, 3.34246, 3.34531, 3.34818, 3.35109, 3.35403, 3.357, 3.36, 3.36304, 3.3661, 3.36919, 3.37232, 3.37548, 3.37868, 3.38191, 3.38517, 3.38847, 3.3918, 3.39517, 3.39857, 3.40201, 3.40549, 3.409, 3.41255, 3.41614, 3.41977, 3.42344, 3.42715, 3.4309, 3.43469, 3.43852, 3.4424, 3.44631, 3.45028, 3.45428, 3.45833, 3.46242, 3.46657, 3.47075, 3.47499, 3.47927, 3.4836, 3.48798, 3.49241, 3.4969, 3.50143, 3.50602, 3.51065, 3.51535, 3.5201, 3.5249, 3.52976, 3.53468, 3.53965, 3.54469, 3.54978, 3.55494, 3.56016, 3.56544, 3.57079, 3.5762, 3.58167, 3.58722, 3.59283, 3.59852, 3.60427, 3.6101, 3.61599, 3.62197, 3.62802, 3.63414, 3.64035, 3.64663, 3.653, 3.65945, 3.66598, 3.6726, 3.6793, 3.6861, 3.69298, 3.69996, 3.70703, 3.7142, 3.72147, 3.72883, 3.7363, 3.74386, 3.75154, 3.75932, 3.76721, 3.77522, 3.78333, 3.79157, 3.79992, 3.80839, 3.81699, 3.82572, 3.83457, 3.84356, 3.85268, 3.86193, 3.87133, 3.88087, 3.89056, 3.9004, 3.9104, 3.92055, 3.93086, 3.94134, 3.95198, 3.9628, 3.9738, 3.98497, 3.99634, 4.00789, 4.01963, 4.03158, 4.04373, 4.0561, 4.06867, 4.08147, 4.0945, 4.10776, 4.12126, 4.13501, 4.14901, 4.16327, 4.1778, 4.1926, 4.20769, 4.22307, 4.23875, 4.25474, 4.27105, 4.28769, 4.30467, 4.322, 4.33968, 4.35775, 4.37619, 4.39504, 4.4143, 4.43398, 4.45411, 4.47469, 4.49574, 4.51728, 4.53934, 4.56191, 4.58504, 4.60874, 4.63302, 4.65792, 4.68346, 4.70966, 4.73656, 4.76419, 4.79256, 4.82173, 4.85172, 4.88258, 4.91433, 4.94704, 4.98073, 5.01547, 5.05131, 5.0883, 5.1265, 5.16599, 5.20683, 5.2491, 5.29289, 5.33829, 5.38539, 5.43431, 5.48518, 5.53811, 5.59325, 5.65077, 5.71085, 5.77368, 5.83948, 5.90852, 5.98106, 6.05745, 6.13805, 6.22329, 6.31367, 6.40979, 6.51235, 6.62219, 6.7403, 6.86785, 7.00625, 7.15709, 7.3222, 7.50355, 7.70316, 7.92289, 8.1642, 8.42769, 8.71266, 9.01653, 9.33421, 9.65766, 9.97546, 10.2728, 10.5318, 10.7325, 10.8539, 10.8758, 10.7812, 10.5574, 10.1989, 9.70765, 9.09394, 8.37595, 7.57836, 6.73031, 5.86294, 5.00674, 4.18915, 3.43262, 2.75348, 2.16142, 1.65984, 1.24664, 0.915507, 0.65726, 0.461198, 0.316256, 0.211899, 0.138707, 0.088695, 0.0553965, 0.0337914, 0.0201293, 0.0117087, 0.00664965, 0.00368666, 0.00199485, 0.00105303, 0.000541761, 0.000271072, 0.000131275, 6.0568e-05, 2.53649e-05, 7.15527e-06, 3.01668e-06, 1.3324e-06, 5.74103e-07, 2.41319e-07, 9.89561e-08, 3.95859e-08, 1.54485e-08, 5.88142e-09, 2.18436e-09, 7.91435e-10, 2.7974e-10, 9.64586e-11, 3.24471e-11, 1.06478e-11, 3.40871e-12, 1.06456e-12, 3.24336e-13, 9.63985e-14, 2.79507e-14, 7.90613e-15, 2.18164e-15, 5.87286e-16, 1.54229e-16, 3.95119e-17, 9.87503e-18, 2.40767e-18, 5.7267e-19, 1.3288e-19, 3.00789e-20, 6.64221e-21, 1.43091e-21, 3.00717e-22, 6.16528e-23, 1.23309e-23, 2.40595e-24, 4.57957e-25, 8.50376e-26, 1.54044e-26, 2.72225e-27, 4.69308e-28, 7.89288e-29, 1.29498e-29, 2.0727e-30, 3.23636e-31, 4.92978e-32, 7.32563e-33, 1.06197e-33, 1.50184e-34, 2.07198e-35, 2.78865e-36, 3.66143e-37, 4.68982e-38, 5.86015e-39, 7.14348e-40, 8.4949e-41, 9.85495e-42, 1.11532e-42, 1.23138e-43, 1.32627e-44, 1.39354e-45, 1.42841e-46, 1.42836e-47, 1.39338e-48, 1.32601e-49, 1.23105e-50, 1.11493e-51, 9.8508e-53, 8.49066e-54, 7.13937e-55, 5.85633e-56, 4.6864e-57, 3.65848e-58, 2.78618e-59, 2.06998e-60, 1.50028e-61, 1.06078e-62, 7.31685e-64, 4.92348e-65, 3.23197e-66, 2.06972e-67, 1.29301e-68, 7.88027e-70, 4.6852e-71, 2.71745e-72, 1.5376e-73, 8.48739e-75, 4.57037e-76, 2.40092e-77, 1.23041e-78, 6.15135e-80, 3.00012e-81, 1.42743e-82, 6.6255e-84, 3.00006e-85, 1.32522e-86, 5.71079e-88, 2.40077e-89, 9.84584e-91, 3.93915e-92, 1.53745e-93, 5.85389e-95, 2.17439e-96, 7.87912e-98, 2.78526e-99, 9.60509e-101, 3.23135e-102, 1.06051e-103, 3.39542e-105, 1.06052e-106, 3.23142e-108
207.23
175.87
 
MEASUREMENT 8
1.56305, 4.67879, 7.79453, 10.9103, 14.0312, 17.1469, 20.2679, 23.3784, 26.4796, 29.5859, 32.6913, 35.8071, 38.9228, 42.0385, 45.1595, 48.2752, 51.3909, 54.5067, 57.6224, 60.7381, 63.8435, 66.9593, 70.0698, 73.1752, 76.2806, 79.3859, 82.4913, 85.5967, 88.7021, 91.8074, 94.9128, 98.0182, 101.1, 104.148, 107.196, 110.244, 113.292, 116.339, 119.387, 122.435, 125.483, 128.531, 131.574, 134.622, 137.67, 140.718, 143.766, 146.814, 149.861, 152.909, 155.957, 159.005, 162.053, 165.101, 168.149, 171.197, 174.245, 177.293, 180.341, 183.389, 186.436, 189.484, 192.532, 195.58, 198.621, 201.655, 204.688, 207.722, 210.756, 213.794, 216.838, 219.882, 222.926, 225.97, 229.014, 232.058, 235.102, 238.145, 241.189, 244.233, 247.277, 250.321, 253.37, 256.424, 259.478, 262.532, 265.586, 268.64, 271.695, 274.749, 277.803, 280.857, 283.911, 286.97, 290.035, 293.099
2.83398, 2.83261, 2.82219, 2.97646, 2.82012, 2.85563, 3.06978, 3.06602, 3.03141, 3.06354, 3.09006, 3.15673, 3.15746, 3.19752, 3.19221, 3.21951, 3.32355, 3.36467, 3.41761, 3.44861, 3.09748, 3.41298, 3.42727, 3.41587, 3.49225, 3.50113, 3.52386, 3.51658, 3.56604, 3.30546, 3.62213, 3.17082, 3.64048, 3.64323, 3.67399, 3.69566, 3.71343, 3.7426, 3.78041, 3.79699, 3.80961, 3.8529, 3.90555, 3.90951, 3.95125, 4.01763, 4.07814, 4.11978, 4.15751, 4.19694, 4.28376, 4.35795, 4.4404, 4.50026, 4.59079, 4.80971, 4.88664, 4.95517, 5.14747, 5.39651, 5.57818, 5.94556, 6.29627, 7.012, 8.90663, 10.1829, 11.4334, 10.4665, 5.44929, 1.28488, 0.12875, 0.0245057, 0.00360062, -0.00114146, 0.00675087, 0.00975211, 0.00169936, 0.00112356, -0.00431481, -0.000666311, -0.0108432, -0.0843031, -0.00514238, -0.00143491, -0.0855944, -0.105717, -0.0354589, -0.0206198, -0.001717, -0.000735478, -0.00692947, -0.0145144, -0.00609618, -0.00348633, -0.0240354, -0.0105773
0.0850195, 0.0849782, 0.0846657, 0.0892937, 0.0846035, 0.0856688, 0.0920935, 0.0919807, 0.0909424, 0.0919063, 0.0927017, 0.094702, 0.0947239, 0.0959256, 0.0957664, 0.0965854, 0.0997065, 0.10094, 0.102528, 0.103458, 0.0929244, 0.10239, 0.102818, 0.102476, 0.104767, 0.105034, 0.105716, 0.105497, 0.106981, 0.0991639, 0.108664, 0.0951247, 0.109214, 0.109297, 0.11022, 0.11087, 0.111403, 0.112278, 0.113412, 0.11391, 0.114288, 0.115587, 0.117167, 0.117285, 0.118537, 0.120529, 0.122344, 0.123593, 0.124725, 0.125908, 0.128513, 0.130739, 0.133212, 0.135008, 0.137724, 0.144291, 0.146599, 0.148655, 0.154424, 0.161895, 0.167345, 0.178367, 0.188888, 0.21036, 0.267199, 0.305487, 0.343003, 0.313995, 0.163479, 0.0385465, 0.00386249, 0.000735171, 0.000108019, 3.42439e-05, 0.000202526, 0.000292563, 5.09809e-05, 3.37067e-05, 0.000129444, 1.99893e-05, 0.000325297, 0.00252909, 0.000154271, 4.30472e-05, 0.00256783, 0.0031715, 0.00106377, 0.000618594, 5.15099e-05, 2.20643e-05, 0.000207884, 0.000435431, 0.000182885, 0.00010459, 0.000721063, 0.00031732
0, 0.613815, 1.22763, 1.84144, 2.45526, 3.06907, 3.68289, 4.2967, 4.91052, 5.52433, 6.13815, 6.75196, 7.36578, 7.97959, 8.59341, 9.20722, 9.82104, 10.4349, 11.0487, 11.6625, 12.2763, 12.8901, 13.5039, 14.1177, 14.7316, 15.3454, 15.9592, 16.573, 17.1868, 17.8006, 18.4144, 19.0283, 19.6421, 20.2559, 20.8697, 21.4835, 22.0973, 22.7111, 23.325, 23.9388, 24.5526, 25.1664, 25.7802, 26.394, 27.0078, 27.6217, 28.2355, 28.8493, 29.4631, 30.0769, 30.6907, 31.3046, 31.9184, 32.5322, 33.146, 33.7598, 34.3736, 34.9874, 35.6013, 36.2151, 36.8289, 37.4427, 38.0565, 38.6703, 39.2841, 39.898, 40.5118, 41.1256, 41.7394, 42.3532, 42.967, 43.5808, 44.1947, 44.8085, 45.4223, 46.0361, 46.6499, 47.2637, 47.8775, 48.4914, 49.1052, 49.719, 50.3328, 50.9466, 51.5604, 52.1743, 52.7881, 53.4019, 54.0157, 54.6295, 55.2433, 55.8571, 56.471, 57.0848, 57.6986, 58.3124, 58.9262, 59.54, 60.1538, 60.7677, 61.3815, 61.9953, 62.6091, 63.2229, 63.8367, 64.4505, 65.0644, 65.6782, 66.292, 66.9058, 67.5196, 68.1334, 68.7473, 69.3611, 69.9749, 70.5887, 71.2025, 71.8163, 72.4301, 73.044, 73.6578, 74.2716, 74.8854, 75.4992, 76.113, 76.7268, 77.3407, 77.9545, 78.5683, 79.1821, 79.7959, 80.4097, 81.0235, 81.6374, 82.2512, 82.865, 83.4788, 84.0926, 84.7064, 85.3202, 85.9341, 86.5479, 87.1617, 87.7755, 88.3893, 89.0031, 89.617, 90.2308, 90.8446, 91.4584, 92.0722, 92.686, 93.2998, 93.9137, 94.5275, 95.1413, 95.7551, 96.3689, 96.9827, 97.5965, 98.2104, 98.8242, 99.438, 100.052, 100.666, 101.279, 101.893, 102.507, 103.121, 103.735, 104.349, 104.962, 105.576, 106.19, 106.804, 107.418, 108.031, 108.645, 109.259, 109.873, 110.487, 111.1, 111.714, 112.328, 112.942, 113.556, 114.17, 114.783, 115.397, 116.011, 116.625, 117.239, 117.852, 118.466, 119.08, 119.694, 120.308, 120.922, 121.535, 122.149, 122.763, 123.377, 123.991, 124.604, 125.218, 125.832, 126.446, 127.06, 127.673, 128.287, 128.901, 129.515, 130.129, 130.743, 131.356, 131.97, 132.584, 133.198, 133.812, 134.425, 135.039, 135.653, 136.267, 136.881, 137.495, 138.108, 138.722, 139.336, 139.95, 140.564, 141.177, 141.791, 142.405, 143.019, 143.633, 144.246, 144.86, 145.474, 146.088, 146.702, 147.316, 147.929, 148.543, 149.157, 149.771, 150.385, 150.998, 151.612, 152.226, 152.84, 153.454, 154.068, 154.681, 155.295, 155.909, 156.523, 157.137, 157.75, 158.364, 158.978, 159.592, 160.206, 160.819, 161.433, 162.047, 162.661, 163.275, 163.889, 164.502, 165.116, 165.73, 166.344, 166.958, 167.571, 168.185, 168.799, 169.413, 170.027, 170.64, 171.254, 171.868, 172.482, 173.096, 173.71, 174.323, 174.937, 175.551, 176.165, 176.779, 177.392, 178.006, 178.62, 179.234, 179.848, 180.462, 181.075, 181.689, 182.303, 182.917, 183.531, 184.144, 184.758, 185.372, 185.986, 186.6, 187.213, 187.827, 188.441, 189.055, 189.669, 190.283, 190.896, 191.51, 192.124, 192.738, 193.352, 193.965, 194.579, 195.193, 195.807, 196.421, 197.035, 197.648, 198.262, 198.876, 199.49, 200.104, 200.717, 201.331, 201.945, 202.559, 203.173, 203.786, 204.4, 205.014, 205.628, 206.242, 206.856, 207.469, 208.083, 208.697, 209.311, 209.925, 210.538, 211.152, 211.766, 212.38, 212.994, 213.608, 214.221, 214.835, 215.449, 216.063, 216.677, 217.29, 217.904, 218.518, 219.132, 219.746, 220.359, 220.973, 221.587, 222.201, 222.815, 223.429, 224.042, 224.656, 225.27, 225.884, 226.498, 227.111, 227.725, 228.339, 228.953, 229.567, 230.181, 230.794, 231.408, 232.022, 232.636, 233.25, 233.863, 234.477, 235.091, 235.705, 236.319, 236.932, 237.546, 238.16, 238.774, 239.388, 240.002, 240.615, 241.229, 241.843, 242.457, 243.071, 243.684, 244.298, 244.912, 245.526, 246.14, 246.754, 247.367, 247.981, 248.595, 249.209, 249.823, 250.436, 251.05, 251.664, 252.278, 252.892, 253.505, 254.119, 254.733, 255.347, 255.961, 256.575, 257.188, 257.802, 258.416, 259.03, 259.644, 260.257, 260.871, 261.485, 262.099, 262.713, 263.327, 263.94, 264.554, 265.168, 265.782, 266.396, 267.009, 267.623, 268.237, 268.851, 269.465, 270.078, 270.692, 271.306, 271.92, 272.534, 273.148, 273.761, 274.375, 274.989, 275.603, 276.217, 276.83, 277.444, 278.058, 278.672, 279.286, 279.9, 280.513, 281.127, 281.741, 282.355, 282.969, 283.582, 284.196, 284.81, 285.424, 286.038, 286.651, 287.265, 287.879, 288.493, 289.107, 289.721, 290.334, 290.948, 291.562, 292.176, 292.79, 293.403, 294.017
3.13822, 3.13904, 3.13986, 3.1407, 3.14155, 3.1424, 3.14326, 3.14413, 3.14502, 3.14591, 3.14681, 3.14772, 3.14864, 3.14957, 3.15051, 3.15145, 3.15241, 3.15338, 3.15436, 3.15535, 3.15635, 3.15736, 3.15838, 3.15941, 3.16045, 3.1615, 3.16256, 3.16364, 3.16472, 3.16582, 3.16692, 3.16804, 3.16917, 3.17031, 3.17146, 3.17263, 3.1738, 3.17499, 3.17619, 3.1774, 3.17862, 3.17986, 3.18111, 3.18237, 3.18364, 3.18493, 3.18623, 3.18754, 3.18886, 3.1902, 3.19155, 3.19292, 3.19429, 3.19569, 3.19709, 3.19851, 3.19995, 3.20139, 3.20286, 3.20433, 3.20583, 3.20733, 3.20885, 3.21039, 3.21194, 3.21351, 3.21509, 3.21669, 3.2183, 3.21993, 3.22158, 3.22324, 3.22492, 3.22661, 3.22832, 3.23005, 3.2318, 3.23356, 3.23534, 3.23714, 3.23895, 3.24079, 3.24264, 3.24451, 3.2464, 3.2483, 3.25023, 3.25217, 3.25414, 3.25612, 3.25812, 3.26015, 3.26219, 3.26426, 3.26634, 3.26844, 3.27057, 3.27272, 3.27489, 3.27708, 3.27929, 3.28152, 3.28378, 3.28606, 3.28836, 3.29069, 3.29304, 3.29541, 3.29781, 3.30023, 3.30267, 3.30514, 3.30764, 3.31016, 3.3127, 3.31528, 3.31787, 3.3205, 3.32315, 3.32583, 3.32853, 3.33127, 3.33403, 3.33682, 3.33964, 3.34249, 3.34537, 3.34828, 3.35121, 3.35418, 3.35718, 3.36021, 3.36328, 3.36637, 3.3695, 3.37266, 3.37586, 3.37908, 3.38235, 3.38564, 3.38898, 3.39234, 3.39575, 3.39919, 3.40267, 3.40618, 3.40974, 3.41333, 3.41696, 3.42063, 3.42434, 3.42809, 3.43188, 3.43572, 3.4396, 3.44352, 3.44748, 3.45149, 3.45554, 3.45964, 3.46379, 3.46798, 3.47222, 3.4765, 3.48084, 3.48522, 3.48966, 3.49415, 3.49869, 3.50328, 3.50793, 3.51262, 3.51738, 3.52219, 3.52706, 3.53198, 3.53697, 3.54201, 3.54712, 3.55228, 3.55751, 3.5628, 3.56816, 3.57358, 3.57907, 3.58462, 3.59025, 3.59595, 3.60171, 3.60755, 3.61346, 3.61945, 3.62552, 3.63166, 3.63788, 3.64418, 3.65056, 3.65703, 3.66358, 3.67022, 3.67694, 3.68376, 3.69067, 3.69766, 3.70476, 3.71195, 3.71924, 3.72663, 3.73412, 3.74172, 3.74942, 3.75723, 3.76515, 3.77318, 3.78133, 3.7896, 3.79799, 3.80649, 3.81513, 3.82389, 3.83278, 3.84181, 3.85097, 3.86027, 3.86971, 3.8793, 3.88904, 3.89893, 3.90897, 3.91918, 3.92954, 3.94008, 3.95078, 3.96166, 3.97272, 3.98396, 3.99539, 4.00701, 4.01883, 4.03085, 4.04308, 4.05552, 4.06819, 4.08107, 4.09419, 4.10755, 4.12114, 4.13499, 4.1491, 4.16347, 4.17811, 4.19303, 4.20824, 4.22375, 4.23956, 4.25569, 4.27214, 4.28893, 4.30606, 4.32355, 4.34141, 4.35965, 4.37828, 4.39732, 4.41678, 4.43668, 4.45702, 4.47783, 4.49913, 4.52092, 4.54324, 4.5661, 4.58951, 4.61351, 4.63812, 4.66336, 4.68925, 4.71583, 4.74312, 4.77116, 4.79997, 4.8296, 4.86008, 4.89145, 4.92376, 4.95704, 4.99135, 5.02675, 5.06328, 5.10101, 5.14, 5.18033, 5.22207, 5.26531, 5.31014, 5.35664, 5.40495, 5.45516, 5.50742, 5.56186, 5.61865, 5.67796, 5.73999, 5.80496, 5.87312, 5.94476, 6.02019, 6.09979, 6.18398, 6.27328, 6.36826, 6.46962, 6.57819, 6.69493, 6.82097, 6.95763, 7.10639, 7.26887, 7.44674, 7.64162, 7.85483, 8.08712, 8.33826, 8.60662, 8.88865, 9.1784, 9.46716, 9.74328, 9.99226, 10.1973, 10.34, 10.4021, 10.3665, 10.2195, 9.95189, 9.56101, 9.05076, 8.43122, 7.72391, 6.9624, 6.16311, 5.354, 4.56192, 3.81059, 3.11904, 2.50073, 1.96328, 1.50883, 1.13481, 0.835091, 0.601149, 0.423242, 0.291396, 0.196158, 0.129091, 0.0830434, 0.0522141, 0.0320849, 0.0192665, 0.0113046, 0.00648044, 0.00362907, 0.00198484, 0.00105979, 0.000551958, 0.000279877, 0.000137536, 6.47168e-05, 2.8087e-05, 9.43718e-06, 3.07255e-06, 1.38113e-06, 6.06102e-07, 2.59648e-07, 1.08581e-07, 4.43251e-08, 1.76635e-08, 6.87121e-09, 2.60927e-09, 9.6724e-10, 3.50009e-10, 1.23638e-10, 4.2634e-11, 1.43512e-11, 4.71575e-12, 1.51266e-12, 4.73655e-13, 1.44781e-13, 4.32008e-14, 1.25835e-14, 3.57799e-15, 9.9313e-16, 2.69093e-16, 7.11752e-17, 1.83774e-17, 4.63201e-18, 1.13968e-18, 2.73733e-19, 6.41799e-20, 1.46893e-20, 3.28195e-21, 7.15802e-22, 1.52399e-22, 3.1674e-23, 6.42615e-24, 1.27271e-24, 2.46057e-25, 4.64379e-26, 8.55535e-27, 1.53863e-27, 2.7012e-28, 4.62925e-29, 7.7445e-30, 1.26475e-30, 2.01626e-31, 3.13774e-32, 4.76669e-33, 7.06881e-34, 1.0233e-34, 1.44608e-35, 1.99484e-36, 2.6863e-37, 3.53127e-38, 4.53143e-39, 5.67635e-40, 6.94116e-41, 8.2856e-42, 9.65485e-43, 1.09824e-43, 1.21948e-44, 1.32186e-45, 1.3987e-46, 1.44474e-47, 1.45676e-48, 1.43388e-49, 1.37774e-50, 1.29227e-51, 1.18322e-52, 1.05757e-53, 9.22743e-55, 7.85926e-56, 6.53449e-57, 5.30361e-58, 4.20204e-59, 3.24995e-60, 2.45372e-61, 1.80842e-62, 1.30108e-63, 9.13775e-65, 6.26474e-66, 4.19271e-67, 2.73916e-68, 1.7469e-69, 1.08755e-70, 6.60932e-72, 3.92098e-73, 2.27071e-74, 1.28368e-75, 7.08409e-77, 3.81626e-78, 2.00688e-79, 1.03023e-80, 5.1627e-82, 2.5255e-83, 1.206e-84, 5.62182e-86, 2.5582e-87, 1.13638e-88, 4.92764e-90, 2.08586e-91, 8.61904e-93, 3.47666e-94, 1.36897e-95, 5.26207e-97, 1.97445e-98, 7.23214e-100, 2.58592e-101, 9.02596e-103, 3.07539e-104, 1.02291e-105
3.13822, 3.13905, 3.13989, 3.14074, 3.1416, 3.14247, 3.14335, 3.14424, 3.14513, 3.14604, 3.14695, 3.14788, 3.14881, 3.14976, 3.15071, 3.15168, 3.15265, 3.15364, 3.15463, 3.15563, 3.15665, 3.15767, 3.15871, 3.15976, 3.16081, 3.16188, 3.16296, 3.16405, 3.16515, 3.16626, 3.16739, 3.16852, 3.16967, 3.17082, 3.17199, 3.17317, 3.17437, 3.17557, 3.17679, 3.17802, 3.17926, 3.18051, 3.18178, 3.18306, 3.18435, 3.18565, 3.18697, 3.1883, 3.18964, 3.191, 3.19237, 3.19375, 3.19515, 3.19656, 3.19798, 3.19942, 3.20088, 3.20234, 3.20383, 3.20532, 3.20683, 3.20836, 3.2099, 3.21146, 3.21303, 3.21462, 3.21622, 3.21784, 3.21947, 3.22112, 3.22279, 3.22447, 3.22617, 3.22789, 3.22962, 3.23137, 3.23314, 3.23492, 3.23673, 3.23855, 3.24038, 3.24224, 3.24411, 3.24601, 3.24792, 3.24985, 3.2518, 3.25377, 3.25576, 3.25776, 3.25979, 3.26184, 3.26391, 3.266, 3.2681, 3.27023, 3.27239, 3.27456, 3.27675, 3.27897, 3.28121, 3.28347, 3.28575, 3.28806, 3.29039, 3.29274, 3.29512, 3.29752, 3.29994, 3.30239, 3.30486, 3.30736, 3.30989, 3.31244, 3.31501, 3.31761, 3.32024, 3.32289, 3.32558, 3.32829, 3.33102, 3.33379, 3.33658, 3.3394, 3.34225, 3.34514, 3.34805, 3.35099, 3.35396, 3.35696, 3.35999, 3.36306, 3.36616, 3.36929, 3.37245, 3.37565, 3.37888, 3.38214, 3.38544, 3.38877, 3.39214, 3.39555, 3.39899, 3.40247, 3.40598, 3.40954, 3.41313, 3.41676, 3.42043, 3.42414, 3.4279, 3.43169, 3.43552, 3.4394, 3.44332, 3.44728, 3.45129, 3.45534, 3.45944, 3.46359, 3.46778, 3.47201, 3.4763, 3.48063, 3.48502, 3.48945, 3.49394, 3.49847, 3.50306, 3.5077, 3.5124, 3.51715, 3.52196, 3.52682, 3.53174, 3.53672, 3.54176, 3.54686, 3.55202, 3.55725, 3.56253, 3.56788, 3.5733, 3.57878, 3.58433, 3.58995, 3.59564, 3.60139, 3.60722, 3.61313, 3.61911, 3.62516, 3.63129, 3.6375, 3.64379, 3.65017, 3.65662, 3.66316, 3.66979, 3.6765, 3.6833, 3.69019, 3.69718, 3.70426, 3.71143, 3.7187, 3.72607, 3.73355, 3.74113, 3.74881, 3.7566, 3.7645, 3.77251, 3.78064, 3.78888, 3.79725, 3.80573, 3.81434, 3.82307, 3.83194, 3.84094, 3.85007, 3.85934, 3.86875, 3.8783, 3.88801, 3.89786, 3.90787, 3.91803, 3.92836, 3.93885, 3.94951, 3.96035, 3.97136, 3.98255, 3.99393, 4.0055, 4.01727, 4.02924, 4.04141, 4.05379, 4.06639, 4.07921, 4.09226, 4.10555, 4.11907, 4.13285, 4.14687, 4.16116, 4.17572, 4.19055, 4.20567, 4.22108, 4.23679, 4.25282, 4.26916, 4.28584, 4.30285, 4.32022, 4.33795, 4.35605, 4.37455, 4.39344, 4.41274, 4.43248, 4.45265, 4.47329, 4.4944, 4.516, 4.53812, 4.56076, 4.58395, 4.60772, 4.63208, 4.65706, 4.68268, 4.70897, 4.73596, 4.76368, 4.79216, 4.82143, 4.85153, 4.8825, 4.91438, 4.94722, 4.98105, 5.01594, 5.05193, 5.08909, 5.12747, 5.16714, 5.20819, 5.25067, 5.29469, 5.34034, 5.38771, 5.43692, 5.48809, 5.54135, 5.59686, 5.65478, 5.71528, 5.77858, 5.84491, 5.91451, 5.9877, 6.0648, 6.14619, 6.23232, 6.32373, 6.42103, 6.52494, 6.63634, 6.75627, 6.88593, 7.02675, 7.18037, 7.34858, 7.53332, 7.73646, 7.95969, 8.20411, 8.46993, 8.7559, 9.0588, 9.3729, 9.68953, 9.9968, 10.2797, 10.5205, 10.6997, 10.7973, 10.7946, 10.676, 10.4309, 10.0551, 9.55206, 8.93297, 8.21621, 7.42611, 6.59089, 5.74032, 4.90333, 4.10574, 3.36858, 2.70701, 2.12998, 1.64049, 1.23644, 0.911741, 0.657634, 0.463908, 0.319997, 0.215806, 0.142275, 0.0916846, 0.0577454, 0.0355427, 0.0213776, 0.0125631, 0.00721318, 0.00404562, 0.00221608, 0.00118512, 0.00061826, 0.000314098, 0.000154833, 7.31579e-05, 3.20408e-05, 1.11038e-05, 3.74447e-06, 1.68134e-06, 7.38023e-07, 3.16238e-07, 1.32278e-07, 5.40121e-08, 2.1529e-08, 8.37694e-09, 3.18183e-09, 1.17977e-09, 4.27019e-10, 1.50878e-10, 5.20398e-11, 1.75216e-11, 5.75892e-12, 1.84773e-12, 5.78715e-13, 1.76938e-13, 5.28086e-14, 1.53858e-14, 4.37586e-15, 1.21489e-15, 3.2926e-16, 8.71104e-17, 2.24973e-17, 5.67181e-18, 1.39586e-18, 3.35344e-19, 7.86445e-20, 1.80043e-20, 4.02358e-21, 8.77766e-22, 1.86928e-22, 3.88597e-23, 7.88594e-24, 1.5622e-24, 3.02099e-25, 5.70284e-26, 1.0509e-26, 1.89044e-27, 3.31965e-28, 5.69052e-29, 9.52226e-30, 1.55546e-30, 2.4803e-31, 3.86083e-32, 5.86659e-33, 8.70202e-34, 1.26004e-34, 1.78105e-35, 2.45753e-36, 3.31017e-37, 4.35243e-38, 5.58652e-39, 6.99971e-40, 8.56148e-41, 1.02222e-41, 1.19144e-42, 1.35559e-43, 1.50561e-44, 1.63241e-45, 1.72771e-46, 1.78502e-47, 1.8003e-48, 1.77246e-49, 1.70348e-50, 1.59818e-51, 1.46368e-52, 1.30856e-53, 1.14201e-54, 9.72915e-56, 8.09115e-57, 6.56862e-58, 5.20556e-59, 4.02708e-60, 3.04118e-61, 2.24193e-62, 1.61336e-63, 1.13337e-64, 7.77211e-66, 5.20279e-67, 3.39987e-68, 2.16879e-69, 1.35052e-70, 8.20948e-72, 4.87145e-73, 2.82182e-74, 1.59562e-75, 8.80766e-77, 4.74591e-78, 2.49636e-79, 1.28181e-80, 6.42496e-82, 3.14373e-83, 1.50158e-84, 7.00137e-86, 3.18673e-87, 1.41591e-88, 6.14125e-90, 2.60019e-91, 1.07469e-92, 4.33602e-94, 1.70776e-95, 6.56588e-97, 2.46427e-98, 9.0284e-100, 3.22896e-101, 1.12731e-102, 3.84198e-104, 1.27819e-105
207.15
175.82
 
MEASUREMENT 9
1.56305, 4.67879, 7.79453, 10.9103, 14.0312, 17.1469, 20.2679, 23.3784, 26.4796, 29.5859, 32.6913, 35.8071, 38.9228, 42.0385, 45.1595, 48.2752, 51.3909, 54.5067, 57.6224, 60.7381, 63.8435, 66.9593, 70.0698, 73.1752, 76.2806, 79.3859, 82.4913, 85.5967, 88.7021, 91.8074, 94.9128, 98.0182, 101.1, 104.148, 107.196, 110.244, 113.292, 116.339, 119.387, 122.435, 125.483, 128.531, 131.574, 134.622, 137.67, 140.718, 143.766, 146.814, 149.861, 152.909, 155.957, 159.005, 162.053, 165.101, 168.149, 171.197, 174.245, 177.293, 180.341, 183.389, 186.436, 189.484, 192.532, 195.58, 198.621, 201.655, 204.688, 207.722, 210.756, 213.794, 216.838, 219.882, 222.926, 225.97, 229.014, 232.058, 235.102, 238.145, 241.189, 244.233, 247.277, 250.321, 253.37, 256.424, 259.478, 262.532, 265.586, 268.64, 271.695, 274.749, 277.803, 280.857, 283.911, 286.97, 290.035, 293.099
2.83641, 2.83545, 2.82016, 2.97426, 2.82196, 2.85417, 3.06772, 3.0676, 3.03275, 3.06496, 3.09147, 3.15896, 3.15639, 3.19702, 3.19319, 3.2228, 3.32368, 3.36461, 3.41212, 3.44931, 3.09579, 3.41638, 3.42186, 3.42288, 3.49269, 3.50221, 3.5241, 3.51654, 3.56544, 3.30546, 3.62309, 3.16902, 3.64305, 3.64374, 3.67951, 3.69248, 3.71311, 3.74427, 3.78081, 3.79567, 3.81027, 3.853, 3.90569, 3.91114, 3.96238, 4.02018, 4.07864, 4.11763, 4.16303, 4.19752, 4.282, 4.35688, 4.44253, 4.50261, 4.59034, 4.80901, 4.88715, 4.95642, 5.15258, 5.39303, 5.57626, 5.94914, 6.30492, 6.96913, 8.91326, 10.1875, 11.4291, 10.4601, 5.43539, 1.28326, 0.122575, 0.0229423, 0.00366651, 0.000423932, 0.00383304, 0.00868425, 0.00251394, 0.00202752, -0.00510963, -0.00136159, -0.0126033, -0.0782992, -0.000348821, -0.00113064, -0.0773261, -0.0949309, -0.0298845, -0.0234498, -0.001593, -0.00202984, -0.00616216, -0.0128957, -0.00711237, -0.00424143, -0.0228129, -0.0161302
0.0850922, 0.0850636, 0.0846047, 0.0892278, 0.0846589, 0.0856251, 0.0920317, 0.0920281, 0.0909826, 0.0919487, 0.092744, 0.0947689, 0.0946917, 0.0959107, 0.0957957, 0.096684, 0.0997105, 0.100938, 0.102364, 0.103479, 0.0928736, 0.102492, 0.102656, 0.102686, 0.104781, 0.105066, 0.105723, 0.105496, 0.106963, 0.0991639, 0.108693, 0.0950706, 0.109292, 0.109312, 0.110385, 0.110774, 0.111393, 0.112328, 0.113424, 0.11387, 0.114308, 0.11559, 0.117171, 0.117334, 0.118871, 0.120605, 0.122359, 0.123529, 0.124891, 0.125926, 0.12846, 0.130706, 0.133276, 0.135078, 0.13771, 0.14427, 0.146615, 0.148693, 0.154578, 0.161791, 0.167288, 0.178474, 0.189148, 0.209074, 0.267398, 0.305625, 0.342872, 0.313802, 0.163062, 0.0384978, 0.00367724, 0.000688268, 0.000109995, 1.2718e-05, 0.000114991, 0.000260528, 7.54183e-05, 6.08256e-05, 0.000153289, 4.08476e-05, 0.000378098, 0.00234898, 1.04646e-05, 3.39192e-05, 0.00231978, 0.00284793, 0.000896535, 0.000703495, 4.77899e-05, 6.08953e-05, 0.000184865, 0.00038687, 0.000213371, 0.000127243, 0.000684388, 0.000483906
0, 0.613815, 1.22763, 1.84144, 2.45526, 3.06907, 3.68289, 4.2967, 4.91052, 5.52433, 6.13815, 6.75196, 7.36578, 7.97959, 8.59341, 9.20722, 9.82104, 10.4349, 11.0487, 11.6625, 12.2763, 12.8901, 13.5039, 14.1177, 14.7316, 15.3454, 15.9592, 16.573, 17.1868, 17.8006, 18.4144, 19.0283, 19.6421, 20.2559, 20.8697, 21.4835, 22.0973, 22.7111, 23.325, 23.9388, 24.5526, 25.1664, 25.7802, 26.394, 27.0078, 27.6217, 28.2355, 28.8493, 29.4631, 30.0769, 30.6907, 31.3046, 31.9184, 32.5322, 33.146, 33.7598, 34.3736, 34.9874, 35.6013, 36.2151, 36.8289, 37.4427, 38.0565, 38.6703, 39.2841, 39.898, 40.5118, 41.1256, 41.7394, 42.3532, 42.967, 43.5808, 44.1947, 44.8085, 45.4223, 46.0361, 46.6499, 47.2637, 47.8775, 48.4914, 49.1052, 49.719, 50.3328, 50.9466, 51.5604, 52.1743, 52.7881, 53.4019, 54.0157, 54.6295, 55.2433, 55.8571, 56.471, 57.0848, 57.6986, 58.3124, 58.9262, 59.54, 60.1538, 60.7677, 61.3815, 61.9953, 62.6091, 63.2229, 63.8367, 64.4505, 65.0644, 65.6782, 66.292, 66.9058, 67.5196, 68.1334, 68.7473, 69.3611, 69.9749, 70.5887, 71.2025, 71.8163, 72.4301, 73.044, 73.6578, 74.2716, 74.8854, 75.4992, 76.113, 76.7268, 77.3407, 77.9545, 78.5683, 79.1821, 79.7959, 80.4097, 81.0235, 81.6374, 82.2512, 82.865, 83.4788, 84.0926, 84.7064, 85.3202, 85.9341, 86.5479, 87.1617, 87.7755, 88.3893, 89.0031, 89.617, 90.2308, 90.8446, 91.4584, 92.0722, 92.686, 93.2998, 93.9137, 94.5275, 95.1413, 95.7551, 96.3689, 96.9827, 97.5965, 98.2104, 98.8242, 99.438, 100.052, 100.666, 101.279, 101.893, 102.507, 103.121, 103.735, 104.349, 104.962, 105.576, 106.19, 106.804, 107.418, 108.031, 108.645, 109.259, 109.873, 110.487, 111.1, 111.714, 112.328, 112.942, 113.556, 114.17, 114.783, 115.397, 116.011, 116.625, 117.239, 117.852, 118.466, 119.08, 119.694, 120.308, 120.922, 121.535, 122.149, 122.763, 123.377, 123.991, 124.604, 125.218, 125.832, 126.446, 127.06, 127.673, 128.287, 128.901, 129.515, 130.129, 130.743, 131.356, 131.97, 132.584, 133.198, 133.812, 134.425, 135.039, 135.653, 136.267, 136.881, 137.495, 138.108, 138.722, 139.336, 139.95, 140.564, 141.177, 141.791, 142.405, 143.019, 143.633, 144.246, 144.86, 145.474, 146.088, 146.702, 147.316, 147.929, 148.543, 149.157, 149.771, 150.385, 150.998, 151.612, 152.226, 152.84, 153.454, 154.068, 154.681, 155.295, 155.909, 156.523, 157.137, 157.75, 158.364, 158.978, 159.592, 160.206, 160.819, 161.433, 162.047, 162.661, 163.275, 163.889, 164.502, 165.116, 165.73, 166.344, 166.958, 167.571, 168.185, 168.799, 169.413, 170.027, 170.64, 171.254, 171.868, 172.482, 173.096, 173.71, 174.323, 174.937, 175.551, 176.165, 176.779, 177.392, 178.006, 178.62, 179.234, 179.848, 180.462, 181.075, 181.689, 182.303, 182.917, 183.531, 184.144, 184.758, 185.372, 185.986, 186.6, 187.213, 187.827, 188.441, 189.055, 189.669, 190.283, 190.896, 191.51, 192.124, 192.738, 193.352, 193.965, 194.579, 195.193, 195.807, 196.421, 197.035, 197.648, 198.262, 198.876, 199.49, 200.104, 200.717, 201.331, 201.945, 202.559, 203.173, 203.786, 204.4, 205.014, 205.628, 206.242, 206.856, 207.469, 208.083, 208.697, 209.311, 209.925, 210.538, 211.152, 211.766, 212.38, 212.994, 213.608, 214.221, 214.835, 215.449, 216.063, 216.677, 217.29, 217.904, 218.518, 219.132, 219.746, 220.359, 220.973, 221.587, 222.201, 222.815, 223.429, 224.042, 224.656, 225.27, 225.884, 226.498, 227.111, 227.725, 228.339, 228.953, 229.567, 230.181, 230.794, 231.408, 232.022, 232.636, 233.25, 233.863, 234.477, 235.091, 235.705, 236.319, 236.932, 237.546, 238.16, 238.774, 239.388, 240.002, 240.615, 241.229, 241.843, 242.457, 243.071, 243.684, 244.298, 244.912, 245.526, 246.14, 246.754, 247.367, 247.981, 248.595, 249.209, 249.823, 250.436, 251.05, 251.664, 252.278, 252.892, 253.505, 254.119, 254.733, 255.347, 255.961, 256.575, 257.188, 257.802, 258.416, 259.03, 259.644, 260.257, 260.871, 261.485, 262.099, 262.713, 263.327, 263.94, 264.554, 265.168, 265.782, 266.396, 267.009, 267.623, 268.237, 268.851, 269.465, 270.078, 270.692, 271.306, 271.92, 272.534, 273.148, 273.761, 274.375, 274.989, 275.603, 276.217, 276.83, 277.444, 278.058, 278.672, 279.286, 279.9, 280.513, 281.127, 281.741, 282.355, 282.969, 283.582, 284.196, 284.81, 285.424, 286.038, 286.651, 287.265, 287.879, 288.493, 289.107, 289.721, 290.334, 290.948, 291.562, 292.176, 292.79, 293.403, 294.017
3.13987, 3.14065, 3.14144, 3.14224, 3.14305, 3.14387, 3.14469, 3.14553, 3.14638, 3.14723, 3.14809, 3.14897, 3.14985, 3.15074, 3.15164, 3.15255, 3.15348, 3.15441, 3.15535, 3.1563, 3.15726, 3.15823, 3.15921, 3.1602, 3.16121, 3.16222, 3.16324, 3.16428, 3.16532, 3.16638, 3.16744, 3.16852, 3.16961, 3.17071, 3.17182, 3.17294, 3.17408, 3.17522, 3.17638, 3.17755, 3.17873, 3.17993, 3.18113, 3.18235, 3.18358, 3.18483, 3.18608, 3.18735, 3.18863, 3.18993, 3.19124, 3.19256, 3.19389, 3.19524, 3.1966, 3.19798, 3.19936, 3.20077, 3.20218, 3.20362, 3.20506, 3.20652, 3.208, 3.20949, 3.21099, 3.21251, 3.21404, 3.2156, 3.21716, 3.21874, 3.22034, 3.22195, 3.22358, 3.22523, 3.22689, 3.22857, 3.23026, 3.23198, 3.23371, 3.23545, 3.23722, 3.239, 3.2408, 3.24262, 3.24445, 3.24631, 3.24818, 3.25007, 3.25199, 3.25392, 3.25587, 3.25783, 3.25982, 3.26183, 3.26386, 3.26591, 3.26798, 3.27007, 3.27218, 3.27432, 3.27647, 3.27865, 3.28085, 3.28307, 3.28531, 3.28758, 3.28987, 3.29218, 3.29452, 3.29688, 3.29926, 3.30167, 3.3041, 3.30656, 3.30904, 3.31155, 3.31409, 3.31665, 3.31923, 3.32185, 3.32449, 3.32716, 3.32985, 3.33258, 3.33533, 3.33811, 3.34092, 3.34376, 3.34663, 3.34953, 3.35246, 3.35542, 3.35841, 3.36143, 3.36449, 3.36757, 3.37069, 3.37385, 3.37704, 3.38026, 3.38352, 3.38681, 3.39013, 3.3935, 3.3969, 3.40033, 3.40381, 3.40732, 3.41087, 3.41446, 3.41809, 3.42176, 3.42547, 3.42922, 3.43301, 3.43684, 3.44072, 3.44464, 3.44861, 3.45262, 3.45667, 3.46077, 3.46492, 3.46912, 3.47336, 3.47765, 3.48199, 3.48639, 3.49083, 3.49532, 3.49987, 3.50447, 3.50913, 3.51384, 3.5186, 3.52343, 3.52831, 3.53325, 3.53825, 3.5433, 3.54843, 3.55361, 3.55885, 3.56417, 3.56954, 3.57499, 3.5805, 3.58608, 3.59173, 3.59745, 3.60324, 3.60911, 3.61505, 3.62107, 3.62717, 3.63334, 3.6396, 3.64594, 3.65236, 3.65886, 3.66546, 3.67214, 3.67891, 3.68577, 3.69273, 3.69978, 3.70692, 3.71417, 3.72151, 3.72896, 3.73652, 3.74418, 3.75195, 3.75983, 3.76782, 3.77593, 3.78415, 3.7925, 3.80097, 3.80957, 3.81829, 3.82715, 3.83614, 3.84526, 3.85453, 3.86394, 3.8735, 3.8832, 3.89306, 3.90308, 3.91325, 3.92359, 3.9341, 3.94478, 3.95564, 3.96667, 3.9779, 3.98931, 4.00092, 4.01272, 4.02474, 4.03696, 4.0494, 4.06206, 4.07494, 4.08806, 4.10142, 4.11503, 4.12889, 4.14302, 4.15741, 4.17208, 4.18703, 4.20228, 4.21783, 4.23369, 4.24987, 4.26638, 4.28323, 4.30044, 4.31802, 4.33596, 4.3543, 4.37304, 4.3922, 4.41179, 4.43183, 4.45233, 4.47331, 4.49478, 4.51678, 4.53931, 4.5624, 4.58607, 4.61034, 4.63524, 4.6608, 4.68704, 4.71399, 4.74169, 4.77017, 4.79946, 4.8296, 4.86064, 4.89262, 4.92558, 4.95957, 4.99466, 5.0309, 5.06835, 5.10708, 5.14716, 5.18869, 5.23173, 5.2764, 5.3228, 5.37104, 5.42125, 5.47358, 5.52818, 5.58524, 5.64494, 5.70751, 5.77321, 5.84232, 5.91519, 5.99218, 6.07375, 6.16039, 6.25268, 6.35127, 6.4569, 6.57037, 6.69251, 6.82418, 6.96617, 7.11914, 7.28343, 7.45899, 7.64513, 7.84029, 8.04188, 8.24601, 8.4474, 8.63924, 8.8133, 8.96007, 9.06917, 9.12984, 9.13163, 9.06519, 8.92305, 8.70036, 8.39555, 8.01064, 7.55122, 7.02543, 6.45322, 5.85063, 5.2286, 4.60388, 3.99242, 3.40849, 2.86387, 2.36747, 1.92504, 1.53926, 1.21008, 0.935103, 0.710192, 0.530024, 0.388651, 0.279971, 0.19811, 0.137688, 0.0939813, 0.0629949, 0.0414623, 0.0267951, 0.0170011, 0.0105898, 0.00647519, 0.00388624, 0.00228905, 0.00132292, 0.000749862, 0.000416536, 0.000226374, 0.00011993, 6.14146e-05, 2.97303e-05, 1.26496e-05, 3.06387e-06, 1.52006e-06, 7.39735e-07, 3.53112e-07, 1.65338e-07, 7.5937e-08, 3.42104e-08, 1.51177e-08, 6.5529e-09, 2.78615e-09, 1.16198e-09, 4.75352e-10, 1.90745e-10, 7.50784e-11, 2.89867e-11, 1.09775e-11, 4.07787e-12, 1.48588e-12, 5.31077e-13, 1.86189e-13, 6.40283e-14, 2.1598e-14, 7.14622e-15, 2.31933e-15, 7.38363e-16, 2.30569e-16, 7.06242e-17, 2.12192e-17, 6.25355e-18, 1.80778e-18, 5.12613e-19, 1.42579e-19, 3.88993e-20, 1.041e-20, 2.73265e-21, 7.03621e-22, 1.77712e-22, 4.40267e-23, 1.06989e-23, 2.55025e-24, 5.96279e-25, 1.36754e-25, 3.07645e-26, 6.78867e-27, 1.4694e-27, 3.11975e-28, 6.49712e-29, 1.32723e-29, 2.65945e-30, 5.22709e-31, 1.00775e-31, 1.90574e-32, 3.53508e-33, 6.43218e-34, 1.14799e-34, 2.00975e-35, 3.45117e-36, 5.81319e-37, 9.60472e-38, 1.5566e-38, 2.47453e-39, 3.8586e-40, 5.90187e-41, 8.85465e-42, 1.30309e-42, 1.88106e-43, 2.6635e-44, 3.69933e-45, 5.03985e-46, 6.73494e-47, 8.82821e-48, 1.1351e-48, 1.43159e-49, 1.77102e-50, 2.14908e-51, 2.55801e-52, 2.98659e-53, 3.42035e-54, 3.84227e-55, 4.23378e-56, 4.57605e-57, 4.8515e-58, 5.04525e-59, 5.14651e-60, 5.14949e-61, 5.05404e-62, 4.86559e-63, 4.59467e-64, 4.25594e-65, 3.86687e-66, 3.44624e-67, 3.01268e-68, 2.58336e-69, 2.17289e-70, 1.79272e-71, 1.45081e-72, 1.15168e-73, 8.96753e-75, 6.84917e-76, 5.13127e-77, 3.77081e-78, 2.7181e-79, 1.92185e-80, 1.3329e-81, 9.06766e-83, 6.05085e-84, 3.96059e-85, 2.54288e-86
3.13987, 3.14071, 3.14156, 3.14242, 3.14329, 3.14417, 3.14506, 3.14596, 3.14687, 3.14779, 3.14871, 3.14965, 3.1506, 3.15155, 3.15252, 3.1535, 3.15448, 3.15548, 3.15649, 3.1575, 3.15853, 3.15957, 3.16062, 3.16168, 3.16275, 3.16383, 3.16492, 3.16603, 3.16714, 3.16827, 3.1694, 3.17055, 3.17171, 3.17288, 3.17407, 3.17526, 3.17647, 3.17769, 3.17892, 3.18016, 3.18142, 3.18269, 3.18397, 3.18527, 3.18657, 3.18789, 3.18923, 3.19057, 3.19193, 3.1933, 3.19469, 3.19609, 3.19751, 3.19893, 3.20038, 3.20183, 3.2033, 3.20479, 3.20629, 3.2078, 3.20933, 3.21088, 3.21244, 3.21401, 3.2156, 3.21721, 3.21883, 3.22047, 3.22212, 3.22379, 3.22548, 3.22719, 3.22891, 3.23064, 3.2324, 3.23417, 3.23596, 3.23776, 3.23959, 3.24143, 3.24329, 3.24517, 3.24707, 3.24898, 3.25092, 3.25287, 3.25485, 3.25684, 3.25885, 3.26088, 3.26294, 3.26501, 3.2671, 3.26922, 3.27135, 3.27351, 3.27569, 3.27789, 3.28011, 3.28235, 3.28462, 3.28691, 3.28922, 3.29155, 3.29391, 3.29629, 3.2987, 3.30113, 3.30358, 3.30606, 3.30857, 3.3111, 3.31365, 3.31624, 3.31884, 3.32148, 3.32414, 3.32683, 3.32954, 3.33229, 3.33506, 3.33786, 3.34069, 3.34355, 3.34643, 3.34935, 3.3523, 3.35528, 3.35829, 3.36133, 3.3644, 3.36751, 3.37065, 3.37382, 3.37702, 3.38026, 3.38353, 3.38684, 3.39018, 3.39356, 3.39698, 3.40043, 3.40392, 3.40744, 3.41101, 3.41461, 3.41825, 3.42193, 3.42565, 3.42941, 3.43322, 3.43706, 3.44095, 3.44488, 3.44886, 3.45288, 3.45694, 3.46105, 3.4652, 3.46941, 3.47366, 3.47795, 3.4823, 3.4867, 3.49114, 3.49564, 3.50019, 3.5048, 3.50945, 3.51416, 3.51893, 3.52375, 3.52863, 3.53357, 3.53856, 3.54362, 3.54873, 3.55391, 3.55915, 3.56445, 3.56982, 3.57525, 3.58075, 3.58632, 3.59195, 3.59766, 3.60344, 3.60929, 3.61521, 3.62121, 3.62729, 3.63344, 3.63967, 3.64598, 3.65238, 3.65885, 3.66542, 3.67207, 3.6788, 3.68563, 3.69255, 3.69956, 3.70666, 3.71386, 3.72116, 3.72856, 3.73607, 3.74367, 3.75138, 3.75921, 3.76714, 3.77518, 3.78334, 3.79162, 3.80002, 3.80854, 3.81718, 3.82595, 3.83485, 3.84389, 3.85306, 3.86237, 3.87182, 3.88142, 3.89117, 3.90107, 3.91112, 3.92133, 3.93171, 3.94225, 3.95296, 3.96385, 3.97492, 3.98616, 3.9976, 4.00923, 4.02106, 4.03309, 4.04532, 4.05777, 4.07044, 4.08333, 4.09646, 4.10982, 4.12342, 4.13727, 4.15138, 4.16575, 4.1804, 4.19532, 4.21053, 4.22604, 4.24186, 4.25799, 4.27444, 4.29123, 4.30836, 4.32585, 4.3437, 4.36194, 4.38057, 4.3996, 4.41905, 4.43894, 4.45928, 4.48008, 4.50137, 4.52315, 4.54546, 4.5683, 4.5917, 4.61569, 4.64028, 4.6655, 4.69137, 4.71793, 4.7452, 4.77321, 4.802, 4.83161, 4.86206, 4.8934, 4.92567, 4.95892, 4.9932, 5.02856, 5.06506, 5.10275, 5.14171, 5.182, 5.2237, 5.26691, 5.31169, 5.35817, 5.40645, 5.45664, 5.50888, 5.56333, 5.62013, 5.67947, 5.74156, 5.80663, 5.87494, 5.94677, 6.02249, 6.10248, 6.1872, 6.27719, 6.37307, 6.47557, 6.58554, 6.70394, 6.83187, 6.97054, 7.12125, 7.2853, 7.46395, 7.65824, 7.8688, 8.09564, 8.33788, 8.59343, 8.85869, 9.12834, 9.39508, 9.64969, 9.8811, 10.0767, 10.2231, 10.3067, 10.3145, 10.2356, 10.0619, 9.78902, 9.41692, 8.95039, 8.39893, 7.77623, 7.09941, 6.38783, 5.66186, 4.9415, 4.24511, 3.58846, 2.98392, 2.44014, 1.96196, 1.55068, 1.20456, 0.919485, 0.689606, 0.508092, 0.367719, 0.261383, 0.182466, 0.125082, 0.0841937, 0.0556422, 0.0361027, 0.0229962, 0.0143789, 0.00882513, 0.0053162, 0.00314281, 0.00182302, 0.00103725, 0.000578507, 0.000315869, 0.000168363, 8.7053e-05, 4.28575e-05, 1.8976e-05, 5.41123e-06, 2.68017e-06, 1.30487e-06, 6.23149e-07, 2.91904e-07, 1.34125e-07, 6.04511e-08, 2.67251e-08, 1.15893e-08, 4.92968e-09, 2.05685e-09, 8.41797e-10, 3.37937e-10, 1.33072e-10, 5.13995e-11, 1.9474e-11, 7.23723e-12, 2.63823e-12, 9.43355e-13, 3.30872e-13, 1.13833e-13, 3.84148e-14, 1.2716e-14, 4.12882e-15, 1.31499e-15, 4.10812e-16, 1.25888e-16, 3.78399e-17, 1.11567e-17, 3.22662e-18, 9.15334e-19, 2.54703e-19, 6.95202e-20, 1.86127e-20, 4.88801e-21, 1.25915e-21, 3.18158e-22, 7.88555e-23, 1.91709e-23, 4.5717e-24, 1.06938e-24, 2.45365e-25, 5.52222e-26, 1.21909e-26, 2.63987e-27, 5.60727e-28, 1.16827e-28, 2.38756e-29, 4.7862e-30, 9.41128e-31, 1.81522e-31, 3.43425e-32, 6.37319e-33, 1.16012e-33, 2.07145e-34, 3.62799e-35, 6.23277e-36, 1.05031e-36, 1.73611e-37, 2.81487e-38, 4.47675e-39, 6.98377e-40, 1.06866e-40, 1.60402e-41, 2.36158e-42, 3.41051e-43, 4.83123e-44, 6.71303e-45, 9.14959e-46, 1.22323e-46, 1.60411e-47, 2.06341e-48, 2.6035e-49, 3.2222e-50, 3.91173e-51, 4.6581e-52, 5.44089e-53, 6.23382e-54, 7.00585e-55, 7.72307e-56, 8.35105e-57, 8.85757e-58, 9.21532e-59, 9.40434e-60, 9.41388e-61, 9.2434e-62, 8.9026e-63, 8.41054e-64, 7.79388e-65, 7.08445e-66, 6.31655e-67, 5.52429e-68, 4.7391e-69, 3.98783e-70, 3.29155e-71, 2.66493e-72, 2.11639e-73, 1.64864e-74, 1.25973e-75, 9.44176e-77, 6.94145e-78, 5.00576e-79, 3.54089e-80, 2.45684e-81, 1.6721e-82, 1.11628e-83, 7.30975e-85, 4.69522e-86
206.43
175.48
 
MEASUREMENT 10
1.56305, 4.67879, 7.79453, 10.9103, 14.0312, 17.1469, 20.2679, 23.3784, 26.4796, 29.5859, 32.6913, 35.8071, 38.9228, 42.0385, 45.1595, 48.2752, 51.3909, 54.5067, 57.6224, 60.7381, 63.8435, 66.9593, 70.0698, 73.1752, 76.2806, 79.3859, 82.4913, 85.5967, 88.7021, 91.8074, 94.9128, 98.0182, 101.1, 104.148, 107.196, 110.244, 113.292, 116.339, 119.387, 122.435, 125.483, 128.531, 131.574, 134.622, 137.67, 140.718, 143.766, 146.814, 149.861, 152.909, 155.957, 159.005, 162.053, 165.101, 168.149, 171.197, 174.245, 177.293, 180.341, 183.389, 186.436, 189.484, 192.532, 195.58, 198.621, 201.655, 204.688, 207.722, 210.756, 213.794, 216.838, 219.882, 222.926, 225.97, 229.014, 232.058, 235.102, 238.145, 241.189, 244.233, 247.277, 250.321, 253.37, 256.424, 259.478, 262.532, 265.586, 268.64, 271.695, 274.749, 277.803, 280.857, 283.911, 286.97, 290.035, 293.099
2.83634, 2.83422, 2.81986, 2.97894, 2.82223, 2.85204, 3.06936, 3.06331, 3.03012, 3.05987, 3.09128, 3.15602, 3.15858, 3.20026, 3.19317, 3.22707, 3.32878, 3.36175, 3.40495, 3.44756, 3.10649, 3.41512, 3.43084, 3.4256, 3.49989, 3.5026, 3.52754, 3.5149, 3.56526, 3.31165, 3.622, 3.16644, 3.64113, 3.64665, 3.67501, 3.6923, 3.71342, 3.7467, 3.77876, 3.79353, 3.80783, 3.85483, 3.90619, 3.91143, 3.95214, 4.01627, 4.07766, 4.11771, 4.15418, 4.19491, 4.28417, 4.35633, 4.44469, 4.50525, 4.59699, 4.81516, 4.88611, 4.95575, 5.14909, 5.39618, 5.5807, 5.94913, 6.3005, 7.02723, 8.91234, 10.1828, 11.4304, 10.4605, 5.42866, 1.27633, 0.120632, 0.0201565, 0.00181864, -0.000555919, 0.00514322, 0.00791733, 0.00125398, 0.00342936, -0.00497272, -0.00171202, -0.0111346, -0.0710713, -0.00373909, -0.00314755, -0.0687189, -0.0833228, -0.02785, -0.0203808, -0.0020494, -0.00188087, -0.00664235, -0.0106537, -0.00775534, -0.00358072, -0.0214898, -0.0172167
0.0850903, 0.0850267, 0.0845959, 0.0893681, 0.0846668, 0.0855613, 0.0920807, 0.0918994, 0.0909037, 0.0917962, 0.0927385, 0.0946805, 0.0947573, 0.0960078, 0.0957952, 0.0968122, 0.0998635, 0.100853, 0.102149, 0.103427, 0.0931948, 0.102454, 0.102925, 0.102768, 0.104997, 0.105078, 0.105826, 0.105447, 0.106958, 0.0993494, 0.10866, 0.0949933, 0.109234, 0.1094, 0.11025, 0.110769, 0.111403, 0.112401, 0.113363, 0.113806, 0.114235, 0.115645, 0.117186, 0.117343, 0.118564, 0.120488, 0.12233, 0.123531, 0.124625, 0.125847, 0.128525, 0.13069, 0.133341, 0.135157, 0.13791, 0.144455, 0.146583, 0.148673, 0.154473, 0.161885, 0.167421, 0.178474, 0.189015, 0.210817, 0.26737, 0.305483, 0.342911, 0.313814, 0.16286, 0.0382898, 0.00361896, 0.000604694, 5.45593e-05, 1.66776e-05, 0.000154297, 0.00023752, 3.76195e-05, 0.000102881, 0.000149182, 5.13607e-05, 0.000334037, 0.00213214, 0.000112173, 9.44266e-05, 0.00206157, 0.00249968, 0.0008355, 0.000611423, 6.1482e-05, 5.64262e-05, 0.00019927, 0.00031961, 0.00023266, 0.000107422, 0.000644693, 0.000516501
0, 0.613815, 1.22763, 1.84144, 2.45526, 3.06907, 3.68289, 4.2967, 4.91052, 5.52433, 6.13815, 6.75196, 7.36578, 7.97959, 8.59341, 9.20722, 9.82104, 10.4349, 11.0487, 11.6625, 12.2763, 12.8901, 13.5039, 14.1177, 14.7316, 15.3454, 15.9592, 16.573, 17.1868, 17.8006, 18.4144, 19.0283, 19.6421, 20.2559, 20.8697, 21.4835, 22.0973, 22.7111, 23.325, 23.9388, 24.5526, 25.1664, 25.7802, 26.394, 27.0078, 27.6217, 28.2355, 28.8493, 29.4631, 30.0769, 30.6907, 31.3046, 31.9184, 32.5322, 33.146, 33.7598, 34.3736, 34.9874, 35.6013, 36.2151, 36.8289, 37.4427, 38.0565, 38.6703, 39.2841, 39.898, 40.5118, 41.1256, 41.7394, 42.3532, 42.967, 43.5808, 44.1947, 44.8085, 45.4223, 46.0361, 46.6499, 47.2637, 47.8775, 48.4914, 49.1052, 49.719, 50.3328, 50.9466, 51.5604, 52.1743, 52.7881, 53.4019, 54.0157, 54.6295, 55.2433, 55.8571, 56.471, 57.0848, 57.6986, 58.3124, 58.9262, 59.54, 60.1538, 60.7677, 61.3815, 61.9953, 62.6091, 63.2229, 63.8367, 64.4505, 65.0644, 65.6782, 66.292, 66.9058, 67.5196, 68.1334, 68.7473, 69.3611, 69.9749, 70.5887, 71.2025, 71.8163, 72.4301, 73.044, 73.6578, 74.2716, 74.8854, 75.4992, 76.113, 76.7268, 77.3407, 77.9545, 78.5683, 79.1821, 79.7959, 80.4097, 81.0235, 81.6374, 82.2512, 82.865, 83.4788, 84.0926, 84.7064, 85.3202, 85.9341, 86.5479, 87.1617, 87.7755, 88.3893, 89.0031, 89.617, 90.2308, 90.8446, 91.4584, 92.0722, 92.686, 93.2998, 93.9137, 94.5275, 95.1413, 95.7551, 96.3689, 96.9827, 97.5965, 98.2104, 98.8242, 99.438, 100.052, 100.666, 101.279, 101.893, 102.507, 103.121, 103.735, 104.349, 104.962, 105.576, 106.19, 106.804, 107.418, 108.031, 108.645, 109.259, 109.873, 110.487, 111.1, 111.714, 112.328, 112.942, 113.556, 114.17, 114.783, 115.397, 116.011, 116.625, 117.239, 117.852, 118.466, 119.08, 119.694, 120.308, 120.922, 121.535, 122.149, 122.763, 123.377, 123.991, 124.604, 125.218, 125.832, 126.446, 127.06, 127.673, 128.287, 128.901, 129.515, 130.129, 130.743, 131.356, 131.97, 132.584, 133.198, 133.812, 134.425, 135.039, 135.653, 136.267, 136.881, 137.495, 138.108, 138.722, 139.336, 139.95, 140.564, 141.177, 141.791, 142.405, 143.019, 143.633, 144.246, 144.86, 145.474, 146.088, 146.702, 147.316, 147.929, 148.543, 149.157, 149.771, 150.385, 150.998, 151.612, 152.226, 152.84, 153.454, 154.068, 154.681, 155.295, 155.909, 156.523, 157.137, 157.75, 158.364, 158.978, 159.592, 160.206, 160.819, 161.433, 162.047, 162.661, 163.275, 163.889, 164.502, 165.116, 165.73, 166.344, 166.958, 167.571, 168.185, 168.799, 169.413, 170.027, 170.64, 171.254, 171.868, 172.482, 173.096, 173.71, 174.323, 174.937, 175.551, 176.165, 176.779, 177.392, 178.006, 178.62, 179.234, 179.848, 180.462, 181.075, 181.689, 182.303, 182.917, 183.531, 184.144, 184.758, 185.372, 185.986, 186.6, 187.213, 187.827, 188.441, 189.055, 189.669, 190.283, 190.896, 191.51, 192.124, 192.738, 193.352, 193.965, 194.579, 195.193, 195.807, 196.421, 197.035, 197.648, 198.262, 198.876, 199.49, 200.104, 200.717, 201.331, 201.945, 202.559, 203.173, 203.786, 204.4, 205.014, 205.628, 206.242, 206.856, 207.469, 208.083, 208.697, 209.311, 209.925, 210.538, 211.152, 211.766, 212.38, 212.994, 213.608, 214.221, 214.835, 215.449, 216.063, 216.677, 217.29, 217.904, 218.518, 219.132, 219.746, 220.359, 220.973, 221.587, 222.201, 222.815, 223.429, 224.042, 224.656, 225.27, 225.884, 226.498, 227.111, 227.725, 228.339, 228.953, 229.567, 230.181, 230.794, 231.408, 232.022, 232.636, 233.25, 233.863, 234.477, 235.091, 235.705, 236.319, 236.932, 237.546, 238.16, 238.774, 239.388, 240.002, 240.615, 241.229, 241.843, 242.457, 243.071, 243.684, 244.298, 244.912, 245.526, 246.14, 246.754, 247.367, 247.981, 248.595, 249.209, 249.823, 250.436, 251.05, 251.664, 252.278, 252.892, 253.505, 254.119, 254.733, 255.347, 255.961, 256.575, 257.188, 257.802, 258.416, 259.03, 259.644, 260.257, 260.871, 261.485, 262.099, 262.713, 263.327, 263.94, 264.554, 265.168, 265.782, 266.396, 267.009, 267.623, 268.237, 268.851, 269.465, 270.078, 270.692, 271.306, 271.92, 272.534, 273.148, 273.761, 274.375, 274.989, 275.603, 276.217, 276.83, 277.444, 278.058, 278.672, 279.286, 279.9, 280.513, 281.127, 281.741, 282.355, 282.969, 283.582, 284.196, 284.81, 285.424, 286.038, 286.651, 287.265, 287.879, 288.493, 289.107, 289.721, 290.334, 290.948, 291.562, 292.176, 292.79, 293.403, 294.017
3.14136, 3.14218, 3.143, 3.14384, 3.14468, 3.14554, 3.1464, 3.14727, 3.14815, 3.14904, 3.14994, 3.15085, 3.15177, 3.1527, 3.15363, 3.15458, 3.15554, 3.15651, 3.15748, 3.15847, 3.15947, 3.16048, 3.1615, 3.16253, 3.16357, 3.16462, 3.16568, 3.16675, 3.16783, 3.16893, 3.17003, 3.17115, 3.17228, 3.17342, 3.17457, 3.17573, 3.17691, 3.17809, 3.17929, 3.1805, 3.18172, 3.18296, 3.1842, 3.18546, 3.18673, 3.18802, 3.18932, 3.19063, 3.19195, 3.19329, 3.19464, 3.196, 3.19738, 3.19877, 3.20017, 3.20159, 3.20302, 3.20447, 3.20593, 3.20741, 3.2089, 3.2104, 3.21192, 3.21346, 3.21501, 3.21657, 3.21815, 3.21975, 3.22136, 3.22299, 3.22463, 3.22629, 3.22797, 3.22966, 3.23137, 3.2331, 3.23484, 3.2366, 3.23838, 3.24018, 3.24199, 3.24382, 3.24567, 3.24754, 3.24943, 3.25133, 3.25326, 3.2552, 3.25716, 3.25914, 3.26114, 3.26317, 3.26521, 3.26727, 3.26935, 3.27145, 3.27358, 3.27572, 3.27789, 3.28008, 3.28229, 3.28452, 3.28677, 3.28905, 3.29135, 3.29367, 3.29602, 3.29839, 3.30078, 3.3032, 3.30565, 3.30811, 3.31061, 3.31312, 3.31567, 3.31824, 3.32083, 3.32345, 3.3261, 3.32878, 3.33148, 3.33421, 3.33697, 3.33976, 3.34257, 3.34542, 3.34829, 3.3512, 3.35413, 3.3571, 3.3601, 3.36312, 3.36618, 3.36927, 3.3724, 3.37556, 3.37875, 3.38197, 3.38523, 3.38852, 3.39185, 3.39522, 3.39862, 3.40205, 3.40553, 3.40904, 3.41259, 3.41617, 3.4198, 3.42347, 3.42717, 3.43092, 3.43471, 3.43854, 3.44241, 3.44632, 3.45028, 3.45429, 3.45833, 3.46243, 3.46657, 3.47075, 3.47498, 3.47927, 3.4836, 3.48798, 3.49241, 3.49689, 3.50142, 3.506, 3.51064, 3.51534, 3.52008, 3.52489, 3.52975, 3.53467, 3.53964, 3.54468, 3.54978, 3.55493, 3.56015, 3.56544, 3.57079, 3.5762, 3.58168, 3.58723, 3.59284, 3.59853, 3.60429, 3.61012, 3.61602, 3.622, 3.62805, 3.63418, 3.64039, 3.64668, 3.65305, 3.65951, 3.66605, 3.67267, 3.67939, 3.68619, 3.69308, 3.70007, 3.70715, 3.71433, 3.7216, 3.72898, 3.73645, 3.74403, 3.75172, 3.75952, 3.76742, 3.77544, 3.78357, 3.79182, 3.80019, 3.80868, 3.81729, 3.82604, 3.83491, 3.84391, 3.85305, 3.86233, 3.87175, 3.88132, 3.89103, 3.9009, 3.91092, 3.9211, 3.93144, 3.94195, 3.95262, 3.96347, 3.9745, 3.98571, 3.99711, 4.0087, 4.02049, 4.03248, 4.04467, 4.05708, 4.06971, 4.08255, 4.09563, 4.10895, 4.1225, 4.13631, 4.15037, 4.16469, 4.17928, 4.19416, 4.20932, 4.22477, 4.24053, 4.2566, 4.27299, 4.28972, 4.30679, 4.32422, 4.34201, 4.36017, 4.37873, 4.39769, 4.41707, 4.43688, 4.45714, 4.47786, 4.49906, 4.52076, 4.54297, 4.56572, 4.58903, 4.61291, 4.63739, 4.6625, 4.68826, 4.7147, 4.74184, 4.76972, 4.79837, 4.82783, 4.85812, 4.8893, 4.9214, 4.95447, 4.98855, 5.0237, 5.05997, 5.09743, 5.13613, 5.17615, 5.21756, 5.26044, 5.30488, 5.35098, 5.39884, 5.44857, 5.50031, 5.5542, 5.61038, 5.66902, 5.73032, 5.79449, 5.86177, 5.93242, 6.00675, 6.08513, 6.16793, 6.25564, 6.34881, 6.44809, 6.55424, 6.66818, 6.791, 6.92396, 7.06853, 7.22637, 7.3993, 7.58914, 7.79761, 8.026, 8.27485, 8.54342, 8.82917, 9.12717, 9.42961, 9.72542, 10.0002, 10.2366, 10.4151, 10.5153, 10.5177, 10.4056, 10.1671, 9.79697, 9.29732, 8.67783, 7.95627, 7.17359, 6.34579, 5.50359, 4.67677, 3.89177, 3.16986, 2.52606, 1.96879, 1.50025, 1.11742, 0.813295, 0.578314, 0.401679, 0.27247, 0.180475, 0.116711, 0.0736804, 0.0454034, 0.027307, 0.0160275, 0.00917953, 0.00512947, 0.00279609, 0.00148633, 0.000770007, 0.000388238, 0.000189892, 8.93405e-05, 3.94365e-05, 1.48116e-05, 4.05163e-06, 1.79427e-06, 7.74686e-07, 3.26059e-07, 1.33783e-07, 5.35109e-08, 2.08649e-08, 7.93095e-09, 2.93879e-09, 1.06157e-09, 3.73817e-10, 1.28323e-10, 4.29425e-11, 1.40089e-11, 4.45505e-12, 1.38114e-12, 4.17404e-13, 1.22973e-13, 3.53182e-14, 9.88828e-15, 2.69884e-15, 7.18073e-16, 1.86249e-16, 4.70928e-17, 1.16078e-17, 2.78919e-18, 6.53343e-19, 1.4919e-19, 3.32102e-20, 7.20673e-21, 1.52454e-21, 3.14394e-22, 6.32039e-23, 1.23865e-23, 2.36639e-24, 4.40717e-25, 8.00142e-26, 1.41615e-26, 2.44334e-27, 4.10956e-28, 6.73813e-29, 1.07701e-29, 1.67816e-30, 2.54906e-31, 3.77452e-32, 5.44852e-33, 7.66707e-34, 1.05175e-34, 1.40648e-35, 1.83353e-36, 2.3301e-37, 2.88667e-38, 3.48622e-39, 4.10436e-40, 4.71054e-41, 5.27024e-42, 5.7481e-43, 6.11156e-44, 6.33453e-45, 6.40046e-46, 6.30438e-47, 6.05351e-48, 5.6664e-49, 5.1706e-50, 4.59948e-51, 3.98851e-52, 3.37169e-53, 2.77855e-54, 2.23215e-55, 1.74809e-56, 1.33455e-57, 9.93216e-59, 7.20586e-60, 5.09638e-61, 3.51376e-62, 2.36166e-63, 1.54738e-64, 9.88345e-66, 6.15398e-67, 3.7354e-68, 2.21031e-69, 1.27498e-70, 7.16946e-72, 3.93011e-73, 2.10018e-74, 1.09406e-75, 5.55602e-77, 2.75054e-78, 1.32742e-79, 6.24497e-81, 2.8641e-82, 1.2805e-83, 5.5809e-85, 2.37118e-86, 9.82104e-88, 3.96538e-89, 1.5608e-90, 5.98885e-92, 2.24013e-93, 8.16842e-95, 2.9036e-96, 1.00616e-97, 3.39888e-99, 1.11927e-100, 3.59311e-102, 1.12445e-103, 3.43038e-105, 1.02019e-106, 2.95767e-108, 8.35902e-110, 2.303e-111
3.14136, 3.14219, 3.14303, 3.14388, 3.14474, 3.14561, 3.14649, 3.14737, 3.14827, 3.14917, 3.15009, 3.15101, 3.15195, 3.15289, 3.15384, 3.1548, 3.15578, 3.15676, 3.15775, 3.15876, 3.15977, 3.1608, 3.16183, 3.16288, 3.16393, 3.165, 3.16608, 3.16717, 3.16826, 3.16938, 3.1705, 3.17163, 3.17278, 3.17393, 3.1751, 3.17628, 3.17747, 3.17867, 3.17989, 3.18112, 3.18236, 3.18361, 3.18487, 3.18615, 3.18744, 3.18874, 3.19006, 3.19139, 3.19273, 3.19409, 3.19545, 3.19684, 3.19823, 3.19964, 3.20106, 3.2025, 3.20395, 3.20542, 3.2069, 3.2084, 3.20991, 3.21143, 3.21297, 3.21452, 3.21609, 3.21768, 3.21928, 3.2209, 3.22253, 3.22418, 3.22585, 3.22753, 3.22922, 3.23094, 3.23267, 3.23442, 3.23618, 3.23797, 3.23977, 3.24159, 3.24342, 3.24528, 3.24715, 3.24904, 3.25095, 3.25288, 3.25483, 3.25679, 3.25878, 3.26079, 3.26281, 3.26486, 3.26692, 3.26901, 3.27112, 3.27324, 3.27539, 3.27756, 3.27976, 3.28197, 3.28421, 3.28646, 3.28875, 3.29105, 3.29338, 3.29573, 3.2981, 3.3005, 3.30292, 3.30537, 3.30784, 3.31033, 3.31285, 3.3154, 3.31797, 3.32057, 3.3232, 3.32585, 3.32853, 3.33123, 3.33397, 3.33673, 3.33952, 3.34234, 3.34519, 3.34806, 3.35097, 3.35391, 3.35688, 3.35988, 3.36291, 3.36597, 3.36906, 3.37219, 3.37535, 3.37854, 3.38177, 3.38503, 3.38832, 3.39165, 3.39502, 3.39842, 3.40186, 3.40533, 3.40884, 3.41239, 3.41598, 3.41961, 3.42327, 3.42698, 3.43073, 3.43452, 3.43835, 3.44222, 3.44613, 3.45009, 3.45409, 3.45814, 3.46223, 3.46637, 3.47056, 3.47479, 3.47907, 3.4834, 3.48777, 3.4922, 3.49668, 3.50121, 3.50579, 3.51043, 3.51512, 3.51986, 3.52466, 3.52952, 3.53443, 3.53941, 3.54444, 3.54953, 3.55468, 3.5599, 3.56518, 3.57052, 3.57592, 3.5814, 3.58694, 3.59255, 3.59823, 3.60398, 3.6098, 3.61569, 3.62166, 3.6277, 3.63383, 3.64003, 3.6463, 3.65267, 3.65911, 3.66564, 3.67225, 3.67895, 3.68574, 3.69262, 3.69959, 3.70666, 3.71382, 3.72108, 3.72843, 3.73589, 3.74346, 3.75112, 3.7589, 3.76678, 3.77478, 3.78289, 3.79112, 3.79946, 3.80793, 3.81652, 3.82523, 3.83408, 3.84305, 3.85217, 3.86141, 3.8708, 3.88034, 3.89002, 3.89985, 3.90983, 3.91997, 3.93027, 3.94074, 3.95137, 3.96218, 3.97316, 3.98433, 3.99568, 4.00722, 4.01895, 4.03088, 4.04302, 4.05537, 4.06793, 4.08072, 4.09373, 4.10697, 4.12046, 4.13419, 4.14817, 4.16241, 4.17692, 4.19171, 4.20678, 4.22214, 4.2378, 4.25376, 4.27005, 4.28666, 4.30362, 4.32092, 4.33858, 4.35662, 4.37504, 4.39386, 4.41308, 4.43274, 4.45283, 4.47337, 4.49439, 4.5159, 4.53791, 4.56045, 4.58354, 4.60719, 4.63143, 4.65628, 4.68177, 4.70792, 4.73477, 4.76233, 4.79065, 4.81975, 4.84968, 4.88046, 4.91215, 4.94477, 4.97839, 5.01304, 5.04878, 5.08568, 5.12378, 5.16315, 5.20387, 5.24602, 5.28967, 5.33493, 5.38188, 5.43063, 5.48131, 5.53405, 5.58898, 5.64627, 5.70609, 5.76864, 5.83414, 5.90284, 5.97501, 6.05097, 6.13109, 6.21579, 6.30555, 6.40096, 6.50269, 6.61156, 6.72853, 6.85477, 6.99163, 7.14072, 7.30388, 7.48312, 7.68056, 7.89825, 8.13789, 8.40043, 8.6856, 8.99126, 9.31282, 9.64263, 9.96951, 10.2787, 10.552, 10.7686, 10.9068, 10.945, 10.8645, 10.6518, 10.2997, 9.80954, 9.19153, 8.46414, 7.65295, 6.78844, 5.90326, 5.02948, 4.19588, 3.42598, 2.73668, 2.13789, 1.63278, 1.21878, 0.888954, 0.633416, 0.440832, 0.299611, 0.198828, 0.128817, 0.0814695, 0.0502912, 0.0302984, 0.017813, 0.0102188, 0.00571943, 0.00312265, 0.00166259, 0.000862762, 0.000435803, 0.000213767, 0.000100913, 4.4845e-05, 1.71685e-05, 4.9382e-06, 2.18454e-06, 9.43428e-07, 3.97183e-07, 1.63008e-07, 6.52168e-08, 2.54358e-08, 9.67088e-09, 3.58444e-09, 1.29512e-09, 4.56178e-10, 1.56636e-10, 5.24307e-11, 1.71085e-11, 5.44221e-12, 1.68761e-12, 5.10155e-13, 1.50337e-13, 4.31884e-14, 1.20949e-14, 3.30194e-15, 8.78764e-16, 2.27987e-16, 5.76609e-17, 1.42163e-17, 3.41687e-18, 8.00577e-19, 1.82857e-19, 4.07152e-20, 8.83761e-21, 1.87002e-21, 3.8574e-22, 7.75668e-23, 1.52052e-23, 2.90564e-24, 5.41285e-25, 9.8298e-26, 1.7402e-26, 3.00321e-27, 5.05251e-28, 8.28636e-29, 1.32481e-29, 2.0648e-30, 3.13717e-31, 4.64656e-32, 6.70903e-33, 9.44326e-34, 1.29574e-34, 1.7332e-35, 2.26003e-36, 2.87285e-37, 3.55998e-38, 4.30046e-39, 5.06428e-40, 5.81372e-41, 6.50616e-42, 7.0979e-43, 7.54865e-44, 7.82605e-45, 7.90953e-46, 7.79278e-47, 7.48461e-48, 7.00776e-49, 6.39623e-50, 5.69119e-51, 4.93647e-52, 4.17411e-53, 3.44069e-54, 2.76479e-55, 2.16577e-56, 1.65385e-57, 1.23116e-58, 8.93443e-60, 6.32053e-61, 4.35888e-62, 2.93042e-63, 1.92052e-64, 1.22699e-65, 7.64188e-67, 4.63972e-68, 2.74611e-69, 1.58445e-70, 8.91195e-72, 4.88653e-73, 2.61194e-74, 1.36101e-75, 6.91338e-77, 3.42338e-78, 1.65255e-79, 7.77656e-81, 3.56742e-82, 1.59535e-83, 6.95491e-85, 2.9557e-86, 1.22452e-87, 4.9454e-89, 1.94703e-90, 7.47273e-92, 2.79588e-93, 1.01975e-94, 3.62577e-96, 1.25673e-97, 4.24638e-99, 1.39871e-100, 4.4913e-102, 1.40589e-103, 4.29005e-105, 1.27617e-106, 3.70074e-108, 1.04617e-109, 2.88304e-111
207.27
175.88
 
MEASUREMENT 11
1.56305, 4.67879, 7.79453, 10.9103, 14.0312, 17.1469, 20.2679, 23.3784, 26.4796, 29.5859, 32.6913, 35.8071, 38.9228, 42.0385, 45.1595, 48.2752, 51.3909, 54.5067, 57.6224, 60.7381, 63.8435, 66.9593, 70.0698, 73.1752, 76.2806, 79.3859, 82.4913, 85.5967, 88.7021, 91.8074, 94.9128, 98.0182, 101.1, 104.148, 107.196, 110.244, 113.292, 116.339, 119.387, 122.435, 125.483, 128.531, 131.574, 134.622, 137.67, 140.718, 143.766, 146.814, 149.861, 152.909, 155.957, 159.005, 162.053, 165.101, 168.149, 171.197, 174.245, 177.293, 180.341, 183.389, 186.436, 189.484, 192.532, 195.58, 198.621, 201.655, 204.688, 207.722, 210.756, 213.794, 216.838, 219.882, 222.926, 225.97, 229.014, 232.058, 235.102, 238.145, 241.189, 244.233, 247.277, 250.321, 253.37, 256.424, 259.478, 262.532, 265.586, 268.64, 271.695, 274.749, 277.803, 280.857, 283.911, 286.97, 290.035, 293.099
2.8381, 2.8404, 2.82218, 2.9758, 2.82225, 2.85131, 3.08465, 3.0685, 3.04105, 3.06807, 3.09286, 3.16093, 3.16132, 3.20333, 3.19454, 3.2245, 3.32623, 3.36792, 3.41544, 3.45085, 3.09271, 3.41939, 3.42987, 3.42723, 3.49613, 3.5033, 3.52812, 3.5201, 3.56749, 3.31748, 3.62542, 3.17132, 3.6423, 3.64799, 3.67936, 3.69894, 3.71564, 3.74928, 3.78507, 3.80005, 3.80968, 3.85733, 3.91006, 3.91535, 3.96205, 4.02296, 4.07862, 4.12395, 4.16095, 4.20229, 4.28634, 4.36316, 4.44608, 4.5083, 4.6002, 4.81596, 4.89174, 4.95957, 5.15944, 5.39704, 5.58523, 5.9536, 6.30803, 6.96255, 8.92858, 10.1812, 11.4495, 10.4744, 5.42742, 1.27511, 0.119576, 0.0205965, -0.000277097, -0.00476046, 0.00633108, 0.00825457, 0.00259555, -0.000494244, -0.00387002, -0.000185159, -0.0133202, -0.0671535, -0.00695776, -0.00323148, -0.0621133, -0.0778154, -0.0267984, -0.0220332, 0.000527295, -0.00175239, -0.0066182, -0.0110954, -0.00624278, -0.00443591, -0.0185946, -0.0211657
0.0851429, 0.0852119, 0.0846653, 0.089274, 0.0846675, 0.0855394, 0.0925395, 0.0920549, 0.0912314, 0.0920421, 0.0927858, 0.094828, 0.0948396, 0.0960999, 0.0958361, 0.0967351, 0.099787, 0.101038, 0.102463, 0.103526, 0.0927812, 0.102582, 0.102896, 0.102817, 0.104884, 0.105099, 0.105844, 0.105603, 0.107025, 0.0995245, 0.108763, 0.0951395, 0.109269, 0.10944, 0.110381, 0.110968, 0.111469, 0.112478, 0.113552, 0.114002, 0.11429, 0.11572, 0.117302, 0.117461, 0.118862, 0.120689, 0.122359, 0.123719, 0.124828, 0.126069, 0.12859, 0.130895, 0.133382, 0.135249, 0.138006, 0.144479, 0.146752, 0.148787, 0.154783, 0.161911, 0.167557, 0.178608, 0.189241, 0.208877, 0.267857, 0.305437, 0.343486, 0.314233, 0.162823, 0.0382534, 0.00358727, 0.000617896, 8.3129e-06, 0.000142814, 0.000189933, 0.000247637, 7.78665e-05, 1.48273e-05, 0.000116101, 5.55477e-06, 0.000399605, 0.0020146, 0.000208733, 9.69444e-05, 0.0018634, 0.00233446, 0.000803953, 0.000660995, 1.58189e-05, 5.25716e-05, 0.000198546, 0.000332863, 0.000187283, 0.000133077, 0.000557838, 0.000634972
0, 0.613815, 1.22763, 1.84144, 2.45526, 3.06907, 3.68289, 4.2967, 4.91052, 5.52433, 6.13815, 6.75196, 7.36578, 7.97959, 8.59341, 9.20722, 9.82104, 10.4349, 11.0487, 11.6625, 12.2763, 12.8901, 13.5039, 14.1177, 14.7316, 15.3454, 15.9592, 16.573, 17.1868, 17.8006, 18.4144, 19.0283, 19.6421, 20.2559, 20.8697, 21.4835, 22.0973, 22.7111, 23.325, 23.9388, 24.5526, 25.1664, 25.7802, 26.394, 27.0078, 27.6217, 28.2355, 28.8493, 29.4631, 30.0769, 30.6907, 31.3046, 31.9184, 32.5322, 33.146, 33.7598, 34.3736, 34.9874, 35.6013, 36.2151, 36.8289, 37.4427, 38.0565, 38.6703, 39.2841, 39.898, 40.5118, 41.1256, 41.7394, 42.3532, 42.967, 43.5808, 44.1947, 44.8085, 45.4223, 46.0361, 46.6499, 47.2637, 47.8775, 48.4914, 49.1052, 49.719, 50.3328, 50.9466, 51.5604, 52.1743, 52.7881, 53.4019, 54.0157, 54.6295, 55.2433, 55.8571, 56.471, 57.0848, 57.6986, 58.3124, 58.9262, 59.54, 60.1538, 60.7677, 61.3815, 61.9953, 62.6091, 63.2229, 63.8367, 64.4505, 65.0644, 65.6782, 66.292, 66.9058, 67.5196, 68.1334, 68.7473, 69.3611, 69.9749, 70.5887, 71.2025, 71.8163, 72.4301, 73.044, 73.6578, 74.2716, 74.8854, 75.4992, 76.113, 76.7268, 77.3407, 77.9545, 78.5683, 79.1821, 79.7959, 80.4097, 81.0235, 81.6374, 82.2512, 82.865, 83.4788, 84.0926, 84.7064, 85.3202, 85.9341, 86.5479, 87.1617, 87.7755, 88.3893, 89.0031, 89.617, 90.2308, 90.8446, 91.4584, 92.0722, 92.686, 93.2998, 93.9137, 94.5275, 95.1413, 95.7551, 96.3689, 96.9827, 97.5965, 98.2104, 98.8242, 99.438, 100.052, 100.666, 101.279, 101.893, 102.507, 103.121, 103.735, 104.349, 104.962, 105.576, 106.19, 106.804, 107.418, 108.031, 108.645, 109.259, 109.873, 110.487, 111.1, 111.714, 112.328, 112.942, 113.556, 114.17, 114.783, 115.397, 116.011, 116.625, 117.239, 117.852, 118.466, 119.08, 119.694, 120.308, 120.922, 121.535, 122.149, 122.763, 123.377, 123.991, 124.604, 125.218, 125.832, 126.446, 127.06, 127.673, 128.287, 128.901, 129.515, 130.129, 130.743, 131.356, 131.97, 132.584, 133.198, 133.812, 134.425, 135.039, 135.653, 136.267, 136.881, 137.495, 138.108, 138.722, 139.336, 139.95, 140.564, 141.177, 141.791, 142.405, 143.019, 143.633, 144.246, 144.86, 145.474, 146.088, 146.702, 147.316, 147.929, 148.543, 149.157, 149.771, 150.385, 150.998, 151.612, 152.226, 152.84, 153.454, 154.068, 154.681, 155.295, 155.909, 156.523, 157.137, 157.75, 158.364, 158.978, 159.592, 160.206, 160.819, 161.433, 162.047, 162.661, 163.275, 163.889, 164.502, 165.116, 165.73, 166.344, 166.958, 167.571, 168.185, 168.799, 169.413, 170.027, 170.64, 171.254, 171.868, 172.482, 173.096, 173.71, 174.323, 174.937, 175.551, 176.165, 176.779, 177.392, 178.006, 178.62, 179.234, 179.848, 180.462, 181.075, 181.689, 182.303, 182.917, 183.531, 184.144, 184.758, 185.372, 185.986, 186.6, 187.213, 187.827, 188.441, 189.055, 189.669, 190.283, 190.896, 191.51, 192.124, 192.738, 193.352, 193.965, 194.579, 195.193, 195.807, 196.421, 197.035, 197.648, 198.262, 198.876, 199.49, 200.104, 200.717, 201.331, 201.945, 202.559, 203.173, 203.786, 204.4, 205.014, 205.628, 206.242, 206.856, 207.469, 208.083, 208.697, 209.311, 209.925, 210.538, 211.152, 211.766, 212.38, 212.994, 213.608, 214.221, 214.835, 215.449, 216.063, 216.677, 217.29, 217.904, 218.518, 219.132, 219.746, 220.359, 220.973, 221.587, 222.201, 222.815, 223.429, 224.042, 224.656, 225.27, 225.884, 226.498, 227.111, 227.725, 228.339, 228.953, 229.567, 230.181, 230.794, 231.408, 232.022, 232.636, 233.25, 233.863, 234.477, 235.091, 235.705, 236.319, 236.932, 237.546, 238.16, 238.774, 239.388, 240.002, 240.615, 241.229, 241.843, 242.457, 243.071, 243.684, 244.298, 244.912, 245.526, 246.14, 246.754, 247.367, 247.981, 248.595, 249.209, 249.823, 250.436, 251.05, 251.664, 252.278, 252.892, 253.505, 254.119, 254.733, 255.347, 255.961, 256.575, 257.188, 257.802, 258.416, 259.03, 259.644, 260.257, 260.871, 261.485, 262.099, 262.713, 263.327, 263.94, 264.554, 265.168, 265.782, 266.396, 267.009, 267.623, 268.237, 268.851, 269.465, 270.078, 270.692, 271.306, 271.92, 272.534, 273.148, 273.761, 274.375, 274.989, 275.603, 276.217, 276.83, 277.444, 278.058, 278.672, 279.286, 279.9, 280.513, 281.127, 281.741, 282.355, 282.969, 283.582, 284.196, 284.81, 285.424, 286.038, 286.651, 287.265, 287.879, 288.493, 289.107, 289.721, 290.334, 290.948, 291.562, 292.176, 292.79, 293.403, 294.017
3.16269, 3.16349, 3.16429, 3.1651, 3.16592, 3.16675, 3.16759, 3.16844, 3.1693, 3.17016, 3.17104, 3.17192, 3.17282, 3.17372, 3.17464, 3.17556, 3.17649, 3.17743, 3.17839, 3.17935, 3.18032, 3.1813, 3.1823, 3.1833, 3.18431, 3.18533, 3.18637, 3.18741, 3.18847, 3.18954, 3.19061, 3.1917, 3.1928, 3.19391, 3.19503, 3.19617, 3.19731, 3.19847, 3.19964, 3.20082, 3.20201, 3.20321, 3.20443, 3.20566, 3.2069, 3.20815, 3.20942, 3.21069, 3.21198, 3.21329, 3.21461, 3.21594, 3.21728, 3.21863, 3.22, 3.22139, 3.22279, 3.2242, 3.22562, 3.22706, 3.22852, 3.22998, 3.23147, 3.23296, 3.23448, 3.236, 3.23754, 3.2391, 3.24067, 3.24226, 3.24387, 3.24549, 3.24712, 3.24877, 3.25044, 3.25213, 3.25383, 3.25555, 3.25728, 3.25903, 3.2608, 3.26259, 3.26439, 3.26622, 3.26806, 3.26991, 3.27179, 3.27369, 3.2756, 3.27753, 3.27949, 3.28146, 3.28345, 3.28546, 3.28749, 3.28954, 3.29161, 3.29371, 3.29582, 3.29795, 3.30011, 3.30228, 3.30448, 3.3067, 3.30895, 3.31121, 3.3135, 3.31581, 3.31814, 3.3205, 3.32288, 3.32529, 3.32771, 3.33017, 3.33265, 3.33515, 3.33768, 3.34023, 3.34282, 3.34542, 3.34806, 3.35072, 3.3534, 3.35612, 3.35886, 3.36163, 3.36443, 3.36726, 3.37012, 3.37301, 3.37593, 3.37887, 3.38185, 3.38486, 3.3879, 3.39098, 3.39408, 3.39722, 3.40039, 3.40359, 3.40683, 3.41011, 3.41341, 3.41676, 3.42013, 3.42355, 3.427, 3.43049, 3.43401, 3.43758, 3.44118, 3.44482, 3.4485, 3.45222, 3.45598, 3.45979, 3.46363, 3.46752, 3.47145, 3.47543, 3.47945, 3.48351, 3.48762, 3.49177, 3.49598, 3.50023, 3.50452, 3.50887, 3.51327, 3.51771, 3.52221, 3.52676, 3.53136, 3.53602, 3.54073, 3.5455, 3.55032, 3.55519, 3.56013, 3.56512, 3.57018, 3.57529, 3.58047, 3.58571, 3.59101, 3.59637, 3.60181, 3.6073, 3.61287, 3.6185, 3.62421, 3.62998, 3.63583, 3.64175, 3.64775, 3.65382, 3.65997, 3.6662, 3.67251, 3.6789, 3.68537, 3.69193, 3.69858, 3.70531, 3.71213, 3.71904, 3.72604, 3.73314, 3.74034, 3.74763, 3.75503, 3.76252, 3.77012, 3.77782, 3.78564, 3.79356, 3.80159, 3.80974, 3.81801, 3.82639, 3.8349, 3.84353, 3.85229, 3.86118, 3.8702, 3.87935, 3.88865, 3.89808, 3.90766, 3.91739, 3.92726, 3.9373, 3.94749, 3.95784, 3.96835, 3.97904, 3.9899, 4.00094, 4.01215, 4.02356, 4.03515, 4.04694, 4.05893, 4.07113, 4.08354, 4.09616, 4.10901, 4.12208, 4.13539, 4.14893, 4.16273, 4.17678, 4.19109, 4.20566, 4.22052, 4.23565, 4.25108, 4.26681, 4.28285, 4.29921, 4.3159, 4.33293, 4.35031, 4.36805, 4.38616, 4.40466, 4.42356, 4.44286, 4.4626, 4.48277, 4.5034, 4.5245, 4.54609, 4.56818, 4.59081, 4.61397, 4.63771, 4.66203, 4.68696, 4.71253, 4.73876, 4.76569, 4.79333, 4.82172, 4.85089, 4.88089, 4.91173, 4.94347, 4.97615, 5.00981, 5.04451, 5.08028, 5.11719, 5.1553, 5.19466, 5.23536, 5.27747, 5.32105, 5.36621, 5.41304, 5.46164, 5.51212, 5.5646, 5.61923, 5.67614, 5.7355, 5.7975, 5.86232, 5.9302, 6.00138, 6.07614, 6.15479, 6.23769, 6.32524, 6.4179, 6.51622, 6.6208, 6.73238, 6.85183, 6.98017, 7.11865, 7.26883, 7.43266, 7.61259, 7.81174, 8.03405, 8.28433, 8.56815, 8.89134, 9.25884, 9.67273, 10.1293, 10.6157, 11.1064, 11.5612, 11.9259, 12.1372, 12.1313, 11.8561, 11.2834, 10.4174, 9.29625, 8.01464, 6.65079, 5.30226, 4.05481, 2.97059, 2.08263, 1.39603, 0.894057, 0.546709, 0.319036, 0.177592, 0.0942634, 0.0476932, 0.022995, 0.0105621, 0.00462011, 0.00192343, 0.000761034, 0.000284949, 9.94215e-05, 3.01332e-05, 6.22943e-06, 1.97062e-06, 5.92758e-07, 1.69516e-07, 4.60894e-08, 1.19138e-08, 2.92793e-09, 6.84113e-10, 1.51969e-10, 3.20952e-11, 6.44443e-12, 1.23023e-12, 2.2328e-13, 3.85274e-14, 6.32046e-15, 9.85794e-16, 1.46178e-16, 2.0608e-17, 2.76217e-18, 3.51983e-19, 4.26434e-20, 4.91179e-21, 5.37882e-22, 5.60005e-23, 5.54313e-24, 5.21647e-25, 4.66721e-26, 3.97004e-27, 3.21064e-28, 2.46857e-29, 1.80451e-30, 1.25409e-31, 8.28624e-33, 5.20528e-34, 3.10877e-35, 1.76519e-36, 9.52909e-38, 4.89068e-39, 2.38641e-40, 1.10708e-41, 4.88282e-43, 2.04748e-44, 8.16257e-46, 3.09379e-47, 1.11484e-48, 3.81938e-50, 1.24403e-51, 3.85234e-53, 1.13417e-54, 3.17458e-56, 8.44799e-58, 2.13736e-59, 5.14114e-61, 1.1757e-62, 2.55619e-64, 5.28381e-66, 1.03838e-67, 1.9401e-69, 3.44627e-71, 5.82011e-73, 9.3448e-75, 1.42648e-76, 2.07023e-78, 2.85646e-80, 3.74709e-82, 4.67323e-84, 5.54111e-86, 6.24646e-88, 6.69464e-90, 6.82146e-92, 6.60821e-94, 6.08622e-96, 5.32926e-98, 4.43653e-100, 3.51137e-102, 2.6422e-104, 1.89022e-106, 1.28562e-108, 8.31328e-111, 5.11078e-113, 2.98716e-115, 1.65991e-117, 8.76939e-120, 4.40463e-122, 2.10332e-124, 9.54897e-127, 4.12159e-129, 1.69133e-131, 6.59855e-134, 2.44751e-136, 8.6309e-139, 2.89364e-141, 9.22332e-144, 2.79503e-146, 8.05271e-149, 2.20573e-151, 5.74406e-154, 1.42214e-156, 3.34749e-159, 7.49121e-162, 1.59383e-164, 3.22393e-167, 6.19991e-170, 1.13355e-172, 1.97039e-175, 3.25625e-178, 5.1161e-181, 7.64215e-184, 1.08529e-186, 1.46533e-189, 1.88095e-192, 2.29549e-195, 2.66334e-198, 2.93789e-201, 3.08104e-204, 3.07196e-207, 2.91198e-210
3.16269, 3.1635, 3.16432, 3.16515, 3.16598, 3.16683, 3.16768, 3.16854, 3.16941, 3.1703, 3.17119, 3.17209, 3.173, 3.17391, 3.17484, 3.17578, 3.17673, 3.17769, 3.17865, 3.17963, 3.18062, 3.18162, 3.18263, 3.18365, 3.18467, 3.18571, 3.18677, 3.18783, 3.1889, 3.18998, 3.19108, 3.19218, 3.1933, 3.19442, 3.19556, 3.19671, 3.19787, 3.19905, 3.20023, 3.20143, 3.20264, 3.20386, 3.2051, 3.20634, 3.2076, 3.20887, 3.21015, 3.21145, 3.21276, 3.21408, 3.21542, 3.21677, 3.21813, 3.2195, 3.22089, 3.22229, 3.22371, 3.22514, 3.22659, 3.22804, 3.22952, 3.23101, 3.23251, 3.23403, 3.23556, 3.2371, 3.23867, 3.24025, 3.24184, 3.24345, 3.24507, 3.24671, 3.24837, 3.25004, 3.25173, 3.25344, 3.25516, 3.2569, 3.25866, 3.26043, 3.26222, 3.26403, 3.26586, 3.26771, 3.26957, 3.27145, 3.27335, 3.27527, 3.27721, 3.27916, 3.28114, 3.28314, 3.28515, 3.28719, 3.28924, 3.29132, 3.29342, 3.29553, 3.29767, 3.29983, 3.30201, 3.30421, 3.30644, 3.30868, 3.31095, 3.31325, 3.31556, 3.3179, 3.32026, 3.32264, 3.32505, 3.32749, 3.32994, 3.33243, 3.33493, 3.33747, 3.34003, 3.34261, 3.34522, 3.34786, 3.35052, 3.35321, 3.35593, 3.35868, 3.36145, 3.36425, 3.36709, 3.36995, 3.37284, 3.37576, 3.37871, 3.38169, 3.3847, 3.38775, 3.39082, 3.39393, 3.39707, 3.40024, 3.40345, 3.40669, 3.40996, 3.41327, 3.41662, 3.42, 3.42341, 3.42686, 3.43035, 3.43388, 3.43745, 3.44105, 3.44469, 3.44837, 3.4521, 3.45586, 3.45966, 3.46351, 3.4674, 3.47133, 3.4753, 3.47932, 3.48338, 3.48749, 3.49165, 3.49585, 3.5001, 3.50439, 3.50874, 3.51313, 3.51758, 3.52207, 3.52662, 3.53122, 3.53588, 3.54058, 3.54535, 3.55016, 3.55504, 3.55997, 3.56496, 3.57001, 3.57512, 3.58029, 3.58552, 3.59082, 3.59618, 3.60161, 3.6071, 3.61266, 3.61829, 3.62398, 3.62975, 3.63559, 3.64151, 3.64749, 3.65356, 3.6597, 3.66592, 3.67222, 3.6786, 3.68506, 3.6916, 3.69824, 3.70496, 3.71176, 3.71866, 3.72565, 3.73274, 3.73992, 3.7472, 3.75457, 3.76205, 3.76963, 3.77732, 3.78511, 3.79301, 3.80103, 3.80916, 3.8174, 3.82576, 3.83425, 3.84285, 3.85159, 3.86045, 3.86944, 3.87857, 3.88783, 3.89724, 3.90678, 3.91648, 3.92632, 3.93632, 3.94647, 3.95678, 3.96726, 3.97791, 3.98872, 3.99972, 4.01089, 4.02224, 4.03379, 4.04553, 4.05747, 4.06961, 4.08196, 4.09452, 4.10731, 4.12032, 4.13356, 4.14703, 4.16076, 4.17473, 4.18896, 4.20346, 4.21823, 4.23328, 4.24861, 4.26425, 4.28019, 4.29644, 4.31303, 4.32994, 4.3472, 4.36482, 4.3828, 4.40117, 4.41992, 4.43909, 4.45867, 4.47868, 4.49914, 4.52007, 4.54147, 4.56338, 4.5858, 4.60875, 4.63227, 4.65636, 4.68104, 4.70636, 4.73232, 4.75896, 4.7863, 4.81437, 4.84321, 4.87285, 4.90333, 4.93467, 4.96694, 5.00016, 5.03438, 5.06965, 5.10603, 5.14358, 5.18235, 5.2224, 5.26382, 5.30668, 5.35106, 5.39705, 5.44474, 5.49425, 5.54569, 5.59919, 5.65488, 5.71293, 5.77348, 5.83674, 5.90291, 5.97222, 6.04492, 6.1213, 6.2017, 6.28647, 6.37604, 6.47088, 6.57156, 6.67871, 6.7931, 6.91562, 7.04737, 7.18964, 7.34408, 7.51273, 7.69822, 7.90389, 8.13403, 8.39396, 8.68999, 9.02896, 9.41713, 9.85813, 10.3499, 10.8808, 11.4258, 11.9438, 12.3779, 12.6597, 12.719, 12.4963, 11.9565, 11.0999, 9.96633, 8.63136, 7.19391, 5.75935, 4.4221, 3.25216, 2.28844, 1.5394, 0.989209, 0.606854, 0.355235, 0.198334, 0.105576, 0.0535648, 0.0258952, 0.0119251, 0.0052295, 0.00218264, 0.000865888, 0.000325248, 0.000114104, 3.50652e-05, 7.61883e-06, 2.40637e-06, 7.24201e-07, 2.07212e-07, 5.63675e-08, 1.45781e-08, 3.58454e-09, 8.37962e-10, 1.8624e-10, 3.93534e-11, 7.90586e-12, 1.50999e-12, 2.74195e-13, 4.73372e-14, 7.76969e-15, 1.21245e-15, 1.7988e-16, 2.53723e-17, 3.40248e-18, 4.33799e-19, 5.25825e-20, 6.05971e-21, 6.63927e-22, 6.91588e-23, 6.84909e-24, 6.44876e-25, 5.77268e-26, 4.91289e-27, 3.97516e-28, 3.05795e-29, 2.23647e-30, 1.55509e-31, 1.02803e-32, 6.46117e-34, 3.86079e-35, 2.1933e-36, 1.18462e-37, 6.08299e-39, 2.9697e-40, 1.37837e-41, 6.08242e-43, 2.55179e-44, 1.01782e-45, 3.8597e-47, 1.39154e-48, 4.76971e-50, 1.55435e-51, 4.81571e-53, 1.4185e-54, 3.97243e-56, 1.05765e-57, 2.67721e-59, 6.44288e-61, 1.47413e-62, 3.20662e-64, 6.63158e-66, 1.3039e-67, 2.43739e-69, 4.33177e-71, 7.31918e-73, 1.17575e-74, 1.79567e-76, 2.60731e-78, 3.59928e-80, 4.72384e-82, 5.89429e-84, 6.99237e-86, 7.88631e-88, 8.45628e-90, 8.62068e-92, 8.35526e-94, 7.69901e-96, 6.74475e-98, 5.61763e-100, 4.44833e-102, 3.34885e-104, 2.39691e-106, 1.63104e-108, 1.05519e-110, 6.49015e-113, 3.7952e-115, 2.10994e-117, 1.11522e-119, 5.60414e-122, 2.67739e-124, 1.2161e-126, 5.25152e-129, 2.15603e-131, 8.41553e-134, 3.12293e-136, 1.10179e-138, 3.69566e-141, 1.17853e-143, 3.57308e-146, 1.02992e-148, 2.82238e-151, 7.35336e-154, 1.82142e-156, 4.28934e-159, 9.60341e-162, 2.04417e-164, 4.13677e-167, 7.95907e-170, 1.45585e-172, 2.5318e-175, 4.18595e-178, 6.57983e-181, 9.8331e-184, 1.39708e-186, 1.88715e-189, 2.42352e-192, 2.95897e-195, 3.43472e-198, 3.79049e-201, 3.97699e-204, 3.96705e-207, 3.76215e-210
209.22
176.83
 
MEASUREMENT 12
1.56305, 4.67879, 7.79453, 10.9103, 14.0312, 17.1469, 20.2679, 23.3784, 26.4796, 29.5859, 32.6913, 35.8071, 38.9228, 42.0385, 45.1595, 48.2752, 51.3909, 54.5067, 57.6224, 60.7381, 63.8435, 66.9593, 70.0698, 73.1752, 76.2806, 79.3859, 82.4913, 85.5967, 88.7021, 91.8074, 94.9128, 98.0182, 101.1, 104.148, 107.196, 110.244, 113.292, 116.339, 119.387, 122.435, 125.483, 128.531, 131.574, 134.622, 137.67, 140.718, 143.766, 146.814, 149.861, 152.909, 155.957, 159.005, 162.053, 165.101, 168.149, 171.197, 174.245, 177.293, 180.341, 183.389, 186.436, 189.484, 192.532, 195.58, 198.621, 201.655, 204.688, 207.722, 210.756, 213.794, 216.838, 219.882, 222.926, 225.97, 229.014, 232.058, 235.102, 238.145, 241.189, 244.233, 247.277, 250.321, 253.37, 256.424, 259.478, 262.532, 265.586, 268.64, 271.695, 274.749, 277.803, 280.857, 283.911, 286.97, 290.035, 293.099
2.83326, 2.8331, 2.8193, 2.97388, 2.82139, 2.85721, 3.0559, 3.06911, 3.03258, 3.06438, 3.09456, 3.15953, 3.15743, 3.19588, 3.19195, 3.22593, 3.31757, 3.35781, 3.4198, 3.44989, 3.08833, 3.41585, 3.4218, 3.42793, 3.48847, 3.50124, 3.5256, 3.51679, 3.56614, 3.30568, 3.62465, 3.16476, 3.64161, 3.64506, 3.67971, 3.69517, 3.71325, 3.74063, 3.77868, 3.79541, 3.81524, 3.84986, 3.90538, 3.90954, 3.96072, 4.01926, 4.08226, 4.12049, 4.16302, 4.19398, 4.2853, 4.35769, 4.44116, 4.5016, 4.59154, 4.81121, 4.88479, 4.95291, 5.14631, 5.39304, 5.57386, 5.94758, 6.30117, 7.00515, 8.91951, 10.1703, 11.4305, 10.4618, 5.41012, 1.27008, 0.119876, 0.0166155, 0.00536456, -0.000558241, 0.00429126, 0.00592505, 0.00229385, 0.000840001, -0.00678071, -0.00252366, -0.0114991, -0.0613845, -0.00437571, -0.000818369, -0.0564579, -0.0704877, -0.0244893, -0.0191026, -0.00170116, -0.00136131, -0.00484413, -0.0111129, -0.00575435, -0.00599199, -0.0172061, -0.0178129
0.0849979, 0.084993, 0.0845791, 0.0892165, 0.0846418, 0.0857163, 0.091677, 0.0920733, 0.0909774, 0.0919315, 0.0928369, 0.094786, 0.094723, 0.0958764, 0.0957585, 0.0967779, 0.099527, 0.100734, 0.102594, 0.103497, 0.09265, 0.102475, 0.102654, 0.102838, 0.104654, 0.105037, 0.105768, 0.105504, 0.106984, 0.0991703, 0.108739, 0.0949428, 0.109248, 0.109352, 0.110391, 0.110855, 0.111398, 0.112219, 0.11336, 0.113862, 0.114457, 0.115496, 0.117161, 0.117286, 0.118822, 0.120578, 0.122468, 0.123615, 0.124891, 0.12582, 0.128559, 0.130731, 0.133235, 0.135048, 0.137746, 0.144336, 0.146544, 0.148587, 0.154389, 0.161791, 0.167216, 0.178428, 0.189035, 0.210154, 0.267585, 0.305109, 0.342915, 0.313855, 0.162304, 0.0381025, 0.00359628, 0.000498466, 0.000160937, 1.67472e-05, 0.000128738, 0.000177752, 6.88156e-05, 2.52e-05, 0.000203421, 7.57099e-05, 0.000344972, 0.00184153, 0.000131271, 2.45511e-05, 0.00169374, 0.00211463, 0.000734678, 0.000573078, 5.10348e-05, 4.08394e-05, 0.000145324, 0.000333386, 0.00017263, 0.00017976, 0.000516183, 0.000534386
0, 0.613815, 1.22763, 1.84144, 2.45526, 3.06907, 3.68289, 4.2967, 4.91052, 5.52433, 6.13815, 6.75196, 7.36578, 7.97959, 8.59341, 9.20722, 9.82104, 10.4349, 11.0487, 11.6625, 12.2763, 12.8901, 13.5039, 14.1177, 14.7316, 15.3454, 15.9592, 16.573, 17.1868, 17.8006, 18.4144, 19.0283, 19.6421, 20.2559, 20.8697, 21.4835, 22.0973, 22.7111, 23.325, 23.9388, 24.5526, 25.1664, 25.7802, 26.394, 27.0078, 27.6217, 28.2355, 28.8493, 29.4631, 30.0769, 30.6907, 31.3046, 31.9184, 32.5322, 33.146, 33.7598, 34.3736, 34.9874, 35.6013, 36.2151, 36.8289, 37.4427, 38.0565, 38.6703, 39.2841, 39.898, 40.5118, 41.1256, 41.7394, 42.3532, 42.967, 43.5808, 44.1947, 44.8085, 45.4223, 46.0361, 46.6499, 47.2637, 47.8775, 48.4914, 49.1052, 49.719, 50.3328, 50.9466, 51.5604, 52.1743, 52.7881, 53.4019, 54.0157, 54.6295, 55.2433, 55.8571, 56.471, 57.0848, 57.6986, 58.3124, 58.9262, 59.54, 60.1538, 60.7677, 61.3815, 61.9953, 62.6091, 63.2229, 63.8367, 64.4505, 65.0644, 65.6782, 66.292, 66.9058, 67.5196, 68.1334, 68.7473, 69.3611, 69.9749, 70.5887, 71.2025, 71.8163, 72.4301, 73.044, 73.6578, 74.2716, 74.8854, 75.4992, 76.113, 76.7268, 77.3407, 77.9545, 78.5683, 79.1821, 79.7959, 80.4097, 81.0235, 81.6374, 82.2512, 82.865, 83.4788, 84.0926, 84.7064, 85.3202, 85.9341, 86.5479, 87.1617, 87.7755, 88.3893, 89.0031, 89.617, 90.2308, 90.8446, 91.4584, 92.0722, 92.686, 93.2998, 93.9137, 94.5275, 95.1413, 95.7551, 96.3689, 96.9827, 97.5965, 98.2104, 98.8242, 99.438, 100.052, 100.666, 101.279, 101.893, 102.507, 103.121, 103.735, 104.349, 104.962, 105.576, 106.19, 106.804, 107.418, 108.031, 108.645, 109.259, 109.873, 110.487, 111.1, 111.714, 112.328, 112.942, 113.556, 114.17, 114.783, 115.397, 116.011, 116.625, 117.239, 117.852, 118.466, 119.08, 119.694, 120.308, 120.922, 121.535, 122.149, 122.763, 123.377, 123.991, 124.604, 125.218, 125.832, 126.446, 127.06, 127.673, 128.287, 128.901, 129.515, 130.129, 130.743, 131.356, 131.97, 132.584, 133.198, 133.812, 134.425, 135.039, 135.653, 136.267, 136.881, 137.495, 138.108, 138.722, 139.336, 139.95, 140.564, 141.177, 141.791, 142.405, 143.019, 143.633, 144.246, 144.86, 145.474, 146.088, 146.702, 147.316, 147.929, 148.543, 149.157, 149.771, 150.385, 150.998, 151.612, 152.226, 152.84, 153.454, 154.068, 154.681, 155.295, 155.909, 156.523, 157.137, 157.75, 158.364, 158.978, 159.592, 160.206, 160.819, 161.433, 162.047, 162.661, 163.275, 163.889, 164.502, 165.116, 165.73, 166.344, 166.958, 167.571, 168.185, 168.799, 169.413, 170.027, 170.64, 171.254, 171.868, 172.482, 173.096, 173.71, 174.323, 174.937, 175.551, 176.165, 176.779, 177.392, 178.006, 178.62, 179.234, 179.848, 180.462, 181.075, 181.689, 182.303, 182.917, 183.531, 184.144, 184.758, 185.372, 185.986, 186.6, 187.213, 187.827, 188.441, 189.055, 189.669, 190.283, 190.896, 191.51, 192.124, 192.738, 193.352, 193.965, 194.579, 195.193, 195.807, 196.421, 197.035, 197.648, 198.262, 198.876, 199.49, 200.104, 200.717, 201.331, 201.945, 202.559, 203.173, 203.786, 204.4, 205.014, 205.628, 206.242, 206.856, 207.469, 208.083, 208.697, 209.311, 209.925, 210.538, 211.152, 211.766, 212.38, 212.994, 213.608, 214.221, 214.835, 215.449, 216.063, 216.677, 217.29, 217.904, 218.518, 219.132, 219.746, 220.359, 220.973, 221.587, 222.201, 222.815, 223.429, 224.042, 224.656, 225.27, 225.884, 226.498, 227.111, 227.725, 228.339, 228.953, 229.567, 230.181, 230.794, 231.408, 232.022, 232.636, 233.25, 233.863, 234.477, 235.091, 235.705, 236.319, 236.932, 237.546, 238.16, 238.774, 239.388, 240.002, 240.615, 241.229, 241.843, 242.457, 243.071, 243.684, 244.298, 244.912, 245.526, 246.14, 246.754, 247.367, 247.981, 248.595, 249.209, 249.823, 250.436, 251.05, 251.664, 252.278, 252.892, 253.505, 254.119, 254.733, 255.347, 255.961, 256.575, 257.188, 257.802, 258.416, 259.03, 259.644, 260.257, 260.871, 261.485, 262.099, 262.713, 263.327, 263.94, 264.554, 265.168, 265.782, 266.396, 267.009, 267.623, 268.237, 268.851, 269.465, 270.078, 270.692, 271.306, 271.92, 272.534, 273.148, 273.761, 274.375, 274.989, 275.603, 276.217, 276.83, 277.444, 278.058, 278.672, 279.286, 279.9, 280.513, 281.127, 281.741, 282.355, 282.969, 283.582, 284.196, 284.81, 285.424, 286.038, 286.651, 287.265, 287.879, 288.493, 289.107, 289.721, 290.334, 290.948, 291.562, 292.176, 292.79, 293.403, 294.017
3.14885, 3.14966, 3.15048, 3.15131, 3.15214, 3.15299, 3.15385, 3.15471, 3.15559, 3.15647, 3.15736, 3.15827, 3.15918, 3.1601, 3.16103, 3.16197, 3.16292, 3.16388, 3.16485, 3.16584, 3.16683, 3.16783, 3.16884, 3.16986, 3.1709, 3.17194, 3.17299, 3.17406, 3.17513, 3.17622, 3.17732, 3.17843, 3.17955, 3.18068, 3.18182, 3.18298, 3.18414, 3.18532, 3.18651, 3.18771, 3.18893, 3.19015, 3.19139, 3.19264, 3.19391, 3.19518, 3.19647, 3.19777, 3.19909, 3.20042, 3.20176, 3.20311, 3.20448, 3.20586, 3.20726, 3.20867, 3.21009, 3.21153, 3.21298, 3.21444, 3.21592, 3.21742, 3.21893, 3.22045, 3.22199, 3.22355, 3.22512, 3.2267, 3.22831, 3.22992, 3.23156, 3.23321, 3.23487, 3.23655, 3.23825, 3.23997, 3.2417, 3.24345, 3.24522, 3.247, 3.2488, 3.25062, 3.25246, 3.25432, 3.25619, 3.25808, 3.25999, 3.26192, 3.26387, 3.26584, 3.26783, 3.26984, 3.27187, 3.27392, 3.27598, 3.27807, 3.28018, 3.28231, 3.28447, 3.28664, 3.28883, 3.29105, 3.29329, 3.29555, 3.29784, 3.30015, 3.30248, 3.30483, 3.30721, 3.30961, 3.31204, 3.31449, 3.31696, 3.31946, 3.32199, 3.32454, 3.32712, 3.32972, 3.33235, 3.33501, 3.33769, 3.34041, 3.34315, 3.34591, 3.34871, 3.35154, 3.35439, 3.35727, 3.36019, 3.36313, 3.36611, 3.36911, 3.37215, 3.37522, 3.37832, 3.38146, 3.38463, 3.38783, 3.39106, 3.39433, 3.39763, 3.40097, 3.40435, 3.40776, 3.41121, 3.41469, 3.41821, 3.42178, 3.42537, 3.42901, 3.43269, 3.43641, 3.44017, 3.44397, 3.44781, 3.4517, 3.45562, 3.4596, 3.46361, 3.46767, 3.47178, 3.47593, 3.48013, 3.48438, 3.48867, 3.49302, 3.49741, 3.50186, 3.50635, 3.5109, 3.5155, 3.52015, 3.52486, 3.52962, 3.53444, 3.53932, 3.54425, 3.54925, 3.5543, 3.55941, 3.56459, 3.56982, 3.57512, 3.58049, 3.58592, 3.59142, 3.59698, 3.60262, 3.60832, 3.6141, 3.61995, 3.62587, 3.63186, 3.63794, 3.64409, 3.65032, 3.65663, 3.66302, 3.6695, 3.67606, 3.6827, 3.68944, 3.69626, 3.70318, 3.71019, 3.71729, 3.72449, 3.73179, 3.73919, 3.74669, 3.75429, 3.76201, 3.76982, 3.77775, 3.7858, 3.79396, 3.80223, 3.81063, 3.81914, 3.82779, 3.83656, 3.84546, 3.85449, 3.86366, 3.87297, 3.88242, 3.89201, 3.90176, 3.91165, 3.92171, 3.93192, 3.94229, 3.95283, 3.96354, 3.97442, 3.98548, 3.99673, 4.00816, 4.01979, 4.03161, 4.04364, 4.05587, 4.06831, 4.08098, 4.09386, 4.10698, 4.12033, 4.13393, 4.14777, 4.16188, 4.17624, 4.19088, 4.20579, 4.221, 4.23649, 4.2523, 4.26841, 4.28485, 4.30163, 4.31874, 4.33621, 4.35405, 4.37227, 4.39088, 4.40989, 4.42932, 4.44918, 4.46949, 4.49026, 4.51151, 4.53326, 4.55553, 4.57833, 4.60169, 4.62563, 4.65016, 4.67532, 4.70114, 4.72763, 4.75482, 4.78275, 4.81146, 4.84096, 4.87131, 4.90253, 4.93468, 4.96779, 5.00191, 5.0371, 5.07341, 5.1109, 5.14962, 5.18966, 5.23108, 5.27397, 5.31841, 5.36449, 5.41232, 5.46202, 5.51369, 5.56749, 5.62356, 5.68207, 5.74319, 5.80714, 5.87414, 5.94445, 6.01836, 6.0962, 6.17836, 6.26526, 6.35742, 6.45543, 6.56, 6.67198, 6.79238, 6.92243, 7.06358, 7.21759, 7.38647, 7.5725, 7.77809, 8.00558, 8.2569, 8.53301, 8.83323, 9.15438, 9.48992, 9.82914, 10.1567, 10.4525, 10.6927, 10.8508, 10.9004, 10.8177, 10.5849, 10.1928, 9.64273, 8.9469, 8.13093, 7.24138, 6.30523, 5.36288, 4.45228, 3.60551, 2.84645, 2.18967, 1.64061, 1.19681, 0.849752, 0.587068, 0.394553, 0.257898, 0.163921, 0.101295, 0.0608481, 0.0355262, 0.0201574, 0.0111136, 0.00595292, 0.00309727, 0.00156472, 0.000766951, 0.000364082, 0.000166616, 7.25355e-05, 2.87007e-05, 7.93382e-06, 2.78631e-06, 1.13359e-06, 4.47644e-07, 1.71562e-07, 6.38145e-08, 2.3037e-08, 8.07131e-09, 2.74455e-09, 9.05747e-10, 2.90103e-10, 9.01796e-11, 2.72065e-11, 7.96614e-12, 2.26377e-12, 6.24346e-13, 1.6712e-13, 4.34152e-14, 1.09462e-14, 2.67852e-15, 6.36117e-16, 1.46618e-16, 3.2798e-17, 7.12062e-18, 1.50037e-18, 3.06821e-19, 6.08953e-20, 1.17298e-20, 2.19285e-21, 3.97865e-22, 7.00603e-23, 1.19734e-23, 1.98597e-24, 3.19696e-25, 4.99472e-26, 7.57346e-27, 1.11452e-27, 1.5918e-28, 2.20648e-29, 2.96839e-30, 3.87572e-31, 4.91124e-32, 6.04005e-33, 7.2094e-34, 8.35155e-35, 9.38954e-36, 1.02454e-36, 1.08499e-37, 1.11515e-38, 1.11236e-39, 1.07689e-40, 1.01182e-41, 9.22668e-43, 8.16578e-44, 7.01388e-45, 5.84694e-46, 4.73052e-47, 3.71447e-48, 2.83071e-49, 2.09364e-50, 1.50286e-51, 1.047e-52, 7.07914e-54, 4.64542e-55, 2.95855e-56, 1.8287e-57, 1.09702e-58, 6.38697e-60, 3.60899e-61, 1.97918e-62, 1.0534e-63, 5.44141e-65, 2.72797e-66, 1.32732e-67, 6.26788e-69, 2.8726e-70, 1.27773e-71, 5.51584e-73, 2.31097e-74, 9.39691e-76, 3.70839e-77, 1.42035e-78, 5.27974e-80, 1.90476e-81, 6.66925e-83, 2.26633e-84, 7.47442e-86, 2.39244e-87, 7.43214e-89, 2.24076e-90, 6.55672e-92, 1.86203e-93, 5.1321e-95, 1.37282e-96, 3.56402e-98, 8.98e-100, 2.19594e-101, 5.21165e-103, 1.20043e-104, 2.68355e-106, 5.82225e-108, 1.22597e-109, 2.50541e-111, 4.9692e-113, 9.5654e-115, 1.78702e-116, 3.24014e-118, 5.70173e-120, 9.73776e-122, 1.61406e-123, 2.59651e-125, 4.05386e-127, 6.14266e-129
3.14885, 3.14967, 3.15051, 3.15135, 3.1522, 3.15306, 3.15393, 3.15481, 3.1557, 3.1566, 3.15751, 3.15843, 3.15936, 3.16029, 3.16124, 3.1622, 3.16316, 3.16414, 3.16512, 3.16612, 3.16713, 3.16815, 3.16917, 3.17021, 3.17126, 3.17232, 3.17339, 3.17447, 3.17556, 3.17667, 3.17778, 3.17891, 3.18004, 3.18119, 3.18235, 3.18352, 3.18471, 3.1859, 3.18711, 3.18833, 3.18956, 3.19081, 3.19206, 3.19333, 3.19461, 3.19591, 3.19721, 3.19853, 3.19987, 3.20121, 3.20257, 3.20395, 3.20533, 3.20673, 3.20815, 3.20958, 3.21102, 3.21248, 3.21395, 3.21543, 3.21693, 3.21845, 3.21998, 3.22152, 3.22308, 3.22466, 3.22625, 3.22785, 3.22948, 3.23111, 3.23277, 3.23444, 3.23613, 3.23783, 3.23955, 3.24129, 3.24304, 3.24481, 3.2466, 3.24841, 3.25023, 3.25208, 3.25394, 3.25581, 3.25771, 3.25963, 3.26156, 3.26352, 3.26549, 3.26748, 3.26949, 3.27153, 3.27358, 3.27565, 3.27775, 3.27986, 3.282, 3.28415, 3.28633, 3.28853, 3.29075, 3.29299, 3.29526, 3.29755, 3.29986, 3.30219, 3.30455, 3.30693, 3.30934, 3.31177, 3.31422, 3.3167, 3.31921, 3.32174, 3.32429, 3.32687, 3.32948, 3.33211, 3.33477, 3.33746, 3.34018, 3.34292, 3.34569, 3.34849, 3.35132, 3.35418, 3.35706, 3.35998, 3.36293, 3.3659, 3.36891, 3.37195, 3.37502, 3.37813, 3.38126, 3.38443, 3.38764, 3.39087, 3.39414, 3.39745, 3.40079, 3.40417, 3.40758, 3.41103, 3.41452, 3.41804, 3.4216, 3.4252, 3.42884, 3.43252, 3.43624, 3.44, 3.4438, 3.44764, 3.45152, 3.45545, 3.45942, 3.46344, 3.4675, 3.4716, 3.47575, 3.47995, 3.4842, 3.48849, 3.49284, 3.49723, 3.50167, 3.50616, 3.51071, 3.51531, 3.51996, 3.52466, 3.52942, 3.53424, 3.53911, 3.54404, 3.54903, 3.55408, 3.55919, 3.56436, 3.56959, 3.57488, 3.58024, 3.58567, 3.59116, 3.59672, 3.60234, 3.60804, 3.61381, 3.61965, 3.62556, 3.63155, 3.63761, 3.64376, 3.64998, 3.65628, 3.66266, 3.66912, 3.67567, 3.6823, 3.68903, 3.69584, 3.70274, 3.70973, 3.71682, 3.72401, 3.73129, 3.73867, 3.74615, 3.75374, 3.76143, 3.76923, 3.77714, 3.78516, 3.7933, 3.80155, 3.80992, 3.81842, 3.82703, 3.83578, 3.84465, 3.85366, 3.8628, 3.87207, 3.88149, 3.89106, 3.90077, 3.91063, 3.92064, 3.93081, 3.94115, 3.95165, 3.96231, 3.97315, 3.98417, 3.99537, 4.00676, 4.01833, 4.0301, 4.04207, 4.05425, 4.06663, 4.07923, 4.09206, 4.10511, 4.11839, 4.13192, 4.14569, 4.15971, 4.174, 4.18855, 4.20338, 4.21849, 4.23389, 4.2496, 4.26561, 4.28194, 4.2986, 4.3156, 4.33296, 4.35067, 4.36875, 4.38722, 4.40609, 4.42537, 4.44507, 4.46521, 4.48581, 4.50688, 4.52844, 4.55051, 4.57311, 4.59624, 4.61995, 4.64424, 4.66915, 4.6947, 4.7209, 4.7478, 4.77542, 4.80379, 4.83295, 4.86293, 4.89376, 4.92549, 4.95817, 4.99183, 5.02652, 5.06231, 5.09923, 5.13737, 5.17677, 5.21751, 5.25967, 5.30333, 5.34858, 5.39551, 5.44424, 5.49487, 5.54754, 5.60239, 5.65956, 5.71924, 5.78161, 5.84688, 5.91529, 5.9871, 6.06262, 6.14219, 6.22621, 6.31513, 6.40947, 6.50986, 6.61705, 6.73192, 6.85554, 6.98922, 7.13452, 7.29333, 7.46788, 7.66069, 7.87451, 8.11212, 8.37595, 8.66754, 8.9868, 9.33115, 9.69448, 10.0663, 10.4309, 10.7677, 11.0514, 11.2538, 11.346, 11.3015, 11.1, 10.7298, 10.1909, 9.49576, 8.6689, 7.74471, 6.76411, 5.77027, 4.8043, 3.90144, 3.0884, 2.382, 1.78923, 1.30842, 0.931205, 0.644819, 0.434331, 0.284512, 0.181216, 0.112211, 0.0675388, 0.0395086, 0.0224592, 0.0124053, 0.00665678, 0.00346963, 0.00175596, 0.000862296, 0.000410194, 0.000188329, 8.23499e-05, 3.29225e-05, 9.49958e-06, 3.39341e-06, 1.38114e-06, 5.45565e-07, 2.09154e-07, 7.78207e-08, 2.81018e-08, 9.84877e-09, 3.34996e-09, 1.10588e-09, 3.54311e-10, 1.10172e-10, 3.32482e-11, 9.73809e-12, 2.76815e-12, 7.63684e-13, 2.04479e-13, 5.31364e-14, 1.34013e-14, 3.28027e-15, 7.79259e-16, 1.79665e-16, 4.02027e-17, 8.73085e-18, 1.84021e-18, 3.76433e-19, 7.47338e-20, 1.43998e-20, 2.6928e-21, 4.88722e-22, 8.60854e-23, 1.47166e-23, 2.4417e-24, 3.93177e-25, 6.14459e-26, 9.31982e-27, 1.37193e-27, 1.96004e-28, 2.71774e-29, 3.65729e-30, 4.77662e-31, 6.05468e-32, 7.44854e-33, 8.89325e-34, 1.03053e-34, 1.15896e-35, 1.26498e-36, 1.34002e-37, 1.37768e-38, 1.37465e-39, 1.33121e-40, 1.25115e-41, 1.14126e-42, 1.01034e-43, 8.68075e-45, 7.23866e-46, 5.85825e-47, 4.60137e-48, 3.50765e-49, 2.5951e-50, 1.86338e-51, 1.29854e-52, 8.78257e-54, 5.76496e-55, 3.67265e-56, 2.27077e-57, 1.36262e-58, 7.93571e-60, 4.48545e-61, 2.46057e-62, 1.31001e-63, 6.76895e-65, 3.39452e-66, 1.65213e-67, 7.80402e-69, 3.57769e-70, 1.59183e-71, 6.87381e-73, 2.88077e-74, 1.17173e-75, 4.62549e-77, 1.77213e-78, 6.58936e-80, 2.37793e-81, 8.32847e-83, 2.831e-84, 9.33948e-86, 2.9903e-87, 9.29215e-89, 2.80238e-90, 8.20248e-92, 2.33009e-93, 6.42407e-95, 1.71892e-96, 4.46387e-98, 1.12506e-99, 2.752e-101, 6.53325e-103, 1.50529e-104, 3.36604e-106, 7.30513e-108, 1.53867e-109, 3.14536e-111, 6.2403e-113, 1.20157e-114, 2.24544e-116, 4.07252e-118, 7.16858e-120, 1.22465e-121, 2.03049e-123, 3.26736e-125, 5.10272e-127, 7.73421e-129
207.82
176.15
 
MEASUREMENT 13
1.56305, 4.67879, 7.79453, 10.9103, 14.0312, 17.1469, 20.2679, 23.3784, 26.4796, 29.5859, 32.6913, 35.8071, 38.9228, 42.0385, 45.1595, 48.2752, 51.3909, 54.5067, 57.6224, 60.7381, 63.8435, 66.9593, 70.0698, 73.1752, 76.2806, 79.3859, 82.4913, 85.5967, 88.7021, 91.8074, 94.9128, 98.0182, 101.1, 104.148, 107.196, 110.244, 113.292, 116.339, 119.387, 122.435, 125.483, 128.531, 131.574, 134.622, 137.67, 140.718, 143.766, 146.814, 149.861, 152.909, 155.957, 159.005, 162.053, 165.101, 168.149, 171.197, 174.245, 177.293, 180.341, 183.389, 186.436, 189.484, 192.532, 195.58, 198.621, 201.655, 204.688, 207.722, 210.756, 213.794, 216.838, 219.882, 222.926, 225.97, 229.014, 232.058, 235.102, 238.145, 241.189, 244.233, 247.277, 250.321, 253.37, 256.424, 259.478, 262.532, 265.586, 268.64, 271.695, 274.749, 277.803, 280.857, 283.911, 286.97, 290.035, 293.099
2.83614, 2.8322, 2.82139, 2.97375, 2.81974, 2.85242, 3.06824, 3.06906, 3.0343, 3.06483, 3.09672, 3.15942, 3.15901, 3.19772, 3.18896, 3.22143, 3.32448, 3.36708, 3.41607, 3.45648, 3.10309, 3.42439, 3.42635, 3.42152, 3.4949, 3.50218, 3.52745, 3.51518, 3.56651, 3.30958, 3.62317, 3.16847, 3.64262, 3.64585, 3.67805, 3.69524, 3.71414, 3.7468, 3.78025, 3.79788, 3.80949, 3.85257, 3.90539, 3.9141, 3.95804, 4.01828, 4.08038, 4.12115, 4.15986, 4.19911, 4.28997, 4.3614, 4.44421, 4.50206, 4.59727, 4.81309, 4.88845, 4.95708, 5.153, 5.39755, 5.57893, 5.94844, 6.30862, 7.00316, 8.9154, 10.1714, 11.4308, 10.4626, 5.42211, 1.26717, 0.118507, 0.0191472, 0.00257439, -0.000806237, 0.0049975, 0.00447865, 0.00484913, 0.000129213, -0.00669647, -0.000895456, -0.0119636, -0.0591886, -0.00639006, 0.000362572, -0.0502085, -0.0659239, -0.0231354, -0.0192223, -0.00228677, 2.61745e-05, -0.00349667, -0.00708717, -0.00533627, -0.00410659, -0.01775, -0.0197388
0.0850841, 0.0849659, 0.0846418, 0.0892125, 0.0845923, 0.0855726, 0.0920471, 0.0920719, 0.0910291, 0.091945, 0.0929016, 0.0947826, 0.0947704, 0.0959317, 0.0956688, 0.0966428, 0.0997343, 0.101012, 0.102482, 0.103694, 0.0930926, 0.102732, 0.10279, 0.102646, 0.104847, 0.105065, 0.105824, 0.105455, 0.106995, 0.0992875, 0.108695, 0.0950541, 0.109279, 0.109375, 0.110342, 0.110857, 0.111424, 0.112404, 0.113408, 0.113936, 0.114285, 0.115577, 0.117162, 0.117423, 0.118741, 0.120548, 0.122411, 0.123634, 0.124796, 0.125973, 0.128699, 0.130842, 0.133326, 0.135062, 0.137918, 0.144393, 0.146654, 0.148712, 0.15459, 0.161926, 0.167368, 0.178453, 0.189258, 0.210095, 0.267462, 0.305143, 0.342925, 0.313879, 0.162663, 0.0380152, 0.0035552, 0.000574416, 7.72317e-05, 2.41871e-05, 0.000149925, 0.00013436, 0.000145474, 3.87639e-06, 0.000200894, 2.68637e-05, 0.000358909, 0.00177566, 0.000191702, 1.08771e-05, 0.00150626, 0.00197772, 0.000694062, 0.000576669, 6.8603e-05, 7.85234e-07, 0.0001049, 0.000212615, 0.000160088, 0.000123198, 0.0005325, 0.000592163
0, 0.613815, 1.22763, 1.84144, 2.45526, 3.06907, 3.68289, 4.2967, 4.91052, 5.52433, 6.13815, 6.75196, 7.36578, 7.97959, 8.59341, 9.20722, 9.82104, 10.4349, 11.0487, 11.6625, 12.2763, 12.8901, 13.5039, 14.1177, 14.7316, 15.3454, 15.9592, 16.573, 17.1868, 17.8006, 18.4144, 19.0283, 19.6421, 20.2559, 20.8697, 21.4835, 22.0973, 22.7111, 23.325, 23.9388, 24.5526, 25.1664, 25.7802, 26.394, 27.0078, 27.6217, 28.2355, 28.8493, 29.4631, 30.0769, 30.6907, 31.3046, 31.9184, 32.5322, 33.146, 33.7598, 34.3736, 34.9874, 35.6013, 36.2151, 36.8289, 37.4427, 38.0565, 38.6703, 39.2841, 39.898, 40.5118, 41.1256, 41.7394, 42.3532, 42.967, 43.5808, 44.1947, 44.8085, 45.4223, 46.0361, 46.6499, 47.2637, 47.8775, 48.4914, 49.1052, 49.719, 50.3328, 50.9466, 51.5604, 52.1743, 52.7881, 53.4019, 54.0157, 54.6295, 55.2433, 55.8571, 56.471, 57.0848, 57.6986, 58.3124, 58.9262, 59.54, 60.1538, 60.7677, 61.3815, 61.9953, 62.6091, 63.2229, 63.8367, 64.4505, 65.0644, 65.6782, 66.292, 66.9058, 67.5196, 68.1334, 68.7473, 69.3611, 69.9749, 70.5887, 71.2025, 71.8163, 72.4301, 73.044, 73.6578, 74.2716, 74.8854, 75.4992, 76.113, 76.7268, 77.3407, 77.9545, 78.5683, 79.1821, 79.7959, 80.4097, 81.0235, 81.6374, 82.2512, 82.865, 83.4788, 84.0926, 84.7064, 85.3202, 85.9341, 86.5479, 87.1617, 87.7755, 88.3893, 89.0031, 89.617, 90.2308, 90.8446, 91.4584, 92.0722, 92.686, 93.2998, 93.9137, 94.5275, 95.1413, 95.7551, 96.3689, 96.9827, 97.5965, 98.2104, 98.8242, 99.438, 100.052, 100.666, 101.279, 101.893, 102.507, 103.121, 103.735, 104.349, 104.962, 105.576, 106.19, 106.804, 107.418, 108.031, 108.645, 109.259, 109.873, 110.487, 111.1, 111.714, 112.328, 112.942, 113.556, 114.17, 114.783, 115.397, 116.011, 116.625, 117.239, 117.852, 118.466, 119.08, 119.694, 120.308, 120.922, 121.535, 122.149, 122.763, 123.377, 123.991, 124.604, 125.218, 125.832, 126.446, 127.06, 127.673, 128.287, 128.901, 129.515, 130.129, 130.743, 131.356, 131.97, 132.584, 133.198, 133.812, 134.425, 135.039, 135.653, 136.267, 136.881, 137.495, 138.108, 138.722, 139.336, 139.95, 140.564, 141.177, 141.791, 142.405, 143.019, 143.633, 144.246, 144.86, 145.474, 146.088, 146.702, 147.316, 147.929, 148.543, 149.157, 149.771, 150.385, 150.998, 151.612, 152.226, 152.84, 153.454, 154.068, 154.681, 155.295, 155.909, 156.523, 157.137, 157.75, 158.364, 158.978, 159.592, 160.206, 160.819, 161.433, 162.047, 162.661, 163.275, 163.889, 164.502, 165.116, 165.73, 166.344, 166.958, 167.571, 168.185, 168.799, 169.413, 170.027, 170.64, 171.254, 171.868, 172.482, 173.096, 173.71, 174.323, 174.937, 175.551, 176.165, 176.779, 177.392, 178.006, 178.62, 179.234, 179.848, 180.462, 181.075, 181.689, 182.303, 182.917, 183.531, 184.144, 184.758, 185.372, 185.986, 186.6, 187.213, 187.827, 188.441, 189.055, 189.669, 190.283, 190.896, 191.51, 192.124, 192.738, 193.352, 193.965, 194.579, 195.193, 195.807, 196.421, 197.035, 197.648, 198.262, 198.876, 199.49, 200.104, 200.717, 201.331, 201.945, 202.559, 203.173, 203.786, 204.4, 205.014, 205.628, 206.242, 206.856, 207.469, 208.083, 208.697, 209.311, 209.925, 210.538, 211.152, 211.766, 212.38, 212.994, 213.608, 214.221, 214.835, 215.449, 216.063, 216.677, 217.29, 217.904, 218.518, 219.132, 219.746, 220.359, 220.973, 221.587, 222.201, 222.815, 223.429, 224.042, 224.656, 225.27, 225.884, 226.498, 227.111, 227.725, 228.339, 228.953, 229.567, 230.181, 230.794, 231.408, 232.022, 232.636, 233.25, 233.863, 234.477, 235.091, 235.705, 236.319, 236.932, 237.546, 238.16, 238.774, 239.388, 240.002, 240.615, 241.229, 241.843, 242.457, 243.071, 243.684, 244.298, 244.912, 245.526, 246.14, 246.754, 247.367, 247.981, 248.595, 249.209, 249.823, 250.436, 251.05, 251.664, 252.278, 252.892, 253.505, 254.119, 254.733, 255.347, 255.961, 256.575, 257.188, 257.802, 258.416, 259.03, 259.644, 260.257, 260.871, 261.485, 262.099, 262.713, 263.327, 263.94, 264.554, 265.168, 265.782, 266.396, 267.009, 267.623, 268.237, 268.851, 269.465, 270.078, 270.692, 271.306, 271.92, 272.534, 273.148, 273.761, 274.375, 274.989, 275.603, 276.217, 276.83, 277.444, 278.058, 278.672, 279.286, 279.9, 280.513, 281.127, 281.741, 282.355, 282.969, 283.582, 284.196, 284.81, 285.424, 286.038, 286.651, 287.265, 287.879, 288.493, 289.107, 289.721, 290.334, 290.948, 291.562, 292.176, 292.79, 293.403, 294.017
3.14085, 3.14166, 3.14249, 3.14333, 3.14417, 3.14503, 3.14589, 3.14676, 3.14764, 3.14853, 3.14943, 3.15034, 3.15126, 3.15219, 3.15313, 3.15408, 3.15504, 3.15601, 3.15699, 3.15798, 3.15897, 3.15998, 3.161, 3.16203, 3.16307, 3.16413, 3.16519, 3.16626, 3.16735, 3.16844, 3.16955, 3.17067, 3.17179, 3.17294, 3.17409, 3.17525, 3.17643, 3.17761, 3.17881, 3.18002, 3.18125, 3.18248, 3.18373, 3.18499, 3.18626, 3.18755, 3.18885, 3.19016, 3.19149, 3.19282, 3.19418, 3.19554, 3.19692, 3.19831, 3.19972, 3.20114, 3.20257, 3.20402, 3.20548, 3.20696, 3.20845, 3.20995, 3.21148, 3.21301, 3.21456, 3.21613, 3.21771, 3.21931, 3.22092, 3.22255, 3.2242, 3.22586, 3.22754, 3.22923, 3.23094, 3.23267, 3.23442, 3.23618, 3.23796, 3.23976, 3.24157, 3.24341, 3.24526, 3.24713, 3.24902, 3.25092, 3.25285, 3.25479, 3.25676, 3.25874, 3.26075, 3.26277, 3.26481, 3.26688, 3.26896, 3.27106, 3.27319, 3.27534, 3.27751, 3.2797, 3.28191, 3.28414, 3.2864, 3.28868, 3.29098, 3.29331, 3.29566, 3.29803, 3.30042, 3.30284, 3.30529, 3.30776, 3.31025, 3.31277, 3.31532, 3.31789, 3.32049, 3.32311, 3.32577, 3.32844, 3.33115, 3.33388, 3.33665, 3.33944, 3.34225, 3.3451, 3.34798, 3.35089, 3.35383, 3.3568, 3.35979, 3.36283, 3.36589, 3.36898, 3.37211, 3.37527, 3.37846, 3.38169, 3.38495, 3.38825, 3.39158, 3.39495, 3.39835, 3.40179, 3.40527, 3.40879, 3.41234, 3.41593, 3.41956, 3.42323, 3.42694, 3.43069, 3.43448, 3.43832, 3.44219, 3.44611, 3.45008, 3.45408, 3.45814, 3.46223, 3.46638, 3.47057, 3.47481, 3.47909, 3.48343, 3.48781, 3.49225, 3.49673, 3.50127, 3.50586, 3.51051, 3.51521, 3.51996, 3.52477, 3.52964, 3.53456, 3.53954, 3.54458, 3.54969, 3.55485, 3.56008, 3.56537, 3.57072, 3.57614, 3.58163, 3.58718, 3.59281, 3.5985, 3.60426, 3.6101, 3.61601, 3.622, 3.62806, 3.6342, 3.64042, 3.64671, 3.65309, 3.65956, 3.66611, 3.67274, 3.67946, 3.68628, 3.69318, 3.70017, 3.70727, 3.71445, 3.72174, 3.72912, 3.73661, 3.7442, 3.7519, 3.75971, 3.76762, 3.77565, 3.7838, 3.79206, 3.80044, 3.80894, 3.81757, 3.82633, 3.83521, 3.84423, 3.85339, 3.86268, 3.87212, 3.8817, 3.89143, 3.90131, 3.91135, 3.92154, 3.9319, 3.94243, 3.95312, 3.96399, 3.97504, 3.98627, 3.99769, 4.0093, 4.02111, 4.03312, 4.04534, 4.05777, 4.07042, 4.08329, 4.09639, 4.10973, 4.12332, 4.13715, 4.15124, 4.16559, 4.18021, 4.19512, 4.21031, 4.2258, 4.24159, 4.25769, 4.27412, 4.29089, 4.308, 4.32546, 4.34329, 4.3615, 4.38011, 4.39912, 4.41854, 4.4384, 4.45871, 4.47949, 4.50074, 4.5225, 4.54477, 4.56758, 4.59095, 4.6149, 4.63945, 4.66463, 4.69047, 4.71698, 4.74421, 4.77218, 4.80092, 4.83047, 4.86087, 4.89215, 4.92436, 4.95754, 4.99175, 5.02703, 5.06344, 5.10103, 5.13989, 5.18007, 5.22165, 5.26471, 5.30935, 5.35565, 5.40373, 5.45371, 5.5057, 5.55986, 5.61633, 5.67529, 5.73694, 5.80148, 5.86916, 5.94026, 6.0151, 6.09401, 6.17742, 6.26581, 6.35975, 6.45989, 6.56704, 6.68212, 6.80624, 6.94069, 7.08697, 7.24674, 7.42181, 7.61397, 7.82485, 8.05561, 8.30657, 8.57672, 8.86318, 9.16061, 9.46079, 9.75226, 10.0203, 10.2475, 10.4144, 10.5009, 10.488, 10.3599, 10.1058, 9.72128, 9.20951, 8.58075, 7.85553, 7.0716, 6.2463, 5.40988, 4.59143, 3.81656, 3.10568, 2.47299, 1.92626, 1.46723, 1.09258, 0.795186, 0.56553, 0.392945, 0.266699, 0.176791, 0.114443, 0.0723365, 0.0446391, 0.0268917, 0.0158133, 0.00907576, 0.00508323, 0.00277792, 0.00148076, 0.00076942, 0.000389204, 0.000191043, 9.02488e-05, 4.0051e-05, 1.52097e-05, 4.12889e-06, 1.8368e-06, 7.96837e-07, 3.37064e-07, 1.39024e-07, 5.59117e-08, 2.19256e-08, 8.38369e-09, 3.12575e-09, 1.13634e-09, 4.02809e-10, 1.39227e-10, 4.6923e-11, 1.54199e-11, 4.94098e-12, 1.54376e-12, 4.70308e-13, 1.39708e-13, 4.04662e-14, 1.14288e-14, 3.14735e-15, 8.4513e-16, 2.21278e-16, 5.6492e-17, 1.40628e-17, 3.41344e-18, 8.07881e-19, 1.8644e-19, 4.19531e-20, 9.20504e-21, 1.96935e-21, 4.10822e-22, 8.35644e-23, 1.65739e-23, 3.20525e-24, 6.04414e-25, 1.11133e-25, 1.99245e-26, 3.4831e-27, 5.93717e-28, 9.86799e-29, 1.59924e-29, 2.52716e-30, 3.89393e-31, 5.85031e-32, 8.57046e-33, 1.22424e-33, 1.70514e-34, 2.31575e-35, 3.06661e-36, 3.95969e-37, 4.98537e-38, 6.12026e-39, 7.32617e-40, 8.55105e-41, 9.73189e-42, 1.07997e-42, 1.16858e-43, 1.23294e-44, 1.26841e-45, 1.27237e-46, 1.24452e-47, 1.18693e-48, 1.10379e-49, 1.00088e-50, 8.84931e-52, 7.62911e-53, 6.41319e-54, 5.25665e-55, 4.20125e-56, 3.27404e-57, 2.48785e-58, 1.84332e-59, 1.33171e-60, 9.38115e-62, 6.44372e-63, 4.31571e-64, 2.81841e-65, 1.79469e-66, 1.11432e-67, 6.74632e-69, 3.98252e-70, 2.29237e-71, 1.28661e-72, 7.04114e-74, 3.75729e-75, 1.95498e-76, 9.91844e-78, 4.9066e-79, 2.36675e-80, 1.11316e-81, 5.10506e-83, 2.28285e-84, 9.95383e-86, 4.23192e-87, 1.75436e-88, 7.09148e-90, 2.79505e-91, 1.07418e-92, 4.0253e-94, 1.47081e-95, 5.2402e-97, 1.82044e-98, 6.16648e-100, 2.03674e-101, 6.55944e-103, 2.05984e-104, 6.30719e-106, 1.8831e-107, 5.48208e-109, 1.55615e-110
3.14085, 3.14168, 3.14252, 3.14337, 3.14423, 3.1451, 3.14598, 3.14686, 3.14776, 3.14867, 3.14958, 3.15051, 3.15144, 3.15239, 3.15334, 3.1543, 3.15528, 3.15626, 3.15726, 3.15826, 3.15928, 3.1603, 3.16134, 3.16238, 3.16344, 3.16451, 3.16559, 3.16668, 3.16778, 3.16889, 3.17001, 3.17115, 3.17229, 3.17345, 3.17462, 3.1758, 3.17699, 3.1782, 3.17941, 3.18064, 3.18188, 3.18314, 3.1844, 3.18568, 3.18697, 3.18828, 3.18959, 3.19092, 3.19227, 3.19362, 3.19499, 3.19638, 3.19777, 3.19918, 3.20061, 3.20205, 3.2035, 3.20497, 3.20645, 3.20795, 3.20946, 3.21098, 3.21252, 3.21408, 3.21565, 3.21724, 3.21884, 3.22046, 3.2221, 3.22375, 3.22541, 3.2271, 3.22879, 3.23051, 3.23224, 3.23399, 3.23576, 3.23755, 3.23935, 3.24117, 3.24301, 3.24486, 3.24674, 3.24863, 3.25054, 3.25247, 3.25442, 3.25639, 3.25838, 3.26039, 3.26241, 3.26446, 3.26653, 3.26862, 3.27073, 3.27286, 3.27501, 3.27718, 3.27937, 3.28159, 3.28383, 3.28609, 3.28837, 3.29068, 3.29301, 3.29536, 3.29774, 3.30014, 3.30256, 3.30501, 3.30748, 3.30998, 3.3125, 3.31505, 3.31763, 3.32023, 3.32286, 3.32551, 3.32819, 3.3309, 3.33364, 3.3364, 3.3392, 3.34202, 3.34487, 3.34775, 3.35066, 3.3536, 3.35657, 3.35957, 3.36261, 3.36567, 3.36877, 3.3719, 3.37506, 3.37826, 3.38149, 3.38475, 3.38805, 3.39138, 3.39475, 3.39816, 3.4016, 3.40507, 3.40859, 3.41214, 3.41574, 3.41937, 3.42304, 3.42675, 3.4305, 3.43429, 3.43813, 3.442, 3.44592, 3.44988, 3.45389, 3.45794, 3.46204, 3.46618, 3.47037, 3.47461, 3.47889, 3.48323, 3.48761, 3.49204, 3.49652, 3.50106, 3.50565, 3.51029, 3.51498, 3.51974, 3.52454, 3.5294, 3.53432, 3.5393, 3.54434, 3.54944, 3.5546, 3.55982, 3.5651, 3.57045, 3.57586, 3.58134, 3.58689, 3.59251, 3.59819, 3.60395, 3.60978, 3.61568, 3.62166, 3.62771, 3.63384, 3.64005, 3.64633, 3.6527, 3.65916, 3.66569, 3.67231, 3.67902, 3.68582, 3.69271, 3.69969, 3.70677, 3.71394, 3.72121, 3.72858, 3.73605, 3.74362, 3.7513, 3.75908, 3.76698, 3.77499, 3.78311, 3.79135, 3.79971, 3.80819, 3.81679, 3.82552, 3.83438, 3.84337, 3.85249, 3.86176, 3.87116, 3.88071, 3.89041, 3.90025, 3.91025, 3.92041, 3.93073, 3.94121, 3.95186, 3.96269, 3.97369, 3.98488, 3.99625, 4.00781, 4.01956, 4.03152, 4.04368, 4.05605, 4.06863, 4.08144, 4.09448, 4.10775, 4.12126, 4.13502, 4.14903, 4.1633, 4.17784, 4.19266, 4.20775, 4.22315, 4.23884, 4.25484, 4.27116, 4.28782, 4.30481, 4.32215, 4.33985, 4.35793, 4.37639, 4.39526, 4.41453, 4.43423, 4.45437, 4.47497, 4.49604, 4.51761, 4.53968, 4.56228, 4.58543, 4.60914, 4.63345, 4.65838, 4.68394, 4.71017, 4.7371, 4.76475, 4.79315, 4.82235, 4.85237, 4.88326, 4.91505, 4.94779, 4.98152, 5.0163, 5.05218, 5.08921, 5.12745, 5.16699, 5.20787, 5.25019, 5.29403, 5.33949, 5.38665, 5.43563, 5.48655, 5.53955, 5.59476, 5.65235, 5.7125, 5.77541, 5.84129, 5.91041, 5.98304, 6.05951, 6.14019, 6.22552, 6.31598, 6.41219, 6.51482, 6.62472, 6.74288, 6.87049, 7.00893, 7.15985, 7.32507, 7.50664, 7.70663, 7.92701, 8.16935, 8.43439, 8.72156, 9.02838, 9.34982, 9.67777, 10.0006, 10.3033, 10.5673, 10.7721, 10.896, 10.9182, 10.8209, 10.5913, 10.2236, 9.7203, 9.0923, 8.35878, 7.5456, 6.68313, 5.80358, 4.9383, 4.11519, 3.35686, 2.67933, 2.09179, 1.59687, 1.19168, 0.869143, 0.619393, 0.431225, 0.293246, 0.194755, 0.126303, 0.0799751, 0.0494387, 0.0298337, 0.0175724, 0.0101017, 0.00566695, 0.00310182, 0.00165605, 0.000861939, 0.000436798, 0.000215015, 0.000101911, 4.55251e-05, 1.76106e-05, 5.03224e-06, 2.23626e-06, 9.70376e-07, 4.10575e-07, 1.69387e-07, 6.81404e-08, 2.67279e-08, 1.02225e-08, 3.81231e-09, 1.38629e-09, 4.91535e-10, 1.69938e-10, 5.72877e-11, 1.88308e-11, 6.03546e-12, 1.8862e-12, 5.74779e-13, 1.70785e-13, 4.94803e-14, 1.39782e-14, 3.85039e-15, 1.03418e-15, 2.70844e-16, 6.91639e-17, 1.72217e-17, 4.18124e-18, 9.89855e-19, 2.28493e-19, 5.14292e-20, 1.12871e-20, 2.4154e-21, 5.04001e-22, 1.02544e-22, 2.03433e-23, 3.93523e-24, 7.42256e-25, 1.36513e-25, 2.44809e-26, 4.28071e-27, 7.29862e-28, 1.21339e-28, 1.96696e-29, 3.10904e-30, 4.79172e-31, 7.20099e-32, 1.05518e-32, 1.50765e-33, 2.10042e-34, 2.8533e-35, 3.77941e-36, 4.88131e-37, 6.14729e-38, 7.54859e-39, 9.03824e-40, 1.0552e-40, 1.20122e-41, 1.33336e-42, 1.44313e-43, 1.523e-44, 1.56721e-45, 1.5725e-46, 1.53847e-47, 1.46766e-48, 1.36519e-49, 1.23822e-50, 1.09506e-51, 9.44304e-53, 7.94001e-54, 6.50978e-55, 5.2041e-56, 4.05659e-57, 3.08327e-58, 2.28505e-59, 1.65126e-60, 1.16351e-61, 7.99396e-63, 5.35534e-64, 3.49823e-65, 2.22815e-66, 1.3838e-67, 8.37992e-69, 4.94813e-70, 2.8489e-71, 1.59936e-72, 8.75494e-74, 4.67298e-75, 2.43204e-76, 1.23419e-77, 6.10699e-79, 2.94651e-80, 1.38619e-81, 6.3588e-83, 2.8442e-84, 1.24046e-85, 5.27519e-87, 2.1874e-88, 8.84412e-90, 3.48671e-91, 1.34033e-92, 5.02391e-94, 1.83615e-95, 6.54348e-97, 2.27376e-98, 7.70397e-100, 2.54519e-101, 8.199e-103, 2.57535e-104, 7.88763e-106, 2.35555e-107, 6.85917e-109, 1.94754e-110
207.20
175.85
 
MEASUREMENT 14
1.56305, 4.67879, 7.79453, 10.9103, 14.0312, 17.1469, 20.2679, 23.3784, 26.4796, 29.5859, 32.6913, 35.8071, 38.9228, 42.0385, 45.1595, 48.2752, 51.3909, 54.5067, 57.6224, 60.7381, 63.8435, 66.9593, 70.0698, 73.1752, 76.2806, 79.3859, 82.4913, 85.5967, 88.7021, 91.8074, 94.9128, 98.0182, 101.1, 104.148, 107.196, 110.244, 113.292, 116.339, 119.387, 122.435, 125.483, 128.531, 131.574, 134.622, 137.67, 140.718, 143.766, 146.814, 149.861, 152.909, 155.957, 159.005, 162.053, 165.101, 168.149, 171.197, 174.245, 177.293, 180.341, 183.389, 186.436, 189.484, 192.532, 195.58, 198.621, 201.655, 204.688, 207.722, 210.756, 213.794, 216.838, 219.882, 222.926, 225.97, 229.014, 232.058, 235.102, 238.145, 241.189, 244.233, 247.277, 250.321, 253.37, 256.424, 259.478, 262.532, 265.586, 268.64, 271.695, 274.749, 277.803, 280.857, 283.911, 286.97, 290.035, 293.099
2.84237, 2.83722, 2.81847, 2.97375, 2.81888, 2.85698, 3.0668, 3.06918, 3.03403, 3.05811, 3.09236, 3.15691, 3.15779, 3.20009, 3.19774, 3.22377, 3.32903, 3.36135, 3.40377, 3.45065, 3.11622, 3.41612, 3.43289, 3.41646, 3.50062, 3.50339, 3.52527, 3.51391, 3.56611, 3.3133, 3.62162, 3.17075, 3.64083, 3.64621, 3.67977, 3.6953, 3.71345, 3.74163, 3.78189, 3.79842, 3.80619, 3.85281, 3.90611, 3.91055, 3.95336, 4.01926, 4.07942, 4.11733, 4.15609, 4.19743, 4.2792, 4.35507, 4.44592, 4.50243, 4.59656, 4.81414, 4.8862, 4.95354, 5.14891, 5.39731, 5.58318, 5.94731, 6.29583, 6.97527, 8.91015, 10.1638, 11.4242, 10.4607, 5.39383, 1.26335, 0.114249, 0.0155724, 0.00415799, -0.000618491, 0.0031258, 0.0037445, 0.00107247, 0.000512791, -0.00533358, -0.00280841, -0.0086084, -0.0570471, -0.00252655, -0.00149753, -0.0459724, -0.0606561, -0.020267, -0.0186761, -0.00105427, 0.00061624, -0.00496714, -0.00636194, -0.00605755, -0.00185845, -0.0165844, -0.021751
0.085271, 0.0851167, 0.084554, 0.0892126, 0.0845665, 0.0857093, 0.0920041, 0.0920755, 0.091021, 0.0917432, 0.0927707, 0.0947072, 0.0947337, 0.0960027, 0.0959322, 0.0967132, 0.0998709, 0.100841, 0.102113, 0.10352, 0.0934866, 0.102484, 0.102987, 0.102494, 0.105019, 0.105102, 0.105758, 0.105417, 0.106983, 0.0993991, 0.108649, 0.0951225, 0.109225, 0.109386, 0.110393, 0.110859, 0.111403, 0.112249, 0.113457, 0.113953, 0.114186, 0.115584, 0.117183, 0.117316, 0.118601, 0.120578, 0.122383, 0.12352, 0.124683, 0.125923, 0.128376, 0.130652, 0.133378, 0.135073, 0.137897, 0.144424, 0.146586, 0.148606, 0.154467, 0.161919, 0.167496, 0.178419, 0.188875, 0.209258, 0.267304, 0.304915, 0.342725, 0.313821, 0.161815, 0.0379004, 0.00342746, 0.000467172, 0.00012474, 1.85547e-05, 9.3774e-05, 0.000112335, 3.21742e-05, 1.53837e-05, 0.000160007, 8.42523e-05, 0.000258252, 0.00171141, 7.57966e-05, 4.4926e-05, 0.00137917, 0.00181968, 0.00060801, 0.000560284, 3.16282e-05, 1.84872e-05, 0.000149014, 0.000190858, 0.000181726, 5.57535e-05, 0.000497531, 0.000652531
0, 0.613815, 1.22763, 1.84144, 2.45526, 3.06907, 3.68289, 4.2967, 4.91052, 5.52433, 6.13815, 6.75196, 7.36578, 7.97959, 8.59341, 9.20722, 9.82104, 10.4349, 11.0487, 11.6625, 12.2763, 12.8901, 13.5039, 14.1177, 14.7316, 15.3454, 15.9592, 16.573, 17.1868, 17.8006, 18.4144, 19.0283, 19.6421, 20.2559, 20.8697, 21.4835, 22.0973, 22.7111, 23.325, 23.9388, 24.5526, 25.1664, 25.7802, 26.394, 27.0078, 27.6217, 28.2355, 28.8493, 29.4631, 30.0769, 30.6907, 31.3046, 31.9184, 32.5322, 33.146, 33.7598, 34.3736, 34.9874, 35.6013, 36.2151, 36.8289, 37.4427, 38.0565, 38.6703, 39.2841, 39.898, 40.5118, 41.1256, 41.7394, 42.3532, 42.967, 43.5808, 44.1947, 44.8085, 45.4223, 46.0361, 46.6499, 47.2637, 47.8775, 48.4914, 49.1052, 49.719, 50.3328, 50.9466, 51.5604, 52.1743, 52.7881, 53.4019, 54.0157, 54.6295, 55.2433, 55.8571, 56.471, 57.0848, 57.6986, 58.3124, 58.9262, 59.54, 60.1538, 60.7677, 61.3815, 61.9953, 62.6091, 63.2229, 63.8367, 64.4505, 65.0644, 65.6782, 66.292, 66.9058, 67.5196, 68.1334, 68.7473, 69.3611, 69.9749, 70.5887, 71.2025, 71.8163, 72.4301, 73.044, 73.6578, 74.2716, 74.8854, 75.4992, 76.113, 76.7268, 77.3407, 77.9545, 78.5683, 79.1821, 79.7959, 80.4097, 81.0235, 81.6374, 82.2512, 82.865, 83.4788, 84.0926, 84.7064, 85.3202, 85.9341, 86.5479, 87.1617, 87.7755, 88.3893, 89.0031, 89.617, 90.2308, 90.8446, 91.4584, 92.0722, 92.686, 93.2998, 93.9137, 94.5275, 95.1413, 95.7551, 96.3689, 96.9827, 97.5965, 98.2104, 98.8242, 99.438, 100.052, 100.666, 101.279, 101.893, 102.507, 103.121, 103.735, 104.349, 104.962, 105.576, 106.19, 106.804, 107.418, 108.031, 108.645, 109.259, 109.873, 110.487, 111.1, 111.714, 112.328, 112.942, 113.556, 114.17, 114.783, 115.397, 116.011, 116.625, 117.239, 117.852, 118.466, 119.08, 119.694, 120.308, 120.922, 121.535, 122.149, 122.763, 123.377, 123.991, 124.604, 125.218, 125.832, 126.446, 127.06, 127.673, 128.287, 128.901, 129.515, 130.129, 130.743, 131.356, 131.97, 132.584, 133.198, 133.812, 134.425, 135.039, 135.653, 136.267, 136.881, 137.495, 138.108, 138.722, 139.336, 139.95, 140.564, 141.177, 141.791, 142.405, 143.019, 143.633, 144.246, 144.86, 145.474, 146.088, 146.702, 147.316, 147.929, 148.543, 149.157, 149.771, 150.385, 150.998, 151.612, 152.226, 152.84, 153.454, 154.068, 154.681, 155.295, 155.909, 156.523, 157.137, 157.75, 158.364, 158.978, 159.592, 160.206, 160.819, 161.433, 162.047, 162.661, 163.275, 163.889, 164.502, 165.116, 165.73, 166.344, 166.958, 167.571, 168.185, 168.799, 169.413, 170.027, 170.64, 171.254, 171.868, 172.482, 173.096, 173.71, 174.323, 174.937, 175.551, 176.165, 176.779, 177.392, 178.006, 178.62, 179.234, 179.848, 180.462, 181.075, 181.689, 182.303, 182.917, 183.531, 184.144, 184.758, 185.372, 185.986, 186.6, 187.213, 187.827, 188.441, 189.055, 189.669, 190.283, 190.896, 191.51, 192.124, 192.738, 193.352, 193.965, 194.579, 195.193, 195.807, 196.421, 197.035, 197.648, 198.262, 198.876, 199.49, 200.104, 200.717, 201.331, 201.945, 202.559, 203.173, 203.786, 204.4, 205.014, 205.628, 206.242, 206.856, 207.469, 208.083, 208.697, 209.311, 209.925, 210.538, 211.152, 211.766, 212.38, 212.994, 213.608, 214.221, 214.835, 215.449, 216.063, 216.677, 217.29, 217.904, 218.518, 219.132, 219.746, 220.359, 220.973, 221.587, 222.201, 222.815, 223.429, 224.042, 224.656, 225.27, 225.884, 226.498, 227.111, 227.725, 228.339, 228.953, 229.567, 230.181, 230.794, 231.408, 232.022, 232.636, 233.25, 233.863, 234.477, 235.091, 235.705, 236.319, 236.932, 237.546, 238.16, 238.774, 239.388, 240.002, 240.615, 241.229, 241.843, 242.457, 243.071, 243.684, 244.298, 244.912, 245.526, 246.14, 246.754, 247.367, 247.981, 248.595, 249.209, 249.823, 250.436, 251.05, 251.664, 252.278, 252.892, 253.505, 254.119, 254.733, 255.347, 255.961, 256.575, 257.188, 257.802, 258.416, 259.03, 259.644, 260.257, 260.871, 261.485, 262.099, 262.713, 263.327, 263.94, 264.554, 265.168, 265.782, 266.396, 267.009, 267.623, 268.237, 268.851, 269.465, 270.078, 270.692, 271.306, 271.92, 272.534, 273.148, 273.761, 274.375, 274.989, 275.603, 276.217, 276.83, 277.444, 278.058, 278.672, 279.286, 279.9, 280.513, 281.127, 281.741, 282.355, 282.969, 283.582, 284.196, 284.81, 285.424, 286.038, 286.651, 287.265, 287.879, 288.493, 289.107, 289.721, 290.334, 290.948, 291.562, 292.176, 292.79, 293.403, 294.017
3.14813, 3.14894, 3.14976, 3.15059, 3.15143, 3.15228, 3.15314, 3.154, 3.15488, 3.15577, 3.15666, 3.15756, 3.15848, 3.1594, 3.16033, 3.16128, 3.16223, 3.16319, 3.16416, 3.16515, 3.16614, 3.16714, 3.16816, 3.16918, 3.17022, 3.17126, 3.17232, 3.17338, 3.17446, 3.17555, 3.17665, 3.17776, 3.17888, 3.18002, 3.18116, 3.18232, 3.18349, 3.18467, 3.18586, 3.18706, 3.18828, 3.18951, 3.19075, 3.192, 3.19327, 3.19454, 3.19584, 3.19714, 3.19846, 3.19979, 3.20113, 3.20249, 3.20386, 3.20524, 3.20664, 3.20805, 3.20948, 3.21092, 3.21237, 3.21384, 3.21532, 3.21682, 3.21833, 3.21986, 3.2214, 3.22296, 3.22453, 3.22612, 3.22772, 3.22934, 3.23098, 3.23263, 3.2343, 3.23598, 3.23769, 3.2394, 3.24114, 3.24289, 3.24466, 3.24645, 3.24825, 3.25008, 3.25192, 3.25378, 3.25565, 3.25755, 3.25946, 3.2614, 3.26335, 3.26532, 3.26731, 3.26932, 3.27136, 3.27341, 3.27548, 3.27757, 3.27968, 3.28182, 3.28397, 3.28615, 3.28835, 3.29057, 3.29282, 3.29508, 3.29737, 3.29968, 3.30202, 3.30437, 3.30676, 3.30916, 3.31159, 3.31405, 3.31653, 3.31903, 3.32156, 3.32412, 3.3267, 3.32931, 3.33194, 3.3346, 3.33729, 3.34001, 3.34275, 3.34553, 3.34833, 3.35116, 3.35402, 3.35691, 3.35983, 3.36278, 3.36576, 3.36877, 3.37181, 3.37489, 3.37799, 3.38113, 3.38431, 3.38751, 3.39076, 3.39403, 3.39734, 3.40069, 3.40407, 3.40748, 3.41094, 3.41443, 3.41796, 3.42153, 3.42513, 3.42878, 3.43246, 3.43619, 3.43995, 3.44376, 3.44761, 3.4515, 3.45544, 3.45942, 3.46344, 3.46751, 3.47162, 3.47578, 3.47999, 3.48425, 3.48855, 3.4929, 3.49731, 3.50176, 3.50626, 3.51082, 3.51543, 3.52009, 3.52481, 3.52958, 3.53441, 3.5393, 3.54424, 3.54925, 3.55431, 3.55943, 3.56462, 3.56987, 3.57518, 3.58056, 3.586, 3.59151, 3.59708, 3.60273, 3.60845, 3.61424, 3.6201, 3.62603, 3.63204, 3.63813, 3.64429, 3.65054, 3.65686, 3.66327, 3.66976, 3.67634, 3.683, 3.68975, 3.69659, 3.70352, 3.71055, 3.71767, 3.72489, 3.7322, 3.73962, 3.74714, 3.75476, 3.76249, 3.77033, 3.77828, 3.78634, 3.79452, 3.80282, 3.81124, 3.81978, 3.82844, 3.83724, 3.84616, 3.85522, 3.86441, 3.87375, 3.88322, 3.89284, 3.90262, 3.91254, 3.92262, 3.93286, 3.94326, 3.95383, 3.96457, 3.97549, 3.98659, 3.99787, 4.00933, 4.021, 4.03286, 4.04492, 4.05719, 4.06967, 4.08238, 4.09531, 4.10847, 4.12187, 4.13551, 4.1494, 4.16355, 4.17797, 4.19265, 4.20762, 4.22288, 4.23843, 4.25429, 4.27047, 4.28697, 4.30381, 4.32099, 4.33853, 4.35644, 4.37473, 4.39342, 4.41251, 4.43202, 4.45196, 4.47236, 4.49322, 4.51457, 4.53642, 4.55879, 4.58169, 4.60516, 4.62921, 4.65387, 4.67915, 4.7051, 4.73172, 4.75906, 4.78714, 4.816, 4.84566, 4.87618, 4.90758, 4.93992, 4.97322, 5.00756, 5.04296, 5.0795, 5.11723, 5.15622, 5.19653, 5.23824, 5.28143, 5.3262, 5.37263, 5.42083, 5.47092, 5.52303, 5.57728, 5.63385, 5.69288, 5.75458, 5.81916, 5.88684, 5.95789, 6.03261, 6.11135, 6.1945, 6.28252, 6.37592, 6.47533, 6.5815, 6.69531, 6.81782, 6.95031, 7.09431, 7.25161, 7.42427, 7.61456, 7.82483, 8.05727, 8.31347, 8.59392, 8.89727, 9.21951, 9.55312, 9.8864, 10.2031, 10.4827, 10.701, 10.8323, 10.8512, 10.7359, 10.4707, 10.049, 9.4745, 8.76071, 7.93886, 7.04934, 6.12128, 5.1937, 4.30266, 3.47818, 2.74211, 2.10732, 1.57802, 1.151, 0.817493, 0.565226, 0.380352, 0.249049, 0.158649, 0.0983048, 0.0592422, 0.0347175, 0.0197821, 0.0109584, 0.00590071, 0.00308786, 0.00156982, 0.000774736, 0.000370537, 0.00017099, 7.51925e-05, 3.02219e-05, 8.87168e-06, 2.94591e-06, 1.21104e-06, 4.83485e-07, 1.87434e-07, 7.05597e-08, 2.57932e-08, 9.15581e-09, 3.15594e-09, 1.05634e-09, 3.43335e-10, 1.08362e-10, 3.32104e-11, 9.88359e-12, 2.85625e-12, 8.0153e-13, 2.18416e-13, 5.77952e-14, 1.48505e-14, 3.70535e-15, 8.97761e-16, 2.11219e-16, 4.82556e-17, 1.07054e-17, 2.30622e-18, 4.82435e-19, 9.79985e-20, 1.93304e-20, 3.70258e-21, 6.88667e-22, 1.24381e-22, 2.18144e-23, 3.71511e-24, 6.14388e-25, 9.86631e-26, 1.53854e-26, 2.32972e-27, 3.42562e-28, 4.89122e-29, 6.78167e-30, 9.13056e-31, 1.19371e-31, 1.51545e-32, 1.86822e-33, 2.23642e-34, 2.59969e-35, 2.93447e-36, 3.21648e-37, 3.42352e-38, 3.53839e-39, 3.55124e-40, 3.46095e-41, 3.27531e-42, 3.00989e-43, 2.68591e-44, 2.3274e-45, 1.95837e-46, 1.60014e-47, 1.26959e-48, 9.78158e-50, 7.31807e-51, 5.3165e-52, 3.75056e-53, 2.56925e-54, 1.70907e-55, 1.10396e-56, 6.9245e-58, 4.21759e-59, 2.49449e-60, 1.43265e-61, 7.9899e-63, 4.32696e-64, 2.27544e-65, 1.16195e-66, 5.76174e-68, 2.77434e-69, 1.2972e-70, 5.88972e-72, 2.59672e-73, 1.11172e-74, 4.62175e-76, 1.86578e-77, 7.31398e-79, 2.78413e-80, 1.02912e-81, 3.69388e-83, 1.28748e-84, 4.35754e-86, 1.43213e-87, 4.5705e-89, 1.4164e-90, 4.26236e-92, 1.24553e-93, 3.53429e-95, 9.73843e-97, 2.60566e-98, 6.76996e-100, 1.70803e-101, 4.18454e-103, 9.95497e-105, 2.29971e-106, 5.15879e-108, 1.12373e-109, 2.37695e-111, 4.88221e-113, 9.73767e-115, 1.88597e-116, 3.54694e-118, 6.47762e-120, 1.14873e-121, 1.97816e-123, 3.30784e-125, 5.37118e-127
3.14813, 3.14895, 3.14979, 3.15064, 3.15149, 3.15235, 3.15322, 3.15411, 3.155, 3.1559, 3.15681, 3.15773, 3.15866, 3.15959, 3.16054, 3.1615, 3.16247, 3.16345, 3.16443, 3.16543, 3.16644, 3.16746, 3.16849, 3.16953, 3.17058, 3.17164, 3.17271, 3.1738, 3.17489, 3.176, 3.17711, 3.17824, 3.17938, 3.18053, 3.18169, 3.18287, 3.18405, 3.18525, 3.18646, 3.18768, 3.18891, 3.19016, 3.19142, 3.19269, 3.19397, 3.19527, 3.19658, 3.1979, 3.19924, 3.20058, 3.20195, 3.20332, 3.20471, 3.20611, 3.20753, 3.20896, 3.21041, 3.21186, 3.21334, 3.21483, 3.21633, 3.21785, 3.21938, 3.22093, 3.22249, 3.22407, 3.22566, 3.22727, 3.22889, 3.23053, 3.23219, 3.23386, 3.23555, 3.23726, 3.23898, 3.24072, 3.24248, 3.24426, 3.24605, 3.24786, 3.24968, 3.25153, 3.25339, 3.25527, 3.25718, 3.25909, 3.26103, 3.26299, 3.26497, 3.26696, 3.26898, 3.27101, 3.27307, 3.27515, 3.27724, 3.27936, 3.2815, 3.28366, 3.28584, 3.28804, 3.29027, 3.29252, 3.29479, 3.29708, 3.29939, 3.30173, 3.30409, 3.30648, 3.30889, 3.31132, 3.31378, 3.31626, 3.31877, 3.32131, 3.32387, 3.32645, 3.32906, 3.3317, 3.33437, 3.33706, 3.33978, 3.34253, 3.3453, 3.34811, 3.35094, 3.3538, 3.35669, 3.35962, 3.36257, 3.36555, 3.36856, 3.37161, 3.37469, 3.3778, 3.38094, 3.38411, 3.38732, 3.39056, 3.39384, 3.39715, 3.4005, 3.40388, 3.4073, 3.41076, 3.41425, 3.41778, 3.42135, 3.42495, 3.4286, 3.43229, 3.43601, 3.43978, 3.44358, 3.44743, 3.45133, 3.45526, 3.45924, 3.46326, 3.46733, 3.47144, 3.4756, 3.47981, 3.48406, 3.48837, 3.49272, 3.49712, 3.50157, 3.50607, 3.51063, 3.51523, 3.51989, 3.52461, 3.52938, 3.5342, 3.53909, 3.54403, 3.54903, 3.55408, 3.5592, 3.56438, 3.56963, 3.57493, 3.5803, 3.58574, 3.59124, 3.59681, 3.60245, 3.60816, 3.61394, 3.61979, 3.62572, 3.63172, 3.6378, 3.64395, 3.65019, 3.6565, 3.6629, 3.66938, 3.67594, 3.68259, 3.68933, 3.69616, 3.70307, 3.71009, 3.71719, 3.72439, 3.73169, 3.73909, 3.74659, 3.7542, 3.76191, 3.76973, 3.77766, 3.7857, 3.79386, 3.80213, 3.81052, 3.81904, 3.82768, 3.83645, 3.84534, 3.85437, 3.86354, 3.87284, 3.88229, 3.89188, 3.90161, 3.9115, 3.92155, 3.93175, 3.94211, 3.95264, 3.96334, 3.97421, 3.98526, 3.99649, 4.00791, 4.01952, 4.03133, 4.04334, 4.05555, 4.06798, 4.08062, 4.09348, 4.10658, 4.1199, 4.13347, 4.14729, 4.16136, 4.1757, 4.1903, 4.20518, 4.22035, 4.23581, 4.25157, 4.26764, 4.28403, 4.30076, 4.31783, 4.33524, 4.35302, 4.37118, 4.38972, 4.40867, 4.42803, 4.44781, 4.46804, 4.48873, 4.5099, 4.53155, 4.55372, 4.57642, 4.59966, 4.62348, 4.64789, 4.67292, 4.69859, 4.72493, 4.75197, 4.77973, 4.80826, 4.83757, 4.86771, 4.89872, 4.93064, 4.9635, 4.99736, 5.03227, 5.06828, 5.10544, 5.14382, 5.18349, 5.22451, 5.26697, 5.31094, 5.35652, 5.40381, 5.45292, 5.50396, 5.55707, 5.61239, 5.67007, 5.73029, 5.79325, 5.85916, 5.92827, 6.00085, 6.07721, 6.1577, 6.24275, 6.33281, 6.42844, 6.53028, 6.63913, 6.7559, 6.88173, 7.01798, 7.16629, 7.3286, 7.5072, 7.70463, 7.9236, 8.16672, 8.43612, 8.73287, 9.05619, 9.40259, 9.76492, 10.1316, 10.4859, 10.8066, 11.0682, 11.2428, 11.3028, 11.2237, 10.9874, 10.5852, 10.0194, 9.30486, 8.46737, 7.54182, 6.5686, 5.5895, 4.64367, 3.76414, 2.97544, 2.29252, 1.72097, 1.25829, 0.895786, 0.620761, 0.41864, 0.274703, 0.175353, 0.108873, 0.0657395, 0.0385984, 0.0220342, 0.012228, 0.00659609, 0.00345781, 0.00176099, 0.000870686, 0.000417278, 0.000193174, 8.5308e-05, 3.4621e-05, 1.055e-05, 3.59273e-06, 1.4754e-06, 5.89199e-07, 2.28485e-07, 8.60386e-08, 3.14609e-08, 1.1171e-08, 3.8517e-09, 1.2896e-09, 4.19276e-10, 1.32369e-10, 4.05801e-11, 1.20804e-11, 3.49215e-12, 9.8027e-13, 2.67202e-13, 7.07253e-14, 1.81782e-14, 4.53702e-15, 1.09959e-15, 2.58781e-16, 5.91392e-17, 1.31238e-17, 2.82804e-18, 5.91771e-19, 1.20244e-19, 2.37254e-20, 4.54575e-21, 8.45745e-22, 1.52797e-22, 2.68059e-23, 4.56656e-24, 7.55419e-25, 1.21347e-25, 1.89283e-26, 2.86705e-27, 4.21696e-28, 6.02291e-29, 8.35322e-30, 1.12498e-30, 1.47121e-31, 1.8683e-32, 2.30388e-33, 2.75876e-34, 3.20782e-35, 3.62199e-36, 3.97124e-37, 4.22811e-38, 4.37127e-39, 4.38844e-40, 4.27814e-41, 4.04986e-42, 3.72277e-43, 3.32303e-44, 2.88034e-45, 2.42434e-46, 1.98146e-47, 1.5726e-48, 1.21197e-49, 9.07002e-51, 6.59121e-52, 4.65118e-53, 3.18715e-54, 2.12071e-55, 1.37026e-56, 8.59738e-58, 5.23806e-59, 3.09896e-60, 1.78033e-61, 9.93182e-63, 5.38019e-64, 2.83013e-65, 1.44563e-66, 7.17051e-68, 3.45369e-69, 1.61531e-70, 7.33622e-72, 3.23541e-73, 1.38556e-74, 5.76189e-76, 2.32672e-77, 9.12358e-79, 3.47398e-80, 1.28449e-81, 4.61184e-83, 1.6079e-84, 5.44358e-86, 1.78958e-87, 5.71294e-89, 1.77096e-90, 5.33088e-92, 1.55822e-93, 4.42284e-95, 1.21903e-96, 3.26263e-98, 8.47936e-100, 2.13993e-101, 5.24416e-103, 1.24794e-104, 2.88371e-106, 6.47071e-108, 1.40991e-109, 2.98314e-111, 6.12909e-113, 1.22281e-114, 2.36899e-116, 4.45664e-118, 8.1413e-120, 1.44418e-121, 2.48764e-123, 4.16098e-125, 6.75842e-127
207.70
176.10
 
MEASUREMENT 15
1.56305, 4.67879, 7.79453, 10.9103, 14.0312, 17.1469, 20.2679, 23.3784, 26.4796, 29.5859, 32.6913, 35.8071, 38.9228, 42.0385, 45.1595, 48.2752, 51.3909, 54.5067, 57.6224, 60.7381, 63.8435, 66.9593, 70.0698, 73.1752, 76.2806, 79.3859, 82.4913, 85.5967, 88.7021, 91.8074, 94.9128, 98.0182, 101.1, 104.148, 107.196, 110.244, 113.292, 116.339, 119.387, 122.435, 125.483, 128.531, 131.574, 134.622, 137.67, 140.718, 143.766, 146.814, 149.861, 152.909, 155.957, 159.005, 162.053, 165.101, 168.149, 171.197, 174.245, 177.293, 180.341, 183.389, 186.436, 189.484, 192.532, 195.58, 198.621, 201.655, 204.688, 207.722, 210.756, 213.794, 216.838, 219.882, 222.926, 225.97, 229.014, 232.058, 235.102, 238.145, 241.189, 244.233, 247.277, 250.321, 253.37, 256.424, 259.478, 262.532, 265.586, 268.64, 271.695, 274.749, 277.803, 280.857, 283.911, 286.97, 290.035, 293.099
2.83951, 2.83882, 2.82501, 2.97734, 2.82191, 2.85441, 3.0842, 3.07152, 3.0326, 3.06594, 3.09743, 3.16437, 3.1626, 3.20248, 3.19835, 3.22823, 3.32981, 3.37062, 3.41945, 3.45519, 3.10682, 3.41698, 3.43206, 3.43171, 3.49975, 3.5081, 3.5372, 3.52288, 3.57074, 3.31296, 3.6277, 3.168, 3.64869, 3.65265, 3.68063, 3.69959, 3.71821, 3.75339, 3.78474, 3.79964, 3.81371, 3.85611, 3.91305, 3.91505, 3.96361, 4.02398, 4.0871, 4.12258, 4.16597, 4.2042, 4.29076, 4.36346, 4.44857, 4.51031, 4.59749, 4.82063, 4.89791, 4.96376, 5.16168, 5.40494, 5.59082, 5.9568, 6.31786, 7.02027, 8.93087, 10.1838, 11.4449, 10.4774, 5.41162, 1.26833, 0.113063, 0.0153916, 0.00292029, -0.00144109, 0.00517965, 0.0060238, 0.00176341, 0.00153415, -0.00751079, 0.00068769, -0.00948358, -0.0531099, -0.00278166, -0.00466578, -0.0422519, -0.0555806, -0.0192835, -0.0188265, -0.00352468, -0.00164626, -0.00428605, -0.00862403, -0.00334632, -0.00424994, -0.0140268, -0.0236728
0.0851853, 0.0851645, 0.0847504, 0.0893203, 0.0846574, 0.0856322, 0.0925261, 0.0921455, 0.0909781, 0.0919782, 0.0929229, 0.0949312, 0.0948781, 0.0960744, 0.0959505, 0.0968468, 0.0998942, 0.101119, 0.102583, 0.103656, 0.0932047, 0.102509, 0.102962, 0.102951, 0.104993, 0.105243, 0.106116, 0.105686, 0.107122, 0.0993889, 0.108831, 0.09504, 0.109461, 0.10958, 0.110419, 0.110988, 0.111546, 0.112602, 0.113542, 0.113989, 0.114411, 0.115683, 0.117392, 0.117451, 0.118908, 0.12072, 0.122613, 0.123677, 0.124979, 0.126126, 0.128723, 0.130904, 0.133457, 0.135309, 0.137925, 0.144619, 0.146937, 0.148913, 0.15485, 0.162148, 0.167725, 0.178704, 0.189536, 0.210608, 0.267926, 0.305513, 0.343347, 0.314323, 0.162349, 0.03805, 0.00339188, 0.000461748, 8.76087e-05, 4.32328e-05, 0.00015539, 0.000180714, 5.29023e-05, 4.60245e-05, 0.000225324, 2.06307e-05, 0.000284507, 0.0015933, 8.34497e-05, 0.000139973, 0.00126756, 0.00166742, 0.000578505, 0.000564795, 0.000105741, 4.93879e-05, 0.000128581, 0.000258721, 0.00010039, 0.000127498, 0.000420804, 0.000710185
0, 0.613815, 1.22763, 1.84144, 2.45526, 3.06907, 3.68289, 4.2967, 4.91052, 5.52433, 6.13815, 6.75196, 7.36578, 7.97959, 8.59341, 9.20722, 9.82104, 10.4349, 11.0487, 11.6625, 12.2763, 12.8901, 13.5039, 14.1177, 14.7316, 15.3454, 15.9592, 16.573, 17.1868, 17.8006, 18.4144, 19.0283, 19.6421, 20.2559, 20.8697, 21.4835, 22.0973, 22.7111, 23.325, 23.9388, 24.5526, 25.1664, 25.7802, 26.394, 27.0078, 27.6217, 28.2355, 28.8493, 29.4631, 30.0769, 30.6907, 31.3046, 31.9184, 32.5322, 33.146, 33.7598, 34.3736, 34.9874, 35.6013, 36.2151, 36.8289, 37.4427, 38.0565, 38.6703, 39.2841, 39.898, 40.5118, 41.1256, 41.7394, 42.3532, 42.967, 43.5808, 44.1947, 44.8085, 45.4223, 46.0361, 46.6499, 47.2637, 47.8775, 48.4914, 49.1052, 49.719, 50.3328, 50.9466, 51.5604, 52.1743, 52.7881, 53.4019, 54.0157, 54.6295, 55.2433, 55.8571, 56.471, 57.0848, 57.6986, 58.3124, 58.9262, 59.54, 60.1538, 60.7677, 61.3815, 61.9953, 62.6091, 63.2229, 63.8367, 64.4505, 65.0644, 65.6782, 66.292, 66.9058, 67.5196, 68.1334, 68.7473, 69.3611, 69.9749, 70.5887, 71.2025, 71.8163, 72.4301, 73.044, 73.6578, 74.2716, 74.8854, 75.4992, 76.113, 76.7268, 77.3407, 77.9545, 78.5683, 79.1821, 79.7959, 80.4097, 81.0235, 81.6374, 82.2512, 82.865, 83.4788, 84.0926, 84.7064, 85.3202, 85.9341, 86.5479, 87.1617, 87.7755, 88.3893, 89.0031, 89.617, 90.2308, 90.8446, 91.4584, 92.0722, 92.686, 93.2998, 93.9137, 94.5275, 95.1413, 95.7551, 96.3689, 96.9827, 97.5965, 98.2104, 98.8242, 99.438, 100.052, 100.666, 101.279, 101.893, 102.507, 103.121, 103.735, 104.349, 104.962, 105.576, 106.19, 106.804, 107.418, 108.031, 108.645, 109.259, 109.873, 110.487, 111.1, 111.714, 112.328, 112.942, 113.556, 114.17, 114.783, 115.397, 116.011, 116.625, 117.239, 117.852, 118.466, 119.08, 119.694, 120.308, 120.922, 121.535, 122.149, 122.763, 123.377, 123.991, 124.604, 125.218, 125.832, 126.446, 127.06, 127.673, 128.287, 128.901, 129.515, 130.129, 130.743, 131.356, 131.97, 132.584, 133.198, 133.812, 134.425, 135.039, 135.653, 136.267, 136.881, 137.495, 138.108, 138.722, 139.336, 139.95, 140.564, 141.177, 141.791, 142.405, 143.019, 143.633, 144.246, 144.86, 145.474, 146.088, 146.702, 147.316, 147.929, 148.543, 149.157, 149.771, 150.385, 150.998, 151.612, 152.226, 152.84, 153.454, 154.068, 154.681, 155.295, 155.909, 156.523, 157.137, 157.75, 158.364, 158.978, 159.592, 160.206, 160.819, 161.433, 162.047, 162.661, 163.275, 163.889, 164.502, 165.116, 165.73, 166.344, 166.958, 167.571, 168.185, 168.799, 169.413, 170.027, 170.64, 171.254, 171.868, 172.482, 173.096, 173.71, 174.323, 174.937, 175.551, 176.165, 176.779, 177.392, 178.006, 178.62, 179.234, 179.848, 180.462, 181.075, 181.689, 182.303, 182.917, 183.531, 184.144, 184.758, 185.372, 185.986, 186.6, 187.213, 187.827, 188.441, 189.055, 189.669, 190.283, 190.896, 191.51, 192.124, 192.738, 193.352, 193.965, 194.579, 195.193, 195.807, 196.421, 197.035, 197.648, 198.262, 198.876, 199.49, 200.104, 200.717, 201.331, 201.945, 202.559, 203.173, 203.786, 204.4, 205.014, 205.628, 206.242, 206.856, 207.469, 208.083, 208.697, 209.311, 209.925, 210.538, 211.152, 211.766, 212.38, 212.994, 213.608, 214.221, 214.835, 215.449, 216.063, 216.677, 217.29, 217.904, 218.518, 219.132, 219.746, 220.359, 220.973, 221.587, 222.201, 222.815, 223.429, 224.042, 224.656, 225.27, 225.884, 226.498, 227.111, 227.725, 228.339, 228.953, 229.567, 230.181, 230.794, 231.408, 232.022, 232.636, 233.25, 233.863, 234.477, 235.091, 235.705, 236.319, 236.932, 237.546, 238.16, 238.774, 239.388, 240.002, 240.615, 241.229, 241.843, 242.457, 243.071, 243.684, 244.298, 244.912, 245.526, 246.14, 246.754, 247.367, 247.981, 248.595, 249.209, 249.823, 250.436, 251.05, 251.664, 252.278, 252.892, 253.505, 254.119, 254.733, 255.347, 255.961, 256.575, 257.188, 257.802, 258.416, 259.03, 259.644, 260.257, 260.871, 261.485, 262.099, 262.713, 263.327, 263.94, 264.554, 265.168, 265.782, 266.396, 267.009, 267.623, 268.237, 268.851, 269.465, 270.078, 270.692, 271.306, 271.92, 272.534, 273.148, 273.761, 274.375, 274.989, 275.603, 276.217, 276.83, 277.444, 278.058, 278.672, 279.286, 279.9, 280.513, 281.127, 281.741, 282.355, 282.969, 283.582, 284.196, 284.81, 285.424, 286.038, 286.651, 287.265, 287.879, 288.493, 289.107, 289.721, 290.334, 290.948, 291.562, 292.176, 292.79, 293.403, 294.017
3.14767, 3.14848, 3.14931, 3.15015, 3.15099, 3.15184, 3.15271, 3.15358, 3.15446, 3.15535, 3.15625, 3.15716, 3.15808, 3.15901, 3.15995, 3.16089, 3.16185, 3.16282, 3.1638, 3.16479, 3.16579, 3.16679, 3.16781, 3.16884, 3.16988, 3.17094, 3.172, 3.17307, 3.17415, 3.17525, 3.17635, 3.17747, 3.1786, 3.17974, 3.18089, 3.18206, 3.18323, 3.18442, 3.18562, 3.18683, 3.18805, 3.18928, 3.19053, 3.19179, 3.19307, 3.19435, 3.19565, 3.19696, 3.19828, 3.19962, 3.20097, 3.20234, 3.20371, 3.20511, 3.20651, 3.20793, 3.20936, 3.21081, 3.21227, 3.21375, 3.21524, 3.21675, 3.21827, 3.2198, 3.22135, 3.22292, 3.2245, 3.2261, 3.22771, 3.22934, 3.23099, 3.23265, 3.23432, 3.23602, 3.23773, 3.23946, 3.2412, 3.24296, 3.24474, 3.24654, 3.24835, 3.25019, 3.25204, 3.25391, 3.25579, 3.2577, 3.25963, 3.26157, 3.26353, 3.26552, 3.26752, 3.26954, 3.27158, 3.27365, 3.27573, 3.27784, 3.27996, 3.28211, 3.28427, 3.28646, 3.28868, 3.29091, 3.29316, 3.29544, 3.29774, 3.30007, 3.30242, 3.30479, 3.30718, 3.3096, 3.31205, 3.31452, 3.31701, 3.31953, 3.32207, 3.32464, 3.32724, 3.32986, 3.33251, 3.33519, 3.3379, 3.34063, 3.34339, 3.34618, 3.34899, 3.35184, 3.35472, 3.35762, 3.36056, 3.36353, 3.36653, 3.36955, 3.37262, 3.37571, 3.37883, 3.38199, 3.38519, 3.38841, 3.39167, 3.39497, 3.3983, 3.40166, 3.40506, 3.4085, 3.41198, 3.41549, 3.41904, 3.42263, 3.42626, 3.42992, 3.43363, 3.43738, 3.44117, 3.445, 3.44887, 3.45279, 3.45675, 3.46076, 3.4648, 3.4689, 3.47304, 3.47723, 3.48146, 3.48574, 3.49008, 3.49446, 3.49889, 3.50337, 3.50791, 3.51249, 3.51713, 3.52183, 3.52658, 3.53138, 3.53624, 3.54116, 3.54614, 3.55118, 3.55628, 3.56143, 3.56666, 3.57194, 3.57729, 3.5827, 3.58818, 3.59373, 3.59935, 3.60504, 3.61079, 3.61662, 3.62253, 3.62851, 3.63456, 3.64069, 3.6469, 3.65319, 3.65957, 3.66602, 3.67256, 3.67919, 3.6859, 3.6927, 3.6996, 3.70658, 3.71366, 3.72084, 3.72811, 3.73549, 3.74296, 3.75054, 3.75823, 3.76602, 3.77393, 3.78194, 3.79007, 3.79832, 3.80669, 3.81518, 3.82379, 3.83253, 3.8414, 3.8504, 3.85954, 3.86881, 3.87823, 3.88779, 3.8975, 3.90736, 3.91738, 3.92755, 3.93789, 3.94839, 3.95906, 3.96991, 3.98093, 3.99213, 4.00353, 4.01511, 4.02689, 4.03887, 4.05105, 4.06345, 4.07607, 4.0889, 4.10197, 4.11527, 4.12882, 4.14261, 4.15665, 4.17096, 4.18554, 4.2004, 4.21554, 4.23098, 4.24671, 4.26276, 4.27914, 4.29584, 4.31289, 4.33029, 4.34805, 4.36619, 4.38472, 4.40365, 4.423, 4.44277, 4.463, 4.48368, 4.50484, 4.52649, 4.54866, 4.57136, 4.59461, 4.61844, 4.64286, 4.66791, 4.6936, 4.71997, 4.74704, 4.77484, 4.80341, 4.83278, 4.86298, 4.89405, 4.92604, 4.959, 4.99295, 5.02797, 5.0641, 5.1014, 5.13994, 5.17978, 5.221, 5.26367, 5.30789, 5.35374, 5.40134, 5.45079, 5.50221, 5.55575, 5.61155, 5.66978, 5.73062, 5.79428, 5.86098, 5.931, 6.00461, 6.08217, 6.16405, 6.2507, 6.34264, 6.44049, 6.54497, 6.65695, 6.77747, 6.90775, 7.04924, 7.20361, 7.37273, 7.5586, 7.76324, 7.98837, 8.23515, 8.50363, 8.79219, 9.09686, 9.41069, 9.72324, 10.0203, 10.2841, 10.494, 10.6277, 10.6634, 10.5815, 10.3674, 10.0132, 9.51947, 8.89537, 8.15677, 7.34988, 6.49148, 5.61524, 4.75397, 3.93686, 3.18728, 2.52158, 1.94865, 1.47046, 1.08318, 0.778678, 0.546168, 0.373693, 0.24937, 0.162273, 0.102957, 0.0636818, 0.0383951, 0.0225625, 0.0129212, 0.00721052, 0.00392023, 0.002076, 0.00107031, 0.000536693, 0.000261127, 0.000122538, 5.45164e-05, 2.16441e-05, 5.34286e-06, 2.33219e-06, 9.91142e-07, 4.10045e-07, 1.65139e-07, 6.47431e-08, 2.47093e-08, 9.1802e-09, 3.32022e-09, 1.16898e-09, 4.00654e-10, 1.33677e-10, 4.34178e-11, 1.37279e-11, 4.22534e-12, 1.26603e-12, 3.69277e-13, 1.04853e-13, 2.89826e-14, 7.79859e-15, 2.04277e-15, 5.20889e-16, 1.29299e-16, 3.12442e-17, 7.34967e-18, 1.68302e-18, 3.75177e-19, 8.14153e-20, 1.71989e-20, 3.53686e-21, 7.08042e-22, 1.37983e-22, 2.61766e-23, 4.83423e-24, 8.69088e-25, 1.52098e-25, 2.59125e-26, 4.29752e-27, 6.93826e-28, 1.09045e-28, 1.66835e-29, 2.4848e-30, 3.60262e-31, 5.08475e-32, 6.98627e-33, 9.34425e-34, 1.21665e-34, 1.54211e-35, 1.90276e-36, 2.28549e-37, 2.67237e-38, 3.04186e-39, 3.37058e-40, 3.63575e-41, 3.81775e-42, 3.90251e-43, 3.88334e-44, 3.76175e-45, 3.5473e-46, 3.25634e-47, 2.90995e-48, 2.53142e-49, 2.14372e-50, 1.76724e-51, 1.41823e-52, 1.10795e-53, 8.42592e-55, 6.23791e-56, 4.49557e-57, 3.15394e-58, 2.154e-59, 1.43207e-60, 9.26836e-62, 5.83938e-63, 3.58141e-64, 2.13828e-65, 1.2428e-66, 7.03166e-68, 3.87293e-69, 2.07657e-70, 1.08386e-71, 5.50716e-73, 2.72398e-74, 1.31161e-75, 6.14792e-77, 2.80528e-78, 1.24608e-79, 5.38817e-81, 2.26809e-82, 9.29397e-84, 3.70737e-85, 1.43964e-86, 5.44212e-88, 2.00264e-89, 7.17403e-91, 2.50177e-92, 8.49284e-94, 2.80662e-95, 9.02895e-97, 2.82758e-98, 8.62016e-100, 2.55823e-101, 7.39073e-103, 2.07854e-104, 5.69054e-106, 1.5166e-107, 3.93472e-109, 9.93755e-111, 2.44325e-112, 5.84764e-114, 1.36244e-115, 3.09012e-117
3.14767, 3.1485, 3.14934, 3.15019, 3.15105, 3.15192, 3.15279, 3.15368, 3.15458, 3.15548, 3.1564, 3.15732, 3.15826, 3.1592, 3.16015, 3.16112, 3.16209, 3.16307, 3.16407, 3.16507, 3.16609, 3.16711, 3.16815, 3.16919, 3.17025, 3.17132, 3.1724, 3.17348, 3.17459, 3.1757, 3.17682, 3.17795, 3.1791, 3.18026, 3.18142, 3.1826, 3.1838, 3.185, 3.18622, 3.18744, 3.18869, 3.18994, 3.1912, 3.19248, 3.19377, 3.19508, 3.19639, 3.19772, 3.19906, 3.20042, 3.20179, 3.20317, 3.20457, 3.20598, 3.20741, 3.20884, 3.2103, 3.21176, 3.21324, 3.21474, 3.21625, 3.21778, 3.21932, 3.22087, 3.22244, 3.22403, 3.22563, 3.22725, 3.22888, 3.23053, 3.2322, 3.23388, 3.23558, 3.2373, 3.23903, 3.24078, 3.24255, 3.24433, 3.24613, 3.24795, 3.24979, 3.25164, 3.25352, 3.25541, 3.25732, 3.25925, 3.2612, 3.26317, 3.26516, 3.26716, 3.26919, 3.27124, 3.2733, 3.27539, 3.2775, 3.27963, 3.28178, 3.28395, 3.28614, 3.28836, 3.2906, 3.29286, 3.29514, 3.29744, 3.29977, 3.30212, 3.3045, 3.3069, 3.30932, 3.31177, 3.31424, 3.31674, 3.31926, 3.32181, 3.32438, 3.32698, 3.32961, 3.33226, 3.33494, 3.33765, 3.34039, 3.34315, 3.34594, 3.34876, 3.35161, 3.35449, 3.3574, 3.36034, 3.36331, 3.36631, 3.36934, 3.3724, 3.3755, 3.37863, 3.38179, 3.38498, 3.38821, 3.39147, 3.39477, 3.3981, 3.40147, 3.40487, 3.40831, 3.41178, 3.4153, 3.41885, 3.42244, 3.42607, 3.42974, 3.43344, 3.43719, 3.44098, 3.44481, 3.44869, 3.4526, 3.45656, 3.46057, 3.46462, 3.46871, 3.47285, 3.47704, 3.48127, 3.48555, 3.48988, 3.49426, 3.49869, 3.50317, 3.5077, 3.51228, 3.51692, 3.52161, 3.52636, 3.53116, 3.53602, 3.54093, 3.54591, 3.55094, 3.55603, 3.56119, 3.5664, 3.57168, 3.57703, 3.58243, 3.58791, 3.59345, 3.59906, 3.60474, 3.61049, 3.61631, 3.62221, 3.62818, 3.63422, 3.64034, 3.64654, 3.65282, 3.65918, 3.66563, 3.67216, 3.67877, 3.68547, 3.69226, 3.69914, 3.70611, 3.71318, 3.72034, 3.72759, 3.73495, 3.74241, 3.74997, 3.75764, 3.76541, 3.7733, 3.78129, 3.7894, 3.79763, 3.80597, 3.81443, 3.82302, 3.83173, 3.84058, 3.84955, 3.85866, 3.86791, 3.87729, 3.88682, 3.8965, 3.90632, 3.9163, 3.92644, 3.93674, 3.9472, 3.95782, 3.96863, 3.9796, 3.99076, 4.0021, 4.01364, 4.02536, 4.03729, 4.04942, 4.06176, 4.07431, 4.08708, 4.10008, 4.11332, 4.12679, 4.14051, 4.15448, 4.1687, 4.1832, 4.19797, 4.21302, 4.22836, 4.244, 4.25995, 4.27622, 4.29281, 4.30974, 4.32702, 4.34466, 4.36267, 4.38106, 4.39984, 4.41904, 4.43866, 4.45871, 4.47922, 4.5002, 4.52167, 4.54364, 4.56613, 4.58916, 4.61276, 4.63695, 4.66174, 4.68717, 4.71325, 4.74003, 4.76752, 4.79576, 4.82477, 4.85461, 4.8853, 4.91687, 4.94939, 4.98289, 5.01741, 5.05302, 5.08976, 5.12771, 5.16691, 5.20746, 5.2494, 5.29285, 5.33787, 5.38457, 5.43305, 5.48343, 5.53585, 5.59042, 5.64732, 5.70672, 5.76879, 5.83377, 5.90187, 5.97338, 6.0486, 6.12788, 6.21162, 6.30028, 6.3944, 6.49464, 6.60176, 6.71667, 6.84046, 6.97446, 7.12023, 7.27959, 7.45462, 7.64759, 7.86082, 8.09647, 8.35613, 8.64035, 8.948, 9.27554, 9.61629, 9.95985, 10.2917, 10.5934, 10.8431, 11.017, 11.0912, 11.044, 10.8585, 10.5251, 10.043, 9.42149, 8.67933, 7.84364, 6.94739, 6.02636, 5.11586, 4.24769, 3.44772, 2.73437, 2.11817, 1.6021, 1.18281, 0.852167, 0.598984, 0.410677, 0.2746, 0.179039, 0.11381, 0.0705252, 0.0425977, 0.0250762, 0.0143854, 0.00804112, 0.00437906, 0.00232282, 0.00119959, 0.000602601, 0.000293815, 0.000138355, 6.18733e-05, 2.48863e-05, 6.5171e-06, 2.83982e-06, 1.2072e-06, 4.99567e-07, 2.01247e-07, 7.89208e-08, 3.01284e-08, 1.11966e-08, 4.05059e-09, 1.42651e-09, 4.89054e-10, 1.63215e-10, 5.30262e-11, 1.67704e-11, 5.16321e-12, 1.54746e-12, 4.51487e-13, 1.28231e-13, 3.54541e-14, 9.54252e-15, 2.50025e-15, 6.37717e-16, 1.58342e-16, 3.82726e-17, 9.00542e-18, 2.06274e-18, 4.59947e-19, 9.9838e-20, 2.10963e-20, 4.33953e-21, 8.68965e-22, 1.69389e-22, 3.21434e-23, 5.93777e-24, 1.06777e-24, 1.8692e-25, 3.18536e-26, 5.28428e-27, 8.53366e-28, 1.34156e-28, 2.05309e-29, 3.05864e-30, 4.43582e-31, 6.26243e-32, 8.60669e-33, 1.15147e-33, 1.49966e-34, 1.90133e-35, 2.34664e-36, 2.81941e-37, 3.29756e-38, 3.7545e-39, 4.16136e-40, 4.48996e-41, 4.71599e-42, 4.822e-43, 4.7996e-44, 4.65058e-45, 4.38664e-46, 4.02792e-47, 3.60043e-48, 3.13293e-49, 2.65382e-50, 2.18834e-51, 1.75664e-52, 1.37269e-53, 1.04421e-54, 7.73262e-56, 5.57428e-57, 3.91179e-58, 2.6723e-59, 1.77712e-60, 1.15047e-61, 7.25028e-63, 4.44794e-64, 2.65636e-65, 1.54432e-66, 8.74002e-68, 4.81516e-69, 2.58246e-70, 1.34828e-71, 6.85248e-73, 3.39032e-74, 1.63289e-75, 7.65591e-77, 3.4943e-78, 1.55256e-79, 6.71518e-81, 2.82743e-82, 1.15891e-83, 4.62413e-85, 1.79612e-86, 6.79146e-88, 2.49985e-89, 8.95756e-91, 3.12456e-92, 1.06099e-93, 3.50717e-95, 1.12856e-96, 3.53523e-98, 1.07804e-99, 3.20017e-101, 9.24776e-103, 2.60149e-104, 7.12414e-106, 1.89918e-107, 4.92859e-109, 1.2451e-110, 3.06201e-112, 7.33049e-114, 1.70838e-115, 3.87576e-117
207.35
175.92
 
MEASUREMENT 16
1.56305, 4.67879, 7.79453, 10.9103, 14.0312, 17.1469, 20.2679, 23.3784, 26.4796, 29.5859, 32.6913, 35.8071, 38.9228, 42.0385, 45.1595, 48.2752, 51.3909, 54.5067, 57.6224, 60.7381, 63.8435, 66.9593, 70.0698, 73.1752, 76.2806, 79.3859, 82.4913, 85.5967, 88.7021, 91.8074, 94.9128, 98.0182, 101.1, 104.148, 107.196, 110.244, 113.292, 116.339, 119.387, 122.435, 125.483, 128.531, 131.574, 134.622, 137.67, 140.718, 143.766, 146.814, 149.861, 152.909, 155.957, 159.005, 162.053, 165.101, 168.149, 171.197, 174.245, 177.293, 180.341, 183.389, 186.436, 189.484, 192.532, 195.58, 198.621, 201.655, 204.688, 207.722, 210.756, 213.794, 216.838, 219.882, 222.926, 225.97, 229.014, 232.058, 235.102, 238.145, 241.189, 244.233, 247.277, 250.321, 253.37, 256.424, 259.478, 262.532, 265.586, 268.64, 271.695, 274.749, 277.803, 280.857, 283.911, 286.97, 290.035, 293.099
2.83673, 2.83558, 2.82139, 2.97281, 2.82273, 2.85363, 3.05591, 3.06548, 3.03558, 3.06664, 3.09331, 3.1598, 3.15904, 3.19984, 3.18903, 3.22658, 3.32094, 3.36672, 3.42136, 3.45054, 3.11037, 3.42445, 3.42194, 3.42584, 3.48932, 3.501, 3.52018, 3.51694, 3.5648, 3.31346, 3.6222, 3.17147, 3.64106, 3.64616, 3.67575, 3.69255, 3.71183, 3.74553, 3.77988, 3.7971, 3.81334, 3.85324, 3.90681, 3.91066, 3.96254, 4.02208, 4.07863, 4.11845, 4.16205, 4.19536, 4.2892, 4.35496, 4.44248, 4.50433, 4.59971, 4.81334, 4.88573, 4.95671, 5.14415, 5.39285, 5.57296, 5.94577, 6.30142, 7.01129, 8.91465, 10.1647, 11.4229, 10.4584, 5.39592, 1.25747, 0.115556, 0.017403, -0.00097513, -0.00261264, 0.00376485, 0.00397834, 0.000492574, 0.00224428, -0.00443469, -0.000315425, -0.0102279, -0.0497237, 0.000143129, -0.0026612, -0.03963, -0.0533373, -0.0174858, -0.0175016, -0.00125935, -0.000156767, -0.0056655, -0.0064201, -0.00694059, -0.004263, -0.0155194, -0.0241425
0.0851019, 0.0850675, 0.0846417, 0.0891844, 0.0846819, 0.0856088, 0.0916773, 0.0919645, 0.0910673, 0.0919993, 0.0927993, 0.0947939, 0.0947713, 0.0959953, 0.095671, 0.0967974, 0.0996281, 0.101002, 0.102641, 0.103516, 0.0933112, 0.102734, 0.102658, 0.102775, 0.10468, 0.10503, 0.105605, 0.105508, 0.106944, 0.0994039, 0.108666, 0.0951441, 0.109232, 0.109385, 0.110272, 0.110776, 0.111355, 0.112366, 0.113396, 0.113913, 0.1144, 0.115597, 0.117204, 0.11732, 0.118876, 0.120662, 0.122359, 0.123554, 0.124862, 0.125861, 0.128676, 0.130649, 0.133274, 0.13513, 0.137991, 0.1444, 0.146572, 0.148701, 0.154324, 0.161785, 0.167189, 0.178373, 0.189043, 0.210339, 0.26744, 0.304941, 0.342687, 0.313751, 0.161878, 0.0377241, 0.00346668, 0.000522089, 2.92539e-05, 7.83793e-05, 0.000112946, 0.00011935, 1.47772e-05, 6.73285e-05, 0.000133041, 9.46274e-06, 0.000306837, 0.00149171, 4.29386e-06, 7.98359e-05, 0.0011889, 0.00160012, 0.000524573, 0.000525047, 3.77804e-05, 4.703e-06, 0.000169965, 0.000192603, 0.000208218, 0.00012789, 0.000465581, 0.000724274
0, 0.613815, 1.22763, 1.84144, 2.45526, 3.06907, 3.68289, 4.2967, 4.91052, 5.52433, 6.13815, 6.75196, 7.36578, 7.97959, 8.59341, 9.20722, 9.82104, 10.4349, 11.0487, 11.6625, 12.2763, 12.8901, 13.5039, 14.1177, 14.7316, 15.3454, 15.9592, 16.573, 17.1868, 17.8006, 18.4144, 19.0283, 19.6421, 20.2559, 20.8697, 21.4835, 22.0973, 22.7111, 23.325, 23.9388, 24.5526, 25.1664, 25.7802, 26.394, 27.0078, 27.6217, 28.2355, 28.8493, 29.4631, 30.0769, 30.6907, 31.3046, 31.9184, 32.5322, 33.146, 33.7598, 34.3736, 34.9874, 35.6013, 36.2151, 36.8289, 37.4427, 38.0565, 38.6703, 39.2841, 39.898, 40.5118, 41.1256, 41.7394, 42.3532, 42.967, 43.5808, 44.1947, 44.8085, 45.4223, 46.0361, 46.6499, 47.2637, 47.8775, 48.4914, 49.1052, 49.719, 50.3328, 50.9466, 51.5604, 52.1743, 52.7881, 53.4019, 54.0157, 54.6295, 55.2433, 55.8571, 56.471, 57.0848, 57.6986, 58.3124, 58.9262, 59.54, 60.1538, 60.7677, 61.3815, 61.9953, 62.6091, 63.2229, 63.8367, 64.4505, 65.0644, 65.6782, 66.292, 66.9058, 67.5196, 68.1334, 68.7473, 69.3611, 69.9749, 70.5887, 71.2025, 71.8163, 72.4301, 73.044, 73.6578, 74.2716, 74.8854, 75.4992, 76.113, 76.7268, 77.3407, 77.9545, 78.5683, 79.1821, 79.7959, 80.4097, 81.0235, 81.6374, 82.2512, 82.865, 83.4788, 84.0926, 84.7064, 85.3202, 85.9341, 86.5479, 87.1617, 87.7755, 88.3893, 89.0031, 89.617, 90.2308, 90.8446, 91.4584, 92.0722, 92.686, 93.2998, 93.9137, 94.5275, 95.1413, 95.7551, 96.3689, 96.9827, 97.5965, 98.2104, 98.8242, 99.438, 100.052, 100.666, 101.279, 101.893, 102.507, 103.121, 103.735, 104.349, 104.962, 105.576, 106.19, 106.804, 107.418, 108.031, 108.645, 109.259, 109.873, 110.487, 111.1, 111.714, 112.328, 112.942, 113.556, 114.17, 114.783, 115.397, 116.011, 116.625, 117.239, 117.852, 118.466, 119.08, 119.694, 120.308, 120.922, 121.535, 122.149, 122.763, 123.377, 123.991, 124.604, 125.218, 125.832, 126.446, 127.06, 127.673, 128.287, 128.901, 129.515, 130.129, 130.743, 131.356, 131.97, 132.584, 133.198, 133.812, 134.425, 135.039, 135.653, 136.267, 136.881, 137.495, 138.108, 138.722, 139.336, 139.95, 140.564, 141.177, 141.791, 142.405, 143.019, 143.633, 144.246, 144.86, 145.474, 146.088, 146.702, 147.316, 147.929, 148.543, 149.157, 149.771, 150.385, 150.998, 151.612, 152.226, 152.84, 153.454, 154.068, 154.681, 155.295, 155.909, 156.523, 157.137, 157.75, 158.364, 158.978, 159.592, 160.206, 160.819, 161.433, 162.047, 162.661, 163.275, 163.889, 164.502, 165.116, 165.73, 166.344, 166.958, 167.571, 168.185, 168.799, 169.413, 170.027, 170.64, 171.254, 171.868, 172.482, 173.096, 173.71, 174.323, 174.937, 175.551, 176.165, 176.779, 177.392, 178.006, 178.62, 179.234, 179.848, 180.462, 181.075, 181.689, 182.303, 182.917, 183.531, 184.144, 184.758, 185.372, 185.986, 186.6, 187.213, 187.827, 188.441, 189.055, 189.669, 190.283, 190.896, 191.51, 192.124, 192.738, 193.352, 193.965, 194.579, 195.193, 195.807, 196.421, 197.035, 197.648, 198.262, 198.876, 199.49, 200.104, 200.717, 201.331, 201.945, 202.559, 203.173, 203.786, 204.4, 205.014, 205.628, 206.242, 206.856, 207.469, 208.083, 208.697, 209.311, 209.925, 210.538, 211.152, 211.766, 212.38, 212.994, 213.608, 214.221, 214.835, 215.449, 216.063, 216.677, 217.29, 217.904, 218.518, 219.132, 219.746, 220.359, 220.973, 221.587, 222.201, 222.815, 223.429, 224.042, 224.656, 225.27, 225.884, 226.498, 227.111, 227.725, 228.339, 228.953, 229.567, 230.181, 230.794, 231.408, 232.022, 232.636, 233.25, 233.863, 234.477, 235.091, 235.705, 236.319, 236.932, 237.546, 238.16, 238.774, 239.388, 240.002, 240.615, 241.229, 241.843, 242.457, 243.071, 243.684, 244.298, 244.912, 245.526, 246.14, 246.754, 247.367, 247.981, 248.595, 249.209, 249.823, 250.436, 251.05, 251.664, 252.278, 252.892, 253.505, 254.119, 254.733, 255.347, 255.961, 256.575, 257.188, 257.802, 258.416, 259.03, 259.644, 260.257, 260.871, 261.485, 262.099, 262.713, 263.327, 263.94, 264.554, 265.168, 265.782, 266.396, 267.009, 267.623, 268.237, 268.851, 269.465, 270.078, 270.692, 271.306, 271.92, 272.534, 273.148, 273.761, 274.375, 274.989, 275.603, 276.217, 276.83, 277.444, 278.058, 278.672, 279.286, 279.9, 280.513, 281.127, 281.741, 282.355, 282.969, 283.582, 284.196, 284.81, 285.424, 286.038, 286.651, 287.265, 287.879, 288.493, 289.107, 289.721, 290.334, 290.948, 291.562, 292.176, 292.79, 293.403, 294.017
3.15954, 3.16034, 3.16115, 3.16196, 3.16279, 3.16362, 3.16447, 3.16532, 3.16618, 3.16705, 3.16793, 3.16882, 3.16972, 3.17063, 3.17155, 3.17248, 3.17342, 3.17436, 3.17532, 3.17629, 3.17727, 3.17826, 3.17925, 3.18026, 3.18128, 3.18231, 3.18335, 3.1844, 3.18546, 3.18653, 3.18762, 3.18871, 3.18982, 3.19093, 3.19206, 3.1932, 3.19435, 3.19551, 3.19669, 3.19787, 3.19907, 3.20028, 3.20151, 3.20274, 3.20399, 3.20525, 3.20652, 3.2078, 3.2091, 3.21041, 3.21174, 3.21307, 3.21442, 3.21579, 3.21716, 3.21856, 3.21996, 3.22138, 3.22281, 3.22426, 3.22572, 3.22719, 3.22869, 3.23019, 3.23171, 3.23325, 3.2348, 3.23636, 3.23794, 3.23954, 3.24115, 3.24278, 3.24442, 3.24608, 3.24776, 3.24945, 3.25116, 3.25289, 3.25463, 3.2564, 3.25817, 3.25997, 3.26178, 3.26362, 3.26547, 3.26733, 3.26922, 3.27113, 3.27305, 3.27499, 3.27696, 3.27894, 3.28094, 3.28296, 3.285, 3.28706, 3.28915, 3.29125, 3.29337, 3.29552, 3.29769, 3.29987, 3.30208, 3.30432, 3.30657, 3.30885, 3.31115, 3.31347, 3.31582, 3.31819, 3.32058, 3.323, 3.32544, 3.32791, 3.3304, 3.33292, 3.33546, 3.33803, 3.34062, 3.34324, 3.34589, 3.34857, 3.35127, 3.354, 3.35676, 3.35955, 3.36236, 3.36521, 3.36808, 3.37098, 3.37392, 3.37688, 3.37988, 3.3829, 3.38596, 3.38905, 3.39217, 3.39533, 3.39852, 3.40174, 3.405, 3.40829, 3.41162, 3.41498, 3.41838, 3.42181, 3.42528, 3.42879, 3.43234, 3.43592, 3.43954, 3.44321, 3.44691, 3.45065, 3.45444, 3.45826, 3.46213, 3.46604, 3.47, 3.474, 3.47804, 3.48213, 3.48626, 3.49045, 3.49467, 3.49895, 3.50328, 3.50765, 3.51207, 3.51655, 3.52108, 3.52565, 3.53029, 3.53497, 3.53971, 3.54451, 3.54936, 3.55427, 3.55924, 3.56427, 3.56936, 3.5745, 3.57972, 3.58499, 3.59033, 3.59573, 3.6012, 3.60673, 3.61234, 3.61801, 3.62376, 3.62957, 3.63546, 3.64143, 3.64747, 3.65358, 3.65978, 3.66605, 3.67241, 3.67884, 3.68537, 3.69197, 3.69867, 3.70545, 3.71232, 3.71929, 3.72635, 3.7335, 3.74075, 3.7481, 3.75556, 3.76311, 3.77077, 3.77854, 3.78641, 3.7944, 3.8025, 3.81072, 3.81905, 3.82751, 3.83609, 3.8448, 3.85363, 3.86259, 3.87169, 3.88093, 3.89031, 3.89983, 3.90949, 3.91931, 3.92928, 3.9394, 3.94969, 3.96014, 3.97076, 3.98155, 3.99251, 4.00366, 4.01499, 4.02651, 4.03822, 4.05013, 4.06224, 4.07457, 4.08711, 4.09986, 4.11285, 4.12606, 4.13952, 4.15322, 4.16717, 4.18137, 4.19585, 4.2106, 4.22562, 4.24094, 4.25656, 4.27248, 4.28872, 4.30528, 4.32218, 4.33943, 4.35704, 4.37501, 4.39336, 4.41211, 4.43127, 4.45085, 4.47086, 4.49132, 4.51225, 4.53366, 4.55558, 4.57801, 4.60098, 4.62452, 4.64863, 4.67335, 4.6987, 4.7247, 4.75138, 4.77878, 4.80691, 4.83582, 4.86553, 4.89609, 4.92754, 4.95991, 4.99324, 5.0276, 5.06302, 5.09956, 5.13729, 5.17626, 5.21654, 5.2582, 5.30134, 5.34602, 5.39234, 5.44041, 5.49034, 5.54224, 5.59625, 5.65251, 5.7112, 5.77247, 5.83654, 5.90361, 5.97394, 6.0478, 6.12549, 6.20738, 6.29387, 6.3854, 6.48252, 6.58585, 6.69613, 6.81421, 6.94116, 7.07826, 7.2271, 7.38966, 7.5684, 7.76637, 7.98721, 8.23514, 8.51455, 8.82943, 9.18219, 9.57193, 9.9924, 10.4296, 10.86, 11.2498, 11.5559, 11.7299, 11.7242, 11.4993, 11.032, 10.3215, 9.39031, 8.2972, 7.10868, 5.89192, 4.71792, 3.6457, 2.71602, 1.94922, 1.3467, 0.895183, 0.572237, 0.351627, 0.207623, 0.117767, 0.0641522, 0.0335531, 0.0168458, 0.00811679, 0.00375213, 0.00166315, 0.000705975, 0.000285953, 0.00010925, 3.76317e-05, 8.5939e-06, 2.7734e-06, 9.35881e-07, 3.02626e-07, 9.37616e-08, 2.7834e-08, 7.91696e-09, 2.15761e-09, 5.63405e-10, 1.40961e-10, 3.37918e-11, 7.76167e-12, 1.70817e-12, 3.60196e-13, 7.27744e-14, 1.4088e-14, 2.61309e-15, 4.64398e-16, 7.90785e-17, 1.2902e-17, 2.01693e-18, 3.02103e-19, 4.33561e-20, 5.96181e-21, 7.85485e-22, 9.91584e-23, 1.19937e-23, 1.38998e-24, 1.54346e-25, 1.64215e-26, 1.67403e-27, 1.63511e-28, 1.53024e-29, 1.37217e-30, 1.17892e-31, 9.70494e-33, 7.6548e-34, 5.78504e-35, 4.189e-36, 2.90633e-37, 1.93202e-38, 1.23058e-39, 7.51003e-41, 4.3914e-42, 2.46035e-43, 1.32075e-44, 6.79324e-46, 3.34784e-47, 1.58082e-48, 7.15209e-50, 3.10038e-51, 1.28774e-52, 5.12474e-54, 1.9541e-55, 7.13927e-57, 2.49915e-58, 8.38225e-60, 2.69377e-61, 8.29455e-63, 2.44712e-64, 6.9175e-66, 1.87359e-67, 4.86217e-69, 1.20897e-70, 2.88028e-72, 6.57483e-74, 1.43802e-75, 3.01353e-77, 6.05086e-79, 1.1641e-80, 2.14582e-82, 3.78991e-84, 6.41349e-86, 1.0399e-87, 1.61554e-89, 2.40479e-91, 3.42977e-93, 4.68689e-95, 6.1367e-97, 7.69868e-99, 9.25396e-101, 1.06579e-102, 1.1761e-104, 1.2435e-106, 1.25974e-108, 1.22277e-110, 1.13721e-112, 1.01337e-114, 8.65214e-117, 7.078e-119, 5.54789e-121, 4.16654e-123, 2.99815e-125, 2.0671e-127, 1.36553e-129, 8.64312e-132, 5.24168e-134, 3.04579e-136, 1.69574e-138, 9.04588e-141, 4.62351e-143, 2.26424e-145, 1.06244e-147, 4.77656e-150, 2.05758e-152, 8.49235e-155, 3.35838e-157, 1.27251e-159, 4.6198e-162, 1.607e-164, 5.35596e-167, 1.71037e-169, 5.23324e-172, 1.5342e-174, 4.30948e-177, 1.15984e-179
3.15954, 3.16035, 3.16118, 3.16201, 3.16285, 3.1637, 3.16456, 3.16542, 3.1663, 3.16719, 3.16808, 3.16899, 3.1699, 3.17082, 3.17176, 3.1727, 3.17365, 3.17462, 3.17559, 3.17657, 3.17757, 3.17857, 3.17959, 3.18061, 3.18164, 3.18269, 3.18375, 3.18481, 3.18589, 3.18698, 3.18808, 3.18919, 3.19031, 3.19145, 3.19259, 3.19375, 3.19491, 3.19609, 3.19729, 3.19849, 3.19971, 3.20093, 3.20217, 3.20343, 3.20469, 3.20597, 3.20726, 3.20856, 3.20988, 3.21121, 3.21255, 3.2139, 3.21527, 3.21666, 3.21805, 3.21946, 3.22089, 3.22232, 3.22378, 3.22524, 3.22672, 3.22822, 3.22973, 3.23125, 3.23279, 3.23435, 3.23592, 3.23751, 3.23911, 3.24072, 3.24236, 3.24401, 3.24567, 3.24735, 3.24905, 3.25077, 3.2525, 3.25425, 3.25601, 3.2578, 3.2596, 3.26142, 3.26325, 3.26511, 3.26698, 3.26887, 3.27078, 3.27271, 3.27466, 3.27663, 3.27861, 3.28062, 3.28265, 3.28469, 3.28676, 3.28884, 3.29095, 3.29308, 3.29523, 3.2974, 3.29959, 3.30181, 3.30404, 3.3063, 3.30858, 3.31089, 3.31321, 3.31556, 3.31794, 3.32034, 3.32276, 3.3252, 3.32767, 3.33017, 3.33269, 3.33524, 3.33781, 3.34041, 3.34303, 3.34568, 3.34836, 3.35107, 3.3538, 3.35656, 3.35935, 3.36217, 3.36502, 3.3679, 3.3708, 3.37374, 3.37671, 3.3797, 3.38273, 3.38579, 3.38889, 3.39201, 3.39517, 3.39836, 3.40158, 3.40484, 3.40814, 3.41146, 3.41483, 3.41823, 3.42166, 3.42514, 3.42864, 3.43219, 3.43578, 3.4394, 3.44307, 3.44677, 3.45051, 3.4543, 3.45813, 3.462, 3.46591, 3.46986, 3.47386, 3.4779, 3.48199, 3.48612, 3.4903, 3.49453, 3.49881, 3.50313, 3.5075, 3.51193, 3.5164, 3.52092, 3.5255, 3.53013, 3.53481, 3.53955, 3.54434, 3.54919, 3.5541, 3.55906, 3.56409, 3.56917, 3.57432, 3.57952, 3.58479, 3.59012, 3.59552, 3.60098, 3.60651, 3.61211, 3.61778, 3.62351, 3.62932, 3.6352, 3.64116, 3.64719, 3.6533, 3.65948, 3.66575, 3.67209, 3.67852, 3.68503, 3.69162, 3.6983, 3.70508, 3.71194, 3.71889, 3.72593, 3.73307, 3.74031, 3.74764, 3.75508, 3.76261, 3.77025, 3.778, 3.78586, 3.79383, 3.80191, 3.8101, 3.81842, 3.82685, 3.8354, 3.84408, 3.85289, 3.86183, 3.8709, 3.88011, 3.88946, 3.89894, 3.90858, 3.91836, 3.92829, 3.93838, 3.94863, 3.95904, 3.96962, 3.98037, 3.99129, 4.00239, 4.01367, 4.02514, 4.0368, 4.04866, 4.06072, 4.07299, 4.08547, 4.09816, 4.11108, 4.12423, 4.13762, 4.15125, 4.16512, 4.17925, 4.19364, 4.20831, 4.22325, 4.23848, 4.254, 4.26982, 4.28596, 4.30242, 4.3192, 4.33634, 4.35382, 4.37167, 4.38989, 4.4085, 4.42751, 4.44694, 4.46679, 4.48709, 4.50784, 4.52908, 4.5508, 4.57304, 4.5958, 4.61911, 4.643, 4.66747, 4.69257, 4.7183, 4.74471, 4.7718, 4.79963, 4.8282, 4.85757, 4.88776, 4.91882, 4.95077, 4.98367, 5.01757, 5.0525, 5.08852, 5.12569, 5.16407, 5.20372, 5.24471, 5.28712, 5.33103, 5.37652, 5.42371, 5.47268, 5.52355, 5.57645, 5.63151, 5.68889, 5.74874, 5.81126, 5.87665, 5.94513, 6.01696, 6.09242, 6.17184, 6.25557, 6.34404, 6.43772, 6.53717, 6.64303, 6.75608, 6.87722, 7.00754, 7.14841, 7.3015, 7.46893, 7.65333, 7.85801, 8.087, 8.34503, 8.63722, 8.96848, 9.3423, 9.75899, 10.2134, 10.6922, 11.1719, 11.6176, 11.9839, 12.2186, 12.2692, 12.0908, 11.6553, 10.9584, 10.0232, 8.89895, 7.6545, 6.36862, 5.11846, 3.96924, 2.96714, 2.13641, 1.48067, 0.987216, 0.632905, 0.389997, 0.230902, 0.131313, 0.0717111, 0.0375981, 0.0189212, 0.00913778, 0.00423365, 0.00188084, 0.000800278, 0.00032509, 0.000124786, 4.34148e-05, 1.04019e-05, 3.38286e-06, 1.14216e-06, 3.69488e-07, 1.14527e-07, 3.4013e-08, 9.67869e-09, 2.63888e-09, 6.89375e-10, 1.72553e-10, 4.13831e-11, 9.50944e-12, 2.09372e-12, 4.41687e-13, 8.92778e-14, 1.72903e-14, 3.20845e-15, 5.70453e-16, 9.71798e-17, 1.58622e-17, 2.48076e-18, 3.71738e-19, 5.33728e-20, 7.34237e-21, 9.67795e-22, 1.22226e-22, 1.47902e-23, 1.71481e-24, 1.90498e-25, 2.02767e-26, 2.06793e-27, 2.02072e-28, 1.89194e-29, 1.69723e-30, 1.45883e-31, 1.20144e-32, 9.48043e-34, 7.16783e-35, 5.19252e-36, 3.60413e-37, 2.39692e-38, 1.52735e-39, 9.32514e-41, 5.45511e-42, 3.05761e-43, 1.64208e-44, 8.44957e-46, 4.16589e-47, 1.96794e-48, 8.90734e-50, 3.86291e-51, 1.60514e-52, 6.3906e-54, 2.43782e-55, 8.91033e-57, 3.12044e-58, 1.04706e-59, 3.36631e-61, 1.03698e-62, 3.06067e-64, 8.65554e-66, 2.34532e-67, 6.08894e-69, 1.51465e-70, 3.61005e-72, 8.24414e-74, 1.80388e-75, 3.78183e-77, 7.59673e-79, 1.46212e-80, 2.6963e-82, 4.76414e-84, 8.0655e-86, 1.30831e-87, 2.03338e-89, 3.02801e-91, 4.32043e-93, 5.90646e-95, 7.73673e-97, 9.70999e-99, 1.16764e-100, 1.34534e-102, 1.4852e-104, 1.57097e-106, 1.59214e-108, 1.54606e-110, 1.43847e-112, 1.28234e-114, 1.09532e-116, 8.96405e-119, 7.0291e-121, 5.28111e-123, 3.80172e-125, 2.6222e-127, 1.73294e-129, 1.09731e-131, 6.6574e-134, 3.87e-136, 2.15549e-138, 1.15031e-140, 5.88179e-143, 2.88161e-145, 1.35267e-147, 6.08385e-150, 2.62177e-152, 1.08253e-154, 4.28268e-157, 1.62339e-159, 5.896e-162, 2.05174e-164, 6.84097e-167, 2.18546e-169, 6.68955e-172, 1.96192e-174, 5.51309e-177, 1.48436e-179
208.84
176.65
 
MEASUREMENT 17
1.56305, 4.67879, 7.79453, 10.9103, 14.0312, 17.1469, 20.2679, 23.3784, 26.4796, 29.5859, 32.6913, 35.8071, 38.9228, 42.0385, 45.1595, 48.2752, 51.3909, 54.5067, 57.6224, 60.7381, 63.8435, 66.9593, 70.0698, 73.1752, 76.2806, 79.3859, 82.4913, 85.5967, 88.7021, 91.8074, 94.9128, 98.0182, 101.1, 104.148, 107.196, 110.244, 113.292, 116.339, 119.387, 122.435, 125.483, 128.531, 131.574, 134.622, 137.67, 140.718, 143.766, 146.814, 149.861, 152.909, 155.957, 159.005, 162.053, 165.101, 168.149, 171.197, 174.245, 177.293, 180.341, 183.389, 186.436, 189.484, 192.532, 195.58, 198.621, 201.655, 204.688, 207.722, 210.756, 213.794, 216.838, 219.882, 222.926, 225.97, 229.014, 232.058, 235.102, 238.145, 241.189, 244.233, 247.277, 250.321, 253.37, 256.424, 259.478, 262.532, 265.586, 268.64, 271.695, 274.749, 277.803, 280.857, 283.911, 286.97, 290.035, 293.099
2.83819, 2.83814, 2.82105, 2.97924, 2.82623, 2.85803, 3.08644, 3.06866, 3.03163, 3.06625, 3.0989, 3.16102, 3.16061, 3.20359, 3.20153, 3.22249, 3.33199, 3.36464, 3.40695, 3.45267, 3.10386, 3.41772, 3.43442, 3.42387, 3.50515, 3.50613, 3.52863, 3.51924, 3.5651, 3.31646, 3.62473, 3.17296, 3.64503, 3.65064, 3.6771, 3.69932, 3.71682, 3.74649, 3.78416, 3.80156, 3.81109, 3.8569, 3.91059, 3.91448, 3.95427, 4.02698, 4.08157, 4.12275, 4.15515, 4.20199, 4.28532, 4.36192, 4.44921, 4.50778, 4.59833, 4.81412, 4.89164, 4.95856, 5.15659, 5.40017, 5.59186, 5.95267, 6.3113, 7.03081, 8.92034, 10.1693, 11.441, 10.4654, 5.39734, 1.2534, 0.113548, 0.014598, 0.00027438, -0.00117039, 0.00196602, 0.00390386, 0.00320834, 0.00136982, -0.00673053, -0.00270281, -0.00951006, -0.0456559, 0.000298293, -0.00452725, -0.0361879, -0.0476933, -0.016714, -0.0170614, -0.00179328, -0.000815257, -0.0044636, -0.00621628, -0.00679365, -0.003469, -0.0136639, -0.0245753
0.0851458, 0.0851441, 0.0846316, 0.0893771, 0.0847868, 0.0857409, 0.0925932, 0.0920598, 0.090949, 0.0919875, 0.0929671, 0.0948307, 0.0948184, 0.0961076, 0.0960458, 0.0966746, 0.0999597, 0.100939, 0.102209, 0.10358, 0.0931158, 0.102532, 0.103033, 0.102716, 0.105155, 0.105184, 0.105859, 0.105577, 0.106953, 0.0994937, 0.108742, 0.0951888, 0.109351, 0.109519, 0.110313, 0.11098, 0.111505, 0.112395, 0.113525, 0.114047, 0.114333, 0.115707, 0.117318, 0.117434, 0.118628, 0.120809, 0.122447, 0.123683, 0.124654, 0.12606, 0.12856, 0.130858, 0.133476, 0.135233, 0.13795, 0.144424, 0.146749, 0.148757, 0.154698, 0.162005, 0.167756, 0.17858, 0.189339, 0.210924, 0.26761, 0.305078, 0.343231, 0.313962, 0.16192, 0.0376021, 0.00340643, 0.000437941, 8.23139e-06, 3.51118e-05, 5.89805e-05, 0.000117116, 9.62502e-05, 4.10947e-05, 0.000201916, 8.10842e-05, 0.000285302, 0.00136968, 8.94879e-06, 0.000135817, 0.00108564, 0.0014308, 0.000501419, 0.000511842, 5.37983e-05, 2.44577e-05, 0.000133908, 0.000186488, 0.000203809, 0.00010407, 0.000409916, 0.00073726
0, 0.613815, 1.22763, 1.84144, 2.45526, 3.06907, 3.68289, 4.2967, 4.91052, 5.52433, 6.13815, 6.75196, 7.36578, 7.97959, 8.59341, 9.20722, 9.82104, 10.4349, 11.0487, 11.6625, 12.2763, 12.8901, 13.5039, 14.1177, 14.7316, 15.3454, 15.9592, 16.573, 17.1868, 17.8006, 18.4144, 19.0283, 19.6421, 20.2559, 20.8697, 21.4835, 22.0973, 22.7111, 23.325, 23.9388, 24.5526, 25.1664, 25.7802, 26.394, 27.0078, 27.6217, 28.2355, 28.8493, 29.4631, 30.0769, 30.6907, 31.3046, 31.9184, 32.5322, 33.146, 33.7598, 34.3736, 34.9874, 35.6013, 36.2151, 36.8289, 37.4427, 38.0565, 38.6703, 39.2841, 39.898, 40.5118, 41.1256, 41.7394, 42.3532, 42.967, 43.5808, 44.1947, 44.8085, 45.4223, 46.0361, 46.6499, 47.2637, 47.8775, 48.4914, 49.1052, 49.719, 50.3328, 50.9466, 51.5604, 52.1743, 52.7881, 53.4019, 54.0157, 54.6295, 55.2433, 55.8571, 56.471, 57.0848, 57.6986, 58.3124, 58.9262, 59.54, 60.1538, 60.7677, 61.3815, 61.9953, 62.6091, 63.2229, 63.8367, 64.4505, 65.0644, 65.6782, 66.292, 66.9058, 67.5196, 68.1334, 68.7473, 69.3611, 69.9749, 70.5887, 71.2025, 71.8163, 72.4301, 73.044, 73.6578, 74.2716, 74.8854, 75.4992, 76.113, 76.7268, 77.3407, 77.9545, 78.5683, 79.1821, 79.7959, 80.4097, 81.0235, 81.6374, 82.2512, 82.865, 83.4788, 84.0926, 84.7064, 85.3202, 85.9341, 86.5479, 87.1617, 87.7755, 88.3893, 89.0031, 89.617, 90.2308, 90.8446, 91.4584, 92.0722, 92.686, 93.2998, 93.9137, 94.5275, 95.1413, 95.7551, 96.3689, 96.9827, 97.5965, 98.2104, 98.8242, 99.438, 100.052, 100.666, 101.279, 101.893, 102.507, 103.121, 103.735, 104.349, 104.962, 105.576, 106.19, 106.804, 107.418, 108.031, 108.645, 109.259, 109.873, 110.487, 111.1, 111.714, 112.328, 112.942, 113.556, 114.17, 114.783, 115.397, 116.011, 116.625, 117.239, 117.852, 118.466, 119.08, 119.694, 120.308, 120.922, 121.535, 122.149, 122.763, 123.377, 123.991, 124.604, 125.218, 125.832, 126.446, 127.06, 127.673, 128.287, 128.901, 129.515, 130.129, 130.743, 131.356, 131.97, 132.584, 133.198, 133.812, 134.425, 135.039, 135.653, 136.267, 136.881, 137.495, 138.108, 138.722, 139.336, 139.95, 140.564, 141.177, 141.791, 142.405, 143.019, 143.633, 144.246, 144.86, 145.474, 146.088, 146.702, 147.316, 147.929, 148.543, 149.157, 149.771, 150.385, 150.998, 151.612, 152.226, 152.84, 153.454, 154.068, 154.681, 155.295, 155.909, 156.523, 157.137, 157.75, 158.364, 158.978, 159.592, 160.206, 160.819, 161.433, 162.047, 162.661, 163.275, 163.889, 164.502, 165.116, 165.73, 166.344, 166.958, 167.571, 168.185, 168.799, 169.413, 170.027, 170.64, 171.254, 171.868, 172.482, 173.096, 173.71, 174.323, 174.937, 175.551, 176.165, 176.779, 177.392, 178.006, 178.62, 179.234, 179.848, 180.462, 181.075, 181.689, 182.303, 182.917, 183.531, 184.144, 184.758, 185.372, 185.986, 186.6, 187.213, 187.827, 188.441, 189.055, 189.669, 190.283, 190.896, 191.51, 192.124, 192.738, 193.352, 193.965, 194.579, 195.193, 195.807, 196.421, 197.035, 197.648, 198.262, 198.876, 199.49, 200.104, 200.717, 201.331, 201.945, 202.559, 203.173, 203.786, 204.4, 205.014, 205.628, 206.242, 206.856, 207.469, 208.083, 208.697, 209.311, 209.925, 210.538, 211.152, 211.766, 212.38, 212.994, 213.608, 214.221, 214.835, 215.449, 216.063, 216.677, 217.29, 217.904, 218.518, 219.132, 219.746, 220.359, 220.973, 221.587, 222.201, 222.815, 223.429, 224.042, 224.656, 225.27, 225.884, 226.498, 227.111, 227.725, 228.339, 228.953, 229.567, 230.181, 230.794, 231.408, 232.022, 232.636, 233.25, 233.863, 234.477, 235.091, 235.705, 236.319, 236.932, 237.546, 238.16, 238.774, 239.388, 240.002, 240.615, 241.229, 241.843, 242.457, 243.071, 243.684, 244.298, 244.912, 245.526, 246.14, 246.754, 247.367, 247.981, 248.595, 249.209, 249.823, 250.436, 251.05, 251.664, 252.278, 252.892, 253.505, 254.119, 254.733, 255.347, 255.961, 256.575, 257.188, 257.802, 258.416, 259.03, 259.644, 260.257, 260.871, 261.485, 262.099, 262.713, 263.327, 263.94, 264.554, 265.168, 265.782, 266.396, 267.009, 267.623, 268.237, 268.851, 269.465, 270.078, 270.692, 271.306, 271.92, 272.534, 273.148, 273.761, 274.375, 274.989, 275.603, 276.217, 276.83, 277.444, 278.058, 278.672, 279.286, 279.9, 280.513, 281.127, 281.741, 282.355, 282.969, 283.582, 284.196, 284.81, 285.424, 286.038, 286.651, 287.265, 287.879, 288.493, 289.107, 289.721, 290.334, 290.948, 291.562, 292.176, 292.79, 293.403, 294.017
3.157, 3.15781, 3.15863, 3.15945, 3.16029, 3.16113, 3.16198, 3.16285, 3.16372, 3.1646, 3.16549, 3.16639, 3.1673, 3.16822, 3.16915, 3.17008, 3.17103, 3.17199, 3.17296, 3.17394, 3.17492, 3.17592, 3.17693, 3.17795, 3.17898, 3.18002, 3.18107, 3.18213, 3.18321, 3.18429, 3.18538, 3.18649, 3.18761, 3.18874, 3.18988, 3.19103, 3.19219, 3.19336, 3.19455, 3.19575, 3.19696, 3.19818, 3.19942, 3.20067, 3.20193, 3.2032, 3.20448, 3.20578, 3.20709, 3.20842, 3.20975, 3.21111, 3.21247, 3.21385, 3.21524, 3.21664, 3.21806, 3.2195, 3.22094, 3.22241, 3.22388, 3.22537, 3.22688, 3.2284, 3.22993, 3.23148, 3.23305, 3.23463, 3.23623, 3.23784, 3.23947, 3.24112, 3.24278, 3.24445, 3.24615, 3.24786, 3.24959, 3.25133, 3.25309, 3.25487, 3.25667, 3.25848, 3.26032, 3.26217, 3.26404, 3.26592, 3.26783, 3.26975, 3.2717, 3.27366, 3.27564, 3.27765, 3.27967, 3.28171, 3.28377, 3.28586, 3.28796, 3.29009, 3.29223, 3.2944, 3.29659, 3.2988, 3.30103, 3.30329, 3.30557, 3.30787, 3.31019, 3.31254, 3.31491, 3.3173, 3.31972, 3.32217, 3.32463, 3.32713, 3.32965, 3.33219, 3.33476, 3.33736, 3.33998, 3.34263, 3.3453, 3.34801, 3.35074, 3.3535, 3.35629, 3.3591, 3.36195, 3.36482, 3.36773, 3.37067, 3.37363, 3.37663, 3.37966, 3.38272, 3.38581, 3.38893, 3.39209, 3.39528, 3.3985, 3.40176, 3.40506, 3.40839, 3.41175, 3.41515, 3.41859, 3.42206, 3.42557, 3.42912, 3.4327, 3.43633, 3.44, 3.4437, 3.44745, 3.45123, 3.45506, 3.45893, 3.46285, 3.46681, 3.47081, 3.47485, 3.47895, 3.48308, 3.48727, 3.4915, 3.49578, 3.50011, 3.50448, 3.50891, 3.51339, 3.51792, 3.5225, 3.52714, 3.53183, 3.53657, 3.54137, 3.54623, 3.55115, 3.55612, 3.56115, 3.56624, 3.5714, 3.57661, 3.58189, 3.58723, 3.59264, 3.59811, 3.60366, 3.60927, 3.61495, 3.6207, 3.62652, 3.63241, 3.63838, 3.64443, 3.65055, 3.65675, 3.66303, 3.6694, 3.67584, 3.68237, 3.68899, 3.69569, 3.70248, 3.70936, 3.71634, 3.7234, 3.73057, 3.73783, 3.74519, 3.75265, 3.76022, 3.76789, 3.77566, 3.78355, 3.79155, 3.79966, 3.80789, 3.81624, 3.82471, 3.8333, 3.84202, 3.85087, 3.85985, 3.86897, 3.87822, 3.88761, 3.89715, 3.90683, 3.91666, 3.92665, 3.9368, 3.9471, 3.95757, 3.96821, 3.97902, 3.99001, 4.00118, 4.01253, 4.02407, 4.03581, 4.04775, 4.05989, 4.07224, 4.08481, 4.0976, 4.11062, 4.12387, 4.13735, 4.15109, 4.16507, 4.17932, 4.19384, 4.20862, 4.2237, 4.23906, 4.25472, 4.27069, 4.28698, 4.3036, 4.32055, 4.33786, 4.35552, 4.37356, 4.39198, 4.4108, 4.43003, 4.44968, 4.46977, 4.49031, 4.51133, 4.53283, 4.55484, 4.57737, 4.60045, 4.6241, 4.64833, 4.67317, 4.69865, 4.72478, 4.75161, 4.77916, 4.80745, 4.83653, 4.86643, 4.89718, 4.92883, 4.96142, 4.99499, 5.02959, 5.06528, 5.1021, 5.14013, 5.17943, 5.22006, 5.2621, 5.30564, 5.35076, 5.39756, 5.44614, 5.49663, 5.54914, 5.60382, 5.66083, 5.72031, 5.78248, 5.84753, 5.9157, 5.98726, 6.06249, 6.14174, 6.22539, 6.31388, 6.40774, 6.50756, 6.61405, 6.72807, 6.85066, 6.98305, 7.12677, 7.28367, 7.45594, 7.64617, 7.8572, 8.09199, 8.35325, 8.64281, 8.9608, 9.30456, 9.66744, 10.0376, 10.3974, 10.7228, 10.9848, 11.1511, 11.1893, 11.071, 10.7761, 10.2964, 9.6376, 8.81797, 7.8874, 6.88488, 5.85554, 4.84762, 3.9032, 3.05447, 2.32171, 1.71322, 1.22674, 0.852045, 0.573842, 0.374643, 0.237043, 0.145319, 0.086302, 0.0496415, 0.0276519, 0.0149139, 0.00778709, 0.00393531, 0.00192419, 0.000909614, 0.000414997, 0.000181859, 7.54529e-05, 2.81109e-05, 6.527e-06, 2.54101e-06, 9.72043e-07, 3.59566e-07, 1.286e-07, 4.44709e-08, 1.48689e-08, 4.80677e-09, 1.50244e-09, 4.54059e-10, 1.32678e-10, 3.74846e-11, 1.02395e-11, 2.70441e-12, 6.90619e-13, 1.7052e-13, 4.0708e-14, 9.39629e-15, 2.09702e-15, 4.525e-16, 9.44072e-17, 1.90442e-17, 3.7144e-18, 7.00463e-19, 1.27718e-19, 2.25159e-20, 3.83792e-21, 6.32519e-22, 1.00791e-22, 1.55288e-23, 2.31326e-24, 3.33182e-25, 4.63991e-26, 6.2475e-27, 8.13343e-28, 1.02379e-28, 1.246e-29, 1.46621e-30, 1.66818e-31, 1.8351e-32, 1.95185e-33, 2.00726e-34, 1.99586e-35, 1.91879e-36, 1.78359e-37, 1.60299e-38, 1.39295e-39, 1.17034e-40, 9.50735e-42, 7.4675e-43, 5.67102e-44, 4.16406e-45, 2.95626e-46, 2.02926e-47, 1.3468e-48, 8.64247e-50, 5.36219e-51, 3.21675e-52, 1.86578e-53, 1.04634e-54, 5.6736e-56, 2.97449e-57, 1.50777e-58, 7.38972e-60, 3.50179e-61, 1.60444e-62, 7.10762e-64, 3.04436e-65, 1.26077e-66, 5.04833e-68, 1.95447e-69, 7.31608e-71, 2.64788e-72, 9.2659e-74, 3.13506e-75, 1.02559e-76, 3.24394e-78, 9.92065e-80, 2.93344e-81, 8.38657e-83, 2.31825e-84, 6.19592e-86, 1.60111e-87, 4.00042e-89, 9.66407e-91, 2.25727e-92, 5.09773e-94, 1.11311e-95, 2.35002e-97, 4.79704e-99, 9.46768e-101, 1.80669e-102, 3.33345e-104, 5.94666e-106, 1.0257e-107, 1.71056e-109, 2.7582e-111, 4.30014e-113, 6.48199e-115, 9.44721e-117, 1.33128e-118, 1.81385e-120, 2.38949e-122, 3.04353e-124, 3.74817e-126, 4.46303e-128, 5.13819e-130, 5.71951e-132, 6.1557e-134, 6.40568e-136, 6.44499e-138, 6.26973e-140, 5.89717e-142, 5.36301e-144
3.157, 3.15782, 3.15865, 3.1595, 3.16035, 3.1612, 3.16207, 3.16295, 3.16384, 3.16473, 3.16564, 3.16655, 3.16748, 3.16841, 3.16935, 3.17031, 3.17127, 3.17224, 3.17323, 3.17422, 3.17523, 3.17624, 3.17726, 3.1783, 3.17935, 3.1804, 3.18147, 3.18255, 3.18364, 3.18474, 3.18585, 3.18697, 3.1881, 3.18925, 3.19041, 3.19157, 3.19275, 3.19395, 3.19515, 3.19637, 3.1976, 3.19884, 3.20009, 3.20135, 3.20263, 3.20392, 3.20523, 3.20654, 3.20787, 3.20921, 3.21057, 3.21194, 3.21332, 3.21472, 3.21613, 3.21755, 3.21899, 3.22045, 3.22191, 3.22339, 3.22489, 3.2264, 3.22793, 3.22947, 3.23102, 3.23259, 3.23418, 3.23578, 3.2374, 3.23903, 3.24068, 3.24235, 3.24403, 3.24573, 3.24745, 3.24918, 3.25093, 3.25269, 3.25448, 3.25628, 3.2581, 3.25994, 3.26179, 3.26367, 3.26556, 3.26747, 3.2694, 3.27135, 3.27331, 3.2753, 3.27731, 3.27934, 3.28138, 3.28345, 3.28554, 3.28764, 3.28977, 3.29192, 3.2941, 3.29629, 3.2985, 3.30074, 3.303, 3.30528, 3.30759, 3.30992, 3.31227, 3.31464, 3.31704, 3.31946, 3.32191, 3.32438, 3.32688, 3.3294, 3.33195, 3.33452, 3.33712, 3.33975, 3.3424, 3.34508, 3.34779, 3.35052, 3.35328, 3.35607, 3.35889, 3.36174, 3.36462, 3.36753, 3.37047, 3.37344, 3.37643, 3.37947, 3.38253, 3.38562, 3.38875, 3.39191, 3.3951, 3.39833, 3.40159, 3.40488, 3.40821, 3.41158, 3.41498, 3.41842, 3.42189, 3.4254, 3.42895, 3.43254, 3.43617, 3.43983, 3.44354, 3.44729, 3.45107, 3.4549, 3.45877, 3.46269, 3.46665, 3.47065, 3.47469, 3.47878, 3.48292, 3.4871, 3.49133, 3.49561, 3.49994, 3.50431, 3.50874, 3.51322, 3.51774, 3.52232, 3.52696, 3.53164, 3.53639, 3.54118, 3.54604, 3.55095, 3.55592, 3.56094, 3.56603, 3.57118, 3.57639, 3.58166, 3.587, 3.5924, 3.59787, 3.60341, 3.60901, 3.61468, 3.62042, 3.62624, 3.63213, 3.63809, 3.64412, 3.65024, 3.65643, 3.6627, 3.66905, 3.67549, 3.682, 3.68861, 3.6953, 3.70207, 3.70894, 3.7159, 3.72296, 3.7301, 3.73735, 3.74469, 3.75214, 3.75969, 3.76734, 3.7751, 3.78296, 3.79094, 3.79903, 3.80724, 3.81557, 3.82401, 3.83258, 3.84127, 3.8501, 3.85905, 3.86814, 3.87736, 3.88672, 3.89622, 3.90588, 3.91567, 3.92563, 3.93573, 3.946, 3.95643, 3.96703, 3.9778, 3.98874, 3.99986, 4.01117, 4.02266, 4.03435, 4.04623, 4.05832, 4.07061, 4.08312, 4.09585, 4.1088, 4.12198, 4.1354, 4.14906, 4.16297, 4.17714, 4.19157, 4.20628, 4.22126, 4.23653, 4.2521, 4.26797, 4.28415, 4.30066, 4.3175, 4.33469, 4.35223, 4.37014, 4.38843, 4.4071, 4.42618, 4.44568, 4.46561, 4.48599, 4.50683, 4.52815, 4.54997, 4.5723, 4.59516, 4.61858, 4.64258, 4.66717, 4.69239, 4.71826, 4.7448, 4.77204, 4.80002, 4.82876, 4.85831, 4.88868, 4.91993, 4.9521, 4.98522, 5.01935, 5.05453, 5.09082, 5.12828, 5.16697, 5.20695, 5.2483, 5.2911, 5.33542, 5.38137, 5.42904, 5.47854, 5.52998, 5.58351, 5.63926, 5.69739, 5.75808, 5.82151, 5.88792, 5.95753, 6.03062, 6.1075, 6.18851, 6.27406, 6.36462, 6.46071, 6.56295, 6.67211, 6.78907, 6.91491, 7.05097, 7.19886, 7.36056, 7.53848, 7.73545, 7.95467, 8.19959, 8.47348, 8.77886, 9.11662, 9.48485, 9.8775, 10.2831, 10.6836, 11.0545, 11.3651, 11.5806, 11.6658, 11.5888, 11.3263, 10.8671, 10.2158, 9.39318, 8.43487, 7.38754, 6.30358, 5.23503, 4.22802, 3.31842, 2.52954, 1.87172, 1.3438, 0.935742, 0.631776, 0.413456, 0.262209, 0.16111, 0.0958888, 0.0552729, 0.0308522, 0.0166735, 0.00872287, 0.00441672, 0.00216373, 0.00102489, 0.000468614, 0.000206047, 8.58859e-05, 3.23663e-05, 7.95298e-06, 3.09623e-06, 1.18496e-06, 4.38475e-07, 1.56876e-07, 5.42673e-08, 1.81506e-08, 5.86965e-09, 1.83529e-09, 5.54839e-10, 1.62181e-10, 4.58356e-11, 1.2525e-11, 3.30918e-12, 8.45344e-13, 2.08794e-13, 4.98622e-14, 1.15132e-14, 2.57033e-15, 5.54822e-16, 1.15795e-16, 2.33665e-17, 4.55898e-18, 8.60028e-19, 1.56865e-19, 2.76638e-20, 4.71701e-21, 7.77664e-22, 1.23962e-22, 1.91052e-23, 2.847e-24, 4.10197e-25, 5.71435e-26, 7.69683e-27, 1.00237e-27, 1.26215e-28, 1.53662e-29, 1.8088e-30, 2.05867e-31, 2.26543e-32, 2.41038e-33, 2.47964e-34, 2.4664e-35, 2.37196e-36, 2.20557e-37, 1.98292e-38, 1.72369e-39, 1.44871e-40, 1.17727e-41, 9.24993e-43, 7.02702e-44, 5.16147e-45, 3.66561e-46, 2.51703e-47, 1.67109e-48, 1.07271e-49, 6.65782e-51, 3.99533e-52, 2.31816e-53, 1.30048e-54, 7.05397e-56, 3.69942e-57, 1.87587e-58, 9.19689e-60, 4.35963e-61, 1.99815e-62, 8.85473e-64, 3.79396e-65, 1.57173e-66, 6.29557e-68, 2.43815e-69, 9.1297e-71, 3.30538e-72, 1.15706e-73, 3.91615e-75, 1.28154e-76, 4.05486e-78, 1.24048e-79, 3.66919e-81, 1.04935e-82, 2.90163e-84, 7.75768e-86, 2.00536e-87, 5.0121e-89, 1.21121e-90, 2.83e-92, 6.39327e-94, 1.39646e-95, 2.9492e-97, 6.02212e-99, 1.18895e-100, 2.26959e-102, 4.1889e-104, 7.47519e-106, 1.28977e-107, 2.15166e-109, 3.4706e-111, 5.41256e-113, 8.16152e-115, 1.1899e-116, 1.67732e-118, 2.28608e-120, 3.01256e-122, 3.8384e-124, 4.72861e-126, 5.6323e-128, 6.48646e-130, 7.22268e-132, 7.77603e-134, 8.09444e-136, 8.14675e-138, 7.92778e-140, 7.45912e-142, 6.78567e-144
208.15
176.31
 
MEASUREMENT 18
1.56305, 4.67879, 7.79453, 10.9103, 14.0312, 17.1469, 20.2679, 23.3784, 26.4796, 29.5859, 32.6913, 35.8071, 38.9228, 42.0385, 45.1595, 48.2752, 51.3909, 54.5067, 57.6224, 60.7381, 63.8435, 66.9593, 70.0698, 73.1752, 76.2806, 79.3859, 82.4913, 85.5967, 88.7021, 91.8074, 94.9128, 98.0182, 101.1, 104.148, 107.196, 110.244, 113.292, 116.339, 119.387, 122.435, 125.483, 128.531, 131.574, 134.622, 137.67, 140.718, 143.766, 146.814, 149.861, 152.909, 155.957, 159.005, 162.053, 165.101, 168.149, 171.197, 174.245, 177.293, 180.341, 183.389, 186.436, 189.484, 192.532, 195.58, 198.621, 201.655, 204.688, 207.722, 210.756, 213.794, 216.838, 219.882, 222.926, 225.97, 229.014, 232.058, 235.102, 238.145, 241.189, 244.233, 247.277, 250.321, 253.37, 256.424, 259.478, 262.532, 265.586, 268.64, 271.695, 274.749, 277.803, 280.857, 283.911, 286.97, 290.035, 293.099
2.84098, 2.83764, 2.82355, 2.97776, 2.82314, 2.85479, 3.07009, 3.0699, 3.02853, 3.06325, 3.09565, 3.15827, 3.16043, 3.20293, 3.19545, 3.22199, 3.32641, 3.36451, 3.41536, 3.44966, 3.11109, 3.41719, 3.43144, 3.42064, 3.49852, 3.50581, 3.52839, 3.52074, 3.56968, 3.31256, 3.62804, 3.16813, 3.64387, 3.64771, 3.67431, 3.69589, 3.71553, 3.74862, 3.78435, 3.79894, 3.81479, 3.85564, 3.90996, 3.91739, 3.96087, 4.02538, 4.08434, 4.12131, 4.16048, 4.20155, 4.28579, 4.36066, 4.44652, 4.50501, 4.59612, 4.81643, 4.8887, 4.95827, 5.15504, 5.39955, 5.58176, 5.95217, 6.30479, 7.02757, 8.92043, 10.165, 11.4345, 10.4678, 5.39897, 1.25664, 0.109915, 0.013724, 0.00196225, -0.00155062, 0.00341658, 0.00187118, 0.00324618, 0.00173451, -0.0070217, -0.000581109, -0.011992, -0.0481269, -0.00324257, -0.00237299, -0.0338177, -0.0470225, -0.0151116, -0.0166259, -0.00241535, 0.0010985, -0.00426941, -0.00508976, -0.005665, -0.00404675, -0.0127899, -0.0253209
0.0852294, 0.0851292, 0.0847065, 0.0893328, 0.0846942, 0.0856438, 0.0921028, 0.092097, 0.0908558, 0.0918974, 0.0928695, 0.0947481, 0.0948129, 0.0960878, 0.0958636, 0.0966597, 0.0997923, 0.100935, 0.102461, 0.10349, 0.0933328, 0.102516, 0.102943, 0.102619, 0.104956, 0.105174, 0.105852, 0.105622, 0.107091, 0.0993767, 0.108841, 0.095044, 0.109316, 0.109431, 0.110229, 0.110877, 0.111466, 0.112459, 0.11353, 0.113968, 0.114444, 0.115669, 0.117299, 0.117522, 0.118826, 0.120761, 0.12253, 0.123639, 0.124814, 0.126047, 0.128574, 0.13082, 0.133396, 0.13515, 0.137883, 0.144493, 0.146661, 0.148748, 0.154651, 0.161987, 0.167453, 0.178565, 0.189144, 0.210827, 0.267613, 0.304951, 0.343035, 0.314035, 0.161969, 0.0376991, 0.00329745, 0.000411721, 5.88675e-05, 4.65187e-05, 0.000102497, 5.61354e-05, 9.73853e-05, 5.20353e-05, 0.000210651, 1.74333e-05, 0.000359759, 0.00144381, 9.72772e-05, 7.11898e-05, 0.00101453, 0.00141068, 0.000453349, 0.000498777, 7.24606e-05, 3.2955e-05, 0.000128082, 0.000152693, 0.00016995, 0.000121402, 0.000383697, 0.000759627
0, 0.613815, 1.22763, 1.84144, 2.45526, 3.06907, 3.68289, 4.2967, 4.91052, 5.52433, 6.13815, 6.75196, 7.36578, 7.97959, 8.59341, 9.20722, 9.82104, 10.4349, 11.0487, 11.6625, 12.2763, 12.8901, 13.5039, 14.1177, 14.7316, 15.3454, 15.9592, 16.573, 17.1868, 17.8006, 18.4144, 19.0283, 19.6421, 20.2559, 20.8697, 21.4835, 22.0973, 22.7111, 23.325, 23.9388, 24.5526, 25.1664, 25.7802, 26.394, 27.0078, 27.6217, 28.2355, 28.8493, 29.4631, 30.0769, 30.6907, 31.3046, 31.9184, 32.5322, 33.146, 33.7598, 34.3736, 34.9874, 35.6013, 36.2151, 36.8289, 37.4427, 38.0565, 38.6703, 39.2841, 39.898, 40.5118, 41.1256, 41.7394, 42.3532, 42.967, 43.5808, 44.1947, 44.8085, 45.4223, 46.0361, 46.6499, 47.2637, 47.8775, 48.4914, 49.1052, 49.719, 50.3328, 50.9466, 51.5604, 52.1743, 52.7881, 53.4019, 54.0157, 54.6295, 55.2433, 55.8571, 56.471, 57.0848, 57.6986, 58.3124, 58.9262, 59.54, 60.1538, 60.7677, 61.3815, 61.9953, 62.6091, 63.2229, 63.8367, 64.4505, 65.0644, 65.6782, 66.292, 66.9058, 67.5196, 68.1334, 68.7473, 69.3611, 69.9749, 70.5887, 71.2025, 71.8163, 72.4301, 73.044, 73.6578, 74.2716, 74.8854, 75.4992, 76.113, 76.7268, 77.3407, 77.9545, 78.5683, 79.1821, 79.7959, 80.4097, 81.0235, 81.6374, 82.2512, 82.865, 83.4788, 84.0926, 84.7064, 85.3202, 85.9341, 86.5479, 87.1617, 87.7755, 88.3893, 89.0031, 89.617, 90.2308, 90.8446, 91.4584, 92.0722, 92.686, 93.2998, 93.9137, 94.5275, 95.1413, 95.7551, 96.3689, 96.9827, 97.5965, 98.2104, 98.8242, 99.438, 100.052, 100.666, 101.279, 101.893, 102.507, 103.121, 103.735, 104.349, 104.962, 105.576, 106.19, 106.804, 107.418, 108.031, 108.645, 109.259, 109.873, 110.487, 111.1, 111.714, 112.328, 112.942, 113.556, 114.17, 114.783, 115.397, 116.011, 116.625, 117.239, 117.852, 118.466, 119.08, 119.694, 120.308, 120.922, 121.535, 122.149, 122.763, 123.377, 123.991, 124.604, 125.218, 125.832, 126.446, 127.06, 127.673, 128.287, 128.901, 129.515, 130.129, 130.743, 131.356, 131.97, 132.584, 133.198, 133.812, 134.425, 135.039, 135.653, 136.267, 136.881, 137.495, 138.108, 138.722, 139.336, 139.95, 140.564, 141.177, 141.791, 142.405, 143.019, 143.633, 144.246, 144.86, 145.474, 146.088, 146.702, 147.316, 147.929, 148.543, 149.157, 149.771, 150.385, 150.998, 151.612, 152.226, 152.84, 153.454, 154.068, 154.681, 155.295, 155.909, 156.523, 157.137, 157.75, 158.364, 158.978, 159.592, 160.206, 160.819, 161.433, 162.047, 162.661, 163.275, 163.889, 164.502, 165.116, 165.73, 166.344, 166.958, 167.571, 168.185, 168.799, 169.413, 170.027, 170.64, 171.254, 171.868, 172.482, 173.096, 173.71, 174.323, 174.937, 175.551, 176.165, 176.779, 177.392, 178.006, 178.62, 179.234, 179.848, 180.462, 181.075, 181.689, 182.303, 182.917, 183.531, 184.144, 184.758, 185.372, 185.986, 186.6, 187.213, 187.827, 188.441, 189.055, 189.669, 190.283, 190.896, 191.51, 192.124, 192.738, 193.352, 193.965, 194.579, 195.193, 195.807, 196.421, 197.035, 197.648, 198.262, 198.876, 199.49, 200.104, 200.717, 201.331, 201.945, 202.559, 203.173, 203.786, 204.4, 205.014, 205.628, 206.242, 206.856, 207.469, 208.083, 208.697, 209.311, 209.925, 210.538, 211.152, 211.766, 212.38, 212.994, 213.608, 214.221, 214.835, 215.449, 216.063, 216.677, 217.29, 217.904, 218.518, 219.132, 219.746, 220.359, 220.973, 221.587, 222.201, 222.815, 223.429, 224.042, 224.656, 225.27, 225.884, 226.498, 227.111, 227.725, 228.339, 228.953, 229.567, 230.181, 230.794, 231.408, 232.022, 232.636, 233.25, 233.863, 234.477, 235.091, 235.705, 236.319, 236.932, 237.546, 238.16, 238.774, 239.388, 240.002, 240.615, 241.229, 241.843, 242.457, 243.071, 243.684, 244.298, 244.912, 245.526, 246.14, 246.754, 247.367, 247.981, 248.595, 249.209, 249.823, 250.436, 251.05, 251.664, 252.278, 252.892, 253.505, 254.119, 254.733, 255.347, 255.961, 256.575, 257.188, 257.802, 258.416, 259.03, 259.644, 260.257, 260.871, 261.485, 262.099, 262.713, 263.327, 263.94, 264.554, 265.168, 265.782, 266.396, 267.009, 267.623, 268.237, 268.851, 269.465, 270.078, 270.692, 271.306, 271.92, 272.534, 273.148, 273.761, 274.375, 274.989, 275.603, 276.217, 276.83, 277.444, 278.058, 278.672, 279.286, 279.9, 280.513, 281.127, 281.741, 282.355, 282.969, 283.582, 284.196, 284.81, 285.424, 286.038, 286.651, 287.265, 287.879, 288.493, 289.107, 289.721, 290.334, 290.948, 291.562, 292.176, 292.79, 293.403, 294.017
3.14363, 3.14445, 3.14528, 3.14611, 3.14696, 3.14781, 3.14868, 3.14955, 3.15043, 3.15132, 3.15222, 3.15313, 3.15405, 3.15498, 3.15592, 3.15687, 3.15783, 3.1588, 3.15977, 3.16076, 3.16176, 3.16277, 3.16379, 3.16482, 3.16586, 3.16692, 3.16798, 3.16905, 3.17014, 3.17123, 3.17234, 3.17346, 3.17458, 3.17573, 3.17688, 3.17804, 3.17922, 3.1804, 3.1816, 3.18281, 3.18404, 3.18527, 3.18652, 3.18778, 3.18906, 3.19034, 3.19164, 3.19295, 3.19428, 3.19562, 3.19697, 3.19833, 3.19971, 3.2011, 3.20251, 3.20393, 3.20536, 3.20681, 3.20828, 3.20975, 3.21124, 3.21275, 3.21427, 3.21581, 3.21736, 3.21893, 3.22051, 3.22211, 3.22372, 3.22535, 3.227, 3.22866, 3.23034, 3.23203, 3.23374, 3.23547, 3.23722, 3.23898, 3.24076, 3.24256, 3.24437, 3.24621, 3.24806, 3.24993, 3.25182, 3.25373, 3.25565, 3.2576, 3.25956, 3.26155, 3.26355, 3.26557, 3.26762, 3.26968, 3.27176, 3.27387, 3.276, 3.27814, 3.28031, 3.2825, 3.28472, 3.28695, 3.28921, 3.29149, 3.29379, 3.29612, 3.29846, 3.30084, 3.30323, 3.30565, 3.3081, 3.31057, 3.31306, 3.31559, 3.31813, 3.3207, 3.3233, 3.32593, 3.32858, 3.33126, 3.33396, 3.3367, 3.33946, 3.34225, 3.34507, 3.34792, 3.3508, 3.3537, 3.35664, 3.35961, 3.36261, 3.36564, 3.3687, 3.3718, 3.37493, 3.37809, 3.38128, 3.38451, 3.38777, 3.39107, 3.3944, 3.39777, 3.40117, 3.40461, 3.40809, 3.41161, 3.41516, 3.41875, 3.42238, 3.42605, 3.42976, 3.43351, 3.4373, 3.44114, 3.44502, 3.44893, 3.4529, 3.45691, 3.46096, 3.46506, 3.4692, 3.47339, 3.47763, 3.48191, 3.48625, 3.49063, 3.49507, 3.49955, 3.50409, 3.50868, 3.51333, 3.51803, 3.52278, 3.52759, 3.53245, 3.53738, 3.54236, 3.5474, 3.5525, 3.55767, 3.56289, 3.56818, 3.57354, 3.57896, 3.58444, 3.59, 3.59562, 3.60131, 3.60708, 3.61291, 3.61882, 3.62481, 3.63087, 3.63701, 3.64322, 3.64952, 3.6559, 3.66236, 3.66891, 3.67554, 3.68226, 3.68907, 3.69598, 3.70297, 3.71006, 3.71725, 3.72453, 3.73191, 3.7394, 3.74699, 3.75468, 3.76249, 3.7704, 3.77843, 3.78657, 3.79483, 3.80321, 3.81171, 3.82033, 3.82909, 3.83797, 3.84698, 3.85614, 3.86543, 3.87486, 3.88444, 3.89416, 3.90404, 3.91407, 3.92426, 3.93461, 3.94513, 3.95582, 3.96669, 3.97773, 3.98895, 4.00037, 4.01197, 4.02377, 4.03577, 4.04798, 4.06041, 4.07305, 4.08591, 4.09901, 4.11234, 4.12591, 4.13973, 4.15381, 4.16815, 4.18276, 4.19765, 4.21283, 4.2283, 4.24408, 4.26017, 4.27658, 4.29333, 4.31042, 4.32786, 4.34568, 4.36387, 4.38245, 4.40143, 4.42083, 4.44067, 4.46095, 4.4817, 4.50292, 4.52465, 4.54689, 4.56966, 4.59299, 4.6169, 4.64142, 4.66655, 4.69234, 4.71881, 4.74598, 4.77389, 4.80258, 4.83207, 4.8624, 4.89361, 4.92574, 4.95884, 4.99296, 5.02815, 5.06446, 5.10195, 5.14069, 5.18074, 5.22219, 5.26511, 5.30959, 5.35572, 5.40362, 5.45339, 5.50516, 5.55907, 5.61528, 5.67395, 5.73527, 5.79945, 5.86673, 5.93737, 6.01168, 6.09001, 6.17275, 6.26037, 6.3534, 6.45249, 6.55839, 6.67201, 6.79442, 6.92689, 7.0709, 7.22816, 7.40055, 7.59003, 7.79849, 8.02751, 8.27791, 8.54933, 8.83957, 9.14399, 9.45493, 9.7612, 10.048, 10.2973, 10.4884, 10.5995, 10.6097, 10.5008, 10.2599, 9.88102, 9.36646, 8.72656, 7.98148, 7.17275, 6.31915, 5.45352, 4.60739, 3.80843, 3.07845, 2.43234, 1.87784, 1.41608, 1.04277, 0.749631, 0.525978, 0.360132, 0.240576, 0.156774, 0.0996468, 0.0617684, 0.0373365, 0.0220047, 0.0126435, 0.00708162, 0.00386588, 0.00205638, 0.00106536, 0.000537037, 0.000262802, 0.000124122, 5.56592e-05, 2.23897e-05, 5.53691e-06, 2.41608e-06, 1.03497e-06, 4.31762e-07, 1.75412e-07, 6.94022e-08, 2.67415e-08, 1.00345e-08, 3.66695e-09, 1.30501e-09, 4.52293e-10, 1.5266e-10, 5.01798e-11, 1.60632e-11, 5.00762e-12, 1.52031e-12, 4.49499e-13, 1.29427e-13, 3.62928e-14, 9.91093e-15, 2.63577e-15, 6.82649e-16, 1.72182e-16, 4.22936e-17, 1.01172e-17, 2.35693e-18, 5.34724e-19, 1.18144e-19, 2.54209e-20, 5.32685e-21, 1.08705e-21, 2.16035e-22, 4.18118e-23, 7.88082e-24, 1.44658e-24, 2.58591e-25, 4.50175e-26, 7.63218e-27, 1.26013e-27, 2.02618e-28, 3.17278e-29, 4.83839e-30, 7.18555e-31, 1.03924e-31, 1.46377e-32, 2.00784e-33, 2.68214e-34, 3.48925e-35, 4.42061e-36, 5.45419e-37, 6.55356e-38, 7.66871e-39, 8.73908e-40, 9.69857e-41, 1.04821e-41, 1.10328e-42, 1.1309e-43, 1.12891e-44, 1.09747e-45, 1.03902e-46, 9.57978e-48, 8.60171e-49, 7.52163e-50, 6.40527e-51, 5.31204e-52, 4.29026e-53, 3.37446e-54, 2.58478e-55, 1.92815e-56, 1.40074e-57, 9.90993e-59, 6.82783e-60, 4.58135e-61, 2.99366e-62, 1.90506e-63, 1.18063e-64, 7.12556e-66, 4.18814e-67, 2.3973e-68, 1.33635e-69, 7.25466e-71, 3.83542e-72, 1.97472e-73, 9.90142e-75, 4.8349e-76, 2.2992e-77, 1.06479e-78, 4.80227e-80, 2.10926e-81, 9.02217e-83, 3.75829e-84, 1.52464e-85, 6.02343e-87, 2.31749e-88, 8.68341e-90, 3.16855e-91, 1.12598e-92, 3.89669e-94, 1.31329e-95, 4.31047e-97, 1.3778e-98, 4.28889e-100, 1.30018e-101, 3.83847e-103, 1.1036e-104, 3.09004e-106, 8.42587e-108, 2.2375e-109, 5.78642e-111, 1.45732e-112, 3.57435e-114, 8.53765e-116
3.14363, 3.14446, 3.14531, 3.14616, 3.14702, 3.14789, 3.14876, 3.14965, 3.15055, 3.15145, 3.15237, 3.15329, 3.15423, 3.15517, 3.15613, 3.15709, 3.15807, 3.15905, 3.16004, 3.16105, 3.16206, 3.16309, 3.16413, 3.16517, 3.16623, 3.1673, 3.16838, 3.16947, 3.17057, 3.17168, 3.1728, 3.17394, 3.17508, 3.17624, 3.17741, 3.17859, 3.17978, 3.18099, 3.1822, 3.18343, 3.18467, 3.18593, 3.18719, 3.18847, 3.18976, 3.19107, 3.19239, 3.19372, 3.19506, 3.19642, 3.19779, 3.19917, 3.20057, 3.20198, 3.2034, 3.20484, 3.2063, 3.20776, 3.20925, 3.21074, 3.21225, 3.21378, 3.21532, 3.21688, 3.21845, 3.22004, 3.22164, 3.22326, 3.22489, 3.22654, 3.22821, 3.22989, 3.23159, 3.23331, 3.23504, 3.23679, 3.23856, 3.24035, 3.24215, 3.24397, 3.24581, 3.24766, 3.24954, 3.25143, 3.25334, 3.25527, 3.25722, 3.25919, 3.26118, 3.26319, 3.26522, 3.26727, 3.26933, 3.27142, 3.27353, 3.27566, 3.27781, 3.27999, 3.28218, 3.2844, 3.28664, 3.2889, 3.29118, 3.29349, 3.29582, 3.29817, 3.30055, 3.30295, 3.30537, 3.30782, 3.31029, 3.31279, 3.31532, 3.31787, 3.32044, 3.32304, 3.32567, 3.32833, 3.33101, 3.33372, 3.33645, 3.33922, 3.34201, 3.34483, 3.34769, 3.35057, 3.35348, 3.35642, 3.35939, 3.36239, 3.36542, 3.36849, 3.37159, 3.37472, 3.37788, 3.38108, 3.38431, 3.38757, 3.39087, 3.3942, 3.39757, 3.40098, 3.40442, 3.4079, 3.41141, 3.41497, 3.41856, 3.42219, 3.42586, 3.42957, 3.43332, 3.43711, 3.44095, 3.44483, 3.44874, 3.45271, 3.45671, 3.46077, 3.46486, 3.469, 3.47319, 3.47743, 3.48172, 3.48605, 3.49043, 3.49486, 3.49935, 3.50388, 3.50847, 3.51311, 3.51781, 3.52256, 3.52736, 3.53223, 3.53715, 3.54212, 3.54716, 3.55226, 3.55742, 3.56264, 3.56792, 3.57327, 3.57868, 3.58416, 3.58971, 3.59533, 3.60101, 3.60677, 3.61259, 3.6185, 3.62447, 3.63052, 3.63665, 3.64286, 3.64915, 3.65551, 3.66196, 3.6685, 3.67512, 3.68183, 3.68863, 3.69551, 3.70249, 3.70957, 3.71674, 3.724, 3.73137, 3.73884, 3.74641, 3.75409, 3.76187, 3.76976, 3.77777, 3.78589, 3.79413, 3.80248, 3.81096, 3.81956, 3.82828, 3.83714, 3.84613, 3.85525, 3.86451, 3.87391, 3.88345, 3.89314, 3.90299, 3.91298, 3.92313, 3.93345, 3.94393, 3.95457, 3.96539, 3.97639, 3.98757, 3.99893, 4.01048, 4.02223, 4.03418, 4.04633, 4.0587, 4.07128, 4.08408, 4.0971, 4.11036, 4.12386, 4.13761, 4.15161, 4.16587, 4.1804, 4.1952, 4.21029, 4.22567, 4.24134, 4.25733, 4.27364, 4.29027, 4.30725, 4.32457, 4.34225, 4.36031, 4.37875, 4.39759, 4.41684, 4.43652, 4.45664, 4.47721, 4.49825, 4.51979, 4.54183, 4.56439, 4.5875, 4.61118, 4.63545, 4.66033, 4.68585, 4.71204, 4.73891, 4.76651, 4.79486, 4.824, 4.85395, 4.88477, 4.91649, 4.94915, 4.9828, 5.01749, 5.05327, 5.0902, 5.12834, 5.16775, 5.20851, 5.2507, 5.29439, 5.33968, 5.38667, 5.43546, 5.48617, 5.53894, 5.5939, 5.65122, 5.71107, 5.77364, 5.83915, 5.90785, 5.98, 6.05594, 6.13602, 6.22065, 6.3103, 6.40556, 6.50709, 6.61569, 6.73231, 6.85809, 6.9944, 7.14285, 7.3053, 7.48386, 7.68077, 7.89826, 8.1383, 8.40219, 8.69003, 9.00011, 9.32817, 9.66673, 10.0046, 10.3266, 10.6138, 10.8443, 10.9949, 11.0423, 10.9665, 10.7523, 10.3922, 9.88727, 9.24852, 8.49591, 7.65709, 6.76486, 5.8542, 4.95911, 4.10978, 3.3304, 2.63784, 2.04131, 1.54289, 1.13868, 0.820349, 0.576805, 0.395738, 0.264886, 0.172948, 0.110134, 0.0683937, 0.0414148, 0.0244508, 0.0140728, 0.00789533, 0.00431716, 0.00230019, 0.00119368, 0.00060279, 0.000295595, 0.000140087, 6.31352e-05, 2.57135e-05, 6.74761e-06, 2.94183e-06, 1.26053e-06, 5.25998e-07, 2.13754e-07, 8.45949e-08, 3.26041e-08, 1.22377e-08, 4.47326e-09, 1.59239e-09, 5.5204e-10, 1.86377e-10, 6.1279e-11, 1.96214e-11, 6.11852e-12, 1.85807e-12, 5.49511e-13, 1.58266e-13, 4.43915e-14, 1.21258e-14, 3.22565e-15, 8.3565e-16, 2.10829e-16, 5.18005e-17, 1.23947e-17, 2.88827e-18, 6.55446e-19, 1.44855e-19, 3.11768e-20, 6.53471e-21, 1.33389e-21, 2.65162e-22, 5.13336e-23, 9.67812e-24, 1.77696e-24, 3.17734e-25, 5.53284e-26, 9.38277e-27, 1.54957e-27, 2.49225e-28, 3.90365e-29, 5.95452e-30, 8.84549e-31, 1.27966e-31, 1.80288e-32, 2.47365e-33, 3.30527e-34, 4.30104e-35, 5.45054e-36, 6.72672e-37, 8.08473e-38, 9.46294e-39, 1.07866e-39, 1.19741e-40, 1.29449e-41, 1.36286e-42, 1.39735e-43, 1.39526e-44, 1.35677e-45, 1.28485e-46, 1.18495e-47, 1.06425e-48, 9.30864e-50, 7.92916e-51, 6.57758e-52, 5.31378e-53, 4.18061e-54, 3.20312e-55, 2.39005e-56, 1.73675e-57, 1.22904e-58, 8.47019e-60, 5.68485e-61, 3.71572e-62, 2.36518e-63, 1.46617e-64, 8.85124e-66, 5.2038e-67, 2.97945e-68, 1.6613e-69, 9.02113e-71, 4.77057e-72, 2.45685e-73, 1.23221e-74, 6.01851e-76, 2.8628e-77, 1.32615e-78, 5.98262e-80, 2.62838e-81, 1.12456e-82, 4.68573e-84, 1.90138e-85, 7.51379e-87, 2.89166e-88, 1.08376e-89, 3.95564e-91, 1.40605e-92, 4.86721e-94, 1.64081e-95, 5.38686e-97, 1.72231e-98, 5.3627e-100, 1.62613e-101, 4.80202e-103, 1.38099e-104, 3.86773e-106, 1.05492e-107, 2.80209e-109, 7.24838e-111, 1.82599e-112, 4.47976e-114, 1.07031e-115
207.24
175.87
 
MEASUREMENT 19
1.56305, 4.67879, 7.79453, 10.9103, 14.0312, 17.1469, 20.2679, 23.3784, 26.4796, 29.5859, 32.6913, 35.8071, 38.9228, 42.0385, 45.1595, 48.2752, 51.3909, 54.5067, 57.6224, 60.7381, 63.8435, 66.9593, 70.0698, 73.1752, 76.2806, 79.3859, 82.4913, 85.5967, 88.7021, 91.8074, 94.9128, 98.0182, 101.1, 104.148, 107.196, 110.244, 113.292, 116.339, 119.387, 122.435, 125.483, 128.531, 131.574, 134.622, 137.67, 140.718, 143.766, 146.814, 149.861, 152.909, 155.957, 159.005, 162.053, 165.101, 168.149, 171.197, 174.245, 177.293, 180.341, 183.389, 186.436, 189.484, 192.532, 195.58, 198.621, 201.655, 204.688, 207.722, 210.756, 213.794, 216.838, 219.882, 222.926, 225.97, 229.014, 232.058, 235.102, 238.145, 241.189, 244.233, 247.277, 250.321, 253.37, 256.424, 259.478, 262.532, 265.586, 268.64, 271.695, 274.749, 277.803, 280.857, 283.911, 286.97, 290.035, 293.099
2.83784, 2.83969, 2.82428, 2.97728, 2.82668, 2.85563, 3.05707, 3.06864, 3.03218, 3.06533, 3.09668, 3.15919, 3.16122, 3.20103, 3.19662, 3.23005, 3.32474, 3.36379, 3.42467, 3.45208, 3.0804, 3.4177, 3.4316, 3.42566, 3.49301, 3.50758, 3.52863, 3.52076, 3.5694, 3.31456, 3.62761, 3.17246, 3.64104, 3.64871, 3.6801, 3.69836, 3.71382, 3.75077, 3.78322, 3.79917, 3.81555, 3.85641, 3.91129, 3.91522, 3.96451, 4.02287, 4.08315, 4.12066, 4.1652, 4.2008, 4.28757, 4.36133, 4.44755, 4.50766, 4.59895, 4.81569, 4.89184, 4.95922, 5.15196, 5.39945, 5.5838, 5.95443, 6.30509, 7.03415, 8.9182, 10.1691, 11.4428, 10.4653, 5.39431, 1.25994, 0.112317, 0.00984846, 0.0017957, -0.00350797, 0.00197738, 0.00225733, 0.00296995, -4.53406e-05, -0.00743676, -0.00123827, -0.0104027, -0.0430719, -0.00399191, -0.00446058, -0.0311654, -0.040185, -0.0103461, -0.0172216, -0.00245474, 0.000661071, -0.00416144, -0.00625037, -0.00706028, -0.00499585, -0.0134119, -0.0245802
0.0851351, 0.0851907, 0.0847283, 0.0893185, 0.0848004, 0.0856688, 0.091712, 0.0920593, 0.0909654, 0.0919598, 0.0929003, 0.0947758, 0.0948367, 0.0960309, 0.0958987, 0.0969016, 0.0997421, 0.100914, 0.10274, 0.103562, 0.0924121, 0.102531, 0.102948, 0.10277, 0.10479, 0.105227, 0.105859, 0.105623, 0.107082, 0.0994368, 0.108828, 0.0951738, 0.109231, 0.109461, 0.110403, 0.110951, 0.111415, 0.112523, 0.113497, 0.113975, 0.114466, 0.115692, 0.117339, 0.117457, 0.118935, 0.120686, 0.122495, 0.12362, 0.124956, 0.126024, 0.128627, 0.13084, 0.133426, 0.13523, 0.137969, 0.144471, 0.146755, 0.148777, 0.154559, 0.161984, 0.167514, 0.178633, 0.189153, 0.211024, 0.267546, 0.305073, 0.343284, 0.313958, 0.161829, 0.0377982, 0.00336951, 0.000295454, 5.38709e-05, 0.000105239, 5.93215e-05, 6.772e-05, 8.90986e-05, 1.36022e-06, 0.000223103, 3.71481e-05, 0.000312081, 0.00129216, 0.000119757, 0.000133818, 0.000934961, 0.00120555, 0.000310382, 0.000516649, 7.36422e-05, 1.98321e-05, 0.000124843, 0.000187511, 0.000211808, 0.000149876, 0.000402358, 0.000737406
0, 0.613815, 1.22763, 1.84144, 2.45526, 3.06907, 3.68289, 4.2967, 4.91052, 5.52433, 6.13815, 6.75196, 7.36578, 7.97959, 8.59341, 9.20722, 9.82104, 10.4349, 11.0487, 11.6625, 12.2763, 12.8901, 13.5039, 14.1177, 14.7316, 15.3454, 15.9592, 16.573, 17.1868, 17.8006, 18.4144, 19.0283, 19.6421, 20.2559, 20.8697, 21.4835, 22.0973, 22.7111, 23.325, 23.9388, 24.5526, 25.1664, 25.7802, 26.394, 27.0078, 27.6217, 28.2355, 28.8493, 29.4631, 30.0769, 30.6907, 31.3046, 31.9184, 32.5322, 33.146, 33.7598, 34.3736, 34.9874, 35.6013, 36.2151, 36.8289, 37.4427, 38.0565, 38.6703, 39.2841, 39.898, 40.5118, 41.1256, 41.7394, 42.3532, 42.967, 43.5808, 44.1947, 44.8085, 45.4223, 46.0361, 46.6499, 47.2637, 47.8775, 48.4914, 49.1052, 49.719, 50.3328, 50.9466, 51.5604, 52.1743, 52.7881, 53.4019, 54.0157, 54.6295, 55.2433, 55.8571, 56.471, 57.0848, 57.6986, 58.3124, 58.9262, 59.54, 60.1538, 60.7677, 61.3815, 61.9953, 62.6091, 63.2229, 63.8367, 64.4505, 65.0644, 65.6782, 66.292, 66.9058, 67.5196, 68.1334, 68.7473, 69.3611, 69.9749, 70.5887, 71.2025, 71.8163, 72.4301, 73.044, 73.6578, 74.2716, 74.8854, 75.4992, 76.113, 76.7268, 77.3407, 77.9545, 78.5683, 79.1821, 79.7959, 80.4097, 81.0235, 81.6374, 82.2512, 82.865, 83.4788, 84.0926, 84.7064, 85.3202, 85.9341, 86.5479, 87.1617, 87.7755, 88.3893, 89.0031, 89.617, 90.2308, 90.8446, 91.4584, 92.0722, 92.686, 93.2998, 93.9137, 94.5275, 95.1413, 95.7551, 96.3689, 96.9827, 97.5965, 98.2104, 98.8242, 99.438, 100.052, 100.666, 101.279, 101.893, 102.507, 103.121, 103.735, 104.349, 104.962, 105.576, 106.19, 106.804, 107.418, 108.031, 108.645, 109.259, 109.873, 110.487, 111.1, 111.714, 112.328, 112.942, 113.556, 114.17, 114.783, 115.397, 116.011, 116.625, 117.239, 117.852, 118.466, 119.08, 119.694, 120.308, 120.922, 121.535, 122.149, 122.763, 123.377, 123.991, 124.604, 125.218, 125.832, 126.446, 127.06, 127.673, 128.287, 128.901, 129.515, 130.129, 130.743, 131.356, 131.97, 132.584, 133.198, 133.812, 134.425, 135.039, 135.653, 136.267, 136.881, 137.495, 138.108, 138.722, 139.336, 139.95, 140.564, 141.177, 141.791, 142.405, 143.019, 143.633, 144.246, 144.86, 145.474, 146.088, 146.702, 147.316, 147.929, 148.543, 149.157, 149.771, 150.385, 150.998, 151.612, 152.226, 152.84, 153.454, 154.068, 154.681, 155.295, 155.909, 156.523, 157.137, 157.75, 158.364, 158.978, 159.592, 160.206, 160.819, 161.433, 162.047, 162.661, 163.275, 163.889, 164.502, 165.116, 165.73, 166.344, 166.958, 167.571, 168.185, 168.799, 169.413, 170.027, 170.64, 171.254, 171.868, 172.482, 173.096, 173.71, 174.323, 174.937, 175.551, 176.165, 176.779, 177.392, 178.006, 178.62, 179.234, 179.848, 180.462, 181.075, 181.689, 182.303, 182.917, 183.531, 184.144, 184.758, 185.372, 185.986, 186.6, 187.213, 187.827, 188.441, 189.055, 189.669, 190.283, 190.896, 191.51, 192.124, 192.738, 193.352, 193.965, 194.579, 195.193, 195.807, 196.421, 197.035, 197.648, 198.262, 198.876, 199.49, 200.104, 200.717, 201.331, 201.945, 202.559, 203.173, 203.786, 204.4, 205.014, 205.628, 206.242, 206.856, 207.469, 208.083, 208.697, 209.311, 209.925, 210.538, 211.152, 211.766, 212.38, 212.994, 213.608, 214.221, 214.835, 215.449, 216.063, 216.677, 217.29, 217.904, 218.518, 219.132, 219.746, 220.359, 220.973, 221.587, 222.201, 222.815, 223.429, 224.042, 224.656, 225.27, 225.884, 226.498, 227.111, 227.725, 228.339, 228.953, 229.567, 230.181, 230.794, 231.408, 232.022, 232.636, 233.25, 233.863, 234.477, 235.091, 235.705, 236.319, 236.932, 237.546, 238.16, 238.774, 239.388, 240.002, 240.615, 241.229, 241.843, 242.457, 243.071, 243.684, 244.298, 244.912, 245.526, 246.14, 246.754, 247.367, 247.981, 248.595, 249.209, 249.823, 250.436, 251.05, 251.664, 252.278, 252.892, 253.505, 254.119, 254.733, 255.347, 255.961, 256.575, 257.188, 257.802, 258.416, 259.03, 259.644, 260.257, 260.871, 261.485, 262.099, 262.713, 263.327, 263.94, 264.554, 265.168, 265.782, 266.396, 267.009, 267.623, 268.237, 268.851, 269.465, 270.078, 270.692, 271.306, 271.92, 272.534, 273.148, 273.761, 274.375, 274.989, 275.603, 276.217, 276.83, 277.444, 278.058, 278.672, 279.286, 279.9, 280.513, 281.127, 281.741, 282.355, 282.969, 283.582, 284.196, 284.81, 285.424, 286.038, 286.651, 287.265, 287.879, 288.493, 289.107, 289.721, 290.334, 290.948, 291.562, 292.176, 292.79, 293.403, 294.017
3.1521, 3.15291, 3.15373, 3.15456, 3.1554, 3.15625, 3.15711, 3.15798, 3.15885, 3.15974, 3.16063, 3.16154, 3.16245, 3.16337, 3.16431, 3.16525, 3.1662, 3.16716, 3.16814, 3.16912, 3.17011, 3.17112, 3.17213, 3.17315, 3.17419, 3.17523, 3.17629, 3.17736, 3.17843, 3.17952, 3.18062, 3.18173, 3.18286, 3.18399, 3.18513, 3.18629, 3.18746, 3.18864, 3.18983, 3.19104, 3.19225, 3.19348, 3.19472, 3.19598, 3.19724, 3.19852, 3.19981, 3.20111, 3.20243, 3.20376, 3.20511, 3.20646, 3.20783, 3.20922, 3.21061, 3.21203, 3.21345, 3.21489, 3.21635, 3.21781, 3.2193, 3.22079, 3.22231, 3.22383, 3.22538, 3.22693, 3.22851, 3.2301, 3.2317, 3.23332, 3.23496, 3.23661, 3.23828, 3.23996, 3.24166, 3.24338, 3.24512, 3.24687, 3.24864, 3.25043, 3.25223, 3.25406, 3.2559, 3.25776, 3.25963, 3.26153, 3.26344, 3.26538, 3.26733, 3.2693, 3.27129, 3.27331, 3.27534, 3.27739, 3.27946, 3.28155, 3.28367, 3.2858, 3.28796, 3.29014, 3.29234, 3.29456, 3.2968, 3.29907, 3.30135, 3.30367, 3.306, 3.30836, 3.31074, 3.31315, 3.31558, 3.31803, 3.32051, 3.32302, 3.32555, 3.3281, 3.33069, 3.33329, 3.33593, 3.33859, 3.34128, 3.344, 3.34674, 3.34952, 3.35232, 3.35515, 3.35801, 3.3609, 3.36382, 3.36677, 3.36975, 3.37276, 3.3758, 3.37888, 3.38198, 3.38512, 3.3883, 3.3915, 3.39474, 3.39802, 3.40133, 3.40467, 3.40806, 3.41147, 3.41493, 3.41842, 3.42195, 3.42551, 3.42912, 3.43276, 3.43645, 3.44017, 3.44394, 3.44775, 3.4516, 3.45549, 3.45942, 3.4634, 3.46743, 3.47149, 3.47561, 3.47977, 3.48397, 3.48823, 3.49253, 3.49689, 3.50129, 3.50574, 3.51024, 3.5148, 3.51941, 3.52407, 3.52879, 3.53356, 3.53839, 3.54327, 3.54822, 3.55322, 3.55828, 3.5634, 3.56859, 3.57384, 3.57915, 3.58452, 3.58996, 3.59547, 3.60105, 3.60669, 3.61241, 3.61819, 3.62405, 3.62999, 3.636, 3.64208, 3.64824, 3.65449, 3.66081, 3.66721, 3.6737, 3.68027, 3.68693, 3.69368, 3.70052, 3.70745, 3.71447, 3.72159, 3.7288, 3.73612, 3.74353, 3.75105, 3.75867, 3.76639, 3.77423, 3.78217, 3.79023, 3.79841, 3.8067, 3.81511, 3.82365, 3.83231, 3.84109, 3.85001, 3.85906, 3.86825, 3.87758, 3.88705, 3.89667, 3.90643, 3.91635, 3.92642, 3.93665, 3.94705, 3.95761, 3.96834, 3.97925, 3.99033, 4.0016, 4.01306, 4.02471, 4.03656, 4.04861, 4.06087, 4.07334, 4.08603, 4.09895, 4.1121, 4.12548, 4.1391, 4.15298, 4.16711, 4.18151, 4.19618, 4.21113, 4.22637, 4.2419, 4.25774, 4.27389, 4.29037, 4.30718, 4.32434, 4.34186, 4.35974, 4.378, 4.39665, 4.41571, 4.43518, 4.45509, 4.47545, 4.49627, 4.51758, 4.53938, 4.5617, 4.58456, 4.60798, 4.63198, 4.65658, 4.6818, 4.70768, 4.73424, 4.76151, 4.78951, 4.81829, 4.84787, 4.8783, 4.90961, 4.94184, 4.97504, 5.00926, 5.04455, 5.08096, 5.11855, 5.15739, 5.19754, 5.23908, 5.28208, 5.32665, 5.37287, 5.42084, 5.47068, 5.52251, 5.57647, 5.6327, 5.69138, 5.75269, 5.81683, 5.88403, 5.95455, 6.02868, 6.10675, 6.18914, 6.27629, 6.3687, 6.46697, 6.57181, 6.68405, 6.80471, 6.93501, 7.07643, 7.23072, 7.39995, 7.58645, 7.79275, 8.02136, 8.27438, 8.55304, 8.8569, 9.18299, 9.52487, 9.8717, 10.2077, 10.5122, 10.7601, 10.9238, 10.9753, 10.8896, 10.6482, 10.2415, 9.67147, 8.9514, 8.1106, 7.19542, 6.23627, 5.27554, 4.35255, 3.49994, 2.74135, 2.09044, 1.55128, 1.11985, 0.786144, 0.536528, 0.355896, 0.229403, 0.14366, 0.0873894, 0.0516299, 0.0296211, 0.0165006, 0.0089235, 0.00468416, 0.00238601, 0.00117879, 0.000564206, 0.000260902, 0.000115683, 4.80386e-05, 1.69573e-05, 4.38025e-06, 1.78501e-06, 7.05446e-07, 2.70341e-07, 1.00458e-07, 3.61978e-08, 1.26475e-08, 4.285e-09, 1.40774e-09, 4.48456e-10, 1.38529e-10, 4.14942e-11, 1.2052e-11, 3.39433e-12, 9.26989e-13, 2.45482e-13, 6.30361e-14, 1.56958e-14, 3.78969e-15, 8.87253e-16, 2.01426e-16, 4.43414e-17, 9.46516e-18, 1.95916e-18, 3.93222e-19, 7.65298e-20, 1.44427e-20, 2.64295e-21, 4.68981e-22, 8.06948e-23, 1.34636e-23, 2.17822e-24, 3.41716e-25, 5.19822e-26, 7.66777e-27, 1.09675e-27, 1.52114e-28, 2.04578e-29, 2.6679e-30, 3.3737e-31, 4.13684e-32, 4.91875e-33, 5.67107e-34, 6.34015e-35, 6.87321e-36, 7.22509e-37, 7.36465e-38, 7.27922e-39, 6.97658e-40, 6.48373e-41, 5.84294e-42, 5.10578e-43, 4.32631e-44, 3.55466e-45, 2.83206e-46, 2.18792e-47, 1.63902e-48, 1.19059e-49, 8.38619e-51, 5.72784e-52, 3.79352e-53, 2.43623e-54, 1.51711e-55, 9.16097e-57, 5.36402e-58, 3.04553e-59, 1.67672e-60, 8.95122e-62, 4.6337e-63, 2.32594e-64, 1.13212e-65, 5.34333e-67, 2.44543e-68, 1.08523e-69, 4.66998e-71, 1.94864e-72, 7.88446e-74, 3.09341e-75, 1.17686e-76, 4.3415e-78, 1.55302e-79, 5.3869e-81, 1.81186e-82, 5.90929e-84, 1.86883e-85, 5.73097e-87, 1.70416e-88, 4.91381e-90, 1.37388e-91, 3.72482e-93, 9.79231e-95, 2.49626e-96, 6.17045e-98, 1.479e-99, 3.43752e-101, 7.74722e-103, 1.69305e-104, 3.58772e-106, 7.37211e-108, 1.46889e-109, 2.83798e-111, 5.31686e-113, 9.65882e-115, 1.70144e-116, 2.90626e-118, 4.81366e-120, 7.7311e-122, 1.20401e-123, 1.81821e-125, 2.66245e-127, 3.78044e-129, 5.20509e-131, 6.94925e-133
3.1521, 3.15293, 3.15376, 3.15461, 3.15546, 3.15632, 3.1572, 3.15808, 3.15897, 3.15987, 3.16078, 3.1617, 3.16263, 3.16357, 3.16451, 3.16547, 3.16644, 3.16742, 3.16841, 3.16941, 3.17041, 3.17143, 3.17246, 3.1735, 3.17455, 3.17561, 3.17669, 3.17777, 3.17886, 3.17997, 3.18109, 3.18221, 3.18335, 3.1845, 3.18567, 3.18684, 3.18803, 3.18922, 3.19043, 3.19165, 3.19289, 3.19413, 3.19539, 3.19666, 3.19795, 3.19924, 3.20055, 3.20188, 3.20321, 3.20456, 3.20592, 3.2073, 3.20869, 3.21009, 3.21151, 3.21294, 3.21438, 3.21584, 3.21732, 3.2188, 3.22031, 3.22182, 3.22336, 3.2249, 3.22647, 3.22804, 3.22964, 3.23125, 3.23287, 3.23451, 3.23617, 3.23784, 3.23953, 3.24124, 3.24296, 3.2447, 3.24646, 3.24824, 3.25003, 3.25184, 3.25367, 3.25551, 3.25737, 3.25926, 3.26116, 3.26308, 3.26502, 3.26697, 3.26895, 3.27095, 3.27296, 3.275, 3.27705, 3.27913, 3.28123, 3.28334, 3.28548, 3.28764, 3.28983, 3.29203, 3.29425, 3.2965, 3.29877, 3.30106, 3.30338, 3.30572, 3.30808, 3.31047, 3.31288, 3.31531, 3.31777, 3.32025, 3.32276, 3.32529, 3.32785, 3.33044, 3.33305, 3.33569, 3.33835, 3.34105, 3.34377, 3.34651, 3.34929, 3.3521, 3.35493, 3.35779, 3.36068, 3.36361, 3.36656, 3.36954, 3.37256, 3.3756, 3.37868, 3.38179, 3.38493, 3.3881, 3.39131, 3.39456, 3.39783, 3.40114, 3.40449, 3.40787, 3.41129, 3.41475, 3.41824, 3.42177, 3.42534, 3.42894, 3.43259, 3.43628, 3.44, 3.44377, 3.44757, 3.45142, 3.45532, 3.45925, 3.46323, 3.46725, 3.47132, 3.47543, 3.47959, 3.4838, 3.48805, 3.49235, 3.4967, 3.5011, 3.50555, 3.51006, 3.51461, 3.51922, 3.52388, 3.52859, 3.53336, 3.53818, 3.54306, 3.548, 3.553, 3.55806, 3.56318, 3.56836, 3.5736, 3.5789, 3.58427, 3.58971, 3.59521, 3.60078, 3.60642, 3.61212, 3.6179, 3.62376, 3.62968, 3.63568, 3.64176, 3.64791, 3.65414, 3.66045, 3.66685, 3.67332, 3.67988, 3.68653, 3.69327, 3.70009, 3.70701, 3.71402, 3.72112, 3.72832, 3.73561, 3.74301, 3.75051, 3.75811, 3.76582, 3.77363, 3.78156, 3.7896, 3.79775, 3.80602, 3.81441, 3.82292, 3.83155, 3.84031, 3.8492, 3.85823, 3.86739, 3.87668, 3.88612, 3.89571, 3.90544, 3.91532, 3.92535, 3.93555, 3.9459, 3.95642, 3.96711, 3.97798, 3.98902, 4.00024, 4.01165, 4.02325, 4.03505, 4.04704, 4.05924, 4.07166, 4.08429, 4.09714, 4.11022, 4.12353, 4.13709, 4.15089, 4.16494, 4.17926, 4.19385, 4.20871, 4.22385, 4.23929, 4.25503, 4.27108, 4.28745, 4.30415, 4.3212, 4.33859, 4.35634, 4.37447, 4.39298, 4.41189, 4.43122, 4.45097, 4.47116, 4.49181, 4.51294, 4.53455, 4.55667, 4.57932, 4.60252, 4.62628, 4.65064, 4.67561, 4.70122, 4.7275, 4.75447, 4.78216, 4.81061, 4.83984, 4.8699, 4.90081, 4.93263, 4.9654, 4.99915, 5.03394, 5.06982, 5.10685, 5.14509, 5.1846, 5.22546, 5.26774, 5.31153, 5.35691, 5.40398, 5.45285, 5.50363, 5.55646, 5.61146, 5.66881, 5.72867, 5.79122, 5.85669, 5.9253, 5.99733, 6.07308, 6.15288, 6.23714, 6.32631, 6.42091, 6.52157, 6.62902, 6.74415, 6.86803, 7.00195, 7.1475, 7.30658, 7.48143, 7.67467, 7.88914, 8.1278, 8.39327, 8.68739, 9.01035, 9.35981, 9.72979, 10.1097, 10.4836, 10.83, 11.1226, 11.3317, 11.4269, 11.3805, 11.1709, 10.7863, 10.2271, 9.50696, 8.65256, 7.70075, 6.69501, 5.68071, 4.70055, 3.79048, 2.97706, 2.27621, 1.69347, 1.22553, 0.862395, 0.589937, 0.392206, 0.25336, 0.158999, 0.0969196, 0.057375, 0.0329813, 0.0184073, 0.00997314, 0.00524468, 0.00267636, 0.00132468, 0.000635276, 0.000294477, 0.00013106, 5.4772e-05, 1.96976e-05, 5.34217e-06, 2.17482e-06, 8.59768e-07, 3.29583e-07, 1.2251e-07, 4.41575e-08, 1.54334e-08, 5.23052e-09, 1.7189e-09, 5.47751e-10, 1.69254e-10, 5.07132e-11, 1.47342e-11, 4.15105e-12, 1.134e-12, 3.00396e-13, 7.71613e-14, 1.92189e-14, 4.64177e-15, 1.08708e-15, 2.46869e-16, 5.4362e-17, 1.16078e-17, 2.4034e-18, 4.82536e-19, 9.39413e-20, 1.77341e-20, 3.24627e-21, 5.76217e-22, 9.91773e-23, 1.65525e-23, 2.67878e-24, 4.20376e-25, 6.39678e-26, 9.43866e-27, 1.35047e-27, 1.87362e-28, 2.5206e-29, 3.28815e-30, 4.15933e-31, 5.10175e-32, 6.06792e-33, 6.99818e-34, 7.82627e-35, 8.4869e-36, 8.92416e-37, 9.09936e-38, 8.9966e-39, 8.62522e-40, 8.01838e-41, 7.22816e-42, 6.3182e-43, 5.35529e-44, 4.40146e-45, 3.50781e-46, 2.71081e-47, 2.03136e-48, 1.47604e-49, 1.04e-50, 7.10551e-52, 4.70739e-53, 3.02405e-54, 1.88375e-55, 1.13784e-56, 6.66443e-58, 3.78503e-59, 2.08449e-60, 1.11315e-61, 5.76415e-63, 2.89427e-64, 1.40918e-65, 6.65302e-67, 3.04576e-68, 1.35206e-69, 5.81998e-71, 2.42924e-72, 9.83204e-74, 3.8587e-75, 1.46846e-76, 5.41887e-78, 1.93901e-79, 6.72781e-81, 2.26356e-82, 7.38473e-84, 2.33615e-85, 7.16626e-87, 2.13161e-88, 6.14818e-90, 1.71953e-91, 4.66334e-93, 1.22633e-94, 3.12712e-96, 7.73221e-98, 1.85391e-99, 4.31018e-101, 9.71688e-103, 2.12414e-104, 4.50259e-106, 9.25479e-108, 1.84457e-109, 3.56489e-111, 6.6807e-113, 1.21401e-114, 2.13917e-116, 3.65505e-118, 6.05571e-120, 9.72883e-122, 1.51558e-123, 2.28941e-125, 3.35344e-127, 4.76302e-129, 6.5599e-131, 8.76065e-133
207.77
176.13
 
MEASUREMENT 20
1.56305, 4.67879, 7.79453, 10.9103, 14.0312, 17.1469, 20.2679, 23.3784, 26.4796, 29.5859, 32.6913, 35.8071, 38.9228, 42.0385, 45.1595, 48.2752, 51.3909, 54.5067, 57.6224, 60.7381, 63.8435, 66.9593, 70.0698, 73.1752, 76.2806, 79.3859, 82.4913, 85.5967, 88.7021, 91.8074, 94.9128, 98.0182, 101.1, 104.148, 107.196, 110.244, 113.292, 116.339, 119.387, 122.435, 125.483, 128.531, 131.574, 134.622, 137.67, 140.718, 143.766, 146.814, 149.861, 152.909, 155.957, 159.005, 162.053, 165.101, 168.149, 171.197, 174.245, 177.293, 180.341, 183.389, 186.436, 189.484, 192.532, 195.58, 198.621, 201.655, 204.688, 207.722, 210.756, 213.794, 216.838, 219.882, 222.926, 225.97, 229.014, 232.058, 235.102, 238.145, 241.189, 244.233, 247.277, 250.321, 253.37, 256.424, 259.478, 262.532, 265.586, 268.64, 271.695, 274.749, 277.803, 280.857, 283.911, 286.97, 290.035, 293.099
2.84181, 2.83538, 2.82356, 2.97804, 2.82462, 2.85915, 3.0867, 3.07189, 3.03808, 3.06978, 3.09593, 3.16326, 3.16206, 3.20574, 3.19759, 3.2212, 3.33279, 3.37118, 3.40922, 3.45548, 3.10281, 3.42061, 3.43319, 3.42773, 3.50304, 3.50633, 3.53441, 3.52149, 3.5761, 3.32099, 3.62614, 3.17059, 3.64754, 3.65044, 3.67955, 3.69973, 3.72178, 3.74839, 3.78499, 3.79786, 3.80844, 3.85826, 3.91087, 3.91815, 3.95852, 4.02405, 4.08495, 4.12189, 4.15758, 4.20135, 4.29122, 4.36243, 4.44343, 4.51084, 4.59729, 4.82456, 4.89221, 4.95555, 5.1621, 5.39954, 5.58392, 5.95138, 6.30721, 6.9873, 8.9224, 10.1665, 11.4376, 10.467, 5.3928, 1.25119, 0.113461, 0.0106441, -1.18525e-05, -0.000975213, 0.00197772, 0.00299648, 0.00390917, 0.00170156, -0.007241, -0.000479996, -0.0131189, -0.0429651, 0.00104762, -0.00154753, -0.0264366, -0.0407692, -0.011437, -0.0169564, -0.00165469, 3.42508e-05, -0.00448248, -0.00261573, -0.00481197, -0.00484766, -0.0114358, -0.0259133
0.0852543, 0.0850613, 0.0847068, 0.0893412, 0.0847387, 0.0857746, 0.0926009, 0.0921568, 0.0911423, 0.0920935, 0.0928779, 0.0948977, 0.0948619, 0.0961722, 0.0959278, 0.0966359, 0.0999838, 0.101135, 0.102276, 0.103664, 0.0930842, 0.102618, 0.102996, 0.102832, 0.105091, 0.10519, 0.106032, 0.105645, 0.107283, 0.0996297, 0.108784, 0.0951176, 0.109426, 0.109513, 0.110387, 0.110992, 0.111653, 0.112452, 0.11355, 0.113936, 0.114253, 0.115748, 0.117326, 0.117545, 0.118756, 0.120721, 0.122548, 0.123657, 0.124727, 0.12604, 0.128737, 0.130873, 0.133303, 0.135325, 0.137919, 0.144737, 0.146766, 0.148667, 0.154863, 0.161986, 0.167518, 0.178541, 0.189216, 0.209619, 0.267672, 0.304995, 0.343128, 0.314011, 0.161784, 0.0375358, 0.00340384, 0.000319322, 3.55574e-07, 2.92564e-05, 5.93315e-05, 8.98943e-05, 0.000117275, 5.10469e-05, 0.00021723, 1.43999e-05, 0.000393567, 0.00128895, 3.14287e-05, 4.64258e-05, 0.000793098, 0.00122308, 0.000343109, 0.000508692, 4.96406e-05, 1.02752e-06, 0.000134474, 7.8472e-05, 0.000144359, 0.00014543, 0.000343073, 0.0007774
0, 0.613815, 1.22763, 1.84144, 2.45526, 3.06907, 3.68289, 4.2967, 4.91052, 5.52433, 6.13815, 6.75196, 7.36578, 7.97959, 8.59341, 9.20722, 9.82104, 10.4349, 11.0487, 11.6625, 12.2763, 12.8901, 13.5039, 14.1177, 14.7316, 15.3454, 15.9592, 16.573, 17.1868, 17.8006, 18.4144, 19.0283, 19.6421, 20.2559, 20.8697, 21.4835, 22.0973, 22.7111, 23.325, 23.9388, 24.5526, 25.1664, 25.7802, 26.394, 27.0078, 27.6217, 28.2355, 28.8493, 29.4631, 30.0769, 30.6907, 31.3046, 31.9184, 32.5322, 33.146, 33.7598, 34.3736, 34.9874, 35.6013, 36.2151, 36.8289, 37.4427, 38.0565, 38.6703, 39.2841, 39.898, 40.5118, 41.1256, 41.7394, 42.3532, 42.967, 43.5808, 44.1947, 44.8085, 45.4223, 46.0361, 46.6499, 47.2637, 47.8775, 48.4914, 49.1052, 49.719, 50.3328, 50.9466, 51.5604, 52.1743, 52.7881, 53.4019, 54.0157, 54.6295, 55.2433, 55.8571, 56.471, 57.0848, 57.6986, 58.3124, 58.9262, 59.54, 60.1538, 60.7677, 61.3815, 61.9953, 62.6091, 63.2229, 63.8367, 64.4505, 65.0644, 65.6782, 66.292, 66.9058, 67.5196, 68.1334, 68.7473, 69.3611, 69.9749, 70.5887, 71.2025, 71.8163, 72.4301, 73.044, 73.6578, 74.2716, 74.8854, 75.4992, 76.113, 76.7268, 77.3407, 77.9545, 78.5683, 79.1821, 79.7959, 80.4097, 81.0235, 81.6374, 82.2512, 82.865, 83.4788, 84.0926, 84.7064, 85.3202, 85.9341, 86.5479, 87.1617, 87.7755, 88.3893, 89.0031, 89.617, 90.2308, 90.8446, 91.4584, 92.0722, 92.686, 93.2998, 93.9137, 94.5275, 95.1413, 95.7551, 96.3689, 96.9827, 97.5965, 98.2104, 98.8242, 99.438, 100.052, 100.666, 101.279, 101.893, 102.507, 103.121, 103.735, 104.349, 104.962, 105.576, 106.19, 106.804, 107.418, 108.031, 108.645, 109.259, 109.873, 110.487, 111.1, 111.714, 112.328, 112.942, 113.556, 114.17, 114.783, 115.397, 116.011, 116.625, 117.239, 117.852, 118.466, 119.08, 119.694, 120.308, 120.922, 121.535, 122.149, 122.763, 123.377, 123.991, 124.604, 125.218, 125.832, 126.446, 127.06, 127.673, 128.287, 128.901, 129.515, 130.129, 130.743, 131.356, 131.97, 132.584, 133.198, 133.812, 134.425, 135.039, 135.653, 136.267, 136.881, 137.495, 138.108, 138.722, 139.336, 139.95, 140.564, 141.177, 141.791, 142.405, 143.019, 143.633, 144.246, 144.86, 145.474, 146.088, 146.702, 147.316, 147.929, 148.543, 149.157, 149.771, 150.385, 150.998, 151.612, 152.226, 152.84, 153.454, 154.068, 154.681, 155.295, 155.909, 156.523, 157.137, 157.75, 158.364, 158.978, 159.592, 160.206, 160.819, 161.433, 162.047, 162.661, 163.275, 163.889, 164.502, 165.116, 165.73, 166.344, 166.958, 167.571, 168.185, 168.799, 169.413, 170.027, 170.64, 171.254, 171.868, 172.482, 173.096, 173.71, 174.323, 174.937, 175.551, 176.165, 176.779, 177.392, 178.006, 178.62, 179.234, 179.848, 180.462, 181.075, 181.689, 182.303, 182.917, 183.531, 184.144, 184.758, 185.372, 185.986, 186.6, 187.213, 187.827, 188.441, 189.055, 189.669, 190.283, 190.896, 191.51, 192.124, 192.738, 193.352, 193.965, 194.579, 195.193, 195.807, 196.421, 197.035, 197.648, 198.262, 198.876, 199.49, 200.104, 200.717, 201.331, 201.945, 202.559, 203.173, 203.786, 204.4, 205.014, 205.628, 206.242, 206.856, 207.469, 208.083, 208.697, 209.311, 209.925, 210.538, 211.152, 211.766, 212.38, 212.994, 213.608, 214.221, 214.835, 215.449, 216.063, 216.677, 217.29, 217.904, 218.518, 219.132, 219.746, 220.359, 220.973, 221.587, 222.201, 222.815, 223.429, 224.042, 224.656, 225.27, 225.884, 226.498, 227.111, 227.725, 228.339, 228.953, 229.567, 230.181, 230.794, 231.408, 232.022, 232.636, 233.25, 233.863, 234.477, 235.091, 235.705, 236.319, 236.932, 237.546, 238.16, 238.774, 239.388, 240.002, 240.615, 241.229, 241.843, 242.457, 243.071, 243.684, 244.298, 244.912, 245.526, 246.14, 246.754, 247.367, 247.981, 248.595, 249.209, 249.823, 250.436, 251.05, 251.664, 252.278, 252.892, 253.505, 254.119, 254.733, 255.347, 255.961, 256.575, 257.188, 257.802, 258.416, 259.03, 259.644, 260.257, 260.871, 261.485, 262.099, 262.713, 263.327, 263.94, 264.554, 265.168, 265.782, 266.396, 267.009, 267.623, 268.237, 268.851, 269.465, 270.078, 270.692, 271.306, 271.92, 272.534, 273.148, 273.761, 274.375, 274.989, 275.603, 276.217, 276.83, 277.444, 278.058, 278.672, 279.286, 279.9, 280.513, 281.127, 281.741, 282.355, 282.969, 283.582, 284.196, 284.81, 285.424, 286.038, 286.651, 287.265, 287.879, 288.493, 289.107, 289.721, 290.334, 290.948, 291.562, 292.176, 292.79, 293.403, 294.017
3.19504, 3.19578, 3.19653, 3.19729, 3.19806, 3.19884, 3.19962, 3.20042, 3.20122, 3.20203, 3.20285, 3.20368, 3.20452, 3.20537, 3.20623, 3.2071, 3.20797, 3.20886, 3.20976, 3.21066, 3.21158, 3.2125, 3.21344, 3.21438, 3.21534, 3.21631, 3.21728, 3.21827, 3.21926, 3.22027, 3.22129, 3.22232, 3.22336, 3.22441, 3.22547, 3.22654, 3.22762, 3.22872, 3.22982, 3.23094, 3.23207, 3.23321, 3.23436, 3.23553, 3.2367, 3.23789, 3.23909, 3.2403, 3.24153, 3.24277, 3.24402, 3.24528, 3.24656, 3.24785, 3.24915, 3.25046, 3.25179, 3.25313, 3.25449, 3.25586, 3.25724, 3.25864, 3.26005, 3.26147, 3.26291, 3.26437, 3.26584, 3.26732, 3.26882, 3.27033, 3.27186, 3.2734, 3.27496, 3.27654, 3.27813, 3.27974, 3.28136, 3.283, 3.28465, 3.28633, 3.28801, 3.28972, 3.29144, 3.29318, 3.29494, 3.29672, 3.29851, 3.30032, 3.30215, 3.30399, 3.30586, 3.30774, 3.30965, 3.31157, 3.31351, 3.31547, 3.31745, 3.31945, 3.32148, 3.32352, 3.32558, 3.32766, 3.32976, 3.33189, 3.33403, 3.3362, 3.33839, 3.3406, 3.34284, 3.34509, 3.34737, 3.34968, 3.352, 3.35435, 3.35673, 3.35912, 3.36155, 3.36399, 3.36647, 3.36896, 3.37149, 3.37404, 3.37661, 3.37921, 3.38184, 3.3845, 3.38718, 3.38989, 3.39263, 3.3954, 3.39819, 3.40102, 3.40387, 3.40676, 3.40967, 3.41262, 3.41559, 3.4186, 3.42164, 3.42471, 3.42782, 3.43095, 3.43412, 3.43733, 3.44057, 3.44384, 3.44715, 3.45049, 3.45387, 3.45729, 3.46074, 3.46423, 3.46776, 3.47133, 3.47494, 3.47858, 3.48227, 3.48599, 3.48976, 3.49357, 3.49742, 3.50132, 3.50526, 3.50924, 3.51327, 3.51734, 3.52146, 3.52562, 3.52984, 3.5341, 3.53841, 3.54276, 3.54717, 3.55163, 3.55615, 3.56071, 3.56533, 3.57, 3.57473, 3.57951, 3.58435, 3.58925, 3.5942, 3.59922, 3.60429, 3.60943, 3.61463, 3.61989, 3.62521, 3.6306, 3.63606, 3.64159, 3.64718, 3.65284, 3.65858, 3.66438, 3.67026, 3.67622, 3.68225, 3.68836, 3.69454, 3.70081, 3.70716, 3.71359, 3.7201, 3.72671, 3.73339, 3.74017, 3.74704, 3.754, 3.76106, 3.76821, 3.77545, 3.7828, 3.79025, 3.79781, 3.80547, 3.81323, 3.82111, 3.8291, 3.8372, 3.84542, 3.85376, 3.86222, 3.87081, 3.87952, 3.88836, 3.89733, 3.90644, 3.91569, 3.92507, 3.9346, 3.94428, 3.95411, 3.9641, 3.97424, 3.98454, 3.99501, 4.00565, 4.01646, 4.02745, 4.03862, 4.04997, 4.06152, 4.07326, 4.08521, 4.09735, 4.10971, 4.12229, 4.13509, 4.14811, 4.16137, 4.17488, 4.18862, 4.20263, 4.21689, 4.23142, 4.24623, 4.26132, 4.27671, 4.2924, 4.3084, 4.32472, 4.34137, 4.35836, 4.3757, 4.3934, 4.41148, 4.42995, 4.44881, 4.46809, 4.4878, 4.50794, 4.52855, 4.54963, 4.5712, 4.59329, 4.6159, 4.63906, 4.66279, 4.68712, 4.71206, 4.73764, 4.76389, 4.79084, 4.81851, 4.84694, 4.87616, 4.90621, 4.93713, 4.96895, 5.00172, 5.03548, 5.07029, 5.10619, 5.14326, 5.18153, 5.22109, 5.262, 5.30434, 5.3482, 5.39366, 5.44082, 5.48979, 5.54069, 5.59364, 5.64878, 5.70627, 5.76628, 5.829, 5.89464, 5.96342, 6.03562, 6.11153, 6.19148, 6.27584, 6.36504, 6.45959, 6.56004, 6.66706, 6.78144, 6.90409, 7.03612, 7.1789, 7.33407, 7.50374, 7.69057, 7.89803, 8.13055, 8.39367, 8.69384, 9.03752, 9.42907, 9.86687, 10.3379, 10.8114, 11.2349, 11.5339, 11.6215, 11.4145, 10.8567, 9.93926, 8.70924, 7.28339, 5.78753, 4.35594, 3.09776, 2.07749, 1.3118, 0.778877, 0.434395, 0.227373, 0.111613, 0.0513514, 0.022132, 0.00893098, 0.00337223, 0.00119, 0.000391024, 0.000117951, 3.03786e-05, 4.98936e-06, 1.29423e-06, 3.13363e-07, 7.08194e-08, 1.49392e-08, 2.94151e-09, 5.40608e-10, 9.27393e-11, 1.48496e-11, 2.21939e-12, 3.09615e-13, 4.03161e-14, 4.90009e-15, 5.55902e-16, 5.88655e-17, 5.81824e-18, 5.36774e-19, 4.62231e-20, 3.71531e-21, 2.7874e-22, 1.95197e-23, 1.27589e-24, 7.78434e-26, 4.43301e-27, 2.35637e-28, 1.16911e-29, 5.4142e-31, 2.34036e-32, 9.44272e-34, 3.55615e-35, 1.25006e-36, 4.10154e-38, 1.25612e-39, 3.59073e-41, 9.58079e-43, 2.38609e-44, 5.54676e-46, 1.20353e-47, 2.4375e-49, 4.60784e-51, 8.1305e-53, 1.33907e-54, 2.05852e-56, 2.95375e-58, 3.95602e-60, 4.9455e-62, 5.77069e-64, 6.28508e-66, 6.3894e-68, 6.06282e-70, 5.36977e-72, 4.43917e-74, 3.42542e-76, 2.46713e-78, 1.65857e-80, 1.04074e-82, 6.0956e-85, 3.33239e-87, 1.70043e-89, 8.09894e-92, 3.60049e-94, 1.49403e-96, 5.78661e-99, 2.09195e-101, 7.05902e-104, 2.22332e-106, 6.53617e-109, 1.79353e-111, 4.59366e-114, 1.09818e-116, 2.45048e-119, 5.1038e-122, 9.92201e-125, 1.8004e-127, 3.04932e-130, 4.82059e-133, 7.11314e-136, 9.79683e-139, 1.25943e-141, 1.51121e-144, 1.69254e-147, 1.76936e-150, 1.72646e-153, 1.57239e-156, 1.33667e-159, 1.06061e-162, 7.855e-166, 5.43001e-169, 3.50362e-172, 2.11007e-175, 1.18615e-178, 6.2236e-182, 3.04795e-185, 1.39327e-188, 5.94466e-192, 2.36744e-195, 8.80022e-199, 3.0533e-202, 9.88797e-206, 2.98887e-209, 8.43271e-213, 2.2207e-216, 5.4585e-220, 1.25233e-223, 2.68179e-227, 5.36035e-231, 1.00005e-234, 1.74145e-238, 2.83049e-242, 4.29411e-246, 6.08059e-250, 8.03672e-254, 9.91453e-258, 1.14163e-261, 1.22699e-265, 1.23088e-269, 1.15253e-273, 1.00727e-277, 8.21681e-282
3.19504, 3.19584, 3.19666, 3.19748, 3.19832, 3.19916, 3.20001, 3.20087, 3.20174, 3.20262, 3.20351, 3.20441, 3.20531, 3.20623, 3.20716, 3.20809, 3.20904, 3.20999, 3.21096, 3.21193, 3.21292, 3.21392, 3.21492, 3.21594, 3.21697, 3.218, 3.21905, 3.22011, 3.22118, 3.22226, 3.22335, 3.22446, 3.22557, 3.2267, 3.22783, 3.22898, 3.23014, 3.23131, 3.23249, 3.23369, 3.2349, 3.23612, 3.23735, 3.23859, 3.23985, 3.24112, 3.2424, 3.24369, 3.245, 3.24632, 3.24765, 3.249, 3.25036, 3.25173, 3.25312, 3.25452, 3.25593, 3.25736, 3.2588, 3.26026, 3.26173, 3.26321, 3.26471, 3.26623, 3.26776, 3.2693, 3.27086, 3.27244, 3.27403, 3.27563, 3.27726, 3.27889, 3.28055, 3.28222, 3.28391, 3.28561, 3.28733, 3.28907, 3.29082, 3.29259, 3.29438, 3.29619, 3.29801, 3.29985, 3.30171, 3.30359, 3.30549, 3.30741, 3.30934, 3.31129, 3.31327, 3.31526, 3.31727, 3.3193, 3.32135, 3.32343, 3.32552, 3.32763, 3.32977, 3.33192, 3.3341, 3.3363, 3.33852, 3.34076, 3.34303, 3.34531, 3.34762, 3.34996, 3.35231, 3.3547, 3.3571, 3.35953, 3.36198, 3.36446, 3.36696, 3.36949, 3.37204, 3.37462, 3.37723, 3.37986, 3.38252, 3.3852, 3.38791, 3.39065, 3.39342, 3.39622, 3.39905, 3.4019, 3.40478, 3.4077, 3.41064, 3.41362, 3.41662, 3.41966, 3.42272, 3.42582, 3.42896, 3.43212, 3.43532, 3.43855, 3.44182, 3.44512, 3.44845, 3.45182, 3.45523, 3.45867, 3.46215, 3.46567, 3.46923, 3.47282, 3.47645, 3.48012, 3.48383, 3.48758, 3.49138, 3.49521, 3.49908, 3.503, 3.50696, 3.51097, 3.51502, 3.51911, 3.52325, 3.52744, 3.53167, 3.53596, 3.54029, 3.54466, 3.54909, 3.55357, 3.5581, 3.56269, 3.56732, 3.57201, 3.57675, 3.58155, 3.58641, 3.59132, 3.59629, 3.60131, 3.6064, 3.61155, 3.61676, 3.62203, 3.62737, 3.63277, 3.63823, 3.64377, 3.64937, 3.65504, 3.66078, 3.66659, 3.67247, 3.67843, 3.68446, 3.69057, 3.69675, 3.70301, 3.70936, 3.71578, 3.72229, 3.72889, 3.73557, 3.74233, 3.74919, 3.75614, 3.76318, 3.77031, 3.77754, 3.78487, 3.7923, 3.79983, 3.80746, 3.8152, 3.82305, 3.831, 3.83907, 3.84726, 3.85556, 3.86397, 3.87251, 3.88118, 3.88997, 3.89889, 3.90794, 3.91713, 3.92645, 3.93592, 3.94552, 3.95528, 3.96519, 3.97525, 3.98546, 3.99584, 4.00638, 4.01709, 4.02797, 4.03903, 4.05027, 4.0617, 4.07331, 4.08512, 4.09713, 4.10934, 4.12176, 4.13439, 4.14725, 4.16033, 4.17364, 4.1872, 4.20099, 4.21504, 4.22935, 4.24392, 4.25876, 4.27389, 4.2893, 4.30501, 4.32103, 4.33737, 4.35402, 4.37102, 4.38836, 4.40605, 4.42412, 4.44256, 4.46139, 4.48063, 4.50029, 4.52038, 4.54092, 4.56192, 4.5834, 4.60538, 4.62787, 4.6509, 4.67448, 4.69864, 4.7234, 4.74878, 4.7748, 4.8015, 4.82889, 4.85702, 4.88591, 4.91559, 4.94611, 4.97749, 5.00978, 5.04302, 5.07725, 5.11253, 5.1489, 5.18643, 5.22516, 5.26518, 5.30654, 5.34932, 5.39359, 5.43946, 5.48701, 5.53634, 5.58757, 5.64082, 5.69623, 5.75393, 5.81409, 5.87689, 5.94253, 6.01122, 6.0832, 6.15875, 6.23817, 6.32181, 6.41005, 6.50333, 6.60217, 6.70714, 6.81892, 6.9383, 7.06622, 7.20379, 7.35235, 7.51355, 7.68944, 7.88265, 8.09658, 8.33575, 8.60621, 8.91593, 9.27495, 9.69485, 10.1866, 10.7561, 11.3971, 12.082, 12.7536, 13.3223, 13.6736, 13.6874, 13.2686, 12.3776, 11.0503, 9.39868, 7.58756, 5.79671, 4.18086, 2.84133, 1.81671, 1.09149, 0.615588, 0.325645, 0.16147, 0.0750046, 0.0326232, 0.0132805, 0.0050574, 0.00179993, 0.000597055, 0.000182699, 4.87769e-05, 9.12789e-06, 2.36624e-06, 5.7385e-07, 1.299e-07, 2.74465e-08, 5.41295e-09, 9.96438e-10, 1.71213e-10, 2.74593e-11, 4.11067e-12, 5.74385e-13, 7.49139e-14, 9.11991e-15, 1.0363e-15, 1.09913e-16, 1.08813e-17, 1.0055e-18, 8.67262e-20, 6.9821e-21, 5.24674e-22, 3.6801e-23, 2.40934e-24, 1.47232e-25, 8.398e-27, 4.47111e-28, 2.22189e-29, 1.03061e-30, 4.46206e-32, 1.80319e-33, 6.80168e-35, 2.39473e-36, 7.86978e-38, 2.41399e-39, 6.91152e-41, 1.84705e-42, 4.60733e-44, 1.07272e-45, 2.33125e-47, 4.72886e-49, 8.95344e-51, 1.5823e-52, 2.61007e-54, 4.01867e-56, 5.77533e-58, 7.74705e-60, 9.69976e-62, 1.13358e-63, 1.23653e-65, 1.25899e-67, 1.19648e-69, 1.06134e-71, 8.78751e-74, 6.79113e-76, 4.89871e-78, 3.29827e-80, 2.07278e-82, 1.21587e-84, 6.65704e-87, 3.40205e-89, 1.62279e-91, 7.22518e-94, 3.0026e-96, 1.16469e-98, 4.21683e-101, 1.42503e-103, 4.49496e-106, 1.3234e-108, 3.63678e-111, 9.32838e-114, 2.23336e-116, 4.99083e-119, 1.041e-121, 2.02669e-124, 3.6829e-127, 6.24673e-130, 9.88957e-133, 1.46138e-135, 2.01564e-138, 2.59492e-141, 3.11814e-144, 3.49726e-147, 3.6612e-150, 3.57749e-153, 3.26284e-156, 2.77763e-159, 2.20706e-162, 1.63687e-165, 1.13312e-168, 7.32145e-172, 4.4155e-175, 2.48555e-178, 1.30595e-181, 6.40457e-185, 2.93167e-188, 1.25256e-191, 4.99509e-195, 1.8593e-198, 6.45971e-202, 2.09478e-205, 6.34049e-209, 1.79129e-212, 4.72357e-216, 1.16261e-219, 2.6709e-223, 5.72717e-227, 1.14626e-230, 2.14132e-234, 3.73373e-238, 6.07662e-242, 9.23083e-246, 1.30881e-249, 1.7321e-253, 2.13958e-257, 2.46685e-261, 2.6547e-265, 2.66653e-269, 2.49998e-273, 2.18768e-277, 1.78686e-281
209.97
177.20
 
MEASUREMENT 21
1.56305, 4.67879, 7.79453, 10.9103, 14.0312, 17.1469, 20.2679, 23.3784, 26.4796, 29.5859, 32.6913, 35.8071, 38.9228, 42.0385, 45.1595, 48.2752, 51.3909, 54.5067, 57.6224, 60.7381, 63.8435, 66.9593, 70.0698, 73.1752, 76.2806, 79.3859, 82.4913, 85.5967, 88.7021, 91.8074, 94.9128, 98.0182, 101.1, 104.148, 107.196, 110.244, 113.292, 116.339, 119.387, 122.435, 125.483, 128.531, 131.574, 134.622, 137.67, 140.718, 143.766, 146.814, 149.861, 152.909, 155.957, 159.005, 162.053, 165.101, 168.149, 171.197, 174.245, 177.293, 180.341, 183.389, 186.436, 189.484, 192.532, 195.58, 198.621, 201.655, 204.688, 207.722, 210.756, 213.794, 216.838, 219.882, 222.926, 225.97, 229.014, 232.058, 235.102, 238.145, 241.189, 244.233, 247.277, 250.321, 253.37, 256.424, 259.478, 262.532, 265.586, 268.64, 271.695, 274.749, 277.803, 280.857, 283.911, 286.97, 290.035, 293.099
2.8375, 2.84078, 2.8274, 2.98121, 2.82723, 2.85891, 3.07562, 3.07334, 3.03414, 3.06724, 3.09899, 3.16655, 3.16685, 3.20514, 3.19905, 3.23064, 3.33174, 3.37279, 3.42179, 3.45751, 3.10399, 3.42387, 3.43528, 3.42618, 3.49981, 3.51015, 3.52912, 3.5262, 3.56938, 3.31403, 3.63155, 3.1759, 3.64796, 3.65392, 3.68131, 3.70154, 3.72246, 3.75255, 3.78725, 3.8045, 3.81828, 3.86131, 3.91554, 3.91826, 3.96489, 4.02833, 4.08879, 4.12837, 4.16503, 4.20562, 4.29276, 4.36582, 4.45765, 4.5098, 4.60885, 4.81885, 4.89483, 4.96434, 5.16426, 5.40377, 5.59326, 5.95991, 6.31427, 7.01262, 8.924, 10.1776, 11.4488, 10.476, 5.40214, 1.25044, 0.111843, 0.00873352, 0.00203177, -0.000322756, 0.00593, 0.00272669, 0.00105665, 0.00153886, -0.0100442, -0.00356444, -0.0107083, -0.0404256, -0.00324349, -0.00208973, -0.0270838, -0.0389741, -0.0120378, -0.0172863, -0.00316915, 0.000203384, -0.00373132, -0.00501226, -0.00449014, -0.00500355, -0.0117355, -0.0264104
0.0851251, 0.0852235, 0.084822, 0.0894362, 0.0848169, 0.0857672, 0.0922687, 0.0922002, 0.0910243, 0.0920171, 0.0929698, 0.0949966, 0.0950056, 0.0961543, 0.0959714, 0.0969193, 0.0999521, 0.101184, 0.102654, 0.103725, 0.0931196, 0.102716, 0.103058, 0.102785, 0.104994, 0.105305, 0.105873, 0.105786, 0.107081, 0.0994208, 0.108947, 0.0952769, 0.109439, 0.109618, 0.110439, 0.111046, 0.111674, 0.112576, 0.113617, 0.114135, 0.114548, 0.115839, 0.117466, 0.117548, 0.118947, 0.12085, 0.122664, 0.123851, 0.124951, 0.126169, 0.128783, 0.130975, 0.13373, 0.135294, 0.138265, 0.144566, 0.146845, 0.14893, 0.154928, 0.162113, 0.167798, 0.178797, 0.189428, 0.210379, 0.26772, 0.305328, 0.343463, 0.31428, 0.162064, 0.0375132, 0.0033553, 0.000262006, 6.09531e-05, 9.68269e-06, 0.0001779, 8.18008e-05, 3.16995e-05, 4.61657e-05, 0.000301326, 0.000106933, 0.00032125, 0.00121277, 9.73046e-05, 6.2692e-05, 0.000812513, 0.00116922, 0.000361135, 0.00051859, 9.50745e-05, 6.10153e-06, 0.00011194, 0.000150368, 0.000134704, 0.000150107, 0.000352066, 0.000792312
0, 0.613815, 1.22763, 1.84144, 2.45526, 3.06907, 3.68289, 4.2967, 4.91052, 5.52433, 6.13815, 6.75196, 7.36578, 7.97959, 8.59341, 9.20722, 9.82104, 10.4349, 11.0487, 11.6625, 12.2763, 12.8901, 13.5039, 14.1177, 14.7316, 15.3454, 15.9592, 16.573, 17.1868, 17.8006, 18.4144, 19.0283, 19.6421, 20.2559, 20.8697, 21.4835, 22.0973, 22.7111, 23.325, 23.9388, 24.5526, 25.1664, 25.7802, 26.394, 27.0078, 27.6217, 28.2355, 28.8493, 29.4631, 30.0769, 30.6907, 31.3046, 31.9184, 32.5322, 33.146, 33.7598, 34.3736, 34.9874, 35.6013, 36.2151, 36.8289, 37.4427, 38.0565, 38.6703, 39.2841, 39.898, 40.5118, 41.1256, 41.7394, 42.3532, 42.967, 43.5808, 44.1947, 44.8085, 45.4223, 46.0361, 46.6499, 47.2637, 47.8775, 48.4914, 49.1052, 49.719, 50.3328, 50.9466, 51.5604, 52.1743, 52.7881, 53.4019, 54.0157, 54.6295, 55.2433, 55.8571, 56.471, 57.0848, 57.6986, 58.3124, 58.9262, 59.54, 60.1538, 60.7677, 61.3815, 61.9953, 62.6091, 63.2229, 63.8367, 64.4505, 65.0644, 65.6782, 66.292, 66.9058, 67.5196, 68.1334, 68.7473, 69.3611, 69.9749, 70.5887, 71.2025, 71.8163, 72.4301, 73.044, 73.6578, 74.2716, 74.8854, 75.4992, 76.113, 76.7268, 77.3407, 77.9545, 78.5683, 79.1821, 79.7959, 80.4097, 81.0235, 81.6374, 82.2512, 82.865, 83.4788, 84.0926, 84.7064, 85.3202, 85.9341, 86.5479, 87.1617, 87.7755, 88.3893, 89.0031, 89.617, 90.2308, 90.8446, 91.4584, 92.0722, 92.686, 93.2998, 93.9137, 94.5275, 95.1413, 95.7551, 96.3689, 96.9827, 97.5965, 98.2104, 98.8242, 99.438, 100.052, 100.666, 101.279, 101.893, 102.507, 103.121, 103.735, 104.349, 104.962, 105.576, 106.19, 106.804, 107.418, 108.031, 108.645, 109.259, 109.873, 110.487, 111.1, 111.714, 112.328, 112.942, 113.556, 114.17, 114.783, 115.397, 116.011, 116.625, 117.239, 117.852, 118.466, 119.08, 119.694, 120.308, 120.922, 121.535, 122.149, 122.763, 123.377, 123.991, 124.604, 125.218, 125.832, 126.446, 127.06, 127.673, 128.287, 128.901, 129.515, 130.129, 130.743, 131.356, 131.97, 132.584, 133.198, 133.812, 134.425, 135.039, 135.653, 136.267, 136.881, 137.495, 138.108, 138.722, 139.336, 139.95, 140.564, 141.177, 141.791, 142.405, 143.019, 143.633, 144.246, 144.86, 145.474, 146.088, 146.702, 147.316, 147.929, 148.543, 149.157, 149.771, 150.385, 150.998, 151.612, 152.226, 152.84, 153.454, 154.068, 154.681, 155.295, 155.909, 156.523, 157.137, 157.75, 158.364, 158.978, 159.592, 160.206, 160.819, 161.433, 162.047, 162.661, 163.275, 163.889, 164.502, 165.116, 165.73, 166.344, 166.958, 167.571, 168.185, 168.799, 169.413, 170.027, 170.64, 171.254, 171.868, 172.482, 173.096, 173.71, 174.323, 174.937, 175.551, 176.165, 176.779, 177.392, 178.006, 178.62, 179.234, 179.848, 180.462, 181.075, 181.689, 182.303, 182.917, 183.531, 184.144, 184.758, 185.372, 185.986, 186.6, 187.213, 187.827, 188.441, 189.055, 189.669, 190.283, 190.896, 191.51, 192.124, 192.738, 193.352, 193.965, 194.579, 195.193, 195.807, 196.421, 197.035, 197.648, 198.262, 198.876, 199.49, 200.104, 200.717, 201.331, 201.945, 202.559, 203.173, 203.786, 204.4, 205.014, 205.628, 206.242, 206.856, 207.469, 208.083, 208.697, 209.311, 209.925, 210.538, 211.152, 211.766, 212.38, 212.994, 213.608, 214.221, 214.835, 215.449, 216.063, 216.677, 217.29, 217.904, 218.518, 219.132, 219.746, 220.359, 220.973, 221.587, 222.201, 222.815, 223.429, 224.042, 224.656, 225.27, 225.884, 226.498, 227.111, 227.725, 228.339, 228.953, 229.567, 230.181, 230.794, 231.408, 232.022, 232.636, 233.25, 233.863, 234.477, 235.091, 235.705, 236.319, 236.932, 237.546, 238.16, 238.774, 239.388, 240.002, 240.615, 241.229, 241.843, 242.457, 243.071, 243.684, 244.298, 244.912, 245.526, 246.14, 246.754, 247.367, 247.981, 248.595, 249.209, 249.823, 250.436, 251.05, 251.664, 252.278, 252.892, 253.505, 254.119, 254.733, 255.347, 255.961, 256.575, 257.188, 257.802, 258.416, 259.03, 259.644, 260.257, 260.871, 261.485, 262.099, 262.713, 263.327, 263.94, 264.554, 265.168, 265.782, 266.396, 267.009, 267.623, 268.237, 268.851, 269.465, 270.078, 270.692, 271.306, 271.92, 272.534, 273.148, 273.761, 274.375, 274.989, 275.603, 276.217, 276.83, 277.444, 278.058, 278.672, 279.286, 279.9, 280.513, 281.127, 281.741, 282.355, 282.969, 283.582, 284.196, 284.81, 285.424, 286.038, 286.651, 287.265, 287.879, 288.493, 289.107, 289.721, 290.334, 290.948, 291.562, 292.176, 292.79, 293.403, 294.017
3.15937, 3.16018, 3.161, 3.16182, 3.16266, 3.16351, 3.16436, 3.16523, 3.1661, 3.16698, 3.16788, 3.16878, 3.16969, 3.17061, 3.17154, 3.17248, 3.17343, 3.17439, 3.17536, 3.17634, 3.17733, 3.17833, 3.17934, 3.18036, 3.1814, 3.18244, 3.18349, 3.18456, 3.18563, 3.18672, 3.18781, 3.18892, 3.19004, 3.19117, 3.19231, 3.19347, 3.19463, 3.19581, 3.197, 3.1982, 3.19942, 3.20064, 3.20188, 3.20313, 3.20439, 3.20567, 3.20695, 3.20826, 3.20957, 3.2109, 3.21224, 3.21359, 3.21496, 3.21634, 3.21773, 3.21914, 3.22056, 3.222, 3.22345, 3.22491, 3.22639, 3.22789, 3.2294, 3.23092, 3.23246, 3.23401, 3.23558, 3.23717, 3.23877, 3.24038, 3.24202, 3.24367, 3.24533, 3.24701, 3.24871, 3.25042, 3.25215, 3.2539, 3.25567, 3.25745, 3.25925, 3.26107, 3.26291, 3.26476, 3.26663, 3.26853, 3.27044, 3.27236, 3.27431, 3.27628, 3.27827, 3.28027, 3.2823, 3.28435, 3.28641, 3.2885, 3.29061, 3.29274, 3.29489, 3.29706, 3.29926, 3.30147, 3.30371, 3.30597, 3.30825, 3.31056, 3.31289, 3.31524, 3.31762, 3.32002, 3.32244, 3.32489, 3.32736, 3.32986, 3.33239, 3.33493, 3.33751, 3.34011, 3.34274, 3.3454, 3.34808, 3.35079, 3.35352, 3.35629, 3.35908, 3.36191, 3.36476, 3.36764, 3.37055, 3.3735, 3.37647, 3.37947, 3.38251, 3.38557, 3.38867, 3.3918, 3.39497, 3.39817, 3.4014, 3.40466, 3.40796, 3.4113, 3.41467, 3.41808, 3.42152, 3.425, 3.42852, 3.43208, 3.43567, 3.43931, 3.44298, 3.4467, 3.45045, 3.45425, 3.45808, 3.46196, 3.46589, 3.46985, 3.47387, 3.47792, 3.48202, 3.48617, 3.49036, 3.4946, 3.49889, 3.50323, 3.50762, 3.51206, 3.51655, 3.52109, 3.52568, 3.53033, 3.53503, 3.53979, 3.5446, 3.54947, 3.55439, 3.55938, 3.56442, 3.56953, 3.57469, 3.57992, 3.58521, 3.59057, 3.59599, 3.60148, 3.60703, 3.61266, 3.61835, 3.62412, 3.62995, 3.63586, 3.64185, 3.64791, 3.65405, 3.66027, 3.66656, 3.67294, 3.6794, 3.68595, 3.69258, 3.6993, 3.70611, 3.71301, 3.72, 3.72709, 3.73427, 3.74155, 3.74893, 3.75642, 3.764, 3.77169, 3.77949, 3.7874, 3.79542, 3.80356, 3.81181, 3.82018, 3.82867, 3.83729, 3.84604, 3.85491, 3.86392, 3.87306, 3.88234, 3.89176, 3.90132, 3.91103, 3.9209, 3.93091, 3.94109, 3.95142, 3.96193, 3.9726, 3.98344, 3.99446, 4.00567, 4.01705, 4.02863, 4.04041, 4.05239, 4.06457, 4.07696, 4.08957, 4.1024, 4.11546, 4.12875, 4.14228, 4.15606, 4.1701, 4.18439, 4.19896, 4.2138, 4.22892, 4.24434, 4.26005, 4.27608, 4.29243, 4.30911, 4.32613, 4.3435, 4.36123, 4.37933, 4.39782, 4.41671, 4.43601, 4.45574, 4.47591, 4.49654, 4.51764, 4.53923, 4.56133, 4.58396, 4.60714, 4.63088, 4.65522, 4.68017, 4.70576, 4.73201, 4.75896, 4.78664, 4.81507, 4.84428, 4.87433, 4.90523, 4.93703, 4.96979, 5.00353, 5.03831, 5.07419, 5.11121, 5.14945, 5.18896, 5.22983, 5.27211, 5.31591, 5.3613, 5.40839, 5.45728, 5.5081, 5.56096, 5.61601, 5.67341, 5.73332, 5.79594, 5.86149, 5.93019, 6.00232, 6.07818, 6.15811, 6.24251, 6.33183, 6.42661, 6.52744, 6.63508, 6.7504, 6.87446, 7.00855, 7.15423, 7.31341, 7.48835, 7.68166, 7.89622, 8.13496, 8.40049, 8.6944, 9.01645, 9.36344, 9.72797, 10.0974, 10.453, 10.7701, 11.0191, 11.1676, 11.1837, 11.04, 10.7181, 10.2118, 9.52902, 8.68786, 7.74876, 6.74068, 5.71285, 4.71272, 3.78103, 2.94828, 2.23299, 1.6419, 1.17154, 0.810868, 0.544234, 0.354111, 0.223308, 0.136453, 0.080778, 0.0463191, 0.0257225, 0.0138321, 0.00720121, 0.00362888, 0.00176937, 0.000834047, 0.000379352, 0.000165596, 6.82524e-05, 2.49621e-05, 5.82585e-06, 2.29982e-06, 8.78003e-07, 3.24123e-07, 1.15701e-07, 3.9937e-08, 1.33298e-08, 4.30217e-09, 1.34264e-09, 4.05178e-10, 1.18234e-10, 3.3362e-11, 9.10277e-12, 2.40163e-12, 6.12704e-13, 1.51149e-13, 3.60557e-14, 8.31676e-15, 1.85501e-15, 4.00081e-16, 8.34378e-17, 1.68263e-17, 3.28116e-18, 6.18696e-19, 1.12808e-19, 1.98889e-20, 3.39075e-21, 5.58975e-22, 8.91047e-23, 1.37347e-23, 2.04716e-24, 2.95049e-25, 4.11196e-26, 5.54134e-27, 7.22092e-28, 9.09874e-29, 1.10862e-29, 1.30615e-30, 1.48805e-31, 1.63928e-32, 1.74623e-33, 1.7987e-34, 1.79155e-35, 1.72548e-36, 1.60695e-37, 1.44713e-38, 1.26015e-39, 1.06108e-40, 8.63949e-42, 6.80202e-43, 5.17845e-44, 3.81217e-45, 2.71367e-46, 1.86789e-47, 1.24325e-48, 8.00161e-50, 4.97974e-51, 2.99673e-52, 1.74382e-53, 9.81215e-55, 5.33875e-56, 2.80883e-57, 1.42897e-58, 7.02962e-60, 3.34389e-61, 1.5381e-62, 6.84111e-64, 2.94226e-65, 1.22362e-66, 4.92064e-68, 1.91342e-69, 7.19463e-71, 2.61588e-72, 9.19686e-74, 3.1266e-75, 1.02782e-76, 3.26716e-78, 1.00424e-79, 2.98478e-81, 8.57829e-83, 2.38397e-84, 6.40634e-86, 1.66468e-87, 4.18277e-89, 1.01627e-90, 2.3876e-92, 5.4241e-94, 1.19153e-95, 2.531e-97, 5.19865e-99, 1.03252e-100, 1.98299e-102, 3.68258e-104, 6.61295e-106, 1.14828e-107, 1.92803e-109, 3.13032e-111, 4.91445e-113, 7.46058e-115, 1.09517e-116, 1.55453e-118, 2.13368e-120, 2.83185e-122, 3.63431e-124, 4.51009e-126, 5.41201e-128, 6.27975e-130, 7.04592e-132, 7.6444e-134, 8.01974e-136, 8.13556e-138, 7.98042e-140, 7.56963e-142, 6.9428e-144
3.15937, 3.16019, 3.16102, 3.16187, 3.16272, 3.16358, 3.16445, 3.16533, 3.16622, 3.16712, 3.16802, 3.16894, 3.16987, 3.1708, 3.17175, 3.1727, 3.17367, 3.17464, 3.17563, 3.17663, 3.17763, 3.17865, 3.17968, 3.18071, 3.18176, 3.18282, 3.18389, 3.18497, 3.18606, 3.18716, 3.18828, 3.1894, 3.19054, 3.19169, 3.19285, 3.19402, 3.1952, 3.19639, 3.1976, 3.19882, 3.20005, 3.20129, 3.20255, 3.20382, 3.2051, 3.20639, 3.2077, 3.20902, 3.21035, 3.2117, 3.21305, 3.21443, 3.21581, 3.21721, 3.21863, 3.22005, 3.22149, 3.22295, 3.22442, 3.2259, 3.2274, 3.22892, 3.23045, 3.23199, 3.23355, 3.23512, 3.23671, 3.23832, 3.23994, 3.24158, 3.24323, 3.2449, 3.24659, 3.24829, 3.25001, 3.25174, 3.2535, 3.25527, 3.25706, 3.25886, 3.26068, 3.26253, 3.26438, 3.26626, 3.26816, 3.27007, 3.27201, 3.27396, 3.27593, 3.27792, 3.27993, 3.28197, 3.28402, 3.28609, 3.28818, 3.29029, 3.29243, 3.29458, 3.29676, 3.29896, 3.30117, 3.30342, 3.30568, 3.30797, 3.31028, 3.31261, 3.31497, 3.31735, 3.31975, 3.32218, 3.32463, 3.32711, 3.32961, 3.33214, 3.33469, 3.33727, 3.33988, 3.34251, 3.34517, 3.34785, 3.35056, 3.3533, 3.35607, 3.35887, 3.3617, 3.36455, 3.36744, 3.37035, 3.37329, 3.37627, 3.37928, 3.38231, 3.38538, 3.38848, 3.39162, 3.39478, 3.39798, 3.40122, 3.40448, 3.40779, 3.41112, 3.4145, 3.41791, 3.42135, 3.42483, 3.42835, 3.43191, 3.43551, 3.43914, 3.44282, 3.44653, 3.45029, 3.45408, 3.45792, 3.4618, 3.46572, 3.46969, 3.4737, 3.47776, 3.48186, 3.486, 3.4902, 3.49444, 3.49872, 3.50306, 3.50745, 3.51188, 3.51637, 3.52091, 3.5255, 3.53014, 3.53484, 3.5396, 3.5444, 3.54927, 3.55419, 3.55917, 3.56421, 3.56931, 3.57447, 3.5797, 3.58498, 3.59033, 3.59575, 3.60123, 3.60678, 3.6124, 3.61808, 3.62384, 3.62967, 3.63557, 3.64155, 3.6476, 3.65373, 3.65994, 3.66622, 3.67259, 3.67904, 3.68558, 3.6922, 3.69891, 3.7057, 3.71259, 3.71957, 3.72664, 3.73381, 3.74107, 3.74843, 3.7559, 3.76347, 3.77114, 3.77892, 3.78681, 3.79481, 3.80292, 3.81115, 3.8195, 3.82797, 3.83656, 3.84528, 3.85413, 3.86311, 3.87222, 3.88147, 3.89086, 3.90039, 3.91007, 3.9199, 3.92988, 3.94002, 3.95031, 3.96078, 3.97141, 3.98221, 3.99318, 4.00434, 4.01568, 4.02721, 4.03893, 4.05086, 4.06298, 4.07532, 4.08786, 4.10063, 4.11363, 4.12685, 4.14031, 4.15402, 4.16798, 4.1822, 4.19668, 4.21143, 4.22647, 4.24179, 4.25741, 4.27334, 4.28958, 4.30615, 4.32306, 4.34031, 4.35791, 4.37589, 4.39424, 4.41299, 4.43215, 4.45172, 4.47173, 4.49219, 4.51311, 4.53452, 4.55642, 4.57885, 4.60181, 4.62533, 4.64943, 4.67413, 4.69946, 4.72544, 4.7521, 4.77947, 4.80758, 4.83645, 4.86614, 4.89666, 4.92806, 4.96039, 4.99368, 5.02799, 5.06335, 5.09984, 5.1375, 5.1764, 5.21661, 5.25819, 5.30124, 5.34583, 5.39205, 5.44002, 5.48983, 5.54161, 5.5955, 5.65163, 5.71016, 5.77129, 5.83519, 5.9021, 5.97226, 6.04594, 6.12347, 6.20519, 6.29151, 6.38291, 6.47995, 6.58325, 6.69359, 6.81189, 6.93927, 7.0771, 7.22704, 7.39115, 7.57189, 7.77214, 7.99517, 8.2444, 8.52301, 8.83331, 9.17581, 9.54804, 9.94317, 10.3488, 10.7459, 11.1091, 11.4068, 11.6043, 11.6666, 11.563, 11.2718, 10.7842, 10.107, 9.26325, 8.29035, 7.23593, 6.15248, 5.09133, 4.09719, 3.20418, 2.43368, 1.79436, 1.2837, 0.890768, 0.599337, 0.390895, 0.247074, 0.151314, 0.08977, 0.0515838, 0.0287049, 0.0154667, 0.00806795, 0.00407346, 0.00198996, 0.000939907, 0.000428453, 0.00018768, 7.77432e-05, 2.8804e-05, 7.11189e-06, 2.80275e-06, 1.07037e-06, 3.95273e-07, 1.41147e-07, 4.87367e-08, 1.62725e-08, 5.25368e-09, 1.64015e-09, 4.95128e-10, 1.44532e-10, 4.07962e-11, 1.11349e-11, 2.93879e-12, 7.49998e-13, 1.85082e-13, 4.41651e-14, 1.01908e-14, 2.27376e-15, 4.90564e-16, 1.02343e-16, 2.06458e-17, 4.02733e-18, 7.59652e-19, 1.38555e-19, 2.44368e-20, 4.16751e-21, 6.87258e-22, 1.09591e-22, 1.68983e-23, 2.51954e-24, 3.63255e-25, 5.06422e-26, 6.82694e-27, 8.8992e-28, 1.12173e-28, 1.36721e-29, 1.61137e-30, 1.83639e-31, 2.02371e-32, 2.15646e-33, 2.22201e-34, 2.21393e-35, 2.133e-36, 1.98715e-37, 1.79012e-38, 1.55935e-39, 1.31346e-40, 1.0698e-41, 8.42557e-43, 6.41663e-44, 4.72527e-45, 3.36478e-46, 2.31685e-47, 1.5426e-48, 9.93154e-50, 6.1829e-51, 3.72202e-52, 2.16659e-53, 1.21951e-54, 6.63755e-56, 3.49333e-57, 1.7778e-58, 8.74858e-60, 4.16297e-61, 1.91549e-62, 8.52252e-64, 3.66663e-65, 1.52538e-66, 6.13619e-68, 2.38688e-69, 8.9779e-71, 3.26535e-72, 1.14841e-73, 3.90546e-75, 1.28428e-76, 4.08375e-78, 1.25565e-79, 3.73328e-81, 1.0733e-82, 2.98378e-84, 8.02085e-86, 2.0849e-87, 5.24037e-89, 1.27365e-90, 2.99328e-92, 6.8023e-94, 1.49477e-95, 3.17619e-97, 6.52602e-99, 1.29658e-100, 2.49095e-102, 4.62742e-104, 8.31235e-106, 1.44384e-107, 2.42508e-109, 3.93862e-111, 6.18547e-113, 9.39317e-115, 1.37931e-116, 1.9585e-118, 2.68902e-120, 3.57007e-122, 4.58322e-124, 5.6895e-126, 6.8295e-128, 7.92709e-130, 8.89713e-132, 9.65598e-134, 1.01334e-135, 1.0283e-137, 1.00902e-139, 9.57392e-142, 8.78394e-144
208.06
176.27
 
MEASUREMENT 22
1.56305, 4.67879, 7.79453, 10.9103, 14.0312, 17.1469, 20.2679, 23.3784, 26.4796, 29.5859, 32.6913, 35.8071, 38.9228, 42.0385, 45.1595, 48.2752, 51.3909, 54.5067, 57.6224, 60.7381, 63.8435, 66.9593, 70.0698, 73.1752, 76.2806, 79.3859, 82.4913, 85.5967, 88.7021, 91.8074, 94.9128, 98.0182, 101.1, 104.148, 107.196, 110.244, 113.292, 116.339, 119.387, 122.435, 125.483, 128.531, 131.574, 134.622, 137.67, 140.718, 143.766, 146.814, 149.861, 152.909, 155.957, 159.005, 162.053, 165.101, 168.149, 171.197, 174.245, 177.293, 180.341, 183.389, 186.436, 189.484, 192.532, 195.58, 198.621, 201.655, 204.688, 207.722, 210.756, 213.794, 216.838, 219.882, 222.926, 225.97, 229.014, 232.058, 235.102, 238.145, 241.189, 244.233, 247.277, 250.321, 253.37, 256.424, 259.478, 262.532, 265.586, 268.64, 271.695, 274.749, 277.803, 280.857, 283.911, 286.97, 290.035, 293.099
2.8387, 2.83826, 2.82087, 2.97734, 2.82638, 2.85828, 3.0704, 3.06921, 3.03363, 3.06615, 3.09848, 3.16245, 3.16245, 3.20165, 3.19861, 3.23528, 3.32814, 3.36212, 3.41803, 3.45386, 3.11222, 3.41757, 3.432, 3.42077, 3.49812, 3.50827, 3.53037, 3.5231, 3.57143, 3.31327, 3.6293, 3.16997, 3.65119, 3.64944, 3.68076, 3.69926, 3.71694, 3.74962, 3.78665, 3.80099, 3.81457, 3.85877, 3.91302, 3.9203, 3.96615, 4.02642, 4.0825, 4.12353, 4.1599, 4.20065, 4.29103, 4.36308, 4.44933, 4.50991, 4.60099, 4.81957, 4.89448, 4.96434, 5.15852, 5.40237, 5.58262, 5.95558, 6.30447, 7.01656, 8.91919, 10.1729, 11.4429, 10.4602, 5.38881, 1.2534, 0.111648, 0.00878879, 0.00351832, 0.00202065, -0.000588176, 0.00297868, 0.00207945, 0.000758014, -0.00501051, -0.00255371, -0.0130036, -0.0392546, 0.000187398, -0.00266832, -0.0242367, -0.0348921, -0.00990047, -0.0164518, -0.000992172, 0.0010527, -0.00455973, -0.00534726, -0.00659703, -0.00555786, -0.0114642, -0.0273587
0.085161, 0.0851477, 0.084626, 0.0893203, 0.0847913, 0.0857485, 0.092112, 0.0920762, 0.0910089, 0.0919845, 0.0929544, 0.0948734, 0.0948734, 0.0960494, 0.0959583, 0.0970584, 0.0998442, 0.100864, 0.102541, 0.103616, 0.0933666, 0.102527, 0.10296, 0.102623, 0.104943, 0.105248, 0.105911, 0.105693, 0.107143, 0.099398, 0.108879, 0.095099, 0.109536, 0.109483, 0.110423, 0.110978, 0.111508, 0.112488, 0.113599, 0.11403, 0.114437, 0.115763, 0.11739, 0.117609, 0.118984, 0.120793, 0.122475, 0.123706, 0.124797, 0.126019, 0.128731, 0.130892, 0.13348, 0.135297, 0.13803, 0.144587, 0.146834, 0.14893, 0.154756, 0.162071, 0.167479, 0.178667, 0.189134, 0.210497, 0.267576, 0.305188, 0.343287, 0.313806, 0.161664, 0.037602, 0.00334945, 0.000263664, 0.00010555, 6.06194e-05, 1.76453e-05, 8.93603e-05, 6.23836e-05, 2.27404e-05, 0.000150315, 7.66113e-05, 0.000390109, 0.00117764, 5.62194e-06, 8.00496e-05, 0.000727101, 0.00104676, 0.000297014, 0.000493553, 2.97652e-05, 3.15811e-05, 0.000136792, 0.000160418, 0.000197911, 0.000166736, 0.000343926, 0.000820761
0, 0.613815, 1.22763, 1.84144, 2.45526, 3.06907, 3.68289, 4.2967, 4.91052, 5.52433, 6.13815, 6.75196, 7.36578, 7.97959, 8.59341, 9.20722, 9.82104, 10.4349, 11.0487, 11.6625, 12.2763, 12.8901, 13.5039, 14.1177, 14.7316, 15.3454, 15.9592, 16.573, 17.1868, 17.8006, 18.4144, 19.0283, 19.6421, 20.2559, 20.8697, 21.4835, 22.0973, 22.7111, 23.325, 23.9388, 24.5526, 25.1664, 25.7802, 26.394, 27.0078, 27.6217, 28.2355, 28.8493, 29.4631, 30.0769, 30.6907, 31.3046, 31.9184, 32.5322, 33.146, 33.7598, 34.3736, 34.9874, 35.6013, 36.2151, 36.8289, 37.4427, 38.0565, 38.6703, 39.2841, 39.898, 40.5118, 41.1256, 41.7394, 42.3532, 42.967, 43.5808, 44.1947, 44.8085, 45.4223, 46.0361, 46.6499, 47.2637, 47.8775, 48.4914, 49.1052, 49.719, 50.3328, 50.9466, 51.5604, 52.1743, 52.7881, 53.4019, 54.0157, 54.6295, 55.2433, 55.8571, 56.471, 57.0848, 57.6986, 58.3124, 58.9262, 59.54, 60.1538, 60.7677, 61.3815, 61.9953, 62.6091, 63.2229, 63.8367, 64.4505, 65.0644, 65.6782, 66.292, 66.9058, 67.5196, 68.1334, 68.7473, 69.3611, 69.9749, 70.5887, 71.2025, 71.8163, 72.4301, 73.044, 73.6578, 74.2716, 74.8854, 75.4992, 76.113, 76.7268, 77.3407, 77.9545, 78.5683, 79.1821, 79.7959, 80.4097, 81.0235, 81.6374, 82.2512, 82.865, 83.4788, 84.0926, 84.7064, 85.3202, 85.9341, 86.5479, 87.1617, 87.7755, 88.3893, 89.0031, 89.617, 90.2308, 90.8446, 91.4584, 92.0722, 92.686, 93.2998, 93.9137, 94.5275, 95.1413, 95.7551, 96.3689, 96.9827, 97.5965, 98.2104, 98.8242, 99.438, 100.052, 100.666, 101.279, 101.893, 102.507, 103.121, 103.735, 104.349, 104.962, 105.576, 106.19, 106.804, 107.418, 108.031, 108.645, 109.259, 109.873, 110.487, 111.1, 111.714, 112.328, 112.942, 113.556, 114.17, 114.783, 115.397, 116.011, 116.625, 117.239, 117.852, 118.466, 119.08, 119.694, 120.308, 120.922, 121.535, 122.149, 122.763, 123.377, 123.991, 124.604, 125.218, 125.832, 126.446, 127.06, 127.673, 128.287, 128.901, 129.515, 130.129, 130.743, 131.356, 131.97, 132.584, 133.198, 133.812, 134.425, 135.039, 135.653, 136.267, 136.881, 137.495, 138.108, 138.722, 139.336, 139.95, 140.564, 141.177, 141.791, 142.405, 143.019, 143.633, 144.246, 144.86, 145.474, 146.088, 146.702, 147.316, 147.929, 148.543, 149.157, 149.771, 150.385, 150.998, 151.612, 152.226, 152.84, 153.454, 154.068, 154.681, 155.295, 155.909, 156.523, 157.137, 157.75, 158.364, 158.978, 159.592, 160.206, 160.819, 161.433, 162.047, 162.661, 163.275, 163.889, 164.502, 165.116, 165.73, 166.344, 166.958, 167.571, 168.185, 168.799, 169.413, 170.027, 170.64, 171.254, 171.868, 172.482, 173.096, 173.71, 174.323, 174.937, 175.551, 176.165, 176.779, 177.392, 178.006, 178.62, 179.234, 179.848, 180.462, 181.075, 181.689, 182.303, 182.917, 183.531, 184.144, 184.758, 185.372, 185.986, 186.6, 187.213, 187.827, 188.441, 189.055, 189.669, 190.283, 190.896, 191.51, 192.124, 192.738, 193.352, 193.965, 194.579, 195.193, 195.807, 196.421, 197.035, 197.648, 198.262, 198.876, 199.49, 200.104, 200.717, 201.331, 201.945, 202.559, 203.173, 203.786, 204.4, 205.014, 205.628, 206.242, 206.856, 207.469, 208.083, 208.697, 209.311, 209.925, 210.538, 211.152, 211.766, 212.38, 212.994, 213.608, 214.221, 214.835, 215.449, 216.063, 216.677, 217.29, 217.904, 218.518, 219.132, 219.746, 220.359, 220.973, 221.587, 222.201, 222.815, 223.429, 224.042, 224.656, 225.27, 225.884, 226.498, 227.111, 227.725, 228.339, 228.953, 229.567, 230.181, 230.794, 231.408, 232.022, 232.636, 233.25, 233.863, 234.477, 235.091, 235.705, 236.319, 236.932, 237.546, 238.16, 238.774, 239.388, 240.002, 240.615, 241.229, 241.843, 242.457, 243.071, 243.684, 244.298, 244.912, 245.526, 246.14, 246.754, 247.367, 247.981, 248.595, 249.209, 249.823, 250.436, 251.05, 251.664, 252.278, 252.892, 253.505, 254.119, 254.733, 255.347, 255.961, 256.575, 257.188, 257.802, 258.416, 259.03, 259.644, 260.257, 260.871, 261.485, 262.099, 262.713, 263.327, 263.94, 264.554, 265.168, 265.782, 266.396, 267.009, 267.623, 268.237, 268.851, 269.465, 270.078, 270.692, 271.306, 271.92, 272.534, 273.148, 273.761, 274.375, 274.989, 275.603, 276.217, 276.83, 277.444, 278.058, 278.672, 279.286, 279.9, 280.513, 281.127, 281.741, 282.355, 282.969, 283.582, 284.196, 284.81, 285.424, 286.038, 286.651, 287.265, 287.879, 288.493, 289.107, 289.721, 290.334, 290.948, 291.562, 292.176, 292.79, 293.403, 294.017
3.15839, 3.1592, 3.16002, 3.16084, 3.16168, 3.16252, 3.16338, 3.16424, 3.16511, 3.16599, 3.16688, 3.16778, 3.16869, 3.16961, 3.17054, 3.17148, 3.17242, 3.17338, 3.17435, 3.17533, 3.17632, 3.17731, 3.17832, 3.17934, 3.18037, 3.18141, 3.18246, 3.18353, 3.1846, 3.18568, 3.18678, 3.18788, 3.189, 3.19013, 3.19127, 3.19242, 3.19358, 3.19476, 3.19594, 3.19714, 3.19835, 3.19958, 3.20081, 3.20206, 3.20332, 3.20459, 3.20588, 3.20717, 3.20849, 3.20981, 3.21115, 3.2125, 3.21386, 3.21524, 3.21663, 3.21804, 3.21946, 3.22089, 3.22234, 3.2238, 3.22527, 3.22677, 3.22827, 3.22979, 3.23133, 3.23288, 3.23444, 3.23603, 3.23762, 3.23924, 3.24086, 3.24251, 3.24417, 3.24585, 3.24754, 3.24925, 3.25098, 3.25272, 3.25449, 3.25627, 3.25806, 3.25988, 3.26171, 3.26356, 3.26543, 3.26732, 3.26922, 3.27115, 3.27309, 3.27506, 3.27704, 3.27904, 3.28106, 3.2831, 3.28517, 3.28725, 3.28935, 3.29148, 3.29363, 3.29579, 3.29798, 3.30019, 3.30243, 3.30468, 3.30696, 3.30926, 3.31158, 3.31393, 3.3163, 3.3187, 3.32112, 3.32356, 3.32603, 3.32852, 3.33104, 3.33358, 3.33615, 3.33875, 3.34137, 3.34402, 3.3467, 3.3494, 3.35213, 3.35489, 3.35768, 3.3605, 3.36334, 3.36622, 3.36912, 3.37206, 3.37503, 3.37802, 3.38105, 3.38411, 3.3872, 3.39033, 3.39348, 3.39667, 3.3999, 3.40316, 3.40645, 3.40978, 3.41314, 3.41654, 3.41998, 3.42345, 3.42696, 3.43051, 3.4341, 3.43772, 3.44139, 3.44509, 3.44884, 3.45263, 3.45646, 3.46033, 3.46424, 3.4682, 3.4722, 3.47625, 3.48034, 3.48447, 3.48866, 3.49289, 3.49717, 3.5015, 3.50587, 3.5103, 3.51478, 3.51931, 3.52389, 3.52853, 3.53322, 3.53796, 3.54276, 3.54762, 3.55253, 3.5575, 3.56253, 3.56763, 3.57278, 3.57799, 3.58327, 3.58861, 3.59402, 3.59949, 3.60504, 3.61064, 3.61632, 3.62207, 3.62789, 3.63379, 3.63976, 3.6458, 3.65193, 3.65813, 3.66441, 3.67077, 3.67721, 3.68374, 3.69035, 3.69706, 3.70385, 3.71073, 3.7177, 3.72477, 3.73193, 3.73919, 3.74655, 3.75401, 3.76157, 3.76924, 3.77701, 3.7849, 3.7929, 3.80101, 3.80924, 3.81758, 3.82605, 3.83464, 3.84336, 3.8522, 3.86118, 3.87029, 3.87954, 3.88893, 3.89847, 3.90815, 3.91798, 3.92796, 3.9381, 3.94841, 3.95887, 3.96951, 3.98031, 3.9913, 4.00246, 4.01381, 4.02535, 4.03708, 4.04902, 4.06116, 4.0735, 4.08607, 4.09885, 4.11186, 4.1251, 4.13858, 4.15231, 4.16629, 4.18053, 4.19504, 4.20982, 4.22488, 4.24023, 4.25589, 4.27185, 4.28813, 4.30474, 4.32168, 4.33898, 4.35663, 4.37466, 4.39306, 4.41187, 4.43108, 4.45072, 4.47079, 4.49132, 4.51232, 4.53381, 4.5558, 4.57831, 4.60137, 4.62499, 4.6492, 4.67402, 4.69947, 4.72558, 4.75238, 4.7799, 4.80816, 4.83721, 4.86707, 4.89779, 4.9294, 4.96194, 4.99546, 5.03002, 5.06565, 5.10243, 5.1404, 5.17963, 5.22019, 5.26216, 5.30562, 5.35065, 5.39736, 5.44585, 5.49623, 5.54863, 5.60318, 5.66004, 5.71937, 5.78137, 5.84623, 5.9142, 5.98552, 6.0605, 6.13945, 6.22277, 6.31089, 6.40432, 6.50364, 6.60955, 6.72288, 6.84464, 6.97605, 7.11858, 7.27407, 7.44468, 7.633, 7.84196, 8.07464, 8.33403, 8.62236, 8.9403, 9.28589, 9.65315, 10.0309, 10.4017, 10.7416, 11.0209, 11.2058, 11.2623, 11.1597, 10.8758, 10.4006, 9.73917, 8.91014, 7.96274, 6.94031, 5.8895, 4.86098, 3.89889, 3.03674, 2.29537, 1.68282, 1.19608, 0.823856, 0.549737, 0.355258, 0.222282, 0.134628, 0.0789133, 0.044758, 0.0245598, 0.0130359, 0.00669178, 0.00332137, 0.00159322, 0.000737903, 0.000329192, 0.000140501, 5.61354e-05, 1.91581e-05, 4.71514e-06, 1.81791e-06, 6.77094e-07, 2.43594e-07, 8.46496e-08, 2.84135e-08, 9.21225e-09, 2.88501e-09, 8.72713e-10, 2.54997e-10, 7.19683e-11, 1.96195e-11, 5.16626e-12, 1.31403e-12, 3.22831e-13, 7.66101e-14, 1.75605e-14, 3.88804e-15, 8.31506e-16, 1.71767e-16, 3.42734e-17, 6.60563e-18, 1.22974e-18, 2.21132e-19, 3.8409e-20, 6.44397e-21, 1.04428e-21, 1.63463e-22, 2.47152e-23, 3.60951e-24, 5.09184e-25, 6.93812e-26, 9.13165e-27, 1.16091e-27, 1.42557e-28, 1.6909e-29, 1.93727e-30, 2.14389e-31, 2.29169e-32, 2.36619e-33, 2.35985e-34, 2.27331e-35, 2.11532e-36, 1.90122e-37, 1.65056e-38, 1.38411e-39, 1.12111e-40, 8.7714e-42, 6.62872e-43, 4.83873e-44, 3.41172e-45, 2.32358e-46, 1.52855e-47, 9.71281e-49, 5.96143e-50, 3.53424e-51, 2.02387e-52, 1.11946e-53, 5.98104e-55, 3.08663e-56, 1.53863e-57, 7.40838e-59, 3.44551e-60, 1.54783e-61, 6.71638e-63, 2.81506e-64, 1.13967e-65, 4.45668e-67, 1.68339e-68, 6.14185e-70, 2.16448e-71, 7.36797e-73, 2.42261e-74, 7.69411e-76, 2.36034e-77, 6.99409e-79, 2.00183e-80, 5.53433e-82, 1.47789e-83, 3.81207e-85, 9.49773e-87, 2.2857e-88, 5.31322e-90, 1.19299e-91, 2.58736e-93, 5.42022e-95, 1.09677e-96, 2.14367e-98, 4.04706e-100, 7.38007e-102, 1.29994e-103, 2.21169e-105, 3.63468e-107, 5.76963e-109, 8.84648e-111, 1.31019e-112, 1.87429e-114, 2.58987e-116, 3.4567e-118, 4.45641e-120, 5.54943e-122, 6.67501e-124, 7.75525e-126, 8.70321e-128, 9.43416e-130, 9.87796e-132, 9.99013e-134, 9.75922e-136, 9.20872e-138, 8.39312e-140, 7.38903e-142, 6.28336e-144, 5.16102e-146, 4.09468e-148
3.15839, 3.15921, 3.16005, 3.16089, 3.16174, 3.1626, 3.16346, 3.16434, 3.16523, 3.16612, 3.16703, 3.16794, 3.16887, 3.1698, 3.17075, 3.1717, 3.17266, 3.17364, 3.17462, 3.17561, 3.17662, 3.17763, 3.17866, 3.17969, 3.18074, 3.18179, 3.18286, 3.18394, 3.18503, 3.18613, 3.18724, 3.18836, 3.1895, 3.19064, 3.1918, 3.19297, 3.19415, 3.19534, 3.19654, 3.19776, 3.19899, 3.20023, 3.20148, 3.20275, 3.20402, 3.20532, 3.20662, 3.20794, 3.20926, 3.21061, 3.21196, 3.21333, 3.21472, 3.21611, 3.21752, 3.21895, 3.22039, 3.22184, 3.22331, 3.22479, 3.22628, 3.22779, 3.22932, 3.23086, 3.23242, 3.23399, 3.23557, 3.23718, 3.23879, 3.24043, 3.24208, 3.24374, 3.24543, 3.24712, 3.24884, 3.25057, 3.25232, 3.25409, 3.25587, 3.25767, 3.25949, 3.26133, 3.26319, 3.26506, 3.26695, 3.26886, 3.27079, 3.27274, 3.27471, 3.2767, 3.2787, 3.28073, 3.28278, 3.28484, 3.28693, 3.28904, 3.29117, 3.29332, 3.29549, 3.29768, 3.2999, 3.30214, 3.3044, 3.30668, 3.30898, 3.31131, 3.31366, 3.31604, 3.31843, 3.32086, 3.3233, 3.32578, 3.32827, 3.3308, 3.33334, 3.33592, 3.33852, 3.34114, 3.34379, 3.34647, 3.34918, 3.35192, 3.35468, 3.35747, 3.36029, 3.36314, 3.36602, 3.36892, 3.37186, 3.37483, 3.37783, 3.38086, 3.38392, 3.38702, 3.39014, 3.3933, 3.3965, 3.39972, 3.40298, 3.40628, 3.40961, 3.41297, 3.41637, 3.41981, 3.42329, 3.4268, 3.43035, 3.43393, 3.43756, 3.44123, 3.44493, 3.44868, 3.45247, 3.4563, 3.46017, 3.46408, 3.46804, 3.47204, 3.47608, 3.48018, 3.48431, 3.48849, 3.49272, 3.497, 3.50133, 3.5057, 3.51013, 3.51461, 3.51913, 3.52371, 3.52835, 3.53303, 3.53777, 3.54257, 3.54742, 3.55233, 3.5573, 3.56233, 3.56742, 3.57256, 3.57777, 3.58305, 3.58838, 3.59379, 3.59925, 3.60479, 3.61039, 3.61606, 3.6218, 3.62762, 3.6335, 3.63946, 3.6455, 3.65161, 3.6578, 3.66407, 3.67043, 3.67686, 3.68338, 3.68998, 3.69667, 3.70344, 3.71031, 3.71727, 3.72432, 3.73147, 3.73871, 3.74605, 3.7535, 3.76104, 3.76869, 3.77645, 3.78432, 3.79229, 3.80038, 3.80859, 3.81691, 3.82536, 3.83392, 3.84261, 3.85143, 3.86038, 3.86947, 3.87869, 3.88805, 3.89755, 3.9072, 3.91699, 3.92694, 3.93705, 3.94731, 3.95774, 3.96833, 3.97909, 3.99003, 4.00115, 4.01245, 4.02394, 4.03563, 4.04751, 4.05959, 4.07188, 4.08438, 4.0971, 4.11005, 4.12322, 4.13664, 4.15029, 4.1642, 4.17836, 4.19278, 4.20748, 4.22245, 4.23772, 4.25327, 4.26914, 4.28531, 4.30181, 4.31864, 4.33582, 4.35335, 4.37125, 4.38952, 4.40818, 4.42725, 4.44674, 4.46665, 4.48701, 4.50784, 4.52914, 4.55094, 4.57325, 4.5961, 4.6195, 4.64347, 4.66804, 4.69324, 4.71908, 4.74559, 4.77281, 4.80075, 4.82946, 4.85897, 4.88931, 4.92053, 4.95265, 4.98573, 5.01981, 5.05495, 5.09119, 5.12859, 5.16721, 5.20713, 5.24841, 5.29113, 5.33538, 5.38124, 5.42881, 5.47821, 5.52955, 5.58295, 5.63857, 5.69656, 5.75709, 5.82035, 5.88656, 5.95596, 6.02881, 6.10542, 6.18614, 6.27135, 6.36151, 6.45715, 6.55888, 6.66743, 6.78367, 6.90865, 7.04366, 7.19029, 7.35048, 7.5266, 7.72147, 7.93837, 8.18085, 8.45247, 8.75617, 9.0934, 9.46299, 9.85965, 10.2726, 10.6844, 11.0703, 11.399, 11.6346, 11.7398, 11.6803, 11.4305, 10.9774, 10.3243, 9.4922, 8.51766, 7.44948, 6.34265, 5.25187, 4.22554, 3.30106, 2.5024, 1.83974, 1.31115, 0.905472, 0.605722, 0.392392, 0.246095, 0.149392, 0.0877614, 0.0498836, 0.0274296, 0.0145888, 0.00750382, 0.00373172, 0.00179358, 0.000832419, 0.000372239, 0.000159469, 6.40989e-05, 2.2264e-05, 5.75307e-06, 2.21593e-06, 8.25628e-07, 2.97135e-07, 1.03292e-07, 3.4683e-08, 1.12489e-08, 3.52408e-09, 1.0664e-09, 3.11701e-10, 8.80027e-11, 2.39991e-11, 6.32172e-12, 1.60848e-12, 3.95311e-13, 9.38431e-14, 2.15183e-14, 4.76598e-15, 1.01962e-15, 2.10701e-16, 4.20567e-17, 8.10859e-18, 1.51007e-18, 2.71636e-19, 4.71976e-20, 7.92125e-21, 1.28413e-21, 2.01078e-22, 3.0413e-23, 4.44321e-24, 6.27011e-25, 8.54662e-26, 1.12526e-26, 1.43105e-27, 1.75791e-28, 2.08583e-29, 2.39057e-30, 2.64647e-31, 2.8299e-32, 2.92292e-33, 2.91611e-34, 2.81016e-35, 2.61576e-36, 2.35184e-37, 2.04247e-38, 1.71335e-39, 1.38828e-40, 1.08655e-41, 8.21411e-43, 5.9981e-44, 4.23065e-45, 2.88231e-46, 1.89677e-47, 1.20568e-48, 7.40264e-50, 4.39019e-51, 2.5149e-52, 1.39155e-53, 7.43731e-55, 3.8395e-56, 1.91458e-57, 9.22175e-59, 4.29036e-60, 1.92803e-61, 8.36903e-63, 3.50895e-64, 1.42108e-65, 5.55906e-67, 2.10051e-68, 7.66633e-70, 2.70266e-71, 9.20312e-73, 3.02705e-74, 9.6171e-76, 2.95127e-77, 8.74812e-79, 2.50473e-80, 6.92702e-82, 1.85043e-83, 4.77462e-85, 1.19e-86, 2.86479e-88, 6.66163e-90, 1.49626e-91, 3.2462e-93, 6.80273e-95, 1.37699e-96, 2.69228e-98, 5.0845e-100, 9.27506e-102, 1.63428e-103, 2.78147e-105, 4.5726e-107, 7.26093e-109, 1.11368e-110, 1.64995e-112, 2.36113e-114, 3.26369e-116, 4.35751e-118, 5.61963e-120, 7.0003e-122, 8.42299e-124, 9.78938e-126, 1.09897e-127, 1.19166e-129, 1.24814e-131, 1.26273e-133, 1.23396e-135, 1.16474e-137, 1.06194e-139, 9.35206e-142, 7.95528e-144, 6.53648e-146, 5.18767e-148
208.18
176.33
 
MEASUREMENT 23
1.56305, 4.67879, 7.79453, 10.9103, 14.0312, 17.1469, 20.2679, 23.3784, 26.4796, 29.5859, 32.6913, 35.8071, 38.9228, 42.0385, 45.1595, 48.2752, 51.3909, 54.5067, 57.6224, 60.7381, 63.8435, 66.9593, 70.0698, 73.1752, 76.2806, 79.3859, 82.4913, 85.5967, 88.7021, 91.8074, 94.9128, 98.0182, 101.1, 104.148, 107.196, 110.244, 113.292, 116.339, 119.387, 122.435, 125.483, 128.531, 131.574, 134.622, 137.67, 140.718, 143.766, 146.814, 149.861, 152.909, 155.957, 159.005, 162.053, 165.101, 168.149, 171.197, 174.245, 177.293, 180.341, 183.389, 186.436, 189.484, 192.532, 195.58, 198.621, 201.655, 204.688, 207.722, 210.756, 213.794, 216.838, 219.882, 222.926, 225.97, 229.014, 232.058, 235.102, 238.145, 241.189, 244.233, 247.277, 250.321, 253.37, 256.424, 259.478, 262.532, 265.586, 268.64, 271.695, 274.749, 277.803, 280.857, 283.911, 286.97, 290.035, 293.099
2.8401, 2.84089, 2.82388, 2.9767, 2.82453, 2.86537, 3.05743, 3.07049, 3.03335, 3.06913, 3.09761, 3.16033, 3.16352, 3.20404, 3.19787, 3.2252, 3.32566, 3.37088, 3.42712, 3.45275, 3.10688, 3.42553, 3.42926, 3.42476, 3.49477, 3.50733, 3.53033, 3.52266, 3.57158, 3.31746, 3.62857, 3.172, 3.64646, 3.64897, 3.68275, 3.70145, 3.71823, 3.75109, 3.78505, 3.79938, 3.81895, 3.85466, 3.91282, 3.91924, 3.9683, 4.02929, 4.08804, 4.12568, 4.16837, 4.20597, 4.29095, 4.36396, 4.44961, 4.5084, 4.6038, 4.82193, 4.89507, 4.96123, 5.15636, 5.40096, 5.58372, 5.9571, 6.30966, 6.97948, 8.9185, 10.166, 11.4399, 10.4647, 5.38743, 1.24335, 0.111146, 0.0099269, 0.00344849, 0.00057181, 0.00350014, 0.00167052, 0.00330602, 0.000611544, -0.00659518, 0.00212016, -0.012454, -0.0377009, -0.00473623, -0.00409643, -0.021774, -0.0367243, -0.0105304, -0.0138239, -0.00229281, 0.000183968, -0.00353394, -0.00329594, -0.00759218, -0.00363206, -0.00997725, -0.0279493
0.085203, 0.0852267, 0.0847165, 0.089301, 0.0847358, 0.0859611, 0.0917228, 0.0921148, 0.0910004, 0.0920739, 0.0929284, 0.09481, 0.0949057, 0.0961213, 0.0959361, 0.096756, 0.0997697, 0.101126, 0.102814, 0.103583, 0.0932065, 0.102766, 0.102878, 0.102743, 0.104843, 0.10522, 0.10591, 0.10568, 0.107147, 0.0995238, 0.108857, 0.09516, 0.109394, 0.109469, 0.110482, 0.111044, 0.111547, 0.112533, 0.113552, 0.113981, 0.114568, 0.11564, 0.117385, 0.117577, 0.119049, 0.120879, 0.122641, 0.12377, 0.125051, 0.126179, 0.128729, 0.130919, 0.133488, 0.135252, 0.138114, 0.144658, 0.146852, 0.148837, 0.154691, 0.162029, 0.167512, 0.178713, 0.18929, 0.209384, 0.267555, 0.304981, 0.343197, 0.313942, 0.161623, 0.0373006, 0.00333439, 0.000297807, 0.000103455, 1.71543e-05, 0.000105004, 5.01155e-05, 9.91806e-05, 1.83463e-05, 0.000197855, 6.36049e-05, 0.000373621, 0.00113103, 0.000142087, 0.000122893, 0.00065322, 0.00110173, 0.000315912, 0.000414716, 6.87843e-05, 5.51905e-06, 0.000106018, 9.88782e-05, 0.000227765, 0.000108962, 0.000299317, 0.000838478
0, 0.613815, 1.22763, 1.84144, 2.45526, 3.06907, 3.68289, 4.2967, 4.91052, 5.52433, 6.13815, 6.75196, 7.36578, 7.97959, 8.59341, 9.20722, 9.82104, 10.4349, 11.0487, 11.6625, 12.2763, 12.8901, 13.5039, 14.1177, 14.7316, 15.3454, 15.9592, 16.573, 17.1868, 17.8006, 18.4144, 19.0283, 19.6421, 20.2559, 20.8697, 21.4835, 22.0973, 22.7111, 23.325, 23.9388, 24.5526, 25.1664, 25.7802, 26.394, 27.0078, 27.6217, 28.2355, 28.8493, 29.4631, 30.0769, 30.6907, 31.3046, 31.9184, 32.5322, 33.146, 33.7598, 34.3736, 34.9874, 35.6013, 36.2151, 36.8289, 37.4427, 38.0565, 38.6703, 39.2841, 39.898, 40.5118, 41.1256, 41.7394, 42.3532, 42.967, 43.5808, 44.1947, 44.8085, 45.4223, 46.0361, 46.6499, 47.2637, 47.8775, 48.4914, 49.1052, 49.719, 50.3328, 50.9466, 51.5604, 52.1743, 52.7881, 53.4019, 54.0157, 54.6295, 55.2433, 55.8571, 56.471, 57.0848, 57.6986, 58.3124, 58.9262, 59.54, 60.1538, 60.7677, 61.3815, 61.9953, 62.6091, 63.2229, 63.8367, 64.4505, 65.0644, 65.6782, 66.292, 66.9058, 67.5196, 68.1334, 68.7473, 69.3611, 69.9749, 70.5887, 71.2025, 71.8163, 72.4301, 73.044, 73.6578, 74.2716, 74.8854, 75.4992, 76.113, 76.7268, 77.3407, 77.9545, 78.5683, 79.1821, 79.7959, 80.4097, 81.0235, 81.6374, 82.2512, 82.865, 83.4788, 84.0926, 84.7064, 85.3202, 85.9341, 86.5479, 87.1617, 87.7755, 88.3893, 89.0031, 89.617, 90.2308, 90.8446, 91.4584, 92.0722, 92.686, 93.2998, 93.9137, 94.5275, 95.1413, 95.7551, 96.3689, 96.9827, 97.5965, 98.2104, 98.8242, 99.438, 100.052, 100.666, 101.279, 101.893, 102.507, 103.121, 103.735, 104.349, 104.962, 105.576, 106.19, 106.804, 107.418, 108.031, 108.645, 109.259, 109.873, 110.487, 111.1, 111.714, 112.328, 112.942, 113.556, 114.17, 114.783, 115.397, 116.011, 116.625, 117.239, 117.852, 118.466, 119.08, 119.694, 120.308, 120.922, 121.535, 122.149, 122.763, 123.377, 123.991, 124.604, 125.218, 125.832, 126.446, 127.06, 127.673, 128.287, 128.901, 129.515, 130.129, 130.743, 131.356, 131.97, 132.584, 133.198, 133.812, 134.425, 135.039, 135.653, 136.267, 136.881, 137.495, 138.108, 138.722, 139.336, 139.95, 140.564, 141.177, 141.791, 142.405, 143.019, 143.633, 144.246, 144.86, 145.474, 146.088, 146.702, 147.316, 147.929, 148.543, 149.157, 149.771, 150.385, 150.998, 151.612, 152.226, 152.84, 153.454, 154.068, 154.681, 155.295, 155.909, 156.523, 157.137, 157.75, 158.364, 158.978, 159.592, 160.206, 160.819, 161.433, 162.047, 162.661, 163.275, 163.889, 164.502, 165.116, 165.73, 166.344, 166.958, 167.571, 168.185, 168.799, 169.413, 170.027, 170.64, 171.254, 171.868, 172.482, 173.096, 173.71, 174.323, 174.937, 175.551, 176.165, 176.779, 177.392, 178.006, 178.62, 179.234, 179.848, 180.462, 181.075, 181.689, 182.303, 182.917, 183.531, 184.144, 184.758, 185.372, 185.986, 186.6, 187.213, 187.827, 188.441, 189.055, 189.669, 190.283, 190.896, 191.51, 192.124, 192.738, 193.352, 193.965, 194.579, 195.193, 195.807, 196.421, 197.035, 197.648, 198.262, 198.876, 199.49, 200.104, 200.717, 201.331, 201.945, 202.559, 203.173, 203.786, 204.4, 205.014, 205.628, 206.242, 206.856, 207.469, 208.083, 208.697, 209.311, 209.925, 210.538, 211.152, 211.766, 212.38, 212.994, 213.608, 214.221, 214.835, 215.449, 216.063, 216.677, 217.29, 217.904, 218.518, 219.132, 219.746, 220.359, 220.973, 221.587, 222.201, 222.815, 223.429, 224.042, 224.656, 225.27, 225.884, 226.498, 227.111, 227.725, 228.339, 228.953, 229.567, 230.181, 230.794, 231.408, 232.022, 232.636, 233.25, 233.863, 234.477, 235.091, 235.705, 236.319, 236.932, 237.546, 238.16, 238.774, 239.388, 240.002, 240.615, 241.229, 241.843, 242.457, 243.071, 243.684, 244.298, 244.912, 245.526, 246.14, 246.754, 247.367, 247.981, 248.595, 249.209, 249.823, 250.436, 251.05, 251.664, 252.278, 252.892, 253.505, 254.119, 254.733, 255.347, 255.961, 256.575, 257.188, 257.802, 258.416, 259.03, 259.644, 260.257, 260.871, 261.485, 262.099, 262.713, 263.327, 263.94, 264.554, 265.168, 265.782, 266.396, 267.009, 267.623, 268.237, 268.851, 269.465, 270.078, 270.692, 271.306, 271.92, 272.534, 273.148, 273.761, 274.375, 274.989, 275.603, 276.217, 276.83, 277.444, 278.058, 278.672, 279.286, 279.9, 280.513, 281.127, 281.741, 282.355, 282.969, 283.582, 284.196, 284.81, 285.424, 286.038, 286.651, 287.265, 287.879, 288.493, 289.107, 289.721, 290.334, 290.948, 291.562, 292.176, 292.79, 293.403, 294.017
3.1561, 3.15691, 3.15773, 3.15856, 3.1594, 3.16025, 3.1611, 3.16197, 3.16284, 3.16372, 3.16462, 3.16552, 3.16643, 3.16735, 3.16828, 3.16922, 3.17017, 3.17114, 3.17211, 3.17309, 3.17408, 3.17508, 3.17609, 3.17711, 3.17814, 3.17919, 3.18024, 3.18131, 3.18238, 3.18347, 3.18457, 3.18567, 3.18679, 3.18793, 3.18907, 3.19022, 3.19139, 3.19257, 3.19376, 3.19496, 3.19617, 3.1974, 3.19864, 3.19989, 3.20115, 3.20243, 3.20371, 3.20502, 3.20633, 3.20766, 3.209, 3.21035, 3.21172, 3.2131, 3.2145, 3.21591, 3.21733, 3.21877, 3.22022, 3.22168, 3.22316, 3.22466, 3.22617, 3.22769, 3.22923, 3.23078, 3.23235, 3.23394, 3.23554, 3.23716, 3.23879, 3.24044, 3.24211, 3.24379, 3.24549, 3.2472, 3.24893, 3.25068, 3.25245, 3.25423, 3.25603, 3.25785, 3.25969, 3.26154, 3.26342, 3.26531, 3.26722, 3.26915, 3.2711, 3.27307, 3.27506, 3.27706, 3.27909, 3.28114, 3.28321, 3.2853, 3.2874, 3.28953, 3.29169, 3.29386, 3.29605, 3.29827, 3.30051, 3.30277, 3.30505, 3.30736, 3.30969, 3.31204, 3.31442, 3.31682, 3.31925, 3.3217, 3.32417, 3.32667, 3.3292, 3.33175, 3.33432, 3.33693, 3.33956, 3.34221, 3.3449, 3.34761, 3.35035, 3.35311, 3.35591, 3.35873, 3.36159, 3.36447, 3.36738, 3.37033, 3.3733, 3.37631, 3.37934, 3.38241, 3.38551, 3.38864, 3.39181, 3.39501, 3.39824, 3.40151, 3.40481, 3.40815, 3.41152, 3.41493, 3.41838, 3.42186, 3.42538, 3.42894, 3.43254, 3.43618, 3.43985, 3.44357, 3.44732, 3.45112, 3.45496, 3.45884, 3.46277, 3.46674, 3.47075, 3.47481, 3.47891, 3.48306, 3.48726, 3.4915, 3.4958, 3.50014, 3.50453, 3.50897, 3.51346, 3.51801, 3.5226, 3.52725, 3.53196, 3.53672, 3.54153, 3.54641, 3.55134, 3.55632, 3.56137, 3.56648, 3.57165, 3.57688, 3.58218, 3.58754, 3.59296, 3.59846, 3.60402, 3.60964, 3.61534, 3.62111, 3.62695, 3.63287, 3.63886, 3.64493, 3.65107, 3.65729, 3.6636, 3.66998, 3.67645, 3.683, 3.68964, 3.69637, 3.70318, 3.71009, 3.71709, 3.72418, 3.73137, 3.73866, 3.74605, 3.75354, 3.76113, 3.76883, 3.77664, 3.78456, 3.79259, 3.80073, 3.80899, 3.81737, 3.82588, 3.83451, 3.84326, 3.85214, 3.86116, 3.87031, 3.87961, 3.88904, 3.89861, 3.90834, 3.91822, 3.92825, 3.93844, 3.94879, 3.9593, 3.96999, 3.98085, 3.99189, 4.00311, 4.01451, 4.02611, 4.0379, 4.0499, 4.0621, 4.07451, 4.08714, 4.09999, 4.11308, 4.12639, 4.13995, 4.15375, 4.16781, 4.18214, 4.19673, 4.2116, 4.22675, 4.2422, 4.25795, 4.27401, 4.29039, 4.3071, 4.32416, 4.34157, 4.35934, 4.37748, 4.39602, 4.41495, 4.4343, 4.45408, 4.4743, 4.49498, 4.51614, 4.53779, 4.55995, 4.58264, 4.60588, 4.6297, 4.6541, 4.67913, 4.7048, 4.73114, 4.75818, 4.78595, 4.81447, 4.84379, 4.87394, 4.90496, 4.93688, 4.96976, 5.00364, 5.03856, 5.07459, 5.11178, 5.15018, 5.18988, 5.23094, 5.27343, 5.31745, 5.36307, 5.41042, 5.45958, 5.51069, 5.56387, 5.61926, 5.67703, 5.73735, 5.80042, 5.86644, 5.93568, 6.00839, 6.0849, 6.16555, 6.25075, 6.34098, 6.43678, 6.53879, 6.64778, 6.76467, 6.89056, 7.02682, 7.17506, 7.33725, 7.51569, 7.71298, 7.93193, 8.17525, 8.44512, 8.74255, 9.06642, 9.41248, 9.77218, 10.1318, 10.4717, 10.7672, 10.989, 11.1062, 11.0891, 10.9133, 10.5634, 10.036, 9.34118, 8.50013, 7.56945, 6.57822, 5.57331, 4.59932, 3.6942, 2.88609, 2.19188, 1.61746, 1.15924, 0.806648, 0.544788, 0.357013, 0.226962, 0.139939, 0.0836688, 0.0485015, 0.0272549, 0.0148447, 0.00783543, 0.00400711, 0.00198486, 0.00095162, 0.000440907, 0.00019659, 8.33282e-05, 3.21727e-05, 8.8672e-06, 2.92124e-06, 1.14152e-06, 4.31797e-07, 1.58094e-07, 5.60258e-08, 1.92176e-08, 6.38041e-09, 2.05039e-09, 6.37765e-10, 1.9201e-10, 5.59532e-11, 1.57821e-11, 4.30865e-12, 1.13856e-12, 2.91212e-13, 7.20941e-14, 1.72754e-14, 4.00678e-15, 8.99498e-16, 1.95453e-16, 4.11077e-17, 8.36839e-18, 1.64891e-18, 3.14479e-19, 5.80529e-20, 1.03728e-20, 1.79391e-21, 3.00294e-22, 4.86554e-23, 7.63048e-24, 1.15827e-24, 1.7018e-25, 2.42015e-26, 3.33131e-27, 4.43839e-28, 5.72365e-29, 7.14429e-30, 8.63142e-31, 1.00935e-31, 1.14246e-32, 1.25164e-33, 1.32725e-34, 1.36228e-35, 1.35337e-36, 1.30138e-37, 1.21124e-38, 1.09117e-39, 9.51464e-41, 8.03028e-42, 6.56004e-43, 5.18705e-44, 3.96983e-45, 2.94077e-46, 2.10856e-47, 1.46336e-48, 9.82998e-50, 6.39134e-51, 4.02225e-52, 2.4501e-53, 1.44456e-54, 8.24374e-56, 4.55356e-57, 2.43453e-58, 1.25985e-59, 6.31041e-61, 3.05939e-62, 1.43565e-63, 6.52081e-65, 2.86676e-66, 1.21988e-67, 5.02438e-69, 2.00302e-70, 7.72901e-72, 2.88669e-73, 1.04355e-74, 3.65146e-76, 1.23667e-77, 4.05398e-79, 1.28631e-80, 3.95045e-82, 1.17432e-83, 3.37879e-85, 9.40966e-87, 2.53644e-88, 6.61778e-90, 1.67124e-91, 4.08508e-93, 9.66496e-95, 2.21328e-96, 4.90582e-98, 1.0525e-99, 2.1856e-101, 4.39296e-103, 8.54636e-105, 1.60932e-106, 2.93318e-108, 5.17457e-110, 8.83581e-112, 1.46035e-113, 2.33616e-115, 3.61731e-117, 5.42134e-119, 7.86439e-121, 1.10423e-122, 1.50069e-124, 1.97407e-126, 2.51344e-128, 3.0975e-130, 3.69481e-132, 4.26589e-134, 4.76722e-136, 5.15652e-138, 5.39866e-140
3.1561, 3.15693, 3.15776, 3.15861, 3.15946, 3.16032, 3.16119, 3.16207, 3.16296, 3.16386, 3.16476, 3.16568, 3.16661, 3.16755, 3.16849, 3.16945, 3.17041, 3.17139, 3.17238, 3.17337, 3.17438, 3.1754, 3.17642, 3.17746, 3.17851, 3.17957, 3.18064, 3.18172, 3.18281, 3.18392, 3.18503, 3.18615, 3.18729, 3.18844, 3.1896, 3.19077, 3.19195, 3.19315, 3.19436, 3.19558, 3.19681, 3.19805, 3.19931, 3.20058, 3.20186, 3.20315, 3.20446, 3.20578, 3.20711, 3.20846, 3.20982, 3.21119, 3.21257, 3.21398, 3.21539, 3.21682, 3.21826, 3.21972, 3.22119, 3.22267, 3.22417, 3.22569, 3.22721, 3.22876, 3.23032, 3.23189, 3.23348, 3.23509, 3.23671, 3.23835, 3.24, 3.24167, 3.24336, 3.24506, 3.24678, 3.24852, 3.25027, 3.25205, 3.25383, 3.25564, 3.25746, 3.25931, 3.26117, 3.26304, 3.26494, 3.26686, 3.26879, 3.27075, 3.27272, 3.27471, 3.27672, 3.27875, 3.28081, 3.28288, 3.28497, 3.28708, 3.28922, 3.29138, 3.29355, 3.29575, 3.29797, 3.30021, 3.30248, 3.30477, 3.30708, 3.30941, 3.31177, 3.31415, 3.31656, 3.31899, 3.32144, 3.32392, 3.32642, 3.32895, 3.3315, 3.33408, 3.33669, 3.33932, 3.34198, 3.34467, 3.34738, 3.35012, 3.35289, 3.35569, 3.35852, 3.36138, 3.36426, 3.36718, 3.37012, 3.3731, 3.37611, 3.37915, 3.38222, 3.38532, 3.38846, 3.39162, 3.39483, 3.39806, 3.40133, 3.40463, 3.40797, 3.41135, 3.41476, 3.41821, 3.42169, 3.42521, 3.42877, 3.43237, 3.43601, 3.43968, 3.4434, 3.44716, 3.45096, 3.4548, 3.45868, 3.4626, 3.46657, 3.47059, 3.47464, 3.47875, 3.48289, 3.48709, 3.49133, 3.49562, 3.49996, 3.50435, 3.50879, 3.51328, 3.51782, 3.52242, 3.52707, 3.53177, 3.53652, 3.54134, 3.5462, 3.55113, 3.55611, 3.56116, 3.56626, 3.57143, 3.57665, 3.58194, 3.5873, 3.59272, 3.5982, 3.60376, 3.60938, 3.61507, 3.62083, 3.62667, 3.63257, 3.63856, 3.64461, 3.65075, 3.65696, 3.66325, 3.66963, 3.67608, 3.68262, 3.68925, 3.69596, 3.70277, 3.70966, 3.71664, 3.72372, 3.7309, 3.73817, 3.74554, 3.75301, 3.76059, 3.76827, 3.77606, 3.78396, 3.79197, 3.80009, 3.80833, 3.81669, 3.82517, 3.83377, 3.8425, 3.85135, 3.86034, 3.86947, 3.87873, 3.88813, 3.89767, 3.90737, 3.91721, 3.9272, 3.93735, 3.94767, 3.95814, 3.96879, 3.9796, 3.9906, 4.00177, 4.01313, 4.02468, 4.03642, 4.04836, 4.0605, 4.07286, 4.08543, 4.09822, 4.11123, 4.12448, 4.13797, 4.1517, 4.16568, 4.17992, 4.19443, 4.20921, 4.22428, 4.23963, 4.25528, 4.27124, 4.28752, 4.30413, 4.32107, 4.33835, 4.356, 4.37401, 4.39241, 4.4112, 4.43041, 4.45003, 4.47009, 4.4906, 4.51157, 4.53304, 4.555, 4.57749, 4.60051, 4.6241, 4.64827, 4.67305, 4.69845, 4.72452, 4.75126, 4.77872, 4.80692, 4.8359, 4.86569, 4.89632, 4.92784, 4.96029, 4.99371, 5.02815, 5.06367, 5.10031, 5.13813, 5.17721, 5.2176, 5.25939, 5.30264, 5.34746, 5.39393, 5.44215, 5.49224, 5.54433, 5.59854, 5.65502, 5.71394, 5.77548, 5.83984, 5.90725, 5.97795, 6.05224, 6.13043, 6.21289, 6.30005, 6.39239, 6.49049, 6.595, 6.70675, 6.82669, 6.95599, 7.0961, 7.24875, 7.41607, 7.60057, 7.80518, 8.03307, 8.28746, 8.57115, 8.88582, 9.23109, 9.60333, 9.99446, 10.3908, 10.7726, 11.1137, 11.3833, 11.5478, 11.5747, 11.4362, 11.1141, 10.6028, 9.91145, 9.06447, 8.09907, 7.06146, 6.00168, 4.96802, 4.00219, 3.13567, 2.38802, 1.76691, 1.26963, 0.885673, 0.599606, 0.393858, 0.250952, 0.155072, 0.0929144, 0.0539727, 0.0303906, 0.0165851, 0.00877087, 0.00449397, 0.00223021, 0.00107133, 0.00049742, 0.000222504, 9.47108e-05, 3.69261e-05, 1.05909e-05, 3.55899e-06, 1.39132e-06, 5.26464e-07, 1.92818e-07, 6.83538e-08, 2.3454e-08, 7.7895e-09, 2.50403e-09, 7.79127e-10, 2.34647e-10, 6.84004e-11, 1.92993e-11, 5.27062e-12, 1.39322e-12, 3.56464e-13, 8.82775e-14, 2.11603e-14, 4.90944e-15, 1.1025e-15, 2.39644e-16, 5.04184e-17, 1.02672e-17, 2.02372e-18, 3.86089e-19, 7.12956e-20, 1.27431e-20, 2.20458e-21, 3.69161e-22, 5.98332e-23, 9.38655e-24, 1.42531e-24, 2.09483e-25, 2.98006e-26, 4.10337e-27, 5.46883e-28, 7.0548e-29, 8.80874e-30, 1.06458e-30, 1.24533e-31, 1.41002e-32, 1.54527e-33, 1.63916e-34, 1.68297e-35, 1.67251e-36, 1.60879e-37, 1.49785e-38, 1.34981e-39, 1.17738e-40, 9.94022e-42, 8.12296e-43, 6.42495e-44, 4.91885e-45, 3.64497e-46, 2.61434e-47, 1.81497e-48, 1.21959e-49, 7.93219e-51, 4.99358e-52, 3.04276e-53, 1.79457e-54, 1.02445e-55, 5.66058e-57, 3.02738e-58, 1.56715e-59, 7.8522e-61, 3.80811e-62, 1.78758e-63, 8.12192e-65, 3.57182e-66, 1.5204e-67, 6.26415e-69, 2.49807e-70, 9.64239e-72, 3.60249e-73, 1.30274e-74, 4.55983e-76, 1.54482e-77, 5.06576e-79, 1.60786e-80, 4.93958e-82, 1.46882e-83, 4.2275e-85, 1.17771e-86, 3.17561e-88, 8.28809e-90, 2.09372e-91, 5.11942e-93, 1.2116e-94, 2.77547e-96, 6.15389e-98, 1.32069e-99, 2.74339e-101, 5.51585e-103, 1.07343e-104, 2.02197e-106, 3.68646e-108, 6.50554e-110, 1.1112e-111, 1.83714e-113, 2.93985e-115, 4.55352e-117, 6.82662e-119, 9.90607e-121, 1.39134e-122, 1.89149e-124, 2.48892e-126, 3.16996e-128, 3.90782e-130, 4.66286e-132, 5.38527e-134, 6.02003e-136, 6.51369e-138, 6.8217e-140
207.97
176.23
 
MEASUREMENT 24
1.56305, 4.67879, 7.79453, 10.9103, 14.0312, 17.1469, 20.2679, 23.3784, 26.4796, 29.5859, 32.6913, 35.8071, 38.9228, 42.0385, 45.1595, 48.2752, 51.3909, 54.5067, 57.6224, 60.7381, 63.8435, 66.9593, 70.0698, 73.1752, 76.2806, 79.3859, 82.4913, 85.5967, 88.7021, 91.8074, 94.9128, 98.0182, 101.1, 104.148, 107.196, 110.244, 113.292, 116.339, 119.387, 122.435, 125.483, 128.531, 131.574, 134.622, 137.67, 140.718, 143.766, 146.814, 149.861, 152.909, 155.957, 159.005, 162.053, 165.101, 168.149, 171.197, 174.245, 177.293, 180.341, 183.389, 186.436, 189.484, 192.532, 195.58, 198.621, 201.655, 204.688, 207.722, 210.756, 213.794, 216.838, 219.882, 222.926, 225.97, 229.014, 232.058, 235.102, 238.145, 241.189, 244.233, 247.277, 250.321, 253.37, 256.424, 259.478, 262.532, 265.586, 268.64, 271.695, 274.749, 277.803, 280.857, 283.911, 286.97, 290.035, 293.099
2.84245, 2.84, 2.82684, 2.98078, 2.82409, 2.85566, 3.08728, 3.07196, 3.03899, 3.06575, 3.1008, 3.16362, 3.16505, 3.20607, 3.1992, 3.22516, 3.33554, 3.36877, 3.41132, 3.45577, 3.10878, 3.41754, 3.43889, 3.42913, 3.50681, 3.50953, 3.53268, 3.5252, 3.57179, 3.30638, 3.63074, 3.17198, 3.64872, 3.65056, 3.6833, 3.70176, 3.71634, 3.74983, 3.7894, 3.80448, 3.81337, 3.85928, 3.91519, 3.91916, 3.95943, 4.02373, 4.08611, 4.12426, 4.15723, 4.20757, 4.29131, 4.36466, 4.44798, 4.50966, 4.60316, 4.82361, 4.89469, 4.96412, 5.16216, 5.40478, 5.59688, 5.96069, 6.31136, 7.05842, 8.92419, 10.168, 11.4469, 10.4675, 5.38841, 1.24673, 0.108834, 0.00937962, 0.0030934, -0.00180839, -0.000603889, 0.00211818, 0.00181732, 0.0016241, -0.00264218, -0.00276379, -0.0125568, -0.0380968, -0.00326631, -0.00382551, -0.0221427, -0.0347859, -0.00850045, -0.0169433, -0.00271671, -0.00166416, -0.00264747, -0.0040421, -0.00374438, -0.00454415, -0.0104064, -0.0279684
0.0852736, 0.0852001, 0.0848052, 0.0894234, 0.0847226, 0.0856699, 0.0926185, 0.0921589, 0.0911696, 0.0919726, 0.0930241, 0.0949087, 0.0949514, 0.0961821, 0.0959759, 0.0967548, 0.100066, 0.101063, 0.10234, 0.103673, 0.0932633, 0.102526, 0.103167, 0.102874, 0.105204, 0.105286, 0.10598, 0.105756, 0.107154, 0.0991915, 0.108922, 0.0951593, 0.109461, 0.109517, 0.110499, 0.111053, 0.11149, 0.112495, 0.113682, 0.114135, 0.114401, 0.115779, 0.117456, 0.117575, 0.118783, 0.120712, 0.122583, 0.123728, 0.124717, 0.126227, 0.128739, 0.13094, 0.13344, 0.13529, 0.138095, 0.144708, 0.146841, 0.148924, 0.154865, 0.162143, 0.167906, 0.178821, 0.189341, 0.211753, 0.267726, 0.30504, 0.343408, 0.314026, 0.161652, 0.037402, 0.00326501, 0.000281389, 9.2802e-05, 5.42518e-05, 1.81167e-05, 6.35455e-05, 5.45197e-05, 4.87229e-05, 7.92655e-05, 8.29137e-05, 0.000376705, 0.0011429, 9.79892e-05, 0.000114765, 0.00066428, 0.00104358, 0.000255013, 0.000508299, 8.15012e-05, 4.99249e-05, 7.9424e-05, 0.000121263, 0.000112331, 0.000136324, 0.000312193, 0.000839052
0, 0.613815, 1.22763, 1.84144, 2.45526, 3.06907, 3.68289, 4.2967, 4.91052, 5.52433, 6.13815, 6.75196, 7.36578, 7.97959, 8.59341, 9.20722, 9.82104, 10.4349, 11.0487, 11.6625, 12.2763, 12.8901, 13.5039, 14.1177, 14.7316, 15.3454, 15.9592, 16.573, 17.1868, 17.8006, 18.4144, 19.0283, 19.6421, 20.2559, 20.8697, 21.4835, 22.0973, 22.7111, 23.325, 23.9388, 24.5526, 25.1664, 25.7802, 26.394, 27.0078, 27.6217, 28.2355, 28.8493, 29.4631, 30.0769, 30.6907, 31.3046, 31.9184, 32.5322, 33.146, 33.7598, 34.3736, 34.9874, 35.6013, 36.2151, 36.8289, 37.4427, 38.0565, 38.6703, 39.2841, 39.898, 40.5118, 41.1256, 41.7394, 42.3532, 42.967, 43.5808, 44.1947, 44.8085, 45.4223, 46.0361, 46.6499, 47.2637, 47.8775, 48.4914, 49.1052, 49.719, 50.3328, 50.9466, 51.5604, 52.1743, 52.7881, 53.4019, 54.0157, 54.6295, 55.2433, 55.8571, 56.471, 57.0848, 57.6986, 58.3124, 58.9262, 59.54, 60.1538, 60.7677, 61.3815, 61.9953, 62.6091, 63.2229, 63.8367, 64.4505, 65.0644, 65.6782, 66.292, 66.9058, 67.5196, 68.1334, 68.7473, 69.3611, 69.9749, 70.5887, 71.2025, 71.8163, 72.4301, 73.044, 73.6578, 74.2716, 74.8854, 75.4992, 76.113, 76.7268, 77.3407, 77.9545, 78.5683, 79.1821, 79.7959, 80.4097, 81.0235, 81.6374, 82.2512, 82.865, 83.4788, 84.0926, 84.7064, 85.3202, 85.9341, 86.5479, 87.1617, 87.7755, 88.3893, 89.0031, 89.617, 90.2308, 90.8446, 91.4584, 92.0722, 92.686, 93.2998, 93.9137, 94.5275, 95.1413, 95.7551, 96.3689, 96.9827, 97.5965, 98.2104, 98.8242, 99.438, 100.052, 100.666, 101.279, 101.893, 102.507, 103.121, 103.735, 104.349, 104.962, 105.576, 106.19, 106.804, 107.418, 108.031, 108.645, 109.259, 109.873, 110.487, 111.1, 111.714, 112.328, 112.942, 113.556, 114.17, 114.783, 115.397, 116.011, 116.625, 117.239, 117.852, 118.466, 119.08, 119.694, 120.308, 120.922, 121.535, 122.149, 122.763, 123.377, 123.991, 124.604, 125.218, 125.832, 126.446, 127.06, 127.673, 128.287, 128.901, 129.515, 130.129, 130.743, 131.356, 131.97, 132.584, 133.198, 133.812, 134.425, 135.039, 135.653, 136.267, 136.881, 137.495, 138.108, 138.722, 139.336, 139.95, 140.564, 141.177, 141.791, 142.405, 143.019, 143.633, 144.246, 144.86, 145.474, 146.088, 146.702, 147.316, 147.929, 148.543, 149.157, 149.771, 150.385, 150.998, 151.612, 152.226, 152.84, 153.454, 154.068, 154.681, 155.295, 155.909, 156.523, 157.137, 157.75, 158.364, 158.978, 159.592, 160.206, 160.819, 161.433, 162.047, 162.661, 163.275, 163.889, 164.502, 165.116, 165.73, 166.344, 166.958, 167.571, 168.185, 168.799, 169.413, 170.027, 170.64, 171.254, 171.868, 172.482, 173.096, 173.71, 174.323, 174.937, 175.551, 176.165, 176.779, 177.392, 178.006, 178.62, 179.234, 179.848, 180.462, 181.075, 181.689, 182.303, 182.917, 183.531, 184.144, 184.758, 185.372, 185.986, 186.6, 187.213, 187.827, 188.441, 189.055, 189.669, 190.283, 190.896, 191.51, 192.124, 192.738, 193.352, 193.965, 194.579, 195.193, 195.807, 196.421, 197.035, 197.648, 198.262, 198.876, 199.49, 200.104, 200.717, 201.331, 201.945, 202.559, 203.173, 203.786, 204.4, 205.014, 205.628, 206.242, 206.856, 207.469, 208.083, 208.697, 209.311, 209.925, 210.538, 211.152, 211.766, 212.38, 212.994, 213.608, 214.221, 214.835, 215.449, 216.063, 216.677, 217.29, 217.904, 218.518, 219.132, 219.746, 220.359, 220.973, 221.587, 222.201, 222.815, 223.429, 224.042, 224.656, 225.27, 225.884, 226.498, 227.111, 227.725, 228.339, 228.953, 229.567, 230.181, 230.794, 231.408, 232.022, 232.636, 233.25, 233.863, 234.477, 235.091, 235.705, 236.319, 236.932, 237.546, 238.16, 238.774, 239.388, 240.002, 240.615, 241.229, 241.843, 242.457, 243.071, 243.684, 244.298, 244.912, 245.526, 246.14, 246.754, 247.367, 247.981, 248.595, 249.209, 249.823, 250.436, 251.05, 251.664, 252.278, 252.892, 253.505, 254.119, 254.733, 255.347, 255.961, 256.575, 257.188, 257.802, 258.416, 259.03, 259.644, 260.257, 260.871, 261.485, 262.099, 262.713, 263.327, 263.94, 264.554, 265.168, 265.782, 266.396, 267.009, 267.623, 268.237, 268.851, 269.465, 270.078, 270.692, 271.306, 271.92, 272.534, 273.148, 273.761, 274.375, 274.989, 275.603, 276.217, 276.83, 277.444, 278.058, 278.672, 279.286, 279.9, 280.513, 281.127, 281.741, 282.355, 282.969, 283.582, 284.196, 284.81, 285.424, 286.038, 286.651, 287.265, 287.879, 288.493, 289.107, 289.721, 290.334, 290.948, 291.562, 292.176, 292.79, 293.403, 294.017
3.15867, 3.15948, 3.1603, 3.16113, 3.16197, 3.16281, 3.16367, 3.16453, 3.16541, 3.16629, 3.16718, 3.16808, 3.16899, 3.16991, 3.17085, 3.17179, 3.17274, 3.1737, 3.17467, 3.17565, 3.17664, 3.17764, 3.17865, 3.17967, 3.1807, 3.18174, 3.1828, 3.18386, 3.18494, 3.18602, 3.18712, 3.18823, 3.18935, 3.19048, 3.19162, 3.19278, 3.19394, 3.19512, 3.19631, 3.19751, 3.19872, 3.19995, 3.20119, 3.20244, 3.2037, 3.20497, 3.20626, 3.20756, 3.20888, 3.21021, 3.21155, 3.2129, 3.21427, 3.21565, 3.21704, 3.21845, 3.21987, 3.22131, 3.22276, 3.22422, 3.2257, 3.2272, 3.22871, 3.23023, 3.23177, 3.23332, 3.23489, 3.23648, 3.23808, 3.23969, 3.24133, 3.24298, 3.24464, 3.24632, 3.24802, 3.24973, 3.25146, 3.25321, 3.25498, 3.25676, 3.25856, 3.26038, 3.26222, 3.26407, 3.26595, 3.26784, 3.26975, 3.27168, 3.27362, 3.27559, 3.27758, 3.27959, 3.28161, 3.28366, 3.28573, 3.28781, 3.28992, 3.29205, 3.2942, 3.29638, 3.29857, 3.30079, 3.30302, 3.30528, 3.30757, 3.30987, 3.3122, 3.31455, 3.31693, 3.31933, 3.32176, 3.3242, 3.32668, 3.32918, 3.3317, 3.33425, 3.33683, 3.33943, 3.34206, 3.34471, 3.34739, 3.3501, 3.35284, 3.35561, 3.3584, 3.36123, 3.36408, 3.36696, 3.36987, 3.37281, 3.37579, 3.37879, 3.38182, 3.38489, 3.38799, 3.39112, 3.39429, 3.39749, 3.40072, 3.40398, 3.40728, 3.41062, 3.41399, 3.4174, 3.42084, 3.42433, 3.42784, 3.4314, 3.435, 3.43863, 3.44231, 3.44602, 3.44978, 3.45357, 3.45741, 3.46129, 3.46521, 3.46918, 3.47319, 3.47725, 3.48135, 3.4855, 3.48969, 3.49393, 3.49822, 3.50256, 3.50695, 3.51139, 3.51588, 3.52042, 3.52501, 3.52966, 3.53436, 3.53912, 3.54393, 3.5488, 3.55373, 3.55871, 3.56376, 3.56886, 3.57403, 3.57926, 3.58455, 3.58991, 3.59533, 3.60082, 3.60637, 3.612, 3.61769, 3.62346, 3.6293, 3.63521, 3.64119, 3.64726, 3.6534, 3.65961, 3.66591, 3.67229, 3.67876, 3.6853, 3.69194, 3.69866, 3.70547, 3.71237, 3.71936, 3.72645, 3.73363, 3.74091, 3.7483, 3.75578, 3.76337, 3.77106, 3.77886, 3.78677, 3.79479, 3.80293, 3.81118, 3.81956, 3.82805, 3.83667, 3.84542, 3.85429, 3.8633, 3.87244, 3.88172, 3.89115, 3.90071, 3.91043, 3.92029, 3.93031, 3.94049, 3.95083, 3.96133, 3.97201, 3.98285, 3.99388, 4.00508, 4.01647, 4.02806, 4.03984, 4.05181, 4.064, 4.07639, 4.08901, 4.10184, 4.1149, 4.1282, 4.14174, 4.15552, 4.16956, 4.18386, 4.19843, 4.21327, 4.2284, 4.24382, 4.25955, 4.27558, 4.29194, 4.30862, 4.32564, 4.34302, 4.36076, 4.37887, 4.39737, 4.41627, 4.43558, 4.45531, 4.47549, 4.49613, 4.51724, 4.53884, 4.56095, 4.58359, 4.60678, 4.63053, 4.65488, 4.67985, 4.70545, 4.73172, 4.75869, 4.78638, 4.81482, 4.84406, 4.87412, 4.90504, 4.93687, 4.96964, 5.0034, 5.03821, 5.07411, 5.11117, 5.14943, 5.18898, 5.22987, 5.2722, 5.31603, 5.36146, 5.40859, 5.45753, 5.5084, 5.56131, 5.61642, 5.67388, 5.73386, 5.79656, 5.86219, 5.93098, 6.00321, 6.07917, 6.15922, 6.24376, 6.33323, 6.42817, 6.5292, 6.63705, 6.75262, 6.87697, 7.0114, 7.15749, 7.31714, 7.49263, 7.68658, 7.90186, 8.14139, 8.4077, 8.70235, 9.02496, 9.37217, 9.73642, 10.1048, 10.4586, 10.7729, 11.0181, 11.1619, 11.1726, 11.0233, 10.696, 10.1851, 9.49877, 8.65589, 7.71635, 6.70936, 5.68394, 4.68718, 3.75942, 2.93075, 2.21937, 1.63174, 1.16429, 0.805909, 0.540993, 0.352088, 0.222106, 0.135775, 0.0804175, 0.0461398, 0.0256406, 0.0137987, 0.0071901, 0.00362676, 0.0017702, 0.000835405, 0.000380451, 0.000166313, 6.86688e-05, 2.51912e-05, 5.87147e-06, 2.32176e-06, 8.87967e-07, 3.28421e-07, 1.17467e-07, 4.0631e-08, 1.3591e-08, 4.39641e-09, 1.3753e-09, 4.16056e-10, 1.21719e-10, 3.44364e-11, 9.42174e-12, 2.49286e-12, 6.37848e-13, 1.5783e-13, 3.77673e-14, 8.73967e-15, 1.95581e-15, 4.23265e-16, 8.85832e-17, 1.79285e-17, 3.50904e-18, 6.64181e-19, 1.21573e-19, 2.152e-20, 3.68383e-21, 6.09832e-22, 9.76279e-23, 1.51144e-23, 2.26288e-24, 3.2763e-25, 4.58733e-26, 6.21139e-27, 8.13338e-28, 1.02993e-28, 1.26123e-29, 1.4936e-30, 1.71053e-31, 1.89442e-32, 2.02898e-33, 2.1015e-34, 2.10492e-35, 2.0389e-36, 1.90989e-37, 1.7301e-38, 1.51562e-39, 1.28399e-40, 1.05192e-41, 8.33415e-43, 6.38544e-44, 4.73122e-45, 3.39007e-46, 2.34907e-47, 1.57412e-48, 1.02007e-49, 6.3926e-51, 3.87416e-52, 2.27054e-53, 1.28687e-54, 7.05329e-56, 3.73854e-57, 1.91631e-58, 9.49909e-60, 4.55356e-61, 2.11092e-62, 9.46339e-64, 4.10274e-65, 1.7201e-66, 6.97406e-68, 2.73446e-69, 1.03683e-70, 3.80189e-72, 1.34816e-73, 4.62315e-75, 1.53316e-76, 4.91685e-78, 1.5249e-79, 4.57348e-81, 1.3265e-82, 3.72064e-84, 1.00921e-85, 2.64727e-87, 6.71532e-89, 1.64736e-90, 3.90807e-92, 8.9658e-94, 1.98915e-95, 4.26776e-97, 8.85491e-99, 1.77673e-100, 3.44754e-102, 6.46921e-104, 1.17394e-105, 2.06012e-107, 3.49615e-109, 5.73775e-111, 9.10637e-113, 1.39766e-114, 2.07448e-116, 2.97763e-118, 4.13317e-120, 5.54816e-122, 7.20223e-124, 9.04143e-126, 1.09764e-127, 1.28865e-129, 1.46306e-131, 1.60635e-133, 1.70558e-135, 1.75128e-137, 1.73897e-139, 1.66986e-141, 1.55068e-143
3.15867, 3.1595, 3.16033, 3.16117, 3.16202, 3.16289, 3.16376, 3.16463, 3.16552, 3.16642, 3.16733, 3.16825, 3.16917, 3.17011, 3.17105, 3.17201, 3.17297, 3.17395, 3.17494, 3.17593, 3.17694, 3.17796, 3.17898, 3.18002, 3.18107, 3.18213, 3.1832, 3.18428, 3.18537, 3.18647, 3.18758, 3.18871, 3.18985, 3.19099, 3.19215, 3.19332, 3.19451, 3.1957, 3.19691, 3.19813, 3.19936, 3.2006, 3.20186, 3.20313, 3.20441, 3.2057, 3.20701, 3.20833, 3.20966, 3.211, 3.21236, 3.21373, 3.21512, 3.21652, 3.21793, 3.21936, 3.2208, 3.22226, 3.22373, 3.22521, 3.22671, 3.22823, 3.22976, 3.2313, 3.23286, 3.23443, 3.23602, 3.23763, 3.23925, 3.24089, 3.24254, 3.24421, 3.2459, 3.2476, 3.24932, 3.25105, 3.25281, 3.25458, 3.25637, 3.25817, 3.26, 3.26184, 3.2637, 3.26557, 3.26747, 3.26938, 3.27132, 3.27327, 3.27524, 3.27723, 3.27925, 3.28128, 3.28333, 3.2854, 3.28749, 3.2896, 3.29174, 3.29389, 3.29607, 3.29827, 3.30049, 3.30273, 3.30499, 3.30728, 3.30959, 3.31192, 3.31428, 3.31666, 3.31907, 3.32149, 3.32395, 3.32642, 3.32893, 3.33145, 3.33401, 3.33659, 3.33919, 3.34182, 3.34448, 3.34717, 3.34988, 3.35262, 3.35539, 3.35819, 3.36101, 3.36387, 3.36675, 3.36967, 3.37261, 3.37559, 3.37859, 3.38163, 3.3847, 3.3878, 3.39094, 3.3941, 3.3973, 3.40054, 3.4038, 3.40711, 3.41045, 3.41382, 3.41723, 3.42067, 3.42416, 3.42768, 3.43123, 3.43483, 3.43847, 3.44214, 3.44586, 3.44961, 3.45341, 3.45725, 3.46113, 3.46505, 3.46902, 3.47303, 3.47708, 3.48118, 3.48533, 3.48952, 3.49376, 3.49805, 3.50239, 3.50678, 3.51121, 3.5157, 3.52024, 3.52483, 3.52948, 3.53417, 3.53893, 3.54374, 3.5486, 3.55353, 3.55851, 3.56355, 3.56865, 3.57381, 3.57903, 3.58432, 3.58967, 3.59509, 3.60057, 3.60612, 3.61174, 3.61742, 3.62318, 3.62901, 3.63492, 3.64089, 3.64695, 3.65308, 3.65928, 3.66557, 3.67194, 3.67839, 3.68493, 3.69155, 3.69826, 3.70506, 3.71194, 3.71892, 3.726, 3.73316, 3.74043, 3.74779, 3.75526, 3.76283, 3.7705, 3.77829, 3.78618, 3.79418, 3.80229, 3.81053, 3.81888, 3.82735, 3.83594, 3.84466, 3.85351, 3.86249, 3.8716, 3.88086, 3.89025, 3.89978, 3.90946, 3.91929, 3.92928, 3.93942, 3.94972, 3.96018, 3.97081, 3.98162, 3.9926, 4.00376, 4.0151, 4.02663, 4.03836, 4.05028, 4.06241, 4.07475, 4.0873, 4.10007, 4.11307, 4.1263, 4.13977, 4.15348, 4.16744, 4.18166, 4.19615, 4.21091, 4.22595, 4.24128, 4.2569, 4.27284, 4.28908, 4.30566, 4.32257, 4.33983, 4.35744, 4.37542, 4.39378, 4.41254, 4.4317, 4.45128, 4.4713, 4.49177, 4.5127, 4.53412, 4.55603, 4.57847, 4.60144, 4.62497, 4.64908, 4.6738, 4.69914, 4.72514, 4.75181, 4.7792, 4.80732, 4.83622, 4.86592, 4.89646, 4.92788, 4.96023, 4.99354, 5.02787, 5.06326, 5.09978, 5.13747, 5.1764, 5.21664, 5.25826, 5.30134, 5.34596, 5.39223, 5.44024, 5.4901, 5.54193, 5.59587, 5.65206, 5.71067, 5.77186, 5.83584, 5.90283, 5.97308, 6.04687, 6.1245, 6.20635, 6.29281, 6.38436, 6.48157, 6.58507, 6.69564, 6.8142, 6.94189, 7.08007, 7.23044, 7.39505, 7.57637, 7.77732, 8.00114, 8.25123, 8.53075, 8.84191, 9.18513, 9.55774, 9.95274, 10.3575, 10.7529, 11.1132, 11.4071, 11.5997, 11.6564, 11.5468, 11.2498, 10.757, 10.0759, 9.22976, 8.25613, 7.20265, 6.12158, 5.06388, 4.07386, 3.18517, 2.41884, 1.78326, 1.27574, 0.885309, 0.595755, 0.388652, 0.245736, 0.150557, 0.0893657, 0.0513819, 0.0286121, 0.0154286, 0.00805505, 0.00407085, 0.00199077, 0.000941374, 0.000429663, 0.000188476, 7.82081e-05, 2.90605e-05, 7.16749e-06, 2.82945e-06, 1.0825e-06, 4.00507e-07, 1.43299e-07, 4.95829e-08, 1.6591e-08, 5.36867e-09, 1.68002e-09, 5.0841e-10, 1.48788e-10, 4.2109e-11, 1.15249e-11, 3.05034e-12, 7.80756e-13, 1.93257e-13, 4.62603e-14, 1.07087e-14, 2.39726e-15, 5.18976e-16, 1.08651e-16, 2.19974e-17, 4.30689e-18, 8.15472e-19, 1.49316e-19, 2.64398e-20, 4.52755e-21, 7.49758e-22, 1.20069e-22, 1.8595e-23, 2.78492e-24, 4.0335e-25, 5.64944e-26, 7.65211e-27, 1.00233e-27, 1.26967e-28, 1.55535e-29, 1.84253e-30, 2.11084e-31, 2.33856e-32, 2.50551e-33, 2.59595e-34, 2.60105e-35, 2.52031e-36, 2.36163e-37, 2.14005e-38, 1.87537e-39, 1.58929e-40, 1.30249e-41, 1.03228e-42, 7.91175e-44, 5.86409e-45, 4.20322e-46, 2.9135e-47, 1.953e-48, 1.26602e-49, 7.93659e-51, 4.81148e-52, 2.82083e-53, 1.59929e-54, 8.7686e-56, 4.64928e-57, 2.38394e-58, 1.1821e-59, 5.66852e-61, 2.62867e-62, 1.17884e-63, 5.11243e-65, 2.14413e-66, 8.69618e-68, 3.41082e-69, 1.29372e-70, 4.74543e-72, 1.6833e-73, 5.77435e-75, 1.91556e-76, 6.14526e-78, 1.9065e-79, 5.71989e-81, 1.65955e-82, 4.65635e-84, 1.26343e-85, 3.31522e-87, 8.4125e-89, 2.06438e-90, 4.89899e-92, 1.12429e-93, 2.49516e-95, 5.35517e-97, 1.11148e-98, 2.23089e-100, 4.33023e-102, 8.1282e-104, 1.47547e-105, 2.59012e-107, 4.39703e-109, 7.2186e-111, 1.14604e-112, 1.75953e-114, 2.61244e-116, 3.75101e-118, 5.20838e-120, 6.99374e-122, 9.08172e-124, 1.14046e-125, 1.38498e-127, 1.62651e-129, 1.84725e-131, 2.02883e-133, 2.15485e-135, 2.21331e-137, 2.19845e-139, 2.11177e-141, 1.96167e-143
208.05
176.26
 
MEASUREMENT 25
1.56305, 4.67879, 7.79453, 10.9103, 14.0312, 17.1469, 20.2679, 23.3784, 26.4796, 29.5859, 32.6913, 35.8071, 38.9228, 42.0385, 45.1595, 48.2752, 51.3909, 54.5067, 57.6224, 60.7381, 63.8435, 66.9593, 70.0698, 73.1752, 76.2806, 79.3859, 82.4913, 85.5967, 88.7021, 91.8074, 94.9128, 98.0182, 101.1, 104.148, 107.196, 110.244, 113.292, 116.339, 119.387, 122.435, 125.483, 128.531, 131.574, 134.622, 137.67, 140.718, 143.766, 146.814, 149.861, 152.909, 155.957, 159.005, 162.053, 165.101, 168.149, 171.197, 174.245, 177.293, 180.341, 183.389, 186.436, 189.484, 192.532, 195.58, 198.621, 201.655, 204.688, 207.722, 210.756, 213.794, 216.838, 219.882, 222.926, 225.97, 229.014, 232.058, 235.102, 238.145, 241.189, 244.233, 247.277, 250.321, 253.37, 256.424, 259.478, 262.532, 265.586, 268.64, 271.695, 274.749, 277.803, 280.857, 283.911, 286.97, 290.035, 293.099
2.84492, 2.83705, 2.82073, 2.98132, 2.82857, 2.86126, 3.05824, 3.07221, 3.03646, 3.06746, 3.10318, 3.16496, 3.16628, 3.20403, 3.19906, 3.22771, 3.3255, 3.37134, 3.4275, 3.45123, 3.10053, 3.42593, 3.42893, 3.42619, 3.495, 3.50764, 3.53268, 3.52239, 3.57229, 3.31545, 3.62899, 3.16898, 3.64776, 3.65236, 3.68268, 3.70176, 3.71868, 3.75152, 3.78821, 3.80293, 3.82284, 3.86102, 3.91399, 3.91864, 3.96683, 4.02658, 4.08566, 4.12665, 4.16755, 4.20505, 4.28883, 4.36498, 4.44874, 4.51144, 4.60121, 4.81908, 4.89569, 4.96425, 5.15549, 5.40469, 5.58347, 5.95819, 6.31294, 6.99689, 8.91856, 10.1677, 11.4474, 10.4678, 5.38857, 1.24352, 0.108186, 0.00640483, 0.00361144, 0.00285582, 0.000365722, 0.00275839, 0.00136873, 0.00103483, -0.00788589, -0.00152862, -0.0122266, -0.0316726, -0.00410692, 0.00129268, -0.0202218, -0.0307205, -0.00725599, -0.0152562, -0.00147504, 0.000471051, -0.00364239, -0.00322644, -0.00499271, -0.00473173, -0.010247, -0.0273088
0.0853476, 0.0851114, 0.0846219, 0.0894396, 0.0848571, 0.0858379, 0.0917473, 0.0921662, 0.0910938, 0.0920238, 0.0930954, 0.0949489, 0.0949885, 0.0961208, 0.0959717, 0.0968312, 0.0997649, 0.10114, 0.102825, 0.103537, 0.0930159, 0.102778, 0.102868, 0.102786, 0.10485, 0.105229, 0.10598, 0.105672, 0.107169, 0.0994635, 0.10887, 0.0950693, 0.109433, 0.109571, 0.11048, 0.111053, 0.11156, 0.112546, 0.113646, 0.114088, 0.114685, 0.115831, 0.11742, 0.117559, 0.119005, 0.120797, 0.12257, 0.1238, 0.125026, 0.126152, 0.128665, 0.13095, 0.133462, 0.135343, 0.138036, 0.144572, 0.146871, 0.148928, 0.154665, 0.162141, 0.167504, 0.178746, 0.189388, 0.209907, 0.267557, 0.305032, 0.343421, 0.314035, 0.161657, 0.0373057, 0.00324557, 0.000192145, 0.000108343, 8.56747e-05, 1.09717e-05, 8.27516e-05, 4.1062e-05, 3.10449e-05, 0.000236577, 4.58586e-05, 0.000366798, 0.000950177, 0.000123208, 3.87805e-05, 0.000606654, 0.000921616, 0.00021768, 0.000457686, 4.42512e-05, 1.41315e-05, 0.000109272, 9.67933e-05, 0.000149781, 0.000141952, 0.00030741, 0.000819264
0, 0.613815, 1.22763, 1.84144, 2.45526, 3.06907, 3.68289, 4.2967, 4.91052, 5.52433, 6.13815, 6.75196, 7.36578, 7.97959, 8.59341, 9.20722, 9.82104, 10.4349, 11.0487, 11.6625, 12.2763, 12.8901, 13.5039, 14.1177, 14.7316, 15.3454, 15.9592, 16.573, 17.1868, 17.8006, 18.4144, 19.0283, 19.6421, 20.2559, 20.8697, 21.4835, 22.0973, 22.7111, 23.325, 23.9388, 24.5526, 25.1664, 25.7802, 26.394, 27.0078, 27.6217, 28.2355, 28.8493, 29.4631, 30.0769, 30.6907, 31.3046, 31.9184, 32.5322, 33.146, 33.7598, 34.3736, 34.9874, 35.6013, 36.2151, 36.8289, 37.4427, 38.0565, 38.6703, 39.2841, 39.898, 40.5118, 41.1256, 41.7394, 42.3532, 42.967, 43.5808, 44.1947, 44.8085, 45.4223, 46.0361, 46.6499, 47.2637, 47.8775, 48.4914, 49.1052, 49.719, 50.3328, 50.9466, 51.5604, 52.1743, 52.7881, 53.4019, 54.0157, 54.6295, 55.2433, 55.8571, 56.471, 57.0848, 57.6986, 58.3124, 58.9262, 59.54, 60.1538, 60.7677, 61.3815, 61.9953, 62.6091, 63.2229, 63.8367, 64.4505, 65.0644, 65.6782, 66.292, 66.9058, 67.5196, 68.1334, 68.7473, 69.3611, 69.9749, 70.5887, 71.2025, 71.8163, 72.4301, 73.044, 73.6578, 74.2716, 74.8854, 75.4992, 76.113, 76.7268, 77.3407, 77.9545, 78.5683, 79.1821, 79.7959, 80.4097, 81.0235, 81.6374, 82.2512, 82.865, 83.4788, 84.0926, 84.7064, 85.3202, 85.9341, 86.5479, 87.1617, 87.7755, 88.3893, 89.0031, 89.617, 90.2308, 90.8446, 91.4584, 92.0722, 92.686, 93.2998, 93.9137, 94.5275, 95.1413, 95.7551, 96.3689, 96.9827, 97.5965, 98.2104, 98.8242, 99.438, 100.052, 100.666, 101.279, 101.893, 102.507, 103.121, 103.735, 104.349, 104.962, 105.576, 106.19, 106.804, 107.418, 108.031, 108.645, 109.259, 109.873, 110.487, 111.1, 111.714, 112.328, 112.942, 113.556, 114.17, 114.783, 115.397, 116.011, 116.625, 117.239, 117.852, 118.466, 119.08, 119.694, 120.308, 120.922, 121.535, 122.149, 122.763, 123.377, 123.991, 124.604, 125.218, 125.832, 126.446, 127.06, 127.673, 128.287, 128.901, 129.515, 130.129, 130.743, 131.356, 131.97, 132.584, 133.198, 133.812, 134.425, 135.039, 135.653, 136.267, 136.881, 137.495, 138.108, 138.722, 139.336, 139.95, 140.564, 141.177, 141.791, 142.405, 143.019, 143.633, 144.246, 144.86, 145.474, 146.088, 146.702, 147.316, 147.929, 148.543, 149.157, 149.771, 150.385, 150.998, 151.612, 152.226, 152.84, 153.454, 154.068, 154.681, 155.295, 155.909, 156.523, 157.137, 157.75, 158.364, 158.978, 159.592, 160.206, 160.819, 161.433, 162.047, 162.661, 163.275, 163.889, 164.502, 165.116, 165.73, 166.344, 166.958, 167.571, 168.185, 168.799, 169.413, 170.027, 170.64, 171.254, 171.868, 172.482, 173.096, 173.71, 174.323, 174.937, 175.551, 176.165, 176.779, 177.392, 178.006, 178.62, 179.234, 179.848, 180.462, 181.075, 181.689, 182.303, 182.917, 183.531, 184.144, 184.758, 185.372, 185.986, 186.6, 187.213, 187.827, 188.441, 189.055, 189.669, 190.283, 190.896, 191.51, 192.124, 192.738, 193.352, 193.965, 194.579, 195.193, 195.807, 196.421, 197.035, 197.648, 198.262, 198.876, 199.49, 200.104, 200.717, 201.331, 201.945, 202.559, 203.173, 203.786, 204.4, 205.014, 205.628, 206.242, 206.856, 207.469, 208.083, 208.697, 209.311, 209.925, 210.538, 211.152, 211.766, 212.38, 212.994, 213.608, 214.221, 214.835, 215.449, 216.063, 216.677, 217.29, 217.904, 218.518, 219.132, 219.746, 220.359, 220.973, 221.587, 222.201, 222.815, 223.429, 224.042, 224.656, 225.27, 225.884, 226.498, 227.111, 227.725, 228.339, 228.953, 229.567, 230.181, 230.794, 231.408, 232.022, 232.636, 233.25, 233.863, 234.477, 235.091, 235.705, 236.319, 236.932, 237.546, 238.16, 238.774, 239.388, 240.002, 240.615, 241.229, 241.843, 242.457, 243.071, 243.684, 244.298, 244.912, 245.526, 246.14, 246.754, 247.367, 247.981, 248.595, 249.209, 249.823, 250.436, 251.05, 251.664, 252.278, 252.892, 253.505, 254.119, 254.733, 255.347, 255.961, 256.575, 257.188, 257.802, 258.416, 259.03, 259.644, 260.257, 260.871, 261.485, 262.099, 262.713, 263.327, 263.94, 264.554, 265.168, 265.782, 266.396, 267.009, 267.623, 268.237, 268.851, 269.465, 270.078, 270.692, 271.306, 271.92, 272.534, 273.148, 273.761, 274.375, 274.989, 275.603, 276.217, 276.83, 277.444, 278.058, 278.672, 279.286, 279.9, 280.513, 281.127, 281.741, 282.355, 282.969, 283.582, 284.196, 284.81, 285.424, 286.038, 286.651, 287.265, 287.879, 288.493, 289.107, 289.721, 290.334, 290.948, 291.562, 292.176, 292.79, 293.403, 294.017
3.16194, 3.16275, 3.16356, 3.16438, 3.16521, 3.16606, 3.16691, 3.16777, 3.16863, 3.16951, 3.1704, 3.17129, 3.1722, 3.17312, 3.17404, 3.17498, 3.17592, 3.17688, 3.17784, 3.17881, 3.1798, 3.18079, 3.1818, 3.18282, 3.18384, 3.18488, 3.18593, 3.18698, 3.18805, 3.18913, 3.19022, 3.19133, 3.19244, 3.19356, 3.1947, 3.19585, 3.19701, 3.19818, 3.19936, 3.20055, 3.20176, 3.20298, 3.20421, 3.20545, 3.20671, 3.20798, 3.20926, 3.21055, 3.21186, 3.21318, 3.21451, 3.21586, 3.21722, 3.21859, 3.21998, 3.22138, 3.22279, 3.22422, 3.22566, 3.22712, 3.22859, 3.23008, 3.23158, 3.2331, 3.23463, 3.23617, 3.23773, 3.23931, 3.2409, 3.24251, 3.24413, 3.24577, 3.24743, 3.2491, 3.25079, 3.25249, 3.25421, 3.25595, 3.25771, 3.25948, 3.26127, 3.26308, 3.26491, 3.26675, 3.26862, 3.2705, 3.2724, 3.27432, 3.27625, 3.27821, 3.28019, 3.28218, 3.2842, 3.28623, 3.28829, 3.29037, 3.29246, 3.29458, 3.29672, 3.29888, 3.30106, 3.30326, 3.30549, 3.30774, 3.31001, 3.3123, 3.31462, 3.31696, 3.31932, 3.32171, 3.32412, 3.32655, 3.32901, 3.3315, 3.33401, 3.33654, 3.3391, 3.34169, 3.3443, 3.34694, 3.34961, 3.3523, 3.35503, 3.35778, 3.36055, 3.36336, 3.3662, 3.36906, 3.37196, 3.37488, 3.37784, 3.38082, 3.38384, 3.38689, 3.38997, 3.39308, 3.39623, 3.39941, 3.40262, 3.40587, 3.40915, 3.41246, 3.41582, 3.4192, 3.42263, 3.42609, 3.42958, 3.43312, 3.43669, 3.4403, 3.44396, 3.44765, 3.45138, 3.45515, 3.45897, 3.46282, 3.46672, 3.47066, 3.47465, 3.47868, 3.48275, 3.48687, 3.49104, 3.49525, 3.49952, 3.50383, 3.50819, 3.5126, 3.51706, 3.52157, 3.52613, 3.53075, 3.53542, 3.54014, 3.54492, 3.54976, 3.55465, 3.5596, 3.56461, 3.56968, 3.57481, 3.58, 3.58526, 3.59057, 3.59596, 3.60141, 3.60692, 3.61251, 3.61816, 3.62388, 3.62968, 3.63554, 3.64149, 3.6475, 3.6536, 3.65977, 3.66602, 3.67235, 3.67876, 3.68526, 3.69184, 3.69851, 3.70526, 3.71211, 3.71905, 3.72608, 3.7332, 3.74042, 3.74774, 3.75517, 3.76269, 3.77032, 3.77805, 3.78589, 3.79385, 3.80191, 3.8101, 3.8184, 3.82682, 3.83536, 3.84403, 3.85282, 3.86175, 3.8708, 3.88, 3.88933, 3.89881, 3.90843, 3.9182, 3.92813, 3.9382, 3.94844, 3.95884, 3.96941, 3.98014, 3.99106, 4.00215, 4.01342, 4.02488, 4.03653, 4.04838, 4.06044, 4.0727, 4.08517, 4.09786, 4.11078, 4.12392, 4.1373, 4.15093, 4.1648, 4.17893, 4.19333, 4.20799, 4.22293, 4.23816, 4.25369, 4.26952, 4.28566, 4.30213, 4.31893, 4.33607, 4.35356, 4.37143, 4.38967, 4.4083, 4.42733, 4.44678, 4.46666, 4.48699, 4.50778, 4.52904, 4.55081, 4.57308, 4.5959, 4.61926, 4.6432, 4.66774, 4.6929, 4.71871, 4.74519, 4.77237, 4.80029, 4.82897, 4.85844, 4.88876, 4.91994, 4.95204, 4.98509, 5.01915, 5.05426, 5.09048, 5.12787, 5.16648, 5.20638, 5.24765, 5.29037, 5.33461, 5.38047, 5.42805, 5.47746, 5.52882, 5.58225, 5.6379, 5.69593, 5.75651, 5.81983, 5.88611, 5.9556, 6.02855, 6.10528, 6.18613, 6.27149, 6.36182, 6.45765, 6.55959, 6.66836, 6.78482, 6.91003, 7.04526, 7.19207, 7.35241, 7.52866, 7.72366, 7.94075, 8.18359, 8.45582, 8.7604, 9.09857, 9.4685, 9.86352, 10.2705, 10.6685, 11.0284, 11.3138, 11.4843, 11.4996, 11.3254, 10.9398, 10.3377, 9.53321, 8.56182, 7.48845, 6.36103, 5.24122, 4.18455, 3.23436, 2.41835, 1.74808, 1.22089, 0.823497, 0.536215, 0.336944, 0.204263, 0.119432, 0.0673362, 0.0366005, 0.0191758, 0.00968187, 0.00470982, 0.00220658, 0.000994858, 0.000430799, 0.000178153, 6.90648e-05, 2.32223e-05, 5.37014e-06, 1.97153e-06, 6.96573e-07, 2.3682e-07, 7.74743e-08, 2.43885e-08, 7.38755e-09, 2.1533e-09, 6.03942e-10, 1.62995e-10, 4.23294e-11, 1.05778e-11, 2.54355e-12, 5.88534e-13, 1.31036e-13, 2.80736e-14, 5.78753e-15, 1.14809e-15, 2.19153e-16, 4.02536e-17, 7.11462e-18, 1.21e-18, 1.98019e-19, 3.1183e-20, 4.72515e-21, 6.88971e-22, 9.6666e-23, 1.30507e-23, 1.69544e-24, 2.11943e-25, 2.54943e-26, 2.95091e-27, 3.28666e-28, 3.52243e-29, 3.63259e-30, 3.60478e-31, 3.44214e-32, 3.16276e-33, 2.79635e-34, 2.37905e-35, 1.94762e-36, 1.53423e-37, 1.16297e-38, 8.48262e-40, 5.95361e-41, 4.02085e-42, 2.61302e-43, 1.63401e-44, 9.83231e-46, 5.69303e-47, 3.17189e-48, 1.70051e-49, 8.77263e-51, 4.35479e-52, 2.08013e-53, 9.56099e-55, 4.22865e-56, 1.79965e-57, 7.3699e-59, 2.90417e-60, 1.10121e-61, 4.01796e-63, 1.41068e-64, 4.76582e-66, 1.5493e-67, 4.84639e-69, 1.45878e-70, 4.2252e-72, 1.17759e-73, 3.1581e-75, 8.14976e-77, 2.02373e-78, 4.83554e-80, 1.1118e-81, 2.45977e-83, 5.23659e-85, 1.07273e-86, 2.11455e-88, 4.01083e-90, 7.32044e-92, 1.28566e-93, 2.17272e-95, 3.53318e-97, 5.52862e-99, 8.32441e-101, 1.20608e-102, 1.68147e-104, 2.25572e-106, 2.91186e-108, 3.61694e-110, 4.32313e-112, 4.97214e-114, 5.50268e-116, 5.85993e-118, 6.00478e-120, 5.92091e-122, 5.61781e-124, 5.12899e-126, 4.50591e-128, 3.80909e-130, 3.09846e-132, 2.42525e-134, 1.82665e-136, 1.32385e-138, 9.23229e-141, 6.19536e-143, 4.00047e-145, 2.48566e-147, 1.48613e-149, 8.5499e-152, 4.73315e-154, 2.52131e-156, 1.29238e-158, 6.37438e-161, 3.02534e-163
3.16194, 3.16276, 3.16359, 3.16443, 3.16527, 3.16613, 3.16699, 3.16787, 3.16875, 3.16964, 3.17055, 3.17146, 3.17238, 3.17331, 3.17425, 3.1752, 3.17616, 3.17713, 3.17811, 3.1791, 3.1801, 3.18111, 3.18213, 3.18316, 3.18421, 3.18526, 3.18632, 3.1874, 3.18848, 3.18958, 3.19069, 3.19181, 3.19294, 3.19408, 3.19523, 3.19639, 3.19757, 3.19876, 3.19996, 3.20117, 3.2024, 3.20363, 3.20488, 3.20614, 3.20742, 3.2087, 3.21, 3.21131, 3.21264, 3.21398, 3.21533, 3.21669, 3.21807, 3.21946, 3.22087, 3.22229, 3.22372, 3.22517, 3.22663, 3.22811, 3.2296, 3.23111, 3.23263, 3.23416, 3.23571, 3.23728, 3.23886, 3.24046, 3.24207, 3.2437, 3.24534, 3.247, 3.24868, 3.25037, 3.25208, 3.25381, 3.25555, 3.25732, 3.25909, 3.26089, 3.2627, 3.26453, 3.26638, 3.26825, 3.27014, 3.27204, 3.27397, 3.27591, 3.27787, 3.27985, 3.28185, 3.28387, 3.28591, 3.28797, 3.29005, 3.29215, 3.29427, 3.29642, 3.29858, 3.30077, 3.30298, 3.30521, 3.30746, 3.30973, 3.31203, 3.31435, 3.31669, 3.31906, 3.32145, 3.32386, 3.3263, 3.32877, 3.33125, 3.33377, 3.33631, 3.33887, 3.34146, 3.34408, 3.34672, 3.34939, 3.35209, 3.35482, 3.35757, 3.36035, 3.36316, 3.366, 3.36887, 3.37176, 3.37469, 3.37765, 3.38064, 3.38366, 3.38671, 3.38979, 3.39291, 3.39606, 3.39924, 3.40245, 3.4057, 3.40898, 3.4123, 3.41565, 3.41904, 3.42247, 3.42593, 3.42943, 3.43296, 3.43654, 3.44015, 3.4438, 3.4475, 3.45123, 3.455, 3.45881, 3.46267, 3.46657, 3.47051, 3.4745, 3.47853, 3.4826, 3.48672, 3.49089, 3.4951, 3.49936, 3.50367, 3.50803, 3.51244, 3.51689, 3.5214, 3.52596, 3.53058, 3.53524, 3.53997, 3.54474, 3.54957, 3.55446, 3.55941, 3.56442, 3.56948, 3.57461, 3.57979, 3.58504, 3.59036, 3.59574, 3.60118, 3.60669, 3.61226, 3.61791, 3.62363, 3.62941, 3.63527, 3.64121, 3.64721, 3.6533, 3.65946, 3.6657, 3.67202, 3.67842, 3.68491, 3.69148, 3.69813, 3.70488, 3.71171, 3.71863, 3.72565, 3.73276, 3.73997, 3.74727, 3.75468, 3.76218, 3.76979, 3.77751, 3.78533, 3.79327, 3.80131, 3.80947, 3.81775, 3.82615, 3.83466, 3.84331, 3.85207, 3.86097, 3.87, 3.87917, 3.88847, 3.89792, 3.90751, 3.91725, 3.92713, 3.93718, 3.94738, 3.95774, 3.96826, 3.97896, 3.98983, 4.00087, 4.0121, 4.02351, 4.03512, 4.04691, 4.05891, 4.07112, 4.08353, 4.09616, 4.10901, 4.12209, 4.13541, 4.14896, 4.16276, 4.17681, 4.19113, 4.20571, 4.22056, 4.2357, 4.25114, 4.26687, 4.28291, 4.29927, 4.31596, 4.33299, 4.35036, 4.3681, 4.38621, 4.4047, 4.42359, 4.44289, 4.46262, 4.48278, 4.5034, 4.52449, 4.54606, 4.56814, 4.59075, 4.6139, 4.63761, 4.66191, 4.68682, 4.71236, 4.73857, 4.76546, 4.79306, 4.82142, 4.85055, 4.8805, 4.9113, 4.94299, 4.97562, 5.00922, 5.04384, 5.07955, 5.11639, 5.15441, 5.1937, 5.2343, 5.27631, 5.31979, 5.36484, 5.41155, 5.46001, 5.51036, 5.56269, 5.61716, 5.67391, 5.73309, 5.7949, 5.85953, 5.92719, 5.99815, 6.07268, 6.1511, 6.23376, 6.32108, 6.41352, 6.51163, 6.61606, 6.72756, 6.84702, 6.97556, 7.11451, 7.26555, 7.43073, 7.61263, 7.81436, 8.03965, 8.29264, 8.57765, 8.89844, 9.25721, 9.65309, 10.0803, 10.5261, 10.9696, 11.3806, 11.7209, 11.9468, 12.0141, 11.8843, 11.5311, 10.9463, 10.1432, 9.15635, 8.03838, 6.8529, 5.66626, 4.53917, 3.51986, 2.64007, 1.9141, 1.34073, 0.906855, 0.592087, 0.373022, 0.226703, 0.132875, 0.075092, 0.0409094, 0.0214808, 0.0108691, 0.00529853, 0.00248761, 0.00112399, 0.000487883, 0.000202491, 7.89284e-05, 2.69474e-05, 6.55961e-06, 2.40423e-06, 8.49783e-07, 2.89021e-07, 9.45883e-08, 2.97875e-08, 9.02649e-09, 2.63203e-09, 7.38503e-10, 1.99389e-10, 5.18009e-11, 1.29498e-11, 3.11512e-12, 7.21067e-13, 1.60607e-13, 3.44223e-14, 7.09912e-15, 1.40882e-15, 2.69027e-16, 4.94338e-17, 8.74057e-18, 1.48711e-18, 2.43464e-19, 3.83542e-20, 5.81406e-21, 8.48075e-22, 1.19035e-22, 1.6077e-23, 2.08941e-24, 2.61294e-25, 3.14428e-26, 3.64084e-27, 4.05667e-28, 4.34936e-29, 4.48713e-30, 4.45451e-31, 4.25518e-32, 3.91132e-33, 3.45953e-34, 2.94441e-35, 2.41138e-36, 1.9003e-37, 1.441e-38, 1.05147e-39, 7.38268e-41, 4.98792e-42, 3.24274e-43, 2.02858e-44, 1.22112e-45, 7.07318e-47, 3.94236e-48, 2.11439e-49, 1.0912e-50, 5.41884e-52, 2.58939e-53, 1.19063e-54, 5.26795e-56, 2.24282e-57, 9.18828e-59, 3.62211e-60, 1.37396e-61, 5.01507e-63, 1.76143e-64, 5.95307e-66, 1.93599e-67, 6.05833e-69, 1.82427e-70, 5.28582e-72, 1.47375e-73, 3.95386e-75, 1.02072e-76, 2.53558e-78, 6.06087e-80, 1.39406e-81, 3.0854e-83, 6.57099e-85, 1.34659e-86, 2.6554e-88, 5.03859e-90, 9.19973e-92, 1.61632e-93, 2.73255e-95, 4.44523e-97, 6.95837e-99, 1.04811e-100, 1.51913e-102, 2.11869e-104, 2.84333e-106, 3.67175e-108, 4.56254e-110, 5.45539e-112, 6.27671e-114, 6.94905e-116, 7.40295e-118, 7.58876e-120, 7.48554e-122, 7.10496e-124, 6.48914e-126, 5.70294e-128, 4.82278e-130, 3.92448e-132, 3.07293e-134, 2.31532e-136, 1.67863e-138, 1.17107e-140, 7.86142e-143, 5.07813e-145, 3.15641e-147, 1.88786e-149, 1.0865e-151, 6.01698e-154, 3.20636e-156, 1.64412e-158, 8.11221e-161, 3.85152e-163
208.45
176.46
 
MEASUREMENT 26
1.56305, 4.67879, 7.79453, 10.9103, 14.0312, 17.1469, 20.2679, 23.3784, 26.4796, 29.5859, 32.6913, 35.8071, 38.9228, 42.0385, 45.1595, 48.2752, 51.3909, 54.5067, 57.6224, 60.7381, 63.8435, 66.9593, 70.0698, 73.1752, 76.2806, 79.3859, 82.4913, 85.5967, 88.7021, 91.8074, 94.9128, 98.0182, 101.1, 104.148, 107.196, 110.244, 113.292, 116.339, 119.387, 122.435, 125.483, 128.531, 131.574, 134.622, 137.67, 140.718, 143.766, 146.814, 149.861, 152.909, 155.957, 159.005, 162.053, 165.101, 168.149, 171.197, 174.245, 177.293, 180.341, 183.389, 186.436, 189.484, 192.532, 195.58, 198.621, 201.655, 204.688, 207.722, 210.756, 213.794, 216.838, 219.882, 222.926, 225.97, 229.014, 232.058, 235.102, 238.145, 241.189, 244.233, 247.277, 250.321, 253.37, 256.424, 259.478, 262.532, 265.586, 268.64, 271.695, 274.749, 277.803, 280.857, 283.911, 286.97, 290.035, 293.099
2.83871, 2.83992, 2.82304, 2.97963, 2.82384, 2.85495, 3.07285, 3.06885, 3.03561, 3.06701, 3.10174, 3.16362, 3.16509, 3.2042, 3.19838, 3.22627, 3.32899, 3.36507, 3.42004, 3.45428, 3.11307, 3.42085, 3.43355, 3.42577, 3.50153, 3.51114, 3.53074, 3.52459, 3.57481, 3.3074, 3.63009, 3.1754, 3.64971, 3.65072, 3.68319, 3.70054, 3.72009, 3.74904, 3.78664, 3.80405, 3.81323, 3.85861, 3.91498, 3.91793, 3.96418, 4.02505, 4.08818, 4.12742, 4.16533, 4.20481, 4.29354, 4.36493, 4.44797, 4.51145, 4.60385, 4.82086, 4.89457, 4.96513, 5.16044, 5.40425, 5.58686, 5.95809, 6.3124, 6.97542, 8.91979, 10.1655, 11.4454, 10.465, 5.3813, 1.24487, 0.110748, 0.00681866, 0.00355636, 0.00443686, 0.002826, 0.00188638, 0.0018789, 0.00188802, -0.000510497, -0.00212749, -0.00925925, -0.0354398, -0.00285239, -0.00332002, -0.0192124, -0.0277128, -0.00634714, -0.0162252, -0.00155986, -0.000550966, -0.00341173, -0.00376559, -0.0077781, -0.00269788, -0.00974219, -0.0303388
0.0851612, 0.0851976, 0.0846913, 0.089389, 0.0847151, 0.0856485, 0.0921855, 0.0920655, 0.0910682, 0.0920104, 0.0930521, 0.0949085, 0.0949527, 0.0961261, 0.0959514, 0.096788, 0.0998696, 0.100952, 0.102601, 0.103629, 0.0933922, 0.102626, 0.103007, 0.102773, 0.105046, 0.105334, 0.105922, 0.105738, 0.107244, 0.0992221, 0.108903, 0.0952621, 0.109491, 0.109521, 0.110496, 0.111016, 0.111603, 0.112471, 0.113599, 0.114122, 0.114397, 0.115758, 0.117449, 0.117538, 0.118925, 0.120751, 0.122645, 0.123823, 0.12496, 0.126144, 0.128806, 0.130948, 0.133439, 0.135344, 0.138116, 0.144626, 0.146837, 0.148954, 0.154813, 0.162128, 0.167606, 0.178743, 0.189372, 0.209263, 0.267594, 0.304966, 0.343362, 0.31395, 0.161439, 0.0373462, 0.00332245, 0.00020456, 0.000106691, 0.000133106, 8.47801e-05, 5.65914e-05, 5.6367e-05, 5.66405e-05, 1.53149e-05, 6.38246e-05, 0.000277778, 0.00106319, 8.55716e-05, 9.96007e-05, 0.000576372, 0.000831385, 0.000190414, 0.000486756, 4.67958e-05, 1.6529e-05, 0.000102352, 0.000112968, 0.000233343, 8.09363e-05, 0.000292266, 0.000910164
0, 0.613815, 1.22763, 1.84144, 2.45526, 3.06907, 3.68289, 4.2967, 4.91052, 5.52433, 6.13815, 6.75196, 7.36578, 7.97959, 8.59341, 9.20722, 9.82104, 10.4349, 11.0487, 11.6625, 12.2763, 12.8901, 13.5039, 14.1177, 14.7316, 15.3454, 15.9592, 16.573, 17.1868, 17.8006, 18.4144, 19.0283, 19.6421, 20.2559, 20.8697, 21.4835, 22.0973, 22.7111, 23.325, 23.9388, 24.5526, 25.1664, 25.7802, 26.394, 27.0078, 27.6217, 28.2355, 28.8493, 29.4631, 30.0769, 30.6907, 31.3046, 31.9184, 32.5322, 33.146, 33.7598, 34.3736, 34.9874, 35.6013, 36.2151, 36.8289, 37.4427, 38.0565, 38.6703, 39.2841, 39.898, 40.5118, 41.1256, 41.7394, 42.3532, 42.967, 43.5808, 44.1947, 44.8085, 45.4223, 46.0361, 46.6499, 47.2637, 47.8775, 48.4914, 49.1052, 49.719, 50.3328, 50.9466, 51.5604, 52.1743, 52.7881, 53.4019, 54.0157, 54.6295, 55.2433, 55.8571, 56.471, 57.0848, 57.6986, 58.3124, 58.9262, 59.54, 60.1538, 60.7677, 61.3815, 61.9953, 62.6091, 63.2229, 63.8367, 64.4505, 65.0644, 65.6782, 66.292, 66.9058, 67.5196, 68.1334, 68.7473, 69.3611, 69.9749, 70.5887, 71.2025, 71.8163, 72.4301, 73.044, 73.6578, 74.2716, 74.8854, 75.4992, 76.113, 76.7268, 77.3407, 77.9545, 78.5683, 79.1821, 79.7959, 80.4097, 81.0235, 81.6374, 82.2512, 82.865, 83.4788, 84.0926, 84.7064, 85.3202, 85.9341, 86.5479, 87.1617, 87.7755, 88.3893, 89.0031, 89.617, 90.2308, 90.8446, 91.4584, 92.0722, 92.686, 93.2998, 93.9137, 94.5275, 95.1413, 95.7551, 96.3689, 96.9827, 97.5965, 98.2104, 98.8242, 99.438, 100.052, 100.666, 101.279, 101.893, 102.507, 103.121, 103.735, 104.349, 104.962, 105.576, 106.19, 106.804, 107.418, 108.031, 108.645, 109.259, 109.873, 110.487, 111.1, 111.714, 112.328, 112.942, 113.556, 114.17, 114.783, 115.397, 116.011, 116.625, 117.239, 117.852, 118.466, 119.08, 119.694, 120.308, 120.922, 121.535, 122.149, 122.763, 123.377, 123.991, 124.604, 125.218, 125.832, 126.446, 127.06, 127.673, 128.287, 128.901, 129.515, 130.129, 130.743, 131.356, 131.97, 132.584, 133.198, 133.812, 134.425, 135.039, 135.653, 136.267, 136.881, 137.495, 138.108, 138.722, 139.336, 139.95, 140.564, 141.177, 141.791, 142.405, 143.019, 143.633, 144.246, 144.86, 145.474, 146.088, 146.702, 147.316, 147.929, 148.543, 149.157, 149.771, 150.385, 150.998, 151.612, 152.226, 152.84, 153.454, 154.068, 154.681, 155.295, 155.909, 156.523, 157.137, 157.75, 158.364, 158.978, 159.592, 160.206, 160.819, 161.433, 162.047, 162.661, 163.275, 163.889, 164.502, 165.116, 165.73, 166.344, 166.958, 167.571, 168.185, 168.799, 169.413, 170.027, 170.64, 171.254, 171.868, 172.482, 173.096, 173.71, 174.323, 174.937, 175.551, 176.165, 176.779, 177.392, 178.006, 178.62, 179.234, 179.848, 180.462, 181.075, 181.689, 182.303, 182.917, 183.531, 184.144, 184.758, 185.372, 185.986, 186.6, 187.213, 187.827, 188.441, 189.055, 189.669, 190.283, 190.896, 191.51, 192.124, 192.738, 193.352, 193.965, 194.579, 195.193, 195.807, 196.421, 197.035, 197.648, 198.262, 198.876, 199.49, 200.104, 200.717, 201.331, 201.945, 202.559, 203.173, 203.786, 204.4, 205.014, 205.628, 206.242, 206.856, 207.469, 208.083, 208.697, 209.311, 209.925, 210.538, 211.152, 211.766, 212.38, 212.994, 213.608, 214.221, 214.835, 215.449, 216.063, 216.677, 217.29, 217.904, 218.518, 219.132, 219.746, 220.359, 220.973, 221.587, 222.201, 222.815, 223.429, 224.042, 224.656, 225.27, 225.884, 226.498, 227.111, 227.725, 228.339, 228.953, 229.567, 230.181, 230.794, 231.408, 232.022, 232.636, 233.25, 233.863, 234.477, 235.091, 235.705, 236.319, 236.932, 237.546, 238.16, 238.774, 239.388, 240.002, 240.615, 241.229, 241.843, 242.457, 243.071, 243.684, 244.298, 244.912, 245.526, 246.14, 246.754, 247.367, 247.981, 248.595, 249.209, 249.823, 250.436, 251.05, 251.664, 252.278, 252.892, 253.505, 254.119, 254.733, 255.347, 255.961, 256.575, 257.188, 257.802, 258.416, 259.03, 259.644, 260.257, 260.871, 261.485, 262.099, 262.713, 263.327, 263.94, 264.554, 265.168, 265.782, 266.396, 267.009, 267.623, 268.237, 268.851, 269.465, 270.078, 270.692, 271.306, 271.92, 272.534, 273.148, 273.761, 274.375, 274.989, 275.603, 276.217, 276.83, 277.444, 278.058, 278.672, 279.286, 279.9, 280.513, 281.127, 281.741, 282.355, 282.969, 283.582, 284.196, 284.81, 285.424, 286.038, 286.651, 287.265, 287.879, 288.493, 289.107, 289.721, 290.334, 290.948, 291.562, 292.176, 292.79, 293.403, 294.017
3.16144, 3.16224, 3.16306, 3.16388, 3.16472, 3.16556, 3.16641, 3.16727, 3.16814, 3.16901, 3.1699, 3.1708, 3.1717, 3.17262, 3.17355, 3.17448, 3.17543, 3.17638, 3.17735, 3.17832, 3.17931, 3.1803, 3.18131, 3.18232, 3.18335, 3.18439, 3.18544, 3.18649, 3.18756, 3.18864, 3.18973, 3.19084, 3.19195, 3.19308, 3.19421, 3.19536, 3.19652, 3.19769, 3.19888, 3.20007, 3.20128, 3.2025, 3.20373, 3.20497, 3.20623, 3.2075, 3.20878, 3.21007, 3.21138, 3.2127, 3.21403, 3.21538, 3.21674, 3.21812, 3.2195, 3.2209, 3.22232, 3.22375, 3.22519, 3.22665, 3.22812, 3.22961, 3.23111, 3.23263, 3.23416, 3.2357, 3.23726, 3.23884, 3.24043, 3.24204, 3.24367, 3.24531, 3.24696, 3.24863, 3.25032, 3.25203, 3.25375, 3.25549, 3.25725, 3.25902, 3.26081, 3.26262, 3.26445, 3.2663, 3.26816, 3.27004, 3.27194, 3.27386, 3.2758, 3.27776, 3.27974, 3.28173, 3.28375, 3.28579, 3.28784, 3.28992, 3.29202, 3.29414, 3.29628, 3.29844, 3.30062, 3.30282, 3.30505, 3.3073, 3.30957, 3.31186, 3.31418, 3.31652, 3.31889, 3.32127, 3.32369, 3.32612, 3.32858, 3.33107, 3.33358, 3.33611, 3.33868, 3.34127, 3.34388, 3.34652, 3.34919, 3.35189, 3.35461, 3.35736, 3.36014, 3.36295, 3.36578, 3.36865, 3.37155, 3.37447, 3.37743, 3.38042, 3.38344, 3.38649, 3.38957, 3.39268, 3.39583, 3.39901, 3.40222, 3.40547, 3.40876, 3.41207, 3.41543, 3.41881, 3.42224, 3.4257, 3.4292, 3.43274, 3.43631, 3.43993, 3.44358, 3.44727, 3.45101, 3.45478, 3.4586, 3.46245, 3.46635, 3.4703, 3.47429, 3.47832, 3.48239, 3.48652, 3.49069, 3.4949, 3.49917, 3.50348, 3.50784, 3.51225, 3.51672, 3.52123, 3.52579, 3.53041, 3.53509, 3.53981, 3.54459, 3.54943, 3.55433, 3.55928, 3.56429, 3.56937, 3.5745, 3.5797, 3.58495, 3.59027, 3.59566, 3.60111, 3.60663, 3.61222, 3.61788, 3.6236, 3.6294, 3.63527, 3.64122, 3.64724, 3.65333, 3.65951, 3.66576, 3.6721, 3.67851, 3.68501, 3.6916, 3.69827, 3.70503, 3.71188, 3.71882, 3.72586, 3.73299, 3.74022, 3.74754, 3.75497, 3.7625, 3.77013, 3.77787, 3.78572, 3.79368, 3.80175, 3.80994, 3.81824, 3.82667, 3.83522, 3.84389, 3.85269, 3.86163, 3.87069, 3.87989, 3.88923, 3.89872, 3.90835, 3.91813, 3.92806, 3.93814, 3.94839, 3.9588, 3.96937, 3.98012, 3.99104, 4.00214, 4.01342, 4.02489, 4.03656, 4.04842, 4.06048, 4.07276, 4.08524, 4.09794, 4.11087, 4.12403, 4.13742, 4.15106, 4.16495, 4.17909, 4.1935, 4.20818, 4.22314, 4.23838, 4.25393, 4.26977, 4.28593, 4.30242, 4.31924, 4.3364, 4.35392, 4.3718, 4.39006, 4.40871, 4.42777, 4.44724, 4.46715, 4.4875, 4.50832, 4.52962, 4.55141, 4.57372, 4.59656, 4.61996, 4.64394, 4.66851, 4.69371, 4.71956, 4.74608, 4.77331, 4.80127, 4.83, 4.85953, 4.88989, 4.92113, 4.95329, 4.9864, 5.02053, 5.05571, 5.092, 5.12946, 5.16815, 5.20815, 5.24951, 5.29232, 5.33667, 5.38264, 5.43035, 5.47988, 5.53138, 5.58496, 5.64077, 5.69897, 5.75974, 5.82327, 5.88978, 5.95951, 6.03273, 6.10976, 6.19093, 6.27667, 6.36741, 6.4637, 6.56617, 6.67555, 6.79272, 6.91876, 7.05496, 7.20295, 7.36468, 7.54258, 7.73953, 7.95884, 8.2041, 8.47876, 8.78546, 9.12498, 9.49484, 9.88766, 10.2896, 10.6791, 11.0269, 11.2972, 11.4503, 11.4475, 11.2567, 10.8578, 10.2476, 9.44092, 8.47465, 7.41107, 6.29729, 5.193, 4.15175, 3.21525, 2.41018, 1.74767, 1.22523, 0.830077, 0.543243, 0.343319, 0.20946, 0.123336, 0.0700767, 0.0384113, 0.020308, 0.0103541, 0.00508984, 0.00241148, 0.00110039, 0.000482797, 0.000202706, 8.02276e-05, 2.82206e-05, 6.3142e-06, 2.35538e-06, 8.46161e-07, 2.92708e-07, 9.75003e-08, 3.12729e-08, 9.65874e-09, 2.87252e-09, 8.22614e-10, 2.2684e-10, 6.02327e-11, 1.54005e-11, 3.79167e-12, 8.98906e-13, 2.05205e-13, 4.51079e-14, 9.54789e-15, 1.94604e-15, 3.81933e-16, 7.21792e-17, 1.31349e-17, 2.30161e-18, 3.88354e-19, 6.30976e-20, 9.87161e-21, 1.48715e-21, 2.15729e-22, 3.01338e-23, 4.05312e-24, 5.24947e-25, 6.54683e-26, 7.86206e-27, 9.09142e-28, 1.01232e-28, 1.08541e-29, 1.12062e-30, 1.11407e-31, 1.06649e-32, 9.83088e-34, 8.72603e-35, 7.45815e-36, 6.13812e-37, 4.86441e-38, 3.71205e-39, 2.72764e-40, 1.92997e-41, 1.31493e-42, 8.62675e-44, 5.44979e-45, 3.31514e-46, 1.94184e-47, 1.09526e-48, 5.9485e-50, 3.11092e-51, 1.5666e-52, 7.5966e-54, 3.54707e-55, 1.59481e-56, 6.90459e-58, 2.87844e-59, 1.15549e-60, 4.46645e-62, 1.66246e-63, 5.95836e-65, 2.05633e-66, 6.83359e-68, 2.18672e-69, 6.73796e-71, 1.99918e-72, 5.71171e-74, 1.57134e-75, 4.16257e-77, 1.0618e-78, 2.60804e-80, 6.16843e-82, 1.40483e-83, 3.0808e-85, 6.50566e-87, 1.32284e-88, 2.59009e-90, 4.88328e-92, 8.86537e-94, 1.54978e-95, 2.60877e-97, 4.22852e-99, 6.59979e-101, 9.91885e-103, 1.43543e-104, 2.00028e-106, 2.68404e-108, 3.46799e-110, 4.31473e-112, 5.16916e-114, 5.96314e-116, 6.62397e-118, 7.08519e-120, 7.29749e-122, 7.23743e-124, 6.91169e-126, 6.35584e-128, 5.62796e-130, 4.79863e-132, 3.93979e-134, 3.11471e-136, 2.37111e-138, 1.73809e-140, 1.22683e-142, 8.33843e-145, 5.45724e-147, 3.43915e-149, 2.08697e-151, 1.21947e-153, 6.86145e-156, 3.71748e-158, 1.93941e-160
3.16144, 3.16226, 3.16309, 3.16393, 3.16477, 3.16563, 3.16649, 3.16737, 3.16825, 3.16915, 3.17005, 3.17096, 3.17188, 3.17281, 3.17375, 3.1747, 3.17566, 3.17664, 3.17762, 3.17861, 3.17961, 3.18062, 3.18164, 3.18267, 3.18372, 3.18477, 3.18583, 3.18691, 3.18799, 3.18909, 3.1902, 3.19132, 3.19245, 3.19359, 3.19474, 3.19591, 3.19709, 3.19827, 3.19947, 3.20069, 3.20191, 3.20315, 3.2044, 3.20566, 3.20693, 3.20822, 3.20952, 3.21083, 3.21216, 3.2135, 3.21485, 3.21622, 3.21759, 3.21899, 3.22039, 3.22181, 3.22325, 3.2247, 3.22616, 3.22764, 3.22913, 3.23064, 3.23216, 3.23369, 3.23524, 3.23681, 3.23839, 3.23999, 3.2416, 3.24323, 3.24488, 3.24654, 3.24822, 3.24991, 3.25162, 3.25335, 3.25509, 3.25686, 3.25863, 3.26043, 3.26225, 3.26408, 3.26593, 3.2678, 3.26968, 3.27159, 3.27351, 3.27545, 3.27742, 3.2794, 3.2814, 3.28342, 3.28546, 3.28752, 3.2896, 3.29171, 3.29383, 3.29597, 3.29814, 3.30033, 3.30253, 3.30476, 3.30702, 3.30929, 3.31159, 3.31391, 3.31626, 3.31862, 3.32102, 3.32343, 3.32587, 3.32834, 3.33083, 3.33334, 3.33588, 3.33845, 3.34104, 3.34365, 3.3463, 3.34897, 3.35167, 3.3544, 3.35715, 3.35993, 3.36274, 3.36558, 3.36845, 3.37135, 3.37428, 3.37724, 3.38023, 3.38325, 3.3863, 3.38939, 3.39251, 3.39566, 3.39884, 3.40205, 3.4053, 3.40859, 3.41191, 3.41526, 3.41865, 3.42208, 3.42554, 3.42904, 3.43258, 3.43616, 3.43977, 3.44343, 3.44712, 3.45085, 3.45463, 3.45844, 3.4623, 3.4662, 3.47015, 3.47413, 3.47816, 3.48224, 3.48636, 3.49053, 3.49475, 3.49901, 3.50332, 3.50768, 3.51209, 3.51655, 3.52106, 3.52563, 3.53024, 3.53491, 3.53964, 3.54442, 3.54925, 3.55414, 3.55909, 3.5641, 3.56917, 3.5743, 3.57949, 3.58474, 3.59006, 3.59544, 3.60088, 3.6064, 3.61198, 3.61763, 3.62334, 3.62914, 3.635, 3.64093, 3.64695, 3.65303, 3.6592, 3.66544, 3.67177, 3.67817, 3.68466, 3.69124, 3.6979, 3.70464, 3.71148, 3.71841, 3.72543, 3.73255, 3.73976, 3.74707, 3.75448, 3.76199, 3.7696, 3.77732, 3.78515, 3.79309, 3.80114, 3.80931, 3.81759, 3.826, 3.83452, 3.84317, 3.85194, 3.86085, 3.86989, 3.87906, 3.88837, 3.89782, 3.90742, 3.91717, 3.92706, 3.93711, 3.94732, 3.95769, 3.96822, 3.97893, 3.98981, 4.00086, 4.0121, 4.02352, 4.03513, 4.04694, 4.05895, 4.07117, 4.08359, 4.09624, 4.1091, 4.12219, 4.13552, 4.14909, 4.1629, 4.17697, 4.19129, 4.20589, 4.22076, 4.23592, 4.25137, 4.26712, 4.28317, 4.29955, 4.31626, 4.33331, 4.3507, 4.36846, 4.38659, 4.40511, 4.42402, 4.44334, 4.46309, 4.48328, 4.50393, 4.52504, 4.54665, 4.56876, 4.5914, 4.61458, 4.63833, 4.66266, 4.68761, 4.71319, 4.73944, 4.76637, 4.79402, 4.82242, 4.8516, 4.8816, 4.91246, 4.94421, 4.97689, 5.01056, 5.04525, 5.08103, 5.11794, 5.15604, 5.19541, 5.23611, 5.27821, 5.32179, 5.36695, 5.41377, 5.46236, 5.51283, 5.56531, 5.61993, 5.67685, 5.73621, 5.79821, 5.86305, 5.93095, 6.00216, 6.07697, 6.15569, 6.23869, 6.32639, 6.41925, 6.51785, 6.62283, 6.73496, 6.85516, 6.98456, 7.12454, 7.2768, 7.44347, 7.62714, 7.83098, 8.05871, 8.3144, 8.60221, 8.92557, 9.2862, 9.68253, 10.108, 10.5491, 10.9842, 11.383, 11.7074, 11.9148, 11.9627, 11.8146, 11.4465, 10.8522, 10.046, 9.06294, 7.95474, 6.7834, 5.61317, 4.50262, 3.49817, 2.63036, 1.91302, 1.34499, 0.913737, 0.599591, 0.379905, 0.232358, 0.13715, 0.0781066, 0.0429096, 0.022736, 0.0116169, 0.00572251, 0.00271686, 0.00124238, 0.000546345, 0.000230182, 9.15395e-05, 3.25983e-05, 7.7116e-06, 2.87188e-06, 1.03211e-06, 3.57167e-07, 1.19017e-07, 3.8189e-08, 1.17993e-08, 3.51047e-09, 1.00569e-09, 2.7743e-10, 7.36942e-11, 1.88496e-11, 4.64262e-12, 1.10107e-12, 2.51451e-13, 5.52948e-14, 1.17086e-14, 2.38735e-15, 4.68724e-16, 8.86152e-17, 1.6132e-17, 2.82788e-18, 4.77333e-19, 7.75842e-20, 1.21427e-20, 1.82998e-21, 2.65563e-22, 3.7109e-23, 4.99321e-24, 6.46951e-25, 8.07147e-26, 9.69669e-27, 1.12172e-27, 1.2495e-28, 1.34022e-29, 1.38423e-30, 1.37666e-31, 1.31837e-32, 1.21573e-33, 1.07951e-34, 9.23012e-36, 7.59935e-37, 6.0247e-38, 4.59922e-39, 3.38083e-40, 2.39305e-41, 1.63106e-42, 1.07048e-43, 6.7651e-45, 4.11681e-46, 2.41233e-47, 1.36114e-48, 7.39535e-50, 3.86905e-51, 1.94912e-52, 9.45503e-54, 4.41648e-55, 1.98646e-56, 8.60344e-58, 3.58802e-59, 1.44087e-60, 5.57169e-62, 2.07461e-63, 7.43836e-65, 2.56807e-66, 8.53738e-68, 2.73296e-69, 8.42422e-71, 2.50044e-72, 7.14647e-74, 1.96678e-75, 5.21208e-77, 1.33001e-78, 3.26804e-80, 7.73231e-82, 1.76165e-83, 3.86474e-85, 8.16413e-87, 1.66069e-88, 3.25279e-90, 6.13498e-92, 1.11419e-93, 1.94847e-95, 3.28109e-97, 5.32024e-99, 8.30679e-101, 1.24889e-102, 1.80802e-104, 2.52042e-106, 3.38323e-108, 4.37299e-110, 5.44269e-112, 6.52287e-114, 7.52753e-116, 8.36479e-118, 8.95048e-120, 9.22203e-122, 9.14946e-124, 8.74084e-126, 8.04081e-128, 7.12254e-130, 6.07518e-132, 4.98967e-134, 3.94615e-136, 3.00513e-138, 2.20365e-140, 1.556e-142, 1.05795e-144, 6.92647e-147, 4.36662e-149, 2.65074e-151, 1.54945e-153, 8.72123e-156, 4.72678e-158, 2.46685e-160
208.41
176.44
 
MEASUREMENT 27
1.56305, 4.67879, 7.79453, 10.9103, 14.0312, 17.1469, 20.2679, 23.3784, 26.4796, 29.5859, 32.6913, 35.8071, 38.9228, 42.0385, 45.1595, 48.2752, 51.3909, 54.5067, 57.6224, 60.7381, 63.8435, 66.9593, 70.0698, 73.1752, 76.2806, 79.3859, 82.4913, 85.5967, 88.7021, 91.8074, 94.9128, 98.0182, 101.1, 104.148, 107.196, 110.244, 113.292, 116.339, 119.387, 122.435, 125.483, 128.531, 131.574, 134.622, 137.67, 140.718, 143.766, 146.814, 149.861, 152.909, 155.957, 159.005, 162.053, 165.101, 168.149, 171.197, 174.245, 177.293, 180.341, 183.389, 186.436, 189.484, 192.532, 195.58, 198.621, 201.655, 204.688, 207.722, 210.756, 213.794, 216.838, 219.882, 222.926, 225.97, 229.014, 232.058, 235.102, 238.145, 241.189, 244.233, 247.277, 250.321, 253.37, 256.424, 259.478, 262.532, 265.586, 268.64, 271.695, 274.749, 277.803, 280.857, 283.911, 286.97, 290.035, 293.099
2.84165, 2.84084, 2.82275, 2.98084, 2.82412, 2.85734, 3.07504, 3.07282, 3.03551, 3.06672, 3.0984, 3.16353, 3.16464, 3.20313, 3.20178, 3.23053, 3.33125, 3.37145, 3.41935, 3.45736, 3.10794, 3.42689, 3.43937, 3.43381, 3.50259, 3.50868, 3.53458, 3.52483, 3.57552, 3.32187, 3.63046, 3.17176, 3.65193, 3.64949, 3.68211, 3.70165, 3.72341, 3.75, 3.78706, 3.80349, 3.81297, 3.8639, 3.91388, 3.91867, 3.96462, 4.02858, 4.089, 4.12653, 4.16417, 4.20377, 4.29264, 4.36304, 4.45329, 4.51222, 4.60295, 4.82102, 4.89836, 4.96731, 5.16096, 5.40454, 5.59755, 5.95653, 6.30786, 7.01777, 8.92318, 10.1711, 11.444, 10.4746, 5.38951, 1.2439, 0.10822, 0.00809354, 0.00114061, -0.000999871, 0.000520799, 0.00181337, 0.00176193, -0.000207603, -0.00598932, -0.00173556, -0.00982941, -0.0330612, -0.00857783, -0.00310218, -0.0175497, -0.0270874, -0.00566309, -0.015382, -0.00433912, -0.000431471, -0.00341957, -0.00482638, -0.00661531, -0.00516367, -0.00792044, -0.0312567
0.0852494, 0.0852252, 0.0846824, 0.0894252, 0.0847237, 0.0857202, 0.0922512, 0.0921847, 0.0910653, 0.0920016, 0.0929519, 0.0949058, 0.0949391, 0.096094, 0.0960533, 0.0969159, 0.0999374, 0.101144, 0.102581, 0.103721, 0.0932383, 0.102807, 0.103181, 0.103014, 0.105078, 0.10526, 0.106037, 0.105745, 0.107266, 0.099656, 0.108914, 0.0951528, 0.109558, 0.109485, 0.110463, 0.111049, 0.111702, 0.1125, 0.113612, 0.114105, 0.114389, 0.115917, 0.117417, 0.11756, 0.118939, 0.120857, 0.12267, 0.123796, 0.124925, 0.126113, 0.128779, 0.130891, 0.133599, 0.135367, 0.138089, 0.14463, 0.146951, 0.149019, 0.154829, 0.162136, 0.167927, 0.178696, 0.189236, 0.210533, 0.267695, 0.305134, 0.34332, 0.314238, 0.161685, 0.0373169, 0.00324659, 0.000242806, 3.42182e-05, 2.99961e-05, 1.5624e-05, 5.44011e-05, 5.28578e-05, 6.2281e-06, 0.00017968, 5.20669e-05, 0.000294882, 0.000991837, 0.000257335, 9.30653e-05, 0.00052649, 0.000812622, 0.000169893, 0.000461459, 0.000130174, 1.29441e-05, 0.000102587, 0.000144791, 0.000198459, 0.00015491, 0.000237613, 0.000937701
0, 0.613815, 1.22763, 1.84144, 2.45526, 3.06907, 3.68289, 4.2967, 4.91052, 5.52433, 6.13815, 6.75196, 7.36578, 7.97959, 8.59341, 9.20722, 9.82104, 10.4349, 11.0487, 11.6625, 12.2763, 12.8901, 13.5039, 14.1177, 14.7316, 15.3454, 15.9592, 16.573, 17.1868, 17.8006, 18.4144, 19.0283, 19.6421, 20.2559, 20.8697, 21.4835, 22.0973, 22.7111, 23.325, 23.9388, 24.5526, 25.1664, 25.7802, 26.394, 27.0078, 27.6217, 28.2355, 28.8493, 29.4631, 30.0769, 30.6907, 31.3046, 31.9184, 32.5322, 33.146, 33.7598, 34.3736, 34.9874, 35.6013, 36.2151, 36.8289, 37.4427, 38.0565, 38.6703, 39.2841, 39.898, 40.5118, 41.1256, 41.7394, 42.3532, 42.967, 43.5808, 44.1947, 44.8085, 45.4223, 46.0361, 46.6499, 47.2637, 47.8775, 48.4914, 49.1052, 49.719, 50.3328, 50.9466, 51.5604, 52.1743, 52.7881, 53.4019, 54.0157, 54.6295, 55.2433, 55.8571, 56.471, 57.0848, 57.6986, 58.3124, 58.9262, 59.54, 60.1538, 60.7677, 61.3815, 61.9953, 62.6091, 63.2229, 63.8367, 64.4505, 65.0644, 65.6782, 66.292, 66.9058, 67.5196, 68.1334, 68.7473, 69.3611, 69.9749, 70.5887, 71.2025, 71.8163, 72.4301, 73.044, 73.6578, 74.2716, 74.8854, 75.4992, 76.113, 76.7268, 77.3407, 77.9545, 78.5683, 79.1821, 79.7959, 80.4097, 81.0235, 81.6374, 82.2512, 82.865, 83.4788, 84.0926, 84.7064, 85.3202, 85.9341, 86.5479, 87.1617, 87.7755, 88.3893, 89.0031, 89.617, 90.2308, 90.8446, 91.4584, 92.0722, 92.686, 93.2998, 93.9137, 94.5275, 95.1413, 95.7551, 96.3689, 96.9827, 97.5965, 98.2104, 98.8242, 99.438, 100.052, 100.666, 101.279, 101.893, 102.507, 103.121, 103.735, 104.349, 104.962, 105.576, 106.19, 106.804, 107.418, 108.031, 108.645, 109.259, 109.873, 110.487, 111.1, 111.714, 112.328, 112.942, 113.556, 114.17, 114.783, 115.397, 116.011, 116.625, 117.239, 117.852, 118.466, 119.08, 119.694, 120.308, 120.922, 121.535, 122.149, 122.763, 123.377, 123.991, 124.604, 125.218, 125.832, 126.446, 127.06, 127.673, 128.287, 128.901, 129.515, 130.129, 130.743, 131.356, 131.97, 132.584, 133.198, 133.812, 134.425, 135.039, 135.653, 136.267, 136.881, 137.495, 138.108, 138.722, 139.336, 139.95, 140.564, 141.177, 141.791, 142.405, 143.019, 143.633, 144.246, 144.86, 145.474, 146.088, 146.702, 147.316, 147.929, 148.543, 149.157, 149.771, 150.385, 150.998, 151.612, 152.226, 152.84, 153.454, 154.068, 154.681, 155.295, 155.909, 156.523, 157.137, 157.75, 158.364, 158.978, 159.592, 160.206, 160.819, 161.433, 162.047, 162.661, 163.275, 163.889, 164.502, 165.116, 165.73, 166.344, 166.958, 167.571, 168.185, 168.799, 169.413, 170.027, 170.64, 171.254, 171.868, 172.482, 173.096, 173.71, 174.323, 174.937, 175.551, 176.165, 176.779, 177.392, 178.006, 178.62, 179.234, 179.848, 180.462, 181.075, 181.689, 182.303, 182.917, 183.531, 184.144, 184.758, 185.372, 185.986, 186.6, 187.213, 187.827, 188.441, 189.055, 189.669, 190.283, 190.896, 191.51, 192.124, 192.738, 193.352, 193.965, 194.579, 195.193, 195.807, 196.421, 197.035, 197.648, 198.262, 198.876, 199.49, 200.104, 200.717, 201.331, 201.945, 202.559, 203.173, 203.786, 204.4, 205.014, 205.628, 206.242, 206.856, 207.469, 208.083, 208.697, 209.311, 209.925, 210.538, 211.152, 211.766, 212.38, 212.994, 213.608, 214.221, 214.835, 215.449, 216.063, 216.677, 217.29, 217.904, 218.518, 219.132, 219.746, 220.359, 220.973, 221.587, 222.201, 222.815, 223.429, 224.042, 224.656, 225.27, 225.884, 226.498, 227.111, 227.725, 228.339, 228.953, 229.567, 230.181, 230.794, 231.408, 232.022, 232.636, 233.25, 233.863, 234.477, 235.091, 235.705, 236.319, 236.932, 237.546, 238.16, 238.774, 239.388, 240.002, 240.615, 241.229, 241.843, 242.457, 243.071, 243.684, 244.298, 244.912, 245.526, 246.14, 246.754, 247.367, 247.981, 248.595, 249.209, 249.823, 250.436, 251.05, 251.664, 252.278, 252.892, 253.505, 254.119, 254.733, 255.347, 255.961, 256.575, 257.188, 257.802, 258.416, 259.03, 259.644, 260.257, 260.871, 261.485, 262.099, 262.713, 263.327, 263.94, 264.554, 265.168, 265.782, 266.396, 267.009, 267.623, 268.237, 268.851, 269.465, 270.078, 270.692, 271.306, 271.92, 272.534, 273.148, 273.761, 274.375, 274.989, 275.603, 276.217, 276.83, 277.444, 278.058, 278.672, 279.286, 279.9, 280.513, 281.127, 281.741, 282.355, 282.969, 283.582, 284.196, 284.81, 285.424, 286.038, 286.651, 287.265, 287.879, 288.493, 289.107, 289.721, 290.334, 290.948, 291.562, 292.176, 292.79, 293.403, 294.017
3.15656, 3.15737, 3.15819, 3.15903, 3.15987, 3.16071, 3.16157, 3.16244, 3.16332, 3.1642, 3.1651, 3.166, 3.16692, 3.16784, 3.16877, 3.16972, 3.17067, 3.17163, 3.17261, 3.17359, 3.17458, 3.17559, 3.1766, 3.17763, 3.17866, 3.17971, 3.18076, 3.18183, 3.18291, 3.184, 3.1851, 3.18621, 3.18733, 3.18847, 3.18961, 3.19077, 3.19194, 3.19312, 3.19431, 3.19552, 3.19674, 3.19796, 3.19921, 3.20046, 3.20173, 3.20301, 3.2043, 3.2056, 3.20692, 3.20825, 3.2096, 3.21095, 3.21233, 3.21371, 3.21511, 3.21652, 3.21795, 3.21939, 3.22084, 3.22231, 3.2238, 3.22529, 3.22681, 3.22834, 3.22988, 3.23144, 3.23301, 3.2346, 3.23621, 3.23783, 3.23947, 3.24112, 3.24279, 3.24447, 3.24618, 3.2479, 3.24963, 3.25139, 3.25316, 3.25495, 3.25675, 3.25858, 3.26042, 3.26228, 3.26416, 3.26605, 3.26797, 3.2699, 3.27186, 3.27383, 3.27582, 3.27784, 3.27987, 3.28192, 3.284, 3.28609, 3.2882, 3.29034, 3.2925, 3.29468, 3.29688, 3.2991, 3.30134, 3.30361, 3.3059, 3.30821, 3.31055, 3.31291, 3.31529, 3.3177, 3.32013, 3.32259, 3.32507, 3.32758, 3.33011, 3.33267, 3.33525, 3.33786, 3.3405, 3.34316, 3.34585, 3.34857, 3.35131, 3.35409, 3.35689, 3.35972, 3.36258, 3.36548, 3.3684, 3.37135, 3.37433, 3.37734, 3.38039, 3.38346, 3.38657, 3.38972, 3.39289, 3.3961, 3.39934, 3.40262, 3.40593, 3.40928, 3.41266, 3.41608, 3.41953, 3.42303, 3.42656, 3.43013, 3.43373, 3.43738, 3.44107, 3.44479, 3.44856, 3.45237, 3.45622, 3.46011, 3.46405, 3.46803, 3.47206, 3.47613, 3.48024, 3.4844, 3.48861, 3.49287, 3.49718, 3.50153, 3.50593, 3.51039, 3.51489, 3.51945, 3.52406, 3.52873, 3.53345, 3.53822, 3.54305, 3.54794, 3.55288, 3.55789, 3.56295, 3.56808, 3.57326, 3.57851, 3.58382, 3.5892, 3.59464, 3.60015, 3.60573, 3.61138, 3.61709, 3.62288, 3.62874, 3.63468, 3.64069, 3.64678, 3.65294, 3.65919, 3.66551, 3.67192, 3.67841, 3.68498, 3.69164, 3.69839, 3.70523, 3.71216, 3.71919, 3.72631, 3.73352, 3.74084, 3.74825, 3.75577, 3.76339, 3.77112, 3.77895, 3.7869, 3.79496, 3.80314, 3.81143, 3.81984, 3.82838, 3.83704, 3.84583, 3.85475, 3.8638, 3.87299, 3.88232, 3.89179, 3.9014, 3.91117, 3.92108, 3.93115, 3.94139, 3.95178, 3.96234, 3.97307, 3.98398, 3.99506, 4.00633, 4.01779, 4.02944, 4.04129, 4.05333, 4.06559, 4.07806, 4.09075, 4.10366, 4.1168, 4.13018, 4.1438, 4.15768, 4.1718, 4.1862, 4.20086, 4.2158, 4.23104, 4.24656, 4.26239, 4.27854, 4.29501, 4.31181, 4.32896, 4.34646, 4.36433, 4.38258, 4.40122, 4.42026, 4.43973, 4.45962, 4.47996, 4.50077, 4.52206, 4.54384, 4.56614, 4.58898, 4.61237, 4.63634, 4.66091, 4.68611, 4.71195, 4.73848, 4.76571, 4.79368, 4.82241, 4.85195, 4.88233, 4.91359, 4.94577, 4.97891, 5.01307, 5.04829, 5.08462, 5.12213, 5.16089, 5.20094, 5.24238, 5.28529, 5.32973, 5.37582, 5.42366, 5.47334, 5.52501, 5.57879, 5.63482, 5.69328, 5.75435, 5.81822, 5.88512, 5.9553, 6.02905, 6.1067, 6.18861, 6.27521, 6.36699, 6.46452, 6.5685, 6.67972, 6.79918, 6.92804, 7.06775, 7.22002, 7.38691, 7.57077, 7.77422, 7.99997, 8.25046, 8.5274, 8.83103, 9.15917, 9.50621, 9.86208, 10.2115, 10.5338, 10.8033, 10.991, 11.0673, 11.0046, 10.7819, 10.3874, 9.82167, 9.09743, 8.24281, 7.30827, 6.32541, 5.33926, 4.39171, 3.51752, 2.74172, 2.07857, 1.53201, 1.09735, 0.763595, 0.516046, 0.338616, 0.215687, 0.133336, 0.0799836, 0.0465498, 0.0262804, 0.0143908, 0.00764191, 0.00393462, 0.00196354, 0.000949131, 0.000443711, 0.000199812, 8.56821e-05, 3.36371e-05, 9.79514e-06, 3.08337e-06, 1.22072e-06, 4.68173e-07, 1.73921e-07, 6.25825e-08, 2.18127e-08, 7.36413e-09, 2.40818e-09, 7.62801e-10, 2.3404e-10, 6.95541e-11, 2.00222e-11, 5.58285e-12, 1.50784e-12, 3.94467e-13, 9.99588e-14, 2.4535e-14, 5.83321e-15, 1.34333e-15, 2.99651e-16, 6.47445e-17, 1.35502e-17, 2.7469e-18, 5.39381e-19, 1.0259e-19, 1.89003e-20, 3.37277e-21, 5.82989e-22, 9.7609e-23, 1.58298e-23, 2.48665e-24, 3.78363e-25, 5.57647e-26, 7.96095e-27, 1.10084e-27, 1.47449e-28, 1.91299e-29, 2.40402e-30, 2.92631e-31, 3.4503e-32, 3.94047e-33, 4.35908e-34, 4.67086e-35, 4.84791e-36, 4.87379e-37, 4.74607e-38, 4.47669e-39, 4.0901e-40, 3.61965e-41, 3.10281e-42, 2.57631e-43, 2.07203e-44, 1.61417e-45, 1.21803e-46, 8.90266e-48, 6.30287e-49, 4.32226e-50, 2.87104e-51, 1.84724e-52, 1.15123e-53, 6.94951e-55, 4.06352e-56, 2.30147e-57, 1.26259e-58, 6.70929e-60, 3.45338e-61, 1.72174e-62, 8.31468e-64, 3.88936e-65, 1.76224e-66, 7.73408e-68, 3.28781e-69, 1.35381e-70, 5.39965e-72, 2.08607e-73, 7.8063e-75, 2.82955e-76, 9.93444e-78, 3.37851e-79, 1.11291e-80, 3.55102e-82, 1.09749e-83, 3.28548e-85, 9.52697e-87, 2.67587e-88, 7.27998e-90, 1.91845e-91, 4.89694e-93, 1.21075e-94, 2.8996e-96, 6.72632e-98, 1.51137e-99, 3.28942e-101, 6.93461e-103, 1.41605e-104, 2.80086e-106, 5.3661e-108, 9.9582e-110, 1.79002e-111, 3.11665e-113, 5.25622e-115, 8.58645e-117, 1.35865e-118, 2.08237e-120, 3.09145e-122, 4.4455e-124, 6.19204e-126, 8.35414e-128, 1.09175e-129, 1.38198e-131, 1.69446e-133, 2.01242e-135, 2.31504e-137
3.15656, 3.15739, 3.15822, 3.15907, 3.15992, 3.16079, 3.16166, 3.16254, 3.16343, 3.16433, 3.16524, 3.16616, 3.16709, 3.16803, 3.16898, 3.16994, 3.17091, 3.17189, 3.17288, 3.17388, 3.17488, 3.1759, 3.17693, 3.17798, 3.17903, 3.18009, 3.18116, 3.18225, 3.18334, 3.18445, 3.18556, 3.18669, 3.18783, 3.18898, 3.19015, 3.19132, 3.19251, 3.1937, 3.19491, 3.19614, 3.19737, 3.19862, 3.19988, 3.20115, 3.20243, 3.20373, 3.20504, 3.20637, 3.2077, 3.20905, 3.21041, 3.21179, 3.21318, 3.21458, 3.216, 3.21743, 3.21888, 3.22034, 3.22181, 3.2233, 3.22481, 3.22632, 3.22786, 3.22941, 3.23097, 3.23255, 3.23414, 3.23575, 3.23738, 3.23902, 3.24068, 3.24235, 3.24405, 3.24575, 3.24748, 3.24922, 3.25098, 3.25275, 3.25455, 3.25636, 3.25819, 3.26003, 3.2619, 3.26378, 3.26568, 3.2676, 3.26954, 3.2715, 3.27348, 3.27548, 3.27749, 3.27953, 3.28159, 3.28366, 3.28576, 3.28788, 3.29002, 3.29218, 3.29437, 3.29657, 3.2988, 3.30105, 3.30332, 3.30561, 3.30793, 3.31027, 3.31263, 3.31502, 3.31743, 3.31987, 3.32233, 3.32481, 3.32732, 3.32986, 3.33242, 3.335, 3.33762, 3.34026, 3.34292, 3.34562, 3.34834, 3.35109, 3.35387, 3.35667, 3.35951, 3.36237, 3.36526, 3.36819, 3.37114, 3.37413, 3.37714, 3.38019, 3.38327, 3.38638, 3.38952, 3.3927, 3.39591, 3.39915, 3.40243, 3.40575, 3.40909, 3.41248, 3.4159, 3.41936, 3.42285, 3.42638, 3.42995, 3.43356, 3.43721, 3.44089, 3.44462, 3.44839, 3.4522, 3.45605, 3.45994, 3.46388, 3.46786, 3.47189, 3.47595, 3.48007, 3.48423, 3.48844, 3.49269, 3.497, 3.50135, 3.50575, 3.51021, 3.51471, 3.51926, 3.52387, 3.52853, 3.53325, 3.53802, 3.54285, 3.54773, 3.55267, 3.55767, 3.56273, 3.56785, 3.57303, 3.57828, 3.58358, 3.58895, 3.59439, 3.59989, 3.60547, 3.61111, 3.61682, 3.6226, 3.62845, 3.63438, 3.64038, 3.64646, 3.65261, 3.65884, 3.66516, 3.67155, 3.67803, 3.6846, 3.69124, 3.69798, 3.70481, 3.71172, 3.71873, 3.72584, 3.73304, 3.74034, 3.74773, 3.75523, 3.76284, 3.77055, 3.77836, 3.78629, 3.79433, 3.80248, 3.81075, 3.81914, 3.82765, 3.83629, 3.84505, 3.85394, 3.86297, 3.87213, 3.88142, 3.89086, 3.90045, 3.91018, 3.92006, 3.93009, 3.94029, 3.95064, 3.96116, 3.97185, 3.98272, 3.99376, 4.00498, 4.01639, 4.02798, 4.03978, 4.05177, 4.06397, 4.07638, 4.08901, 4.10186, 4.11493, 4.12824, 4.14179, 4.15559, 4.16964, 4.18396, 4.19854, 4.21339, 4.22853, 4.24396, 4.2597, 4.27574, 4.2921, 4.3088, 4.32583, 4.34321, 4.36095, 4.37907, 4.39757, 4.41647, 4.43578, 4.45552, 4.47569, 4.49633, 4.51743, 4.53903, 4.56113, 4.58376, 4.60693, 4.63067, 4.655, 4.67994, 4.70552, 4.73177, 4.7587, 4.78636, 4.81477, 4.84396, 4.87397, 4.90484, 4.9366, 4.96931, 5.003, 5.03773, 5.07354, 5.1105, 5.14866, 5.18808, 5.22885, 5.27102, 5.3147, 5.35996, 5.4069, 5.45562, 5.50625, 5.55891, 5.61373, 5.67087, 5.7305, 5.79281, 5.85799, 5.9263, 5.99798, 6.07334, 6.1527, 6.23646, 6.32505, 6.419, 6.51889, 6.62545, 6.73952, 6.86213, 6.99454, 7.13827, 7.29517, 7.46748, 7.6578, 7.86908, 8.10443, 8.36684, 8.65864, 8.98073, 9.33161, 9.70625, 10.0949, 10.4822, 10.8469, 11.162, 11.3968, 11.5187, 11.4975, 11.309, 10.9387, 10.3853, 9.6618, 8.79503, 7.82346, 6.79293, 5.75165, 4.74511, 3.8116, 2.97928, 2.26479, 1.67364, 1.20183, 0.83835, 0.56791, 0.373505, 0.238439, 0.14772, 0.088798, 0.051785, 0.029294, 0.0160719, 0.00855081, 0.00441076, 0.00220524, 0.00106801, 0.000500323, 0.000226022, 9.73158e-05, 3.85571e-05, 1.16291e-05, 3.76163e-06, 1.48772e-06, 5.70757e-07, 2.12098e-07, 7.63445e-08, 2.66179e-08, 8.98931e-09, 2.94058e-09, 9.31743e-10, 2.85966e-10, 8.50134e-11, 2.44803e-11, 6.82811e-12, 1.84476e-12, 4.82764e-13, 1.22373e-13, 3.00463e-14, 7.14582e-15, 1.64615e-15, 3.67316e-16, 7.93902e-17, 1.66207e-17, 3.37044e-18, 6.62033e-19, 1.25959e-19, 2.3213e-20, 4.14371e-21, 7.16479e-22, 1.19998e-22, 1.94669e-23, 3.05898e-24, 4.65598e-25, 6.86438e-26, 9.80272e-27, 1.35596e-27, 1.81678e-28, 2.35783e-29, 2.964e-30, 3.60911e-31, 4.25673e-32, 4.86303e-33, 5.38138e-34, 5.76813e-35, 5.98868e-36, 6.02258e-37, 5.86664e-38, 5.53543e-39, 5.05904e-40, 4.47858e-41, 3.84031e-42, 3.18969e-43, 2.56617e-44, 1.99976e-45, 1.50947e-46, 1.10364e-47, 7.81598e-49, 5.36161e-50, 3.56256e-51, 2.29289e-52, 1.42942e-53, 8.63161e-55, 5.04869e-56, 2.86035e-57, 1.5697e-58, 8.34387e-60, 4.29609e-61, 2.14257e-62, 1.03502e-63, 4.84307e-65, 2.19506e-66, 9.63667e-68, 4.09791e-69, 1.68792e-70, 6.73437e-72, 2.60254e-73, 9.74206e-75, 3.53232e-76, 1.24058e-77, 4.22029e-79, 1.39064e-80, 4.43858e-82, 1.37223e-83, 4.10927e-85, 1.19195e-86, 3.34891e-88, 9.11392e-90, 2.40249e-91, 6.13441e-93, 1.51718e-94, 3.63462e-96, 8.43399e-98, 1.89567e-99, 4.12712e-101, 8.70333e-103, 1.77778e-104, 3.51744e-106, 6.74108e-108, 1.25137e-109, 2.25008e-111, 3.9189e-113, 6.61126e-115, 1.08034e-116, 1.70997e-118, 2.62164e-120, 3.89325e-122, 5.60022e-124, 7.80284e-126, 1.05306e-127, 1.37661e-129, 1.7431e-131, 2.1379e-133, 2.53985e-135, 2.92268e-137
207.82
176.15
 
MEASUREMENT 28
1.56305, 4.67879, 7.79453, 10.9103, 14.0312, 17.1469, 20.2679, 23.3784, 26.4796, 29.5859, 32.6913, 35.8071, 38.9228, 42.0385, 45.1595, 48.2752, 51.3909, 54.5067, 57.6224, 60.7381, 63.8435, 66.9593, 70.0698, 73.1752, 76.2806, 79.3859, 82.4913, 85.5967, 88.7021, 91.8074, 94.9128, 98.0182, 101.1, 104.148, 107.196, 110.244, 113.292, 116.339, 119.387, 122.435, 125.483, 128.531, 131.574, 134.622, 137.67, 140.718, 143.766, 146.814, 149.861, 152.909, 155.957, 159.005, 162.053, 165.101, 168.149, 171.197, 174.245, 177.293, 180.341, 183.389, 186.436, 189.484, 192.532, 195.58, 198.621, 201.655, 204.688, 207.722, 210.756, 213.794, 216.838, 219.882, 222.926, 225.97, 229.014, 232.058, 235.102, 238.145, 241.189, 244.233, 247.277, 250.321, 253.37, 256.424, 259.478, 262.532, 265.586, 268.64, 271.695, 274.749, 277.803, 280.857, 283.911, 286.97, 290.035, 293.099
2.83946, 2.8383, 2.82466, 2.97815, 2.82542, 2.85594, 3.08661, 3.07241, 3.04124, 3.06928, 3.10101, 3.16435, 3.16407, 3.20229, 3.19883, 3.22784, 3.33635, 3.3735, 3.40978, 3.4579, 3.11471, 3.42216, 3.43539, 3.42772, 3.50695, 3.51122, 3.53033, 3.52398, 3.57527, 3.31687, 3.63103, 3.17337, 3.64735, 3.65197, 3.68152, 3.70172, 3.71966, 3.75314, 3.7896, 3.80312, 3.81774, 3.85918, 3.91529, 3.92245, 3.9622, 4.027, 4.0846, 4.12466, 4.16598, 4.20413, 4.29048, 4.36464, 4.44958, 4.50766, 4.60283, 4.81594, 4.8976, 4.96385, 5.16343, 5.40452, 5.58688, 5.95692, 6.3113, 7.05631, 8.92616, 10.1695, 11.4424, 10.4692, 5.38533, 1.24172, 0.107746, 0.00535687, 0.00569702, -0.00301669, 0.000568596, 0.0001424, 0.00276346, 0.00115981, -0.00695324, -0.00110083, -0.0085682, -0.0350567, -0.00439807, -0.000702942, -0.0162365, -0.0247639, -0.0041189, -0.0149757, -0.00390127, 0.00023466, -0.00285589, -0.00094235, -0.00763392, -0.00472636, -0.00887226, -0.028548
0.0851837, 0.0851491, 0.0847398, 0.0893445, 0.0847627, 0.0856783, 0.0925982, 0.0921723, 0.0912372, 0.0920784, 0.0930303, 0.0949304, 0.0949221, 0.0960686, 0.095965, 0.0968353, 0.10009, 0.101205, 0.102293, 0.103737, 0.0934414, 0.102665, 0.103062, 0.102832, 0.105208, 0.105337, 0.10591, 0.105719, 0.107258, 0.0995061, 0.108931, 0.0952011, 0.109421, 0.109559, 0.110446, 0.111052, 0.11159, 0.112594, 0.113688, 0.114094, 0.114532, 0.115775, 0.117459, 0.117674, 0.118866, 0.12081, 0.122538, 0.12374, 0.124979, 0.126124, 0.128714, 0.130939, 0.133487, 0.13523, 0.138085, 0.144478, 0.146928, 0.148915, 0.154903, 0.162136, 0.167606, 0.178708, 0.189339, 0.211689, 0.267785, 0.305086, 0.343272, 0.314075, 0.16156, 0.0372517, 0.00323237, 0.000160706, 0.000170911, 9.05007e-05, 1.70579e-05, 4.27199e-06, 8.29037e-05, 3.47942e-05, 0.000208597, 3.30249e-05, 0.000257046, 0.0010517, 0.000131942, 2.10883e-05, 0.000487096, 0.000742916, 0.000123567, 0.00044927, 0.000117038, 7.03981e-06, 8.56767e-05, 2.82705e-05, 0.000229018, 0.000141791, 0.000266168, 0.000856441
0, 0.613815, 1.22763, 1.84144, 2.45526, 3.06907, 3.68289, 4.2967, 4.91052, 5.52433, 6.13815, 6.75196, 7.36578, 7.97959, 8.59341, 9.20722, 9.82104, 10.4349, 11.0487, 11.6625, 12.2763, 12.8901, 13.5039, 14.1177, 14.7316, 15.3454, 15.9592, 16.573, 17.1868, 17.8006, 18.4144, 19.0283, 19.6421, 20.2559, 20.8697, 21.4835, 22.0973, 22.7111, 23.325, 23.9388, 24.5526, 25.1664, 25.7802, 26.394, 27.0078, 27.6217, 28.2355, 28.8493, 29.4631, 30.0769, 30.6907, 31.3046, 31.9184, 32.5322, 33.146, 33.7598, 34.3736, 34.9874, 35.6013, 36.2151, 36.8289, 37.4427, 38.0565, 38.6703, 39.2841, 39.898, 40.5118, 41.1256, 41.7394, 42.3532, 42.967, 43.5808, 44.1947, 44.8085, 45.4223, 46.0361, 46.6499, 47.2637, 47.8775, 48.4914, 49.1052, 49.719, 50.3328, 50.9466, 51.5604, 52.1743, 52.7881, 53.4019, 54.0157, 54.6295, 55.2433, 55.8571, 56.471, 57.0848, 57.6986, 58.3124, 58.9262, 59.54, 60.1538, 60.7677, 61.3815, 61.9953, 62.6091, 63.2229, 63.8367, 64.4505, 65.0644, 65.6782, 66.292, 66.9058, 67.5196, 68.1334, 68.7473, 69.3611, 69.9749, 70.5887, 71.2025, 71.8163, 72.4301, 73.044, 73.6578, 74.2716, 74.8854, 75.4992, 76.113, 76.7268, 77.3407, 77.9545, 78.5683, 79.1821, 79.7959, 80.4097, 81.0235, 81.6374, 82.2512, 82.865, 83.4788, 84.0926, 84.7064, 85.3202, 85.9341, 86.5479, 87.1617, 87.7755, 88.3893, 89.0031, 89.617, 90.2308, 90.8446, 91.4584, 92.0722, 92.686, 93.2998, 93.9137, 94.5275, 95.1413, 95.7551, 96.3689, 96.9827, 97.5965, 98.2104, 98.8242, 99.438, 100.052, 100.666, 101.279, 101.893, 102.507, 103.121, 103.735, 104.349, 104.962, 105.576, 106.19, 106.804, 107.418, 108.031, 108.645, 109.259, 109.873, 110.487, 111.1, 111.714, 112.328, 112.942, 113.556, 114.17, 114.783, 115.397, 116.011, 116.625, 117.239, 117.852, 118.466, 119.08, 119.694, 120.308, 120.922, 121.535, 122.149, 122.763, 123.377, 123.991, 124.604, 125.218, 125.832, 126.446, 127.06, 127.673, 128.287, 128.901, 129.515, 130.129, 130.743, 131.356, 131.97, 132.584, 133.198, 133.812, 134.425, 135.039, 135.653, 136.267, 136.881, 137.495, 138.108, 138.722, 139.336, 139.95, 140.564, 141.177, 141.791, 142.405, 143.019, 143.633, 144.246, 144.86, 145.474, 146.088, 146.702, 147.316, 147.929, 148.543, 149.157, 149.771, 150.385, 150.998, 151.612, 152.226, 152.84, 153.454, 154.068, 154.681, 155.295, 155.909, 156.523, 157.137, 157.75, 158.364, 158.978, 159.592, 160.206, 160.819, 161.433, 162.047, 162.661, 163.275, 163.889, 164.502, 165.116, 165.73, 166.344, 166.958, 167.571, 168.185, 168.799, 169.413, 170.027, 170.64, 171.254, 171.868, 172.482, 173.096, 173.71, 174.323, 174.937, 175.551, 176.165, 176.779, 177.392, 178.006, 178.62, 179.234, 179.848, 180.462, 181.075, 181.689, 182.303, 182.917, 183.531, 184.144, 184.758, 185.372, 185.986, 186.6, 187.213, 187.827, 188.441, 189.055, 189.669, 190.283, 190.896, 191.51, 192.124, 192.738, 193.352, 193.965, 194.579, 195.193, 195.807, 196.421, 197.035, 197.648, 198.262, 198.876, 199.49, 200.104, 200.717, 201.331, 201.945, 202.559, 203.173, 203.786, 204.4, 205.014, 205.628, 206.242, 206.856, 207.469, 208.083, 208.697, 209.311, 209.925, 210.538, 211.152, 211.766, 212.38, 212.994, 213.608, 214.221, 214.835, 215.449, 216.063, 216.677, 217.29, 217.904, 218.518, 219.132, 219.746, 220.359, 220.973, 221.587, 222.201, 222.815, 223.429, 224.042, 224.656, 225.27, 225.884, 226.498, 227.111, 227.725, 228.339, 228.953, 229.567, 230.181, 230.794, 231.408, 232.022, 232.636, 233.25, 233.863, 234.477, 235.091, 235.705, 236.319, 236.932, 237.546, 238.16, 238.774, 239.388, 240.002, 240.615, 241.229, 241.843, 242.457, 243.071, 243.684, 244.298, 244.912, 245.526, 246.14, 246.754, 247.367, 247.981, 248.595, 249.209, 249.823, 250.436, 251.05, 251.664, 252.278, 252.892, 253.505, 254.119, 254.733, 255.347, 255.961, 256.575, 257.188, 257.802, 258.416, 259.03, 259.644, 260.257, 260.871, 261.485, 262.099, 262.713, 263.327, 263.94, 264.554, 265.168, 265.782, 266.396, 267.009, 267.623, 268.237, 268.851, 269.465, 270.078, 270.692, 271.306, 271.92, 272.534, 273.148, 273.761, 274.375, 274.989, 275.603, 276.217, 276.83, 277.444, 278.058, 278.672, 279.286, 279.9, 280.513, 281.127, 281.741, 282.355, 282.969, 283.582, 284.196, 284.81, 285.424, 286.038, 286.651, 287.265, 287.879, 288.493, 289.107, 289.721, 290.334, 290.948, 291.562, 292.176, 292.79, 293.403, 294.017
3.16451, 3.16531, 3.16613, 3.16695, 3.16778, 3.16862, 3.16946, 3.17032, 3.17119, 3.17207, 3.17295, 3.17385, 3.17475, 3.17566, 3.17659, 3.17752, 3.17846, 3.17941, 3.18038, 3.18135, 3.18233, 3.18333, 3.18433, 3.18534, 3.18637, 3.1874, 3.18845, 3.1895, 3.19057, 3.19165, 3.19274, 3.19384, 3.19495, 3.19607, 3.19721, 3.19835, 3.19951, 3.20068, 3.20186, 3.20305, 3.20425, 3.20547, 3.2067, 3.20794, 3.20919, 3.21046, 3.21174, 3.21303, 3.21433, 3.21565, 3.21698, 3.21833, 3.21968, 3.22105, 3.22244, 3.22384, 3.22525, 3.22667, 3.22811, 3.22957, 3.23104, 3.23252, 3.23402, 3.23553, 3.23706, 3.2386, 3.24016, 3.24173, 3.24332, 3.24493, 3.24655, 3.24818, 3.24984, 3.25151, 3.25319, 3.25489, 3.25661, 3.25835, 3.2601, 3.26187, 3.26366, 3.26546, 3.26729, 3.26913, 3.27099, 3.27287, 3.27476, 3.27668, 3.27861, 3.28057, 3.28254, 3.28453, 3.28654, 3.28857, 3.29063, 3.2927, 3.29479, 3.29691, 3.29904, 3.3012, 3.30337, 3.30557, 3.3078, 3.31004, 3.31231, 3.31459, 3.31691, 3.31924, 3.3216, 3.32398, 3.32639, 3.32882, 3.33127, 3.33375, 3.33626, 3.33879, 3.34135, 3.34393, 3.34654, 3.34917, 3.35183, 3.35452, 3.35724, 3.35999, 3.36276, 3.36556, 3.36839, 3.37125, 3.37414, 3.37706, 3.38001, 3.38299, 3.386, 3.38904, 3.39212, 3.39522, 3.39836, 3.40154, 3.40474, 3.40798, 3.41126, 3.41457, 3.41791, 3.42129, 3.42471, 3.42816, 3.43165, 3.43518, 3.43874, 3.44235, 3.44599, 3.44968, 3.4534, 3.45716, 3.46097, 3.46482, 3.46871, 3.47264, 3.47662, 3.48064, 3.48471, 3.48882, 3.49298, 3.49718, 3.50143, 3.50573, 3.51008, 3.51448, 3.51893, 3.52343, 3.52799, 3.53259, 3.53725, 3.54196, 3.54673, 3.55156, 3.55644, 3.56138, 3.56638, 3.57143, 3.57655, 3.58173, 3.58697, 3.59228, 3.59765, 3.60308, 3.60859, 3.61416, 3.61979, 3.6255, 3.63128, 3.63714, 3.64306, 3.64906, 3.65514, 3.66129, 3.66753, 3.67384, 3.68024, 3.68672, 3.69328, 3.69993, 3.70667, 3.71349, 3.72041, 3.72742, 3.73453, 3.74173, 3.74903, 3.75643, 3.76393, 3.77153, 3.77924, 3.78706, 3.79499, 3.80304, 3.81119, 3.81947, 3.82786, 3.83637, 3.84501, 3.85378, 3.86268, 3.87171, 3.88087, 3.89017, 3.89962, 3.90921, 3.91894, 3.92883, 3.93888, 3.94908, 3.95944, 3.96997, 3.98067, 3.99154, 4.00259, 4.01382, 4.02523, 4.03684, 4.04865, 4.06065, 4.07287, 4.08529, 4.09793, 4.11079, 4.12388, 4.13721, 4.15077, 4.16459, 4.17866, 4.19299, 4.20759, 4.22246, 4.23762, 4.25307, 4.26883, 4.2849, 4.30128, 4.318, 4.33506, 4.35247, 4.37024, 4.38838, 4.40691, 4.42585, 4.44519, 4.46496, 4.48518, 4.50585, 4.52699, 4.54863, 4.57077, 4.59345, 4.61667, 4.64046, 4.66484, 4.68984, 4.71547, 4.74178, 4.76877, 4.79649, 4.82497, 4.85423, 4.88431, 4.91526, 4.94711, 4.9799, 5.01368, 5.0485, 5.08441, 5.12147, 5.15973, 5.19927, 5.24015, 5.28245, 5.32625, 5.37164, 5.41872, 5.46759, 5.51837, 5.57118, 5.62616, 5.68347, 5.74326, 5.80574, 5.8711, 5.93958, 6.01143, 6.08694, 6.16645, 6.25032, 6.33899, 6.43295, 6.53277, 6.63914, 6.75284, 6.87483, 7.00628, 7.14862, 7.30362, 7.47348, 7.66091, 7.86917, 8.10205, 8.36364, 8.65786, 8.98755, 9.35314, 9.7509, 10.1708, 10.5949, 10.9956, 11.3368, 11.5751, 11.6651, 11.5653, 11.245, 10.6915, 9.91324, 8.93869, 7.8413, 6.67057, 5.49525, 4.3787, 3.3713, 2.50598, 1.79709, 1.24255, 0.827911, 0.531357, 0.328367, 0.195325, 0.111806, 0.0615696, 0.0326114, 0.0166105, 0.00813415, 0.00382852, 0.00173109, 0.000751069, 0.000311728, 0.000122585, 4.4091e-05, 1.18926e-05, 3.32701e-06, 1.15976e-06, 3.88125e-07, 1.24686e-07, 3.84511e-08, 1.13826e-08, 3.23459e-09, 8.82348e-10, 2.31049e-10, 5.8078e-11, 1.4014e-11, 3.24606e-12, 7.21763e-13, 1.54055e-13, 3.15646e-14, 6.20823e-15, 1.17214e-15, 2.12439e-16, 3.696e-17, 6.17267e-18, 9.89594e-19, 1.52295e-19, 2.24986e-20, 3.19058e-21, 4.34337e-22, 5.6758e-23, 7.11985e-24, 8.57349e-25, 9.91031e-26, 1.09966e-26, 1.17132e-27, 1.19767e-28, 1.17554e-29, 1.1076e-30, 1.00178e-31, 8.69766e-33, 7.24898e-34, 5.79955e-35, 4.45404e-36, 3.28365e-37, 2.32382e-38, 1.57867e-39, 1.02949e-40, 6.44464e-42, 3.87272e-43, 2.23397e-44, 1.23703e-45, 6.57545e-47, 3.35517e-48, 1.64341e-49, 7.72716e-51, 3.48768e-52, 1.51111e-53, 6.2849e-55, 2.50925e-56, 9.6168e-58, 3.53802e-59, 1.24949e-60, 4.23593e-62, 1.3785e-63, 4.30633e-65, 1.29137e-66, 3.71737e-68, 1.02722e-69, 2.72479e-71, 6.93819e-73, 1.69591e-74, 3.97923e-76, 8.96271e-78, 1.93786e-79, 4.02204e-81, 8.01334e-83, 1.53258e-84, 2.81368e-86, 4.95871e-88, 8.38889e-90, 1.36233e-91, 2.12375e-93, 3.17809e-95, 4.56532e-97, 6.29533e-99, 8.33312e-101, 1.05886e-102, 1.29155e-104, 1.51227e-106, 1.69975e-108, 1.83394e-110, 1.89945e-112, 1.88847e-114, 1.80234e-116, 1.65122e-118, 1.45216e-120, 1.22593e-122, 9.93478e-125, 7.72847e-127, 5.77126e-129, 4.13704e-131, 2.84676e-133, 1.88041e-135, 1.19233e-137, 7.25744e-140, 4.24045e-142, 2.37838e-144, 1.28054e-146, 6.61829e-149, 3.28352e-151, 1.56378e-153, 7.14915e-156, 3.13743e-158, 1.32171e-160, 5.34488e-163, 2.07483e-165, 7.73158e-168, 2.76564e-170, 9.49651e-173
3.16451, 3.16533, 3.16615, 3.16699, 3.16784, 3.16869, 3.16955, 3.17042, 3.17131, 3.1722, 3.1731, 3.17401, 3.17493, 3.17586, 3.17679, 3.17774, 3.1787, 3.17967, 3.18065, 3.18164, 3.18263, 3.18364, 3.18466, 3.18569, 3.18673, 3.18778, 3.18885, 3.18992, 3.191, 3.1921, 3.1932, 3.19432, 3.19545, 3.19658, 3.19774, 3.1989, 3.20007, 3.20126, 3.20246, 3.20367, 3.20489, 3.20612, 3.20737, 3.20863, 3.2099, 3.21118, 3.21248, 3.21379, 3.21511, 3.21645, 3.2178, 3.21916, 3.22054, 3.22193, 3.22333, 3.22475, 3.22618, 3.22762, 3.22908, 3.23056, 3.23205, 3.23355, 3.23507, 3.2366, 3.23815, 3.23971, 3.24129, 3.24288, 3.24449, 3.24612, 3.24776, 3.24942, 3.25109, 3.25278, 3.25449, 3.25621, 3.25795, 3.25971, 3.26149, 3.26328, 3.26509, 3.26692, 3.26876, 3.27063, 3.27251, 3.27441, 3.27633, 3.27827, 3.28023, 3.2822, 3.2842, 3.28622, 3.28825, 3.29031, 3.29239, 3.29449, 3.2966, 3.29874, 3.3009, 3.30309, 3.30529, 3.30751, 3.30976, 3.31203, 3.31433, 3.31664, 3.31898, 3.32134, 3.32373, 3.32614, 3.32857, 3.33103, 3.33352, 3.33603, 3.33856, 3.34112, 3.3437, 3.34632, 3.34896, 3.35162, 3.35431, 3.35703, 3.35978, 3.36256, 3.36536, 3.3682, 3.37106, 3.37395, 3.37687, 3.37982, 3.38281, 3.38582, 3.38887, 3.39194, 3.39505, 3.39819, 3.40137, 3.40458, 3.40782, 3.4111, 3.41441, 3.41775, 3.42113, 3.42455, 3.42801, 3.4315, 3.43503, 3.43859, 3.4422, 3.44585, 3.44953, 3.45325, 3.45702, 3.46082, 3.46467, 3.46856, 3.4725, 3.47647, 3.48049, 3.48456, 3.48867, 3.49283, 3.49703, 3.50128, 3.50558, 3.50993, 3.51433, 3.51878, 3.52328, 3.52783, 3.53243, 3.53709, 3.5418, 3.54656, 3.55138, 3.55626, 3.5612, 3.56619, 3.57124, 3.57636, 3.58153, 3.58677, 3.59207, 3.59743, 3.60286, 3.60836, 3.61392, 3.61955, 3.62526, 3.63103, 3.63687, 3.64279, 3.64878, 3.65485, 3.661, 3.66722, 3.67352, 3.67991, 3.68638, 3.69293, 3.69957, 3.70629, 3.7131, 3.72001, 3.72701, 3.7341, 3.74128, 3.74857, 3.75595, 3.76343, 3.77102, 3.77871, 3.78651, 3.79442, 3.80244, 3.81058, 3.81883, 3.8272, 3.83569, 3.84431, 3.85305, 3.86192, 3.87092, 3.88006, 3.88933, 3.89874, 3.9083, 3.91801, 3.92786, 3.93787, 3.94803, 3.95835, 3.96884, 3.9795, 3.99033, 4.00133, 4.01252, 4.02389, 4.03545, 4.0472, 4.05915, 4.07131, 4.08367, 4.09625, 4.10905, 4.12208, 4.13534, 4.14883, 4.16258, 4.17657, 4.19082, 4.20534, 4.22013, 4.2352, 4.25056, 4.26622, 4.28218, 4.29847, 4.31507, 4.33202, 4.34931, 4.36696, 4.38497, 4.40337, 4.42216, 4.44136, 4.46098, 4.48103, 4.50153, 4.5225, 4.54395, 4.5659, 4.58837, 4.61138, 4.63495, 4.65909, 4.68384, 4.70922, 4.73525, 4.76196, 4.78937, 4.81753, 4.84645, 4.87618, 4.90675, 4.9382, 4.97057, 5.0039, 5.03824, 5.07365, 5.11017, 5.14786, 5.18679, 5.22702, 5.26863, 5.31169, 5.35628, 5.40251, 5.45046, 5.50025, 5.55199, 5.60582, 5.66188, 5.72033, 5.78133, 5.84509, 5.9118, 5.98173, 6.05512, 6.13228, 6.21356, 6.29934, 6.39007, 6.48625, 6.58849, 6.69749, 6.81409, 6.93927, 7.07428, 7.22062, 7.38016, 7.55527, 7.74888, 7.96457, 8.20657, 8.47959, 8.78832, 9.13659, 9.52591, 9.95358, 10.4105, 10.8788, 11.3307, 11.7282, 12.0253, 12.1723, 12.123, 11.8419, 11.3121, 10.5399, 9.55697, 8.4166, 7.18722, 5.94262, 4.75193, 3.67112, 2.73778, 1.9695, 1.36589, 0.912742, 0.587447, 0.364011, 0.217094, 0.12458, 0.0687715, 0.0365122, 0.01864, 0.00914839, 0.00431533, 0.0019555, 0.00085038, 0.000353895, 0.000139777, 5.06967e-05, 1.41314e-05, 4.05709e-06, 1.41499e-06, 4.73737e-07, 1.52252e-07, 4.69714e-08, 1.39106e-08, 3.95462e-09, 1.07921e-09, 2.82715e-10, 7.10946e-11, 1.7162e-11, 3.97687e-12, 8.84626e-13, 1.88895e-13, 3.87191e-14, 7.61856e-15, 1.43901e-15, 2.60915e-16, 4.54126e-17, 7.58747e-18, 1.21692e-18, 1.87356e-19, 2.76897e-20, 3.92837e-21, 5.34994e-22, 6.99406e-23, 8.77713e-24, 1.05735e-24, 1.22272e-25, 1.35731e-26, 1.44636e-27, 1.47949e-28, 1.45276e-29, 1.36936e-30, 1.23904e-31, 1.07621e-32, 8.97324e-34, 7.182e-35, 5.51803e-36, 4.06973e-37, 2.88131e-38, 1.9582e-39, 1.27752e-40, 8.00055e-42, 4.80967e-43, 2.77558e-44, 1.53757e-45, 8.17632e-47, 4.17373e-48, 2.04519e-49, 9.62021e-51, 4.34389e-52, 1.88285e-53, 7.83419e-55, 3.12908e-56, 1.19972e-57, 4.41557e-59, 1.56004e-60, 5.29088e-62, 1.72251e-63, 5.38317e-65, 1.61494e-66, 4.65069e-68, 1.28565e-69, 3.41167e-71, 8.69071e-73, 2.12513e-74, 4.98836e-76, 1.12402e-77, 2.43125e-79, 5.04811e-81, 1.00617e-82, 1.9251e-84, 3.53573e-86, 6.23372e-88, 1.05501e-89, 1.71399e-91, 2.67302e-93, 4.00164e-95, 5.75064e-97, 7.93298e-99, 1.0505e-100, 1.33537e-102, 1.62947e-104, 1.90869e-106, 2.14617e-108, 2.31652e-110, 2.40021e-112, 2.38728e-114, 2.27929e-116, 2.089e-118, 1.83789e-120, 1.55217e-122, 1.25836e-124, 9.79285e-127, 7.3157e-129, 5.2462e-131, 3.61139e-133, 2.38642e-135, 1.51377e-137, 9.21753e-140, 5.38779e-142, 3.02308e-144, 1.62828e-146, 8.41878e-149, 4.17841e-151, 1.99074e-153, 9.10459e-156, 3.99712e-158, 1.68451e-160, 6.81466e-163, 2.6464e-165, 9.86522e-168, 3.5302e-170, 1.21265e-172
208.61
176.54
 
MEASUREMENT 29
1.56305, 4.67879, 7.79453, 10.9103, 14.0312, 17.1469, 20.2679, 23.3784, 26.4796, 29.5859, 32.6913, 35.8071, 38.9228, 42.0385, 45.1595, 48.2752, 51.3909, 54.5067, 57.6224, 60.7381, 63.8435, 66.9593, 70.0698, 73.1752, 76.2806, 79.3859, 82.4913, 85.5967, 88.7021, 91.8074, 94.9128, 98.0182, 101.1, 104.148, 107.196, 110.244, 113.292, 116.339, 119.387, 122.435, 125.483, 128.531, 131.574, 134.622, 137.67, 140.718, 143.766, 146.814, 149.861, 152.909, 155.957, 159.005, 162.053, 165.101, 168.149, 171.197, 174.245, 177.293, 180.341, 183.389, 186.436, 189.484, 192.532, 195.58, 198.621, 201.655, 204.688, 207.722, 210.756, 213.794, 216.838, 219.882, 222.926, 225.97, 229.014, 232.058, 235.102, 238.145, 241.189, 244.233, 247.277, 250.321, 253.37, 256.424, 259.478, 262.532, 265.586, 268.64, 271.695, 274.749, 277.803, 280.857, 283.911, 286.97, 290.035, 293.099
2.84175, 2.84191, 2.82525, 2.97708, 2.82565, 2.85706, 3.05791, 3.07113, 3.03472, 3.06895, 3.0986, 3.16648, 3.16391, 3.20521, 3.20013, 3.22978, 3.32664, 3.37127, 3.42499, 3.45499, 3.12395, 3.41843, 3.42828, 3.43447, 3.49753, 3.50784, 3.53528, 3.52361, 3.57297, 3.31272, 3.63098, 3.1729, 3.64871, 3.65045, 3.68253, 3.70218, 3.72086, 3.75207, 3.78696, 3.80286, 3.82103, 3.8586, 3.91288, 3.91823, 3.96824, 4.02712, 4.08591, 4.12485, 4.16812, 4.20425, 4.29232, 4.36789, 4.45018, 4.50858, 4.60729, 4.82191, 4.89713, 4.9655, 5.15781, 5.40735, 5.59073, 5.95917, 6.31119, 7.01815, 8.9163, 10.1587, 11.4478, 10.4633, 5.38085, 1.239, 0.106572, 0.00624057, 0.0056085, 0.000867521, -0.00195819, 0.00161029, 0.00122184, 0.00101251, -0.00552593, -0.00392565, -0.00862646, -0.0296616, -0.00604003, -0.000737822, -0.0145831, -0.0270065, -0.00607306, -0.0159001, -0.00204148, -0.00107936, -0.00361999, -0.00296146, -0.00669258, -0.00493811, -0.00755971, -0.0301346
0.0852524, 0.0852574, 0.0847576, 0.0893124, 0.0847694, 0.0857117, 0.0917373, 0.092134, 0.0910417, 0.0920685, 0.092958, 0.0949944, 0.0949172, 0.0961564, 0.0960038, 0.0968934, 0.0997991, 0.101138, 0.10275, 0.10365, 0.0937186, 0.102553, 0.102848, 0.103034, 0.104926, 0.105235, 0.106058, 0.105708, 0.107189, 0.0993815, 0.108929, 0.0951869, 0.109461, 0.109514, 0.110476, 0.111065, 0.111626, 0.112562, 0.113609, 0.114086, 0.114631, 0.115758, 0.117386, 0.117547, 0.119047, 0.120814, 0.122577, 0.123746, 0.125044, 0.126127, 0.12877, 0.131037, 0.133505, 0.135257, 0.138219, 0.144657, 0.146914, 0.148965, 0.154734, 0.162221, 0.167722, 0.178775, 0.189336, 0.210544, 0.267489, 0.304761, 0.343435, 0.3139, 0.161426, 0.03717, 0.00319716, 0.000187217, 0.000168255, 2.60256e-05, 5.87457e-05, 4.83088e-05, 3.66552e-05, 3.03754e-05, 0.000165778, 0.000117769, 0.000258794, 0.000889848, 0.000181201, 2.21347e-05, 0.000437492, 0.000810194, 0.000182192, 0.000477003, 6.12443e-05, 3.23807e-05, 0.0001086, 8.88437e-05, 0.000200777, 0.000148143, 0.000226791, 0.000904037
0, 0.613815, 1.22763, 1.84144, 2.45526, 3.06907, 3.68289, 4.2967, 4.91052, 5.52433, 6.13815, 6.75196, 7.36578, 7.97959, 8.59341, 9.20722, 9.82104, 10.4349, 11.0487, 11.6625, 12.2763, 12.8901, 13.5039, 14.1177, 14.7316, 15.3454, 15.9592, 16.573, 17.1868, 17.8006, 18.4144, 19.0283, 19.6421, 20.2559, 20.8697, 21.4835, 22.0973, 22.7111, 23.325, 23.9388, 24.5526, 25.1664, 25.7802, 26.394, 27.0078, 27.6217, 28.2355, 28.8493, 29.4631, 30.0769, 30.6907, 31.3046, 31.9184, 32.5322, 33.146, 33.7598, 34.3736, 34.9874, 35.6013, 36.2151, 36.8289, 37.4427, 38.0565, 38.6703, 39.2841, 39.898, 40.5118, 41.1256, 41.7394, 42.3532, 42.967, 43.5808, 44.1947, 44.8085, 45.4223, 46.0361, 46.6499, 47.2637, 47.8775, 48.4914, 49.1052, 49.719, 50.3328, 50.9466, 51.5604, 52.1743, 52.7881, 53.4019, 54.0157, 54.6295, 55.2433, 55.8571, 56.471, 57.0848, 57.6986, 58.3124, 58.9262, 59.54, 60.1538, 60.7677, 61.3815, 61.9953, 62.6091, 63.2229, 63.8367, 64.4505, 65.0644, 65.6782, 66.292, 66.9058, 67.5196, 68.1334, 68.7473, 69.3611, 69.9749, 70.5887, 71.2025, 71.8163, 72.4301, 73.044, 73.6578, 74.2716, 74.8854, 75.4992, 76.113, 76.7268, 77.3407, 77.9545, 78.5683, 79.1821, 79.7959, 80.4097, 81.0235, 81.6374, 82.2512, 82.865, 83.4788, 84.0926, 84.7064, 85.3202, 85.9341, 86.5479, 87.1617, 87.7755, 88.3893, 89.0031, 89.617, 90.2308, 90.8446, 91.4584, 92.0722, 92.686, 93.2998, 93.9137, 94.5275, 95.1413, 95.7551, 96.3689, 96.9827, 97.5965, 98.2104, 98.8242, 99.438, 100.052, 100.666, 101.279, 101.893, 102.507, 103.121, 103.735, 104.349, 104.962, 105.576, 106.19, 106.804, 107.418, 108.031, 108.645, 109.259, 109.873, 110.487, 111.1, 111.714, 112.328, 112.942, 113.556, 114.17, 114.783, 115.397, 116.011, 116.625, 117.239, 117.852, 118.466, 119.08, 119.694, 120.308, 120.922, 121.535, 122.149, 122.763, 123.377, 123.991, 124.604, 125.218, 125.832, 126.446, 127.06, 127.673, 128.287, 128.901, 129.515, 130.129, 130.743, 131.356, 131.97, 132.584, 133.198, 133.812, 134.425, 135.039, 135.653, 136.267, 136.881, 137.495, 138.108, 138.722, 139.336, 139.95, 140.564, 141.177, 141.791, 142.405, 143.019, 143.633, 144.246, 144.86, 145.474, 146.088, 146.702, 147.316, 147.929, 148.543, 149.157, 149.771, 150.385, 150.998, 151.612, 152.226, 152.84, 153.454, 154.068, 154.681, 155.295, 155.909, 156.523, 157.137, 157.75, 158.364, 158.978, 159.592, 160.206, 160.819, 161.433, 162.047, 162.661, 163.275, 163.889, 164.502, 165.116, 165.73, 166.344, 166.958, 167.571, 168.185, 168.799, 169.413, 170.027, 170.64, 171.254, 171.868, 172.482, 173.096, 173.71, 174.323, 174.937, 175.551, 176.165, 176.779, 177.392, 178.006, 178.62, 179.234, 179.848, 180.462, 181.075, 181.689, 182.303, 182.917, 183.531, 184.144, 184.758, 185.372, 185.986, 186.6, 187.213, 187.827, 188.441, 189.055, 189.669, 190.283, 190.896, 191.51, 192.124, 192.738, 193.352, 193.965, 194.579, 195.193, 195.807, 196.421, 197.035, 197.648, 198.262, 198.876, 199.49, 200.104, 200.717, 201.331, 201.945, 202.559, 203.173, 203.786, 204.4, 205.014, 205.628, 206.242, 206.856, 207.469, 208.083, 208.697, 209.311, 209.925, 210.538, 211.152, 211.766, 212.38, 212.994, 213.608, 214.221, 214.835, 215.449, 216.063, 216.677, 217.29, 217.904, 218.518, 219.132, 219.746, 220.359, 220.973, 221.587, 222.201, 222.815, 223.429, 224.042, 224.656, 225.27, 225.884, 226.498, 227.111, 227.725, 228.339, 228.953, 229.567, 230.181, 230.794, 231.408, 232.022, 232.636, 233.25, 233.863, 234.477, 235.091, 235.705, 236.319, 236.932, 237.546, 238.16, 238.774, 239.388, 240.002, 240.615, 241.229, 241.843, 242.457, 243.071, 243.684, 244.298, 244.912, 245.526, 246.14, 246.754, 247.367, 247.981, 248.595, 249.209, 249.823, 250.436, 251.05, 251.664, 252.278, 252.892, 253.505, 254.119, 254.733, 255.347, 255.961, 256.575, 257.188, 257.802, 258.416, 259.03, 259.644, 260.257, 260.871, 261.485, 262.099, 262.713, 263.327, 263.94, 264.554, 265.168, 265.782, 266.396, 267.009, 267.623, 268.237, 268.851, 269.465, 270.078, 270.692, 271.306, 271.92, 272.534, 273.148, 273.761, 274.375, 274.989, 275.603, 276.217, 276.83, 277.444, 278.058, 278.672, 279.286, 279.9, 280.513, 281.127, 281.741, 282.355, 282.969, 283.582, 284.196, 284.81, 285.424, 286.038, 286.651, 287.265, 287.879, 288.493, 289.107, 289.721, 290.334, 290.948, 291.562, 292.176, 292.79, 293.403, 294.017
3.16291, 3.16372, 3.16453, 3.16535, 3.16618, 3.16703, 3.16788, 3.16873, 3.1696, 3.17048, 3.17137, 3.17226, 3.17317, 3.17408, 3.17501, 3.17594, 3.17689, 3.17784, 3.17881, 3.17978, 3.18076, 3.18176, 3.18276, 3.18378, 3.18481, 3.18584, 3.18689, 3.18795, 3.18902, 3.1901, 3.19119, 3.19229, 3.1934, 3.19452, 3.19566, 3.19681, 3.19797, 3.19914, 3.20032, 3.20151, 3.20272, 3.20394, 3.20517, 3.20641, 3.20767, 3.20894, 3.21022, 3.21151, 3.21282, 3.21414, 3.21547, 3.21681, 3.21817, 3.21955, 3.22093, 3.22233, 3.22375, 3.22518, 3.22662, 3.22807, 3.22955, 3.23103, 3.23253, 3.23405, 3.23558, 3.23712, 3.23868, 3.24026, 3.24185, 3.24346, 3.24508, 3.24672, 3.24837, 3.25005, 3.25173, 3.25344, 3.25516, 3.2569, 3.25865, 3.26043, 3.26222, 3.26403, 3.26585, 3.2677, 3.26956, 3.27144, 3.27334, 3.27526, 3.27719, 3.27915, 3.28112, 3.28312, 3.28513, 3.28717, 3.28923, 3.2913, 3.2934, 3.29551, 3.29765, 3.29981, 3.30199, 3.3042, 3.30642, 3.30867, 3.31094, 3.31323, 3.31555, 3.31788, 3.32025, 3.32263, 3.32504, 3.32748, 3.32994, 3.33242, 3.33493, 3.33746, 3.34002, 3.34261, 3.34522, 3.34786, 3.35053, 3.35322, 3.35594, 3.35869, 3.36147, 3.36428, 3.36711, 3.36998, 3.37287, 3.37579, 3.37875, 3.38173, 3.38475, 3.3878, 3.39088, 3.39399, 3.39713, 3.40031, 3.40352, 3.40677, 3.41005, 3.41337, 3.41672, 3.4201, 3.42352, 3.42698, 3.43048, 3.43401, 3.43759, 3.4412, 3.44485, 3.44854, 3.45227, 3.45604, 3.45985, 3.4637, 3.4676, 3.47154, 3.47553, 3.47956, 3.48363, 3.48775, 3.49191, 3.49613, 3.50039, 3.5047, 3.50905, 3.51346, 3.51792, 3.52243, 3.52699, 3.53161, 3.53627, 3.541, 3.54577, 3.55061, 3.5555, 3.56045, 3.56546, 3.57052, 3.57565, 3.58084, 3.58609, 3.59141, 3.59679, 3.60224, 3.60775, 3.61333, 3.61898, 3.6247, 3.6305, 3.63636, 3.6423, 3.64831, 3.6544, 3.66057, 3.66682, 3.67315, 3.67956, 3.68605, 3.69263, 3.69929, 3.70605, 3.71289, 3.71982, 3.72685, 3.73397, 3.74119, 3.74851, 3.75592, 3.76344, 3.77107, 3.7788, 3.78664, 3.79459, 3.80265, 3.81083, 3.81912, 3.82754, 3.83607, 3.84474, 3.85353, 3.86245, 3.8715, 3.88069, 3.89002, 3.89949, 3.9091, 3.91887, 3.92878, 3.93886, 3.94909, 3.95948, 3.97004, 3.98077, 3.99167, 4.00275, 4.01402, 4.02547, 4.03712, 4.04896, 4.061, 4.07326, 4.08572, 4.0984, 4.11131, 4.12444, 4.13781, 4.15142, 4.16529, 4.1794, 4.19379, 4.20844, 4.22337, 4.23858, 4.2541, 4.26991, 4.28604, 4.30249, 4.31927, 4.3364, 4.35388, 4.37172, 4.38994, 4.40855, 4.42756, 4.44699, 4.46685, 4.48716, 4.50792, 4.52917, 4.5509, 4.57315, 4.59594, 4.61927, 4.64318, 4.66769, 4.69282, 4.71859, 4.74503, 4.77218, 4.80005, 4.82869, 4.85812, 4.88839, 4.91952, 4.95157, 4.98457, 5.01857, 5.05362, 5.08977, 5.12709, 5.16563, 5.20545, 5.24664, 5.28927, 5.33342, 5.37918, 5.42665, 5.47594, 5.52717, 5.58047, 5.63598, 5.69385, 5.75426, 5.8174, 5.88348, 5.95274, 6.02545, 6.10191, 6.18246, 6.26749, 6.35745, 6.45286, 6.55432, 6.66254, 6.77837, 6.90284, 7.03719, 7.18297, 7.34206, 7.51682, 7.71006, 7.92513, 8.16572, 8.43563, 8.73806, 9.07468, 9.44419, 9.84062, 10.2515, 10.6565, 11.0267, 11.3257, 11.5121, 11.5443, 11.3864, 11.0144, 10.4216, 9.62103, 8.64683, 7.56612, 6.42737, 5.29396, 4.22323, 3.26005, 2.43322, 1.75481, 1.22214, 0.821577, 0.532884, 0.333365, 0.201084, 0.11692, 0.0655172, 0.035374, 0.0183988, 0.00921688, 0.0044459, 0.00206413, 0.000921586, 0.000394816, 0.000161242, 6.14141e-05, 1.97853e-05, 4.73225e-06, 1.71478e-06, 5.97641e-07, 2.00311e-07, 6.45656e-08, 2.00138e-08, 5.96611e-09, 1.71035e-09, 4.71533e-10, 1.25018e-10, 3.18759e-11, 7.81603e-12, 1.84307e-12, 4.17957e-13, 9.11491e-14, 1.91164e-14, 3.8556e-15, 7.47842e-16, 1.39495e-16, 2.50232e-17, 4.31676e-18, 7.16152e-19, 1.14258e-19, 1.75306e-20, 2.58667e-21, 3.67043e-22, 5.00871e-23, 6.57304e-24, 8.29544e-25, 1.0068e-25, 1.17512e-26, 1.31902e-27, 1.42381e-28, 1.47804e-29, 1.47554e-30, 1.41661e-31, 1.30791e-32, 1.16129e-33, 9.91597e-35, 8.14256e-36, 6.43012e-37, 4.88325e-38, 3.56641e-39, 2.50487e-40, 1.69188e-41, 1.09898e-42, 6.86495e-44, 4.124e-45, 2.3825e-46, 1.32366e-47, 7.0722e-49, 3.63382e-50, 1.79558e-51, 8.5325e-53, 3.89924e-54, 1.71363e-55, 7.24242e-57, 2.94363e-58, 1.15057e-59, 4.32491e-61, 1.56341e-62, 5.43498e-64, 1.817e-65, 5.84177e-67, 1.8062e-68, 5.37054e-70, 1.53569e-71, 4.22297e-73, 1.11677e-74, 2.84017e-76, 6.94631e-78, 1.63379e-79, 3.69547e-81, 8.03848e-83, 1.68155e-84, 3.38281e-86, 6.5445e-88, 1.21761e-89, 2.17856e-91, 3.74854e-93, 6.20278e-95, 9.87056e-97, 1.51053e-98, 2.22304e-100, 3.14628e-102, 4.2823e-104, 5.60518e-106, 7.05558e-108, 8.54097e-110, 9.9429e-112, 1.11314e-113, 1.19844e-115, 1.24084e-117, 1.23551e-119, 1.18307e-121, 1.08943e-123, 9.64772e-126, 8.21635e-128, 6.72922e-130, 5.30007e-132, 4.01448e-134, 2.9242e-136, 2.04841e-138, 1.37993e-140, 8.93983e-143, 5.56969e-145, 3.33706e-147, 1.92278e-149, 1.06543e-151, 5.6774e-154, 2.90942e-156, 1.43382e-158, 6.79535e-161, 3.09714e-163, 1.3575e-165
3.16291, 3.16373, 3.16456, 3.1654, 3.16624, 3.1671, 3.16796, 3.16884, 3.16972, 3.17061, 3.17151, 3.17242, 3.17335, 3.17428, 3.17522, 3.17617, 3.17713, 3.1781, 3.17908, 3.18007, 3.18107, 3.18208, 3.1831, 3.18413, 3.18517, 3.18622, 3.18729, 3.18836, 3.18945, 3.19054, 3.19165, 3.19277, 3.1939, 3.19504, 3.19619, 3.19736, 3.19853, 3.19972, 3.20092, 3.20213, 3.20335, 3.20459, 3.20584, 3.2071, 3.20837, 3.20966, 3.21096, 3.21227, 3.21359, 3.21493, 3.21628, 3.21765, 3.21903, 3.22042, 3.22182, 3.22324, 3.22468, 3.22612, 3.22759, 3.22906, 3.23055, 3.23206, 3.23358, 3.23511, 3.23666, 3.23823, 3.23981, 3.24141, 3.24302, 3.24465, 3.24629, 3.24795, 3.24963, 3.25132, 3.25303, 3.25476, 3.2565, 3.25826, 3.26004, 3.26183, 3.26365, 3.26548, 3.26733, 3.26919, 3.27108, 3.27298, 3.27491, 3.27685, 3.27881, 3.28079, 3.28279, 3.28481, 3.28685, 3.28891, 3.29099, 3.29309, 3.29521, 3.29735, 3.29952, 3.3017, 3.30391, 3.30614, 3.30839, 3.31066, 3.31296, 3.31528, 3.31762, 3.31999, 3.32238, 3.32479, 3.32723, 3.32969, 3.33218, 3.33469, 3.33723, 3.33979, 3.34238, 3.345, 3.34764, 3.35031, 3.35301, 3.35573, 3.35849, 3.36127, 3.36408, 3.36691, 3.36978, 3.37268, 3.3756, 3.37856, 3.38155, 3.38457, 3.38762, 3.3907, 3.39382, 3.39696, 3.40014, 3.40336, 3.4066, 3.40989, 3.4132, 3.41655, 3.41994, 3.42337, 3.42683, 3.43032, 3.43386, 3.43743, 3.44104, 3.44469, 3.44839, 3.45212, 3.45589, 3.4597, 3.46356, 3.46745, 3.47139, 3.47538, 3.47941, 3.48348, 3.4876, 3.49176, 3.49597, 3.50023, 3.50454, 3.5089, 3.5133, 3.51776, 3.52227, 3.52683, 3.53144, 3.5361, 3.54082, 3.5456, 3.55043, 3.55532, 3.56026, 3.56526, 3.57033, 3.57545, 3.58064, 3.58588, 3.59119, 3.59657, 3.60201, 3.60752, 3.61309, 3.61874, 3.62445, 3.63023, 3.63609, 3.64202, 3.64803, 3.65411, 3.66027, 3.6665, 3.67282, 3.67922, 3.6857, 3.69227, 3.69892, 3.70566, 3.71249, 3.71941, 3.72643, 3.73353, 3.74074, 3.74804, 3.75544, 3.76294, 3.77055, 3.77826, 3.78608, 3.79401, 3.80205, 3.8102, 3.81848, 3.82687, 3.83538, 3.84402, 3.85278, 3.86168, 3.8707, 3.87986, 3.88916, 3.8986, 3.90818, 3.91792, 3.9278, 3.93783, 3.94803, 3.95838, 3.9689, 3.97959, 3.99045, 4.00149, 4.0127, 4.02411, 4.0357, 4.04749, 4.05948, 4.07168, 4.08408, 4.09671, 4.10955, 4.12262, 4.13592, 4.14946, 4.16325, 4.17729, 4.19159, 4.20616, 4.22101, 4.23613, 4.25155, 4.26727, 4.2833, 4.29964, 4.31631, 4.33332, 4.35068, 4.3684, 4.38649, 4.40497, 4.42384, 4.44312, 4.46282, 4.48296, 4.50356, 4.52462, 4.54617, 4.56823, 4.59081, 4.61393, 4.63761, 4.66188, 4.68675, 4.71226, 4.73843, 4.76529, 4.79285, 4.82117, 4.85026, 4.88016, 4.91091, 4.94255, 4.97512, 5.00867, 5.04324, 5.07888, 5.11565, 5.15361, 5.19282, 5.23334, 5.27526, 5.31866, 5.36361, 5.41021, 5.45857, 5.50879, 5.561, 5.61533, 5.67193, 5.73095, 5.79258, 5.85702, 5.92448, 5.99521, 6.06949, 6.14763, 6.22998, 6.31696, 6.40901, 6.50669, 6.61062, 6.72155, 6.84036, 6.96812, 7.10616, 7.2561, 7.41996, 7.60027, 7.80011, 8.02318, 8.27368, 8.55604, 8.87428, 9.23103, 9.62599, 10.0541, 10.5035, 10.9538, 11.3753, 11.7296, 11.9723, 12.0578, 11.9457, 11.6076, 11.0335, 10.2352, 9.24704, 8.12193, 6.92482, 5.72389, 4.5818, 3.54847, 2.65688, 1.92194, 1.34247, 0.905017, 0.588604, 0.369191, 0.223259, 0.130133, 0.0730942, 0.0395558, 0.0206198, 0.010352, 0.0050041, 0.00232822, 0.00104178, 0.000447407, 0.000183414, 7.02828e-05, 2.30611e-05, 5.77698e-06, 2.09139e-06, 7.29187e-07, 2.44498e-07, 7.88393e-08, 2.4448e-08, 7.29084e-09, 2.09095e-09, 5.76689e-10, 1.52958e-10, 3.90154e-11, 9.57044e-12, 2.25767e-12, 5.12178e-13, 1.11741e-13, 2.34444e-14, 4.73038e-15, 9.17881e-16, 1.71281e-16, 3.07371e-17, 5.30457e-18, 8.80378e-19, 1.40514e-19, 2.15677e-20, 3.18361e-21, 4.51926e-22, 6.16946e-23, 8.09953e-24, 1.0226e-24, 1.2416e-25, 1.44974e-26, 1.62791e-27, 1.75793e-28, 1.82561e-29, 1.82324e-30, 1.75111e-31, 1.61739e-32, 1.43663e-33, 1.22719e-34, 1.00811e-35, 7.96409e-37, 6.05057e-38, 4.42068e-39, 3.10608e-40, 2.09879e-41, 1.36382e-42, 8.52269e-44, 5.12186e-45, 2.96013e-46, 1.64523e-47, 8.79372e-49, 4.52013e-50, 2.2344e-51, 1.06219e-52, 4.85598e-54, 2.13492e-55, 9.02648e-57, 3.67017e-58, 1.43511e-59, 5.39657e-61, 1.95156e-62, 6.78697e-64, 2.26987e-65, 7.30061e-67, 2.25813e-68, 6.7169e-70, 1.92141e-71, 5.28572e-73, 1.39836e-74, 3.55767e-76, 8.70448e-78, 2.0481e-79, 4.63438e-81, 1.00847e-82, 2.11041e-84, 4.24717e-86, 8.21988e-88, 1.5299e-89, 2.73835e-91, 4.71355e-93, 7.80259e-95, 1.24211e-96, 1.90157e-98, 2.7996e-100, 3.96379e-102, 5.39705e-104, 7.06697e-106, 8.899e-108, 1.07766e-109, 1.25502e-111, 1.40556e-113, 1.51385e-115, 1.568e-117, 1.56185e-119, 1.49611e-121, 1.37822e-123, 1.22097e-125, 1.04022e-127, 8.52259e-130, 6.71507e-132, 5.08816e-134, 3.70767e-136, 2.5982e-138, 1.75095e-140, 1.13477e-142, 7.07247e-145, 4.23902e-147, 2.44338e-149, 1.3544e-151, 7.21992e-154, 3.70126e-156, 1.82472e-158, 8.65118e-161, 3.94443e-163, 1.72951e-165
208.49
176.48
 
MEASUREMENT 30
1.56305, 4.67879, 7.79453, 10.9103, 14.0312, 17.1469, 20.2679, 23.3784, 26.4796, 29.5859, 32.6913, 35.8071, 38.9228, 42.0385, 45.1595, 48.2752, 51.3909, 54.5067, 57.6224, 60.7381, 63.8435, 66.9593, 70.0698, 73.1752, 76.2806, 79.3859, 82.4913, 85.5967, 88.7021, 91.8074, 94.9128, 98.0182, 101.1, 104.148, 107.196, 110.244, 113.292, 116.339, 119.387, 122.435, 125.483, 128.531, 131.574, 134.622, 137.67, 140.718, 143.766, 146.814, 149.861, 152.909, 155.957, 159.005, 162.053, 165.101, 168.149, 171.197, 174.245, 177.293, 180.341, 183.389, 186.436, 189.484, 192.532, 195.58, 198.621, 201.655, 204.688, 207.722, 210.756, 213.794, 216.838, 219.882, 222.926, 225.97, 229.014, 232.058, 235.102, 238.145, 241.189, 244.233, 247.277, 250.321, 253.37, 256.424, 259.478, 262.532, 265.586, 268.64, 271.695, 274.749, 277.803, 280.857, 283.911, 286.97, 290.035, 293.099
2.84131, 2.83783, 2.82602, 2.97795, 2.82618, 2.85521, 3.08562, 3.07378, 3.03674, 3.07044, 3.09705, 3.16489, 3.1645, 3.20336, 3.1995, 3.23137, 3.33666, 3.36605, 3.41151, 3.45632, 3.11339, 3.42191, 3.43807, 3.43279, 3.5055, 3.51057, 3.53864, 3.52282, 3.57228, 3.31207, 3.63255, 3.17437, 3.64759, 3.64991, 3.68508, 3.70068, 3.72176, 3.75154, 3.78469, 3.80192, 3.81332, 3.86074, 3.91449, 3.92038, 3.96091, 4.02451, 4.08707, 4.12701, 4.16004, 4.20729, 4.29015, 4.3624, 4.44757, 4.50779, 4.59825, 4.81922, 4.89597, 4.96301, 5.16601, 5.4026, 5.58997, 5.95833, 6.31524, 7.01932, 8.92689, 10.1689, 11.447, 10.4681, 5.38252, 1.23529, 0.108089, 0.00841009, 0.00357734, 0.000696582, 0.000990066, 0.00239817, 0.00206857, 0.00225965, -0.00886903, -0.00239765, -0.0111476, -0.0292665, -0.00738948, -0.000813405, -0.0149007, -0.0220167, -0.00440409, -0.0139726, -0.00280924, -0.000354481, -0.00398358, -0.00193231, -0.00610377, -0.00420953, -0.00865969, -0.0293304
0.0852393, 0.085135, 0.0847807, 0.0893385, 0.0847853, 0.0856563, 0.0925686, 0.0922135, 0.0911022, 0.0921132, 0.0929115, 0.0949467, 0.0949351, 0.0961008, 0.095985, 0.0969412, 0.1001, 0.100981, 0.102345, 0.10369, 0.0934016, 0.102657, 0.103142, 0.102984, 0.105165, 0.105317, 0.106159, 0.105685, 0.107168, 0.099362, 0.108977, 0.0952312, 0.109428, 0.109497, 0.110552, 0.11102, 0.111653, 0.112546, 0.113541, 0.114058, 0.1144, 0.115822, 0.117435, 0.117611, 0.118827, 0.120735, 0.122612, 0.12381, 0.124801, 0.126219, 0.128704, 0.130872, 0.133427, 0.135234, 0.137948, 0.144577, 0.146879, 0.14889, 0.15498, 0.162078, 0.167699, 0.17875, 0.189457, 0.21058, 0.267807, 0.305067, 0.34341, 0.314044, 0.161476, 0.0370588, 0.00324266, 0.000252303, 0.00010732, 2.08975e-05, 2.9702e-05, 7.1945e-05, 6.2057e-05, 6.77896e-05, 0.000266071, 7.19296e-05, 0.000334429, 0.000877994, 0.000221684, 2.44022e-05, 0.000447022, 0.0006605, 0.000132123, 0.000419178, 8.42771e-05, 1.06344e-05, 0.000119507, 5.79693e-05, 0.000183113, 0.000126286, 0.000259791, 0.000879912
0, 0.613815, 1.22763, 1.84144, 2.45526, 3.06907, 3.68289, 4.2967, 4.91052, 5.52433, 6.13815, 6.75196, 7.36578, 7.97959, 8.59341, 9.20722, 9.82104, 10.4349, 11.0487, 11.6625, 12.2763, 12.8901, 13.5039, 14.1177, 14.7316, 15.3454, 15.9592, 16.573, 17.1868, 17.8006, 18.4144, 19.0283, 19.6421, 20.2559, 20.8697, 21.4835, 22.0973, 22.7111, 23.325, 23.9388, 24.5526, 25.1664, 25.7802, 26.394, 27.0078, 27.6217, 28.2355, 28.8493, 29.4631, 30.0769, 30.6907, 31.3046, 31.9184, 32.5322, 33.146, 33.7598, 34.3736, 34.9874, 35.6013, 36.2151, 36.8289, 37.4427, 38.0565, 38.6703, 39.2841, 39.898, 40.5118, 41.1256, 41.7394, 42.3532, 42.967, 43.5808, 44.1947, 44.8085, 45.4223, 46.0361, 46.6499, 47.2637, 47.8775, 48.4914, 49.1052, 49.719, 50.3328, 50.9466, 51.5604, 52.1743, 52.7881, 53.4019, 54.0157, 54.6295, 55.2433, 55.8571, 56.471, 57.0848, 57.6986, 58.3124, 58.9262, 59.54, 60.1538, 60.7677, 61.3815, 61.9953, 62.6091, 63.2229, 63.8367, 64.4505, 65.0644, 65.6782, 66.292, 66.9058, 67.5196, 68.1334, 68.7473, 69.3611, 69.9749, 70.5887, 71.2025, 71.8163, 72.4301, 73.044, 73.6578, 74.2716, 74.8854, 75.4992, 76.113, 76.7268, 77.3407, 77.9545, 78.5683, 79.1821, 79.7959, 80.4097, 81.0235, 81.6374, 82.2512, 82.865, 83.4788, 84.0926, 84.7064, 85.3202, 85.9341, 86.5479, 87.1617, 87.7755, 88.3893, 89.0031, 89.617, 90.2308, 90.8446, 91.4584, 92.0722, 92.686, 93.2998, 93.9137, 94.5275, 95.1413, 95.7551, 96.3689, 96.9827, 97.5965, 98.2104, 98.8242, 99.438, 100.052, 100.666, 101.279, 101.893, 102.507, 103.121, 103.735, 104.349, 104.962, 105.576, 106.19, 106.804, 107.418, 108.031, 108.645, 109.259, 109.873, 110.487, 111.1, 111.714, 112.328, 112.942, 113.556, 114.17, 114.783, 115.397, 116.011, 116.625, 117.239, 117.852, 118.466, 119.08, 119.694, 120.308, 120.922, 121.535, 122.149, 122.763, 123.377, 123.991, 124.604, 125.218, 125.832, 126.446, 127.06, 127.673, 128.287, 128.901, 129.515, 130.129, 130.743, 131.356, 131.97, 132.584, 133.198, 133.812, 134.425, 135.039, 135.653, 136.267, 136.881, 137.495, 138.108, 138.722, 139.336, 139.95, 140.564, 141.177, 141.791, 142.405, 143.019, 143.633, 144.246, 144.86, 145.474, 146.088, 146.702, 147.316, 147.929, 148.543, 149.157, 149.771, 150.385, 150.998, 151.612, 152.226, 152.84, 153.454, 154.068, 154.681, 155.295, 155.909, 156.523, 157.137, 157.75, 158.364, 158.978, 159.592, 160.206, 160.819, 161.433, 162.047, 162.661, 163.275, 163.889, 164.502, 165.116, 165.73, 166.344, 166.958, 167.571, 168.185, 168.799, 169.413, 170.027, 170.64, 171.254, 171.868, 172.482, 173.096, 173.71, 174.323, 174.937, 175.551, 176.165, 176.779, 177.392, 178.006, 178.62, 179.234, 179.848, 180.462, 181.075, 181.689, 182.303, 182.917, 183.531, 184.144, 184.758, 185.372, 185.986, 186.6, 187.213, 187.827, 188.441, 189.055, 189.669, 190.283, 190.896, 191.51, 192.124, 192.738, 193.352, 193.965, 194.579, 195.193, 195.807, 196.421, 197.035, 197.648, 198.262, 198.876, 199.49, 200.104, 200.717, 201.331, 201.945, 202.559, 203.173, 203.786, 204.4, 205.014, 205.628, 206.242, 206.856, 207.469, 208.083, 208.697, 209.311, 209.925, 210.538, 211.152, 211.766, 212.38, 212.994, 213.608, 214.221, 214.835, 215.449, 216.063, 216.677, 217.29, 217.904, 218.518, 219.132, 219.746, 220.359, 220.973, 221.587, 222.201, 222.815, 223.429, 224.042, 224.656, 225.27, 225.884, 226.498, 227.111, 227.725, 228.339, 228.953, 229.567, 230.181, 230.794, 231.408, 232.022, 232.636, 233.25, 233.863, 234.477, 235.091, 235.705, 236.319, 236.932, 237.546, 238.16, 238.774, 239.388, 240.002, 240.615, 241.229, 241.843, 242.457, 243.071, 243.684, 244.298, 244.912, 245.526, 246.14, 246.754, 247.367, 247.981, 248.595, 249.209, 249.823, 250.436, 251.05, 251.664, 252.278, 252.892, 253.505, 254.119, 254.733, 255.347, 255.961, 256.575, 257.188, 257.802, 258.416, 259.03, 259.644, 260.257, 260.871, 261.485, 262.099, 262.713, 263.327, 263.94, 264.554, 265.168, 265.782, 266.396, 267.009, 267.623, 268.237, 268.851, 269.465, 270.078, 270.692, 271.306, 271.92, 272.534, 273.148, 273.761, 274.375, 274.989, 275.603, 276.217, 276.83, 277.444, 278.058, 278.672, 279.286, 279.9, 280.513, 281.127, 281.741, 282.355, 282.969, 283.582, 284.196, 284.81, 285.424, 286.038, 286.651, 287.265, 287.879, 288.493, 289.107, 289.721, 290.334, 290.948, 291.562, 292.176, 292.79, 293.403, 294.017
3.16003, 3.16084, 3.16166, 3.16249, 3.16332, 3.16417, 3.16502, 3.16588, 3.16675, 3.16764, 3.16853, 3.16943, 3.17034, 3.17126, 3.17218, 3.17312, 3.17407, 3.17503, 3.176, 3.17698, 3.17797, 3.17897, 3.17997, 3.18099, 3.18202, 3.18307, 3.18412, 3.18518, 3.18625, 3.18734, 3.18843, 3.18954, 3.19066, 3.19179, 3.19293, 3.19408, 3.19524, 3.19642, 3.1976, 3.1988, 3.20002, 3.20124, 3.20248, 3.20372, 3.20498, 3.20626, 3.20754, 3.20884, 3.21015, 3.21148, 3.21282, 3.21417, 3.21553, 3.21691, 3.2183, 3.21971, 3.22113, 3.22257, 3.22401, 3.22548, 3.22695, 3.22844, 3.22995, 3.23147, 3.23301, 3.23456, 3.23613, 3.23771, 3.23931, 3.24092, 3.24255, 3.2442, 3.24586, 3.24754, 3.24923, 3.25094, 3.25267, 3.25442, 3.25618, 3.25796, 3.25976, 3.26158, 3.26341, 3.26526, 3.26713, 3.26902, 3.27093, 3.27285, 3.2748, 3.27676, 3.27875, 3.28075, 3.28277, 3.28482, 3.28688, 3.28897, 3.29107, 3.2932, 3.29534, 3.29751, 3.2997, 3.30191, 3.30415, 3.30641, 3.30869, 3.31099, 3.31331, 3.31566, 3.31803, 3.32043, 3.32285, 3.3253, 3.32777, 3.33026, 3.33278, 3.33533, 3.3379, 3.34049, 3.34312, 3.34577, 3.34845, 3.35115, 3.35389, 3.35665, 3.35944, 3.36225, 3.3651, 3.36798, 3.37089, 3.37382, 3.37679, 3.37979, 3.38282, 3.38588, 3.38897, 3.3921, 3.39526, 3.39845, 3.40168, 3.40494, 3.40823, 3.41156, 3.41493, 3.41833, 3.42177, 3.42524, 3.42876, 3.43231, 3.4359, 3.43952, 3.44319, 3.4469, 3.45065, 3.45444, 3.45827, 3.46214, 3.46606, 3.47002, 3.47402, 3.47807, 3.48216, 3.4863, 3.49049, 3.49472, 3.499, 3.50333, 3.50771, 3.51214, 3.51662, 3.52116, 3.52574, 3.53038, 3.53507, 3.53982, 3.54462, 3.54948, 3.5544, 3.55937, 3.56441, 3.5695, 3.57466, 3.57988, 3.58516, 3.5905, 3.59591, 3.60139, 3.60693, 3.61255, 3.61823, 3.62398, 3.62981, 3.6357, 3.64168, 3.64773, 3.65385, 3.66006, 3.66634, 3.6727, 3.67915, 3.68568, 3.6923, 3.69901, 3.7058, 3.71269, 3.71966, 3.72673, 3.7339, 3.74116, 3.74853, 3.75599, 3.76356, 3.77123, 3.77901, 3.7869, 3.79491, 3.80302, 3.81125, 3.8196, 3.82808, 3.83667, 3.8454, 3.85425, 3.86323, 3.87235, 3.8816, 3.891, 3.90054, 3.91022, 3.92006, 3.93005, 3.9402, 3.95051, 3.96098, 3.97162, 3.98243, 3.99342, 4.00459, 4.01595, 4.0275, 4.03924, 4.05118, 4.06332, 4.07568, 4.08824, 4.10104, 4.11405, 4.1273, 4.14079, 4.15453, 4.16852, 4.18277, 4.19728, 4.21207, 4.22714, 4.24251, 4.25817, 4.27414, 4.29043, 4.30705, 4.324, 4.34131, 4.35897, 4.377, 4.39542, 4.41424, 4.43346, 4.45311, 4.4732, 4.49374, 4.51475, 4.53625, 4.55825, 4.58078, 4.60385, 4.62749, 4.65171, 4.67654, 4.70201, 4.72814, 4.75495, 4.78248, 4.81076, 4.83983, 4.86971, 4.90044, 4.93206, 4.96463, 4.99817, 5.03274, 5.0684, 5.10519, 5.14318, 5.18243, 5.22302, 5.26501, 5.30849, 5.35355, 5.40028, 5.44879, 5.49919, 5.55162, 5.60619, 5.66308, 5.72244, 5.78446, 5.84935, 5.91734, 5.98869, 6.06369, 6.14267, 6.22602, 6.31415, 6.40759, 6.50692, 6.61283, 6.72616, 6.84789, 6.97925, 7.12172, 7.27711, 7.44761, 7.63579, 7.84462, 8.07722, 8.33665, 8.62524, 8.9438, 9.29048, 9.65946, 10.0396, 10.4135, 10.7571, 11.0403, 11.2289, 11.2883, 11.1872, 10.903, 10.4255, 9.75959, 8.92428, 7.96976, 6.93972, 5.88182, 4.84745, 3.8812, 3.01682, 2.27502, 1.66355, 1.17896, 0.809462, 0.538247, 0.346514, 0.215923, 0.130202, 0.0759609, 0.0428682, 0.0233981, 0.0123496, 0.00630195, 0.00310834, 0.00148117, 0.00068116, 0.000301501, 0.000127457, 5.01678e-05, 1.64046e-05, 4.2071e-06, 1.60802e-06, 5.93544e-07, 2.11554e-07, 7.2811e-08, 2.41981e-08, 7.76555e-09, 2.40642e-09, 7.20076e-10, 2.08062e-10, 5.80516e-11, 1.56402e-11, 4.06893e-12, 1.02217e-12, 2.47957e-13, 5.80813e-14, 1.31372e-14, 2.86932e-15, 6.05146e-16, 1.2324e-16, 2.42352e-17, 4.60205e-18, 8.43847e-19, 1.49411e-19, 2.55453e-20, 4.2174e-21, 6.72336e-22, 1.03499e-22, 1.53848e-23, 2.20829e-24, 3.06075e-25, 4.09644e-26, 5.29411e-27, 6.60672e-28, 7.96136e-29, 9.26393e-30, 1.0409e-30, 1.12936e-31, 1.18321e-32, 1.19702e-33, 1.16935e-34, 1.10306e-35, 1.00475e-36, 8.83736e-38, 7.50579e-39, 6.1557e-40, 4.87489e-41, 3.72787e-42, 2.75272e-43, 1.96278e-44, 1.35142e-45, 8.98489e-47, 5.76825e-48, 3.57587e-49, 2.14056e-50, 1.23731e-51, 6.9062e-53, 3.72225e-54, 1.93722e-55, 9.73554e-57, 4.72441e-58, 2.21382e-59, 1.00171e-60, 4.37676e-62, 1.84658e-63, 7.52301e-65, 2.95952e-66, 1.12424e-67, 4.12384e-69, 1.46067e-70, 4.99585e-72, 1.64996e-73, 5.26193e-75, 1.6204e-76, 4.81846e-78, 1.38357e-79, 3.83618e-81, 1.02708e-82, 2.65532e-84, 6.62883e-86, 1.59795e-87, 3.7196e-89, 8.36057e-91, 1.81461e-92, 3.80308e-94, 7.69654e-96, 1.50405e-97, 2.83815e-99, 5.17149e-101, 9.09919e-103, 1.54595e-104, 2.53628e-106, 4.01794e-108, 6.14635e-110, 9.07898e-112, 1.29498e-113, 1.7836e-115, 2.37212e-117, 3.04638e-119, 3.77779e-121, 4.52373e-123, 5.23074e-125, 5.84032e-127, 6.29674e-129, 6.55544e-131, 6.59013e-133, 6.39725e-135, 5.99651e-137, 5.42763e-139, 4.74383e-141, 4.00363e-143, 3.26276e-145, 2.56757e-147, 1.95104e-149
3.16003, 3.16086, 3.16169, 3.16253, 3.16338, 3.16424, 3.16511, 3.16598, 3.16687, 3.16777, 3.16867, 3.16959, 3.17051, 3.17145, 3.17239, 3.17335, 3.17431, 3.17528, 3.17627, 3.17726, 3.17827, 3.17928, 3.18031, 3.18134, 3.18239, 3.18345, 3.18452, 3.18559, 3.18668, 3.18778, 3.1889, 3.19002, 3.19115, 3.1923, 3.19346, 3.19463, 3.19581, 3.197, 3.19821, 3.19942, 3.20065, 3.20189, 3.20315, 3.20441, 3.20569, 3.20698, 3.20829, 3.2096, 3.21093, 3.21228, 3.21363, 3.215, 3.21639, 3.21779, 3.2192, 3.22062, 3.22206, 3.22352, 3.22498, 3.22647, 3.22796, 3.22947, 3.231, 3.23254, 3.2341, 3.23567, 3.23726, 3.23886, 3.24048, 3.24211, 3.24377, 3.24543, 3.24712, 3.24882, 3.25053, 3.25227, 3.25402, 3.25578, 3.25757, 3.25937, 3.26119, 3.26303, 3.26489, 3.26676, 3.26865, 3.27057, 3.2725, 3.27445, 3.27642, 3.2784, 3.28041, 3.28244, 3.28449, 3.28656, 3.28865, 3.29075, 3.29289, 3.29504, 3.29721, 3.2994, 3.30162, 3.30386, 3.30612, 3.3084, 3.31071, 3.31304, 3.31539, 3.31777, 3.32017, 3.32259, 3.32504, 3.32751, 3.33001, 3.33254, 3.33508, 3.33766, 3.34026, 3.34289, 3.34554, 3.34822, 3.35093, 3.35367, 3.35643, 3.35922, 3.36205, 3.3649, 3.36778, 3.37069, 3.37363, 3.3766, 3.3796, 3.38263, 3.38569, 3.38879, 3.39192, 3.39508, 3.39827, 3.4015, 3.40476, 3.40806, 3.41139, 3.41476, 3.41816, 3.4216, 3.42508, 3.42859, 3.43214, 3.43573, 3.43936, 3.44303, 3.44674, 3.45049, 3.45428, 3.45811, 3.46198, 3.4659, 3.46986, 3.47386, 3.47791, 3.482, 3.48614, 3.49033, 3.49456, 3.49884, 3.50317, 3.50755, 3.51197, 3.51645, 3.52098, 3.52556, 3.5302, 3.53489, 3.53963, 3.54443, 3.54929, 3.5542, 3.55917, 3.5642, 3.56929, 3.57444, 3.57966, 3.58493, 3.59027, 3.59568, 3.60115, 3.60669, 3.61229, 3.61797, 3.62371, 3.62953, 3.63542, 3.64138, 3.64742, 3.65354, 3.65973, 3.66601, 3.67236, 3.6788, 3.68532, 3.69193, 3.69862, 3.7054, 3.71227, 3.71923, 3.72629, 3.73344, 3.74069, 3.74803, 3.75548, 3.76303, 3.77069, 3.77845, 3.78632, 3.7943, 3.8024, 3.81061, 3.81893, 3.82738, 3.83595, 3.84465, 3.85348, 3.86243, 3.87152, 3.88075, 3.89011, 3.89962, 3.90927, 3.91907, 3.92903, 3.93914, 3.94941, 3.95984, 3.97044, 3.98121, 3.99216, 4.00328, 4.01459, 4.02609, 4.03778, 4.04966, 4.06175, 4.07405, 4.08656, 4.09929, 4.11224, 4.12543, 4.13885, 4.15251, 4.16642, 4.18059, 4.19502, 4.20973, 4.22471, 4.23998, 4.25555, 4.27142, 4.28761, 4.30412, 4.32096, 4.33815, 4.35569, 4.37359, 4.39188, 4.41055, 4.42963, 4.44913, 4.46906, 4.48943, 4.51027, 4.53158, 4.55339, 4.57572, 4.59858, 4.62199, 4.64598, 4.67056, 4.69577, 4.72163, 4.74816, 4.77539, 4.80335, 4.83208, 4.8616, 4.89196, 4.92319, 4.95533, 4.98843, 5.02253, 5.05769, 5.09394, 5.13137, 5.17002, 5.20995, 5.25126, 5.294, 5.33827, 5.38415, 5.43175, 5.48117, 5.53253, 5.58596, 5.64161, 5.69962, 5.76018, 5.82347, 5.8897, 5.95913, 6.03201, 6.10864, 6.18938, 6.27462, 6.3648, 6.46045, 6.56219, 6.67074, 6.78696, 6.91191, 7.04688, 7.19343, 7.35351, 7.52948, 7.72419, 7.94092, 8.18327, 8.45487, 8.75876, 9.09655, 9.46719, 9.86558, 10.281, 10.6961, 11.0859, 11.4189, 11.6586, 11.7671, 11.7097, 11.4599, 11.0046, 10.3472, 9.50863, 8.52641, 7.45009, 6.33555, 5.23831, 4.20729, 3.28017, 2.48083, 1.81914, 1.29273, 0.889905, 0.593235, 0.382849, 0.23913, 0.144527, 0.0845059, 0.0477935, 0.0261411, 0.0138256, 0.00706924, 0.00349367, 0.00166811, 0.000768727, 0.000341093, 0.000144762, 5.73616e-05, 1.91548e-05, 5.13381e-06, 1.96026e-06, 7.23817e-07, 2.58078e-07, 8.88548e-08, 2.95405e-08, 9.48339e-09, 2.93979e-09, 8.79988e-10, 2.54358e-10, 7.09938e-11, 1.91339e-11, 4.9796e-12, 1.25139e-12, 3.03667e-13, 7.1156e-14, 1.61002e-14, 3.51772e-15, 7.42158e-16, 1.51196e-16, 2.97434e-17, 5.65001e-18, 1.03637e-18, 1.83564e-19, 3.13956e-20, 5.18509e-21, 8.26898e-22, 1.27337e-22, 1.8935e-23, 2.71883e-24, 3.7697e-25, 5.04707e-26, 6.52497e-27, 8.14564e-28, 9.81928e-29, 1.14299e-29, 1.28472e-30, 1.39439e-31, 1.4614e-32, 1.47897e-33, 1.4453e-34, 1.36383e-35, 1.24272e-36, 1.09343e-37, 9.29007e-39, 7.62171e-40, 6.038e-41, 4.61892e-42, 3.4119e-43, 2.43365e-44, 1.6762e-45, 1.11482e-46, 7.15956e-48, 4.43993e-49, 2.65873e-50, 1.53737e-51, 8.584e-53, 4.62815e-54, 2.40953e-55, 1.21134e-56, 5.88037e-58, 2.75646e-59, 1.24768e-60, 5.45336e-62, 2.30161e-63, 9.38005e-65, 3.69136e-66, 1.40273e-67, 5.14716e-69, 1.82377e-70, 6.2399e-72, 2.06154e-73, 6.57679e-75, 2.02602e-76, 6.02668e-78, 1.73109e-79, 4.80141e-81, 1.28595e-82, 3.32573e-84, 8.30531e-86, 2.00277e-87, 4.66352e-89, 1.04858e-90, 2.27666e-92, 4.7731e-94, 9.66295e-96, 1.88897e-97, 3.56572e-99, 6.49945e-101, 1.14396e-102, 1.94426e-104, 3.19082e-106, 5.05658e-108, 7.73782e-110, 1.14337e-111, 1.6314e-113, 2.24772e-115, 2.9904e-117, 3.8417e-119, 4.76567e-121, 5.70862e-123, 6.60304e-125, 7.37503e-127, 7.95408e-129, 8.28366e-131, 8.33031e-133, 8.08921e-135, 7.58504e-137, 6.86776e-139, 6.00454e-141, 5.06932e-143, 4.13263e-145, 3.25319e-147, 2.47286e-149
208.17
176.32
 
MEASUREMENT 31
1.56305, 4.67879, 7.79453, 10.9103, 14.0312, 17.1469, 20.2679, 23.3784, 26.4796, 29.5859, 32.6913, 35.8071, 38.9228, 42.0385, 45.1595, 48.2752, 51.3909, 54.5067, 57.6224, 60.7381, 63.8435, 66.9593, 70.0698, 73.1752, 76.2806, 79.3859, 82.4913, 85.5967, 88.7021, 91.8074, 94.9128, 98.0182, 101.1, 104.148, 107.196, 110.244, 113.292, 116.339, 119.387, 122.435, 125.483, 128.531, 131.574, 134.622, 137.67, 140.718, 143.766, 146.814, 149.861, 152.909, 155.957, 159.005, 162.053, 165.101, 168.149, 171.197, 174.245, 177.293, 180.341, 183.389, 186.436, 189.484, 192.532, 195.58, 198.621, 201.655, 204.688, 207.722, 210.756, 213.794, 216.838, 219.882, 222.926, 225.97, 229.014, 232.058, 235.102, 238.145, 241.189, 244.233, 247.277, 250.321, 253.37, 256.424, 259.478, 262.532, 265.586, 268.64, 271.695, 274.749, 277.803, 280.857, 283.911, 286.97, 290.035, 293.099
2.83816, 2.84111, 2.82498, 2.97905, 2.8204, 2.85827, 3.05799, 3.07374, 3.03512, 3.06917, 3.10083, 3.16686, 3.16582, 3.20612, 3.20022, 3.23323, 3.32761, 3.36633, 3.42621, 3.46222, 3.10958, 3.42695, 3.43632, 3.43052, 3.49625, 3.51027, 3.52967, 3.52367, 3.57583, 3.31632, 3.63029, 3.17309, 3.65228, 3.651, 3.68155, 3.70292, 3.72294, 3.75213, 3.78814, 3.80397, 3.82144, 3.85882, 3.91715, 3.91946, 3.97231, 4.02853, 4.08981, 4.12577, 4.1647, 4.20804, 4.29292, 4.36546, 4.45215, 4.51371, 4.60752, 4.82628, 4.89449, 4.96718, 5.15812, 5.40387, 5.59007, 5.95875, 6.31026, 7.04253, 8.92623, 10.1666, 11.449, 10.4731, 5.38573, 1.23858, 0.10554, 0.00453021, 0.00734522, 0.000653948, -0.000486235, 0.000609341, 0.00323752, 0.00180254, -0.0050006, 0.000468633, -0.0135071, -0.0271856, -0.00274013, -0.00233074, -0.0131414, -0.0224505, -0.00302288, -0.0157339, -0.0027365, -0.00145487, -0.00160296, -0.000836925, -0.00773395, -0.00322563, -0.00916015, -0.0338205
0.0851448, 0.0852333, 0.0847494, 0.0893714, 0.0846121, 0.085748, 0.0917396, 0.0922121, 0.0910536, 0.0920752, 0.0930248, 0.0950057, 0.0949745, 0.0961836, 0.0960065, 0.0969968, 0.0998282, 0.10099, 0.102786, 0.103867, 0.0932873, 0.102808, 0.10309, 0.102916, 0.104887, 0.105308, 0.10589, 0.10571, 0.107275, 0.0994897, 0.108909, 0.0951927, 0.109568, 0.10953, 0.110446, 0.111088, 0.111688, 0.112564, 0.113644, 0.114119, 0.114643, 0.115764, 0.117514, 0.117584, 0.119169, 0.120856, 0.122694, 0.123773, 0.124941, 0.126241, 0.128788, 0.130964, 0.133565, 0.135411, 0.138225, 0.144788, 0.146835, 0.149015, 0.154744, 0.162116, 0.167702, 0.178763, 0.189308, 0.211276, 0.267787, 0.304998, 0.34347, 0.314194, 0.161572, 0.0371575, 0.00316621, 0.000135906, 0.000220357, 1.96185e-05, 1.4587e-05, 1.82802e-05, 9.71256e-05, 5.40763e-05, 0.000150018, 1.4059e-05, 0.000405214, 0.000815569, 8.22038e-05, 6.99222e-05, 0.000394241, 0.000673516, 9.06864e-05, 0.000472016, 8.20951e-05, 4.3646e-05, 4.80887e-05, 2.51078e-05, 0.000232018, 9.67689e-05, 0.000274805, 0.00101461
0, 0.613815, 1.22763, 1.84144, 2.45526, 3.06907, 3.68289, 4.2967, 4.91052, 5.52433, 6.13815, 6.75196, 7.36578, 7.97959, 8.59341, 9.20722, 9.82104, 10.4349, 11.0487, 11.6625, 12.2763, 12.8901, 13.5039, 14.1177, 14.7316, 15.3454, 15.9592, 16.573, 17.1868, 17.8006, 18.4144, 19.0283, 19.6421, 20.2559, 20.8697, 21.4835, 22.0973, 22.7111, 23.325, 23.9388, 24.5526, 25.1664, 25.7802, 26.394, 27.0078, 27.6217, 28.2355, 28.8493, 29.4631, 30.0769, 30.6907, 31.3046, 31.9184, 32.5322, 33.146, 33.7598, 34.3736, 34.9874, 35.6013, 36.2151, 36.8289, 37.4427, 38.0565, 38.6703, 39.2841, 39.898, 40.5118, 41.1256, 41.7394, 42.3532, 42.967, 43.5808, 44.1947, 44.8085, 45.4223, 46.0361, 46.6499, 47.2637, 47.8775, 48.4914, 49.1052, 49.719, 50.3328, 50.9466, 51.5604, 52.1743, 52.7881, 53.4019, 54.0157, 54.6295, 55.2433, 55.8571, 56.471, 57.0848, 57.6986, 58.3124, 58.9262, 59.54, 60.1538, 60.7677, 61.3815, 61.9953, 62.6091, 63.2229, 63.8367, 64.4505, 65.0644, 65.6782, 66.292, 66.9058, 67.5196, 68.1334, 68.7473, 69.3611, 69.9749, 70.5887, 71.2025, 71.8163, 72.4301, 73.044, 73.6578, 74.2716, 74.8854, 75.4992, 76.113, 76.7268, 77.3407, 77.9545, 78.5683, 79.1821, 79.7959, 80.4097, 81.0235, 81.6374, 82.2512, 82.865, 83.4788, 84.0926, 84.7064, 85.3202, 85.9341, 86.5479, 87.1617, 87.7755, 88.3893, 89.0031, 89.617, 90.2308, 90.8446, 91.4584, 92.0722, 92.686, 93.2998, 93.9137, 94.5275, 95.1413, 95.7551, 96.3689, 96.9827, 97.5965, 98.2104, 98.8242, 99.438, 100.052, 100.666, 101.279, 101.893, 102.507, 103.121, 103.735, 104.349, 104.962, 105.576, 106.19, 106.804, 107.418, 108.031, 108.645, 109.259, 109.873, 110.487, 111.1, 111.714, 112.328, 112.942, 113.556, 114.17, 114.783, 115.397, 116.011, 116.625, 117.239, 117.852, 118.466, 119.08, 119.694, 120.308, 120.922, 121.535, 122.149, 122.763, 123.377, 123.991, 124.604, 125.218, 125.832, 126.446, 127.06, 127.673, 128.287, 128.901, 129.515, 130.129, 130.743, 131.356, 131.97, 132.584, 133.198, 133.812, 134.425, 135.039, 135.653, 136.267, 136.881, 137.495, 138.108, 138.722, 139.336, 139.95, 140.564, 141.177, 141.791, 142.405, 143.019, 143.633, 144.246, 144.86, 145.474, 146.088, 146.702, 147.316, 147.929, 148.543, 149.157, 149.771, 150.385, 150.998, 151.612, 152.226, 152.84, 153.454, 154.068, 154.681, 155.295, 155.909, 156.523, 157.137, 157.75, 158.364, 158.978, 159.592, 160.206, 160.819, 161.433, 162.047, 162.661, 163.275, 163.889, 164.502, 165.116, 165.73, 166.344, 166.958, 167.571, 168.185, 168.799, 169.413, 170.027, 170.64, 171.254, 171.868, 172.482, 173.096, 173.71, 174.323, 174.937, 175.551, 176.165, 176.779, 177.392, 178.006, 178.62, 179.234, 179.848, 180.462, 181.075, 181.689, 182.303, 182.917, 183.531, 184.144, 184.758, 185.372, 185.986, 186.6, 187.213, 187.827, 188.441, 189.055, 189.669, 190.283, 190.896, 191.51, 192.124, 192.738, 193.352, 193.965, 194.579, 195.193, 195.807, 196.421, 197.035, 197.648, 198.262, 198.876, 199.49, 200.104, 200.717, 201.331, 201.945, 202.559, 203.173, 203.786, 204.4, 205.014, 205.628, 206.242, 206.856, 207.469, 208.083, 208.697, 209.311, 209.925, 210.538, 211.152, 211.766, 212.38, 212.994, 213.608, 214.221, 214.835, 215.449, 216.063, 216.677, 217.29, 217.904, 218.518, 219.132, 219.746, 220.359, 220.973, 221.587, 222.201, 222.815, 223.429, 224.042, 224.656, 225.27, 225.884, 226.498, 227.111, 227.725, 228.339, 228.953, 229.567, 230.181, 230.794, 231.408, 232.022, 232.636, 233.25, 233.863, 234.477, 235.091, 235.705, 236.319, 236.932, 237.546, 238.16, 238.774, 239.388, 240.002, 240.615, 241.229, 241.843, 242.457, 243.071, 243.684, 244.298, 244.912, 245.526, 246.14, 246.754, 247.367, 247.981, 248.595, 249.209, 249.823, 250.436, 251.05, 251.664, 252.278, 252.892, 253.505, 254.119, 254.733, 255.347, 255.961, 256.575, 257.188, 257.802, 258.416, 259.03, 259.644, 260.257, 260.871, 261.485, 262.099, 262.713, 263.327, 263.94, 264.554, 265.168, 265.782, 266.396, 267.009, 267.623, 268.237, 268.851, 269.465, 270.078, 270.692, 271.306, 271.92, 272.534, 273.148, 273.761, 274.375, 274.989, 275.603, 276.217, 276.83, 277.444, 278.058, 278.672, 279.286, 279.9, 280.513, 281.127, 281.741, 282.355, 282.969, 283.582, 284.196, 284.81, 285.424, 286.038, 286.651, 287.265, 287.879, 288.493, 289.107, 289.721, 290.334, 290.948, 291.562, 292.176, 292.79, 293.403, 294.017
3.16519, 3.16599, 3.1668, 3.16762, 3.16845, 3.16929, 3.17014, 3.17099, 3.17186, 3.17273, 3.17362, 3.17451, 3.17541, 3.17633, 3.17725, 3.17818, 3.17912, 3.18007, 3.18104, 3.18201, 3.18299, 3.18398, 3.18498, 3.18599, 3.18702, 3.18805, 3.18909, 3.19015, 3.19121, 3.19229, 3.19338, 3.19448, 3.19559, 3.19671, 3.19784, 3.19898, 3.20014, 3.20131, 3.20248, 3.20367, 3.20488, 3.20609, 3.20732, 3.20856, 3.20981, 3.21107, 3.21235, 3.21364, 3.21494, 3.21626, 3.21759, 3.21893, 3.22029, 3.22165, 3.22304, 3.22443, 3.22584, 3.22727, 3.22871, 3.23016, 3.23162, 3.23311, 3.2346, 3.23611, 3.23764, 3.23918, 3.24074, 3.24231, 3.24389, 3.2455, 3.24711, 3.24875, 3.2504, 3.25207, 3.25375, 3.25545, 3.25717, 3.2589, 3.26065, 3.26242, 3.2642, 3.26601, 3.26783, 3.26966, 3.27152, 3.2734, 3.27529, 3.2772, 3.27913, 3.28109, 3.28306, 3.28504, 3.28705, 3.28908, 3.29113, 3.2932, 3.29529, 3.2974, 3.29954, 3.30169, 3.30386, 3.30606, 3.30828, 3.31052, 3.31278, 3.31507, 3.31738, 3.31971, 3.32206, 3.32444, 3.32685, 3.32927, 3.33172, 3.3342, 3.3367, 3.33923, 3.34178, 3.34436, 3.34697, 3.3496, 3.35225, 3.35494, 3.35765, 3.36039, 3.36316, 3.36596, 3.36879, 3.37164, 3.37453, 3.37744, 3.38039, 3.38336, 3.38637, 3.38941, 3.39248, 3.39558, 3.39872, 3.40188, 3.40509, 3.40832, 3.41159, 3.41489, 3.41823, 3.42161, 3.42502, 3.42847, 3.43195, 3.43548, 3.43904, 3.44264, 3.44627, 3.44995, 3.45367, 3.45743, 3.46123, 3.46507, 3.46895, 3.47288, 3.47685, 3.48087, 3.48493, 3.48903, 3.49318, 3.49738, 3.50163, 3.50592, 3.51026, 3.51465, 3.5191, 3.52359, 3.52814, 3.53273, 3.53738, 3.54209, 3.54685, 3.55167, 3.55654, 3.56147, 3.56646, 3.57151, 3.57662, 3.58179, 3.58702, 3.59232, 3.59768, 3.6031, 3.6086, 3.61416, 3.61978, 3.62548, 3.63125, 3.63709, 3.64301, 3.649, 3.65506, 3.66121, 3.66743, 3.67373, 3.68011, 3.68658, 3.69313, 3.69977, 3.70649, 3.7133, 3.72021, 3.72721, 3.7343, 3.74148, 3.74877, 3.75615, 3.76364, 3.77123, 3.77892, 3.78672, 3.79464, 3.80266, 3.8108, 3.81906, 3.82743, 3.83593, 3.84455, 3.8533, 3.86217, 3.87118, 3.88033, 3.88961, 3.89903, 3.9086, 3.91831, 3.92817, 3.93819, 3.94837, 3.95871, 3.96921, 3.97988, 3.99072, 4.00175, 4.01295, 4.02434, 4.03591, 4.04769, 4.05966, 4.07184, 4.08423, 4.09684, 4.10966, 4.12272, 4.136, 4.14953, 4.16331, 4.17733, 4.19162, 4.20618, 4.22101, 4.23612, 4.25153, 4.26723, 4.28325, 4.29958, 4.31624, 4.33324, 4.3506, 4.36831, 4.38639, 4.40486, 4.42372, 4.443, 4.4627, 4.48284, 4.50343, 4.5245, 4.54605, 4.56811, 4.59069, 4.61382, 4.63751, 4.66179, 4.68668, 4.71221, 4.73839, 4.76527, 4.79286, 4.8212, 4.85033, 4.88027, 4.91106, 4.94275, 4.97537, 5.00897, 5.04361, 5.07932, 5.11617, 5.15421, 5.19351, 5.23415, 5.27618, 5.3197, 5.3648, 5.41156, 5.46009, 5.5105, 5.56292, 5.61748, 5.67434, 5.73364, 5.79559, 5.86037, 5.92822, 5.99938, 6.07414, 6.15282, 6.23577, 6.32342, 6.41623, 6.51476, 6.61965, 6.73167, 6.85172, 6.98089, 7.12054, 7.27232, 7.43832, 7.62112, 7.82389, 8.05042, 8.30498, 8.59198, 8.91518, 9.27644, 9.67393, 10.0999, 10.5386, 10.9642, 11.3407, 11.6237, 11.7641, 11.7154, 11.4408, 10.9215, 10.1616, 9.18628, 8.07003, 6.86793, 5.65283, 4.494, 3.44709, 2.54876, 1.81519, 1.24438, 0.820696, 0.520478, 0.317279, 0.185844, 0.104567, 0.0565026, 0.0293133, 0.0145978, 0.00697647, 0.00319858, 0.00140596, 0.000591572, 0.000237199, 8.92912e-05, 2.96648e-05, 6.41585e-06, 2.24091e-06, 7.50061e-07, 2.40553e-07, 7.3921e-08, 2.17654e-08, 6.14059e-09, 1.65995e-09, 4.29955e-10, 1.06707e-10, 2.5375e-11, 5.78179e-12, 1.26229e-12, 2.64059e-13, 5.29279e-14, 1.01651e-14, 1.87059e-15, 3.2983e-16, 5.57241e-17, 9.02067e-18, 1.39919e-18, 2.0795e-19, 2.96129e-20, 4.04061e-21, 5.28268e-22, 6.61767e-23, 7.94324e-24, 9.1355e-25, 1.00672e-25, 1.06299e-26, 1.07545e-27, 1.04254e-28, 9.68368e-30, 8.61844e-31, 7.34952e-32, 6.00526e-33, 4.70161e-34, 3.52698e-35, 2.53514e-36, 1.74599e-37, 1.15219e-38, 7.28536e-40, 4.41385e-41, 2.56228e-42, 1.42521e-43, 7.59575e-45, 3.87887e-46, 1.89794e-47, 8.89817e-49, 3.99725e-50, 1.72053e-51, 7.09589e-53, 2.80409e-54, 1.06175e-55, 3.85203e-57, 1.33906e-58, 4.46019e-60, 1.42347e-61, 4.35295e-63, 1.27544e-64, 3.5808e-66, 9.63255e-68, 2.48281e-69, 6.13179e-71, 1.45102e-72, 3.29003e-74, 7.14773e-76, 1.48792e-77, 2.96776e-79, 5.67182e-81, 1.03862e-82, 1.82235e-84, 3.06372e-86, 4.93522e-88, 7.61739e-90, 1.12654e-91, 1.59635e-93, 2.16746e-95, 2.81979e-97, 3.51497e-99, 4.19825e-101, 4.80459e-103, 5.26848e-105, 5.53549e-107, 5.57272e-109, 5.3755e-111, 4.96835e-113, 4.39994e-115, 3.73355e-117, 3.03556e-119, 2.36481e-121, 1.7652e-123, 1.2625e-125, 8.65192e-128, 5.68111e-130, 3.57433e-132, 2.15475e-134, 1.24463e-136, 6.8885e-139, 3.653e-141, 1.85616e-143, 9.03693e-146, 4.21568e-148, 1.88432e-150, 8.07018e-153, 3.31171e-155, 1.30215e-157, 4.90581e-160, 1.77093e-162, 6.12537e-165, 2.03004e-167, 6.44638e-170, 1.96141e-172, 5.71822e-175, 1.59733e-177, 4.27531e-180
3.16519, 3.16601, 3.16683, 3.16767, 3.16851, 3.16936, 3.17023, 3.1711, 3.17198, 3.17287, 3.17377, 3.17467, 3.17559, 3.17652, 3.17746, 3.1784, 3.17936, 3.18033, 3.1813, 3.18229, 3.18329, 3.1843, 3.18531, 3.18634, 3.18738, 3.18843, 3.18949, 3.19056, 3.19164, 3.19274, 3.19384, 3.19496, 3.19608, 3.19722, 3.19837, 3.19953, 3.2007, 3.20189, 3.20308, 3.20429, 3.20551, 3.20674, 3.20799, 3.20925, 3.21052, 3.2118, 3.21309, 3.2144, 3.21572, 3.21706, 3.2184, 3.21976, 3.22114, 3.22253, 3.22393, 3.22534, 3.22677, 3.22822, 3.22967, 3.23115, 3.23263, 3.23413, 3.23565, 3.23718, 3.23873, 3.24029, 3.24186, 3.24346, 3.24506, 3.24669, 3.24833, 3.24998, 3.25165, 3.25334, 3.25505, 3.25677, 3.25851, 3.26026, 3.26203, 3.26382, 3.26563, 3.26746, 3.2693, 3.27116, 3.27304, 3.27494, 3.27686, 3.27879, 3.28075, 3.28272, 3.28472, 3.28673, 3.28876, 3.29082, 3.29289, 3.29499, 3.2971, 3.29924, 3.3014, 3.30358, 3.30578, 3.308, 3.31024, 3.31251, 3.3148, 3.31711, 3.31945, 3.32181, 3.32419, 3.3266, 3.32903, 3.33148, 3.33396, 3.33647, 3.339, 3.34156, 3.34414, 3.34675, 3.34938, 3.35204, 3.35473, 3.35745, 3.36019, 3.36296, 3.36577, 3.36859, 3.37145, 3.37434, 3.37726, 3.38021, 3.38319, 3.38619, 3.38924, 3.39231, 3.39541, 3.39855, 3.40172, 3.40492, 3.40816, 3.41143, 3.41474, 3.41808, 3.42146, 3.42487, 3.42832, 3.4318, 3.43533, 3.43889, 3.44249, 3.44613, 3.44981, 3.45353, 3.45729, 3.46109, 3.46493, 3.46881, 3.47274, 3.47671, 3.48072, 3.48478, 3.48889, 3.49304, 3.49724, 3.50148, 3.50577, 3.51011, 3.5145, 3.51895, 3.52344, 3.52798, 3.53258, 3.53722, 3.54193, 3.54668, 3.5515, 3.55637, 3.56129, 3.56628, 3.57132, 3.57643, 3.58159, 3.58682, 3.59211, 3.59747, 3.60289, 3.60837, 3.61393, 3.61955, 3.62524, 3.631, 3.63684, 3.64274, 3.64872, 3.65478, 3.66091, 3.66713, 3.67342, 3.67979, 3.68625, 3.69279, 3.69941, 3.70612, 3.71292, 3.71981, 3.7268, 3.73387, 3.74104, 3.74831, 3.75568, 3.76315, 3.77072, 3.7784, 3.78618, 3.79408, 3.80208, 3.8102, 3.81843, 3.82678, 3.83526, 3.84385, 3.85257, 3.86142, 3.87041, 3.87952, 3.88877, 3.89817, 3.9077, 3.91738, 3.92721, 3.9372, 3.94733, 3.95763, 3.9681, 3.97873, 3.98953, 4.00051, 4.01166, 4.023, 4.03453, 4.04626, 4.05818, 4.0703, 4.08263, 4.09518, 4.10794, 4.12093, 4.13415, 4.14761, 4.16131, 4.17526, 4.18947, 4.20395, 4.21869, 4.23372, 4.24903, 4.26464, 4.28056, 4.29679, 4.31334, 4.33023, 4.34747, 4.36505, 4.38301, 4.40134, 4.42007, 4.4392, 4.45875, 4.47873, 4.49915, 4.52004, 4.54141, 4.56328, 4.58566, 4.60858, 4.63205, 4.65609, 4.68074, 4.70601, 4.73193, 4.75852, 4.78581, 4.81383, 4.84262, 4.87221, 4.90263, 4.93392, 4.96613, 4.99929, 5.03345, 5.06867, 5.10498, 5.14246, 5.18117, 5.22116, 5.26251, 5.3053, 5.34961, 5.39553, 5.44315, 5.4926, 5.54397, 5.5974, 5.65302, 5.711, 5.7715, 5.83471, 5.90084, 5.97011, 6.0428, 6.11919, 6.19961, 6.28444, 6.3741, 6.4691, 6.57, 6.67748, 6.79233, 6.9155, 7.04813, 7.19165, 7.34781, 7.51883, 7.70749, 7.91725, 8.1523, 8.41748, 8.71795, 9.05844, 9.44193, 9.86779, 10.3293, 10.8113, 11.2878, 11.7215, 12.0651, 12.2659, 12.2719, 12.0412, 11.5501, 10.7999, 9.81933, 8.66243, 7.40114, 6.11486, 4.8791, 3.75565, 2.78628, 1.9908, 1.36903, 0.905609, 0.575987, 0.352093, 0.206789, 0.116653, 0.063191, 0.0328627, 0.0164039, 0.00785754, 0.00361065, 0.0015907, 0.000670944, 0.000269889, 0.000102119, 3.43587e-05, 7.84022e-06, 2.73397e-06, 9.15489e-07, 2.93735e-07, 9.03027e-08, 2.66004e-08, 7.50791e-09, 2.03045e-09, 5.26149e-10, 1.30637e-10, 3.10791e-11, 7.08454e-12, 1.54738e-12, 3.23838e-13, 6.4938e-14, 1.24771e-14, 2.29704e-15, 4.05199e-16, 6.84872e-17, 1.10916e-17, 1.72115e-18, 2.55911e-19, 3.64585e-20, 4.97682e-21, 6.5095e-22, 8.15804e-23, 9.79639e-24, 1.12717e-24, 1.24266e-25, 1.31268e-26, 1.32864e-27, 1.28854e-28, 1.19738e-29, 1.06612e-30, 9.09548e-32, 7.43507e-33, 5.82353e-34, 4.37049e-35, 3.14279e-36, 2.16542e-37, 1.42959e-38, 9.04322e-40, 5.4812e-41, 3.18325e-42, 1.77136e-43, 9.44466e-45, 4.8251e-46, 2.36194e-47, 1.10783e-48, 4.97873e-50, 2.1439e-51, 8.84575e-53, 3.49708e-54, 1.3247e-55, 4.80807e-57, 1.67212e-58, 5.5719e-60, 1.77902e-61, 5.44254e-63, 1.59538e-64, 4.4809e-66, 1.2059e-67, 3.10954e-69, 7.68285e-71, 1.81883e-72, 4.12573e-74, 8.96709e-76, 1.86743e-77, 3.7263e-79, 7.12446e-81, 1.30517e-82, 2.291e-84, 3.85322e-86, 6.20959e-88, 9.58834e-90, 1.41862e-91, 2.01107e-93, 2.73169e-95, 3.5553e-97, 4.43365e-99, 5.29771e-101, 6.06535e-103, 6.65372e-105, 6.99381e-107, 7.04375e-109, 6.79728e-111, 6.28502e-113, 5.56826e-115, 4.72686e-117, 3.84474e-119, 2.99641e-121, 2.23757e-123, 1.60101e-125, 1.09762e-127, 7.21022e-130, 4.53823e-132, 2.73694e-134, 1.58156e-136, 8.75678e-139, 4.64563e-141, 2.36149e-143, 1.15018e-145, 5.3677e-148, 2.40022e-150, 1.02838e-152, 4.22178e-155, 1.66065e-157, 6.25896e-160, 2.2603e-162, 7.82115e-165, 2.59307e-167, 8.23757e-170, 2.5074e-172, 7.31289e-175, 2.04359e-177, 5.47192e-180
208.71
176.59
 
MEASUREMENT 32
1.56305, 4.67879, 7.79453, 10.9103, 14.0312, 17.1469, 20.2679, 23.3784, 26.4796, 29.5859, 32.6913, 35.8071, 38.9228, 42.0385, 45.1595, 48.2752, 51.3909, 54.5067, 57.6224, 60.7381, 63.8435, 66.9593, 70.0698, 73.1752, 76.2806, 79.3859, 82.4913, 85.5967, 88.7021, 91.8074, 94.9128, 98.0182, 101.1, 104.148, 107.196, 110.244, 113.292, 116.339, 119.387, 122.435, 125.483, 128.531, 131.574, 134.622, 137.67, 140.718, 143.766, 146.814, 149.861, 152.909, 155.957, 159.005, 162.053, 165.101, 168.149, 171.197, 174.245, 177.293, 180.341, 183.389, 186.436, 189.484, 192.532, 195.58, 198.621, 201.655, 204.688, 207.722, 210.756, 213.794, 216.838, 219.882, 222.926, 225.97, 229.014, 232.058, 235.102, 238.145, 241.189, 244.233, 247.277, 250.321, 253.37, 256.424, 259.478, 262.532, 265.586, 268.64, 271.695, 274.749, 277.803, 280.857, 283.911, 286.97, 290.035, 293.099
2.84289, 2.83946, 2.82853, 2.98052, 2.82439, 2.85896, 3.07353, 3.07205, 3.03424, 3.06819, 3.09969, 3.16699, 3.16432, 3.20526, 3.19886, 3.22638, 3.32857, 3.36791, 3.41994, 3.45551, 3.11583, 3.42279, 3.43446, 3.42881, 3.5023, 3.51067, 3.53149, 3.52402, 3.57371, 3.31581, 3.63106, 3.17837, 3.64737, 3.64998, 3.68368, 3.70021, 3.72041, 3.74868, 3.78537, 3.80302, 3.82026, 3.85854, 3.91344, 3.91618, 3.96621, 4.02335, 4.08479, 4.12539, 4.16519, 4.20439, 4.29313, 4.36582, 4.45262, 4.50706, 4.60163, 4.82052, 4.89512, 4.96336, 5.15792, 5.40239, 5.59067, 5.95525, 6.30701, 7.00308, 8.91708, 10.1657, 11.4444, 10.4622, 5.38181, 1.23521, 0.10843, 0.00686043, 0.000708475, 0.000182218, 0.00146735, 0.00170275, 0.00313588, 0.00500718, -0.00622843, -0.0024064, -0.00795472, -0.0279534, -0.00677796, -0.00365116, -0.0125859, -0.0207542, -0.0046437, -0.0140456, -0.00264418, 0.000676767, -0.00302848, -0.000552337, -0.00719309, -0.00472184, -0.00824084, -0.028164
0.0852867, 0.0851837, 0.0848559, 0.0894155, 0.0847318, 0.0857687, 0.092206, 0.0921616, 0.0910273, 0.0920456, 0.0929908, 0.0950098, 0.0949296, 0.0961578, 0.0959658, 0.0967913, 0.0998572, 0.101037, 0.102598, 0.103665, 0.0934749, 0.102684, 0.103034, 0.102864, 0.105069, 0.10532, 0.105945, 0.105721, 0.107211, 0.0994742, 0.108932, 0.095351, 0.109421, 0.109499, 0.11051, 0.111006, 0.111612, 0.11246, 0.113561, 0.114091, 0.114608, 0.115756, 0.117403, 0.117485, 0.118986, 0.1207, 0.122544, 0.123762, 0.124956, 0.126132, 0.128794, 0.130975, 0.133579, 0.135212, 0.138049, 0.144616, 0.146854, 0.148901, 0.154738, 0.162072, 0.16772, 0.178657, 0.18921, 0.210093, 0.267512, 0.304971, 0.343331, 0.313866, 0.161454, 0.0370564, 0.00325289, 0.000205813, 2.12542e-05, 5.46654e-06, 4.40204e-05, 5.10826e-05, 9.40765e-05, 0.000150216, 0.000186853, 7.21921e-05, 0.000238642, 0.000838601, 0.000203339, 0.000109535, 0.000377578, 0.000622625, 0.000139311, 0.000421368, 7.93255e-05, 2.0303e-05, 9.08544e-05, 1.65701e-05, 0.000215793, 0.000141655, 0.000247225, 0.00084492
0, 0.613815, 1.22763, 1.84144, 2.45526, 3.06907, 3.68289, 4.2967, 4.91052, 5.52433, 6.13815, 6.75196, 7.36578, 7.97959, 8.59341, 9.20722, 9.82104, 10.4349, 11.0487, 11.6625, 12.2763, 12.8901, 13.5039, 14.1177, 14.7316, 15.3454, 15.9592, 16.573, 17.1868, 17.8006, 18.4144, 19.0283, 19.6421, 20.2559, 20.8697, 21.4835, 22.0973, 22.7111, 23.325, 23.9388, 24.5526, 25.1664, 25.7802, 26.394, 27.0078, 27.6217, 28.2355, 28.8493, 29.4631, 30.0769, 30.6907, 31.3046, 31.9184, 32.5322, 33.146, 33.7598, 34.3736, 34.9874, 35.6013, 36.2151, 36.8289, 37.4427, 38.0565, 38.6703, 39.2841, 39.898, 40.5118, 41.1256, 41.7394, 42.3532, 42.967, 43.5808, 44.1947, 44.8085, 45.4223, 46.0361, 46.6499, 47.2637, 47.8775, 48.4914, 49.1052, 49.719, 50.3328, 50.9466, 51.5604, 52.1743, 52.7881, 53.4019, 54.0157, 54.6295, 55.2433, 55.8571, 56.471, 57.0848, 57.6986, 58.3124, 58.9262, 59.54, 60.1538, 60.7677, 61.3815, 61.9953, 62.6091, 63.2229, 63.8367, 64.4505, 65.0644, 65.6782, 66.292, 66.9058, 67.5196, 68.1334, 68.7473, 69.3611, 69.9749, 70.5887, 71.2025, 71.8163, 72.4301, 73.044, 73.6578, 74.2716, 74.8854, 75.4992, 76.113, 76.7268, 77.3407, 77.9545, 78.5683, 79.1821, 79.7959, 80.4097, 81.0235, 81.6374, 82.2512, 82.865, 83.4788, 84.0926, 84.7064, 85.3202, 85.9341, 86.5479, 87.1617, 87.7755, 88.3893, 89.0031, 89.617, 90.2308, 90.8446, 91.4584, 92.0722, 92.686, 93.2998, 93.9137, 94.5275, 95.1413, 95.7551, 96.3689, 96.9827, 97.5965, 98.2104, 98.8242, 99.438, 100.052, 100.666, 101.279, 101.893, 102.507, 103.121, 103.735, 104.349, 104.962, 105.576, 106.19, 106.804, 107.418, 108.031, 108.645, 109.259, 109.873, 110.487, 111.1, 111.714, 112.328, 112.942, 113.556, 114.17, 114.783, 115.397, 116.011, 116.625, 117.239, 117.852, 118.466, 119.08, 119.694, 120.308, 120.922, 121.535, 122.149, 122.763, 123.377, 123.991, 124.604, 125.218, 125.832, 126.446, 127.06, 127.673, 128.287, 128.901, 129.515, 130.129, 130.743, 131.356, 131.97, 132.584, 133.198, 133.812, 134.425, 135.039, 135.653, 136.267, 136.881, 137.495, 138.108, 138.722, 139.336, 139.95, 140.564, 141.177, 141.791, 142.405, 143.019, 143.633, 144.246, 144.86, 145.474, 146.088, 146.702, 147.316, 147.929, 148.543, 149.157, 149.771, 150.385, 150.998, 151.612, 152.226, 152.84, 153.454, 154.068, 154.681, 155.295, 155.909, 156.523, 157.137, 157.75, 158.364, 158.978, 159.592, 160.206, 160.819, 161.433, 162.047, 162.661, 163.275, 163.889, 164.502, 165.116, 165.73, 166.344, 166.958, 167.571, 168.185, 168.799, 169.413, 170.027, 170.64, 171.254, 171.868, 172.482, 173.096, 173.71, 174.323, 174.937, 175.551, 176.165, 176.779, 177.392, 178.006, 178.62, 179.234, 179.848, 180.462, 181.075, 181.689, 182.303, 182.917, 183.531, 184.144, 184.758, 185.372, 185.986, 186.6, 187.213, 187.827, 188.441, 189.055, 189.669, 190.283, 190.896, 191.51, 192.124, 192.738, 193.352, 193.965, 194.579, 195.193, 195.807, 196.421, 197.035, 197.648, 198.262, 198.876, 199.49, 200.104, 200.717, 201.331, 201.945, 202.559, 203.173, 203.786, 204.4, 205.014, 205.628, 206.242, 206.856, 207.469, 208.083, 208.697, 209.311, 209.925, 210.538, 211.152, 211.766, 212.38, 212.994, 213.608, 214.221, 214.835, 215.449, 216.063, 216.677, 217.29, 217.904, 218.518, 219.132, 219.746, 220.359, 220.973, 221.587, 222.201, 222.815, 223.429, 224.042, 224.656, 225.27, 225.884, 226.498, 227.111, 227.725, 228.339, 228.953, 229.567, 230.181, 230.794, 231.408, 232.022, 232.636, 233.25, 233.863, 234.477, 235.091, 235.705, 236.319, 236.932, 237.546, 238.16, 238.774, 239.388, 240.002, 240.615, 241.229, 241.843, 242.457, 243.071, 243.684, 244.298, 244.912, 245.526, 246.14, 246.754, 247.367, 247.981, 248.595, 249.209, 249.823, 250.436, 251.05, 251.664, 252.278, 252.892, 253.505, 254.119, 254.733, 255.347, 255.961, 256.575, 257.188, 257.802, 258.416, 259.03, 259.644, 260.257, 260.871, 261.485, 262.099, 262.713, 263.327, 263.94, 264.554, 265.168, 265.782, 266.396, 267.009, 267.623, 268.237, 268.851, 269.465, 270.078, 270.692, 271.306, 271.92, 272.534, 273.148, 273.761, 274.375, 274.989, 275.603, 276.217, 276.83, 277.444, 278.058, 278.672, 279.286, 279.9, 280.513, 281.127, 281.741, 282.355, 282.969, 283.582, 284.196, 284.81, 285.424, 286.038, 286.651, 287.265, 287.879, 288.493, 289.107, 289.721, 290.334, 290.948, 291.562, 292.176, 292.79, 293.403, 294.017
3.155, 3.15582, 3.15664, 3.15747, 3.15831, 3.15916, 3.16002, 3.16089, 3.16177, 3.16265, 3.16355, 3.16445, 3.16537, 3.16629, 3.16723, 3.16817, 3.16913, 3.17009, 3.17106, 3.17205, 3.17304, 3.17405, 3.17506, 3.17609, 3.17712, 3.17817, 3.17923, 3.1803, 3.18138, 3.18247, 3.18357, 3.18468, 3.18581, 3.18694, 3.18809, 3.18925, 3.19042, 3.1916, 3.19279, 3.194, 3.19522, 3.19645, 3.19769, 3.19894, 3.20021, 3.20149, 3.20279, 3.20409, 3.20541, 3.20674, 3.20809, 3.20945, 3.21082, 3.21221, 3.21361, 3.21502, 3.21645, 3.21789, 3.21935, 3.22082, 3.2223, 3.2238, 3.22532, 3.22685, 3.22839, 3.22995, 3.23153, 3.23312, 3.23472, 3.23635, 3.23798, 3.23964, 3.24131, 3.243, 3.2447, 3.24642, 3.24816, 3.24992, 3.25169, 3.25348, 3.25529, 3.25711, 3.25896, 3.26082, 3.2627, 3.2646, 3.26651, 3.26845, 3.27041, 3.27238, 3.27438, 3.27639, 3.27843, 3.28048, 3.28256, 3.28465, 3.28677, 3.28891, 3.29106, 3.29325, 3.29545, 3.29767, 3.29992, 3.30219, 3.30448, 3.3068, 3.30913, 3.3115, 3.31388, 3.31629, 3.31872, 3.32118, 3.32367, 3.32618, 3.32871, 3.33127, 3.33386, 3.33647, 3.33911, 3.34177, 3.34447, 3.34719, 3.34994, 3.35271, 3.35552, 3.35835, 3.36122, 3.36411, 3.36704, 3.36999, 3.37297, 3.37599, 3.37904, 3.38212, 3.38523, 3.38837, 3.39155, 3.39476, 3.39801, 3.40129, 3.40461, 3.40796, 3.41134, 3.41476, 3.41822, 3.42172, 3.42525, 3.42883, 3.43244, 3.43609, 3.43978, 3.44351, 3.44728, 3.45109, 3.45495, 3.45885, 3.46279, 3.46677, 3.4708, 3.47488, 3.479, 3.48316, 3.48738, 3.49164, 3.49595, 3.50031, 3.50472, 3.50918, 3.51369, 3.51825, 3.52287, 3.52754, 3.53226, 3.53704, 3.54188, 3.54677, 3.55172, 3.55673, 3.5618, 3.56693, 3.57212, 3.57738, 3.5827, 3.58808, 3.59353, 3.59905, 3.60463, 3.61029, 3.61601, 3.62181, 3.62768, 3.63362, 3.63964, 3.64573, 3.65191, 3.65816, 3.66449, 3.67091, 3.6774, 3.68399, 3.69066, 3.69742, 3.70427, 3.71121, 3.71824, 3.72537, 3.7326, 3.73992, 3.74735, 3.75488, 3.76251, 3.77025, 3.7781, 3.78606, 3.79413, 3.80232, 3.81062, 3.81905, 3.8276, 3.83627, 3.84508, 3.85401, 3.86308, 3.87228, 3.88162, 3.89111, 3.90074, 3.91052, 3.92046, 3.93055, 3.9408, 3.95121, 3.96179, 3.97254, 3.98347, 3.99457, 4.00586, 4.01734, 4.02901, 4.04088, 4.05296, 4.06524, 4.07773, 4.09045, 4.10338, 4.11655, 4.12996, 4.14361, 4.15751, 4.17167, 4.1861, 4.20079, 4.21577, 4.23104, 4.2466, 4.26247, 4.27865, 4.29516, 4.31201, 4.3292, 4.34674, 4.36466, 4.38295, 4.40164, 4.42074, 4.44025, 4.4602, 4.4806, 4.50146, 4.52281, 4.54466, 4.56703, 4.58993, 4.61339, 4.63744, 4.66209, 4.68737, 4.7133, 4.73991, 4.76724, 4.7953, 4.82414, 4.85378, 4.88428, 4.91565, 4.94795, 4.98123, 5.01552, 5.05088, 5.08737, 5.12504, 5.16396, 5.2042, 5.24583, 5.28894, 5.3336, 5.37992, 5.428, 5.47795, 5.5299, 5.58397, 5.64034, 5.69914, 5.76059, 5.82487, 5.89221, 5.96288, 6.03717, 6.1154, 6.19795, 6.28527, 6.37785, 6.47628, 6.58127, 6.69365, 6.81443, 6.94483, 7.08633, 7.24069, 7.41001, 7.59668, 7.80332, 8.0326, 8.28684, 8.56751, 8.87448, 9.20503, 9.55289, 9.90722, 10.2519, 10.5656, 10.8223, 10.9929, 11.0482, 10.9618, 10.7139, 10.2949, 9.70708, 8.96466, 8.10038, 7.16074, 6.17938, 5.20073, 4.26545, 3.40681, 2.64822, 2.00244, 1.47222, 1.05202, 0.730419, 0.492593, 0.322599, 0.205116, 0.126594, 0.0758278, 0.0440735, 0.024854, 0.0135964, 0.00721429, 0.00371205, 0.00185155, 0.000894652, 0.000418086, 0.000188153, 8.05408e-05, 3.14172e-05, 8.7676e-06, 2.91114e-06, 1.1536e-06, 4.42926e-07, 1.64757e-07, 5.93734e-08, 2.0729e-08, 7.01137e-09, 2.29755e-09, 7.29397e-10, 2.24337e-10, 6.68459e-11, 1.92969e-11, 5.3968e-12, 1.46225e-12, 3.83837e-13, 9.76132e-14, 2.40496e-14, 5.74042e-15, 1.32745e-15, 2.97392e-16, 6.45472e-17, 1.35726e-17, 2.76495e-18, 5.45693e-19, 1.04339e-19, 1.93278e-20, 3.46861e-21, 6.03067e-22, 1.01581e-22, 1.65767e-23, 2.62072e-24, 4.01403e-25, 5.95631e-26, 8.56272e-27, 1.19257e-27, 1.60913e-28, 2.10348e-29, 2.66392e-30, 3.26846e-31, 3.88509e-32, 4.474e-33, 4.99147e-34, 5.39509e-35, 5.64944e-36, 5.73125e-37, 5.63289e-38, 5.36352e-39, 4.94772e-40, 4.42179e-41, 3.8285e-42, 3.21141e-43, 2.60976e-44, 2.05467e-45, 1.56719e-46, 1.15808e-47, 8.29069e-49, 5.75017e-50, 3.86374e-51, 2.5152e-52, 1.58626e-53, 9.69199e-55, 5.73705e-56, 3.29004e-57, 1.82789e-58, 9.83871e-60, 5.13053e-61, 2.59193e-62, 1.26859e-63, 6.01529e-65, 2.7633e-66, 1.22981e-67, 5.30253e-69, 2.21496e-70, 8.96368e-72, 3.51434e-73, 1.33487e-74, 4.91211e-76, 1.7512e-77, 6.04841e-79, 2.02387e-80, 6.56087e-82, 2.06052e-83, 6.26945e-85, 1.84807e-86, 5.27771e-88, 1.46019e-89, 3.91389e-91, 1.01635e-92, 2.55693e-94, 6.23203e-96, 1.47156e-97, 3.36636e-99, 7.46074e-101, 1.60191e-102, 3.33222e-104, 6.7153e-106, 1.31109e-107, 2.47992e-109, 4.54444e-111, 8.06786e-113, 1.38763e-114, 2.3122e-116, 3.73262e-118, 5.83767e-120, 8.84507e-122, 1.29837e-123, 1.84644e-125, 2.54394e-127, 3.3956e-129, 4.39098e-131, 5.50103e-133, 6.67671e-135, 7.85087e-137
3.155, 3.15583, 3.15667, 3.15751, 3.15837, 3.15923, 3.16011, 3.16099, 3.16188, 3.16278, 3.16369, 3.16462, 3.16555, 3.16649, 3.16744, 3.1684, 3.16936, 3.17034, 3.17133, 3.17233, 3.17334, 3.17437, 3.1754, 3.17644, 3.17749, 3.17855, 3.17963, 3.18071, 3.18181, 3.18291, 3.18403, 3.18516, 3.1863, 3.18746, 3.18862, 3.1898, 3.19098, 3.19218, 3.19339, 3.19462, 3.19585, 3.1971, 3.19836, 3.19963, 3.20092, 3.20222, 3.20353, 3.20485, 3.20619, 3.20754, 3.20891, 3.21028, 3.21168, 3.21308, 3.2145, 3.21593, 3.21738, 3.21884, 3.22032, 3.22181, 3.22331, 3.22483, 3.22637, 3.22792, 3.22948, 3.23106, 3.23266, 3.23427, 3.2359, 3.23754, 3.2392, 3.24088, 3.24257, 3.24428, 3.246, 3.24775, 3.24951, 3.25128, 3.25308, 3.25489, 3.25672, 3.25857, 3.26044, 3.26232, 3.26422, 3.26615, 3.26809, 3.27005, 3.27203, 3.27403, 3.27605, 3.27808, 3.28014, 3.28222, 3.28432, 3.28644, 3.28859, 3.29075, 3.29293, 3.29514, 3.29737, 3.29962, 3.30189, 3.30419, 3.30651, 3.30885, 3.31122, 3.31361, 3.31602, 3.31846, 3.32092, 3.32341, 3.32592, 3.32846, 3.33102, 3.33361, 3.33622, 3.33887, 3.34154, 3.34423, 3.34696, 3.34971, 3.35249, 3.3553, 3.35813, 3.361, 3.3639, 3.36682, 3.36978, 3.37277, 3.37579, 3.37884, 3.38192, 3.38503, 3.38818, 3.39136, 3.39457, 3.39782, 3.4011, 3.40442, 3.40777, 3.41116, 3.41458, 3.41804, 3.42154, 3.42508, 3.42865, 3.43226, 3.43591, 3.4396, 3.44334, 3.44711, 3.45092, 3.45478, 3.45867, 3.46261, 3.4666, 3.47063, 3.4747, 3.47882, 3.48299, 3.4872, 3.49146, 3.49577, 3.50013, 3.50453, 3.50899, 3.5135, 3.51806, 3.52267, 3.52734, 3.53206, 3.53684, 3.54167, 3.54656, 3.55151, 3.55651, 3.56158, 3.5667, 3.57189, 3.57714, 3.58245, 3.58783, 3.59328, 3.59879, 3.60436, 3.61001, 3.61573, 3.62152, 3.62738, 3.63331, 3.63932, 3.64541, 3.65157, 3.65781, 3.66413, 3.67054, 3.67703, 3.6836, 3.69026, 3.697, 3.70384, 3.71076, 3.71778, 3.7249, 3.73211, 3.73942, 3.74683, 3.75434, 3.76195, 3.76967, 3.7775, 3.78544, 3.79349, 3.80166, 3.80994, 3.81834, 3.82687, 3.83552, 3.84429, 3.8532, 3.86224, 3.87141, 3.88073, 3.89018, 3.89978, 3.90953, 3.91943, 3.92948, 3.93969, 3.95007, 3.9606, 3.97131, 3.9822, 3.99326, 4.0045, 4.01593, 4.02755, 4.03937, 4.05138, 4.06361, 4.07604, 4.08869, 4.10157, 4.11467, 4.12801, 4.14159, 4.15542, 4.1695, 4.18384, 4.19845, 4.21334, 4.22852, 4.24399, 4.25976, 4.27584, 4.29224, 4.30897, 4.32604, 4.34347, 4.36126, 4.37942, 4.39797, 4.41692, 4.43628, 4.45607, 4.4763, 4.49699, 4.51816, 4.53982, 4.56198, 4.58468, 4.60792, 4.63174, 4.65614, 4.68116, 4.70683, 4.73316, 4.76018, 4.78793, 4.81644, 4.84573, 4.87585, 4.90684, 4.93872, 4.97156, 5.00538, 5.04025, 5.07621, 5.11332, 5.15164, 5.19124, 5.23219, 5.27456, 5.31845, 5.36393, 5.4111, 5.46008, 5.51098, 5.56392, 5.61905, 5.67653, 5.73652, 5.79921, 5.86482, 5.93358, 6.00577, 6.08167, 6.16164, 6.24606, 6.3354, 6.43017, 6.53099, 6.6386, 6.75387, 6.87786, 7.01188, 7.15748, 7.31659, 7.49149, 7.68482, 7.89955, 8.13878, 8.40537, 8.70143, 9.02749, 9.38149, 9.75769, 10.1455, 10.5287, 10.8853, 11.1877, 11.405, 11.5052, 11.4591, 11.2439, 10.8472, 10.2699, 9.52681, 8.64654, 7.66841, 6.63843, 5.60423, 4.61007, 3.69265, 2.8784, 2.18234, 1.60866, 1.15241, 0.802062, 0.542182, 0.355885, 0.22678, 0.140265, 0.0841916, 0.0490339, 0.0277058, 0.0151856, 0.00807264, 0.00416139, 0.00207952, 0.00100673, 0.000471447, 0.000212852, 9.15001e-05, 3.60438e-05, 1.04658e-05, 3.54645e-06, 1.40595e-06, 5.39986e-07, 2.00924e-07, 7.24304e-08, 2.52957e-08, 8.55875e-09, 2.80551e-09, 8.90942e-10, 2.7411e-10, 8.17031e-11, 2.35933e-11, 6.60051e-12, 1.78897e-12, 4.6975e-13, 1.195e-13, 2.94514e-14, 7.03203e-15, 1.62665e-15, 3.64539e-16, 7.91466e-17, 1.66478e-17, 3.3925e-18, 6.69761e-19, 1.28102e-19, 2.37373e-20, 4.26131e-21, 7.41127e-22, 1.24876e-22, 2.03847e-23, 3.22377e-24, 4.93928e-25, 7.33161e-26, 1.05432e-26, 1.46887e-27, 1.98258e-28, 2.59248e-29, 3.28426e-30, 4.03085e-31, 4.79285e-32, 5.52112e-33, 6.16167e-34, 6.66203e-35, 6.97834e-36, 7.08166e-37, 6.96233e-38, 6.6315e-39, 6.11936e-40, 5.47063e-41, 4.73812e-42, 3.97568e-43, 3.23187e-44, 2.54527e-45, 1.94201e-46, 1.4355e-47, 1.02801e-48, 7.1322e-50, 4.7939e-51, 3.1217e-52, 1.96938e-53, 1.20367e-54, 7.12721e-56, 4.08856e-57, 2.27226e-58, 1.22344e-59, 6.38179e-61, 3.22508e-62, 1.57898e-63, 7.48942e-65, 3.44158e-66, 1.53216e-67, 6.60825e-69, 2.76125e-70, 1.1178e-71, 4.38386e-73, 1.66566e-74, 6.13133e-76, 2.18655e-77, 7.5544e-79, 2.52859e-80, 8.1996e-82, 2.57599e-83, 7.8403e-85, 2.31184e-86, 6.60419e-88, 1.82776e-89, 4.90066e-91, 1.27299e-92, 3.20358e-94, 7.81055e-96, 1.84486e-97, 4.22166e-99, 9.35921e-101, 2.01017e-102, 4.18275e-104, 8.43194e-106, 1.64676e-107, 3.1158e-109, 5.71144e-111, 1.01428e-112, 1.74505e-114, 2.90867e-116, 4.69696e-118, 7.34812e-120, 1.11371e-121, 1.63533e-123, 2.32634e-125, 3.20611e-127, 4.28076e-129, 5.53732e-131, 6.93929e-133, 8.42494e-135, 9.90957e-137
207.73
176.11
 
MEASUREMENT 33
1.56305, 4.67879, 7.79453, 10.9103, 14.0312, 17.1469, 20.2679, 23.3784, 26.4796, 29.5859, 32.6913, 35.8071, 38.9228, 42.0385, 45.1595, 48.2752, 51.3909, 54.5067, 57.6224, 60.7381, 63.8435, 66.9593, 70.0698, 73.1752, 76.2806, 79.3859, 82.4913, 85.5967, 88.7021, 91.8074, 94.9128, 98.0182, 101.1, 104.148, 107.196, 110.244, 113.292, 116.339, 119.387, 122.435, 125.483, 128.531, 131.574, 134.622, 137.67, 140.718, 143.766, 146.814, 149.861, 152.909, 155.957, 159.005, 162.053, 165.101, 168.149, 171.197, 174.245, 177.293, 180.341, 183.389, 186.436, 189.484, 192.532, 195.58, 198.621, 201.655, 204.688, 207.722, 210.756, 213.794, 216.838, 219.882, 222.926, 225.97, 229.014, 232.058, 235.102, 238.145, 241.189, 244.233, 247.277, 250.321, 253.37, 256.424, 259.478, 262.532, 265.586, 268.64, 271.695, 274.749, 277.803, 280.857, 283.911, 286.97, 290.035, 293.099
2.84049, 2.83908, 2.82845, 2.97919, 2.82773, 2.85746, 3.07243, 3.06935, 3.03315, 3.06705, 3.09831, 3.16321, 3.16344, 3.20405, 3.1976, 3.23275, 3.33245, 3.37012, 3.41285, 3.45546, 3.10243, 3.42041, 3.4326, 3.42946, 3.50324, 3.50699, 3.53229, 3.52323, 3.57139, 3.31815, 3.628, 3.17938, 3.64681, 3.65049, 3.6787, 3.70019, 3.7176, 3.7476, 3.78443, 3.79948, 3.80914, 3.85729, 3.91231, 3.91845, 3.95862, 4.02495, 4.08322, 4.12348, 4.1578, 4.20434, 4.28919, 4.36676, 4.45135, 4.50839, 4.60171, 4.82097, 4.89137, 4.96324, 5.15678, 5.40057, 5.58935, 5.95741, 6.30613, 7.02328, 8.91829, 10.1621, 11.4371, 10.4671, 5.3776, 1.23993, 0.105188, 0.00559371, 0.00402685, -0.00145166, -0.00163766, -2.77138e-05, 0.00474626, 0.000396412, -0.00756066, -0.00168288, -0.0093278, -0.0292072, -0.0061345, -0.00269947, -0.0115428, -0.0209911, -0.00254282, -0.0152159, -0.00319103, -0.000460763, -0.00314541, -0.00425079, -0.00683952, -0.00567463, -0.00801015, -0.0340994
0.0852147, 0.0851724, 0.0848534, 0.0893757, 0.0848319, 0.0857239, 0.0921729, 0.0920805, 0.0909946, 0.0920114, 0.0929493, 0.0948964, 0.0949032, 0.0961214, 0.0959281, 0.0969826, 0.0999735, 0.101103, 0.102386, 0.103664, 0.093073, 0.102612, 0.102978, 0.102884, 0.105097, 0.10521, 0.105969, 0.105697, 0.107142, 0.0995446, 0.10884, 0.0953814, 0.109404, 0.109515, 0.110361, 0.111006, 0.111528, 0.112428, 0.113533, 0.113984, 0.114274, 0.115719, 0.117369, 0.117553, 0.118759, 0.120748, 0.122497, 0.123704, 0.124734, 0.12613, 0.128676, 0.131003, 0.133541, 0.135252, 0.138051, 0.144629, 0.146741, 0.148897, 0.154703, 0.162017, 0.167681, 0.178722, 0.189184, 0.210698, 0.267549, 0.304863, 0.343112, 0.314012, 0.161328, 0.0371979, 0.00315565, 0.000167811, 0.000120805, 4.35497e-05, 4.91299e-05, 8.31415e-07, 0.000142388, 1.18923e-05, 0.00022682, 5.04864e-05, 0.000279834, 0.000876216, 0.000184035, 8.09841e-05, 0.000346284, 0.000629733, 7.62845e-05, 0.000456478, 9.57309e-05, 1.38229e-05, 9.43622e-05, 0.000127524, 0.000205186, 0.000170239, 0.000240304, 0.00102298
0, 0.613815, 1.22763, 1.84144, 2.45526, 3.06907, 3.68289, 4.2967, 4.91052, 5.52433, 6.13815, 6.75196, 7.36578, 7.97959, 8.59341, 9.20722, 9.82104, 10.4349, 11.0487, 11.6625, 12.2763, 12.8901, 13.5039, 14.1177, 14.7316, 15.3454, 15.9592, 16.573, 17.1868, 17.8006, 18.4144, 19.0283, 19.6421, 20.2559, 20.8697, 21.4835, 22.0973, 22.7111, 23.325, 23.9388, 24.5526, 25.1664, 25.7802, 26.394, 27.0078, 27.6217, 28.2355, 28.8493, 29.4631, 30.0769, 30.6907, 31.3046, 31.9184, 32.5322, 33.146, 33.7598, 34.3736, 34.9874, 35.6013, 36.2151, 36.8289, 37.4427, 38.0565, 38.6703, 39.2841, 39.898, 40.5118, 41.1256, 41.7394, 42.3532, 42.967, 43.5808, 44.1947, 44.8085, 45.4223, 46.0361, 46.6499, 47.2637, 47.8775, 48.4914, 49.1052, 49.719, 50.3328, 50.9466, 51.5604, 52.1743, 52.7881, 53.4019, 54.0157, 54.6295, 55.2433, 55.8571, 56.471, 57.0848, 57.6986, 58.3124, 58.9262, 59.54, 60.1538, 60.7677, 61.3815, 61.9953, 62.6091, 63.2229, 63.8367, 64.4505, 65.0644, 65.6782, 66.292, 66.9058, 67.5196, 68.1334, 68.7473, 69.3611, 69.9749, 70.5887, 71.2025, 71.8163, 72.4301, 73.044, 73.6578, 74.2716, 74.8854, 75.4992, 76.113, 76.7268, 77.3407, 77.9545, 78.5683, 79.1821, 79.7959, 80.4097, 81.0235, 81.6374, 82.2512, 82.865, 83.4788, 84.0926, 84.7064, 85.3202, 85.9341, 86.5479, 87.1617, 87.7755, 88.3893, 89.0031, 89.617, 90.2308, 90.8446, 91.4584, 92.0722, 92.686, 93.2998, 93.9137, 94.5275, 95.1413, 95.7551, 96.3689, 96.9827, 97.5965, 98.2104, 98.8242, 99.438, 100.052, 100.666, 101.279, 101.893, 102.507, 103.121, 103.735, 104.349, 104.962, 105.576, 106.19, 106.804, 107.418, 108.031, 108.645, 109.259, 109.873, 110.487, 111.1, 111.714, 112.328, 112.942, 113.556, 114.17, 114.783, 115.397, 116.011, 116.625, 117.239, 117.852, 118.466, 119.08, 119.694, 120.308, 120.922, 121.535, 122.149, 122.763, 123.377, 123.991, 124.604, 125.218, 125.832, 126.446, 127.06, 127.673, 128.287, 128.901, 129.515, 130.129, 130.743, 131.356, 131.97, 132.584, 133.198, 133.812, 134.425, 135.039, 135.653, 136.267, 136.881, 137.495, 138.108, 138.722, 139.336, 139.95, 140.564, 141.177, 141.791, 142.405, 143.019, 143.633, 144.246, 144.86, 145.474, 146.088, 146.702, 147.316, 147.929, 148.543, 149.157, 149.771, 150.385, 150.998, 151.612, 152.226, 152.84, 153.454, 154.068, 154.681, 155.295, 155.909, 156.523, 157.137, 157.75, 158.364, 158.978, 159.592, 160.206, 160.819, 161.433, 162.047, 162.661, 163.275, 163.889, 164.502, 165.116, 165.73, 166.344, 166.958, 167.571, 168.185, 168.799, 169.413, 170.027, 170.64, 171.254, 171.868, 172.482, 173.096, 173.71, 174.323, 174.937, 175.551, 176.165, 176.779, 177.392, 178.006, 178.62, 179.234, 179.848, 180.462, 181.075, 181.689, 182.303, 182.917, 183.531, 184.144, 184.758, 185.372, 185.986, 186.6, 187.213, 187.827, 188.441, 189.055, 189.669, 190.283, 190.896, 191.51, 192.124, 192.738, 193.352, 193.965, 194.579, 195.193, 195.807, 196.421, 197.035, 197.648, 198.262, 198.876, 199.49, 200.104, 200.717, 201.331, 201.945, 202.559, 203.173, 203.786, 204.4, 205.014, 205.628, 206.242, 206.856, 207.469, 208.083, 208.697, 209.311, 209.925, 210.538, 211.152, 211.766, 212.38, 212.994, 213.608, 214.221, 214.835, 215.449, 216.063, 216.677, 217.29, 217.904, 218.518, 219.132, 219.746, 220.359, 220.973, 221.587, 222.201, 222.815, 223.429, 224.042, 224.656, 225.27, 225.884, 226.498, 227.111, 227.725, 228.339, 228.953, 229.567, 230.181, 230.794, 231.408, 232.022, 232.636, 233.25, 233.863, 234.477, 235.091, 235.705, 236.319, 236.932, 237.546, 238.16, 238.774, 239.388, 240.002, 240.615, 241.229, 241.843, 242.457, 243.071, 243.684, 244.298, 244.912, 245.526, 246.14, 246.754, 247.367, 247.981, 248.595, 249.209, 249.823, 250.436, 251.05, 251.664, 252.278, 252.892, 253.505, 254.119, 254.733, 255.347, 255.961, 256.575, 257.188, 257.802, 258.416, 259.03, 259.644, 260.257, 260.871, 261.485, 262.099, 262.713, 263.327, 263.94, 264.554, 265.168, 265.782, 266.396, 267.009, 267.623, 268.237, 268.851, 269.465, 270.078, 270.692, 271.306, 271.92, 272.534, 273.148, 273.761, 274.375, 274.989, 275.603, 276.217, 276.83, 277.444, 278.058, 278.672, 279.286, 279.9, 280.513, 281.127, 281.741, 282.355, 282.969, 283.582, 284.196, 284.81, 285.424, 286.038, 286.651, 287.265, 287.879, 288.493, 289.107, 289.721, 290.334, 290.948, 291.562, 292.176, 292.79, 293.403, 294.017
3.16233, 3.16314, 3.16395, 3.16477, 3.1656, 3.16644, 3.16729, 3.16815, 3.16901, 3.16989, 3.17078, 3.17167, 3.17258, 3.17349, 3.17441, 3.17535, 3.17629, 3.17724, 3.17821, 3.17918, 3.18016, 3.18116, 3.18216, 3.18318, 3.1842, 3.18524, 3.18628, 3.18734, 3.18841, 3.18948, 3.19057, 3.19167, 3.19279, 3.19391, 3.19504, 3.19619, 3.19735, 3.19852, 3.1997, 3.20089, 3.2021, 3.20331, 3.20454, 3.20578, 3.20704, 3.2083, 3.20958, 3.21088, 3.21218, 3.2135, 3.21483, 3.21618, 3.21753, 3.2189, 3.22029, 3.22169, 3.2231, 3.22453, 3.22597, 3.22742, 3.22889, 3.23038, 3.23188, 3.23339, 3.23492, 3.23646, 3.23802, 3.23959, 3.24118, 3.24279, 3.24441, 3.24605, 3.2477, 3.24937, 3.25106, 3.25276, 3.25448, 3.25622, 3.25797, 3.25974, 3.26153, 3.26334, 3.26516, 3.267, 3.26886, 3.27074, 3.27264, 3.27455, 3.27649, 3.27844, 3.28042, 3.28241, 3.28442, 3.28646, 3.28851, 3.29058, 3.29268, 3.29479, 3.29693, 3.29908, 3.30126, 3.30346, 3.30569, 3.30793, 3.3102, 3.31249, 3.3148, 3.31714, 3.3195, 3.32188, 3.32429, 3.32672, 3.32918, 3.33166, 3.33416, 3.3367, 3.33925, 3.34184, 3.34445, 3.34708, 3.34975, 3.35244, 3.35515, 3.3579, 3.36068, 3.36348, 3.36631, 3.36917, 3.37206, 3.37498, 3.37793, 3.38092, 3.38393, 3.38697, 3.39005, 3.39316, 3.3963, 3.39947, 3.40268, 3.40592, 3.4092, 3.41251, 3.41586, 3.41924, 3.42266, 3.42611, 3.4296, 3.43313, 3.4367, 3.44031, 3.44396, 3.44764, 3.45137, 3.45513, 3.45894, 3.46279, 3.46668, 3.47062, 3.4746, 3.47862, 3.48269, 3.48681, 3.49097, 3.49517, 3.49943, 3.50373, 3.50809, 3.51249, 3.51694, 3.52144, 3.526, 3.53061, 3.53527, 3.53999, 3.54476, 3.54959, 3.55447, 3.55941, 3.56442, 3.56948, 3.5746, 3.57978, 3.58503, 3.59034, 3.59571, 3.60115, 3.60666, 3.61223, 3.61787, 3.62359, 3.62937, 3.63523, 3.64116, 3.64717, 3.65325, 3.65941, 3.66565, 3.67196, 3.67837, 3.68485, 3.69142, 3.69807, 3.70482, 3.71165, 3.71857, 3.72559, 3.7327, 3.73991, 3.74722, 3.75462, 3.76213, 3.76975, 3.77746, 3.78529, 3.79323, 3.80128, 3.80944, 3.81773, 3.82613, 3.83465, 3.8433, 3.85208, 3.86098, 3.87002, 3.8792, 3.88851, 3.89797, 3.90757, 3.91731, 3.92721, 3.93727, 3.94748, 3.95786, 3.9684, 3.97911, 3.99, 4.00106, 4.0123, 4.02374, 4.03536, 4.04718, 4.05921, 4.07143, 4.08387, 4.09653, 4.10941, 4.12252, 4.13587, 4.14946, 4.16329, 4.17738, 4.19173, 4.20636, 4.22126, 4.23644, 4.25192, 4.2677, 4.2838, 4.30021, 4.31696, 4.33405, 4.35149, 4.36929, 4.38747, 4.40604, 4.42501, 4.44439, 4.46421, 4.48446, 4.50518, 4.52637, 4.54805, 4.57025, 4.59297, 4.61625, 4.64009, 4.66453, 4.68959, 4.71529, 4.74166, 4.76873, 4.79652, 4.82508, 4.85442, 4.88459, 4.91563, 4.94757, 4.98047, 5.01435, 5.04929, 5.08532, 5.1225, 5.1609, 5.20058, 5.24161, 5.28407, 5.32805, 5.37362, 5.4209, 5.46998, 5.52098, 5.57404, 5.62928, 5.68687, 5.74698, 5.80979, 5.87551, 5.94439, 6.01667, 6.09266, 6.1727, 6.25716, 6.34649, 6.44118, 6.54183, 6.64914, 6.76392, 6.88717, 7.02009, 7.16417, 7.32125, 7.49359, 7.68398, 7.89573, 8.13262, 8.39861, 8.6973, 9.03097, 9.39922, 9.79717, 10.2135, 10.6289, 11.015, 11.3352, 11.547, 11.6066, 11.4752, 11.1257, 10.5486, 9.75505, 8.77703, 7.68498, 6.52834, 5.37335, 4.28031, 3.29667, 2.45297, 1.76208, 1.2213, 0.816324, 0.525974, 0.326564, 0.195316, 0.1125, 0.0623887, 0.033305, 0.0171108, 0.00845866, 0.00402235, 0.00183909, 0.000807654, 0.000339753, 0.000135776, 5.00606e-05, 1.4682e-05, 3.81169e-06, 1.35118e-06, 4.60211e-07, 1.50593e-07, 4.73434e-08, 1.42994e-08, 4.14936e-09, 1.15678e-09, 3.09829e-10, 7.97258e-11, 1.97097e-11, 4.68131e-12, 1.06822e-12, 2.34183e-13, 4.93237e-14, 9.98069e-15, 1.94031e-15, 3.62397e-16, 6.50285e-17, 1.12105e-17, 1.85676e-18, 2.95452e-19, 4.51673e-20, 6.63385e-21, 9.36076e-22, 1.269e-22, 1.65278e-23, 2.06812e-24, 2.48622e-25, 2.87149e-26, 3.18624e-27, 3.39669e-28, 3.47886e-29, 3.42312e-30, 3.23602e-31, 2.93904e-32, 2.5645e-33, 2.14984e-34, 1.73146e-35, 1.33975e-36, 9.95951e-38, 7.11307e-39, 4.88068e-40, 3.21742e-41, 2.0377e-42, 1.23987e-43, 7.24794e-45, 4.0706e-46, 2.19637e-47, 1.13857e-48, 5.67041e-50, 2.71315e-51, 1.24721e-52, 5.50816e-54, 2.3371e-55, 9.52695e-57, 3.73107e-58, 1.40384e-59, 5.07463e-61, 1.76237e-62, 5.88019e-64, 1.88491e-65, 5.80488e-67, 1.71751e-68, 4.88214e-70, 1.33329e-71, 3.49818e-73, 8.81787e-75, 2.13545e-76, 4.96842e-78, 1.11058e-79, 2.38499e-81, 4.9207e-83, 9.75372e-85, 1.85745e-86, 3.39835e-88, 5.97341e-90, 1.00874e-91, 1.6366e-93, 2.55097e-95, 3.8201e-97, 5.49599e-99, 7.59664e-101, 1.00879e-102, 1.28701e-104, 1.57749e-106, 1.85762e-108, 2.10159e-110, 2.28425e-112, 2.3853e-114, 2.39301e-116, 2.30648e-118, 2.13579e-120, 1.90008e-122, 1.624e-124, 1.33353e-126, 1.05202e-128, 7.97353e-131, 5.80602e-133, 4.06171e-135, 2.72988e-137, 1.76271e-139, 1.09351e-141, 6.51725e-144, 3.73173e-146, 2.05286e-148, 1.08496e-150, 5.50894e-153, 2.68736e-155, 1.25947e-157, 5.6709e-160, 2.45312e-162, 1.0195e-164, 4.07063e-167, 1.56149e-169
3.16233, 3.16315, 3.16398, 3.16481, 3.16566, 3.16651, 3.16738, 3.16825, 3.16913, 3.17002, 3.17092, 3.17183, 3.17275, 3.17368, 3.17462, 3.17557, 3.17653, 3.1775, 3.17848, 3.17947, 3.18047, 3.18148, 3.1825, 3.18353, 3.18457, 3.18562, 3.18668, 3.18775, 3.18884, 3.18993, 3.19104, 3.19215, 3.19328, 3.19442, 3.19557, 3.19674, 3.19791, 3.1991, 3.2003, 3.20151, 3.20273, 3.20396, 3.20521, 3.20647, 3.20774, 3.20903, 3.21033, 3.21164, 3.21296, 3.2143, 3.21565, 3.21701, 3.21839, 3.21978, 3.22118, 3.2226, 3.22403, 3.22548, 3.22694, 3.22841, 3.2299, 3.2314, 3.23292, 3.23446, 3.236, 3.23757, 3.23915, 3.24074, 3.24235, 3.24398, 3.24562, 3.24728, 3.24895, 3.25065, 3.25235, 3.25408, 3.25582, 3.25758, 3.25935, 3.26115, 3.26296, 3.26479, 3.26663, 3.2685, 3.27038, 3.27228, 3.27421, 3.27614, 3.2781, 3.28008, 3.28208, 3.2841, 3.28613, 3.28819, 3.29027, 3.29237, 3.29449, 3.29663, 3.29879, 3.30097, 3.30318, 3.3054, 3.30765, 3.30992, 3.31222, 3.31453, 3.31687, 3.31924, 3.32163, 3.32404, 3.32647, 3.32893, 3.33142, 3.33393, 3.33646, 3.33902, 3.34161, 3.34422, 3.34686, 3.34953, 3.35222, 3.35495, 3.3577, 3.36047, 3.36328, 3.36611, 3.36898, 3.37187, 3.37479, 3.37775, 3.38073, 3.38375, 3.3868, 3.38987, 3.39298, 3.39613, 3.3993, 3.40251, 3.40576, 3.40904, 3.41235, 3.4157, 3.41908, 3.4225, 3.42596, 3.42945, 3.43298, 3.43655, 3.44016, 3.44381, 3.44749, 3.45122, 3.45499, 3.45879, 3.46264, 3.46654, 3.47047, 3.47445, 3.47848, 3.48254, 3.48666, 3.49082, 3.49502, 3.49928, 3.50358, 3.50793, 3.51233, 3.51678, 3.52128, 3.52584, 3.53044, 3.5351, 3.53982, 3.54459, 3.54941, 3.55429, 3.55923, 3.56423, 3.56928, 3.5744, 3.57958, 3.58482, 3.59013, 3.59549, 3.60093, 3.60643, 3.61199, 3.61763, 3.62334, 3.62911, 3.63496, 3.64089, 3.64688, 3.65296, 3.65911, 3.66533, 3.67164, 3.67803, 3.68451, 3.69106, 3.69771, 3.70444, 3.71126, 3.71817, 3.72517, 3.73227, 3.73946, 3.74675, 3.75414, 3.76163, 3.76923, 3.77693, 3.78474, 3.79265, 3.80068, 3.80883, 3.81709, 3.82547, 3.83397, 3.84259, 3.85134, 3.86022, 3.86923, 3.87838, 3.88766, 3.89709, 3.90665, 3.91637, 3.92623, 3.93625, 3.94643, 3.95677, 3.96727, 3.97794, 3.98878, 3.9998, 4.011, 4.02238, 4.03396, 4.04573, 4.05769, 4.06987, 4.08225, 4.09485, 4.10767, 4.12071, 4.13399, 4.1475, 4.16127, 4.17528, 4.18955, 4.20409, 4.21891, 4.234, 4.24939, 4.26508, 4.28107, 4.29738, 4.31402, 4.33099, 4.34831, 4.36599, 4.38404, 4.40248, 4.4213, 4.44054, 4.4602, 4.48029, 4.50083, 4.52185, 4.54335, 4.56535, 4.58787, 4.61093, 4.63455, 4.65875, 4.68356, 4.709, 4.7351, 4.76187, 4.78936, 4.81759, 4.8466, 4.87641, 4.90707, 4.93861, 4.97108, 5.00451, 5.03897, 5.07449, 5.11113, 5.14895, 5.18802, 5.2284, 5.27016, 5.31338, 5.35816, 5.40457, 5.45272, 5.50273, 5.55471, 5.60879, 5.66512, 5.72385, 5.78517, 5.84927, 5.91636, 5.98669, 6.06054, 6.13819, 6.22002, 6.3064, 6.3978, 6.49475, 6.59785, 6.70783, 6.82555, 6.95204, 7.08858, 7.23674, 7.39847, 7.57621, 7.77299, 7.99245, 8.23884, 8.51677, 8.83063, 9.18369, 9.57657, 10.0054, 10.4596, 10.9199, 11.3574, 11.7336, 12.003, 12.1178, 12.0346, 11.7215, 11.1654, 10.3757, 9.38603, 8.24991, 7.03445, 5.81082, 4.64489, 3.58945, 2.67942, 1.93072, 1.34217, 0.899694, 0.581296, 0.361875, 0.216993, 0.125297, 0.069653, 0.0372696, 0.0191911, 0.00950797, 0.00453112, 0.00207619, 0.000913833, 0.000385415, 0.00015466, 5.74435e-05, 1.72848e-05, 4.65429e-06, 1.64828e-06, 5.61632e-07, 1.83856e-07, 5.78239e-08, 1.7472e-08, 5.07202e-09, 1.41457e-09, 3.79031e-10, 9.75726e-11, 2.41316e-11, 5.73389e-12, 1.30893e-12, 2.87071e-13, 6.04875e-14, 1.22447e-14, 2.3814e-15, 4.44962e-16, 7.98764e-17, 1.37758e-17, 2.28256e-18, 3.63354e-19, 5.55703e-20, 8.16508e-21, 1.15261e-21, 1.56318e-22, 2.03676e-23, 2.54961e-24, 3.06629e-25, 3.54288e-26, 3.93282e-27, 4.19427e-28, 4.29747e-29, 4.23032e-30, 4.00072e-31, 3.63503e-32, 3.17308e-33, 2.66108e-34, 2.14407e-35, 1.65968e-36, 1.23428e-37, 8.81879e-39, 6.05351e-40, 3.99217e-41, 2.52939e-42, 1.53966e-43, 9.00408e-45, 5.05891e-46, 2.73073e-47, 1.41614e-48, 7.05561e-50, 3.37729e-51, 1.55312e-52, 6.86195e-54, 2.91268e-55, 1.1878e-56, 4.65366e-58, 1.75167e-59, 6.33449e-61, 2.20077e-62, 7.34587e-64, 2.35567e-65, 7.25755e-67, 2.14817e-68, 6.10873e-70, 1.66893e-71, 4.38053e-73, 1.10464e-74, 2.67619e-76, 6.22898e-78, 1.3929e-79, 2.99246e-81, 6.17645e-83, 1.22477e-84, 2.3333e-86, 4.27063e-88, 7.50959e-90, 1.26866e-91, 2.05909e-93, 3.21077e-95, 4.81003e-97, 6.92291e-99, 9.57267e-101, 1.27169e-102, 1.62305e-104, 1.99015e-106, 2.34446e-108, 2.6534e-110, 2.88514e-112, 3.01393e-114, 3.02485e-116, 2.91659e-118, 2.70179e-120, 2.40454e-122, 2.05595e-124, 1.68888e-126, 1.33287e-128, 1.0106e-130, 7.36159e-133, 5.15191e-135, 3.46392e-137, 2.23754e-139, 1.3886e-141, 8.27914e-144, 4.74238e-146, 2.60982e-148, 1.37984e-150, 7.00886e-153, 3.42034e-155, 1.6036e-157, 7.22309e-160, 3.12575e-162, 1.29953e-164, 5.19066e-167, 1.99187e-169
208.54
176.50
 
MEASUREMENT 34
1.56305, 4.67879, 7.79453, 10.9103, 14.0312, 17.1469, 20.2679, 23.3784, 26.4796, 29.5859, 32.6913, 35.8071, 38.9228, 42.0385, 45.1595, 48.2752, 51.3909, 54.5067, 57.6224, 60.7381, 63.8435, 66.9593, 70.0698, 73.1752, 76.2806, 79.3859, 82.4913, 85.5967, 88.7021, 91.8074, 94.9128, 98.0182, 101.1, 104.148, 107.196, 110.244, 113.292, 116.339, 119.387, 122.435, 125.483, 128.531, 131.574, 134.622, 137.67, 140.718, 143.766, 146.814, 149.861, 152.909, 155.957, 159.005, 162.053, 165.101, 168.149, 171.197, 174.245, 177.293, 180.341, 183.389, 186.436, 189.484, 192.532, 195.58, 198.621, 201.655, 204.688, 207.722, 210.756, 213.794, 216.838, 219.882, 222.926, 225.97, 229.014, 232.058, 235.102, 238.145, 241.189, 244.233, 247.277, 250.321, 253.37, 256.424, 259.478, 262.532, 265.586, 268.64, 271.695, 274.749, 277.803, 280.857, 283.911, 286.97, 290.035, 293.099
2.83711, 2.84037, 2.82517, 2.97891, 2.82584, 2.85628, 3.07216, 3.07478, 3.03753, 3.07418, 3.10098, 3.16672, 3.16361, 3.20877, 3.19917, 3.22679, 3.32626, 3.37181, 3.41982, 3.45605, 3.12055, 3.42274, 3.43313, 3.42677, 3.50348, 3.5083, 3.53302, 3.52367, 3.57268, 3.31306, 3.62951, 3.17275, 3.64778, 3.65281, 3.6808, 3.70016, 3.72387, 3.75228, 3.78691, 3.80501, 3.82198, 3.86108, 3.91425, 3.92248, 3.97086, 4.02527, 4.08364, 4.12197, 4.16248, 4.20444, 4.28807, 4.36141, 4.45315, 4.51138, 4.60487, 4.8185, 4.8927, 4.96264, 5.1578, 5.40413, 5.58685, 5.95501, 6.30738, 7.02265, 8.90954, 10.1629, 11.4415, 10.4572, 5.37873, 1.23317, 0.105462, 0.0044342, 0.0028334, -0.00144265, -0.000220858, 0.00209558, 0.00210863, 0.00225492, -0.00473484, -0.0023582, -0.00990699, -0.0275596, 0.000243066, -0.000968946, -0.0107859, -0.0196682, -0.000988095, -0.0135345, -0.00339693, -0.000174059, -0.00269209, -0.00329431, -0.00592268, -0.00198823, -0.00763254, -0.0298072
0.0851134, 0.0852111, 0.084755, 0.0893672, 0.0847753, 0.0856885, 0.0921647, 0.0922433, 0.091126, 0.0922254, 0.0930294, 0.0950016, 0.0949083, 0.096263, 0.0959752, 0.0968038, 0.0997878, 0.101154, 0.102595, 0.103681, 0.0936166, 0.102682, 0.102994, 0.102803, 0.105104, 0.105249, 0.105991, 0.10571, 0.10718, 0.0993917, 0.108885, 0.0951826, 0.109433, 0.109584, 0.110424, 0.111005, 0.111716, 0.112568, 0.113607, 0.11415, 0.114659, 0.115832, 0.117427, 0.117674, 0.119126, 0.120758, 0.122509, 0.123659, 0.124874, 0.126133, 0.128642, 0.130842, 0.133595, 0.135341, 0.138146, 0.144555, 0.146781, 0.148879, 0.154734, 0.162124, 0.167605, 0.17865, 0.189221, 0.210679, 0.267286, 0.304886, 0.343246, 0.313716, 0.161362, 0.0369952, 0.00316385, 0.000133026, 8.50019e-05, 4.32795e-05, 6.62574e-06, 6.28674e-05, 6.32589e-05, 6.76477e-05, 0.000142045, 7.07459e-05, 0.00029721, 0.000826789, 7.29197e-06, 2.90684e-05, 0.000323576, 0.000590046, 2.96429e-05, 0.000406034, 0.000101908, 5.22177e-06, 8.07628e-05, 9.88294e-05, 0.00017768, 5.96468e-05, 0.000228976, 0.000894217
0, 0.613815, 1.22763, 1.84144, 2.45526, 3.06907, 3.68289, 4.2967, 4.91052, 5.52433, 6.13815, 6.75196, 7.36578, 7.97959, 8.59341, 9.20722, 9.82104, 10.4349, 11.0487, 11.6625, 12.2763, 12.8901, 13.5039, 14.1177, 14.7316, 15.3454, 15.9592, 16.573, 17.1868, 17.8006, 18.4144, 19.0283, 19.6421, 20.2559, 20.8697, 21.4835, 22.0973, 22.7111, 23.325, 23.9388, 24.5526, 25.1664, 25.7802, 26.394, 27.0078, 27.6217, 28.2355, 28.8493, 29.4631, 30.0769, 30.6907, 31.3046, 31.9184, 32.5322, 33.146, 33.7598, 34.3736, 34.9874, 35.6013, 36.2151, 36.8289, 37.4427, 38.0565, 38.6703, 39.2841, 39.898, 40.5118, 41.1256, 41.7394, 42.3532, 42.967, 43.5808, 44.1947, 44.8085, 45.4223, 46.0361, 46.6499, 47.2637, 47.8775, 48.4914, 49.1052, 49.719, 50.3328, 50.9466, 51.5604, 52.1743, 52.7881, 53.4019, 54.0157, 54.6295, 55.2433, 55.8571, 56.471, 57.0848, 57.6986, 58.3124, 58.9262, 59.54, 60.1538, 60.7677, 61.3815, 61.9953, 62.6091, 63.2229, 63.8367, 64.4505, 65.0644, 65.6782, 66.292, 66.9058, 67.5196, 68.1334, 68.7473, 69.3611, 69.9749, 70.5887, 71.2025, 71.8163, 72.4301, 73.044, 73.6578, 74.2716, 74.8854, 75.4992, 76.113, 76.7268, 77.3407, 77.9545, 78.5683, 79.1821, 79.7959, 80.4097, 81.0235, 81.6374, 82.2512, 82.865, 83.4788, 84.0926, 84.7064, 85.3202, 85.9341, 86.5479, 87.1617, 87.7755, 88.3893, 89.0031, 89.617, 90.2308, 90.8446, 91.4584, 92.0722, 92.686, 93.2998, 93.9137, 94.5275, 95.1413, 95.7551, 96.3689, 96.9827, 97.5965, 98.2104, 98.8242, 99.438, 100.052, 100.666, 101.279, 101.893, 102.507, 103.121, 103.735, 104.349, 104.962, 105.576, 106.19, 106.804, 107.418, 108.031, 108.645, 109.259, 109.873, 110.487, 111.1, 111.714, 112.328, 112.942, 113.556, 114.17, 114.783, 115.397, 116.011, 116.625, 117.239, 117.852, 118.466, 119.08, 119.694, 120.308, 120.922, 121.535, 122.149, 122.763, 123.377, 123.991, 124.604, 125.218, 125.832, 126.446, 127.06, 127.673, 128.287, 128.901, 129.515, 130.129, 130.743, 131.356, 131.97, 132.584, 133.198, 133.812, 134.425, 135.039, 135.653, 136.267, 136.881, 137.495, 138.108, 138.722, 139.336, 139.95, 140.564, 141.177, 141.791, 142.405, 143.019, 143.633, 144.246, 144.86, 145.474, 146.088, 146.702, 147.316, 147.929, 148.543, 149.157, 149.771, 150.385, 150.998, 151.612, 152.226, 152.84, 153.454, 154.068, 154.681, 155.295, 155.909, 156.523, 157.137, 157.75, 158.364, 158.978, 159.592, 160.206, 160.819, 161.433, 162.047, 162.661, 163.275, 163.889, 164.502, 165.116, 165.73, 166.344, 166.958, 167.571, 168.185, 168.799, 169.413, 170.027, 170.64, 171.254, 171.868, 172.482, 173.096, 173.71, 174.323, 174.937, 175.551, 176.165, 176.779, 177.392, 178.006, 178.62, 179.234, 179.848, 180.462, 181.075, 181.689, 182.303, 182.917, 183.531, 184.144, 184.758, 185.372, 185.986, 186.6, 187.213, 187.827, 188.441, 189.055, 189.669, 190.283, 190.896, 191.51, 192.124, 192.738, 193.352, 193.965, 194.579, 195.193, 195.807, 196.421, 197.035, 197.648, 198.262, 198.876, 199.49, 200.104, 200.717, 201.331, 201.945, 202.559, 203.173, 203.786, 204.4, 205.014, 205.628, 206.242, 206.856, 207.469, 208.083, 208.697, 209.311, 209.925, 210.538, 211.152, 211.766, 212.38, 212.994, 213.608, 214.221, 214.835, 215.449, 216.063, 216.677, 217.29, 217.904, 218.518, 219.132, 219.746, 220.359, 220.973, 221.587, 222.201, 222.815, 223.429, 224.042, 224.656, 225.27, 225.884, 226.498, 227.111, 227.725, 228.339, 228.953, 229.567, 230.181, 230.794, 231.408, 232.022, 232.636, 233.25, 233.863, 234.477, 235.091, 235.705, 236.319, 236.932, 237.546, 238.16, 238.774, 239.388, 240.002, 240.615, 241.229, 241.843, 242.457, 243.071, 243.684, 244.298, 244.912, 245.526, 246.14, 246.754, 247.367, 247.981, 248.595, 249.209, 249.823, 250.436, 251.05, 251.664, 252.278, 252.892, 253.505, 254.119, 254.733, 255.347, 255.961, 256.575, 257.188, 257.802, 258.416, 259.03, 259.644, 260.257, 260.871, 261.485, 262.099, 262.713, 263.327, 263.94, 264.554, 265.168, 265.782, 266.396, 267.009, 267.623, 268.237, 268.851, 269.465, 270.078, 270.692, 271.306, 271.92, 272.534, 273.148, 273.761, 274.375, 274.989, 275.603, 276.217, 276.83, 277.444, 278.058, 278.672, 279.286, 279.9, 280.513, 281.127, 281.741, 282.355, 282.969, 283.582, 284.196, 284.81, 285.424, 286.038, 286.651, 287.265, 287.879, 288.493, 289.107, 289.721, 290.334, 290.948, 291.562, 292.176, 292.79, 293.403, 294.017
3.16444, 3.16524, 3.16605, 3.16687, 3.1677, 3.16854, 3.16939, 3.17024, 3.17111, 3.17198, 3.17287, 3.17376, 3.17467, 3.17558, 3.1765, 3.17743, 3.17837, 3.17933, 3.18029, 3.18126, 3.18224, 3.18323, 3.18423, 3.18525, 3.18627, 3.1873, 3.18835, 3.1894, 3.19047, 3.19154, 3.19263, 3.19373, 3.19484, 3.19596, 3.19709, 3.19824, 3.19939, 3.20056, 3.20174, 3.20293, 3.20413, 3.20535, 3.20658, 3.20782, 3.20907, 3.21033, 3.21161, 3.2129, 3.2142, 3.21552, 3.21685, 3.21819, 3.21955, 3.22091, 3.2223, 3.22369, 3.2251, 3.22653, 3.22797, 3.22942, 3.23089, 3.23237, 3.23386, 3.23538, 3.2369, 3.23844, 3.24, 3.24157, 3.24316, 3.24476, 3.24638, 3.24801, 3.24966, 3.25133, 3.25301, 3.25471, 3.25643, 3.25817, 3.25992, 3.26168, 3.26347, 3.26527, 3.26709, 3.26893, 3.27079, 3.27267, 3.27456, 3.27647, 3.27841, 3.28036, 3.28233, 3.28432, 3.28633, 3.28836, 3.29041, 3.29248, 3.29457, 3.29668, 3.29881, 3.30096, 3.30314, 3.30534, 3.30755, 3.3098, 3.31206, 3.31435, 3.31665, 3.31899, 3.32134, 3.32372, 3.32613, 3.32855, 3.331, 3.33348, 3.33598, 3.33851, 3.34106, 3.34364, 3.34625, 3.34888, 3.35154, 3.35423, 3.35694, 3.35968, 3.36245, 3.36525, 3.36808, 3.37093, 3.37382, 3.37673, 3.37968, 3.38265, 3.38566, 3.3887, 3.39177, 3.39488, 3.39801, 3.40118, 3.40438, 3.40762, 3.41089, 3.41419, 3.41753, 3.42091, 3.42432, 3.42777, 3.43126, 3.43478, 3.43834, 3.44194, 3.44558, 3.44926, 3.45298, 3.45674, 3.46054, 3.46438, 3.46826, 3.47219, 3.47616, 3.48018, 3.48424, 3.48835, 3.4925, 3.4967, 3.50094, 3.50524, 3.50958, 3.51398, 3.51842, 3.52292, 3.52746, 3.53206, 3.53671, 3.54142, 3.54618, 3.551, 3.55587, 3.56081, 3.5658, 3.57085, 3.57596, 3.58113, 3.58636, 3.59166, 3.59702, 3.60245, 3.60794, 3.61351, 3.61914, 3.62484, 3.63061, 3.63645, 3.64237, 3.64836, 3.65443, 3.66057, 3.6668, 3.6731, 3.67948, 3.68595, 3.69251, 3.69914, 3.70587, 3.71269, 3.71959, 3.72659, 3.73369, 3.74087, 3.74816, 3.75555, 3.76304, 3.77063, 3.77833, 3.78613, 3.79405, 3.80208, 3.81022, 3.81848, 3.82686, 3.83536, 3.84398, 3.85273, 3.86161, 3.87062, 3.87977, 3.88906, 3.89848, 3.90806, 3.91777, 3.92764, 3.93767, 3.94785, 3.95819, 3.9687, 3.97937, 3.99022, 4.00125, 4.01246, 4.02385, 4.03543, 4.04721, 4.05919, 4.07138, 4.08378, 4.09639, 4.10922, 4.12228, 4.13558, 4.14911, 4.1629, 4.17693, 4.19123, 4.20579, 4.22063, 4.23575, 4.25117, 4.26689, 4.28291, 4.29926, 4.31593, 4.33294, 4.3503, 4.36803, 4.38612, 4.40461, 4.42348, 4.44277, 4.46249, 4.48264, 4.50326, 4.52434, 4.54591, 4.56798, 4.59059, 4.61373, 4.63745, 4.66175, 4.68666, 4.71221, 4.73842, 4.76533, 4.79295, 4.82132, 4.85047, 4.88044, 4.91127, 4.94299, 4.97565, 5.00929, 5.04396, 5.07972, 5.11662, 5.15471, 5.19406, 5.23475, 5.27685, 5.32043, 5.36559, 5.41242, 5.46103, 5.51152, 5.56403, 5.61868, 5.67564, 5.73506, 5.79712, 5.86203, 5.93002, 6.00134, 6.07627, 6.15513, 6.23829, 6.32616, 6.41923, 6.51804, 6.62326, 6.73565, 6.85612, 6.98578, 7.12601, 7.27848, 7.4453, 7.62908, 7.83303, 8.06094, 8.31709, 8.6058, 8.93069, 9.29337, 9.69166, 10.1174, 10.5541, 10.9756, 11.3457, 11.6198, 11.7496, 11.6891, 11.4028, 10.8733, 10.1058, 9.12581, 8.01079, 6.81226, 5.60354, 4.45281, 3.41462, 2.5246, 1.79827, 1.23324, 0.813836, 0.516559, 0.315228, 0.184885, 0.10419, 0.0564003, 0.0293205, 0.0146351, 0.00701219, 0.00322403, 0.00142153, 0.000600154, 0.000241563, 9.1369e-05, 3.06173e-05, 6.59792e-06, 2.31511e-06, 7.78663e-07, 2.51006e-07, 7.75489e-08, 2.29627e-08, 6.5167e-09, 1.77251e-09, 4.62067e-10, 1.15446e-10, 2.76444e-11, 6.34444e-12, 1.39552e-12, 2.94194e-13, 5.94413e-14, 1.15106e-14, 2.13632e-15, 3.80004e-16, 6.4784e-17, 1.05853e-17, 1.65766e-18, 2.48795e-19, 3.57887e-20, 4.93407e-21, 6.51961e-22, 8.25645e-23, 1.00212e-23, 1.16575e-24, 1.2997e-25, 1.3888e-26, 1.4223e-27, 1.39604e-28, 1.3133e-29, 1.18408e-30, 1.02319e-31, 8.47399e-33, 6.72628e-34, 5.11702e-35, 3.73092e-36, 2.60717e-37, 1.74614e-38, 1.12084e-39, 6.8955e-41, 4.06577e-42, 2.2976e-43, 1.24441e-44, 6.45962e-46, 3.21371e-47, 1.53236e-48, 7.00279e-50, 3.06716e-51, 1.28753e-52, 5.18006e-54, 1.99741e-55, 7.38168e-57, 2.61456e-58, 8.87558e-60, 2.88769e-61, 9.0045e-63, 2.69107e-64, 7.70804e-66, 2.11602e-67, 5.56736e-69, 1.4039e-70, 3.39294e-72, 7.85909e-74, 1.74471e-75, 3.71218e-77, 7.56992e-79, 1.47947e-80, 2.77127e-82, 4.97515e-84, 8.56028e-86, 1.41164e-87, 2.23109e-89, 3.37958e-91, 4.90642e-93, 6.82687e-95, 9.10402e-97, 1.16359e-98, 1.42535e-100, 1.67339e-102, 1.8829e-104, 2.03055e-106, 2.09872e-108, 2.07898e-110, 1.97378e-112, 1.79599e-114, 1.56626e-116, 1.30912e-118, 1.04869e-120, 8.05138e-123, 5.92446e-125, 4.17812e-127, 2.82402e-129, 1.82941e-131, 1.13581e-133, 6.75861e-136, 3.85445e-138, 2.10679e-140, 1.10366e-142, 5.54121e-145, 2.66641e-147, 1.22972e-149, 5.43546e-152, 2.30262e-154, 9.34895e-157, 3.63796e-159, 1.35677e-161, 4.84964e-164, 1.66137e-166, 5.45479e-169, 1.7165e-171, 5.17682e-174, 1.49636e-176, 4.14539e-179
3.16444, 3.16526, 3.16608, 3.16692, 3.16776, 3.16861, 3.16948, 3.17035, 3.17123, 3.17212, 3.17302, 3.17392, 3.17484, 3.17577, 3.17671, 3.17766, 3.17861, 3.17958, 3.18056, 3.18154, 3.18254, 3.18355, 3.18457, 3.1856, 3.18663, 3.18768, 3.18874, 3.18982, 3.1909, 3.19199, 3.19309, 3.19421, 3.19534, 3.19647, 3.19762, 3.19879, 3.19996, 3.20114, 3.20234, 3.20355, 3.20477, 3.206, 3.20725, 3.2085, 3.20977, 3.21106, 3.21235, 3.21366, 3.21498, 3.21632, 3.21766, 3.21902, 3.2204, 3.22179, 3.22319, 3.2246, 3.22603, 3.22748, 3.22893, 3.23041, 3.23189, 3.23339, 3.23491, 3.23644, 3.23799, 3.23955, 3.24113, 3.24272, 3.24433, 3.24595, 3.24759, 3.24925, 3.25092, 3.25261, 3.25431, 3.25603, 3.25777, 3.25953, 3.2613, 3.26309, 3.2649, 3.26672, 3.26857, 3.27043, 3.27231, 3.27421, 3.27613, 3.27806, 3.28002, 3.28199, 3.28399, 3.286, 3.28804, 3.29009, 3.29217, 3.29426, 3.29638, 3.29851, 3.30067, 3.30285, 3.30505, 3.30727, 3.30952, 3.31179, 3.31408, 3.31639, 3.31873, 3.32109, 3.32347, 3.32588, 3.32831, 3.33076, 3.33325, 3.33575, 3.33828, 3.34084, 3.34342, 3.34603, 3.34867, 3.35133, 3.35402, 3.35673, 3.35948, 3.36225, 3.36505, 3.36788, 3.37074, 3.37363, 3.37655, 3.3795, 3.38248, 3.38549, 3.38853, 3.3916, 3.39471, 3.39784, 3.40101, 3.40422, 3.40746, 3.41073, 3.41404, 3.41738, 3.42076, 3.42417, 3.42762, 3.43111, 3.43463, 3.43819, 3.44179, 3.44543, 3.44911, 3.45283, 3.45659, 3.46039, 3.46424, 3.46812, 3.47205, 3.47602, 3.48004, 3.4841, 3.4882, 3.49235, 3.49655, 3.5008, 3.50509, 3.50943, 3.51383, 3.51827, 3.52276, 3.5273, 3.5319, 3.53655, 3.54126, 3.54601, 3.55083, 3.5557, 3.56063, 3.56561, 3.57066, 3.57577, 3.58093, 3.58616, 3.59146, 3.59681, 3.60223, 3.60772, 3.61328, 3.6189, 3.62459, 3.63036, 3.63619, 3.6421, 3.64808, 3.65414, 3.66028, 3.66649, 3.67279, 3.67916, 3.68562, 3.69216, 3.69879, 3.7055, 3.7123, 3.7192, 3.72618, 3.73326, 3.74043, 3.74771, 3.75508, 3.76255, 3.77012, 3.7778, 3.78559, 3.79349, 3.80149, 3.80961, 3.81785, 3.82621, 3.83468, 3.84328, 3.85201, 3.86086, 3.86985, 3.87897, 3.88822, 3.89762, 3.90716, 3.91684, 3.92668, 3.93667, 3.94681, 3.95711, 3.96758, 3.97822, 3.98902, 4.00001, 4.01117, 4.02251, 4.03405, 4.04578, 4.0577, 4.06984, 4.08217, 4.09473, 4.1075, 4.12049, 4.13372, 4.14719, 4.1609, 4.17486, 4.18908, 4.20356, 4.21831, 4.23335, 4.24867, 4.26429, 4.28022, 4.29646, 4.31302, 4.32992, 4.34717, 4.36477, 4.38274, 4.40108, 4.41982, 4.43897, 4.45853, 4.47852, 4.49897, 4.51987, 4.54126, 4.56315, 4.58555, 4.60848, 4.63197, 4.65604, 4.68071, 4.706, 4.73194, 4.75856, 4.78588, 4.81393, 4.84275, 4.87237, 4.90282, 4.93415, 4.96639, 4.99959, 5.03379, 5.06904, 5.10541, 5.14294, 5.18169, 5.22173, 5.26314, 5.30599, 5.35036, 5.39635, 5.44405, 5.49357, 5.54502, 5.59854, 5.65427, 5.71235, 5.77296, 5.83629, 5.90255, 5.97197, 6.04482, 6.12138, 6.20199, 6.28703, 6.37693, 6.47219, 6.57339, 6.6812, 6.79644, 6.92004, 7.05319, 7.19731, 7.35419, 7.52608, 7.71579, 7.92681, 8.16336, 8.43028, 8.73268, 9.07512, 9.46037, 9.88738, 10.349, 10.8293, 11.3019, 11.7292, 12.0638, 12.2533, 12.2468, 12.0034, 11.5011, 10.7424, 9.75704, 8.59955, 7.34159, 6.06177, 4.83448, 3.72027, 2.75983, 1.97217, 1.3567, 0.897982, 0.571606, 0.349785, 0.205701, 0.116219, 0.063069, 0.0328663, 0.0164434, 0.00789658, 0.00363879, 0.00160804, 0.000680537, 0.000274795, 0.000104462, 3.54349e-05, 8.0624e-06, 2.82437e-06, 9.50359e-07, 3.06485e-07, 9.473e-08, 2.80622e-08, 7.96734e-09, 2.16801e-09, 5.65412e-10, 1.41327e-10, 3.38564e-11, 7.77346e-12, 1.71058e-12, 3.60768e-13, 7.29239e-14, 1.41276e-14, 2.62314e-15, 4.668e-16, 7.96154e-17, 1.30142e-17, 2.03891e-18, 3.06148e-19, 4.40577e-20, 6.0767e-21, 8.03286e-22, 1.01772e-22, 1.23578e-23, 1.43818e-24, 1.60413e-25, 1.71483e-26, 1.75695e-27, 1.72525e-28, 1.62368e-29, 1.46456e-30, 1.2661e-31, 1.04902e-32, 8.33022e-34, 6.33993e-35, 4.62454e-36, 3.23301e-37, 2.16622e-38, 1.39108e-39, 8.56169e-41, 5.05034e-42, 2.85521e-43, 1.54707e-44, 8.03413e-46, 3.99874e-47, 1.90749e-48, 8.7208e-50, 3.82126e-51, 1.60476e-52, 6.4591e-54, 2.49165e-55, 9.2121e-57, 3.26426e-58, 1.10858e-59, 3.60831e-61, 1.12563e-62, 3.36545e-64, 9.64373e-66, 2.64852e-67, 6.97132e-69, 1.75866e-70, 4.25212e-72, 9.85334e-74, 2.18835e-75, 4.65804e-77, 9.50268e-79, 1.85799e-80, 3.48174e-82, 6.25322e-84, 1.07638e-85, 1.77575e-87, 2.80773e-89, 4.25482e-91, 6.17963e-93, 8.60199e-95, 1.1476e-96, 1.46736e-98, 1.79819e-100, 2.11198e-102, 2.37739e-104, 2.56486e-106, 2.65205e-108, 2.62818e-110, 2.49622e-112, 2.2723e-114, 1.98245e-116, 1.65765e-118, 1.32843e-120, 1.02033e-122, 7.51092e-125, 5.2991e-127, 3.58315e-129, 2.32211e-131, 1.44229e-133, 8.58578e-136, 4.89847e-138, 2.67852e-140, 1.40373e-142, 7.05059e-145, 3.39408e-147, 1.56593e-149, 6.92435e-152, 2.93453e-154, 1.19193e-156, 4.64001e-159, 1.73117e-161, 6.19035e-164, 2.12151e-166, 6.96832e-169, 2.19364e-171, 6.61845e-174, 1.91382e-176, 5.30396e-179
208.68
176.57
 
MEASUREMENT 35
1.56305, 4.67879, 7.79453, 10.9103, 14.0312, 17.1469, 20.2679, 23.3784, 26.4796, 29.5859, 32.6913, 35.8071, 38.9228, 42.0385, 45.1595, 48.2752, 51.3909, 54.5067, 57.6224, 60.7381, 63.8435, 66.9593, 70.0698, 73.1752, 76.2806, 79.3859, 82.4913, 85.5967, 88.7021, 91.8074, 94.9128, 98.0182, 101.1, 104.148, 107.196, 110.244, 113.292, 116.339, 119.387, 122.435, 125.483, 128.531, 131.574, 134.622, 137.67, 140.718, 143.766, 146.814, 149.861, 152.909, 155.957, 159.005, 162.053, 165.101, 168.149, 171.197, 174.245, 177.293, 180.341, 183.389, 186.436, 189.484, 192.532, 195.58, 198.621, 201.655, 204.688, 207.722, 210.756, 213.794, 216.838, 219.882, 222.926, 225.97, 229.014, 232.058, 235.102, 238.145, 241.189, 244.233, 247.277, 250.321, 253.37, 256.424, 259.478, 262.532, 265.586, 268.64, 271.695, 274.749, 277.803, 280.857, 283.911, 286.97, 290.035, 293.099
2.8407, 2.83748, 2.82368, 2.98021, 2.82638, 2.85685, 3.07333, 3.07163, 3.03626, 3.0678, 3.10101, 3.16304, 3.16439, 3.20315, 3.19965, 3.22785, 3.3295, 3.36553, 3.42102, 3.46049, 3.10745, 3.42497, 3.43497, 3.42821, 3.50028, 3.50903, 3.53451, 3.52541, 3.57366, 3.31827, 3.63091, 3.18244, 3.65071, 3.65264, 3.68002, 3.69943, 3.7212, 3.74607, 3.78678, 3.80353, 3.81211, 3.86036, 3.9135, 3.9189, 3.9625, 4.0294, 4.08478, 4.12523, 4.16601, 4.20614, 4.29087, 4.35999, 4.45379, 4.5115, 4.60316, 4.81941, 4.8941, 4.96391, 5.15791, 5.40325, 5.58682, 5.95559, 6.30718, 6.9804, 8.91773, 10.1647, 11.4378, 10.467, 5.37914, 1.23343, 0.105845, 0.00543938, 0.00227209, 0.00145935, 0.00129488, 0.000819809, 0.00258417, 0.000287428, -0.00564053, -0.00211268, -0.0112847, -0.0252174, -0.00546411, -0.000733818, -0.0100135, -0.0176195, 0.00316467, -0.0135786, -0.00212609, 0.000251172, -0.00311086, -0.00225792, -0.00461949, -0.00560472, -0.0087366, -0.0331717
0.0852209, 0.0851245, 0.0847103, 0.0894062, 0.0847914, 0.0857054, 0.0921999, 0.092149, 0.0910878, 0.0920339, 0.0930302, 0.0948911, 0.0949316, 0.0960945, 0.0959895, 0.0968355, 0.0998849, 0.100966, 0.10263, 0.103815, 0.0932235, 0.102749, 0.103049, 0.102846, 0.105008, 0.105271, 0.106035, 0.105762, 0.10721, 0.0995482, 0.108927, 0.0954731, 0.109521, 0.109579, 0.110401, 0.110983, 0.111636, 0.112382, 0.113603, 0.114106, 0.114363, 0.115811, 0.117405, 0.117567, 0.118875, 0.120882, 0.122543, 0.123757, 0.12498, 0.126184, 0.128726, 0.1308, 0.133614, 0.135345, 0.138095, 0.144582, 0.146823, 0.148917, 0.154737, 0.162097, 0.167604, 0.178668, 0.189215, 0.209412, 0.267532, 0.304942, 0.343135, 0.314011, 0.161374, 0.0370028, 0.00317535, 0.000163181, 6.81627e-05, 4.37804e-05, 3.88465e-05, 2.45943e-05, 7.75251e-05, 8.62285e-06, 0.000169216, 6.33805e-05, 0.000338542, 0.000756521, 0.000163923, 2.20145e-05, 0.000300405, 0.000528584, 9.494e-05, 0.000407359, 6.37828e-05, 7.53516e-06, 9.33257e-05, 6.77375e-05, 0.000138585, 0.000168141, 0.000262098, 0.000995152
0, 0.613815, 1.22763, 1.84144, 2.45526, 3.06907, 3.68289, 4.2967, 4.91052, 5.52433, 6.13815, 6.75196, 7.36578, 7.97959, 8.59341, 9.20722, 9.82104, 10.4349, 11.0487, 11.6625, 12.2763, 12.8901, 13.5039, 14.1177, 14.7316, 15.3454, 15.9592, 16.573, 17.1868, 17.8006, 18.4144, 19.0283, 19.6421, 20.2559, 20.8697, 21.4835, 22.0973, 22.7111, 23.325, 23.9388, 24.5526, 25.1664, 25.7802, 26.394, 27.0078, 27.6217, 28.2355, 28.8493, 29.4631, 30.0769, 30.6907, 31.3046, 31.9184, 32.5322, 33.146, 33.7598, 34.3736, 34.9874, 35.6013, 36.2151, 36.8289, 37.4427, 38.0565, 38.6703, 39.2841, 39.898, 40.5118, 41.1256, 41.7394, 42.3532, 42.967, 43.5808, 44.1947, 44.8085, 45.4223, 46.0361, 46.6499, 47.2637, 47.8775, 48.4914, 49.1052, 49.719, 50.3328, 50.9466, 51.5604, 52.1743, 52.7881, 53.4019, 54.0157, 54.6295, 55.2433, 55.8571, 56.471, 57.0848, 57.6986, 58.3124, 58.9262, 59.54, 60.1538, 60.7677, 61.3815, 61.9953, 62.6091, 63.2229, 63.8367, 64.4505, 65.0644, 65.6782, 66.292, 66.9058, 67.5196, 68.1334, 68.7473, 69.3611, 69.9749, 70.5887, 71.2025, 71.8163, 72.4301, 73.044, 73.6578, 74.2716, 74.8854, 75.4992, 76.113, 76.7268, 77.3407, 77.9545, 78.5683, 79.1821, 79.7959, 80.4097, 81.0235, 81.6374, 82.2512, 82.865, 83.4788, 84.0926, 84.7064, 85.3202, 85.9341, 86.5479, 87.1617, 87.7755, 88.3893, 89.0031, 89.617, 90.2308, 90.8446, 91.4584, 92.0722, 92.686, 93.2998, 93.9137, 94.5275, 95.1413, 95.7551, 96.3689, 96.9827, 97.5965, 98.2104, 98.8242, 99.438, 100.052, 100.666, 101.279, 101.893, 102.507, 103.121, 103.735, 104.349, 104.962, 105.576, 106.19, 106.804, 107.418, 108.031, 108.645, 109.259, 109.873, 110.487, 111.1, 111.714, 112.328, 112.942, 113.556, 114.17, 114.783, 115.397, 116.011, 116.625, 117.239, 117.852, 118.466, 119.08, 119.694, 120.308, 120.922, 121.535, 122.149, 122.763, 123.377, 123.991, 124.604, 125.218, 125.832, 126.446, 127.06, 127.673, 128.287, 128.901, 129.515, 130.129, 130.743, 131.356, 131.97, 132.584, 133.198, 133.812, 134.425, 135.039, 135.653, 136.267, 136.881, 137.495, 138.108, 138.722, 139.336, 139.95, 140.564, 141.177, 141.791, 142.405, 143.019, 143.633, 144.246, 144.86, 145.474, 146.088, 146.702, 147.316, 147.929, 148.543, 149.157, 149.771, 150.385, 150.998, 151.612, 152.226, 152.84, 153.454, 154.068, 154.681, 155.295, 155.909, 156.523, 157.137, 157.75, 158.364, 158.978, 159.592, 160.206, 160.819, 161.433, 162.047, 162.661, 163.275, 163.889, 164.502, 165.116, 165.73, 166.344, 166.958, 167.571, 168.185, 168.799, 169.413, 170.027, 170.64, 171.254, 171.868, 172.482, 173.096, 173.71, 174.323, 174.937, 175.551, 176.165, 176.779, 177.392, 178.006, 178.62, 179.234, 179.848, 180.462, 181.075, 181.689, 182.303, 182.917, 183.531, 184.144, 184.758, 185.372, 185.986, 186.6, 187.213, 187.827, 188.441, 189.055, 189.669, 190.283, 190.896, 191.51, 192.124, 192.738, 193.352, 193.965, 194.579, 195.193, 195.807, 196.421, 197.035, 197.648, 198.262, 198.876, 199.49, 200.104, 200.717, 201.331, 201.945, 202.559, 203.173, 203.786, 204.4, 205.014, 205.628, 206.242, 206.856, 207.469, 208.083, 208.697, 209.311, 209.925, 210.538, 211.152, 211.766, 212.38, 212.994, 213.608, 214.221, 214.835, 215.449, 216.063, 216.677, 217.29, 217.904, 218.518, 219.132, 219.746, 220.359, 220.973, 221.587, 222.201, 222.815, 223.429, 224.042, 224.656, 225.27, 225.884, 226.498, 227.111, 227.725, 228.339, 228.953, 229.567, 230.181, 230.794, 231.408, 232.022, 232.636, 233.25, 233.863, 234.477, 235.091, 235.705, 236.319, 236.932, 237.546, 238.16, 238.774, 239.388, 240.002, 240.615, 241.229, 241.843, 242.457, 243.071, 243.684, 244.298, 244.912, 245.526, 246.14, 246.754, 247.367, 247.981, 248.595, 249.209, 249.823, 250.436, 251.05, 251.664, 252.278, 252.892, 253.505, 254.119, 254.733, 255.347, 255.961, 256.575, 257.188, 257.802, 258.416, 259.03, 259.644, 260.257, 260.871, 261.485, 262.099, 262.713, 263.327, 263.94, 264.554, 265.168, 265.782, 266.396, 267.009, 267.623, 268.237, 268.851, 269.465, 270.078, 270.692, 271.306, 271.92, 272.534, 273.148, 273.761, 274.375, 274.989, 275.603, 276.217, 276.83, 277.444, 278.058, 278.672, 279.286, 279.9, 280.513, 281.127, 281.741, 282.355, 282.969, 283.582, 284.196, 284.81, 285.424, 286.038, 286.651, 287.265, 287.879, 288.493, 289.107, 289.721, 290.334, 290.948, 291.562, 292.176, 292.79, 293.403, 294.017
3.16269, 3.1635, 3.16431, 3.16513, 3.16596, 3.1668, 3.16765, 3.16851, 3.16938, 3.17026, 3.17114, 3.17204, 3.17294, 3.17386, 3.17478, 3.17572, 3.17666, 3.17762, 3.17858, 3.17955, 3.18054, 3.18153, 3.18254, 3.18355, 3.18458, 3.18561, 3.18666, 3.18772, 3.18878, 3.18986, 3.19095, 3.19205, 3.19317, 3.19429, 3.19543, 3.19657, 3.19773, 3.1989, 3.20008, 3.20128, 3.20248, 3.2037, 3.20493, 3.20617, 3.20743, 3.2087, 3.20998, 3.21127, 3.21258, 3.21389, 3.21523, 3.21657, 3.21793, 3.2193, 3.22069, 3.22209, 3.2235, 3.22493, 3.22637, 3.22783, 3.2293, 3.23078, 3.23228, 3.2338, 3.23533, 3.23687, 3.23843, 3.24001, 3.2416, 3.2432, 3.24483, 3.24646, 3.24812, 3.24979, 3.25148, 3.25318, 3.2549, 3.25664, 3.25839, 3.26017, 3.26196, 3.26376, 3.26559, 3.26743, 3.26929, 3.27117, 3.27307, 3.27499, 3.27693, 3.27888, 3.28086, 3.28285, 3.28486, 3.2869, 3.28895, 3.29103, 3.29312, 3.29524, 3.29738, 3.29954, 3.30172, 3.30392, 3.30614, 3.30839, 3.31066, 3.31295, 3.31526, 3.3176, 3.31996, 3.32235, 3.32476, 3.32719, 3.32965, 3.33213, 3.33464, 3.33717, 3.33973, 3.34232, 3.34493, 3.34757, 3.35023, 3.35292, 3.35564, 3.35839, 3.36117, 3.36397, 3.36681, 3.36967, 3.37256, 3.37549, 3.37844, 3.38142, 3.38444, 3.38748, 3.39056, 3.39367, 3.39682, 3.39999, 3.4032, 3.40645, 3.40973, 3.41304, 3.41639, 3.41977, 3.42319, 3.42665, 3.43015, 3.43368, 3.43725, 3.44086, 3.44451, 3.4482, 3.45192, 3.45569, 3.4595, 3.46336, 3.46725, 3.47119, 3.47517, 3.4792, 3.48327, 3.48739, 3.49155, 3.49576, 3.50002, 3.50433, 3.50869, 3.51309, 3.51755, 3.52205, 3.52661, 3.53123, 3.53589, 3.54061, 3.54539, 3.55022, 3.55511, 3.56005, 3.56506, 3.57012, 3.57525, 3.58044, 3.58569, 3.591, 3.59638, 3.60182, 3.60733, 3.61291, 3.61856, 3.62428, 3.63007, 3.63593, 3.64186, 3.64788, 3.65396, 3.66013, 3.66637, 3.6727, 3.6791, 3.68559, 3.69217, 3.69883, 3.70558, 3.71242, 3.71935, 3.72637, 3.73349, 3.7407, 3.74801, 3.75543, 3.76294, 3.77056, 3.77829, 3.78612, 3.79407, 3.80212, 3.8103, 3.81859, 3.827, 3.83553, 3.84419, 3.85297, 3.86189, 3.87093, 3.88012, 3.88944, 3.8989, 3.90851, 3.91827, 3.92818, 3.93825, 3.94847, 3.95886, 3.96941, 3.98013, 3.99103, 4.0021, 4.01336, 4.02481, 4.03644, 4.04828, 4.06031, 4.07256, 4.08501, 4.09768, 4.11058, 4.1237, 4.13706, 4.15067, 4.16452, 4.17862, 4.19299, 4.20763, 4.22255, 4.23776, 4.25326, 4.26906, 4.28517, 4.30161, 4.31838, 4.33549, 4.35295, 4.37078, 4.38898, 4.40758, 4.42657, 4.44598, 4.46582, 4.48611, 4.50686, 4.52808, 4.54979, 4.57202, 4.59478, 4.61809, 4.64198, 4.66646, 4.69156, 4.7173, 4.74371, 4.77083, 4.79867, 4.82727, 4.85667, 4.8869, 4.91799, 4.95, 4.98295, 5.01691, 5.05191, 5.08801, 5.12527, 5.16375, 5.20352, 5.24464, 5.2872, 5.33127, 5.37696, 5.42435, 5.47355, 5.52469, 5.57788, 5.63328, 5.69103, 5.75131, 5.81431, 5.88023, 5.94933, 6.02185, 6.09811, 6.17844, 6.26322, 6.35289, 6.44798, 6.54908, 6.65689, 6.77224, 6.89614, 7.02983, 7.17481, 7.33295, 7.50656, 7.69845, 7.91195, 8.15084, 8.419, 8.71989, 9.05552, 9.42509, 9.82318, 10.2379, 10.6493, 11.0287, 11.3392, 11.5387, 11.5843, 11.4383, 11.0751, 10.4868, 9.68571, 8.70546, 7.61506, 6.46404, 5.31758, 4.23467, 3.26144, 2.42738, 1.74466, 1.21025, 0.809885, 0.5226, 0.325056, 0.194829, 0.112497, 0.0625624, 0.0335028, 0.0172725, 0.00857131, 0.00409298, 0.0018799, 0.000829665, 0.000350927, 0.000141151, 5.25371e-05, 1.5839e-05, 4.01894e-06, 1.43455e-06, 4.92182e-07, 1.6229e-07, 5.14302e-08, 1.5664e-08, 4.58505e-09, 1.28987e-09, 3.48742e-10, 9.06194e-11, 2.26306e-11, 5.43164e-12, 1.25292e-12, 2.77763e-13, 5.91812e-14, 1.21186e-14, 2.38494e-15, 4.51087e-16, 8.19979e-17, 1.43253e-17, 2.40526e-18, 3.88132e-19, 6.01941e-20, 8.97196e-21, 1.28522e-21, 1.76941e-22, 2.34119e-23, 2.97716e-24, 3.63853e-25, 4.27374e-26, 4.82445e-27, 5.23415e-28, 5.45761e-29, 5.46911e-30, 5.26731e-31, 4.87549e-32, 4.33717e-33, 3.70811e-34, 3.04689e-35, 2.40613e-36, 1.82616e-37, 1.33204e-38, 9.33796e-40, 6.29137e-41, 4.07377e-42, 2.53516e-43, 1.51626e-44, 8.7156e-46, 4.81481e-47, 2.55635e-48, 1.30442e-49, 6.39695e-51, 3.01499e-52, 1.36571e-53, 5.94547e-55, 2.48755e-56, 1.00027e-57, 3.86561e-59, 1.43574e-60, 5.125e-62, 1.7582e-63, 5.79696e-65, 1.83692e-66, 5.59418e-68, 1.63735e-69, 4.60577e-71, 1.24515e-72, 3.23518e-74, 8.07854e-76, 1.93876e-77, 4.47171e-79, 9.91242e-81, 2.11175e-82, 4.32379e-84, 8.50829e-86, 1.60908e-87, 2.92463e-89, 5.10883e-91, 8.57686e-93, 1.38386e-94, 2.14593e-96, 3.19811e-98, 4.58068e-100, 6.30556e-102, 8.34207e-104, 1.06067e-105, 1.29612e-107, 1.52219e-109, 1.71809e-111, 1.86373e-113, 1.94301e-115, 1.94682e-117, 1.8747e-119, 1.73499e-121, 1.54318e-123, 1.31915e-125, 1.08375e-127, 8.55701e-130, 6.49338e-132, 4.73561e-134, 3.31924e-136, 2.23593e-138, 1.44755e-140, 9.00671e-143, 5.38587e-145, 3.0953e-147, 1.70964e-149, 9.07538e-152, 4.63e-154, 2.27015e-156, 1.06976e-158, 4.84475e-161, 2.1087e-163, 8.82092e-166, 3.54626e-168
3.16269, 3.16351, 3.16434, 3.16518, 3.16602, 3.16688, 3.16774, 3.16861, 3.1695, 3.17039, 3.17129, 3.1722, 3.17312, 3.17405, 3.17499, 3.17594, 3.1769, 3.17787, 3.17885, 3.17984, 3.18084, 3.18185, 3.18287, 3.1839, 3.18494, 3.18599, 3.18706, 3.18813, 3.18921, 3.19031, 3.19142, 3.19254, 3.19366, 3.19481, 3.19596, 3.19712, 3.1983, 3.19948, 3.20068, 3.20189, 3.20312, 3.20435, 3.2056, 3.20686, 3.20813, 3.20942, 3.21072, 3.21203, 3.21335, 3.21469, 3.21604, 3.21741, 3.21878, 3.22017, 3.22158, 3.223, 3.22443, 3.22588, 3.22734, 3.22881, 3.23031, 3.23181, 3.23333, 3.23486, 3.23641, 3.23798, 3.23956, 3.24115, 3.24277, 3.24439, 3.24604, 3.2477, 3.24937, 3.25106, 3.25277, 3.2545, 3.25624, 3.258, 3.25978, 3.26157, 3.26339, 3.26522, 3.26706, 3.26893, 3.27081, 3.27272, 3.27464, 3.27658, 3.27854, 3.28052, 3.28252, 3.28454, 3.28658, 3.28864, 3.29071, 3.29281, 3.29494, 3.29708, 3.29924, 3.30142, 3.30363, 3.30586, 3.30811, 3.31038, 3.31268, 3.315, 3.31734, 3.3197, 3.32209, 3.3245, 3.32694, 3.3294, 3.33189, 3.3344, 3.33694, 3.3395, 3.34209, 3.34471, 3.34735, 3.35002, 3.35271, 3.35543, 3.35819, 3.36097, 3.36377, 3.36661, 3.36948, 3.37237, 3.3753, 3.37825, 3.38124, 3.38426, 3.38731, 3.39039, 3.3935, 3.39665, 3.39982, 3.40304, 3.40628, 3.40956, 3.41288, 3.41623, 3.41961, 3.42304, 3.4265, 3.42999, 3.43353, 3.4371, 3.44071, 3.44436, 3.44805, 3.45178, 3.45554, 3.45936, 3.46321, 3.4671, 3.47104, 3.47503, 3.47905, 3.48312, 3.48724, 3.4914, 3.49561, 3.49987, 3.50418, 3.50853, 3.51293, 3.51739, 3.52189, 3.52645, 3.53106, 3.53572, 3.54044, 3.54521, 3.55004, 3.55493, 3.55987, 3.56487, 3.56993, 3.57505, 3.58023, 3.58548, 3.59079, 3.59616, 3.6016, 3.6071, 3.61267, 3.61832, 3.62403, 3.62981, 3.63566, 3.64159, 3.64759, 3.65367, 3.65982, 3.66606, 3.67237, 3.67877, 3.68525, 3.69181, 3.69846, 3.7052, 3.71202, 3.71894, 3.72595, 3.73305, 3.74025, 3.74755, 3.75494, 3.76244, 3.77004, 3.77775, 3.78556, 3.79349, 3.80153, 3.80968, 3.81795, 3.82633, 3.83484, 3.84347, 3.85223, 3.86112, 3.87014, 3.87929, 3.88859, 3.89802, 3.9076, 3.91732, 3.9272, 3.93723, 3.94741, 3.95776, 3.96827, 3.97895, 3.98981, 4.00084, 4.01205, 4.02345, 4.03503, 4.04682, 4.0588, 4.07098, 4.08338, 4.09599, 4.10882, 4.12188, 4.13518, 4.14871, 4.16249, 4.17652, 4.19081, 4.20537, 4.2202, 4.23531, 4.25072, 4.26642, 4.28244, 4.29877, 4.31543, 4.33242, 4.34977, 4.36747, 4.38554, 4.404, 4.42286, 4.44212, 4.4618, 4.48193, 4.5025, 4.52354, 4.54507, 4.56711, 4.58966, 4.61276, 4.63642, 4.66066, 4.68551, 4.71099, 4.73713, 4.76395, 4.79149, 4.81977, 4.84882, 4.87869, 4.9094, 4.941, 4.97353, 5.00703, 5.04155, 5.07714, 5.11386, 5.15176, 5.19091, 5.23138, 5.27323, 5.31656, 5.36143, 5.40796, 5.45623, 5.50636, 5.55847, 5.6127, 5.66918, 5.72808, 5.78958, 5.85387, 5.92117, 5.99173, 6.06582, 6.14375, 6.22587, 6.31259, 6.40435, 6.5017, 6.60526, 6.71576, 6.83407, 6.96125, 7.09859, 7.24769, 7.41054, 7.58962, 7.788, 8.00935, 8.25794, 8.53829, 8.85467, 9.21007, 9.6047, 10.0341, 10.4871, 10.9438, 11.3746, 11.741, 11.9976, 12.0976, 11.9987, 11.6707, 11.1022, 10.304, 9.31047, 8.17547, 6.9655, 5.75062, 4.59533, 3.55098, 2.65133, 1.91148, 1.32991, 0.892495, 0.57749, 0.36015, 0.216417, 0.125271, 0.0698332, 0.0374832, 0.0193682, 0.00963236, 0.00460956, 0.00212172, 0.00093848, 0.000397968, 0.000160718, 6.02401e-05, 1.85919e-05, 4.90706e-06, 1.74988e-06, 6.00609e-07, 1.98122e-07, 6.28107e-08, 1.91378e-08, 5.60414e-09, 1.57719e-09, 4.26597e-10, 1.10895e-10, 2.77052e-11, 6.65227e-12, 1.5351e-12, 3.40457e-13, 7.25682e-14, 1.48658e-14, 2.92677e-15, 5.53793e-16, 1.00708e-16, 1.76011e-17, 2.95646e-18, 4.77269e-19, 7.4048e-20, 1.10413e-20, 1.58229e-21, 2.17927e-22, 2.88465e-23, 3.66972e-24, 4.48674e-25, 5.27214e-26, 5.95389e-27, 6.46209e-28, 6.74067e-29, 6.75758e-30, 6.51084e-31, 6.02894e-32, 5.36541e-33, 4.58904e-34, 3.77224e-35, 2.98013e-36, 2.26271e-37, 1.65112e-38, 1.15794e-39, 7.80467e-41, 5.05567e-42, 3.14746e-43, 1.88322e-44, 1.08292e-45, 5.98484e-47, 3.17881e-48, 1.62269e-49, 7.96092e-51, 3.7536e-52, 1.70095e-53, 7.40785e-55, 3.10063e-56, 1.24729e-57, 4.82213e-59, 1.79172e-60, 6.39819e-62, 2.19585e-63, 7.24279e-65, 2.29597e-66, 6.99493e-68, 2.04813e-69, 5.76356e-71, 1.55876e-72, 4.05161e-74, 1.01212e-75, 2.42993e-77, 5.60676e-79, 1.24333e-80, 2.64985e-82, 5.42764e-84, 1.06846e-85, 2.02145e-87, 3.67557e-89, 6.42308e-91, 1.07875e-92, 1.74121e-94, 2.70111e-96, 4.02707e-98, 5.77023e-100, 7.94611e-102, 1.05165e-103, 1.33766e-105, 1.63523e-107, 1.92118e-109, 2.16927e-111, 2.35405e-113, 2.45513e-115, 2.46089e-117, 2.37063e-119, 2.1948e-121, 1.9529e-123, 1.67003e-125, 1.37254e-127, 1.08413e-129, 8.2299e-132, 6.00433e-134, 4.21009e-136, 2.8371e-138, 1.83745e-140, 1.1437e-142, 6.84171e-145, 3.93346e-147, 2.17341e-149, 1.15415e-151, 5.89038e-154, 2.88921e-156, 1.36198e-158, 6.17049e-161, 2.68674e-163, 1.12431e-165, 4.52173e-168
208.51
176.49
 
MEASUREMENT 36
1.56305, 4.67879, 7.79453, 10.9103, 14.0312, 17.1469, 20.2679, 23.3784, 26.4796, 29.5859, 32.6913, 35.8071, 38.9228, 42.0385, 45.1595, 48.2752, 51.3909, 54.5067, 57.6224, 60.7381, 63.8435, 66.9593, 70.0698, 73.1752, 76.2806, 79.3859, 82.4913, 85.5967, 88.7021, 91.8074, 94.9128, 98.0182, 101.1, 104.148, 107.196, 110.244, 113.292, 116.339, 119.387, 122.435, 125.483, 128.531, 131.574, 134.622, 137.67, 140.718, 143.766, 146.814, 149.861, 152.909, 155.957, 159.005, 162.053, 165.101, 168.149, 171.197, 174.245, 177.293, 180.341, 183.389, 186.436, 189.484, 192.532, 195.58, 198.621, 201.655, 204.688, 207.722, 210.756, 213.794, 216.838, 219.882, 222.926, 225.97, 229.014, 232.058, 235.102, 238.145, 241.189, 244.233, 247.277, 250.321, 253.37, 256.424, 259.478, 262.532, 265.586, 268.64, 271.695, 274.749, 277.803, 280.857, 283.911, 286.97, 290.035, 293.099
2.839, 2.83828, 2.82414, 2.97762, 2.82684, 2.85496, 3.08289, 3.07339, 3.03253, 3.0672, 3.09791, 3.16245, 3.16311, 3.20213, 3.19803, 3.22808, 3.33296, 3.36831, 3.42187, 3.45297, 3.12707, 3.42713, 3.43129, 3.42642, 3.49995, 3.50708, 3.53088, 3.5218, 3.57134, 3.31887, 3.63021, 3.16508, 3.64541, 3.64905, 3.68225, 3.69829, 3.71748, 3.75035, 3.78554, 3.79948, 3.81302, 3.85634, 3.91297, 3.91664, 3.95849, 4.02333, 4.08466, 4.12203, 4.15955, 4.20189, 4.28716, 4.36193, 4.44524, 4.50835, 4.59728, 4.82217, 4.89145, 4.96066, 5.15816, 5.39653, 5.5818, 5.95071, 6.30868, 6.9878, 8.91329, 10.1585, 11.4321, 10.4598, 5.37739, 1.22753, 0.105207, 0.00349294, 0.0035439, 0.000641047, 0.00219664, 0.00115927, 0.000724041, 0.00142657, -0.00151036, -0.00205215, -0.0106962, -0.0232294, -0.00553622, -0.00224094, -0.0103731, -0.0171477, -0.00150804, -0.0138479, -0.00323625, -0.000252284, -0.002591, -0.00175583, -0.00795782, -0.0028591, -0.00805704, -0.0322797
0.0851699, 0.0851485, 0.0847243, 0.0893287, 0.0848052, 0.0856489, 0.0924867, 0.0922018, 0.0909759, 0.0920161, 0.0929374, 0.0948735, 0.0948932, 0.0960639, 0.095941, 0.0968423, 0.0999888, 0.101049, 0.102656, 0.103589, 0.0938121, 0.102814, 0.102939, 0.102793, 0.104998, 0.105212, 0.105926, 0.105654, 0.10714, 0.0995661, 0.108906, 0.0949525, 0.109362, 0.109472, 0.110468, 0.110949, 0.111524, 0.112511, 0.113566, 0.113985, 0.114391, 0.11569, 0.117389, 0.117499, 0.118755, 0.1207, 0.12254, 0.123661, 0.124787, 0.126057, 0.128615, 0.130858, 0.133357, 0.135251, 0.137919, 0.144665, 0.146744, 0.14882, 0.154745, 0.161896, 0.167454, 0.178521, 0.18926, 0.209634, 0.267399, 0.304755, 0.342963, 0.313793, 0.161322, 0.0368259, 0.00315621, 0.000104788, 0.000106317, 1.92314e-05, 6.58992e-05, 3.47781e-05, 2.17212e-05, 4.27972e-05, 4.53109e-05, 6.15646e-05, 0.000320886, 0.000696881, 0.000166086, 6.72281e-05, 0.000311194, 0.000514431, 4.52412e-05, 0.000415436, 9.70876e-05, 7.56852e-06, 7.773e-05, 5.26748e-05, 0.000238734, 8.57729e-05, 0.000241711, 0.000968392
0, 0.613815, 1.22763, 1.84144, 2.45526, 3.06907, 3.68289, 4.2967, 4.91052, 5.52433, 6.13815, 6.75196, 7.36578, 7.97959, 8.59341, 9.20722, 9.82104, 10.4349, 11.0487, 11.6625, 12.2763, 12.8901, 13.5039, 14.1177, 14.7316, 15.3454, 15.9592, 16.573, 17.1868, 17.8006, 18.4144, 19.0283, 19.6421, 20.2559, 20.8697, 21.4835, 22.0973, 22.7111, 23.325, 23.9388, 24.5526, 25.1664, 25.7802, 26.394, 27.0078, 27.6217, 28.2355, 28.8493, 29.4631, 30.0769, 30.6907, 31.3046, 31.9184, 32.5322, 33.146, 33.7598, 34.3736, 34.9874, 35.6013, 36.2151, 36.8289, 37.4427, 38.0565, 38.6703, 39.2841, 39.898, 40.5118, 41.1256, 41.7394, 42.3532, 42.967, 43.5808, 44.1947, 44.8085, 45.4223, 46.0361, 46.6499, 47.2637, 47.8775, 48.4914, 49.1052, 49.719, 50.3328, 50.9466, 51.5604, 52.1743, 52.7881, 53.4019, 54.0157, 54.6295, 55.2433, 55.8571, 56.471, 57.0848, 57.6986, 58.3124, 58.9262, 59.54, 60.1538, 60.7677, 61.3815, 61.9953, 62.6091, 63.2229, 63.8367, 64.4505, 65.0644, 65.6782, 66.292, 66.9058, 67.5196, 68.1334, 68.7473, 69.3611, 69.9749, 70.5887, 71.2025, 71.8163, 72.4301, 73.044, 73.6578, 74.2716, 74.8854, 75.4992, 76.113, 76.7268, 77.3407, 77.9545, 78.5683, 79.1821, 79.7959, 80.4097, 81.0235, 81.6374, 82.2512, 82.865, 83.4788, 84.0926, 84.7064, 85.3202, 85.9341, 86.5479, 87.1617, 87.7755, 88.3893, 89.0031, 89.617, 90.2308, 90.8446, 91.4584, 92.0722, 92.686, 93.2998, 93.9137, 94.5275, 95.1413, 95.7551, 96.3689, 96.9827, 97.5965, 98.2104, 98.8242, 99.438, 100.052, 100.666, 101.279, 101.893, 102.507, 103.121, 103.735, 104.349, 104.962, 105.576, 106.19, 106.804, 107.418, 108.031, 108.645, 109.259, 109.873, 110.487, 111.1, 111.714, 112.328, 112.942, 113.556, 114.17, 114.783, 115.397, 116.011, 116.625, 117.239, 117.852, 118.466, 119.08, 119.694, 120.308, 120.922, 121.535, 122.149, 122.763, 123.377, 123.991, 124.604, 125.218, 125.832, 126.446, 127.06, 127.673, 128.287, 128.901, 129.515, 130.129, 130.743, 131.356, 131.97, 132.584, 133.198, 133.812, 134.425, 135.039, 135.653, 136.267, 136.881, 137.495, 138.108, 138.722, 139.336, 139.95, 140.564, 141.177, 141.791, 142.405, 143.019, 143.633, 144.246, 144.86, 145.474, 146.088, 146.702, 147.316, 147.929, 148.543, 149.157, 149.771, 150.385, 150.998, 151.612, 152.226, 152.84, 153.454, 154.068, 154.681, 155.295, 155.909, 156.523, 157.137, 157.75, 158.364, 158.978, 159.592, 160.206, 160.819, 161.433, 162.047, 162.661, 163.275, 163.889, 164.502, 165.116, 165.73, 166.344, 166.958, 167.571, 168.185, 168.799, 169.413, 170.027, 170.64, 171.254, 171.868, 172.482, 173.096, 173.71, 174.323, 174.937, 175.551, 176.165, 176.779, 177.392, 178.006, 178.62, 179.234, 179.848, 180.462, 181.075, 181.689, 182.303, 182.917, 183.531, 184.144, 184.758, 185.372, 185.986, 186.6, 187.213, 187.827, 188.441, 189.055, 189.669, 190.283, 190.896, 191.51, 192.124, 192.738, 193.352, 193.965, 194.579, 195.193, 195.807, 196.421, 197.035, 197.648, 198.262, 198.876, 199.49, 200.104, 200.717, 201.331, 201.945, 202.559, 203.173, 203.786, 204.4, 205.014, 205.628, 206.242, 206.856, 207.469, 208.083, 208.697, 209.311, 209.925, 210.538, 211.152, 211.766, 212.38, 212.994, 213.608, 214.221, 214.835, 215.449, 216.063, 216.677, 217.29, 217.904, 218.518, 219.132, 219.746, 220.359, 220.973, 221.587, 222.201, 222.815, 223.429, 224.042, 224.656, 225.27, 225.884, 226.498, 227.111, 227.725, 228.339, 228.953, 229.567, 230.181, 230.794, 231.408, 232.022, 232.636, 233.25, 233.863, 234.477, 235.091, 235.705, 236.319, 236.932, 237.546, 238.16, 238.774, 239.388, 240.002, 240.615, 241.229, 241.843, 242.457, 243.071, 243.684, 244.298, 244.912, 245.526, 246.14, 246.754, 247.367, 247.981, 248.595, 249.209, 249.823, 250.436, 251.05, 251.664, 252.278, 252.892, 253.505, 254.119, 254.733, 255.347, 255.961, 256.575, 257.188, 257.802, 258.416, 259.03, 259.644, 260.257, 260.871, 261.485, 262.099, 262.713, 263.327, 263.94, 264.554, 265.168, 265.782, 266.396, 267.009, 267.623, 268.237, 268.851, 269.465, 270.078, 270.692, 271.306, 271.92, 272.534, 273.148, 273.761, 274.375, 274.989, 275.603, 276.217, 276.83, 277.444, 278.058, 278.672, 279.286, 279.9, 280.513, 281.127, 281.741, 282.355, 282.969, 283.582, 284.196, 284.81, 285.424, 286.038, 286.651, 287.265, 287.879, 288.493, 289.107, 289.721, 290.334, 290.948, 291.562, 292.176, 292.79, 293.403, 294.017
3.16363, 3.16443, 3.16524, 3.16605, 3.16688, 3.16772, 3.16856, 3.16942, 3.17028, 3.17115, 3.17203, 3.17292, 3.17382, 3.17473, 3.17565, 3.17658, 3.17752, 3.17847, 3.17943, 3.1804, 3.18138, 3.18237, 3.18336, 3.18437, 3.18539, 3.18642, 3.18747, 3.18852, 3.18958, 3.19065, 3.19174, 3.19283, 3.19394, 3.19506, 3.19619, 3.19733, 3.19848, 3.19964, 3.20082, 3.20201, 3.20321, 3.20442, 3.20564, 3.20688, 3.20813, 3.20939, 3.21066, 3.21195, 3.21325, 3.21456, 3.21589, 3.21722, 3.21858, 3.21994, 3.22132, 3.22271, 3.22412, 3.22554, 3.22697, 3.22842, 3.22989, 3.23136, 3.23286, 3.23436, 3.23588, 3.23742, 3.23897, 3.24054, 3.24212, 3.24372, 3.24534, 3.24697, 3.24861, 3.25027, 3.25195, 3.25365, 3.25536, 3.25709, 3.25884, 3.2606, 3.26238, 3.26418, 3.26599, 3.26783, 3.26968, 3.27155, 3.27344, 3.27535, 3.27727, 3.27922, 3.28118, 3.28317, 3.28517, 3.2872, 3.28924, 3.2913, 3.29339, 3.29549, 3.29762, 3.29977, 3.30194, 3.30413, 3.30634, 3.30858, 3.31083, 3.31311, 3.31541, 3.31774, 3.32009, 3.32246, 3.32486, 3.32728, 3.32972, 3.33219, 3.33469, 3.33721, 3.33976, 3.34233, 3.34493, 3.34755, 3.3502, 3.35288, 3.35558, 3.35832, 3.36108, 3.36387, 3.36669, 3.36954, 3.37241, 3.37532, 3.37826, 3.38123, 3.38422, 3.38725, 3.39032, 3.39341, 3.39654, 3.3997, 3.40289, 3.40611, 3.40938, 3.41267, 3.416, 3.41937, 3.42277, 3.42621, 3.42968, 3.43319, 3.43674, 3.44033, 3.44396, 3.44763, 3.45134, 3.45508, 3.45887, 3.4627, 3.46658, 3.47049, 3.47445, 3.47845, 3.4825, 3.4866, 3.49074, 3.49492, 3.49915, 3.50344, 3.50777, 3.51214, 3.51657, 3.52105, 3.52559, 3.53017, 3.53481, 3.5395, 3.54424, 3.54905, 3.5539, 3.55882, 3.56379, 3.56883, 3.57392, 3.57907, 3.58429, 3.58957, 3.59491, 3.60032, 3.6058, 3.61134, 3.61695, 3.62263, 3.62838, 3.6342, 3.6401, 3.64607, 3.65212, 3.65824, 3.66444, 3.67072, 3.67708, 3.68353, 3.69006, 3.69667, 3.70337, 3.71016, 3.71704, 3.72402, 3.73108, 3.73824, 3.7455, 3.75286, 3.76032, 3.76788, 3.77555, 3.78333, 3.79121, 3.79921, 3.80732, 3.81554, 3.82389, 3.83235, 3.84094, 3.84965, 3.8585, 3.86747, 3.87658, 3.88583, 3.89521, 3.90474, 3.91442, 3.92424, 3.93422, 3.94436, 3.95465, 3.96511, 3.97574, 3.98654, 3.99752, 4.00867, 4.02001, 4.03154, 4.04327, 4.05519, 4.06732, 4.07965, 4.0922, 4.10497, 4.11797, 4.13119, 4.14466, 4.15837, 4.17233, 4.18655, 4.20104, 4.2158, 4.23084, 4.24617, 4.2618, 4.27773, 4.29399, 4.31056, 4.32748, 4.34474, 4.36236, 4.38034, 4.39871, 4.41747, 4.43664, 4.45623, 4.47626, 4.49674, 4.51768, 4.53911, 4.56103, 4.58348, 4.60647, 4.63001, 4.65414, 4.67887, 4.70423, 4.73025, 4.75694, 4.78435, 4.81249, 4.84141, 4.87114, 4.90171, 4.93316, 4.96554, 4.99888, 5.03324, 5.06867, 5.10521, 5.14294, 5.18191, 5.22219, 5.26385, 5.30697, 5.35164, 5.39795, 5.446, 5.4959, 5.54777, 5.60174, 5.65796, 5.71659, 5.7778, 5.84179, 5.90877, 5.97899, 6.05272, 6.13027, 6.21198, 6.29824, 6.38952, 6.48633, 6.58928, 6.69908, 6.8166, 6.94282, 7.07901, 7.22668, 7.38775, 7.56462, 7.76027, 7.9784, 8.22337, 8.5, 8.81303, 9.16601, 9.55961, 9.98927, 10.4425, 10.8966, 11.3171, 11.6584, 11.8678, 11.8918, 11.685, 11.2193, 10.4915, 9.52536, 8.38406, 7.14138, 5.87232, 4.65486, 3.55258, 2.60784, 1.83969, 1.24632, 0.810339, 0.505404, 0.302243, 0.173243, 0.0951484, 0.0500577, 0.0252204, 0.0121658, 0.00561714, 0.00248132, 0.00104773, 0.000421856, 0.00016073, 5.63272e-05, 1.56069e-05, 3.87058e-06, 1.27932e-06, 4.04133e-07, 1.22003e-07, 3.51976e-08, 9.70412e-09, 2.55681e-09, 6.43782e-10, 1.5491e-10, 3.56219e-11, 7.82808e-12, 1.64396e-12, 3.29934e-13, 6.32793e-14, 1.15983e-14, 2.03154e-15, 3.40061e-16, 5.43984e-17, 8.316e-18, 1.2149e-18, 1.69616e-19, 2.26303e-20, 2.88545e-21, 3.51588e-22, 4.09406e-23, 4.55588e-24, 4.84495e-25, 4.92385e-26, 4.7821e-27, 4.43844e-28, 3.93678e-29, 3.33696e-30, 2.70308e-31, 2.09249e-32, 1.54799e-33, 1.09439e-34, 7.39386e-36, 4.77387e-37, 2.94556e-38, 1.73685e-39, 9.78716e-41, 5.27046e-42, 2.7123e-43, 1.33391e-44, 6.26921e-46, 2.81577e-47, 1.20859e-48, 4.95746e-50, 1.94329e-51, 7.27969e-53, 2.60608e-54, 8.91577e-56, 2.91493e-57, 9.10744e-59, 2.71933e-60, 7.75934e-62, 2.11585e-63, 5.51372e-65, 1.3731e-66, 3.2678e-68, 7.43202e-70, 1.61531e-71, 3.35508e-73, 6.65959e-75, 1.26325e-76, 2.28997e-78, 3.96704e-80, 6.56751e-82, 1.03904e-83, 1.57095e-85, 2.26981e-87, 3.13411e-89, 4.13557e-91, 5.215e-93, 6.28449e-95, 7.23742e-97, 7.96515e-99, 8.37726e-101, 8.4199e-103, 8.08741e-105, 7.4235e-107, 6.51186e-109, 5.45882e-111, 4.3731e-113, 3.34793e-115, 2.44941e-117, 1.71255e-119, 1.14425e-121, 7.30628e-124, 4.45829e-126, 2.59979e-128, 1.44878e-130, 7.71554e-133, 3.92668e-135, 1.90977e-137, 8.87636e-140, 3.94262e-142, 1.67352e-144, 6.78851e-147, 2.63156e-149, 9.74878e-152, 3.4513e-154, 1.16765e-156, 3.77518e-159, 1.16643e-161, 3.44413e-164, 9.7184e-167, 2.62063e-169, 6.75327e-172, 1.6631e-174, 3.91399e-177, 8.80271e-180, 1.89195e-182, 3.88597e-185, 7.62756e-188, 1.43076e-190
3.16363, 3.16444, 3.16527, 3.1661, 3.16694, 3.16779, 3.16865, 3.16952, 3.1704, 3.17128, 3.17218, 3.17309, 3.174, 3.17493, 3.17586, 3.17681, 3.17776, 3.17872, 3.1797, 3.18068, 3.18168, 3.18268, 3.1837, 3.18472, 3.18576, 3.18681, 3.18786, 3.18893, 3.19001, 3.1911, 3.1922, 3.19331, 3.19444, 3.19557, 3.19672, 3.19788, 3.19905, 3.20023, 3.20142, 3.20262, 3.20384, 3.20507, 3.20631, 3.20757, 3.20883, 3.21011, 3.2114, 3.21271, 3.21403, 3.21536, 3.2167, 3.21806, 3.21943, 3.22081, 3.22221, 3.22362, 3.22505, 3.22649, 3.22794, 3.22941, 3.23089, 3.23239, 3.2339, 3.23543, 3.23697, 3.23853, 3.2401, 3.24169, 3.24329, 3.24491, 3.24654, 3.2482, 3.24986, 3.25155, 3.25325, 3.25496, 3.2567, 3.25845, 3.26022, 3.262, 3.26381, 3.26563, 3.26747, 3.26932, 3.2712, 3.27309, 3.275, 3.27693, 3.27889, 3.28085, 3.28284, 3.28485, 3.28688, 3.28893, 3.291, 3.29309, 3.2952, 3.29733, 3.29948, 3.30165, 3.30385, 3.30606, 3.3083, 3.31056, 3.31285, 3.31515, 3.31748, 3.31984, 3.32221, 3.32461, 3.32704, 3.32949, 3.33196, 3.33446, 3.33698, 3.33953, 3.34211, 3.34471, 3.34734, 3.34999, 3.35267, 3.35538, 3.35812, 3.36088, 3.36368, 3.3665, 3.36935, 3.37223, 3.37514, 3.37808, 3.38105, 3.38405, 3.38708, 3.39015, 3.39325, 3.39637, 3.39954, 3.40273, 3.40596, 3.40922, 3.41252, 3.41585, 3.41922, 3.42262, 3.42606, 3.42954, 3.43305, 3.4366, 3.44019, 3.44382, 3.44749, 3.4512, 3.45495, 3.45874, 3.46257, 3.46644, 3.47036, 3.47431, 3.47832, 3.48237, 3.48646, 3.4906, 3.49478, 3.49901, 3.50329, 3.50762, 3.512, 3.51643, 3.52091, 3.52543, 3.53002, 3.53465, 3.53934, 3.54408, 3.54888, 3.55374, 3.55865, 3.56362, 3.56865, 3.57374, 3.57889, 3.5841, 3.58937, 3.59471, 3.60011, 3.60558, 3.61112, 3.61672, 3.6224, 3.62814, 3.63395, 3.63984, 3.6458, 3.65184, 3.65796, 3.66415, 3.67042, 3.67677, 3.6832, 3.68972, 3.69632, 3.70301, 3.70979, 3.71666, 3.72362, 3.73067, 3.73782, 3.74506, 3.7524, 3.75984, 3.76739, 3.77504, 3.7828, 3.79066, 3.79864, 3.80673, 3.81493, 3.82325, 3.83169, 3.84026, 3.84895, 3.85776, 3.86671, 3.87579, 3.88501, 3.89436, 3.90386, 3.91351, 3.9233, 3.93324, 3.94334, 3.9536, 3.96402, 3.97461, 3.98536, 3.9963, 4.00741, 4.0187, 4.03018, 4.04185, 4.05372, 4.0658, 4.07807, 4.09056, 4.10327, 4.11621, 4.12937, 4.14276, 4.1564, 4.17029, 4.18443, 4.19884, 4.21352, 4.22847, 4.24371, 4.25924, 4.27508, 4.29123, 4.3077, 4.3245, 4.34165, 4.35915, 4.37701, 4.39524, 4.41387, 4.43289, 4.45233, 4.4722, 4.49251, 4.51328, 4.53453, 4.55627, 4.57851, 4.60129, 4.62462, 4.64852, 4.67301, 4.69811, 4.72386, 4.75028, 4.77739, 4.80522, 4.83381, 4.86319, 4.89339, 4.92446, 4.95642, 4.98933, 5.02323, 5.05816, 5.09419, 5.13136, 5.16974, 5.20939, 5.25038, 5.29278, 5.33668, 5.38217, 5.42933, 5.47828, 5.52913, 5.582, 5.63702, 5.69435, 5.75415, 5.81661, 5.88191, 5.9503, 6.02202, 6.09735, 6.1766, 6.26015, 6.34839, 6.4418, 6.54093, 6.64639, 6.75895, 6.87948, 7.00905, 7.14895, 7.30081, 7.46663, 7.649, 7.85113, 8.07707, 8.33168, 8.62047, 8.94912, 9.32234, 9.74209, 10.2051, 10.6999, 11.204, 11.682, 12.0862, 12.3599, 12.4443, 12.288, 11.8571, 11.1446, 10.1742, 8.99965, 7.6974, 6.35474, 5.05655, 3.87334, 2.85333, 2.01968, 1.3727, 0.895292, 0.560063, 0.335896, 0.193068, 0.106321, 0.05608, 0.0283254, 0.0136968, 0.00633898, 0.00280676, 0.001188, 0.000479614, 0.00018349, 6.47672e-05, 1.8415e-05, 4.72907e-06, 1.56164e-06, 4.93543e-07, 1.49063e-07, 4.30243e-08, 1.18674e-08, 3.12823e-09, 7.88024e-10, 1.89705e-10, 4.36433e-11, 9.59523e-12, 2.01601e-12, 4.04787e-13, 7.76713e-14, 1.42427e-14, 2.49589e-15, 4.1798e-16, 6.68935e-17, 1.02308e-17, 1.49533e-18, 2.08864e-19, 2.78796e-20, 3.55638e-21, 4.33539e-22, 5.05065e-23, 5.62296e-24, 5.98247e-25, 6.08268e-26, 5.91027e-27, 5.48806e-28, 4.86999e-29, 4.12986e-30, 3.34689e-31, 2.59206e-32, 1.91844e-33, 1.3569e-34, 9.17165e-36, 5.9244e-37, 3.65712e-38, 2.15741e-39, 1.21625e-40, 6.55258e-42, 3.37365e-43, 1.65991e-44, 7.8049e-46, 3.5071e-47, 1.50601e-48, 6.18022e-50, 2.4237e-51, 9.08344e-53, 3.25327e-54, 1.11349e-55, 3.64211e-57, 1.13846e-58, 3.40077e-60, 9.70812e-62, 2.64844e-63, 6.90469e-65, 1.72026e-66, 4.09584e-68, 9.31943e-70, 2.02643e-71, 4.21088e-73, 8.36202e-75, 1.58689e-76, 2.87792e-78, 4.9878e-80, 8.26107e-82, 1.30756e-83, 1.9778e-85, 2.85892e-87, 3.94927e-89, 5.21351e-91, 6.57719e-93, 7.92954e-95, 9.13591e-97, 1.0059e-98, 1.0584e-100, 1.06426e-102, 1.02268e-104, 9.39134e-107, 8.24163e-109, 6.91188e-111, 5.53956e-113, 4.24279e-115, 3.10545e-117, 2.17217e-119, 1.45198e-121, 9.2752e-124, 5.66217e-126, 3.30323e-128, 1.84158e-130, 9.81162e-133, 4.99559e-135, 2.43069e-137, 1.13023e-139, 5.0223e-142, 2.13272e-144, 8.6549e-147, 3.3565e-149, 1.24396e-151, 4.40579e-154, 1.4912e-156, 4.82332e-159, 1.49091e-161, 4.40406e-164, 1.24323e-166, 3.35386e-169, 8.64641e-172, 2.13021e-174, 5.01538e-177, 1.12845e-179, 2.42637e-182, 4.9857e-185, 9.79022e-188, 1.83719e-190
208.84
176.65
 
MEASUREMENT 37
1.56305, 4.67879, 7.79453, 10.9103, 14.0312, 17.1469, 20.2679, 23.3784, 26.4796, 29.5859, 32.6913, 35.8071, 38.9228, 42.0385, 45.1595, 48.2752, 51.3909, 54.5067, 57.6224, 60.7381, 63.8435, 66.9593, 70.0698, 73.1752, 76.2806, 79.3859, 82.4913, 85.5967, 88.7021, 91.8074, 94.9128, 98.0182, 101.1, 104.148, 107.196, 110.244, 113.292, 116.339, 119.387, 122.435, 125.483, 128.531, 131.574, 134.622, 137.67, 140.718, 143.766, 146.814, 149.861, 152.909, 155.957, 159.005, 162.053, 165.101, 168.149, 171.197, 174.245, 177.293, 180.341, 183.389, 186.436, 189.484, 192.532, 195.58, 198.621, 201.655, 204.688, 207.722, 210.756, 213.794, 216.838, 219.882, 222.926, 225.97, 229.014, 232.058, 235.102, 238.145, 241.189, 244.233, 247.277, 250.321, 253.37, 256.424, 259.478, 262.532, 265.586, 268.64, 271.695, 274.749, 277.803, 280.857, 283.911, 286.97, 290.035, 293.099
2.84005, 2.84396, 2.82338, 2.97831, 2.82608, 2.8536, 3.05692, 3.06839, 3.03492, 3.06595, 3.10083, 3.16352, 3.16388, 3.2053, 3.20092, 3.22936, 3.32509, 3.36422, 3.42243, 3.45984, 3.09911, 3.41907, 3.43218, 3.42574, 3.50035, 3.50883, 3.53161, 3.52285, 3.57171, 3.31606, 3.62888, 3.17825, 3.64996, 3.65277, 3.67722, 3.69927, 3.71802, 3.74838, 3.78837, 3.80183, 3.81807, 3.86047, 3.91162, 3.91672, 3.96487, 4.02597, 4.08706, 4.12524, 4.16654, 4.20632, 4.2893, 4.36269, 4.44961, 4.50504, 4.60245, 4.81898, 4.89034, 4.96179, 5.15168, 5.40313, 5.58883, 5.95446, 6.30105, 7.01671, 8.90953, 10.1688, 11.4402, 10.4608, 5.37593, 1.22881, 0.106639, 0.000101768, 0.00136553, 0.000164225, -0.00292679, -0.000858937, 0.00310349, -9.01844e-05, -0.00456076, -0.00321557, -0.011744, -0.0225632, -0.00465408, -0.00400231, -0.00799343, -0.0164239, -0.00242287, -0.0150519, -0.00304744, -0.000142804, -0.000878199, -0.00211258, -0.00576606, -0.0039305, -0.00815456, -0.0331961
0.0852016, 0.0853189, 0.0847014, 0.0893492, 0.0847823, 0.0856079, 0.0917076, 0.0920517, 0.0910477, 0.0919786, 0.093025, 0.0949057, 0.0949163, 0.0961591, 0.0960276, 0.0968808, 0.0997528, 0.100927, 0.102673, 0.103795, 0.0929733, 0.102572, 0.102965, 0.102772, 0.105011, 0.105265, 0.105948, 0.105685, 0.107151, 0.0994819, 0.108866, 0.0953475, 0.109499, 0.109583, 0.110317, 0.110978, 0.11154, 0.112451, 0.113651, 0.114055, 0.114542, 0.115814, 0.117349, 0.117502, 0.118946, 0.120779, 0.122612, 0.123757, 0.124996, 0.12619, 0.128679, 0.130881, 0.133488, 0.135151, 0.138074, 0.144569, 0.14671, 0.148854, 0.15455, 0.162094, 0.167665, 0.178634, 0.189031, 0.210501, 0.267286, 0.305064, 0.343206, 0.313825, 0.161278, 0.0368642, 0.00319916, 3.05303e-06, 4.09658e-05, 4.92674e-06, 8.78038e-05, 2.57681e-05, 9.31047e-05, 2.70553e-06, 0.000136823, 9.64672e-05, 0.000352319, 0.000676897, 0.000139622, 0.000120069, 0.000239803, 0.000492717, 7.26862e-05, 0.000451556, 9.14233e-05, 4.28411e-06, 2.6346e-05, 6.33774e-05, 0.000172982, 0.000117915, 0.000244637, 0.000995884
0, 0.613815, 1.22763, 1.84144, 2.45526, 3.06907, 3.68289, 4.2967, 4.91052, 5.52433, 6.13815, 6.75196, 7.36578, 7.97959, 8.59341, 9.20722, 9.82104, 10.4349, 11.0487, 11.6625, 12.2763, 12.8901, 13.5039, 14.1177, 14.7316, 15.3454, 15.9592, 16.573, 17.1868, 17.8006, 18.4144, 19.0283, 19.6421, 20.2559, 20.8697, 21.4835, 22.0973, 22.7111, 23.325, 23.9388, 24.5526, 25.1664, 25.7802, 26.394, 27.0078, 27.6217, 28.2355, 28.8493, 29.4631, 30.0769, 30.6907, 31.3046, 31.9184, 32.5322, 33.146, 33.7598, 34.3736, 34.9874, 35.6013, 36.2151, 36.8289, 37.4427, 38.0565, 38.6703, 39.2841, 39.898, 40.5118, 41.1256, 41.7394, 42.3532, 42.967, 43.5808, 44.1947, 44.8085, 45.4223, 46.0361, 46.6499, 47.2637, 47.8775, 48.4914, 49.1052, 49.719, 50.3328, 50.9466, 51.5604, 52.1743, 52.7881, 53.4019, 54.0157, 54.6295, 55.2433, 55.8571, 56.471, 57.0848, 57.6986, 58.3124, 58.9262, 59.54, 60.1538, 60.7677, 61.3815, 61.9953, 62.6091, 63.2229, 63.8367, 64.4505, 65.0644, 65.6782, 66.292, 66.9058, 67.5196, 68.1334, 68.7473, 69.3611, 69.9749, 70.5887, 71.2025, 71.8163, 72.4301, 73.044, 73.6578, 74.2716, 74.8854, 75.4992, 76.113, 76.7268, 77.3407, 77.9545, 78.5683, 79.1821, 79.7959, 80.4097, 81.0235, 81.6374, 82.2512, 82.865, 83.4788, 84.0926, 84.7064, 85.3202, 85.9341, 86.5479, 87.1617, 87.7755, 88.3893, 89.0031, 89.617, 90.2308, 90.8446, 91.4584, 92.0722, 92.686, 93.2998, 93.9137, 94.5275, 95.1413, 95.7551, 96.3689, 96.9827, 97.5965, 98.2104, 98.8242, 99.438, 100.052, 100.666, 101.279, 101.893, 102.507, 103.121, 103.735, 104.349, 104.962, 105.576, 106.19, 106.804, 107.418, 108.031, 108.645, 109.259, 109.873, 110.487, 111.1, 111.714, 112.328, 112.942, 113.556, 114.17, 114.783, 115.397, 116.011, 116.625, 117.239, 117.852, 118.466, 119.08, 119.694, 120.308, 120.922, 121.535, 122.149, 122.763, 123.377, 123.991, 124.604, 125.218, 125.832, 126.446, 127.06, 127.673, 128.287, 128.901, 129.515, 130.129, 130.743, 131.356, 131.97, 132.584, 133.198, 133.812, 134.425, 135.039, 135.653, 136.267, 136.881, 137.495, 138.108, 138.722, 139.336, 139.95, 140.564, 141.177, 141.791, 142.405, 143.019, 143.633, 144.246, 144.86, 145.474, 146.088, 146.702, 147.316, 147.929, 148.543, 149.157, 149.771, 150.385, 150.998, 151.612, 152.226, 152.84, 153.454, 154.068, 154.681, 155.295, 155.909, 156.523, 157.137, 157.75, 158.364, 158.978, 159.592, 160.206, 160.819, 161.433, 162.047, 162.661, 163.275, 163.889, 164.502, 165.116, 165.73, 166.344, 166.958, 167.571, 168.185, 168.799, 169.413, 170.027, 170.64, 171.254, 171.868, 172.482, 173.096, 173.71, 174.323, 174.937, 175.551, 176.165, 176.779, 177.392, 178.006, 178.62, 179.234, 179.848, 180.462, 181.075, 181.689, 182.303, 182.917, 183.531, 184.144, 184.758, 185.372, 185.986, 186.6, 187.213, 187.827, 188.441, 189.055, 189.669, 190.283, 190.896, 191.51, 192.124, 192.738, 193.352, 193.965, 194.579, 195.193, 195.807, 196.421, 197.035, 197.648, 198.262, 198.876, 199.49, 200.104, 200.717, 201.331, 201.945, 202.559, 203.173, 203.786, 204.4, 205.014, 205.628, 206.242, 206.856, 207.469, 208.083, 208.697, 209.311, 209.925, 210.538, 211.152, 211.766, 212.38, 212.994, 213.608, 214.221, 214.835, 215.449, 216.063, 216.677, 217.29, 217.904, 218.518, 219.132, 219.746, 220.359, 220.973, 221.587, 222.201, 222.815, 223.429, 224.042, 224.656, 225.27, 225.884, 226.498, 227.111, 227.725, 228.339, 228.953, 229.567, 230.181, 230.794, 231.408, 232.022, 232.636, 233.25, 233.863, 234.477, 235.091, 235.705, 236.319, 236.932, 237.546, 238.16, 238.774, 239.388, 240.002, 240.615, 241.229, 241.843, 242.457, 243.071, 243.684, 244.298, 244.912, 245.526, 246.14, 246.754, 247.367, 247.981, 248.595, 249.209, 249.823, 250.436, 251.05, 251.664, 252.278, 252.892, 253.505, 254.119, 254.733, 255.347, 255.961, 256.575, 257.188, 257.802, 258.416, 259.03, 259.644, 260.257, 260.871, 261.485, 262.099, 262.713, 263.327, 263.94, 264.554, 265.168, 265.782, 266.396, 267.009, 267.623, 268.237, 268.851, 269.465, 270.078, 270.692, 271.306, 271.92, 272.534, 273.148, 273.761, 274.375, 274.989, 275.603, 276.217, 276.83, 277.444, 278.058, 278.672, 279.286, 279.9, 280.513, 281.127, 281.741, 282.355, 282.969, 283.582, 284.196, 284.81, 285.424, 286.038, 286.651, 287.265, 287.879, 288.493, 289.107, 289.721, 290.334, 290.948, 291.562, 292.176, 292.79, 293.403, 294.017
3.19138, 3.19212, 3.19287, 3.19363, 3.19439, 3.19517, 3.19595, 3.19675, 3.19755, 3.19836, 3.19918, 3.20001, 3.20085, 3.20169, 3.20255, 3.20342, 3.20429, 3.20518, 3.20607, 3.20698, 3.20789, 3.20881, 3.20975, 3.21069, 3.21164, 3.21261, 3.21358, 3.21457, 3.21556, 3.21657, 3.21758, 3.21861, 3.21965, 3.2207, 3.22176, 3.22283, 3.22391, 3.225, 3.2261, 3.22722, 3.22835, 3.22948, 3.23063, 3.2318, 3.23297, 3.23416, 3.23536, 3.23657, 3.23779, 3.23902, 3.24027, 3.24153, 3.24281, 3.24409, 3.24539, 3.24671, 3.24803, 3.24937, 3.25072, 3.25209, 3.25347, 3.25487, 3.25628, 3.2577, 3.25913, 3.26059, 3.26205, 3.26353, 3.26503, 3.26654, 3.26807, 3.26961, 3.27116, 3.27274, 3.27432, 3.27593, 3.27755, 3.27918, 3.28084, 3.2825, 3.28419, 3.28589, 3.28761, 3.28935, 3.2911, 3.29288, 3.29466, 3.29647, 3.2983, 3.30014, 3.302, 3.30388, 3.30578, 3.3077, 3.30964, 3.3116, 3.31358, 3.31557, 3.31759, 3.31963, 3.32168, 3.32376, 3.32586, 3.32798, 3.33012, 3.33229, 3.33447, 3.33668, 3.33891, 3.34116, 3.34344, 3.34574, 3.34806, 3.3504, 3.35277, 3.35517, 3.35758, 3.36003, 3.36249, 3.36499, 3.3675, 3.37005, 3.37262, 3.37521, 3.37784, 3.38049, 3.38316, 3.38587, 3.3886, 3.39137, 3.39416, 3.39698, 3.39982, 3.4027, 3.40561, 3.40855, 3.41152, 3.41452, 3.41756, 3.42062, 3.42372, 3.42685, 3.43001, 3.43321, 3.43644, 3.43971, 3.44301, 3.44635, 3.44972, 3.45313, 3.45658, 3.46006, 3.46358, 3.46714, 3.47074, 3.47438, 3.47806, 3.48177, 3.48553, 3.48934, 3.49318, 3.49706, 3.50099, 3.50497, 3.50899, 3.51305, 3.51716, 3.52132, 3.52552, 3.52977, 3.53407, 3.53842, 3.54282, 3.54727, 3.55177, 3.55632, 3.56093, 3.56559, 3.57031, 3.57508, 3.57991, 3.58479, 3.58974, 3.59474, 3.5998, 3.60493, 3.61011, 3.61536, 3.62067, 3.62605, 3.6315, 3.63701, 3.64259, 3.64824, 3.65396, 3.65975, 3.66562, 3.67156, 3.67757, 3.68366, 3.68984, 3.69609, 3.70242, 3.70883, 3.71533, 3.72191, 3.72859, 3.73535, 3.7422, 3.74914, 3.75617, 3.76331, 3.77054, 3.77786, 3.78529, 3.79283, 3.80046, 3.80821, 3.81607, 3.82403, 3.83211, 3.84031, 3.84862, 3.85706, 3.86562, 3.87431, 3.88312, 3.89207, 3.90115, 3.91037, 3.91973, 3.92923, 3.93888, 3.94868, 3.95864, 3.96875, 3.97902, 3.98945, 4.00006, 4.01083, 4.02179, 4.03292, 4.04424, 4.05575, 4.06745, 4.07935, 4.09146, 4.10378, 4.11631, 4.12906, 4.14204, 4.15526, 4.16871, 4.18241, 4.19636, 4.21057, 4.22505, 4.2398, 4.25484, 4.27017, 4.28579, 4.30173, 4.31799, 4.33457, 4.35149, 4.36876, 4.38639, 4.40439, 4.42278, 4.44156, 4.46075, 4.48037, 4.50043, 4.52094, 4.54192, 4.56339, 4.58537, 4.60787, 4.63092, 4.65453, 4.67873, 4.70354, 4.72899, 4.75509, 4.78189, 4.80941, 4.83768, 4.86673, 4.8966, 4.92732, 4.95894, 4.9915, 5.02504, 5.05962, 5.09528, 5.13208, 5.17008, 5.20934, 5.24994, 5.29195, 5.33544, 5.38052, 5.42728, 5.47581, 5.52623, 5.57867, 5.63327, 5.69016, 5.74953, 5.81154, 5.8764, 5.94434, 6.01561, 6.09049, 6.16929, 6.25237, 6.34014, 6.43306, 6.53168, 6.6366, 6.74855, 6.86837, 6.99707, 7.13586, 7.28621, 7.44993, 7.6293, 7.82723, 8.04757, 8.29544, 8.57761, 8.90275, 9.2808, 9.72057, 10.2242, 10.7775, 11.3386, 11.8281, 12.1301, 12.111, 11.6565, 10.7149, 9.32863, 7.64797, 5.87176, 4.2016, 2.79254, 1.71929, 0.978455, 0.513854, 0.248691, 0.110797, 0.0453999, 0.0170965, 0.00591223, 0.00187532, 0.000543809, 0.000142122, 3.07024e-05, 4.53127e-06, 9.59924e-07, 1.86046e-07, 3.29892e-08, 5.35166e-09, 7.94279e-10, 1.07851e-10, 1.3398e-11, 1.52273e-12, 1.58333e-13, 1.50622e-14, 1.3109e-15, 1.04379e-16, 7.60373e-18, 5.06762e-19, 3.08991e-20, 1.72367e-21, 8.79682e-23, 4.10736e-24, 1.75454e-25, 6.85692e-27, 2.45165e-28, 8.0196e-30, 2.4e-31, 6.571e-33, 1.64595e-34, 3.77194e-36, 7.90817e-38, 1.51688e-39, 2.66187e-41, 4.27353e-43, 6.27695e-45, 8.43477e-47, 1.03695e-48, 1.16629e-50, 1.2001e-52, 1.12977e-54, 9.73021e-57, 7.66684e-59, 5.52677e-61, 3.64492e-63, 2.1992e-65, 1.21395e-67, 6.13054e-70, 2.83241e-72, 1.19722e-74, 4.62967e-77, 1.6379e-79, 5.3013e-82, 1.56978e-84, 4.25257e-87, 1.05396e-89, 2.38977e-92, 4.95731e-95, 9.40793e-98, 1.63343e-100, 2.59456e-103, 3.77039e-106, 5.01262e-109, 6.09679e-112, 6.78415e-115, 6.90631e-118, 6.43211e-121, 5.48046e-124, 4.27206e-127, 3.04659e-130, 1.98768e-133, 1.18641e-136, 6.47858e-140, 3.23653e-143, 1.47923e-146, 6.18508e-150, 2.36598e-153, 8.28001e-157, 2.65098e-160, 7.76489e-164, 2.08075e-167, 5.10102e-171, 1.14406e-174, 2.34744e-178, 4.4065e-182, 7.56739e-186, 1.18892e-189, 1.70888e-193, 2.2471e-197, 2.70326e-201, 2.97513e-205, 2.99554e-209, 2.75929e-213, 2.32527e-217, 1.79266e-221, 1.26438e-225, 8.15845e-230, 4.81603e-234, 2.60089e-238, 1.28501e-242, 5.8082e-247, 2.40175e-251, 9.08584e-256, 3.14451e-260, 9.95613e-265, 2.88389e-269, 7.64219e-274, 1.85271e-278, 4.10908e-283, 8.33745e-288, 1.54764e-292, 2.6282e-297, 4.08315e-302, 5.80339e-307, 7.546e-312, 8.97636e-317, 9.68369e-322, 0, 0, 0, 0, 0, 0, 0, 0
3.19138, 3.19218, 3.19299, 3.19382, 3.19465, 3.19549, 3.19634, 3.19719, 3.19806, 3.19894, 3.19982, 3.20072, 3.20162, 3.20254, 3.20346, 3.2044, 3.20534, 3.20629, 3.20726, 3.20823, 3.20921, 3.21021, 3.21121, 3.21222, 3.21325, 3.21428, 3.21533, 3.21638, 3.21745, 3.21853, 3.21962, 3.22072, 3.22183, 3.22295, 3.22408, 3.22523, 3.22639, 3.22756, 3.22874, 3.22993, 3.23113, 3.23235, 3.23358, 3.23482, 3.23607, 3.23733, 3.23861, 3.2399, 3.24121, 3.24252, 3.24385, 3.2452, 3.24655, 3.24792, 3.2493, 3.2507, 3.25211, 3.25354, 3.25497, 3.25643, 3.25789, 3.25938, 3.26087, 3.26238, 3.26391, 3.26545, 3.267, 3.26858, 3.27016, 3.27176, 3.27338, 3.27502, 3.27667, 3.27833, 3.28002, 3.28171, 3.28343, 3.28516, 3.28691, 3.28868, 3.29046, 3.29226, 3.29408, 3.29592, 3.29778, 3.29965, 3.30154, 3.30345, 3.30538, 3.30733, 3.3093, 3.31129, 3.31329, 3.31532, 3.31737, 3.31943, 3.32152, 3.32363, 3.32576, 3.32791, 3.33008, 3.33227, 3.33449, 3.33672, 3.33898, 3.34126, 3.34357, 3.3459, 3.34825, 3.35062, 3.35302, 3.35544, 3.35789, 3.36036, 3.36285, 3.36538, 3.36792, 3.37049, 3.37309, 3.37572, 3.37837, 3.38105, 3.38375, 3.38649, 3.38925, 3.39204, 3.39485, 3.3977, 3.40058, 3.40348, 3.40642, 3.40938, 3.41238, 3.41541, 3.41847, 3.42156, 3.42468, 3.42784, 3.43103, 3.43425, 3.43751, 3.4408, 3.44413, 3.44749, 3.45089, 3.45432, 3.45779, 3.4613, 3.46484, 3.46843, 3.47205, 3.47571, 3.47941, 3.48315, 3.48693, 3.49075, 3.49462, 3.49853, 3.50248, 3.50647, 3.51051, 3.51459, 3.51872, 3.52289, 3.52712, 3.53139, 3.5357, 3.54007, 3.54449, 3.54895, 3.55347, 3.55804, 3.56266, 3.56733, 3.57206, 3.57685, 3.58169, 3.58659, 3.59154, 3.59655, 3.60163, 3.60676, 3.61195, 3.61721, 3.62253, 3.62791, 3.63336, 3.63888, 3.64446, 3.65011, 3.65583, 3.66163, 3.66749, 3.67343, 3.67944, 3.68553, 3.6917, 3.69794, 3.70426, 3.71067, 3.71716, 3.72373, 3.73039, 3.73713, 3.74397, 3.75089, 3.75791, 3.76502, 3.77223, 3.77953, 3.78693, 3.79444, 3.80205, 3.80976, 3.81758, 3.82551, 3.83355, 3.8417, 3.84998, 3.85836, 3.86688, 3.87551, 3.88427, 3.89316, 3.90218, 3.91133, 3.92062, 3.93005, 3.93962, 3.94934, 3.95921, 3.96923, 3.97941, 3.98975, 4.00025, 4.01092, 4.02176, 4.03278, 4.04397, 4.05535, 4.06692, 4.07868, 4.09064, 4.1028, 4.11517, 4.12776, 4.14056, 4.15359, 4.16684, 4.18034, 4.19407, 4.20806, 4.2223, 4.23681, 4.25159, 4.26665, 4.28199, 4.29763, 4.31358, 4.32983, 4.34641, 4.36333, 4.38058, 4.39819, 4.41616, 4.43452, 4.45325, 4.4724, 4.49195, 4.51194, 4.53237, 4.55326, 4.57462, 4.59648, 4.61885, 4.64174, 4.66519, 4.68921, 4.71382, 4.73904, 4.76491, 4.79144, 4.81866, 4.84661, 4.87531, 4.90479, 4.9351, 4.96626, 4.99832, 5.03132, 5.06531, 5.10032, 5.13641, 5.17364, 5.21207, 5.25175, 5.29276, 5.33517, 5.37906, 5.4245, 5.4716, 5.52046, 5.57118, 5.62388, 5.67869, 5.73576, 5.79523, 5.85729, 5.92211, 5.98992, 6.06094, 6.13543, 6.21369, 6.29603, 6.38284, 6.47453, 6.57157, 6.67451, 6.78399, 6.90074, 7.02561, 7.15962, 7.30397, 7.46014, 7.62989, 7.81545, 8.01966, 8.24617, 8.4999, 8.7876, 9.11866, 9.50584, 9.96547, 10.5155, 11.1694, 11.9244, 12.7445, 13.5433, 14.1785, 14.4687, 14.2384, 13.3791, 11.9025, 9.9554, 7.78542, 5.66786, 3.82826, 2.39272, 1.38103, 0.734923, 0.360129, 0.162335, 0.0672588, 0.0255958, 0.00894088, 0.00286403, 0.000839244, 0.00022267, 5.00836e-05, 8.27769e-06, 1.75451e-06, 3.40756e-07, 6.05478e-08, 9.84281e-09, 1.46388e-09, 1.99186e-10, 2.47958e-11, 2.82398e-12, 2.94247e-13, 2.80496e-14, 2.44628e-15, 1.95187e-16, 1.42482e-17, 9.5155e-19, 5.81391e-20, 3.24989e-21, 1.66201e-22, 7.77608e-24, 3.32852e-25, 1.30348e-26, 4.67004e-28, 1.53073e-29, 4.59029e-31, 1.25934e-32, 3.16088e-34, 7.25828e-36, 1.52483e-37, 2.93069e-39, 5.15322e-41, 8.28989e-43, 1.22005e-44, 1.64274e-46, 2.02358e-48, 2.2805e-50, 2.35126e-52, 2.21784e-54, 1.91389e-56, 1.511e-58, 1.09137e-60, 7.21165e-63, 4.35971e-65, 2.41122e-67, 1.22005e-69, 5.6477e-72, 2.3918e-74, 9.26691e-77, 3.28475e-79, 1.06519e-81, 3.16014e-84, 8.57715e-87, 2.12979e-89, 4.83821e-92, 1.00552e-94, 1.91183e-97, 3.32555e-100, 5.29217e-103, 7.70475e-106, 1.02621e-108, 1.25047e-111, 1.39399e-114, 1.42168e-117, 1.32648e-120, 1.13227e-123, 8.84204e-127, 6.31698e-130, 4.12876e-133, 2.46878e-136, 1.35051e-139, 6.75874e-143, 3.09447e-146, 1.29616e-149, 4.96687e-153, 1.74124e-156, 5.58454e-160, 1.63858e-163, 4.39843e-167, 1.08014e-170, 2.42668e-174, 4.98765e-178, 9.37844e-182, 1.6133e-185, 2.53893e-189, 3.6554e-193, 4.81471e-197, 5.8017e-201, 6.39572e-205, 6.4502e-209, 5.95123e-213, 5.0233e-217, 3.87901e-221, 2.74032e-225, 1.77104e-229, 1.04715e-233, 5.66412e-238, 2.8029e-242, 1.26891e-246, 5.25532e-251, 1.99121e-255, 6.90213e-260, 2.18875e-264, 6.34975e-269, 1.68525e-273, 4.09185e-278, 9.08912e-283, 1.84702e-287, 3.43373e-292, 5.83994e-297, 9.08652e-302, 1.2934e-306, 1.68428e-311, 2.00651e-316, 2.1393e-321, 0, 0, 0, 0, 0, 0, 0, 0
210.05
177.24
 
MEASUREMENT 38
1.56305, 4.67879, 7.79453, 10.9103, 14.0312, 17.1469, 20.2679, 23.3784, 26.4796, 29.5859, 32.6913, 35.8071, 38.9228, 42.0385, 45.1595, 48.2752, 51.3909, 54.5067, 57.6224, 60.7381, 63.8435, 66.9593, 70.0698, 73.1752, 76.2806, 79.3859, 82.4913, 85.5967, 88.7021, 91.8074, 94.9128, 98.0182, 101.1, 104.148, 107.196, 110.244, 113.292, 116.339, 119.387, 122.435, 125.483, 128.531, 131.574, 134.622, 137.67, 140.718, 143.766, 146.814, 149.861, 152.909, 155.957, 159.005, 162.053, 165.101, 168.149, 171.197, 174.245, 177.293, 180.341, 183.389, 186.436, 189.484, 192.532, 195.58, 198.621, 201.655, 204.688, 207.722, 210.756, 213.794, 216.838, 219.882, 222.926, 225.97, 229.014, 232.058, 235.102, 238.145, 241.189, 244.233, 247.277, 250.321, 253.37, 256.424, 259.478, 262.532, 265.586, 268.64, 271.695, 274.749, 277.803, 280.857, 283.911, 286.97, 290.035, 293.099
2.83795, 2.84319, 2.82684, 2.98209, 2.82612, 2.85812, 3.07261, 3.0728, 3.03445, 3.06875, 3.0997, 3.16356, 3.1631, 3.20388, 3.19865, 3.22835, 3.33003, 3.37295, 3.42551, 3.45998, 3.11509, 3.42427, 3.42775, 3.42978, 3.49523, 3.50874, 3.534, 3.52126, 3.57098, 3.31872, 3.62815, 3.16274, 3.6493, 3.6508, 3.67836, 3.70098, 3.71993, 3.74585, 3.78472, 3.8036, 3.81671, 3.86093, 3.91272, 3.91909, 3.9694, 4.02697, 4.08502, 4.12408, 4.16689, 4.2046, 4.28889, 4.35936, 4.4505, 4.50679, 4.59969, 4.81908, 4.89361, 4.96111, 5.15833, 5.39854, 5.57634, 5.95635, 6.30528, 7.06101, 8.91099, 10.1607, 11.4364, 10.4615, 5.37414, 1.231, 0.106027, 0.00277986, 0.00290193, -0.00113443, -0.00179876, -0.000657541, 0.00504622, 0.000884859, -0.00585209, -0.00232927, -0.00862864, -0.0237395, -0.00406082, -0.00397517, -0.00811142, -0.0160323, -0.00093738, -0.0132273, -0.00252539, 0.000661075, -0.00276215, -0.00101394, -0.00529178, -0.00146551, -0.00803703, -0.0287632
0.0851385, 0.0852958, 0.0848053, 0.0894626, 0.0847837, 0.0857437, 0.0921783, 0.092184, 0.0910334, 0.0920625, 0.0929909, 0.0949068, 0.094893, 0.0961163, 0.0959596, 0.0968504, 0.099901, 0.101188, 0.102765, 0.103799, 0.0934528, 0.102728, 0.102832, 0.102893, 0.104857, 0.105262, 0.10602, 0.105638, 0.107129, 0.0995615, 0.108845, 0.0948822, 0.109479, 0.109524, 0.110351, 0.11103, 0.111598, 0.112376, 0.113542, 0.114108, 0.114501, 0.115828, 0.117382, 0.117573, 0.119082, 0.120809, 0.12255, 0.123722, 0.125007, 0.126138, 0.128667, 0.130781, 0.133515, 0.135204, 0.137991, 0.144572, 0.146808, 0.148833, 0.15475, 0.161956, 0.16729, 0.17869, 0.189158, 0.21183, 0.26733, 0.304821, 0.343092, 0.313845, 0.161224, 0.0369301, 0.00318082, 8.33959e-05, 8.70578e-05, 3.4033e-05, 5.39628e-05, 1.97262e-05, 0.000151387, 2.65458e-05, 0.000175563, 6.98782e-05, 0.000258859, 0.000712185, 0.000121825, 0.000119255, 0.000243343, 0.00048097, 2.81214e-05, 0.000396819, 7.57617e-05, 1.98323e-05, 8.28646e-05, 3.04183e-05, 0.000158753, 4.39654e-05, 0.000241111, 0.000862895
0, 0.613815, 1.22763, 1.84144, 2.45526, 3.06907, 3.68289, 4.2967, 4.91052, 5.52433, 6.13815, 6.75196, 7.36578, 7.97959, 8.59341, 9.20722, 9.82104, 10.4349, 11.0487, 11.6625, 12.2763, 12.8901, 13.5039, 14.1177, 14.7316, 15.3454, 15.9592, 16.573, 17.1868, 17.8006, 18.4144, 19.0283, 19.6421, 20.2559, 20.8697, 21.4835, 22.0973, 22.7111, 23.325, 23.9388, 24.5526, 25.1664, 25.7802, 26.394, 27.0078, 27.6217, 28.2355, 28.8493, 29.4631, 30.0769, 30.6907, 31.3046, 31.9184, 32.5322, 33.146, 33.7598, 34.3736, 34.9874, 35.6013, 36.2151, 36.8289, 37.4427, 38.0565, 38.6703, 39.2841, 39.898, 40.5118, 41.1256, 41.7394, 42.3532, 42.967, 43.5808, 44.1947, 44.8085, 45.4223, 46.0361, 46.6499, 47.2637, 47.8775, 48.4914, 49.1052, 49.719, 50.3328, 50.9466, 51.5604, 52.1743, 52.7881, 53.4019, 54.0157, 54.6295, 55.2433, 55.8571, 56.471, 57.0848, 57.6986, 58.3124, 58.9262, 59.54, 60.1538, 60.7677, 61.3815, 61.9953, 62.6091, 63.2229, 63.8367, 64.4505, 65.0644, 65.6782, 66.292, 66.9058, 67.5196, 68.1334, 68.7473, 69.3611, 69.9749, 70.5887, 71.2025, 71.8163, 72.4301, 73.044, 73.6578, 74.2716, 74.8854, 75.4992, 76.113, 76.7268, 77.3407, 77.9545, 78.5683, 79.1821, 79.7959, 80.4097, 81.0235, 81.6374, 82.2512, 82.865, 83.4788, 84.0926, 84.7064, 85.3202, 85.9341, 86.5479, 87.1617, 87.7755, 88.3893, 89.0031, 89.617, 90.2308, 90.8446, 91.4584, 92.0722, 92.686, 93.2998, 93.9137, 94.5275, 95.1413, 95.7551, 96.3689, 96.9827, 97.5965, 98.2104, 98.8242, 99.438, 100.052, 100.666, 101.279, 101.893, 102.507, 103.121, 103.735, 104.349, 104.962, 105.576, 106.19, 106.804, 107.418, 108.031, 108.645, 109.259, 109.873, 110.487, 111.1, 111.714, 112.328, 112.942, 113.556, 114.17, 114.783, 115.397, 116.011, 116.625, 117.239, 117.852, 118.466, 119.08, 119.694, 120.308, 120.922, 121.535, 122.149, 122.763, 123.377, 123.991, 124.604, 125.218, 125.832, 126.446, 127.06, 127.673, 128.287, 128.901, 129.515, 130.129, 130.743, 131.356, 131.97, 132.584, 133.198, 133.812, 134.425, 135.039, 135.653, 136.267, 136.881, 137.495, 138.108, 138.722, 139.336, 139.95, 140.564, 141.177, 141.791, 142.405, 143.019, 143.633, 144.246, 144.86, 145.474, 146.088, 146.702, 147.316, 147.929, 148.543, 149.157, 149.771, 150.385, 150.998, 151.612, 152.226, 152.84, 153.454, 154.068, 154.681, 155.295, 155.909, 156.523, 157.137, 157.75, 158.364, 158.978, 159.592, 160.206, 160.819, 161.433, 162.047, 162.661, 163.275, 163.889, 164.502, 165.116, 165.73, 166.344, 166.958, 167.571, 168.185, 168.799, 169.413, 170.027, 170.64, 171.254, 171.868, 172.482, 173.096, 173.71, 174.323, 174.937, 175.551, 176.165, 176.779, 177.392, 178.006, 178.62, 179.234, 179.848, 180.462, 181.075, 181.689, 182.303, 182.917, 183.531, 184.144, 184.758, 185.372, 185.986, 186.6, 187.213, 187.827, 188.441, 189.055, 189.669, 190.283, 190.896, 191.51, 192.124, 192.738, 193.352, 193.965, 194.579, 195.193, 195.807, 196.421, 197.035, 197.648, 198.262, 198.876, 199.49, 200.104, 200.717, 201.331, 201.945, 202.559, 203.173, 203.786, 204.4, 205.014, 205.628, 206.242, 206.856, 207.469, 208.083, 208.697, 209.311, 209.925, 210.538, 211.152, 211.766, 212.38, 212.994, 213.608, 214.221, 214.835, 215.449, 216.063, 216.677, 217.29, 217.904, 218.518, 219.132, 219.746, 220.359, 220.973, 221.587, 222.201, 222.815, 223.429, 224.042, 224.656, 225.27, 225.884, 226.498, 227.111, 227.725, 228.339, 228.953, 229.567, 230.181, 230.794, 231.408, 232.022, 232.636, 233.25, 233.863, 234.477, 235.091, 235.705, 236.319, 236.932, 237.546, 238.16, 238.774, 239.388, 240.002, 240.615, 241.229, 241.843, 242.457, 243.071, 243.684, 244.298, 244.912, 245.526, 246.14, 246.754, 247.367, 247.981, 248.595, 249.209, 249.823, 250.436, 251.05, 251.664, 252.278, 252.892, 253.505, 254.119, 254.733, 255.347, 255.961, 256.575, 257.188, 257.802, 258.416, 259.03, 259.644, 260.257, 260.871, 261.485, 262.099, 262.713, 263.327, 263.94, 264.554, 265.168, 265.782, 266.396, 267.009, 267.623, 268.237, 268.851, 269.465, 270.078, 270.692, 271.306, 271.92, 272.534, 273.148, 273.761, 274.375, 274.989, 275.603, 276.217, 276.83, 277.444, 278.058, 278.672, 279.286, 279.9, 280.513, 281.127, 281.741, 282.355, 282.969, 283.582, 284.196, 284.81, 285.424, 286.038, 286.651, 287.265, 287.879, 288.493, 289.107, 289.721, 290.334, 290.948, 291.562, 292.176, 292.79, 293.403, 294.017
3.16513, 3.16593, 3.16674, 3.16756, 3.16838, 3.16922, 3.17006, 3.17091, 3.17177, 3.17264, 3.17352, 3.17441, 3.17531, 3.17622, 3.17714, 3.17807, 3.179, 3.17995, 3.18091, 3.18187, 3.18285, 3.18384, 3.18484, 3.18584, 3.18686, 3.18789, 3.18893, 3.18998, 3.19104, 3.19211, 3.1932, 3.19429, 3.19539, 3.19651, 3.19764, 3.19878, 3.19993, 3.20109, 3.20226, 3.20345, 3.20465, 3.20586, 3.20708, 3.20831, 3.20956, 3.21082, 3.21209, 3.21338, 3.21467, 3.21598, 3.21731, 3.21864, 3.21999, 3.22136, 3.22273, 3.22412, 3.22553, 3.22694, 3.22838, 3.22982, 3.23128, 3.23276, 3.23425, 3.23575, 3.23727, 3.23881, 3.24036, 3.24192, 3.2435, 3.2451, 3.24671, 3.24834, 3.24998, 3.25164, 3.25332, 3.25501, 3.25672, 3.25844, 3.26019, 3.26195, 3.26373, 3.26552, 3.26734, 3.26917, 3.27102, 3.27288, 3.27477, 3.27667, 3.2786, 3.28054, 3.2825, 3.28448, 3.28648, 3.2885, 3.29055, 3.29261, 3.29469, 3.29679, 3.29891, 3.30106, 3.30322, 3.30541, 3.30762, 3.30985, 3.3121, 3.31438, 3.31668, 3.319, 3.32135, 3.32372, 3.32611, 3.32852, 3.33097, 3.33343, 3.33592, 3.33844, 3.34098, 3.34355, 3.34614, 3.34876, 3.35141, 3.35408, 3.35678, 3.35951, 3.36227, 3.36506, 3.36787, 3.37071, 3.37358, 3.37649, 3.37942, 3.38238, 3.38538, 3.3884, 3.39146, 3.39455, 3.39767, 3.40082, 3.40401, 3.40723, 3.41048, 3.41377, 3.4171, 3.42046, 3.42385, 3.42729, 3.43075, 3.43426, 3.4378, 3.44139, 3.44501, 3.44867, 3.45237, 3.45611, 3.45989, 3.46372, 3.46758, 3.47149, 3.47544, 3.47944, 3.48348, 3.48757, 3.4917, 3.49588, 3.5001, 3.50437, 3.50869, 3.51307, 3.51749, 3.52196, 3.52648, 3.53106, 3.53568, 3.54037, 3.5451, 3.5499, 3.55474, 3.55965, 3.56461, 3.56964, 3.57472, 3.57986, 3.58507, 3.59034, 3.59567, 3.60107, 3.60653, 3.61206, 3.61766, 3.62333, 3.62907, 3.63488, 3.64076, 3.64672, 3.65275, 3.65886, 3.66505, 3.67131, 3.67766, 3.68409, 3.69061, 3.6972, 3.70389, 3.71066, 3.71753, 3.72449, 3.73153, 3.73868, 3.74592, 3.75326, 3.7607, 3.76825, 3.7759, 3.78365, 3.79152, 3.79949, 3.80758, 3.81578, 3.82411, 3.83255, 3.84112, 3.84981, 3.85863, 3.86758, 3.87666, 3.88588, 3.89524, 3.90474, 3.91439, 3.92419, 3.93414, 3.94425, 3.95451, 3.96494, 3.97554, 3.9863, 3.99725, 4.00837, 4.01967, 4.03117, 4.04285, 4.05474, 4.06682, 4.07912, 4.09163, 4.10436, 4.11731, 4.13049, 4.14391, 4.15757, 4.17148, 4.18565, 4.20009, 4.21479, 4.22978, 4.24505, 4.26062, 4.2765, 4.29268, 4.3092, 4.32604, 4.34323, 4.36078, 4.37869, 4.39698, 4.41567, 4.43475, 4.45426, 4.47419, 4.49458, 4.51542, 4.53675, 4.55857, 4.58091, 4.60378, 4.62721, 4.65122, 4.67582, 4.70105, 4.72692, 4.75347, 4.78073, 4.80871, 4.83746, 4.86701, 4.8974, 4.92866, 4.96083, 4.99396, 5.0281, 5.06328, 5.09958, 5.13704, 5.17573, 5.21571, 5.25705, 5.29984, 5.34415, 5.39008, 5.43772, 5.48718, 5.53859, 5.59206, 5.64774, 5.70578, 5.76636, 5.82967, 5.89591, 5.96532, 6.03816, 6.11473, 6.19536, 6.28043, 6.37038, 6.4657, 6.56697, 6.67487, 6.79019, 6.91389, 7.04711, 7.19127, 7.34813, 7.51989, 7.70937, 7.92005, 8.15624, 8.42295, 8.72554, 9.06889, 9.45581, 9.88476, 10.3469, 10.8229, 11.2808, 11.6756, 11.9516, 12.0494, 11.9145, 11.5092, 10.8215, 9.87021, 8.71173, 7.43182, 6.10962, 4.83232, 3.67226, 2.67829, 1.87293, 1.25483, 0.804934, 0.494093, 0.290086, 0.162832, 0.0873573, 0.044779, 0.0219254, 0.0102519, 0.00457611, 0.00194887, 0.000790858, 0.000304655, 0.000109975, 3.52143e-05, 7.21611e-06, 2.36955e-06, 7.41562e-07, 2.21221e-07, 6.29006e-08, 1.70465e-08, 4.40319e-09, 1.08405e-09, 2.54381e-10, 5.68944e-11, 1.21285e-11, 2.4643e-12, 4.77234e-13, 8.80888e-14, 1.54975e-14, 2.59868e-15, 4.15331e-16, 6.32684e-17, 9.18609e-18, 1.27123e-18, 1.67676e-19, 2.10798e-20, 2.52589e-21, 2.88477e-22, 3.14022e-23, 3.25806e-24, 3.22188e-25, 3.03675e-26, 2.7281e-27, 2.33594e-28, 1.9064e-29, 1.48291e-30, 1.09943e-31, 7.76911e-33, 5.23269e-34, 3.35915e-35, 2.05534e-36, 1.19864e-37, 6.66258e-39, 3.52978e-40, 1.78239e-41, 8.57845e-43, 3.93518e-44, 1.72056e-45, 7.17011e-47, 2.84795e-48, 1.07817e-49, 3.8904e-51, 1.33798e-52, 4.38587e-54, 1.37029e-55, 4.08053e-57, 1.15817e-58, 3.13312e-60, 8.07854e-62, 1.98535e-63, 4.65042e-65, 1.03824e-66, 2.20928e-68, 4.48078e-70, 8.66177e-72, 1.59591e-73, 2.8026e-75, 4.69098e-77, 7.48366e-79, 1.13793e-80, 1.64917e-82, 2.27805e-84, 2.99925e-86, 3.76366e-88, 4.50151e-90, 5.13162e-92, 5.57571e-94, 5.77424e-96, 5.69953e-98, 5.36207e-100, 4.80811e-102, 4.10928e-104, 3.34739e-106, 2.59894e-108, 1.92324e-110, 1.3565e-112, 9.11921e-115, 5.84308e-117, 3.56842e-119, 2.07711e-121, 1.15236e-123, 6.09355e-126, 3.07114e-128, 1.47529e-130, 6.75465e-133, 2.94766e-135, 1.22603e-137, 4.86041e-140, 1.83651e-142, 6.61397e-145, 2.27028e-147, 7.42754e-150, 2.31611e-152, 6.8837e-155, 1.94999e-157, 5.26492e-160, 1.35488e-162, 3.32319e-165, 7.76889e-168, 1.73106e-170, 3.6763e-173, 7.44149e-176, 1.43568e-178, 2.63998e-181, 4.62693e-184, 7.72919e-187, 1.23062e-189, 1.86749e-192, 2.70112e-195, 3.72371e-198, 4.89278e-201
3.16513, 3.16595, 3.16677, 3.1676, 3.16844, 3.16929, 3.17015, 3.17101, 3.17189, 3.17277, 3.17367, 3.17457, 3.17549, 3.17641, 3.17735, 3.17829, 3.17924, 3.1802, 3.18118, 3.18216, 3.18315, 3.18416, 3.18517, 3.18619, 3.18723, 3.18827, 3.18933, 3.19039, 3.19147, 3.19256, 3.19366, 3.19477, 3.19589, 3.19702, 3.19817, 3.19932, 3.20049, 3.20167, 3.20286, 3.20407, 3.20528, 3.20651, 3.20775, 3.209, 3.21026, 3.21154, 3.21283, 3.21413, 3.21545, 3.21678, 3.21812, 3.21947, 3.22084, 3.22223, 3.22362, 3.22503, 3.22645, 3.22789, 3.22934, 3.23081, 3.23229, 3.23378, 3.23529, 3.23682, 3.23836, 3.23991, 3.24148, 3.24307, 3.24467, 3.24629, 3.24792, 3.24957, 3.25123, 3.25291, 3.25461, 3.25632, 3.25806, 3.2598, 3.26157, 3.26335, 3.26515, 3.26697, 3.26881, 3.27066, 3.27253, 3.27442, 3.27633, 3.27826, 3.28021, 3.28217, 3.28416, 3.28617, 3.28819, 3.29024, 3.2923, 3.29439, 3.29649, 3.29862, 3.30077, 3.30294, 3.30513, 3.30735, 3.30958, 3.31184, 3.31412, 3.31642, 3.31875, 3.3211, 3.32347, 3.32587, 3.32829, 3.33073, 3.3332, 3.3357, 3.33822, 3.34076, 3.34333, 3.34593, 3.34855, 3.3512, 3.35388, 3.35659, 3.35932, 3.36208, 3.36487, 3.36768, 3.37053, 3.3734, 3.37631, 3.37924, 3.38221, 3.38521, 3.38823, 3.39129, 3.39438, 3.39751, 3.40066, 3.40385, 3.40708, 3.41033, 3.41362, 3.41695, 3.42031, 3.42371, 3.42714, 3.43061, 3.43412, 3.43767, 3.44125, 3.44487, 3.44853, 3.45224, 3.45598, 3.45976, 3.46358, 3.46745, 3.47136, 3.47531, 3.47931, 3.48335, 3.48743, 3.49156, 3.49574, 3.49996, 3.50424, 3.50856, 3.51293, 3.51734, 3.52181, 3.52634, 3.53091, 3.53553, 3.54021, 3.54495, 3.54974, 3.55458, 3.55948, 3.56444, 3.56946, 3.57454, 3.57968, 3.58488, 3.59015, 3.59547, 3.60086, 3.60632, 3.61185, 3.61744, 3.6231, 3.62883, 3.63463, 3.64051, 3.64646, 3.65248, 3.65858, 3.66476, 3.67102, 3.67735, 3.68377, 3.69028, 3.69686, 3.70354, 3.7103, 3.71715, 3.72409, 3.73113, 3.73826, 3.74549, 3.75281, 3.76024, 3.76776, 3.77539, 3.78313, 3.79098, 3.79893, 3.807, 3.81518, 3.82348, 3.8319, 3.84044, 3.84911, 3.8579, 3.86683, 3.87588, 3.88507, 3.8944, 3.90388, 3.91349, 3.92326, 3.93317, 3.94324, 3.95347, 3.96386, 3.97442, 3.98514, 3.99604, 4.00712, 4.01838, 4.02982, 4.04146, 4.05329, 4.06532, 4.07756, 4.09001, 4.10268, 4.11557, 4.12868, 4.14204, 4.15563, 4.16947, 4.18356, 4.19791, 4.21254, 4.22744, 4.24262, 4.2581, 4.27387, 4.28996, 4.30637, 4.3231, 4.34018, 4.3576, 4.37539, 4.39355, 4.4121, 4.43104, 4.4504, 4.47018, 4.4904, 4.51107, 4.53222, 4.55386, 4.576, 4.59867, 4.62188, 4.64566, 4.67002, 4.695, 4.72061, 4.74688, 4.77384, 4.80152, 4.82995, 4.85916, 4.88918, 4.92006, 4.95182, 4.98453, 5.01821, 5.05291, 5.08869, 5.12561, 5.16372, 5.20308, 5.24376, 5.28584, 5.3294, 5.37452, 5.42129, 5.46982, 5.52022, 5.57261, 5.62712, 5.68389, 5.7431, 5.8049, 5.86951, 5.93713, 6.00801, 6.08242, 6.16067, 6.24311, 6.33012, 6.42216, 6.51974, 6.62347, 6.73405, 6.85231, 6.97925, 7.11607, 7.26425, 7.42565, 7.60263, 7.79818, 8.0161, 8.26112, 8.53888, 8.85564, 9.21737, 9.62828, 10.0883, 10.5899, 11.1144, 11.6298, 12.0888, 12.4326, 12.5959, 12.5181, 12.1546, 11.4883, 10.5363, 9.35074, 8.01144, 6.61354, 5.25181, 4.00635, 2.9327, 2.05806, 1.38351, 0.890353, 0.548224, 0.322827, 0.181731, 0.0977664, 0.0502487, 0.0246671, 0.0115627, 0.00517386, 0.00220882, 0.000898625, 0.00034721, 0.000125974, 4.08033e-05, 8.82292e-06, 2.89229e-06, 9.0569e-07, 2.70315e-07, 7.68972e-08, 2.08498e-08, 5.38823e-09, 1.32721e-09, 3.11592e-10, 6.97241e-11, 1.48707e-11, 3.02294e-12, 5.85705e-13, 1.08163e-13, 1.90384e-14, 3.19399e-15, 5.10725e-16, 7.7838e-17, 1.1307e-17, 1.5655e-18, 2.0659e-19, 2.59846e-20, 3.11512e-21, 3.55945e-22, 3.87652e-23, 4.02394e-24, 3.98118e-25, 3.75424e-26, 3.3743e-27, 2.89065e-28, 2.36024e-29, 1.83683e-30, 1.36248e-31, 9.63262e-33, 6.49094e-34, 4.1689e-35, 2.55202e-36, 1.48901e-37, 8.28061e-39, 4.38911e-40, 2.21738e-41, 1.06771e-42, 4.90025e-44, 2.14354e-45, 8.93709e-47, 3.55148e-48, 1.34516e-49, 4.85609e-51, 1.6709e-52, 5.47978e-54, 1.71287e-55, 5.10314e-57, 1.4491e-58, 3.92203e-60, 1.01175e-61, 2.48761e-63, 5.82966e-65, 1.30213e-66, 2.77212e-68, 5.62497e-70, 1.08787e-71, 2.00533e-73, 3.52324e-75, 5.89994e-77, 9.41677e-79, 1.43254e-80, 2.07711e-82, 2.87053e-84, 3.78106e-86, 4.74694e-88, 5.68019e-90, 6.47831e-92, 7.04221e-94, 7.29635e-96, 7.20528e-98, 6.7818e-100, 6.08398e-102, 5.20211e-104, 4.23955e-106, 3.29313e-108, 2.43807e-110, 1.72041e-112, 1.15709e-114, 7.4174e-117, 4.53193e-119, 2.63915e-121, 1.46485e-123, 7.74945e-126, 3.90748e-128, 1.87789e-130, 8.60189e-133, 3.75547e-135, 1.56273e-137, 6.198e-140, 2.34297e-142, 8.44172e-145, 2.89896e-147, 9.48862e-150, 2.96013e-152, 8.80172e-155, 2.49443e-157, 6.73789e-160, 1.7347e-162, 4.25669e-165, 9.95561e-168, 2.21928e-170, 4.71523e-173, 9.54867e-176, 1.84302e-178, 3.39051e-181, 5.94494e-184, 9.93522e-187, 1.58254e-189, 2.4026e-192, 3.47659e-195, 4.79484e-198, 6.30293e-201
208.97
176.71
 
MEASUREMENT 39
1.56305, 4.67879, 7.79453, 10.9103, 14.0312, 17.1469, 20.2679, 23.3784, 26.4796, 29.5859, 32.6913, 35.8071, 38.9228, 42.0385, 45.1595, 48.2752, 51.3909, 54.5067, 57.6224, 60.7381, 63.8435, 66.9593, 70.0698, 73.1752, 76.2806, 79.3859, 82.4913, 85.5967, 88.7021, 91.8074, 94.9128, 98.0182, 101.1, 104.148, 107.196, 110.244, 113.292, 116.339, 119.387, 122.435, 125.483, 128.531, 131.574, 134.622, 137.67, 140.718, 143.766, 146.814, 149.861, 152.909, 155.957, 159.005, 162.053, 165.101, 168.149, 171.197, 174.245, 177.293, 180.341, 183.389, 186.436, 189.484, 192.532, 195.58, 198.621, 201.655, 204.688, 207.722, 210.756, 213.794, 216.838, 219.882, 222.926, 225.97, 229.014, 232.058, 235.102, 238.145, 241.189, 244.233, 247.277, 250.321, 253.37, 256.424, 259.478, 262.532, 265.586, 268.64, 271.695, 274.749, 277.803, 280.857, 283.911, 286.97, 290.035, 293.099
2.83643, 2.83685, 2.82342, 2.97702, 2.8252, 2.85875, 3.07039, 3.07153, 3.03705, 3.06845, 3.0968, 3.16363, 3.16286, 3.20206, 3.19749, 3.23001, 3.32861, 3.36585, 3.41654, 3.45547, 3.12072, 3.42179, 3.43261, 3.42149, 3.4995, 3.50651, 3.53008, 3.52241, 3.57173, 3.3123, 3.62853, 3.16684, 3.6471, 3.64796, 3.67917, 3.70005, 3.72037, 3.74721, 3.78368, 3.79856, 3.8131, 3.8564, 3.91181, 3.91554, 3.96193, 4.02412, 4.08706, 4.12163, 4.16276, 4.20065, 4.28824, 4.36526, 4.4511, 4.50757, 4.59931, 4.81989, 4.89114, 4.95905, 5.15695, 5.40018, 5.58409, 5.95378, 6.30805, 7.04059, 8.90616, 10.1601, 11.4437, 10.4515, 5.37122, 1.23299, 0.10568, 0.00337757, 0.00262455, 0.00236491, -0.0020628, -0.000644919, 0.00322615, 0.00175585, -0.00691762, -0.00258801, -0.0124783, -0.0214124, -0.00646353, -0.00227179, -0.00868568, -0.0163594, 0.00059455, -0.0144176, -0.00368744, 0.000495423, -0.00260396, 0.000379976, -0.00804853, -0.00450934, -0.00797139, -0.033706
0.085093, 0.0851054, 0.0847026, 0.0893105, 0.0847561, 0.0857625, 0.0921117, 0.0921459, 0.0911115, 0.0920536, 0.0929041, 0.094909, 0.0948858, 0.0960618, 0.0959247, 0.0969004, 0.0998582, 0.100976, 0.102496, 0.103664, 0.0936216, 0.102654, 0.102978, 0.102645, 0.104985, 0.105195, 0.105902, 0.105672, 0.107152, 0.099369, 0.108856, 0.0950052, 0.109413, 0.109439, 0.110375, 0.111001, 0.111611, 0.112416, 0.11351, 0.113957, 0.114393, 0.115692, 0.117354, 0.117466, 0.118858, 0.120724, 0.122612, 0.123649, 0.124883, 0.126019, 0.128647, 0.130958, 0.133533, 0.135227, 0.137979, 0.144597, 0.146734, 0.148772, 0.154709, 0.162005, 0.167523, 0.178613, 0.189241, 0.211218, 0.267185, 0.304804, 0.343311, 0.313546, 0.161137, 0.0369896, 0.00317041, 0.000101327, 7.87365e-05, 7.09474e-05, 6.18841e-05, 1.93476e-05, 9.67844e-05, 5.26754e-05, 0.000207529, 7.76403e-05, 0.00037435, 0.000642372, 0.000193906, 6.81536e-05, 0.00026057, 0.000490783, 1.78365e-05, 0.000432529, 0.000110623, 1.48627e-05, 7.81188e-05, 1.13993e-05, 0.000241456, 0.00013528, 0.000239142, 0.00101118
0, 0.613815, 1.22763, 1.84144, 2.45526, 3.06907, 3.68289, 4.2967, 4.91052, 5.52433, 6.13815, 6.75196, 7.36578, 7.97959, 8.59341, 9.20722, 9.82104, 10.4349, 11.0487, 11.6625, 12.2763, 12.8901, 13.5039, 14.1177, 14.7316, 15.3454, 15.9592, 16.573, 17.1868, 17.8006, 18.4144, 19.0283, 19.6421, 20.2559, 20.8697, 21.4835, 22.0973, 22.7111, 23.325, 23.9388, 24.5526, 25.1664, 25.7802, 26.394, 27.0078, 27.6217, 28.2355, 28.8493, 29.4631, 30.0769, 30.6907, 31.3046, 31.9184, 32.5322, 33.146, 33.7598, 34.3736, 34.9874, 35.6013, 36.2151, 36.8289, 37.4427, 38.0565, 38.6703, 39.2841, 39.898, 40.5118, 41.1256, 41.7394, 42.3532, 42.967, 43.5808, 44.1947, 44.8085, 45.4223, 46.0361, 46.6499, 47.2637, 47.8775, 48.4914, 49.1052, 49.719, 50.3328, 50.9466, 51.5604, 52.1743, 52.7881, 53.4019, 54.0157, 54.6295, 55.2433, 55.8571, 56.471, 57.0848, 57.6986, 58.3124, 58.9262, 59.54, 60.1538, 60.7677, 61.3815, 61.9953, 62.6091, 63.2229, 63.8367, 64.4505, 65.0644, 65.6782, 66.292, 66.9058, 67.5196, 68.1334, 68.7473, 69.3611, 69.9749, 70.5887, 71.2025, 71.8163, 72.4301, 73.044, 73.6578, 74.2716, 74.8854, 75.4992, 76.113, 76.7268, 77.3407, 77.9545, 78.5683, 79.1821, 79.7959, 80.4097, 81.0235, 81.6374, 82.2512, 82.865, 83.4788, 84.0926, 84.7064, 85.3202, 85.9341, 86.5479, 87.1617, 87.7755, 88.3893, 89.0031, 89.617, 90.2308, 90.8446, 91.4584, 92.0722, 92.686, 93.2998, 93.9137, 94.5275, 95.1413, 95.7551, 96.3689, 96.9827, 97.5965, 98.2104, 98.8242, 99.438, 100.052, 100.666, 101.279, 101.893, 102.507, 103.121, 103.735, 104.349, 104.962, 105.576, 106.19, 106.804, 107.418, 108.031, 108.645, 109.259, 109.873, 110.487, 111.1, 111.714, 112.328, 112.942, 113.556, 114.17, 114.783, 115.397, 116.011, 116.625, 117.239, 117.852, 118.466, 119.08, 119.694, 120.308, 120.922, 121.535, 122.149, 122.763, 123.377, 123.991, 124.604, 125.218, 125.832, 126.446, 127.06, 127.673, 128.287, 128.901, 129.515, 130.129, 130.743, 131.356, 131.97, 132.584, 133.198, 133.812, 134.425, 135.039, 135.653, 136.267, 136.881, 137.495, 138.108, 138.722, 139.336, 139.95, 140.564, 141.177, 141.791, 142.405, 143.019, 143.633, 144.246, 144.86, 145.474, 146.088, 146.702, 147.316, 147.929, 148.543, 149.157, 149.771, 150.385, 150.998, 151.612, 152.226, 152.84, 153.454, 154.068, 154.681, 155.295, 155.909, 156.523, 157.137, 157.75, 158.364, 158.978, 159.592, 160.206, 160.819, 161.433, 162.047, 162.661, 163.275, 163.889, 164.502, 165.116, 165.73, 166.344, 166.958, 167.571, 168.185, 168.799, 169.413, 170.027, 170.64, 171.254, 171.868, 172.482, 173.096, 173.71, 174.323, 174.937, 175.551, 176.165, 176.779, 177.392, 178.006, 178.62, 179.234, 179.848, 180.462, 181.075, 181.689, 182.303, 182.917, 183.531, 184.144, 184.758, 185.372, 185.986, 186.6, 187.213, 187.827, 188.441, 189.055, 189.669, 190.283, 190.896, 191.51, 192.124, 192.738, 193.352, 193.965, 194.579, 195.193, 195.807, 196.421, 197.035, 197.648, 198.262, 198.876, 199.49, 200.104, 200.717, 201.331, 201.945, 202.559, 203.173, 203.786, 204.4, 205.014, 205.628, 206.242, 206.856, 207.469, 208.083, 208.697, 209.311, 209.925, 210.538, 211.152, 211.766, 212.38, 212.994, 213.608, 214.221, 214.835, 215.449, 216.063, 216.677, 217.29, 217.904, 218.518, 219.132, 219.746, 220.359, 220.973, 221.587, 222.201, 222.815, 223.429, 224.042, 224.656, 225.27, 225.884, 226.498, 227.111, 227.725, 228.339, 228.953, 229.567, 230.181, 230.794, 231.408, 232.022, 232.636, 233.25, 233.863, 234.477, 235.091, 235.705, 236.319, 236.932, 237.546, 238.16, 238.774, 239.388, 240.002, 240.615, 241.229, 241.843, 242.457, 243.071, 243.684, 244.298, 244.912, 245.526, 246.14, 246.754, 247.367, 247.981, 248.595, 249.209, 249.823, 250.436, 251.05, 251.664, 252.278, 252.892, 253.505, 254.119, 254.733, 255.347, 255.961, 256.575, 257.188, 257.802, 258.416, 259.03, 259.644, 260.257, 260.871, 261.485, 262.099, 262.713, 263.327, 263.94, 264.554, 265.168, 265.782, 266.396, 267.009, 267.623, 268.237, 268.851, 269.465, 270.078, 270.692, 271.306, 271.92, 272.534, 273.148, 273.761, 274.375, 274.989, 275.603, 276.217, 276.83, 277.444, 278.058, 278.672, 279.286, 279.9, 280.513, 281.127, 281.741, 282.355, 282.969, 283.582, 284.196, 284.81, 285.424, 286.038, 286.651, 287.265, 287.879, 288.493, 289.107, 289.721, 290.334, 290.948, 291.562, 292.176, 292.79, 293.403, 294.017
3.16361, 3.16441, 3.16522, 3.16604, 3.16687, 3.1677, 3.16855, 3.1694, 3.17026, 3.17114, 3.17202, 3.17291, 3.17381, 3.17472, 3.17564, 3.17657, 3.1775, 3.17845, 3.17941, 3.18038, 3.18136, 3.18235, 3.18335, 3.18435, 3.18537, 3.1864, 3.18745, 3.1885, 3.18956, 3.19063, 3.19172, 3.19281, 3.19392, 3.19504, 3.19617, 3.19731, 3.19846, 3.19962, 3.2008, 3.20198, 3.20318, 3.2044, 3.20562, 3.20685, 3.2081, 3.20936, 3.21064, 3.21192, 3.21322, 3.21453, 3.21586, 3.2172, 3.21855, 3.21991, 3.22129, 3.22268, 3.22409, 3.22551, 3.22694, 3.22839, 3.22985, 3.23133, 3.23282, 3.23433, 3.23585, 3.23739, 3.23894, 3.24051, 3.24209, 3.24369, 3.2453, 3.24693, 3.24858, 3.25024, 3.25192, 3.25361, 3.25532, 3.25705, 3.2588, 3.26056, 3.26234, 3.26414, 3.26595, 3.26779, 3.26964, 3.27151, 3.2734, 3.2753, 3.27723, 3.27918, 3.28114, 3.28312, 3.28513, 3.28715, 3.28919, 3.29126, 3.29334, 3.29545, 3.29757, 3.29972, 3.30189, 3.30408, 3.30629, 3.30852, 3.31078, 3.31306, 3.31536, 3.31769, 3.32004, 3.32241, 3.3248, 3.32722, 3.32967, 3.33214, 3.33463, 3.33715, 3.3397, 3.34227, 3.34487, 3.34749, 3.35014, 3.35282, 3.35552, 3.35825, 3.36102, 3.3638, 3.36662, 3.36947, 3.37235, 3.37525, 3.37819, 3.38116, 3.38415, 3.38718, 3.39024, 3.39334, 3.39646, 3.39962, 3.40281, 3.40604, 3.4093, 3.41259, 3.41592, 3.41929, 3.42269, 3.42612, 3.4296, 3.43311, 3.43666, 3.44025, 3.44387, 3.44754, 3.45125, 3.45499, 3.45878, 3.46261, 3.46648, 3.4704, 3.47436, 3.47836, 3.48241, 3.4865, 3.49064, 3.49482, 3.49905, 3.50333, 3.50766, 3.51204, 3.51647, 3.52094, 3.52547, 3.53006, 3.53469, 3.53938, 3.54413, 3.54893, 3.55379, 3.5587, 3.56367, 3.5687, 3.5738, 3.57895, 3.58416, 3.58944, 3.59478, 3.60019, 3.60566, 3.6112, 3.61681, 3.62249, 3.62824, 3.63406, 3.63995, 3.64592, 3.65197, 3.65809, 3.66429, 3.67057, 3.67693, 3.68337, 3.68989, 3.69651, 3.70321, 3.70999, 3.71687, 3.72384, 3.73091, 3.73806, 3.74532, 3.75268, 3.76013, 3.76769, 3.77536, 3.78313, 3.79101, 3.79901, 3.80711, 3.81533, 3.82368, 3.83214, 3.84072, 3.84943, 3.85827, 3.86724, 3.87635, 3.88559, 3.89497, 3.9045, 3.91417, 3.92399, 3.93397, 3.9441, 3.95439, 3.96485, 3.97547, 3.98627, 3.99724, 4.00839, 4.01972, 4.03125, 4.04297, 4.05488, 4.067, 4.07933, 4.09188, 4.10464, 4.11763, 4.13085, 4.14431, 4.15801, 4.17197, 4.18618, 4.20066, 4.21541, 4.23045, 4.24577, 4.26139, 4.27732, 4.29356, 4.31013, 4.32703, 4.34428, 4.36189, 4.37987, 4.39823, 4.41698, 4.43614, 4.45572, 4.47573, 4.49619, 4.51712, 4.53854, 4.56045, 4.58288, 4.60585, 4.62938, 4.65349, 4.67821, 4.70355, 4.72955, 4.75622, 4.78361, 4.81173, 4.84063, 4.87033, 4.90088, 4.93231, 4.96465, 4.99797, 5.0323, 5.0677, 5.10421, 5.1419, 5.18083, 5.22107, 5.26269, 5.30577, 5.35039, 5.39665, 5.44465, 5.49449, 5.5463, 5.60021, 5.65636, 5.71492, 5.77605, 5.83995, 5.90684, 5.97695, 6.05057, 6.12799, 6.20956, 6.29568, 6.38678, 6.4834, 6.58614, 6.6957, 6.81294, 6.93884, 7.07465, 7.22188, 7.38242, 7.55864, 7.75352, 7.97072, 8.2146, 8.49003, 8.80181, 9.1537, 9.5466, 9.97634, 10.4309, 10.8878, 11.3129, 11.6606, 11.878, 11.9107, 11.7121, 11.2533, 10.5301, 9.56559, 8.42217, 7.17519, 5.90004, 4.67572, 3.56682, 2.61641, 1.84393, 1.24764, 0.809968, 0.504267, 0.300938, 0.172089, 0.0942651, 0.0494477, 0.0248329, 0.0119368, 0.00549041, 0.00241535, 0.00101532, 0.000406791, 0.000154082, 5.35183e-05, 1.43981e-05, 3.66325e-06, 1.20333e-06, 3.77676e-07, 1.13245e-07, 3.24408e-08, 8.8783e-09, 2.32133e-09, 5.79848e-10, 1.38376e-10, 3.15481e-11, 6.87156e-12, 1.4299e-12, 2.84267e-13, 5.39901e-14, 9.7965e-15, 1.69823e-15, 2.81248e-16, 4.44991e-17, 6.72639e-18, 9.71362e-19, 1.34013e-19, 1.76638e-20, 2.22427e-21, 2.67584e-22, 3.07539e-23, 3.37683e-24, 3.54231e-25, 3.55003e-26, 3.39896e-27, 3.10905e-28, 2.71692e-29, 2.26827e-30, 1.80918e-31, 1.37859e-32, 1.00359e-33, 6.97987e-35, 4.63773e-36, 2.94396e-37, 1.78536e-38, 1.0344e-39, 5.72555e-41, 3.02771e-42, 1.52961e-43, 7.38268e-45, 3.4042e-46, 1.49963e-47, 6.31132e-49, 2.53761e-50, 9.74757e-52, 3.57714e-53, 1.25413e-54, 4.20067e-56, 1.34419e-57, 4.10932e-59, 1.20018e-60, 3.34883e-62, 8.92699e-64, 2.27345e-65, 5.53136e-67, 1.28572e-68, 2.85515e-70, 6.05729e-72, 1.22771e-73, 2.37727e-75, 4.39774e-77, 7.77227e-79, 1.3123e-80, 2.11683e-82, 3.26217e-84, 4.80278e-86, 6.75534e-88, 9.07754e-90, 1.16535e-91, 1.42926e-93, 1.67469e-95, 1.87466e-97, 2.00483e-99, 2.04834e-101, 1.99936e-103, 1.86444e-105, 1.661e-107, 1.41371e-109, 1.14952e-111, 8.92979e-114, 6.62722e-116, 4.69882e-118, 3.18282e-120, 2.05969e-122, 1.27338e-124, 7.52113e-127, 4.24398e-129, 2.28786e-131, 1.17829e-133, 5.79751e-136, 2.7252e-138, 1.22383e-140, 5.2506e-143, 2.15211e-145, 8.42723e-148, 3.15263e-150, 1.12675e-152, 3.84722e-155, 1.25497e-157, 3.91098e-160, 1.16441e-162, 3.31199e-165, 8.99995e-168, 2.33645e-170, 5.79483e-173, 1.37306e-175, 3.10817e-178, 6.72181e-181, 1.38878e-183, 2.74123e-186, 5.16922e-189, 9.31258e-192
3.16361, 3.16443, 3.16525, 3.16608, 3.16692, 3.16777, 3.16863, 3.1695, 3.17038, 3.17127, 3.17216, 3.17307, 3.17398, 3.17491, 3.17584, 3.17679, 3.17774, 3.17871, 3.17968, 3.18066, 3.18166, 3.18266, 3.18368, 3.1847, 3.18574, 3.18679, 3.18784, 3.18891, 3.18999, 3.19108, 3.19218, 3.19329, 3.19441, 3.19555, 3.1967, 3.19785, 3.19902, 3.2002, 3.2014, 3.2026, 3.20382, 3.20505, 3.20629, 3.20754, 3.20881, 3.21009, 3.21138, 3.21268, 3.214, 3.21533, 3.21667, 3.21803, 3.2194, 3.22078, 3.22218, 3.22359, 3.22502, 3.22646, 3.22791, 3.22938, 3.23086, 3.23236, 3.23387, 3.2354, 3.23694, 3.23849, 3.24007, 3.24165, 3.24326, 3.24488, 3.24651, 3.24816, 3.24983, 3.25151, 3.25321, 3.25493, 3.25666, 3.25841, 3.26018, 3.26196, 3.26377, 3.26559, 3.26743, 3.26928, 3.27116, 3.27305, 3.27496, 3.27689, 3.27884, 3.28081, 3.2828, 3.28481, 3.28684, 3.28888, 3.29095, 3.29304, 3.29515, 3.29728, 3.29943, 3.3016, 3.3038, 3.30601, 3.30825, 3.31051, 3.3128, 3.3151, 3.31743, 3.31978, 3.32216, 3.32456, 3.32698, 3.32943, 3.33191, 3.3344, 3.33693, 3.33948, 3.34205, 3.34465, 3.34728, 3.34993, 3.35261, 3.35532, 3.35806, 3.36082, 3.36361, 3.36643, 3.36928, 3.37216, 3.37507, 3.37801, 3.38098, 3.38398, 3.38701, 3.39008, 3.39317, 3.3963, 3.39946, 3.40265, 3.40588, 3.40914, 3.41244, 3.41577, 3.41914, 3.42254, 3.42598, 3.42945, 3.43297, 3.43652, 3.44011, 3.44373, 3.4474, 3.45111, 3.45486, 3.45864, 3.46247, 3.46635, 3.47026, 3.47422, 3.47822, 3.48227, 3.48636, 3.4905, 3.49468, 3.49891, 3.50319, 3.50752, 3.51189, 3.51632, 3.5208, 3.52532, 3.52991, 3.53454, 3.53923, 3.54397, 3.54876, 3.55362, 3.55853, 3.5635, 3.56852, 3.57361, 3.57876, 3.58397, 3.58924, 3.59458, 3.59998, 3.60545, 3.61098, 3.61658, 3.62226, 3.628, 3.63381, 3.6397, 3.64566, 3.65169, 3.6578, 3.66399, 3.67026, 3.67661, 3.68304, 3.68956, 3.69616, 3.70285, 3.70962, 3.71649, 3.72344, 3.73049, 3.73764, 3.74488, 3.75222, 3.75966, 3.7672, 3.77485, 3.7826, 3.79046, 3.79844, 3.80652, 3.81472, 3.82304, 3.83148, 3.84004, 3.84873, 3.85754, 3.86648, 3.87556, 3.88477, 3.89413, 3.90362, 3.91326, 3.92305, 3.93299, 3.94308, 3.95334, 3.96375, 3.97434, 3.98509, 3.99602, 4.00712, 4.01841, 4.02989, 4.04155, 4.05342, 4.06548, 4.07776, 4.09024, 4.10295, 4.11587, 4.12903, 4.14242, 4.15605, 4.16993, 4.18407, 4.19847, 4.21313, 4.22808, 4.24331, 4.25884, 4.27467, 4.29081, 4.30727, 4.32406, 4.3412, 4.35869, 4.37654, 4.39476, 4.41338, 4.43239, 4.45182, 4.47168, 4.49197, 4.51273, 4.53396, 4.55569, 4.57792, 4.60069, 4.624, 4.64788, 4.67235, 4.69744, 4.72317, 4.74957, 4.77666, 4.80447, 4.83304, 4.8624, 4.89257, 4.92361, 4.95555, 4.98843, 5.0223, 5.05721, 5.0932, 5.13034, 5.16869, 5.2083, 5.24925, 5.29161, 5.33546, 5.3809, 5.42802, 5.47691, 5.5277, 5.5805, 5.63546, 5.69272, 5.75245, 5.81482, 5.88003, 5.94832, 6.01993, 6.09514, 6.17427, 6.25768, 6.34576, 6.439, 6.53793, 6.64318, 6.75548, 6.87573, 7.00496, 7.14447, 7.29586, 7.46112, 7.64281, 7.84411, 8.06905, 8.32247, 8.60992, 8.93715, 9.30904, 9.72783, 10.1907, 10.6865, 11.1932, 11.6759, 12.0868, 12.3688, 12.4625, 12.3152, 11.8921, 11.1847, 10.2163, 9.04047, 7.73394, 6.38494, 5.07949, 3.88914, 2.86295, 2.02455, 1.37431, 0.895, 0.558884, 0.334498, 0.191814, 0.105352, 0.0554071, 0.0278957, 0.0134417, 0.00619729, 0.00273275, 0.00115152, 0.000462611, 0.000175964, 6.15813e-05, 1.70436e-05, 4.47601e-06, 1.46897e-06, 4.61262e-07, 1.38373e-07, 3.96572e-08, 1.08583e-08, 2.84034e-09, 7.09821e-10, 1.69471e-10, 3.86554e-11, 8.42352e-12, 1.75366e-12, 3.48792e-13, 6.62759e-14, 1.20313e-14, 2.0866e-15, 3.45727e-16, 5.47264e-17, 8.27614e-18, 1.19572e-18, 1.65043e-19, 2.17637e-20, 2.74181e-21, 3.29997e-22, 3.79447e-23, 4.16831e-24, 4.37459e-25, 4.38614e-26, 4.20142e-27, 3.84484e-28, 3.36146e-29, 2.80767e-30, 2.24043e-31, 1.70799e-32, 1.24396e-33, 8.65558e-35, 5.75378e-36, 3.65408e-37, 2.21703e-38, 1.28509e-39, 7.11641e-41, 3.76493e-42, 1.90292e-43, 9.18867e-45, 4.23889e-46, 1.86818e-47, 7.86598e-49, 3.16413e-50, 1.21597e-51, 4.46438e-53, 1.56591e-54, 5.24732e-56, 1.67987e-57, 5.13787e-59, 1.50126e-60, 4.19081e-62, 1.11765e-63, 2.84762e-65, 6.93147e-67, 1.61189e-68, 3.58107e-70, 7.60076e-72, 1.54123e-73, 2.9857e-75, 5.52577e-77, 9.77024e-79, 1.65038e-80, 2.66337e-82, 4.10624e-84, 6.04818e-86, 8.51083e-88, 1.14416e-89, 1.46949e-91, 1.80308e-93, 2.11363e-95, 2.36706e-97, 2.53254e-99, 2.58864e-101, 2.52786e-103, 2.3583e-105, 2.10191e-107, 1.78976e-109, 1.45593e-111, 1.1315e-113, 8.40108e-116, 5.95911e-118, 4.03826e-120, 2.61441e-122, 1.61703e-124, 9.55501e-127, 5.39398e-129, 2.90907e-131, 1.49887e-133, 7.37804e-136, 3.46963e-138, 1.55881e-140, 6.69064e-143, 2.74353e-145, 1.07477e-147, 4.02244e-150, 1.43823e-152, 4.91286e-155, 1.60326e-157, 4.99853e-160, 1.48883e-162, 4.23656e-165, 1.15172e-167, 2.99122e-170, 7.42189e-173, 1.75933e-175, 3.98423e-178, 8.62e-181, 1.78171e-183, 3.51828e-186, 6.63729e-189, 1.19624e-191
208.85
176.66
 
MEASUREMENT 40
1.56305, 4.67879, 7.79453, 10.9103, 14.0312, 17.1469, 20.2679, 23.3784, 26.4796, 29.5859, 32.6913, 35.8071, 38.9228, 42.0385, 45.1595, 48.2752, 51.3909, 54.5067, 57.6224, 60.7381, 63.8435, 66.9593, 70.0698, 73.1752, 76.2806, 79.3859, 82.4913, 85.5967, 88.7021, 91.8074, 94.9128, 98.0182, 101.1, 104.148, 107.196, 110.244, 113.292, 116.339, 119.387, 122.435, 125.483, 128.531, 131.574, 134.622, 137.67, 140.718, 143.766, 146.814, 149.861, 152.909, 155.957, 159.005, 162.053, 165.101, 168.149, 171.197, 174.245, 177.293, 180.341, 183.389, 186.436, 189.484, 192.532, 195.58, 198.621, 201.655, 204.688, 207.722, 210.756, 213.794, 216.838, 219.882, 222.926, 225.97, 229.014, 232.058, 235.102, 238.145, 241.189, 244.233, 247.277, 250.321, 253.37, 256.424, 259.478, 262.532, 265.586, 268.64, 271.695, 274.749, 277.803, 280.857, 283.911, 286.97, 290.035, 293.099
2.84046, 2.83691, 2.82405, 2.97421, 2.82145, 2.85096, 3.08594, 3.06725, 3.03437, 3.0633, 3.09669, 3.16191, 3.16142, 3.20198, 3.19544, 3.22335, 3.33229, 3.36715, 3.40801, 3.4558, 3.0994, 3.4206, 3.43563, 3.42263, 3.50209, 3.50666, 3.53375, 3.52082, 3.57536, 3.31206, 3.62772, 3.16564, 3.64372, 3.65042, 3.67666, 3.69742, 3.71912, 3.74762, 3.78351, 3.7991, 3.80999, 3.855, 3.91149, 3.91556, 3.95621, 4.02219, 4.0828, 4.11431, 4.1503, 4.20013, 4.28505, 4.35895, 4.44425, 4.50389, 4.59112, 4.81403, 4.88961, 4.95815, 5.15767, 5.39828, 5.59137, 5.94902, 6.30231, 6.95369, 8.90526, 10.1517, 11.4295, 10.4494, 5.36961, 1.22173, 0.104647, 0.000312378, 0.00314947, -0.0011051, -0.000121589, 0.000122921, 0.0019244, 0.000562379, -0.00507896, -0.00273308, -0.00886886, -0.0178537, -0.00460434, -0.00155125, -0.00797359, -0.016344, -0.000680113, -0.0130915, -0.000555774, -5.20403e-05, -0.00130416, -0.000625844, -0.00531282, -0.00550518, -0.00798326, -0.0335584
0.0852138, 0.0851073, 0.0847214, 0.0892264, 0.0846435, 0.0855287, 0.0925782, 0.0920175, 0.0910312, 0.091899, 0.0929007, 0.0948573, 0.0948427, 0.0960594, 0.0958632, 0.0967006, 0.0999687, 0.101015, 0.10224, 0.103674, 0.0929819, 0.102618, 0.103069, 0.102679, 0.105063, 0.1052, 0.106012, 0.105625, 0.107261, 0.0993618, 0.108832, 0.0949691, 0.109312, 0.109513, 0.1103, 0.110923, 0.111574, 0.112429, 0.113505, 0.113973, 0.1143, 0.11565, 0.117345, 0.117467, 0.118686, 0.120666, 0.122484, 0.123429, 0.124509, 0.126004, 0.128551, 0.130769, 0.133328, 0.135117, 0.137734, 0.144421, 0.146688, 0.148744, 0.15473, 0.161948, 0.167741, 0.178471, 0.189069, 0.208611, 0.267158, 0.304551, 0.342884, 0.313481, 0.161088, 0.0366519, 0.00313941, 9.37135e-06, 9.44842e-05, 3.3153e-05, 3.64767e-06, 3.68762e-06, 5.77319e-05, 1.68714e-05, 0.000152369, 8.19924e-05, 0.000266066, 0.000535611, 0.00013813, 4.65374e-05, 0.000239208, 0.000490321, 2.04034e-05, 0.000392744, 1.66732e-05, 1.56121e-06, 3.91249e-05, 1.87753e-05, 0.000159385, 0.000165155, 0.000239498, 0.00100675
0, 0.613815, 1.22763, 1.84144, 2.45526, 3.06907, 3.68289, 4.2967, 4.91052, 5.52433, 6.13815, 6.75196, 7.36578, 7.97959, 8.59341, 9.20722, 9.82104, 10.4349, 11.0487, 11.6625, 12.2763, 12.8901, 13.5039, 14.1177, 14.7316, 15.3454, 15.9592, 16.573, 17.1868, 17.8006, 18.4144, 19.0283, 19.6421, 20.2559, 20.8697, 21.4835, 22.0973, 22.7111, 23.325, 23.9388, 24.5526, 25.1664, 25.7802, 26.394, 27.0078, 27.6217, 28.2355, 28.8493, 29.4631, 30.0769, 30.6907, 31.3046, 31.9184, 32.5322, 33.146, 33.7598, 34.3736, 34.9874, 35.6013, 36.2151, 36.8289, 37.4427, 38.0565, 38.6703, 39.2841, 39.898, 40.5118, 41.1256, 41.7394, 42.3532, 42.967, 43.5808, 44.1947, 44.8085, 45.4223, 46.0361, 46.6499, 47.2637, 47.8775, 48.4914, 49.1052, 49.719, 50.3328, 50.9466, 51.5604, 52.1743, 52.7881, 53.4019, 54.0157, 54.6295, 55.2433, 55.8571, 56.471, 57.0848, 57.6986, 58.3124, 58.9262, 59.54, 60.1538, 60.7677, 61.3815, 61.9953, 62.6091, 63.2229, 63.8367, 64.4505, 65.0644, 65.6782, 66.292, 66.9058, 67.5196, 68.1334, 68.7473, 69.3611, 69.9749, 70.5887, 71.2025, 71.8163, 72.4301, 73.044, 73.6578, 74.2716, 74.8854, 75.4992, 76.113, 76.7268, 77.3407, 77.9545, 78.5683, 79.1821, 79.7959, 80.4097, 81.0235, 81.6374, 82.2512, 82.865, 83.4788, 84.0926, 84.7064, 85.3202, 85.9341, 86.5479, 87.1617, 87.7755, 88.3893, 89.0031, 89.617, 90.2308, 90.8446, 91.4584, 92.0722, 92.686, 93.2998, 93.9137, 94.5275, 95.1413, 95.7551, 96.3689, 96.9827, 97.5965, 98.2104, 98.8242, 99.438, 100.052, 100.666, 101.279, 101.893, 102.507, 103.121, 103.735, 104.349, 104.962, 105.576, 106.19, 106.804, 107.418, 108.031, 108.645, 109.259, 109.873, 110.487, 111.1, 111.714, 112.328, 112.942, 113.556, 114.17, 114.783, 115.397, 116.011, 116.625, 117.239, 117.852, 118.466, 119.08, 119.694, 120.308, 120.922, 121.535, 122.149, 122.763, 123.377, 123.991, 124.604, 125.218, 125.832, 126.446, 127.06, 127.673, 128.287, 128.901, 129.515, 130.129, 130.743, 131.356, 131.97, 132.584, 133.198, 133.812, 134.425, 135.039, 135.653, 136.267, 136.881, 137.495, 138.108, 138.722, 139.336, 139.95, 140.564, 141.177, 141.791, 142.405, 143.019, 143.633, 144.246, 144.86, 145.474, 146.088, 146.702, 147.316, 147.929, 148.543, 149.157, 149.771, 150.385, 150.998, 151.612, 152.226, 152.84, 153.454, 154.068, 154.681, 155.295, 155.909, 156.523, 157.137, 157.75, 158.364, 158.978, 159.592, 160.206, 160.819, 161.433, 162.047, 162.661, 163.275, 163.889, 164.502, 165.116, 165.73, 166.344, 166.958, 167.571, 168.185, 168.799, 169.413, 170.027, 170.64, 171.254, 171.868, 172.482, 173.096, 173.71, 174.323, 174.937, 175.551, 176.165, 176.779, 177.392, 178.006, 178.62, 179.234, 179.848, 180.462, 181.075, 181.689, 182.303, 182.917, 183.531, 184.144, 184.758, 185.372, 185.986, 186.6, 187.213, 187.827, 188.441, 189.055, 189.669, 190.283, 190.896, 191.51, 192.124, 192.738, 193.352, 193.965, 194.579, 195.193, 195.807, 196.421, 197.035, 197.648, 198.262, 198.876, 199.49, 200.104, 200.717, 201.331, 201.945, 202.559, 203.173, 203.786, 204.4, 205.014, 205.628, 206.242, 206.856, 207.469, 208.083, 208.697, 209.311, 209.925, 210.538, 211.152, 211.766, 212.38, 212.994, 213.608, 214.221, 214.835, 215.449, 216.063, 216.677, 217.29, 217.904, 218.518, 219.132, 219.746, 220.359, 220.973, 221.587, 222.201, 222.815, 223.429, 224.042, 224.656, 225.27, 225.884, 226.498, 227.111, 227.725, 228.339, 228.953, 229.567, 230.181, 230.794, 231.408, 232.022, 232.636, 233.25, 233.863, 234.477, 235.091, 235.705, 236.319, 236.932, 237.546, 238.16, 238.774, 239.388, 240.002, 240.615, 241.229, 241.843, 242.457, 243.071, 243.684, 244.298, 244.912, 245.526, 246.14, 246.754, 247.367, 247.981, 248.595, 249.209, 249.823, 250.436, 251.05, 251.664, 252.278, 252.892, 253.505, 254.119, 254.733, 255.347, 255.961, 256.575, 257.188, 257.802, 258.416, 259.03, 259.644, 260.257, 260.871, 261.485, 262.099, 262.713, 263.327, 263.94, 264.554, 265.168, 265.782, 266.396, 267.009, 267.623, 268.237, 268.851, 269.465, 270.078, 270.692, 271.306, 271.92, 272.534, 273.148, 273.761, 274.375, 274.989, 275.603, 276.217, 276.83, 277.444, 278.058, 278.672, 279.286, 279.9, 280.513, 281.127, 281.741, 282.355, 282.969, 283.582, 284.196, 284.81, 285.424, 286.038, 286.651, 287.265, 287.879, 288.493, 289.107, 289.721, 290.334, 290.948, 291.562, 292.176, 292.79, 293.403, 294.017
3.17969, 3.18045, 3.18122, 3.18199, 3.18278, 3.18357, 3.18437, 3.18519, 3.18601, 3.18684, 3.18768, 3.18852, 3.18938, 3.19025, 3.19112, 3.19201, 3.1929, 3.19381, 3.19472, 3.19565, 3.19658, 3.19752, 3.19848, 3.19944, 3.20041, 3.2014, 3.20239, 3.2034, 3.20441, 3.20544, 3.20647, 3.20752, 3.20858, 3.20965, 3.21073, 3.21182, 3.21292, 3.21404, 3.21516, 3.2163, 3.21745, 3.21861, 3.21978, 3.22097, 3.22216, 3.22337, 3.22459, 3.22583, 3.22707, 3.22833, 3.2296, 3.23088, 3.23218, 3.23349, 3.23481, 3.23615, 3.2375, 3.23886, 3.24024, 3.24163, 3.24304, 3.24446, 3.24589, 3.24734, 3.2488, 3.25028, 3.25177, 3.25327, 3.25479, 3.25633, 3.25788, 3.25945, 3.26103, 3.26263, 3.26425, 3.26588, 3.26752, 3.26919, 3.27087, 3.27256, 3.27428, 3.27601, 3.27776, 3.27952, 3.2813, 3.2831, 3.28492, 3.28676, 3.28861, 3.29049, 3.29238, 3.29429, 3.29622, 3.29817, 3.30014, 3.30212, 3.30413, 3.30616, 3.30821, 3.31028, 3.31237, 3.31448, 3.31661, 3.31876, 3.32094, 3.32314, 3.32536, 3.3276, 3.32986, 3.33215, 3.33446, 3.33679, 3.33915, 3.34153, 3.34393, 3.34636, 3.34882, 3.3513, 3.3538, 3.35633, 3.35889, 3.36147, 3.36408, 3.36671, 3.36937, 3.37206, 3.37478, 3.37753, 3.3803, 3.3831, 3.38594, 3.3888, 3.39169, 3.39461, 3.39756, 3.40054, 3.40356, 3.4066, 3.40968, 3.41279, 3.41594, 3.41911, 3.42232, 3.42557, 3.42885, 3.43216, 3.43551, 3.4389, 3.44232, 3.44578, 3.44928, 3.45281, 3.45638, 3.46, 3.46365, 3.46734, 3.47107, 3.47484, 3.47866, 3.48252, 3.48642, 3.49036, 3.49435, 3.49838, 3.50246, 3.50658, 3.51075, 3.51497, 3.51923, 3.52355, 3.52791, 3.53232, 3.53679, 3.54131, 3.54587, 3.5505, 3.55517, 3.5599, 3.56469, 3.56953, 3.57443, 3.57939, 3.58441, 3.58949, 3.59463, 3.59983, 3.60509, 3.61042, 3.61581, 3.62128, 3.6268, 3.6324, 3.63806, 3.6438, 3.64961, 3.65549, 3.66145, 3.66748, 3.67359, 3.67977, 3.68604, 3.69239, 3.69882, 3.70534, 3.71194, 3.71863, 3.7254, 3.73227, 3.73923, 3.74628, 3.75343, 3.76068, 3.76803, 3.77547, 3.78303, 3.79068, 3.79845, 3.80632, 3.8143, 3.8224, 3.83062, 3.83895, 3.84741, 3.85599, 3.86469, 3.87353, 3.88249, 3.89159, 3.90083, 3.91021, 3.91973, 3.9294, 3.93922, 3.94919, 3.95932, 3.96961, 3.98007, 3.99069, 4.00149, 4.01246, 4.02362, 4.03496, 4.04649, 4.05821, 4.07013, 4.08226, 4.0946, 4.10715, 4.11993, 4.13293, 4.14616, 4.15964, 4.17335, 4.18733, 4.20156, 4.21606, 4.23083, 4.24589, 4.26123, 4.27688, 4.29284, 4.30911, 4.32571, 4.34265, 4.35994, 4.37759, 4.39561, 4.41402, 4.43282, 4.45203, 4.47166, 4.49173, 4.51226, 4.53326, 4.55474, 4.57673, 4.59924, 4.6223, 4.64592, 4.67013, 4.69495, 4.7204, 4.74651, 4.77331, 4.80083, 4.8291, 4.85814, 4.88801, 4.91872, 4.95033, 4.98287, 5.01639, 5.05094, 5.08657, 5.12334, 5.16129, 5.20051, 5.24106, 5.283, 5.32643, 5.37143, 5.41809, 5.46652, 5.51683, 5.56915, 5.62359, 5.68033, 5.7395, 5.80131, 5.86594, 5.93362, 6.00459, 6.07913, 6.15755, 6.2402, 6.32748, 6.41986, 6.51784, 6.62204, 6.73317, 6.85206, 6.97968, 7.11724, 7.26616, 7.42823, 7.60569, 7.80144, 8.01923, 8.26403, 8.54224, 8.86174, 9.23117, 9.65777, 10.143, 10.6755, 11.2229, 11.7251, 12.0934, 12.221, 12.0054, 11.3784, 10.3332, 8.93666, 7.33768, 5.69064, 4.15534, 2.84967, 1.83164, 1.10162, 0.619162, 0.324855, 0.158967, 0.0725013, 0.0307991, 0.0121798, 0.00448103, 0.00153203, 0.00048517, 0.000140458, 3.46416e-05, 5.61013e-06, 1.36747e-06, 3.09247e-07, 6.48805e-08, 1.26283e-08, 2.28032e-09, 3.82003e-10, 5.93689e-11, 8.55995e-12, 1.145e-12, 1.42088e-13, 1.6358e-14, 1.74712e-15, 1.73116e-16, 1.59136e-17, 1.35713e-18, 1.07373e-19, 7.8811e-21, 5.36659e-22, 3.39023e-23, 1.98692e-24, 1.08031e-25, 5.44926e-27, 2.55003e-28, 1.10706e-29, 4.45878e-31, 1.66602e-32, 5.77514e-34, 1.85722e-35, 5.54093e-37, 1.53363e-38, 3.938e-40, 9.38101e-42, 2.0732e-43, 4.2506e-45, 8.08496e-47, 1.42667e-48, 2.33553e-50, 3.54703e-52, 4.9976e-54, 6.53244e-56, 7.92149e-58, 8.91158e-60, 9.30078e-62, 9.00536e-64, 8.08909e-66, 6.74084e-68, 5.21129e-70, 3.7376e-72, 2.48689e-74, 1.5351e-76, 8.79086e-79, 4.67028e-81, 2.30181e-83, 1.05248e-85, 4.46448e-88, 1.75689e-90, 6.41406e-93, 2.17238e-95, 6.82583e-98, 1.98971e-100, 5.38069e-103, 1.3499e-105, 3.14181e-108, 6.78378e-111, 1.35887e-113, 2.52522e-116, 4.35346e-119, 6.9628e-122, 1.03311e-124, 1.42208e-127, 1.81599e-130, 2.15139e-133, 2.36448e-136, 2.41083e-139, 2.2804e-142, 2.0011e-145, 1.62907e-148, 1.23033e-151, 8.62021e-155, 5.60308e-158, 3.37869e-161, 1.89009e-164, 9.80907e-168, 4.72266e-171, 2.10939e-174, 8.74058e-178, 3.35996e-181, 1.19823e-184, 3.96424e-188, 1.21672e-191, 3.46442e-195, 9.15133e-199, 2.24258e-202, 5.09828e-206, 1.07525e-209, 2.10382e-213, 3.81871e-217, 6.43037e-221, 1.00454e-224, 1.45582e-228, 1.95731e-232, 2.4413e-236, 2.82483e-240, 3.03232e-244, 3.01973e-248, 2.78978e-252, 2.39102e-256, 1.9011e-260, 1.40229e-264, 9.59575e-269, 6.09159e-273, 3.5875e-277, 1.96003e-281, 9.9344e-286, 4.67122e-290, 2.03764e-294, 8.24585e-299, 3.09565e-303, 1.07814e-307
3.17969, 3.18049, 3.18131, 3.18213, 3.18296, 3.1838, 3.18465, 3.18551, 3.18638, 3.18725, 3.18814, 3.18903, 3.18994, 3.19085, 3.19178, 3.19271, 3.19366, 3.19461, 3.19557, 3.19655, 3.19753, 3.19852, 3.19953, 3.20054, 3.20156, 3.2026, 3.20365, 3.2047, 3.20577, 3.20685, 3.20794, 3.20904, 3.21015, 3.21127, 3.2124, 3.21355, 3.21471, 3.21587, 3.21705, 3.21825, 3.21945, 3.22067, 3.22189, 3.22314, 3.22439, 3.22565, 3.22693, 3.22822, 3.22953, 3.23084, 3.23217, 3.23352, 3.23487, 3.23624, 3.23762, 3.23902, 3.24043, 3.24186, 3.24329, 3.24475, 3.24621, 3.2477, 3.24919, 3.2507, 3.25223, 3.25377, 3.25532, 3.2569, 3.25848, 3.26008, 3.2617, 3.26334, 3.26499, 3.26665, 3.26834, 3.27003, 3.27175, 3.27348, 3.27523, 3.277, 3.27878, 3.28058, 3.2824, 3.28424, 3.2861, 3.28797, 3.28986, 3.29177, 3.2937, 3.29565, 3.29762, 3.29961, 3.30161, 3.30364, 3.30569, 3.30775, 3.30984, 3.31195, 3.31408, 3.31623, 3.3184, 3.32059, 3.32281, 3.32504, 3.3273, 3.32959, 3.33189, 3.33422, 3.33657, 3.33894, 3.34134, 3.34376, 3.34621, 3.34868, 3.35118, 3.3537, 3.35625, 3.35882, 3.36142, 3.36404, 3.36669, 3.36937, 3.37208, 3.37481, 3.37757, 3.38036, 3.38318, 3.38603, 3.38891, 3.39181, 3.39475, 3.39772, 3.40071, 3.40374, 3.4068, 3.40989, 3.41302, 3.41618, 3.41937, 3.42259, 3.42585, 3.42914, 3.43247, 3.43583, 3.43923, 3.44266, 3.44614, 3.44964, 3.45319, 3.45678, 3.4604, 3.46406, 3.46776, 3.47151, 3.47529, 3.47911, 3.48298, 3.48689, 3.49084, 3.49484, 3.49888, 3.50296, 3.50709, 3.51127, 3.5155, 3.51977, 3.52409, 3.52846, 3.53287, 3.53734, 3.54186, 3.54644, 3.55106, 3.55574, 3.56047, 3.56526, 3.5701, 3.57501, 3.57996, 3.58498, 3.59006, 3.5952, 3.60039, 3.60566, 3.61098, 3.61637, 3.62182, 3.62734, 3.63293, 3.63859, 3.64432, 3.65012, 3.65599, 3.66193, 3.66795, 3.67405, 3.68022, 3.68647, 3.69281, 3.69922, 3.70572, 3.7123, 3.71896, 3.72572, 3.73256, 3.7395, 3.74652, 3.75365, 3.76086, 3.76818, 3.77559, 3.78311, 3.79073, 3.79846, 3.80629, 3.81423, 3.82229, 3.83046, 3.83874, 3.84715, 3.85567, 3.86433, 3.8731, 3.88201, 3.89105, 3.90022, 3.90953, 3.91898, 3.92858, 3.93832, 3.94821, 3.95826, 3.96846, 3.97882, 3.98935, 4.00005, 4.01092, 4.02196, 4.03319, 4.0446, 4.0562, 4.068, 4.07999, 4.09219, 4.1046, 4.11722, 4.13006, 4.14313, 4.15643, 4.16997, 4.18376, 4.1978, 4.21209, 4.22665, 4.24149, 4.2566, 4.27201, 4.28771, 4.30372, 4.32004, 4.33669, 4.35368, 4.37101, 4.3887, 4.40676, 4.4252, 4.44403, 4.46327, 4.48292, 4.50301, 4.52355, 4.54455, 4.56604, 4.58802, 4.61052, 4.63356, 4.65715, 4.68131, 4.70608, 4.73147, 4.75752, 4.78423, 4.81165, 4.8398, 4.86872, 4.89843, 4.92898, 4.9604, 4.99273, 5.02601, 5.06029, 5.09563, 5.13206, 5.16965, 5.20847, 5.24856, 5.29, 5.33288, 5.37726, 5.42324, 5.47092, 5.52039, 5.57177, 5.62518, 5.68077, 5.73867, 5.79904, 5.86208, 5.92798, 5.99695, 6.06925, 6.14515, 6.22496, 6.30902, 6.39773, 6.49154, 6.59096, 6.69657, 6.80908, 6.92927, 7.0581, 7.19669, 7.3464, 7.50888, 7.68623, 7.88105, 8.09678, 8.33797, 8.61079, 8.92352, 9.28693, 9.71396, 10.2177, 10.8067, 11.4766, 12.199, 12.9109, 13.5106, 13.866, 13.8403, 13.329, 12.2978, 10.805, 8.99591, 7.06899, 5.2262, 3.62611, 2.35644, 1.43201, 0.812761, 0.43039, 0.212465, 0.0977107, 0.0418389, 0.0166717, 0.00617876, 0.00212789, 0.000679211, 0.000198946, 5.05199e-05, 9.07242e-06, 2.20981e-06, 5.00493e-07, 1.05163e-07, 2.04996e-08, 3.70723e-09, 6.21977e-10, 9.68098e-11, 1.39793e-11, 1.87271e-12, 2.32742e-13, 2.68349e-14, 2.87041e-15, 2.84845e-16, 2.62236e-17, 2.23972e-18, 1.77466e-19, 1.30454e-20, 8.89643e-22, 5.62852e-23, 3.30362e-24, 1.79889e-25, 9.08739e-27, 4.25884e-28, 1.85166e-29, 7.46875e-31, 2.79482e-32, 9.70234e-34, 3.12476e-35, 9.3363e-37, 2.58791e-38, 6.65491e-40, 1.58764e-41, 3.5138e-43, 7.21473e-45, 1.37429e-46, 2.42859e-48, 3.9815e-50, 6.05557e-52, 8.54436e-54, 1.11846e-55, 1.35824e-57, 1.5302e-59, 1.59932e-61, 1.55073e-63, 1.39494e-65, 1.16409e-67, 9.01228e-70, 6.47288e-72, 4.31295e-74, 2.66604e-76, 1.52888e-78, 8.1338e-81, 4.01447e-83, 1.83813e-85, 7.80801e-88, 3.07692e-90, 1.12488e-92, 3.81515e-95, 1.20041e-97, 3.50396e-100, 9.48862e-103, 2.38375e-105, 5.55558e-108, 1.20119e-110, 2.40939e-113, 4.48348e-116, 7.73991e-119, 1.23956e-121, 1.84168e-124, 2.53846e-127, 3.24593e-130, 3.85053e-133, 4.23753e-136, 4.3263e-139, 4.09762e-142, 3.60047e-145, 2.93493e-148, 2.21946e-151, 1.55707e-154, 1.01339e-157, 6.11872e-161, 3.42731e-164, 1.78097e-167, 8.5856e-171, 3.83968e-174, 1.59305e-177, 6.1316e-181, 2.18942e-184, 7.25259e-188, 2.22878e-191, 6.35407e-195, 1.68053e-198, 4.12334e-202, 9.38559e-206, 1.98191e-209, 3.88253e-213, 7.05595e-217, 1.18961e-220, 1.86064e-224, 2.69979e-228, 3.63418e-232, 4.53827e-236, 5.25755e-240, 5.65047e-244, 5.63371e-248, 5.2109e-252, 4.47135e-256, 3.55937e-260, 2.62854e-264, 1.8008e-268, 1.14452e-272, 6.7482e-277, 3.69114e-281, 1.87302e-285, 8.81718e-290, 3.85057e-294, 1.56001e-298, 5.86323e-303, 2.04434e-307
209.82
177.12
 
MEASUREMENT 41
1.56305, 4.67879, 7.79453, 10.9103, 14.0312, 17.1469, 20.2679, 23.3784, 26.4796, 29.5859, 32.6913, 35.8071, 38.9228, 42.0385, 45.1595, 48.2752, 51.3909, 54.5067, 57.6224, 60.7381, 63.8435, 66.9593, 70.0698, 73.1752, 76.2806, 79.3859, 82.4913, 85.5967, 88.7021, 91.8074, 94.9128, 98.0182, 101.1, 104.148, 107.196, 110.244, 113.292, 116.339, 119.387, 122.435, 125.483, 128.531, 131.574, 134.622, 137.67, 140.718, 143.766, 146.814, 149.861, 152.909, 155.957, 159.005, 162.053, 165.101, 168.149, 171.197, 174.245, 177.293, 180.341, 183.389, 186.436, 189.484, 192.532, 195.58, 198.621, 201.655, 204.688, 207.722, 210.756, 213.794, 216.838, 219.882, 222.926, 225.97, 229.014, 232.058, 235.102, 238.145, 241.189, 244.233, 247.277, 250.321, 253.37, 256.424, 259.478, 262.532, 265.586, 268.64, 271.695, 274.749, 277.803, 280.857, 283.911, 286.97, 290.035, 293.099
2.8392, 2.83752, 2.82381, 2.97769, 2.82614, 2.85844, 3.07128, 3.07138, 3.03741, 3.06588, 3.09728, 3.16264, 3.16217, 3.20523, 3.19779, 3.22821, 3.32876, 3.36552, 3.41798, 3.4623, 3.10348, 3.41765, 3.43204, 3.42315, 3.49791, 3.50689, 3.53216, 3.52174, 3.5726, 3.31469, 3.62981, 3.17768, 3.64311, 3.64779, 3.68052, 3.69959, 3.71978, 3.75065, 3.78454, 3.80054, 3.816, 3.85627, 3.91105, 3.91518, 3.96185, 4.02312, 4.08233, 4.12493, 4.16072, 4.20414, 4.28572, 4.3599, 4.44752, 4.50511, 4.60058, 4.81915, 4.89053, 4.95911, 5.15468, 5.3993, 5.58926, 5.95233, 6.31431, 6.94545, 8.91619, 10.1542, 11.4391, 10.4546, 5.37284, 1.22726, 0.10671, 0.00157477, -0.000782347, -0.00326388, -0.000665717, 0.000592823, 0.00426923, 0.00159397, -0.00401374, -0.0030936, -0.00915643, -0.0208687, -0.00605829, 0.00174415, -0.00819129, -0.0153864, 0.00258318, -0.0123184, -0.0029149, 0.000984104, -0.00226197, 0.000314264, -0.00376715, -0.00426194, -0.00715929, -0.035392
0.0851759, 0.0851255, 0.0847143, 0.0893308, 0.0847843, 0.0857532, 0.0921383, 0.0921415, 0.0911222, 0.0919765, 0.0929183, 0.0948792, 0.0948652, 0.0961568, 0.0959336, 0.0968462, 0.0998628, 0.100966, 0.102539, 0.103869, 0.0931045, 0.102529, 0.102961, 0.102694, 0.104937, 0.105207, 0.105965, 0.105652, 0.107178, 0.0994408, 0.108894, 0.0953305, 0.109293, 0.109434, 0.110416, 0.110988, 0.111593, 0.112519, 0.113536, 0.114016, 0.11448, 0.115688, 0.117332, 0.117455, 0.118856, 0.120694, 0.12247, 0.123748, 0.124822, 0.126124, 0.128572, 0.130797, 0.133426, 0.135153, 0.138018, 0.144574, 0.146716, 0.148773, 0.15464, 0.161979, 0.167678, 0.17857, 0.189429, 0.208364, 0.267486, 0.304626, 0.343173, 0.313638, 0.161185, 0.0368178, 0.0032013, 4.72431e-05, 2.34704e-05, 9.79164e-05, 1.99715e-05, 1.77847e-05, 0.000128077, 4.7819e-05, 0.000120412, 9.2808e-05, 0.000274693, 0.000626062, 0.000181749, 5.23244e-05, 0.000245739, 0.000461592, 7.74955e-05, 0.000369551, 8.7447e-05, 2.95231e-05, 6.78592e-05, 9.42793e-06, 0.000113014, 0.000127858, 0.000214779, 0.00106176
0, 0.613815, 1.22763, 1.84144, 2.45526, 3.06907, 3.68289, 4.2967, 4.91052, 5.52433, 6.13815, 6.75196, 7.36578, 7.97959, 8.59341, 9.20722, 9.82104, 10.4349, 11.0487, 11.6625, 12.2763, 12.8901, 13.5039, 14.1177, 14.7316, 15.3454, 15.9592, 16.573, 17.1868, 17.8006, 18.4144, 19.0283, 19.6421, 20.2559, 20.8697, 21.4835, 22.0973, 22.7111, 23.325, 23.9388, 24.5526, 25.1664, 25.7802, 26.394, 27.0078, 27.6217, 28.2355, 28.8493, 29.4631, 30.0769, 30.6907, 31.3046, 31.9184, 32.5322, 33.146, 33.7598, 34.3736, 34.9874, 35.6013, 36.2151, 36.8289, 37.4427, 38.0565, 38.6703, 39.2841, 39.898, 40.5118, 41.1256, 41.7394, 42.3532, 42.967, 43.5808, 44.1947, 44.8085, 45.4223, 46.0361, 46.6499, 47.2637, 47.8775, 48.4914, 49.1052, 49.719, 50.3328, 50.9466, 51.5604, 52.1743, 52.7881, 53.4019, 54.0157, 54.6295, 55.2433, 55.8571, 56.471, 57.0848, 57.6986, 58.3124, 58.9262, 59.54, 60.1538, 60.7677, 61.3815, 61.9953, 62.6091, 63.2229, 63.8367, 64.4505, 65.0644, 65.6782, 66.292, 66.9058, 67.5196, 68.1334, 68.7473, 69.3611, 69.9749, 70.5887, 71.2025, 71.8163, 72.4301, 73.044, 73.6578, 74.2716, 74.8854, 75.4992, 76.113, 76.7268, 77.3407, 77.9545, 78.5683, 79.1821, 79.7959, 80.4097, 81.0235, 81.6374, 82.2512, 82.865, 83.4788, 84.0926, 84.7064, 85.3202, 85.9341, 86.5479, 87.1617, 87.7755, 88.3893, 89.0031, 89.617, 90.2308, 90.8446, 91.4584, 92.0722, 92.686, 93.2998, 93.9137, 94.5275, 95.1413, 95.7551, 96.3689, 96.9827, 97.5965, 98.2104, 98.8242, 99.438, 100.052, 100.666, 101.279, 101.893, 102.507, 103.121, 103.735, 104.349, 104.962, 105.576, 106.19, 106.804, 107.418, 108.031, 108.645, 109.259, 109.873, 110.487, 111.1, 111.714, 112.328, 112.942, 113.556, 114.17, 114.783, 115.397, 116.011, 116.625, 117.239, 117.852, 118.466, 119.08, 119.694, 120.308, 120.922, 121.535, 122.149, 122.763, 123.377, 123.991, 124.604, 125.218, 125.832, 126.446, 127.06, 127.673, 128.287, 128.901, 129.515, 130.129, 130.743, 131.356, 131.97, 132.584, 133.198, 133.812, 134.425, 135.039, 135.653, 136.267, 136.881, 137.495, 138.108, 138.722, 139.336, 139.95, 140.564, 141.177, 141.791, 142.405, 143.019, 143.633, 144.246, 144.86, 145.474, 146.088, 146.702, 147.316, 147.929, 148.543, 149.157, 149.771, 150.385, 150.998, 151.612, 152.226, 152.84, 153.454, 154.068, 154.681, 155.295, 155.909, 156.523, 157.137, 157.75, 158.364, 158.978, 159.592, 160.206, 160.819, 161.433, 162.047, 162.661, 163.275, 163.889, 164.502, 165.116, 165.73, 166.344, 166.958, 167.571, 168.185, 168.799, 169.413, 170.027, 170.64, 171.254, 171.868, 172.482, 173.096, 173.71, 174.323, 174.937, 175.551, 176.165, 176.779, 177.392, 178.006, 178.62, 179.234, 179.848, 180.462, 181.075, 181.689, 182.303, 182.917, 183.531, 184.144, 184.758, 185.372, 185.986, 186.6, 187.213, 187.827, 188.441, 189.055, 189.669, 190.283, 190.896, 191.51, 192.124, 192.738, 193.352, 193.965, 194.579, 195.193, 195.807, 196.421, 197.035, 197.648, 198.262, 198.876, 199.49, 200.104, 200.717, 201.331, 201.945, 202.559, 203.173, 203.786, 204.4, 205.014, 205.628, 206.242, 206.856, 207.469, 208.083, 208.697, 209.311, 209.925, 210.538, 211.152, 211.766, 212.38, 212.994, 213.608, 214.221, 214.835, 215.449, 216.063, 216.677, 217.29, 217.904, 218.518, 219.132, 219.746, 220.359, 220.973, 221.587, 222.201, 222.815, 223.429, 224.042, 224.656, 225.27, 225.884, 226.498, 227.111, 227.725, 228.339, 228.953, 229.567, 230.181, 230.794, 231.408, 232.022, 232.636, 233.25, 233.863, 234.477, 235.091, 235.705, 236.319, 236.932, 237.546, 238.16, 238.774, 239.388, 240.002, 240.615, 241.229, 241.843, 242.457, 243.071, 243.684, 244.298, 244.912, 245.526, 246.14, 246.754, 247.367, 247.981, 248.595, 249.209, 249.823, 250.436, 251.05, 251.664, 252.278, 252.892, 253.505, 254.119, 254.733, 255.347, 255.961, 256.575, 257.188, 257.802, 258.416, 259.03, 259.644, 260.257, 260.871, 261.485, 262.099, 262.713, 263.327, 263.94, 264.554, 265.168, 265.782, 266.396, 267.009, 267.623, 268.237, 268.851, 269.465, 270.078, 270.692, 271.306, 271.92, 272.534, 273.148, 273.761, 274.375, 274.989, 275.603, 276.217, 276.83, 277.444, 278.058, 278.672, 279.286, 279.9, 280.513, 281.127, 281.741, 282.355, 282.969, 283.582, 284.196, 284.81, 285.424, 286.038, 286.651, 287.265, 287.879, 288.493, 289.107, 289.721, 290.334, 290.948, 291.562, 292.176, 292.79, 293.403, 294.017
3.16323, 3.16402, 3.16482, 3.16564, 3.16646, 3.16729, 3.16812, 3.16897, 3.16983, 3.1707, 3.17157, 3.17246, 3.17335, 3.17425, 3.17517, 3.17609, 3.17702, 3.17796, 3.17892, 3.17988, 3.18085, 3.18183, 3.18282, 3.18383, 3.18484, 3.18586, 3.1869, 3.18794, 3.189, 3.19006, 3.19114, 3.19223, 3.19333, 3.19444, 3.19556, 3.19669, 3.19784, 3.19899, 3.20016, 3.20134, 3.20253, 3.20374, 3.20495, 3.20618, 3.20742, 3.20867, 3.20994, 3.21121, 3.21251, 3.21381, 3.21513, 3.21646, 3.2178, 3.21915, 3.22052, 3.22191, 3.2233, 3.22472, 3.22614, 3.22758, 3.22903, 3.2305, 3.23198, 3.23348, 3.23499, 3.23652, 3.23806, 3.23962, 3.24119, 3.24278, 3.24438, 3.246, 3.24763, 3.24929, 3.25095, 3.25264, 3.25434, 3.25606, 3.25779, 3.25954, 3.26131, 3.2631, 3.2649, 3.26672, 3.26856, 3.27042, 3.2723, 3.27419, 3.27611, 3.27804, 3.27999, 3.28196, 3.28395, 3.28596, 3.28799, 3.29004, 3.29211, 3.29421, 3.29632, 3.29845, 3.30061, 3.30278, 3.30498, 3.3072, 3.30944, 3.31171, 3.31399, 3.3163, 3.31864, 3.32099, 3.32337, 3.32578, 3.32821, 3.33066, 3.33314, 3.33564, 3.33817, 3.34072, 3.3433, 3.34591, 3.34854, 3.3512, 3.35389, 3.3566, 3.35935, 3.36212, 3.36492, 3.36774, 3.3706, 3.37349, 3.37641, 3.37935, 3.38233, 3.38534, 3.38838, 3.39145, 3.39455, 3.39769, 3.40086, 3.40406, 3.4073, 3.41057, 3.41388, 3.41722, 3.4206, 3.42401, 3.42746, 3.43095, 3.43447, 3.43804, 3.44164, 3.44528, 3.44896, 3.45268, 3.45644, 3.46024, 3.46409, 3.46797, 3.4719, 3.47587, 3.47989, 3.48395, 3.48806, 3.49222, 3.49642, 3.50066, 3.50496, 3.50931, 3.5137, 3.51815, 3.52264, 3.52719, 3.53179, 3.53645, 3.54115, 3.54592, 3.55074, 3.55561, 3.56055, 3.56554, 3.57059, 3.5757, 3.58088, 3.58611, 3.59141, 3.59678, 3.60221, 3.6077, 3.61326, 3.6189, 3.6246, 3.63037, 3.63622, 3.64214, 3.64813, 3.6542, 3.66035, 3.66657, 3.67288, 3.67927, 3.68574, 3.69229, 3.69893, 3.70566, 3.71248, 3.71939, 3.72639, 3.73348, 3.74068, 3.74796, 3.75535, 3.76284, 3.77044, 3.77814, 3.78595, 3.79387, 3.8019, 3.81004, 3.8183, 3.82668, 3.83518, 3.84381, 3.85256, 3.86145, 3.87046, 3.87961, 3.8889, 3.89833, 3.9079, 3.91762, 3.92749, 3.93752, 3.9477, 3.95804, 3.96855, 3.97923, 3.99008, 4.00111, 4.01232, 4.02372, 4.0353, 4.04709, 4.05907, 4.07125, 4.08365, 4.09626, 4.1091, 4.12216, 4.13546, 4.14899, 4.16278, 4.17681, 4.19111, 4.20567, 4.22051, 4.23564, 4.25105, 4.26677, 4.28279, 4.29913, 4.3158, 4.33282, 4.35018, 4.3679, 4.38599, 4.40447, 4.42334, 4.44262, 4.46233, 4.48248, 4.50308, 4.52416, 4.54572, 4.56778, 4.59037, 4.61351, 4.63721, 4.66149, 4.68639, 4.71192, 4.73811, 4.76499, 4.79258, 4.82093, 4.85005, 4.87999, 4.91078, 4.94246, 4.97507, 5.00866, 5.04328, 5.07897, 5.1158, 5.15382, 5.19309, 5.23369, 5.27568, 5.31915, 5.36419, 5.41088, 5.45933, 5.50965, 5.56196, 5.61639, 5.6731, 5.73224, 5.79398, 5.85853, 5.92611, 5.99695, 6.07134, 6.14957, 6.232, 6.31902, 6.41108, 6.5087, 6.61248, 6.72313, 6.84147, 6.96849, 7.10539, 7.25361, 7.415, 7.59185, 7.78712, 8.0046, 8.24909, 8.52645, 8.84331, 9.20622, 9.61984, 10.0839, 10.5893, 11.1134, 11.6166, 12.0415, 12.3175, 12.3694, 12.1327, 11.5686, 10.6767, 9.4971, 8.13553, 6.68445, 5.25666, 3.94964, 2.8313, 1.93411, 1.25783, 0.778131, 0.4576, 0.255668, 0.135649, 0.0683178, 0.032649, 0.0148008, 0.00636247, 0.00259209, 0.00099964, 0.000363636, 0.000123177, 3.66317e-05, 7.17227e-06, 2.16255e-06, 6.17149e-07, 1.66675e-07, 4.25998e-08, 1.03039e-08, 2.35857e-09, 5.1092e-10, 1.0474e-10, 2.03202e-11, 3.73078e-12, 6.48227e-13, 1.06588e-13, 1.65863e-14, 2.44255e-15, 3.40402e-16, 4.48949e-17, 5.60348e-18, 6.61872e-19, 7.39852e-20, 7.82657e-21, 7.83526e-22, 7.42319e-23, 6.65553e-24, 5.64716e-25, 4.53453e-26, 3.4458e-27, 2.47801e-28, 1.68644e-29, 1.08616e-30, 6.62018e-32, 3.81858e-33, 2.08444e-34, 1.07679e-35, 5.26412e-37, 2.43544e-38, 1.06631e-39, 4.41817e-41, 1.73243e-42, 6.42874e-44, 2.25761e-45, 7.50286e-47, 2.35971e-48, 7.02336e-50, 1.97827e-51, 5.27327e-53, 1.33024e-54, 3.17564e-56, 7.17444e-58, 1.53391e-59, 3.10358e-61, 5.94268e-63, 1.07685e-64, 1.84663e-66, 2.99682e-68, 4.6025e-70, 6.68931e-72, 9.20073e-74, 1.19761e-75, 1.47525e-77, 1.71975e-79, 1.89723e-81, 1.98074e-83, 1.95699e-85, 1.8298e-87, 1.61909e-89, 1.35579e-91, 1.0744e-93, 8.05739e-96, 5.7184e-98, 3.84067e-100, 2.44114e-102, 1.46836e-104, 8.35841e-107, 4.50265e-109, 2.29544e-111, 1.10743e-113, 5.05613e-116, 2.1846e-118, 8.93265e-121, 3.45653e-123, 1.26576e-125, 4.3865e-128, 1.43858e-130, 4.46483e-133, 1.31137e-135, 3.64503e-138, 9.58797e-141, 2.38674e-143, 5.62258e-146, 1.25348e-148, 2.64455e-151, 5.28005e-154, 9.97646e-157, 1.78388e-159, 3.01862e-162, 4.83394e-165, 7.32566e-168, 1.05062e-170, 1.42591e-173, 1.83144e-176, 2.22609e-179, 2.56063e-182, 2.78741e-185, 2.87149e-188, 2.79939e-191, 2.58269e-194, 2.25492e-197, 1.86313e-200, 1.45682e-203, 1.078e-206, 7.54887e-210, 5.00261e-213, 3.13735e-216, 1.862e-219, 1.0458e-222, 5.55862e-226, 2.796e-229
3.16323, 3.16403, 3.16485, 3.16568, 3.16651, 3.16736, 3.16821, 3.16907, 3.16995, 3.17083, 3.17172, 3.17262, 3.17353, 3.17444, 3.17537, 3.17631, 3.17726, 3.17822, 3.17918, 3.18016, 3.18115, 3.18215, 3.18316, 3.18417, 3.1852, 3.18624, 3.18729, 3.18835, 3.18943, 3.19051, 3.1916, 3.19271, 3.19382, 3.19495, 3.19609, 3.19724, 3.1984, 3.19957, 3.20076, 3.20196, 3.20316, 3.20439, 3.20562, 3.20686, 3.20812, 3.20939, 3.21068, 3.21197, 3.21328, 3.2146, 3.21594, 3.21729, 3.21865, 3.22002, 3.22141, 3.22281, 3.22423, 3.22566, 3.2271, 3.22856, 3.23004, 3.23152, 3.23302, 3.23454, 3.23607, 3.23762, 3.23918, 3.24076, 3.24235, 3.24396, 3.24559, 3.24723, 3.24888, 3.25056, 3.25224, 3.25395, 3.25567, 3.25741, 3.25917, 3.26094, 3.26273, 3.26454, 3.26637, 3.26821, 3.27008, 3.27196, 3.27386, 3.27578, 3.27771, 3.27967, 3.28165, 3.28364, 3.28566, 3.28769, 3.28975, 3.29182, 3.29392, 3.29603, 3.29817, 3.30033, 3.30251, 3.30471, 3.30694, 3.30918, 3.31145, 3.31374, 3.31606, 3.31839, 3.32075, 3.32314, 3.32555, 3.32798, 3.33044, 3.33292, 3.33542, 3.33796, 3.34051, 3.3431, 3.34571, 3.34834, 3.35101, 3.3537, 3.35642, 3.35916, 3.36194, 3.36474, 3.36757, 3.37043, 3.37332, 3.37624, 3.37919, 3.38217, 3.38518, 3.38822, 3.3913, 3.3944, 3.39754, 3.40071, 3.40392, 3.40716, 3.41043, 3.41374, 3.41708, 3.42046, 3.42388, 3.42733, 3.43082, 3.43434, 3.43791, 3.44151, 3.44515, 3.44883, 3.45255, 3.45631, 3.46012, 3.46396, 3.46785, 3.47178, 3.47575, 3.47977, 3.48383, 3.48794, 3.49209, 3.49629, 3.50054, 3.50483, 3.50918, 3.51357, 3.51801, 3.52251, 3.52705, 3.53165, 3.5363, 3.54101, 3.54577, 3.55059, 3.55546, 3.56039, 3.56538, 3.57043, 3.57553, 3.5807, 3.58593, 3.59123, 3.59659, 3.60201, 3.6075, 3.61306, 3.61868, 3.62438, 3.63014, 3.63598, 3.64189, 3.64788, 3.65394, 3.66008, 3.66629, 3.67259, 3.67897, 3.68542, 3.69197, 3.6986, 3.70531, 3.71212, 3.71901, 3.726, 3.73308, 3.74026, 3.74753, 3.75491, 3.76238, 3.76996, 3.77764, 3.78543, 3.79333, 3.80134, 3.80946, 3.8177, 3.82606, 3.83454, 3.84314, 3.85187, 3.86072, 3.86971, 3.87883, 3.88809, 3.89749, 3.90703, 3.91672, 3.92656, 3.93655, 3.94669, 3.957, 3.96747, 3.97811, 3.98892, 3.9999, 4.01106, 4.02241, 4.03395, 4.04568, 4.05761, 4.06974, 4.08208, 4.09464, 4.10741, 4.12041, 4.13364, 4.1471, 4.16082, 4.17478, 4.18899, 4.20348, 4.21823, 4.23327, 4.24859, 4.26421, 4.28014, 4.29638, 4.31294, 4.32984, 4.34708, 4.36468, 4.38265, 4.40099, 4.41972, 4.43886, 4.45842, 4.47841, 4.49885, 4.51975, 4.54112, 4.563, 4.58539, 4.60831, 4.63179, 4.65585, 4.6805, 4.70577, 4.7317, 4.75829, 4.78559, 4.81362, 4.84241, 4.87199, 4.90241, 4.9337, 4.9659, 4.99905, 5.0332, 5.0684, 5.10471, 5.14216, 5.18084, 5.2208, 5.26212, 5.30486, 5.34912, 5.39498, 5.44254, 5.4919, 5.54317, 5.59649, 5.65199, 5.70982, 5.77014, 5.83315, 5.89903, 5.96803, 6.04039, 6.11639, 6.19635, 6.28064, 6.36965, 6.46387, 6.56383, 6.67015, 6.78357, 6.90495, 7.03532, 7.17593, 7.32831, 7.49439, 7.6766, 7.8781, 8.10298, 8.35648, 8.64513, 8.97653, 9.35859, 9.79762, 10.2953, 10.8442, 11.4228, 11.9911, 12.4894, 12.8418, 12.9662, 12.7891, 12.2637, 11.3839, 10.1917, 8.77265, 7.24139, 5.71996, 4.31601, 3.10649, 2.13032, 1.39056, 0.863286, 0.509397, 0.285531, 0.151966, 0.0767645, 0.0367916, 0.0167253, 0.00720915, 0.00294487, 0.00113883, 0.000415563, 0.000141497, 4.25901e-05, 8.77606e-06, 2.64207e-06, 7.54417e-07, 2.03862e-07, 5.21333e-08, 1.26169e-08, 2.88963e-09, 6.26311e-10, 1.28467e-10, 2.49375e-11, 4.58107e-12, 7.96411e-13, 1.31028e-13, 2.04007e-14, 3.00595e-15, 4.19154e-16, 5.53122e-17, 6.90755e-18, 8.16361e-19, 9.13053e-20, 9.66418e-21, 9.6803e-22, 9.1763e-23, 8.23193e-24, 6.98861e-25, 5.6148e-26, 4.26907e-27, 3.07176e-28, 2.09168e-29, 1.3479e-30, 8.22008e-32, 4.74404e-33, 2.59105e-34, 1.33924e-35, 6.55078e-37, 3.03238e-38, 1.3284e-39, 5.50715e-41, 2.16063e-42, 8.0221e-44, 2.81871e-45, 9.37272e-47, 2.94941e-48, 8.78333e-50, 2.47535e-51, 6.60189e-53, 1.6663e-54, 3.98009e-56, 8.99676e-58, 1.92456e-59, 3.89612e-61, 7.46426e-63, 1.3533e-64, 2.32196e-66, 3.77024e-68, 5.79344e-70, 8.42476e-72, 1.15939e-73, 1.50994e-75, 1.86097e-77, 2.17056e-79, 2.39585e-81, 2.50264e-83, 2.47395e-85, 2.31439e-87, 2.04897e-89, 1.71667e-91, 1.3611e-93, 1.02128e-95, 7.25196e-98, 4.87323e-100, 3.09907e-102, 1.86508e-104, 1.06223e-106, 5.72518e-109, 2.9202e-111, 1.40958e-113, 6.43898e-116, 2.78354e-118, 1.13875e-120, 4.40874e-123, 1.61529e-125, 5.60067e-128, 1.83773e-130, 5.70654e-133, 1.67694e-135, 4.66352e-138, 1.22733e-140, 3.05676e-143, 7.20463e-146, 1.60699e-148, 3.3921e-151, 6.77601e-154, 1.28095e-156, 2.29161e-159, 3.87971e-162, 6.216e-165, 9.42482e-168, 1.35234e-170, 1.83633e-173, 2.35976e-176, 2.86968e-179, 3.30257e-182, 3.59684e-185, 3.70715e-188, 3.61585e-191, 3.33758e-194, 2.91544e-197, 2.41006e-200, 1.88539e-203, 1.39581e-206, 9.77913e-210, 6.48374e-213, 4.06819e-216, 2.41562e-219, 1.35739e-222, 7.21825e-226, 3.63253e-229
209.24
176.85
 
MEASUREMENT 42
1.56305, 4.67879, 7.79453, 10.9103, 14.0312, 17.1469, 20.2679, 23.3784, 26.4796, 29.5859, 32.6913, 35.8071, 38.9228, 42.0385, 45.1595, 48.2752, 51.3909, 54.5067, 57.6224, 60.7381, 63.8435, 66.9593, 70.0698, 73.1752, 76.2806, 79.3859, 82.4913, 85.5967, 88.7021, 91.8074, 94.9128, 98.0182, 101.1, 104.148, 107.196, 110.244, 113.292, 116.339, 119.387, 122.435, 125.483, 128.531, 131.574, 134.622, 137.67, 140.718, 143.766, 146.814, 149.861, 152.909, 155.957, 159.005, 162.053, 165.101, 168.149, 171.197, 174.245, 177.293, 180.341, 183.389, 186.436, 189.484, 192.532, 195.58, 198.621, 201.655, 204.688, 207.722, 210.756, 213.794, 216.838, 219.882, 222.926, 225.97, 229.014, 232.058, 235.102, 238.145, 241.189, 244.233, 247.277, 250.321, 253.37, 256.424, 259.478, 262.532, 265.586, 268.64, 271.695, 274.749, 277.803, 280.857, 283.911, 286.97, 290.035, 293.099
2.84563, 2.84182, 2.82453, 2.97816, 2.82406, 2.86133, 3.05813, 3.06971, 3.03698, 3.06733, 3.10327, 3.16395, 3.16361, 3.20705, 3.19888, 3.22909, 3.32898, 3.36675, 3.4197, 3.45405, 3.09452, 3.42726, 3.43165, 3.42386, 3.50016, 3.50973, 3.52579, 3.52257, 3.56796, 3.3141, 3.6275, 3.17611, 3.64599, 3.64891, 3.6823, 3.70028, 3.71913, 3.74859, 3.78412, 3.79924, 3.81164, 3.85901, 3.91271, 3.91537, 3.96904, 4.02434, 4.08632, 4.12322, 4.16429, 4.20302, 4.29081, 4.36392, 4.44825, 4.50742, 4.60646, 4.81252, 4.89256, 4.96267, 5.1492, 5.40045, 5.58829, 5.95395, 6.30798, 6.99482, 8.91403, 10.1589, 11.4394, 10.4568, 5.37169, 1.22931, 0.104558, 0.00330576, 0.000653724, 0.000930504, -0.00155511, 0.000218715, 0.000942401, 0.00302982, -0.00699723, -0.00203242, -0.00887821, -0.0186796, -0.00492105, -0.00330244, -0.00749389, -0.0138607, 0.000419619, -0.013603, -0.00376726, 0.000421931, -0.00149643, -0.000434339, -0.00573675, -0.00371481, -0.00804016, -0.0331631
0.0853688, 0.0852546, 0.0847358, 0.0893448, 0.0847219, 0.0858399, 0.091744, 0.0920912, 0.0911093, 0.09202, 0.093098, 0.0949184, 0.0949083, 0.0962115, 0.0959665, 0.0968727, 0.0998693, 0.101003, 0.102591, 0.103622, 0.0928355, 0.102818, 0.102949, 0.102716, 0.105005, 0.105292, 0.105774, 0.105677, 0.107039, 0.0994231, 0.108825, 0.0952833, 0.10938, 0.109467, 0.110469, 0.111008, 0.111574, 0.112458, 0.113524, 0.113977, 0.114349, 0.11577, 0.117381, 0.117461, 0.119071, 0.12073, 0.12259, 0.123697, 0.124929, 0.126091, 0.128724, 0.130918, 0.133447, 0.135222, 0.138194, 0.144375, 0.146777, 0.14888, 0.154476, 0.162014, 0.167649, 0.178618, 0.189239, 0.209845, 0.267421, 0.304766, 0.343182, 0.313703, 0.161151, 0.0368793, 0.00313673, 9.91729e-05, 1.96117e-05, 2.79151e-05, 4.66533e-05, 6.56146e-06, 2.8272e-05, 9.08946e-05, 0.000209917, 6.09725e-05, 0.000266346, 0.000560388, 0.000147631, 9.90732e-05, 0.000224817, 0.000415821, 1.25886e-05, 0.000408089, 0.000113018, 1.26579e-05, 4.4893e-05, 1.30302e-05, 0.000172102, 0.000111444, 0.000241205, 0.000994894
0, 0.613815, 1.22763, 1.84144, 2.45526, 3.06907, 3.68289, 4.2967, 4.91052, 5.52433, 6.13815, 6.75196, 7.36578, 7.97959, 8.59341, 9.20722, 9.82104, 10.4349, 11.0487, 11.6625, 12.2763, 12.8901, 13.5039, 14.1177, 14.7316, 15.3454, 15.9592, 16.573, 17.1868, 17.8006, 18.4144, 19.0283, 19.6421, 20.2559, 20.8697, 21.4835, 22.0973, 22.7111, 23.325, 23.9388, 24.5526, 25.1664, 25.7802, 26.394, 27.0078, 27.6217, 28.2355, 28.8493, 29.4631, 30.0769, 30.6907, 31.3046, 31.9184, 32.5322, 33.146, 33.7598, 34.3736, 34.9874, 35.6013, 36.2151, 36.8289, 37.4427, 38.0565, 38.6703, 39.2841, 39.898, 40.5118, 41.1256, 41.7394, 42.3532, 42.967, 43.5808, 44.1947, 44.8085, 45.4223, 46.0361, 46.6499, 47.2637, 47.8775, 48.4914, 49.1052, 49.719, 50.3328, 50.9466, 51.5604, 52.1743, 52.7881, 53.4019, 54.0157, 54.6295, 55.2433, 55.8571, 56.471, 57.0848, 57.6986, 58.3124, 58.9262, 59.54, 60.1538, 60.7677, 61.3815, 61.9953, 62.6091, 63.2229, 63.8367, 64.4505, 65.0644, 65.6782, 66.292, 66.9058, 67.5196, 68.1334, 68.7473, 69.3611, 69.9749, 70.5887, 71.2025, 71.8163, 72.4301, 73.044, 73.6578, 74.2716, 74.8854, 75.4992, 76.113, 76.7268, 77.3407, 77.9545, 78.5683, 79.1821, 79.7959, 80.4097, 81.0235, 81.6374, 82.2512, 82.865, 83.4788, 84.0926, 84.7064, 85.3202, 85.9341, 86.5479, 87.1617, 87.7755, 88.3893, 89.0031, 89.617, 90.2308, 90.8446, 91.4584, 92.0722, 92.686, 93.2998, 93.9137, 94.5275, 95.1413, 95.7551, 96.3689, 96.9827, 97.5965, 98.2104, 98.8242, 99.438, 100.052, 100.666, 101.279, 101.893, 102.507, 103.121, 103.735, 104.349, 104.962, 105.576, 106.19, 106.804, 107.418, 108.031, 108.645, 109.259, 109.873, 110.487, 111.1, 111.714, 112.328, 112.942, 113.556, 114.17, 114.783, 115.397, 116.011, 116.625, 117.239, 117.852, 118.466, 119.08, 119.694, 120.308, 120.922, 121.535, 122.149, 122.763, 123.377, 123.991, 124.604, 125.218, 125.832, 126.446, 127.06, 127.673, 128.287, 128.901, 129.515, 130.129, 130.743, 131.356, 131.97, 132.584, 133.198, 133.812, 134.425, 135.039, 135.653, 136.267, 136.881, 137.495, 138.108, 138.722, 139.336, 139.95, 140.564, 141.177, 141.791, 142.405, 143.019, 143.633, 144.246, 144.86, 145.474, 146.088, 146.702, 147.316, 147.929, 148.543, 149.157, 149.771, 150.385, 150.998, 151.612, 152.226, 152.84, 153.454, 154.068, 154.681, 155.295, 155.909, 156.523, 157.137, 157.75, 158.364, 158.978, 159.592, 160.206, 160.819, 161.433, 162.047, 162.661, 163.275, 163.889, 164.502, 165.116, 165.73, 166.344, 166.958, 167.571, 168.185, 168.799, 169.413, 170.027, 170.64, 171.254, 171.868, 172.482, 173.096, 173.71, 174.323, 174.937, 175.551, 176.165, 176.779, 177.392, 178.006, 178.62, 179.234, 179.848, 180.462, 181.075, 181.689, 182.303, 182.917, 183.531, 184.144, 184.758, 185.372, 185.986, 186.6, 187.213, 187.827, 188.441, 189.055, 189.669, 190.283, 190.896, 191.51, 192.124, 192.738, 193.352, 193.965, 194.579, 195.193, 195.807, 196.421, 197.035, 197.648, 198.262, 198.876, 199.49, 200.104, 200.717, 201.331, 201.945, 202.559, 203.173, 203.786, 204.4, 205.014, 205.628, 206.242, 206.856, 207.469, 208.083, 208.697, 209.311, 209.925, 210.538, 211.152, 211.766, 212.38, 212.994, 213.608, 214.221, 214.835, 215.449, 216.063, 216.677, 217.29, 217.904, 218.518, 219.132, 219.746, 220.359, 220.973, 221.587, 222.201, 222.815, 223.429, 224.042, 224.656, 225.27, 225.884, 226.498, 227.111, 227.725, 228.339, 228.953, 229.567, 230.181, 230.794, 231.408, 232.022, 232.636, 233.25, 233.863, 234.477, 235.091, 235.705, 236.319, 236.932, 237.546, 238.16, 238.774, 239.388, 240.002, 240.615, 241.229, 241.843, 242.457, 243.071, 243.684, 244.298, 244.912, 245.526, 246.14, 246.754, 247.367, 247.981, 248.595, 249.209, 249.823, 250.436, 251.05, 251.664, 252.278, 252.892, 253.505, 254.119, 254.733, 255.347, 255.961, 256.575, 257.188, 257.802, 258.416, 259.03, 259.644, 260.257, 260.871, 261.485, 262.099, 262.713, 263.327, 263.94, 264.554, 265.168, 265.782, 266.396, 267.009, 267.623, 268.237, 268.851, 269.465, 270.078, 270.692, 271.306, 271.92, 272.534, 273.148, 273.761, 274.375, 274.989, 275.603, 276.217, 276.83, 277.444, 278.058, 278.672, 279.286, 279.9, 280.513, 281.127, 281.741, 282.355, 282.969, 283.582, 284.196, 284.81, 285.424, 286.038, 286.651, 287.265, 287.879, 288.493, 289.107, 289.721, 290.334, 290.948, 291.562, 292.176, 292.79, 293.403, 294.017
3.16339, 3.16419, 3.165, 3.16582, 3.16664, 3.16748, 3.16833, 3.16918, 3.17005, 3.17092, 3.1718, 3.1727, 3.1736, 3.17451, 3.17543, 3.17636, 3.1773, 3.17825, 3.17921, 3.18018, 3.18116, 3.18215, 3.18315, 3.18416, 3.18519, 3.18622, 3.18726, 3.18831, 3.18938, 3.19045, 3.19154, 3.19264, 3.19375, 3.19487, 3.196, 3.19714, 3.19829, 3.19946, 3.20064, 3.20183, 3.20303, 3.20424, 3.20547, 3.2067, 3.20795, 3.20922, 3.21049, 3.21178, 3.21308, 3.2144, 3.21572, 3.21706, 3.21842, 3.21978, 3.22117, 3.22256, 3.22397, 3.22539, 3.22683, 3.22828, 3.22974, 3.23122, 3.23272, 3.23423, 3.23575, 3.23729, 3.23884, 3.24041, 3.242, 3.2436, 3.24522, 3.24685, 3.2485, 3.25016, 3.25184, 3.25354, 3.25525, 3.25699, 3.25873, 3.2605, 3.26228, 3.26408, 3.2659, 3.26774, 3.2696, 3.27147, 3.27336, 3.27527, 3.2772, 3.27915, 3.28112, 3.2831, 3.28511, 3.28714, 3.28918, 3.29125, 3.29334, 3.29545, 3.29758, 3.29973, 3.3019, 3.30409, 3.30631, 3.30855, 3.31081, 3.31309, 3.3154, 3.31773, 3.32008, 3.32245, 3.32486, 3.32728, 3.32973, 3.3322, 3.3347, 3.33722, 3.33977, 3.34235, 3.34495, 3.34758, 3.35023, 3.35292, 3.35563, 3.35836, 3.36113, 3.36392, 3.36675, 3.3696, 3.37248, 3.37539, 3.37833, 3.38131, 3.38431, 3.38735, 3.39041, 3.39351, 3.39664, 3.39981, 3.403, 3.40623, 3.4095, 3.4128, 3.41614, 3.41951, 3.42291, 3.42636, 3.42984, 3.43336, 3.43691, 3.44051, 3.44414, 3.44781, 3.45153, 3.45528, 3.45908, 3.46291, 3.46679, 3.47072, 3.47468, 3.47869, 3.48275, 3.48685, 3.49099, 3.49519, 3.49943, 3.50371, 3.50805, 3.51244, 3.51687, 3.52136, 3.5259, 3.53049, 3.53514, 3.53984, 3.54459, 3.5494, 3.55427, 3.55919, 3.56418, 3.56922, 3.57432, 3.57949, 3.58471, 3.59, 3.59535, 3.60077, 3.60626, 3.61181, 3.61743, 3.62312, 3.62888, 3.63472, 3.64062, 3.64661, 3.65266, 3.6588, 3.66501, 3.67131, 3.67768, 3.68414, 3.69068, 3.69731, 3.70402, 3.71083, 3.71772, 3.72471, 3.73179, 3.73896, 3.74624, 3.75361, 3.76109, 3.76867, 3.77635, 3.78414, 3.79204, 3.80006, 3.80818, 3.81643, 3.82479, 3.83327, 3.84188, 3.85062, 3.85948, 3.86847, 3.8776, 3.88687, 3.89628, 3.90583, 3.91553, 3.92538, 3.93538, 3.94554, 3.95586, 3.96635, 3.977, 3.98783, 3.99883, 4.01002, 4.02139, 4.03295, 4.0447, 4.05665, 4.06881, 4.08118, 4.09376, 4.10657, 4.1196, 4.13287, 4.14637, 4.16012, 4.17412, 4.18838, 4.20291, 4.21772, 4.2328, 4.24818, 4.26386, 4.27984, 4.29614, 4.31277, 4.32974, 4.34706, 4.36473, 4.38278, 4.40121, 4.42004, 4.43927, 4.45893, 4.47903, 4.49958, 4.5206, 4.54211, 4.56412, 4.58665, 4.60972, 4.63336, 4.65759, 4.68242, 4.70788, 4.73401, 4.76082, 4.78834, 4.81661, 4.84566, 4.87552, 4.90623, 4.93783, 4.97037, 5.00387, 5.03841, 5.07401, 5.11075, 5.14868, 5.18786, 5.22837, 5.27027, 5.31364, 5.35858, 5.40518, 5.45353, 5.50376, 5.55598, 5.61033, 5.66695, 5.72601, 5.78768, 5.85218, 5.91971, 5.99052, 6.0649, 6.14316, 6.22565, 6.31277, 6.40501, 6.50289, 6.60704, 6.7182, 6.83727, 6.96528, 7.10355, 7.25368, 7.41768, 7.59806, 7.79793, 8.02109, 8.27191, 8.55509, 8.87497, 9.2343, 9.63247, 10.0632, 10.5119, 10.9539, 11.353, 11.6635, 11.8337, 11.8132, 11.561, 11.0543, 10.2952, 9.30943, 8.16909, 6.93813, 5.69212, 4.50478, 3.43511, 2.52149, 1.78021, 1.20806, 0.787507, 0.492903, 0.296092, 0.170645, 0.0943264, 0.0499948, 0.0254017, 0.0123693, 0.00577104, 0.00257876, 0.00110268, 0.00045021, 0.000174329, 6.24817e-05, 1.83875e-05, 4.36561e-06, 1.46994e-06, 4.7355e-07, 1.45944e-07, 4.30286e-08, 1.21362e-08, 3.27461e-09, 8.4526e-10, 2.08725e-10, 4.93072e-11, 1.11429e-11, 2.40902e-12, 4.98237e-13, 9.85787e-14, 1.86588e-14, 3.37859e-15, 5.8525e-16, 9.69838e-17, 1.53748e-17, 2.3317e-18, 3.3829e-19, 4.69523e-20, 6.23416e-21, 7.91866e-22, 9.62227e-23, 1.11855e-23, 1.2439e-24, 1.32333e-25, 1.34681e-26, 1.31127e-27, 1.22133e-28, 1.08824e-29, 9.27622e-31, 7.56429e-32, 5.90089e-33, 4.40372e-34, 3.14393e-35, 2.14723e-36, 1.40294e-37, 8.76896e-39, 5.24337e-40, 2.99934e-41, 1.64132e-42, 8.59233e-44, 4.3031e-45, 2.0616e-46, 9.44885e-48, 4.14291e-49, 1.73774e-50, 6.97292e-52, 2.67669e-53, 9.82951e-55, 3.45317e-56, 1.16053e-57, 3.73117e-59, 1.14759e-60, 3.3766e-62, 9.50441e-64, 2.5593e-65, 6.5928e-67, 1.62469e-68, 3.8302e-70, 8.63822e-72, 1.86371e-73, 3.84667e-75, 7.59526e-77, 1.43467e-78, 2.59246e-80, 4.48151e-82, 7.41119e-84, 1.17247e-85, 1.77447e-87, 2.56914e-89, 3.55841e-91, 4.71494e-93, 5.97651e-95, 7.2472e-97, 8.40706e-99, 9.32974e-101, 9.9048e-103, 1.00594e-104, 9.77353e-107, 9.08409e-109, 8.07722e-111, 6.87059e-113, 5.59083e-115, 4.35221e-117, 3.24112e-119, 2.30904e-121, 1.57368e-123, 1.02602e-125, 6.39946e-128, 3.81841e-130, 2.17958e-132, 1.19018e-134, 6.21734e-137, 3.10704e-139, 1.48539e-141, 6.79335e-144, 2.9722e-146, 1.24401e-148, 4.98103e-151, 1.90794e-153, 6.99137e-156, 2.45081e-158, 8.21879e-161, 2.63667e-163, 8.09199e-166, 2.37577e-168, 6.67274e-171, 1.79289e-173, 4.60845e-176, 1.1332e-178, 2.66568e-181, 5.99873e-184, 1.2914e-186
3.16339, 3.1642, 3.16503, 3.16586, 3.1667, 3.16755, 3.16842, 3.16929, 3.17016, 3.17105, 3.17195, 3.17286, 3.17378, 3.1747, 3.17564, 3.17658, 3.17754, 3.17851, 3.17948, 3.18047, 3.18146, 3.18247, 3.18349, 3.18451, 3.18555, 3.1866, 3.18766, 3.18873, 3.18981, 3.1909, 3.192, 3.19312, 3.19424, 3.19538, 3.19653, 3.19769, 3.19886, 3.20004, 3.20123, 3.20244, 3.20366, 3.20489, 3.20613, 3.20739, 3.20866, 3.20994, 3.21123, 3.21254, 3.21386, 3.21519, 3.21654, 3.2179, 3.21927, 3.22066, 3.22206, 3.22347, 3.2249, 3.22634, 3.22779, 3.22927, 3.23075, 3.23225, 3.23376, 3.23529, 3.23684, 3.2384, 3.23997, 3.24156, 3.24317, 3.24479, 3.24643, 3.24808, 3.24975, 3.25144, 3.25314, 3.25486, 3.25659, 3.25835, 3.26012, 3.26191, 3.26371, 3.26554, 3.26738, 3.26924, 3.27111, 3.27301, 3.27493, 3.27686, 3.27881, 3.28078, 3.28278, 3.28479, 3.28682, 3.28887, 3.29094, 3.29303, 3.29515, 3.29728, 3.29944, 3.30161, 3.30381, 3.30603, 3.30827, 3.31054, 3.31283, 3.31514, 3.31747, 3.31982, 3.3222, 3.32461, 3.32704, 3.32949, 3.33197, 3.33447, 3.337, 3.33955, 3.34213, 3.34473, 3.34737, 3.35002, 3.35271, 3.35542, 3.35816, 3.36093, 3.36373, 3.36656, 3.36941, 3.3723, 3.37521, 3.37815, 3.38113, 3.38414, 3.38717, 3.39024, 3.39334, 3.39648, 3.39964, 3.40284, 3.40608, 3.40934, 3.41265, 3.41598, 3.41936, 3.42276, 3.42621, 3.42969, 3.43321, 3.43677, 3.44036, 3.444, 3.44767, 3.45139, 3.45514, 3.45894, 3.46277, 3.46665, 3.47058, 3.47454, 3.47855, 3.48261, 3.48671, 3.49085, 3.49504, 3.49928, 3.50357, 3.5079, 3.51229, 3.51672, 3.52121, 3.52575, 3.53034, 3.53498, 3.53968, 3.54443, 3.54924, 3.5541, 3.55902, 3.564, 3.56904, 3.57414, 3.57929, 3.58452, 3.5898, 3.59515, 3.60056, 3.60604, 3.61158, 3.6172, 3.62288, 3.62864, 3.63446, 3.64036, 3.64634, 3.65238, 3.65851, 3.66471, 3.671, 3.67736, 3.68381, 3.69034, 3.69695, 3.70366, 3.71045, 3.71733, 3.7243, 3.73137, 3.73853, 3.74579, 3.75315, 3.7606, 3.76816, 3.77583, 3.7836, 3.79149, 3.79948, 3.80758, 3.81581, 3.82415, 3.83261, 3.84119, 3.8499, 3.85874, 3.8677, 3.8768, 3.88604, 3.89542, 3.90494, 3.91461, 3.92442, 3.93439, 3.94451, 3.9548, 3.96524, 3.97586, 3.98664, 3.9976, 4.00874, 4.02006, 4.03157, 4.04327, 4.05518, 4.06728, 4.07959, 4.09211, 4.10486, 4.11783, 4.13102, 4.14446, 4.15814, 4.17206, 4.18625, 4.2007, 4.21541, 4.23041, 4.2457, 4.26128, 4.27717, 4.29337, 4.30989, 4.32674, 4.34394, 4.3615, 4.37942, 4.39772, 4.4164, 4.43549, 4.455, 4.47494, 4.49532, 4.51617, 4.53749, 4.55931, 4.58164, 4.60451, 4.62793, 4.65192, 4.67651, 4.70171, 4.72757, 4.75409, 4.78132, 4.80928, 4.83799, 4.8675, 4.89784, 4.92905, 4.96117, 4.99424, 5.02831, 5.06342, 5.09963, 5.137, 5.17558, 5.21545, 5.25667, 5.29932, 5.34348, 5.38924, 5.4367, 5.48596, 5.53714, 5.59037, 5.64577, 5.70352, 5.76376, 5.82669, 5.89252, 5.96147, 6.0338, 6.10979, 6.18978, 6.27413, 6.36327, 6.45767, 6.55789, 6.6646, 6.77857, 6.90071, 7.03214, 7.17421, 7.32863, 7.49754, 7.68361, 7.89024, 8.12159, 8.38258, 8.67865, 9.01509, 9.39582, 9.82151, 10.287, 10.7787, 11.2716, 11.7286, 12.1014, 12.3342, 12.3713, 12.166, 11.6902, 10.9425, 9.95103, 8.77158, 7.47997, 6.16058, 4.89381, 3.74521, 2.75862, 1.9541, 1.33028, 0.869839, 0.546038, 0.32894, 0.190095, 0.105355, 0.0559822, 0.028514, 0.013918, 0.00650876, 0.00291512, 0.00124945, 0.000511466, 0.00019883, 7.17271e-05, 2.15654e-05, 5.33288e-06, 1.79403e-06, 5.78216e-07, 1.78281e-07, 5.25862e-08, 1.48386e-08, 4.00557e-09, 1.03441e-09, 2.55546e-10, 6.0395e-11, 1.36548e-11, 2.9534e-12, 6.11099e-13, 1.20963e-13, 2.2906e-14, 4.14951e-15, 7.19113e-16, 1.1922e-16, 1.89084e-17, 2.86889e-18, 4.16413e-19, 5.78213e-20, 7.68074e-21, 9.76048e-22, 1.18657e-22, 1.37995e-23, 1.53529e-24, 1.63406e-25, 1.66378e-26, 1.62061e-27, 1.51013e-28, 1.34617e-29, 1.14799e-30, 9.36548e-32, 7.30926e-33, 5.45718e-34, 3.89777e-35, 2.66327e-36, 1.74087e-37, 1.08861e-38, 6.51218e-40, 3.72678e-41, 2.0403e-42, 1.06857e-43, 5.35387e-45, 2.56615e-46, 1.17666e-47, 5.16141e-49, 2.1659e-50, 8.69484e-52, 3.33915e-53, 1.22676e-54, 4.3116e-56, 1.44966e-57, 4.66282e-59, 1.43476e-60, 4.22342e-62, 1.18932e-63, 3.20396e-65, 8.25705e-67, 2.0357e-68, 4.80127e-70, 1.0833e-71, 2.33826e-73, 4.82823e-75, 9.5375e-77, 1.80232e-78, 3.25823e-80, 5.63484e-82, 9.32253e-84, 1.47549e-85, 2.23404e-87, 3.2359e-89, 4.48386e-91, 5.94373e-93, 7.53733e-95, 9.1438e-97, 1.06118e-98, 1.17814e-100, 1.2513e-102, 1.27138e-104, 1.23577e-106, 1.14909e-108, 1.02216e-110, 8.69832e-113, 7.08113e-115, 5.51468e-117, 4.10856e-119, 2.92826e-121, 1.99655e-123, 1.30227e-125, 8.1259e-128, 4.85058e-130, 2.76991e-132, 1.51318e-134, 7.90793e-137, 3.95355e-139, 1.89087e-141, 8.65141e-144, 3.78671e-146, 1.58558e-148, 6.35132e-151, 2.43383e-153, 8.92211e-156, 3.12892e-158, 1.04972e-160, 3.36899e-163, 1.03437e-165, 3.03812e-168, 8.53658e-171, 2.29463e-173, 5.90052e-176, 1.45151e-178, 3.41584e-181, 7.68999e-184, 1.65617e-186
208.74
176.60
 
MEASUREMENT 43
1.56305, 4.67879, 7.79453, 10.9103, 14.0312, 17.1469, 20.2679, 23.3784, 26.4796, 29.5859, 32.6913, 35.8071, 38.9228, 42.0385, 45.1595, 48.2752, 51.3909, 54.5067, 57.6224, 60.7381, 63.8435, 66.9593, 70.0698, 73.1752, 76.2806, 79.3859, 82.4913, 85.5967, 88.7021, 91.8074, 94.9128, 98.0182, 101.1, 104.148, 107.196, 110.244, 113.292, 116.339, 119.387, 122.435, 125.483, 128.531, 131.574, 134.622, 137.67, 140.718, 143.766, 146.814, 149.861, 152.909, 155.957, 159.005, 162.053, 165.101, 168.149, 171.197, 174.245, 177.293, 180.341, 183.389, 186.436, 189.484, 192.532, 195.58, 198.621, 201.655, 204.688, 207.722, 210.756, 213.794, 216.838, 219.882, 222.926, 225.97, 229.014, 232.058, 235.102, 238.145, 241.189, 244.233, 247.277, 250.321, 253.37, 256.424, 259.478, 262.532, 265.586, 268.64, 271.695, 274.749, 277.803, 280.857, 283.911, 286.97, 290.035, 293.099
2.83702, 2.83539, 2.8214, 2.97721, 2.82318, 2.85611, 3.0697, 3.06697, 3.03229, 3.05976, 3.09655, 3.15868, 3.16099, 3.19999, 3.19513, 3.22574, 3.32698, 3.36251, 3.42023, 3.45413, 3.1107, 3.41816, 3.42938, 3.42499, 3.49791, 3.50628, 3.53157, 3.52112, 3.56977, 3.31044, 3.62381, 3.16764, 3.6423, 3.64864, 3.67932, 3.6961, 3.71605, 3.74771, 3.78435, 3.79737, 3.81416, 3.85448, 3.90941, 3.91132, 3.95472, 4.0209, 4.08072, 4.1192, 4.15918, 4.20162, 4.28435, 4.357, 4.44669, 4.50369, 4.59828, 4.81905, 4.89097, 4.95829, 5.15237, 5.39738, 5.58245, 5.94974, 6.30678, 7.00211, 8.9, 10.1544, 11.4316, 10.4492, 5.36408, 1.22562, 0.104313, 0.00250991, 0.000382255, -0.00313638, -0.00054272, -0.000476487, 0.00357582, 0.00120327, -0.00507587, -0.000201073, -0.00976461, -0.0174625, -0.00704584, -0.00195394, -0.00591849, -0.0142427, 0.000491984, -0.0115614, -0.00185059, 0.00104366, -0.00195918, -7.67897e-05, -0.00658047, -0.00337859, -0.00831867, -0.033682
0.0851107, 0.0850618, 0.084642, 0.0893164, 0.0846955, 0.0856833, 0.0920909, 0.0920091, 0.0909688, 0.0917928, 0.0928964, 0.0947604, 0.0948298, 0.0959996, 0.095854, 0.0967722, 0.0998093, 0.100875, 0.102607, 0.103624, 0.093321, 0.102545, 0.102881, 0.10275, 0.104937, 0.105189, 0.105947, 0.105633, 0.107093, 0.0993133, 0.108714, 0.0950292, 0.109269, 0.109459, 0.11038, 0.110883, 0.111482, 0.112431, 0.113531, 0.113921, 0.114425, 0.115634, 0.117282, 0.11734, 0.118642, 0.120627, 0.122422, 0.123576, 0.124775, 0.126049, 0.12853, 0.13071, 0.133401, 0.135111, 0.137948, 0.144571, 0.146729, 0.148749, 0.154571, 0.161921, 0.167473, 0.178492, 0.189203, 0.210063, 0.267, 0.304632, 0.342949, 0.313476, 0.160922, 0.0367685, 0.0031294, 7.52974e-05, 1.14676e-05, 9.40913e-05, 1.62816e-05, 1.42946e-05, 0.000107275, 3.60981e-05, 0.000152276, 6.03218e-06, 0.000292938, 0.000523874, 0.000211375, 5.86182e-05, 0.000177555, 0.000427282, 1.47595e-05, 0.000346842, 5.55176e-05, 3.13098e-05, 5.87754e-05, 2.30369e-06, 0.000197414, 0.000101358, 0.00024956, 0.00101046
0, 0.613815, 1.22763, 1.84144, 2.45526, 3.06907, 3.68289, 4.2967, 4.91052, 5.52433, 6.13815, 6.75196, 7.36578, 7.97959, 8.59341, 9.20722, 9.82104, 10.4349, 11.0487, 11.6625, 12.2763, 12.8901, 13.5039, 14.1177, 14.7316, 15.3454, 15.9592, 16.573, 17.1868, 17.8006, 18.4144, 19.0283, 19.6421, 20.2559, 20.8697, 21.4835, 22.0973, 22.7111, 23.325, 23.9388, 24.5526, 25.1664, 25.7802, 26.394, 27.0078, 27.6217, 28.2355, 28.8493, 29.4631, 30.0769, 30.6907, 31.3046, 31.9184, 32.5322, 33.146, 33.7598, 34.3736, 34.9874, 35.6013, 36.2151, 36.8289, 37.4427, 38.0565, 38.6703, 39.2841, 39.898, 40.5118, 41.1256, 41.7394, 42.3532, 42.967, 43.5808, 44.1947, 44.8085, 45.4223, 46.0361, 46.6499, 47.2637, 47.8775, 48.4914, 49.1052, 49.719, 50.3328, 50.9466, 51.5604, 52.1743, 52.7881, 53.4019, 54.0157, 54.6295, 55.2433, 55.8571, 56.471, 57.0848, 57.6986, 58.3124, 58.9262, 59.54, 60.1538, 60.7677, 61.3815, 61.9953, 62.6091, 63.2229, 63.8367, 64.4505, 65.0644, 65.6782, 66.292, 66.9058, 67.5196, 68.1334, 68.7473, 69.3611, 69.9749, 70.5887, 71.2025, 71.8163, 72.4301, 73.044, 73.6578, 74.2716, 74.8854, 75.4992, 76.113, 76.7268, 77.3407, 77.9545, 78.5683, 79.1821, 79.7959, 80.4097, 81.0235, 81.6374, 82.2512, 82.865, 83.4788, 84.0926, 84.7064, 85.3202, 85.9341, 86.5479, 87.1617, 87.7755, 88.3893, 89.0031, 89.617, 90.2308, 90.8446, 91.4584, 92.0722, 92.686, 93.2998, 93.9137, 94.5275, 95.1413, 95.7551, 96.3689, 96.9827, 97.5965, 98.2104, 98.8242, 99.438, 100.052, 100.666, 101.279, 101.893, 102.507, 103.121, 103.735, 104.349, 104.962, 105.576, 106.19, 106.804, 107.418, 108.031, 108.645, 109.259, 109.873, 110.487, 111.1, 111.714, 112.328, 112.942, 113.556, 114.17, 114.783, 115.397, 116.011, 116.625, 117.239, 117.852, 118.466, 119.08, 119.694, 120.308, 120.922, 121.535, 122.149, 122.763, 123.377, 123.991, 124.604, 125.218, 125.832, 126.446, 127.06, 127.673, 128.287, 128.901, 129.515, 130.129, 130.743, 131.356, 131.97, 132.584, 133.198, 133.812, 134.425, 135.039, 135.653, 136.267, 136.881, 137.495, 138.108, 138.722, 139.336, 139.95, 140.564, 141.177, 141.791, 142.405, 143.019, 143.633, 144.246, 144.86, 145.474, 146.088, 146.702, 147.316, 147.929, 148.543, 149.157, 149.771, 150.385, 150.998, 151.612, 152.226, 152.84, 153.454, 154.068, 154.681, 155.295, 155.909, 156.523, 157.137, 157.75, 158.364, 158.978, 159.592, 160.206, 160.819, 161.433, 162.047, 162.661, 163.275, 163.889, 164.502, 165.116, 165.73, 166.344, 166.958, 167.571, 168.185, 168.799, 169.413, 170.027, 170.64, 171.254, 171.868, 172.482, 173.096, 173.71, 174.323, 174.937, 175.551, 176.165, 176.779, 177.392, 178.006, 178.62, 179.234, 179.848, 180.462, 181.075, 181.689, 182.303, 182.917, 183.531, 184.144, 184.758, 185.372, 185.986, 186.6, 187.213, 187.827, 188.441, 189.055, 189.669, 190.283, 190.896, 191.51, 192.124, 192.738, 193.352, 193.965, 194.579, 195.193, 195.807, 196.421, 197.035, 197.648, 198.262, 198.876, 199.49, 200.104, 200.717, 201.331, 201.945, 202.559, 203.173, 203.786, 204.4, 205.014, 205.628, 206.242, 206.856, 207.469, 208.083, 208.697, 209.311, 209.925, 210.538, 211.152, 211.766, 212.38, 212.994, 213.608, 214.221, 214.835, 215.449, 216.063, 216.677, 217.29, 217.904, 218.518, 219.132, 219.746, 220.359, 220.973, 221.587, 222.201, 222.815, 223.429, 224.042, 224.656, 225.27, 225.884, 226.498, 227.111, 227.725, 228.339, 228.953, 229.567, 230.181, 230.794, 231.408, 232.022, 232.636, 233.25, 233.863, 234.477, 235.091, 235.705, 236.319, 236.932, 237.546, 238.16, 238.774, 239.388, 240.002, 240.615, 241.229, 241.843, 242.457, 243.071, 243.684, 244.298, 244.912, 245.526, 246.14, 246.754, 247.367, 247.981, 248.595, 249.209, 249.823, 250.436, 251.05, 251.664, 252.278, 252.892, 253.505, 254.119, 254.733, 255.347, 255.961, 256.575, 257.188, 257.802, 258.416, 259.03, 259.644, 260.257, 260.871, 261.485, 262.099, 262.713, 263.327, 263.94, 264.554, 265.168, 265.782, 266.396, 267.009, 267.623, 268.237, 268.851, 269.465, 270.078, 270.692, 271.306, 271.92, 272.534, 273.148, 273.761, 274.375, 274.989, 275.603, 276.217, 276.83, 277.444, 278.058, 278.672, 279.286, 279.9, 280.513, 281.127, 281.741, 282.355, 282.969, 283.582, 284.196, 284.81, 285.424, 286.038, 286.651, 287.265, 287.879, 288.493, 289.107, 289.721, 290.334, 290.948, 291.562, 292.176, 292.79, 293.403, 294.017
3.16154, 3.16234, 3.16315, 3.16397, 3.16479, 3.16563, 3.16647, 3.16733, 3.16819, 3.16906, 3.16994, 3.17083, 3.17173, 3.17264, 3.17356, 3.17448, 3.17542, 3.17637, 3.17733, 3.1783, 3.17927, 3.18026, 3.18126, 3.18227, 3.18329, 3.18432, 3.18536, 3.18641, 3.18747, 3.18854, 3.18962, 3.19072, 3.19182, 3.19294, 3.19407, 3.19521, 3.19636, 3.19752, 3.19869, 3.19988, 3.20108, 3.20229, 3.20351, 3.20475, 3.20599, 3.20725, 3.20853, 3.20981, 3.21111, 3.21242, 3.21374, 3.21508, 3.21643, 3.21779, 3.21917, 3.22056, 3.22197, 3.22339, 3.22482, 3.22627, 3.22773, 3.2292, 3.23069, 3.2322, 3.23372, 3.23525, 3.2368, 3.23837, 3.23995, 3.24155, 3.24316, 3.24479, 3.24643, 3.24809, 3.24977, 3.25146, 3.25317, 3.2549, 3.25664, 3.2584, 3.26018, 3.26198, 3.26379, 3.26563, 3.26748, 3.26934, 3.27123, 3.27314, 3.27506, 3.277, 3.27897, 3.28095, 3.28295, 3.28497, 3.28701, 3.28907, 3.29116, 3.29326, 3.29538, 3.29753, 3.2997, 3.30188, 3.30409, 3.30633, 3.30858, 3.31086, 3.31316, 3.31548, 3.31783, 3.3202, 3.32259, 3.32501, 3.32745, 3.32992, 3.33241, 3.33493, 3.33747, 3.34004, 3.34263, 3.34526, 3.3479, 3.35058, 3.35328, 3.35601, 3.35877, 3.36156, 3.36437, 3.36722, 3.37009, 3.37299, 3.37593, 3.37889, 3.38189, 3.38491, 3.38797, 3.39106, 3.39419, 3.39734, 3.40053, 3.40375, 3.40701, 3.4103, 3.41363, 3.41699, 3.42039, 3.42382, 3.42729, 3.4308, 3.43435, 3.43793, 3.44155, 3.44522, 3.44892, 3.45266, 3.45645, 3.46027, 3.46414, 3.46805, 3.47201, 3.47601, 3.48005, 3.48414, 3.48827, 3.49245, 3.49668, 3.50096, 3.50528, 3.50965, 3.51408, 3.51855, 3.52308, 3.52766, 3.53229, 3.53697, 3.54171, 3.54651, 3.55136, 3.55627, 3.56124, 3.56626, 3.57135, 3.5765, 3.58171, 3.58698, 3.59232, 3.59772, 3.60319, 3.60872, 3.61433, 3.62, 3.62574, 3.63156, 3.63745, 3.64341, 3.64945, 3.65556, 3.66175, 3.66803, 3.67438, 3.68082, 3.68734, 3.69394, 3.70063, 3.70742, 3.71429, 3.72125, 3.72831, 3.73546, 3.74271, 3.75006, 3.75751, 3.76506, 3.77272, 3.78048, 3.78835, 3.79634, 3.80444, 3.81265, 3.82098, 3.82943, 3.83801, 3.84671, 3.85554, 3.8645, 3.8736, 3.88283, 3.8922, 3.90172, 3.91138, 3.92119, 3.93116, 3.94128, 3.95156, 3.962, 3.97261, 3.98339, 3.99435, 4.00549, 4.01681, 4.02833, 4.04003, 4.05193, 4.06404, 4.07636, 4.08888, 4.10163, 4.11461, 4.12781, 4.14126, 4.15494, 4.16888, 4.18308, 4.19754, 4.21227, 4.22729, 4.24259, 4.25819, 4.2741, 4.29032, 4.30687, 4.32375, 4.34098, 4.35857, 4.37652, 4.39485, 4.41358, 4.43271, 4.45227, 4.47225, 4.49269, 4.51359, 4.53497, 4.55685, 4.57925, 4.60219, 4.62569, 4.64976, 4.67444, 4.69974, 4.7257, 4.75233, 4.77968, 4.80776, 4.83661, 4.86626, 4.89675, 4.92813, 4.96042, 4.99368, 5.02795, 5.06328, 5.09972, 5.13734, 5.1762, 5.21636, 5.2579, 5.30089, 5.34541, 5.39157, 5.43946, 5.4892, 5.54089, 5.59466, 5.65068, 5.70908, 5.77005, 5.83377, 5.90047, 5.97038, 6.04377, 6.12094, 6.20223, 6.28804, 6.3788, 6.47503, 6.57733, 6.68638, 6.80303, 6.92825, 7.06324, 7.20948, 7.36881, 7.54356, 7.73663, 7.95168, 8.19309, 8.46588, 8.77523, 9.12546, 9.51842, 9.95102, 10.4124, 10.8809, 11.3226, 11.691, 11.931, 11.9848, 11.8024, 11.3513, 10.6251, 9.64719, 8.48116, 7.20702, 5.90427, 4.65604, 3.52981, 2.56983, 1.79509, 1.20219, 0.771415, 0.474029, 0.278821, 0.156922, 0.0844765, 0.0434866, 0.0214007, 0.0100656, 0.00452323, 0.00194096, 0.000794323, 0.000308895, 0.00011275, 3.67048e-05, 7.51598e-06, 2.49917e-06, 7.92683e-07, 2.3987e-07, 6.92438e-08, 1.90683e-08, 5.00922e-09, 1.25532e-09, 3.00101e-10, 6.84396e-11, 1.48893e-11, 3.09006e-12, 6.1177e-13, 1.15541e-13, 2.08166e-14, 3.57776e-15, 5.86595e-16, 9.17473e-17, 1.36891e-17, 1.94842e-18, 2.64557e-19, 3.42673e-20, 4.23418e-21, 4.99096e-22, 5.61211e-23, 6.01997e-24, 6.16012e-25, 6.01327e-26, 5.59963e-27, 4.97432e-28, 4.21536e-29, 3.40771e-30, 2.62794e-31, 1.93329e-32, 1.35676e-33, 9.08315e-35, 5.8009e-36, 3.53412e-37, 2.05397e-38, 1.13876e-39, 6.02276e-41, 3.03869e-42, 1.46252e-43, 6.71499e-45, 2.94113e-46, 1.22888e-47, 4.89812e-49, 1.86242e-50, 6.75538e-52, 2.33748e-53, 7.71566e-55, 2.42954e-56, 7.29793e-58, 2.09123e-59, 5.7165e-61, 1.49068e-62, 3.7082e-64, 8.79971e-66, 1.99204e-67, 4.30185e-69, 8.86212e-71, 1.74159e-72, 3.26496e-74, 5.83898e-76, 9.96142e-78, 1.62118e-79, 2.5169e-81, 3.72757e-83, 5.26638e-85, 7.09779e-87, 9.12557e-89, 1.11924e-90, 1.30951e-92, 1.46157e-94, 1.55617e-96, 1.5806e-98, 1.53147e-100, 1.41554e-102, 1.24813e-104, 1.04984e-106, 8.42384e-109, 6.44797e-111, 4.70827e-113, 3.27962e-115, 2.17927e-117, 1.38141e-119, 8.35337e-122, 4.81863e-124, 2.65162e-126, 1.39195e-128, 6.97042e-131, 3.32981e-133, 1.51742e-135, 6.59654e-138, 2.73559e-140, 1.08221e-142, 4.08408e-145, 1.47029e-147, 5.04936e-150, 1.65422e-152, 5.16982e-155, 1.54128e-157, 4.38342e-160, 1.18924e-162, 3.07785e-165, 7.5989e-168, 1.78969e-170, 4.02097e-173, 8.61801e-176, 1.76201e-178, 3.43662e-181, 6.39411e-184, 1.13489e-186, 1.92154e-189, 3.10363e-192, 4.78206e-195, 7.02884e-198
3.16154, 3.16236, 3.16318, 3.16401, 3.16485, 3.1657, 3.16656, 3.16743, 3.16831, 3.16919, 3.17009, 3.17099, 3.17191, 3.17283, 3.17376, 3.17471, 3.17566, 3.17662, 3.1776, 3.17858, 3.17957, 3.18058, 3.18159, 3.18262, 3.18365, 3.1847, 3.18575, 3.18682, 3.1879, 3.18899, 3.19009, 3.1912, 3.19232, 3.19345, 3.1946, 3.19575, 3.19692, 3.1981, 3.19929, 3.2005, 3.20171, 3.20294, 3.20418, 3.20543, 3.2067, 3.20798, 3.20927, 3.21057, 3.21189, 3.21321, 3.21456, 3.21591, 3.21728, 3.21866, 3.22006, 3.22147, 3.22289, 3.22433, 3.22578, 3.22725, 3.22873, 3.23023, 3.23174, 3.23326, 3.2348, 3.23636, 3.23793, 3.23951, 3.24112, 3.24273, 3.24437, 3.24602, 3.24768, 3.24936, 3.25106, 3.25278, 3.25451, 3.25626, 3.25802, 3.25981, 3.26161, 3.26343, 3.26526, 3.26712, 3.26899, 3.27088, 3.27279, 3.27472, 3.27667, 3.27864, 3.28062, 3.28263, 3.28466, 3.2867, 3.28877, 3.29086, 3.29296, 3.29509, 3.29724, 3.29941, 3.3016, 3.30382, 3.30606, 3.30831, 3.3106, 3.3129, 3.31523, 3.31758, 3.31995, 3.32235, 3.32477, 3.32722, 3.32969, 3.33218, 3.3347, 3.33725, 3.33982, 3.34242, 3.34505, 3.3477, 3.35038, 3.35308, 3.35581, 3.35858, 3.36137, 3.36418, 3.36703, 3.36991, 3.37282, 3.37575, 3.37872, 3.38172, 3.38475, 3.38781, 3.3909, 3.39402, 3.39718, 3.40037, 3.4036, 3.40686, 3.41015, 3.41348, 3.41684, 3.42024, 3.42368, 3.42715, 3.43066, 3.4342, 3.43779, 3.44141, 3.44508, 3.44878, 3.45253, 3.45631, 3.46014, 3.46401, 3.46792, 3.47187, 3.47587, 3.47991, 3.484, 3.48813, 3.49231, 3.49654, 3.50081, 3.50514, 3.50951, 3.51393, 3.5184, 3.52293, 3.5275, 3.53213, 3.53682, 3.54155, 3.54635, 3.5512, 3.5561, 3.56107, 3.56609, 3.57117, 3.57631, 3.58152, 3.58679, 3.59212, 3.59751, 3.60298, 3.6085, 3.6141, 3.61977, 3.6255, 3.63131, 3.63719, 3.64314, 3.64917, 3.65528, 3.66146, 3.66773, 3.67407, 3.68049, 3.687, 3.6936, 3.70028, 3.70705, 3.7139, 3.72085, 3.7279, 3.73503, 3.74227, 3.7496, 3.75703, 3.76457, 3.77221, 3.77995, 3.78781, 3.79577, 3.80385, 3.81204, 3.82035, 3.82878, 3.83733, 3.84601, 3.85481, 3.86375, 3.87281, 3.88202, 3.89136, 3.90084, 3.91047, 3.92025, 3.93018, 3.94026, 3.95051, 3.96091, 3.97148, 3.98222, 3.99314, 4.00423, 4.01551, 4.02697, 4.03862, 4.05048, 4.06253, 4.07479, 4.08726, 4.09994, 4.11286, 4.126, 4.13937, 4.15299, 4.16685, 4.18097, 4.19535, 4.21, 4.22493, 4.24014, 4.25565, 4.27146, 4.28758, 4.30402, 4.32079, 4.33791, 4.35537, 4.3732, 4.3914, 4.40999, 4.42898, 4.44838, 4.46821, 4.48848, 4.50921, 4.53041, 4.55211, 4.57431, 4.59704, 4.62032, 4.64416, 4.6686, 4.69365, 4.71934, 4.7457, 4.77275, 4.80051, 4.82904, 4.85835, 4.88847, 4.91946, 4.95135, 4.98417, 5.01798, 5.05282, 5.08875, 5.12582, 5.16409, 5.20363, 5.2445, 5.28677, 5.33054, 5.37588, 5.42289, 5.47168, 5.52235, 5.57503, 5.62986, 5.68697, 5.74654, 5.80875, 5.87379, 5.94188, 6.01328, 6.08825, 6.16712, 6.25024, 6.33801, 6.43089, 6.52942, 6.63421, 6.74599, 6.86562, 6.99414, 7.13279, 7.28315, 7.44714, 7.62725, 7.82662, 8.0492, 8.29987, 8.58431, 8.90861, 9.27827, 9.69649, 10.1616, 10.6639, 11.1823, 11.6822, 12.115, 12.4214, 12.5386, 12.4099, 11.9965, 11.2876, 10.306, 9.10721, 7.77188, 6.39306, 5.06131, 3.85151, 2.81416, 1.97257, 1.32543, 0.853209, 0.525894, 0.310238, 0.175098, 0.0945188, 0.0487844, 0.0240691, 0.0113486, 0.00511213, 0.00219896, 0.000902164, 0.00035187, 0.000129073, 4.24793e-05, 9.18866e-06, 3.05018e-06, 9.68017e-07, 2.93067e-07, 8.46407e-08, 2.33195e-08, 6.12893e-09, 1.53666e-09, 3.67534e-10, 8.38581e-11, 1.82524e-11, 3.78983e-12, 7.50668e-13, 1.41841e-13, 2.55673e-14, 4.39636e-15, 7.21155e-16, 1.12847e-16, 1.68453e-17, 2.39881e-18, 3.25865e-19, 4.22286e-20, 5.22039e-21, 6.15637e-22, 6.92586e-23, 7.43274e-24, 7.6094e-25, 7.43154e-26, 6.92362e-27, 6.15339e-28, 5.21701e-29, 4.21945e-30, 3.25548e-31, 2.39608e-32, 1.68234e-33, 1.12682e-34, 7.19976e-36, 4.38843e-37, 2.55168e-38, 1.41537e-39, 7.48926e-41, 3.78037e-42, 1.82035e-43, 8.36186e-45, 3.66417e-46, 1.5317e-47, 6.10801e-49, 2.32354e-50, 8.43193e-52, 2.91897e-53, 9.63956e-55, 3.03676e-56, 9.1262e-58, 2.61635e-59, 7.15526e-61, 1.86673e-62, 4.64583e-64, 1.10299e-65, 2.49806e-67, 5.3971e-69, 1.11236e-70, 2.18702e-72, 4.10191e-74, 7.33915e-76, 1.25265e-77, 2.03958e-79, 3.16793e-81, 4.69391e-83, 6.63469e-85, 8.94604e-87, 1.15071e-88, 1.41197e-90, 1.65277e-92, 1.84554e-94, 1.96588e-96, 1.99764e-98, 1.93644e-100, 1.79066e-102, 1.5796e-104, 1.32925e-106, 1.06707e-108, 8.17148e-111, 5.96945e-113, 4.15999e-115, 2.76551e-117, 1.75381e-119, 1.061e-121, 6.1231e-124, 3.37095e-126, 1.77034e-128, 8.86927e-131, 4.23879e-133, 1.93251e-135, 8.40473e-138, 3.48699e-140, 1.38007e-142, 5.21049e-145, 1.87663e-147, 6.44766e-150, 2.11325e-152, 6.60728e-155, 1.9707e-157, 5.60712e-160, 1.52189e-162, 3.94052e-165, 9.73297e-168, 2.29331e-170, 5.15469e-173, 1.10526e-175, 2.26076e-178, 4.41129e-181, 8.21111e-184, 1.45801e-186, 2.4697e-189, 3.99071e-192, 6.1515e-195, 9.04555e-198
208.87
176.66
 
MEASUREMENT 44
1.56305, 4.67879, 7.79453, 10.9103, 14.0312, 17.1469, 20.2679, 23.3784, 26.4796, 29.5859, 32.6913, 35.8071, 38.9228, 42.0385, 45.1595, 48.2752, 51.3909, 54.5067, 57.6224, 60.7381, 63.8435, 66.9593, 70.0698, 73.1752, 76.2806, 79.3859, 82.4913, 85.5967, 88.7021, 91.8074, 94.9128, 98.0182, 101.1, 104.148, 107.196, 110.244, 113.292, 116.339, 119.387, 122.435, 125.483, 128.531, 131.574, 134.622, 137.67, 140.718, 143.766, 146.814, 149.861, 152.909, 155.957, 159.005, 162.053, 165.101, 168.149, 171.197, 174.245, 177.293, 180.341, 183.389, 186.436, 189.484, 192.532, 195.58, 198.621, 201.655, 204.688, 207.722, 210.756, 213.794, 216.838, 219.882, 222.926, 225.97, 229.014, 232.058, 235.102, 238.145, 241.189, 244.233, 247.277, 250.321, 253.37, 256.424, 259.478, 262.532, 265.586, 268.64, 271.695, 274.749, 277.803, 280.857, 283.911, 286.97, 290.035, 293.099
2.83768, 2.83821, 2.82479, 2.97537, 2.82038, 2.85552, 3.07099, 3.06969, 3.03079, 3.06716, 3.09837, 3.16279, 3.16268, 3.20486, 3.19752, 3.22787, 3.32929, 3.36991, 3.42009, 3.45797, 3.10265, 3.42065, 3.43205, 3.42608, 3.49753, 3.50776, 3.52987, 3.51919, 3.5702, 3.31781, 3.6293, 3.1754, 3.644, 3.65084, 3.67706, 3.69914, 3.71868, 3.75142, 3.78711, 3.8036, 3.81408, 3.85958, 3.91042, 3.91633, 3.96063, 4.02017, 4.08675, 4.1236, 4.16222, 4.20154, 4.28839, 4.36327, 4.44872, 4.50581, 4.59878, 4.81726, 4.89171, 4.96087, 5.15725, 5.40135, 5.58661, 5.95531, 6.30401, 7.01809, 8.90629, 10.155, 11.4336, 10.4512, 5.36862, 1.22739, 0.103888, 0.0022611, 0.00677013, 0.00103653, -0.00235325, 0.00146834, 0.00321304, 0.00105266, -0.00463913, -3.49374e-05, -0.0105052, -0.0176911, -0.00332152, -0.00179593, -0.00261645, -0.0117577, 0.00107917, -0.0136143, -0.00363743, 0.000264923, -0.0015868, -0.00117137, -0.00626692, -0.00451916, -0.00498464, -0.0301147
0.0851305, 0.0851464, 0.0847438, 0.0892611, 0.0846115, 0.0856657, 0.0921296, 0.0920907, 0.0909237, 0.0920149, 0.0929512, 0.0948837, 0.0948803, 0.0961457, 0.0959256, 0.0968362, 0.0998788, 0.101097, 0.102603, 0.103739, 0.0930794, 0.10262, 0.102962, 0.102783, 0.104926, 0.105233, 0.105896, 0.105576, 0.107106, 0.0995342, 0.108879, 0.0952619, 0.10932, 0.109525, 0.110312, 0.110974, 0.11156, 0.112543, 0.113613, 0.114108, 0.114423, 0.115787, 0.117313, 0.11749, 0.118819, 0.120605, 0.122602, 0.123708, 0.124867, 0.126046, 0.128652, 0.130898, 0.133462, 0.135174, 0.137963, 0.144518, 0.146751, 0.148826, 0.154717, 0.162041, 0.167598, 0.178659, 0.18912, 0.210543, 0.267189, 0.304649, 0.343009, 0.313535, 0.161059, 0.0368216, 0.00311665, 6.78331e-05, 0.000203104, 3.10958e-05, 7.05976e-05, 4.40503e-05, 9.63912e-05, 3.15797e-05, 0.000139174, 1.04812e-06, 0.000315156, 0.000530732, 9.96457e-05, 5.38778e-05, 7.84934e-05, 0.000352731, 3.23752e-05, 0.000408428, 0.000109123, 7.9477e-06, 4.76041e-05, 3.5141e-05, 0.000188008, 0.000135575, 0.000149539, 0.00090344
0, 0.613815, 1.22763, 1.84144, 2.45526, 3.06907, 3.68289, 4.2967, 4.91052, 5.52433, 6.13815, 6.75196, 7.36578, 7.97959, 8.59341, 9.20722, 9.82104, 10.4349, 11.0487, 11.6625, 12.2763, 12.8901, 13.5039, 14.1177, 14.7316, 15.3454, 15.9592, 16.573, 17.1868, 17.8006, 18.4144, 19.0283, 19.6421, 20.2559, 20.8697, 21.4835, 22.0973, 22.7111, 23.325, 23.9388, 24.5526, 25.1664, 25.7802, 26.394, 27.0078, 27.6217, 28.2355, 28.8493, 29.4631, 30.0769, 30.6907, 31.3046, 31.9184, 32.5322, 33.146, 33.7598, 34.3736, 34.9874, 35.6013, 36.2151, 36.8289, 37.4427, 38.0565, 38.6703, 39.2841, 39.898, 40.5118, 41.1256, 41.7394, 42.3532, 42.967, 43.5808, 44.1947, 44.8085, 45.4223, 46.0361, 46.6499, 47.2637, 47.8775, 48.4914, 49.1052, 49.719, 50.3328, 50.9466, 51.5604, 52.1743, 52.7881, 53.4019, 54.0157, 54.6295, 55.2433, 55.8571, 56.471, 57.0848, 57.6986, 58.3124, 58.9262, 59.54, 60.1538, 60.7677, 61.3815, 61.9953, 62.6091, 63.2229, 63.8367, 64.4505, 65.0644, 65.6782, 66.292, 66.9058, 67.5196, 68.1334, 68.7473, 69.3611, 69.9749, 70.5887, 71.2025, 71.8163, 72.4301, 73.044, 73.6578, 74.2716, 74.8854, 75.4992, 76.113, 76.7268, 77.3407, 77.9545, 78.5683, 79.1821, 79.7959, 80.4097, 81.0235, 81.6374, 82.2512, 82.865, 83.4788, 84.0926, 84.7064, 85.3202, 85.9341, 86.5479, 87.1617, 87.7755, 88.3893, 89.0031, 89.617, 90.2308, 90.8446, 91.4584, 92.0722, 92.686, 93.2998, 93.9137, 94.5275, 95.1413, 95.7551, 96.3689, 96.9827, 97.5965, 98.2104, 98.8242, 99.438, 100.052, 100.666, 101.279, 101.893, 102.507, 103.121, 103.735, 104.349, 104.962, 105.576, 106.19, 106.804, 107.418, 108.031, 108.645, 109.259, 109.873, 110.487, 111.1, 111.714, 112.328, 112.942, 113.556, 114.17, 114.783, 115.397, 116.011, 116.625, 117.239, 117.852, 118.466, 119.08, 119.694, 120.308, 120.922, 121.535, 122.149, 122.763, 123.377, 123.991, 124.604, 125.218, 125.832, 126.446, 127.06, 127.673, 128.287, 128.901, 129.515, 130.129, 130.743, 131.356, 131.97, 132.584, 133.198, 133.812, 134.425, 135.039, 135.653, 136.267, 136.881, 137.495, 138.108, 138.722, 139.336, 139.95, 140.564, 141.177, 141.791, 142.405, 143.019, 143.633, 144.246, 144.86, 145.474, 146.088, 146.702, 147.316, 147.929, 148.543, 149.157, 149.771, 150.385, 150.998, 151.612, 152.226, 152.84, 153.454, 154.068, 154.681, 155.295, 155.909, 156.523, 157.137, 157.75, 158.364, 158.978, 159.592, 160.206, 160.819, 161.433, 162.047, 162.661, 163.275, 163.889, 164.502, 165.116, 165.73, 166.344, 166.958, 167.571, 168.185, 168.799, 169.413, 170.027, 170.64, 171.254, 171.868, 172.482, 173.096, 173.71, 174.323, 174.937, 175.551, 176.165, 176.779, 177.392, 178.006, 178.62, 179.234, 179.848, 180.462, 181.075, 181.689, 182.303, 182.917, 183.531, 184.144, 184.758, 185.372, 185.986, 186.6, 187.213, 187.827, 188.441, 189.055, 189.669, 190.283, 190.896, 191.51, 192.124, 192.738, 193.352, 193.965, 194.579, 195.193, 195.807, 196.421, 197.035, 197.648, 198.262, 198.876, 199.49, 200.104, 200.717, 201.331, 201.945, 202.559, 203.173, 203.786, 204.4, 205.014, 205.628, 206.242, 206.856, 207.469, 208.083, 208.697, 209.311, 209.925, 210.538, 211.152, 211.766, 212.38, 212.994, 213.608, 214.221, 214.835, 215.449, 216.063, 216.677, 217.29, 217.904, 218.518, 219.132, 219.746, 220.359, 220.973, 221.587, 222.201, 222.815, 223.429, 224.042, 224.656, 225.27, 225.884, 226.498, 227.111, 227.725, 228.339, 228.953, 229.567, 230.181, 230.794, 231.408, 232.022, 232.636, 233.25, 233.863, 234.477, 235.091, 235.705, 236.319, 236.932, 237.546, 238.16, 238.774, 239.388, 240.002, 240.615, 241.229, 241.843, 242.457, 243.071, 243.684, 244.298, 244.912, 245.526, 246.14, 246.754, 247.367, 247.981, 248.595, 249.209, 249.823, 250.436, 251.05, 251.664, 252.278, 252.892, 253.505, 254.119, 254.733, 255.347, 255.961, 256.575, 257.188, 257.802, 258.416, 259.03, 259.644, 260.257, 260.871, 261.485, 262.099, 262.713, 263.327, 263.94, 264.554, 265.168, 265.782, 266.396, 267.009, 267.623, 268.237, 268.851, 269.465, 270.078, 270.692, 271.306, 271.92, 272.534, 273.148, 273.761, 274.375, 274.989, 275.603, 276.217, 276.83, 277.444, 278.058, 278.672, 279.286, 279.9, 280.513, 281.127, 281.741, 282.355, 282.969, 283.582, 284.196, 284.81, 285.424, 286.038, 286.651, 287.265, 287.879, 288.493, 289.107, 289.721, 290.334, 290.948, 291.562, 292.176, 292.79, 293.403, 294.017
3.16363, 3.16442, 3.16523, 3.16604, 3.16687, 3.1677, 3.16854, 3.16939, 3.17025, 3.17112, 3.172, 3.17289, 3.17378, 3.17469, 3.17561, 3.17653, 3.17747, 3.17841, 3.17937, 3.18033, 3.18131, 3.18229, 3.18329, 3.18429, 3.18531, 3.18634, 3.18737, 3.18842, 3.18948, 3.19055, 3.19163, 3.19272, 3.19382, 3.19494, 3.19606, 3.1972, 3.19835, 3.19951, 3.20068, 3.20186, 3.20306, 3.20427, 3.20549, 3.20672, 3.20796, 3.20922, 3.21049, 3.21177, 3.21306, 3.21437, 3.21569, 3.21702, 3.21837, 3.21973, 3.22111, 3.22249, 3.22389, 3.22531, 3.22674, 3.22818, 3.22964, 3.23111, 3.2326, 3.2341, 3.23562, 3.23715, 3.23869, 3.24026, 3.24183, 3.24343, 3.24503, 3.24666, 3.2483, 3.24996, 3.25163, 3.25332, 3.25502, 3.25675, 3.25849, 3.26024, 3.26202, 3.26381, 3.26562, 3.26745, 3.26929, 3.27116, 3.27304, 3.27494, 3.27686, 3.2788, 3.28075, 3.28273, 3.28473, 3.28675, 3.28878, 3.29084, 3.29292, 3.29501, 3.29713, 3.29927, 3.30143, 3.30362, 3.30582, 3.30805, 3.3103, 3.31257, 3.31486, 3.31718, 3.31952, 3.32188, 3.32427, 3.32668, 3.32912, 3.33158, 3.33407, 3.33658, 3.33911, 3.34168, 3.34426, 3.34688, 3.34952, 3.35219, 3.35488, 3.35761, 3.36036, 3.36314, 3.36595, 3.36878, 3.37165, 3.37455, 3.37747, 3.38043, 3.38342, 3.38643, 3.38948, 3.39257, 3.39568, 3.39883, 3.40201, 3.40522, 3.40847, 3.41175, 3.41507, 3.41842, 3.42181, 3.42523, 3.4287, 3.43219, 3.43573, 3.43931, 3.44292, 3.44657, 3.45026, 3.454, 3.45777, 3.46159, 3.46544, 3.46934, 3.47329, 3.47727, 3.48131, 3.48538, 3.4895, 3.49367, 3.49789, 3.50215, 3.50646, 3.51082, 3.51523, 3.5197, 3.52421, 3.52877, 3.53339, 3.53806, 3.54279, 3.54757, 3.5524, 3.5573, 3.56225, 3.56726, 3.57233, 3.57746, 3.58266, 3.58791, 3.59323, 3.59862, 3.60407, 3.60958, 3.61517, 3.62082, 3.62655, 3.63234, 3.63821, 3.64415, 3.65017, 3.65627, 3.66244, 3.66869, 3.67502, 3.68143, 3.68793, 3.69451, 3.70118, 3.70794, 3.71478, 3.72172, 3.72875, 3.73588, 3.7431, 3.75042, 3.75784, 3.76537, 3.77299, 3.78073, 3.78857, 3.79652, 3.80459, 3.81277, 3.82107, 3.82949, 3.83803, 3.8467, 3.85549, 3.86441, 3.87347, 3.88267, 3.892, 3.90147, 3.91109, 3.92086, 3.93078, 3.94086, 3.95109, 3.96149, 3.97205, 3.98278, 3.99369, 4.00478, 4.01605, 4.0275, 4.03915, 4.051, 4.06304, 4.0753, 4.08776, 4.10045, 4.11335, 4.12649, 4.13986, 4.15348, 4.16734, 4.18146, 4.19584, 4.2105, 4.22543, 4.24064, 4.25615, 4.27197, 4.2881, 4.30454, 4.32132, 4.33845, 4.35592, 4.37376, 4.39198, 4.41059, 4.42959, 4.44902, 4.46887, 4.48916, 4.50992, 4.53115, 4.55288, 4.57511, 4.59788, 4.6212, 4.64509, 4.66958, 4.69468, 4.72043, 4.74684, 4.77396, 4.8018, 4.8304, 4.85979, 4.89001, 4.9211, 4.95309, 4.98603, 5.01996, 5.05494, 5.09101, 5.12824, 5.16668, 5.2064, 5.24747, 5.28996, 5.33397, 5.37956, 5.42686, 5.47595, 5.52695, 5.58, 5.63522, 5.69278, 5.75283, 5.81556, 5.88118, 5.94992, 6.02202, 6.09779, 6.17754, 6.26164, 6.35051, 6.44463, 6.54456, 6.65093, 6.76452, 6.88623, 7.01714, 7.15858, 7.31219, 7.48004, 7.66476, 7.86966, 8.09892, 8.35756, 8.65128, 8.98581, 9.36553, 9.79128, 10.2573, 10.7476, 11.2328, 11.669, 11.9991, 12.1586, 12.0858, 11.7339, 11.0825, 10.1454, 8.97409, 7.66253, 6.29453, 4.96581, 3.75673, 2.72201, 1.88707, 1.25065, 0.791828, 0.478642, 0.276096, 0.151913, 0.0797, 0.0398575, 0.0189944, 0.00862333, 0.00372813, 0.00153375, 0.000599335, 0.000221164, 7.54154e-05, 2.12848e-05, 4.71301e-06, 1.47378e-06, 4.38242e-07, 1.23904e-07, 3.3308e-08, 8.51338e-09, 2.06893e-09, 4.78055e-10, 1.05027e-10, 2.19388e-11, 4.35729e-12, 8.22829e-13, 1.47738e-13, 2.52211e-14, 4.09381e-15, 6.318e-16, 9.27089e-17, 1.29346e-17, 1.71583e-18, 2.16414e-19, 2.59529e-20, 2.95921e-21, 3.20816e-22, 3.30694e-23, 3.24104e-24, 3.02018e-25, 2.67591e-26, 2.25423e-27, 1.80557e-28, 1.37506e-29, 9.9567e-31, 6.85488e-32, 4.48718e-33, 2.79278e-34, 1.65268e-35, 9.29885e-37, 4.97462e-38, 2.53034e-39, 1.22373e-40, 5.62709e-42, 2.4602e-43, 1.02269e-44, 4.04212e-46, 1.51902e-47, 5.42755e-49, 1.84389e-50, 5.95598e-52, 1.8292e-53, 5.34143e-55, 1.483e-56, 3.91486e-58, 9.82603e-60, 2.34493e-61, 5.32069e-63, 1.14788e-64, 2.35457e-66, 4.59215e-68, 8.51547e-70, 1.50138e-71, 2.51686e-73, 4.01159e-75, 6.07942e-77, 8.75984e-79, 1.2001e-80, 1.56325e-82, 1.93609e-84, 2.27988e-86, 2.55262e-88, 2.71736e-90, 2.75041e-92, 2.64689e-94, 2.42192e-96, 2.10704e-98, 1.74291e-100, 1.37077e-102, 1.02504e-104, 7.28792e-107, 4.92669e-109, 3.16661e-111, 1.93518e-113, 1.12444e-115, 6.21208e-118, 3.26306e-120, 1.62968e-122, 7.73866e-125, 3.49395e-127, 1.49987e-129, 6.12182e-132, 2.37571e-134, 8.76583e-137, 3.07525e-139, 1.02578e-141, 3.25323e-144, 9.80987e-147, 2.81254e-149, 7.66691e-152, 1.98714e-154, 4.89694e-157, 1.14738e-159, 2.5561e-162, 5.41419e-165, 1.09038e-167, 2.08788e-170, 3.80121e-173, 6.57999e-176, 1.08297e-178, 1.69469e-181, 2.52147e-184, 3.56699e-187, 4.79775e-190, 6.13564e-193, 7.4605e-196, 8.62507e-199, 9.48077e-202, 9.90857e-205, 9.8461e-208, 9.30259e-211
3.16363, 3.16444, 3.16526, 3.16609, 3.16693, 3.16777, 3.16863, 3.16949, 3.17037, 3.17125, 3.17215, 3.17305, 3.17396, 3.17488, 3.17581, 3.17675, 3.1777, 3.17867, 3.17964, 3.18062, 3.18161, 3.18261, 3.18362, 3.18464, 3.18567, 3.18672, 3.18777, 3.18883, 3.18991, 3.191, 3.19209, 3.1932, 3.19432, 3.19545, 3.19659, 3.19775, 3.19891, 3.20009, 3.20128, 3.20248, 3.20369, 3.20492, 3.20615, 3.2074, 3.20866, 3.20994, 3.21123, 3.21253, 3.21384, 3.21516, 3.2165, 3.21786, 3.21922, 3.2206, 3.22199, 3.2234, 3.22482, 3.22626, 3.2277, 3.22917, 3.23064, 3.23214, 3.23364, 3.23516, 3.2367, 3.23825, 3.23982, 3.2414, 3.243, 3.24461, 3.24624, 3.24789, 3.24955, 3.25123, 3.25292, 3.25463, 3.25636, 3.2581, 3.25987, 3.26165, 3.26344, 3.26526, 3.26709, 3.26894, 3.27081, 3.27269, 3.2746, 3.27652, 3.27847, 3.28043, 3.28241, 3.28441, 3.28643, 3.28848, 3.29054, 3.29262, 3.29472, 3.29684, 3.29899, 3.30115, 3.30334, 3.30555, 3.30778, 3.31003, 3.31231, 3.31461, 3.31693, 3.31927, 3.32164, 3.32403, 3.32645, 3.32889, 3.33135, 3.33384, 3.33636, 3.3389, 3.34146, 3.34405, 3.34667, 3.34932, 3.35199, 3.35469, 3.35741, 3.36017, 3.36295, 3.36576, 3.3686, 3.37147, 3.37437, 3.3773, 3.38026, 3.38325, 3.38627, 3.38932, 3.39241, 3.39552, 3.39867, 3.40186, 3.40507, 3.40832, 3.41161, 3.41493, 3.41828, 3.42167, 3.4251, 3.42856, 3.43206, 3.4356, 3.43917, 3.44279, 3.44644, 3.45013, 3.45387, 3.45764, 3.46146, 3.46531, 3.46921, 3.47316, 3.47714, 3.48118, 3.48525, 3.48937, 3.49354, 3.49776, 3.50202, 3.50633, 3.51069, 3.5151, 3.51956, 3.52407, 3.52863, 3.53324, 3.53791, 3.54263, 3.54741, 3.55225, 3.55714, 3.56209, 3.56709, 3.57216, 3.57729, 3.58247, 3.58773, 3.59304, 3.59842, 3.60386, 3.60937, 3.61495, 3.6206, 3.62632, 3.6321, 3.63797, 3.6439, 3.64991, 3.65599, 3.66216, 3.6684, 3.67472, 3.68112, 3.68761, 3.69418, 3.70083, 3.70758, 3.71441, 3.72134, 3.72835, 3.73546, 3.74267, 3.74998, 3.75738, 3.76489, 3.7725, 3.78021, 3.78804, 3.79597, 3.80402, 3.81218, 3.82045, 3.82885, 3.83737, 3.84601, 3.85478, 3.86367, 3.8727, 3.88187, 3.89117, 3.90062, 3.9102, 3.91994, 3.92982, 3.93986, 3.95006, 3.96042, 3.97094, 3.98163, 3.9925, 4.00354, 4.01476, 4.02617, 4.03777, 4.04956, 4.06156, 4.07375, 4.08616, 4.09879, 4.11163, 4.1247, 4.13801, 4.15155, 4.16535, 4.17939, 4.19369, 4.20826, 4.22311, 4.23823, 4.25365, 4.26937, 4.2854, 4.30174, 4.31841, 4.33542, 4.35278, 4.3705, 4.38858, 4.40705, 4.42592, 4.44519, 4.46489, 4.48502, 4.50561, 4.52666, 4.5482, 4.57025, 4.59281, 4.61592, 4.63958, 4.66383, 4.68869, 4.71418, 4.74032, 4.76714, 4.79468, 4.82296, 4.85201, 4.88187, 4.91258, 4.94417, 4.97669, 5.01017, 5.04467, 5.08024, 5.11693, 5.1548, 5.19391, 5.23433, 5.27613, 5.31939, 5.36419, 5.41062, 5.4588, 5.50881, 5.56079, 5.61487, 5.67117, 5.72987, 5.79113, 5.85515, 5.92214, 5.99233, 6.06598, 6.14341, 6.22494, 6.31095, 6.40187, 6.49822, 6.60055, 6.70956, 6.82602, 6.95089, 7.08531, 7.23065, 7.38866, 7.56151, 7.75202, 7.96375, 8.20127, 8.47015, 8.77693, 9.1284, 9.53035, 9.98521, 10.4887, 11.0261, 11.5682, 12.0695, 12.4697, 12.699, 12.6887, 12.3846, 11.7603, 10.8262, 9.63231, 8.26152, 6.81596, 5.3995, 4.10107, 2.98282, 2.07541, 1.38027, 0.876813, 0.531711, 0.307652, 0.169776, 0.0893252, 0.0447937, 0.0214034, 0.00974202, 0.00422238, 0.00174149, 0.000682368, 0.000252793, 8.67261e-05, 2.49666e-05, 5.76093e-06, 1.79995e-06, 5.35507e-07, 1.51482e-07, 4.07423e-08, 1.04189e-08, 2.5333e-09, 5.85655e-10, 1.28732e-10, 2.69043e-11, 5.34623e-12, 1.0101e-12, 1.81455e-13, 3.09929e-14, 5.03323e-15, 7.7718e-16, 1.141e-16, 1.59272e-17, 2.11389e-18, 2.66757e-19, 3.20065e-20, 3.65132e-21, 3.96051e-22, 4.08453e-23, 4.00518e-24, 3.73415e-25, 3.31017e-26, 2.78996e-27, 2.23581e-28, 1.70358e-29, 1.23418e-30, 8.50125e-32, 5.56771e-33, 3.46704e-34, 2.05273e-35, 1.15556e-36, 6.18503e-38, 3.14761e-39, 1.52303e-40, 7.00687e-42, 3.06499e-43, 1.27474e-44, 5.04087e-46, 1.89529e-47, 6.77542e-49, 2.30295e-50, 7.44253e-52, 2.28689e-53, 6.68128e-55, 1.85593e-56, 4.90176e-58, 1.23092e-59, 2.93899e-61, 6.67195e-63, 1.44011e-64, 2.95548e-66, 5.76696e-68, 1.06993e-69, 1.88734e-71, 3.16544e-73, 5.04784e-75, 7.65359e-77, 1.10335e-78, 1.51233e-80, 1.97093e-82, 2.4422e-84, 2.87727e-86, 3.22305e-88, 3.43274e-90, 3.47618e-92, 3.34696e-94, 3.06399e-96, 2.66693e-98, 2.2071e-100, 1.73669e-102, 1.29929e-104, 9.24231e-107, 6.25088e-109, 4.01966e-111, 2.45767e-113, 1.42872e-115, 7.89689e-118, 4.15004e-120, 2.07365e-122, 9.85159e-125, 4.45004e-127, 1.91121e-129, 7.8044e-132, 3.0301e-134, 1.11857e-136, 3.92604e-139, 1.31019e-141, 4.15717e-144, 1.25415e-146, 3.59739e-149, 9.81099e-152, 2.54404e-154, 6.27224e-157, 1.4703e-159, 3.27701e-162, 6.94441e-165, 1.3992e-167, 2.68046e-170, 4.88231e-173, 8.45528e-176, 1.39225e-178, 2.17967e-181, 3.24454e-184, 4.59198e-187, 6.17921e-190, 7.90592e-193, 9.61739e-196, 1.11237e-198, 1.22328e-201, 1.27905e-204, 1.27156e-207, 1.20191e-210
209.06
176.76
 
MEASUREMENT 45
1.56305, 4.67879, 7.79453, 10.9103, 14.0312, 17.1469, 20.2679, 23.3784, 26.4796, 29.5859, 32.6913, 35.8071, 38.9228, 42.0385, 45.1595, 48.2752, 51.3909, 54.5067, 57.6224, 60.7381, 63.8435, 66.9593, 70.0698, 73.1752, 76.2806, 79.3859, 82.4913, 85.5967, 88.7021, 91.8074, 94.9128, 98.0182, 101.1, 104.148, 107.196, 110.244, 113.292, 116.339, 119.387, 122.435, 125.483, 128.531, 131.574, 134.622, 137.67, 140.718, 143.766, 146.814, 149.861, 152.909, 155.957, 159.005, 162.053, 165.101, 168.149, 171.197, 174.245, 177.293, 180.341, 183.389, 186.436, 189.484, 192.532, 195.58, 198.621, 201.655, 204.688, 207.722, 210.756, 213.794, 216.838, 219.882, 222.926, 225.97, 229.014, 232.058, 235.102, 238.145, 241.189, 244.233, 247.277, 250.321, 253.37, 256.424, 259.478, 262.532, 265.586, 268.64, 271.695, 274.749, 277.803, 280.857, 283.911, 286.97, 290.035, 293.099
2.84267, 2.83777, 2.82511, 2.9779, 2.82575, 2.85836, 3.06994, 3.07381, 3.03498, 3.06584, 3.09853, 3.16374, 3.16355, 3.20266, 3.19811, 3.22856, 3.3246, 3.36792, 3.41919, 3.45515, 3.09251, 3.4183, 3.43294, 3.42878, 3.50084, 3.50823, 3.53006, 3.52303, 3.57235, 3.3079, 3.62572, 3.17087, 3.64416, 3.65109, 3.67903, 3.70042, 3.71636, 3.74627, 3.7857, 3.80271, 3.81324, 3.8588, 3.90889, 3.9136, 3.96195, 4.02065, 4.08419, 4.12348, 4.16029, 4.20326, 4.28617, 4.36246, 4.44656, 4.50656, 4.59947, 4.82287, 4.89202, 4.95977, 5.15598, 5.39717, 5.58566, 5.95478, 6.30324, 6.99216, 8.9154, 10.1615, 11.4323, 10.4527, 5.36886, 1.22791, 0.103681, 0.000979864, 0.00190586, -0.00233178, 0.00157028, -0.000330109, 0.00273478, 0.00414665, -0.00623463, -0.00171225, -0.0116025, -0.0180749, -0.000890975, -0.00128865, -0.00219523, -0.0148016, 0.000259221, -0.0123194, -0.00245953, 0.000413284, -0.00242321, -0.000746535, -0.00693093, -0.00296497, -0.00846559, -0.0315064
0.08528, 0.0851331, 0.0847534, 0.0893369, 0.0847725, 0.0857507, 0.0920981, 0.0922142, 0.0910494, 0.0919751, 0.092956, 0.0949121, 0.0949066, 0.0960797, 0.0959434, 0.0968567, 0.0997379, 0.101037, 0.102576, 0.103655, 0.0927753, 0.102549, 0.102988, 0.102863, 0.105025, 0.105247, 0.105902, 0.105691, 0.107171, 0.099237, 0.108772, 0.095126, 0.109325, 0.109533, 0.110371, 0.111013, 0.111491, 0.112388, 0.113571, 0.114081, 0.114397, 0.115764, 0.117267, 0.117408, 0.118859, 0.120619, 0.122526, 0.123704, 0.124809, 0.126098, 0.128585, 0.130874, 0.133397, 0.135197, 0.137984, 0.144686, 0.146761, 0.148793, 0.154679, 0.161915, 0.16757, 0.178643, 0.189097, 0.209765, 0.267462, 0.304844, 0.342969, 0.313581, 0.161066, 0.0368372, 0.00311044, 2.93959e-05, 5.71758e-05, 6.99535e-05, 4.71085e-05, 9.90327e-06, 8.20433e-05, 0.0001244, 0.000187039, 5.13674e-05, 0.000348076, 0.000542248, 2.67293e-05, 3.86595e-05, 6.58568e-05, 0.000444048, 7.77663e-06, 0.000369581, 7.3786e-05, 1.23985e-05, 7.26962e-05, 2.23961e-05, 0.000207928, 8.8949e-05, 0.000253968, 0.000945193
0, 0.613815, 1.22763, 1.84144, 2.45526, 3.06907, 3.68289, 4.2967, 4.91052, 5.52433, 6.13815, 6.75196, 7.36578, 7.97959, 8.59341, 9.20722, 9.82104, 10.4349, 11.0487, 11.6625, 12.2763, 12.8901, 13.5039, 14.1177, 14.7316, 15.3454, 15.9592, 16.573, 17.1868, 17.8006, 18.4144, 19.0283, 19.6421, 20.2559, 20.8697, 21.4835, 22.0973, 22.7111, 23.325, 23.9388, 24.5526, 25.1664, 25.7802, 26.394, 27.0078, 27.6217, 28.2355, 28.8493, 29.4631, 30.0769, 30.6907, 31.3046, 31.9184, 32.5322, 33.146, 33.7598, 34.3736, 34.9874, 35.6013, 36.2151, 36.8289, 37.4427, 38.0565, 38.6703, 39.2841, 39.898, 40.5118, 41.1256, 41.7394, 42.3532, 42.967, 43.5808, 44.1947, 44.8085, 45.4223, 46.0361, 46.6499, 47.2637, 47.8775, 48.4914, 49.1052, 49.719, 50.3328, 50.9466, 51.5604, 52.1743, 52.7881, 53.4019, 54.0157, 54.6295, 55.2433, 55.8571, 56.471, 57.0848, 57.6986, 58.3124, 58.9262, 59.54, 60.1538, 60.7677, 61.3815, 61.9953, 62.6091, 63.2229, 63.8367, 64.4505, 65.0644, 65.6782, 66.292, 66.9058, 67.5196, 68.1334, 68.7473, 69.3611, 69.9749, 70.5887, 71.2025, 71.8163, 72.4301, 73.044, 73.6578, 74.2716, 74.8854, 75.4992, 76.113, 76.7268, 77.3407, 77.9545, 78.5683, 79.1821, 79.7959, 80.4097, 81.0235, 81.6374, 82.2512, 82.865, 83.4788, 84.0926, 84.7064, 85.3202, 85.9341, 86.5479, 87.1617, 87.7755, 88.3893, 89.0031, 89.617, 90.2308, 90.8446, 91.4584, 92.0722, 92.686, 93.2998, 93.9137, 94.5275, 95.1413, 95.7551, 96.3689, 96.9827, 97.5965, 98.2104, 98.8242, 99.438, 100.052, 100.666, 101.279, 101.893, 102.507, 103.121, 103.735, 104.349, 104.962, 105.576, 106.19, 106.804, 107.418, 108.031, 108.645, 109.259, 109.873, 110.487, 111.1, 111.714, 112.328, 112.942, 113.556, 114.17, 114.783, 115.397, 116.011, 116.625, 117.239, 117.852, 118.466, 119.08, 119.694, 120.308, 120.922, 121.535, 122.149, 122.763, 123.377, 123.991, 124.604, 125.218, 125.832, 126.446, 127.06, 127.673, 128.287, 128.901, 129.515, 130.129, 130.743, 131.356, 131.97, 132.584, 133.198, 133.812, 134.425, 135.039, 135.653, 136.267, 136.881, 137.495, 138.108, 138.722, 139.336, 139.95, 140.564, 141.177, 141.791, 142.405, 143.019, 143.633, 144.246, 144.86, 145.474, 146.088, 146.702, 147.316, 147.929, 148.543, 149.157, 149.771, 150.385, 150.998, 151.612, 152.226, 152.84, 153.454, 154.068, 154.681, 155.295, 155.909, 156.523, 157.137, 157.75, 158.364, 158.978, 159.592, 160.206, 160.819, 161.433, 162.047, 162.661, 163.275, 163.889, 164.502, 165.116, 165.73, 166.344, 166.958, 167.571, 168.185, 168.799, 169.413, 170.027, 170.64, 171.254, 171.868, 172.482, 173.096, 173.71, 174.323, 174.937, 175.551, 176.165, 176.779, 177.392, 178.006, 178.62, 179.234, 179.848, 180.462, 181.075, 181.689, 182.303, 182.917, 183.531, 184.144, 184.758, 185.372, 185.986, 186.6, 187.213, 187.827, 188.441, 189.055, 189.669, 190.283, 190.896, 191.51, 192.124, 192.738, 193.352, 193.965, 194.579, 195.193, 195.807, 196.421, 197.035, 197.648, 198.262, 198.876, 199.49, 200.104, 200.717, 201.331, 201.945, 202.559, 203.173, 203.786, 204.4, 205.014, 205.628, 206.242, 206.856, 207.469, 208.083, 208.697, 209.311, 209.925, 210.538, 211.152, 211.766, 212.38, 212.994, 213.608, 214.221, 214.835, 215.449, 216.063, 216.677, 217.29, 217.904, 218.518, 219.132, 219.746, 220.359, 220.973, 221.587, 222.201, 222.815, 223.429, 224.042, 224.656, 225.27, 225.884, 226.498, 227.111, 227.725, 228.339, 228.953, 229.567, 230.181, 230.794, 231.408, 232.022, 232.636, 233.25, 233.863, 234.477, 235.091, 235.705, 236.319, 236.932, 237.546, 238.16, 238.774, 239.388, 240.002, 240.615, 241.229, 241.843, 242.457, 243.071, 243.684, 244.298, 244.912, 245.526, 246.14, 246.754, 247.367, 247.981, 248.595, 249.209, 249.823, 250.436, 251.05, 251.664, 252.278, 252.892, 253.505, 254.119, 254.733, 255.347, 255.961, 256.575, 257.188, 257.802, 258.416, 259.03, 259.644, 260.257, 260.871, 261.485, 262.099, 262.713, 263.327, 263.94, 264.554, 265.168, 265.782, 266.396, 267.009, 267.623, 268.237, 268.851, 269.465, 270.078, 270.692, 271.306, 271.92, 272.534, 273.148, 273.761, 274.375, 274.989, 275.603, 276.217, 276.83, 277.444, 278.058, 278.672, 279.286, 279.9, 280.513, 281.127, 281.741, 282.355, 282.969, 283.582, 284.196, 284.81, 285.424, 286.038, 286.651, 287.265, 287.879, 288.493, 289.107, 289.721, 290.334, 290.948, 291.562, 292.176, 292.79, 293.403, 294.017
3.16576, 3.16655, 3.16734, 3.16815, 3.16896, 3.16979, 3.17062, 3.17146, 3.17231, 3.17317, 3.17404, 3.17492, 3.17581, 3.1767, 3.17761, 3.17853, 3.17945, 3.18039, 3.18133, 3.18229, 3.18325, 3.18423, 3.18521, 3.18621, 3.18722, 3.18823, 3.18926, 3.1903, 3.19134, 3.1924, 3.19347, 3.19455, 3.19565, 3.19675, 3.19786, 3.19899, 3.20013, 3.20128, 3.20244, 3.20361, 3.20479, 3.20599, 3.2072, 3.20842, 3.20965, 3.21089, 3.21215, 3.21342, 3.2147, 3.216, 3.21731, 3.21863, 3.21996, 3.22131, 3.22267, 3.22405, 3.22544, 3.22684, 3.22825, 3.22968, 3.23113, 3.23259, 3.23406, 3.23555, 3.23705, 3.23857, 3.2401, 3.24165, 3.24321, 3.24479, 3.24639, 3.248, 3.24962, 3.25126, 3.25292, 3.2546, 3.25629, 3.258, 3.25972, 3.26146, 3.26322, 3.265, 3.26679, 3.2686, 3.27043, 3.27228, 3.27414, 3.27603, 3.27793, 3.27985, 3.28179, 3.28375, 3.28573, 3.28773, 3.28975, 3.29179, 3.29385, 3.29593, 3.29803, 3.30015, 3.3023, 3.30446, 3.30665, 3.30885, 3.31108, 3.31333, 3.31561, 3.31791, 3.32023, 3.32257, 3.32494, 3.32733, 3.32974, 3.33218, 3.33465, 3.33714, 3.33965, 3.34219, 3.34476, 3.34735, 3.34997, 3.35262, 3.35529, 3.35799, 3.36072, 3.36347, 3.36626, 3.36907, 3.37191, 3.37478, 3.37768, 3.38061, 3.38357, 3.38657, 3.38959, 3.39265, 3.39573, 3.39885, 3.40201, 3.40519, 3.40841, 3.41166, 3.41495, 3.41828, 3.42163, 3.42503, 3.42846, 3.43193, 3.43543, 3.43898, 3.44256, 3.44618, 3.44984, 3.45354, 3.45728, 3.46106, 3.46488, 3.46875, 3.47266, 3.47661, 3.4806, 3.48464, 3.48873, 3.49286, 3.49703, 3.50126, 3.50553, 3.50985, 3.51422, 3.51864, 3.52311, 3.52764, 3.53221, 3.53684, 3.54152, 3.54626, 3.55105, 3.5559, 3.5608, 3.56577, 3.57079, 3.57587, 3.58101, 3.58622, 3.59149, 3.59682, 3.60222, 3.60768, 3.61321, 3.61881, 3.62448, 3.63022, 3.63603, 3.64191, 3.64787, 3.6539, 3.66001, 3.6662, 3.67247, 3.67882, 3.68525, 3.69176, 3.69836, 3.70505, 3.71183, 3.71869, 3.72565, 3.7327, 3.73985, 3.74709, 3.75443, 3.76187, 3.76942, 3.77707, 3.78483, 3.79269, 3.80067, 3.80876, 3.81697, 3.82529, 3.83374, 3.84231, 3.851, 3.85982, 3.86878, 3.87786, 3.88709, 3.89645, 3.90596, 3.91561, 3.92541, 3.93537, 3.94548, 3.95575, 3.96618, 3.97678, 3.98755, 3.9985, 4.00963, 4.02094, 4.03244, 4.04413, 4.05602, 4.06811, 4.08041, 4.09293, 4.10566, 4.11862, 4.13181, 4.14524, 4.15891, 4.17283, 4.18701, 4.20146, 4.21617, 4.23117, 4.24645, 4.26203, 4.27792, 4.29412, 4.31064, 4.3275, 4.3447, 4.36226, 4.38019, 4.39849, 4.41719, 4.43629, 4.45581, 4.47577, 4.49617, 4.51703, 4.53838, 4.56022, 4.58258, 4.60547, 4.62892, 4.65295, 4.67757, 4.70282, 4.72872, 4.7553, 4.78258, 4.81059, 4.83937, 4.86895, 4.89937, 4.93066, 4.96286, 4.99602, 5.03019, 5.06542, 5.10175, 5.13924, 5.17797, 5.21799, 5.25937, 5.30219, 5.34654, 5.39251, 5.44019, 5.48969, 5.54113, 5.59464, 5.65035, 5.70842, 5.76903, 5.83235, 5.89859, 5.968, 6.04082, 6.11735, 6.19792, 6.28289, 6.37271, 6.46783, 6.56884, 6.67638, 6.7912, 6.91422, 7.04651, 7.1894, 7.34447, 7.51377, 7.69988, 7.90614, 8.13685, 8.3975, 8.6948, 9.03619, 9.42864, 9.87608, 10.3753, 10.9108, 11.4492, 11.9364, 12.2989, 12.4523, 12.3163, 11.8343, 10.9906, 9.81855, 8.41741, 6.90197, 5.39689, 4.01604, 2.83929, 1.90451, 1.21069, 0.728722, 0.41499, 0.223453, 0.113705, 0.0546531, 0.0248046, 0.0106256, 0.00429419, 0.00163588, 0.000586113, 0.000195952, 5.90869e-05, 1.27216e-05, 3.0786e-06, 8.42867e-07, 2.17285e-07, 5.27395e-08, 1.20525e-08, 2.59329e-09, 5.25364e-10, 1.00208e-10, 1.79962e-11, 3.04295e-12, 4.84441e-13, 7.26143e-14, 1.0248e-14, 1.36172e-15, 1.70361e-16, 2.00673e-17, 2.22556e-18, 2.32394e-19, 2.28478e-20, 2.11494e-21, 1.84325e-22, 1.51253e-23, 1.16858e-24, 8.50055e-26, 5.82195e-27, 3.75425e-28, 2.27935e-29, 1.30297e-30, 7.01275e-32, 3.55366e-33, 1.6955e-34, 7.61644e-36, 3.22136e-37, 1.2828e-38, 4.80965e-40, 1.69785e-41, 5.64312e-43, 1.76592e-44, 5.20302e-46, 1.44335e-47, 3.76984e-49, 9.27054e-51, 2.14645e-52, 4.67915e-54, 9.60388e-56, 1.85592e-57, 3.37678e-59, 5.78467e-61, 9.33012e-63, 1.41686e-64, 2.02582e-66, 2.72712e-68, 3.45653e-70, 4.12485e-72, 4.63455e-74, 4.90274e-76, 4.88317e-78, 4.57927e-80, 4.04317e-82, 3.36108e-84, 2.63068e-86, 1.9386e-88, 1.34505e-90, 8.78661e-93, 5.40424e-95, 3.12953e-97, 1.7063e-99, 8.75913e-102, 4.23349e-104, 1.92649e-106, 8.25401e-109, 3.32962e-111, 1.2646e-113, 4.52215e-116, 1.52253e-118, 4.82633e-121, 1.44045e-123, 4.04773e-126, 1.07091e-128, 2.66764e-131, 6.25647e-134, 1.38154e-136, 2.87227e-139, 5.62235e-142, 1.03619e-144, 1.79801e-147, 2.93748e-150, 4.51842e-153, 6.54378e-156, 8.92277e-159, 1.14551e-161, 1.38462e-164, 1.57576e-167, 1.68841e-170, 1.70332e-173, 1.61787e-176, 1.44684e-179, 1.21822e-182, 9.65745e-186, 7.20819e-189, 5.06546e-192, 3.35151e-195, 2.08781e-198, 1.22453e-201, 6.76205e-205, 3.51573e-208, 1.721e-211, 7.93185e-215, 3.44189e-218, 1.4062e-221, 5.40913e-225, 1.959e-228, 6.67991e-232, 2.14454e-235, 6.48227e-239, 1.84479e-242, 4.94306e-246, 1.24702e-249
3.16576, 3.16656, 3.16738, 3.16821, 3.16904, 3.16988, 3.17073, 3.1716, 3.17247, 3.17334, 3.17423, 3.17513, 3.17604, 3.17696, 3.17788, 3.17882, 3.17977, 3.18072, 3.18169, 3.18266, 3.18365, 3.18465, 3.18565, 3.18667, 3.1877, 3.18873, 3.18978, 3.19084, 3.19191, 3.19299, 3.19408, 3.19519, 3.1963, 3.19743, 3.19856, 3.19971, 3.20087, 3.20204, 3.20322, 3.20442, 3.20563, 3.20685, 3.20808, 3.20932, 3.21058, 3.21185, 3.21313, 3.21442, 3.21573, 3.21705, 3.21838, 3.21973, 3.22108, 3.22246, 3.22384, 3.22524, 3.22666, 3.22809, 3.22953, 3.23098, 3.23245, 3.23394, 3.23544, 3.23695, 3.23848, 3.24003, 3.24159, 3.24316, 3.24475, 3.24636, 3.24798, 3.24962, 3.25127, 3.25294, 3.25463, 3.25633, 3.25805, 3.25979, 3.26154, 3.26331, 3.2651, 3.26691, 3.26873, 3.27057, 3.27243, 3.27431, 3.27621, 3.27812, 3.28006, 3.28201, 3.28398, 3.28597, 3.28799, 3.29002, 3.29207, 3.29414, 3.29623, 3.29835, 3.30048, 3.30264, 3.30481, 3.30701, 3.30923, 3.31147, 3.31374, 3.31603, 3.31834, 3.32067, 3.32303, 3.32541, 3.32781, 3.33024, 3.33269, 3.33517, 3.33767, 3.3402, 3.34275, 3.34533, 3.34794, 3.35057, 3.35323, 3.35591, 3.35863, 3.36137, 3.36414, 3.36693, 3.36976, 3.37262, 3.3755, 3.37841, 3.38136, 3.38433, 3.38734, 3.39038, 3.39345, 3.39655, 3.39968, 3.40285, 3.40605, 3.40928, 3.41255, 3.41585, 3.41919, 3.42256, 3.42597, 3.42941, 3.4329, 3.43642, 3.43997, 3.44357, 3.4472, 3.45088, 3.45459, 3.45834, 3.46214, 3.46598, 3.46986, 3.47378, 3.47774, 3.48175, 3.48581, 3.4899, 3.49405, 3.49824, 3.50248, 3.50677, 3.5111, 3.51549, 3.51992, 3.52441, 3.52894, 3.53353, 3.53817, 3.54287, 3.54762, 3.55243, 3.55729, 3.56221, 3.56719, 3.57222, 3.57732, 3.58248, 3.5877, 3.59298, 3.59832, 3.60374, 3.60921, 3.61476, 3.62037, 3.62605, 3.6318, 3.63763, 3.64353, 3.6495, 3.65554, 3.66167, 3.66787, 3.67415, 3.68051, 3.68695, 3.69348, 3.70009, 3.70679, 3.71358, 3.72046, 3.72743, 3.73449, 3.74165, 3.7489, 3.75626, 3.76371, 3.77127, 3.77893, 3.7867, 3.79457, 3.80256, 3.81066, 3.81888, 3.82721, 3.83566, 3.84424, 3.85294, 3.86177, 3.87073, 3.87983, 3.88906, 3.89843, 3.90794, 3.9176, 3.9274, 3.93736, 3.94748, 3.95775, 3.96818, 3.97879, 3.98956, 4.00051, 4.01163, 4.02294, 4.03444, 4.04613, 4.05801, 4.0701, 4.0824, 4.09491, 4.10763, 4.12058, 4.13376, 4.14717, 4.16083, 4.17474, 4.1889, 4.20332, 4.21802, 4.23299, 4.24825, 4.2638, 4.27966, 4.29583, 4.31232, 4.32914, 4.3463, 4.36382, 4.3817, 4.39995, 4.4186, 4.43764, 4.4571, 4.47699, 4.49732, 4.51811, 4.53938, 4.56113, 4.5834, 4.60619, 4.62954, 4.65345, 4.67796, 4.70308, 4.72885, 4.75527, 4.7824, 4.81024, 4.83884, 4.86823, 4.89844, 4.92951, 4.96147, 4.99438, 5.02827, 5.0632, 5.09922, 5.13637, 5.17473, 5.21435, 5.25531, 5.29767, 5.34152, 5.38694, 5.43403, 5.4829, 5.53364, 5.58639, 5.64127, 5.69844, 5.75805, 5.82028, 5.88533, 5.95341, 6.02477, 6.09968, 6.17844, 6.2614, 6.34894, 6.44152, 6.53964, 6.6439, 6.75497, 6.87366, 7.00094, 7.13793, 7.28604, 7.44698, 7.62293, 7.81666, 8.03182, 8.27318, 8.5469, 8.86073, 9.22364, 9.64467, 10.1303, 10.6801, 11.2807, 11.8997, 12.4811, 12.9458, 13.2001, 13.1516, 12.7306, 11.9115, 10.7251, 9.25832, 7.63861, 6.00828, 4.49623, 3.19584, 2.15462, 1.37635, 0.832268, 0.476052, 0.257415, 0.131516, 0.0634601, 0.0289089, 0.0124284, 0.00504037, 0.00192685, 0.000692961, 0.000232925, 7.09432e-05, 1.59699e-05, 3.95312e-06, 1.08317e-06, 2.79439e-07, 6.78753e-08, 1.55228e-08, 3.34246e-09, 6.77633e-10, 1.29347e-10, 2.32464e-11, 3.93357e-12, 6.26691e-13, 9.40055e-14, 1.32766e-14, 1.76545e-15, 2.21033e-16, 2.60552e-17, 2.89177e-18, 3.02181e-19, 2.97307e-20, 2.75408e-21, 2.40204e-22, 1.97251e-23, 1.52507e-24, 1.11018e-25, 7.60908e-27, 4.91025e-28, 2.98337e-29, 1.70665e-30, 9.19212e-32, 4.66143e-33, 2.22564e-34, 1.00052e-35, 4.23473e-37, 1.68756e-38, 6.3318e-40, 2.2368e-41, 7.43976e-43, 2.32982e-44, 6.86941e-46, 1.90699e-47, 4.98436e-49, 1.2266e-50, 2.84203e-52, 6.19991e-54, 1.27343e-55, 2.46261e-57, 4.48382e-59, 7.68657e-61, 1.24065e-62, 1.88537e-64, 2.69759e-66, 3.63401e-68, 4.60923e-70, 5.50429e-72, 6.18879e-74, 6.5515e-76, 6.52992e-78, 6.12781e-80, 5.4142e-82, 4.50395e-84, 3.52764e-86, 2.60139e-88, 1.80616e-90, 1.1807e-92, 7.26694e-95, 4.21109e-97, 2.29757e-99, 1.18025e-101, 5.7083e-104, 2.59939e-106, 1.11446e-108, 4.49874e-111, 1.7098e-113, 6.1183e-116, 2.06132e-118, 6.53867e-121, 1.95283e-123, 5.49121e-126, 1.45379e-128, 3.6238e-131, 8.50466e-134, 1.87923e-136, 3.90958e-139, 7.65792e-142, 1.41228e-144, 2.45222e-147, 4.00893e-150, 6.17057e-153, 8.94235e-156, 1.22013e-158, 1.56744e-161, 1.89585e-164, 2.15896e-167, 2.31481e-170, 2.33676e-173, 2.22097e-176, 1.98746e-179, 1.67449e-182, 1.3283e-185, 9.92056e-189, 6.97599e-192, 4.61852e-195, 2.87892e-198, 1.6896e-201, 9.33609e-205, 4.85707e-208, 2.3791e-211, 1.09718e-214, 4.764e-218, 1.94757e-221, 7.49622e-225, 2.71656e-228, 9.26879e-232, 2.97752e-235, 9.00563e-239, 2.56449e-242, 6.87566e-246, 1.73563e-249
209.39
176.92
 
MEASUREMENT 46
1.56305, 4.67879, 7.79453, 10.9103, 14.0312, 17.1469, 20.2679, 23.3784, 26.4796, 29.5859, 32.6913, 35.8071, 38.9228, 42.0385, 45.1595, 48.2752, 51.3909, 54.5067, 57.6224, 60.7381, 63.8435, 66.9593, 70.0698, 73.1752, 76.2806, 79.3859, 82.4913, 85.5967, 88.7021, 91.8074, 94.9128, 98.0182, 101.1, 104.148, 107.196, 110.244, 113.292, 116.339, 119.387, 122.435, 125.483, 128.531, 131.574, 134.622, 137.67, 140.718, 143.766, 146.814, 149.861, 152.909, 155.957, 159.005, 162.053, 165.101, 168.149, 171.197, 174.245, 177.293, 180.341, 183.389, 186.436, 189.484, 192.532, 195.58, 198.621, 201.655, 204.688, 207.722, 210.756, 213.794, 216.838, 219.882, 222.926, 225.97, 229.014, 232.058, 235.102, 238.145, 241.189, 244.233, 247.277, 250.321, 253.37, 256.424, 259.478, 262.532, 265.586, 268.64, 271.695, 274.749, 277.803, 280.857, 283.911, 286.97, 290.035, 293.099
2.84085, 2.83905, 2.82628, 2.98148, 2.82667, 2.8555, 3.08549, 3.07041, 3.0374, 3.06395, 3.10009, 3.16647, 3.16446, 3.20369, 3.19807, 3.22989, 3.33537, 3.36815, 3.41987, 3.4619, 3.11183, 3.42359, 3.43359, 3.43084, 3.50024, 3.50753, 3.53807, 3.52372, 3.57742, 3.31062, 3.63087, 3.18583, 3.6477, 3.65245, 3.67883, 3.70015, 3.72132, 3.75221, 3.78603, 3.80283, 3.81506, 3.85915, 3.91178, 3.91809, 3.96266, 4.0254, 4.08448, 4.12305, 4.16185, 4.20164, 4.29187, 4.3625, 4.4474, 4.50734, 4.59625, 4.81946, 4.89369, 4.96049, 5.15887, 5.40249, 5.59028, 5.95374, 6.3087, 7.00517, 8.91035, 10.1585, 11.4354, 10.4588, 5.37177, 1.22228, 0.103981, 0.00043309, 0.00471833, 0.00261873, -0.00182417, 0.00229958, 0.00247363, 0.00151409, -0.00724038, -0.00281559, -0.0100481, -0.0173972, -0.00584015, -0.00198878, -0.00410812, -0.0121452, 0.000457798, -0.0103709, -0.00243036, 0.00066066, -0.00249503, -0.000211983, -0.00565535, -0.00375044, -0.00764192, -0.0323987
0.0852254, 0.0851714, 0.0847884, 0.0894443, 0.0848001, 0.0856651, 0.0925647, 0.0921122, 0.0911219, 0.0919184, 0.0930027, 0.094994, 0.0949338, 0.0961107, 0.0959422, 0.0968967, 0.100061, 0.101044, 0.102596, 0.103857, 0.0933548, 0.102708, 0.103008, 0.102925, 0.105007, 0.105226, 0.106142, 0.105712, 0.107323, 0.0993185, 0.108926, 0.095575, 0.109431, 0.109574, 0.110365, 0.111004, 0.11164, 0.112566, 0.113581, 0.114085, 0.114452, 0.115775, 0.117353, 0.117543, 0.11888, 0.120762, 0.122534, 0.123692, 0.124855, 0.126049, 0.128756, 0.130875, 0.133422, 0.13522, 0.137887, 0.144584, 0.146811, 0.148815, 0.154766, 0.162075, 0.167708, 0.178612, 0.189261, 0.210155, 0.267311, 0.304754, 0.343063, 0.313765, 0.161153, 0.0366683, 0.00311942, 1.29927e-05, 0.00014155, 7.8562e-05, 5.4725e-05, 6.89874e-05, 7.42089e-05, 4.54226e-05, 0.000217211, 8.44676e-05, 0.000301444, 0.000521915, 0.000175204, 5.96633e-05, 0.000123244, 0.000364355, 1.37339e-05, 0.000311127, 7.29108e-05, 1.98198e-05, 7.48508e-05, 6.3595e-06, 0.00016966, 0.000112513, 0.000229258, 0.000971962
0, 0.613815, 1.22763, 1.84144, 2.45526, 3.06907, 3.68289, 4.2967, 4.91052, 5.52433, 6.13815, 6.75196, 7.36578, 7.97959, 8.59341, 9.20722, 9.82104, 10.4349, 11.0487, 11.6625, 12.2763, 12.8901, 13.5039, 14.1177, 14.7316, 15.3454, 15.9592, 16.573, 17.1868, 17.8006, 18.4144, 19.0283, 19.6421, 20.2559, 20.8697, 21.4835, 22.0973, 22.7111, 23.325, 23.9388, 24.5526, 25.1664, 25.7802, 26.394, 27.0078, 27.6217, 28.2355, 28.8493, 29.4631, 30.0769, 30.6907, 31.3046, 31.9184, 32.5322, 33.146, 33.7598, 34.3736, 34.9874, 35.6013, 36.2151, 36.8289, 37.4427, 38.0565, 38.6703, 39.2841, 39.898, 40.5118, 41.1256, 41.7394, 42.3532, 42.967, 43.5808, 44.1947, 44.8085, 45.4223, 46.0361, 46.6499, 47.2637, 47.8775, 48.4914, 49.1052, 49.719, 50.3328, 50.9466, 51.5604, 52.1743, 52.7881, 53.4019, 54.0157, 54.6295, 55.2433, 55.8571, 56.471, 57.0848, 57.6986, 58.3124, 58.9262, 59.54, 60.1538, 60.7677, 61.3815, 61.9953, 62.6091, 63.2229, 63.8367, 64.4505, 65.0644, 65.6782, 66.292, 66.9058, 67.5196, 68.1334, 68.7473, 69.3611, 69.9749, 70.5887, 71.2025, 71.8163, 72.4301, 73.044, 73.6578, 74.2716, 74.8854, 75.4992, 76.113, 76.7268, 77.3407, 77.9545, 78.5683, 79.1821, 79.7959, 80.4097, 81.0235, 81.6374, 82.2512, 82.865, 83.4788, 84.0926, 84.7064, 85.3202, 85.9341, 86.5479, 87.1617, 87.7755, 88.3893, 89.0031, 89.617, 90.2308, 90.8446, 91.4584, 92.0722, 92.686, 93.2998, 93.9137, 94.5275, 95.1413, 95.7551, 96.3689, 96.9827, 97.5965, 98.2104, 98.8242, 99.438, 100.052, 100.666, 101.279, 101.893, 102.507, 103.121, 103.735, 104.349, 104.962, 105.576, 106.19, 106.804, 107.418, 108.031, 108.645, 109.259, 109.873, 110.487, 111.1, 111.714, 112.328, 112.942, 113.556, 114.17, 114.783, 115.397, 116.011, 116.625, 117.239, 117.852, 118.466, 119.08, 119.694, 120.308, 120.922, 121.535, 122.149, 122.763, 123.377, 123.991, 124.604, 125.218, 125.832, 126.446, 127.06, 127.673, 128.287, 128.901, 129.515, 130.129, 130.743, 131.356, 131.97, 132.584, 133.198, 133.812, 134.425, 135.039, 135.653, 136.267, 136.881, 137.495, 138.108, 138.722, 139.336, 139.95, 140.564, 141.177, 141.791, 142.405, 143.019, 143.633, 144.246, 144.86, 145.474, 146.088, 146.702, 147.316, 147.929, 148.543, 149.157, 149.771, 150.385, 150.998, 151.612, 152.226, 152.84, 153.454, 154.068, 154.681, 155.295, 155.909, 156.523, 157.137, 157.75, 158.364, 158.978, 159.592, 160.206, 160.819, 161.433, 162.047, 162.661, 163.275, 163.889, 164.502, 165.116, 165.73, 166.344, 166.958, 167.571, 168.185, 168.799, 169.413, 170.027, 170.64, 171.254, 171.868, 172.482, 173.096, 173.71, 174.323, 174.937, 175.551, 176.165, 176.779, 177.392, 178.006, 178.62, 179.234, 179.848, 180.462, 181.075, 181.689, 182.303, 182.917, 183.531, 184.144, 184.758, 185.372, 185.986, 186.6, 187.213, 187.827, 188.441, 189.055, 189.669, 190.283, 190.896, 191.51, 192.124, 192.738, 193.352, 193.965, 194.579, 195.193, 195.807, 196.421, 197.035, 197.648, 198.262, 198.876, 199.49, 200.104, 200.717, 201.331, 201.945, 202.559, 203.173, 203.786, 204.4, 205.014, 205.628, 206.242, 206.856, 207.469, 208.083, 208.697, 209.311, 209.925, 210.538, 211.152, 211.766, 212.38, 212.994, 213.608, 214.221, 214.835, 215.449, 216.063, 216.677, 217.29, 217.904, 218.518, 219.132, 219.746, 220.359, 220.973, 221.587, 222.201, 222.815, 223.429, 224.042, 224.656, 225.27, 225.884, 226.498, 227.111, 227.725, 228.339, 228.953, 229.567, 230.181, 230.794, 231.408, 232.022, 232.636, 233.25, 233.863, 234.477, 235.091, 235.705, 236.319, 236.932, 237.546, 238.16, 238.774, 239.388, 240.002, 240.615, 241.229, 241.843, 242.457, 243.071, 243.684, 244.298, 244.912, 245.526, 246.14, 246.754, 247.367, 247.981, 248.595, 249.209, 249.823, 250.436, 251.05, 251.664, 252.278, 252.892, 253.505, 254.119, 254.733, 255.347, 255.961, 256.575, 257.188, 257.802, 258.416, 259.03, 259.644, 260.257, 260.871, 261.485, 262.099, 262.713, 263.327, 263.94, 264.554, 265.168, 265.782, 266.396, 267.009, 267.623, 268.237, 268.851, 269.465, 270.078, 270.692, 271.306, 271.92, 272.534, 273.148, 273.761, 274.375, 274.989, 275.603, 276.217, 276.83, 277.444, 278.058, 278.672, 279.286, 279.9, 280.513, 281.127, 281.741, 282.355, 282.969, 283.582, 284.196, 284.81, 285.424, 286.038, 286.651, 287.265, 287.879, 288.493, 289.107, 289.721, 290.334, 290.948, 291.562, 292.176, 292.79, 293.403, 294.017
3.17965, 3.18042, 3.1812, 3.18198, 3.18278, 3.18358, 3.18439, 3.18521, 3.18604, 3.18688, 3.18772, 3.18858, 3.18945, 3.19032, 3.19121, 3.1921, 3.193, 3.19392, 3.19484, 3.19577, 3.19671, 3.19767, 3.19863, 3.1996, 3.20058, 3.20158, 3.20258, 3.2036, 3.20462, 3.20565, 3.2067, 3.20776, 3.20883, 3.2099, 3.21099, 3.2121, 3.21321, 3.21433, 3.21547, 3.21661, 3.21777, 3.21894, 3.22013, 3.22132, 3.22253, 3.22375, 3.22498, 3.22622, 3.22748, 3.22875, 3.23003, 3.23132, 3.23263, 3.23395, 3.23528, 3.23663, 3.23799, 3.23937, 3.24076, 3.24216, 3.24357, 3.24501, 3.24645, 3.24791, 3.24938, 3.25087, 3.25237, 3.25389, 3.25543, 3.25697, 3.25854, 3.26012, 3.26171, 3.26332, 3.26495, 3.26659, 3.26825, 3.26993, 3.27162, 3.27333, 3.27506, 3.2768, 3.27856, 3.28034, 3.28214, 3.28395, 3.28578, 3.28763, 3.2895, 3.29139, 3.2933, 3.29522, 3.29717, 3.29913, 3.30111, 3.30312, 3.30514, 3.30718, 3.30925, 3.31133, 3.31344, 3.31556, 3.31771, 3.31988, 3.32207, 3.32428, 3.32652, 3.32877, 3.33105, 3.33336, 3.33568, 3.33803, 3.34041, 3.34281, 3.34523, 3.34768, 3.35015, 3.35264, 3.35517, 3.35771, 3.36029, 3.36289, 3.36552, 3.36817, 3.37085, 3.37356, 3.3763, 3.37906, 3.38186, 3.38468, 3.38753, 3.39041, 3.39332, 3.39627, 3.39924, 3.40224, 3.40528, 3.40835, 3.41144, 3.41458, 3.41774, 3.42094, 3.42418, 3.42744, 3.43074, 3.43408, 3.43746, 3.44087, 3.44431, 3.4478, 3.45132, 3.45488, 3.45847, 3.46211, 3.46579, 3.46951, 3.47327, 3.47707, 3.48091, 3.48479, 3.48872, 3.49269, 3.49671, 3.50077, 3.50487, 3.50903, 3.51323, 3.51747, 3.52177, 3.52611, 3.53051, 3.53495, 3.53945, 3.544, 3.5486, 3.55325, 3.55796, 3.56273, 3.56755, 3.57243, 3.57736, 3.58236, 3.58741, 3.59253, 3.5977, 3.60294, 3.60824, 3.61361, 3.61905, 3.62455, 3.63011, 3.63575, 3.64146, 3.64724, 3.65309, 3.65901, 3.66501, 3.67109, 3.67724, 3.68348, 3.68979, 3.69619, 3.70266, 3.70923, 3.71588, 3.72262, 3.72945, 3.73637, 3.74338, 3.75049, 3.75769, 3.76499, 3.7724, 3.7799, 3.78751, 3.79523, 3.80305, 3.81098, 3.81903, 3.82719, 3.83548, 3.84387, 3.8524, 3.86104, 3.86982, 3.87872, 3.88776, 3.89694, 3.90625, 3.91571, 3.92531, 3.93505, 3.94496, 3.95501, 3.96523, 3.9756, 3.98615, 3.99686, 4.00775, 4.01882, 4.03006, 4.0415, 4.05313, 4.06496, 4.07698, 4.08922, 4.10167, 4.11433, 4.12722, 4.14034, 4.15369, 4.16729, 4.18113, 4.19523, 4.2096, 4.22423, 4.23914, 4.25434, 4.26983, 4.28563, 4.30174, 4.31817, 4.33494, 4.35204, 4.3695, 4.38733, 4.40553, 4.42412, 4.44312, 4.46253, 4.48236, 4.50265, 4.52339, 4.54462, 4.56633, 4.58856, 4.61132, 4.63464, 4.65852, 4.68301, 4.70811, 4.73385, 4.76027, 4.78739, 4.81524, 4.84385, 4.87325, 4.90348, 4.93458, 4.9666, 4.99956, 5.03352, 5.06853, 5.10464, 5.1419, 5.18039, 5.22016, 5.26128, 5.30384, 5.34791, 5.39359, 5.44097, 5.49016, 5.54127, 5.59443, 5.64978, 5.70748, 5.76768, 5.83059, 5.89639, 5.96533, 6.03766, 6.11367, 6.19369, 6.27807, 6.36724, 6.46169, 6.56195, 6.66867, 6.7826, 6.90461, 7.03577, 7.17735, 7.33089, 7.49835, 7.68217, 7.88556, 8.11267, 8.36893, 8.66118, 8.99749, 9.38594, 9.83187, 10.333, 10.8725, 11.4118, 11.8855, 12.204, 12.266, 11.9804, 11.2938, 10.2122, 8.81074, 7.2325, 5.62281, 4.12834, 2.85603, 1.8583, 1.13552, 0.650835, 0.349561, 0.175792, 0.0827198, 0.0364005, 0.0149718, 0.0057526, 0.0020631, 0.00068912, 0.000212704, 5.84898e-05, 1.08194e-05, 2.45087e-06, 5.95433e-07, 1.34776e-07, 2.84205e-08, 5.58326e-09, 1.02184e-09, 1.74226e-10, 2.76745e-11, 4.0953e-12, 5.64583e-13, 7.25115e-14, 8.67608e-15, 9.67111e-16, 1.00431e-16, 9.71613e-18, 8.75702e-19, 7.35286e-20, 5.75165e-21, 4.19146e-22, 2.8456e-23, 1.79978e-24, 1.06048e-25, 5.82127e-27, 2.97695e-28, 1.41828e-29, 6.29485e-31, 2.60283e-32, 1.00263e-33, 3.59811e-35, 1.20293e-36, 3.74665e-38, 1.08713e-39, 2.93869e-41, 7.40051e-43, 1.73622e-44, 3.79474e-46, 7.72672e-48, 1.46569e-49, 2.59014e-51, 4.26422e-53, 6.5402e-55, 9.34492e-57, 1.24393e-58, 1.54258e-60, 1.78211e-62, 1.91804e-64, 1.92314e-66, 1.79639e-68, 1.56323e-70, 1.2673e-72, 9.57124e-75, 6.73428e-77, 4.41415e-79, 2.69548e-81, 1.53341e-83, 8.12669e-86, 4.01238e-88, 1.84554e-90, 7.90817e-93, 3.15691e-95, 1.17403e-97, 4.06754e-100, 1.31285e-102, 3.94758e-105, 1.1058e-107, 2.88574e-110, 7.01567e-113, 1.58896e-115, 3.35265e-118, 6.59013e-121, 1.20679e-123, 2.05874e-126, 3.27192e-129, 4.84435e-132, 6.68188e-135, 8.58605e-138, 1.02782e-140, 1.14624e-143, 1.19086e-146, 1.1526e-149, 1.03927e-152, 8.72986e-156, 6.83151e-159, 4.98031e-162, 3.38241e-165, 2.14006e-168, 1.26141e-171, 6.92653e-175, 3.54328e-178, 1.68859e-181, 7.49678e-185, 3.10066e-188, 1.19471e-191, 4.28845e-195, 1.43406e-198, 4.46749e-202, 1.29655e-205, 3.50545e-209, 8.82933e-213, 2.07176e-216, 4.52878e-220, 9.22257e-224, 1.74965e-227, 3.09227e-231, 5.09136e-235, 7.8094e-239, 1.11591e-242, 1.48549e-246, 1.84221e-250, 2.12832e-254, 2.29067e-258, 2.29676e-262, 2.14534e-266, 1.86683e-270, 1.51335e-274, 1.14289e-278, 8.04071e-283, 5.27003e-287, 3.2178e-291
3.17965, 3.18046, 3.18128, 3.1821, 3.18293, 3.18377, 3.18462, 3.18548, 3.18635, 3.18723, 3.18812, 3.18902, 3.18992, 3.19084, 3.19176, 3.1927, 3.19364, 3.1946, 3.19556, 3.19654, 3.19752, 3.19852, 3.19952, 3.20054, 3.20157, 3.2026, 3.20365, 3.20471, 3.20578, 3.20686, 3.20795, 3.20905, 3.21016, 3.21129, 3.21242, 3.21357, 3.21473, 3.2159, 3.21708, 3.21828, 3.21948, 3.2207, 3.22193, 3.22317, 3.22443, 3.22569, 3.22697, 3.22827, 3.22957, 3.23089, 3.23222, 3.23357, 3.23493, 3.2363, 3.23768, 3.23908, 3.24049, 3.24192, 3.24336, 3.24482, 3.24629, 3.24777, 3.24927, 3.25078, 3.25231, 3.25385, 3.25541, 3.25698, 3.25857, 3.26018, 3.2618, 3.26344, 3.26509, 3.26676, 3.26844, 3.27014, 3.27186, 3.2736, 3.27535, 3.27712, 3.27891, 3.28071, 3.28253, 3.28437, 3.28623, 3.28811, 3.29, 3.29192, 3.29385, 3.2958, 3.29777, 3.29976, 3.30177, 3.3038, 3.30585, 3.30792, 3.31001, 3.31212, 3.31426, 3.31641, 3.31858, 3.32078, 3.323, 3.32524, 3.3275, 3.32979, 3.3321, 3.33443, 3.33678, 3.33916, 3.34156, 3.34399, 3.34644, 3.34891, 3.35141, 3.35394, 3.35649, 3.35907, 3.36167, 3.3643, 3.36695, 3.36964, 3.37235, 3.37509, 3.37785, 3.38065, 3.38347, 3.38632, 3.3892, 3.39211, 3.39505, 3.39803, 3.40103, 3.40406, 3.40713, 3.41023, 3.41336, 3.41652, 3.41971, 3.42294, 3.42621, 3.4295, 3.43284, 3.43621, 3.43961, 3.44305, 3.44653, 3.45004, 3.45359, 3.45719, 3.46081, 3.46448, 3.46819, 3.47194, 3.47573, 3.47956, 3.48344, 3.48735, 3.49131, 3.49531, 3.49936, 3.50345, 3.50759, 3.51178, 3.51601, 3.52029, 3.52462, 3.52899, 3.53342, 3.5379, 3.54242, 3.54701, 3.55164, 3.55633, 3.56107, 3.56586, 3.57072, 3.57563, 3.5806, 3.58562, 3.59071, 3.59586, 3.60106, 3.60634, 3.61167, 3.61707, 3.62254, 3.62807, 3.63367, 3.63934, 3.64508, 3.65089, 3.65677, 3.66273, 3.66876, 3.67487, 3.68105, 3.68732, 3.69366, 3.70009, 3.7066, 3.71319, 3.71987, 3.72664, 3.7335, 3.74045, 3.74749, 3.75463, 3.76186, 3.7692, 3.77663, 3.78416, 3.7918, 3.79954, 3.80739, 3.81535, 3.82343, 3.83162, 3.83992, 3.84835, 3.85689, 3.86556, 3.87436, 3.88329, 3.89235, 3.90154, 3.91088, 3.92035, 3.92997, 3.93974, 3.94965, 3.95973, 3.96996, 3.98035, 3.9909, 4.00163, 4.01252, 4.0236, 4.03486, 4.0463, 4.05793, 4.06976, 4.08179, 4.09402, 4.10646, 4.11912, 4.132, 4.14511, 4.15845, 4.17203, 4.18586, 4.19994, 4.21428, 4.22888, 4.24376, 4.25893, 4.27438, 4.29013, 4.3062, 4.32258, 4.33928, 4.35633, 4.37372, 4.39147, 4.40959, 4.4281, 4.44699, 4.4663, 4.48603, 4.50619, 4.52681, 4.5479, 4.56946, 4.59153, 4.61412, 4.63725, 4.66094, 4.68521, 4.71008, 4.73559, 4.76174, 4.78858, 4.81612, 4.8444, 4.87346, 4.90331, 4.93401, 4.96558, 4.99808, 5.03153, 5.066, 5.10152, 5.13816, 5.17596, 5.215, 5.25533, 5.29702, 5.34016, 5.38483, 5.43111, 5.4791, 5.52891, 5.58065, 5.63445, 5.69045, 5.74879, 5.80965, 5.87321, 5.93966, 6.00925, 6.08221, 6.15883, 6.23942, 6.32435, 6.41401, 6.50888, 6.60948, 6.71642, 6.83041, 6.95229, 7.08304, 7.22384, 7.37614, 7.54169, 7.7227, 7.92201, 8.14334, 8.39166, 8.67362, 8.99798, 9.37566, 9.81885, 10.3382, 10.9374, 11.6048, 12.3034, 12.9633, 13.4816, 13.7339, 13.6005, 12.9993, 11.9167, 10.422, 8.65774, 6.80732, 5.05167, 3.5302, 2.31892, 1.42977, 0.826487, 0.447496, 0.226773, 0.10749, 0.0476307, 0.0197217, 0.00762655, 0.00275251, 0.00092551, 0.000288093, 8.06141e-05, 1.6155e-05, 3.75975e-06, 9.14687e-07, 2.07311e-07, 4.37735e-08, 8.61066e-09, 1.57797e-09, 2.69401e-10, 4.28485e-11, 6.34906e-12, 8.76436e-13, 1.12711e-13, 1.35037e-14, 1.5072e-15, 1.56722e-16, 1.51818e-17, 1.3701e-18, 1.15191e-19, 9.02233e-21, 6.58349e-22, 4.47537e-23, 2.83425e-24, 1.67218e-25, 9.19099e-27, 4.70627e-28, 2.24506e-29, 9.9773e-31, 4.13079e-32, 1.59327e-33, 5.72504e-35, 1.91647e-36, 5.97671e-38, 1.73642e-39, 4.69984e-41, 1.18507e-42, 2.78382e-44, 6.09216e-46, 1.24204e-47, 2.35903e-49, 4.17412e-51, 6.88065e-53, 1.05664e-54, 1.51168e-56, 2.01476e-58, 2.50162e-60, 2.89369e-62, 3.11828e-64, 3.13049e-66, 2.9278e-68, 2.55095e-70, 2.0706e-72, 1.56575e-74, 1.10301e-76, 7.23887e-79, 4.42581e-81, 2.52085e-83, 1.33762e-85, 6.61227e-88, 3.04509e-90, 1.30641e-92, 5.22146e-95, 1.94417e-97, 6.74386e-100, 2.17928e-102, 6.5607e-105, 1.83999e-107, 4.80744e-110, 1.17015e-112, 2.65339e-115, 5.60518e-118, 1.10308e-120, 2.02236e-123, 3.45412e-126, 5.49599e-129, 8.14677e-132, 1.125e-134, 1.44728e-137, 1.73453e-140, 1.93659e-143, 2.0143e-146, 1.95183e-149, 1.76192e-152, 1.4817e-155, 1.16082e-158, 8.4722e-162, 5.76046e-165, 3.64877e-168, 2.1531e-171, 1.18362e-174, 6.06159e-178, 2.89195e-181, 1.28535e-184, 5.32208e-188, 2.05291e-191, 7.37709e-195, 2.46961e-198, 7.70193e-202, 2.23768e-205, 6.05655e-209, 1.52714e-212, 3.58724e-216, 7.85e-220, 1.60032e-223, 3.03927e-227, 5.37724e-231, 8.86291e-235, 1.36088e-238, 1.94667e-242, 2.59412e-246, 3.22043e-250, 3.72447e-254, 4.01275e-258, 4.0276e-262, 3.76596e-266, 3.28044e-270, 2.66204e-274, 2.01245e-278, 1.41729e-282, 9.29865e-287, 5.68338e-291
209.72
177.08
 
MEASUREMENT 47
1.56305, 4.67879, 7.79453, 10.9103, 14.0312, 17.1469, 20.2679, 23.3784, 26.4796, 29.5859, 32.6913, 35.8071, 38.9228, 42.0385, 45.1595, 48.2752, 51.3909, 54.5067, 57.6224, 60.7381, 63.8435, 66.9593, 70.0698, 73.1752, 76.2806, 79.3859, 82.4913, 85.5967, 88.7021, 91.8074, 94.9128, 98.0182, 101.1, 104.148, 107.196, 110.244, 113.292, 116.339, 119.387, 122.435, 125.483, 128.531, 131.574, 134.622, 137.67, 140.718, 143.766, 146.814, 149.861, 152.909, 155.957, 159.005, 162.053, 165.101, 168.149, 171.197, 174.245, 177.293, 180.341, 183.389, 186.436, 189.484, 192.532, 195.58, 198.621, 201.655, 204.688, 207.722, 210.756, 213.794, 216.838, 219.882, 222.926, 225.97, 229.014, 232.058, 235.102, 238.145, 241.189, 244.233, 247.277, 250.321, 253.37, 256.424, 259.478, 262.532, 265.586, 268.64, 271.695, 274.749, 277.803, 280.857, 283.911, 286.97, 290.035, 293.099
2.84241, 2.84348, 2.82623, 2.97884, 2.82717, 2.85901, 3.06054, 3.07057, 3.0342, 3.06862, 3.10065, 3.16355, 3.16275, 3.20416, 3.1934, 3.22719, 3.32529, 3.36747, 3.42603, 3.46015, 3.10734, 3.42703, 3.42811, 3.42641, 3.49685, 3.50805, 3.52724, 3.52323, 3.56848, 3.31438, 3.62989, 3.16985, 3.64676, 3.64924, 3.68036, 3.7002, 3.71959, 3.74894, 3.78699, 3.80229, 3.81854, 3.85846, 3.91196, 3.91707, 3.9674, 4.02597, 4.08701, 4.12386, 4.16917, 4.20643, 4.29532, 4.36206, 4.45385, 4.51326, 4.60695, 4.82366, 4.89288, 4.96326, 5.15232, 5.40186, 5.58262, 5.95501, 6.30453, 7.02146, 8.91768, 10.1615, 11.4338, 10.4547, 5.36978, 1.22604, 0.103206, 0.000923583, 0.000757332, 0.0029301, -0.00298228, 0.00120765, 0.0025728, 0.00231456, -0.00755137, -0.00224789, -0.00945211, -0.0172585, -0.00434467, -5.55465e-05, -0.00370004, -0.0145224, 0.00365214, -0.012171, -0.00087609, -1.6872e-05, -0.00121731, -0.00143718, -0.00684676, -0.00655855, -0.0052669, -0.0353593
0.0852724, 0.0853044, 0.084787, 0.0893651, 0.0848152, 0.0857702, 0.0918163, 0.092117, 0.0910261, 0.0920586, 0.0930196, 0.0949066, 0.0948826, 0.0961248, 0.095802, 0.0968157, 0.0997587, 0.101024, 0.102781, 0.103805, 0.0932203, 0.102811, 0.102843, 0.102792, 0.104905, 0.105242, 0.105817, 0.105697, 0.107054, 0.0994313, 0.108897, 0.0950956, 0.109403, 0.109477, 0.110411, 0.111006, 0.111588, 0.112468, 0.11361, 0.114069, 0.114556, 0.115754, 0.117359, 0.117512, 0.119022, 0.120779, 0.12261, 0.123716, 0.125075, 0.126193, 0.128859, 0.130862, 0.133616, 0.135398, 0.138208, 0.14471, 0.146786, 0.148898, 0.15457, 0.162056, 0.167478, 0.17865, 0.189136, 0.210644, 0.26753, 0.304844, 0.343014, 0.31364, 0.161093, 0.0367812, 0.00309619, 2.77075e-05, 2.272e-05, 8.79031e-05, 8.94683e-05, 3.62294e-05, 7.7184e-05, 6.94369e-05, 0.000226541, 6.74366e-05, 0.000283563, 0.000517756, 0.00013034, 1.66639e-06, 0.000111001, 0.000435671, 0.000109564, 0.000365131, 2.62827e-05, 5.06159e-07, 3.65192e-05, 4.31155e-05, 0.000205403, 0.000196756, 0.000158007, 0.00106078
0, 0.613815, 1.22763, 1.84144, 2.45526, 3.06907, 3.68289, 4.2967, 4.91052, 5.52433, 6.13815, 6.75196, 7.36578, 7.97959, 8.59341, 9.20722, 9.82104, 10.4349, 11.0487, 11.6625, 12.2763, 12.8901, 13.5039, 14.1177, 14.7316, 15.3454, 15.9592, 16.573, 17.1868, 17.8006, 18.4144, 19.0283, 19.6421, 20.2559, 20.8697, 21.4835, 22.0973, 22.7111, 23.325, 23.9388, 24.5526, 25.1664, 25.7802, 26.394, 27.0078, 27.6217, 28.2355, 28.8493, 29.4631, 30.0769, 30.6907, 31.3046, 31.9184, 32.5322, 33.146, 33.7598, 34.3736, 34.9874, 35.6013, 36.2151, 36.8289, 37.4427, 38.0565, 38.6703, 39.2841, 39.898, 40.5118, 41.1256, 41.7394, 42.3532, 42.967, 43.5808, 44.1947, 44.8085, 45.4223, 46.0361, 46.6499, 47.2637, 47.8775, 48.4914, 49.1052, 49.719, 50.3328, 50.9466, 51.5604, 52.1743, 52.7881, 53.4019, 54.0157, 54.6295, 55.2433, 55.8571, 56.471, 57.0848, 57.6986, 58.3124, 58.9262, 59.54, 60.1538, 60.7677, 61.3815, 61.9953, 62.6091, 63.2229, 63.8367, 64.4505, 65.0644, 65.6782, 66.292, 66.9058, 67.5196, 68.1334, 68.7473, 69.3611, 69.9749, 70.5887, 71.2025, 71.8163, 72.4301, 73.044, 73.6578, 74.2716, 74.8854, 75.4992, 76.113, 76.7268, 77.3407, 77.9545, 78.5683, 79.1821, 79.7959, 80.4097, 81.0235, 81.6374, 82.2512, 82.865, 83.4788, 84.0926, 84.7064, 85.3202, 85.9341, 86.5479, 87.1617, 87.7755, 88.3893, 89.0031, 89.617, 90.2308, 90.8446, 91.4584, 92.0722, 92.686, 93.2998, 93.9137, 94.5275, 95.1413, 95.7551, 96.3689, 96.9827, 97.5965, 98.2104, 98.8242, 99.438, 100.052, 100.666, 101.279, 101.893, 102.507, 103.121, 103.735, 104.349, 104.962, 105.576, 106.19, 106.804, 107.418, 108.031, 108.645, 109.259, 109.873, 110.487, 111.1, 111.714, 112.328, 112.942, 113.556, 114.17, 114.783, 115.397, 116.011, 116.625, 117.239, 117.852, 118.466, 119.08, 119.694, 120.308, 120.922, 121.535, 122.149, 122.763, 123.377, 123.991, 124.604, 125.218, 125.832, 126.446, 127.06, 127.673, 128.287, 128.901, 129.515, 130.129, 130.743, 131.356, 131.97, 132.584, 133.198, 133.812, 134.425, 135.039, 135.653, 136.267, 136.881, 137.495, 138.108, 138.722, 139.336, 139.95, 140.564, 141.177, 141.791, 142.405, 143.019, 143.633, 144.246, 144.86, 145.474, 146.088, 146.702, 147.316, 147.929, 148.543, 149.157, 149.771, 150.385, 150.998, 151.612, 152.226, 152.84, 153.454, 154.068, 154.681, 155.295, 155.909, 156.523, 157.137, 157.75, 158.364, 158.978, 159.592, 160.206, 160.819, 161.433, 162.047, 162.661, 163.275, 163.889, 164.502, 165.116, 165.73, 166.344, 166.958, 167.571, 168.185, 168.799, 169.413, 170.027, 170.64, 171.254, 171.868, 172.482, 173.096, 173.71, 174.323, 174.937, 175.551, 176.165, 176.779, 177.392, 178.006, 178.62, 179.234, 179.848, 180.462, 181.075, 181.689, 182.303, 182.917, 183.531, 184.144, 184.758, 185.372, 185.986, 186.6, 187.213, 187.827, 188.441, 189.055, 189.669, 190.283, 190.896, 191.51, 192.124, 192.738, 193.352, 193.965, 194.579, 195.193, 195.807, 196.421, 197.035, 197.648, 198.262, 198.876, 199.49, 200.104, 200.717, 201.331, 201.945, 202.559, 203.173, 203.786, 204.4, 205.014, 205.628, 206.242, 206.856, 207.469, 208.083, 208.697, 209.311, 209.925, 210.538, 211.152, 211.766, 212.38, 212.994, 213.608, 214.221, 214.835, 215.449, 216.063, 216.677, 217.29, 217.904, 218.518, 219.132, 219.746, 220.359, 220.973, 221.587, 222.201, 222.815, 223.429, 224.042, 224.656, 225.27, 225.884, 226.498, 227.111, 227.725, 228.339, 228.953, 229.567, 230.181, 230.794, 231.408, 232.022, 232.636, 233.25, 233.863, 234.477, 235.091, 235.705, 236.319, 236.932, 237.546, 238.16, 238.774, 239.388, 240.002, 240.615, 241.229, 241.843, 242.457, 243.071, 243.684, 244.298, 244.912, 245.526, 246.14, 246.754, 247.367, 247.981, 248.595, 249.209, 249.823, 250.436, 251.05, 251.664, 252.278, 252.892, 253.505, 254.119, 254.733, 255.347, 255.961, 256.575, 257.188, 257.802, 258.416, 259.03, 259.644, 260.257, 260.871, 261.485, 262.099, 262.713, 263.327, 263.94, 264.554, 265.168, 265.782, 266.396, 267.009, 267.623, 268.237, 268.851, 269.465, 270.078, 270.692, 271.306, 271.92, 272.534, 273.148, 273.761, 274.375, 274.989, 275.603, 276.217, 276.83, 277.444, 278.058, 278.672, 279.286, 279.9, 280.513, 281.127, 281.741, 282.355, 282.969, 283.582, 284.196, 284.81, 285.424, 286.038, 286.651, 287.265, 287.879, 288.493, 289.107, 289.721, 290.334, 290.948, 291.562, 292.176, 292.79, 293.403, 294.017
3.16768, 3.16847, 3.16926, 3.17007, 3.17088, 3.17171, 3.17254, 3.17338, 3.17423, 3.17509, 3.17596, 3.17683, 3.17772, 3.17862, 3.17952, 3.18044, 3.18137, 3.1823, 3.18325, 3.1842, 3.18516, 3.18614, 3.18712, 3.18812, 3.18913, 3.19014, 3.19117, 3.1922, 3.19325, 3.19431, 3.19538, 3.19646, 3.19755, 3.19865, 3.19977, 3.20089, 3.20203, 3.20318, 3.20434, 3.20551, 3.20669, 3.20789, 3.2091, 3.21032, 3.21155, 3.21279, 3.21405, 3.21532, 3.2166, 3.2179, 3.2192, 3.22052, 3.22186, 3.22321, 3.22457, 3.22594, 3.22733, 3.22873, 3.23015, 3.23158, 3.23302, 3.23448, 3.23595, 3.23744, 3.23894, 3.24046, 3.24199, 3.24354, 3.2451, 3.24668, 3.24827, 3.24988, 3.25151, 3.25315, 3.25481, 3.25648, 3.25817, 3.25988, 3.2616, 3.26334, 3.2651, 3.26688, 3.26867, 3.27048, 3.27231, 3.27416, 3.27602, 3.27791, 3.27981, 3.28173, 3.28367, 3.28563, 3.28761, 3.28961, 3.29162, 3.29366, 3.29572, 3.2978, 3.2999, 3.30202, 3.30416, 3.30633, 3.30851, 3.31072, 3.31295, 3.3152, 3.31747, 3.31977, 3.32209, 3.32443, 3.3268, 3.32919, 3.33161, 3.33404, 3.33651, 3.339, 3.34151, 3.34405, 3.34662, 3.34921, 3.35183, 3.35447, 3.35714, 3.35984, 3.36257, 3.36532, 3.36811, 3.37092, 3.37376, 3.37663, 3.37953, 3.38246, 3.38542, 3.38841, 3.39143, 3.39449, 3.39758, 3.40069, 3.40385, 3.40703, 3.41025, 3.4135, 3.41679, 3.42011, 3.42347, 3.42686, 3.43029, 3.43376, 3.43727, 3.44081, 3.44439, 3.44801, 3.45167, 3.45537, 3.45911, 3.46289, 3.46671, 3.47057, 3.47448, 3.47843, 3.48242, 3.48646, 3.49054, 3.49467, 3.49885, 3.50307, 3.50734, 3.51166, 3.51603, 3.52045, 3.52492, 3.52944, 3.53402, 3.53864, 3.54332, 3.54806, 3.55285, 3.5577, 3.5626, 3.56756, 3.57258, 3.57766, 3.58281, 3.58801, 3.59328, 3.59861, 3.604, 3.60947, 3.615, 3.62059, 3.62626, 3.632, 3.6378, 3.64369, 3.64964, 3.65567, 3.66178, 3.66797, 3.67423, 3.68058, 3.68701, 3.69352, 3.70012, 3.7068, 3.71358, 3.72044, 3.72739, 3.73444, 3.74159, 3.74883, 3.75617, 3.76361, 3.77115, 3.7788, 3.78655, 3.79442, 3.80239, 3.81048, 3.81868, 3.827, 3.83545, 3.84401, 3.8527, 3.86152, 3.87047, 3.87955, 3.88877, 3.89813, 3.90763, 3.91728, 3.92708, 3.93703, 3.94714, 3.9574, 3.96783, 3.97843, 3.98919, 4.00013, 4.01126, 4.02256, 4.03405, 4.04574, 4.05763, 4.06971, 4.08201, 4.09452, 4.10724, 4.1202, 4.13338, 4.1468, 4.16046, 4.17438, 4.18855, 4.20298, 4.21769, 4.23268, 4.24795, 4.26352, 4.2794, 4.29559, 4.3121, 4.32895, 4.34614, 4.36369, 4.3816, 4.39989, 4.41858, 4.43767, 4.45717, 4.47711, 4.4975, 4.51834, 4.53967, 4.5615, 4.58384, 4.60671, 4.63014, 4.65415, 4.67875, 4.70398, 4.72986, 4.75641, 4.78366, 4.81165, 4.8404, 4.86995, 4.90034, 4.93159, 4.96376, 4.99689, 5.03102, 5.0662, 5.10249, 5.13994, 5.17862, 5.21859, 5.25992, 5.30269, 5.34698, 5.39288, 5.44049, 5.48992, 5.54128, 5.5947, 5.65032, 5.7083, 5.76879, 5.832, 5.89812, 5.96739, 6.04007, 6.11644, 6.19683, 6.28162, 6.37121, 6.46611, 6.56685, 6.67408, 6.78857, 6.91121, 7.04306, 7.18543, 7.33989, 7.50847, 7.6937, 7.89887, 8.12823, 8.38723, 8.68253, 9.02162, 9.41165, 9.8569, 10.3548, 10.8904, 11.4312, 11.9236, 12.2938, 12.4566, 12.3302, 11.856, 11.0167, 9.84502, 8.43942, 6.91715, 5.40423, 4.01629, 2.83441, 1.89688, 1.20245, 0.721338, 0.409185, 0.219347, 0.111056, 0.0530828, 0.0239438, 0.010188, 0.00408723, 0.00154465, 0.000548567, 0.000181489, 5.38279e-05, 1.07491e-05, 2.77564e-06, 7.51348e-07, 1.91393e-07, 4.58762e-08, 1.03473e-08, 2.19605e-09, 4.38567e-10, 8.24152e-11, 1.45732e-11, 2.42482e-12, 3.79648e-13, 5.59319e-14, 7.75381e-15, 1.01146e-15, 1.24153e-16, 1.43398e-17, 1.55849e-18, 1.59384e-19, 1.53377e-20, 1.38884e-21, 1.18337e-22, 9.48778e-24, 7.1579e-25, 5.08139e-26, 3.39435e-27, 2.13356e-28, 1.26192e-29, 7.02317e-31, 3.67799e-32, 1.81244e-33, 8.40414e-35, 3.66689e-36, 1.50549e-37, 5.81615e-39, 2.1143e-40, 7.23227e-42, 2.32787e-43, 7.05044e-45, 2.00932e-46, 5.38839e-48, 1.3597e-49, 3.22851e-51, 7.21334e-53, 1.51651e-54, 3.00006e-56, 5.58456e-58, 9.7819e-60, 1.61225e-61, 2.50044e-63, 3.649e-65, 5.01079e-67, 6.47461e-69, 7.87219e-71, 9.0064e-73, 9.69576e-75, 9.8217e-77, 9.36193e-79, 8.39689e-81, 7.08672e-83, 5.6279e-85, 4.20554e-87, 2.95713e-89, 1.95656e-91, 1.21812e-93, 7.13607e-96, 3.93372e-98, 2.04042e-100, 9.9589e-103, 4.57378e-105, 1.97657e-107, 8.03755e-110, 3.07545e-112, 1.1073e-114, 3.75142e-117, 1.19591e-119, 3.58737e-122, 1.01257e-124, 2.68935e-127, 6.72114e-130, 1.58056e-132, 3.49745e-135, 7.28223e-138, 1.42676e-140, 2.63032e-143, 4.56288e-146, 7.44804e-149, 1.14398e-151, 1.65335e-154, 2.24846e-157, 2.87724e-160, 3.4645e-163, 3.92533e-166, 4.18489e-169, 4.19821e-172, 3.96293e-175, 3.51997e-178, 2.94195e-181, 2.31367e-184, 1.71214e-187, 1.1922e-190, 7.81144e-194, 4.81597e-197, 2.79388e-200, 1.52512e-203, 7.83377e-207, 3.78624e-210, 1.72194e-213, 7.36882e-217, 2.96721e-220, 1.12427e-223, 4.00834e-227, 1.34471e-230, 4.24485e-234, 1.26086e-237, 3.52407e-241, 9.26811e-245, 2.29355e-248, 5.34067e-252
3.16768, 3.16849, 3.1693, 3.17013, 3.17096, 3.17181, 3.17266, 3.17352, 3.17439, 3.17527, 3.17616, 3.17706, 3.17796, 3.17888, 3.17981, 3.18075, 3.18169, 3.18265, 3.18362, 3.18459, 3.18558, 3.18657, 3.18758, 3.1886, 3.18963, 3.19066, 3.19171, 3.19277, 3.19384, 3.19492, 3.19602, 3.19712, 3.19823, 3.19936, 3.2005, 3.20165, 3.20281, 3.20398, 3.20516, 3.20636, 3.20756, 3.20878, 3.21001, 3.21126, 3.21252, 3.21378, 3.21507, 3.21636, 3.21767, 3.21899, 3.22032, 3.22167, 3.22303, 3.2244, 3.22579, 3.22719, 3.2286, 3.23003, 3.23147, 3.23293, 3.2344, 3.23589, 3.23739, 3.2389, 3.24043, 3.24198, 3.24354, 3.24511, 3.2467, 3.24831, 3.24993, 3.25157, 3.25323, 3.2549, 3.25658, 3.25829, 3.26001, 3.26174, 3.2635, 3.26527, 3.26706, 3.26887, 3.27069, 3.27253, 3.27439, 3.27627, 3.27817, 3.28009, 3.28202, 3.28397, 3.28595, 3.28794, 3.28995, 3.29199, 3.29404, 3.29611, 3.2982, 3.30032, 3.30245, 3.30461, 3.30679, 3.30899, 3.31121, 3.31345, 3.31572, 3.318, 3.32032, 3.32265, 3.32501, 3.32739, 3.32979, 3.33222, 3.33468, 3.33716, 3.33966, 3.34219, 3.34474, 3.34732, 3.34993, 3.35256, 3.35522, 3.35791, 3.36062, 3.36336, 3.36613, 3.36893, 3.37176, 3.37462, 3.3775, 3.38042, 3.38336, 3.38634, 3.38935, 3.39238, 3.39545, 3.39856, 3.40169, 3.40486, 3.40806, 3.41129, 3.41456, 3.41787, 3.4212, 3.42458, 3.42799, 3.43143, 3.43492, 3.43844, 3.442, 3.44559, 3.44923, 3.4529, 3.45662, 3.46037, 3.46417, 3.46801, 3.47189, 3.47581, 3.47978, 3.48379, 3.48785, 3.49195, 3.49609, 3.50029, 3.50453, 3.50881, 3.51315, 3.51754, 3.52197, 3.52646, 3.531, 3.53559, 3.54023, 3.54493, 3.54968, 3.55449, 3.55935, 3.56427, 3.56925, 3.57429, 3.57939, 3.58455, 3.58977, 3.59505, 3.6004, 3.60581, 3.61129, 3.61684, 3.62245, 3.62814, 3.63389, 3.63972, 3.64562, 3.65159, 3.65764, 3.66376, 3.66997, 3.67625, 3.68261, 3.68906, 3.69559, 3.7022, 3.7089, 3.71569, 3.72257, 3.72954, 3.73661, 3.74377, 3.75102, 3.75838, 3.76584, 3.77339, 3.78106, 3.78883, 3.79671, 3.8047, 3.8128, 3.82102, 3.82935, 3.83781, 3.84639, 3.85509, 3.86393, 3.87289, 3.88198, 3.89122, 3.90059, 3.9101, 3.91976, 3.92957, 3.93953, 3.94965, 3.95992, 3.97036, 3.98097, 3.99174, 4.00269, 4.01382, 4.02513, 4.03663, 4.04832, 4.06021, 4.0723, 4.0846, 4.09711, 4.10983, 4.12279, 4.13597, 4.14938, 4.16304, 4.17695, 4.19111, 4.20554, 4.22024, 4.23521, 4.25047, 4.26603, 4.28189, 4.29806, 4.31455, 4.33137, 4.34854, 4.36606, 4.38394, 4.40219, 4.42084, 4.43989, 4.45935, 4.47923, 4.49957, 4.52036, 4.54162, 4.56338, 4.58565, 4.60844, 4.63179, 4.6557, 4.68021, 4.70533, 4.73109, 4.75751, 4.78464, 4.81248, 4.84107, 4.87046, 4.90066, 4.93173, 4.96369, 4.99659, 5.03048, 5.0654, 5.10141, 5.13855, 5.1769, 5.21651, 5.25745, 5.2998, 5.34363, 5.38904, 5.43611, 5.48495, 5.53567, 5.5884, 5.64325, 5.70039, 5.75996, 5.82215, 5.88715, 5.95518, 6.02649, 6.10133, 6.18002, 6.26289, 6.35035, 6.44282, 6.54082, 6.64493, 6.75584, 6.87435, 7.00139, 7.13812, 7.28591, 7.44646, 7.62191, 7.81503, 8.0294, 8.26973, 8.54217, 8.85442, 9.21556, 9.63484, 10.1192, 10.6689, 11.2715, 11.8955, 12.4854, 12.9619, 13.23, 13.1952, 12.7855, 11.9726, 10.7861, 9.31304, 7.68246, 6.03912, 4.51444, 3.20372, 2.15541, 1.37322, 0.82774, 0.471694, 0.253963, 0.129122, 0.0619659, 0.0280585, 0.0119833, 0.00482493, 0.00183007, 0.000652485, 0.000217106, 6.51166e-05, 1.37345e-05, 3.59338e-06, 9.73512e-07, 2.48175e-07, 5.9532e-08, 1.34376e-08, 2.85409e-09, 5.70417e-10, 1.07274e-10, 1.89834e-11, 3.16103e-12, 4.95292e-13, 7.30248e-14, 1.01311e-14, 1.32257e-15, 1.62464e-16, 1.87791e-17, 2.04252e-18, 2.09043e-19, 2.01317e-20, 1.82432e-21, 1.5556e-22, 1.24816e-23, 9.4237e-25, 6.69495e-26, 4.47557e-27, 2.81531e-28, 1.6664e-29, 9.28128e-31, 4.86421e-32, 2.39879e-33, 1.11313e-34, 4.86047e-36, 1.99703e-37, 7.72087e-39, 2.80881e-40, 9.61512e-42, 3.09714e-43, 9.38736e-45, 2.67732e-46, 7.18508e-48, 1.81442e-49, 4.31141e-51, 9.63996e-53, 2.02818e-54, 4.01523e-56, 7.47979e-58, 1.31112e-59, 2.16257e-61, 3.3564e-63, 4.90173e-65, 6.73596e-67, 8.71012e-69, 1.0598e-70, 1.21337e-72, 1.30719e-74, 1.32513e-76, 1.26402e-78, 1.13454e-80, 9.58209e-83, 7.61507e-85, 5.69457e-87, 4.00702e-89, 2.65311e-91, 1.65296e-93, 9.69041e-96, 5.34558e-98, 2.77473e-100, 1.35525e-102, 6.22862e-105, 2.69362e-107, 1.09611e-109, 4.19704e-112, 1.51219e-114, 5.12672e-117, 1.63549e-119, 4.90938e-122, 1.38669e-124, 3.68555e-127, 9.21718e-130, 2.16903e-132, 4.80293e-135, 1.00073e-137, 1.96202e-140, 3.61958e-143, 6.28328e-146, 1.02633e-148, 1.57745e-151, 2.28139e-154, 3.10465e-157, 3.97556e-160, 4.79022e-163, 5.43105e-166, 5.79406e-169, 5.81639e-172, 5.49409e-175, 4.88324e-178, 4.08406e-181, 3.21401e-184, 2.37997e-187, 1.65832e-190, 1.08727e-193, 6.70771e-197, 3.89388e-200, 2.12697e-203, 1.09323e-206, 5.28727e-210, 2.40615e-213, 1.03035e-216, 4.15159e-220, 1.57404e-223, 5.61549e-227, 1.88508e-230, 5.95444e-234, 1.76979e-237, 4.94965e-241, 1.30256e-244, 3.22543e-248, 7.51535e-252
209.41
176.92
 
MEASUREMENT 48
1.56305, 4.67879, 7.79453, 10.9103, 14.0312, 17.1469, 20.2679, 23.3784, 26.4796, 29.5859, 32.6913, 35.8071, 38.9228, 42.0385, 45.1595, 48.2752, 51.3909, 54.5067, 57.6224, 60.7381, 63.8435, 66.9593, 70.0698, 73.1752, 76.2806, 79.3859, 82.4913, 85.5967, 88.7021, 91.8074, 94.9128, 98.0182, 101.1, 104.148, 107.196, 110.244, 113.292, 116.339, 119.387, 122.435, 125.483, 128.531, 131.574, 134.622, 137.67, 140.718, 143.766, 146.814, 149.861, 152.909, 155.957, 159.005, 162.053, 165.101, 168.149, 171.197, 174.245, 177.293, 180.341, 183.389, 186.436, 189.484, 192.532, 195.58, 198.621, 201.655, 204.688, 207.722, 210.756, 213.794, 216.838, 219.882, 222.926, 225.97, 229.014, 232.058, 235.102, 238.145, 241.189, 244.233, 247.277, 250.321, 253.37, 256.424, 259.478, 262.532, 265.586, 268.64, 271.695, 274.749, 277.803, 280.857, 283.911, 286.97, 290.035, 293.099
2.83959, 2.83807, 2.82689, 2.97708, 2.8217, 2.85727, 3.07178, 3.07098, 3.03376, 3.0652, 3.09934, 3.16467, 3.16509, 3.20868, 3.19976, 3.22777, 3.33097, 3.37475, 3.42095, 3.44973, 3.10329, 3.42242, 3.43573, 3.4273, 3.49989, 3.50813, 3.53241, 3.52297, 3.57399, 3.31479, 3.63009, 3.16935, 3.64845, 3.65132, 3.68041, 3.70238, 3.71702, 3.75065, 3.78561, 3.80077, 3.81302, 3.85817, 3.91295, 3.91697, 3.96268, 4.02612, 4.0888, 4.12342, 4.16233, 4.20248, 4.29234, 4.36631, 4.45259, 4.50524, 4.60073, 4.82366, 4.88902, 4.96471, 5.15704, 5.39953, 5.58706, 5.95412, 6.30763, 6.98676, 8.9104, 10.1528, 11.4381, 10.4543, 5.37134, 1.22419, 0.103075, 0.00147647, 0.000544874, -0.000624744, -0.00225833, 0.00049352, 0.00313094, 0.00189003, -0.00611042, -0.00217367, -0.00941191, -0.0154204, -0.00540752, 0.000249651, -0.00246239, -0.0111026, 0.00357949, -0.0113344, -0.00278444, 0.000653569, -0.00185249, 0.000442194, -0.00491648, -0.00129028, -0.00702738, -0.0325988
0.0851878, 0.085142, 0.0848066, 0.0893123, 0.0846511, 0.0857182, 0.0921533, 0.0921293, 0.0910129, 0.0919561, 0.0929803, 0.0949402, 0.0949528, 0.0962604, 0.0959928, 0.096833, 0.0999292, 0.101242, 0.102628, 0.103492, 0.0930986, 0.102673, 0.103072, 0.102819, 0.104997, 0.105244, 0.105972, 0.105689, 0.10722, 0.0994436, 0.108903, 0.0950805, 0.109453, 0.10954, 0.110412, 0.111071, 0.11151, 0.11252, 0.113568, 0.114023, 0.11439, 0.115745, 0.117388, 0.117509, 0.11888, 0.120784, 0.122664, 0.123703, 0.12487, 0.126074, 0.12877, 0.130989, 0.133578, 0.135157, 0.138022, 0.14471, 0.146671, 0.148941, 0.154711, 0.161986, 0.167612, 0.178624, 0.189229, 0.209603, 0.267312, 0.304585, 0.343142, 0.31363, 0.16114, 0.0367258, 0.00309224, 4.42942e-05, 1.63462e-05, 1.87423e-05, 6.77498e-05, 1.48056e-05, 9.39282e-05, 5.6701e-05, 0.000183313, 6.521e-05, 0.000282357, 0.000462613, 0.000162226, 7.48952e-06, 7.38716e-05, 0.000333077, 0.000107385, 0.000340033, 8.35331e-05, 1.96071e-05, 5.55747e-05, 1.32658e-05, 0.000147495, 3.87085e-05, 0.000210821, 0.000977965
0, 0.613815, 1.22763, 1.84144, 2.45526, 3.06907, 3.68289, 4.2967, 4.91052, 5.52433, 6.13815, 6.75196, 7.36578, 7.97959, 8.59341, 9.20722, 9.82104, 10.4349, 11.0487, 11.6625, 12.2763, 12.8901, 13.5039, 14.1177, 14.7316, 15.3454, 15.9592, 16.573, 17.1868, 17.8006, 18.4144, 19.0283, 19.6421, 20.2559, 20.8697, 21.4835, 22.0973, 22.7111, 23.325, 23.9388, 24.5526, 25.1664, 25.7802, 26.394, 27.0078, 27.6217, 28.2355, 28.8493, 29.4631, 30.0769, 30.6907, 31.3046, 31.9184, 32.5322, 33.146, 33.7598, 34.3736, 34.9874, 35.6013, 36.2151, 36.8289, 37.4427, 38.0565, 38.6703, 39.2841, 39.898, 40.5118, 41.1256, 41.7394, 42.3532, 42.967, 43.5808, 44.1947, 44.8085, 45.4223, 46.0361, 46.6499, 47.2637, 47.8775, 48.4914, 49.1052, 49.719, 50.3328, 50.9466, 51.5604, 52.1743, 52.7881, 53.4019, 54.0157, 54.6295, 55.2433, 55.8571, 56.471, 57.0848, 57.6986, 58.3124, 58.9262, 59.54, 60.1538, 60.7677, 61.3815, 61.9953, 62.6091, 63.2229, 63.8367, 64.4505, 65.0644, 65.6782, 66.292, 66.9058, 67.5196, 68.1334, 68.7473, 69.3611, 69.9749, 70.5887, 71.2025, 71.8163, 72.4301, 73.044, 73.6578, 74.2716, 74.8854, 75.4992, 76.113, 76.7268, 77.3407, 77.9545, 78.5683, 79.1821, 79.7959, 80.4097, 81.0235, 81.6374, 82.2512, 82.865, 83.4788, 84.0926, 84.7064, 85.3202, 85.9341, 86.5479, 87.1617, 87.7755, 88.3893, 89.0031, 89.617, 90.2308, 90.8446, 91.4584, 92.0722, 92.686, 93.2998, 93.9137, 94.5275, 95.1413, 95.7551, 96.3689, 96.9827, 97.5965, 98.2104, 98.8242, 99.438, 100.052, 100.666, 101.279, 101.893, 102.507, 103.121, 103.735, 104.349, 104.962, 105.576, 106.19, 106.804, 107.418, 108.031, 108.645, 109.259, 109.873, 110.487, 111.1, 111.714, 112.328, 112.942, 113.556, 114.17, 114.783, 115.397, 116.011, 116.625, 117.239, 117.852, 118.466, 119.08, 119.694, 120.308, 120.922, 121.535, 122.149, 122.763, 123.377, 123.991, 124.604, 125.218, 125.832, 126.446, 127.06, 127.673, 128.287, 128.901, 129.515, 130.129, 130.743, 131.356, 131.97, 132.584, 133.198, 133.812, 134.425, 135.039, 135.653, 136.267, 136.881, 137.495, 138.108, 138.722, 139.336, 139.95, 140.564, 141.177, 141.791, 142.405, 143.019, 143.633, 144.246, 144.86, 145.474, 146.088, 146.702, 147.316, 147.929, 148.543, 149.157, 149.771, 150.385, 150.998, 151.612, 152.226, 152.84, 153.454, 154.068, 154.681, 155.295, 155.909, 156.523, 157.137, 157.75, 158.364, 158.978, 159.592, 160.206, 160.819, 161.433, 162.047, 162.661, 163.275, 163.889, 164.502, 165.116, 165.73, 166.344, 166.958, 167.571, 168.185, 168.799, 169.413, 170.027, 170.64, 171.254, 171.868, 172.482, 173.096, 173.71, 174.323, 174.937, 175.551, 176.165, 176.779, 177.392, 178.006, 178.62, 179.234, 179.848, 180.462, 181.075, 181.689, 182.303, 182.917, 183.531, 184.144, 184.758, 185.372, 185.986, 186.6, 187.213, 187.827, 188.441, 189.055, 189.669, 190.283, 190.896, 191.51, 192.124, 192.738, 193.352, 193.965, 194.579, 195.193, 195.807, 196.421, 197.035, 197.648, 198.262, 198.876, 199.49, 200.104, 200.717, 201.331, 201.945, 202.559, 203.173, 203.786, 204.4, 205.014, 205.628, 206.242, 206.856, 207.469, 208.083, 208.697, 209.311, 209.925, 210.538, 211.152, 211.766, 212.38, 212.994, 213.608, 214.221, 214.835, 215.449, 216.063, 216.677, 217.29, 217.904, 218.518, 219.132, 219.746, 220.359, 220.973, 221.587, 222.201, 222.815, 223.429, 224.042, 224.656, 225.27, 225.884, 226.498, 227.111, 227.725, 228.339, 228.953, 229.567, 230.181, 230.794, 231.408, 232.022, 232.636, 233.25, 233.863, 234.477, 235.091, 235.705, 236.319, 236.932, 237.546, 238.16, 238.774, 239.388, 240.002, 240.615, 241.229, 241.843, 242.457, 243.071, 243.684, 244.298, 244.912, 245.526, 246.14, 246.754, 247.367, 247.981, 248.595, 249.209, 249.823, 250.436, 251.05, 251.664, 252.278, 252.892, 253.505, 254.119, 254.733, 255.347, 255.961, 256.575, 257.188, 257.802, 258.416, 259.03, 259.644, 260.257, 260.871, 261.485, 262.099, 262.713, 263.327, 263.94, 264.554, 265.168, 265.782, 266.396, 267.009, 267.623, 268.237, 268.851, 269.465, 270.078, 270.692, 271.306, 271.92, 272.534, 273.148, 273.761, 274.375, 274.989, 275.603, 276.217, 276.83, 277.444, 278.058, 278.672, 279.286, 279.9, 280.513, 281.127, 281.741, 282.355, 282.969, 283.582, 284.196, 284.81, 285.424, 286.038, 286.651, 287.265, 287.879, 288.493, 289.107, 289.721, 290.334, 290.948, 291.562, 292.176, 292.79, 293.403, 294.017
3.16423, 3.16503, 3.16583, 3.16665, 3.16747, 3.1683, 3.16914, 3.16999, 3.17084, 3.17171, 3.17259, 3.17347, 3.17437, 3.17527, 3.17619, 3.17711, 3.17804, 3.17899, 3.17994, 3.1809, 3.18188, 3.18286, 3.18385, 3.18486, 3.18587, 3.18689, 3.18793, 3.18898, 3.19003, 3.1911, 3.19218, 3.19327, 3.19437, 3.19548, 3.1966, 3.19774, 3.19888, 3.20004, 3.20121, 3.20239, 3.20358, 3.20479, 3.206, 3.20723, 3.20847, 3.20973, 3.211, 3.21227, 3.21357, 3.21487, 3.21619, 3.21752, 3.21886, 3.22022, 3.22159, 3.22298, 3.22438, 3.22579, 3.22722, 3.22866, 3.23011, 3.23158, 3.23306, 3.23456, 3.23608, 3.2376, 3.23915, 3.24071, 3.24228, 3.24387, 3.24547, 3.2471, 3.24873, 3.25039, 3.25205, 3.25374, 3.25544, 3.25716, 3.2589, 3.26065, 3.26242, 3.26421, 3.26602, 3.26784, 3.26968, 3.27154, 3.27342, 3.27532, 3.27723, 3.27917, 3.28112, 3.2831, 3.28509, 3.2871, 3.28913, 3.29119, 3.29326, 3.29535, 3.29747, 3.2996, 3.30176, 3.30394, 3.30614, 3.30836, 3.3106, 3.31287, 3.31516, 3.31747, 3.31981, 3.32217, 3.32455, 3.32696, 3.32939, 3.33185, 3.33433, 3.33683, 3.33936, 3.34192, 3.3445, 3.34711, 3.34975, 3.35241, 3.3551, 3.35782, 3.36056, 3.36334, 3.36614, 3.36897, 3.37183, 3.37472, 3.37764, 3.38059, 3.38357, 3.38658, 3.38963, 3.3927, 3.39581, 3.39895, 3.40212, 3.40533, 3.40857, 3.41185, 3.41516, 3.4185, 3.42188, 3.4253, 3.42875, 3.43224, 3.43577, 3.43934, 3.44294, 3.44659, 3.45027, 3.454, 3.45776, 3.46157, 3.46542, 3.46931, 3.47324, 3.47722, 3.48124, 3.48531, 3.48942, 3.49358, 3.49779, 3.50204, 3.50634, 3.51069, 3.51509, 3.51954, 3.52404, 3.5286, 3.5332, 3.53786, 3.54258, 3.54735, 3.55217, 3.55705, 3.56199, 3.56699, 3.57205, 3.57717, 3.58235, 3.58759, 3.5929, 3.59827, 3.6037, 3.6092, 3.61477, 3.62041, 3.62612, 3.6319, 3.63776, 3.64368, 3.64968, 3.65576, 3.66192, 3.66815, 3.67446, 3.68086, 3.68734, 3.6939, 3.70055, 3.70729, 3.71412, 3.72103, 3.72804, 3.73515, 3.74235, 3.74965, 3.75705, 3.76455, 3.77215, 3.77986, 3.78768, 3.79561, 3.80365, 3.81181, 3.82008, 3.82847, 3.83699, 3.84563, 3.85439, 3.86329, 3.87232, 3.88148, 3.89078, 3.90022, 3.90981, 3.91954, 3.92943, 3.93947, 3.94967, 3.96003, 3.97055, 3.98125, 3.99212, 4.00316, 4.01439, 4.0258, 4.03741, 4.04921, 4.06121, 4.07342, 4.08583, 4.09847, 4.11132, 4.12441, 4.13773, 4.15129, 4.16509, 4.17915, 4.19347, 4.20806, 4.22293, 4.23808, 4.25352, 4.26926, 4.28532, 4.30169, 4.31839, 4.33543, 4.35283, 4.37058, 4.38871, 4.40722, 4.42613, 4.44546, 4.4652, 4.48539, 4.50604, 4.52715, 4.54876, 4.57087, 4.59351, 4.6167, 4.64045, 4.66479, 4.68974, 4.71533, 4.74158, 4.76852, 4.79618, 4.82459, 4.85378, 4.8838, 4.91466, 4.94642, 4.97912, 5.0128, 5.04751, 5.08331, 5.12024, 5.15836, 5.19775, 5.23846, 5.28058, 5.32419, 5.36936, 5.4162, 5.46481, 5.51529, 5.56778, 5.62241, 5.67932, 5.73868, 5.80066, 5.86546, 5.93331, 6.00445, 6.07915, 6.15773, 6.24054, 6.32798, 6.42049, 6.51862, 6.62297, 6.73425, 6.8533, 6.98112, 7.11894, 7.26824, 7.43089, 7.60924, 7.80631, 8.02599, 8.27315, 8.55371, 8.87429, 9.24127, 9.6589, 10.1262, 10.6329, 11.1549, 11.6513, 12.0638, 12.3214, 12.35, 12.0874, 11.498, 10.5848, 9.3921, 8.02537, 6.57792, 5.16097, 3.86947, 2.76846, 1.88794, 1.22599, 0.757516, 0.445056, 0.248494, 0.131793, 0.0663703, 0.0317252, 0.0143895, 0.00619073, 0.00252494, 0.000975102, 0.000355276, 0.000120528, 3.58465e-05, 7.0509e-06, 2.13231e-06, 6.1054e-07, 1.65492e-07, 4.24656e-08, 1.03156e-08, 2.37221e-09, 5.16427e-10, 1.0643e-10, 2.07642e-11, 3.835e-12, 6.70523e-13, 1.10984e-13, 1.73902e-14, 2.57957e-15, 3.62233e-16, 4.81534e-17, 6.05988e-18, 7.21935e-19, 8.14199e-20, 8.69282e-21, 8.78595e-22, 8.40648e-23, 7.61443e-24, 6.52918e-25, 5.30001e-26, 4.0728e-27, 2.96283e-28, 2.04041e-29, 1.33023e-30, 8.20978e-32, 4.79661e-33, 2.65298e-34, 1.38909e-35, 6.88536e-37, 3.23086e-38, 1.43518e-39, 6.03522e-41, 2.40257e-42, 9.05431e-44, 3.23022e-45, 1.09095e-46, 3.488e-48, 1.05571e-49, 3.02487e-51, 8.20479e-53, 2.10681e-54, 5.12128e-56, 1.1785e-57, 2.56729e-59, 5.29442e-61, 1.03361e-62, 1.91026e-64, 3.34215e-66, 5.53546e-68, 8.67917e-70, 1.28825e-71, 1.81016e-73, 2.40785e-75, 3.03206e-77, 3.61445e-79, 4.0789e-81, 4.35752e-83, 4.40689e-85, 4.2191e-87, 3.82388e-89, 3.28083e-91, 2.66477e-93, 2.04894e-95, 1.49141e-97, 1.02768e-99, 6.70371e-102, 4.13969e-104, 2.42e-106, 1.33924e-108, 7.01613e-111, 3.47962e-113, 1.63366e-115, 7.2608e-118, 3.05495e-120, 1.2168e-122, 4.58804e-125, 1.63769e-127, 5.53388e-130, 1.7702e-132, 5.36058e-135, 1.53672e-137, 4.17036e-140, 1.07139e-142, 2.60563e-145, 5.99894e-148, 1.30747e-150, 2.69763e-153, 5.26899e-156, 9.74241e-159, 1.7053e-161, 2.82572e-164, 4.43252e-167, 6.58215e-170, 9.25291e-173, 1.23136e-175, 1.55125e-178, 1.85001e-181, 2.08863e-184, 2.23225e-187, 2.25849e-190, 2.16315e-193, 1.96132e-196, 1.68347e-199, 1.3679e-202, 1.0522e-205, 7.66188e-209, 5.28161e-212, 3.44659e-215, 2.12916e-218, 1.24514e-221, 6.89325e-225, 3.61262e-228
3.16423, 3.16504, 3.16586, 3.16669, 3.16753, 3.16837, 3.16922, 3.17009, 3.17096, 3.17184, 3.17273, 3.17363, 3.17454, 3.17546, 3.17639, 3.17733, 3.17828, 3.17924, 3.18021, 3.18119, 3.18218, 3.18318, 3.18418, 3.1852, 3.18623, 3.18728, 3.18833, 3.18939, 3.19046, 3.19155, 3.19264, 3.19375, 3.19486, 3.19599, 3.19713, 3.19828, 3.19945, 3.20062, 3.20181, 3.203, 3.20421, 3.20544, 3.20667, 3.20792, 3.20918, 3.21045, 3.21173, 3.21303, 3.21434, 3.21567, 3.217, 3.21835, 3.21971, 3.22109, 3.22248, 3.22388, 3.2253, 3.22673, 3.22818, 3.22964, 3.23111, 3.2326, 3.23411, 3.23563, 3.23716, 3.23871, 3.24027, 3.24185, 3.24344, 3.24505, 3.24668, 3.24832, 3.24998, 3.25166, 3.25335, 3.25505, 3.25678, 3.25852, 3.26028, 3.26205, 3.26385, 3.26566, 3.26749, 3.26933, 3.2712, 3.27308, 3.27498, 3.2769, 3.27884, 3.2808, 3.28278, 3.28478, 3.28679, 3.28883, 3.29089, 3.29296, 3.29506, 3.29718, 3.29932, 3.30148, 3.30367, 3.30587, 3.3081, 3.31034, 3.31262, 3.31491, 3.31723, 3.31957, 3.32193, 3.32432, 3.32673, 3.32916, 3.33162, 3.33411, 3.33661, 3.33915, 3.34171, 3.3443, 3.34691, 3.34955, 3.35221, 3.35491, 3.35763, 3.36038, 3.36315, 3.36596, 3.36879, 3.37166, 3.37455, 3.37747, 3.38042, 3.38341, 3.38642, 3.38947, 3.39255, 3.39566, 3.3988, 3.40198, 3.40518, 3.40843, 3.4117, 3.41502, 3.41836, 3.42175, 3.42516, 3.42862, 3.43211, 3.43564, 3.43921, 3.44282, 3.44646, 3.45015, 3.45387, 3.45764, 3.46144, 3.46529, 3.46918, 3.47312, 3.4771, 3.48112, 3.48518, 3.4893, 3.49345, 3.49766, 3.50191, 3.50621, 3.51056, 3.51496, 3.51941, 3.52391, 3.52846, 3.53306, 3.53772, 3.54243, 3.5472, 3.55202, 3.5569, 3.56183, 3.56683, 3.57188, 3.577, 3.58217, 3.58741, 3.59271, 3.59807, 3.6035, 3.609, 3.61456, 3.6202, 3.6259, 3.63167, 3.63752, 3.64344, 3.64943, 3.6555, 3.66164, 3.66787, 3.67417, 3.68056, 3.68702, 3.69358, 3.70021, 3.70694, 3.71375, 3.72066, 3.72765, 3.73474, 3.74193, 3.74921, 3.7566, 3.76408, 3.77167, 3.77936, 3.78716, 3.79507, 3.80309, 3.81123, 3.81948, 3.82785, 3.83634, 3.84495, 3.85369, 3.86256, 3.87156, 3.8807, 3.88997, 3.89938, 3.90894, 3.91864, 3.92849, 3.93849, 3.94866, 3.95898, 3.96946, 3.98012, 3.99094, 4.00195, 4.01313, 4.02449, 4.03605, 4.0478, 4.05975, 4.0719, 4.08426, 4.09683, 4.10963, 4.12265, 4.1359, 4.14939, 4.16312, 4.17711, 4.19135, 4.20586, 4.22064, 4.2357, 4.25105, 4.2667, 4.28265, 4.29892, 4.31552, 4.33245, 4.34972, 4.36735, 4.38535, 4.40373, 4.4225, 4.44168, 4.46128, 4.48131, 4.50178, 4.52273, 4.54415, 4.56607, 4.58851, 4.61148, 4.63501, 4.65912, 4.68383, 4.70916, 4.73514, 4.76179, 4.78916, 4.81725, 4.84611, 4.87577, 4.90626, 4.93763, 4.96991, 5.00315, 5.03739, 5.07269, 5.10909, 5.14665, 5.18544, 5.22552, 5.26696, 5.30983, 5.35422, 5.40023, 5.44794, 5.49746, 5.54891, 5.60241, 5.6581, 5.71614, 5.77669, 5.83993, 5.90608, 5.97536, 6.04802, 6.12435, 6.20467, 6.28934, 6.37879, 6.47348, 6.57396, 6.68087, 6.79494, 6.91705, 7.04825, 7.18983, 7.34333, 7.51071, 7.69449, 7.89789, 8.1251, 8.38145, 8.67356, 9.00907, 9.3957, 9.83941, 10.3411, 10.8921, 11.4695, 12.0317, 12.5177, 12.8513, 12.9513, 12.7465, 12.1936, 11.2903, 10.0819, 8.65609, 7.12758, 5.61692, 4.2291, 3.03795, 2.0797, 1.35548, 0.840468, 0.495454, 0.277526, 0.147647, 0.0745755, 0.0357496, 0.0162597, 0.00701418, 0.0028684, 0.0011108, 0.000405983, 0.000138451, 4.1685e-05, 8.62741e-06, 2.60508e-06, 7.46321e-07, 2.02409e-07, 5.19675e-08, 1.26308e-08, 2.90624e-09, 6.33037e-10, 1.30534e-10, 2.54811e-11, 4.7088e-12, 8.23759e-13, 1.36423e-13, 2.13882e-14, 3.17438e-15, 4.46006e-16, 5.93227e-17, 7.46962e-18, 8.90377e-19, 1.00472e-19, 1.07329e-20, 1.08539e-21, 1.03909e-22, 9.41707e-24, 8.07936e-25, 6.56199e-26, 5.04535e-27, 3.67235e-28, 2.53043e-29, 1.6506e-30, 1.01927e-31, 5.95839e-33, 3.29737e-34, 1.72744e-35, 8.56716e-37, 4.02223e-38, 1.7877e-39, 7.52172e-41, 2.99597e-42, 1.12968e-43, 4.03244e-45, 1.36263e-46, 4.35898e-48, 1.32004e-49, 3.78432e-51, 1.02703e-52, 2.63862e-54, 6.41749e-56, 1.47758e-57, 3.22056e-59, 6.64521e-61, 1.29802e-62, 2.40022e-64, 4.20162e-66, 6.96271e-68, 1.09228e-69, 1.62214e-71, 2.28054e-73, 3.03516e-75, 3.82404e-77, 4.56098e-79, 5.14979e-81, 5.50448e-83, 5.56979e-85, 5.33527e-87, 4.83804e-89, 4.15316e-91, 3.37506e-93, 2.59646e-95, 1.89093e-97, 1.30366e-99, 8.50841e-102, 5.25688e-104, 3.0747e-106, 1.70244e-108, 8.9235e-111, 4.42786e-113, 2.07992e-115, 9.24903e-118, 3.89349e-120, 1.55159e-122, 5.85341e-125, 2.09043e-127, 7.06735e-130, 2.26189e-132, 6.85302e-135, 1.96556e-137, 5.33684e-140, 1.37176e-142, 3.33783e-145, 7.68856e-148, 1.67656e-150, 3.4609e-153, 6.7632e-156, 1.25115e-158, 2.19109e-161, 3.63249e-164, 5.7009e-167, 8.46985e-170, 1.19125e-172, 1.58607e-175, 1.9991e-178, 2.38529e-181, 2.69427e-184, 2.88095e-187, 2.91624e-190, 2.7945e-193, 2.535e-196, 2.17693e-199, 1.76972e-202, 1.36194e-205, 9.92216e-209, 6.84299e-212, 4.46765e-215, 2.76125e-218, 1.61556e-221, 8.94821e-225, 4.69182e-228
209.20
176.82
 
MEASUREMENT 49
1.56305, 4.67879, 7.79453, 10.9103, 14.0312, 17.1469, 20.2679, 23.3784, 26.4796, 29.5859, 32.6913, 35.8071, 38.9228, 42.0385, 45.1595, 48.2752, 51.3909, 54.5067, 57.6224, 60.7381, 63.8435, 66.9593, 70.0698, 73.1752, 76.2806, 79.3859, 82.4913, 85.5967, 88.7021, 91.8074, 94.9128, 98.0182, 101.1, 104.148, 107.196, 110.244, 113.292, 116.339, 119.387, 122.435, 125.483, 128.531, 131.574, 134.622, 137.67, 140.718, 143.766, 146.814, 149.861, 152.909, 155.957, 159.005, 162.053, 165.101, 168.149, 171.197, 174.245, 177.293, 180.341, 183.389, 186.436, 189.484, 192.532, 195.58, 198.621, 201.655, 204.688, 207.722, 210.756, 213.794, 216.838, 219.882, 222.926, 225.97, 229.014, 232.058, 235.102, 238.145, 241.189, 244.233, 247.277, 250.321, 253.37, 256.424, 259.478, 262.532, 265.586, 268.64, 271.695, 274.749, 277.803, 280.857, 283.911, 286.97, 290.035, 293.099
2.83747, 2.83854, 2.82636, 2.97865, 2.82609, 2.85395, 3.07014, 3.07184, 3.03359, 3.06403, 3.0965, 3.16164, 3.1631, 3.20077, 3.20194, 3.2246, 3.33441, 3.36351, 3.41134, 3.45417, 3.11212, 3.42117, 3.43713, 3.42524, 3.50477, 3.50597, 3.53177, 3.52389, 3.57043, 3.31546, 3.62665, 3.16682, 3.64499, 3.64573, 3.67777, 3.69892, 3.71778, 3.7533, 3.78461, 3.79942, 3.80961, 3.86047, 3.91023, 3.91621, 3.9561, 4.0212, 4.08377, 4.12128, 4.15715, 4.2029, 4.28189, 4.36471, 4.44856, 4.50865, 4.60038, 4.81946, 4.89047, 4.96161, 5.15277, 5.39851, 5.59023, 5.95133, 6.30559, 6.96665, 8.90872, 10.1597, 11.4257, 10.4514, 5.36389, 1.22008, 0.104851, 0.00242944, 0.00221963, -0.0036621, -0.00124394, 0.000336946, 0.000693128, 0.000666662, -0.00584373, -0.00267366, -0.0115184, -0.0188754, -0.00722337, -0.00331942, -0.00642987, -0.0141997, 0.00191252, -0.0139106, -0.00335921, -0.000500459, -0.00192687, -0.00196533, -0.0065446, -0.00533841, -0.00422756, -0.0355504
0.0851241, 0.0851562, 0.0847908, 0.0893595, 0.0847827, 0.0856186, 0.0921041, 0.0921552, 0.0910078, 0.0919209, 0.0928951, 0.0948491, 0.0948929, 0.096023, 0.0960583, 0.096738, 0.100032, 0.100905, 0.10234, 0.103625, 0.0933635, 0.102635, 0.103114, 0.102757, 0.105143, 0.105179, 0.105953, 0.105717, 0.107113, 0.0994637, 0.108799, 0.0950046, 0.10935, 0.109372, 0.110333, 0.110968, 0.111533, 0.112599, 0.113538, 0.113983, 0.114288, 0.115814, 0.117307, 0.117486, 0.118683, 0.120636, 0.122513, 0.123638, 0.124714, 0.126087, 0.128457, 0.130941, 0.133457, 0.13526, 0.138012, 0.144584, 0.146714, 0.148848, 0.154583, 0.161955, 0.167707, 0.17854, 0.189168, 0.209, 0.267261, 0.30479, 0.342771, 0.313543, 0.160917, 0.0366025, 0.00314553, 7.28833e-05, 6.65889e-05, 0.000109863, 3.73182e-05, 1.01084e-05, 2.07938e-05, 1.99999e-05, 0.000175312, 8.02098e-05, 0.000345552, 0.000566263, 0.000216701, 9.95825e-05, 0.000192896, 0.000425992, 5.73756e-05, 0.000417317, 0.000100776, 1.50138e-05, 5.78061e-05, 5.896e-05, 0.000196338, 0.000160152, 0.000126827, 0.00106651
0, 0.613815, 1.22763, 1.84144, 2.45526, 3.06907, 3.68289, 4.2967, 4.91052, 5.52433, 6.13815, 6.75196, 7.36578, 7.97959, 8.59341, 9.20722, 9.82104, 10.4349, 11.0487, 11.6625, 12.2763, 12.8901, 13.5039, 14.1177, 14.7316, 15.3454, 15.9592, 16.573, 17.1868, 17.8006, 18.4144, 19.0283, 19.6421, 20.2559, 20.8697, 21.4835, 22.0973, 22.7111, 23.325, 23.9388, 24.5526, 25.1664, 25.7802, 26.394, 27.0078, 27.6217, 28.2355, 28.8493, 29.4631, 30.0769, 30.6907, 31.3046, 31.9184, 32.5322, 33.146, 33.7598, 34.3736, 34.9874, 35.6013, 36.2151, 36.8289, 37.4427, 38.0565, 38.6703, 39.2841, 39.898, 40.5118, 41.1256, 41.7394, 42.3532, 42.967, 43.5808, 44.1947, 44.8085, 45.4223, 46.0361, 46.6499, 47.2637, 47.8775, 48.4914, 49.1052, 49.719, 50.3328, 50.9466, 51.5604, 52.1743, 52.7881, 53.4019, 54.0157, 54.6295, 55.2433, 55.8571, 56.471, 57.0848, 57.6986, 58.3124, 58.9262, 59.54, 60.1538, 60.7677, 61.3815, 61.9953, 62.6091, 63.2229, 63.8367, 64.4505, 65.0644, 65.6782, 66.292, 66.9058, 67.5196, 68.1334, 68.7473, 69.3611, 69.9749, 70.5887, 71.2025, 71.8163, 72.4301, 73.044, 73.6578, 74.2716, 74.8854, 75.4992, 76.113, 76.7268, 77.3407, 77.9545, 78.5683, 79.1821, 79.7959, 80.4097, 81.0235, 81.6374, 82.2512, 82.865, 83.4788, 84.0926, 84.7064, 85.3202, 85.9341, 86.5479, 87.1617, 87.7755, 88.3893, 89.0031, 89.617, 90.2308, 90.8446, 91.4584, 92.0722, 92.686, 93.2998, 93.9137, 94.5275, 95.1413, 95.7551, 96.3689, 96.9827, 97.5965, 98.2104, 98.8242, 99.438, 100.052, 100.666, 101.279, 101.893, 102.507, 103.121, 103.735, 104.349, 104.962, 105.576, 106.19, 106.804, 107.418, 108.031, 108.645, 109.259, 109.873, 110.487, 111.1, 111.714, 112.328, 112.942, 113.556, 114.17, 114.783, 115.397, 116.011, 116.625, 117.239, 117.852, 118.466, 119.08, 119.694, 120.308, 120.922, 121.535, 122.149, 122.763, 123.377, 123.991, 124.604, 125.218, 125.832, 126.446, 127.06, 127.673, 128.287, 128.901, 129.515, 130.129, 130.743, 131.356, 131.97, 132.584, 133.198, 133.812, 134.425, 135.039, 135.653, 136.267, 136.881, 137.495, 138.108, 138.722, 139.336, 139.95, 140.564, 141.177, 141.791, 142.405, 143.019, 143.633, 144.246, 144.86, 145.474, 146.088, 146.702, 147.316, 147.929, 148.543, 149.157, 149.771, 150.385, 150.998, 151.612, 152.226, 152.84, 153.454, 154.068, 154.681, 155.295, 155.909, 156.523, 157.137, 157.75, 158.364, 158.978, 159.592, 160.206, 160.819, 161.433, 162.047, 162.661, 163.275, 163.889, 164.502, 165.116, 165.73, 166.344, 166.958, 167.571, 168.185, 168.799, 169.413, 170.027, 170.64, 171.254, 171.868, 172.482, 173.096, 173.71, 174.323, 174.937, 175.551, 176.165, 176.779, 177.392, 178.006, 178.62, 179.234, 179.848, 180.462, 181.075, 181.689, 182.303, 182.917, 183.531, 184.144, 184.758, 185.372, 185.986, 186.6, 187.213, 187.827, 188.441, 189.055, 189.669, 190.283, 190.896, 191.51, 192.124, 192.738, 193.352, 193.965, 194.579, 195.193, 195.807, 196.421, 197.035, 197.648, 198.262, 198.876, 199.49, 200.104, 200.717, 201.331, 201.945, 202.559, 203.173, 203.786, 204.4, 205.014, 205.628, 206.242, 206.856, 207.469, 208.083, 208.697, 209.311, 209.925, 210.538, 211.152, 211.766, 212.38, 212.994, 213.608, 214.221, 214.835, 215.449, 216.063, 216.677, 217.29, 217.904, 218.518, 219.132, 219.746, 220.359, 220.973, 221.587, 222.201, 222.815, 223.429, 224.042, 224.656, 225.27, 225.884, 226.498, 227.111, 227.725, 228.339, 228.953, 229.567, 230.181, 230.794, 231.408, 232.022, 232.636, 233.25, 233.863, 234.477, 235.091, 235.705, 236.319, 236.932, 237.546, 238.16, 238.774, 239.388, 240.002, 240.615, 241.229, 241.843, 242.457, 243.071, 243.684, 244.298, 244.912, 245.526, 246.14, 246.754, 247.367, 247.981, 248.595, 249.209, 249.823, 250.436, 251.05, 251.664, 252.278, 252.892, 253.505, 254.119, 254.733, 255.347, 255.961, 256.575, 257.188, 257.802, 258.416, 259.03, 259.644, 260.257, 260.871, 261.485, 262.099, 262.713, 263.327, 263.94, 264.554, 265.168, 265.782, 266.396, 267.009, 267.623, 268.237, 268.851, 269.465, 270.078, 270.692, 271.306, 271.92, 272.534, 273.148, 273.761, 274.375, 274.989, 275.603, 276.217, 276.83, 277.444, 278.058, 278.672, 279.286, 279.9, 280.513, 281.127, 281.741, 282.355, 282.969, 283.582, 284.196, 284.81, 285.424, 286.038, 286.651, 287.265, 287.879, 288.493, 289.107, 289.721, 290.334, 290.948, 291.562, 292.176, 292.79, 293.403, 294.017
3.16296, 3.16376, 3.16457, 3.16538, 3.16621, 3.16704, 3.16788, 3.16873, 3.16959, 3.17046, 3.17134, 3.17223, 3.17313, 3.17403, 3.17495, 3.17588, 3.17681, 3.17776, 3.17871, 3.17968, 3.18066, 3.18164, 3.18264, 3.18364, 3.18466, 3.18569, 3.18673, 3.18778, 3.18883, 3.1899, 3.19099, 3.19208, 3.19318, 3.1943, 3.19542, 3.19656, 3.19771, 3.19887, 3.20004, 3.20122, 3.20242, 3.20363, 3.20485, 3.20608, 3.20733, 3.20858, 3.20985, 3.21113, 3.21243, 3.21374, 3.21506, 3.21639, 3.21774, 3.2191, 3.22048, 3.22187, 3.22327, 3.22468, 3.22611, 3.22756, 3.22902, 3.23049, 3.23198, 3.23348, 3.235, 3.23653, 3.23808, 3.23964, 3.24122, 3.24281, 3.24442, 3.24604, 3.24769, 3.24934, 3.25102, 3.25271, 3.25441, 3.25614, 3.25788, 3.25964, 3.26141, 3.26321, 3.26502, 3.26684, 3.26869, 3.27056, 3.27244, 3.27434, 3.27626, 3.2782, 3.28016, 3.28214, 3.28414, 3.28615, 3.28819, 3.29025, 3.29233, 3.29443, 3.29655, 3.29869, 3.30085, 3.30303, 3.30524, 3.30747, 3.30972, 3.31199, 3.31429, 3.31661, 3.31895, 3.32131, 3.3237, 3.32611, 3.32855, 3.33101, 3.3335, 3.33601, 3.33855, 3.34112, 3.34371, 3.34632, 3.34896, 3.35163, 3.35433, 3.35706, 3.35981, 3.36259, 3.3654, 3.36824, 3.37111, 3.374, 3.37693, 3.37989, 3.38288, 3.3859, 3.38895, 3.39204, 3.39515, 3.3983, 3.40148, 3.4047, 3.40795, 3.41123, 3.41455, 3.41791, 3.4213, 3.42473, 3.42819, 3.43169, 3.43523, 3.43881, 3.44242, 3.44608, 3.44977, 3.45351, 3.45728, 3.4611, 3.46496, 3.46886, 3.47281, 3.4768, 3.48083, 3.48491, 3.48904, 3.49321, 3.49743, 3.50169, 3.50601, 3.51037, 3.51478, 3.51925, 3.52376, 3.52833, 3.53295, 3.53763, 3.54236, 3.54714, 3.55198, 3.55688, 3.56183, 3.56685, 3.57192, 3.57706, 3.58226, 3.58752, 3.59284, 3.59823, 3.60368, 3.6092, 3.61479, 3.62045, 3.62618, 3.63198, 3.63785, 3.6438, 3.64982, 3.65592, 3.6621, 3.66835, 3.67469, 3.68111, 3.68761, 3.6942, 3.70087, 3.70764, 3.71449, 3.72143, 3.72847, 3.7356, 3.74283, 3.75016, 3.75758, 3.76512, 3.77275, 3.78049, 3.78834, 3.7963, 3.80438, 3.81256, 3.82087, 3.8293, 3.83785, 3.84652, 3.85533, 3.86426, 3.87332, 3.88253, 3.89187, 3.90135, 3.91098, 3.92076, 3.93069, 3.94078, 3.95102, 3.96143, 3.97201, 3.98275, 3.99367, 4.00477, 4.01605, 4.02752, 4.03918, 4.05104, 4.0631, 4.07537, 4.08785, 4.10055, 4.11348, 4.12663, 4.14002, 4.15365, 4.16753, 4.18167, 4.19607, 4.21074, 4.22569, 4.24093, 4.25646, 4.2723, 4.28845, 4.30492, 4.32173, 4.33888, 4.35638, 4.37425, 4.39249, 4.41113, 4.43017, 4.44962, 4.4695, 4.48983, 4.51062, 4.53189, 4.55366, 4.57593, 4.59874, 4.6221, 4.64604, 4.67057, 4.69572, 4.72152, 4.74799, 4.77516, 4.80306, 4.83172, 4.86118, 4.89147, 4.92262, 4.95469, 4.98771, 5.02172, 5.05679, 5.09295, 5.13028, 5.16882, 5.20865, 5.24983, 5.29245, 5.33658, 5.38232, 5.42976, 5.47901, 5.53018, 5.58341, 5.63883, 5.6966, 5.75688, 5.81985, 5.88574, 5.95477, 6.0272, 6.10332, 6.18345, 6.26798, 6.35733, 6.45198, 6.55249, 6.65954, 6.7739, 6.89649, 7.02843, 7.17108, 7.32613, 7.49573, 7.68257, 7.89007, 8.12245, 8.38478, 8.68262, 9.02135, 9.40468, 9.8324, 10.2973, 10.7818, 11.2553, 11.673, 11.9783, 12.1089, 12.0063, 11.6278, 10.9572, 10.011, 8.84328, 7.5446, 6.19685, 4.89188, 3.70624, 2.69174, 1.87218, 1.24601, 0.79297, 0.482289, 0.280195, 0.15543, 0.0822965, 0.0415778, 0.020038, 0.00920952, 0.00403507, 0.00168427, 0.000668687, 0.000251289, 8.7827e-05, 2.62962e-05, 5.59931e-06, 1.78747e-06, 5.43194e-07, 1.57117e-07, 4.32557e-08, 1.13348e-08, 2.82708e-09, 6.71142e-10, 1.5165e-10, 3.26153e-11, 6.67656e-12, 1.30088e-12, 2.41252e-13, 4.2585e-14, 7.15476e-15, 1.14416e-15, 1.74151e-16, 2.52302e-17, 3.47908e-18, 4.56627e-19, 5.70439e-20, 6.78279e-21, 7.67643e-22, 8.26917e-23, 8.47843e-24, 8.27409e-25, 7.68558e-26, 6.79492e-27, 5.71799e-28, 4.57988e-29, 3.49153e-30, 2.53354e-31, 1.74981e-32, 1.15029e-33, 7.19735e-35, 4.28637e-36, 2.42973e-37, 1.31092e-38, 6.73204e-40, 3.29054e-41, 1.53087e-42, 6.77895e-44, 2.85717e-45, 1.1462e-46, 4.37658e-48, 1.5906e-49, 5.50221e-51, 1.81161e-52, 5.6773e-54, 1.69344e-55, 4.80783e-57, 1.29921e-58, 3.34163e-60, 8.18066e-62, 1.9062e-63, 4.22766e-65, 8.92446e-67, 1.79314e-68, 3.42922e-70, 6.24206e-72, 1.08146e-73, 1.78338e-75, 2.79915e-77, 4.18175e-79, 5.94623e-81, 8.04775e-83, 1.03671e-84, 1.27113e-86, 1.48345e-88, 1.64781e-90, 1.74216e-92, 1.75316e-94, 1.6792e-96, 1.53086e-98, 1.32837e-100, 1.09711e-102, 8.62442e-105, 6.45299e-107, 4.59559e-109, 3.11509e-111, 2.00979e-113, 1.23418e-115, 7.21369e-118, 4.01315e-120, 2.12502e-122, 1.071e-124, 5.13766e-127, 2.3458e-129, 1.01945e-131, 4.21685e-134, 1.6602e-136, 6.22132e-139, 2.21898e-141, 7.5331e-144, 2.43412e-146, 7.48619e-149, 2.19143e-151, 6.10582e-154, 1.61923e-156, 4.08717e-159, 9.81941e-162, 2.24542e-164, 4.88717e-167, 1.01243e-169, 1.99629e-172, 3.74654e-175, 6.69245e-178, 1.13786e-180, 1.84137e-183, 2.83623e-186, 4.15806e-189, 5.80215e-192, 7.70611e-195, 9.74159e-198, 1.17212e-200, 1.34234e-203, 1.4632e-206
3.16296, 3.16378, 3.1646, 3.16543, 3.16627, 3.16711, 3.16797, 3.16884, 3.16971, 3.1706, 3.17149, 3.17239, 3.1733, 3.17423, 3.17516, 3.1761, 3.17705, 3.17801, 3.17898, 3.17997, 3.18096, 3.18196, 3.18297, 3.18399, 3.18503, 3.18607, 3.18712, 3.18819, 3.18926, 3.19035, 3.19145, 3.19256, 3.19368, 3.19481, 3.19595, 3.19711, 3.19827, 3.19945, 3.20064, 3.20184, 3.20305, 3.20428, 3.20552, 3.20677, 3.20803, 3.2093, 3.21059, 3.21189, 3.21321, 3.21453, 3.21587, 3.21723, 3.21859, 3.21997, 3.22137, 3.22277, 3.22419, 3.22563, 3.22708, 3.22854, 3.23002, 3.23151, 3.23302, 3.23454, 3.23608, 3.23763, 3.2392, 3.24078, 3.24238, 3.244, 3.24563, 3.24727, 3.24894, 3.25061, 3.25231, 3.25402, 3.25575, 3.2575, 3.25926, 3.26104, 3.26284, 3.26465, 3.26649, 3.26834, 3.27021, 3.27209, 3.274, 3.27593, 3.27787, 3.27983, 3.28182, 3.28382, 3.28584, 3.28788, 3.28995, 3.29203, 3.29413, 3.29626, 3.2984, 3.30057, 3.30276, 3.30497, 3.3072, 3.30945, 3.31173, 3.31403, 3.31635, 3.3187, 3.32107, 3.32346, 3.32588, 3.32832, 3.33079, 3.33328, 3.33579, 3.33833, 3.3409, 3.3435, 3.34611, 3.34876, 3.35143, 3.35413, 3.35686, 3.35962, 3.3624, 3.36522, 3.36806, 3.37093, 3.37383, 3.37676, 3.37972, 3.38271, 3.38574, 3.38879, 3.39188, 3.395, 3.39815, 3.40133, 3.40455, 3.4078, 3.41109, 3.41441, 3.41776, 3.42116, 3.42459, 3.42805, 3.43155, 3.43509, 3.43867, 3.44229, 3.44594, 3.44964, 3.45337, 3.45715, 3.46097, 3.46483, 3.46873, 3.47268, 3.47667, 3.4807, 3.48478, 3.4889, 3.49307, 3.49729, 3.50156, 3.50587, 3.51023, 3.51464, 3.51911, 3.52362, 3.52819, 3.5328, 3.53748, 3.5422, 3.54698, 3.55182, 3.55672, 3.56167, 3.56668, 3.57175, 3.57688, 3.58207, 3.58733, 3.59264, 3.59803, 3.60348, 3.60899, 3.61457, 3.62023, 3.62595, 3.63174, 3.6376, 3.64354, 3.64956, 3.65565, 3.66181, 3.66806, 3.67439, 3.6808, 3.68729, 3.69386, 3.70053, 3.70727, 3.71411, 3.72104, 3.72807, 3.73518, 3.7424, 3.74971, 3.75712, 3.76463, 3.77225, 3.77997, 3.7878, 3.79575, 3.8038, 3.81197, 3.82025, 3.82865, 3.83718, 3.84583, 3.85461, 3.86351, 3.87255, 3.88173, 3.89104, 3.90049, 3.91009, 3.91983, 3.92973, 3.93978, 3.94999, 3.96036, 3.97089, 3.9816, 3.99247, 4.00353, 4.01476, 4.02618, 4.0378, 4.0496, 4.06161, 4.07382, 4.08625, 4.09889, 4.11175, 4.12483, 4.13816, 4.15172, 4.16553, 4.17959, 4.19391, 4.2085, 4.22336, 4.23851, 4.25395, 4.26969, 4.28574, 4.30211, 4.3188, 4.33584, 4.35322, 4.37097, 4.38908, 4.40758, 4.42647, 4.44578, 4.46551, 4.48568, 4.5063, 4.52739, 4.54897, 4.57105, 4.59365, 4.6168, 4.64051, 4.6648, 4.68971, 4.71524, 4.74144, 4.76832, 4.79591, 4.82425, 4.85337, 4.88329, 4.91407, 4.94573, 4.97832, 5.01189, 5.04647, 5.08213, 5.11891, 5.15688, 5.1961, 5.23663, 5.27854, 5.32193, 5.36686, 5.41344, 5.46177, 5.51195, 5.5641, 5.61836, 5.67487, 5.73378, 5.79528, 5.85955, 5.92681, 5.9973, 6.07129, 6.14907, 6.231, 6.31745, 6.40887, 6.50576, 6.60871, 6.71841, 6.83567, 6.96146, 7.09694, 7.24355, 7.40307, 7.57776, 7.77051, 7.98502, 8.22591, 8.49884, 8.81022, 9.16655, 9.57292, 10.0307, 10.534, 11.0664, 11.5971, 12.0797, 12.4541, 12.6526, 12.61, 12.2765, 11.6302, 10.6851, 9.49242, 8.1342, 6.70955, 5.31825, 4.04504, 2.94881, 2.05833, 1.37461, 0.877697, 0.535506, 0.312057, 0.17361, 0.0921809, 0.046698, 0.0225646, 0.0103971, 0.00456674, 0.00191095, 0.000760698, 0.000286804, 0.000100825, 3.06647e-05, 6.84796e-06, 2.18264e-06, 6.63613e-07, 1.92044e-07, 5.28978e-08, 1.38684e-08, 3.46074e-09, 8.21982e-10, 1.85826e-10, 3.99857e-11, 8.18943e-12, 1.59645e-12, 2.96215e-13, 5.23131e-14, 8.79359e-15, 1.40693e-15, 2.14256e-16, 3.10558e-17, 4.28455e-18, 5.62625e-19, 7.03208e-20, 8.36566e-21, 9.47257e-22, 1.02091e-22, 1.04727e-23, 1.02254e-24, 9.50281e-26, 8.40574e-27, 7.07703e-28, 5.67124e-29, 4.32569e-30, 3.14039e-31, 2.17002e-32, 1.42723e-33, 8.9346e-35, 5.32362e-36, 3.01919e-37, 1.62976e-38, 8.37354e-40, 4.09491e-41, 1.90604e-42, 8.44438e-44, 3.56086e-45, 1.4292e-46, 5.45987e-48, 1.98528e-49, 6.87086e-51, 2.26335e-52, 7.09646e-54, 2.11779e-55, 6.01553e-57, 1.62636e-58, 4.18512e-60, 1.02506e-61, 2.38969e-63, 5.30254e-65, 1.11989e-66, 2.25123e-68, 4.30737e-70, 7.8443e-72, 1.35971e-73, 2.24331e-75, 3.52275e-77, 5.26531e-79, 7.49059e-81, 1.01428e-82, 1.30722e-84, 1.60358e-86, 1.87232e-88, 2.08076e-90, 2.20096e-92, 2.21591e-94, 2.12344e-96, 1.93677e-98, 1.68138e-100, 1.38933e-102, 1.09267e-104, 8.1795e-107, 5.8279e-109, 3.95227e-111, 2.55112e-113, 1.56734e-115, 9.16528e-118, 5.10126e-120, 2.70245e-122, 1.36266e-124, 6.53981e-127, 2.98739e-129, 1.29888e-131, 5.37519e-134, 2.11723e-136, 7.93762e-139, 2.83245e-141, 9.62015e-144, 3.10993e-146, 9.56904e-149, 2.80243e-151, 7.81177e-154, 2.07259e-156, 5.23389e-159, 1.25801e-161, 2.87802e-164, 6.26688e-167, 1.29884e-169, 2.56219e-172, 4.81076e-175, 8.59734e-178, 1.46239e-180, 2.36761e-183, 3.64843e-186, 5.35117e-189, 7.47034e-192, 9.92613e-195, 1.25536e-197, 1.51114e-200, 1.73136e-203, 1.88807e-206
209.01
176.73
 
MEASUREMENT 50
1.56305, 4.67879, 7.79453, 10.9103, 14.0312, 17.1469, 20.2679, 23.3784, 26.4796, 29.5859, 32.6913, 35.8071, 38.9228, 42.0385, 45.1595, 48.2752, 51.3909, 54.5067, 57.6224, 60.7381, 63.8435, 66.9593, 70.0698, 73.1752, 76.2806, 79.3859, 82.4913, 85.5967, 88.7021, 91.8074, 94.9128, 98.0182, 101.1, 104.148, 107.196, 110.244, 113.292, 116.339, 119.387, 122.435, 125.483, 128.531, 131.574, 134.622, 137.67, 140.718, 143.766, 146.814, 149.861, 152.909, 155.957, 159.005, 162.053, 165.101, 168.149, 171.197, 174.245, 177.293, 180.341, 183.389, 186.436, 189.484, 192.532, 195.58, 198.621, 201.655, 204.688, 207.722, 210.756, 213.794, 216.838, 219.882, 222.926, 225.97, 229.014, 232.058, 235.102, 238.145, 241.189, 244.233, 247.277, 250.321, 253.37, 256.424, 259.478, 262.532, 265.586, 268.64, 271.695, 274.749, 277.803, 280.857, 283.911, 286.97, 290.035, 293.099
2.84013, 2.83759, 2.82471, 2.97561, 2.82728, 2.8533, 3.06993, 3.06607, 3.03666, 3.06255, 3.09583, 3.16003, 3.16268, 3.20339, 3.19902, 3.2231, 3.32419, 3.36334, 3.42504, 3.44925, 3.10371, 3.41863, 3.42679, 3.42458, 3.49646, 3.50779, 3.53079, 3.52105, 3.57064, 3.30434, 3.62891, 3.16911, 3.64437, 3.64358, 3.67352, 3.69919, 3.71633, 3.75075, 3.78314, 3.79803, 3.81654, 3.85769, 3.90985, 3.91358, 3.96151, 4.02025, 4.08551, 4.12187, 4.16602, 4.19909, 4.28829, 4.35811, 4.44959, 4.50538, 4.59781, 4.81951, 4.89486, 4.95941, 5.15533, 5.39704, 5.58578, 5.95239, 6.30825, 6.9773, 8.90133, 10.1544, 11.425, 10.4448, 5.36335, 1.21874, 0.103515, 0.00017078, 0.00193766, -0.00136753, 0.000535841, 0.00303686, 0.00137714, 0.00131964, -0.00454899, -0.00164992, -0.00701318, -0.0160844, -0.00335484, -0.00146209, -0.00407077, -0.0120219, 0.00176209, -0.0130397, -0.00383458, 0.00110653, -0.000681456, 0.000740418, -0.00669189, -0.0029469, -0.0060093, -0.0337544
0.0852038, 0.0851276, 0.0847413, 0.0892684, 0.0848183, 0.085599, 0.0920979, 0.091982, 0.0910999, 0.0918766, 0.092875, 0.094801, 0.0948803, 0.0961016, 0.0959705, 0.0966929, 0.0997257, 0.1009, 0.102751, 0.103478, 0.0931112, 0.102559, 0.102804, 0.102737, 0.104894, 0.105234, 0.105924, 0.105632, 0.107119, 0.0991302, 0.108867, 0.0950732, 0.109331, 0.109307, 0.110206, 0.110976, 0.11149, 0.112522, 0.113494, 0.113941, 0.114496, 0.115731, 0.117295, 0.117407, 0.118845, 0.120608, 0.122565, 0.123656, 0.124981, 0.125973, 0.128649, 0.130743, 0.133488, 0.135161, 0.137934, 0.144585, 0.146846, 0.148782, 0.15466, 0.161911, 0.167574, 0.178572, 0.189247, 0.209319, 0.26704, 0.304633, 0.342749, 0.313344, 0.1609, 0.0365622, 0.00310546, 5.12341e-06, 5.81299e-05, 4.1026e-05, 1.60752e-05, 9.11058e-05, 4.13141e-05, 3.95893e-05, 0.00013647, 4.94976e-05, 0.000210395, 0.000482532, 0.000100645, 4.38628e-05, 0.000122123, 0.000360658, 5.28626e-05, 0.00039119, 0.000115037, 3.31958e-05, 2.04437e-05, 2.22125e-05, 0.000200757, 8.8407e-05, 0.000180279, 0.00101263
0, 0.613815, 1.22763, 1.84144, 2.45526, 3.06907, 3.68289, 4.2967, 4.91052, 5.52433, 6.13815, 6.75196, 7.36578, 7.97959, 8.59341, 9.20722, 9.82104, 10.4349, 11.0487, 11.6625, 12.2763, 12.8901, 13.5039, 14.1177, 14.7316, 15.3454, 15.9592, 16.573, 17.1868, 17.8006, 18.4144, 19.0283, 19.6421, 20.2559, 20.8697, 21.4835, 22.0973, 22.7111, 23.325, 23.9388, 24.5526, 25.1664, 25.7802, 26.394, 27.0078, 27.6217, 28.2355, 28.8493, 29.4631, 30.0769, 30.6907, 31.3046, 31.9184, 32.5322, 33.146, 33.7598, 34.3736, 34.9874, 35.6013, 36.2151, 36.8289, 37.4427, 38.0565, 38.6703, 39.2841, 39.898, 40.5118, 41.1256, 41.7394, 42.3532, 42.967, 43.5808, 44.1947, 44.8085, 45.4223, 46.0361, 46.6499, 47.2637, 47.8775, 48.4914, 49.1052, 49.719, 50.3328, 50.9466, 51.5604, 52.1743, 52.7881, 53.4019, 54.0157, 54.6295, 55.2433, 55.8571, 56.471, 57.0848, 57.6986, 58.3124, 58.9262, 59.54, 60.1538, 60.7677, 61.3815, 61.9953, 62.6091, 63.2229, 63.8367, 64.4505, 65.0644, 65.6782, 66.292, 66.9058, 67.5196, 68.1334, 68.7473, 69.3611, 69.9749, 70.5887, 71.2025, 71.8163, 72.4301, 73.044, 73.6578, 74.2716, 74.8854, 75.4992, 76.113, 76.7268, 77.3407, 77.9545, 78.5683, 79.1821, 79.7959, 80.4097, 81.0235, 81.6374, 82.2512, 82.865, 83.4788, 84.0926, 84.7064, 85.3202, 85.9341, 86.5479, 87.1617, 87.7755, 88.3893, 89.0031, 89.617, 90.2308, 90.8446, 91.4584, 92.0722, 92.686, 93.2998, 93.9137, 94.5275, 95.1413, 95.7551, 96.3689, 96.9827, 97.5965, 98.2104, 98.8242, 99.438, 100.052, 100.666, 101.279, 101.893, 102.507, 103.121, 103.735, 104.349, 104.962, 105.576, 106.19, 106.804, 107.418, 108.031, 108.645, 109.259, 109.873, 110.487, 111.1, 111.714, 112.328, 112.942, 113.556, 114.17, 114.783, 115.397, 116.011, 116.625, 117.239, 117.852, 118.466, 119.08, 119.694, 120.308, 120.922, 121.535, 122.149, 122.763, 123.377, 123.991, 124.604, 125.218, 125.832, 126.446, 127.06, 127.673, 128.287, 128.901, 129.515, 130.129, 130.743, 131.356, 131.97, 132.584, 133.198, 133.812, 134.425, 135.039, 135.653, 136.267, 136.881, 137.495, 138.108, 138.722, 139.336, 139.95, 140.564, 141.177, 141.791, 142.405, 143.019, 143.633, 144.246, 144.86, 145.474, 146.088, 146.702, 147.316, 147.929, 148.543, 149.157, 149.771, 150.385, 150.998, 151.612, 152.226, 152.84, 153.454, 154.068, 154.681, 155.295, 155.909, 156.523, 157.137, 157.75, 158.364, 158.978, 159.592, 160.206, 160.819, 161.433, 162.047, 162.661, 163.275, 163.889, 164.502, 165.116, 165.73, 166.344, 166.958, 167.571, 168.185, 168.799, 169.413, 170.027, 170.64, 171.254, 171.868, 172.482, 173.096, 173.71, 174.323, 174.937, 175.551, 176.165, 176.779, 177.392, 178.006, 178.62, 179.234, 179.848, 180.462, 181.075, 181.689, 182.303, 182.917, 183.531, 184.144, 184.758, 185.372, 185.986, 186.6, 187.213, 187.827, 188.441, 189.055, 189.669, 190.283, 190.896, 191.51, 192.124, 192.738, 193.352, 193.965, 194.579, 195.193, 195.807, 196.421, 197.035, 197.648, 198.262, 198.876, 199.49, 200.104, 200.717, 201.331, 201.945, 202.559, 203.173, 203.786, 204.4, 205.014, 205.628, 206.242, 206.856, 207.469, 208.083, 208.697, 209.311, 209.925, 210.538, 211.152, 211.766, 212.38, 212.994, 213.608, 214.221, 214.835, 215.449, 216.063, 216.677, 217.29, 217.904, 218.518, 219.132, 219.746, 220.359, 220.973, 221.587, 222.201, 222.815, 223.429, 224.042, 224.656, 225.27, 225.884, 226.498, 227.111, 227.725, 228.339, 228.953, 229.567, 230.181, 230.794, 231.408, 232.022, 232.636, 233.25, 233.863, 234.477, 235.091, 235.705, 236.319, 236.932, 237.546, 238.16, 238.774, 239.388, 240.002, 240.615, 241.229, 241.843, 242.457, 243.071, 243.684, 244.298, 244.912, 245.526, 246.14, 246.754, 247.367, 247.981, 248.595, 249.209, 249.823, 250.436, 251.05, 251.664, 252.278, 252.892, 253.505, 254.119, 254.733, 255.347, 255.961, 256.575, 257.188, 257.802, 258.416, 259.03, 259.644, 260.257, 260.871, 261.485, 262.099, 262.713, 263.327, 263.94, 264.554, 265.168, 265.782, 266.396, 267.009, 267.623, 268.237, 268.851, 269.465, 270.078, 270.692, 271.306, 271.92, 272.534, 273.148, 273.761, 274.375, 274.989, 275.603, 276.217, 276.83, 277.444, 278.058, 278.672, 279.286, 279.9, 280.513, 281.127, 281.741, 282.355, 282.969, 283.582, 284.196, 284.81, 285.424, 286.038, 286.651, 287.265, 287.879, 288.493, 289.107, 289.721, 290.334, 290.948, 291.562, 292.176, 292.79, 293.403, 294.017
3.18574, 3.18649, 3.18725, 3.18801, 3.18879, 3.18957, 3.19036, 3.19116, 3.19197, 3.19279, 3.19362, 3.19445, 3.1953, 3.19615, 3.19702, 3.19789, 3.19877, 3.19967, 3.20057, 3.20148, 3.2024, 3.20333, 3.20427, 3.20523, 3.20619, 3.20716, 3.20814, 3.20913, 3.21014, 3.21115, 3.21217, 3.21321, 3.21425, 3.21531, 3.21638, 3.21745, 3.21854, 3.21964, 3.22076, 3.22188, 3.22302, 3.22416, 3.22532, 3.22649, 3.22767, 3.22887, 3.23008, 3.2313, 3.23253, 3.23377, 3.23503, 3.2363, 3.23758, 3.23888, 3.24018, 3.24151, 3.24284, 3.24419, 3.24555, 3.24693, 3.24832, 3.24972, 3.25114, 3.25257, 3.25402, 3.25548, 3.25695, 3.25844, 3.25995, 3.26147, 3.26301, 3.26456, 3.26612, 3.26771, 3.2693, 3.27092, 3.27255, 3.27419, 3.27586, 3.27754, 3.27923, 3.28095, 3.28268, 3.28442, 3.28619, 3.28797, 3.28977, 3.29159, 3.29343, 3.29528, 3.29715, 3.29905, 3.30096, 3.30289, 3.30484, 3.30681, 3.30879, 3.3108, 3.31283, 3.31488, 3.31695, 3.31904, 3.32115, 3.32329, 3.32544, 3.32762, 3.32981, 3.33203, 3.33428, 3.33654, 3.33883, 3.34114, 3.34348, 3.34584, 3.34822, 3.35062, 3.35306, 3.35551, 3.35799, 3.3605, 3.36303, 3.36559, 3.36817, 3.37079, 3.37342, 3.37609, 3.37878, 3.3815, 3.38425, 3.38703, 3.38983, 3.39267, 3.39553, 3.39843, 3.40135, 3.40431, 3.4073, 3.41031, 3.41336, 3.41645, 3.41956, 3.42271, 3.42589, 3.42911, 3.43236, 3.43564, 3.43896, 3.44231, 3.44571, 3.44913, 3.4526, 3.4561, 3.45964, 3.46322, 3.46684, 3.4705, 3.4742, 3.47794, 3.48172, 3.48554, 3.4894, 3.49331, 3.49726, 3.50126, 3.5053, 3.50938, 3.51352, 3.51769, 3.52192, 3.5262, 3.53052, 3.53489, 3.53932, 3.54379, 3.54832, 3.5529, 3.55753, 3.56222, 3.56696, 3.57176, 3.57661, 3.58153, 3.5865, 3.59153, 3.59662, 3.60177, 3.60699, 3.61227, 3.61761, 3.62302, 3.6285, 3.63404, 3.63965, 3.64533, 3.65109, 3.65691, 3.66281, 3.66879, 3.67484, 3.68097, 3.68717, 3.69346, 3.69983, 3.70628, 3.71282, 3.71944, 3.72615, 3.73295, 3.73984, 3.74683, 3.75391, 3.76108, 3.76836, 3.77573, 3.7832, 3.79078, 3.79847, 3.80626, 3.81417, 3.82218, 3.83031, 3.83856, 3.84693, 3.85542, 3.86404, 3.87278, 3.88165, 3.89065, 3.89979, 3.90907, 3.91849, 3.92806, 3.93777, 3.94764, 3.95766, 3.96784, 3.97818, 3.98869, 3.99936, 4.01021, 4.02124, 4.03245, 4.04385, 4.05544, 4.06723, 4.07922, 4.09141, 4.10382, 4.11644, 4.12929, 4.14237, 4.15568, 4.16923, 4.18303, 4.19709, 4.21141, 4.226, 4.24087, 4.25602, 4.27147, 4.28722, 4.30329, 4.31968, 4.33639, 4.35345, 4.37087, 4.38865, 4.4068, 4.42535, 4.44429, 4.46365, 4.48344, 4.50368, 4.52438, 4.54555, 4.56722, 4.5894, 4.61211, 4.63538, 4.65922, 4.68365, 4.70871, 4.73441, 4.76078, 4.78785, 4.81566, 4.84422, 4.87358, 4.90378, 4.93484, 4.96681, 4.99974, 5.03367, 5.06865, 5.10473, 5.14197, 5.18044, 5.22019, 5.26131, 5.30386, 5.34794, 5.39362, 5.44102, 5.49023, 5.54138, 5.59459, 5.65001, 5.70778, 5.76808, 5.8311, 5.89705, 5.96615, 6.03867, 6.11491, 6.19519, 6.27989, 6.36943, 6.4643, 6.56505, 6.67236, 6.78696, 6.90977, 7.04186, 7.18452, 7.33934, 7.50828, 7.69384, 7.89927, 8.12883, 8.38817, 8.68462, 9.02704, 9.4246, 9.88344, 10.4003, 10.9533, 11.4918, 11.9311, 12.1582, 12.0527, 11.521, 10.5331, 9.14236, 7.50163, 5.7867, 4.17996, 2.81886, 1.7705, 1.03375, 0.56024, 0.281473, 0.130972, 0.0563947, 0.0224552, 0.00826282, 0.00280734, 0.000878968, 0.000251808, 6.37296e-05, 1.06962e-05, 2.16948e-06, 4.67532e-07, 9.2773e-08, 1.69506e-08, 2.85171e-09, 4.41753e-10, 6.30096e-11, 8.2754e-12, 1.00075e-12, 1.11433e-13, 1.14251e-14, 1.07859e-15, 9.37581e-17, 7.50436e-18, 5.5306e-19, 3.75304e-20, 2.34503e-21, 1.34917e-22, 7.1472e-24, 3.48625e-25, 1.56579e-26, 6.47534e-28, 2.46572e-29, 8.64522e-31, 2.791e-32, 8.29654e-34, 2.27083e-35, 5.72302e-37, 1.32806e-38, 2.83765e-40, 5.58282e-42, 1.01134e-43, 1.68692e-45, 2.59084e-47, 3.66386e-49, 4.77075e-51, 5.71985e-53, 6.31442e-55, 6.41848e-57, 6.00731e-59, 5.177e-61, 4.10796e-63, 3.0014e-65, 2.01916e-67, 1.25074e-69, 7.13363e-72, 3.74632e-74, 1.81154e-76, 8.06562e-79, 3.30657e-81, 1.24815e-83, 4.33811e-86, 1.3883e-88, 4.09088e-91, 1.10993e-93, 2.77283e-96, 6.37819e-99, 1.35089e-101, 2.63444e-104, 4.73046e-107, 7.82106e-110, 1.19062e-112, 1.6689e-115, 2.15393e-118, 2.55965e-121, 2.80075e-124, 2.82173e-127, 2.61759e-130, 2.2358e-133, 1.75837e-136, 1.2733e-139, 8.48985e-143, 5.2121e-146, 2.94626e-149, 1.53346e-152, 7.34886e-156, 3.24274e-159, 1.31749e-162, 4.92865e-166, 1.69767e-169, 5.38419e-173, 1.57229e-176, 4.22754e-180, 1.04662e-183, 2.38578e-187, 5.00744e-191, 9.67709e-195, 1.72193e-198, 2.82119e-202, 4.25588e-206, 5.91139e-210, 7.56018e-214, 8.9026e-218, 9.6526e-222, 9.63637e-226, 8.85777e-230, 7.49683e-234, 5.84215e-238, 4.19188e-242, 2.7694e-246, 1.68463e-250, 9.43552e-255, 4.86594e-259, 2.31052e-263, 1.01017e-267, 4.06646e-272, 1.50723e-276, 5.14382e-281, 1.61633e-285, 4.67645e-290, 1.24578e-294, 3.05568e-299, 6.90102e-304, 1.43502e-308, 2.74754e-313, 4.8436e-318, 8.39912e-323, 0, 0, 0
3.18574, 3.18655, 3.18736, 3.18818, 3.18901, 3.18985, 3.1907, 3.19156, 3.19243, 3.19331, 3.19419, 3.19509, 3.19599, 3.1969, 3.19783, 3.19876, 3.1997, 3.20066, 3.20162, 3.20259, 3.20358, 3.20457, 3.20557, 3.20659, 3.20761, 3.20865, 3.20969, 3.21075, 3.21181, 3.21289, 3.21398, 3.21508, 3.21619, 3.21731, 3.21845, 3.21959, 3.22075, 3.22192, 3.2231, 3.22429, 3.22549, 3.22671, 3.22793, 3.22917, 3.23043, 3.23169, 3.23297, 3.23426, 3.23556, 3.23688, 3.23821, 3.23955, 3.24091, 3.24228, 3.24366, 3.24505, 3.24646, 3.24789, 3.24933, 3.25078, 3.25225, 3.25373, 3.25522, 3.25673, 3.25826, 3.2598, 3.26135, 3.26292, 3.26451, 3.26611, 3.26773, 3.26936, 3.27101, 3.27268, 3.27436, 3.27606, 3.27777, 3.27951, 3.28126, 3.28302, 3.28481, 3.28661, 3.28843, 3.29026, 3.29212, 3.29399, 3.29588, 3.29779, 3.29972, 3.30167, 3.30364, 3.30562, 3.30763, 3.30966, 3.3117, 3.31377, 3.31585, 3.31796, 3.32009, 3.32224, 3.32441, 3.3266, 3.32882, 3.33105, 3.33331, 3.33559, 3.3379, 3.34022, 3.34257, 3.34495, 3.34734, 3.34977, 3.35221, 3.35468, 3.35718, 3.3597, 3.36224, 3.36481, 3.36741, 3.37004, 3.37269, 3.37536, 3.37807, 3.3808, 3.38356, 3.38635, 3.38917, 3.39202, 3.39489, 3.3978, 3.40073, 3.4037, 3.40669, 3.40972, 3.41278, 3.41587, 3.41899, 3.42215, 3.42534, 3.42856, 3.43182, 3.43511, 3.43843, 3.4418, 3.44519, 3.44863, 3.45209, 3.4556, 3.45915, 3.46273, 3.46635, 3.47001, 3.47371, 3.47745, 3.48123, 3.48505, 3.48892, 3.49283, 3.49678, 3.50077, 3.50481, 3.50889, 3.51302, 3.51719, 3.52141, 3.52568, 3.53, 3.53437, 3.53878, 3.54325, 3.54776, 3.55233, 3.55696, 3.56163, 3.56636, 3.57114, 3.57598, 3.58088, 3.58584, 3.59085, 3.59592, 3.60106, 3.60625, 3.61151, 3.61683, 3.62221, 3.62766, 3.63318, 3.63876, 3.64441, 3.65014, 3.65593, 3.6618, 3.66774, 3.67375, 3.67984, 3.68601, 3.69225, 3.69858, 3.70498, 3.71147, 3.71805, 3.72471, 3.73145, 3.73829, 3.74522, 3.75224, 3.75935, 3.76656, 3.77386, 3.78127, 3.78878, 3.79639, 3.8041, 3.81193, 3.81986, 3.8279, 3.83606, 3.84434, 3.85273, 3.86124, 3.86988, 3.87865, 3.88754, 3.89656, 3.90572, 3.91502, 3.92445, 3.93403, 3.94376, 3.95363, 3.96366, 3.97385, 3.98419, 3.9947, 4.00538, 4.01623, 4.02725, 4.03846, 4.04985, 4.06143, 4.0732, 4.08517, 4.09734, 4.10972, 4.12232, 4.13513, 4.14817, 4.16144, 4.17495, 4.1887, 4.20271, 4.21697, 4.23149, 4.24629, 4.26136, 4.27673, 4.29239, 4.30836, 4.32464, 4.34124, 4.35818, 4.37546, 4.39309, 4.4111, 4.42948, 4.44825, 4.46742, 4.48701, 4.50704, 4.5275, 4.54843, 4.56984, 4.59174, 4.61415, 4.6371, 4.6606, 4.68467, 4.70933, 4.73462, 4.76055, 4.78714, 4.81444, 4.84246, 4.87124, 4.90081, 4.9312, 4.96246, 4.99462, 5.02772, 5.06182, 5.09695, 5.13317, 5.17053, 5.2091, 5.24894, 5.29011, 5.3327, 5.37677, 5.42242, 5.46973, 5.51882, 5.56979, 5.62276, 5.67787, 5.73525, 5.79507, 5.8575, 5.92274, 5.99099, 6.0625, 6.13754, 6.21639, 6.2994, 6.38694, 6.47945, 6.57741, 6.68139, 6.79204, 6.91013, 7.03653, 7.17232, 7.31875, 7.47736, 7.65004, 7.83917, 8.04779, 8.27991, 8.54095, 8.83831, 9.1821, 9.58552, 10.0641, 10.6326, 11.2974, 12.0447, 12.8255, 13.5444, 14.0612, 14.2126, 13.8549, 12.9148, 11.4274, 9.54067, 7.47985, 5.48584, 3.75266, 2.38875, 1.41235, 0.774511, 0.393481, 0.185025, 0.0804673, 0.0323454, 0.0120104, 0.00411661, 0.0013005, 0.000376622, 9.7371e-05, 1.8027e-05, 3.78147e-06, 8.16416e-07, 1.623e-07, 2.97083e-08, 5.00717e-09, 7.77072e-10, 1.11041e-10, 1.46103e-11, 1.77007e-12, 1.97457e-13, 2.0282e-14, 1.91823e-15, 1.67048e-16, 1.33948e-17, 9.88974e-19, 6.72334e-20, 4.2086e-21, 2.42572e-22, 1.28735e-23, 6.29079e-25, 2.83051e-26, 1.17267e-27, 4.47339e-29, 1.57126e-30, 5.08174e-32, 1.5133e-33, 4.14945e-35, 1.04762e-36, 2.43539e-38, 5.21295e-40, 1.02742e-41, 1.8645e-43, 3.11548e-45, 4.79332e-47, 6.79043e-49, 8.85742e-51, 1.06381e-52, 1.17645e-54, 1.19792e-56, 1.12313e-58, 9.69576e-61, 7.70692e-63, 5.64063e-65, 3.8012e-67, 2.35864e-69, 1.34757e-71, 7.089e-74, 3.43373e-76, 1.53142e-78, 6.28882e-81, 2.37788e-83, 8.2786e-86, 2.65381e-88, 7.83299e-91, 2.12878e-93, 5.32697e-96, 1.22737e-98, 2.60384e-101, 5.08625e-104, 9.14801e-107, 1.51496e-109, 2.31003e-112, 3.24324e-115, 4.19262e-118, 4.9904e-121, 5.46926e-124, 5.51907e-127, 5.12798e-130, 4.38703e-133, 3.45571e-136, 2.50638e-139, 1.67378e-142, 1.02919e-145, 5.82684e-149, 3.03748e-152, 1.45793e-155, 6.44317e-159, 2.62184e-162, 9.82323e-166, 3.38879e-169, 1.0764e-172, 3.1481e-176, 8.47739e-180, 2.10192e-183, 4.79858e-187, 1.00867e-190, 1.95221e-194, 3.47892e-198, 5.70825e-202, 8.62385e-206, 1.19961e-209, 1.53645e-213, 1.81191e-217, 1.96741e-221, 1.96695e-225, 1.81063e-229, 1.53464e-233, 1.19763e-237, 8.60555e-242, 5.69342e-246, 3.46822e-250, 1.94526e-254, 1.00459e-258, 4.77681e-263, 2.09134e-267, 8.43045e-272, 3.12907e-276, 1.06934e-280, 3.36478e-285, 9.74843e-290, 2.60046e-294, 6.3871e-299, 1.44442e-303, 3.00762e-308, 5.76618e-313, 1.01788e-317, 1.77864e-322, 0, 0, 0
209.96
177.19
 
MEASUREMENT 51
1.56305, 4.67879, 7.79453, 10.9103, 14.0312, 17.1469, 20.2679, 23.3784, 26.4796, 29.5859, 32.6913, 35.8071, 38.9228, 42.0385, 45.1595, 48.2752, 51.3909, 54.5067, 57.6224, 60.7381, 63.8435, 66.9593, 70.0698, 73.1752, 76.2806, 79.3859, 82.4913, 85.5967, 88.7021, 91.8074, 94.9128, 98.0182, 101.1, 104.148, 107.196, 110.244, 113.292, 116.339, 119.387, 122.435, 125.483, 128.531, 131.574, 134.622, 137.67, 140.718, 143.766, 146.814, 149.861, 152.909, 155.957, 159.005, 162.053, 165.101, 168.149, 171.197, 174.245, 177.293, 180.341, 183.389, 186.436, 189.484, 192.532, 195.58, 198.621, 201.655, 204.688, 207.722, 210.756, 213.794, 216.838, 219.882, 222.926, 225.97, 229.014, 232.058, 235.102, 238.145, 241.189, 244.233, 247.277, 250.321, 253.37, 256.424, 259.478, 262.532, 265.586, 268.64, 271.695, 274.749, 277.803, 280.857, 283.911, 286.97, 290.035, 293.099
2.83986, 2.83685, 2.82461, 2.97732, 2.8296, 2.85099, 3.07102, 3.07049, 3.03433, 3.06215, 3.09581, 3.15858, 3.16218, 3.20089, 3.19804, 3.22065, 3.33228, 3.36934, 3.40843, 3.46006, 3.09306, 3.42078, 3.43707, 3.42611, 3.50192, 3.50499, 3.52809, 3.52107, 3.57005, 3.31602, 3.62803, 3.17361, 3.64504, 3.6507, 3.68092, 3.69791, 3.7163, 3.74804, 3.78385, 3.80133, 3.80805, 3.8567, 3.91025, 3.91533, 3.95661, 4.02187, 4.08347, 4.12017, 4.15466, 4.19965, 4.28776, 4.35774, 4.44537, 4.50318, 4.59775, 4.81585, 4.89355, 4.95648, 5.15133, 5.40111, 5.58654, 5.9491, 6.30272, 6.98522, 8.90608, 10.1449, 11.4321, 10.4493, 5.36397, 1.22686, 0.10401, 0.00232834, 0.00440587, -0.00205793, -0.00233453, 0.000889293, 0.00228916, 0.00315746, -0.00489839, -0.00348776, -0.0101083, -0.0146683, -0.00126381, -0.0036209, -0.00465945, -0.0118796, 0.00209371, -0.0117196, -0.0036093, -0.000355073, -0.00117796, -0.00161582, -0.00664567, -0.0022723, -0.00849497, -0.0366861
0.0851958, 0.0851055, 0.0847384, 0.0893196, 0.0848879, 0.0855296, 0.0921307, 0.0921146, 0.0910299, 0.0918646, 0.0928742, 0.0947575, 0.0948653, 0.0960267, 0.0959411, 0.0966195, 0.0999684, 0.10108, 0.102253, 0.103802, 0.0927917, 0.102624, 0.103112, 0.102783, 0.105058, 0.10515, 0.105843, 0.105632, 0.107102, 0.0994806, 0.108841, 0.0952084, 0.109351, 0.109521, 0.110428, 0.110937, 0.111489, 0.112441, 0.113516, 0.11404, 0.114241, 0.115701, 0.117307, 0.11746, 0.118698, 0.120656, 0.122504, 0.123605, 0.12464, 0.125989, 0.128633, 0.130732, 0.133361, 0.135096, 0.137933, 0.144476, 0.146807, 0.148695, 0.15454, 0.162033, 0.167596, 0.178473, 0.189081, 0.209557, 0.267183, 0.304346, 0.342963, 0.313479, 0.160919, 0.0368058, 0.00312031, 6.98502e-05, 0.000132176, 6.1738e-05, 7.0036e-05, 2.66788e-05, 6.86747e-05, 9.47239e-05, 0.000146952, 0.000104633, 0.000303248, 0.000440048, 3.79144e-05, 0.000108627, 0.000139784, 0.000356388, 6.28114e-05, 0.000351588, 0.000108279, 1.06522e-05, 3.53387e-05, 4.84745e-05, 0.00019937, 6.81691e-05, 0.000254849, 0.00110058
0, 0.613815, 1.22763, 1.84144, 2.45526, 3.06907, 3.68289, 4.2967, 4.91052, 5.52433, 6.13815, 6.75196, 7.36578, 7.97959, 8.59341, 9.20722, 9.82104, 10.4349, 11.0487, 11.6625, 12.2763, 12.8901, 13.5039, 14.1177, 14.7316, 15.3454, 15.9592, 16.573, 17.1868, 17.8006, 18.4144, 19.0283, 19.6421, 20.2559, 20.8697, 21.4835, 22.0973, 22.7111, 23.325, 23.9388, 24.5526, 25.1664, 25.7802, 26.394, 27.0078, 27.6217, 28.2355, 28.8493, 29.4631, 30.0769, 30.6907, 31.3046, 31.9184, 32.5322, 33.146, 33.7598, 34.3736, 34.9874, 35.6013, 36.2151, 36.8289, 37.4427, 38.0565, 38.6703, 39.2841, 39.898, 40.5118, 41.1256, 41.7394, 42.3532, 42.967, 43.5808, 44.1947, 44.8085, 45.4223, 46.0361, 46.6499, 47.2637, 47.8775, 48.4914, 49.1052, 49.719, 50.3328, 50.9466, 51.5604, 52.1743, 52.7881, 53.4019, 54.0157, 54.6295, 55.2433, 55.8571, 56.471, 57.0848, 57.6986, 58.3124, 58.9262, 59.54, 60.1538, 60.7677, 61.3815, 61.9953, 62.6091, 63.2229, 63.8367, 64.4505, 65.0644, 65.6782, 66.292, 66.9058, 67.5196, 68.1334, 68.7473, 69.3611, 69.9749, 70.5887, 71.2025, 71.8163, 72.4301, 73.044, 73.6578, 74.2716, 74.8854, 75.4992, 76.113, 76.7268, 77.3407, 77.9545, 78.5683, 79.1821, 79.7959, 80.4097, 81.0235, 81.6374, 82.2512, 82.865, 83.4788, 84.0926, 84.7064, 85.3202, 85.9341, 86.5479, 87.1617, 87.7755, 88.3893, 89.0031, 89.617, 90.2308, 90.8446, 91.4584, 92.0722, 92.686, 93.2998, 93.9137, 94.5275, 95.1413, 95.7551, 96.3689, 96.9827, 97.5965, 98.2104, 98.8242, 99.438, 100.052, 100.666, 101.279, 101.893, 102.507, 103.121, 103.735, 104.349, 104.962, 105.576, 106.19, 106.804, 107.418, 108.031, 108.645, 109.259, 109.873, 110.487, 111.1, 111.714, 112.328, 112.942, 113.556, 114.17, 114.783, 115.397, 116.011, 116.625, 117.239, 117.852, 118.466, 119.08, 119.694, 120.308, 120.922, 121.535, 122.149, 122.763, 123.377, 123.991, 124.604, 125.218, 125.832, 126.446, 127.06, 127.673, 128.287, 128.901, 129.515, 130.129, 130.743, 131.356, 131.97, 132.584, 133.198, 133.812, 134.425, 135.039, 135.653, 136.267, 136.881, 137.495, 138.108, 138.722, 139.336, 139.95, 140.564, 141.177, 141.791, 142.405, 143.019, 143.633, 144.246, 144.86, 145.474, 146.088, 146.702, 147.316, 147.929, 148.543, 149.157, 149.771, 150.385, 150.998, 151.612, 152.226, 152.84, 153.454, 154.068, 154.681, 155.295, 155.909, 156.523, 157.137, 157.75, 158.364, 158.978, 159.592, 160.206, 160.819, 161.433, 162.047, 162.661, 163.275, 163.889, 164.502, 165.116, 165.73, 166.344, 166.958, 167.571, 168.185, 168.799, 169.413, 170.027, 170.64, 171.254, 171.868, 172.482, 173.096, 173.71, 174.323, 174.937, 175.551, 176.165, 176.779, 177.392, 178.006, 178.62, 179.234, 179.848, 180.462, 181.075, 181.689, 182.303, 182.917, 183.531, 184.144, 184.758, 185.372, 185.986, 186.6, 187.213, 187.827, 188.441, 189.055, 189.669, 190.283, 190.896, 191.51, 192.124, 192.738, 193.352, 193.965, 194.579, 195.193, 195.807, 196.421, 197.035, 197.648, 198.262, 198.876, 199.49, 200.104, 200.717, 201.331, 201.945, 202.559, 203.173, 203.786, 204.4, 205.014, 205.628, 206.242, 206.856, 207.469, 208.083, 208.697, 209.311, 209.925, 210.538, 211.152, 211.766, 212.38, 212.994, 213.608, 214.221, 214.835, 215.449, 216.063, 216.677, 217.29, 217.904, 218.518, 219.132, 219.746, 220.359, 220.973, 221.587, 222.201, 222.815, 223.429, 224.042, 224.656, 225.27, 225.884, 226.498, 227.111, 227.725, 228.339, 228.953, 229.567, 230.181, 230.794, 231.408, 232.022, 232.636, 233.25, 233.863, 234.477, 235.091, 235.705, 236.319, 236.932, 237.546, 238.16, 238.774, 239.388, 240.002, 240.615, 241.229, 241.843, 242.457, 243.071, 243.684, 244.298, 244.912, 245.526, 246.14, 246.754, 247.367, 247.981, 248.595, 249.209, 249.823, 250.436, 251.05, 251.664, 252.278, 252.892, 253.505, 254.119, 254.733, 255.347, 255.961, 256.575, 257.188, 257.802, 258.416, 259.03, 259.644, 260.257, 260.871, 261.485, 262.099, 262.713, 263.327, 263.94, 264.554, 265.168, 265.782, 266.396, 267.009, 267.623, 268.237, 268.851, 269.465, 270.078, 270.692, 271.306, 271.92, 272.534, 273.148, 273.761, 274.375, 274.989, 275.603, 276.217, 276.83, 277.444, 278.058, 278.672, 279.286, 279.9, 280.513, 281.127, 281.741, 282.355, 282.969, 283.582, 284.196, 284.81, 285.424, 286.038, 286.651, 287.265, 287.879, 288.493, 289.107, 289.721, 290.334, 290.948, 291.562, 292.176, 292.79, 293.403, 294.017
3.16227, 3.16307, 3.16388, 3.16469, 3.16551, 3.16635, 3.16719, 3.16804, 3.1689, 3.16977, 3.17064, 3.17153, 3.17243, 3.17333, 3.17425, 3.17518, 3.17611, 3.17706, 3.17801, 3.17898, 3.17995, 3.18094, 3.18193, 3.18294, 3.18395, 3.18498, 3.18602, 3.18706, 3.18812, 3.18919, 3.19027, 3.19136, 3.19247, 3.19358, 3.1947, 3.19584, 3.19699, 3.19815, 3.19932, 3.2005, 3.2017, 3.20291, 3.20412, 3.20536, 3.2066, 3.20786, 3.20912, 3.21041, 3.2117, 3.21301, 3.21433, 3.21566, 3.21701, 3.21837, 3.21974, 3.22113, 3.22253, 3.22395, 3.22537, 3.22682, 3.22828, 3.22975, 3.23123, 3.23274, 3.23425, 3.23578, 3.23733, 3.23889, 3.24047, 3.24206, 3.24367, 3.24529, 3.24693, 3.24859, 3.25026, 3.25195, 3.25365, 3.25538, 3.25712, 3.25887, 3.26065, 3.26244, 3.26425, 3.26608, 3.26792, 3.26978, 3.27167, 3.27357, 3.27549, 3.27742, 3.27938, 3.28136, 3.28335, 3.28537, 3.28741, 3.28946, 3.29154, 3.29364, 3.29576, 3.2979, 3.30006, 3.30224, 3.30444, 3.30667, 3.30892, 3.31119, 3.31348, 3.3158, 3.31814, 3.3205, 3.32289, 3.3253, 3.32774, 3.3302, 3.33268, 3.33519, 3.33773, 3.34029, 3.34288, 3.34549, 3.34813, 3.3508, 3.3535, 3.35622, 3.35897, 3.36175, 3.36456, 3.36739, 3.37026, 3.37316, 3.37608, 3.37904, 3.38202, 3.38504, 3.38809, 3.39117, 3.39429, 3.39743, 3.40061, 3.40383, 3.40707, 3.41036, 3.41367, 3.41702, 3.42041, 3.42384, 3.4273, 3.4308, 3.43433, 3.43791, 3.44152, 3.44517, 3.44886, 3.4526, 3.45637, 3.46018, 3.46404, 3.46794, 3.47188, 3.47587, 3.4799, 3.48398, 3.4881, 3.49226, 3.49648, 3.50074, 3.50505, 3.50941, 3.51382, 3.51828, 3.5228, 3.52736, 3.53198, 3.53665, 3.54137, 3.54615, 3.55099, 3.55588, 3.56083, 3.56584, 3.57091, 3.57605, 3.58124, 3.58649, 3.59181, 3.5972, 3.60265, 3.60816, 3.61375, 3.6194, 3.62512, 3.63092, 3.63679, 3.64273, 3.64875, 3.65484, 3.66101, 3.66726, 3.67359, 3.68, 3.6865, 3.69308, 3.69975, 3.70651, 3.71335, 3.72029, 3.72732, 3.73444, 3.74167, 3.74899, 3.75641, 3.76393, 3.77156, 3.77929, 3.78713, 3.79509, 3.80315, 3.81133, 3.81963, 3.82805, 3.83659, 3.84526, 3.85405, 3.86297, 3.87203, 3.88123, 3.89056, 3.90003, 3.90965, 3.91942, 3.92934, 3.93941, 3.94965, 3.96004, 3.97061, 3.98134, 3.99225, 4.00333, 4.0146, 4.02606, 4.03771, 4.04955, 4.0616, 4.07386, 4.08632, 4.09901, 4.11192, 4.12505, 4.13843, 4.15204, 4.16591, 4.18003, 4.19441, 4.20906, 4.224, 4.23921, 4.25473, 4.27054, 4.28667, 4.30312, 4.31991, 4.33703, 4.35451, 4.37235, 4.39057, 4.40918, 4.42819, 4.44762, 4.46747, 4.48777, 4.50853, 4.52977, 4.5515, 4.57374, 4.59651, 4.61984, 4.64373, 4.66823, 4.69334, 4.71909, 4.74552, 4.77264, 4.80049, 4.8291, 4.8585, 4.88873, 4.91983, 4.95183, 4.98479, 5.01874, 5.05373, 5.08982, 5.12707, 5.16553, 5.20527, 5.24636, 5.28888, 5.33291, 5.37854, 5.42586, 5.47499, 5.52603, 5.57912, 5.63439, 5.69199, 5.7521, 5.81489, 5.88057, 5.94938, 6.02157, 6.09743, 6.17727, 6.26149, 6.35048, 6.44474, 6.54483, 6.65139, 6.76519, 6.88715, 7.01836, 7.16014, 7.31418, 7.48256, 7.66792, 7.87361, 8.10383, 8.36361, 8.65862, 8.99444, 9.37525, 9.80151, 10.267, 10.7551, 11.2361, 11.6658, 11.9873, 12.1368, 12.0539, 11.6932, 11.0358, 10.0962, 8.9269, 7.62059, 6.26032, 4.94039, 3.73981, 2.7123, 1.88272, 1.24978, 0.792824, 0.480354, 0.277825, 0.153329, 0.0807169, 0.0405186, 0.0193896, 0.00884267, 0.00384177, 0.00158894, 0.000624536, 0.000232017, 7.98519e-05, 2.30707e-05, 5.02537e-06, 1.58335e-06, 4.7457e-07, 1.35295e-07, 3.66874e-08, 9.46259e-09, 2.32145e-09, 5.41707e-10, 1.20234e-10, 2.5383e-11, 5.09703e-12, 9.73524e-13, 1.76861e-13, 3.05615e-14, 5.02311e-15, 7.85284e-16, 1.16771e-16, 1.65159e-17, 2.2219e-18, 2.84316e-19, 3.46047e-20, 4.00612e-21, 4.41132e-22, 4.62029e-23, 4.60284e-24, 4.36152e-25, 3.93102e-26, 3.36999e-27, 2.74794e-28, 2.13128e-29, 1.57228e-30, 1.10326e-31, 7.36337e-33, 4.67447e-34, 2.82256e-35, 1.6211e-36, 8.85589e-38, 4.60161e-39, 2.27427e-40, 1.06913e-41, 4.78049e-43, 2.03315e-44, 8.22476e-46, 3.16469e-47, 1.15823e-48, 4.03192e-50, 1.33501e-51, 4.20448e-53, 1.25949e-54, 3.58866e-56, 9.72579e-58, 2.5071e-59, 6.14715e-61, 1.43361e-62, 3.1801e-64, 6.70976e-66, 1.34656e-67, 2.57041e-69, 4.66693e-71, 8.05963e-73, 1.32389e-74, 2.06846e-76, 3.07392e-78, 4.34505e-80, 5.84185e-82, 7.47068e-84, 9.08708e-86, 1.05134e-87, 1.15695e-89, 1.21099e-91, 1.20565e-93, 1.14171e-95, 1.02836e-97, 8.81026e-100, 7.17935e-102, 5.56462e-104, 4.10242e-106, 2.87673e-108, 1.91872e-110, 1.21724e-112, 7.34507e-115, 4.21569e-117, 2.30142e-119, 1.19502e-121, 5.90215e-124, 2.77267e-126, 1.23891e-128, 5.26543e-131, 2.12854e-133, 8.18433e-136, 2.99321e-138, 1.04123e-140, 3.44514e-143, 1.08423e-145, 3.24556e-148, 9.24083e-151, 2.50256e-153, 6.44633e-156, 1.5794e-158, 3.68067e-161, 8.15855e-164, 1.72009e-166, 3.44941e-169, 6.57946e-172, 1.19368e-174, 2.05987e-177, 3.38098e-180, 5.27837e-183, 7.83807e-186, 1.10706e-188, 1.48726e-191, 1.90044e-194, 2.3098e-197, 2.67021e-200, 2.9361e-203, 3.07078e-206, 3.05477e-209
3.16227, 3.16308, 3.1639, 3.16473, 3.16557, 3.16642, 3.16727, 3.16814, 3.16901, 3.1699, 3.17079, 3.17169, 3.1726, 3.17353, 3.17446, 3.1754, 3.17635, 3.17731, 3.17828, 3.17926, 3.18025, 3.18125, 3.18226, 3.18328, 3.18432, 3.18536, 3.18641, 3.18748, 3.18855, 3.18964, 3.19073, 3.19184, 3.19296, 3.19409, 3.19523, 3.19639, 3.19755, 3.19873, 3.19992, 3.20112, 3.20233, 3.20356, 3.20479, 3.20604, 3.2073, 3.20858, 3.20986, 3.21116, 3.21248, 3.2138, 3.21514, 3.21649, 3.21786, 3.21924, 3.22063, 3.22204, 3.22346, 3.22489, 3.22634, 3.2278, 3.22928, 3.23077, 3.23228, 3.2338, 3.23533, 3.23689, 3.23845, 3.24003, 3.24163, 3.24325, 3.24487, 3.24652, 3.24818, 3.24986, 3.25155, 3.25326, 3.25499, 3.25673, 3.2585, 3.26028, 3.26207, 3.26389, 3.26572, 3.26757, 3.26944, 3.27132, 3.27323, 3.27515, 3.27709, 3.27906, 3.28104, 3.28304, 3.28506, 3.2871, 3.28916, 3.29124, 3.29334, 3.29547, 3.29761, 3.29978, 3.30196, 3.30417, 3.3064, 3.30865, 3.31093, 3.31323, 3.31555, 3.31789, 3.32026, 3.32265, 3.32507, 3.32751, 3.32997, 3.33246, 3.33497, 3.33751, 3.34008, 3.34267, 3.34529, 3.34793, 3.3506, 3.3533, 3.35603, 3.35878, 3.36156, 3.36437, 3.36721, 3.37008, 3.37298, 3.37591, 3.37887, 3.38186, 3.38488, 3.38793, 3.39101, 3.39413, 3.39728, 3.40046, 3.40368, 3.40693, 3.41021, 3.41353, 3.41688, 3.42027, 3.4237, 3.42716, 3.43066, 3.4342, 3.43777, 3.44139, 3.44504, 3.44873, 3.45246, 3.45624, 3.46005, 3.46391, 3.46781, 3.47175, 3.47574, 3.47977, 3.48384, 3.48797, 3.49213, 3.49635, 3.50061, 3.50492, 3.50928, 3.51368, 3.51814, 3.52265, 3.52722, 3.53183, 3.5365, 3.54122, 3.546, 3.55083, 3.55572, 3.56067, 3.56568, 3.57074, 3.57587, 3.58106, 3.58631, 3.59162, 3.597, 3.60244, 3.60795, 3.61353, 3.61918, 3.62489, 3.63068, 3.63654, 3.64247, 3.64848, 3.65457, 3.66073, 3.66697, 3.67329, 3.67969, 3.68618, 3.69275, 3.6994, 3.70615, 3.71298, 3.7199, 3.72692, 3.73403, 3.74124, 3.74854, 3.75595, 3.76345, 3.77106, 3.77878, 3.7866, 3.79453, 3.80258, 3.81074, 3.81901, 3.82741, 3.83593, 3.84457, 3.85334, 3.86223, 3.87126, 3.88043, 3.88973, 3.89917, 3.90876, 3.9185, 3.92838, 3.93842, 3.94862, 3.95898, 3.9695, 3.98019, 3.99106, 4.0021, 4.01332, 4.02473, 4.03633, 4.04812, 4.06011, 4.07231, 4.08472, 4.09735, 4.11019, 4.12327, 4.13657, 4.15012, 4.16391, 4.17795, 4.19226, 4.20683, 4.22167, 4.2368, 4.25222, 4.26794, 4.28397, 4.30032, 4.31699, 4.334, 4.35136, 4.36908, 4.38717, 4.40564, 4.42451, 4.44379, 4.46349, 4.48363, 4.50422, 4.52528, 4.54682, 4.56887, 4.59144, 4.61455, 4.63822, 4.66248, 4.68734, 4.71283, 4.73898, 4.76582, 4.79336, 4.82165, 4.85072, 4.88059, 4.91131, 4.94291, 4.97544, 5.00894, 5.04345, 5.07904, 5.11575, 5.15363, 5.19276, 5.2332, 5.27503, 5.31831, 5.36314, 5.40961, 5.45781, 5.50787, 5.55989, 5.614, 5.67035, 5.7291, 5.79042, 5.8545, 5.92155, 5.99182, 6.06556, 6.14307, 6.2247, 6.31083, 6.40188, 6.49837, 6.60088, 6.71008, 6.82676, 6.95189, 7.08661, 7.23232, 7.39078, 7.56418, 7.75537, 7.96795, 8.20651, 8.47666, 8.78487, 9.13786, 9.54115, 9.99682, 10.5001, 11.0356, 11.5735, 12.0683, 12.4595, 12.6781, 12.6568, 12.343, 11.7116, 10.7744, 9.58175, 8.21616, 6.77862, 5.3715, 4.08224, 2.97185, 2.07036, 1.37911, 0.877773, 0.533518, 0.309518, 0.171323, 0.0904452, 0.0455262, 0.0218435, 0.0099873, 0.00434995, 0.00180366, 0.000710844, 0.000265019, 9.17674e-05, 2.69975e-05, 6.14231e-06, 1.93363e-06, 5.79853e-07, 1.65394e-07, 4.48721e-08, 1.15795e-08, 2.84223e-09, 6.63568e-10, 1.47356e-10, 3.11248e-11, 6.25317e-12, 1.19495e-12, 2.17199e-13, 3.75509e-14, 6.17502e-15, 9.65857e-16, 1.43695e-16, 2.03343e-17, 2.73697e-18, 3.50404e-19, 4.26699e-20, 4.94232e-21, 5.44497e-22, 5.70579e-23, 5.68711e-24, 5.39167e-25, 4.86195e-26, 4.17016e-27, 3.40213e-28, 2.64e-29, 1.94855e-30, 1.36797e-31, 9.13473e-33, 5.8019e-34, 3.50509e-35, 2.01412e-36, 1.10084e-37, 5.72294e-39, 2.82989e-40, 1.33099e-41, 5.95435e-43, 2.53366e-44, 1.02546e-45, 3.94769e-47, 1.44552e-48, 5.03451e-50, 1.66781e-51, 5.25521e-53, 1.57503e-54, 4.48994e-56, 1.21744e-57, 3.13986e-59, 7.70241e-61, 1.79721e-62, 3.98862e-64, 8.41982e-66, 1.69058e-67, 3.22868e-69, 5.86499e-71, 1.01336e-72, 1.66539e-74, 2.60328e-76, 3.87061e-78, 5.47385e-80, 7.36309e-82, 9.42066e-84, 1.14645e-85, 1.32705e-87, 1.46106e-89, 1.53005e-91, 1.52404e-93, 1.44391e-95, 1.30118e-97, 1.1153e-99, 9.09276e-102, 7.05106e-104, 5.20076e-106, 3.64866e-108, 2.43474e-110, 1.54534e-112, 9.32936e-115, 5.35712e-117, 2.92593e-119, 1.52002e-121, 7.51087e-124, 3.53007e-126, 1.57808e-128, 6.71008e-131, 2.71381e-133, 1.04396e-135, 3.81982e-138, 1.3294e-140, 4.40067e-143, 1.38559e-145, 4.1496e-148, 1.18203e-150, 3.20261e-153, 8.25339e-156, 2.02308e-158, 4.7168e-161, 1.046e-163, 2.20634e-166, 4.42654e-169, 8.44712e-172, 1.53322e-174, 2.647e-177, 4.34666e-180, 6.78906e-183, 1.00859e-185, 1.4252e-188, 1.91552e-191, 2.44878e-194, 2.97759e-197, 3.44376e-200, 3.78837e-203, 3.96391e-206, 3.94501e-209
209.05
176.75
 
MEASUREMENT 52
1.56305, 4.67879, 7.79453, 10.9103, 14.0312, 17.1469, 20.2679, 23.3784, 26.4796, 29.5859, 32.6913, 35.8071, 38.9228, 42.0385, 45.1595, 48.2752, 51.3909, 54.5067, 57.6224, 60.7381, 63.8435, 66.9593, 70.0698, 73.1752, 76.2806, 79.3859, 82.4913, 85.5967, 88.7021, 91.8074, 94.9128, 98.0182, 101.1, 104.148, 107.196, 110.244, 113.292, 116.339, 119.387, 122.435, 125.483, 128.531, 131.574, 134.622, 137.67, 140.718, 143.766, 146.814, 149.861, 152.909, 155.957, 159.005, 162.053, 165.101, 168.149, 171.197, 174.245, 177.293, 180.341, 183.389, 186.436, 189.484, 192.532, 195.58, 198.621, 201.655, 204.688, 207.722, 210.756, 213.794, 216.838, 219.882, 222.926, 225.97, 229.014, 232.058, 235.102, 238.145, 241.189, 244.233, 247.277, 250.321, 253.37, 256.424, 259.478, 262.532, 265.586, 268.64, 271.695, 274.749, 277.803, 280.857, 283.911, 286.97, 290.035, 293.099
2.84071, 2.83442, 2.82642, 2.9794, 2.8267, 2.85824, 3.07136, 3.0742, 3.03623, 3.0681, 3.08714, 3.16593, 3.16406, 3.20487, 3.19495, 3.2268, 3.32658, 3.36955, 3.42934, 3.45918, 3.1328, 3.42404, 3.43059, 3.43315, 3.49676, 3.51193, 3.53166, 3.52423, 3.57524, 3.31079, 3.63131, 3.17661, 3.64594, 3.64993, 3.68296, 3.70071, 3.71863, 3.74902, 3.78802, 3.80262, 3.82097, 3.85911, 3.9147, 3.92024, 3.96828, 4.02786, 4.08922, 4.12659, 4.16748, 4.20398, 4.29466, 4.3644, 4.45313, 4.5071, 4.6003, 4.82087, 4.89473, 4.96544, 5.15996, 5.40348, 5.58154, 5.95475, 6.30962, 7.03476, 8.91686, 10.1581, 11.4451, 10.4558, 5.37017, 1.22423, 0.104205, 0.00398114, 0.00607243, -0.00117822, -0.00376805, 0.000359739, 0.00284754, 0.0018968, -0.00679589, -0.00313195, -0.0116954, -0.0164947, -0.00627049, -0.000335123, -0.00357689, -0.0109671, 0.00116635, -0.0128176, -0.00369599, 0.00085619, -0.000986649, 0.000874011, -0.00578297, -0.00381135, -0.00740749, -0.0350894
0.0852212, 0.0850326, 0.0847925, 0.0893821, 0.084801, 0.0857473, 0.0921407, 0.0922261, 0.0910869, 0.0920431, 0.0926142, 0.094978, 0.0949217, 0.096146, 0.0958485, 0.0968041, 0.0997973, 0.101086, 0.10288, 0.103775, 0.093984, 0.102721, 0.102918, 0.102995, 0.104903, 0.105358, 0.10595, 0.105727, 0.107257, 0.0993238, 0.108939, 0.0952982, 0.109378, 0.109498, 0.110489, 0.111021, 0.111559, 0.11247, 0.113641, 0.114079, 0.114629, 0.115773, 0.117441, 0.117607, 0.119048, 0.120836, 0.122676, 0.123798, 0.125024, 0.12612, 0.12884, 0.130932, 0.133594, 0.135213, 0.138009, 0.144626, 0.146842, 0.148963, 0.154799, 0.162104, 0.167446, 0.178642, 0.189289, 0.211043, 0.267506, 0.304744, 0.343354, 0.313673, 0.161105, 0.036727, 0.00312614, 0.000119434, 0.000182173, 3.53466e-05, 0.000113042, 1.07922e-05, 8.54263e-05, 5.6904e-05, 0.000203877, 9.39584e-05, 0.000350861, 0.000494841, 0.000188115, 1.00537e-05, 0.000107307, 0.000329012, 3.49906e-05, 0.000384528, 0.00011088, 2.56857e-05, 2.95995e-05, 2.62203e-05, 0.000173489, 0.000114341, 0.000222225, 0.00105268
0, 0.613815, 1.22763, 1.84144, 2.45526, 3.06907, 3.68289, 4.2967, 4.91052, 5.52433, 6.13815, 6.75196, 7.36578, 7.97959, 8.59341, 9.20722, 9.82104, 10.4349, 11.0487, 11.6625, 12.2763, 12.8901, 13.5039, 14.1177, 14.7316, 15.3454, 15.9592, 16.573, 17.1868, 17.8006, 18.4144, 19.0283, 19.6421, 20.2559, 20.8697, 21.4835, 22.0973, 22.7111, 23.325, 23.9388, 24.5526, 25.1664, 25.7802, 26.394, 27.0078, 27.6217, 28.2355, 28.8493, 29.4631, 30.0769, 30.6907, 31.3046, 31.9184, 32.5322, 33.146, 33.7598, 34.3736, 34.9874, 35.6013, 36.2151, 36.8289, 37.4427, 38.0565, 38.6703, 39.2841, 39.898, 40.5118, 41.1256, 41.7394, 42.3532, 42.967, 43.5808, 44.1947, 44.8085, 45.4223, 46.0361, 46.6499, 47.2637, 47.8775, 48.4914, 49.1052, 49.719, 50.3328, 50.9466, 51.5604, 52.1743, 52.7881, 53.4019, 54.0157, 54.6295, 55.2433, 55.8571, 56.471, 57.0848, 57.6986, 58.3124, 58.9262, 59.54, 60.1538, 60.7677, 61.3815, 61.9953, 62.6091, 63.2229, 63.8367, 64.4505, 65.0644, 65.6782, 66.292, 66.9058, 67.5196, 68.1334, 68.7473, 69.3611, 69.9749, 70.5887, 71.2025, 71.8163, 72.4301, 73.044, 73.6578, 74.2716, 74.8854, 75.4992, 76.113, 76.7268, 77.3407, 77.9545, 78.5683, 79.1821, 79.7959, 80.4097, 81.0235, 81.6374, 82.2512, 82.865, 83.4788, 84.0926, 84.7064, 85.3202, 85.9341, 86.5479, 87.1617, 87.7755, 88.3893, 89.0031, 89.617, 90.2308, 90.8446, 91.4584, 92.0722, 92.686, 93.2998, 93.9137, 94.5275, 95.1413, 95.7551, 96.3689, 96.9827, 97.5965, 98.2104, 98.8242, 99.438, 100.052, 100.666, 101.279, 101.893, 102.507, 103.121, 103.735, 104.349, 104.962, 105.576, 106.19, 106.804, 107.418, 108.031, 108.645, 109.259, 109.873, 110.487, 111.1, 111.714, 112.328, 112.942, 113.556, 114.17, 114.783, 115.397, 116.011, 116.625, 117.239, 117.852, 118.466, 119.08, 119.694, 120.308, 120.922, 121.535, 122.149, 122.763, 123.377, 123.991, 124.604, 125.218, 125.832, 126.446, 127.06, 127.673, 128.287, 128.901, 129.515, 130.129, 130.743, 131.356, 131.97, 132.584, 133.198, 133.812, 134.425, 135.039, 135.653, 136.267, 136.881, 137.495, 138.108, 138.722, 139.336, 139.95, 140.564, 141.177, 141.791, 142.405, 143.019, 143.633, 144.246, 144.86, 145.474, 146.088, 146.702, 147.316, 147.929, 148.543, 149.157, 149.771, 150.385, 150.998, 151.612, 152.226, 152.84, 153.454, 154.068, 154.681, 155.295, 155.909, 156.523, 157.137, 157.75, 158.364, 158.978, 159.592, 160.206, 160.819, 161.433, 162.047, 162.661, 163.275, 163.889, 164.502, 165.116, 165.73, 166.344, 166.958, 167.571, 168.185, 168.799, 169.413, 170.027, 170.64, 171.254, 171.868, 172.482, 173.096, 173.71, 174.323, 174.937, 175.551, 176.165, 176.779, 177.392, 178.006, 178.62, 179.234, 179.848, 180.462, 181.075, 181.689, 182.303, 182.917, 183.531, 184.144, 184.758, 185.372, 185.986, 186.6, 187.213, 187.827, 188.441, 189.055, 189.669, 190.283, 190.896, 191.51, 192.124, 192.738, 193.352, 193.965, 194.579, 195.193, 195.807, 196.421, 197.035, 197.648, 198.262, 198.876, 199.49, 200.104, 200.717, 201.331, 201.945, 202.559, 203.173, 203.786, 204.4, 205.014, 205.628, 206.242, 206.856, 207.469, 208.083, 208.697, 209.311, 209.925, 210.538, 211.152, 211.766, 212.38, 212.994, 213.608, 214.221, 214.835, 215.449, 216.063, 216.677, 217.29, 217.904, 218.518, 219.132, 219.746, 220.359, 220.973, 221.587, 222.201, 222.815, 223.429, 224.042, 224.656, 225.27, 225.884, 226.498, 227.111, 227.725, 228.339, 228.953, 229.567, 230.181, 230.794, 231.408, 232.022, 232.636, 233.25, 233.863, 234.477, 235.091, 235.705, 236.319, 236.932, 237.546, 238.16, 238.774, 239.388, 240.002, 240.615, 241.229, 241.843, 242.457, 243.071, 243.684, 244.298, 244.912, 245.526, 246.14, 246.754, 247.367, 247.981, 248.595, 249.209, 249.823, 250.436, 251.05, 251.664, 252.278, 252.892, 253.505, 254.119, 254.733, 255.347, 255.961, 256.575, 257.188, 257.802, 258.416, 259.03, 259.644, 260.257, 260.871, 261.485, 262.099, 262.713, 263.327, 263.94, 264.554, 265.168, 265.782, 266.396, 267.009, 267.623, 268.237, 268.851, 269.465, 270.078, 270.692, 271.306, 271.92, 272.534, 273.148, 273.761, 274.375, 274.989, 275.603, 276.217, 276.83, 277.444, 278.058, 278.672, 279.286, 279.9, 280.513, 281.127, 281.741, 282.355, 282.969, 283.582, 284.196, 284.81, 285.424, 286.038, 286.651, 287.265, 287.879, 288.493, 289.107, 289.721, 290.334, 290.948, 291.562, 292.176, 292.79, 293.403, 294.017
3.1649, 3.1657, 3.16651, 3.16733, 3.16816, 3.16899, 3.16984, 3.1707, 3.17156, 3.17243, 3.17332, 3.17421, 3.17511, 3.17602, 3.17694, 3.17788, 3.17882, 3.17977, 3.18073, 3.1817, 3.18268, 3.18367, 3.18467, 3.18568, 3.1867, 3.18773, 3.18878, 3.18983, 3.19089, 3.19197, 3.19306, 3.19415, 3.19526, 3.19638, 3.19751, 3.19866, 3.19981, 3.20098, 3.20215, 3.20334, 3.20455, 3.20576, 3.20698, 3.20822, 3.20947, 3.21074, 3.21201, 3.2133, 3.2146, 3.21592, 3.21724, 3.21858, 3.21994, 3.22131, 3.22269, 3.22408, 3.22549, 3.22691, 3.22835, 3.2298, 3.23127, 3.23275, 3.23424, 3.23575, 3.23727, 3.23881, 3.24037, 3.24194, 3.24352, 3.24512, 3.24674, 3.24837, 3.25002, 3.25169, 3.25337, 3.25507, 3.25678, 3.25851, 3.26026, 3.26203, 3.26381, 3.26561, 3.26743, 3.26927, 3.27113, 3.273, 3.27489, 3.2768, 3.27873, 3.28068, 3.28265, 3.28464, 3.28664, 3.28867, 3.29072, 3.29278, 3.29487, 3.29698, 3.29911, 3.30126, 3.30344, 3.30563, 3.30785, 3.31008, 3.31235, 3.31463, 3.31694, 3.31926, 3.32162, 3.32399, 3.32639, 3.32882, 3.33127, 3.33374, 3.33624, 3.33877, 3.34132, 3.34389, 3.34649, 3.34912, 3.35178, 3.35446, 3.35717, 3.35991, 3.36268, 3.36547, 3.36829, 3.37115, 3.37403, 3.37694, 3.37988, 3.38286, 3.38586, 3.3889, 3.39196, 3.39506, 3.39819, 3.40136, 3.40456, 3.40779, 3.41105, 3.41436, 3.41769, 3.42106, 3.42447, 3.42791, 3.4314, 3.43491, 3.43847, 3.44207, 3.4457, 3.44937, 3.45309, 3.45684, 3.46064, 3.46448, 3.46836, 3.47228, 3.47625, 3.48026, 3.48431, 3.48841, 3.49256, 3.49675, 3.50099, 3.50528, 3.50962, 3.51401, 3.51844, 3.52293, 3.52747, 3.53207, 3.53671, 3.54141, 3.54617, 3.55098, 3.55584, 3.56077, 3.56575, 3.5708, 3.5759, 3.58106, 3.58629, 3.59158, 3.59693, 3.60235, 3.60784, 3.61339, 3.61901, 3.6247, 3.63047, 3.6363, 3.64221, 3.64819, 3.65425, 3.66038, 3.6666, 3.67289, 3.67927, 3.68573, 3.69227, 3.6989, 3.70561, 3.71242, 3.71931, 3.7263, 3.73338, 3.74056, 3.74783, 3.75521, 3.76268, 3.77026, 3.77794, 3.78574, 3.79364, 3.80165, 3.80978, 3.81802, 3.82639, 3.83487, 3.84348, 3.85221, 3.86108, 3.87007, 3.8792, 3.88847, 3.89788, 3.90743, 3.91713, 3.92698, 3.93698, 3.94714, 3.95746, 3.96795, 3.9786, 3.98943, 4.00043, 4.01162, 4.02299, 4.03455, 4.0463, 4.05825, 4.07041, 4.08278, 4.09536, 4.10817, 4.1212, 4.13446, 4.14797, 4.16172, 4.17572, 4.18998, 4.20451, 4.21931, 4.23439, 4.24977, 4.26544, 4.28143, 4.29773, 4.31436, 4.33132, 4.34864, 4.36631, 4.38436, 4.40279, 4.42161, 4.44084, 4.4605, 4.48059, 4.50114, 4.52215, 4.54366, 4.56566, 4.58819, 4.61126, 4.63489, 4.65911, 4.68394, 4.7094, 4.73551, 4.76232, 4.78983, 4.8181, 4.84714, 4.87699, 4.90769, 4.93928, 4.9718, 5.0053, 5.03982, 5.07541, 5.11214, 5.15005, 5.18922, 5.2297, 5.27158, 5.31494, 5.35986, 5.40643, 5.45476, 5.50496, 5.55715, 5.61147, 5.66806, 5.72708, 5.78871, 5.85316, 5.92065, 5.99141, 6.06573, 6.14393, 6.22635, 6.31341, 6.40556, 6.50336, 6.60741, 6.71847, 6.83742, 6.9653, 7.10343, 7.2534, 7.41722, 7.59739, 7.79702, 8.01986, 8.27027, 8.55287, 8.87192, 9.2301, 9.62673, 10.0555, 10.502, 10.9416, 11.3388, 11.6484, 11.8194, 11.802, 11.5555, 11.0572, 10.3081, 9.33385, 8.20298, 6.98044, 5.73988, 4.55448, 3.48332, 2.56537, 1.81785, 1.23857, 0.810941, 0.509978, 0.307913, 0.178427, 0.0992021, 0.0529039, 0.0270557, 0.0132657, 0.00623431, 0.00280717, 0.00121014, 0.000498488, 0.000195062, 7.10378e-05, 2.1904e-05, 4.98841e-06, 1.69675e-06, 5.5238e-07, 1.72094e-07, 5.13097e-08, 1.464e-08, 3.9975e-09, 1.04458e-09, 2.61219e-10, 6.25135e-11, 1.43169e-11, 3.13784e-12, 6.58143e-13, 1.32104e-13, 2.53757e-14, 4.66474e-15, 8.20622e-16, 1.38155e-16, 2.22585e-17, 3.43187e-18, 5.06376e-19, 7.15026e-20, 9.66223e-21, 1.24951e-21, 1.54635e-22, 1.8314e-23, 2.0757e-24, 2.2514e-25, 2.33694e-26, 2.32139e-27, 2.20676e-28, 2.00756e-29, 1.74779e-30, 1.45618e-31, 1.16104e-32, 8.85902e-34, 6.46891e-35, 4.52045e-36, 3.02301e-37, 1.93465e-38, 1.18488e-39, 6.94463e-41, 3.89521e-42, 2.09083e-43, 1.07402e-44, 5.27975e-46, 2.48382e-47, 1.11823e-48, 4.81782e-50, 1.98643e-51, 7.83799e-53, 2.95965e-54, 1.0695e-55, 3.69854e-57, 1.22401e-58, 3.87653e-60, 1.17492e-61, 3.40784e-63, 9.45923e-65, 2.51269e-66, 6.38743e-68, 1.55389e-69, 3.61759e-71, 8.0598e-73, 1.71844e-74, 3.50632e-76, 6.84656e-78, 1.27938e-79, 2.28788e-81, 3.91535e-83, 6.41231e-85, 1.00499e-86, 1.50736e-88, 2.1636e-90, 2.97196e-92, 3.90673e-94, 4.91461e-96, 5.91657e-98, 6.81642e-100, 7.51533e-102, 7.92948e-104, 8.00658e-106, 7.73667e-108, 7.15429e-110, 6.33116e-112, 5.36174e-114, 4.34544e-116, 3.37028e-118, 2.50152e-120, 1.77683e-122, 1.2078e-124, 7.85681e-127, 4.89107e-129, 2.91384e-131, 1.66124e-133, 9.06369e-136, 4.7324e-138, 2.36463e-140, 1.13071e-142, 5.17417e-145, 2.26588e-147, 9.49592e-150, 3.8084e-152, 1.46168e-154, 5.36867e-157, 1.88706e-159, 6.3476e-162, 2.04333e-164, 6.29463e-167, 1.8557e-169, 5.23539e-172, 1.4135e-174, 3.65213e-177, 9.03028e-180, 2.13678e-182, 4.83865e-185
3.1649, 3.16571, 3.16654, 3.16737, 3.16822, 3.16907, 3.16993, 3.1708, 3.17168, 3.17257, 3.17346, 3.17437, 3.17529, 3.17622, 3.17715, 3.1781, 3.17905, 3.18002, 3.181, 3.18198, 3.18298, 3.18398, 3.185, 3.18603, 3.18707, 3.18812, 3.18917, 3.19024, 3.19132, 3.19242, 3.19352, 3.19463, 3.19576, 3.1969, 3.19804, 3.1992, 3.20038, 3.20156, 3.20275, 3.20396, 3.20518, 3.20641, 3.20765, 3.20891, 3.21018, 3.21146, 3.21275, 3.21406, 3.21538, 3.21671, 3.21806, 3.21942, 3.22079, 3.22218, 3.22358, 3.22499, 3.22642, 3.22786, 3.22932, 3.23079, 3.23227, 3.23377, 3.23529, 3.23682, 3.23836, 3.23992, 3.2415, 3.24309, 3.24469, 3.24631, 3.24795, 3.24961, 3.25128, 3.25296, 3.25467, 3.25639, 3.25812, 3.25988, 3.26165, 3.26344, 3.26524, 3.26707, 3.26891, 3.27077, 3.27264, 3.27454, 3.27646, 3.27839, 3.28034, 3.28232, 3.28431, 3.28632, 3.28835, 3.2904, 3.29248, 3.29457, 3.29668, 3.29882, 3.30097, 3.30315, 3.30535, 3.30757, 3.30981, 3.31208, 3.31436, 3.31667, 3.31901, 3.32136, 3.32374, 3.32615, 3.32858, 3.33103, 3.33351, 3.33601, 3.33854, 3.34109, 3.34367, 3.34628, 3.34891, 3.35157, 3.35426, 3.35697, 3.35971, 3.36248, 3.36528, 3.3681, 3.37096, 3.37384, 3.37676, 3.3797, 3.38268, 3.38569, 3.38872, 3.39179, 3.39489, 3.39803, 3.4012, 3.4044, 3.40763, 3.4109, 3.4142, 3.41754, 3.42091, 3.42432, 3.42777, 3.43125, 3.43477, 3.43833, 3.44192, 3.44556, 3.44923, 3.45295, 3.4567, 3.4605, 3.46434, 3.46822, 3.47214, 3.47611, 3.48012, 3.48417, 3.48827, 3.49242, 3.49661, 3.50085, 3.50514, 3.50947, 3.51386, 3.51829, 3.52278, 3.52732, 3.53191, 3.53655, 3.54125, 3.546, 3.55081, 3.55567, 3.5606, 3.56557, 3.57061, 3.57571, 3.58087, 3.58609, 3.59138, 3.59673, 3.60214, 3.60762, 3.61317, 3.61878, 3.62447, 3.63022, 3.63605, 3.64195, 3.64792, 3.65397, 3.6601, 3.6663, 3.67258, 3.67895, 3.6854, 3.69193, 3.69854, 3.70525, 3.71204, 3.71892, 3.72589, 3.73296, 3.74012, 3.74738, 3.75474, 3.7622, 3.76976, 3.77743, 3.7852, 3.79308, 3.80107, 3.80918, 3.8174, 3.82574, 3.8342, 3.84279, 3.8515, 3.86033, 3.8693, 3.8784, 3.88764, 3.89702, 3.90654, 3.91621, 3.92602, 3.93599, 3.94612, 3.9564, 3.96684, 3.97746, 3.98824, 3.9992, 4.01034, 4.02166, 4.03317, 4.04488, 4.05678, 4.06888, 4.08119, 4.09371, 4.10646, 4.11942, 4.13262, 4.14606, 4.15973, 4.17366, 4.18784, 4.20229, 4.21701, 4.23201, 4.24729, 4.26287, 4.27875, 4.29495, 4.31147, 4.32833, 4.34553, 4.36308, 4.38099, 4.39929, 4.41797, 4.43706, 4.45657, 4.4765, 4.49688, 4.51772, 4.53904, 4.56086, 4.58319, 4.60605, 4.62946, 4.65345, 4.67803, 4.70323, 4.72908, 4.7556, 4.78282, 4.81077, 4.83947, 4.86898, 4.89931, 4.93051, 4.96261, 4.99567, 5.02973, 5.06483, 5.10102, 5.13838, 5.17695, 5.2168, 5.258, 5.30063, 5.34477, 5.39051, 5.43794, 5.48718, 5.53833, 5.59153, 5.6469, 5.70461, 5.76482, 5.82771, 5.89349, 5.96239, 6.03467, 6.1106, 6.19053, 6.27481, 6.36387, 6.45819, 6.55833, 6.66494, 6.77879, 6.90081, 7.0321, 7.17403, 7.32829, 7.49701, 7.68288, 7.88926, 8.12029, 8.38086, 8.67634, 9.01194, 9.39147, 9.81551, 10.2789, 10.768, 11.2583, 11.7131, 12.0845, 12.3178, 12.3577, 12.158, 11.6908, 10.9537, 9.9739, 8.80575, 7.52355, 6.2105, 4.94633, 3.7966, 2.80573, 1.99475, 1.36342, 0.895409, 0.564752, 0.341948, 0.19869, 0.110758, 0.0592169, 0.0303587, 0.0149207, 0.00702841, 0.003172, 0.00137062, 0.000566031, 0.00022233, 8.1441e-05, 2.55596e-05, 6.09302e-06, 2.07061e-06, 6.74393e-07, 2.102e-07, 6.26991e-08, 1.78977e-08, 4.8892e-09, 1.27816e-09, 3.19773e-10, 7.65604e-11, 1.75418e-11, 3.84635e-12, 8.07108e-13, 1.62077e-13, 3.1147e-14, 5.72821e-15, 1.00816e-15, 1.69803e-16, 2.73695e-17, 4.22178e-18, 6.23206e-19, 8.80387e-20, 1.19021e-20, 1.53985e-21, 1.90651e-22, 2.25895e-23, 2.56143e-24, 2.77947e-25, 2.88635e-26, 2.86842e-27, 2.72799e-28, 2.48284e-29, 2.16253e-30, 1.80252e-31, 1.43782e-32, 1.09758e-33, 8.01812e-35, 5.60551e-36, 3.75029e-37, 2.40115e-38, 1.47123e-39, 8.62678e-41, 4.84085e-42, 2.59957e-43, 1.33594e-44, 6.57019e-46, 3.09225e-47, 1.39276e-48, 6.00325e-50, 2.47629e-51, 9.77509e-53, 3.69273e-54, 1.33499e-55, 4.61866e-57, 1.52918e-58, 4.84516e-60, 1.46914e-61, 4.26307e-63, 1.18383e-64, 3.146e-66, 8.00084e-68, 1.94723e-69, 4.53529e-71, 1.01088e-72, 2.15624e-74, 4.4015e-76, 8.59823e-78, 1.6074e-79, 2.8757e-81, 4.92344e-83, 8.06675e-85, 1.26484e-86, 1.89791e-88, 2.72534e-90, 3.74517e-92, 4.92524e-94, 6.19853e-96, 7.46543e-98, 8.60451e-100, 9.49079e-102, 1.00181e-103, 1.01198e-105, 9.78275e-108, 9.05017e-110, 8.01231e-112, 6.78834e-114, 5.50395e-116, 4.27061e-118, 3.1711e-120, 2.25338e-122, 1.53237e-124, 9.97237e-127, 6.21066e-129, 3.70153e-131, 2.1112e-133, 1.15234e-135, 6.01921e-138, 3.00886e-140, 1.43936e-142, 6.5893e-145, 2.88678e-147, 1.2103e-149, 4.856e-152, 1.86452e-154, 6.8511e-157, 2.40912e-159, 8.10698e-162, 2.61075e-164, 8.04592e-167, 2.37296e-169, 6.69744e-172, 1.80897e-174, 4.67583e-177, 1.15662e-179, 2.73795e-182, 6.20247e-185
208.76
176.61
 
MEASUREMENT 53
1.56305, 4.67879, 7.79453, 10.9103, 14.0312, 17.1469, 20.2679, 23.3784, 26.4796, 29.5859, 32.6913, 35.8071, 38.9228, 42.0385, 45.1595, 48.2752, 51.3909, 54.5067, 57.6224, 60.7381, 63.8435, 66.9593, 70.0698, 73.1752, 76.2806, 79.3859, 82.4913, 85.5967, 88.7021, 91.8074, 94.9128, 98.0182, 101.1, 104.148, 107.196, 110.244, 113.292, 116.339, 119.387, 122.435, 125.483, 128.531, 131.574, 134.622, 137.67, 140.718, 143.766, 146.814, 149.861, 152.909, 155.957, 159.005, 162.053, 165.101, 168.149, 171.197, 174.245, 177.293, 180.341, 183.389, 186.436, 189.484, 192.532, 195.58, 198.621, 201.655, 204.688, 207.722, 210.756, 213.794, 216.838, 219.882, 222.926, 225.97, 229.014, 232.058, 235.102, 238.145, 241.189, 244.233, 247.277, 250.321, 253.37, 256.424, 259.478, 262.532, 265.586, 268.64, 271.695, 274.749, 277.803, 280.857, 283.911, 286.97, 290.035, 293.099
2.83938, 2.83905, 2.82155, 2.97755, 2.82031, 2.85262, 3.06752, 3.06624, 3.03386, 3.06491, 3.11427, 3.16125, 3.16149, 3.2, 3.20056, 3.22202, 3.33161, 3.36753, 3.4087, 3.46129, 3.10199, 3.41673, 3.4351, 3.42381, 3.50379, 3.50689, 3.52729, 3.52037, 3.57056, 3.30797, 3.62783, 3.16857, 3.6404, 3.65291, 3.6793, 3.69711, 3.71479, 3.7446, 3.78257, 3.79768, 3.80936, 3.8538, 3.90932, 3.91888, 3.95555, 4.02227, 4.07968, 4.1198, 4.15237, 4.20055, 4.27867, 4.35784, 4.44705, 4.5074, 4.60037, 4.81511, 4.88671, 4.96133, 5.15132, 5.39446, 5.58756, 5.94767, 6.3079, 7.00333, 8.90182, 10.1423, 11.4254, 10.4476, 5.36596, 1.21966, 0.103151, 0.00454167, 0.00137569, -0.000585234, 0.00143024, 0.00765754, 0.00194368, 0.00082258, -0.00836817, -0.00335369, -0.00767837, -0.0153284, -0.00348034, -0.00299388, -0.00363975, -0.0124429, 0.00178317, -0.0113959, -0.00303744, 0.00111004, -0.000876122, -0.00118858, -0.00555048, -0.00472505, -0.00751313, -0.0352516
0.0851813, 0.0851715, 0.0846466, 0.0893265, 0.0846092, 0.0855785, 0.0920256, 0.0919873, 0.0910159, 0.0919474, 0.0934281, 0.0948375, 0.0948446, 0.096, 0.0960167, 0.0966607, 0.0999484, 0.101026, 0.102261, 0.103839, 0.0930598, 0.102502, 0.103053, 0.102714, 0.105114, 0.105207, 0.105819, 0.105611, 0.107117, 0.099239, 0.108835, 0.095057, 0.109212, 0.109587, 0.110379, 0.110913, 0.111444, 0.112338, 0.113477, 0.11393, 0.114281, 0.115614, 0.11728, 0.117566, 0.118667, 0.120668, 0.12239, 0.123594, 0.124571, 0.126017, 0.12836, 0.130735, 0.133411, 0.135222, 0.138011, 0.144453, 0.146601, 0.14884, 0.15454, 0.161834, 0.167627, 0.17843, 0.189237, 0.2101, 0.267055, 0.304269, 0.342763, 0.313427, 0.160979, 0.0365899, 0.00309453, 0.00013625, 4.12708e-05, 1.7557e-05, 4.29073e-05, 0.000229726, 5.83105e-05, 2.46774e-05, 0.000251045, 0.000100611, 0.000230351, 0.000459851, 0.00010441, 8.98164e-05, 0.000109193, 0.000373286, 5.34951e-05, 0.000341878, 9.11232e-05, 3.33011e-05, 2.62837e-05, 3.56575e-05, 0.000166514, 0.000141751, 0.000225394, 0.00105755
0, 0.613815, 1.22763, 1.84144, 2.45526, 3.06907, 3.68289, 4.2967, 4.91052, 5.52433, 6.13815, 6.75196, 7.36578, 7.97959, 8.59341, 9.20722, 9.82104, 10.4349, 11.0487, 11.6625, 12.2763, 12.8901, 13.5039, 14.1177, 14.7316, 15.3454, 15.9592, 16.573, 17.1868, 17.8006, 18.4144, 19.0283, 19.6421, 20.2559, 20.8697, 21.4835, 22.0973, 22.7111, 23.325, 23.9388, 24.5526, 25.1664, 25.7802, 26.394, 27.0078, 27.6217, 28.2355, 28.8493, 29.4631, 30.0769, 30.6907, 31.3046, 31.9184, 32.5322, 33.146, 33.7598, 34.3736, 34.9874, 35.6013, 36.2151, 36.8289, 37.4427, 38.0565, 38.6703, 39.2841, 39.898, 40.5118, 41.1256, 41.7394, 42.3532, 42.967, 43.5808, 44.1947, 44.8085, 45.4223, 46.0361, 46.6499, 47.2637, 47.8775, 48.4914, 49.1052, 49.719, 50.3328, 50.9466, 51.5604, 52.1743, 52.7881, 53.4019, 54.0157, 54.6295, 55.2433, 55.8571, 56.471, 57.0848, 57.6986, 58.3124, 58.9262, 59.54, 60.1538, 60.7677, 61.3815, 61.9953, 62.6091, 63.2229, 63.8367, 64.4505, 65.0644, 65.6782, 66.292, 66.9058, 67.5196, 68.1334, 68.7473, 69.3611, 69.9749, 70.5887, 71.2025, 71.8163, 72.4301, 73.044, 73.6578, 74.2716, 74.8854, 75.4992, 76.113, 76.7268, 77.3407, 77.9545, 78.5683, 79.1821, 79.7959, 80.4097, 81.0235, 81.6374, 82.2512, 82.865, 83.4788, 84.0926, 84.7064, 85.3202, 85.9341, 86.5479, 87.1617, 87.7755, 88.3893, 89.0031, 89.617, 90.2308, 90.8446, 91.4584, 92.0722, 92.686, 93.2998, 93.9137, 94.5275, 95.1413, 95.7551, 96.3689, 96.9827, 97.5965, 98.2104, 98.8242, 99.438, 100.052, 100.666, 101.279, 101.893, 102.507, 103.121, 103.735, 104.349, 104.962, 105.576, 106.19, 106.804, 107.418, 108.031, 108.645, 109.259, 109.873, 110.487, 111.1, 111.714, 112.328, 112.942, 113.556, 114.17, 114.783, 115.397, 116.011, 116.625, 117.239, 117.852, 118.466, 119.08, 119.694, 120.308, 120.922, 121.535, 122.149, 122.763, 123.377, 123.991, 124.604, 125.218, 125.832, 126.446, 127.06, 127.673, 128.287, 128.901, 129.515, 130.129, 130.743, 131.356, 131.97, 132.584, 133.198, 133.812, 134.425, 135.039, 135.653, 136.267, 136.881, 137.495, 138.108, 138.722, 139.336, 139.95, 140.564, 141.177, 141.791, 142.405, 143.019, 143.633, 144.246, 144.86, 145.474, 146.088, 146.702, 147.316, 147.929, 148.543, 149.157, 149.771, 150.385, 150.998, 151.612, 152.226, 152.84, 153.454, 154.068, 154.681, 155.295, 155.909, 156.523, 157.137, 157.75, 158.364, 158.978, 159.592, 160.206, 160.819, 161.433, 162.047, 162.661, 163.275, 163.889, 164.502, 165.116, 165.73, 166.344, 166.958, 167.571, 168.185, 168.799, 169.413, 170.027, 170.64, 171.254, 171.868, 172.482, 173.096, 173.71, 174.323, 174.937, 175.551, 176.165, 176.779, 177.392, 178.006, 178.62, 179.234, 179.848, 180.462, 181.075, 181.689, 182.303, 182.917, 183.531, 184.144, 184.758, 185.372, 185.986, 186.6, 187.213, 187.827, 188.441, 189.055, 189.669, 190.283, 190.896, 191.51, 192.124, 192.738, 193.352, 193.965, 194.579, 195.193, 195.807, 196.421, 197.035, 197.648, 198.262, 198.876, 199.49, 200.104, 200.717, 201.331, 201.945, 202.559, 203.173, 203.786, 204.4, 205.014, 205.628, 206.242, 206.856, 207.469, 208.083, 208.697, 209.311, 209.925, 210.538, 211.152, 211.766, 212.38, 212.994, 213.608, 214.221, 214.835, 215.449, 216.063, 216.677, 217.29, 217.904, 218.518, 219.132, 219.746, 220.359, 220.973, 221.587, 222.201, 222.815, 223.429, 224.042, 224.656, 225.27, 225.884, 226.498, 227.111, 227.725, 228.339, 228.953, 229.567, 230.181, 230.794, 231.408, 232.022, 232.636, 233.25, 233.863, 234.477, 235.091, 235.705, 236.319, 236.932, 237.546, 238.16, 238.774, 239.388, 240.002, 240.615, 241.229, 241.843, 242.457, 243.071, 243.684, 244.298, 244.912, 245.526, 246.14, 246.754, 247.367, 247.981, 248.595, 249.209, 249.823, 250.436, 251.05, 251.664, 252.278, 252.892, 253.505, 254.119, 254.733, 255.347, 255.961, 256.575, 257.188, 257.802, 258.416, 259.03, 259.644, 260.257, 260.871, 261.485, 262.099, 262.713, 263.327, 263.94, 264.554, 265.168, 265.782, 266.396, 267.009, 267.623, 268.237, 268.851, 269.465, 270.078, 270.692, 271.306, 271.92, 272.534, 273.148, 273.761, 274.375, 274.989, 275.603, 276.217, 276.83, 277.444, 278.058, 278.672, 279.286, 279.9, 280.513, 281.127, 281.741, 282.355, 282.969, 283.582, 284.196, 284.81, 285.424, 286.038, 286.651, 287.265, 287.879, 288.493, 289.107, 289.721, 290.334, 290.948, 291.562, 292.176, 292.79, 293.403, 294.017
3.16, 3.1608, 3.16162, 3.16244, 3.16327, 3.16411, 3.16495, 3.16581, 3.16668, 3.16755, 3.16844, 3.16933, 3.17024, 3.17115, 3.17207, 3.173, 3.17395, 3.1749, 3.17586, 3.17683, 3.17781, 3.17881, 3.17981, 3.18082, 3.18185, 3.18288, 3.18392, 3.18498, 3.18605, 3.18712, 3.18821, 3.18931, 3.19042, 3.19154, 3.19268, 3.19382, 3.19498, 3.19614, 3.19732, 3.19852, 3.19972, 3.20093, 3.20216, 3.2034, 3.20466, 3.20592, 3.2072, 3.20849, 3.20979, 3.21111, 3.21244, 3.21378, 3.21514, 3.21651, 3.21789, 3.21929, 3.2207, 3.22212, 3.22356, 3.22502, 3.22648, 3.22797, 3.22946, 3.23097, 3.2325, 3.23404, 3.2356, 3.23717, 3.23876, 3.24036, 3.24198, 3.24362, 3.24527, 3.24694, 3.24862, 3.25032, 3.25204, 3.25377, 3.25553, 3.2573, 3.25908, 3.26089, 3.26271, 3.26455, 3.26641, 3.26828, 3.27018, 3.27209, 3.27402, 3.27598, 3.27795, 3.27994, 3.28195, 3.28398, 3.28603, 3.2881, 3.29019, 3.2923, 3.29444, 3.29659, 3.29877, 3.30097, 3.30319, 3.30543, 3.30769, 3.30998, 3.31229, 3.31462, 3.31698, 3.31936, 3.32177, 3.3242, 3.32665, 3.32913, 3.33163, 3.33416, 3.33671, 3.33929, 3.3419, 3.34453, 3.34719, 3.34988, 3.3526, 3.35534, 3.35811, 3.36091, 3.36374, 3.3666, 3.36948, 3.3724, 3.37535, 3.37833, 3.38134, 3.38438, 3.38745, 3.39055, 3.39369, 3.39686, 3.40007, 3.4033, 3.40658, 3.40988, 3.41322, 3.4166, 3.42002, 3.42347, 3.42696, 3.43048, 3.43404, 3.43765, 3.44129, 3.44497, 3.44869, 3.45245, 3.45626, 3.4601, 3.46399, 3.46792, 3.47189, 3.47591, 3.47998, 3.48409, 3.48824, 3.49244, 3.49669, 3.50099, 3.50534, 3.50973, 3.51418, 3.51868, 3.52323, 3.52783, 3.53249, 3.5372, 3.54197, 3.54679, 3.55167, 3.5566, 3.5616, 3.56665, 3.57177, 3.57694, 3.58218, 3.58748, 3.59285, 3.59828, 3.60378, 3.60935, 3.61498, 3.62069, 3.62647, 3.63232, 3.63824, 3.64424, 3.65031, 3.65646, 3.66269, 3.669, 3.6754, 3.68187, 3.68843, 3.69508, 3.70181, 3.70864, 3.71555, 3.72256, 3.72966, 3.73686, 3.74415, 3.75155, 3.75905, 3.76665, 3.77436, 3.78217, 3.7901, 3.79814, 3.80629, 3.81456, 3.82295, 3.83146, 3.8401, 3.84886, 3.85776, 3.86678, 3.87594, 3.88524, 3.89468, 3.90427, 3.914, 3.92389, 3.93393, 3.94413, 3.95449, 3.96501, 3.97571, 3.98657, 3.99762, 4.00885, 4.02026, 4.03187, 4.04367, 4.05567, 4.06788, 4.0803, 4.09294, 4.1058, 4.11889, 4.13221, 4.14578, 4.15959, 4.17366, 4.18799, 4.20258, 4.21746, 4.23262, 4.24807, 4.26382, 4.27989, 4.29628, 4.31299, 4.33005, 4.34746, 4.36523, 4.38338, 4.40191, 4.42084, 4.44019, 4.45997, 4.48018, 4.50086, 4.52201, 4.54365, 4.5658, 4.58848, 4.6117, 4.6355, 4.65989, 4.68489, 4.71054, 4.73685, 4.76386, 4.79159, 4.82008, 4.84936, 4.87946, 4.91042, 4.94229, 4.9751, 5.00891, 5.04375, 5.07969, 5.11677, 5.15507, 5.19464, 5.23556, 5.2779, 5.32175, 5.36719, 5.41432, 5.46325, 5.51409, 5.56697, 5.62203, 5.67942, 5.73931, 5.80188, 5.86736, 5.93596, 6.00794, 6.08361, 6.16328, 6.24734, 6.33622, 6.43042, 6.53051, 6.63718, 6.75123, 6.87362, 7.00553, 7.14842, 7.30406, 7.47469, 7.66304, 7.87242, 8.10666, 8.36989, 8.66602, 8.99788, 9.36577, 9.7657, 10.1873, 10.6119, 11.0116, 11.3491, 11.5808, 11.6608, 11.5477, 11.2117, 10.6411, 9.84606, 8.85796, 7.74996, 6.57358, 5.39799, 4.28624, 3.28775, 2.43408, 1.73809, 1.19633, 0.793315, 0.506602, 0.311424, 0.184229, 0.104849, 0.0573941, 0.0302111, 0.0152887, 0.00743676, 0.00347594, 0.00156024, 0.000671711, 0.000276371, 0.000107445, 3.77987e-05, 9.10329e-06, 2.87038e-06, 9.91776e-07, 3.2891e-07, 1.04685e-07, 3.19772e-08, 9.37434e-09, 2.63746e-09, 7.12161e-10, 1.8455e-10, 4.58983e-11, 1.09553e-11, 2.50956e-12, 5.51717e-13, 1.16407e-13, 2.35717e-14, 4.58084e-15, 8.54369e-16, 1.52929e-16, 2.62713e-17, 4.3313e-18, 6.85331e-19, 1.0407e-19, 1.5167e-20, 2.12137e-21, 2.8476e-22, 3.66849e-23, 4.53566e-24, 5.38194e-25, 6.1289e-26, 6.6984e-27, 7.02595e-28, 7.07268e-29, 6.83294e-30, 6.33544e-31, 5.63756e-32, 4.81449e-33, 3.94598e-34, 3.10387e-35, 2.34314e-36, 1.69761e-37, 1.18038e-38, 7.87681e-40, 5.04457e-41, 3.10058e-42, 1.82897e-43, 1.03542e-44, 5.6256e-46, 2.93337e-47, 1.46795e-48, 7.05015e-50, 3.24961e-51, 1.4375e-52, 6.10282e-54, 2.48655e-55, 9.7232e-57, 3.64893e-58, 1.31421e-59, 4.54267e-61, 1.50696e-62, 4.79774e-64, 1.46594e-65, 4.29872e-67, 1.20978e-68, 3.26754e-70, 8.46989e-72, 2.10707e-73, 5.03067e-75, 1.1527e-76, 2.53485e-78, 5.34972e-80, 1.08357e-81, 2.10632e-83, 3.92949e-85, 7.03547e-87, 1.20891e-88, 1.99361e-90, 3.15522e-92, 4.79252e-94, 6.98621e-96, 9.77382e-98, 1.31229e-99, 1.69099e-101, 2.0912e-103, 2.48196e-105, 2.82708e-107, 3.09048e-109, 3.24233e-111, 3.26462e-113, 3.15465e-115, 2.9256e-117, 2.60389e-119, 2.2242e-121, 1.82335e-123, 1.43453e-125, 1.08316e-127, 7.84907e-130, 5.4587e-132, 3.64337e-134, 2.33379e-136, 1.43471e-138, 8.46468e-141, 4.79292e-143, 2.60456e-145, 1.35835e-147, 6.7988e-150, 3.26586e-152, 1.50559e-154, 6.66128e-157, 2.82848e-159, 1.15264e-161, 4.50791e-164, 1.69201e-166, 6.09497e-169, 2.1071e-171, 6.99105e-174
3.16, 3.16082, 3.16165, 3.16248, 3.16333, 3.16418, 3.16504, 3.16591, 3.16679, 3.16768, 3.16858, 3.16949, 3.17041, 3.17134, 3.17228, 3.17323, 3.17418, 3.17515, 3.17613, 3.17712, 3.17811, 3.17912, 3.18014, 3.18117, 3.18221, 3.18326, 3.18432, 3.18539, 3.18648, 3.18757, 3.18867, 3.18979, 3.19092, 3.19206, 3.19321, 3.19437, 3.19554, 3.19673, 3.19792, 3.19913, 3.20035, 3.20159, 3.20283, 3.20409, 3.20536, 3.20664, 3.20794, 3.20925, 3.21057, 3.21191, 3.21325, 3.21461, 3.21599, 3.21738, 3.21878, 3.2202, 3.22163, 3.22307, 3.22453, 3.226, 3.22749, 3.22899, 3.23051, 3.23204, 3.23359, 3.23515, 3.23673, 3.23832, 3.23993, 3.24155, 3.24319, 3.24485, 3.24652, 3.24821, 3.24992, 3.25164, 3.25338, 3.25514, 3.25691, 3.2587, 3.26051, 3.26234, 3.26418, 3.26604, 3.26793, 3.26983, 3.27174, 3.27368, 3.27564, 3.27761, 3.27961, 3.28162, 3.28366, 3.28571, 3.28779, 3.28988, 3.292, 3.29414, 3.2963, 3.29848, 3.30068, 3.3029, 3.30515, 3.30742, 3.30971, 3.31203, 3.31436, 3.31672, 3.31911, 3.32152, 3.32395, 3.32641, 3.32889, 3.3314, 3.33393, 3.33649, 3.33907, 3.34168, 3.34432, 3.34698, 3.34967, 3.35239, 3.35513, 3.35791, 3.36071, 3.36354, 3.3664, 3.36929, 3.37221, 3.37516, 3.37814, 3.38116, 3.3842, 3.38727, 3.39038, 3.39352, 3.39669, 3.3999, 3.40314, 3.40641, 3.40972, 3.41307, 3.41645, 3.41986, 3.42331, 3.4268, 3.43033, 3.43389, 3.4375, 3.44114, 3.44482, 3.44854, 3.45231, 3.45611, 3.45996, 3.46384, 3.46777, 3.47175, 3.47577, 3.47983, 3.48394, 3.48809, 3.49229, 3.49654, 3.50084, 3.50519, 3.50958, 3.51403, 3.51852, 3.52307, 3.52767, 3.53232, 3.53703, 3.54179, 3.54661, 3.55149, 3.55642, 3.56141, 3.56646, 3.57157, 3.57674, 3.58198, 3.58727, 3.59264, 3.59806, 3.60355, 3.60911, 3.61474, 3.62044, 3.62621, 3.63205, 3.63797, 3.64396, 3.65002, 3.65616, 3.66238, 3.66868, 3.67507, 3.68153, 3.68808, 3.69471, 3.70144, 3.70825, 3.71515, 3.72214, 3.72923, 3.73641, 3.74369, 3.75107, 3.75855, 3.76613, 3.77382, 3.78162, 3.78953, 3.79755, 3.80568, 3.81393, 3.82229, 3.83078, 3.83939, 3.84813, 3.857, 3.86599, 3.87513, 3.8844, 3.89381, 3.90336, 3.91306, 3.92291, 3.93292, 3.94308, 3.9534, 3.96388, 3.97454, 3.98536, 3.99636, 4.00755, 4.01891, 4.03047, 4.04222, 4.05417, 4.06632, 4.07869, 4.09126, 4.10406, 4.11709, 4.13034, 4.14384, 4.15757, 4.17157, 4.18581, 4.20033, 4.21512, 4.23019, 4.24555, 4.26121, 4.27717, 4.29345, 4.31006, 4.32701, 4.3443, 4.36194, 4.37996, 4.39836, 4.41715, 4.43635, 4.45597, 4.47603, 4.49653, 4.5175, 4.53896, 4.56092, 4.58339, 4.6064, 4.62998, 4.65413, 4.67889, 4.70428, 4.73031, 4.75703, 4.78446, 4.81263, 4.84157, 4.87131, 4.9019, 4.93336, 4.96575, 4.99911, 5.03347, 5.0689, 5.10545, 5.14318, 5.18214, 5.22241, 5.26405, 5.30715, 5.35179, 5.39807, 5.44608, 5.49592, 5.54774, 5.60164, 5.65778, 5.71631, 5.77741, 5.84126, 5.9081, 5.97815, 6.05168, 6.129, 6.21046, 6.29643, 6.38737, 6.4838, 6.58632, 6.69564, 6.81259, 6.93819, 7.07368, 7.22059, 7.3808, 7.55672, 7.7513, 7.96817, 8.21163, 8.48641, 8.79724, 9.14792, 9.53984, 9.97009, 10.4291, 10.8986, 11.3498, 11.7442, 12.0348, 12.1718, 12.1088, 11.8112, 11.2632, 10.473, 9.47408, 8.32163, 7.08536, 5.83964, 4.65334, 3.5815, 2.66024, 1.90557, 1.31558, 0.874934, 0.560292, 0.34536, 0.204839, 0.116873, 0.064132, 0.0338376, 0.0171633, 0.00836725, 0.00391944, 0.00176321, 0.000760861, 0.000313945, 0.000122619, 4.35571e-05, 1.09632e-05, 3.50062e-06, 1.21016e-06, 4.01502e-07, 1.27843e-07, 3.90673e-08, 1.14576e-08, 3.22494e-09, 8.71152e-10, 2.25846e-10, 5.6192e-11, 1.34179e-11, 3.07495e-12, 6.76297e-13, 1.42752e-13, 2.89183e-14, 5.62223e-15, 1.04903e-15, 1.87852e-16, 3.2284e-17, 5.32482e-18, 8.42883e-19, 1.28049e-19, 1.86693e-20, 2.61232e-21, 3.50808e-22, 4.52124e-23, 5.59231e-24, 6.6385e-25, 7.56299e-26, 8.26918e-27, 8.67713e-28, 8.73847e-29, 8.44577e-30, 7.83409e-31, 6.97401e-32, 5.95829e-33, 4.88546e-34, 3.84445e-35, 2.90341e-36, 2.10439e-37, 1.46383e-38, 9.77233e-40, 6.26111e-41, 3.8499e-42, 2.27191e-43, 1.28671e-44, 6.99377e-46, 3.64828e-47, 1.82646e-48, 8.77559e-50, 4.04657e-51, 1.79078e-52, 7.60576e-54, 3.10018e-55, 1.21276e-56, 4.55313e-58, 1.64055e-59, 5.67298e-61, 1.88269e-62, 5.99639e-64, 1.83293e-65, 5.37708e-67, 1.51388e-68, 4.09054e-70, 1.06075e-71, 2.63993e-73, 6.30543e-75, 1.44538e-76, 3.17974e-78, 6.71347e-80, 1.36034e-81, 2.64539e-83, 4.93716e-85, 8.84319e-87, 1.52014e-88, 2.50787e-90, 3.97071e-92, 6.0336e-94, 8.79891e-96, 1.23147e-97, 1.65411e-99, 2.1323e-101, 2.63801e-103, 3.1322e-105, 3.56915e-107, 3.90324e-109, 4.09665e-111, 4.12644e-113, 3.98903e-115, 3.70086e-117, 3.2952e-119, 2.81581e-121, 2.30925e-123, 1.81753e-125, 1.37289e-127, 9.95249e-130, 6.92425e-132, 4.62336e-134, 2.96269e-136, 1.82204e-138, 1.07541e-140, 6.09162e-143, 3.31158e-145, 1.72775e-147, 8.65109e-150, 4.15723e-152, 1.91726e-154, 8.48595e-157, 3.60466e-159, 1.4695e-161, 5.74938e-164, 2.15881e-166, 7.77949e-169, 2.69049e-171, 8.93006e-174
208.57
176.52
 
MEASUREMENT 54
1.56305, 4.67879, 7.79453, 10.9103, 14.0312, 17.1469, 20.2679, 23.3784, 26.4796, 29.5859, 32.6913, 35.8071, 38.9228, 42.0385, 45.1595, 48.2752, 51.3909, 54.5067, 57.6224, 60.7381, 63.8435, 66.9593, 70.0698, 73.1752, 76.2806, 79.3859, 82.4913, 85.5967, 88.7021, 91.8074, 94.9128, 98.0182, 101.1, 104.148, 107.196, 110.244, 113.292, 116.339, 119.387, 122.435, 125.483, 128.531, 131.574, 134.622, 137.67, 140.718, 143.766, 146.814, 149.861, 152.909, 155.957, 159.005, 162.053, 165.101, 168.149, 171.197, 174.245, 177.293, 180.341, 183.389, 186.436, 189.484, 192.532, 195.58, 198.621, 201.655, 204.688, 207.722, 210.756, 213.794, 216.838, 219.882, 222.926, 225.97, 229.014, 232.058, 235.102, 238.145, 241.189, 244.233, 247.277, 250.321, 253.37, 256.424, 259.478, 262.532, 265.586, 268.64, 271.695, 274.749, 277.803, 280.857, 283.911, 286.97, 290.035, 293.099
2.84066, 2.83749, 2.82296, 2.97567, 2.82207, 2.85286, 3.08323, 3.07279, 3.03574, 3.06595, 3.0979, 3.15987, 3.1605, 3.20112, 3.19615, 3.22512, 3.32679, 3.36603, 3.41552, 3.45347, 3.14067, 3.42177, 3.43162, 3.41943, 3.49749, 3.50688, 3.53278, 3.522, 3.57028, 3.30202, 3.62557, 3.16493, 3.64396, 3.64623, 3.67511, 3.69658, 3.71467, 3.74581, 3.78533, 3.80028, 3.80775, 3.85552, 3.90832, 3.91337, 3.9595, 4.02086, 4.08315, 4.11607, 4.15978, 4.19866, 4.28781, 4.35583, 4.44502, 4.50627, 4.5967, 4.81029, 4.88861, 4.95911, 5.15796, 5.39605, 5.58222, 5.95095, 6.30434, 7.03381, 8.90324, 10.1497, 11.4258, 10.4421, 5.3642, 1.22185, 0.10139, 0.0041785, 0.00281274, -0.0021413, -0.00227437, 0.000546891, 0.00147977, 0.00042284, -0.00313313, -9.21099e-05, -0.00846632, -0.0132825, -0.00186438, -0.00328518, -0.00388038, -0.00713283, 0.0022752, -0.0115687, -0.00452085, 0.000603901, -0.00126225, -0.000294613, -0.00604961, -0.00500166, -0.00700487, -0.030605
0.0852197, 0.0851248, 0.0846888, 0.0892701, 0.0846622, 0.0855859, 0.092497, 0.0921838, 0.0910721, 0.0919785, 0.0929369, 0.0947961, 0.094815, 0.0960335, 0.0958846, 0.0967535, 0.0998037, 0.100981, 0.102466, 0.103604, 0.0942202, 0.102653, 0.102949, 0.102583, 0.104925, 0.105206, 0.105984, 0.10566, 0.107108, 0.0990605, 0.108767, 0.094948, 0.109319, 0.109387, 0.110253, 0.110897, 0.11144, 0.112374, 0.11356, 0.114008, 0.114233, 0.115666, 0.11725, 0.117401, 0.118785, 0.120626, 0.122494, 0.123482, 0.124793, 0.12596, 0.128634, 0.130675, 0.133351, 0.135188, 0.137901, 0.144309, 0.146658, 0.148773, 0.154739, 0.161881, 0.167467, 0.178528, 0.18913, 0.211014, 0.267097, 0.30449, 0.342774, 0.313263, 0.160926, 0.0366555, 0.00304171, 0.000125355, 8.43823e-05, 6.42389e-05, 6.82312e-05, 1.64067e-05, 4.4393e-05, 1.26852e-05, 9.39939e-05, 2.7633e-06, 0.00025399, 0.000398474, 5.59314e-05, 9.85555e-05, 0.000116411, 0.000213985, 6.82561e-05, 0.00034706, 0.000135625, 1.8117e-05, 3.78676e-05, 8.8384e-06, 0.000181488, 0.00015005, 0.000210146, 0.00091815
0, 0.613815, 1.22763, 1.84144, 2.45526, 3.06907, 3.68289, 4.2967, 4.91052, 5.52433, 6.13815, 6.75196, 7.36578, 7.97959, 8.59341, 9.20722, 9.82104, 10.4349, 11.0487, 11.6625, 12.2763, 12.8901, 13.5039, 14.1177, 14.7316, 15.3454, 15.9592, 16.573, 17.1868, 17.8006, 18.4144, 19.0283, 19.6421, 20.2559, 20.8697, 21.4835, 22.0973, 22.7111, 23.325, 23.9388, 24.5526, 25.1664, 25.7802, 26.394, 27.0078, 27.6217, 28.2355, 28.8493, 29.4631, 30.0769, 30.6907, 31.3046, 31.9184, 32.5322, 33.146, 33.7598, 34.3736, 34.9874, 35.6013, 36.2151, 36.8289, 37.4427, 38.0565, 38.6703, 39.2841, 39.898, 40.5118, 41.1256, 41.7394, 42.3532, 42.967, 43.5808, 44.1947, 44.8085, 45.4223, 46.0361, 46.6499, 47.2637, 47.8775, 48.4914, 49.1052, 49.719, 50.3328, 50.9466, 51.5604, 52.1743, 52.7881, 53.4019, 54.0157, 54.6295, 55.2433, 55.8571, 56.471, 57.0848, 57.6986, 58.3124, 58.9262, 59.54, 60.1538, 60.7677, 61.3815, 61.9953, 62.6091, 63.2229, 63.8367, 64.4505, 65.0644, 65.6782, 66.292, 66.9058, 67.5196, 68.1334, 68.7473, 69.3611, 69.9749, 70.5887, 71.2025, 71.8163, 72.4301, 73.044, 73.6578, 74.2716, 74.8854, 75.4992, 76.113, 76.7268, 77.3407, 77.9545, 78.5683, 79.1821, 79.7959, 80.4097, 81.0235, 81.6374, 82.2512, 82.865, 83.4788, 84.0926, 84.7064, 85.3202, 85.9341, 86.5479, 87.1617, 87.7755, 88.3893, 89.0031, 89.617, 90.2308, 90.8446, 91.4584, 92.0722, 92.686, 93.2998, 93.9137, 94.5275, 95.1413, 95.7551, 96.3689, 96.9827, 97.5965, 98.2104, 98.8242, 99.438, 100.052, 100.666, 101.279, 101.893, 102.507, 103.121, 103.735, 104.349, 104.962, 105.576, 106.19, 106.804, 107.418, 108.031, 108.645, 109.259, 109.873, 110.487, 111.1, 111.714, 112.328, 112.942, 113.556, 114.17, 114.783, 115.397, 116.011, 116.625, 117.239, 117.852, 118.466, 119.08, 119.694, 120.308, 120.922, 121.535, 122.149, 122.763, 123.377, 123.991, 124.604, 125.218, 125.832, 126.446, 127.06, 127.673, 128.287, 128.901, 129.515, 130.129, 130.743, 131.356, 131.97, 132.584, 133.198, 133.812, 134.425, 135.039, 135.653, 136.267, 136.881, 137.495, 138.108, 138.722, 139.336, 139.95, 140.564, 141.177, 141.791, 142.405, 143.019, 143.633, 144.246, 144.86, 145.474, 146.088, 146.702, 147.316, 147.929, 148.543, 149.157, 149.771, 150.385, 150.998, 151.612, 152.226, 152.84, 153.454, 154.068, 154.681, 155.295, 155.909, 156.523, 157.137, 157.75, 158.364, 158.978, 159.592, 160.206, 160.819, 161.433, 162.047, 162.661, 163.275, 163.889, 164.502, 165.116, 165.73, 166.344, 166.958, 167.571, 168.185, 168.799, 169.413, 170.027, 170.64, 171.254, 171.868, 172.482, 173.096, 173.71, 174.323, 174.937, 175.551, 176.165, 176.779, 177.392, 178.006, 178.62, 179.234, 179.848, 180.462, 181.075, 181.689, 182.303, 182.917, 183.531, 184.144, 184.758, 185.372, 185.986, 186.6, 187.213, 187.827, 188.441, 189.055, 189.669, 190.283, 190.896, 191.51, 192.124, 192.738, 193.352, 193.965, 194.579, 195.193, 195.807, 196.421, 197.035, 197.648, 198.262, 198.876, 199.49, 200.104, 200.717, 201.331, 201.945, 202.559, 203.173, 203.786, 204.4, 205.014, 205.628, 206.242, 206.856, 207.469, 208.083, 208.697, 209.311, 209.925, 210.538, 211.152, 211.766, 212.38, 212.994, 213.608, 214.221, 214.835, 215.449, 216.063, 216.677, 217.29, 217.904, 218.518, 219.132, 219.746, 220.359, 220.973, 221.587, 222.201, 222.815, 223.429, 224.042, 224.656, 225.27, 225.884, 226.498, 227.111, 227.725, 228.339, 228.953, 229.567, 230.181, 230.794, 231.408, 232.022, 232.636, 233.25, 233.863, 234.477, 235.091, 235.705, 236.319, 236.932, 237.546, 238.16, 238.774, 239.388, 240.002, 240.615, 241.229, 241.843, 242.457, 243.071, 243.684, 244.298, 244.912, 245.526, 246.14, 246.754, 247.367, 247.981, 248.595, 249.209, 249.823, 250.436, 251.05, 251.664, 252.278, 252.892, 253.505, 254.119, 254.733, 255.347, 255.961, 256.575, 257.188, 257.802, 258.416, 259.03, 259.644, 260.257, 260.871, 261.485, 262.099, 262.713, 263.327, 263.94, 264.554, 265.168, 265.782, 266.396, 267.009, 267.623, 268.237, 268.851, 269.465, 270.078, 270.692, 271.306, 271.92, 272.534, 273.148, 273.761, 274.375, 274.989, 275.603, 276.217, 276.83, 277.444, 278.058, 278.672, 279.286, 279.9, 280.513, 281.127, 281.741, 282.355, 282.969, 283.582, 284.196, 284.81, 285.424, 286.038, 286.651, 287.265, 287.879, 288.493, 289.107, 289.721, 290.334, 290.948, 291.562, 292.176, 292.79, 293.403, 294.017
3.1614, 3.1622, 3.16301, 3.16383, 3.16466, 3.1655, 3.16634, 3.1672, 3.16806, 3.16894, 3.16982, 3.17071, 3.17162, 3.17253, 3.17345, 3.17438, 3.17532, 3.17627, 3.17723, 3.1782, 3.17918, 3.18017, 3.18117, 3.18219, 3.18321, 3.18424, 3.18528, 3.18634, 3.1874, 3.18848, 3.18956, 3.19066, 3.19177, 3.19289, 3.19402, 3.19517, 3.19632, 3.19749, 3.19866, 3.19985, 3.20106, 3.20227, 3.2035, 3.20473, 3.20598, 3.20725, 3.20852, 3.20981, 3.21111, 3.21243, 3.21376, 3.2151, 3.21645, 3.21782, 3.2192, 3.2206, 3.22201, 3.22343, 3.22487, 3.22632, 3.22778, 3.22926, 3.23076, 3.23227, 3.23379, 3.23533, 3.23689, 3.23846, 3.24004, 3.24164, 3.24326, 3.24489, 3.24654, 3.24821, 3.24989, 3.25159, 3.2533, 3.25503, 3.25678, 3.25855, 3.26033, 3.26214, 3.26395, 3.26579, 3.26765, 3.26952, 3.27141, 3.27332, 3.27525, 3.2772, 3.27917, 3.28116, 3.28317, 3.2852, 3.28724, 3.28931, 3.2914, 3.29351, 3.29564, 3.29779, 3.29996, 3.30216, 3.30438, 3.30661, 3.30888, 3.31116, 3.31347, 3.3158, 3.31815, 3.32053, 3.32293, 3.32535, 3.3278, 3.33028, 3.33278, 3.3353, 3.33785, 3.34043, 3.34303, 3.34566, 3.34832, 3.351, 3.35371, 3.35645, 3.35922, 3.36201, 3.36484, 3.36769, 3.37057, 3.37349, 3.37643, 3.3794, 3.38241, 3.38544, 3.38851, 3.39161, 3.39474, 3.39791, 3.40111, 3.40434, 3.40761, 3.41091, 3.41425, 3.41762, 3.42103, 3.42447, 3.42796, 3.43148, 3.43503, 3.43863, 3.44227, 3.44594, 3.44966, 3.45341, 3.45721, 3.46105, 3.46493, 3.46885, 3.47282, 3.47683, 3.48089, 3.48499, 3.48914, 3.49333, 3.49758, 3.50187, 3.50621, 3.5106, 3.51504, 3.51953, 3.52407, 3.52866, 3.53331, 3.53801, 3.54277, 3.54758, 3.55245, 3.55738, 3.56236, 3.56741, 3.57252, 3.57768, 3.58291, 3.5882, 3.59356, 3.59898, 3.60447, 3.61003, 3.61565, 3.62135, 3.62711, 3.63295, 3.63886, 3.64485, 3.65091, 3.65705, 3.66326, 3.66956, 3.67594, 3.6824, 3.68895, 3.69558, 3.7023, 3.70911, 3.71601, 3.723, 3.73009, 3.73727, 3.74455, 3.75193, 3.75941, 3.767, 3.77469, 3.78248, 3.79039, 3.79841, 3.80655, 3.8148, 3.82317, 3.83166, 3.84027, 3.84902, 3.85789, 3.86689, 3.87603, 3.88531, 3.89472, 3.90428, 3.91399, 3.92385, 3.93386, 3.94403, 3.95437, 3.96486, 3.97553, 3.98637, 3.99738, 4.00858, 4.01996, 4.03154, 4.0433, 4.05527, 4.06744, 4.07983, 4.09243, 4.10525, 4.1183, 4.13158, 4.1451, 4.15887, 4.17289, 4.18717, 4.20172, 4.21654, 4.23165, 4.24705, 4.26275, 4.27876, 4.29509, 4.31174, 4.32874, 4.34608, 4.36379, 4.38186, 4.40033, 4.41919, 4.43845, 4.45815, 4.47828, 4.49887, 4.51993, 4.54148, 4.56353, 4.58611, 4.60923, 4.63292, 4.6572, 4.68208, 4.7076, 4.73379, 4.76066, 4.78825, 4.81659, 4.84571, 4.87565, 4.90644, 4.93813, 4.97075, 5.00435, 5.03899, 5.0747, 5.11155, 5.1496, 5.18891, 5.22955, 5.2716, 5.31513, 5.36023, 5.407, 5.45555, 5.50598, 5.55842, 5.61301, 5.66989, 5.72922, 5.7912, 5.85603, 5.92392, 5.99513, 6.06995, 6.14869, 6.23172, 6.31945, 6.41236, 6.511, 6.61603, 6.7282, 6.84842, 6.97779, 7.11768, 7.26975, 7.4361, 7.61932, 7.82261, 8.04978, 8.30515, 8.59312, 8.91747, 9.28003, 9.67887, 10.1061, 10.5455, 10.971, 11.3462, 11.626, 11.7613, 11.7052, 11.4214, 10.8917, 10.1212, 9.13562, 8.01331, 6.80694, 5.59102, 4.43476, 3.39324, 2.50224, 1.77697, 1.21446, 0.798358, 0.504574, 0.30647, 0.17883, 0.100219, 0.053927, 0.0278552, 0.0138087, 0.00656808, 0.00299647, 0.00131028, 0.000548234, 0.000218403, 8.14595e-05, 2.64693e-05, 5.83029e-06, 2.02377e-06, 6.73061e-07, 2.14445e-07, 6.54548e-08, 1.91396e-08, 5.36157e-09, 1.43885e-09, 3.69919e-10, 9.11092e-11, 2.14973e-11, 4.85928e-12, 1.05227e-12, 2.18295e-13, 4.3384e-14, 8.26002e-15, 1.5066e-15, 2.63257e-16, 4.40685e-17, 7.06712e-18, 1.08573e-18, 1.59797e-19, 2.25309e-20, 3.04337e-21, 3.9382e-22, 4.88209e-23, 5.79801e-24, 6.59657e-25, 7.18989e-26, 7.50745e-27, 7.50979e-28, 7.19663e-29, 6.60687e-30, 5.81069e-31, 4.89581e-32, 3.95173e-33, 3.05573e-34, 2.26365e-35, 1.60645e-36, 1.09217e-37, 7.11346e-39, 4.43849e-40, 2.65311e-41, 1.51929e-42, 8.33471e-44, 4.38032e-45, 2.2054e-46, 1.06373e-47, 4.91522e-49, 2.1758e-50, 9.22699e-52, 3.74857e-53, 1.45894e-54, 5.43968e-56, 1.94301e-57, 6.64875e-59, 2.17957e-60, 6.8449e-62, 2.05934e-63, 5.93545e-65, 1.63887e-66, 4.3351e-68, 1.09855e-69, 2.66688e-71, 6.20231e-73, 1.38187e-74, 2.94949e-76, 6.03102e-78, 1.18141e-79, 2.21703e-81, 3.98575e-83, 6.86456e-85, 1.13261e-86, 1.79024e-88, 2.71086e-90, 3.93249e-92, 5.46503e-94, 7.27582e-96, 9.27974e-98, 1.13385e-99, 1.3272e-101, 1.48828e-103, 1.59881e-105, 1.6454e-107, 1.62223e-109, 1.5322e-111, 1.38639e-113, 1.20176e-115, 9.97964e-118, 7.93919e-120, 6.05064e-122, 4.41765e-124, 3.0899e-126, 2.07044e-128, 1.32906e-130, 8.17318e-133, 4.81506e-135, 2.71754e-137, 1.46931e-139, 7.61054e-142, 3.77643e-144, 1.7952e-146, 8.17534e-149, 3.56667e-151, 1.49068e-153, 5.96857e-156, 2.28939e-158, 8.41265e-161, 2.96149e-163, 9.98736e-166, 3.22667e-168, 9.98672e-171, 2.96111e-173, 8.41105e-176, 2.28881e-178, 5.96667e-181
3.1614, 3.16221, 3.16304, 3.16387, 3.16472, 3.16557, 3.16643, 3.1673, 3.16818, 3.16907, 3.16997, 3.17088, 3.17179, 3.17272, 3.17366, 3.1746, 3.17556, 3.17652, 3.1775, 3.17849, 3.17948, 3.18049, 3.18151, 3.18253, 3.18357, 3.18462, 3.18568, 3.18675, 3.18783, 3.18892, 3.19003, 3.19114, 3.19227, 3.1934, 3.19455, 3.19571, 3.19688, 3.19807, 3.19926, 3.20047, 3.20169, 3.20292, 3.20416, 3.20542, 3.20669, 3.20797, 3.20927, 3.21057, 3.21189, 3.21323, 3.21457, 3.21593, 3.2173, 3.21869, 3.22009, 3.22151, 3.22293, 3.22438, 3.22583, 3.2273, 3.22879, 3.23029, 3.2318, 3.23333, 3.23488, 3.23644, 3.23801, 3.2396, 3.24121, 3.24283, 3.24447, 3.24612, 3.24779, 3.24948, 3.25118, 3.2529, 3.25464, 3.2564, 3.25817, 3.25996, 3.26176, 3.26359, 3.26543, 3.26729, 3.26917, 3.27106, 3.27298, 3.27491, 3.27687, 3.27884, 3.28083, 3.28285, 3.28488, 3.28693, 3.289, 3.29109, 3.29321, 3.29534, 3.2975, 3.29968, 3.30188, 3.3041, 3.30634, 3.3086, 3.31089, 3.3132, 3.31554, 3.31789, 3.32028, 3.32268, 3.32511, 3.32756, 3.33004, 3.33254, 3.33507, 3.33763, 3.34021, 3.34281, 3.34545, 3.34811, 3.35079, 3.35351, 3.35625, 3.35902, 3.36182, 3.36464, 3.3675, 3.37039, 3.3733, 3.37625, 3.37922, 3.38223, 3.38527, 3.38834, 3.39144, 3.39458, 3.39774, 3.40095, 3.40418, 3.40745, 3.41075, 3.41409, 3.41747, 3.42088, 3.42432, 3.42781, 3.43133, 3.43489, 3.43848, 3.44212, 3.4458, 3.44951, 3.45327, 3.45707, 3.4609, 3.46479, 3.46871, 3.47268, 3.47669, 3.48075, 3.48485, 3.489, 3.49319, 3.49743, 3.50172, 3.50606, 3.51045, 3.51488, 3.51937, 3.52391, 3.5285, 3.53315, 3.53785, 3.5426, 3.54741, 3.55228, 3.5572, 3.56218, 3.56722, 3.57233, 3.57749, 3.58271, 3.588, 3.59335, 3.59877, 3.60425, 3.6098, 3.61542, 3.6211, 3.62686, 3.63269, 3.63859, 3.64457, 3.65062, 3.65675, 3.66296, 3.66925, 3.67562, 3.68207, 3.6886, 3.69522, 3.70193, 3.70873, 3.71561, 3.72259, 3.72966, 3.73683, 3.7441, 3.75146, 3.75892, 3.76649, 3.77416, 3.78194, 3.78983, 3.79783, 3.80594, 3.81417, 3.82252, 3.83099, 3.83958, 3.84829, 3.85714, 3.86611, 3.87522, 3.88447, 3.89386, 3.90339, 3.91306, 3.92289, 3.93287, 3.943, 3.95329, 3.96375, 3.97438, 3.98517, 3.99614, 4.00729, 4.01863, 4.03015, 4.04187, 4.05378, 4.0659, 4.07823, 4.09077, 4.10353, 4.11651, 4.12972, 4.14318, 4.15687, 4.17082, 4.18502, 4.19949, 4.21423, 4.22925, 4.24456, 4.26016, 4.27607, 4.29229, 4.30884, 4.32572, 4.34295, 4.36053, 4.37848, 4.39681, 4.41553, 4.43465, 4.45419, 4.47417, 4.49459, 4.51547, 4.53684, 4.5587, 4.58108, 4.60399, 4.62745, 4.6515, 4.67614, 4.7014, 4.72732, 4.7539, 4.78119, 4.80921, 4.838, 4.86759, 4.89801, 4.9293, 4.9615, 4.99466, 5.02883, 5.06404, 5.10036, 5.13785, 5.17655, 5.21655, 5.25791, 5.30071, 5.34503, 5.39096, 5.4386, 5.48806, 5.53945, 5.5929, 5.64855, 5.70656, 5.76709, 5.83033, 5.8965, 5.96582, 6.03856, 6.11501, 6.1955, 6.2804, 6.37016, 6.46526, 6.56628, 6.67389, 6.7889, 6.91225, 7.04509, 7.18886, 7.34532, 7.51671, 7.70581, 7.91612, 8.15186, 8.4179, 8.71942, 9.06118, 9.44613, 9.87354, 10.3366, 10.8196, 11.2963, 11.7289, 12.0697, 12.2653, 12.2638, 12.0235, 11.5214, 10.7598, 9.76876, 8.60358, 7.33718, 6.04948, 4.81597, 3.6979, 2.73613, 1.94937, 1.33644, 0.881186, 0.55853, 0.340186, 0.199036, 0.111832, 0.0603264, 0.0312363, 0.0155212, 0.00739955, 0.00338341, 0.00148287, 0.000621988, 0.000248678, 9.32309e-05, 3.07292e-05, 7.12517e-06, 2.46922e-06, 8.21567e-07, 2.61874e-07, 7.99664e-08, 2.33931e-08, 6.55595e-09, 1.76015e-09, 4.52718e-10, 1.11551e-10, 2.6332e-11, 5.95471e-12, 1.29004e-12, 2.67739e-13, 5.32335e-14, 1.01397e-14, 1.85025e-15, 3.23446e-16, 5.41675e-17, 8.69044e-18, 1.3357e-18, 1.96673e-19, 2.77424e-20, 3.74894e-21, 4.85333e-22, 6.01916e-23, 7.1515e-24, 8.14e-25, 8.876e-26, 9.27204e-27, 9.27895e-28, 8.89586e-29, 8.17038e-30, 7.18889e-31, 6.05964e-32, 4.89325e-33, 3.78541e-34, 2.80539e-35, 1.99177e-36, 1.35472e-37, 8.82728e-39, 5.51021e-40, 3.29515e-41, 1.88776e-42, 1.03606e-43, 5.44735e-45, 2.7438e-46, 1.32399e-47, 6.12042e-49, 2.71046e-50, 1.14993e-51, 4.67371e-53, 1.81978e-54, 6.78796e-56, 2.42564e-57, 8.3038e-59, 2.72328e-60, 8.55605e-62, 2.57524e-63, 7.42555e-65, 2.05118e-66, 5.42804e-68, 1.37609e-69, 3.34207e-71, 7.77586e-73, 1.73319e-74, 3.70091e-76, 7.57069e-78, 1.48363e-79, 2.78537e-81, 5.0096e-83, 8.63152e-85, 1.42474e-86, 2.25294e-88, 3.41293e-90, 4.95301e-92, 6.88614e-94, 9.17163e-96, 1.17026e-97, 1.43048e-99, 1.67511e-101, 1.87919e-103, 2.01959e-105, 2.07931e-107, 2.05087e-109, 1.93786e-111, 1.75416e-113, 1.52118e-115, 1.26374e-117, 1.00577e-119, 7.66834e-122, 5.60105e-124, 3.91923e-126, 2.62722e-128, 1.68716e-130, 1.03796e-132, 6.11739e-135, 3.45396e-137, 1.86823e-139, 9.68077e-142, 4.80565e-144, 2.28538e-146, 1.04118e-148, 4.54423e-151, 1.90001e-153, 7.61056e-156, 2.92039e-158, 1.07356e-160, 3.78076e-163, 1.27554e-165, 4.1226e-168, 1.27647e-170, 3.78632e-173, 1.07593e-175, 2.92898e-178, 7.63856e-181
208.68
176.57
 
MEASUREMENT 55
1.56305, 4.67879, 7.79453, 10.9103, 14.0312, 17.1469, 20.2679, 23.3784, 26.4796, 29.5859, 32.6913, 35.8071, 38.9228, 42.0385, 45.1595, 48.2752, 51.3909, 54.5067, 57.6224, 60.7381, 63.8435, 66.9593, 70.0698, 73.1752, 76.2806, 79.3859, 82.4913, 85.5967, 88.7021, 91.8074, 94.9128, 98.0182, 101.1, 104.148, 107.196, 110.244, 113.292, 116.339, 119.387, 122.435, 125.483, 128.531, 131.574, 134.622, 137.67, 140.718, 143.766, 146.814, 149.861, 152.909, 155.957, 159.005, 162.053, 165.101, 168.149, 171.197, 174.245, 177.293, 180.341, 183.389, 186.436, 189.484, 192.532, 195.58, 198.621, 201.655, 204.688, 207.722, 210.756, 213.794, 216.838, 219.882, 222.926, 225.97, 229.014, 232.058, 235.102, 238.145, 241.189, 244.233, 247.277, 250.321, 253.37, 256.424, 259.478, 262.532, 265.586, 268.64, 271.695, 274.749, 277.803, 280.857, 283.911, 286.97, 290.035, 293.099
2.83808, 2.83932, 2.82272, 2.97755, 2.82533, 2.85627, 3.06816, 3.06444, 3.03238, 3.06135, 3.09628, 3.16074, 3.16119, 3.20224, 3.19491, 3.22569, 3.32951, 3.36297, 3.41775, 3.45051, 3.10752, 3.41877, 3.43233, 3.41968, 3.49702, 3.50577, 3.52454, 3.52001, 3.57026, 3.31288, 3.62531, 3.167, 3.64214, 3.64587, 3.67884, 3.69479, 3.71235, 3.74494, 3.7846, 3.79917, 3.81278, 3.85527, 3.91077, 3.91137, 3.95935, 4.02296, 4.08265, 4.1184, 4.15688, 4.20065, 4.28498, 4.35833, 4.44635, 4.50115, 4.59453, 4.8134, 4.88698, 4.95718, 5.15142, 5.39272, 5.58259, 5.94919, 6.29793, 6.98283, 8.8937, 10.1448, 11.4306, 10.4407, 5.36335, 1.21409, 0.103079, 0.000256355, 0.00429734, 0.000976658, -0.00317078, 0.000707551, 0.00234109, 0.0035406, -0.00664443, -0.00305437, -0.010494, -0.0133668, -0.00412379, -0.000992706, -0.00495881, -0.0125538, 0.00368491, -0.0122476, -0.00382603, -0.00027294, -0.000946825, -0.00036298, -0.00754941, -0.00512722, -0.00703863, -0.0347249
0.0851424, 0.0851796, 0.0846815, 0.0893265, 0.08476, 0.0856882, 0.0920447, 0.0919331, 0.0909714, 0.0918406, 0.0928883, 0.0948221, 0.0948358, 0.0960672, 0.0958474, 0.0967708, 0.0998852, 0.100889, 0.102533, 0.103515, 0.0932256, 0.102563, 0.10297, 0.10259, 0.104911, 0.105173, 0.105736, 0.1056, 0.107108, 0.0993863, 0.108759, 0.09501, 0.109264, 0.109376, 0.110365, 0.110844, 0.111371, 0.112348, 0.113538, 0.113975, 0.114383, 0.115658, 0.117323, 0.117341, 0.11878, 0.120689, 0.12248, 0.123552, 0.124706, 0.12602, 0.128549, 0.13075, 0.133391, 0.135035, 0.137836, 0.144402, 0.146609, 0.148715, 0.154543, 0.161782, 0.167478, 0.178476, 0.188938, 0.209485, 0.266811, 0.304345, 0.342918, 0.313222, 0.1609, 0.0364227, 0.00309236, 7.69064e-06, 0.00012892, 2.92997e-05, 9.51235e-05, 2.12265e-05, 7.02326e-05, 0.000106218, 0.000199333, 9.16311e-05, 0.000314819, 0.000401003, 0.000123714, 2.97812e-05, 0.000148764, 0.000376615, 0.000110547, 0.000367429, 0.000114781, 8.18821e-06, 2.84048e-05, 1.08894e-05, 0.000226482, 0.000153817, 0.000211159, 0.00104175
0, 0.613815, 1.22763, 1.84144, 2.45526, 3.06907, 3.68289, 4.2967, 4.91052, 5.52433, 6.13815, 6.75196, 7.36578, 7.97959, 8.59341, 9.20722, 9.82104, 10.4349, 11.0487, 11.6625, 12.2763, 12.8901, 13.5039, 14.1177, 14.7316, 15.3454, 15.9592, 16.573, 17.1868, 17.8006, 18.4144, 19.0283, 19.6421, 20.2559, 20.8697, 21.4835, 22.0973, 22.7111, 23.325, 23.9388, 24.5526, 25.1664, 25.7802, 26.394, 27.0078, 27.6217, 28.2355, 28.8493, 29.4631, 30.0769, 30.6907, 31.3046, 31.9184, 32.5322, 33.146, 33.7598, 34.3736, 34.9874, 35.6013, 36.2151, 36.8289, 37.4427, 38.0565, 38.6703, 39.2841, 39.898, 40.5118, 41.1256, 41.7394, 42.3532, 42.967, 43.5808, 44.1947, 44.8085, 45.4223, 46.0361, 46.6499, 47.2637, 47.8775, 48.4914, 49.1052, 49.719, 50.3328, 50.9466, 51.5604, 52.1743, 52.7881, 53.4019, 54.0157, 54.6295, 55.2433, 55.8571, 56.471, 57.0848, 57.6986, 58.3124, 58.9262, 59.54, 60.1538, 60.7677, 61.3815, 61.9953, 62.6091, 63.2229, 63.8367, 64.4505, 65.0644, 65.6782, 66.292, 66.9058, 67.5196, 68.1334, 68.7473, 69.3611, 69.9749, 70.5887, 71.2025, 71.8163, 72.4301, 73.044, 73.6578, 74.2716, 74.8854, 75.4992, 76.113, 76.7268, 77.3407, 77.9545, 78.5683, 79.1821, 79.7959, 80.4097, 81.0235, 81.6374, 82.2512, 82.865, 83.4788, 84.0926, 84.7064, 85.3202, 85.9341, 86.5479, 87.1617, 87.7755, 88.3893, 89.0031, 89.617, 90.2308, 90.8446, 91.4584, 92.0722, 92.686, 93.2998, 93.9137, 94.5275, 95.1413, 95.7551, 96.3689, 96.9827, 97.5965, 98.2104, 98.8242, 99.438, 100.052, 100.666, 101.279, 101.893, 102.507, 103.121, 103.735, 104.349, 104.962, 105.576, 106.19, 106.804, 107.418, 108.031, 108.645, 109.259, 109.873, 110.487, 111.1, 111.714, 112.328, 112.942, 113.556, 114.17, 114.783, 115.397, 116.011, 116.625, 117.239, 117.852, 118.466, 119.08, 119.694, 120.308, 120.922, 121.535, 122.149, 122.763, 123.377, 123.991, 124.604, 125.218, 125.832, 126.446, 127.06, 127.673, 128.287, 128.901, 129.515, 130.129, 130.743, 131.356, 131.97, 132.584, 133.198, 133.812, 134.425, 135.039, 135.653, 136.267, 136.881, 137.495, 138.108, 138.722, 139.336, 139.95, 140.564, 141.177, 141.791, 142.405, 143.019, 143.633, 144.246, 144.86, 145.474, 146.088, 146.702, 147.316, 147.929, 148.543, 149.157, 149.771, 150.385, 150.998, 151.612, 152.226, 152.84, 153.454, 154.068, 154.681, 155.295, 155.909, 156.523, 157.137, 157.75, 158.364, 158.978, 159.592, 160.206, 160.819, 161.433, 162.047, 162.661, 163.275, 163.889, 164.502, 165.116, 165.73, 166.344, 166.958, 167.571, 168.185, 168.799, 169.413, 170.027, 170.64, 171.254, 171.868, 172.482, 173.096, 173.71, 174.323, 174.937, 175.551, 176.165, 176.779, 177.392, 178.006, 178.62, 179.234, 179.848, 180.462, 181.075, 181.689, 182.303, 182.917, 183.531, 184.144, 184.758, 185.372, 185.986, 186.6, 187.213, 187.827, 188.441, 189.055, 189.669, 190.283, 190.896, 191.51, 192.124, 192.738, 193.352, 193.965, 194.579, 195.193, 195.807, 196.421, 197.035, 197.648, 198.262, 198.876, 199.49, 200.104, 200.717, 201.331, 201.945, 202.559, 203.173, 203.786, 204.4, 205.014, 205.628, 206.242, 206.856, 207.469, 208.083, 208.697, 209.311, 209.925, 210.538, 211.152, 211.766, 212.38, 212.994, 213.608, 214.221, 214.835, 215.449, 216.063, 216.677, 217.29, 217.904, 218.518, 219.132, 219.746, 220.359, 220.973, 221.587, 222.201, 222.815, 223.429, 224.042, 224.656, 225.27, 225.884, 226.498, 227.111, 227.725, 228.339, 228.953, 229.567, 230.181, 230.794, 231.408, 232.022, 232.636, 233.25, 233.863, 234.477, 235.091, 235.705, 236.319, 236.932, 237.546, 238.16, 238.774, 239.388, 240.002, 240.615, 241.229, 241.843, 242.457, 243.071, 243.684, 244.298, 244.912, 245.526, 246.14, 246.754, 247.367, 247.981, 248.595, 249.209, 249.823, 250.436, 251.05, 251.664, 252.278, 252.892, 253.505, 254.119, 254.733, 255.347, 255.961, 256.575, 257.188, 257.802, 258.416, 259.03, 259.644, 260.257, 260.871, 261.485, 262.099, 262.713, 263.327, 263.94, 264.554, 265.168, 265.782, 266.396, 267.009, 267.623, 268.237, 268.851, 269.465, 270.078, 270.692, 271.306, 271.92, 272.534, 273.148, 273.761, 274.375, 274.989, 275.603, 276.217, 276.83, 277.444, 278.058, 278.672, 279.286, 279.9, 280.513, 281.127, 281.741, 282.355, 282.969, 283.582, 284.196, 284.81, 285.424, 286.038, 286.651, 287.265, 287.879, 288.493, 289.107, 289.721, 290.334, 290.948, 291.562, 292.176, 292.79, 293.403, 294.017
3.18092, 3.18168, 3.18244, 3.18322, 3.184, 3.18479, 3.18559, 3.1864, 3.18721, 3.18804, 3.18887, 3.18972, 3.19057, 3.19143, 3.19231, 3.19319, 3.19408, 3.19498, 3.19589, 3.19681, 3.19774, 3.19868, 3.19963, 3.20059, 3.20156, 3.20254, 3.20353, 3.20453, 3.20554, 3.20656, 3.20759, 3.20863, 3.20969, 3.21075, 3.21183, 3.21292, 3.21401, 3.21512, 3.21625, 3.21738, 3.21852, 3.21968, 3.22085, 3.22203, 3.22322, 3.22442, 3.22564, 3.22687, 3.22811, 3.22936, 3.23063, 3.23191, 3.2332, 3.2345, 3.23582, 3.23715, 3.2385, 3.23986, 3.24123, 3.24261, 3.24401, 3.24543, 3.24685, 3.2483, 3.24975, 3.25123, 3.25271, 3.25421, 3.25573, 3.25726, 3.25881, 3.26037, 3.26194, 3.26354, 3.26515, 3.26677, 3.26841, 3.27007, 3.27174, 3.27343, 3.27514, 3.27687, 3.27861, 3.28037, 3.28214, 3.28394, 3.28575, 3.28758, 3.28943, 3.2913, 3.29318, 3.29509, 3.29701, 3.29895, 3.30092, 3.3029, 3.3049, 3.30692, 3.30896, 3.31102, 3.31311, 3.31521, 3.31734, 3.31948, 3.32165, 3.32384, 3.32605, 3.32829, 3.33054, 3.33282, 3.33512, 3.33745, 3.3398, 3.34217, 3.34457, 3.34699, 3.34944, 3.35191, 3.35441, 3.35693, 3.35948, 3.36205, 3.36465, 3.36728, 3.36993, 3.37261, 3.37532, 3.37806, 3.38082, 3.38362, 3.38644, 3.38929, 3.39218, 3.39509, 3.39803, 3.401, 3.40401, 3.40704, 3.41011, 3.41321, 3.41635, 3.41951, 3.42271, 3.42595, 3.42922, 3.43252, 3.43586, 3.43924, 3.44265, 3.4461, 3.44958, 3.45311, 3.45667, 3.46027, 3.46391, 3.46759, 3.47131, 3.47507, 3.47888, 3.48272, 3.48661, 3.49054, 3.49452, 3.49853, 3.5026, 3.50671, 3.51087, 3.51507, 3.51932, 3.52362, 3.52797, 3.53237, 3.53683, 3.54133, 3.54588, 3.55049, 3.55515, 3.55987, 3.56464, 3.56947, 3.57435, 3.57929, 3.5843, 3.58936, 3.59448, 3.59967, 3.60491, 3.61022, 3.6156, 3.62104, 3.62655, 3.63213, 3.63778, 3.6435, 3.64929, 3.65515, 3.66109, 3.6671, 3.67319, 3.67935, 3.6856, 3.69193, 3.69834, 3.70483, 3.71141, 3.71808, 3.72483, 3.73168, 3.73861, 3.74564, 3.75277, 3.75999, 3.76731, 3.77473, 3.78226, 3.78989, 3.79763, 3.80547, 3.81343, 3.8215, 3.82969, 3.83799, 3.84642, 3.85497, 3.86364, 3.87245, 3.88138, 3.89045, 3.89965, 3.909, 3.91849, 3.92812, 3.9379, 3.94784, 3.95793, 3.96819, 3.9786, 3.98919, 3.99994, 4.01087, 4.02199, 4.03328, 4.04477, 4.05645, 4.06832, 4.0804, 4.09269, 4.1052, 4.11792, 4.13087, 4.14405, 4.15747, 4.17113, 4.18505, 4.19922, 4.21366, 4.22837, 4.24337, 4.25865, 4.27423, 4.29012, 4.30632, 4.32285, 4.33971, 4.35693, 4.3745, 4.39244, 4.41076, 4.42947, 4.44859, 4.46814, 4.48811, 4.50854, 4.52944, 4.55082, 4.5727, 4.59511, 4.61805, 4.64155, 4.66564, 4.69033, 4.71565, 4.74162, 4.76828, 4.79565, 4.82376, 4.85265, 4.88234, 4.91288, 4.94431, 4.97666, 5.00999, 5.04433, 5.07974, 5.11628, 5.154, 5.19297, 5.23325, 5.27493, 5.31806, 5.36276, 5.4091, 5.45718, 5.50713, 5.55906, 5.6131, 5.66939, 5.72811, 5.78942, 5.85351, 5.92062, 5.99097, 6.06485, 6.14255, 6.22442, 6.31085, 6.40228, 6.49924, 6.6023, 6.71217, 6.82963, 6.95567, 7.09141, 7.23824, 7.3979, 7.57252, 7.76486, 7.9785, 8.21818, 8.49007, 8.80191, 9.16253, 9.57991, 10.0571, 10.5856, 11.1362, 11.6513, 12.0431, 12.2023, 12.0202, 11.421, 10.3913, 8.99379, 7.3808, 5.71223, 4.15521, 2.83336, 1.80718, 1.07634, 0.597785, 0.309248, 0.14888, 0.0666518, 0.0277302, 0.0107153, 0.00384291, 0.00127747, 0.000391971, 0.00010903, 2.47003e-05, 4.12381e-06, 9.66489e-07, 2.09657e-07, 4.20933e-08, 7.82183e-09, 1.34523e-09, 2.1413e-10, 3.15463e-11, 4.30142e-12, 5.42834e-13, 6.34036e-14, 6.85412e-15, 6.85774e-16, 6.35041e-17, 5.44269e-18, 4.31734e-19, 3.16964e-20, 2.15374e-21, 1.35447e-22, 7.88378e-24, 4.24708e-25, 2.11757e-26, 9.77179e-28, 4.1735e-29, 1.64975e-30, 6.03566e-32, 2.04372e-33, 6.40482e-35, 1.85773e-36, 4.9871e-38, 1.23909e-39, 2.84936e-41, 6.06428e-43, 1.19454e-44, 2.17777e-46, 3.67461e-48, 5.73852e-50, 8.29424e-52, 1.10954e-53, 1.37371e-55, 1.57411e-57, 1.66942e-59, 1.63864e-61, 1.48863e-63, 1.25164e-65, 9.74004e-68, 7.01501e-70, 4.6761e-72, 2.88487e-74, 1.64723e-76, 8.70504e-79, 4.25769e-81, 1.92736e-83, 8.07494e-86, 3.13113e-88, 1.1237e-90, 3.73238e-93, 1.14738e-95, 3.26448e-98, 8.59619e-101, 2.095e-103, 4.72551e-106, 9.86502e-109, 1.90604e-111, 3.40842e-114, 5.64102e-117, 8.64067e-120, 1.22496e-122, 1.60724e-125, 1.95176e-128, 2.19358e-131, 2.28175e-134, 2.19667e-137, 1.95725e-140, 1.61403e-143, 1.23186e-146, 8.70147e-150, 5.68865e-153, 3.44198e-156, 1.92749e-159, 9.98984e-163, 4.79191e-166, 2.12736e-169, 8.74091e-173, 3.32396e-176, 1.16987e-179, 3.81066e-183, 1.14881e-186, 3.20535e-190, 8.27725e-194, 1.97824e-197, 4.37577e-201, 8.958e-205, 1.69726e-208, 2.97625e-212, 4.83028e-216, 7.2553e-220, 1.0086e-223, 1.29768e-227, 1.54523e-231, 1.70295e-235, 1.73696e-239, 1.63969e-243, 1.43256e-247, 1.15836e-251, 8.66871e-256, 6.00409e-260, 3.84875e-264, 2.28335e-268, 1.25373e-272, 6.37115e-277, 2.99648e-281, 1.30432e-285, 5.25455e-290, 1.95915e-294, 6.7605e-299, 2.15909e-303, 6.38175e-308, 1.74578e-312, 4.41996e-317
3.18092, 3.18173, 3.18254, 3.18336, 3.1842, 3.18504, 3.18588, 3.18674, 3.18761, 3.18849, 3.18937, 3.19027, 3.19117, 3.19209, 3.19301, 3.19394, 3.19489, 3.19584, 3.1968, 3.19778, 3.19876, 3.19975, 3.20076, 3.20177, 3.20279, 3.20383, 3.20487, 3.20593, 3.207, 3.20807, 3.20916, 3.21026, 3.21137, 3.2125, 3.21363, 3.21477, 3.21593, 3.2171, 3.21828, 3.21947, 3.22067, 3.22189, 3.22312, 3.22436, 3.22561, 3.22688, 3.22815, 3.22944, 3.23075, 3.23206, 3.23339, 3.23473, 3.23609, 3.23746, 3.23884, 3.24024, 3.24165, 3.24307, 3.24451, 3.24596, 3.24743, 3.24891, 3.25041, 3.25192, 3.25344, 3.25498, 3.25654, 3.25811, 3.25969, 3.2613, 3.26291, 3.26455, 3.2662, 3.26786, 3.26954, 3.27124, 3.27296, 3.27469, 3.27644, 3.27821, 3.27999, 3.28179, 3.28361, 3.28545, 3.2873, 3.28917, 3.29107, 3.29298, 3.2949, 3.29685, 3.29882, 3.30081, 3.30281, 3.30484, 3.30688, 3.30895, 3.31104, 3.31315, 3.31527, 3.31742, 3.31959, 3.32179, 3.324, 3.32624, 3.3285, 3.33078, 3.33308, 3.33541, 3.33776, 3.34013, 3.34253, 3.34495, 3.3474, 3.34987, 3.35236, 3.35488, 3.35743, 3.36, 3.3626, 3.36522, 3.36787, 3.37055, 3.37326, 3.37599, 3.37875, 3.38154, 3.38436, 3.3872, 3.39008, 3.39298, 3.39592, 3.39888, 3.40188, 3.40491, 3.40797, 3.41106, 3.41418, 3.41734, 3.42053, 3.42375, 3.42701, 3.4303, 3.43363, 3.43699, 3.44038, 3.44382, 3.44729, 3.4508, 3.45434, 3.45792, 3.46155, 3.46521, 3.46891, 3.47265, 3.47643, 3.48025, 3.48412, 3.48803, 3.49198, 3.49597, 3.50001, 3.50409, 3.50822, 3.5124, 3.51662, 3.52089, 3.52521, 3.52958, 3.53399, 3.53846, 3.54298, 3.54755, 3.55217, 3.55685, 3.56158, 3.56636, 3.57121, 3.57611, 3.58106, 3.58608, 3.59115, 3.59629, 3.60148, 3.60674, 3.61206, 3.61745, 3.6229, 3.62842, 3.63401, 3.63966, 3.64539, 3.65118, 3.65705, 3.66299, 3.66901, 3.6751, 3.68127, 3.68752, 3.69385, 3.70026, 3.70675, 3.71333, 3.71999, 3.72674, 3.73358, 3.74051, 3.74754, 3.75466, 3.76187, 3.76918, 3.77659, 3.7841, 3.79172, 3.79944, 3.80727, 3.81521, 3.82326, 3.83142, 3.8397, 3.8481, 3.85662, 3.86527, 3.87404, 3.88294, 3.89197, 3.90114, 3.91044, 3.91988, 3.92947, 3.93921, 3.94909, 3.95913, 3.96933, 3.97968, 3.9902, 4.00089, 4.01175, 4.02279, 4.03401, 4.04541, 4.057, 4.06879, 4.08077, 4.09296, 4.10535, 4.11797, 4.1308, 4.14386, 4.15714, 4.17067, 4.18444, 4.19847, 4.21275, 4.22729, 4.24211, 4.25721, 4.2726, 4.28829, 4.30428, 4.32059, 4.33722, 4.35419, 4.3715, 4.38917, 4.40721, 4.42563, 4.44443, 4.46365, 4.48328, 4.50334, 4.52386, 4.54483, 4.56629, 4.58824, 4.61071, 4.63371, 4.65727, 4.6814, 4.70613, 4.73148, 4.75748, 4.78416, 4.81153, 4.83964, 4.8685, 4.89816, 4.92866, 4.96002, 4.99229, 5.02551, 5.05973, 5.09499, 5.13135, 5.16886, 5.20759, 5.24759, 5.28894, 5.33172, 5.37599, 5.42186, 5.46941, 5.51875, 5.56999, 5.62325, 5.67867, 5.7364, 5.79659, 5.85942, 5.92509, 5.99383, 6.06586, 6.14147, 6.22095, 6.30466, 6.39298, 6.48636, 6.58529, 6.69036, 6.80225, 6.92174, 7.04976, 7.18742, 7.33603, 7.49722, 7.67301, 7.86593, 8.07927, 8.3174, 8.58626, 8.89385, 9.25081, 9.6703, 10.1664, 10.7499, 11.4199, 12.1526, 12.8889, 13.5282, 13.9349, 13.9632, 13.4967, 12.4898, 10.9947, 9.15867, 7.18893, 5.29935, 3.65895, 2.36134, 1.42203, 0.798052, 0.416937, 0.202606, 0.0915108, 0.038395, 0.0149564, 0.00540594, 0.0018111, 0.000560564, 0.000158115, 3.73368e-05, 6.83574e-06, 1.60227e-06, 3.48135e-07, 7.00085e-08, 1.303e-08, 2.24457e-09, 3.57858e-10, 5.28056e-11, 7.21176e-12, 9.11578e-13, 1.06644e-13, 1.15471e-14, 1.15717e-15, 1.07328e-16, 9.21337e-18, 7.32007e-19, 5.38272e-20, 3.66335e-21, 2.30752e-22, 1.34525e-23, 7.25853e-25, 3.6248e-26, 1.67536e-27, 7.16677e-29, 2.83744e-30, 1.03973e-31, 3.52614e-33, 1.1068e-34, 3.21535e-36, 8.64518e-38, 2.15134e-39, 4.95486e-41, 1.05619e-42, 2.08372e-44, 3.80474e-46, 6.42982e-48, 1.00568e-49, 1.45582e-51, 1.95048e-53, 2.41859e-55, 2.77569e-57, 2.94826e-59, 2.89832e-61, 2.63702e-63, 2.22059e-65, 1.73064e-67, 1.24834e-69, 8.33381e-72, 5.1492e-74, 2.94457e-76, 1.55844e-78, 7.63381e-81, 3.46082e-83, 1.45212e-85, 5.63908e-88, 2.02675e-90, 6.74179e-93, 2.07556e-95, 5.91398e-98, 1.55958e-100, 3.80645e-103, 8.59836e-106, 1.79761e-108, 3.47823e-111, 6.2288e-114, 1.03237e-116, 1.5836e-119, 2.24824e-122, 2.95407e-125, 3.59237e-128, 4.0432e-131, 4.21163e-134, 4.06031e-137, 3.62284e-140, 2.99172e-143, 2.28652e-146, 1.61738e-149, 1.05884e-152, 6.41547e-156, 3.59757e-159, 1.86712e-162, 8.96839e-166, 3.98693e-169, 1.64038e-172, 6.2464e-176, 2.20139e-179, 7.18031e-183, 2.16756e-186, 6.0559e-190, 1.56591e-193, 3.74745e-197, 8.30011e-201, 1.70142e-204, 3.2279e-208, 5.66771e-212, 9.21032e-216, 1.38523e-219, 1.92818e-223, 2.48401e-227, 2.96167e-231, 3.26814e-235, 3.33766e-239, 3.15474e-243, 2.75971e-247, 2.2343e-251, 1.67417e-255, 1.16101e-259, 7.45158e-264, 4.42629e-268, 2.43338e-272, 1.23811e-276, 5.83021e-281, 2.5409e-285, 1.02487e-289, 3.82586e-294, 1.3218e-298, 4.22649e-303, 1.25075e-307, 3.42563e-312, 8.68334e-317
209.86
177.14
 
MEASUREMENT 56
1.56305, 4.67879, 7.79453, 10.9103, 14.0312, 17.1469, 20.2679, 23.3784, 26.4796, 29.5859, 32.6913, 35.8071, 38.9228, 42.0385, 45.1595, 48.2752, 51.3909, 54.5067, 57.6224, 60.7381, 63.8435, 66.9593, 70.0698, 73.1752, 76.2806, 79.3859, 82.4913, 85.5967, 88.7021, 91.8074, 94.9128, 98.0182, 101.1, 104.148, 107.196, 110.244, 113.292, 116.339, 119.387, 122.435, 125.483, 128.531, 131.574, 134.622, 137.67, 140.718, 143.766, 146.814, 149.861, 152.909, 155.957, 159.005, 162.053, 165.101, 168.149, 171.197, 174.245, 177.293, 180.341, 183.389, 186.436, 189.484, 192.532, 195.58, 198.621, 201.655, 204.688, 207.722, 210.756, 213.794, 216.838, 219.882, 222.926, 225.97, 229.014, 232.058, 235.102, 238.145, 241.189, 244.233, 247.277, 250.321, 253.37, 256.424, 259.478, 262.532, 265.586, 268.64, 271.695, 274.749, 277.803, 280.857, 283.911, 286.97, 290.035, 293.099
2.84051, 2.83903, 2.82954, 2.98007, 2.82599, 2.85864, 3.05404, 3.06894, 3.03651, 3.065, 3.09895, 3.16381, 3.16354, 3.20326, 3.19783, 3.22637, 3.32881, 3.36543, 3.41883, 3.45489, 3.11852, 3.42231, 3.43217, 3.42654, 3.50076, 3.50767, 3.53256, 3.5222, 3.57226, 3.31557, 3.62637, 3.16987, 3.6458, 3.64854, 3.68288, 3.69903, 3.71874, 3.74968, 3.78477, 3.79978, 3.81444, 3.85895, 3.91108, 3.91868, 3.96213, 4.02354, 4.08545, 4.12091, 4.16121, 4.19932, 4.2857, 4.36098, 4.4499, 4.50347, 4.60052, 4.81372, 4.89384, 4.95934, 5.15207, 5.39461, 5.58392, 5.9501, 6.30211, 7.00131, 8.90941, 10.1534, 11.4364, 10.4492, 5.36906, 1.22293, 0.101584, -0.000265721, 0.00477833, -0.000731941, -0.00266877, -0.000660523, 0.00337353, 0.0024592, -0.00789642, -0.00325257, -0.00970946, -0.0120551, -0.000874089, -0.00236806, -0.00401795, -0.0081693, 0.00252706, -0.0116801, -0.00333399, 0.000590517, -0.00115029, 0.000610909, -0.00730139, -0.00305194, -0.00592583, -0.0357089
0.0852153, 0.0851708, 0.0848863, 0.0894021, 0.0847798, 0.0857593, 0.0916213, 0.0920681, 0.0910952, 0.0919501, 0.0929685, 0.0949143, 0.0949063, 0.0960978, 0.0959348, 0.096791, 0.0998643, 0.100963, 0.102565, 0.103647, 0.0935556, 0.102669, 0.102965, 0.102796, 0.105023, 0.10523, 0.105977, 0.105666, 0.107168, 0.0994672, 0.108791, 0.0950961, 0.109374, 0.109456, 0.110486, 0.110971, 0.111562, 0.11249, 0.113543, 0.113994, 0.114433, 0.115769, 0.117332, 0.117561, 0.118864, 0.120706, 0.122563, 0.123627, 0.124836, 0.125979, 0.128571, 0.13083, 0.133497, 0.135104, 0.138016, 0.144412, 0.146815, 0.14878, 0.154562, 0.161838, 0.167518, 0.178503, 0.189063, 0.210039, 0.267282, 0.304602, 0.343092, 0.313477, 0.161072, 0.036688, 0.00304751, 7.97162e-06, 0.00014335, 2.19582e-05, 8.0063e-05, 1.98157e-05, 0.000101206, 7.3776e-05, 0.000236893, 9.7577e-05, 0.000291284, 0.000361652, 2.62227e-05, 7.10417e-05, 0.000120539, 0.000245079, 7.58117e-05, 0.000350403, 0.00010002, 1.77155e-05, 3.45086e-05, 1.83273e-05, 0.000219042, 9.15581e-05, 0.000177775, 0.00107127
0, 0.613815, 1.22763, 1.84144, 2.45526, 3.06907, 3.68289, 4.2967, 4.91052, 5.52433, 6.13815, 6.75196, 7.36578, 7.97959, 8.59341, 9.20722, 9.82104, 10.4349, 11.0487, 11.6625, 12.2763, 12.8901, 13.5039, 14.1177, 14.7316, 15.3454, 15.9592, 16.573, 17.1868, 17.8006, 18.4144, 19.0283, 19.6421, 20.2559, 20.8697, 21.4835, 22.0973, 22.7111, 23.325, 23.9388, 24.5526, 25.1664, 25.7802, 26.394, 27.0078, 27.6217, 28.2355, 28.8493, 29.4631, 30.0769, 30.6907, 31.3046, 31.9184, 32.5322, 33.146, 33.7598, 34.3736, 34.9874, 35.6013, 36.2151, 36.8289, 37.4427, 38.0565, 38.6703, 39.2841, 39.898, 40.5118, 41.1256, 41.7394, 42.3532, 42.967, 43.5808, 44.1947, 44.8085, 45.4223, 46.0361, 46.6499, 47.2637, 47.8775, 48.4914, 49.1052, 49.719, 50.3328, 50.9466, 51.5604, 52.1743, 52.7881, 53.4019, 54.0157, 54.6295, 55.2433, 55.8571, 56.471, 57.0848, 57.6986, 58.3124, 58.9262, 59.54, 60.1538, 60.7677, 61.3815, 61.9953, 62.6091, 63.2229, 63.8367, 64.4505, 65.0644, 65.6782, 66.292, 66.9058, 67.5196, 68.1334, 68.7473, 69.3611, 69.9749, 70.5887, 71.2025, 71.8163, 72.4301, 73.044, 73.6578, 74.2716, 74.8854, 75.4992, 76.113, 76.7268, 77.3407, 77.9545, 78.5683, 79.1821, 79.7959, 80.4097, 81.0235, 81.6374, 82.2512, 82.865, 83.4788, 84.0926, 84.7064, 85.3202, 85.9341, 86.5479, 87.1617, 87.7755, 88.3893, 89.0031, 89.617, 90.2308, 90.8446, 91.4584, 92.0722, 92.686, 93.2998, 93.9137, 94.5275, 95.1413, 95.7551, 96.3689, 96.9827, 97.5965, 98.2104, 98.8242, 99.438, 100.052, 100.666, 101.279, 101.893, 102.507, 103.121, 103.735, 104.349, 104.962, 105.576, 106.19, 106.804, 107.418, 108.031, 108.645, 109.259, 109.873, 110.487, 111.1, 111.714, 112.328, 112.942, 113.556, 114.17, 114.783, 115.397, 116.011, 116.625, 117.239, 117.852, 118.466, 119.08, 119.694, 120.308, 120.922, 121.535, 122.149, 122.763, 123.377, 123.991, 124.604, 125.218, 125.832, 126.446, 127.06, 127.673, 128.287, 128.901, 129.515, 130.129, 130.743, 131.356, 131.97, 132.584, 133.198, 133.812, 134.425, 135.039, 135.653, 136.267, 136.881, 137.495, 138.108, 138.722, 139.336, 139.95, 140.564, 141.177, 141.791, 142.405, 143.019, 143.633, 144.246, 144.86, 145.474, 146.088, 146.702, 147.316, 147.929, 148.543, 149.157, 149.771, 150.385, 150.998, 151.612, 152.226, 152.84, 153.454, 154.068, 154.681, 155.295, 155.909, 156.523, 157.137, 157.75, 158.364, 158.978, 159.592, 160.206, 160.819, 161.433, 162.047, 162.661, 163.275, 163.889, 164.502, 165.116, 165.73, 166.344, 166.958, 167.571, 168.185, 168.799, 169.413, 170.027, 170.64, 171.254, 171.868, 172.482, 173.096, 173.71, 174.323, 174.937, 175.551, 176.165, 176.779, 177.392, 178.006, 178.62, 179.234, 179.848, 180.462, 181.075, 181.689, 182.303, 182.917, 183.531, 184.144, 184.758, 185.372, 185.986, 186.6, 187.213, 187.827, 188.441, 189.055, 189.669, 190.283, 190.896, 191.51, 192.124, 192.738, 193.352, 193.965, 194.579, 195.193, 195.807, 196.421, 197.035, 197.648, 198.262, 198.876, 199.49, 200.104, 200.717, 201.331, 201.945, 202.559, 203.173, 203.786, 204.4, 205.014, 205.628, 206.242, 206.856, 207.469, 208.083, 208.697, 209.311, 209.925, 210.538, 211.152, 211.766, 212.38, 212.994, 213.608, 214.221, 214.835, 215.449, 216.063, 216.677, 217.29, 217.904, 218.518, 219.132, 219.746, 220.359, 220.973, 221.587, 222.201, 222.815, 223.429, 224.042, 224.656, 225.27, 225.884, 226.498, 227.111, 227.725, 228.339, 228.953, 229.567, 230.181, 230.794, 231.408, 232.022, 232.636, 233.25, 233.863, 234.477, 235.091, 235.705, 236.319, 236.932, 237.546, 238.16, 238.774, 239.388, 240.002, 240.615, 241.229, 241.843, 242.457, 243.071, 243.684, 244.298, 244.912, 245.526, 246.14, 246.754, 247.367, 247.981, 248.595, 249.209, 249.823, 250.436, 251.05, 251.664, 252.278, 252.892, 253.505, 254.119, 254.733, 255.347, 255.961, 256.575, 257.188, 257.802, 258.416, 259.03, 259.644, 260.257, 260.871, 261.485, 262.099, 262.713, 263.327, 263.94, 264.554, 265.168, 265.782, 266.396, 267.009, 267.623, 268.237, 268.851, 269.465, 270.078, 270.692, 271.306, 271.92, 272.534, 273.148, 273.761, 274.375, 274.989, 275.603, 276.217, 276.83, 277.444, 278.058, 278.672, 279.286, 279.9, 280.513, 281.127, 281.741, 282.355, 282.969, 283.582, 284.196, 284.81, 285.424, 286.038, 286.651, 287.265, 287.879, 288.493, 289.107, 289.721, 290.334, 290.948, 291.562, 292.176, 292.79, 293.403, 294.017
3.20065, 3.20137, 3.2021, 3.20284, 3.20359, 3.20434, 3.2051, 3.20588, 3.20666, 3.20745, 3.20824, 3.20905, 3.20987, 3.21069, 3.21153, 3.21237, 3.21322, 3.21409, 3.21496, 3.21584, 3.21673, 3.21763, 3.21854, 3.21946, 3.22039, 3.22133, 3.22229, 3.22325, 3.22422, 3.2252, 3.22619, 3.22719, 3.22821, 3.22923, 3.23027, 3.23131, 3.23237, 3.23344, 3.23451, 3.23561, 3.23671, 3.23782, 3.23894, 3.24008, 3.24123, 3.24239, 3.24356, 3.24475, 3.24594, 3.24715, 3.24837, 3.24961, 3.25085, 3.25211, 3.25339, 3.25467, 3.25597, 3.25728, 3.25861, 3.25995, 3.2613, 3.26266, 3.26404, 3.26544, 3.26684, 3.26827, 3.2697, 3.27116, 3.27262, 3.2741, 3.2756, 3.27711, 3.27863, 3.28018, 3.28173, 3.28331, 3.28489, 3.2865, 3.28812, 3.28976, 3.29141, 3.29308, 3.29477, 3.29647, 3.29819, 3.29993, 3.30169, 3.30346, 3.30525, 3.30706, 3.30889, 3.31073, 3.3126, 3.31448, 3.31638, 3.31831, 3.32025, 3.32221, 3.32419, 3.32619, 3.32821, 3.33025, 3.33231, 3.33439, 3.3365, 3.33862, 3.34077, 3.34294, 3.34513, 3.34734, 3.34957, 3.35183, 3.35411, 3.35642, 3.35874, 3.36109, 3.36347, 3.36587, 3.36829, 3.37074, 3.37322, 3.37572, 3.37824, 3.38079, 3.38337, 3.38598, 3.38861, 3.39127, 3.39395, 3.39667, 3.39941, 3.40218, 3.40498, 3.40781, 3.41067, 3.41356, 3.41648, 3.41943, 3.42241, 3.42542, 3.42847, 3.43155, 3.43466, 3.4378, 3.44098, 3.44419, 3.44743, 3.45071, 3.45403, 3.45738, 3.46077, 3.46419, 3.46765, 3.47115, 3.47469, 3.47827, 3.48188, 3.48554, 3.48924, 3.49297, 3.49675, 3.50057, 3.50443, 3.50834, 3.51229, 3.51629, 3.52033, 3.52441, 3.52854, 3.53272, 3.53695, 3.54123, 3.54555, 3.54992, 3.55435, 3.55883, 3.56335, 3.56794, 3.57257, 3.57726, 3.58201, 3.58681, 3.59167, 3.59658, 3.60156, 3.6066, 3.61169, 3.61685, 3.62207, 3.62736, 3.63271, 3.63812, 3.64361, 3.64916, 3.65478, 3.66047, 3.66623, 3.67207, 3.67798, 3.68396, 3.69003, 3.69617, 3.70238, 3.70869, 3.71507, 3.72153, 3.72809, 3.73472, 3.74145, 3.74827, 3.75518, 3.76218, 3.76928, 3.77647, 3.78377, 3.79116, 3.79866, 3.80626, 3.81397, 3.82179, 3.82972, 3.83777, 3.84592, 3.8542, 3.8626, 3.87112, 3.87977, 3.88855, 3.89745, 3.9065, 3.91567, 3.92499, 3.93445, 3.94406, 3.95382, 3.96373, 3.9738, 3.98403, 3.99442, 4.00498, 4.01571, 4.02662, 4.03771, 4.04898, 4.06044, 4.0721, 4.08395, 4.09601, 4.10828, 4.12076, 4.13347, 4.1464, 4.15956, 4.17296, 4.18661, 4.20051, 4.21467, 4.22909, 4.24379, 4.25877, 4.27405, 4.28962, 4.3055, 4.3217, 4.33822, 4.35508, 4.3723, 4.38987, 4.40781, 4.42614, 4.44486, 4.46399, 4.48355, 4.50355, 4.524, 4.54492, 4.56632, 4.58824, 4.61068, 4.63366, 4.65721, 4.68134, 4.70609, 4.73148, 4.75752, 4.78426, 4.81171, 4.83992, 4.86891, 4.89872, 4.92938, 4.96095, 4.99345, 5.02694, 5.06146, 5.09707, 5.13382, 5.17178, 5.211, 5.25157, 5.29354, 5.33702, 5.38208, 5.42882, 5.47735, 5.52778, 5.58024, 5.63487, 5.69181, 5.75124, 5.81333, 5.8783, 5.94637, 6.01779, 6.09286, 6.17189, 6.25524, 6.34334, 6.43666, 6.53573, 6.64119, 6.75379, 6.87437, 7.00397, 7.14383, 7.29543, 7.46063, 7.64174, 7.84173, 8.06449, 8.31526, 8.60119, 8.93182, 9.31888, 9.77385, 10.3009, 10.8832, 11.4651, 11.9367, 12.1391, 11.8998, 11.0978, 9.72942, 7.94041, 5.9895, 4.14647, 2.6218, 1.50846, 0.787458, 0.372144, 0.158937, 0.0612578, 0.0212826, 0.00665812, 0.00187277, 0.000471508, 0.000103856, 1.66059e-05, 2.38575e-06, 4.05837e-07, 6.18544e-08, 8.44659e-09, 1.03344e-09, 1.13286e-10, 1.11266e-11, 9.79122e-13, 7.71973e-14, 5.45328e-15, 3.45146e-16, 1.95721e-17, 9.94403e-19, 4.52664e-20, 1.8462e-21, 6.74634e-23, 2.20875e-24, 6.47908e-26, 1.70281e-27, 4.00967e-29, 8.45934e-31, 1.59901e-32, 2.70802e-34, 4.10902e-36, 5.58613e-38, 6.80406e-40, 7.42524e-42, 7.26002e-44, 6.35988e-46, 4.99165e-48, 3.51013e-50, 2.21149e-52, 1.24833e-54, 6.31333e-57, 2.86067e-59, 1.16134e-61, 4.22409e-64, 1.37654e-66, 4.01905e-69, 1.05133e-71, 2.46397e-74, 5.17383e-77, 9.73347e-80, 1.6406e-82, 2.47752e-85, 3.35204e-88, 4.0633e-91, 4.41293e-94, 4.29391e-97, 3.74331e-100, 2.92372e-103, 2.04593e-106, 1.2827e-109, 7.20496e-113, 3.6259e-116, 1.63484e-119, 6.60401e-123, 2.3901e-126, 7.74993e-130, 2.2514e-133, 5.8598e-137, 1.36642e-140, 2.85471e-144, 5.3433e-148, 8.96045e-152, 1.34624e-155, 1.81212e-159, 2.18535e-163, 2.36117e-167, 2.28562e-171, 1.98222e-175, 1.54017e-179, 1.07215e-183, 6.68672e-188, 3.73628e-192, 1.8704e-196, 8.38875e-201, 3.37077e-205, 1.21347e-209, 3.91378e-214, 1.13092e-218, 2.92775e-223, 6.79053e-228, 1.41104e-232, 2.62689e-237, 4.38138e-242, 6.54705e-247, 8.76487e-252, 1.05126e-256, 1.12964e-261, 1.08752e-266, 9.37988e-272, 7.24806e-277, 5.01776e-282, 3.11217e-287, 1.72933e-292, 8.60911e-298, 3.83973e-303, 1.53429e-308, 5.49256e-314, 1.76169e-319, 0, 0, 0, 0, 0, 0, 0, 0, 0, 0, 0, 0, 0, 0, 0, 0, 0, 0, 0, 0, 0
3.20065, 3.20146, 3.20227, 3.20309, 3.20392, 3.20476, 3.20561, 3.20647, 3.20734, 3.20821, 3.2091, 3.20999, 3.2109, 3.21181, 3.21273, 3.21367, 3.21461, 3.21556, 3.21652, 3.2175, 3.21848, 3.21947, 3.22048, 3.22149, 3.22251, 3.22355, 3.22459, 3.22565, 3.22672, 3.22779, 3.22888, 3.22998, 3.23109, 3.23221, 3.23335, 3.23449, 3.23565, 3.23682, 3.238, 3.23919, 3.24039, 3.24161, 3.24283, 3.24407, 3.24533, 3.24659, 3.24787, 3.24916, 3.25046, 3.25178, 3.25311, 3.25445, 3.25581, 3.25718, 3.25856, 3.25995, 3.26136, 3.26279, 3.26423, 3.26568, 3.26715, 3.26863, 3.27012, 3.27163, 3.27316, 3.2747, 3.27625, 3.27782, 3.27941, 3.28101, 3.28263, 3.28426, 3.28591, 3.28758, 3.28926, 3.29096, 3.29267, 3.29441, 3.29616, 3.29792, 3.29971, 3.30151, 3.30333, 3.30516, 3.30702, 3.30889, 3.31078, 3.31269, 3.31462, 3.31657, 3.31854, 3.32052, 3.32253, 3.32456, 3.3266, 3.32867, 3.33075, 3.33286, 3.33499, 3.33714, 3.33931, 3.3415, 3.34372, 3.34595, 3.34821, 3.35049, 3.35279, 3.35512, 3.35747, 3.35984, 3.36224, 3.36466, 3.36711, 3.36958, 3.37207, 3.37459, 3.37714, 3.37971, 3.38231, 3.38493, 3.38758, 3.39026, 3.39296, 3.39569, 3.39845, 3.40124, 3.40406, 3.4069, 3.40978, 3.41268, 3.41562, 3.41858, 3.42158, 3.42461, 3.42766, 3.43075, 3.43388, 3.43703, 3.44022, 3.44344, 3.44669, 3.44998, 3.45331, 3.45667, 3.46006, 3.4635, 3.46696, 3.47047, 3.47401, 3.47759, 3.48121, 3.48487, 3.48857, 3.49231, 3.49608, 3.4999, 3.50377, 3.50767, 3.51162, 3.51561, 3.51964, 3.52372, 3.52785, 3.53202, 3.53624, 3.54051, 3.54482, 3.54918, 3.55359, 3.55806, 3.56257, 3.56713, 3.57175, 3.57642, 3.58115, 3.58593, 3.59076, 3.59565, 3.6006, 3.60561, 3.61068, 3.61581, 3.621, 3.62625, 3.63156, 3.63694, 3.64238, 3.64789, 3.65347, 3.65911, 3.66483, 3.67061, 3.67647, 3.6824, 3.68841, 3.69449, 3.70064, 3.70688, 3.7132, 3.71959, 3.72607, 3.73263, 3.73928, 3.74602, 3.75284, 3.75975, 3.76676, 3.77386, 3.78106, 3.78835, 3.79574, 3.80323, 3.81082, 3.81852, 3.82633, 3.83424, 3.84227, 3.85041, 3.85867, 3.86704, 3.87553, 3.88415, 3.89289, 3.90176, 3.91076, 3.91989, 3.92916, 3.93857, 3.94813, 3.95782, 3.96767, 3.97767, 3.98782, 3.99813, 4.00861, 4.01925, 4.03006, 4.04105, 4.05222, 4.06357, 4.0751, 4.08683, 4.09875, 4.11088, 4.12321, 4.13576, 4.14852, 4.16151, 4.17472, 4.18817, 4.20186, 4.2158, 4.23, 4.24445, 4.25918, 4.27418, 4.28947, 4.30505, 4.32093, 4.33713, 4.35364, 4.37048, 4.38766, 4.4052, 4.42309, 4.44136, 4.46002, 4.47907, 4.49853, 4.51842, 4.53875, 4.55953, 4.58079, 4.60253, 4.62478, 4.64755, 4.67086, 4.69474, 4.7192, 4.74427, 4.76998, 4.79634, 4.82339, 4.85115, 4.87965, 4.90893, 4.93902, 4.96995, 5.00177, 5.03451, 5.06822, 5.10294, 5.13873, 5.17564, 5.21372, 5.25303, 5.29365, 5.33564, 5.37908, 5.42405, 5.47064, 5.51894, 5.56907, 5.62114, 5.67527, 5.73159, 5.79027, 5.85145, 5.91534, 5.98211, 6.05201, 6.12527, 6.20216, 6.28301, 6.36816, 6.45801, 6.55299, 6.65362, 6.7605, 6.87428, 6.99578, 7.1259, 7.26576, 7.41664, 7.58014, 7.75818, 7.95318, 8.16818, 8.40716, 8.67541, 8.98031, 9.33236, 9.74665, 10.2439, 10.8495, 11.586, 12.4557, 13.4122, 14.3306, 14.9981, 15.1508, 14.5609, 13.1449, 11.0303, 8.53301, 6.0473, 3.90746, 2.29372, 1.21987, 0.586562, 0.254589, 0.0996193, 0.0351063, 0.0111319, 0.0031724, 0.000809965, 0.000182374, 3.16583e-05, 4.92341e-06, 8.39934e-07, 1.28385e-07, 1.75824e-08, 2.15739e-09, 2.37176e-10, 2.33616e-11, 2.06169e-12, 1.63017e-13, 1.15486e-14, 7.33022e-16, 4.1686e-17, 2.12398e-18, 9.69613e-20, 3.96581e-21, 1.45329e-22, 4.77152e-24, 1.40361e-25, 3.69931e-27, 8.73533e-29, 1.84808e-30, 3.50306e-32, 5.94917e-34, 9.05205e-36, 1.23401e-37, 1.50721e-39, 1.64934e-41, 1.61707e-43, 1.42045e-45, 1.1179e-47, 7.8824e-50, 4.9796e-52, 2.81844e-54, 1.42923e-56, 6.49341e-59, 2.64314e-61, 9.63932e-64, 3.14955e-66, 9.21991e-69, 2.41814e-71, 5.68213e-74, 1.19623e-76, 2.25629e-79, 3.81285e-82, 5.77268e-85, 7.83031e-88, 9.51599e-91, 1.0361e-93, 1.0107e-96, 8.83312e-100, 6.91637e-103, 4.85192e-106, 3.04944e-109, 1.71711e-112, 8.66252e-116, 3.91527e-119, 1.58544e-122, 5.75182e-126, 1.86952e-129, 5.44408e-133, 1.42032e-136, 3.31984e-140, 6.95208e-144, 1.30431e-147, 2.19236e-151, 3.3015e-155, 4.45426e-159, 5.38403e-163, 5.83048e-167, 5.65675e-171, 4.91694e-175, 3.82902e-179, 2.67144e-183, 1.66981e-187, 9.35087e-192, 4.69139e-196, 2.1087e-200, 8.49162e-205, 3.06358e-209, 9.9022e-214, 2.86745e-218, 7.43913e-223, 1.72906e-227, 3.60048e-232, 6.71695e-237, 1.12265e-241, 1.68104e-246, 2.25513e-251, 2.71036e-256, 2.91838e-261, 2.81525e-266, 2.43305e-271, 1.88385e-276, 1.30677e-281, 8.12104e-287, 4.52151e-292, 2.25535e-297, 1.00787e-302, 4.03506e-308, 1.44729e-313, 4.65059e-319, 0, 0, 0, 0, 0, 0, 0, 0, 0, 0, 0, 0, 0, 0, 0, 0, 0, 0, 0, 0, 0
210.25
177.33
 
MEASUREMENT 57
1.56305, 4.67879, 7.79453, 10.9103, 14.0312, 17.1469, 20.2679, 23.3784, 26.4796, 29.5859, 32.6913, 35.8071, 38.9228, 42.0385, 45.1595, 48.2752, 51.3909, 54.5067, 57.6224, 60.7381, 63.8435, 66.9593, 70.0698, 73.1752, 76.2806, 79.3859, 82.4913, 85.5967, 88.7021, 91.8074, 94.9128, 98.0182, 101.1, 104.148, 107.196, 110.244, 113.292, 116.339, 119.387, 122.435, 125.483, 128.531, 131.574, 134.622, 137.67, 140.718, 143.766, 146.814, 149.861, 152.909, 155.957, 159.005, 162.053, 165.101, 168.149, 171.197, 174.245, 177.293, 180.341, 183.389, 186.436, 189.484, 192.532, 195.58, 198.621, 201.655, 204.688, 207.722, 210.756, 213.794, 216.838, 219.882, 222.926, 225.97, 229.014, 232.058, 235.102, 238.145, 241.189, 244.233, 247.277, 250.321, 253.37, 256.424, 259.478, 262.532, 265.586, 268.64, 271.695, 274.749, 277.803, 280.857, 283.911, 286.97, 290.035, 293.099
2.83768, 2.83835, 2.82223, 2.97453, 2.82371, 2.85433, 3.06864, 3.07, 3.03344, 3.06072, 3.0974, 3.16153, 3.16285, 3.20009, 3.19704, 3.22868, 3.32253, 3.36801, 3.42555, 3.45426, 3.11152, 3.41495, 3.42881, 3.42345, 3.4924, 3.5061, 3.52841, 3.52009, 3.5693, 3.30806, 3.62606, 3.1727, 3.6436, 3.64465, 3.6767, 3.6977, 3.71489, 3.74749, 3.78346, 3.80098, 3.81105, 3.85556, 3.90838, 3.91271, 3.95453, 4.01898, 4.08178, 4.12079, 4.15946, 4.1998, 4.28327, 4.35902, 4.44228, 4.50013, 4.59616, 4.81661, 4.88849, 4.9582, 5.14987, 5.39788, 5.5874, 5.94801, 6.30222, 6.99466, 8.89751, 10.1498, 11.4232, 10.44, 5.36192, 1.23152, 0.102528, -0.001849, -0.000405623, -0.000920844, -0.00222724, 0.00138125, 0.00161108, 0.00174046, -0.00570775, -0.00372924, -0.00921657, -0.0116539, -0.00491056, 3.02503e-05, -0.00337079, -0.0125443, 0.002445, -0.0104771, -0.00103407, -9.70283e-05, -0.000106578, -0.000429767, -0.00510241, -0.00531474, -0.00604712, -0.033962
0.0851303, 0.0851506, 0.0846668, 0.089236, 0.0847112, 0.0856299, 0.0920593, 0.0921001, 0.0910032, 0.0918215, 0.092922, 0.0948458, 0.0948854, 0.0960028, 0.0959113, 0.0968605, 0.099676, 0.10104, 0.102767, 0.103628, 0.0933455, 0.102449, 0.102864, 0.102704, 0.104772, 0.105183, 0.105852, 0.105603, 0.107079, 0.0992418, 0.108782, 0.095181, 0.109308, 0.109339, 0.110301, 0.110931, 0.111447, 0.112425, 0.113504, 0.114029, 0.114332, 0.115667, 0.117251, 0.117381, 0.118636, 0.120569, 0.122453, 0.123624, 0.124784, 0.125994, 0.128498, 0.130771, 0.133268, 0.135004, 0.137885, 0.144498, 0.146655, 0.148746, 0.154496, 0.161936, 0.167622, 0.17844, 0.189067, 0.20984, 0.266925, 0.304495, 0.342696, 0.313201, 0.160858, 0.0369457, 0.00307585, 5.54699e-05, 1.21687e-05, 2.76253e-05, 6.68173e-05, 4.14375e-05, 4.83323e-05, 5.22139e-05, 0.000171233, 0.000111877, 0.000276497, 0.000349618, 0.000147317, 9.07509e-07, 0.000101124, 0.000376328, 7.33501e-05, 0.000314313, 3.1022e-05, 2.91085e-06, 3.19734e-06, 1.2893e-05, 0.000153072, 0.000159442, 0.000181414, 0.00101886
0, 0.613815, 1.22763, 1.84144, 2.45526, 3.06907, 3.68289, 4.2967, 4.91052, 5.52433, 6.13815, 6.75196, 7.36578, 7.97959, 8.59341, 9.20722, 9.82104, 10.4349, 11.0487, 11.6625, 12.2763, 12.8901, 13.5039, 14.1177, 14.7316, 15.3454, 15.9592, 16.573, 17.1868, 17.8006, 18.4144, 19.0283, 19.6421, 20.2559, 20.8697, 21.4835, 22.0973, 22.7111, 23.325, 23.9388, 24.5526, 25.1664, 25.7802, 26.394, 27.0078, 27.6217, 28.2355, 28.8493, 29.4631, 30.0769, 30.6907, 31.3046, 31.9184, 32.5322, 33.146, 33.7598, 34.3736, 34.9874, 35.6013, 36.2151, 36.8289, 37.4427, 38.0565, 38.6703, 39.2841, 39.898, 40.5118, 41.1256, 41.7394, 42.3532, 42.967, 43.5808, 44.1947, 44.8085, 45.4223, 46.0361, 46.6499, 47.2637, 47.8775, 48.4914, 49.1052, 49.719, 50.3328, 50.9466, 51.5604, 52.1743, 52.7881, 53.4019, 54.0157, 54.6295, 55.2433, 55.8571, 56.471, 57.0848, 57.6986, 58.3124, 58.9262, 59.54, 60.1538, 60.7677, 61.3815, 61.9953, 62.6091, 63.2229, 63.8367, 64.4505, 65.0644, 65.6782, 66.292, 66.9058, 67.5196, 68.1334, 68.7473, 69.3611, 69.9749, 70.5887, 71.2025, 71.8163, 72.4301, 73.044, 73.6578, 74.2716, 74.8854, 75.4992, 76.113, 76.7268, 77.3407, 77.9545, 78.5683, 79.1821, 79.7959, 80.4097, 81.0235, 81.6374, 82.2512, 82.865, 83.4788, 84.0926, 84.7064, 85.3202, 85.9341, 86.5479, 87.1617, 87.7755, 88.3893, 89.0031, 89.617, 90.2308, 90.8446, 91.4584, 92.0722, 92.686, 93.2998, 93.9137, 94.5275, 95.1413, 95.7551, 96.3689, 96.9827, 97.5965, 98.2104, 98.8242, 99.438, 100.052, 100.666, 101.279, 101.893, 102.507, 103.121, 103.735, 104.349, 104.962, 105.576, 106.19, 106.804, 107.418, 108.031, 108.645, 109.259, 109.873, 110.487, 111.1, 111.714, 112.328, 112.942, 113.556, 114.17, 114.783, 115.397, 116.011, 116.625, 117.239, 117.852, 118.466, 119.08, 119.694, 120.308, 120.922, 121.535, 122.149, 122.763, 123.377, 123.991, 124.604, 125.218, 125.832, 126.446, 127.06, 127.673, 128.287, 128.901, 129.515, 130.129, 130.743, 131.356, 131.97, 132.584, 133.198, 133.812, 134.425, 135.039, 135.653, 136.267, 136.881, 137.495, 138.108, 138.722, 139.336, 139.95, 140.564, 141.177, 141.791, 142.405, 143.019, 143.633, 144.246, 144.86, 145.474, 146.088, 146.702, 147.316, 147.929, 148.543, 149.157, 149.771, 150.385, 150.998, 151.612, 152.226, 152.84, 153.454, 154.068, 154.681, 155.295, 155.909, 156.523, 157.137, 157.75, 158.364, 158.978, 159.592, 160.206, 160.819, 161.433, 162.047, 162.661, 163.275, 163.889, 164.502, 165.116, 165.73, 166.344, 166.958, 167.571, 168.185, 168.799, 169.413, 170.027, 170.64, 171.254, 171.868, 172.482, 173.096, 173.71, 174.323, 174.937, 175.551, 176.165, 176.779, 177.392, 178.006, 178.62, 179.234, 179.848, 180.462, 181.075, 181.689, 182.303, 182.917, 183.531, 184.144, 184.758, 185.372, 185.986, 186.6, 187.213, 187.827, 188.441, 189.055, 189.669, 190.283, 190.896, 191.51, 192.124, 192.738, 193.352, 193.965, 194.579, 195.193, 195.807, 196.421, 197.035, 197.648, 198.262, 198.876, 199.49, 200.104, 200.717, 201.331, 201.945, 202.559, 203.173, 203.786, 204.4, 205.014, 205.628, 206.242, 206.856, 207.469, 208.083, 208.697, 209.311, 209.925, 210.538, 211.152, 211.766, 212.38, 212.994, 213.608, 214.221, 214.835, 215.449, 216.063, 216.677, 217.29, 217.904, 218.518, 219.132, 219.746, 220.359, 220.973, 221.587, 222.201, 222.815, 223.429, 224.042, 224.656, 225.27, 225.884, 226.498, 227.111, 227.725, 228.339, 228.953, 229.567, 230.181, 230.794, 231.408, 232.022, 232.636, 233.25, 233.863, 234.477, 235.091, 235.705, 236.319, 236.932, 237.546, 238.16, 238.774, 239.388, 240.002, 240.615, 241.229, 241.843, 242.457, 243.071, 243.684, 244.298, 244.912, 245.526, 246.14, 246.754, 247.367, 247.981, 248.595, 249.209, 249.823, 250.436, 251.05, 251.664, 252.278, 252.892, 253.505, 254.119, 254.733, 255.347, 255.961, 256.575, 257.188, 257.802, 258.416, 259.03, 259.644, 260.257, 260.871, 261.485, 262.099, 262.713, 263.327, 263.94, 264.554, 265.168, 265.782, 266.396, 267.009, 267.623, 268.237, 268.851, 269.465, 270.078, 270.692, 271.306, 271.92, 272.534, 273.148, 273.761, 274.375, 274.989, 275.603, 276.217, 276.83, 277.444, 278.058, 278.672, 279.286, 279.9, 280.513, 281.127, 281.741, 282.355, 282.969, 283.582, 284.196, 284.81, 285.424, 286.038, 286.651, 287.265, 287.879, 288.493, 289.107, 289.721, 290.334, 290.948, 291.562, 292.176, 292.79, 293.403, 294.017
3.18526, 3.18601, 3.18676, 3.18753, 3.1883, 3.18909, 3.18988, 3.19068, 3.19149, 3.1923, 3.19313, 3.19397, 3.19481, 3.19567, 3.19653, 3.1974, 3.19828, 3.19918, 3.20008, 3.20099, 3.20191, 3.20284, 3.20378, 3.20473, 3.20569, 3.20667, 3.20765, 3.20864, 3.20964, 3.21065, 3.21168, 3.21271, 3.21376, 3.21481, 3.21588, 3.21696, 3.21805, 3.21915, 3.22026, 3.22138, 3.22252, 3.22366, 3.22482, 3.22599, 3.22717, 3.22837, 3.22957, 3.23079, 3.23202, 3.23327, 3.23452, 3.23579, 3.23707, 3.23837, 3.23968, 3.241, 3.24233, 3.24368, 3.24504, 3.24642, 3.24781, 3.24921, 3.25063, 3.25206, 3.2535, 3.25497, 3.25644, 3.25793, 3.25944, 3.26095, 3.26249, 3.26404, 3.26561, 3.26719, 3.26879, 3.2704, 3.27203, 3.27367, 3.27534, 3.27701, 3.27871, 3.28042, 3.28215, 3.2839, 3.28566, 3.28745, 3.28924, 3.29106, 3.2929, 3.29475, 3.29663, 3.29852, 3.30043, 3.30236, 3.30431, 3.30627, 3.30826, 3.31027, 3.3123, 3.31435, 3.31641, 3.3185, 3.32062, 3.32275, 3.3249, 3.32708, 3.32927, 3.33149, 3.33373, 3.336, 3.33829, 3.3406, 3.34293, 3.34529, 3.34767, 3.35008, 3.35251, 3.35496, 3.35744, 3.35995, 3.36248, 3.36504, 3.36762, 3.37023, 3.37287, 3.37553, 3.37822, 3.38094, 3.38369, 3.38647, 3.38927, 3.3921, 3.39497, 3.39786, 3.40079, 3.40374, 3.40673, 3.40974, 3.41279, 3.41587, 3.41899, 3.42213, 3.42531, 3.42853, 3.43178, 3.43506, 3.43838, 3.44173, 3.44512, 3.44855, 3.45201, 3.45551, 3.45905, 3.46263, 3.46625, 3.46991, 3.4736, 3.47734, 3.48112, 3.48494, 3.4888, 3.49271, 3.49666, 3.50065, 3.50469, 3.50878, 3.51291, 3.51708, 3.52131, 3.52558, 3.5299, 3.53428, 3.5387, 3.54317, 3.5477, 3.55227, 3.55691, 3.56159, 3.56633, 3.57113, 3.57598, 3.58089, 3.58586, 3.59089, 3.59598, 3.60113, 3.60635, 3.61162, 3.61696, 3.62237, 3.62784, 3.63339, 3.639, 3.64468, 3.65043, 3.65625, 3.66215, 3.66812, 3.67417, 3.68029, 3.6865, 3.69278, 3.69915, 3.7056, 3.71213, 3.71875, 3.72546, 3.73226, 3.73915, 3.74613, 3.75321, 3.76038, 3.76765, 3.77502, 3.78249, 3.79007, 3.79775, 3.80554, 3.81344, 3.82146, 3.82958, 3.83783, 3.84619, 3.85468, 3.86329, 3.87203, 3.8809, 3.8899, 3.89904, 3.90831, 3.91773, 3.92729, 3.937, 3.94686, 3.95688, 3.96705, 3.97739, 3.98789, 3.99856, 4.00941, 4.02043, 4.03164, 4.04303, 4.05462, 4.0664, 4.07838, 4.09057, 4.10298, 4.11559, 4.12844, 4.14151, 4.15481, 4.16836, 4.18216, 4.19621, 4.21052, 4.22511, 4.23997, 4.25512, 4.27056, 4.2863, 4.30236, 4.31874, 4.33545, 4.3525, 4.36991, 4.38768, 4.40583, 4.42436, 4.4433, 4.46265, 4.48243, 4.50266, 4.52334, 4.54451, 4.56617, 4.58834, 4.61104, 4.63429, 4.65812, 4.68254, 4.70759, 4.73328, 4.75963, 4.78669, 4.81448, 4.84303, 4.87238, 4.90256, 4.9336, 4.96556, 4.99847, 5.03238, 5.06734, 5.1034, 5.14062, 5.17907, 5.2188, 5.25989, 5.30242, 5.34647, 5.39213, 5.4395, 5.48869, 5.5398, 5.59298, 5.64837, 5.7061, 5.76637, 5.82935, 5.89525, 5.96431, 6.03679, 6.11298, 6.19321, 6.27785, 6.36733, 6.46214, 6.56283, 6.67006, 6.78459, 6.90732, 7.03932, 7.18189, 7.33661, 7.50545, 7.69091, 7.89624, 8.1257, 8.38495, 8.68128, 9.02347, 9.42056, 9.87843, 10.3935, 10.9436, 11.4781, 11.9131, 12.1365, 12.0296, 11.5004, 10.519, 9.13819, 7.50805, 5.80234, 4.20126, 2.84157, 1.79106, 1.05005, 0.571751, 0.288781, 0.135166, 0.0585803, 0.0234919, 0.00871129, 0.0029846, 0.000943061, 0.000273049, 7.02256e-05, 1.26699e-05, 2.41632e-06, 5.27034e-07, 1.05911e-07, 1.96095e-08, 3.34509e-09, 5.25737e-10, 7.61287e-11, 1.01566e-11, 1.24843e-12, 1.41384e-13, 1.47521e-14, 1.41817e-15, 1.25608e-16, 1.02501e-17, 7.70644e-19, 5.33824e-20, 3.40691e-21, 2.00328e-22, 1.08527e-23, 5.41693e-25, 2.49107e-26, 1.05544e-27, 4.12003e-29, 1.48178e-30, 4.91001e-32, 1.49899e-33, 4.2163e-35, 1.09265e-36, 2.60882e-38, 5.73886e-40, 1.16311e-41, 2.17188e-43, 3.73648e-45, 5.92252e-47, 8.64899e-49, 1.1637e-50, 1.44254e-52, 1.64753e-54, 1.73361e-56, 1.68068e-58, 1.50118e-60, 1.23536e-62, 9.36635e-65, 6.54275e-67, 4.2108e-69, 2.49679e-71, 1.364e-73, 6.86529e-76, 3.18359e-78, 1.36015e-80, 5.35393e-83, 1.94164e-85, 6.48753e-88, 1.99711e-90, 5.66418e-93, 1.48008e-95, 3.56323e-98, 7.90342e-101, 1.6151e-103, 3.04084e-106, 5.27472e-109, 8.42981e-112, 1.24121e-114, 1.68379e-117, 2.10445e-120, 2.42326e-123, 2.57083e-126, 2.51279e-129, 2.26282e-132, 1.87739e-135, 1.43506e-138, 1.01063e-141, 6.55734e-145, 3.91987e-148, 2.15886e-151, 1.09544e-154, 5.12106e-158, 2.20567e-161, 8.75248e-165, 3.19986e-168, 1.0778e-171, 3.34469e-175, 9.5627e-179, 2.51892e-182, 6.11302e-186, 1.3668e-189, 2.81555e-193, 5.34353e-197, 9.34333e-201, 1.50516e-204, 2.23394e-208, 3.05468e-212, 3.8483e-216, 4.46662e-220, 4.77634e-224, 4.70564e-228, 4.27119e-232, 3.57179e-236, 2.75188e-240, 1.95334e-244, 1.27742e-248, 7.69655e-253, 4.27232e-257, 2.18493e-261, 1.02948e-265, 4.4689e-270, 1.78727e-274, 6.58547e-279, 2.23557e-283, 6.99187e-288, 2.01467e-292, 5.34836e-297, 1.3081e-301, 2.94758e-306, 6.11922e-311, 1.17039e-315, 2.06272e-320, 0, 0, 0
3.18526, 3.18606, 3.18688, 3.1877, 3.18853, 3.18937, 3.19022, 3.19108, 3.19194, 3.19282, 3.1937, 3.1946, 3.1955, 3.19642, 3.19734, 3.19827, 3.19922, 3.20017, 3.20113, 3.20211, 3.20309, 3.20408, 3.20508, 3.2061, 3.20712, 3.20816, 3.2092, 3.21026, 3.21132, 3.2124, 3.21349, 3.21459, 3.2157, 3.21682, 3.21795, 3.2191, 3.22025, 3.22142, 3.2226, 3.22379, 3.225, 3.22621, 3.22744, 3.22868, 3.22993, 3.2312, 3.23247, 3.23376, 3.23507, 3.23638, 3.23771, 3.23905, 3.24041, 3.24178, 3.24316, 3.24456, 3.24597, 3.24739, 3.24883, 3.25028, 3.25175, 3.25323, 3.25472, 3.25623, 3.25776, 3.2593, 3.26085, 3.26242, 3.26401, 3.26561, 3.26723, 3.26886, 3.27051, 3.27217, 3.27386, 3.27555, 3.27727, 3.279, 3.28075, 3.28252, 3.2843, 3.2861, 3.28792, 3.28975, 3.29161, 3.29348, 3.29537, 3.29728, 3.29921, 3.30116, 3.30312, 3.30511, 3.30712, 3.30914, 3.31119, 3.31325, 3.31534, 3.31745, 3.31958, 3.32172, 3.32389, 3.32609, 3.3283, 3.33054, 3.33279, 3.33507, 3.33738, 3.3397, 3.34205, 3.34443, 3.34682, 3.34924, 3.35169, 3.35416, 3.35665, 3.35917, 3.36172, 3.36429, 3.36689, 3.36951, 3.37216, 3.37484, 3.37754, 3.38027, 3.38303, 3.38582, 3.38864, 3.39148, 3.39436, 3.39726, 3.4002, 3.40316, 3.40616, 3.40918, 3.41224, 3.41533, 3.41846, 3.42161, 3.4248, 3.42802, 3.43128, 3.43457, 3.43789, 3.44125, 3.44465, 3.44808, 3.45155, 3.45505, 3.4586, 3.46218, 3.4658, 3.46946, 3.47316, 3.4769, 3.48068, 3.4845, 3.48836, 3.49227, 3.49622, 3.50021, 3.50425, 3.50833, 3.51246, 3.51663, 3.52085, 3.52512, 3.52944, 3.5338, 3.53821, 3.54268, 3.5472, 3.55176, 3.55638, 3.56106, 3.56579, 3.57057, 3.57541, 3.5803, 3.58526, 3.59027, 3.59534, 3.60047, 3.60567, 3.61092, 3.61624, 3.62162, 3.62707, 3.63259, 3.63817, 3.64382, 3.64954, 3.65534, 3.6612, 3.66714, 3.67315, 3.67924, 3.6854, 3.69165, 3.69797, 3.70438, 3.71086, 3.71744, 3.72409, 3.73084, 3.73767, 3.7446, 3.75162, 3.75873, 3.76593, 3.77324, 3.78064, 3.78815, 3.79576, 3.80347, 3.81129, 3.81922, 3.82726, 3.83542, 3.84369, 3.85208, 3.8606, 3.86923, 3.87799, 3.88688, 3.89591, 3.90506, 3.91435, 3.92379, 3.93337, 3.94309, 3.95296, 3.96299, 3.97317, 3.98351, 3.99402, 4.00469, 4.01554, 4.02656, 4.03776, 4.04915, 4.06072, 4.07249, 4.08446, 4.09663, 4.10901, 4.1216, 4.13441, 4.14745, 4.16071, 4.17422, 4.18797, 4.20197, 4.21622, 4.23074, 4.24553, 4.26061, 4.27597, 4.29162, 4.30758, 4.32386, 4.34046, 4.35739, 4.37467, 4.3923, 4.41029, 4.42867, 4.44743, 4.4666, 4.48619, 4.5062, 4.52666, 4.54759, 4.56899, 4.59088, 4.61329, 4.63623, 4.65972, 4.68378, 4.70844, 4.73372, 4.75963, 4.78622, 4.81351, 4.84152, 4.87029, 4.89985, 4.93023, 4.96148, 4.99363, 5.02672, 5.0608, 5.09592, 5.13213, 5.16948, 5.20804, 5.24786, 5.28902, 5.33158, 5.37564, 5.42127, 5.46857, 5.51764, 5.56859, 5.62154, 5.67663, 5.73399, 5.79379, 5.85619, 5.9214, 5.98963, 6.06111, 6.13612, 6.21494, 6.29792, 6.38542, 6.47789, 6.57581, 6.67975, 6.79036, 6.9084, 7.03475, 7.17049, 7.31687, 7.47542, 7.64805, 7.83714, 8.04572, 8.27782, 8.53887, 8.83628, 9.18016, 9.58364, 10.0621, 10.63, 11.2933, 12.0378, 12.8142, 13.5278, 14.0395, 14.1881, 13.8319, 12.8985, 11.4224, 9.54885, 7.49983, 5.51346, 3.78259, 2.41624, 1.43446, 0.790328, 0.403645, 0.190925, 0.0835738, 0.0338335, 0.0126602, 0.00437576, 0.00139501, 0.000408188, 0.000107094, 2.10064e-05, 4.21514e-06, 9.2106e-07, 1.85431e-07, 3.43951e-08, 5.87799e-09, 9.25508e-10, 1.34261e-10, 1.79448e-11, 2.20976e-12, 2.50708e-13, 2.62066e-14, 2.52389e-15, 2.23948e-16, 1.83081e-17, 1.37897e-18, 9.56936e-20, 6.11827e-21, 3.60405e-22, 1.956e-23, 9.78058e-25, 4.50584e-26, 1.9125e-27, 7.47903e-29, 2.69466e-30, 8.94494e-32, 2.73569e-33, 7.70852e-35, 2.0012e-36, 4.78656e-38, 1.0548e-39, 2.14158e-41, 4.00601e-43, 6.90403e-45, 1.09624e-46, 1.60371e-48, 2.16151e-50, 2.68413e-52, 3.07087e-54, 3.23693e-56, 3.14353e-58, 2.81264e-60, 2.31859e-62, 1.76094e-64, 1.23219e-66, 7.94373e-69, 4.71826e-71, 2.58197e-73, 1.30176e-75, 6.04677e-78, 2.58778e-80, 1.02033e-82, 3.70651e-85, 1.24051e-87, 3.82513e-90, 1.08668e-92, 2.84425e-95, 6.85874e-98, 1.52381e-100, 3.11908e-103, 5.88208e-106, 1.02199e-108, 1.63595e-111, 2.41269e-114, 3.27826e-117, 4.10386e-120, 4.73316e-123, 5.02943e-126, 4.92372e-129, 4.44096e-132, 3.69036e-135, 2.82532e-138, 1.99285e-141, 1.29505e-144, 7.75371e-148, 4.27699e-151, 2.17357e-154, 1.01769e-157, 4.39001e-161, 1.7447e-164, 6.38829e-168, 2.15503e-171, 6.69774e-175, 1.91783e-178, 5.05937e-182, 1.22967e-185, 2.75352e-189, 5.68057e-193, 1.07969e-196, 1.89067e-200, 3.05025e-204, 4.53378e-208, 6.20855e-212, 7.83293e-216, 9.10466e-220, 9.75006e-224, 9.61956e-228, 8.74394e-232, 7.32257e-236, 5.64968e-240, 4.01595e-244, 2.63e-248, 1.58682e-252, 8.8207e-257, 4.51733e-261, 2.13139e-265, 9.26508e-270, 3.71054e-274, 1.36908e-278, 4.65396e-283, 1.45754e-287, 4.20552e-292, 1.11795e-296, 2.73795e-301, 6.17779e-306, 1.28423e-310, 2.45954e-315, 4.33691e-320, 0, 0, 0
209.96
177.19
 
MEASUREMENT 58
1.56305, 4.67879, 7.79453, 10.9103, 14.0312, 17.1469, 20.2679, 23.3784, 26.4796, 29.5859, 32.6913, 35.8071, 38.9228, 42.0385, 45.1595, 48.2752, 51.3909, 54.5067, 57.6224, 60.7381, 63.8435, 66.9593, 70.0698, 73.1752, 76.2806, 79.3859, 82.4913, 85.5967, 88.7021, 91.8074, 94.9128, 98.0182, 101.1, 104.148, 107.196, 110.244, 113.292, 116.339, 119.387, 122.435, 125.483, 128.531, 131.574, 134.622, 137.67, 140.718, 143.766, 146.814, 149.861, 152.909, 155.957, 159.005, 162.053, 165.101, 168.149, 171.197, 174.245, 177.293, 180.341, 183.389, 186.436, 189.484, 192.532, 195.58, 198.621, 201.655, 204.688, 207.722, 210.756, 213.794, 216.838, 219.882, 222.926, 225.97, 229.014, 232.058, 235.102, 238.145, 241.189, 244.233, 247.277, 250.321, 253.37, 256.424, 259.478, 262.532, 265.586, 268.64, 271.695, 274.749, 277.803, 280.857, 283.911, 286.97, 290.035, 293.099
2.8371, 2.83647, 2.82052, 2.97513, 2.82313, 2.85366, 3.06728, 3.07115, 3.03587, 3.06265, 3.09975, 3.16153, 3.16247, 3.20441, 3.19652, 3.22375, 3.32865, 3.36834, 3.41671, 3.45644, 3.10064, 3.42095, 3.43052, 3.42234, 3.49761, 3.50455, 3.53013, 3.52153, 3.56936, 3.30384, 3.62628, 3.16599, 3.64558, 3.64643, 3.67742, 3.69939, 3.71644, 3.74587, 3.78148, 3.79884, 3.81929, 3.85708, 3.91062, 3.9125, 3.96349, 4.0203, 4.08371, 4.11741, 4.15811, 4.20203, 4.28788, 4.35736, 4.4448, 4.50217, 4.59813, 4.81519, 4.8885, 4.95796, 5.15328, 5.39964, 5.58477, 5.95102, 6.30089, 6.97573, 8.89653, 10.1477, 11.4348, 10.4484, 5.36766, 1.22089, 0.104743, 0.00263573, 0.00358193, 0.000731808, -0.000652349, -0.000392189, 0.00319671, 0.00248318, -0.00568142, -0.00410613, -0.00980386, -0.00950254, -0.00533268, -0.00297259, -0.00248609, -0.0102382, 0.00312821, -0.0111736, -0.00374351, 0.000936573, -0.00145836, 0.000891496, -0.00609169, -0.00502055, -0.00758785, -0.0347628
0.085113, 0.0850942, 0.0846157, 0.0892539, 0.0846938, 0.0856099, 0.0920184, 0.0921345, 0.091076, 0.0918796, 0.0929925, 0.094846, 0.094874, 0.0961323, 0.0958955, 0.0967125, 0.0998595, 0.10105, 0.102501, 0.103693, 0.0930191, 0.102628, 0.102916, 0.10267, 0.104928, 0.105136, 0.105904, 0.105646, 0.107081, 0.0991151, 0.108789, 0.0949797, 0.109367, 0.109393, 0.110322, 0.110982, 0.111493, 0.112376, 0.113444, 0.113965, 0.114579, 0.115713, 0.117319, 0.117375, 0.118905, 0.120609, 0.122511, 0.123522, 0.124743, 0.126061, 0.128636, 0.130721, 0.133344, 0.135065, 0.137944, 0.144456, 0.146655, 0.148739, 0.154598, 0.161989, 0.167543, 0.178531, 0.189027, 0.209272, 0.266896, 0.304431, 0.343045, 0.313451, 0.16103, 0.0366266, 0.0031423, 7.90718e-05, 0.000107458, 2.19542e-05, 1.95705e-05, 1.17657e-05, 9.59014e-05, 7.44954e-05, 0.000170443, 0.000123184, 0.000294116, 0.000285076, 0.00015998, 8.91777e-05, 7.45826e-05, 0.000307145, 9.38462e-05, 0.000335209, 0.000112305, 2.80972e-05, 4.37508e-05, 2.67449e-05, 0.000182751, 0.000150617, 0.000227635, 0.00104288
0, 0.613815, 1.22763, 1.84144, 2.45526, 3.06907, 3.68289, 4.2967, 4.91052, 5.52433, 6.13815, 6.75196, 7.36578, 7.97959, 8.59341, 9.20722, 9.82104, 10.4349, 11.0487, 11.6625, 12.2763, 12.8901, 13.5039, 14.1177, 14.7316, 15.3454, 15.9592, 16.573, 17.1868, 17.8006, 18.4144, 19.0283, 19.6421, 20.2559, 20.8697, 21.4835, 22.0973, 22.7111, 23.325, 23.9388, 24.5526, 25.1664, 25.7802, 26.394, 27.0078, 27.6217, 28.2355, 28.8493, 29.4631, 30.0769, 30.6907, 31.3046, 31.9184, 32.5322, 33.146, 33.7598, 34.3736, 34.9874, 35.6013, 36.2151, 36.8289, 37.4427, 38.0565, 38.6703, 39.2841, 39.898, 40.5118, 41.1256, 41.7394, 42.3532, 42.967, 43.5808, 44.1947, 44.8085, 45.4223, 46.0361, 46.6499, 47.2637, 47.8775, 48.4914, 49.1052, 49.719, 50.3328, 50.9466, 51.5604, 52.1743, 52.7881, 53.4019, 54.0157, 54.6295, 55.2433, 55.8571, 56.471, 57.0848, 57.6986, 58.3124, 58.9262, 59.54, 60.1538, 60.7677, 61.3815, 61.9953, 62.6091, 63.2229, 63.8367, 64.4505, 65.0644, 65.6782, 66.292, 66.9058, 67.5196, 68.1334, 68.7473, 69.3611, 69.9749, 70.5887, 71.2025, 71.8163, 72.4301, 73.044, 73.6578, 74.2716, 74.8854, 75.4992, 76.113, 76.7268, 77.3407, 77.9545, 78.5683, 79.1821, 79.7959, 80.4097, 81.0235, 81.6374, 82.2512, 82.865, 83.4788, 84.0926, 84.7064, 85.3202, 85.9341, 86.5479, 87.1617, 87.7755, 88.3893, 89.0031, 89.617, 90.2308, 90.8446, 91.4584, 92.0722, 92.686, 93.2998, 93.9137, 94.5275, 95.1413, 95.7551, 96.3689, 96.9827, 97.5965, 98.2104, 98.8242, 99.438, 100.052, 100.666, 101.279, 101.893, 102.507, 103.121, 103.735, 104.349, 104.962, 105.576, 106.19, 106.804, 107.418, 108.031, 108.645, 109.259, 109.873, 110.487, 111.1, 111.714, 112.328, 112.942, 113.556, 114.17, 114.783, 115.397, 116.011, 116.625, 117.239, 117.852, 118.466, 119.08, 119.694, 120.308, 120.922, 121.535, 122.149, 122.763, 123.377, 123.991, 124.604, 125.218, 125.832, 126.446, 127.06, 127.673, 128.287, 128.901, 129.515, 130.129, 130.743, 131.356, 131.97, 132.584, 133.198, 133.812, 134.425, 135.039, 135.653, 136.267, 136.881, 137.495, 138.108, 138.722, 139.336, 139.95, 140.564, 141.177, 141.791, 142.405, 143.019, 143.633, 144.246, 144.86, 145.474, 146.088, 146.702, 147.316, 147.929, 148.543, 149.157, 149.771, 150.385, 150.998, 151.612, 152.226, 152.84, 153.454, 154.068, 154.681, 155.295, 155.909, 156.523, 157.137, 157.75, 158.364, 158.978, 159.592, 160.206, 160.819, 161.433, 162.047, 162.661, 163.275, 163.889, 164.502, 165.116, 165.73, 166.344, 166.958, 167.571, 168.185, 168.799, 169.413, 170.027, 170.64, 171.254, 171.868, 172.482, 173.096, 173.71, 174.323, 174.937, 175.551, 176.165, 176.779, 177.392, 178.006, 178.62, 179.234, 179.848, 180.462, 181.075, 181.689, 182.303, 182.917, 183.531, 184.144, 184.758, 185.372, 185.986, 186.6, 187.213, 187.827, 188.441, 189.055, 189.669, 190.283, 190.896, 191.51, 192.124, 192.738, 193.352, 193.965, 194.579, 195.193, 195.807, 196.421, 197.035, 197.648, 198.262, 198.876, 199.49, 200.104, 200.717, 201.331, 201.945, 202.559, 203.173, 203.786, 204.4, 205.014, 205.628, 206.242, 206.856, 207.469, 208.083, 208.697, 209.311, 209.925, 210.538, 211.152, 211.766, 212.38, 212.994, 213.608, 214.221, 214.835, 215.449, 216.063, 216.677, 217.29, 217.904, 218.518, 219.132, 219.746, 220.359, 220.973, 221.587, 222.201, 222.815, 223.429, 224.042, 224.656, 225.27, 225.884, 226.498, 227.111, 227.725, 228.339, 228.953, 229.567, 230.181, 230.794, 231.408, 232.022, 232.636, 233.25, 233.863, 234.477, 235.091, 235.705, 236.319, 236.932, 237.546, 238.16, 238.774, 239.388, 240.002, 240.615, 241.229, 241.843, 242.457, 243.071, 243.684, 244.298, 244.912, 245.526, 246.14, 246.754, 247.367, 247.981, 248.595, 249.209, 249.823, 250.436, 251.05, 251.664, 252.278, 252.892, 253.505, 254.119, 254.733, 255.347, 255.961, 256.575, 257.188, 257.802, 258.416, 259.03, 259.644, 260.257, 260.871, 261.485, 262.099, 262.713, 263.327, 263.94, 264.554, 265.168, 265.782, 266.396, 267.009, 267.623, 268.237, 268.851, 269.465, 270.078, 270.692, 271.306, 271.92, 272.534, 273.148, 273.761, 274.375, 274.989, 275.603, 276.217, 276.83, 277.444, 278.058, 278.672, 279.286, 279.9, 280.513, 281.127, 281.741, 282.355, 282.969, 283.582, 284.196, 284.81, 285.424, 286.038, 286.651, 287.265, 287.879, 288.493, 289.107, 289.721, 290.334, 290.948, 291.562, 292.176, 292.79, 293.403, 294.017
3.1616, 3.16239, 3.1632, 3.16401, 3.16484, 3.16567, 3.16651, 3.16737, 3.16823, 3.1691, 3.16997, 3.17086, 3.17176, 3.17267, 3.17358, 3.17451, 3.17545, 3.17639, 3.17735, 3.17831, 3.17929, 3.18027, 3.18127, 3.18228, 3.18329, 3.18432, 3.18536, 3.18641, 3.18747, 3.18854, 3.18962, 3.19071, 3.19181, 3.19293, 3.19406, 3.19519, 3.19634, 3.1975, 3.19867, 3.19986, 3.20105, 3.20226, 3.20348, 3.20471, 3.20596, 3.20722, 3.20849, 3.20977, 3.21106, 3.21237, 3.21369, 3.21503, 3.21638, 3.21774, 3.21911, 3.2205, 3.2219, 3.22332, 3.22475, 3.22619, 3.22765, 3.22913, 3.23061, 3.23212, 3.23363, 3.23516, 3.23671, 3.23827, 3.23985, 3.24145, 3.24306, 3.24468, 3.24632, 3.24798, 3.24965, 3.25134, 3.25305, 3.25478, 3.25652, 3.25827, 3.26005, 3.26184, 3.26365, 3.26548, 3.26733, 3.26919, 3.27108, 3.27298, 3.2749, 3.27684, 3.2788, 3.28078, 3.28277, 3.28479, 3.28683, 3.28889, 3.29097, 3.29307, 3.29519, 3.29733, 3.29949, 3.30167, 3.30388, 3.30611, 3.30836, 3.31063, 3.31293, 3.31525, 3.31759, 3.31995, 3.32234, 3.32476, 3.32719, 3.32966, 3.33214, 3.33466, 3.33719, 3.33976, 3.34235, 3.34496, 3.34761, 3.35028, 3.35297, 3.3557, 3.35845, 3.36123, 3.36404, 3.36688, 3.36975, 3.37265, 3.37558, 3.37854, 3.38152, 3.38455, 3.3876, 3.39068, 3.3938, 3.39695, 3.40013, 3.40335, 3.4066, 3.40988, 3.4132, 3.41656, 3.41995, 3.42337, 3.42684, 3.43034, 3.43388, 3.43746, 3.44107, 3.44473, 3.44842, 3.45216, 3.45594, 3.45975, 3.46361, 3.46752, 3.47146, 3.47545, 3.47949, 3.48357, 3.48769, 3.49186, 3.49608, 3.50035, 3.50466, 3.50903, 3.51344, 3.51791, 3.52242, 3.52699, 3.53161, 3.53629, 3.54102, 3.5458, 3.55065, 3.55554, 3.5605, 3.56552, 3.57059, 3.57573, 3.58093, 3.58619, 3.59151, 3.5969, 3.60236, 3.60788, 3.61347, 3.61913, 3.62486, 3.63066, 3.63653, 3.64248, 3.6485, 3.6546, 3.66078, 3.66704, 3.67338, 3.6798, 3.6863, 3.69289, 3.69957, 3.70633, 3.71319, 3.72013, 3.72717, 3.7343, 3.74153, 3.74886, 3.75629, 3.76382, 3.77146, 3.7792, 3.78706, 3.79502, 3.8031, 3.81129, 3.8196, 3.82803, 3.83658, 3.84526, 3.85406, 3.863, 3.87207, 3.88127, 3.89062, 3.90011, 3.90974, 3.91952, 3.92945, 3.93954, 3.94979, 3.96021, 3.97078, 3.98153, 3.99246, 4.00356, 4.01485, 4.02632, 4.03799, 4.04985, 4.06192, 4.07419, 4.08668, 4.09939, 4.11232, 4.12548, 4.13887, 4.15251, 4.1664, 4.18055, 4.19496, 4.20964, 4.2246, 4.23984, 4.25538, 4.27123, 4.28739, 4.30387, 4.32069, 4.33785, 4.35536, 4.37324, 4.3915, 4.41015, 4.4292, 4.44867, 4.46857, 4.48891, 4.50972, 4.531, 4.55279, 4.57508, 4.59791, 4.62129, 4.64525, 4.66981, 4.69498, 4.72081, 4.7473, 4.7745, 4.80243, 4.83112, 4.86061, 4.89093, 4.92212, 4.95423, 4.98729, 5.02134, 5.05645, 5.09267, 5.13004, 5.16864, 5.20853, 5.24978, 5.29246, 5.33666, 5.38248, 5.43, 5.47934, 5.53061, 5.58394, 5.63947, 5.69736, 5.75777, 5.82089, 5.88694, 5.95614, 6.02876, 6.10508, 6.18545, 6.27024, 6.35987, 6.45485, 6.55574, 6.66321, 6.77805, 6.9012, 7.0338, 7.17723, 7.33324, 7.50399, 7.69225, 7.90148, 8.13595, 8.4007, 8.70117, 9.04246, 9.42775, 9.85604, 10.3191, 10.7985, 11.2625, 11.6664, 11.954, 12.0647, 11.9426, 11.5478, 10.8668, 9.91751, 8.75557, 7.4686, 6.13687, 4.8494, 3.68013, 2.67901, 1.86899, 1.24857, 0.798186, 0.488018, 0.285234, 0.159303, 0.0849875, 0.0432973, 0.0210582, 0.00977504, 0.00432914, 0.00182814, 0.000735069, 0.000280241, 9.98199e-05, 3.11279e-05, 6.46951e-06, 2.09925e-06, 6.48963e-07, 1.91108e-07, 5.36092e-08, 1.43253e-08, 3.64645e-09, 8.84179e-10, 2.04227e-10, 4.49354e-11, 9.41818e-12, 1.88039e-12, 3.57629e-13, 6.47917e-14, 1.11817e-14, 1.83824e-15, 2.8787e-16, 4.29431e-17, 6.1023e-18, 8.26031e-19, 1.06513e-19, 1.30831e-20, 1.5308e-21, 1.70621e-22, 1.81154e-23, 1.83216e-24, 1.76516e-25, 1.61997e-26, 1.41622e-27, 1.17939e-28, 9.35593e-30, 7.06998e-31, 5.08922e-32, 3.48969e-33, 2.27942e-34, 1.41829e-35, 8.40633e-37, 4.74624e-38, 2.55268e-39, 1.30781e-40, 6.38254e-42, 2.96719e-43, 1.31401e-44, 5.54312e-46, 2.22747e-47, 8.52649e-49, 3.10907e-50, 1.07992e-51, 3.5732e-53, 1.12622e-54, 3.38135e-56, 9.67074e-58, 2.63469e-59, 6.83757e-61, 1.69035e-62, 3.98062e-64, 8.92949e-66, 1.90811e-67, 3.88404e-69, 7.5312e-71, 1.39106e-72, 2.44753e-74, 4.10216e-76, 6.54935e-78, 9.96059e-80, 1.44302e-81, 1.99141e-83, 2.61789e-85, 3.27825e-87, 3.91052e-89, 4.44352e-91, 4.80973e-93, 4.95924e-95, 4.87092e-97, 4.5573e-99, 4.06167e-101, 3.44828e-103, 2.78869e-105, 2.14833e-107, 1.57652e-109, 1.10205e-111, 7.33842e-114, 4.65483e-116, 2.81259e-118, 1.61886e-120, 8.87591e-123, 4.63571e-125, 2.30633e-127, 1.09301e-129, 4.93435e-132, 2.12195e-134, 8.69243e-137, 3.39193e-139, 1.26082e-141, 4.46436e-144, 1.50579e-146, 4.83806e-149, 1.48074e-151, 4.31703e-154, 1.19892e-156, 3.17174e-159, 7.9929e-162, 1.91872e-164, 4.3875e-167, 9.55704e-170, 1.98303e-172, 3.91954e-175, 7.37974e-178, 1.32357e-180, 2.26126e-183, 3.68007e-186, 5.70506e-189, 8.42489e-192, 1.18514e-194, 1.58807e-197, 2.02709e-200, 2.46477e-203
3.1616, 3.16241, 3.16323, 3.16406, 3.1649, 3.16574, 3.1666, 3.16747, 3.16834, 3.16923, 3.17012, 3.17102, 3.17194, 3.17286, 3.17379, 3.17473, 3.17568, 3.17665, 3.17762, 3.1786, 3.17959, 3.18059, 3.1816, 3.18263, 3.18366, 3.1847, 3.18576, 3.18682, 3.1879, 3.18898, 3.19008, 3.19119, 3.19231, 3.19344, 3.19458, 3.19574, 3.1969, 3.19808, 3.19927, 3.20047, 3.20169, 3.20291, 3.20415, 3.2054, 3.20666, 3.20794, 3.20923, 3.21053, 3.21184, 3.21317, 3.21451, 3.21586, 3.21723, 3.21861, 3.22, 3.22141, 3.22283, 3.22426, 3.22571, 3.22718, 3.22866, 3.23015, 3.23166, 3.23318, 3.23472, 3.23627, 3.23784, 3.23942, 3.24102, 3.24263, 3.24426, 3.24591, 3.24757, 3.24925, 3.25095, 3.25266, 3.25439, 3.25613, 3.2579, 3.25968, 3.26147, 3.26329, 3.26512, 3.26697, 3.26884, 3.27073, 3.27264, 3.27456, 3.27651, 3.27847, 3.28045, 3.28246, 3.28448, 3.28652, 3.28858, 3.29067, 3.29277, 3.2949, 3.29704, 3.29921, 3.3014, 3.30361, 3.30584, 3.30809, 3.31037, 3.31267, 3.31499, 3.31734, 3.31971, 3.3221, 3.32452, 3.32696, 3.32943, 3.33192, 3.33443, 3.33698, 3.33954, 3.34214, 3.34476, 3.3474, 3.35008, 3.35278, 3.3555, 3.35826, 3.36105, 3.36386, 3.3667, 3.36957, 3.37247, 3.3754, 3.37836, 3.38136, 3.38438, 3.38743, 3.39052, 3.39364, 3.39679, 3.39998, 3.40319, 3.40645, 3.40973, 3.41305, 3.41641, 3.4198, 3.42323, 3.4267, 3.4302, 3.43374, 3.43732, 3.44094, 3.44459, 3.44829, 3.45203, 3.4558, 3.45962, 3.46348, 3.46738, 3.47133, 3.47532, 3.47935, 3.48343, 3.48756, 3.49173, 3.49595, 3.50021, 3.50453, 3.50889, 3.5133, 3.51777, 3.52228, 3.52685, 3.53147, 3.53614, 3.54086, 3.54565, 3.55048, 3.55538, 3.56033, 3.56534, 3.57042, 3.57555, 3.58074, 3.586, 3.59131, 3.5967, 3.60215, 3.60766, 3.61325, 3.6189, 3.62462, 3.63042, 3.63628, 3.64222, 3.64824, 3.65433, 3.6605, 3.66675, 3.67307, 3.67948, 3.68598, 3.69255, 3.69922, 3.70597, 3.71281, 3.71974, 3.72677, 3.73388, 3.7411, 3.74841, 3.75583, 3.76334, 3.77096, 3.77869, 3.78652, 3.79446, 3.80252, 3.81069, 3.81897, 3.82738, 3.83591, 3.84456, 3.85334, 3.86225, 3.87129, 3.88047, 3.88978, 3.89924, 3.90884, 3.91859, 3.92849, 3.93854, 3.94876, 3.95913, 3.96967, 3.98038, 3.99126, 4.00231, 4.01355, 4.02498, 4.0366, 4.04841, 4.06042, 4.07264, 4.08507, 4.09772, 4.11058, 4.12368, 4.13701, 4.15058, 4.16439, 4.17846, 4.19279, 4.20739, 4.22226, 4.23742, 4.25287, 4.26861, 4.28467, 4.30105, 4.31776, 4.3348, 4.3522, 4.36995, 4.38808, 4.40659, 4.4255, 4.44482, 4.46456, 4.48475, 4.50538, 4.52649, 4.54808, 4.57018, 4.59281, 4.61598, 4.63971, 4.66402, 4.68895, 4.71451, 4.74073, 4.76764, 4.79526, 4.82363, 4.85278, 4.88274, 4.91355, 4.94525, 4.97788, 5.01149, 5.04611, 5.08182, 5.11865, 5.15667, 5.19594, 5.23653, 5.27851, 5.32196, 5.36697, 5.41363, 5.46204, 5.51231, 5.56456, 5.61893, 5.67555, 5.73459, 5.79622, 5.86064, 5.92807, 5.99873, 6.07292, 6.15092, 6.23308, 6.3198, 6.41152, 6.50874, 6.61208, 6.72222, 6.83998, 6.96636, 7.10252, 7.24995, 7.41046, 7.58637, 7.78064, 7.997, 8.24017, 8.51578, 8.83015, 9.18949, 9.59837, 10.0573, 10.5594, 11.087, 11.6084, 12.0768, 12.4326, 12.6099, 12.5459, 12.1942, 11.5357, 10.5864, 9.39812, 8.05168, 6.64377, 5.27114, 4.01565, 2.93409, 2.0542, 1.37697, 0.883139, 0.541648, 0.317531, 0.177854, 0.0951487, 0.0486043, 0.0237008, 0.0110294, 0.00489672, 0.00207292, 0.000835658, 0.000319589, 0.000114444, 3.61575e-05, 7.91097e-06, 2.56293e-06, 7.92694e-07, 2.33549e-07, 6.55471e-08, 1.75239e-08, 4.46285e-09, 1.08267e-09, 2.50198e-10, 5.50774e-11, 1.15496e-11, 2.30707e-12, 4.38995e-13, 7.95719e-14, 1.37393e-14, 2.2598e-15, 3.54061e-16, 5.28432e-17, 7.51282e-18, 1.01747e-18, 1.31262e-19, 1.61309e-20, 1.88835e-21, 2.10576e-22, 2.23685e-23, 2.26343e-24, 2.18173e-25, 2.00325e-26, 1.75216e-27, 1.45986e-28, 1.15865e-29, 8.75987e-31, 6.30875e-32, 4.32804e-33, 2.8284e-34, 1.76073e-35, 1.04411e-36, 5.89795e-38, 3.17365e-39, 1.62674e-40, 7.94289e-42, 3.69437e-43, 1.63684e-44, 6.9083e-46, 2.7774e-47, 1.06367e-48, 3.88042e-50, 1.3485e-51, 4.464e-53, 1.40767e-54, 4.2284e-56, 1.20991e-57, 3.29787e-59, 8.56276e-61, 2.11785e-62, 4.98975e-64, 1.11986e-65, 2.39413e-67, 4.87567e-69, 9.4585e-71, 1.74788e-72, 3.07681e-74, 5.1593e-76, 8.24105e-78, 1.25394e-79, 1.81748e-81, 2.50936e-83, 3.30033e-85, 4.13479e-87, 4.93458e-89, 5.6098e-91, 6.07499e-93, 6.26677e-95, 6.15804e-97, 5.76424e-99, 5.13976e-101, 4.36559e-103, 3.53219e-105, 2.72236e-107, 1.9987e-109, 1.39782e-111, 9.3122e-114, 5.90956e-116, 3.57238e-118, 2.05713e-120, 1.1284e-122, 5.89614e-125, 2.93475e-127, 1.39147e-129, 6.28462e-132, 2.70385e-134, 1.10812e-136, 4.32603e-139, 1.60877e-141, 5.69897e-144, 1.92309e-146, 6.18163e-149, 1.8928e-151, 5.52087e-154, 1.53395e-156, 4.05987e-159, 1.02356e-161, 2.45818e-164, 5.6236e-167, 1.2255e-169, 2.54398e-172, 5.03052e-175, 9.4757e-178, 1.70024e-180, 2.90607e-183, 4.73154e-186, 7.33835e-189, 1.08416e-191, 1.52577e-194, 2.04541e-197, 2.612e-200, 3.17735e-203
208.98
176.72
 
