UCL QuARC  
HEADERLINES: 13
Facility: Clatterbridge
Room: Research Room
Date: 2023-05-18
Time: 16:39:07
Energy: 60
Intensity: 
Folder: 20230518
Original data file: Run025.txt
Data type: Fitted
Fit rate: 25Hz
 
MEASUREMENT 0
1.4716, 4.41481, 7.36319, 10.3064, 13.2548, 16.2031, 19.1774, 22.1309, 25.0793, 28.0277, 30.9502, 33.8934
0.000744121, 0.00167781, -0.00146047, -0.00157215, -0.00231865, -0.00412652, -0.00392187, 0.000121696, 0.00136231, 0.00141937, -0.00482617, -0.00550558
0.00921262, 0.0093863, 0.00996025, 0.0107521, 0.0114673, 0.011434, 0.0126361, 0.0139788, 0.0153068, 0.0199118, 0.0144948, 0.00051107
0, 0.589331, 1.17866, 1.76799, 2.35732, 2.94665, 3.53598, 4.12532, 4.71465, 5.30398, 5.89331, 6.48264, 7.07197, 7.6613, 8.25063, 8.83996, 9.42929, 10.0186, 10.608, 11.1973, 11.7866, 12.3759, 12.9653, 13.5546, 14.1439, 14.7333, 15.3226, 15.9119, 16.5013, 17.0906, 17.6799, 18.2693, 18.8586, 19.4479, 20.0372, 20.6266, 21.2159, 21.8052, 22.3946, 22.9839, 23.5732, 24.1626, 24.7519, 25.3412, 25.9306, 26.5199, 27.1092, 27.6985, 28.2879, 28.8772, 29.4665, 30.0559, 30.6452, 31.2345, 31.8239, 32.4132, 33.0025, 33.5919, 34.1812, 34.7705
0, 0, 0, 0, 0, 0, 0, 0, 0, 0, 0, 0, 0, 0, 0, 0, 0, 0, 0, 0, 0, 0, 0, 0, 0, 0, 0, 0, 0, 0, 0, 0, 0, 0, 0, 0, 0, 0, 0, 0, 0, 0, 0, 0, 0, 0, 0, 0, 0, 0, 0, 0, 0, 0, 0, 0, 0, 0, 0, 0
0, 0, 0, 0, 0, 0, 0, 0, 0, 0, 0, 0, 0, 0, 0, 0, 0, 0, 0, 0, 0, 0, 0, 0, 0, 0, 0, 0, 0, 0, 0, 0, 0, 0, 0, 0, 0, 0, 0, 0, 0, 0, 0, 0, 0, 0, 0, 0, 0, 0, 0, 0, 0, 0, 0, 0, 0, 0, 0, 0
-
-
 
MEASUREMENT 1
1.4716, 4.41481, 7.36319, 10.3064, 13.2548, 16.2031, 19.1774, 22.1309, 25.0793, 28.0277, 30.9502, 33.8934
0.00224028, 0.00299083, -0.000692744, -0.000304376, -0.00100426, -0.00493581, -0.00309548, -0.000639518, 0.000844892, 0.00183073, -0.003438, -0.00411901
0.00921262, 0.0093863, 0.00996025, 0.0107521, 0.0114673, 0.011434, 0.0126361, 0.0139788, 0.0153068, 0.0199118, 0.0144948, 0.00051107
0, 0.589331, 1.17866, 1.76799, 2.35732, 2.94665, 3.53598, 4.12532, 4.71465, 5.30398, 5.89331, 6.48264, 7.07197, 7.6613, 8.25063, 8.83996, 9.42929, 10.0186, 10.608, 11.1973, 11.7866, 12.3759, 12.9653, 13.5546, 14.1439, 14.7333, 15.3226, 15.9119, 16.5013, 17.0906, 17.6799, 18.2693, 18.8586, 19.4479, 20.0372, 20.6266, 21.2159, 21.8052, 22.3946, 22.9839, 23.5732, 24.1626, 24.7519, 25.3412, 25.9306, 26.5199, 27.1092, 27.6985, 28.2879, 28.8772, 29.4665, 30.0559, 30.6452, 31.2345, 31.8239, 32.4132, 33.0025, 33.5919, 34.1812, 34.7705
0, 0, 0, 0, 0, 0, 0, 0, 0, 0, 0, 0, 0, 0, 0, 0, 0, 0, 0, 0, 0, 0, 0, 0, 0, 0, 0, 0, 0, 0, 0, 0, 0, 0, 0, 0, 0, 0, 0, 0, 0, 0, 0, 0, 0, 0, 0, 0, 0, 0, 0, 0, 0, 0, 0, 0, 0, 0, 0, 0
0, 0, 0, 0, 0, 0, 0, 0, 0, 0, 0, 0, 0, 0, 0, 0, 0, 0, 0, 0, 0, 0, 0, 0, 0, 0, 0, 0, 0, 0, 0, 0, 0, 0, 0, 0, 0, 0, 0, 0, 0, 0, 0, 0, 0, 0, 0, 0, 0, 0, 0, 0, 0, 0, 0, 0, 0, 0, 0, 0
-
-
 
MEASUREMENT 2
1.4716, 4.41481, 7.36319, 10.3064, 13.2548, 16.2031, 19.1774, 22.1309, 25.0793, 28.0277, 30.9502, 33.8934
0.000844623, 0.00245396, 0.000159592, -0.00160897, -0.00236407, -0.00414619, -0.00313618, 0.000920205, 0.000975643, 0.00203549, -0.00478816, -0.0054752
0.00921262, 0.0093863, 0.00996025, 0.0107521, 0.0114673, 0.011434, 0.0126361, 0.0139788, 0.0153068, 0.0199118, 0.0144948, 0.00051107
0, 0.589331, 1.17866, 1.76799, 2.35732, 2.94665, 3.53598, 4.12532, 4.71465, 5.30398, 5.89331, 6.48264, 7.07197, 7.6613, 8.25063, 8.83996, 9.42929, 10.0186, 10.608, 11.1973, 11.7866, 12.3759, 12.9653, 13.5546, 14.1439, 14.7333, 15.3226, 15.9119, 16.5013, 17.0906, 17.6799, 18.2693, 18.8586, 19.4479, 20.0372, 20.6266, 21.2159, 21.8052, 22.3946, 22.9839, 23.5732, 24.1626, 24.7519, 25.3412, 25.9306, 26.5199, 27.1092, 27.6985, 28.2879, 28.8772, 29.4665, 30.0559, 30.6452, 31.2345, 31.8239, 32.4132, 33.0025, 33.5919, 34.1812, 34.7705
0, 0, 0, 0, 0, 0, 0, 0, 0, 0, 0, 0, 0, 0, 0, 0, 0, 0, 0, 0, 0, 0, 0, 0, 0, 0, 0, 0, 0, 0, 0, 0, 0, 0, 0, 0, 0, 0, 0, 0, 0, 0, 0, 0, 0, 0, 0, 0, 0, 0, 0, 0, 0, 0, 0, 0, 0, 0, 0, 0
0, 0, 0, 0, 0, 0, 0, 0, 0, 0, 0, 0, 0, 0, 0, 0, 0, 0, 0, 0, 0, 0, 0, 0, 0, 0, 0, 0, 0, 0, 0, 0, 0, 0, 0, 0, 0, 0, 0, 0, 0, 0, 0, 0, 0, 0, 0, 0, 0, 0, 0, 0, 0, 0, 0, 0, 0, 0, 0, 0
-
-
 
MEASUREMENT 3
1.4716, 4.41481, 7.36319, 10.3064, 13.2548, 16.2031, 19.1774, 22.1309, 25.0793, 28.0277, 30.9502, 33.8934
0.00212463, 0.00229058, -0.00157453, -0.000267059, -0.00173587, -0.00426942, -0.00326328, 4.98086e-05, 0.000145048, 0.0019793, -0.00421039, -0.00485102
0.00921262, 0.0093863, 0.00996025, 0.0107521, 0.0114673, 0.011434, 0.0126361, 0.0139788, 0.0153068, 0.0199118, 0.0144948, 0.00051107
0, 0.589331, 1.17866, 1.76799, 2.35732, 2.94665, 3.53598, 4.12532, 4.71465, 5.30398, 5.89331, 6.48264, 7.07197, 7.6613, 8.25063, 8.83996, 9.42929, 10.0186, 10.608, 11.1973, 11.7866, 12.3759, 12.9653, 13.5546, 14.1439, 14.7333, 15.3226, 15.9119, 16.5013, 17.0906, 17.6799, 18.2693, 18.8586, 19.4479, 20.0372, 20.6266, 21.2159, 21.8052, 22.3946, 22.9839, 23.5732, 24.1626, 24.7519, 25.3412, 25.9306, 26.5199, 27.1092, 27.6985, 28.2879, 28.8772, 29.4665, 30.0559, 30.6452, 31.2345, 31.8239, 32.4132, 33.0025, 33.5919, 34.1812, 34.7705
0, 0, 0, 0, 0, 0, 0, 0, 0, 0, 0, 0, 0, 0, 0, 0, 0, 0, 0, 0, 0, 0, 0, 0, 0, 0, 0, 0, 0, 0, 0, 0, 0, 0, 0, 0, 0, 0, 0, 0, 0, 0, 0, 0, 0, 0, 0, 0, 0, 0, 0, 0, 0, 0, 0, 0, 0, 0, 0, 0
0, 0, 0, 0, 0, 0, 0, 0, 0, 0, 0, 0, 0, 0, 0, 0, 0, 0, 0, 0, 0, 0, 0, 0, 0, 0, 0, 0, 0, 0, 0, 0, 0, 0, 0, 0, 0, 0, 0, 0, 0, 0, 0, 0, 0, 0, 0, 0, 0, 0, 0, 0, 0, 0, 0, 0, 0, 0, 0, 0
-
-
 
MEASUREMENT 4
1.4716, 4.41481, 7.36319, 10.3064, 13.2548, 16.2031, 19.1774, 22.1309, 25.0793, 28.0277, 30.9502, 33.8934
0.000999256, 0.00165039, -0.000648476, -0.00158922, -0.000980462, -0.00347618, -0.00219941, -0.000609429, 0.0016685, 0.00222354, -0.00372182, -0.00472989
0.00921262, 0.0093863, 0.00996025, 0.0107521, 0.0114673, 0.011434, 0.0126361, 0.0139788, 0.0153068, 0.0199118, 0.0144948, 0.00051107
0, 0.589331, 1.17866, 1.76799, 2.35732, 2.94665, 3.53598, 4.12532, 4.71465, 5.30398, 5.89331, 6.48264, 7.07197, 7.6613, 8.25063, 8.83996, 9.42929, 10.0186, 10.608, 11.1973, 11.7866, 12.3759, 12.9653, 13.5546, 14.1439, 14.7333, 15.3226, 15.9119, 16.5013, 17.0906, 17.6799, 18.2693, 18.8586, 19.4479, 20.0372, 20.6266, 21.2159, 21.8052, 22.3946, 22.9839, 23.5732, 24.1626, 24.7519, 25.3412, 25.9306, 26.5199, 27.1092, 27.6985, 28.2879, 28.8772, 29.4665, 30.0559, 30.6452, 31.2345, 31.8239, 32.4132, 33.0025, 33.5919, 34.1812, 34.7705
0, 0, 0, 0, 0, 0, 0, 0, 0, 0, 0, 0, 0, 0, 0, 0, 0, 0, 0, 0, 0, 0, 0, 0, 0, 0, 0, 0, 0, 0, 0, 0, 0, 0, 0, 0, 0, 0, 0, 0, 0, 0, 0, 0, 0, 0, 0, 0, 0, 0, 0, 0, 0, 0, 0, 0, 0, 0, 0, 0
0, 0, 0, 0, 0, 0, 0, 0, 0, 0, 0, 0, 0, 0, 0, 0, 0, 0, 0, 0, 0, 0, 0, 0, 0, 0, 0, 0, 0, 0, 0, 0, 0, 0, 0, 0, 0, 0, 0, 0, 0, 0, 0, 0, 0, 0, 0, 0, 0, 0, 0, 0, 0, 0, 0, 0, 0, 0, 0, 0
-
-
 
MEASUREMENT 5
1.4716, 4.41481, 7.36319, 10.3064, 13.2548, 16.2031, 19.1774, 22.1309, 25.0793, 28.0277, 30.9502, 33.8934
0.0021239, 0.00309202, -0.000795024, -0.000266054, -0.00173788, -0.0050354, -0.00365354, 0.00086255, 9.05825e-05, 0.00188123, -0.00414366, -0.00478003
0.00921262, 0.0093863, 0.00996025, 0.0107521, 0.0114673, 0.011434, 0.0126361, 0.0139788, 0.0153068, 0.0199118, 0.0144948, 0.00051107
0, 0.589331, 1.17866, 1.76799, 2.35732, 2.94665, 3.53598, 4.12532, 4.71465, 5.30398, 5.89331, 6.48264, 7.07197, 7.6613, 8.25063, 8.83996, 9.42929, 10.0186, 10.608, 11.1973, 11.7866, 12.3759, 12.9653, 13.5546, 14.1439, 14.7333, 15.3226, 15.9119, 16.5013, 17.0906, 17.6799, 18.2693, 18.8586, 19.4479, 20.0372, 20.6266, 21.2159, 21.8052, 22.3946, 22.9839, 23.5732, 24.1626, 24.7519, 25.3412, 25.9306, 26.5199, 27.1092, 27.6985, 28.2879, 28.8772, 29.4665, 30.0559, 30.6452, 31.2345, 31.8239, 32.4132, 33.0025, 33.5919, 34.1812, 34.7705
0, 0, 0, 0, 0, 0, 0, 0, 0, 0, 0, 0, 0, 0, 0, 0, 0, 0, 0, 0, 0, 0, 0, 0, 0, 0, 0, 0, 0, 0, 0, 0, 0, 0, 0, 0, 0, 0, 0, 0, 0, 0, 0, 0, 0, 0, 0, 0, 0, 0, 0, 0, 0, 0, 0, 0, 0, 0, 0, 0
0, 0, 0, 0, 0, 0, 0, 0, 0, 0, 0, 0, 0, 0, 0, 0, 0, 0, 0, 0, 0, 0, 0, 0, 0, 0, 0, 0, 0, 0, 0, 0, 0, 0, 0, 0, 0, 0, 0, 0, 0, 0, 0, 0, 0, 0, 0, 0, 0, 0, 0, 0, 0, 0, 0, 0, 0, 0, 0, 0
-
-
 
MEASUREMENT 6
1.4716, 4.41481, 7.36319, 10.3064, 13.2548, 16.2031, 19.1774, 22.1309, 25.0793, 28.0277, 30.9502, 33.8934
0.00151476, 0.00152313, 0.000123357, -0.00162403, -0.00164469, -0.00352537, -0.0024067, -0.000555198, 0.000930779, 0.00298383, -0.00403807, -0.00470113
0.00921262, 0.0093863, 0.00996025, 0.0107521, 0.0114673, 0.011434, 0.0126361, 0.0139788, 0.0153068, 0.0199118, 0.0144948, 0.00051107
0, 0.589331, 1.17866, 1.76799, 2.35732, 2.94665, 3.53598, 4.12532, 4.71465, 5.30398, 5.89331, 6.48264, 7.07197, 7.6613, 8.25063, 8.83996, 9.42929, 10.0186, 10.608, 11.1973, 11.7866, 12.3759, 12.9653, 13.5546, 14.1439, 14.7333, 15.3226, 15.9119, 16.5013, 17.0906, 17.6799, 18.2693, 18.8586, 19.4479, 20.0372, 20.6266, 21.2159, 21.8052, 22.3946, 22.9839, 23.5732, 24.1626, 24.7519, 25.3412, 25.9306, 26.5199, 27.1092, 27.6985, 28.2879, 28.8772, 29.4665, 30.0559, 30.6452, 31.2345, 31.8239, 32.4132, 33.0025, 33.5919, 34.1812, 34.7705
0, 0, 0, 0, 0, 0, 0, 0, 0, 0, 0, 0, 0, 0, 0, 0, 0, 0, 0, 0, 0, 0, 0, 0, 0, 0, 0, 0, 0, 0, 0, 0, 0, 0, 0, 0, 0, 0, 0, 0, 0, 0, 0, 0, 0, 0, 0, 0, 0, 0, 0, 0, 0, 0, 0, 0, 0, 0, 0, 0
0, 0, 0, 0, 0, 0, 0, 0, 0, 0, 0, 0, 0, 0, 0, 0, 0, 0, 0, 0, 0, 0, 0, 0, 0, 0, 0, 0, 0, 0, 0, 0, 0, 0, 0, 0, 0, 0, 0, 0, 0, 0, 0, 0, 0, 0, 0, 0, 0, 0, 0, 0, 0, 0, 0, 0, 0, 0, 0, 0
-
-
 
MEASUREMENT 7
1.4716, 4.41481, 7.36319, 10.3064, 13.2548, 16.2031, 19.1774, 22.1309, 25.0793, 28.0277, 30.9502, 33.8934
0.000719221, 0.00227571, -0.00156007, -0.000975915, -0.00173353, -0.00498017, -0.00300339, 0.000116651, 0.00103116, 0.000986157, -0.00337633, -0.0047883
0.00921262, 0.0093863, 0.00996025, 0.0107521, 0.0114673, 0.011434, 0.0126361, 0.0139788, 0.0153068, 0.0199118, 0.0144948, 0.00051107
0, 0.589331, 1.17866, 1.76799, 2.35732, 2.94665, 3.53598, 4.12532, 4.71465, 5.30398, 5.89331, 6.48264, 7.07197, 7.6613, 8.25063, 8.83996, 9.42929, 10.0186, 10.608, 11.1973, 11.7866, 12.3759, 12.9653, 13.5546, 14.1439, 14.7333, 15.3226, 15.9119, 16.5013, 17.0906, 17.6799, 18.2693, 18.8586, 19.4479, 20.0372, 20.6266, 21.2159, 21.8052, 22.3946, 22.9839, 23.5732, 24.1626, 24.7519, 25.3412, 25.9306, 26.5199, 27.1092, 27.6985, 28.2879, 28.8772, 29.4665, 30.0559, 30.6452, 31.2345, 31.8239, 32.4132, 33.0025, 33.5919, 34.1812, 34.7705
0, 0, 0, 0, 0, 0, 0, 0, 0, 0, 0, 0, 0, 0, 0, 0, 0, 0, 0, 0, 0, 0, 0, 0, 0, 0, 0, 0, 0, 0, 0, 0, 0, 0, 0, 0, 0, 0, 0, 0, 0, 0, 0, 0, 0, 0, 0, 0, 0, 0, 0, 0, 0, 0, 0, 0, 0, 0, 0, 0
0, 0, 0, 0, 0, 0, 0, 0, 0, 0, 0, 0, 0, 0, 0, 0, 0, 0, 0, 0, 0, 0, 0, 0, 0, 0, 0, 0, 0, 0, 0, 0, 0, 0, 0, 0, 0, 0, 0, 0, 0, 0, 0, 0, 0, 0, 0, 0, 0, 0, 0, 0, 0, 0, 0, 0, 0, 0, 0, 0
-
-
 
MEASUREMENT 8
1.4716, 4.41481, 7.36319, 10.3064, 13.2548, 16.2031, 19.1774, 22.1309, 25.0793, 28.0277, 30.9502, 33.8934
0.00147344, 0.0026042, -0.000679892, -0.000967381, -0.00166213, -0.00422024, -0.00393395, 0.000107643, 0.00172349, 0.00202723, -0.00474897, -0.00386793
0.00921262, 0.0093863, 0.00996025, 0.0107521, 0.0114673, 0.011434, 0.0126361, 0.0139788, 0.0153068, 0.0199118, 0.0144948, 0.00051107
0, 0.589331, 1.17866, 1.76799, 2.35732, 2.94665, 3.53598, 4.12532, 4.71465, 5.30398, 5.89331, 6.48264, 7.07197, 7.6613, 8.25063, 8.83996, 9.42929, 10.0186, 10.608, 11.1973, 11.7866, 12.3759, 12.9653, 13.5546, 14.1439, 14.7333, 15.3226, 15.9119, 16.5013, 17.0906, 17.6799, 18.2693, 18.8586, 19.4479, 20.0372, 20.6266, 21.2159, 21.8052, 22.3946, 22.9839, 23.5732, 24.1626, 24.7519, 25.3412, 25.9306, 26.5199, 27.1092, 27.6985, 28.2879, 28.8772, 29.4665, 30.0559, 30.6452, 31.2345, 31.8239, 32.4132, 33.0025, 33.5919, 34.1812, 34.7705
0, 0, 0, 0, 0, 0, 0, 0, 0, 0, 0, 0, 0, 0, 0, 0, 0, 0, 0, 0, 0, 0, 0, 0, 0, 0, 0, 0, 0, 0, 0, 0, 0, 0, 0, 0, 0, 0, 0, 0, 0, 0, 0, 0, 0, 0, 0, 0, 0, 0, 0, 0, 0, 0, 0, 0, 0, 0, 0, 0
0, 0, 0, 0, 0, 0, 0, 0, 0, 0, 0, 0, 0, 0, 0, 0, 0, 0, 0, 0, 0, 0, 0, 0, 0, 0, 0, 0, 0, 0, 0, 0, 0, 0, 0, 0, 0, 0, 0, 0, 0, 0, 0, 0, 0, 0, 0, 0, 0, 0, 0, 0, 0, 0, 0, 0, 0, 0, 0, 0
-
-
 
MEASUREMENT 9
1.4716, 4.41481, 7.36319, 10.3064, 13.2548, 16.2031, 19.1774, 22.1309, 25.0793, 28.0277, 30.9502, 33.8934
0.00215584, 0.00309974, -0.0001269, -0.000885384, -0.00240312, -0.00427547, -0.00321447, 0.000811383, 0.00086776, 0.00192329, -0.00333562, -0.00488247
0.00921262, 0.0093863, 0.00996025, 0.0107521, 0.0114673, 0.011434, 0.0126361, 0.0139788, 0.0153068, 0.0199118, 0.0144948, 0.00051107
0, 0.589331, 1.17866, 1.76799, 2.35732, 2.94665, 3.53598, 4.12532, 4.71465, 5.30398, 5.89331, 6.48264, 7.07197, 7.6613, 8.25063, 8.83996, 9.42929, 10.0186, 10.608, 11.1973, 11.7866, 12.3759, 12.9653, 13.5546, 14.1439, 14.7333, 15.3226, 15.9119, 16.5013, 17.0906, 17.6799, 18.2693, 18.8586, 19.4479, 20.0372, 20.6266, 21.2159, 21.8052, 22.3946, 22.9839, 23.5732, 24.1626, 24.7519, 25.3412, 25.9306, 26.5199, 27.1092, 27.6985, 28.2879, 28.8772, 29.4665, 30.0559, 30.6452, 31.2345, 31.8239, 32.4132, 33.0025, 33.5919, 34.1812, 34.7705
0, 0, 0, 0, 0, 0, 0, 0, 0, 0, 0, 0, 0, 0, 0, 0, 0, 0, 0, 0, 0, 0, 0, 0, 0, 0, 0, 0, 0, 0, 0, 0, 0, 0, 0, 0, 0, 0, 0, 0, 0, 0, 0, 0, 0, 0, 0, 0, 0, 0, 0, 0, 0, 0, 0, 0, 0, 0, 0, 0
0, 0, 0, 0, 0, 0, 0, 0, 0, 0, 0, 0, 0, 0, 0, 0, 0, 0, 0, 0, 0, 0, 0, 0, 0, 0, 0, 0, 0, 0, 0, 0, 0, 0, 0, 0, 0, 0, 0, 0, 0, 0, 0, 0, 0, 0, 0, 0, 0, 0, 0, 0, 0, 0, 0, 0, 0, 0, 0, 0
-
-
 
MEASUREMENT 10
1.4716, 4.41481, 7.36319, 10.3064, 13.2548, 16.2031, 19.1774, 22.1309, 25.0793, 28.0277, 30.9502, 33.8934
0.000750436, 0.00159535, -0.00149849, -0.000194265, -0.00104063, -0.00360632, -0.0031655, -0.000527272, 0.000977389, 0.00202301, -0.00406966, -0.00536306
0.00921262, 0.0093863, 0.00996025, 0.0107521, 0.0114673, 0.011434, 0.0126361, 0.0139788, 0.0153068, 0.0199118, 0.0144948, 0.00051107
0, 0.589331, 1.17866, 1.76799, 2.35732, 2.94665, 3.53598, 4.12532, 4.71465, 5.30398, 5.89331, 6.48264, 7.07197, 7.6613, 8.25063, 8.83996, 9.42929, 10.0186, 10.608, 11.1973, 11.7866, 12.3759, 12.9653, 13.5546, 14.1439, 14.7333, 15.3226, 15.9119, 16.5013, 17.0906, 17.6799, 18.2693, 18.8586, 19.4479, 20.0372, 20.6266, 21.2159, 21.8052, 22.3946, 22.9839, 23.5732, 24.1626, 24.7519, 25.3412, 25.9306, 26.5199, 27.1092, 27.6985, 28.2879, 28.8772, 29.4665, 30.0559, 30.6452, 31.2345, 31.8239, 32.4132, 33.0025, 33.5919, 34.1812, 34.7705
0, 0, 0, 0, 0, 0, 0, 0, 0, 0, 0, 0, 0, 0, 0, 0, 0, 0, 0, 0, 0, 0, 0, 0, 0, 0, 0, 0, 0, 0, 0, 0, 0, 0, 0, 0, 0, 0, 0, 0, 0, 0, 0, 0, 0, 0, 0, 0, 0, 0, 0, 0, 0, 0, 0, 0, 0, 0, 0, 0
0, 0, 0, 0, 0, 0, 0, 0, 0, 0, 0, 0, 0, 0, 0, 0, 0, 0, 0, 0, 0, 0, 0, 0, 0, 0, 0, 0, 0, 0, 0, 0, 0, 0, 0, 0, 0, 0, 0, 0, 0, 0, 0, 0, 0, 0, 0, 0, 0, 0, 0, 0, 0, 0, 0, 0, 0, 0, 0, 0
-
-
 
MEASUREMENT 11
1.4716, 4.41481, 7.36319, 10.3064, 13.2548, 16.2031, 19.1774, 22.1309, 25.0793, 28.0277, 30.9502, 33.8934
0.00212607, 0.00307869, -0.00011851, -0.00108084, -0.00241921, -0.00490267, -0.00318533, 0.000820931, 0.000892374, 0.00304516, -0.00404804, -0.00403328
0.00921262, 0.0093863, 0.00996025, 0.0107521, 0.0114673, 0.011434, 0.0126361, 0.0139788, 0.0153068, 0.0199118, 0.0144948, 0.00051107
0, 0.589331, 1.17866, 1.76799, 2.35732, 2.94665, 3.53598, 4.12532, 4.71465, 5.30398, 5.89331, 6.48264, 7.07197, 7.6613, 8.25063, 8.83996, 9.42929, 10.0186, 10.608, 11.1973, 11.7866, 12.3759, 12.9653, 13.5546, 14.1439, 14.7333, 15.3226, 15.9119, 16.5013, 17.0906, 17.6799, 18.2693, 18.8586, 19.4479, 20.0372, 20.6266, 21.2159, 21.8052, 22.3946, 22.9839, 23.5732, 24.1626, 24.7519, 25.3412, 25.9306, 26.5199, 27.1092, 27.6985, 28.2879, 28.8772, 29.4665, 30.0559, 30.6452, 31.2345, 31.8239, 32.4132, 33.0025, 33.5919, 34.1812, 34.7705
0, 0, 0, 0, 0, 0, 0, 0, 0, 0, 0, 0, 0, 0, 0, 0, 0, 0, 0, 0, 0, 0, 0, 0, 0, 0, 0, 0, 0, 0, 0, 0, 0, 0, 0, 0, 0, 0, 0, 0, 0, 0, 0, 0, 0, 0, 0, 0, 0, 0, 0, 0, 0, 0, 0, 0, 0, 0, 0, 0
0, 0, 0, 0, 0, 0, 0, 0, 0, 0, 0, 0, 0, 0, 0, 0, 0, 0, 0, 0, 0, 0, 0, 0, 0, 0, 0, 0, 0, 0, 0, 0, 0, 0, 0, 0, 0, 0, 0, 0, 0, 0, 0, 0, 0, 0, 0, 0, 0, 0, 0, 0, 0, 0, 0, 0, 0, 0, 0, 0
-
-
 
MEASUREMENT 12
1.4716, 4.41481, 7.36319, 10.3064, 13.2548, 16.2031, 19.1774, 22.1309, 25.0793, 28.0277, 30.9502, 33.8934
2.47763, 2.5257, 2.65756, 2.81301, 3.0097, 2.97818, 3.30981, 3.68079, 4.10956, 5.35267, 3.87322, 0.0119402
0.00921262, 0.0093863, 0.00996025, 0.0107521, 0.0114673, 0.011434, 0.0126361, 0.0139788, 0.0153068, 0.0199118, 0.0144948, 0.00051107
0, 0.589331, 1.17866, 1.76799, 2.35732, 2.94665, 3.53598, 4.12532, 4.71465, 5.30398, 5.89331, 6.48264, 7.07197, 7.6613, 8.25063, 8.83996, 9.42929, 10.0186, 10.608, 11.1973, 11.7866, 12.3759, 12.9653, 13.5546, 14.1439, 14.7333, 15.3226, 15.9119, 16.5013, 17.0906, 17.6799, 18.2693, 18.8586, 19.4479, 20.0372, 20.6266, 21.2159, 21.8052, 22.3946, 22.9839, 23.5732, 24.1626, 24.7519, 25.3412, 25.9306, 26.5199, 27.1092, 27.6985, 28.2879, 28.8772, 29.4665, 30.0559, 30.6452, 31.2345, 31.8239, 32.4132, 33.0025, 33.5919, 34.1812, 34.7705
2.43853, 2.45293, 2.46773, 2.48296, 2.49865, 2.5148, 2.53145, 2.54862, 2.56634, 2.58464, 2.60354, 2.62308, 2.6433, 2.66423, 2.68592, 2.70842, 2.73178, 2.75604, 2.78127, 2.80754, 2.83492, 2.86349, 2.89334, 2.92456, 2.95726, 2.99157, 3.02763, 3.06558, 3.1056, 3.1479, 3.19269, 3.24023, 3.29084, 3.34485, 3.40268, 3.46481, 3.53183, 3.60443, 3.68346, 3.76998, 3.86532, 3.97116, 4.08971, 4.22391, 4.37785, 4.55735, 4.77124, 5.03386, 5.37102, 5.82845, 6.40775, 6.67116, 5.53837, 3.00966, 0.932117, 0.152156, 0.012558, 0.000510354, 7.46858e-06, 2.8004e-08
2.43853, 2.45531, 2.47259, 2.49041, 2.50879, 2.52776, 2.54735, 2.5676, 2.58854, 2.6102, 2.63264, 2.6559, 2.68002, 2.70506, 2.73108, 2.75815, 2.78632, 2.81568, 2.84632, 2.87831, 2.91178, 2.94682, 2.98358, 3.02217, 3.06278, 3.10557, 3.15074, 3.19852, 3.24917, 3.30299, 3.36032, 3.42156, 3.48717, 3.5577, 3.63379, 3.71622, 3.80593, 3.90407, 4.01204, 4.13165, 4.26515, 4.41554, 4.58679, 4.78434, 5.01596, 5.29319, 5.63428, 6.07078, 6.66598, 7.57001, 9.0434, 10.7347, 10.3265, 6.38995, 2.19719, 0.390092, 0.0344937, 0.0014909, 2.61101e-05, 1.48252e-07
30.9255
58.15
 
MEASUREMENT 13
1.4716, 4.41481, 7.36319, 10.3064, 13.2548, 16.2031, 19.1774, 22.1309, 25.0793, 28.0277, 30.9502, 33.8934
7.43602, 7.57897, 7.98093, 8.43795, 9.02663, 8.94217, 9.92815, 11.048, 12.2805, 15.9852, 11.5955, 0.0467397
0.00921262, 0.0093863, 0.00996025, 0.0107521, 0.0114673, 0.011434, 0.0126361, 0.0139788, 0.0153068, 0.0199118, 0.0144948, 0.00051107
0, 0.589331, 1.17866, 1.76799, 2.35732, 2.94665, 3.53598, 4.12532, 4.71465, 5.30398, 5.89331, 6.48264, 7.07197, 7.6613, 8.25063, 8.83996, 9.42929, 10.0186, 10.608, 11.1973, 11.7866, 12.3759, 12.9653, 13.5546, 14.1439, 14.7333, 15.3226, 15.9119, 16.5013, 17.0906, 17.6799, 18.2693, 18.8586, 19.4479, 20.0372, 20.6266, 21.2159, 21.8052, 22.3946, 22.9839, 23.5732, 24.1626, 24.7519, 25.3412, 25.9306, 26.5199, 27.1092, 27.6985, 28.2879, 28.8772, 29.4665, 30.0559, 30.6452, 31.2345, 31.8239, 32.4132, 33.0025, 33.5919, 34.1812, 34.7705
7.32321, 7.36624, 7.41049, 7.45602, 7.5029, 7.55118, 7.60094, 7.65225, 7.70519, 7.75985, 7.81632, 7.87469, 7.93509, 7.99762, 8.06241, 8.1296, 8.19934, 8.27179, 8.34713, 8.42556, 8.50729, 8.59256, 8.68163, 8.77479, 8.87237, 8.97473, 9.08228, 9.19547, 9.31482, 9.44093, 9.57445, 9.71616, 9.86695, 10.0279, 10.2001, 10.3851, 10.5847, 10.8007, 11.0359, 11.2933, 11.5767, 11.8913, 12.2435, 12.6421, 13.099, 13.6315, 14.2657, 15.044, 16.0428, 17.3893, 19.0439, 19.6997, 16.4112, 9.2003, 3.05631, 0.559038, 0.0541098, 0.00270544, 6.19845e-05, 2.43728e-07
7.32321, 7.37356, 7.42544, 7.47892, 7.53409, 7.59103, 7.64983, 7.7106, 7.77344, 7.83847, 7.90581, 7.97561, 8.048, 8.12316, 8.20124, 8.28246, 8.367, 8.45511, 8.54704, 8.64305, 8.74347, 8.84863, 8.9589, 9.07471, 9.19654, 9.32491, 9.46043, 9.60377, 9.75572, 9.91717, 10.0891, 10.2728, 10.4696, 10.6812, 10.9094, 11.1566, 11.4256, 11.7199, 12.0436, 12.4022, 12.8024, 13.2533, 13.7666, 14.3588, 15.053, 15.8841, 16.9069, 18.2169, 20.0076, 22.7293, 27.0833, 31.8824, 30.6597, 19.5175, 7.18761, 1.42887, 0.148116, 0.00785397, 0.000198952, 1.31209e-06
30.9403
58.16
 
MEASUREMENT 14
1.4716, 4.41481, 7.36319, 10.3064, 13.2548, 16.2031, 19.1774, 22.1309, 25.0793, 28.0277, 30.9502, 33.8934
7.93033, 8.08761, 8.51339, 9.00216, 9.64293, 9.54056, 10.6032, 11.7743, 13.1016, 17.0433, 12.3702, 0.0506773
0.00921262, 0.0093863, 0.00996025, 0.0107521, 0.0114673, 0.011434, 0.0126361, 0.0139788, 0.0153068, 0.0199118, 0.0144948, 0.00051107
0, 0.589331, 1.17866, 1.76799, 2.35732, 2.94665, 3.53598, 4.12532, 4.71465, 5.30398, 5.89331, 6.48264, 7.07197, 7.6613, 8.25063, 8.83996, 9.42929, 10.0186, 10.608, 11.1973, 11.7866, 12.3759, 12.9653, 13.5546, 14.1439, 14.7333, 15.3226, 15.9119, 16.5013, 17.0906, 17.6799, 18.2693, 18.8586, 19.4479, 20.0372, 20.6266, 21.2159, 21.8052, 22.3946, 22.9839, 23.5732, 24.1626, 24.7519, 25.3412, 25.9306, 26.5199, 27.1092, 27.6985, 28.2879, 28.8772, 29.4665, 30.0559, 30.6452, 31.2345, 31.8239, 32.4132, 33.0025, 33.5919, 34.1812, 34.7705
7.81494, 7.86082, 7.90802, 7.95658, 8.00657, 8.05806, 8.11112, 8.16584, 8.2223, 8.28059, 8.34081, 8.40306, 8.46747, 8.53415, 8.60324, 8.67489, 8.74925, 8.82651, 8.90685, 8.99047, 9.07762, 9.16854, 9.26351, 9.36284, 9.46689, 9.57603, 9.69069, 9.81137, 9.93862, 10.0731, 10.2154, 10.3665, 10.5272, 10.6988, 10.8824, 11.0796, 11.2923, 11.5226, 11.7732, 12.0475, 12.3496, 12.6848, 13.0601, 13.4848, 13.9715, 14.5388, 15.2143, 16.0432, 17.1065, 18.5394, 20.2978, 20.9924, 17.499, 9.83226, 3.28038, 0.603948, 0.0589711, 0.00298134, 6.96228e-05, 2.75536e-07
7.81494, 7.86866, 7.92402, 7.98109, 8.03996, 8.10072, 8.16347, 8.22831, 8.29536, 8.36475, 8.43661, 8.51109, 8.58834, 8.66853, 8.75185, 8.83851, 8.92872, 9.02274, 9.12083, 9.22328, 9.33043, 9.44263, 9.56029, 9.68386, 9.81385, 9.95083, 10.0954, 10.2484, 10.4105, 10.5828, 10.7663, 10.9622, 11.1722, 11.3979, 11.6414, 11.9051, 12.1922, 12.5061, 12.8515, 13.2341, 13.6611, 14.142, 14.6896, 15.3213, 16.0619, 16.9484, 18.0393, 19.4366, 21.3464, 24.2487, 28.8877, 33.9984, 32.7133, 20.8722, 7.72017, 1.54487, 0.16156, 0.00866237, 0.000223114, 1.48684e-06
30.9421
58.17
 
MEASUREMENT 15
1.4716, 4.41481, 7.36319, 10.3064, 13.2548, 16.2031, 19.1774, 22.1309, 25.0793, 28.0277, 30.9502, 33.8934
8.63982, 8.80771, 9.27476, 9.80688, 10.481, 10.3939, 11.5415, 12.8276, 14.2736, 18.5839, 13.4797, 0.0537621
0.00921262, 0.0093863, 0.00996025, 0.0107521, 0.0114673, 0.011434, 0.0126361, 0.0139788, 0.0153068, 0.0199118, 0.0144948, 0.00051107
0, 0.589331, 1.17866, 1.76799, 2.35732, 2.94665, 3.53598, 4.12532, 4.71465, 5.30398, 5.89331, 6.48264, 7.07197, 7.6613, 8.25063, 8.83996, 9.42929, 10.0186, 10.608, 11.1973, 11.7866, 12.3759, 12.9653, 13.5546, 14.1439, 14.7333, 15.3226, 15.9119, 16.5013, 17.0906, 17.6799, 18.2693, 18.8586, 19.4479, 20.0372, 20.6266, 21.2159, 21.8052, 22.3946, 22.9839, 23.5732, 24.1626, 24.7519, 25.3412, 25.9306, 26.5199, 27.1092, 27.6985, 28.2879, 28.8772, 29.4665, 30.0559, 30.6452, 31.2345, 31.8239, 32.4132, 33.0025, 33.5919, 34.1812, 34.7705
8.50874, 8.55875, 8.61019, 8.66311, 8.7176, 8.77372, 8.83156, 8.8912, 8.95273, 9.01627, 9.0819, 9.14976, 9.21996, 9.29265, 9.36796, 9.44606, 9.52713, 9.61134, 9.69892, 9.79009, 9.88509, 9.98421, 10.0878, 10.1961, 10.3095, 10.4285, 10.5535, 10.6851, 10.8238, 10.9704, 11.1257, 11.2904, 11.4657, 11.6528, 11.8531, 12.0682, 12.3002, 12.5514, 12.8248, 13.1241, 13.4537, 13.8195, 14.2291, 14.6925, 15.2239, 15.8432, 16.5808, 17.4861, 18.6478, 20.2147, 22.1428, 22.9127, 19.0864, 10.6872, 3.54051, 0.6447, 0.0620083, 0.00307502, 6.94497e-05, 2.71683e-07
8.50874, 8.56725, 8.62753, 8.68967, 8.75377, 8.81993, 8.88825, 8.95886, 9.03187, 9.10743, 9.18568, 9.26678, 9.35089, 9.43822, 9.52895, 9.62331, 9.72155, 9.82392, 9.93073, 10.0423, 10.159, 10.2812, 10.4093, 10.5439, 10.6854, 10.8346, 10.992, 11.1586, 11.3351, 11.5227, 11.7226, 11.936, 12.1647, 12.4105, 12.6756, 12.9629, 13.2755, 13.6174, 13.9936, 14.4102, 14.8753, 15.3992, 15.9956, 16.6837, 17.4904, 18.4561, 19.6445, 21.1667, 23.2471, 26.4092, 31.4716, 37.0608, 35.6397, 22.6619, 8.32281, 1.64711, 0.169663, 0.0089231, 0.000223226, 1.46041e-06
30.9397
58.16
 
MEASUREMENT 16
1.4716, 4.41481, 7.36319, 10.3064, 13.2548, 16.2031, 19.1774, 22.1309, 25.0793, 28.0277, 30.9502, 33.8934
8.10618, 8.26464, 8.70082, 9.20318, 9.8429, 9.75135, 10.8163, 12.0367, 13.3908, 17.4461, 12.6465, 0.0510245
0.00921262, 0.0093863, 0.00996025, 0.0107521, 0.0114673, 0.011434, 0.0126361, 0.0139788, 0.0153068, 0.0199118, 0.0144948, 0.00051107
0, 0.589331, 1.17866, 1.76799, 2.35732, 2.94665, 3.53598, 4.12532, 4.71465, 5.30398, 5.89331, 6.48264, 7.07197, 7.6613, 8.25063, 8.83996, 9.42929, 10.0186, 10.608, 11.1973, 11.7866, 12.3759, 12.9653, 13.5546, 14.1439, 14.7333, 15.3226, 15.9119, 16.5013, 17.0906, 17.6799, 18.2693, 18.8586, 19.4479, 20.0372, 20.6266, 21.2159, 21.8052, 22.3946, 22.9839, 23.5732, 24.1626, 24.7519, 25.3412, 25.9306, 26.5199, 27.1092, 27.6985, 28.2879, 28.8772, 29.4665, 30.0559, 30.6452, 31.2345, 31.8239, 32.4132, 33.0025, 33.5919, 34.1812, 34.7705
7.98298, 8.02991, 8.07818, 8.12784, 8.17897, 8.23163, 8.28591, 8.34188, 8.39962, 8.45924, 8.52084, 8.58452, 8.6504, 8.71861, 8.78929, 8.86258, 8.93866, 9.01769, 9.09988, 9.18543, 9.27459, 9.36761, 9.46478, 9.56642, 9.67288, 9.78456, 9.90189, 10.0254, 10.1556, 10.2932, 10.4389, 10.5935, 10.758, 10.9336, 11.1216, 11.3235, 11.5412, 11.7771, 12.0337, 12.3146, 12.624, 12.9674, 13.3519, 13.787, 14.2858, 14.8673, 15.5599, 16.4101, 17.5014, 18.973, 20.7799, 21.4909, 17.8947, 10.0282, 3.33173, 0.609917, 0.0591309, 0.00296391, 6.82e-05, 2.68994e-07
7.98298, 8.03787, 8.09442, 8.15273, 8.21287, 8.27494, 8.33905, 8.40529, 8.4738, 8.54469, 8.61811, 8.69419, 8.77312, 8.85505, 8.94017, 9.02871, 9.12088, 9.21693, 9.31715, 9.42182, 9.5313, 9.64593, 9.76615, 9.89241, 10.0252, 10.1652, 10.3129, 10.4692, 10.6349, 10.8109, 10.9984, 11.1986, 11.4132, 11.6438, 11.8926, 12.1621, 12.4554, 12.7763, 13.1293, 13.5202, 13.9567, 14.4482, 15.008, 15.6537, 16.4108, 17.3171, 18.4326, 19.8616, 21.8155, 24.7861, 29.5353, 34.755, 33.395, 21.2442, 7.82252, 1.55609, 0.161547, 0.0085867, 0.000218339, 1.44461e-06
30.9391
58.16
 
MEASUREMENT 17
1.4716, 4.41481, 7.36319, 10.3064, 13.2548, 16.2031, 19.1774, 22.1309, 25.0793, 28.0277, 30.9502, 33.8934
8.44389, 8.61, 9.06392, 9.58566, 10.2662, 10.1595, 11.2921, 12.5385, 13.9514, 18.1493, 13.1729, 0.0536902
0.00921262, 0.0093863, 0.00996025, 0.0107521, 0.0114673, 0.011434, 0.0126361, 0.0139788, 0.0153068, 0.0199118, 0.0144948, 0.00051107
0, 0.589331, 1.17866, 1.76799, 2.35732, 2.94665, 3.53598, 4.12532, 4.71465, 5.30398, 5.89331, 6.48264, 7.07197, 7.6613, 8.25063, 8.83996, 9.42929, 10.0186, 10.608, 11.1973, 11.7866, 12.3759, 12.9653, 13.5546, 14.1439, 14.7333, 15.3226, 15.9119, 16.5013, 17.0906, 17.6799, 18.2693, 18.8586, 19.4479, 20.0372, 20.6266, 21.2159, 21.8052, 22.3946, 22.9839, 23.5732, 24.1626, 24.7519, 25.3412, 25.9306, 26.5199, 27.1092, 27.6985, 28.2879, 28.8772, 29.4665, 30.0559, 30.6452, 31.2345, 31.8239, 32.4132, 33.0025, 33.5919, 34.1812, 34.7705
8.32078, 8.36964, 8.4199, 8.47161, 8.52485, 8.57969, 8.6362, 8.69447, 8.75459, 8.81667, 8.8808, 8.94709, 9.01568, 9.08669, 9.16027, 9.23658, 9.31577, 9.39805, 9.4836, 9.57266, 9.66547, 9.7623, 9.86344, 9.96923, 10.08, 10.1963, 10.3184, 10.4469, 10.5824, 10.7256, 10.8772, 11.0381, 11.2093, 11.392, 11.5876, 11.7976, 12.0241, 12.2694, 12.5364, 12.8285, 13.1503, 13.5074, 13.9072, 14.3595, 14.878, 15.4823, 16.2019, 17.0849, 18.2178, 19.7447, 21.6194, 22.3617, 18.6382, 10.4656, 3.48696, 0.64062, 0.0623693, 0.00314135, 7.28903e-05, 2.87786e-07
8.32078, 8.37798, 8.43693, 8.49769, 8.56037, 8.62506, 8.69187, 8.76091, 8.83231, 8.90619, 8.9827, 9.062, 9.14425, 9.22964, 9.31836, 9.41062, 9.50668, 9.60678, 9.71122, 9.82031, 9.93439, 10.0539, 10.1791, 10.3107, 10.4491, 10.595, 10.7489, 10.9118, 11.0844, 11.2678, 11.4632, 11.6719, 11.8955, 12.1358, 12.395, 12.6759, 12.9815, 13.3158, 13.6835, 14.0909, 14.5456, 15.0577, 15.6408, 16.3134, 17.102, 18.0459, 19.2076, 20.6954, 22.729, 25.8195, 30.7608, 36.2073, 34.8356, 22.2122, 8.2047, 1.63833, 0.170832, 0.00912529, 0.00023372, 1.55184e-06
30.9417
58.17
 
MEASUREMENT 18
1.4716, 4.41481, 7.36319, 10.3064, 13.2548, 16.2031, 19.1774, 22.1309, 25.0793, 28.0277, 30.9502, 33.8934
8.31383, 8.47702, 8.92644, 9.43846, 10.0886, 10.0043, 11.1082, 12.3465, 13.7377, 17.8865, 12.9742, 0.0517247
0.00921262, 0.0093863, 0.00996025, 0.0107521, 0.0114673, 0.011434, 0.0126361, 0.0139788, 0.0153068, 0.0199118, 0.0144948, 0.00051107
0, 0.589331, 1.17866, 1.76799, 2.35732, 2.94665, 3.53598, 4.12532, 4.71465, 5.30398, 5.89331, 6.48264, 7.07197, 7.6613, 8.25063, 8.83996, 9.42929, 10.0186, 10.608, 11.1973, 11.7866, 12.3759, 12.9653, 13.5546, 14.1439, 14.7333, 15.3226, 15.9119, 16.5013, 17.0906, 17.6799, 18.2693, 18.8586, 19.4479, 20.0372, 20.6266, 21.2159, 21.8052, 22.3946, 22.9839, 23.5732, 24.1626, 24.7519, 25.3412, 25.9306, 26.5199, 27.1092, 27.6985, 28.2879, 28.8772, 29.4665, 30.0559, 30.6452, 31.2345, 31.8239, 32.4132, 33.0025, 33.5919, 34.1812, 34.7705
8.18911, 8.23725, 8.28675, 8.33769, 8.39013, 8.44415, 8.49981, 8.55722, 8.61645, 8.6776, 8.74077, 8.80608, 8.87365, 8.94361, 9.0161, 9.09127, 9.1693, 9.25036, 9.33465, 9.4224, 9.51384, 9.60924, 9.7089, 9.81314, 9.92233, 10.0369, 10.1572, 10.2839, 10.4174, 10.5585, 10.7079, 10.8665, 11.0352, 11.2153, 11.4081, 11.6151, 11.8384, 12.0802, 12.3434, 12.6315, 12.9487, 13.3008, 13.6951, 14.1412, 14.6527, 15.2488, 15.9588, 16.8303, 17.9486, 19.457, 21.3131, 22.0544, 18.3709, 10.2859, 3.40717, 0.620319, 0.0596512, 0.0029574, 6.67639e-05, 2.61158e-07
8.18911, 8.24542, 8.30343, 8.36324, 8.42493, 8.48861, 8.55436, 8.62232, 8.69259, 8.76531, 8.84062, 8.91867, 8.99963, 9.08367, 9.17099, 9.26181, 9.35636, 9.45489, 9.55769, 9.66506, 9.77736, 9.89495, 10.0183, 10.1478, 10.284, 10.4276, 10.5791, 10.7394, 10.9094, 11.0899, 11.2822, 11.4876, 11.7077, 11.9443, 12.1995, 12.4759, 12.7768, 13.1059, 13.4679, 13.869, 14.3166, 14.8208, 15.3948, 16.0571, 16.8335, 17.7629, 18.9067, 20.3718, 22.3741, 25.4176, 30.2902, 35.6693, 34.3002, 21.8084, 8.00829, 1.58459, 0.163189, 0.00858041, 0.000214571, 1.4035e-06
30.9396
58.16
 
MEASUREMENT 19
1.4716, 4.41481, 7.36319, 10.3064, 13.2548, 16.2031, 19.1774, 22.1309, 25.0793, 28.0277, 30.9502, 33.8934
7.97937, 8.13625, 8.56625, 9.05753, 9.68997, 9.59959, 10.6581, 11.8465, 13.1817, 17.1605, 12.4482, 0.0506927
0.00921262, 0.0093863, 0.00996025, 0.0107521, 0.0114673, 0.011434, 0.0126361, 0.0139788, 0.0153068, 0.0199118, 0.0144948, 0.00051107
0, 0.589331, 1.17866, 1.76799, 2.35732, 2.94665, 3.53598, 4.12532, 4.71465, 5.30398, 5.89331, 6.48264, 7.07197, 7.6613, 8.25063, 8.83996, 9.42929, 10.0186, 10.608, 11.1973, 11.7866, 12.3759, 12.9653, 13.5546, 14.1439, 14.7333, 15.3226, 15.9119, 16.5013, 17.0906, 17.6799, 18.2693, 18.8586, 19.4479, 20.0372, 20.6266, 21.2159, 21.8052, 22.3946, 22.9839, 23.5732, 24.1626, 24.7519, 25.3412, 25.9306, 26.5199, 27.1092, 27.6985, 28.2879, 28.8772, 29.4665, 30.0559, 30.6452, 31.2345, 31.8239, 32.4132, 33.0025, 33.5919, 34.1812, 34.7705
7.86002, 7.9062, 7.9537, 8.00257, 8.05289, 8.10471, 8.15812, 8.21319, 8.27001, 8.32868, 8.38929, 8.45195, 8.51677, 8.58389, 8.65343, 8.72555, 8.8004, 8.87816, 8.95903, 9.04321, 9.13093, 9.22245, 9.31805, 9.41805, 9.52279, 9.63266, 9.74809, 9.86958, 9.99769, 10.133, 10.2763, 10.4285, 10.5903, 10.763, 10.9479, 11.1465, 11.3607, 11.5926, 11.845, 12.1212, 12.4255, 12.7632, 13.1412, 13.569, 14.0594, 14.631, 15.3118, 16.1473, 17.2195, 18.6647, 20.4385, 21.1374, 17.6107, 9.88395, 3.2921, 0.604802, 0.0589018, 0.00296888, 6.89737e-05, 2.72753e-07
7.86002, 7.91406, 7.96974, 8.02715, 8.08636, 8.14747, 8.21058, 8.2758, 8.34325, 8.41304, 8.48532, 8.56023, 8.63793, 8.71859, 8.8024, 8.88957, 8.98031, 9.07488, 9.17354, 9.27659, 9.38437, 9.49723, 9.61558, 9.73988, 9.87063, 10.0084, 10.1539, 10.3077, 10.4708, 10.6441, 10.8287, 11.0258, 11.237, 11.464, 11.709, 11.9743, 12.263, 12.5789, 12.9263, 13.3112, 13.7408, 14.2246, 14.7756, 15.4111, 16.1563, 17.0482, 18.146, 19.5522, 21.4746, 24.3967, 29.0671, 34.2048, 32.8885, 20.9561, 7.73686, 1.54466, 0.161103, 0.00861122, 0.000220798, 1.46797e-06
30.9407
58.16
 
MEASUREMENT 20
1.4716, 4.41481, 7.36319, 10.3064, 13.2548, 16.2031, 19.1774, 22.1309, 25.0793, 28.0277, 30.9502, 33.8934
8.59468, 8.76091, 9.22469, 9.75472, 10.4363, 10.3384, 11.48, 12.7595, 14.1969, 18.4826, 13.4058, 0.0533057
0.00921262, 0.0093863, 0.00996025, 0.0107521, 0.0114673, 0.011434, 0.0126361, 0.0139788, 0.0153068, 0.0199118, 0.0144948, 0.00051107
0, 0.589331, 1.17866, 1.76799, 2.35732, 2.94665, 3.53598, 4.12532, 4.71465, 5.30398, 5.89331, 6.48264, 7.07197, 7.6613, 8.25063, 8.83996, 9.42929, 10.0186, 10.608, 11.1973, 11.7866, 12.3759, 12.9653, 13.5546, 14.1439, 14.7333, 15.3226, 15.9119, 16.5013, 17.0906, 17.6799, 18.2693, 18.8586, 19.4479, 20.0372, 20.6266, 21.2159, 21.8052, 22.3946, 22.9839, 23.5732, 24.1626, 24.7519, 25.3412, 25.9306, 26.5199, 27.1092, 27.6985, 28.2879, 28.8772, 29.4665, 30.0559, 30.6452, 31.2345, 31.8239, 32.4132, 33.0025, 33.5919, 34.1812, 34.7705
8.46491, 8.51465, 8.56581, 8.61845, 8.67264, 8.72846, 8.78598, 8.8453, 8.9065, 8.96969, 9.03497, 9.10246, 9.17228, 9.24457, 9.31948, 9.39715, 9.47778, 9.56153, 9.64863, 9.7393, 9.83379, 9.93237, 10.0353, 10.143, 10.2559, 10.3742, 10.4985, 10.6294, 10.7674, 10.9132, 11.0675, 11.2314, 11.4057, 11.5918, 11.7909, 12.0048, 12.2355, 12.4853, 12.7572, 13.0548, 13.3825, 13.7462, 14.1535, 14.6143, 15.1425, 15.7582, 16.4915, 17.3914, 18.546, 20.1032, 22.0204, 22.7885, 18.9848, 10.6283, 3.51838, 0.639771, 0.0614037, 0.00303626, 6.82275e-05, 2.66263e-07
8.46491, 8.52311, 8.58308, 8.6449, 8.70867, 8.77449, 8.84246, 8.9127, 8.98534, 9.06051, 9.13835, 9.21903, 9.30271, 9.38958, 9.47985, 9.57372, 9.67145, 9.7733, 9.87956, 9.99054, 10.1066, 10.2282, 10.3556, 10.4895, 10.6303, 10.7787, 10.9354, 11.1011, 11.2767, 11.4633, 11.6621, 11.8744, 12.1019, 12.3464, 12.6102, 12.896, 13.2069, 13.5471, 13.9213, 14.3358, 14.7985, 15.3196, 15.9129, 16.5974, 17.3999, 18.3604, 19.5426, 21.0565, 23.1255, 26.2699, 31.3059, 36.8738, 35.4701, 22.5534, 8.27784, 1.63605, 0.168177, 0.00881996, 0.000219678, 1.43281e-06
30.9399
58.16
 
MEASUREMENT 21
1.4716, 4.41481, 7.36319, 10.3064, 13.2548, 16.2031, 19.1774, 22.1309, 25.0793, 28.0277, 30.9502, 33.8934
8.05179, 8.2104, 8.6441, 9.14119, 9.77827, 9.68799, 10.7448, 11.9555, 13.3026, 17.3312, 12.5634, 0.0503574
0.00921262, 0.0093863, 0.00996025, 0.0107521, 0.0114673, 0.011434, 0.0126361, 0.0139788, 0.0153068, 0.0199118, 0.0144948, 0.00051107
0, 0.589331, 1.17866, 1.76799, 2.35732, 2.94665, 3.53598, 4.12532, 4.71465, 5.30398, 5.89331, 6.48264, 7.07197, 7.6613, 8.25063, 8.83996, 9.42929, 10.0186, 10.608, 11.1973, 11.7866, 12.3759, 12.9653, 13.5546, 14.1439, 14.7333, 15.3226, 15.9119, 16.5013, 17.0906, 17.6799, 18.2693, 18.8586, 19.4479, 20.0372, 20.6266, 21.2159, 21.8052, 22.3946, 22.9839, 23.5732, 24.1626, 24.7519, 25.3412, 25.9306, 26.5199, 27.1092, 27.6985, 28.2879, 28.8772, 29.4665, 30.0559, 30.6452, 31.2345, 31.8239, 32.4132, 33.0025, 33.5919, 34.1812, 34.7705
7.93016, 7.97678, 8.02473, 8.07406, 8.12486, 8.17717, 8.23109, 8.28669, 8.34405, 8.40328, 8.46447, 8.52773, 8.59318, 8.66094, 8.73115, 8.80396, 8.87953, 8.95805, 9.03969, 9.12468, 9.21326, 9.30566, 9.40219, 9.50316, 9.60892, 9.71986, 9.83642, 9.95911, 10.0885, 10.2251, 10.3699, 10.5235, 10.6869, 10.8614, 11.0481, 11.2487, 11.465, 11.6992, 11.9542, 12.2332, 12.5406, 12.8817, 13.2637, 13.6959, 14.1915, 14.7691, 15.4571, 16.3017, 17.3857, 18.8477, 20.6444, 21.3554, 17.7825, 9.95888, 3.30315, 0.602954, 0.0582154, 0.0029022, 6.61524e-05, 2.5992e-07
7.93016, 7.98468, 8.04087, 8.09878, 8.15853, 8.22019, 8.28387, 8.34968, 8.41773, 8.48815, 8.56108, 8.63667, 8.71507, 8.79646, 8.88102, 8.96897, 9.06053, 9.15595, 9.2555, 9.35949, 9.46823, 9.58211, 9.70154, 9.82696, 9.95889, 10.0979, 10.2447, 10.3999, 10.5645, 10.7393, 10.9256, 11.1245, 11.3377, 11.5668, 11.8139, 12.0817, 12.373, 12.6917, 13.0424, 13.4308, 13.8643, 14.3526, 14.9086, 15.5501, 16.3021, 17.2024, 18.3104, 19.7298, 21.6702, 24.6202, 29.3394, 34.5344, 33.1892, 21.1022, 7.75787, 1.53889, 0.159109, 0.00841162, 0.000212131, 1.39583e-06
30.939
58.16
 
MEASUREMENT 22
1.4716, 4.41481, 7.36319, 10.3064, 13.2548, 16.2031, 19.1774, 22.1309, 25.0793, 28.0277, 30.9502, 33.8934
8.41416, 8.58036, 9.03344, 9.55485, 10.2307, 10.1237, 11.254, 12.4962, 13.903, 18.0902, 13.13, 0.0537784
0.00921262, 0.0093863, 0.00996025, 0.0107521, 0.0114673, 0.011434, 0.0126361, 0.0139788, 0.0153068, 0.0199118, 0.0144948, 0.00051107
0, 0.589331, 1.17866, 1.76799, 2.35732, 2.94665, 3.53598, 4.12532, 4.71465, 5.30398, 5.89331, 6.48264, 7.07197, 7.6613, 8.25063, 8.83996, 9.42929, 10.0186, 10.608, 11.1973, 11.7866, 12.3759, 12.9653, 13.5546, 14.1439, 14.7333, 15.3226, 15.9119, 16.5013, 17.0906, 17.6799, 18.2693, 18.8586, 19.4479, 20.0372, 20.6266, 21.2159, 21.8052, 22.3946, 22.9839, 23.5732, 24.1626, 24.7519, 25.3412, 25.9306, 26.5199, 27.1092, 27.6985, 28.2879, 28.8772, 29.4665, 30.0559, 30.6452, 31.2345, 31.8239, 32.4132, 33.0025, 33.5919, 34.1812, 34.7705
8.29218, 8.34089, 8.39098, 8.44252, 8.49558, 8.55023, 8.60655, 8.66463, 8.72456, 8.78642, 8.85034, 8.91642, 8.98478, 9.05555, 9.12889, 9.20494, 9.28387, 9.36587, 9.45115, 9.53991, 9.63242, 9.72892, 9.82973, 9.93517, 10.0456, 10.1615, 10.2832, 10.4113, 10.5464, 10.6891, 10.8402, 11.0005, 11.1712, 11.3533, 11.5482, 11.7576, 11.9834, 12.2279, 12.494, 12.7852, 13.1059, 13.4618, 13.8603, 14.3112, 14.8281, 15.4305, 16.1478, 17.0282, 18.1577, 19.6799, 21.5477, 22.2844, 18.5733, 10.4341, 3.48079, 0.640862, 0.0625873, 0.00316535, 7.39669e-05, 2.92961e-07
8.29218, 8.34919, 8.40794, 8.46849, 8.53096, 8.59543, 8.66201, 8.73081, 8.80196, 8.87559, 8.95184, 9.03086, 9.11283, 9.19792, 9.28634, 9.37829, 9.47402, 9.57378, 9.67786, 9.78657, 9.90026, 10.0193, 10.1442, 10.2753, 10.4132, 10.5586, 10.712, 10.8743, 11.0463, 11.2291, 11.4238, 11.6318, 11.8546, 12.0941, 12.3525, 12.6323, 12.9369, 13.27, 13.6366, 14.0425, 14.4956, 15.006, 15.5871, 16.2575, 17.0434, 17.9841, 19.1419, 20.6248, 22.652, 25.7328, 30.6563, 36.0758, 34.7026, 22.1348, 8.1855, 1.63791, 0.171313, 0.00918834, 0.000236791, 1.57896e-06
30.9417
58.17
 
MEASUREMENT 23
1.4716, 4.41481, 7.36319, 10.3064, 13.2548, 16.2031, 19.1774, 22.1309, 25.0793, 28.0277, 30.9502, 33.8934
8.15965, 8.31946, 8.76025, 9.26217, 9.89938, 9.81755, 10.8989, 12.1137, 13.4801, 17.549, 12.729, 0.0504519
0.00921262, 0.0093863, 0.00996025, 0.0107521, 0.0114673, 0.011434, 0.0126361, 0.0139788, 0.0153068, 0.0199118, 0.0144948, 0.00051107
0, 0.589331, 1.17866, 1.76799, 2.35732, 2.94665, 3.53598, 4.12532, 4.71465, 5.30398, 5.89331, 6.48264, 7.07197, 7.6613, 8.25063, 8.83996, 9.42929, 10.0186, 10.608, 11.1973, 11.7866, 12.3759, 12.9653, 13.5546, 14.1439, 14.7333, 15.3226, 15.9119, 16.5013, 17.0906, 17.6799, 18.2693, 18.8586, 19.4479, 20.0372, 20.6266, 21.2159, 21.8052, 22.3946, 22.9839, 23.5732, 24.1626, 24.7519, 25.3412, 25.9306, 26.5199, 27.1092, 27.6985, 28.2879, 28.8772, 29.4665, 30.0559, 30.6452, 31.2345, 31.8239, 32.4132, 33.0025, 33.5919, 34.1812, 34.7705
8.03651, 8.08374, 8.13232, 8.18229, 8.23375, 8.28674, 8.34136, 8.39768, 8.45579, 8.51579, 8.57777, 8.64185, 8.70814, 8.77678, 8.8479, 8.92165, 8.9982, 9.07773, 9.16042, 9.24651, 9.33623, 9.42982, 9.5276, 9.62986, 9.73698, 9.84934, 9.9674, 10.0917, 10.2227, 10.3611, 10.5077, 10.6632, 10.8288, 11.0054, 11.1945, 11.3976, 11.6167, 11.8539, 12.112, 12.3946, 12.7058, 13.0511, 13.4378, 13.8754, 14.377, 14.9616, 15.6579, 16.5124, 17.6088, 19.0877, 20.9092, 21.6409, 18.0289, 10.0898, 3.33736, 0.606012, 0.0580482, 0.00286287, 6.4036e-05, 2.49488e-07
8.03651, 8.09177, 8.14871, 8.2074, 8.26794, 8.33043, 8.39496, 8.46165, 8.53061, 8.60197, 8.67588, 8.75247, 8.83192, 8.9144, 9.00009, 9.08922, 9.182, 9.27869, 9.37957, 9.48494, 9.59514, 9.71054, 9.83156, 9.95866, 10.0924, 10.2332, 10.382, 10.5393, 10.706, 10.8832, 11.0719, 11.2735, 11.4895, 11.7216, 11.9721, 12.2434, 12.5386, 12.8615, 13.2168, 13.6103, 14.0496, 14.5443, 15.1076, 15.7575, 16.5193, 17.4313, 18.5536, 19.9909, 21.955, 24.9399, 29.7219, 35.0125, 33.6814, 21.4097, 7.85176, 1.5497, 0.158986, 0.00831629, 0.000206307, 1.34215e-06
30.9398
58.16
 
MEASUREMENT 24
1.4716, 4.41481, 7.36319, 10.3064, 13.2548, 16.2031, 19.1774, 22.1309, 25.0793, 28.0277, 30.9502, 33.8934
7.92495, 8.07727, 8.50676, 9.00477, 9.6325, 9.53178, 10.5852, 11.7658, 13.0903, 17.0431, 12.3605, 0.0497558
0.00921262, 0.0093863, 0.00996025, 0.0107521, 0.0114673, 0.011434, 0.0126361, 0.0139788, 0.0153068, 0.0199118, 0.0144948, 0.00051107
0, 0.589331, 1.17866, 1.76799, 2.35732, 2.94665, 3.53598, 4.12532, 4.71465, 5.30398, 5.89331, 6.48264, 7.07197, 7.6613, 8.25063, 8.83996, 9.42929, 10.0186, 10.608, 11.1973, 11.7866, 12.3759, 12.9653, 13.5546, 14.1439, 14.7333, 15.3226, 15.9119, 16.5013, 17.0906, 17.6799, 18.2693, 18.8586, 19.4479, 20.0372, 20.6266, 21.2159, 21.8052, 22.3946, 22.9839, 23.5732, 24.1626, 24.7519, 25.3412, 25.9306, 26.5199, 27.1092, 27.6985, 28.2879, 28.8772, 29.4665, 30.0559, 30.6452, 31.2345, 31.8239, 32.4132, 33.0025, 33.5919, 34.1812, 34.7705
7.80753, 7.8534, 7.90057, 7.94911, 7.99908, 8.05054, 8.10358, 8.15828, 8.21471, 8.27298, 8.33317, 8.3954, 8.45978, 8.52643, 8.5955, 8.66712, 8.74146, 8.81868, 8.89899, 8.98259, 9.06971, 9.1606, 9.25554, 9.35485, 9.45886, 9.56797, 9.68261, 9.80326, 9.93047, 10.0649, 10.2072, 10.3582, 10.519, 10.6905, 10.8741, 11.0713, 11.284, 11.5143, 11.7649, 12.0392, 12.3413, 12.6766, 13.052, 13.4767, 13.9637, 14.5311, 15.207, 16.0363, 17.1005, 18.5352, 20.2986, 20.9991, 17.4953, 9.80763, 3.25705, 0.595366, 0.0575666, 0.00287416, 6.56873e-05, 2.57952e-07
7.80753, 7.86121, 7.91652, 7.97354, 8.03236, 8.09306, 8.15575, 8.22054, 8.28754, 8.35686, 8.42866, 8.50307, 8.58025, 8.66038, 8.74363, 8.83021, 8.92035, 9.01428, 9.11228, 9.21465, 9.3217, 9.43381, 9.55138, 9.67485, 9.80473, 9.94158, 10.0861, 10.2389, 10.4009, 10.573, 10.7563, 10.9522, 11.162, 11.3875, 11.6308, 11.8943, 12.1811, 12.4949, 12.84, 13.2223, 13.649, 14.1296, 14.6768, 15.3081, 16.0482, 16.9342, 18.0245, 19.4209, 21.3296, 24.2304, 28.872, 33.9924, 32.6952, 20.8144, 7.66337, 1.52253, 0.157668, 0.0083488, 0.00021103, 1.38954e-06
30.9405
58.16
 
MEASUREMENT 25
1.4716, 4.41481, 7.36319, 10.3064, 13.2548, 16.2031, 19.1774, 22.1309, 25.0793, 28.0277, 30.9502, 33.8934
8.46164, 8.62756, 9.08357, 9.59519, 10.2651, 10.1804, 11.3035, 12.5623, 13.9803, 18.1994, 13.201, 0.0531197
0.00921262, 0.0093863, 0.00996025, 0.0107521, 0.0114673, 0.011434, 0.0126361, 0.0139788, 0.0153068, 0.0199118, 0.0144948, 0.00051107
0, 0.589331, 1.17866, 1.76799, 2.35732, 2.94665, 3.53598, 4.12532, 4.71465, 5.30398, 5.89331, 6.48264, 7.07197, 7.6613, 8.25063, 8.83996, 9.42929, 10.0186, 10.608, 11.1973, 11.7866, 12.3759, 12.9653, 13.5546, 14.1439, 14.7333, 15.3226, 15.9119, 16.5013, 17.0906, 17.6799, 18.2693, 18.8586, 19.4479, 20.0372, 20.6266, 21.2159, 21.8052, 22.3946, 22.9839, 23.5732, 24.1626, 24.7519, 25.3412, 25.9306, 26.5199, 27.1092, 27.6985, 28.2879, 28.8772, 29.4665, 30.0559, 30.6452, 31.2345, 31.8239, 32.4132, 33.0025, 33.5919, 34.1812, 34.7705
8.33249, 8.38147, 8.43184, 8.48367, 8.53703, 8.59199, 8.64864, 8.70704, 8.76731, 8.82953, 8.89381, 8.96027, 9.02902, 9.10021, 9.17396, 9.25045, 9.32984, 9.41232, 9.49809, 9.58738, 9.68042, 9.7775, 9.8789, 9.98497, 10.0961, 10.2126, 10.3351, 10.4639, 10.5998, 10.7434, 10.8954, 11.0568, 11.2285, 11.4117, 11.6078, 11.8185, 12.0457, 12.2918, 12.5596, 12.8527, 13.1755, 13.5338, 13.935, 14.3889, 14.9094, 15.516, 16.2385, 17.1254, 18.2635, 19.7984, 21.6845, 22.4318, 18.6839, 10.4705, 3.47651, 0.635528, 0.0614745, 0.00307161, 7.02915e-05, 2.7647e-07
8.33249, 8.38978, 8.44881, 8.50967, 8.57244, 8.63723, 8.70414, 8.77328, 8.84479, 8.91878, 8.99541, 9.07482, 9.1572, 9.24271, 9.33157, 9.42397, 9.52018, 9.62043, 9.72503, 9.83428, 9.94854, 10.0682, 10.1937, 10.3255, 10.4641, 10.6101, 10.7643, 10.9275, 11.1004, 11.2841, 11.4798, 11.6888, 11.9127, 12.1534, 12.4131, 12.6944, 13.0005, 13.3354, 13.7038, 14.1118, 14.5673, 15.0803, 15.6645, 16.3383, 17.1284, 18.0742, 19.2382, 20.7292, 22.7674, 25.8659, 30.8219, 36.28, 34.8769, 22.1904, 8.16683, 1.62243, 0.168063, 0.00890519, 0.000225346, 1.48563e-06
30.9397
58.16
 
MEASUREMENT 26
1.4716, 4.41481, 7.36319, 10.3064, 13.2548, 16.2031, 19.1774, 22.1309, 25.0793, 28.0277, 30.9502, 33.8934
7.82061, 7.97177, 8.39295, 8.87665, 9.49655, 9.40833, 10.4457, 11.6112, 12.9194, 16.82, 12.1998, 0.0486414
0.00921262, 0.0093863, 0.00996025, 0.0107521, 0.0114673, 0.011434, 0.0126361, 0.0139788, 0.0153068, 0.0199118, 0.0144948, 0.00051107
0, 0.589331, 1.17866, 1.76799, 2.35732, 2.94665, 3.53598, 4.12532, 4.71465, 5.30398, 5.89331, 6.48264, 7.07197, 7.6613, 8.25063, 8.83996, 9.42929, 10.0186, 10.608, 11.1973, 11.7866, 12.3759, 12.9653, 13.5546, 14.1439, 14.7333, 15.3226, 15.9119, 16.5013, 17.0906, 17.6799, 18.2693, 18.8586, 19.4479, 20.0372, 20.6266, 21.2159, 21.8052, 22.3946, 22.9839, 23.5732, 24.1626, 24.7519, 25.3412, 25.9306, 26.5199, 27.1092, 27.6985, 28.2879, 28.8772, 29.4665, 30.0559, 30.6452, 31.2345, 31.8239, 32.4132, 33.0025, 33.5919, 34.1812, 34.7705
7.70242, 7.74769, 7.79425, 7.84215, 7.89146, 7.94226, 7.99461, 8.04859, 8.10429, 8.16179, 8.2212, 8.28262, 8.34616, 8.41195, 8.48011, 8.5508, 8.62417, 8.7004, 8.77966, 8.86218, 8.94817, 9.03788, 9.13159, 9.22961, 9.33228, 9.43998, 9.55314, 9.67223, 9.79781, 9.93049, 10.071, 10.2201, 10.3788, 10.5481, 10.7293, 10.924, 11.134, 11.3613, 11.6088, 11.8796, 12.1779, 12.509, 12.8796, 13.299, 13.7799, 14.3403, 15.0078, 15.827, 16.8782, 18.2959, 20.0404, 20.7371, 17.2743, 9.6725, 3.20411, 0.583351, 0.0560932, 0.00278068, 6.27618e-05, 2.45417e-07
7.70242, 7.75538, 7.80995, 7.8662, 7.92423, 7.98412, 8.04597, 8.10988, 8.17598, 8.24438, 8.31521, 8.38862, 8.46477, 8.54381, 8.62595, 8.71137, 8.80029, 8.89297, 8.98965, 9.09065, 9.19626, 9.30687, 9.42285, 9.54467, 9.67281, 9.80783, 9.95037, 10.1011, 10.261, 10.4308, 10.6117, 10.8049, 11.0119, 11.2344, 11.4744, 11.7344, 12.0174, 12.3269, 12.6674, 13.0446, 13.4656, 13.9398, 14.4797, 15.1026, 15.8328, 16.707, 17.7827, 19.1606, 21.0437, 23.9058, 28.4883, 33.549, 32.2649, 20.5169, 7.5348, 1.49097, 0.153544, 0.00807254, 0.000201839, 1.31994e-06
30.9398
58.16
 
MEASUREMENT 27
1.4716, 4.41481, 7.36319, 10.3064, 13.2548, 16.2031, 19.1774, 22.1309, 25.0793, 28.0277, 30.9502, 33.8934
7.6073, 7.75474, 8.16597, 8.63592, 9.23718, 9.15032, 10.1497, 11.2932, 12.5644, 16.3704, 11.8653, 0.0472111
0.00921262, 0.0093863, 0.00996025, 0.0107521, 0.0114673, 0.011434, 0.0126361, 0.0139788, 0.0153068, 0.0199118, 0.0144948, 0.00051107
0, 0.589331, 1.17866, 1.76799, 2.35732, 2.94665, 3.53598, 4.12532, 4.71465, 5.30398, 5.89331, 6.48264, 7.07197, 7.6613, 8.25063, 8.83996, 9.42929, 10.0186, 10.608, 11.1973, 11.7866, 12.3759, 12.9653, 13.5546, 14.1439, 14.7333, 15.3226, 15.9119, 16.5013, 17.0906, 17.6799, 18.2693, 18.8586, 19.4479, 20.0372, 20.6266, 21.2159, 21.8052, 22.3946, 22.9839, 23.5732, 24.1626, 24.7519, 25.3412, 25.9306, 26.5199, 27.1092, 27.6985, 28.2879, 28.8772, 29.4665, 30.0559, 30.6452, 31.2345, 31.8239, 32.4132, 33.0025, 33.5919, 34.1812, 34.7705
7.49127, 7.53531, 7.5806, 7.6272, 7.67517, 7.72459, 7.77552, 7.82803, 7.88221, 7.93816, 7.99595, 8.0557, 8.11752, 8.18152, 8.24784, 8.31661, 8.38799, 8.46214, 8.53926, 8.61954, 8.70319, 8.79047, 8.88165, 8.97701, 9.0769, 9.18168, 9.29178, 9.40765, 9.52983, 9.65892, 9.79561, 9.94069, 10.0951, 10.2598, 10.4362, 10.6256, 10.8299, 11.0511, 11.2919, 11.5555, 11.8458, 12.1679, 12.5286, 12.9368, 13.4048, 13.9503, 14.6, 15.3974, 16.4208, 17.8013, 19.4994, 20.1748, 16.7995, 9.4014, 3.11242, 0.566334, 0.0544301, 0.00269717, 6.08325e-05, 2.37991e-07
7.49127, 7.54278, 7.59585, 7.65057, 7.707, 7.76525, 7.82541, 7.88758, 7.95186, 8.01839, 8.08728, 8.15868, 8.23274, 8.30963, 8.38951, 8.4726, 8.55909, 8.64923, 8.74327, 8.8415, 8.94423, 9.0518, 9.16462, 9.2831, 9.40773, 9.53906, 9.67771, 9.82436, 9.97982, 10.145, 10.3209, 10.5089, 10.7102, 10.9266, 11.1601, 11.413, 11.6883, 11.9893, 12.3206, 12.6874, 13.097, 13.5583, 14.0835, 14.6894, 15.3998, 16.2502, 17.2968, 18.6374, 20.4699, 23.2555, 27.7148, 32.6329, 31.3687, 19.9337, 7.31554, 1.44666, 0.148899, 0.00782497, 0.000195534, 1.27884e-06
30.9389
58.16
 
MEASUREMENT 28
1.4716, 4.41481, 7.36319, 10.3064, 13.2548, 16.2031, 19.1774, 22.1309, 25.0793, 28.0277, 30.9502, 33.8934
7.6944, 7.84525, 8.26041, 8.73642, 9.34566, 9.25754, 10.2903, 11.4255, 12.7136, 16.5393, 12.0039, 0.0478454
0.00921262, 0.0093863, 0.00996025, 0.0107521, 0.0114673, 0.011434, 0.0126361, 0.0139788, 0.0153068, 0.0199118, 0.0144948, 0.00051107
0, 0.589331, 1.17866, 1.76799, 2.35732, 2.94665, 3.53598, 4.12532, 4.71465, 5.30398, 5.89331, 6.48264, 7.07197, 7.6613, 8.25063, 8.83996, 9.42929, 10.0186, 10.608, 11.1973, 11.7866, 12.3759, 12.9653, 13.5546, 14.1439, 14.7333, 15.3226, 15.9119, 16.5013, 17.0906, 17.6799, 18.2693, 18.8586, 19.4479, 20.0372, 20.6266, 21.2159, 21.8052, 22.3946, 22.9839, 23.5732, 24.1626, 24.7519, 25.3412, 25.9306, 26.5199, 27.1092, 27.6985, 28.2879, 28.8772, 29.4665, 30.0559, 30.6452, 31.2345, 31.8239, 32.4132, 33.0025, 33.5919, 34.1812, 34.7705
7.58138, 7.62591, 7.67171, 7.71884, 7.76735, 7.81732, 7.86882, 7.92192, 7.97671, 8.03328, 8.09172, 8.15213, 8.21464, 8.27935, 8.3464, 8.41594, 8.48811, 8.56309, 8.64106, 8.72222, 8.8068, 8.89504, 8.98721, 9.08362, 9.1846, 9.29053, 9.40182, 9.51895, 9.64246, 9.77294, 9.9111, 10.0577, 10.2138, 10.3803, 10.5585, 10.7499, 10.9564, 11.1799, 11.4232, 11.6895, 11.9828, 12.3082, 12.6726, 13.0848, 13.5574, 14.1082, 14.764, 15.5688, 16.6011, 17.9932, 19.7075, 20.3975, 17.0005, 9.5238, 3.15504, 0.574084, 0.0551292, 0.00272709, 6.13264e-05, 2.39139e-07
7.58138, 7.6335, 7.68721, 7.74258, 7.79969, 7.85863, 7.91951, 7.98242, 8.04747, 8.11479, 8.1845, 8.25676, 8.3317, 8.4095, 8.49033, 8.57441, 8.66193, 8.75314, 8.8483, 8.9477, 9.05165, 9.1605, 9.27466, 9.39454, 9.52066, 9.65354, 9.79383, 9.94222, 10.0995, 10.2666, 10.4447, 10.6348, 10.8385, 11.0575, 11.2937, 11.5496, 11.8281, 12.1327, 12.4678, 12.8389, 13.2532, 13.7198, 14.2511, 14.864, 15.5825, 16.4425, 17.5008, 18.856, 20.7077, 23.5213, 28.0286, 33.0206, 31.7834, 20.2264, 7.43024, 1.46967, 0.151169, 0.00793165, 0.000197674, 1.28899e-06
30.941
58.17
 
MEASUREMENT 29
1.4716, 4.41481, 7.36319, 10.3064, 13.2548, 16.2031, 19.1774, 22.1309, 25.0793, 28.0277, 30.9502, 33.8934
8.43145, 8.59615, 9.05174, 9.57078, 10.2499, 10.1434, 11.264, 12.5191, 13.9289, 18.135, 13.1552, 0.0530703
0.00921262, 0.0093863, 0.00996025, 0.0107521, 0.0114673, 0.011434, 0.0126361, 0.0139788, 0.0153068, 0.0199118, 0.0144948, 0.00051107
0, 0.589331, 1.17866, 1.76799, 2.35732, 2.94665, 3.53598, 4.12532, 4.71465, 5.30398, 5.89331, 6.48264, 7.07197, 7.6613, 8.25063, 8.83996, 9.42929, 10.0186, 10.608, 11.1973, 11.7866, 12.3759, 12.9653, 13.5546, 14.1439, 14.7333, 15.3226, 15.9119, 16.5013, 17.0906, 17.6799, 18.2693, 18.8586, 19.4479, 20.0372, 20.6266, 21.2159, 21.8052, 22.3946, 22.9839, 23.5732, 24.1626, 24.7519, 25.3412, 25.9306, 26.5199, 27.1092, 27.6985, 28.2879, 28.8772, 29.4665, 30.0559, 30.6452, 31.2345, 31.8239, 32.4132, 33.0025, 33.5919, 34.1812, 34.7705
8.30644, 8.35524, 8.40544, 8.45709, 8.51026, 8.56503, 8.62147, 8.67967, 8.73972, 8.80172, 8.86577, 8.93199, 9.0005, 9.07142, 9.14492, 9.22113, 9.30024, 9.38242, 9.46788, 9.55684, 9.64954, 9.74626, 9.8473, 9.95297, 10.0637, 10.1798, 10.3018, 10.4302, 10.5655, 10.7086, 10.86, 11.0208, 11.1918, 11.3743, 11.5697, 11.7796, 12.0059, 12.251, 12.5178, 12.8097, 13.1313, 13.4881, 13.8876, 14.3397, 14.858, 15.462, 16.1814, 17.0643, 18.1971, 19.7245, 21.6015, 22.3468, 18.6188, 10.4399, 3.46893, 0.634684, 0.0614498, 0.00307341, 7.04548e-05, 2.77064e-07
8.30644, 8.36355, 8.42239, 8.48306, 8.54563, 8.61021, 8.67691, 8.74584, 8.81711, 8.89087, 8.96726, 9.04642, 9.12854, 9.21378, 9.30235, 9.39447, 9.49036, 9.5903, 9.69457, 9.80347, 9.91737, 10.0366, 10.1617, 10.2931, 10.4313, 10.5769, 10.7306, 10.8932, 11.0655, 11.2486, 11.4437, 11.652, 11.8752, 12.1152, 12.374, 12.6544, 12.9595, 13.2933, 13.6605, 14.0672, 14.5212, 15.0325, 15.6147, 16.2864, 17.0738, 18.0164, 19.1764, 20.6622, 22.693, 25.7797, 30.7175, 36.1616, 34.7787, 22.1438, 8.1567, 1.62195, 0.168181, 0.00892074, 0.000226078, 1.49127e-06
30.9405
58.16
 
MEASUREMENT 30
1.4716, 4.41481, 7.36319, 10.3064, 13.2548, 16.2031, 19.1774, 22.1309, 25.0793, 28.0277, 30.9502, 33.8934
8.12725, 8.28893, 8.72646, 9.2275, 9.86155, 9.78005, 10.8587, 12.0695, 13.4292, 17.4832, 12.6811, 0.0516501
0.00921262, 0.0093863, 0.00996025, 0.0107521, 0.0114673, 0.011434, 0.0126361, 0.0139788, 0.0153068, 0.0199118, 0.0144948, 0.00051107
0, 0.589331, 1.17866, 1.76799, 2.35732, 2.94665, 3.53598, 4.12532, 4.71465, 5.30398, 5.89331, 6.48264, 7.07197, 7.6613, 8.25063, 8.83996, 9.42929, 10.0186, 10.608, 11.1973, 11.7866, 12.3759, 12.9653, 13.5546, 14.1439, 14.7333, 15.3226, 15.9119, 16.5013, 17.0906, 17.6799, 18.2693, 18.8586, 19.4479, 20.0372, 20.6266, 21.2159, 21.8052, 22.3946, 22.9839, 23.5732, 24.1626, 24.7519, 25.3412, 25.9306, 26.5199, 27.1092, 27.6985, 28.2879, 28.8772, 29.4665, 30.0559, 30.6452, 31.2345, 31.8239, 32.4132, 33.0025, 33.5919, 34.1812, 34.7705
8.006, 8.05306, 8.10145, 8.15124, 8.2025, 8.25529, 8.30971, 8.36581, 8.42371, 8.48348, 8.54523, 8.60907, 8.67511, 8.74349, 8.81434, 8.88782, 8.96408, 9.04331, 9.1257, 9.21147, 9.30085, 9.39409, 9.4915, 9.59339, 9.7001, 9.81205, 9.92966, 10.0535, 10.184, 10.3219, 10.4679, 10.6229, 10.7878, 10.9638, 11.1522, 11.3546, 11.5728, 11.8091, 12.0664, 12.3479, 12.6579, 13.002, 13.3873, 13.8233, 14.3232, 14.9057, 15.5996, 16.4513, 17.5444, 19.018, 20.8259, 21.536, 17.9388, 10.0661, 3.35272, 0.616091, 0.0600345, 0.00302865, 7.04687e-05, 2.78992e-07
8.006, 8.06105, 8.11777, 8.17624, 8.23655, 8.2988, 8.36308, 8.42952, 8.49822, 8.56931, 8.64294, 8.71924, 8.79838, 8.88055, 8.96592, 9.0547, 9.14713, 9.24346, 9.34396, 9.44893, 9.55871, 9.67367, 9.79422, 9.92084, 10.054, 10.1944, 10.3425, 10.4992, 10.6654, 10.8419, 11.0299, 11.2307, 11.4458, 11.6771, 11.9266, 12.1969, 12.491, 12.8127, 13.1667, 13.5587, 13.9963, 14.4892, 15.0505, 15.6979, 16.457, 17.3657, 18.4841, 19.9169, 21.8757, 24.8536, 29.6122, 34.8406, 33.4882, 21.3315, 7.87457, 1.57244, 0.164082, 0.00877788, 0.000225373, 1.5002e-06
30.9402
58.16
 
MEASUREMENT 31
1.4716, 4.41481, 7.36319, 10.3064, 13.2548, 16.2031, 19.1774, 22.1309, 25.0793, 28.0277, 30.9502, 33.8934
7.84292, 7.99699, 8.4218, 8.90396, 9.52478, 9.43549, 10.4771, 11.6451, 12.9586, 16.868, 12.2343, 0.0487057
0.00921262, 0.0093863, 0.00996025, 0.0107521, 0.0114673, 0.011434, 0.0126361, 0.0139788, 0.0153068, 0.0199118, 0.0144948, 0.00051107
0, 0.589331, 1.17866, 1.76799, 2.35732, 2.94665, 3.53598, 4.12532, 4.71465, 5.30398, 5.89331, 6.48264, 7.07197, 7.6613, 8.25063, 8.83996, 9.42929, 10.0186, 10.608, 11.1973, 11.7866, 12.3759, 12.9653, 13.5546, 14.1439, 14.7333, 15.3226, 15.9119, 16.5013, 17.0906, 17.6799, 18.2693, 18.8586, 19.4479, 20.0372, 20.6266, 21.2159, 21.8052, 22.3946, 22.9839, 23.5732, 24.1626, 24.7519, 25.3412, 25.9306, 26.5199, 27.1092, 27.6985, 28.2879, 28.8772, 29.4665, 30.0559, 30.6452, 31.2345, 31.8239, 32.4132, 33.0025, 33.5919, 34.1812, 34.7705
7.72622, 7.77162, 7.81831, 7.86635, 7.91581, 7.96675, 8.01925, 8.07339, 8.12925, 8.18692, 8.2465, 8.30809, 8.37182, 8.43779, 8.50615, 8.57705, 8.65063, 8.72707, 8.80656, 8.88931, 8.97554, 9.06551, 9.15949, 9.25779, 9.36075, 9.46875, 9.58222, 9.70165, 9.82759, 9.96064, 10.1015, 10.251, 10.4101, 10.5799, 10.7617, 10.9569, 11.1674, 11.3954, 11.6435, 11.9151, 12.2142, 12.5461, 12.9178, 13.3383, 13.8204, 14.3822, 15.0514, 15.8726, 16.9262, 18.3472, 20.0962, 20.796, 17.3246, 9.69998, 3.21207, 0.584382, 0.05613, 0.00277824, 6.25389e-05, 2.4421e-07
7.72622, 7.77935, 7.83408, 7.89051, 7.94871, 8.00878, 8.07082, 8.13494, 8.20124, 8.26985, 8.3409, 8.41453, 8.49091, 8.5702, 8.65259, 8.73827, 8.82747, 8.92043, 9.01742, 9.11872, 9.22466, 9.33561, 9.45195, 9.57414, 9.70267, 9.83811, 9.98108, 10.1323, 10.2926, 10.463, 10.6444, 10.8382, 11.0458, 11.269, 11.5098, 11.7706, 12.0544, 12.3649, 12.7065, 13.0848, 13.5071, 13.9827, 14.5243, 15.149, 15.8814, 16.7582, 17.8372, 19.219, 21.1075, 23.9776, 28.5738, 33.6543, 32.3726, 20.5863, 7.55821, 1.49462, 0.153756, 0.00807165, 0.000201348, 1.31454e-06
30.94
58.16
 
MEASUREMENT 32
1.4716, 4.41481, 7.36319, 10.3064, 13.2548, 16.2031, 19.1774, 22.1309, 25.0793, 28.0277, 30.9502, 33.8934
8.44941, 8.61556, 9.06968, 9.60248, 10.2725, 10.1769, 11.2891, 12.5463, 13.958, 18.1722, 13.1816, 0.052343
0.00921262, 0.0093863, 0.00996025, 0.0107521, 0.0114673, 0.011434, 0.0126361, 0.0139788, 0.0153068, 0.0199118, 0.0144948, 0.00051107
0, 0.589331, 1.17866, 1.76799, 2.35732, 2.94665, 3.53598, 4.12532, 4.71465, 5.30398, 5.89331, 6.48264, 7.07197, 7.6613, 8.25063, 8.83996, 9.42929, 10.0186, 10.608, 11.1973, 11.7866, 12.3759, 12.9653, 13.5546, 14.1439, 14.7333, 15.3226, 15.9119, 16.5013, 17.0906, 17.6799, 18.2693, 18.8586, 19.4479, 20.0372, 20.6266, 21.2159, 21.8052, 22.3946, 22.9839, 23.5732, 24.1626, 24.7519, 25.3412, 25.9306, 26.5199, 27.1092, 27.6985, 28.2879, 28.8772, 29.4665, 30.0559, 30.6452, 31.2345, 31.8239, 32.4132, 33.0025, 33.5919, 34.1812, 34.7705
8.32712, 8.37603, 8.42634, 8.4781, 8.53138, 8.58626, 8.64283, 8.70115, 8.76133, 8.82346, 8.88765, 8.95401, 9.02266, 9.09373, 9.16738, 9.24375, 9.32302, 9.40537, 9.49101, 9.58015, 9.67305, 9.76997, 9.87121, 9.9771, 10.088, 10.2044, 10.3266, 10.4552, 10.5909, 10.7342, 10.886, 11.047, 11.2184, 11.4013, 11.597, 11.8073, 12.034, 12.2796, 12.5468, 12.8393, 13.1614, 13.5188, 13.919, 14.3718, 14.8909, 15.4958, 16.2161, 17.1001, 18.234, 19.763, 21.6464, 22.4043, 18.67, 10.4535, 3.45963, 0.628571, 0.0602408, 0.00297239, 6.65427e-05, 2.59083e-07
8.32712, 8.38437, 8.44336, 8.50418, 8.56691, 8.63165, 8.69851, 8.76761, 8.83906, 8.91301, 8.98958, 9.06894, 9.15126, 9.23671, 9.3255, 9.41784, 9.51398, 9.61416, 9.71869, 9.82786, 9.94204, 10.0616, 10.187, 10.3187, 10.4572, 10.6032, 10.7572, 10.9202, 11.093, 11.2766, 11.4721, 11.681, 11.9047, 12.1452, 12.4047, 12.6858, 12.9917, 13.3262, 13.6943, 14.102, 14.5571, 15.0696, 15.6532, 16.3264, 17.1156, 18.0603, 19.2228, 20.7115, 22.7455, 25.8362, 30.7884, 36.2744, 34.9118, 22.2067, 8.14992, 1.60966, 0.165239, 0.00864801, 0.000214696, 1.39673e-06
30.9407
58.16
 
MEASUREMENT 33
1.4716, 4.41481, 7.36319, 10.3064, 13.2548, 16.2031, 19.1774, 22.1309, 25.0793, 28.0277, 30.9502, 33.8934
8.32411, 8.48596, 8.93501, 9.43763, 10.1091, 10.0028, 11.1183, 12.3585, 13.7508, 17.9017, 12.9847, 0.0528789
0.00921262, 0.0093863, 0.00996025, 0.0107521, 0.0114673, 0.011434, 0.0126361, 0.0139788, 0.0153068, 0.0199118, 0.0144948, 0.00051107
0, 0.589331, 1.17866, 1.76799, 2.35732, 2.94665, 3.53598, 4.12532, 4.71465, 5.30398, 5.89331, 6.48264, 7.07197, 7.6613, 8.25063, 8.83996, 9.42929, 10.0186, 10.608, 11.1973, 11.7866, 12.3759, 12.9653, 13.5546, 14.1439, 14.7333, 15.3226, 15.9119, 16.5013, 17.0906, 17.6799, 18.2693, 18.8586, 19.4479, 20.0372, 20.6266, 21.2159, 21.8052, 22.3946, 22.9839, 23.5732, 24.1626, 24.7519, 25.3412, 25.9306, 26.5199, 27.1092, 27.6985, 28.2879, 28.8772, 29.4665, 30.0559, 30.6452, 31.2345, 31.8239, 32.4132, 33.0025, 33.5919, 34.1812, 34.7705
8.19643, 8.24461, 8.29416, 8.34514, 8.39762, 8.45168, 8.50739, 8.56484, 8.62412, 8.68532, 8.74855, 8.81391, 8.88154, 8.95155, 9.0241, 9.09933, 9.17742, 9.25854, 9.34291, 9.43072, 9.52224, 9.61772, 9.71746, 9.82178, 9.93105, 10.0457, 10.1661, 10.2929, 10.4265, 10.5677, 10.7173, 10.876, 11.0448, 11.225, 11.418, 11.6252, 11.8486, 12.0906, 12.354, 12.6423, 12.9598, 13.3122, 13.7067, 14.1532, 14.6651, 15.2617, 15.9723, 16.8446, 17.9641, 19.4734, 21.3251, 22.0523, 18.3682, 10.3065, 3.43262, 0.630753, 0.0614632, 0.00310084, 7.21528e-05, 2.85718e-07
8.19643, 8.25279, 8.31086, 8.37072, 8.43247, 8.49619, 8.56201, 8.63003, 8.70036, 8.77314, 8.84852, 8.92664, 9.00767, 9.09178, 9.17918, 9.27008, 9.36471, 9.46333, 9.56622, 9.67369, 9.78608, 9.90378, 10.0272, 10.1568, 10.2932, 10.4369, 10.5886, 10.749, 10.9191, 11.0998, 11.2923, 11.4979, 11.7181, 11.9549, 12.2103, 12.487, 12.7882, 13.1175, 13.4799, 13.8813, 14.3293, 14.834, 15.4086, 16.0714, 16.8486, 17.779, 18.9241, 20.391, 22.3966, 25.4457, 30.3179, 35.6697, 34.2824, 21.8352, 8.05984, 1.60934, 0.16793, 0.00898392, 0.000230674, 1.53564e-06
30.94
58.16
 
MEASUREMENT 34
1.4716, 4.41481, 7.36319, 10.3064, 13.2548, 16.2031, 19.1774, 22.1309, 25.0793, 28.0277, 30.9502, 33.8934
7.95476, 8.11083, 8.53913, 9.02932, 9.65986, 9.56986, 10.6261, 11.8094, 13.1393, 17.1071, 12.4083, 0.0495833
0.00921262, 0.0093863, 0.00996025, 0.0107521, 0.0114673, 0.011434, 0.0126361, 0.0139788, 0.0153068, 0.0199118, 0.0144948, 0.00051107
0, 0.589331, 1.17866, 1.76799, 2.35732, 2.94665, 3.53598, 4.12532, 4.71465, 5.30398, 5.89331, 6.48264, 7.07197, 7.6613, 8.25063, 8.83996, 9.42929, 10.0186, 10.608, 11.1973, 11.7866, 12.3759, 12.9653, 13.5546, 14.1439, 14.7333, 15.3226, 15.9119, 16.5013, 17.0906, 17.6799, 18.2693, 18.8586, 19.4479, 20.0372, 20.6266, 21.2159, 21.8052, 22.3946, 22.9839, 23.5732, 24.1626, 24.7519, 25.3412, 25.9306, 26.5199, 27.1092, 27.6985, 28.2879, 28.8772, 29.4665, 30.0559, 30.6452, 31.2345, 31.8239, 32.4132, 33.0025, 33.5919, 34.1812, 34.7705
7.83558, 7.88162, 7.92897, 7.97769, 8.02784, 8.07951, 8.13275, 8.18765, 8.24429, 8.30278, 8.3632, 8.42566, 8.49028, 8.55719, 8.62651, 8.69841, 8.77303, 8.85055, 8.93116, 9.01507, 9.10252, 9.19376, 9.28906, 9.38874, 9.49315, 9.60268, 9.71775, 9.83887, 9.96657, 10.1015, 10.2444, 10.396, 10.5573, 10.7295, 10.9138, 11.1118, 11.3253, 11.5565, 11.8081, 12.0835, 12.3868, 12.7234, 13.1002, 13.5266, 14.0155, 14.5852, 15.2637, 16.0964, 17.1648, 18.6056, 20.3783, 21.0868, 17.5688, 9.84145, 3.26212, 0.594401, 0.0572129, 0.00283952, 6.42238e-05, 2.51206e-07
7.83558, 7.88946, 7.94497, 8.00219, 8.06122, 8.12214, 8.18506, 8.25008, 8.31731, 8.38689, 8.45895, 8.53363, 8.61109, 8.6915, 8.77505, 8.86194, 8.9524, 9.04668, 9.14503, 9.24777, 9.35521, 9.46772, 9.58571, 9.70962, 9.83997, 9.97732, 10.1223, 10.2757, 10.4383, 10.611, 10.795, 10.9916, 11.2021, 11.4284, 11.6726, 11.9371, 12.225, 12.5398, 12.8862, 13.2699, 13.6981, 14.1805, 14.7297, 15.3632, 16.106, 16.9951, 18.0892, 19.4906, 21.4057, 24.3163, 28.9762, 34.1252, 32.8272, 20.8846, 7.67513, 1.52006, 0.156702, 0.00824852, 0.00020661, 1.35236e-06
30.9403
58.16
 
MEASUREMENT 35
1.4716, 4.41481, 7.36319, 10.3064, 13.2548, 16.2031, 19.1774, 22.1309, 25.0793, 28.0277, 30.9502, 33.8934
8.56971, 8.73877, 9.2015, 9.74332, 10.4099, 10.324, 11.4511, 12.7276, 14.1615, 18.4348, 13.3725, 0.053677
0.00921262, 0.0093863, 0.00996025, 0.0107521, 0.0114673, 0.011434, 0.0126361, 0.0139788, 0.0153068, 0.0199118, 0.0144948, 0.00051107
0, 0.589331, 1.17866, 1.76799, 2.35732, 2.94665, 3.53598, 4.12532, 4.71465, 5.30398, 5.89331, 6.48264, 7.07197, 7.6613, 8.25063, 8.83996, 9.42929, 10.0186, 10.608, 11.1973, 11.7866, 12.3759, 12.9653, 13.5546, 14.1439, 14.7333, 15.3226, 15.9119, 16.5013, 17.0906, 17.6799, 18.2693, 18.8586, 19.4479, 20.0372, 20.6266, 21.2159, 21.8052, 22.3946, 22.9839, 23.5732, 24.1626, 24.7519, 25.3412, 25.9306, 26.5199, 27.1092, 27.6985, 28.2879, 28.8772, 29.4665, 30.0559, 30.6452, 31.2345, 31.8239, 32.4132, 33.0025, 33.5919, 34.1812, 34.7705
8.44598, 8.4956, 8.54663, 8.59914, 8.65319, 8.70887, 8.76625, 8.82542, 8.88647, 8.9495, 9.01462, 9.08194, 9.15158, 9.22369, 9.29841, 9.37589, 9.45631, 9.53985, 9.62673, 9.71717, 9.81141, 9.90974, 10.0124, 10.1199, 10.2324, 10.3504, 10.4745, 10.605, 10.7426, 10.888, 11.042, 11.2054, 11.3793, 11.5648, 11.7634, 11.9768, 12.2068, 12.456, 12.7271, 13.0239, 13.3507, 13.7134, 14.1195, 14.579, 15.1058, 15.7197, 16.4508, 17.348, 18.4992, 20.0514, 21.9601, 22.7206, 18.9307, 10.6097, 3.52085, 0.642766, 0.062034, 0.00308954, 7.03057e-05, 2.75602e-07
8.44598, 8.50405, 8.56388, 8.62556, 8.68919, 8.75486, 8.82268, 8.89276, 8.96523, 9.04023, 9.1179, 9.1984, 9.28189, 9.36856, 9.45862, 9.55228, 9.64979, 9.75141, 9.85742, 9.96816, 10.084, 10.2052, 10.3324, 10.466, 10.6065, 10.7545, 10.9108, 11.0761, 11.2514, 11.4376, 11.6359, 11.8478, 12.0747, 12.3187, 12.5819, 12.867, 13.1772, 13.5166, 13.8899, 14.3035, 14.7651, 15.285, 15.877, 16.5598, 17.3604, 18.3188, 19.4982, 21.0087, 23.0731, 26.2105, 31.2321, 36.7764, 35.3772, 22.5174, 8.2847, 1.6439, 0.169923, 0.00897559, 0.000226019, 1.48445e-06
30.9405
58.16
 
MEASUREMENT 36
1.4716, 4.41481, 7.36319, 10.3064, 13.2548, 16.2031, 19.1774, 22.1309, 25.0793, 28.0277, 30.9502, 33.8934
8.14661, 8.30636, 8.74561, 9.23811, 9.8949, 9.78933, 10.882, 12.0957, 13.4576, 17.5197, 12.7095, 0.0515818
0.00921262, 0.0093863, 0.00996025, 0.0107521, 0.0114673, 0.011434, 0.0126361, 0.0139788, 0.0153068, 0.0199118, 0.0144948, 0.00051107
0, 0.589331, 1.17866, 1.76799, 2.35732, 2.94665, 3.53598, 4.12532, 4.71465, 5.30398, 5.89331, 6.48264, 7.07197, 7.6613, 8.25063, 8.83996, 9.42929, 10.0186, 10.608, 11.1973, 11.7866, 12.3759, 12.9653, 13.5546, 14.1439, 14.7333, 15.3226, 15.9119, 16.5013, 17.0906, 17.6799, 18.2693, 18.8586, 19.4479, 20.0372, 20.6266, 21.2159, 21.8052, 22.3946, 22.9839, 23.5732, 24.1626, 24.7519, 25.3412, 25.9306, 26.5199, 27.1092, 27.6985, 28.2879, 28.8772, 29.4665, 30.0559, 30.6452, 31.2345, 31.8239, 32.4132, 33.0025, 33.5919, 34.1812, 34.7705
8.02254, 8.06969, 8.11818, 8.16807, 8.21944, 8.27234, 8.32687, 8.38309, 8.44111, 8.501, 8.56288, 8.62685, 8.69303, 8.76156, 8.83255, 8.90618, 8.9826, 9.062, 9.14456, 9.2305, 9.32007, 9.41351, 9.51112, 9.61321, 9.72015, 9.83233, 9.95019, 10.0742, 10.205, 10.3432, 10.4896, 10.6449, 10.8101, 10.9865, 11.1753, 11.3781, 11.5967, 11.8335, 12.0913, 12.3734, 12.6841, 13.0289, 13.415, 13.8519, 14.3527, 14.9365, 15.6318, 16.4852, 17.5803, 19.0569, 20.8698, 21.5855, 17.9827, 10.0883, 3.35717, 0.615894, 0.059868, 0.00301026, 6.96436e-05, 2.75023e-07
8.02254, 8.0777, 8.13453, 8.19312, 8.25356, 8.31593, 8.38035, 8.44692, 8.51576, 8.587, 8.66078, 8.73724, 8.81655, 8.89888, 8.98442, 9.07339, 9.16601, 9.26253, 9.36324, 9.46842, 9.57843, 9.69363, 9.81443, 9.9413, 10.0748, 10.2154, 10.3639, 10.5209, 10.6874, 10.8642, 11.0526, 11.2538, 11.4694, 11.7012, 11.9512, 12.222, 12.5167, 12.8391, 13.1937, 13.5866, 14.0251, 14.519, 15.0813, 15.7301, 16.4907, 17.4012, 18.5217, 19.9571, 21.9194, 24.9023, 29.6709, 34.9175, 33.5704, 21.3806, 7.88626, 1.57225, 0.163664, 0.00872678, 0.000222942, 1.47878e-06
30.9403
58.16
 
MEASUREMENT 37
1.4716, 4.41481, 7.36319, 10.3064, 13.2548, 16.2031, 19.1774, 22.1309, 25.0793, 28.0277, 30.9502, 33.8934
8.28917, 8.45284, 8.89969, 9.42039, 10.0664, 9.98398, 11.0726, 12.3075, 13.6936, 17.8285, 12.9315, 0.0525486
0.00921262, 0.0093863, 0.00996025, 0.0107521, 0.0114673, 0.011434, 0.0126361, 0.0139788, 0.0153068, 0.0199118, 0.0144948, 0.00051107
0, 0.589331, 1.17866, 1.76799, 2.35732, 2.94665, 3.53598, 4.12532, 4.71465, 5.30398, 5.89331, 6.48264, 7.07197, 7.6613, 8.25063, 8.83996, 9.42929, 10.0186, 10.608, 11.1973, 11.7866, 12.3759, 12.9653, 13.5546, 14.1439, 14.7333, 15.3226, 15.9119, 16.5013, 17.0906, 17.6799, 18.2693, 18.8586, 19.4479, 20.0372, 20.6266, 21.2159, 21.8052, 22.3946, 22.9839, 23.5732, 24.1626, 24.7519, 25.3412, 25.9306, 26.5199, 27.1092, 27.6985, 28.2879, 28.8772, 29.4665, 30.0559, 30.6452, 31.2345, 31.8239, 32.4132, 33.0025, 33.5919, 34.1812, 34.7705
8.16816, 8.21614, 8.26549, 8.31627, 8.36854, 8.42238, 8.47787, 8.53508, 8.59412, 8.65507, 8.71804, 8.78313, 8.85048, 8.92021, 8.99246, 9.06738, 9.14514, 9.22593, 9.30994, 9.39739, 9.48852, 9.5836, 9.68292, 9.7868, 9.89561, 10.0097, 10.1297, 10.2559, 10.389, 10.5296, 10.6784, 10.8364, 11.0046, 11.184, 11.376, 11.5823, 11.8048, 12.0457, 12.3078, 12.5948, 12.9108, 13.2615, 13.6542, 14.0984, 14.6078, 15.2014, 15.9083, 16.7758, 17.889, 19.3894, 21.2314, 21.9589, 18.2965, 10.2676, 3.41812, 0.627326, 0.0610022, 0.00306834, 7.10295e-05, 2.80348e-07
8.16816, 8.22432, 8.28219, 8.34184, 8.40337, 8.46688, 8.53246, 8.60024, 8.67033, 8.74286, 8.81797, 8.89582, 8.97656, 9.06039, 9.14748, 9.23806, 9.33236, 9.43063, 9.53316, 9.64025, 9.75225, 9.86953, 9.99252, 10.1217, 10.2576, 10.4007, 10.5519, 10.7118, 10.8812, 11.0613, 11.2531, 11.458, 11.6775, 11.9134, 12.1679, 12.4436, 12.7437, 13.0719, 13.4329, 13.8329, 14.2793, 14.7821, 15.3546, 16.015, 16.7893, 17.7161, 18.8567, 20.3178, 22.3149, 25.3504, 30.2037, 35.5484, 34.1885, 21.7848, 8.03955, 1.60362, 0.167006, 0.00890862, 0.000227712, 1.51049e-06
30.9409
58.16
 
MEASUREMENT 38
1.4716, 4.41481, 7.36319, 10.3064, 13.2548, 16.2031, 19.1774, 22.1309, 25.0793, 28.0277, 30.9502, 33.8934
8.50084, 8.66902, 9.12622, 9.64141, 10.3252, 10.2165, 11.3555, 12.6218, 14.0457, 18.283, 13.261, 0.0556982
0.00921262, 0.0093863, 0.00996025, 0.0107521, 0.0114673, 0.011434, 0.0126361, 0.0139788, 0.0153068, 0.0199118, 0.0144948, 0.00051107
0, 0.589331, 1.17866, 1.76799, 2.35732, 2.94665, 3.53598, 4.12532, 4.71465, 5.30398, 5.89331, 6.48264, 7.07197, 7.6613, 8.25063, 8.83996, 9.42929, 10.0186, 10.608, 11.1973, 11.7866, 12.3759, 12.9653, 13.5546, 14.1439, 14.7333, 15.3226, 15.9119, 16.5013, 17.0906, 17.6799, 18.2693, 18.8586, 19.4479, 20.0372, 20.6266, 21.2159, 21.8052, 22.3946, 22.9839, 23.5732, 24.1626, 24.7519, 25.3412, 25.9306, 26.5199, 27.1092, 27.6985, 28.2879, 28.8772, 29.4665, 30.0559, 30.6452, 31.2345, 31.8239, 32.4132, 33.0025, 33.5919, 34.1812, 34.7705
8.37208, 8.42128, 8.47189, 8.52395, 8.57756, 8.63277, 8.68967, 8.74834, 8.80888, 8.87138, 8.93596, 9.00271, 9.07178, 9.14328, 9.21737, 9.29421, 9.37396, 9.45681, 9.54297, 9.63265, 9.72611, 9.82363, 9.92549, 10.032, 10.1436, 10.2607, 10.3837, 10.5131, 10.6496, 10.7938, 10.9465, 11.1086, 11.2811, 11.4651, 11.6621, 11.8737, 12.1019, 12.3491, 12.6181, 12.9124, 13.2367, 13.5966, 13.9995, 14.4554, 14.9782, 15.5875, 16.3133, 17.2043, 18.3481, 19.889, 21.771, 22.4918, 18.7331, 10.5442, 3.5396, 0.659179, 0.0654779, 0.00338787, 8.22609e-05, 3.31973e-07
8.37208, 8.42965, 8.48895, 8.5501, 8.61317, 8.67826, 8.74549, 8.81496, 8.8868, 8.96114, 9.03813, 9.11792, 9.20068, 9.2866, 9.37587, 9.46872, 9.56537, 9.6661, 9.77119, 9.88096, 9.99576, 10.116, 10.242, 10.3744, 10.5137, 10.6605, 10.8154, 10.9793, 11.153, 11.3376, 11.5342, 11.7442, 11.9692, 12.211, 12.4719, 12.7545, 13.0621, 13.3985, 13.7687, 14.1787, 14.6363, 15.1518, 15.7387, 16.4158, 17.2098, 18.1603, 19.3302, 20.8294, 22.8802, 25.999, 30.9682, 36.3869, 34.9453, 22.3143, 8.29892, 1.67904, 0.178571, 0.00979581, 0.000261136, 1.78462e-06
30.9407
58.16
 
MEASUREMENT 39
1.4716, 4.41481, 7.36319, 10.3064, 13.2548, 16.2031, 19.1774, 22.1309, 25.0793, 28.0277, 30.9502, 33.8934
8.02753, 8.18342, 8.6164, 9.11107, 9.73627, 9.65481, 10.7212, 11.9171, 13.2598, 17.2615, 12.5211, 0.0490781
0.00921262, 0.0093863, 0.00996025, 0.0107521, 0.0114673, 0.011434, 0.0126361, 0.0139788, 0.0153068, 0.0199118, 0.0144948, 0.00051107
0, 0.589331, 1.17866, 1.76799, 2.35732, 2.94665, 3.53598, 4.12532, 4.71465, 5.30398, 5.89331, 6.48264, 7.07197, 7.6613, 8.25063, 8.83996, 9.42929, 10.0186, 10.608, 11.1973, 11.7866, 12.3759, 12.9653, 13.5546, 14.1439, 14.7333, 15.3226, 15.9119, 16.5013, 17.0906, 17.6799, 18.2693, 18.8586, 19.4479, 20.0372, 20.6266, 21.2159, 21.8052, 22.3946, 22.9839, 23.5732, 24.1626, 24.7519, 25.3412, 25.9306, 26.5199, 27.1092, 27.6985, 28.2879, 28.8772, 29.4665, 30.0559, 30.6452, 31.2345, 31.8239, 32.4132, 33.0025, 33.5919, 34.1812, 34.7705
7.90506, 7.95152, 7.99929, 8.04846, 8.09907, 8.1512, 8.20492, 8.26032, 8.31748, 8.37649, 8.43746, 8.50049, 8.5657, 8.63322, 8.70317, 8.77572, 8.85101, 8.92924, 9.01059, 9.09527, 9.18351, 9.27558, 9.37175, 9.47235, 9.57771, 9.68823, 9.80436, 9.92658, 10.0555, 10.1916, 10.3358, 10.4888, 10.6516, 10.8254, 11.0114, 11.2112, 11.4266, 11.66, 11.9139, 12.1918, 12.4979, 12.8376, 13.218, 13.6484, 14.1417, 14.7168, 15.4016, 16.242, 17.3202, 18.7748, 20.5693, 21.2968, 17.7435, 9.91932, 3.27166, 0.591191, 0.0562317, 0.00274764, 6.04495e-05, 2.34059e-07
7.90506, 7.95941, 8.01542, 8.07315, 8.1327, 8.19417, 8.25764, 8.32324, 8.39107, 8.46127, 8.53397, 8.60931, 8.68746, 8.76858, 8.85288, 8.94054, 9.03181, 9.12692, 9.22615, 9.3298, 9.4382, 9.55171, 9.67075, 9.79577, 9.92727, 10.0658, 10.2121, 10.3669, 10.5309, 10.7052, 10.8908, 11.0891, 11.3015, 11.5299, 11.7762, 12.0431, 12.3335, 12.6511, 13.0006, 13.3877, 13.8197, 14.3064, 14.8605, 15.4996, 16.249, 17.1459, 18.2497, 19.6631, 21.5942, 24.5286, 29.2344, 34.4554, 33.1568, 21.0583, 7.7021, 1.51291, 0.154133, 0.00798847, 0.000195355, 1.25927e-06
30.9397
58.16
 
MEASUREMENT 40
1.4716, 4.41481, 7.36319, 10.3064, 13.2548, 16.2031, 19.1774, 22.1309, 25.0793, 28.0277, 30.9502, 33.8934
8.48104, 8.64494, 9.10334, 9.6275, 10.3097, 10.2032, 11.3283, 12.59, 14.0099, 18.2376, 13.229, 0.0530658
0.00921262, 0.0093863, 0.00996025, 0.0107521, 0.0114673, 0.011434, 0.0126361, 0.0139788, 0.0153068, 0.0199118, 0.0144948, 0.00051107
0, 0.589331, 1.17866, 1.76799, 2.35732, 2.94665, 3.53598, 4.12532, 4.71465, 5.30398, 5.89331, 6.48264, 7.07197, 7.6613, 8.25063, 8.83996, 9.42929, 10.0186, 10.608, 11.1973, 11.7866, 12.3759, 12.9653, 13.5546, 14.1439, 14.7333, 15.3226, 15.9119, 16.5013, 17.0906, 17.6799, 18.2693, 18.8586, 19.4479, 20.0372, 20.6266, 21.2159, 21.8052, 22.3946, 22.9839, 23.5732, 24.1626, 24.7519, 25.3412, 25.9306, 26.5199, 27.1092, 27.6985, 28.2879, 28.8772, 29.4665, 30.0559, 30.6452, 31.2345, 31.8239, 32.4132, 33.0025, 33.5919, 34.1812, 34.7705
8.35473, 8.40382, 8.4543, 8.50624, 8.55972, 8.61479, 8.67156, 8.73009, 8.79048, 8.85284, 8.91725, 8.98385, 9.05275, 9.12408, 9.19799, 9.27464, 9.35419, 9.43684, 9.52278, 9.61225, 9.70548, 9.80275, 9.90435, 10.0106, 10.1219, 10.2387, 10.3614, 10.4905, 10.6267, 10.7705, 10.9228, 11.0845, 11.2565, 11.44, 11.6365, 11.8476, 12.0752, 12.3216, 12.5899, 12.8834, 13.2068, 13.5656, 13.9673, 14.4219, 14.9431, 15.5504, 16.2737, 17.1613, 18.3002, 19.8359, 21.7244, 22.4774, 18.728, 10.4953, 3.48231, 0.635554, 0.0613139, 0.00305211, 6.93921e-05, 2.71938e-07
8.35473, 8.41218, 8.47136, 8.53238, 8.59532, 8.66027, 8.72736, 8.79669, 8.86838, 8.94257, 9.0194, 9.09902, 9.18161, 9.26735, 9.35644, 9.44909, 9.54554, 9.64606, 9.75093, 9.86047, 9.97503, 10.095, 10.2208, 10.3529, 10.4919, 10.6384, 10.793, 10.9565, 11.1298, 11.314, 11.5102, 11.7198, 11.9443, 12.1856, 12.4459, 12.728, 13.0349, 13.3706, 13.7399, 14.149, 14.6056, 15.1199, 15.7055, 16.381, 17.1729, 18.1209, 19.2876, 20.7818, 22.8239, 25.9274, 30.8949, 36.3802, 34.996, 22.2731, 8.19339, 1.62533, 0.167936, 0.00886609, 0.000223087, 1.46446e-06
30.9405
58.16
 
MEASUREMENT 41
1.4716, 4.41481, 7.36319, 10.3064, 13.2548, 16.2031, 19.1774, 22.1309, 25.0793, 28.0277, 30.9502, 33.8934
8.2594, 8.42184, 8.86701, 9.37604, 10.0197, 9.93702, 11.0229, 12.2631, 13.6455, 17.7762, 12.8861, 0.0518007
0.00921262, 0.0093863, 0.00996025, 0.0107521, 0.0114673, 0.011434, 0.0126361, 0.0139788, 0.0153068, 0.0199118, 0.0144948, 0.00051107
0, 0.589331, 1.17866, 1.76799, 2.35732, 2.94665, 3.53598, 4.12532, 4.71465, 5.30398, 5.89331, 6.48264, 7.07197, 7.6613, 8.25063, 8.83996, 9.42929, 10.0186, 10.608, 11.1973, 11.7866, 12.3759, 12.9653, 13.5546, 14.1439, 14.7333, 15.3226, 15.9119, 16.5013, 17.0906, 17.6799, 18.2693, 18.8586, 19.4479, 20.0372, 20.6266, 21.2159, 21.8052, 22.3946, 22.9839, 23.5732, 24.1626, 24.7519, 25.3412, 25.9306, 26.5199, 27.1092, 27.6985, 28.2879, 28.8772, 29.4665, 30.0559, 30.6452, 31.2345, 31.8239, 32.4132, 33.0025, 33.5919, 34.1812, 34.7705
8.13338, 8.1812, 8.23038, 8.28099, 8.33308, 8.38675, 8.44205, 8.49908, 8.55792, 8.61867, 8.68143, 8.74632, 8.81344, 8.88295, 8.95496, 9.02965, 9.10716, 9.18769, 9.27144, 9.35862, 9.44947, 9.54425, 9.64327, 9.74683, 9.85531, 9.96911, 10.0887, 10.2145, 10.3472, 10.4874, 10.6358, 10.7934, 10.9611, 11.14, 11.3315, 11.5373, 11.7592, 11.9995, 12.261, 12.5472, 12.8625, 13.2125, 13.6043, 14.0477, 14.556, 15.1486, 15.8544, 16.7209, 17.833, 19.333, 21.1754, 21.9022, 18.2365, 10.2155, 3.39071, 0.619749, 0.0599532, 0.00299663, 6.86145e-05, 2.70133e-07
8.13338, 8.18931, 8.24693, 8.30633, 8.36761, 8.43085, 8.49616, 8.56365, 8.63345, 8.70568, 8.78048, 8.858, 8.93841, 9.02188, 9.10862, 9.19882, 9.29273, 9.3906, 9.4927, 9.59935, 9.71088, 9.82768, 9.95017, 10.0788, 10.2141, 10.3567, 10.5072, 10.6665, 10.8352, 11.0146, 11.2056, 11.4096, 11.6282, 11.8632, 12.1167, 12.3913, 12.6902, 13.017, 13.3767, 13.775, 14.2197, 14.7206, 15.2908, 15.9487, 16.7201, 17.6435, 18.7801, 20.236, 22.2266, 25.2531, 30.093, 35.4154, 34.0298, 21.6396, 7.96063, 1.58111, 0.163787, 0.00868122, 0.000219797, 1.4502e-06
30.9389
58.16
 
MEASUREMENT 42
1.4716, 4.41481, 7.36319, 10.3064, 13.2548, 16.2031, 19.1774, 22.1309, 25.0793, 28.0277, 30.9502, 33.8934
7.91543, 8.07201, 8.49765, 8.98621, 9.61329, 9.52218, 10.5846, 11.753, 13.0758, 17.0113, 12.3471, 0.0498766
0.00921262, 0.0093863, 0.00996025, 0.0107521, 0.0114673, 0.011434, 0.0126361, 0.0139788, 0.0153068, 0.0199118, 0.0144948, 0.00051107
0, 0.589331, 1.17866, 1.76799, 2.35732, 2.94665, 3.53598, 4.12532, 4.71465, 5.30398, 5.89331, 6.48264, 7.07197, 7.6613, 8.25063, 8.83996, 9.42929, 10.0186, 10.608, 11.1973, 11.7866, 12.3759, 12.9653, 13.5546, 14.1439, 14.7333, 15.3226, 15.9119, 16.5013, 17.0906, 17.6799, 18.2693, 18.8586, 19.4479, 20.0372, 20.6266, 21.2159, 21.8052, 22.3946, 22.9839, 23.5732, 24.1626, 24.7519, 25.3412, 25.9306, 26.5199, 27.1092, 27.6985, 28.2879, 28.8772, 29.4665, 30.0559, 30.6452, 31.2345, 31.8239, 32.4132, 33.0025, 33.5919, 34.1812, 34.7705
7.79911, 7.84491, 7.89202, 7.94049, 7.99038, 8.04178, 8.09474, 8.14936, 8.20571, 8.26389, 8.32399, 8.38613, 8.45042, 8.51697, 8.58593, 8.65745, 8.73168, 8.80879, 8.88897, 8.97245, 9.05943, 9.15018, 9.24498, 9.34413, 9.44798, 9.55692, 9.67137, 9.79183, 9.91885, 10.053, 10.1951, 10.3459, 10.5064, 10.6776, 10.8609, 11.0578, 11.27, 11.4999, 11.7501, 12.0239, 12.3255, 12.6601, 13.0348, 13.4587, 13.9446, 14.5109, 15.1852, 16.0126, 17.0741, 18.5049, 20.264, 20.9663, 17.477, 9.80556, 3.25968, 0.596509, 0.0577431, 0.00288631, 6.61003e-05, 2.59514e-07
7.79911, 7.85273, 7.90798, 7.96493, 8.02368, 8.08432, 8.14694, 8.21165, 8.27857, 8.34782, 8.41954, 8.49386, 8.57096, 8.65099, 8.73414, 8.82063, 8.91066, 9.00449, 9.10238, 9.20463, 9.31156, 9.42353, 9.54096, 9.66429, 9.79402, 9.93071, 10.075, 10.2277, 10.3895, 10.5614, 10.7445, 10.9401, 11.1497, 11.3749, 11.6179, 11.8811, 12.1676, 12.4809, 12.8256, 13.2074, 13.6335, 14.1135, 14.66, 15.2904, 16.0295, 16.9142, 18.0028, 19.397, 21.3022, 24.1972, 28.8301, 33.9496, 32.675, 20.8219, 7.67486, 1.52664, 0.158286, 0.00839166, 0.000212479, 1.39978e-06
30.9417
58.17
 
MEASUREMENT 43
1.4716, 4.41481, 7.36319, 10.3064, 13.2548, 16.2031, 19.1774, 22.1309, 25.0793, 28.0277, 30.9502, 33.8934
8.5469, 8.71622, 9.17817, 9.70316, 10.382, 10.2856, 11.4195, 12.6922, 14.1222, 18.385, 13.3366, 0.0534138
0.00921262, 0.0093863, 0.00996025, 0.0107521, 0.0114673, 0.011434, 0.0126361, 0.0139788, 0.0153068, 0.0199118, 0.0144948, 0.00051107
0, 0.589331, 1.17866, 1.76799, 2.35732, 2.94665, 3.53598, 4.12532, 4.71465, 5.30398, 5.89331, 6.48264, 7.07197, 7.6613, 8.25063, 8.83996, 9.42929, 10.0186, 10.608, 11.1973, 11.7866, 12.3759, 12.9653, 13.5546, 14.1439, 14.7333, 15.3226, 15.9119, 16.5013, 17.0906, 17.6799, 18.2693, 18.8586, 19.4479, 20.0372, 20.6266, 21.2159, 21.8052, 22.3946, 22.9839, 23.5732, 24.1626, 24.7519, 25.3412, 25.9306, 26.5199, 27.1092, 27.6985, 28.2879, 28.8772, 29.4665, 30.0559, 30.6452, 31.2345, 31.8239, 32.4132, 33.0025, 33.5919, 34.1812, 34.7705
8.42066, 8.47014, 8.52103, 8.57339, 8.6273, 8.68282, 8.74004, 8.79905, 8.85993, 8.92279, 8.98772, 9.05486, 9.12431, 9.19622, 9.27073, 9.348, 9.42819, 9.51151, 9.59815, 9.68834, 9.78233, 9.88039, 9.98282, 10.09, 10.2022, 10.3199, 10.4436, 10.5737, 10.711, 10.856, 11.0096, 11.1725, 11.346, 11.531, 11.7291, 11.9419, 12.1714, 12.4199, 12.6903, 12.9863, 13.3123, 13.6741, 14.0792, 14.5375, 15.063, 15.6754, 16.4048, 17.2999, 18.4484, 19.9973, 21.9024, 22.6626, 18.8814, 10.579, 3.50858, 0.639944, 0.0616855, 0.00306738, 6.96108e-05, 2.7267e-07
8.42066, 8.47856, 8.53821, 8.59971, 8.66315, 8.72862, 8.79623, 8.86611, 8.93837, 9.01314, 9.09058, 9.17083, 9.25407, 9.34049, 9.43028, 9.52366, 9.62088, 9.72219, 9.82789, 9.9383, 10.0538, 10.1747, 10.3015, 10.4346, 10.5747, 10.7223, 10.8782, 11.043, 11.2177, 11.4034, 11.6011, 11.8123, 12.0386, 12.2818, 12.5442, 12.8285, 13.1378, 13.4762, 13.8484, 14.2607, 14.721, 15.2394, 15.8296, 16.5104, 17.3087, 18.2642, 19.4402, 20.9463, 23.0047, 26.1331, 31.1407, 36.67, 35.2717, 22.4428, 8.25202, 1.63588, 0.168881, 0.00890642, 0.00022374, 1.46735e-06
30.9403
58.16
 
MEASUREMENT 44
1.4716, 4.41481, 7.36319, 10.3064, 13.2548, 16.2031, 19.1774, 22.1309, 25.0793, 28.0277, 30.9502, 33.8934
8.16485, 8.32479, 8.76471, 9.26913, 9.91672, 9.82332, 10.8959, 12.1228, 13.4907, 17.5734, 12.7378, 0.0515786
0.00921262, 0.0093863, 0.00996025, 0.0107521, 0.0114673, 0.011434, 0.0126361, 0.0139788, 0.0153068, 0.0199118, 0.0144948, 0.00051107
0, 0.589331, 1.17866, 1.76799, 2.35732, 2.94665, 3.53598, 4.12532, 4.71465, 5.30398, 5.89331, 6.48264, 7.07197, 7.6613, 8.25063, 8.83996, 9.42929, 10.0186, 10.608, 11.1973, 11.7866, 12.3759, 12.9653, 13.5546, 14.1439, 14.7333, 15.3226, 15.9119, 16.5013, 17.0906, 17.6799, 18.2693, 18.8586, 19.4479, 20.0372, 20.6266, 21.2159, 21.8052, 22.3946, 22.9839, 23.5732, 24.1626, 24.7519, 25.3412, 25.9306, 26.5199, 27.1092, 27.6985, 28.2879, 28.8772, 29.4665, 30.0559, 30.6452, 31.2345, 31.8239, 32.4132, 33.0025, 33.5919, 34.1812, 34.7705
8.04131, 8.08859, 8.13721, 8.18724, 8.23874, 8.29179, 8.34647, 8.40284, 8.46101, 8.52107, 8.58312, 8.64726, 8.71363, 8.78234, 8.85353, 8.92736, 9.004, 9.08361, 9.1664, 9.25258, 9.3424, 9.4361, 9.53399, 9.63637, 9.74361, 9.85611, 9.9743, 10.0987, 10.2299, 10.3685, 10.5152, 10.671, 10.8367, 11.0136, 11.203, 11.4064, 11.6257, 11.8632, 12.1218, 12.4048, 12.7164, 13.0624, 13.4497, 13.888, 14.3906, 14.9763, 15.6741, 16.5307, 17.6302, 19.1128, 20.9318, 21.6442, 18.0202, 10.1012, 3.35899, 0.615924, 0.0598603, 0.00301041, 6.96659e-05, 2.75471e-07
8.04131, 8.09661, 8.15358, 8.21231, 8.27289, 8.33541, 8.39999, 8.46672, 8.53573, 8.60714, 8.68109, 8.75773, 8.83723, 8.91976, 9.00551, 9.0947, 9.18754, 9.2843, 9.38525, 9.49069, 9.60096, 9.71644, 9.83754, 9.96472, 10.0985, 10.2395, 10.3883, 10.5457, 10.7126, 10.8899, 11.0788, 11.2805, 11.4966, 11.7289, 11.9796, 12.2511, 12.5465, 12.8697, 13.2253, 13.6191, 14.0588, 14.554, 15.1178, 15.7683, 16.531, 17.444, 18.5678, 20.0076, 21.9762, 24.9697, 29.7534, 35.0039, 33.6264, 21.3949, 7.88455, 1.57095, 0.163486, 0.0087183, 0.000222797, 1.47925e-06
30.939
58.16
 
MEASUREMENT 45
1.4716, 4.41481, 7.36319, 10.3064, 13.2548, 16.2031, 19.1774, 22.1309, 25.0793, 28.0277, 30.9502, 33.8934
8.03212, 8.18549, 8.62121, 9.11682, 9.76545, 9.66167, 10.7387, 11.9243, 13.2664, 17.2601, 12.5287, 0.0499965
0.00921262, 0.0093863, 0.00996025, 0.0107521, 0.0114673, 0.011434, 0.0126361, 0.0139788, 0.0153068, 0.0199118, 0.0144948, 0.00051107
0, 0.589331, 1.17866, 1.76799, 2.35732, 2.94665, 3.53598, 4.12532, 4.71465, 5.30398, 5.89331, 6.48264, 7.07197, 7.6613, 8.25063, 8.83996, 9.42929, 10.0186, 10.608, 11.1973, 11.7866, 12.3759, 12.9653, 13.5546, 14.1439, 14.7333, 15.3226, 15.9119, 16.5013, 17.0906, 17.6799, 18.2693, 18.8586, 19.4479, 20.0372, 20.6266, 21.2159, 21.8052, 22.3946, 22.9839, 23.5732, 24.1626, 24.7519, 25.3412, 25.9306, 26.5199, 27.1092, 27.6985, 28.2879, 28.8772, 29.4665, 30.0559, 30.6452, 31.2345, 31.8239, 32.4132, 33.0025, 33.5919, 34.1812, 34.7705
7.9135, 7.95998, 8.00777, 8.05695, 8.10758, 8.15973, 8.21347, 8.26889, 8.32606, 8.3851, 8.44608, 8.50913, 8.57436, 8.64189, 8.71186, 8.78443, 8.85974, 8.93798, 9.01934, 9.10404, 9.1923, 9.28438, 9.38057, 9.48117, 9.58654, 9.69708, 9.81321, 9.93543, 10.0643, 10.2005, 10.3446, 10.4976, 10.6605, 10.8342, 11.0202, 11.2199, 11.4353, 11.6686, 11.9224, 12.2002, 12.5062, 12.8457, 13.2258, 13.6559, 14.1489, 14.7235, 15.4075, 16.2469, 17.3236, 18.7752, 20.5633, 21.2848, 17.7444, 9.94404, 3.29547, 0.599829, 0.0576154, 0.0028505, 6.41197e-05, 2.49916e-07
7.9135, 7.96791, 8.02397, 8.08176, 8.14137, 8.2029, 8.26644, 8.3321, 8.4, 8.47027, 8.54303, 8.61845, 8.69667, 8.77788, 8.86225, 8.95, 9.04136, 9.13656, 9.23589, 9.33963, 9.44813, 9.56175, 9.6809, 9.80604, 9.93767, 10.0764, 10.2228, 10.3777, 10.5419, 10.7163, 10.9021, 11.1006, 11.3132, 11.5417, 11.7883, 12.0554, 12.346, 12.6639, 13.0137, 13.4011, 13.8334, 14.3205, 14.8749, 15.5145, 16.2644, 17.1619, 18.2663, 19.6805, 21.6126, 24.548, 29.251, 34.4647, 33.1845, 21.1275, 7.7647, 1.53641, 0.158079, 0.00829567, 0.000206791, 1.34819e-06
30.9416
58.17
 
MEASUREMENT 46
1.4716, 4.41481, 7.36319, 10.3064, 13.2548, 16.2031, 19.1774, 22.1309, 25.0793, 28.0277, 30.9502, 33.8934
8.60792, 8.77507, 9.24102, 9.77081, 10.4411, 10.3569, 11.4981, 12.7785, 14.2203, 18.5124, 13.4279, 0.0541308
0.00921262, 0.0093863, 0.00996025, 0.0107521, 0.0114673, 0.011434, 0.0126361, 0.0139788, 0.0153068, 0.0199118, 0.0144948, 0.00051107
0, 0.589331, 1.17866, 1.76799, 2.35732, 2.94665, 3.53598, 4.12532, 4.71465, 5.30398, 5.89331, 6.48264, 7.07197, 7.6613, 8.25063, 8.83996, 9.42929, 10.0186, 10.608, 11.1973, 11.7866, 12.3759, 12.9653, 13.5546, 14.1439, 14.7333, 15.3226, 15.9119, 16.5013, 17.0906, 17.6799, 18.2693, 18.8586, 19.4479, 20.0372, 20.6266, 21.2159, 21.8052, 22.3946, 22.9839, 23.5732, 24.1626, 24.7519, 25.3412, 25.9306, 26.5199, 27.1092, 27.6985, 28.2879, 28.8772, 29.4665, 30.0559, 30.6452, 31.2345, 31.8239, 32.4132, 33.0025, 33.5919, 34.1812, 34.7705
8.47749, 8.52731, 8.57855, 8.63127, 8.68555, 8.74145, 8.79907, 8.85848, 8.91978, 8.98307, 9.04846, 9.11605, 9.18599, 9.25839, 9.33341, 9.41121, 9.49197, 9.57586, 9.6631, 9.75391, 9.84855, 9.94729, 10.0504, 10.1583, 10.2713, 10.3898, 10.5144, 10.6454, 10.7837, 10.9297, 11.0843, 11.2484, 11.423, 11.6094, 11.8089, 12.0231, 12.2542, 12.5044, 12.7768, 13.0748, 13.4032, 13.7675, 14.1754, 14.637, 15.1663, 15.7831, 16.5177, 17.4193, 18.5764, 20.1366, 22.0536, 22.8133, 19.0042, 10.6535, 3.53906, 0.647401, 0.0626752, 0.00313471, 7.18595e-05, 2.82714e-07
8.47749, 8.53578, 8.59584, 8.65775, 8.72161, 8.78753, 8.8556, 8.92595, 8.99869, 9.07397, 9.15193, 9.23273, 9.31654, 9.40354, 9.49393, 9.58795, 9.68582, 9.78782, 9.89424, 10.0054, 10.1216, 10.2434, 10.371, 10.5051, 10.6461, 10.7947, 10.9516, 11.1176, 11.2935, 11.4804, 11.6794, 11.8921, 12.1199, 12.3648, 12.629, 12.9152, 13.2266, 13.5672, 13.942, 14.3572, 14.8205, 15.3424, 15.9367, 16.6222, 17.426, 18.3881, 19.5722, 21.0889, 23.1622, 26.3136, 31.3544, 36.908, 35.4875, 22.5877, 8.31772, 1.6536, 0.17144, 0.00909335, 0.000230454, 1.52051e-06
30.9401
58.16
 
MEASUREMENT 47
1.4716, 4.41481, 7.36319, 10.3064, 13.2548, 16.2031, 19.1774, 22.1309, 25.0793, 28.0277, 30.9502, 33.8934
8.07938, 8.23771, 8.675, 9.17329, 9.81184, 9.71858, 10.7822, 11.996, 13.3473, 17.3873, 12.6023, 0.0503455
0.00921262, 0.0093863, 0.00996025, 0.0107521, 0.0114673, 0.011434, 0.0126361, 0.0139788, 0.0153068, 0.0199118, 0.0144948, 0.00051107
0, 0.589331, 1.17866, 1.76799, 2.35732, 2.94665, 3.53598, 4.12532, 4.71465, 5.30398, 5.89331, 6.48264, 7.07197, 7.6613, 8.25063, 8.83996, 9.42929, 10.0186, 10.608, 11.1973, 11.7866, 12.3759, 12.9653, 13.5546, 14.1439, 14.7333, 15.3226, 15.9119, 16.5013, 17.0906, 17.6799, 18.2693, 18.8586, 19.4479, 20.0372, 20.6266, 21.2159, 21.8052, 22.3946, 22.9839, 23.5732, 24.1626, 24.7519, 25.3412, 25.9306, 26.5199, 27.1092, 27.6985, 28.2879, 28.8772, 29.4665, 30.0559, 30.6452, 31.2345, 31.8239, 32.4132, 33.0025, 33.5919, 34.1812, 34.7705
7.95746, 8.00424, 8.05234, 8.10184, 8.1528, 8.20529, 8.25938, 8.31516, 8.37272, 8.43214, 8.49353, 8.55699, 8.62265, 8.69063, 8.76107, 8.83412, 8.90994, 8.98871, 9.07062, 9.15589, 9.24475, 9.33745, 9.4343, 9.53559, 9.64169, 9.75299, 9.86992, 9.993, 10.1228, 10.2599, 10.4051, 10.5592, 10.7232, 10.8981, 11.0855, 11.2867, 11.5037, 11.7387, 11.9944, 12.2743, 12.5827, 12.9248, 13.308, 13.7415, 14.2386, 14.818, 15.5081, 16.3551, 17.4422, 18.9084, 20.7108, 21.4249, 17.8396, 9.98727, 3.30975, 0.603305, 0.0581316, 0.00289033, 6.55763e-05, 2.57145e-07
7.95746, 8.01218, 8.06855, 8.12667, 8.18662, 8.24849, 8.31239, 8.37843, 8.44672, 8.51738, 8.59056, 8.66641, 8.74508, 8.82674, 8.9116, 8.99985, 9.09173, 9.18748, 9.28737, 9.39171, 9.50084, 9.61511, 9.73494, 9.8608, 9.99319, 10.1327, 10.28, 10.4357, 10.6009, 10.7763, 10.9632, 11.1628, 11.3767, 11.6066, 11.8546, 12.1233, 12.4156, 12.7354, 13.0873, 13.477, 13.912, 14.402, 14.9599, 15.6036, 16.3582, 17.2616, 18.3734, 19.7975, 21.7444, 24.7041, 29.4401, 34.6579, 33.311, 21.1745, 7.77846, 1.54087, 0.158999, 0.00838384, 0.000210584, 1.38196e-06
30.939
58.16
 
MEASUREMENT 48
1.4716, 4.41481, 7.36319, 10.3064, 13.2548, 16.2031, 19.1774, 22.1309, 25.0793, 28.0277, 30.9502, 33.8934
8.26515, 8.42831, 8.87225, 9.3841, 10.0479, 9.94413, 11.0505, 12.2707, 13.6537, 17.7632, 12.8941, 0.0520119
0.00921262, 0.0093863, 0.00996025, 0.0107521, 0.0114673, 0.011434, 0.0126361, 0.0139788, 0.0153068, 0.0199118, 0.0144948, 0.00051107
0, 0.589331, 1.17866, 1.76799, 2.35732, 2.94665, 3.53598, 4.12532, 4.71465, 5.30398, 5.89331, 6.48264, 7.07197, 7.6613, 8.25063, 8.83996, 9.42929, 10.0186, 10.608, 11.1973, 11.7866, 12.3759, 12.9653, 13.5546, 14.1439, 14.7333, 15.3226, 15.9119, 16.5013, 17.0906, 17.6799, 18.2693, 18.8586, 19.4479, 20.0372, 20.6266, 21.2159, 21.8052, 22.3946, 22.9839, 23.5732, 24.1626, 24.7519, 25.3412, 25.9306, 26.5199, 27.1092, 27.6985, 28.2879, 28.8772, 29.4665, 30.0559, 30.6452, 31.2345, 31.8239, 32.4132, 33.0025, 33.5919, 34.1812, 34.7705
8.14461, 8.19244, 8.24163, 8.29224, 8.34434, 8.398, 8.45331, 8.51034, 8.56918, 8.62993, 8.69269, 8.75758, 8.8247, 8.8942, 8.96621, 9.04088, 9.11839, 9.19891, 9.28263, 9.36979, 9.46062, 9.55538, 9.65436, 9.75789, 9.86633, 9.98008, 10.0996, 10.2254, 10.358, 10.4981, 10.6465, 10.8039, 10.9714, 11.1502, 11.3416, 11.5471, 11.7688, 12.0088, 12.27, 12.5559, 12.8708, 13.2202, 13.6113, 14.0539, 14.5612, 15.1523, 15.8563, 16.72, 17.8279, 19.3214, 21.1584, 21.8944, 18.2536, 10.2413, 3.40341, 0.622348, 0.0601718, 0.00300264, 6.85638e-05, 2.68781e-07
8.14461, 8.20061, 8.2583, 8.31778, 8.37913, 8.44245, 8.50785, 8.57543, 8.64531, 8.71763, 8.79252, 8.87013, 8.95064, 9.03422, 9.12105, 9.21137, 9.30539, 9.40337, 9.50559, 9.61237, 9.72404, 9.84097, 9.9636, 10.0924, 10.2279, 10.3706, 10.5213, 10.6807, 10.8497, 11.0292, 11.2204, 11.4247, 11.6435, 11.8787, 12.1325, 12.4073, 12.7065, 13.0336, 13.3936, 13.7923, 14.2373, 14.7385, 15.3092, 15.9674, 16.7392, 17.6629, 18.7996, 20.2552, 22.2443, 25.2663, 30.1038, 35.4553, 34.1329, 21.753, 8.01598, 1.59338, 0.165013, 0.00873379, 0.000220574, 1.45034e-06
30.942
58.17
 
MEASUREMENT 49
1.4716, 4.41481, 7.36319, 10.3064, 13.2548, 16.2031, 19.1774, 22.1309, 25.0793, 28.0277, 30.9502, 33.8934
8.36955, 8.53462, 8.98683, 9.50173, 10.1544, 10.0698, 11.1706, 12.4288, 13.8276, 18.0166, 13.0585, 0.0527304
0.00921262, 0.0093863, 0.00996025, 0.0107521, 0.0114673, 0.011434, 0.0126361, 0.0139788, 0.0153068, 0.0199118, 0.0144948, 0.00051107
0, 0.589331, 1.17866, 1.76799, 2.35732, 2.94665, 3.53598, 4.12532, 4.71465, 5.30398, 5.89331, 6.48264, 7.07197, 7.6613, 8.25063, 8.83996, 9.42929, 10.0186, 10.608, 11.1973, 11.7866, 12.3759, 12.9653, 13.5546, 14.1439, 14.7333, 15.3226, 15.9119, 16.5013, 17.0906, 17.6799, 18.2693, 18.8586, 19.4479, 20.0372, 20.6266, 21.2159, 21.8052, 22.3946, 22.9839, 23.5732, 24.1626, 24.7519, 25.3412, 25.9306, 26.5199, 27.1092, 27.6985, 28.2879, 28.8772, 29.4665, 30.0559, 30.6452, 31.2345, 31.8239, 32.4132, 33.0025, 33.5919, 34.1812, 34.7705
8.24233, 8.2908, 8.34064, 8.39193, 8.44473, 8.49911, 8.55516, 8.61295, 8.67259, 8.73415, 8.79776, 8.86352, 8.93156, 9.00199, 9.07498, 9.15067, 9.22923, 9.31085, 9.39572, 9.48408, 9.57615, 9.67222, 9.77257, 9.87753, 9.98747, 10.1028, 10.224, 10.3515, 10.486, 10.6281, 10.7785, 10.9382, 11.1082, 11.2895, 11.4836, 11.6922, 11.917, 12.1606, 12.4257, 12.7158, 13.0354, 13.39, 13.7872, 14.2366, 14.7519, 15.3525, 16.068, 16.9464, 18.0739, 19.5944, 21.4606, 22.1927, 18.4759, 10.3531, 3.44022, 0.630089, 0.0611394, 0.00306845, 7.07585e-05, 2.79449e-07
8.24233, 8.29901, 8.3574, 8.4176, 8.4797, 8.54379, 8.60998, 8.67838, 8.74911, 8.8223, 8.89811, 8.97667, 9.05816, 9.14275, 9.23064, 9.32206, 9.41723, 9.5164, 9.61988, 9.72795, 9.84099, 9.95935, 10.0835, 10.2138, 10.351, 10.4955, 10.648, 10.8094, 10.9804, 11.1622, 11.3558, 11.5625, 11.7841, 12.0222, 12.2791, 12.5574, 12.8603, 13.1915, 13.556, 13.9597, 14.4104, 14.9179, 15.4959, 16.1627, 16.9445, 17.8804, 19.0323, 20.5081, 22.5261, 25.5946, 30.499, 35.8834, 34.4695, 21.9237, 8.07341, 1.6067, 0.166938, 0.00888415, 0.000226334, 1.49977e-06
30.9387
58.16
 
MEASUREMENT 50
1.4716, 4.41481, 7.36319, 10.3064, 13.2548, 16.2031, 19.1774, 22.1309, 25.0793, 28.0277, 30.9502, 33.8934
7.90948, 8.06444, 8.48938, 8.97838, 9.60356, 9.51459, 10.5644, 11.741, 13.0649, 17.009, 12.3365, 0.0491104
0.00921262, 0.0093863, 0.00996025, 0.0107521, 0.0114673, 0.011434, 0.0126361, 0.0139788, 0.0153068, 0.0199118, 0.0144948, 0.00051107
0, 0.589331, 1.17866, 1.76799, 2.35732, 2.94665, 3.53598, 4.12532, 4.71465, 5.30398, 5.89331, 6.48264, 7.07197, 7.6613, 8.25063, 8.83996, 9.42929, 10.0186, 10.608, 11.1973, 11.7866, 12.3759, 12.9653, 13.5546, 14.1439, 14.7333, 15.3226, 15.9119, 16.5013, 17.0906, 17.6799, 18.2693, 18.8586, 19.4479, 20.0372, 20.6266, 21.2159, 21.8052, 22.3946, 22.9839, 23.5732, 24.1626, 24.7519, 25.3412, 25.9306, 26.5199, 27.1092, 27.6985, 28.2879, 28.8772, 29.4665, 30.0559, 30.6452, 31.2345, 31.8239, 32.4132, 33.0025, 33.5919, 34.1812, 34.7705
7.79049, 7.83627, 7.88335, 7.93179, 7.98165, 8.03302, 8.08595, 8.14054, 8.19686, 8.25501, 8.31508, 8.37719, 8.44144, 8.50796, 8.57689, 8.64837, 8.72256, 8.79964, 8.87979, 8.96322, 9.05017, 9.14088, 9.23564, 9.33475, 9.43856, 9.54746, 9.66188, 9.78229, 9.90927, 10.0434, 10.1855, 10.3362, 10.4966, 10.6678, 10.8511, 11.0479, 11.2602, 11.4901, 11.7402, 12.014, 12.3156, 12.6503, 13.025, 13.449, 13.935, 14.5015, 15.1761, 16.0041, 17.0663, 18.4989, 20.2624, 20.9687, 17.4697, 9.78179, 3.23918, 0.589275, 0.0565915, 0.00280041, 6.30117e-05, 2.45987e-07
7.79049, 7.84406, 7.89925, 7.95614, 8.01483, 8.0754, 8.13796, 8.20261, 8.26946, 8.33864, 8.41028, 8.48453, 8.56154, 8.64149, 8.72456, 8.81096, 8.9009, 8.99463, 9.09242, 9.19456, 9.30139, 9.41325, 9.53056, 9.65377, 9.78337, 9.91993, 10.0641, 10.2166, 10.3782, 10.55, 10.7329, 10.9283, 11.1377, 11.3627, 11.6055, 11.8685, 12.1547, 12.4677, 12.8121, 13.1936, 13.6193, 14.0989, 14.645, 15.2749, 16.0134, 16.8974, 17.9853, 19.3785, 21.2825, 24.1761, 28.8102, 33.9342, 32.6447, 20.7609, 7.62251, 1.50725, 0.155033, 0.00813681, 0.000202898, 1.32424e-06
30.9401
58.16
 
MEASUREMENT 51
1.4716, 4.41481, 7.36319, 10.3064, 13.2548, 16.2031, 19.1774, 22.1309, 25.0793, 28.0277, 30.9502, 33.8934
8.24291, 8.40529, 8.85182, 9.35778, 10.0117, 9.91842, 11.0237, 12.2404, 13.6205, 17.7181, 12.8614, 0.0518399
0.00921262, 0.0093863, 0.00996025, 0.0107521, 0.0114673, 0.011434, 0.0126361, 0.0139788, 0.0153068, 0.0199118, 0.0144948, 0.00051107
0, 0.589331, 1.17866, 1.76799, 2.35732, 2.94665, 3.53598, 4.12532, 4.71465, 5.30398, 5.89331, 6.48264, 7.07197, 7.6613, 8.25063, 8.83996, 9.42929, 10.0186, 10.608, 11.1973, 11.7866, 12.3759, 12.9653, 13.5546, 14.1439, 14.7333, 15.3226, 15.9119, 16.5013, 17.0906, 17.6799, 18.2693, 18.8586, 19.4479, 20.0372, 20.6266, 21.2159, 21.8052, 22.3946, 22.9839, 23.5732, 24.1626, 24.7519, 25.3412, 25.9306, 26.5199, 27.1092, 27.6985, 28.2879, 28.8772, 29.4665, 30.0559, 30.6452, 31.2345, 31.8239, 32.4132, 33.0025, 33.5919, 34.1812, 34.7705
8.1223, 8.17001, 8.21907, 8.26955, 8.32153, 8.37506, 8.43023, 8.48711, 8.54581, 8.60641, 8.66902, 8.73374, 8.8007, 8.87002, 8.94186, 9.01635, 9.09366, 9.17398, 9.25751, 9.34446, 9.43506, 9.52959, 9.62834, 9.73162, 9.83979, 9.95327, 10.0725, 10.198, 10.3303, 10.4701, 10.6181, 10.7751, 10.9423, 11.1207, 11.3116, 11.5167, 11.7378, 11.9773, 12.2379, 12.5232, 12.8373, 13.1859, 13.5762, 14.0178, 14.5241, 15.1141, 15.8166, 16.6787, 17.7846, 19.2756, 21.1092, 21.8425, 18.2069, 10.2123, 3.39293, 0.620316, 0.0599703, 0.00299268, 6.83392e-05, 2.68048e-07
8.1223, 8.17814, 8.23568, 8.29499, 8.35618, 8.41933, 8.48454, 8.55194, 8.62163, 8.69375, 8.76844, 8.84585, 8.92614, 9.00948, 9.09609, 9.18616, 9.27992, 9.37764, 9.47958, 9.58607, 9.69743, 9.81405, 9.93635, 10.0648, 10.1999, 10.3423, 10.4925, 10.6515, 10.82, 10.9991, 11.1898, 11.3935, 11.6117, 11.8463, 12.0994, 12.3735, 12.6718, 12.9982, 13.3572, 13.7548, 14.1986, 14.6985, 15.2677, 15.9242, 16.694, 17.6153, 18.7491, 20.2011, 22.1853, 25.2004, 30.0262, 35.36, 34.0312, 21.68, 7.9864, 1.58711, 0.164342, 0.0086982, 0.000219686, 1.44494e-06
30.9415
58.17
 
MEASUREMENT 52
1.4716, 4.41481, 7.36319, 10.3064, 13.2548, 16.2031, 19.1774, 22.1309, 25.0793, 28.0277, 30.9502, 33.8934
8.38717, 8.55015, 9.00553, 9.52225, 10.1863, 10.0911, 11.1931, 12.4543, 13.8566, 18.0526, 13.0848, 0.0523728
0.00921262, 0.0093863, 0.00996025, 0.0107521, 0.0114673, 0.011434, 0.0126361, 0.0139788, 0.0153068, 0.0199118, 0.0144948, 0.00051107
0, 0.589331, 1.17866, 1.76799, 2.35732, 2.94665, 3.53598, 4.12532, 4.71465, 5.30398, 5.89331, 6.48264, 7.07197, 7.6613, 8.25063, 8.83996, 9.42929, 10.0186, 10.608, 11.1973, 11.7866, 12.3759, 12.9653, 13.5546, 14.1439, 14.7333, 15.3226, 15.9119, 16.5013, 17.0906, 17.6799, 18.2693, 18.8586, 19.4479, 20.0372, 20.6266, 21.2159, 21.8052, 22.3946, 22.9839, 23.5732, 24.1626, 24.7519, 25.3412, 25.9306, 26.5199, 27.1092, 27.6985, 28.2879, 28.8772, 29.4665, 30.0559, 30.6452, 31.2345, 31.8239, 32.4132, 33.0025, 33.5919, 34.1812, 34.7705
8.26047, 8.30903, 8.35898, 8.41037, 8.46328, 8.51777, 8.57393, 8.63185, 8.6916, 8.7533, 8.81704, 8.88293, 8.95111, 9.02169, 9.09482, 9.17067, 9.24939, 9.33117, 9.41622, 9.50475, 9.59701, 9.69327, 9.79382, 9.899, 10.0092, 10.1247, 10.2461, 10.3739, 10.5087, 10.6511, 10.8018, 10.9618, 11.1321, 11.3138, 11.5083, 11.7172, 11.9425, 12.1866, 12.4521, 12.7428, 13.063, 13.4183, 13.8162, 14.2665, 14.7827, 15.3844, 16.1011, 16.9809, 18.1101, 19.6331, 21.5048, 22.2447, 18.5207, 10.3697, 3.43806, 0.627251, 0.0605213, 0.00301475, 6.86215e-05, 2.69513e-07
8.26047, 8.31727, 8.37579, 8.43612, 8.49835, 8.56258, 8.62892, 8.69747, 8.76835, 8.84171, 8.91768, 8.99641, 9.07808, 9.16286, 9.25095, 9.34256, 9.43794, 9.53733, 9.64103, 9.74935, 9.86263, 9.98125, 10.1057, 10.2363, 10.3737, 10.5186, 10.6714, 10.8331, 11.0046, 11.1867, 11.3807, 11.5879, 11.81, 12.0486, 12.3061, 12.585, 12.8885, 13.2205, 13.5857, 13.9903, 14.4419, 14.9506, 15.5298, 16.198, 16.9814, 17.9193, 19.0736, 20.5522, 22.5736, 25.647, 30.5636, 35.9752, 34.5701, 21.9748, 8.07552, 1.60105, 0.165427, 0.0087387, 0.000220117, 1.44741e-06
30.9388
58.16
 
MEASUREMENT 53
1.4716, 4.41481, 7.36319, 10.3064, 13.2548, 16.2031, 19.1774, 22.1309, 25.0793, 28.0277, 30.9502, 33.8934
7.8496, 8.00443, 8.42863, 8.91306, 9.53418, 9.44544, 10.4874, 11.6569, 12.97, 16.884, 12.2477, 0.0494577
0.00921262, 0.0093863, 0.00996025, 0.0107521, 0.0114673, 0.011434, 0.0126361, 0.0139788, 0.0153068, 0.0199118, 0.0144948, 0.00051107
0, 0.589331, 1.17866, 1.76799, 2.35732, 2.94665, 3.53598, 4.12532, 4.71465, 5.30398, 5.89331, 6.48264, 7.07197, 7.6613, 8.25063, 8.83996, 9.42929, 10.0186, 10.608, 11.1973, 11.7866, 12.3759, 12.9653, 13.5546, 14.1439, 14.7333, 15.3226, 15.9119, 16.5013, 17.0906, 17.6799, 18.2693, 18.8586, 19.4479, 20.0372, 20.6266, 21.2159, 21.8052, 22.3946, 22.9839, 23.5732, 24.1626, 24.7519, 25.3412, 25.9306, 26.5199, 27.1092, 27.6985, 28.2879, 28.8772, 29.4665, 30.0559, 30.6452, 31.2345, 31.8239, 32.4132, 33.0025, 33.5919, 34.1812, 34.7705
7.73348, 7.77892, 7.82566, 7.87375, 7.92325, 7.97424, 8.02679, 8.08098, 8.13689, 8.19462, 8.25426, 8.31591, 8.37969, 8.44573, 8.51416, 8.58512, 8.65877, 8.73529, 8.81486, 8.89768, 8.984, 9.07405, 9.16812, 9.26652, 9.36957, 9.47768, 9.59127, 9.71081, 9.83686, 9.97004, 10.1111, 10.2607, 10.42, 10.5899, 10.7719, 10.9673, 11.178, 11.4062, 11.6546, 11.9264, 12.2258, 12.5581, 12.9301, 13.351, 13.8336, 14.396, 15.0659, 15.888, 16.9429, 18.3652, 20.1127, 20.8053, 17.3333, 9.7195, 3.23031, 0.591304, 0.0572917, 0.00286833, 6.58682e-05, 2.59246e-07
7.73348, 7.78666, 7.84144, 7.89792, 7.95618, 8.01631, 8.0784, 8.14258, 8.20894, 8.27761, 8.34873, 8.42243, 8.49888, 8.57824, 8.66071, 8.74647, 8.83575, 8.9288, 9.02587, 9.12727, 9.23331, 9.34435, 9.4608, 9.5831, 9.71175, 9.84732, 9.99043, 10.1418, 10.3023, 10.4728, 10.6544, 10.8483, 11.0562, 11.2795, 11.5205, 11.7816, 12.0657, 12.3764, 12.7183, 13.097, 13.5196, 13.9957, 14.5378, 15.1631, 15.8963, 16.7739, 17.854, 19.2374, 21.1284, 24.0027, 28.6, 33.6661, 32.3749, 20.6131, 7.5944, 1.51082, 0.15677, 0.00832373, 0.000211271, 1.39513e-06
30.9404
58.16
 
MEASUREMENT 54
1.4716, 4.41481, 7.36319, 10.3064, 13.2548, 16.2031, 19.1774, 22.1309, 25.0793, 28.0277, 30.9502, 33.8934
7.80368, 7.95735, 8.37797, 8.85924, 9.47671, 9.38709, 10.4238, 11.5862, 12.8916, 16.7834, 12.1732, 0.0479881
0.00921262, 0.0093863, 0.00996025, 0.0107521, 0.0114673, 0.011434, 0.0126361, 0.0139788, 0.0153068, 0.0199118, 0.0144948, 0.00051107
0, 0.589331, 1.17866, 1.76799, 2.35732, 2.94665, 3.53598, 4.12532, 4.71465, 5.30398, 5.89331, 6.48264, 7.07197, 7.6613, 8.25063, 8.83996, 9.42929, 10.0186, 10.608, 11.1973, 11.7866, 12.3759, 12.9653, 13.5546, 14.1439, 14.7333, 15.3226, 15.9119, 16.5013, 17.0906, 17.6799, 18.2693, 18.8586, 19.4479, 20.0372, 20.6266, 21.2159, 21.8052, 22.3946, 22.9839, 23.5732, 24.1626, 24.7519, 25.3412, 25.9306, 26.5199, 27.1092, 27.6985, 28.2879, 28.8772, 29.4665, 30.0559, 30.6452, 31.2345, 31.8239, 32.4132, 33.0025, 33.5919, 34.1812, 34.7705
7.68707, 7.73223, 7.77869, 7.82649, 7.87569, 7.92638, 7.97861, 8.03247, 8.08805, 8.14543, 8.2047, 8.26599, 8.32939, 8.39503, 8.46304, 8.53358, 8.60679, 8.68284, 8.76193, 8.84426, 8.93006, 9.01957, 9.11307, 9.21087, 9.31331, 9.42076, 9.53366, 9.65249, 9.77778, 9.91016, 10.0503, 10.1991, 10.3574, 10.5263, 10.7071, 10.9014, 11.1108, 11.3377, 11.5845, 11.8547, 12.1523, 12.4825, 12.8522, 13.2706, 13.7502, 14.3092, 14.9749, 15.7918, 16.8398, 18.2535, 19.9962, 20.6996, 17.2462, 9.64718, 3.18661, 0.577242, 0.0550968, 0.0027045, 5.99883e-05, 2.32919e-07
7.68707, 7.73992, 7.79438, 7.85052, 7.90843, 7.9682, 8.02992, 8.09371, 8.15967, 8.22793, 8.29862, 8.37189, 8.44788, 8.52677, 8.60874, 8.69398, 8.78273, 8.87522, 8.97171, 9.0725, 9.17791, 9.28829, 9.40404, 9.52561, 9.65349, 9.78824, 9.93049, 10.081, 10.2405, 10.4099, 10.5905, 10.7833, 10.9898, 11.2119, 11.4514, 11.7109, 11.9933, 12.3022, 12.642, 13.0184, 13.4385, 13.9118, 14.4505, 15.0721, 15.8007, 16.6729, 17.7463, 19.1208, 20.9988, 23.8526, 28.4272, 33.4971, 32.2327, 20.4827, 7.50245, 1.4773, 0.151031, 0.00786339, 0.000193661, 1.25386e-06
30.9399
58.16
 
MEASUREMENT 55
1.4716, 4.41481, 7.36319, 10.3064, 13.2548, 16.2031, 19.1774, 22.1309, 25.0793, 28.0277, 30.9502, 33.8934
8.28511, 8.44693, 8.89209, 9.40233, 10.0615, 9.96633, 11.0653, 12.2999, 13.6852, 17.8152, 12.9222, 0.0516681
0.00921262, 0.0093863, 0.00996025, 0.0107521, 0.0114673, 0.011434, 0.0126361, 0.0139788, 0.0153068, 0.0199118, 0.0144948, 0.00051107
0, 0.589331, 1.17866, 1.76799, 2.35732, 2.94665, 3.53598, 4.12532, 4.71465, 5.30398, 5.89331, 6.48264, 7.07197, 7.6613, 8.25063, 8.83996, 9.42929, 10.0186, 10.608, 11.1973, 11.7866, 12.3759, 12.9653, 13.5546, 14.1439, 14.7333, 15.3226, 15.9119, 16.5013, 17.0906, 17.6799, 18.2693, 18.8586, 19.4479, 20.0372, 20.6266, 21.2159, 21.8052, 22.3946, 22.9839, 23.5732, 24.1626, 24.7519, 25.3412, 25.9306, 26.5199, 27.1092, 27.6985, 28.2879, 28.8772, 29.4665, 30.0559, 30.6452, 31.2345, 31.8239, 32.4132, 33.0025, 33.5919, 34.1812, 34.7705
8.16028, 8.20823, 8.25754, 8.30828, 8.36052, 8.41432, 8.46977, 8.52694, 8.58594, 8.64684, 8.70977, 8.77482, 8.84212, 8.9118, 8.984, 9.05887, 9.13658, 9.21731, 9.30127, 9.38866, 9.47973, 9.57475, 9.674, 9.77782, 9.88656, 10.0006, 10.1205, 10.2466, 10.3796, 10.5201, 10.6689, 10.8268, 10.9948, 11.1742, 11.3661, 11.5723, 11.7946, 12.0354, 12.2974, 12.5842, 12.9001, 13.2506, 13.6431, 14.0872, 14.5963, 15.1897, 15.8963, 16.7636, 17.8763, 19.3768, 21.2228, 21.96, 18.2958, 10.2491, 3.39775, 0.619287, 0.0596334, 0.00296134, 6.70459e-05, 2.62358e-07
8.16028, 8.21639, 8.2742, 8.3338, 8.39527, 8.45872, 8.52424, 8.59196, 8.66198, 8.73444, 8.80949, 8.88726, 8.96793, 9.05167, 9.13868, 9.22918, 9.32339, 9.42157, 9.524, 9.63099, 9.74289, 9.86006, 9.98294, 10.112, 10.2477, 10.3908, 10.5418, 10.7015, 10.8708, 11.0507, 11.2424, 11.4471, 11.6663, 11.902, 12.1563, 12.4318, 12.7316, 13.0595, 13.4202, 13.8198, 14.2658, 14.7681, 15.3401, 15.9999, 16.7735, 17.6994, 18.839, 20.2984, 22.293, 25.3244, 30.1775, 35.5384, 34.1852, 21.749, 7.99389, 1.58362, 0.163323, 0.00860187, 0.000215649, 1.41237e-06
30.9403
58.16
 
MEASUREMENT 56
1.4716, 4.41481, 7.36319, 10.3064, 13.2548, 16.2031, 19.1774, 22.1309, 25.0793, 28.0277, 30.9502, 33.8934
7.92982, 8.08547, 8.51314, 9.00214, 9.62959, 9.53885, 10.5916, 11.7605, 13.101, 17.0541, 12.3693, 0.0496726
0.00921262, 0.0093863, 0.00996025, 0.0107521, 0.0114673, 0.011434, 0.0126361, 0.0139788, 0.0153068, 0.0199118, 0.0144948, 0.00051107
0, 0.589331, 1.17866, 1.76799, 2.35732, 2.94665, 3.53598, 4.12532, 4.71465, 5.30398, 5.89331, 6.48264, 7.07197, 7.6613, 8.25063, 8.83996, 9.42929, 10.0186, 10.608, 11.1973, 11.7866, 12.3759, 12.9653, 13.5546, 14.1439, 14.7333, 15.3226, 15.9119, 16.5013, 17.0906, 17.6799, 18.2693, 18.8586, 19.4479, 20.0372, 20.6266, 21.2159, 21.8052, 22.3946, 22.9839, 23.5732, 24.1626, 24.7519, 25.3412, 25.9306, 26.5199, 27.1092, 27.6985, 28.2879, 28.8772, 29.4665, 30.0559, 30.6452, 31.2345, 31.8239, 32.4132, 33.0025, 33.5919, 34.1812, 34.7705
7.81058, 7.85647, 7.90367, 7.95223, 8.00222, 8.05372, 8.10678, 8.16151, 8.21797, 8.27627, 8.33649, 8.39875, 8.46317, 8.52986, 8.59896, 8.67062, 8.74499, 8.82226, 8.90261, 8.98626, 9.07342, 9.16436, 9.25936, 9.35872, 9.46279, 9.57196, 9.68666, 9.80738, 9.93467, 10.0692, 10.2116, 10.3627, 10.5235, 10.6951, 10.8788, 11.0762, 11.2889, 11.5194, 11.7702, 12.0446, 12.347, 12.6825, 13.0581, 13.4831, 13.9704, 14.5382, 15.2145, 16.0445, 17.1093, 18.5452, 20.311, 21.0149, 17.51, 9.81413, 3.25727, 0.594766, 0.0574173, 0.00286062, 6.51371e-05, 2.55423e-07
7.81058, 7.86428, 7.91961, 7.97665, 8.03549, 8.09622, 8.15894, 8.22375, 8.29077, 8.36013, 8.43195, 8.50639, 8.5836, 8.66375, 8.74704, 8.83365, 8.92383, 9.0178, 9.11584, 9.21824, 9.32534, 9.43749, 9.5551, 9.67862, 9.80855, 9.94546, 10.09, 10.2429, 10.4049, 10.5771, 10.7605, 10.9564, 11.1663, 11.3919, 11.6353, 11.899, 12.1859, 12.4997, 12.845, 13.2274, 13.6543, 14.1351, 14.6825, 15.314, 16.0544, 16.9406, 18.0313, 19.4282, 21.3373, 24.2388, 28.8825, 34.0091, 32.7148, 20.8235, 7.66221, 1.52066, 0.157225, 0.00830766, 0.000209309, 1.37518e-06
30.9405
58.16
 
MEASUREMENT 57
1.4716, 4.41481, 7.36319, 10.3064, 13.2548, 16.2031, 19.1774, 22.1309, 25.0793, 28.0277, 30.9502, 33.8934
7.83811, 7.98996, 8.41317, 8.89649, 9.51653, 9.4274, 10.4788, 11.6463, 12.9454, 16.8417, 12.2255, 0.0486123
0.00921262, 0.0093863, 0.00996025, 0.0107521, 0.0114673, 0.011434, 0.0126361, 0.0139788, 0.0153068, 0.0199118, 0.0144948, 0.00051107
0, 0.589331, 1.17866, 1.76799, 2.35732, 2.94665, 3.53598, 4.12532, 4.71465, 5.30398, 5.89331, 6.48264, 7.07197, 7.6613, 8.25063, 8.83996, 9.42929, 10.0186, 10.608, 11.1973, 11.7866, 12.3759, 12.9653, 13.5546, 14.1439, 14.7333, 15.3226, 15.9119, 16.5013, 17.0906, 17.6799, 18.2693, 18.8586, 19.4479, 20.0372, 20.6266, 21.2159, 21.8052, 22.3946, 22.9839, 23.5732, 24.1626, 24.7519, 25.3412, 25.9306, 26.5199, 27.1092, 27.6985, 28.2879, 28.8772, 29.4665, 30.0559, 30.6452, 31.2345, 31.8239, 32.4132, 33.0025, 33.5919, 34.1812, 34.7705
7.72171, 7.76707, 7.81371, 7.8617, 7.91111, 7.962, 8.01444, 8.06852, 8.12432, 8.18193, 8.24144, 8.30297, 8.36663, 8.43253, 8.50082, 8.57163, 8.64513, 8.72148, 8.80088, 8.88354, 8.96967, 9.05953, 9.1534, 9.25158, 9.35442, 9.46229, 9.57562, 9.6949, 9.82068, 9.95356, 10.0943, 10.2436, 10.4025, 10.572, 10.7535, 10.9485, 11.1587, 11.3863, 11.6341, 11.9052, 12.2039, 12.5352, 12.9062, 13.326, 13.8072, 14.368, 15.0357, 15.855, 16.906, 18.3231, 20.0693, 20.7747, 17.3173, 9.70004, 3.21155, 0.583695, 0.0559533, 0.00276119, 6.18304e-05, 2.4064e-07
7.72171, 7.7748, 7.8295, 7.8859, 7.94406, 8.0041, 8.0661, 8.13017, 8.19643, 8.26499, 8.336, 8.40958, 8.48591, 8.56515, 8.64748, 8.73311, 8.82225, 8.91515, 9.01207, 9.11331, 9.21918, 9.33005, 9.44631, 9.56841, 9.69686, 9.8322, 9.97508, 10.1262, 10.2864, 10.4566, 10.6379, 10.8316, 11.0391, 11.2621, 11.5027, 11.7633, 12.0469, 12.3571, 12.6984, 13.0764, 13.4984, 13.9736, 14.5147, 15.1388, 15.8705, 16.7463, 17.8241, 19.2041, 21.0895, 23.9541, 28.5445, 33.6348, 32.3827, 20.6075, 7.56639, 1.49496, 0.153505, 0.00803508, 0.000199513, 1.29764e-06
30.9413
58.17
 
MEASUREMENT 58
1.4716, 4.41481, 7.36319, 10.3064, 13.2548, 16.2031, 19.1774, 22.1309, 25.0793, 28.0277, 30.9502, 33.8934
8.16649, 8.32861, 8.76877, 9.27233, 9.92066, 9.82767, 10.8993, 12.1274, 13.4933, 17.5787, 12.7417, 0.0513633
0.00921262, 0.0093863, 0.00996025, 0.0107521, 0.0114673, 0.011434, 0.0126361, 0.0139788, 0.0153068, 0.0199118, 0.0144948, 0.00051107
0, 0.589331, 1.17866, 1.76799, 2.35732, 2.94665, 3.53598, 4.12532, 4.71465, 5.30398, 5.89331, 6.48264, 7.07197, 7.6613, 8.25063, 8.83996, 9.42929, 10.0186, 10.608, 11.1973, 11.7866, 12.3759, 12.9653, 13.5546, 14.1439, 14.7333, 15.3226, 15.9119, 16.5013, 17.0906, 17.6799, 18.2693, 18.8586, 19.4479, 20.0372, 20.6266, 21.2159, 21.8052, 22.3946, 22.9839, 23.5732, 24.1626, 24.7519, 25.3412, 25.9306, 26.5199, 27.1092, 27.6985, 28.2879, 28.8772, 29.4665, 30.0559, 30.6452, 31.2345, 31.8239, 32.4132, 33.0025, 33.5919, 34.1812, 34.7705
8.04439, 8.09168, 8.14031, 8.19035, 8.24187, 8.29494, 8.34963, 8.40602, 8.46421, 8.52428, 8.58635, 8.65051, 8.71689, 8.78562, 8.85684, 8.93069, 9.00734, 9.08698, 9.16979, 9.25599, 9.34583, 9.43956, 9.53747, 9.63988, 9.74715, 9.85967, 9.9779, 10.1023, 10.2335, 10.3722, 10.519, 10.6748, 10.8405, 11.0175, 11.2068, 11.4103, 11.6297, 11.8673, 12.1259, 12.4089, 12.7206, 13.0666, 13.454, 13.8924, 14.395, 14.9808, 15.6786, 16.5352, 17.6346, 19.1172, 20.9375, 21.6538, 18.0298, 10.1029, 3.35576, 0.614093, 0.0595053, 0.00298069, 6.8507e-05, 2.70063e-07
8.04439, 8.0997, 8.15669, 8.21544, 8.27605, 8.3386, 8.40319, 8.46995, 8.53898, 8.61042, 8.6844, 8.76107, 8.8406, 8.92316, 9.00895, 9.09816, 9.19104, 9.28784, 9.38882, 9.4943, 9.60462, 9.72014, 9.84128, 9.96851, 10.1023, 10.2434, 10.3923, 10.5497, 10.7167, 10.894, 11.083, 11.2848, 11.501, 11.7334, 11.9841, 12.2557, 12.5513, 12.8746, 13.2303, 13.6242, 14.064, 14.5594, 15.1234, 15.7741, 16.537, 17.4503, 18.5744, 20.0144, 21.9832, 24.9766, 29.7626, 35.0235, 33.6536, 21.4072, 7.88097, 1.56717, 0.162617, 0.00863795, 0.000219424, 1.45083e-06
30.9391
58.16
 
MEASUREMENT 59
1.4716, 4.41481, 7.36319, 10.3064, 13.2548, 16.2031, 19.1774, 22.1309, 25.0793, 28.0277, 30.9502, 33.8934
7.68103, 7.83154, 8.2459, 8.72007, 9.32793, 9.24158, 10.2622, 11.3931, 12.6909, 16.5212, 11.9825, 0.0474773
0.00921262, 0.0093863, 0.00996025, 0.0107521, 0.0114673, 0.011434, 0.0126361, 0.0139788, 0.0153068, 0.0199118, 0.0144948, 0.00051107
0, 0.589331, 1.17866, 1.76799, 2.35732, 2.94665, 3.53598, 4.12532, 4.71465, 5.30398, 5.89331, 6.48264, 7.07197, 7.6613, 8.25063, 8.83996, 9.42929, 10.0186, 10.608, 11.1973, 11.7866, 12.3759, 12.9653, 13.5546, 14.1439, 14.7333, 15.3226, 15.9119, 16.5013, 17.0906, 17.6799, 18.2693, 18.8586, 19.4479, 20.0372, 20.6266, 21.2159, 21.8052, 22.3946, 22.9839, 23.5732, 24.1626, 24.7519, 25.3412, 25.9306, 26.5199, 27.1092, 27.6985, 28.2879, 28.8772, 29.4665, 30.0559, 30.6452, 31.2345, 31.8239, 32.4132, 33.0025, 33.5919, 34.1812, 34.7705
7.56589, 7.61035, 7.65607, 7.70312, 7.75155, 7.80143, 7.85285, 7.90586, 7.96056, 8.01704, 8.07538, 8.1357, 8.19811, 8.26271, 8.32966, 8.39908, 8.47114, 8.546, 8.62384, 8.70488, 8.78933, 8.87743, 8.96946, 9.06572, 9.16655, 9.27232, 9.38344, 9.5004, 9.62372, 9.75402, 9.89198, 10.0384, 10.1942, 10.3605, 10.5385, 10.7297, 10.9358, 11.1591, 11.4021, 11.668, 11.9609, 12.286, 12.6499, 13.0617, 13.5338, 14.084, 14.7393, 15.5434, 16.5751, 17.9667, 19.681, 20.3706, 16.9722, 9.49894, 3.14176, 0.570374, 0.0546134, 0.00269191, 6.01511e-05, 2.34201e-07
7.56589, 7.61791, 7.67151, 7.72676, 7.78376, 7.84259, 7.90334, 7.96612, 8.03104, 8.09823, 8.1678, 8.23991, 8.31471, 8.39235, 8.47303, 8.55693, 8.64428, 8.73531, 8.83028, 8.92948, 9.03322, 9.14186, 9.25579, 9.37544, 9.50131, 9.63393, 9.77394, 9.92204, 10.079, 10.2458, 10.4235, 10.6133, 10.8166, 11.0351, 11.2709, 11.5263, 11.8042, 12.1082, 12.4427, 12.8132, 13.2267, 13.6924, 14.2227, 14.8345, 15.5517, 16.4101, 17.4666, 18.8195, 20.6683, 23.4777, 27.9792, 32.9622, 31.7141, 20.1617, 7.394, 1.4591, 0.149637, 0.00782291, 0.000193896, 1.26051e-06
30.9401
58.16
 
MEASUREMENT 60
1.4716, 4.41481, 7.36319, 10.3064, 13.2548, 16.2031, 19.1774, 22.1309, 25.0793, 28.0277, 30.9502, 33.8934
7.70281, 7.85339, 8.2692, 8.74453, 9.35561, 9.26617, 10.2883, 11.4488, 12.7245, 16.5665, 12.0167, 0.0482009
0.00921262, 0.0093863, 0.00996025, 0.0107521, 0.0114673, 0.011434, 0.0126361, 0.0139788, 0.0153068, 0.0199118, 0.0144948, 0.00051107
0, 0.589331, 1.17866, 1.76799, 2.35732, 2.94665, 3.53598, 4.12532, 4.71465, 5.30398, 5.89331, 6.48264, 7.07197, 7.6613, 8.25063, 8.83996, 9.42929, 10.0186, 10.608, 11.1973, 11.7866, 12.3759, 12.9653, 13.5546, 14.1439, 14.7333, 15.3226, 15.9119, 16.5013, 17.0906, 17.6799, 18.2693, 18.8586, 19.4479, 20.0372, 20.6266, 21.2159, 21.8052, 22.3946, 22.9839, 23.5732, 24.1626, 24.7519, 25.3412, 25.9306, 26.5199, 27.1092, 27.6985, 28.2879, 28.8772, 29.4665, 30.0559, 30.6452, 31.2345, 31.8239, 32.4132, 33.0025, 33.5919, 34.1812, 34.7705
7.5881, 7.63269, 7.67855, 7.72574, 7.77431, 7.82435, 7.87592, 7.92909, 7.98396, 8.0406, 8.09912, 8.15962, 8.22221, 8.28702, 8.35416, 8.4238, 8.49607, 8.57116, 8.64924, 8.73052, 8.81522, 8.90359, 8.9959, 9.09245, 9.19359, 9.29967, 9.41114, 9.52845, 9.65214, 9.78284, 9.92122, 10.0681, 10.2244, 10.3912, 10.5697, 10.7615, 10.9683, 11.1922, 11.436, 11.7027, 11.9965, 12.3226, 12.6877, 13.1008, 13.5744, 14.1264, 14.7838, 15.5907, 16.626, 18.0222, 19.7387, 20.4209, 17.0106, 9.53069, 3.162, 0.577185, 0.0557073, 0.00277509, 6.31742e-05, 2.47839e-07
7.5881, 7.64027, 7.69403, 7.74945, 7.80661, 7.86561, 7.92654, 7.98951, 8.05462, 8.122, 8.19178, 8.26411, 8.33912, 8.41699, 8.49791, 8.58206, 8.66966, 8.76096, 8.85621, 8.95571, 9.05976, 9.16872, 9.28298, 9.40299, 9.52922, 9.66224, 9.80266, 9.9512, 10.1087, 10.2759, 10.4541, 10.6445, 10.8484, 11.0676, 11.3041, 11.5602, 11.839, 12.1439, 12.4794, 12.8509, 13.2657, 13.7329, 14.2648, 14.8784, 15.5978, 16.459, 17.5188, 18.8763, 20.7318, 23.5521, 28.0652, 33.0427, 31.7741, 20.2155, 7.43519, 1.47505, 0.152468, 0.0080551, 0.00020291, 1.33343e-06
30.9399
58.16
 
MEASUREMENT 61
1.4716, 4.41481, 7.36319, 10.3064, 13.2548, 16.2031, 19.1774, 22.1309, 25.0793, 28.0277, 30.9502, 33.8934
7.72305, 7.8746, 8.29198, 8.7687, 9.38004, 9.29109, 10.3167, 11.4674, 12.7609, 16.6122, 12.0491, 0.0484776
0.00921262, 0.0093863, 0.00996025, 0.0107521, 0.0114673, 0.011434, 0.0126361, 0.0139788, 0.0153068, 0.0199118, 0.0144948, 0.00051107
0, 0.589331, 1.17866, 1.76799, 2.35732, 2.94665, 3.53598, 4.12532, 4.71465, 5.30398, 5.89331, 6.48264, 7.07197, 7.6613, 8.25063, 8.83996, 9.42929, 10.0186, 10.608, 11.1973, 11.7866, 12.3759, 12.9653, 13.5546, 14.1439, 14.7333, 15.3226, 15.9119, 16.5013, 17.0906, 17.6799, 18.2693, 18.8586, 19.4479, 20.0372, 20.6266, 21.2159, 21.8052, 22.3946, 22.9839, 23.5732, 24.1626, 24.7519, 25.3412, 25.9306, 26.5199, 27.1092, 27.6985, 28.2879, 28.8772, 29.4665, 30.0559, 30.6452, 31.2345, 31.8239, 32.4132, 33.0025, 33.5919, 34.1812, 34.7705
7.60799, 7.65269, 7.69867, 7.74599, 7.79469, 7.84486, 7.89656, 7.94987, 8.00488, 8.06168, 8.12035, 8.18101, 8.24376, 8.30874, 8.37606, 8.44588, 8.51834, 8.59362, 8.6719, 8.7534, 8.83832, 8.92692, 9.01947, 9.11628, 9.21768, 9.32404, 9.4358, 9.55341, 9.67743, 9.80847, 9.94721, 10.0945, 10.2512, 10.4184, 10.5974, 10.7896, 10.997, 11.2215, 11.4659, 11.7334, 12.0279, 12.3549, 12.7209, 13.1351, 13.6099, 14.1634, 14.8225, 15.6315, 16.6696, 18.0693, 19.7897, 20.4724, 17.0543, 9.55856, 3.17377, 0.58008, 0.0560881, 0.00280063, 6.40176e-05, 2.51545e-07
7.60799, 7.6603, 7.71419, 7.76976, 7.82707, 7.88622, 7.94732, 8.01045, 8.07573, 8.14329, 8.21325, 8.28576, 8.36097, 8.43905, 8.52018, 8.60455, 8.69238, 8.78392, 8.87942, 8.97917, 9.08349, 9.19274, 9.3073, 9.42762, 9.55419, 9.68755, 9.82834, 9.97726, 10.1351, 10.3029, 10.4815, 10.6724, 10.8768, 11.0966, 11.3337, 11.5905, 11.87, 12.1757, 12.512, 12.8846, 13.3004, 13.7688, 14.3021, 14.9173, 15.6386, 16.502, 17.5646, 18.9257, 20.7861, 23.6139, 28.138, 33.125, 31.8528, 20.2718, 7.46155, 1.48216, 0.153479, 0.00812744, 0.000205463, 1.35333e-06
30.9401
58.16
 
MEASUREMENT 62
1.4716, 4.41481, 7.36319, 10.3064, 13.2548, 16.2031, 19.1774, 22.1309, 25.0793, 28.0277, 30.9502, 33.8934
7.82128, 7.97517, 8.39721, 8.8798, 9.49978, 9.41062, 10.4489, 11.6149, 12.9217, 16.8237, 12.2039, 0.0479548
0.00921262, 0.0093863, 0.00996025, 0.0107521, 0.0114673, 0.011434, 0.0126361, 0.0139788, 0.0153068, 0.0199118, 0.0144948, 0.00051107
0, 0.589331, 1.17866, 1.76799, 2.35732, 2.94665, 3.53598, 4.12532, 4.71465, 5.30398, 5.89331, 6.48264, 7.07197, 7.6613, 8.25063, 8.83996, 9.42929, 10.0186, 10.608, 11.1973, 11.7866, 12.3759, 12.9653, 13.5546, 14.1439, 14.7333, 15.3226, 15.9119, 16.5013, 17.0906, 17.6799, 18.2693, 18.8586, 19.4479, 20.0372, 20.6266, 21.2159, 21.8052, 22.3946, 22.9839, 23.5732, 24.1626, 24.7519, 25.3412, 25.9306, 26.5199, 27.1092, 27.6985, 28.2879, 28.8772, 29.4665, 30.0559, 30.6452, 31.2345, 31.8239, 32.4132, 33.0025, 33.5919, 34.1812, 34.7705
7.705, 7.75028, 7.79684, 7.84476, 7.89409, 7.94489, 7.99726, 8.05125, 8.10696, 8.16448, 8.2239, 8.28533, 8.34889, 8.41469, 8.48287, 8.55358, 8.62697, 8.70321, 8.78249, 8.86502, 8.95103, 9.04076, 9.13449, 9.23253, 9.33523, 9.44295, 9.55613, 9.67524, 9.80085, 9.93355, 10.0741, 10.2232, 10.3819, 10.5512, 10.7325, 10.9272, 11.1372, 11.3646, 11.6121, 11.883, 12.1813, 12.5124, 12.883, 13.3025, 13.7833, 14.3437, 15.0111, 15.8301, 16.8809, 18.2984, 20.0467, 20.7545, 17.2924, 9.66994, 3.19149, 0.577312, 0.0549924, 0.00269221, 5.94331e-05, 2.30383e-07
7.705, 7.75798, 7.81256, 7.86883, 7.92688, 7.98679, 8.04866, 8.11259, 8.17871, 8.24713, 8.31799, 8.39142, 8.46759, 8.54666, 8.62882, 8.71427, 8.80323, 8.89593, 8.99265, 9.09367, 9.19933, 9.30996, 9.42599, 9.54784, 9.67602, 9.81108, 9.95367, 10.1045, 10.2644, 10.4342, 10.6152, 10.8084, 11.0155, 11.2381, 11.4782, 11.7383, 12.0213, 12.3309, 12.6715, 13.0488, 13.4699, 13.9442, 14.4843, 15.1073, 15.8376, 16.7118, 17.7876, 19.1653, 21.0475, 23.9077, 28.4936, 33.5798, 32.3144, 20.5287, 7.51322, 1.47735, 0.150732, 0.00782704, 0.000191973, 1.2397e-06
30.9398
58.16
 
MEASUREMENT 63
1.4716, 4.41481, 7.36319, 10.3064, 13.2548, 16.2031, 19.1774, 22.1309, 25.0793, 28.0277, 30.9502, 33.8934
8.23076, 8.39281, 8.83686, 9.34462, 9.99725, 9.90258, 10.9955, 12.2219, 13.6, 17.6913, 12.8434, 0.0521841
0.00921262, 0.0093863, 0.00996025, 0.0107521, 0.0114673, 0.011434, 0.0126361, 0.0139788, 0.0153068, 0.0199118, 0.0144948, 0.00051107
0, 0.589331, 1.17866, 1.76799, 2.35732, 2.94665, 3.53598, 4.12532, 4.71465, 5.30398, 5.89331, 6.48264, 7.07197, 7.6613, 8.25063, 8.83996, 9.42929, 10.0186, 10.608, 11.1973, 11.7866, 12.3759, 12.9653, 13.5546, 14.1439, 14.7333, 15.3226, 15.9119, 16.5013, 17.0906, 17.6799, 18.2693, 18.8586, 19.4479, 20.0372, 20.6266, 21.2159, 21.8052, 22.3946, 22.9839, 23.5732, 24.1626, 24.7519, 25.3412, 25.9306, 26.5199, 27.1092, 27.6985, 28.2879, 28.8772, 29.4665, 30.0559, 30.6452, 31.2345, 31.8239, 32.4132, 33.0025, 33.5919, 34.1812, 34.7705
8.10914, 8.15677, 8.20576, 8.25616, 8.30805, 8.36149, 8.41657, 8.47337, 8.53197, 8.59247, 8.65498, 8.7196, 8.78645, 8.85567, 8.92738, 9.00176, 9.07895, 9.15914, 9.24253, 9.32934, 9.4198, 9.51418, 9.61276, 9.71588, 9.82388, 9.93717, 10.0562, 10.1815, 10.3136, 10.4531, 10.6009, 10.7577, 10.9246, 11.1027, 11.2933, 11.4981, 11.7189, 11.958, 12.2182, 12.5029, 12.8166, 13.1647, 13.5543, 13.9953, 14.5007, 15.0897, 15.7912, 16.6519, 17.7562, 19.2447, 21.0738, 21.8024, 18.1757, 10.2043, 3.39733, 0.62323, 0.0605396, 0.00303986, 7.01651e-05, 2.76387e-07
8.10914, 8.16489, 8.22233, 8.28155, 8.34264, 8.40568, 8.47079, 8.53808, 8.60766, 8.67966, 8.75423, 8.83151, 8.91166, 8.99487, 9.08134, 9.17126, 9.26487, 9.36242, 9.4642, 9.57052, 9.6817, 9.79812, 9.92022, 10.0484, 10.1833, 10.3255, 10.4755, 10.6342, 10.8024, 10.9812, 11.1716, 11.375, 11.5928, 11.827, 12.0797, 12.3534, 12.6512, 12.977, 13.3354, 13.7323, 14.1754, 14.6745, 15.2427, 15.8982, 16.6666, 17.5865, 18.7184, 20.1681, 22.1494, 25.16, 29.9756, 35.2908, 33.9627, 21.6535, 7.99251, 1.59363, 0.165798, 0.0088294, 0.00022509, 1.4896e-06
30.9419
58.17
 
MEASUREMENT 64
1.4716, 4.41481, 7.36319, 10.3064, 13.2548, 16.2031, 19.1774, 22.1309, 25.0793, 28.0277, 30.9502, 33.8934
8.0378, 8.19657, 8.63004, 9.12526, 9.76299, 9.67206, 10.7394, 11.9365, 13.2815, 17.3039, 12.5425, 0.0494266
0.00921262, 0.0093863, 0.00996025, 0.0107521, 0.0114673, 0.011434, 0.0126361, 0.0139788, 0.0153068, 0.0199118, 0.0144948, 0.00051107
0, 0.589331, 1.17866, 1.76799, 2.35732, 2.94665, 3.53598, 4.12532, 4.71465, 5.30398, 5.89331, 6.48264, 7.07197, 7.6613, 8.25063, 8.83996, 9.42929, 10.0186, 10.608, 11.1973, 11.7866, 12.3759, 12.9653, 13.5546, 14.1439, 14.7333, 15.3226, 15.9119, 16.5013, 17.0906, 17.6799, 18.2693, 18.8586, 19.4479, 20.0372, 20.6266, 21.2159, 21.8052, 22.3946, 22.9839, 23.5732, 24.1626, 24.7519, 25.3412, 25.9306, 26.5199, 27.1092, 27.6985, 28.2879, 28.8772, 29.4665, 30.0559, 30.6452, 31.2345, 31.8239, 32.4132, 33.0025, 33.5919, 34.1812, 34.7705
7.91774, 7.96429, 8.01217, 8.06144, 8.11215, 8.16439, 8.21823, 8.27375, 8.33103, 8.39017, 8.45127, 8.51444, 8.57979, 8.64746, 8.71757, 8.79027, 8.86574, 8.94414, 9.02567, 9.11054, 9.19898, 9.29126, 9.38765, 9.48848, 9.59408, 9.70487, 9.82126, 9.94377, 10.073, 10.2094, 10.354, 10.5074, 10.6706, 10.8448, 11.0312, 11.2315, 11.4476, 11.6815, 11.9361, 12.2148, 12.5217, 12.8624, 13.2438, 13.6755, 14.1704, 14.7473, 15.4344, 16.2778, 17.3603, 18.8207, 20.6193, 21.3381, 17.7652, 9.93031, 3.27921, 0.594265, 0.0567931, 0.0027938, 6.22025e-05, 2.42281e-07
7.91774, 7.97218, 8.02828, 8.08611, 8.14576, 8.20732, 8.27091, 8.33661, 8.40456, 8.47488, 8.54769, 8.62316, 8.70144, 8.7827, 8.86714, 8.95496, 9.04638, 9.14165, 9.24105, 9.34487, 9.45345, 9.56716, 9.6864, 9.81163, 9.94337, 10.0822, 10.2287, 10.3837, 10.548, 10.7226, 10.9086, 11.1072, 11.32, 11.5488, 11.7956, 12.0629, 12.3539, 12.6721, 13.0222, 13.41, 13.8429, 14.3305, 14.8856, 15.5261, 16.277, 17.1759, 18.2822, 19.6993, 21.636, 24.5803, 29.2967, 34.505, 33.1665, 21.0534, 7.70716, 1.51795, 0.155358, 0.00810522, 0.000200282, 1.30081e-06
30.9383
58.16
 
MEASUREMENT 65
1.4716, 4.41481, 7.36319, 10.3064, 13.2548, 16.2031, 19.1774, 22.1309, 25.0793, 28.0277, 30.9502, 33.8934
7.68468, 7.83452, 8.24918, 8.72243, 9.33135, 9.24348, 10.2635, 11.4073, 12.6943, 16.5248, 11.9857, 0.0475589
0.00921262, 0.0093863, 0.00996025, 0.0107521, 0.0114673, 0.011434, 0.0126361, 0.0139788, 0.0153068, 0.0199118, 0.0144948, 0.00051107
0, 0.589331, 1.17866, 1.76799, 2.35732, 2.94665, 3.53598, 4.12532, 4.71465, 5.30398, 5.89331, 6.48264, 7.07197, 7.6613, 8.25063, 8.83996, 9.42929, 10.0186, 10.608, 11.1973, 11.7866, 12.3759, 12.9653, 13.5546, 14.1439, 14.7333, 15.3226, 15.9119, 16.5013, 17.0906, 17.6799, 18.2693, 18.8586, 19.4479, 20.0372, 20.6266, 21.2159, 21.8052, 22.3946, 22.9839, 23.5732, 24.1626, 24.7519, 25.3412, 25.9306, 26.5199, 27.1092, 27.6985, 28.2879, 28.8772, 29.4665, 30.0559, 30.6452, 31.2345, 31.8239, 32.4132, 33.0025, 33.5919, 34.1812, 34.7705
7.56903, 7.6135, 7.65924, 7.7063, 7.75475, 7.80465, 7.85609, 7.90912, 7.96384, 8.02033, 8.0787, 8.13904, 8.20146, 8.26609, 8.33306, 8.40251, 8.47459, 8.54947, 8.62734, 8.70841, 8.79288, 8.88101, 8.97308, 9.06937, 9.17023, 9.27603, 9.38719, 9.50419, 9.62755, 9.75788, 9.89589, 10.0424, 10.1982, 10.3645, 10.5426, 10.7338, 10.94, 11.1634, 11.4064, 11.6725, 11.9654, 12.2906, 12.6546, 13.0666, 13.5388, 14.0891, 14.7445, 15.5489, 16.5809, 17.9727, 19.6868, 20.3751, 16.9755, 9.50204, 3.14394, 0.571134, 0.0547367, 0.00270129, 6.04911e-05, 2.35707e-07
7.56903, 7.62107, 7.67469, 7.72997, 7.78699, 7.84584, 7.90662, 7.96942, 8.03437, 8.10159, 8.17119, 8.24333, 8.31815, 8.39583, 8.47654, 8.56048, 8.64786, 8.73893, 8.83394, 8.93318, 9.03697, 9.14565, 9.25963, 9.37933, 9.50525, 9.63793, 9.77799, 9.92615, 10.0832, 10.2501, 10.4278, 10.6177, 10.8211, 11.0397, 11.2756, 11.5311, 11.8091, 12.1133, 12.4479, 12.8185, 13.2322, 13.6981, 14.2286, 14.8406, 15.5581, 16.417, 17.4739, 18.8274, 20.677, 23.4878, 27.9908, 32.9739, 31.7241, 20.1704, 7.3999, 1.4612, 0.14999, 0.00785098, 0.000194959, 1.26897e-06
30.9401
58.16
 
MEASUREMENT 66
1.4716, 4.41481, 7.36319, 10.3064, 13.2548, 16.2031, 19.1774, 22.1309, 25.0793, 28.0277, 30.9502, 33.8934
7.95677, 8.11306, 8.54163, 9.03376, 9.67569, 9.57436, 10.6409, 11.8148, 13.1471, 17.1021, 12.4135, 0.0498222
0.00921262, 0.0093863, 0.00996025, 0.0107521, 0.0114673, 0.011434, 0.0126361, 0.0139788, 0.0153068, 0.0199118, 0.0144948, 0.00051107
0, 0.589331, 1.17866, 1.76799, 2.35732, 2.94665, 3.53598, 4.12532, 4.71465, 5.30398, 5.89331, 6.48264, 7.07197, 7.6613, 8.25063, 8.83996, 9.42929, 10.0186, 10.608, 11.1973, 11.7866, 12.3759, 12.9653, 13.5546, 14.1439, 14.7333, 15.3226, 15.9119, 16.5013, 17.0906, 17.6799, 18.2693, 18.8586, 19.4479, 20.0372, 20.6266, 21.2159, 21.8052, 22.3946, 22.9839, 23.5732, 24.1626, 24.7519, 25.3412, 25.9306, 26.5199, 27.1092, 27.6985, 28.2879, 28.8772, 29.4665, 30.0559, 30.6452, 31.2345, 31.8239, 32.4132, 33.0025, 33.5919, 34.1812, 34.7705
7.84123, 7.88728, 7.93464, 7.98337, 8.03354, 8.08521, 8.13846, 8.19338, 8.25003, 8.30853, 8.36896, 8.43143, 8.49607, 8.56298, 8.63232, 8.70422, 8.77885, 8.85638, 8.937, 9.02092, 9.10838, 9.19962, 9.29493, 9.39462, 9.49903, 9.60856, 9.72363, 9.84475, 9.97245, 10.1074, 10.2502, 10.4018, 10.5632, 10.7353, 10.9196, 11.1175, 11.331, 11.5621, 11.8137, 12.0889, 12.3921, 12.7286, 13.1053, 13.5315, 14.02, 14.5893, 15.2673, 16.0991, 17.1662, 18.6048, 20.3751, 21.0852, 17.5761, 9.85458, 3.27055, 0.596825, 0.0575428, 0.00286121, 6.49278e-05, 2.53977e-07
7.84123, 7.89514, 7.95069, 8.00795, 8.06702, 8.12798, 8.19094, 8.25601, 8.32329, 8.39291, 8.46502, 8.53974, 8.61725, 8.69772, 8.78132, 8.86827, 8.95879, 9.05313, 9.15155, 9.25435, 9.36186, 9.47444, 9.5925, 9.7165, 9.84693, 9.98436, 10.1295, 10.2829, 10.4456, 10.6185, 10.8026, 10.9992, 11.2099, 11.4364, 11.6807, 11.9453, 12.2333, 12.5483, 12.8949, 13.2788, 13.7072, 14.1898, 14.7392, 15.373, 16.1161, 17.0055, 18.1, 19.5015, 21.4167, 24.3265, 28.9858, 34.1421, 32.8651, 20.9316, 7.70316, 1.52806, 0.157806, 0.00832258, 0.000209054, 1.36995e-06
30.9415
58.17
 
MEASUREMENT 67
1.4716, 4.41481, 7.36319, 10.3064, 13.2548, 16.2031, 19.1774, 22.1309, 25.0793, 28.0277, 30.9502, 33.8934
8.12194, 8.28019, 8.71849, 9.21946, 9.85063, 9.77058, 10.8382, 12.0577, 13.4174, 17.481, 12.6726, 0.0505303
0.00921262, 0.0093863, 0.00996025, 0.0107521, 0.0114673, 0.011434, 0.0126361, 0.0139788, 0.0153068, 0.0199118, 0.0144948, 0.00051107
0, 0.589331, 1.17866, 1.76799, 2.35732, 2.94665, 3.53598, 4.12532, 4.71465, 5.30398, 5.89331, 6.48264, 7.07197, 7.6613, 8.25063, 8.83996, 9.42929, 10.0186, 10.608, 11.1973, 11.7866, 12.3759, 12.9653, 13.5546, 14.1439, 14.7333, 15.3226, 15.9119, 16.5013, 17.0906, 17.6799, 18.2693, 18.8586, 19.4479, 20.0372, 20.6266, 21.2159, 21.8052, 22.3946, 22.9839, 23.5732, 24.1626, 24.7519, 25.3412, 25.9306, 26.5199, 27.1092, 27.6985, 28.2879, 28.8772, 29.4665, 30.0559, 30.6452, 31.2345, 31.8239, 32.4132, 33.0025, 33.5919, 34.1812, 34.7705
7.99694, 8.04396, 8.09233, 8.14209, 8.19332, 8.24609, 8.30047, 8.35655, 8.41441, 8.47415, 8.53587, 8.59967, 8.66568, 8.73403, 8.80485, 8.87829, 8.95452, 9.03371, 9.11606, 9.20179, 9.29113, 9.38434, 9.48171, 9.58356, 9.69023, 9.80214, 9.91971, 10.0435, 10.174, 10.3118, 10.4578, 10.6128, 10.7776, 10.9536, 11.142, 11.3443, 11.5625, 11.7988, 12.056, 12.3375, 12.6476, 12.9918, 13.3771, 13.8132, 14.3131, 14.8959, 15.5901, 16.4423, 17.536, 19.0115, 20.8261, 21.5467, 17.941, 10.0416, 3.32607, 0.605795, 0.0583084, 0.00289515, 6.55279e-05, 2.56828e-07
7.99694, 8.05193, 8.10858, 8.16699, 8.22724, 8.28942, 8.35364, 8.42, 8.48863, 8.55964, 8.63319, 8.70941, 8.78847, 8.87055, 8.95583, 9.04452, 9.13685, 9.23308, 9.33347, 9.43833, 9.54799, 9.66283, 9.78327, 9.90975, 10.0428, 10.183, 10.331, 10.4876, 10.6535, 10.8298, 11.0177, 11.2183, 11.4332, 11.6642, 11.9135, 12.1835, 12.4773, 12.7987, 13.1523, 13.544, 13.9812, 14.4737, 15.0344, 15.6812, 16.4397, 17.3476, 18.465, 19.8963, 21.853, 24.8278, 29.5885, 34.8332, 33.476, 21.2724, 7.80983, 1.54576, 0.159323, 0.0083891, 0.000210266, 1.37815e-06
30.9387
58.16
 
MEASUREMENT 68
1.4716, 4.41481, 7.36319, 10.3064, 13.2548, 16.2031, 19.1774, 22.1309, 25.0793, 28.0277, 30.9502, 33.8934
7.73866, 7.89169, 8.30849, 8.78612, 9.39938, 9.31124, 10.3387, 11.4918, 12.7881, 16.647, 12.0748, 0.0479352
0.00921262, 0.0093863, 0.00996025, 0.0107521, 0.0114673, 0.011434, 0.0126361, 0.0139788, 0.0153068, 0.0199118, 0.0144948, 0.00051107
0, 0.589331, 1.17866, 1.76799, 2.35732, 2.94665, 3.53598, 4.12532, 4.71465, 5.30398, 5.89331, 6.48264, 7.07197, 7.6613, 8.25063, 8.83996, 9.42929, 10.0186, 10.608, 11.1973, 11.7866, 12.3759, 12.9653, 13.5546, 14.1439, 14.7333, 15.3226, 15.9119, 16.5013, 17.0906, 17.6799, 18.2693, 18.8586, 19.4479, 20.0372, 20.6266, 21.2159, 21.8052, 22.3946, 22.9839, 23.5732, 24.1626, 24.7519, 25.3412, 25.9306, 26.5199, 27.1092, 27.6985, 28.2879, 28.8772, 29.4665, 30.0559, 30.6452, 31.2345, 31.8239, 32.4132, 33.0025, 33.5919, 34.1812, 34.7705
7.62372, 7.66853, 7.7146, 7.76202, 7.81083, 7.8611, 7.91291, 7.96634, 8.02147, 8.07838, 8.13718, 8.19797, 8.26086, 8.32597, 8.39344, 8.4634, 8.53602, 8.61146, 8.68992, 8.77158, 8.85669, 8.94548, 9.03823, 9.13525, 9.23686, 9.34346, 9.45545, 9.57332, 9.69761, 9.82893, 9.96797, 10.1155, 10.2726, 10.4402, 10.6195, 10.8122, 11.02, 11.2451, 11.49, 11.758, 12.0532, 12.3809, 12.7477, 13.1628, 13.6387, 14.1933, 14.8538, 15.6645, 16.7047, 18.1077, 19.8353, 20.5279, 17.1009, 9.57157, 3.1672, 0.57553, 0.0551876, 0.00272571, 6.11232e-05, 2.38387e-07
7.62372, 7.67614, 7.73015, 7.78583, 7.84326, 7.90254, 7.96376, 8.02702, 8.09244, 8.16014, 8.23025, 8.30291, 8.37828, 8.45651, 8.53781, 8.62236, 8.71037, 8.8021, 8.8978, 8.99776, 9.1023, 9.21177, 9.32657, 9.44714, 9.57397, 9.70761, 9.8487, 9.99793, 10.1561, 10.3242, 10.5032, 10.6945, 10.8993, 11.1196, 11.3571, 11.6145, 11.8946, 12.2009, 12.538, 12.9113, 13.328, 13.7973, 14.3317, 14.9482, 15.6709, 16.5361, 17.6008, 18.9643, 20.8278, 23.6598, 28.1961, 33.212, 31.9463, 20.3084, 7.45058, 1.47156, 0.151129, 0.0079166, 0.000196826, 1.28237e-06
30.9398
58.16
 
MEASUREMENT 69
1.4716, 4.41481, 7.36319, 10.3064, 13.2548, 16.2031, 19.1774, 22.1309, 25.0793, 28.0277, 30.9502, 33.8934
7.67568, 7.82616, 8.24061, 8.71457, 9.32193, 9.23512, 10.2551, 11.3972, 12.6824, 16.5114, 11.9763, 0.0488019
0.00921262, 0.0093863, 0.00996025, 0.0107521, 0.0114673, 0.011434, 0.0126361, 0.0139788, 0.0153068, 0.0199118, 0.0144948, 0.00051107
0, 0.589331, 1.17866, 1.76799, 2.35732, 2.94665, 3.53598, 4.12532, 4.71465, 5.30398, 5.89331, 6.48264, 7.07197, 7.6613, 8.25063, 8.83996, 9.42929, 10.0186, 10.608, 11.1973, 11.7866, 12.3759, 12.9653, 13.5546, 14.1439, 14.7333, 15.3226, 15.9119, 16.5013, 17.0906, 17.6799, 18.2693, 18.8586, 19.4479, 20.0372, 20.6266, 21.2159, 21.8052, 22.3946, 22.9839, 23.5732, 24.1626, 24.7519, 25.3412, 25.9306, 26.5199, 27.1092, 27.6985, 28.2879, 28.8772, 29.4665, 30.0559, 30.6452, 31.2345, 31.8239, 32.4132, 33.0025, 33.5919, 34.1812, 34.7705
7.56128, 7.60571, 7.65141, 7.69844, 7.74685, 7.79671, 7.8481, 7.90108, 7.95576, 8.01221, 8.07052, 8.13081, 8.19319, 8.25776, 8.32468, 8.39407, 8.46609, 8.54092, 8.61872, 8.69972, 8.78413, 8.87219, 8.96418, 9.0604, 9.16118, 9.2669, 9.37798, 9.49488, 9.61815, 9.74839, 9.8863, 10.0327, 10.1884, 10.3546, 10.5325, 10.7236, 10.9297, 11.1529, 11.3958, 11.6617, 11.9545, 12.2794, 12.6433, 13.055, 13.527, 14.0772, 14.7324, 15.5367, 16.5689, 17.9603, 19.6674, 20.338, 16.9416, 9.50742, 3.16704, 0.582067, 0.0567304, 0.00286263, 6.66327e-05, 2.63823e-07
7.56128, 7.61327, 7.66683, 7.72206, 7.77902, 7.83781, 7.89852, 7.96127, 8.02615, 8.09329, 8.16283, 8.23489, 8.30964, 8.38724, 8.46786, 8.55172, 8.63901, 8.72999, 8.8249, 8.92404, 9.02772, 9.1363, 9.25015, 9.36973, 9.49552, 9.62807, 9.76799, 9.916, 10.0729, 10.2396, 10.4172, 10.6068, 10.81, 11.0284, 11.2641, 11.5193, 11.7971, 12.1009, 12.4352, 12.8055, 13.2188, 13.6843, 14.2143, 14.8258, 15.5427, 16.4009, 17.4572, 18.8102, 20.6602, 23.4725, 27.9664, 32.9044, 31.6289, 20.1492, 7.43918, 1.48576, 0.155069, 0.00829771, 0.000213119, 1.41888e-06
30.9403
58.16
 
MEASUREMENT 70
1.4716, 4.41481, 7.36319, 10.3064, 13.2548, 16.2031, 19.1774, 22.1309, 25.0793, 28.0277, 30.9502, 33.8934
7.71095, 7.86158, 8.27573, 8.75289, 9.3647, 9.27566, 10.2992, 11.4471, 12.7383, 16.5827, 12.0284, 0.0476985
0.00921262, 0.0093863, 0.00996025, 0.0107521, 0.0114673, 0.011434, 0.0126361, 0.0139788, 0.0153068, 0.0199118, 0.0144948, 0.00051107
0, 0.589331, 1.17866, 1.76799, 2.35732, 2.94665, 3.53598, 4.12532, 4.71465, 5.30398, 5.89331, 6.48264, 7.07197, 7.6613, 8.25063, 8.83996, 9.42929, 10.0186, 10.608, 11.1973, 11.7866, 12.3759, 12.9653, 13.5546, 14.1439, 14.7333, 15.3226, 15.9119, 16.5013, 17.0906, 17.6799, 18.2693, 18.8586, 19.4479, 20.0372, 20.6266, 21.2159, 21.8052, 22.3946, 22.9839, 23.5732, 24.1626, 24.7519, 25.3412, 25.9306, 26.5199, 27.1092, 27.6985, 28.2879, 28.8772, 29.4665, 30.0559, 30.6452, 31.2345, 31.8239, 32.4132, 33.0025, 33.5919, 34.1812, 34.7705
7.59498, 7.63961, 7.68551, 7.73274, 7.78135, 7.83143, 7.88305, 7.93627, 7.99118, 8.04787, 8.10644, 8.16699, 8.22964, 8.2945, 8.3617, 8.43139, 8.50373, 8.57887, 8.65702, 8.73837, 8.82314, 8.91159, 9.00397, 9.10061, 9.20182, 9.308, 9.41955, 9.53696, 9.66076, 9.79156, 9.93006, 10.0771, 10.2335, 10.4004, 10.5791, 10.771, 10.9779, 11.2021, 11.446, 11.713, 12.007, 12.3333, 12.6987, 13.1121, 13.586, 14.1384, 14.7962, 15.6035, 16.6393, 18.0363, 19.757, 20.4485, 17.0366, 9.53553, 3.15449, 0.572897, 0.0548853, 0.00270734, 6.05757e-05, 2.35985e-07
7.59498, 7.6472, 7.701, 7.75647, 7.81369, 7.87274, 7.93373, 7.99675, 8.06192, 8.12937, 8.19921, 8.2716, 8.34668, 8.42462, 8.50561, 8.58983, 8.67752, 8.7689, 8.86424, 8.96382, 9.06796, 9.17702, 9.29138, 9.4115, 9.53784, 9.67098, 9.81153, 9.9602, 10.1178, 10.2852, 10.4636, 10.6541, 10.8582, 11.0776, 11.3142, 11.5706, 11.8496, 12.1548, 12.4906, 12.8625, 13.2776, 13.7451, 14.2775, 14.8916, 15.6115, 16.4733, 17.5339, 18.8921, 20.7481, 23.5686, 28.0873, 33.0879, 31.8332, 20.238, 7.42333, 1.46541, 0.150366, 0.00786685, 0.000195209, 1.27004e-06
30.94
58.16
 
MEASUREMENT 71
1.4716, 4.41481, 7.36319, 10.3064, 13.2548, 16.2031, 19.1774, 22.1309, 25.0793, 28.0277, 30.9502, 33.8934
7.76756, 7.92041, 8.3407, 8.81897, 9.43396, 9.34659, 10.378, 11.5356, 12.8363, 16.7094, 12.1205, 0.0476475
0.00921262, 0.0093863, 0.00996025, 0.0107521, 0.0114673, 0.011434, 0.0126361, 0.0139788, 0.0153068, 0.0199118, 0.0144948, 0.00051107
0, 0.589331, 1.17866, 1.76799, 2.35732, 2.94665, 3.53598, 4.12532, 4.71465, 5.30398, 5.89331, 6.48264, 7.07197, 7.6613, 8.25063, 8.83996, 9.42929, 10.0186, 10.608, 11.1973, 11.7866, 12.3759, 12.9653, 13.5546, 14.1439, 14.7333, 15.3226, 15.9119, 16.5013, 17.0906, 17.6799, 18.2693, 18.8586, 19.4479, 20.0372, 20.6266, 21.2159, 21.8052, 22.3946, 22.9839, 23.5732, 24.1626, 24.7519, 25.3412, 25.9306, 26.5199, 27.1092, 27.6985, 28.2879, 28.8772, 29.4665, 30.0559, 30.6452, 31.2345, 31.8239, 32.4132, 33.0025, 33.5919, 34.1812, 34.7705
7.65231, 7.69729, 7.74354, 7.79113, 7.84012, 7.89059, 7.9426, 7.99623, 8.05156, 8.10869, 8.16771, 8.22873, 8.29186, 8.35722, 8.42494, 8.49517, 8.56806, 8.64379, 8.72254, 8.80452, 8.88995, 8.97907, 9.07218, 9.16956, 9.27156, 9.37856, 9.49098, 9.6093, 9.73406, 9.86588, 10.0054, 10.1536, 10.3112, 10.4794, 10.6595, 10.8529, 11.0615, 11.2874, 11.5332, 11.8023, 12.0986, 12.4275, 12.7957, 13.2124, 13.6901, 14.2468, 14.9098, 15.7235, 16.7675, 18.1759, 19.9126, 20.6141, 17.1732, 9.60254, 3.16949, 0.573494, 0.054657, 0.00267785, 5.91966e-05, 2.29645e-07
7.65231, 7.70493, 7.75914, 7.81503, 7.87268, 7.93218, 7.99362, 8.05712, 8.12279, 8.19074, 8.26112, 8.33405, 8.4097, 8.48823, 8.56983, 8.6547, 8.74304, 8.83512, 8.93118, 9.03151, 9.13644, 9.24633, 9.36156, 9.48258, 9.60989, 9.74403, 9.88564, 10.0354, 10.1942, 10.3629, 10.5426, 10.7346, 10.9402, 11.1613, 11.3998, 11.6581, 11.9392, 12.2467, 12.585, 12.9597, 13.378, 13.8491, 14.3855, 15.0042, 15.7297, 16.598, 17.6666, 19.035, 20.9048, 23.7462, 28.3015, 33.35, 32.087, 20.3814, 7.45951, 1.46716, 0.149765, 0.00778269, 0.000191113, 1.23529e-06
30.9396
58.16
 
MEASUREMENT 72
1.4716, 4.41481, 7.36319, 10.3064, 13.2548, 16.2031, 19.1774, 22.1309, 25.0793, 28.0277, 30.9502, 33.8934
8.28963, 8.45101, 8.89942, 9.41069, 10.0674, 9.97356, 11.0855, 12.3089, 13.6957, 17.8167, 12.9335, 0.0517436
0.00921262, 0.0093863, 0.00996025, 0.0107521, 0.0114673, 0.011434, 0.0126361, 0.0139788, 0.0153068, 0.0199118, 0.0144948, 0.00051107
0, 0.589331, 1.17866, 1.76799, 2.35732, 2.94665, 3.53598, 4.12532, 4.71465, 5.30398, 5.89331, 6.48264, 7.07197, 7.6613, 8.25063, 8.83996, 9.42929, 10.0186, 10.608, 11.1973, 11.7866, 12.3759, 12.9653, 13.5546, 14.1439, 14.7333, 15.3226, 15.9119, 16.5013, 17.0906, 17.6799, 18.2693, 18.8586, 19.4479, 20.0372, 20.6266, 21.2159, 21.8052, 22.3946, 22.9839, 23.5732, 24.1626, 24.7519, 25.3412, 25.9306, 26.5199, 27.1092, 27.6985, 28.2879, 28.8772, 29.4665, 30.0559, 30.6452, 31.2345, 31.8239, 32.4132, 33.0025, 33.5919, 34.1812, 34.7705
8.16734, 8.21531, 8.26465, 8.31542, 8.36768, 8.42151, 8.47698, 8.53419, 8.59321, 8.65415, 8.71711, 8.78219, 8.84952, 8.91924, 8.99147, 9.06638, 9.14412, 9.22489, 9.30888, 9.39632, 9.48743, 9.58249, 9.68178, 9.78564, 9.89442, 10.0085, 10.1284, 10.2546, 10.3876, 10.5282, 10.677, 10.835, 11.0031, 11.1824, 11.3744, 11.5807, 11.803, 12.0439, 12.306, 12.5928, 12.9087, 13.2593, 13.6517, 14.0958, 14.6049, 15.1982, 15.9046, 16.7715, 17.8835, 19.3828, 21.2289, 21.9715, 18.3152, 10.2655, 3.40411, 0.62034, 0.059693, 0.00296053, 6.68815e-05, 2.61208e-07
8.16734, 8.22349, 8.28135, 8.34099, 8.40252, 8.46602, 8.5316, 8.59936, 8.66944, 8.74197, 8.81707, 8.8949, 8.97564, 9.05945, 9.14653, 9.2371, 9.33139, 9.42964, 9.53216, 9.63923, 9.75122, 9.86848, 9.99146, 10.1206, 10.2565, 10.3996, 10.5507, 10.7106, 10.88, 11.0601, 11.2519, 11.4567, 11.6761, 11.912, 12.1665, 12.4422, 12.7421, 13.0702, 13.4312, 13.8311, 14.2773, 14.78, 15.3523, 16.0125, 16.7865, 17.7129, 18.8529, 20.3127, 22.3074, 25.3381, 30.1922, 35.567, 34.2374, 21.7985, 8.01548, 1.58781, 0.163653, 0.00860891, 0.000215401, 1.40799e-06
30.9414
58.17
 
MEASUREMENT 73
1.4716, 4.41481, 7.36319, 10.3064, 13.2548, 16.2031, 19.1774, 22.1309, 25.0793, 28.0277, 30.9502, 33.8934
7.96104, 8.11684, 8.54514, 9.03799, 9.66846, 9.57738, 10.6226, 11.819, 13.1514, 17.1348, 12.421, 0.049403
0.00921262, 0.0093863, 0.00996025, 0.0107521, 0.0114673, 0.011434, 0.0126361, 0.0139788, 0.0153068, 0.0199118, 0.0144948, 0.00051107
0, 0.589331, 1.17866, 1.76799, 2.35732, 2.94665, 3.53598, 4.12532, 4.71465, 5.30398, 5.89331, 6.48264, 7.07197, 7.6613, 8.25063, 8.83996, 9.42929, 10.0186, 10.608, 11.1973, 11.7866, 12.3759, 12.9653, 13.5546, 14.1439, 14.7333, 15.3226, 15.9119, 16.5013, 17.0906, 17.6799, 18.2693, 18.8586, 19.4479, 20.0372, 20.6266, 21.2159, 21.8052, 22.3946, 22.9839, 23.5732, 24.1626, 24.7519, 25.3412, 25.9306, 26.5199, 27.1092, 27.6985, 28.2879, 28.8772, 29.4665, 30.0559, 30.6452, 31.2345, 31.8239, 32.4132, 33.0025, 33.5919, 34.1812, 34.7705
7.84009, 7.88619, 7.93359, 7.98237, 8.03258, 8.08431, 8.13761, 8.19258, 8.2493, 8.30785, 8.36835, 8.43089, 8.49559, 8.56259, 8.632, 8.70399, 8.7787, 8.85632, 8.93704, 9.02107, 9.10864, 9.2, 9.29544, 9.39526, 9.49982, 9.6095, 9.72474, 9.84603, 9.97393, 10.1091, 10.2521, 10.404, 10.5656, 10.7381, 10.9227, 11.121, 11.3348, 11.5664, 11.8185, 12.0944, 12.3983, 12.7355, 13.1131, 13.5405, 14.0304, 14.6015, 15.2817, 16.1166, 17.1881, 18.6336, 20.4119, 21.12, 17.587, 9.84182, 3.25787, 0.592689, 0.056948, 0.00282096, 6.35856e-05, 2.48736e-07
7.84009, 7.894, 7.94955, 8.00681, 8.06587, 8.12683, 8.18979, 8.25485, 8.32213, 8.39176, 8.46386, 8.53858, 8.61609, 8.69656, 8.78016, 8.86711, 8.95763, 9.05197, 9.15039, 9.25319, 9.36071, 9.47329, 9.59136, 9.71536, 9.8458, 9.98325, 10.1283, 10.2818, 10.4445, 10.6174, 10.8015, 10.9982, 11.2089, 11.4354, 11.6798, 11.9445, 12.2325, 12.5476, 12.8943, 13.2782, 13.7068, 14.1896, 14.7393, 15.3734, 16.1169, 17.0069, 18.1023, 19.5053, 21.4231, 24.3386, 29.0057, 34.1531, 32.8296, 20.8607, 7.65466, 1.5134, 0.155724, 0.00818069, 0.00020431, 1.33579e-06
30.9389
58.16
 
MEASUREMENT 74
1.4716, 4.41481, 7.36319, 10.3064, 13.2548, 16.2031, 19.1774, 22.1309, 25.0793, 28.0277, 30.9502, 33.8934
7.66477, 7.81805, 8.23072, 8.70206, 9.31118, 9.22351, 10.241, 11.3821, 12.6675, 16.489, 11.9606, 0.0475334
0.00921262, 0.0093863, 0.00996025, 0.0107521, 0.0114673, 0.011434, 0.0126361, 0.0139788, 0.0153068, 0.0199118, 0.0144948, 0.00051107
0, 0.589331, 1.17866, 1.76799, 2.35732, 2.94665, 3.53598, 4.12532, 4.71465, 5.30398, 5.89331, 6.48264, 7.07197, 7.6613, 8.25063, 8.83996, 9.42929, 10.0186, 10.608, 11.1973, 11.7866, 12.3759, 12.9653, 13.5546, 14.1439, 14.7333, 15.3226, 15.9119, 16.5013, 17.0906, 17.6799, 18.2693, 18.8586, 19.4479, 20.0372, 20.6266, 21.2159, 21.8052, 22.3946, 22.9839, 23.5732, 24.1626, 24.7519, 25.3412, 25.9306, 26.5199, 27.1092, 27.6985, 28.2879, 28.8772, 29.4665, 30.0559, 30.6452, 31.2345, 31.8239, 32.4132, 33.0025, 33.5919, 34.1812, 34.7705
7.55178, 7.59615, 7.6418, 7.68876, 7.7371, 7.7869, 7.83822, 7.89115, 7.94575, 8.00212, 8.06037, 8.12058, 8.18287, 8.24737, 8.31419, 8.38349, 8.45542, 8.53015, 8.60786, 8.68875, 8.77305, 8.861, 8.95287, 9.04896, 9.14962, 9.2552, 9.36613, 9.48288, 9.60599, 9.73606, 9.87378, 10.02, 10.1755, 10.3415, 10.5192, 10.71, 10.9158, 11.1387, 11.3813, 11.6468, 11.9392, 12.2637, 12.6271, 13.0382, 13.5095, 14.0589, 14.7131, 15.516, 16.5462, 17.9357, 19.6465, 20.3323, 16.9386, 9.48216, 3.13852, 0.570568, 0.054744, 0.00270582, 6.07572e-05, 2.37056e-07
7.55178, 7.6037, 7.6572, 7.71235, 7.76924, 7.82796, 7.8886, 7.95126, 8.01607, 8.08313, 8.15257, 8.22455, 8.2992, 8.3767, 8.45723, 8.54098, 8.62816, 8.71903, 8.81382, 8.91284, 9.01639, 9.12483, 9.23854, 9.35797, 9.4836, 9.61598, 9.75574, 9.90356, 10.0603, 10.2267, 10.4041, 10.5935, 10.7965, 11.0146, 11.2499, 11.5049, 11.7823, 12.0857, 12.4196, 12.7894, 13.2021, 13.667, 14.1964, 14.807, 15.5229, 16.3799, 17.4345, 18.7851, 20.6309, 23.4361, 27.9291, 32.897, 31.6444, 20.1195, 7.38343, 1.45894, 0.149921, 0.00785921, 0.000195623, 1.2754e-06
30.9399
58.16
 
MEASUREMENT 75
1.4716, 4.41481, 7.36319, 10.3064, 13.2548, 16.2031, 19.1774, 22.1309, 25.0793, 28.0277, 30.9502, 33.8934
7.69361, 7.84577, 8.2595, 8.7363, 9.34491, 9.25617, 10.2784, 11.4252, 12.7114, 16.5492, 12.0044, 0.048522
0.00921262, 0.0093863, 0.00996025, 0.0107521, 0.0114673, 0.011434, 0.0126361, 0.0139788, 0.0153068, 0.0199118, 0.0144948, 0.00051107
0, 0.589331, 1.17866, 1.76799, 2.35732, 2.94665, 3.53598, 4.12532, 4.71465, 5.30398, 5.89331, 6.48264, 7.07197, 7.6613, 8.25063, 8.83996, 9.42929, 10.0186, 10.608, 11.1973, 11.7866, 12.3759, 12.9653, 13.5546, 14.1439, 14.7333, 15.3226, 15.9119, 16.5013, 17.0906, 17.6799, 18.2693, 18.8586, 19.4479, 20.0372, 20.6266, 21.2159, 21.8052, 22.3946, 22.9839, 23.5732, 24.1626, 24.7519, 25.3412, 25.9306, 26.5199, 27.1092, 27.6985, 28.2879, 28.8772, 29.4665, 30.0559, 30.6452, 31.2345, 31.8239, 32.4132, 33.0025, 33.5919, 34.1812, 34.7705
7.57943, 7.62397, 7.66977, 7.71691, 7.76543, 7.8154, 7.86691, 7.92002, 7.97482, 8.0314, 8.08985, 8.15028, 8.2128, 8.27752, 8.34459, 8.41414, 8.48633, 8.56132, 8.63931, 8.72049, 8.80509, 8.89336, 8.98556, 9.082, 9.18301, 9.28897, 9.40029, 9.51746, 9.64101, 9.77155, 9.90976, 10.0565, 10.2126, 10.3791, 10.5574, 10.749, 10.9555, 11.1792, 11.4226, 11.6891, 11.9825, 12.3082, 12.6728, 13.0854, 13.5585, 14.1098, 14.7663, 15.5722, 16.6063, 18.0005, 19.7132, 20.3914, 16.9882, 9.52673, 3.16701, 0.579969, 0.0562294, 0.00281757, 6.47986e-05, 2.55209e-07
7.57943, 7.63154, 7.68524, 7.74059, 7.79769, 7.85662, 7.91748, 7.98037, 8.04541, 8.11272, 8.18242, 8.25466, 8.32958, 8.40736, 8.48818, 8.57224, 8.65974, 8.75093, 8.84608, 8.94545, 9.04938, 9.15821, 9.27234, 9.39221, 9.5183, 9.65116, 9.79142, 9.93978, 10.097, 10.2641, 10.4421, 10.6322, 10.8359, 11.0549, 11.2911, 11.5469, 11.8253, 12.1299, 12.465, 12.8361, 13.2504, 13.717, 14.2482, 14.8611, 15.5797, 16.4398, 17.4984, 18.8544, 20.7078, 23.5251, 28.0309, 32.9942, 31.7269, 20.2014, 7.44433, 1.48158, 0.153833, 0.00817469, 0.000207757, 1.37316e-06
30.9404
58.16
 
MEASUREMENT 76
1.4716, 4.41481, 7.36319, 10.3064, 13.2548, 16.2031, 19.1774, 22.1309, 25.0793, 28.0277, 30.9502, 33.8934
7.74067, 7.89249, 8.3109, 8.7875, 9.40016, 9.3141, 10.3413, 11.4938, 12.7907, 16.65, 12.077, 0.0473628
0.00921262, 0.0093863, 0.00996025, 0.0107521, 0.0114673, 0.011434, 0.0126361, 0.0139788, 0.0153068, 0.0199118, 0.0144948, 0.00051107
0, 0.589331, 1.17866, 1.76799, 2.35732, 2.94665, 3.53598, 4.12532, 4.71465, 5.30398, 5.89331, 6.48264, 7.07197, 7.6613, 8.25063, 8.83996, 9.42929, 10.0186, 10.608, 11.1973, 11.7866, 12.3759, 12.9653, 13.5546, 14.1439, 14.7333, 15.3226, 15.9119, 16.5013, 17.0906, 17.6799, 18.2693, 18.8586, 19.4479, 20.0372, 20.6266, 21.2159, 21.8052, 22.3946, 22.9839, 23.5732, 24.1626, 24.7519, 25.3412, 25.9306, 26.5199, 27.1092, 27.6985, 28.2879, 28.8772, 29.4665, 30.0559, 30.6452, 31.2345, 31.8239, 32.4132, 33.0025, 33.5919, 34.1812, 34.7705
7.62528, 7.67009, 7.71618, 7.7636, 7.81242, 7.8627, 7.91453, 7.96796, 8.0231, 8.08003, 8.13884, 8.19964, 8.26254, 8.32767, 8.39515, 8.46513, 8.53776, 8.61322, 8.69169, 8.77337, 8.85849, 8.9473, 9.04007, 9.13711, 9.23875, 9.34536, 9.45738, 9.57527, 9.69959, 9.83093, 9.97, 10.1176, 10.2747, 10.4423, 10.6217, 10.8144, 11.0223, 11.2473, 11.4923, 11.7604, 12.0557, 12.3834, 12.7503, 13.1654, 13.6414, 14.1961, 14.8567, 15.6674, 16.7076, 18.1108, 19.8417, 20.5421, 17.1133, 9.56679, 3.15576, 0.570415, 0.0542819, 0.00265419, 5.84651e-05, 2.26504e-07
7.62528, 7.67771, 7.73173, 7.78742, 7.84486, 7.90415, 7.96538, 8.02866, 8.09409, 8.16181, 8.23193, 8.30461, 8.37999, 8.45824, 8.53955, 8.62412, 8.71216, 8.8039, 8.89962, 8.9996, 9.10416, 9.21366, 9.32848, 9.44908, 9.57593, 9.70961, 9.85072, 9.99998, 10.1582, 10.3263, 10.5054, 10.6967, 10.9016, 11.1218, 11.3595, 11.6169, 11.897, 12.2034, 12.5405, 12.9139, 13.3307, 13.8001, 14.3346, 14.9512, 15.6741, 16.5393, 17.6041, 18.9676, 20.8306, 23.6616, 28.2012, 33.2353, 31.9791, 20.3093, 7.42889, 1.45965, 0.148778, 0.00771616, 0.000188899, 1.21859e-06
30.9396
58.16
 
MEASUREMENT 77
1.4716, 4.41481, 7.36319, 10.3064, 13.2548, 16.2031, 19.1774, 22.1309, 25.0793, 28.0277, 30.9502, 33.8934
7.75312, 7.90509, 8.32197, 8.80012, 9.41575, 9.3275, 10.3577, 11.5107, 12.8089, 16.6756, 12.0969, 0.0491065
0.00921262, 0.0093863, 0.00996025, 0.0107521, 0.0114673, 0.011434, 0.0126361, 0.0139788, 0.0153068, 0.0199118, 0.0144948, 0.00051107
0, 0.589331, 1.17866, 1.76799, 2.35732, 2.94665, 3.53598, 4.12532, 4.71465, 5.30398, 5.89331, 6.48264, 7.07197, 7.6613, 8.25063, 8.83996, 9.42929, 10.0186, 10.608, 11.1973, 11.7866, 12.3759, 12.9653, 13.5546, 14.1439, 14.7333, 15.3226, 15.9119, 16.5013, 17.0906, 17.6799, 18.2693, 18.8586, 19.4479, 20.0372, 20.6266, 21.2159, 21.8052, 22.3946, 22.9839, 23.5732, 24.1626, 24.7519, 25.3412, 25.9306, 26.5199, 27.1092, 27.6985, 28.2879, 28.8772, 29.4665, 30.0559, 30.6452, 31.2345, 31.8239, 32.4132, 33.0025, 33.5919, 34.1812, 34.7705
7.63686, 7.68174, 7.72789, 7.77538, 7.82428, 7.87463, 7.92653, 7.98005, 8.03527, 8.09228, 8.15118, 8.21207, 8.27506, 8.34028, 8.40786, 8.47794, 8.55068, 8.62625, 8.70484, 8.78664, 8.87189, 8.96083, 9.05373, 9.15091, 9.25269, 9.35946, 9.47165, 9.58971, 9.71421, 9.84574, 9.98502, 10.1328, 10.2901, 10.458, 10.6377, 10.8307, 11.0388, 11.2642, 11.5095, 11.778, 12.0737, 12.4019, 12.7693, 13.1851, 13.6618, 14.2174, 14.8791, 15.6912, 16.7334, 18.1385, 19.8636, 20.5447, 17.116, 9.60264, 3.19574, 0.586319, 0.0569966, 0.00286604, 6.63132e-05, 2.61845e-07
7.63686, 7.68937, 7.74347, 7.79924, 7.85677, 7.91615, 7.97747, 8.04084, 8.10637, 8.17419, 8.24441, 8.3172, 8.39269, 8.47107, 8.5525, 8.63719, 8.72536, 8.81724, 8.9131, 9.01323, 9.11794, 9.2276, 9.3426, 9.46337, 9.59041, 9.72428, 9.8656, 10.0151, 10.1735, 10.3419, 10.5212, 10.7128, 10.918, 11.1386, 11.3766, 11.6344, 11.9149, 12.2218, 12.5594, 12.9334, 13.3508, 13.8209, 14.3562, 14.9737, 15.6978, 16.5645, 17.6311, 18.9974, 20.8653, 23.7045, 28.2435, 33.2384, 31.958, 20.3554, 7.50878, 1.49712, 0.155855, 0.00831097, 0.000212338, 1.40845e-06
30.9404
58.16
 
MEASUREMENT 78
1.4716, 4.41481, 7.36319, 10.3064, 13.2548, 16.2031, 19.1774, 22.1309, 25.0793, 28.0277, 30.9502, 33.8934
7.81996, 7.97358, 8.39643, 8.88086, 9.49778, 9.4074, 10.4457, 11.6109, 12.9206, 16.8189, 12.2007, 0.0485441
0.00921262, 0.0093863, 0.00996025, 0.0107521, 0.0114673, 0.011434, 0.0126361, 0.0139788, 0.0153068, 0.0199118, 0.0144948, 0.00051107
0, 0.589331, 1.17866, 1.76799, 2.35732, 2.94665, 3.53598, 4.12532, 4.71465, 5.30398, 5.89331, 6.48264, 7.07197, 7.6613, 8.25063, 8.83996, 9.42929, 10.0186, 10.608, 11.1973, 11.7866, 12.3759, 12.9653, 13.5546, 14.1439, 14.7333, 15.3226, 15.9119, 16.5013, 17.0906, 17.6799, 18.2693, 18.8586, 19.4479, 20.0372, 20.6266, 21.2159, 21.8052, 22.3946, 22.9839, 23.5732, 24.1626, 24.7519, 25.3412, 25.9306, 26.5199, 27.1092, 27.6985, 28.2879, 28.8772, 29.4665, 30.0559, 30.6452, 31.2345, 31.8239, 32.4132, 33.0025, 33.5919, 34.1812, 34.7705
7.70384, 7.7491, 7.79566, 7.84356, 7.89287, 7.94367, 7.99601, 8.04999, 8.10569, 8.16319, 8.22259, 8.28401, 8.34755, 8.41333, 8.48149, 8.55217, 8.62554, 8.70176, 8.78102, 8.86353, 8.94951, 9.03921, 9.13291, 9.23092, 9.33358, 9.44127, 9.55441, 9.67349, 9.79905, 9.93171, 10.0722, 10.2213, 10.3799, 10.5492, 10.7304, 10.925, 11.1349, 11.3623, 11.6097, 11.8804, 12.1786, 12.5096, 12.8801, 13.2994, 13.78, 14.3402, 15.0073, 15.826, 16.8763, 18.2929, 20.0372, 20.7372, 17.2785, 9.67498, 3.20344, 0.582597, 0.0559219, 0.0027653, 6.21436e-05, 2.42453e-07
7.70384, 7.75681, 7.81138, 7.86764, 7.92568, 7.98558, 8.04744, 8.11136, 8.17747, 8.24588, 8.31672, 8.39015, 8.4663, 8.54536, 8.62751, 8.71294, 8.80188, 8.89457, 8.99127, 9.09228, 9.19791, 9.30853, 9.42454, 9.54637, 9.67452, 9.80957, 9.95213, 10.1029, 10.2628, 10.4326, 10.6135, 10.8067, 11.0138, 11.2363, 11.4764, 11.7364, 12.0194, 12.3289, 12.6695, 13.0467, 13.4677, 13.942, 14.4819, 15.1048, 15.8351, 16.7092, 17.7849, 19.1625, 21.045, 23.9059, 28.4882, 33.5573, 32.286, 20.5339, 7.53842, 1.4902, 0.153203, 0.00803503, 0.000200138, 1.30515e-06
30.9403
58.16
 
MEASUREMENT 79
1.4716, 4.41481, 7.36319, 10.3064, 13.2548, 16.2031, 19.1774, 22.1309, 25.0793, 28.0277, 30.9502, 33.8934
7.83931, 7.99407, 8.41699, 8.90025, 9.52142, 9.43263, 10.4738, 11.6409, 12.9535, 16.8641, 12.2337, 0.0485323
0.00921262, 0.0093863, 0.00996025, 0.0107521, 0.0114673, 0.011434, 0.0126361, 0.0139788, 0.0153068, 0.0199118, 0.0144948, 0.00051107
0, 0.589331, 1.17866, 1.76799, 2.35732, 2.94665, 3.53598, 4.12532, 4.71465, 5.30398, 5.89331, 6.48264, 7.07197, 7.6613, 8.25063, 8.83996, 9.42929, 10.0186, 10.608, 11.1973, 11.7866, 12.3759, 12.9653, 13.5546, 14.1439, 14.7333, 15.3226, 15.9119, 16.5013, 17.0906, 17.6799, 18.2693, 18.8586, 19.4479, 20.0372, 20.6266, 21.2159, 21.8052, 22.3946, 22.9839, 23.5732, 24.1626, 24.7519, 25.3412, 25.9306, 26.5199, 27.1092, 27.6985, 28.2879, 28.8772, 29.4665, 30.0559, 30.6452, 31.2345, 31.8239, 32.4132, 33.0025, 33.5919, 34.1812, 34.7705
7.72285, 7.76824, 7.81492, 7.86295, 7.91239, 7.96332, 8.01581, 8.06993, 8.12578, 8.18343, 8.243, 8.30458, 8.36829, 8.43425, 8.50259, 8.57347, 8.64703, 8.72346, 8.80293, 8.88566, 8.97188, 9.06182, 9.15578, 9.25406, 9.357, 9.46498, 9.57844, 9.69784, 9.82375, 9.95678, 10.0976, 10.2471, 10.4062, 10.576, 10.7577, 10.9529, 11.1634, 11.3913, 11.6394, 11.911, 12.2101, 12.542, 12.9136, 13.3341, 13.8161, 14.378, 15.0471, 15.8683, 16.922, 18.3432, 20.0938, 20.7973, 17.3272, 9.6985, 3.2087, 0.582847, 0.0558539, 0.00275617, 6.17094e-05, 2.40501e-07
7.72285, 7.77595, 7.83067, 7.88707, 7.94525, 8.00529, 8.06731, 8.13139, 8.19766, 8.26624, 8.33726, 8.41087, 8.48721, 8.56647, 8.64882, 8.73446, 8.82363, 8.91655, 9.01349, 9.11475, 9.22064, 9.33154, 9.44783, 9.56996, 9.69844, 9.83382, 9.97674, 10.1279, 10.2882, 10.4584, 10.6398, 10.8335, 11.041, 11.2641, 11.5048, 11.7655, 12.0492, 12.3595, 12.7009, 13.0791, 13.5012, 13.9766, 14.5179, 15.1424, 15.8745, 16.7508, 17.8292, 19.2104, 21.0978, 23.966, 28.561, 33.6447, 32.3669, 20.5768, 7.54802, 1.49025, 0.152953, 0.00800507, 0.000198751, 1.29361e-06
30.9399
58.16
 
MEASUREMENT 80
1.4716, 4.41481, 7.36319, 10.3064, 13.2548, 16.2031, 19.1774, 22.1309, 25.0793, 28.0277, 30.9502, 33.8934
7.80133, 7.95678, 8.37706, 8.8598, 9.4769, 9.38771, 10.4244, 11.5864, 12.8925, 16.7848, 12.1749, 0.0486998
0.00921262, 0.0093863, 0.00996025, 0.0107521, 0.0114673, 0.011434, 0.0126361, 0.0139788, 0.0153068, 0.0199118, 0.0144948, 0.00051107
0, 0.589331, 1.17866, 1.76799, 2.35732, 2.94665, 3.53598, 4.12532, 4.71465, 5.30398, 5.89331, 6.48264, 7.07197, 7.6613, 8.25063, 8.83996, 9.42929, 10.0186, 10.608, 11.1973, 11.7866, 12.3759, 12.9653, 13.5546, 14.1439, 14.7333, 15.3226, 15.9119, 16.5013, 17.0906, 17.6799, 18.2693, 18.8586, 19.4479, 20.0372, 20.6266, 21.2159, 21.8052, 22.3946, 22.9839, 23.5732, 24.1626, 24.7519, 25.3412, 25.9306, 26.5199, 27.1092, 27.6985, 28.2879, 28.8772, 29.4665, 30.0559, 30.6452, 31.2345, 31.8239, 32.4132, 33.0025, 33.5919, 34.1812, 34.7705
7.68651, 7.73168, 7.77814, 7.82594, 7.87515, 7.92584, 7.97808, 8.03195, 8.08753, 8.14492, 8.2042, 8.26549, 8.3289, 8.39455, 8.46257, 8.53311, 8.60633, 8.6824, 8.7615, 8.84384, 8.92964, 9.01917, 9.11269, 9.2105, 9.31296, 9.42043, 9.53335, 9.65219, 9.77751, 9.90991, 10.0501, 10.1989, 10.3572, 10.5262, 10.7071, 10.9013, 11.1108, 11.3377, 11.5847, 11.8549, 12.1526, 12.4829, 12.8528, 13.2713, 13.7512, 14.3104, 14.9764, 15.7939, 16.8428, 18.2574, 19.9975, 20.6913, 17.2369, 9.6552, 3.20107, 0.583595, 0.0562244, 0.00279414, 6.33424e-05, 2.4809e-07
7.68651, 7.73936, 7.79381, 7.84995, 7.90785, 7.96762, 8.02934, 8.09312, 8.15908, 8.22734, 8.29803, 8.37128, 8.44727, 8.52615, 8.60812, 8.69336, 8.7821, 8.87458, 8.97107, 9.07185, 9.17725, 9.28763, 9.40337, 9.52493, 9.65281, 9.78755, 9.92979, 10.0803, 10.2397, 10.4092, 10.5897, 10.7825, 10.9891, 11.2111, 11.4507, 11.7101, 11.9925, 12.3014, 12.6412, 13.0176, 13.4377, 13.9109, 14.4497, 15.0713, 15.8, 16.6723, 17.7459, 19.1208, 21.0001, 23.8565, 28.4285, 33.4751, 32.1934, 20.4782, 7.52668, 1.49138, 0.153879, 0.00811024, 0.000203553, 1.33439e-06
30.9399
58.16
 
MEASUREMENT 81
1.4716, 4.41481, 7.36319, 10.3064, 13.2548, 16.2031, 19.1774, 22.1309, 25.0793, 28.0277, 30.9502, 33.8934
7.87466, 8.03006, 8.45247, 8.93889, 9.56397, 9.47385, 10.5185, 11.6911, 13.0096, 16.9363, 12.2854, 0.0487911
0.00921262, 0.0093863, 0.00996025, 0.0107521, 0.0114673, 0.011434, 0.0126361, 0.0139788, 0.0153068, 0.0199118, 0.0144948, 0.00051107
0, 0.589331, 1.17866, 1.76799, 2.35732, 2.94665, 3.53598, 4.12532, 4.71465, 5.30398, 5.89331, 6.48264, 7.07197, 7.6613, 8.25063, 8.83996, 9.42929, 10.0186, 10.608, 11.1973, 11.7866, 12.3759, 12.9653, 13.5546, 14.1439, 14.7333, 15.3226, 15.9119, 16.5013, 17.0906, 17.6799, 18.2693, 18.8586, 19.4479, 20.0372, 20.6266, 21.2159, 21.8052, 22.3946, 22.9839, 23.5732, 24.1626, 24.7519, 25.3412, 25.9306, 26.5199, 27.1092, 27.6985, 28.2879, 28.8772, 29.4665, 30.0559, 30.6452, 31.2345, 31.8239, 32.4132, 33.0025, 33.5919, 34.1812, 34.7705
7.75688, 7.80246, 7.84933, 7.89757, 7.94723, 7.99837, 8.05108, 8.10544, 8.16152, 8.21942, 8.27924, 8.34108, 8.40506, 8.4713, 8.53994, 8.61112, 8.685, 8.76175, 8.84156, 8.92464, 9.01122, 9.10155, 9.19591, 9.2946, 9.39798, 9.50641, 9.62035, 9.74026, 9.8667, 10.0003, 10.1417, 10.2919, 10.4516, 10.6221, 10.8046, 11.0006, 11.2119, 11.4409, 11.69, 11.9626, 12.263, 12.5962, 12.9694, 13.3916, 13.8756, 14.4398, 15.1116, 15.9361, 16.994, 18.4207, 20.1778, 20.8836, 17.3997, 9.74055, 3.22358, 0.585811, 0.0561716, 0.00277391, 6.21893e-05, 2.42446e-07
7.75688, 7.81021, 7.86516, 7.92181, 7.98025, 8.04056, 8.10284, 8.16721, 8.23377, 8.30265, 8.37398, 8.44791, 8.52459, 8.6042, 8.68691, 8.77293, 8.86249, 8.95581, 9.05318, 9.15489, 9.26125, 9.37263, 9.48943, 9.61211, 9.74115, 9.87712, 10.0207, 10.1725, 10.3334, 10.5045, 10.6866, 10.8812, 11.0896, 11.3137, 11.5554, 11.8173, 12.1022, 12.4139, 12.7568, 13.1366, 13.5606, 14.0381, 14.5818, 15.2089, 15.9442, 16.8244, 17.9075, 19.2947, 21.1902, 24.0709, 28.6855, 33.7911, 32.5098, 20.6714, 7.58519, 1.49829, 0.153873, 0.00805934, 0.00020033, 1.30476e-06
30.9401
58.16
 
MEASUREMENT 82
1.4716, 4.41481, 7.36319, 10.3064, 13.2548, 16.2031, 19.1774, 22.1309, 25.0793, 28.0277, 30.9502, 33.8934
7.82076, 7.97432, 8.39779, 8.87888, 9.49802, 9.4089, 10.4477, 11.6126, 12.9221, 16.8209, 12.201, 0.0488074
0.00921262, 0.0093863, 0.00996025, 0.0107521, 0.0114673, 0.011434, 0.0126361, 0.0139788, 0.0153068, 0.0199118, 0.0144948, 0.00051107
0, 0.589331, 1.17866, 1.76799, 2.35732, 2.94665, 3.53598, 4.12532, 4.71465, 5.30398, 5.89331, 6.48264, 7.07197, 7.6613, 8.25063, 8.83996, 9.42929, 10.0186, 10.608, 11.1973, 11.7866, 12.3759, 12.9653, 13.5546, 14.1439, 14.7333, 15.3226, 15.9119, 16.5013, 17.0906, 17.6799, 18.2693, 18.8586, 19.4479, 20.0372, 20.6266, 21.2159, 21.8052, 22.3946, 22.9839, 23.5732, 24.1626, 24.7519, 25.3412, 25.9306, 26.5199, 27.1092, 27.6985, 28.2879, 28.8772, 29.4665, 30.0559, 30.6452, 31.2345, 31.8239, 32.4132, 33.0025, 33.5919, 34.1812, 34.7705
7.70437, 7.74964, 7.7962, 7.84411, 7.89343, 7.94423, 7.99658, 8.05057, 8.10627, 8.16378, 8.22319, 8.28462, 8.34816, 8.41395, 8.48213, 8.55282, 8.6262, 8.70242, 8.7817, 8.86421, 8.95021, 9.03992, 9.13364, 9.23166, 9.33434, 9.44204, 9.5552, 9.6743, 9.79988, 9.93256, 10.073, 10.2222, 10.3808, 10.5501, 10.7314, 10.9261, 11.136, 11.3634, 11.6108, 11.8816, 12.1799, 12.5109, 12.8815, 13.3009, 13.7817, 14.342, 15.0093, 15.8283, 16.8792, 18.2963, 20.0395, 20.7348, 17.274, 9.67659, 3.20828, 0.584902, 0.0563458, 0.00279974, 6.34527e-05, 2.48439e-07
7.70437, 7.75734, 7.81192, 7.86819, 7.92623, 7.98613, 8.048, 8.11193, 8.17804, 8.24646, 8.31731, 8.39073, 8.4669, 8.54596, 8.62811, 8.71356, 8.8025, 8.8952, 8.99191, 9.09292, 9.19857, 9.3092, 9.42521, 9.54705, 9.67522, 9.81027, 9.95285, 10.1037, 10.2635, 10.4334, 10.6143, 10.8075, 11.0146, 11.2371, 11.4772, 11.7373, 12.0203, 12.3299, 12.6705, 13.0478, 13.4688, 13.9431, 14.4832, 15.1061, 15.8365, 16.7108, 17.7867, 19.1648, 21.0482, 23.9107, 28.4929, 33.5525, 32.2714, 20.5302, 7.54645, 1.49532, 0.154277, 0.00813017, 0.000204007, 1.33703e-06
30.9401
58.16
 
MEASUREMENT 83
1.4716, 4.41481, 7.36319, 10.3064, 13.2548, 16.2031, 19.1774, 22.1309, 25.0793, 28.0277, 30.9502, 33.8934
7.85036, 8.00509, 8.42798, 8.91388, 9.53427, 9.44734, 10.4887, 11.6593, 12.9726, 16.8882, 12.2503, 0.0488968
0.00921262, 0.0093863, 0.00996025, 0.0107521, 0.0114673, 0.011434, 0.0126361, 0.0139788, 0.0153068, 0.0199118, 0.0144948, 0.00051107
0, 0.589331, 1.17866, 1.76799, 2.35732, 2.94665, 3.53598, 4.12532, 4.71465, 5.30398, 5.89331, 6.48264, 7.07197, 7.6613, 8.25063, 8.83996, 9.42929, 10.0186, 10.608, 11.1973, 11.7866, 12.3759, 12.9653, 13.5546, 14.1439, 14.7333, 15.3226, 15.9119, 16.5013, 17.0906, 17.6799, 18.2693, 18.8586, 19.4479, 20.0372, 20.6266, 21.2159, 21.8052, 22.3946, 22.9839, 23.5732, 24.1626, 24.7519, 25.3412, 25.9306, 26.5199, 27.1092, 27.6985, 28.2879, 28.8772, 29.4665, 30.0559, 30.6452, 31.2345, 31.8239, 32.4132, 33.0025, 33.5919, 34.1812, 34.7705
7.73388, 7.77934, 7.82608, 7.87418, 7.9237, 7.9747, 8.02727, 8.08147, 8.1374, 8.19514, 8.25479, 8.31646, 8.38026, 8.44632, 8.51476, 8.58574, 8.65942, 8.73595, 8.81554, 8.8984, 8.98474, 9.07482, 9.16892, 9.26734, 9.37043, 9.47857, 9.5922, 9.71178, 9.83787, 9.9711, 10.1122, 10.2619, 10.4212, 10.5912, 10.7732, 10.9687, 11.1795, 11.4078, 11.6563, 11.9282, 12.2278, 12.5602, 12.9324, 13.3535, 13.8363, 14.3991, 15.0693, 15.8919, 16.9474, 18.371, 20.1225, 20.8219, 17.3453, 9.71358, 3.21863, 0.586261, 0.0564087, 0.00279861, 6.32575e-05, 2.47491e-07
7.73388, 7.78706, 7.84185, 7.89833, 7.9566, 8.01673, 8.07883, 8.14301, 8.20937, 8.27805, 8.34917, 8.42288, 8.49934, 8.57871, 8.66118, 8.74695, 8.83624, 8.92929, 9.02637, 9.12777, 9.23382, 9.34488, 9.46134, 9.58365, 9.71231, 9.84789, 9.99101, 10.1424, 10.3029, 10.4734, 10.655, 10.849, 11.0568, 11.2802, 11.5213, 11.7823, 12.0665, 12.3772, 12.7192, 13.0979, 13.5206, 13.9967, 14.5389, 15.1642, 15.8975, 16.7752, 17.8553, 19.2388, 21.1296, 24.0034, 28.6043, 33.6845, 32.3952, 20.602, 7.5681, 1.49822, 0.154387, 0.00812349, 0.000203365, 1.33097e-06
30.9398
58.16
 
MEASUREMENT 84
1.4716, 4.41481, 7.36319, 10.3064, 13.2548, 16.2031, 19.1774, 22.1309, 25.0793, 28.0277, 30.9502, 33.8934
7.84207, 7.99469, 8.41783, 8.90123, 9.52316, 9.43385, 10.4737, 11.6408, 12.955, 16.8672, 12.2326, 0.0486054
0.00921262, 0.0093863, 0.00996025, 0.0107521, 0.0114673, 0.011434, 0.0126361, 0.0139788, 0.0153068, 0.0199118, 0.0144948, 0.00051107
0, 0.589331, 1.17866, 1.76799, 2.35732, 2.94665, 3.53598, 4.12532, 4.71465, 5.30398, 5.89331, 6.48264, 7.07197, 7.6613, 8.25063, 8.83996, 9.42929, 10.0186, 10.608, 11.1973, 11.7866, 12.3759, 12.9653, 13.5546, 14.1439, 14.7333, 15.3226, 15.9119, 16.5013, 17.0906, 17.6799, 18.2693, 18.8586, 19.4479, 20.0372, 20.6266, 21.2159, 21.8052, 22.3946, 22.9839, 23.5732, 24.1626, 24.7519, 25.3412, 25.9306, 26.5199, 27.1092, 27.6985, 28.2879, 28.8772, 29.4665, 30.0559, 30.6452, 31.2345, 31.8239, 32.4132, 33.0025, 33.5919, 34.1812, 34.7705
7.7239, 7.76929, 7.81598, 7.86401, 7.91346, 7.96439, 8.01689, 8.07101, 8.12686, 8.18452, 8.24409, 8.30568, 8.36939, 8.43536, 8.50371, 8.57459, 8.64816, 8.7246, 8.80408, 8.88681, 8.97304, 9.06299, 9.15696, 9.25525, 9.35819, 9.46618, 9.57965, 9.69906, 9.82498, 9.95802, 10.0989, 10.2484, 10.4075, 10.5773, 10.759, 10.9542, 11.1647, 11.3927, 11.6408, 11.9124, 12.2115, 12.5434, 12.915, 13.3356, 13.8177, 14.3796, 15.0487, 15.87, 16.9238, 18.3452, 20.0949, 20.7956, 17.3233, 9.69673, 3.20935, 0.583433, 0.0559802, 0.00276716, 6.21435e-05, 2.42505e-07
7.7239, 7.77701, 7.83173, 7.88814, 7.94633, 8.00638, 8.06841, 8.1325, 8.19878, 8.26737, 8.3384, 8.41202, 8.48837, 8.56764, 8.65, 8.73566, 8.82483, 8.91777, 9.01472, 9.116, 9.22191, 9.33282, 9.44913, 9.57129, 9.69978, 9.83518, 9.97812, 10.1293, 10.2896, 10.4599, 10.6413, 10.835, 11.0426, 11.2657, 11.5064, 11.7671, 12.0509, 12.3613, 12.7027, 13.081, 13.5031, 13.9787, 14.5201, 15.1446, 15.8769, 16.7534, 17.8321, 19.2137, 21.1017, 23.9713, 28.567, 33.6471, 32.3633, 20.5746, 7.5499, 1.49179, 0.153301, 0.00803706, 0.000200077, 1.30466e-06
30.9398
58.16
 
MEASUREMENT 85
1.4716, 4.41481, 7.36319, 10.3064, 13.2548, 16.2031, 19.1774, 22.1309, 25.0793, 28.0277, 30.9502, 33.8934
7.7317, 7.88496, 8.30166, 8.78004, 9.39239, 9.30356, 10.3318, 11.4826, 12.7772, 16.6332, 12.0651, 0.0480077
0.00921262, 0.0093863, 0.00996025, 0.0107521, 0.0114673, 0.011434, 0.0126361, 0.0139788, 0.0153068, 0.0199118, 0.0144948, 0.00051107
0, 0.589331, 1.17866, 1.76799, 2.35732, 2.94665, 3.53598, 4.12532, 4.71465, 5.30398, 5.89331, 6.48264, 7.07197, 7.6613, 8.25063, 8.83996, 9.42929, 10.0186, 10.608, 11.1973, 11.7866, 12.3759, 12.9653, 13.5546, 14.1439, 14.7333, 15.3226, 15.9119, 16.5013, 17.0906, 17.6799, 18.2693, 18.8586, 19.4479, 20.0372, 20.6266, 21.2159, 21.8052, 22.3946, 22.9839, 23.5732, 24.1626, 24.7519, 25.3412, 25.9306, 26.5199, 27.1092, 27.6985, 28.2879, 28.8772, 29.4665, 30.0559, 30.6452, 31.2345, 31.8239, 32.4132, 33.0025, 33.5919, 34.1812, 34.7705
7.61766, 7.66243, 7.70847, 7.75584, 7.80461, 7.85484, 7.90661, 7.96, 8.01508, 8.07195, 8.1307, 8.19144, 8.25428, 8.31934, 8.38675, 8.45666, 8.52922, 8.6046, 8.68299, 8.76459, 8.84962, 8.93834, 9.03102, 9.12795, 9.22949, 9.33599, 9.4479, 9.56567, 9.68986, 9.82107, 9.96, 10.1075, 10.2644, 10.4318, 10.611, 10.8036, 11.0112, 11.236, 11.4807, 11.7486, 12.0435, 12.3709, 12.7374, 13.1522, 13.6277, 14.1819, 14.8419, 15.6519, 16.6912, 18.093, 19.8186, 20.5093, 17.0855, 9.56533, 3.16702, 0.576067, 0.0553171, 0.00273716, 6.15803e-05, 2.40464e-07
7.61766, 7.67004, 7.724, 7.77964, 7.83702, 7.89625, 7.95742, 8.02063, 8.086, 8.15365, 8.2237, 8.2963, 8.37161, 8.44979, 8.53101, 8.61549, 8.70344, 8.7951, 8.89072, 8.9906, 9.09505, 9.20444, 9.31915, 9.43962, 9.56635, 9.69988, 9.84085, 9.98997, 10.148, 10.316, 10.4949, 10.6859, 10.8907, 11.1107, 11.3481, 11.6053, 11.8851, 12.1912, 12.528, 12.901, 13.3174, 13.7863, 14.3203, 14.9363, 15.6584, 16.5229, 17.5867, 18.9493, 20.8113, 23.6414, 28.1735, 33.1824, 31.9166, 20.2937, 7.44944, 1.47277, 0.151465, 0.00794881, 0.000198187, 1.29358e-06
30.9399
58.16
 
MEASUREMENT 86
1.4716, 4.41481, 7.36319, 10.3064, 13.2548, 16.2031, 19.1774, 22.1309, 25.0793, 28.0277, 30.9502, 33.8934
7.51956, 7.66859, 8.07326, 8.53673, 9.13219, 9.04611, 10.0443, 11.1532, 12.4238, 16.175, 11.7324, 0.0464973
0.00921262, 0.0093863, 0.00996025, 0.0107521, 0.0114673, 0.011434, 0.0126361, 0.0139788, 0.0153068, 0.0199118, 0.0144948, 0.00051107
0, 0.589331, 1.17866, 1.76799, 2.35732, 2.94665, 3.53598, 4.12532, 4.71465, 5.30398, 5.89331, 6.48264, 7.07197, 7.6613, 8.25063, 8.83996, 9.42929, 10.0186, 10.608, 11.1973, 11.7866, 12.3759, 12.9653, 13.5546, 14.1439, 14.7333, 15.3226, 15.9119, 16.5013, 17.0906, 17.6799, 18.2693, 18.8586, 19.4479, 20.0372, 20.6266, 21.2159, 21.8052, 22.3946, 22.9839, 23.5732, 24.1626, 24.7519, 25.3412, 25.9306, 26.5199, 27.1092, 27.6985, 28.2879, 28.8772, 29.4665, 30.0559, 30.6452, 31.2345, 31.8239, 32.4132, 33.0025, 33.5919, 34.1812, 34.7705
7.40692, 7.45044, 7.4952, 7.54126, 7.58867, 7.63751, 7.68784, 7.73974, 7.79329, 7.84858, 7.9057, 7.96475, 8.02584, 8.08909, 8.15463, 8.22259, 8.29313, 8.36642, 8.44262, 8.52195, 8.60462, 8.69088, 8.78097, 8.87521, 8.97392, 9.07746, 9.18624, 9.30074, 9.42147, 9.54902, 9.68408, 9.82743, 9.97996, 10.1427, 10.317, 10.5041, 10.7059, 10.9245, 11.1624, 11.4227, 11.7095, 12.0277, 12.3839, 12.7871, 13.2492, 13.7878, 14.4292, 15.2164, 16.2263, 17.5884, 19.2667, 19.9433, 16.6185, 9.30235, 3.07702, 0.558625, 0.0534831, 0.00263564, 5.88724e-05, 2.29146e-07
7.40692, 7.45784, 7.51031, 7.56441, 7.62021, 7.6778, 7.73727, 7.79873, 7.86229, 7.92806, 7.99618, 8.06677, 8.13999, 8.216, 8.29498, 8.37712, 8.46263, 8.55175, 8.64473, 8.74184, 8.8434, 8.94976, 9.06129, 9.17842, 9.30164, 9.43148, 9.56854, 9.71352, 9.86721, 10.0305, 10.2044, 10.3902, 10.5892, 10.8032, 11.034, 11.284, 11.5561, 11.8537, 12.1812, 12.5438, 12.9486, 13.4046, 13.9237, 14.5225, 15.2246, 16.065, 17.0991, 18.4235, 20.233, 22.9828, 27.389, 32.2691, 31.0521, 19.7442, 7.24172, 1.42908, 0.146544, 0.00765968, 0.000189785, 1.23333e-06
30.9403
58.16
 
MEASUREMENT 87
1.4716, 4.41481, 7.36319, 10.3064, 13.2548, 16.2031, 19.1774, 22.1309, 25.0793, 28.0277, 30.9502, 33.8934
7.49818, 7.64692, 8.05097, 8.51447, 9.10751, 9.02138, 10.0183, 11.1346, 12.3921, 16.1299, 11.7003, 0.047078
0.00921262, 0.0093863, 0.00996025, 0.0107521, 0.0114673, 0.011434, 0.0126361, 0.0139788, 0.0153068, 0.0199118, 0.0144948, 0.00051107
0, 0.589331, 1.17866, 1.76799, 2.35732, 2.94665, 3.53598, 4.12532, 4.71465, 5.30398, 5.89331, 6.48264, 7.07197, 7.6613, 8.25063, 8.83996, 9.42929, 10.0186, 10.608, 11.1973, 11.7866, 12.3759, 12.9653, 13.5546, 14.1439, 14.7333, 15.3226, 15.9119, 16.5013, 17.0906, 17.6799, 18.2693, 18.8586, 19.4479, 20.0372, 20.6266, 21.2159, 21.8052, 22.3946, 22.9839, 23.5732, 24.1626, 24.7519, 25.3412, 25.9306, 26.5199, 27.1092, 27.6985, 28.2879, 28.8772, 29.4665, 30.0559, 30.6452, 31.2345, 31.8239, 32.4132, 33.0025, 33.5919, 34.1812, 34.7705
7.38722, 7.43063, 7.47528, 7.52122, 7.56851, 7.61723, 7.66743, 7.7192, 7.77261, 7.82776, 7.88474, 7.94364, 8.00457, 8.06766, 8.13304, 8.20083, 8.27119, 8.34429, 8.42031, 8.49944, 8.5819, 8.66794, 8.75781, 8.85181, 8.95027, 9.05355, 9.16207, 9.27628, 9.39671, 9.52395, 9.65867, 9.80166, 9.95382, 10.1162, 10.29, 10.4767, 10.678, 10.8961, 11.1334, 11.3931, 11.6792, 11.9966, 12.3521, 12.7543, 13.2154, 13.7528, 14.3929, 15.1785, 16.1866, 17.5459, 19.2166, 19.8797, 16.5607, 9.28198, 3.08199, 0.563321, 0.0544699, 0.00271999, 6.21804e-05, 2.44345e-07
7.38722, 7.43801, 7.49035, 7.5443, 7.59995, 7.65738, 7.7167, 7.778, 7.84139, 7.90699, 7.97492, 8.04533, 8.11836, 8.19417, 8.27294, 8.35486, 8.44015, 8.52903, 8.62176, 8.71862, 8.81991, 8.92599, 9.03723, 9.15405, 9.27695, 9.40644, 9.54315, 9.68775, 9.84103, 10.0039, 10.1774, 10.3627, 10.5612, 10.7746, 11.0048, 11.2542, 11.5255, 11.8224, 12.149, 12.5107, 12.9145, 13.3693, 13.8871, 14.4844, 15.1848, 16.0232, 17.0549, 18.3765, 20.183, 22.9288, 27.3216, 32.1638, 30.9282, 19.6832, 7.24498, 1.43917, 0.149032, 0.0078924, 0.000199537, 1.31438e-06
30.9401
58.16
 
MEASUREMENT 88
1.4716, 4.41481, 7.36319, 10.3064, 13.2548, 16.2031, 19.1774, 22.1309, 25.0793, 28.0277, 30.9502, 33.8934
7.78225, 7.93628, 8.35672, 8.83649, 9.45398, 9.3647, 10.3976, 11.57, 12.8612, 16.7309, 12.1449, 0.0477163
0.00921262, 0.0093863, 0.00996025, 0.0107521, 0.0114673, 0.011434, 0.0126361, 0.0139788, 0.0153068, 0.0199118, 0.0144948, 0.00051107
0, 0.589331, 1.17866, 1.76799, 2.35732, 2.94665, 3.53598, 4.12532, 4.71465, 5.30398, 5.89331, 6.48264, 7.07197, 7.6613, 8.25063, 8.83996, 9.42929, 10.0186, 10.608, 11.1973, 11.7866, 12.3759, 12.9653, 13.5546, 14.1439, 14.7333, 15.3226, 15.9119, 16.5013, 17.0906, 17.6799, 18.2693, 18.8586, 19.4479, 20.0372, 20.6266, 21.2159, 21.8052, 22.3946, 22.9839, 23.5732, 24.1626, 24.7519, 25.3412, 25.9306, 26.5199, 27.1092, 27.6985, 28.2879, 28.8772, 29.4665, 30.0559, 30.6452, 31.2345, 31.8239, 32.4132, 33.0025, 33.5919, 34.1812, 34.7705
7.66855, 7.7136, 7.75994, 7.80761, 7.85669, 7.90724, 7.95934, 8.01307, 8.0685, 8.12573, 8.18485, 8.24597, 8.30921, 8.37468, 8.44252, 8.51287, 8.58588, 8.66174, 8.74062, 8.82274, 8.90831, 8.99758, 9.09084, 9.18838, 9.29055, 9.39772, 9.51032, 9.62882, 9.75378, 9.8858, 10.0256, 10.174, 10.3318, 10.5003, 10.6806, 10.8743, 11.0832, 11.3094, 11.5556, 11.825, 12.1218, 12.4511, 12.8197, 13.2369, 13.7151, 14.2724, 14.936, 15.7503, 16.7949, 18.2039, 19.9427, 20.6503, 17.2115, 9.62767, 3.17767, 0.574606, 0.0546899, 0.00267389, 5.88928e-05, 2.27917e-07
7.66855, 7.72127, 7.7756, 7.8316, 7.88937, 7.94899, 8.01057, 8.0742, 8.14, 8.2081, 8.27862, 8.3517, 8.42751, 8.5062, 8.58797, 8.67301, 8.76154, 8.8538, 8.95006, 9.0506, 9.15575, 9.26586, 9.38132, 9.50259, 9.63016, 9.76458, 9.90648, 10.0566, 10.2157, 10.3847, 10.5648, 10.7571, 10.9632, 11.1847, 11.4236, 11.6825, 11.9642, 12.2723, 12.6112, 12.9867, 13.4057, 13.8777, 14.4151, 15.035, 15.7617, 16.6316, 17.702, 19.0725, 20.9448, 23.7892, 28.3515, 33.4203, 32.1772, 20.4511, 7.48604, 1.47162, 0.150034, 0.00778099, 0.000190456, 1.22774e-06
30.9406
58.17
 
MEASUREMENT 89
1.4716, 4.41481, 7.36319, 10.3064, 13.2548, 16.2031, 19.1774, 22.1309, 25.0793, 28.0277, 30.9502, 33.8934
7.9789, 8.13481, 8.56663, 9.05896, 9.68996, 9.60102, 10.6598, 11.8483, 13.1844, 17.1751, 12.4496, 0.0502546
0.00921262, 0.0093863, 0.00996025, 0.0107521, 0.0114673, 0.011434, 0.0126361, 0.0139788, 0.0153068, 0.0199118, 0.0144948, 0.00051107
0, 0.589331, 1.17866, 1.76799, 2.35732, 2.94665, 3.53598, 4.12532, 4.71465, 5.30398, 5.89331, 6.48264, 7.07197, 7.6613, 8.25063, 8.83996, 9.42929, 10.0186, 10.608, 11.1973, 11.7866, 12.3759, 12.9653, 13.5546, 14.1439, 14.7333, 15.3226, 15.9119, 16.5013, 17.0906, 17.6799, 18.2693, 18.8586, 19.4479, 20.0372, 20.6266, 21.2159, 21.8052, 22.3946, 22.9839, 23.5732, 24.1626, 24.7519, 25.3412, 25.9306, 26.5199, 27.1092, 27.6985, 28.2879, 28.8772, 29.4665, 30.0559, 30.6452, 31.2345, 31.8239, 32.4132, 33.0025, 33.5919, 34.1812, 34.7705
7.85935, 7.90555, 7.95308, 8.00198, 8.05232, 8.10417, 8.15761, 8.21271, 8.26957, 8.32827, 8.38892, 8.45162, 8.51649, 8.58365, 8.65323, 8.7254, 8.8003, 8.87812, 8.95904, 9.04328, 9.13107, 9.22266, 9.31834, 9.41841, 9.52324, 9.63319, 9.74873, 9.87033, 9.99854, 10.134, 10.2775, 10.4297, 10.5917, 10.7646, 10.9497, 11.1485, 11.3629, 11.5951, 11.8478, 12.1244, 12.4291, 12.7672, 13.1459, 13.5743, 14.0656, 14.6382, 15.3203, 16.1576, 17.2324, 18.6819, 20.4608, 21.1586, 17.6147, 9.87015, 3.27946, 0.600553, 0.0582603, 0.00292308, 6.73713e-05, 2.65992e-07
7.85935, 7.91339, 7.96907, 8.02647, 8.08568, 8.14679, 8.2099, 8.27513, 8.34257, 8.41237, 8.48465, 8.55956, 8.63726, 8.71792, 8.80173, 8.8889, 8.97964, 9.07421, 9.17288, 9.27593, 9.38371, 9.49658, 9.61494, 9.73924, 9.87001, 10.0078, 10.1533, 10.3071, 10.4702, 10.6435, 10.8281, 11.0253, 11.2365, 11.4636, 11.7085, 11.9739, 12.2627, 12.5786, 12.9261, 13.3111, 13.7407, 14.2247, 14.7759, 15.4116, 16.1571, 17.0495, 18.1479, 19.5551, 21.4792, 24.405, 29.0815, 34.2164, 32.8692, 20.9057, 7.69807, 1.5318, 0.159122, 0.00846577, 0.00021558, 1.42806e-06
30.9388
58.16
 
MEASUREMENT 90
1.4716, 4.41481, 7.36319, 10.3064, 13.2548, 16.2031, 19.1774, 22.1309, 25.0793, 28.0277, 30.9502, 33.8934
7.94592, 8.10314, 8.53136, 9.02291, 9.6524, 9.56053, 10.6168, 11.7998, 13.1317, 17.0965, 12.4013, 0.0487429
0.00921262, 0.0093863, 0.00996025, 0.0107521, 0.0114673, 0.011434, 0.0126361, 0.0139788, 0.0153068, 0.0199118, 0.0144948, 0.00051107
0, 0.589331, 1.17866, 1.76799, 2.35732, 2.94665, 3.53598, 4.12532, 4.71465, 5.30398, 5.89331, 6.48264, 7.07197, 7.6613, 8.25063, 8.83996, 9.42929, 10.0186, 10.608, 11.1973, 11.7866, 12.3759, 12.9653, 13.5546, 14.1439, 14.7333, 15.3226, 15.9119, 16.5013, 17.0906, 17.6799, 18.2693, 18.8586, 19.4479, 20.0372, 20.6266, 21.2159, 21.8052, 22.3946, 22.9839, 23.5732, 24.1626, 24.7519, 25.3412, 25.9306, 26.5199, 27.1092, 27.6985, 28.2879, 28.8772, 29.4665, 30.0559, 30.6452, 31.2345, 31.8239, 32.4132, 33.0025, 33.5919, 34.1812, 34.7705
7.82815, 7.87416, 7.92148, 7.97017, 8.02029, 8.07192, 8.12513, 8.18, 8.23661, 8.29506, 8.35545, 8.41788, 8.48246, 8.54933, 8.61862, 8.69047, 8.76505, 8.84253, 8.9231, 9.00697, 9.09437, 9.18556, 9.28081, 9.38045, 9.48481, 9.59428, 9.7093, 9.83036, 9.95801, 10.0929, 10.2357, 10.3872, 10.5485, 10.7206, 10.9049, 11.1028, 11.3162, 11.5473, 11.7988, 12.0741, 12.3774, 12.7139, 13.0907, 13.517, 14.0058, 14.5755, 15.2539, 16.0866, 17.155, 18.5963, 20.3737, 21.092, 17.5712, 9.82478, 3.24267, 0.586699, 0.0559117, 0.00273911, 6.05425e-05, 2.34887e-07
7.82815, 7.88197, 7.93743, 7.9946, 8.05357, 8.11444, 8.1773, 8.24226, 8.30944, 8.37895, 8.45094, 8.52555, 8.60294, 8.68328, 8.76675, 8.85357, 8.94395, 9.03813, 9.1364, 9.23904, 9.34638, 9.45879, 9.57667, 9.70048, 9.83071, 9.96794, 10.1128, 10.266, 10.4285, 10.6011, 10.7849, 10.9813, 11.1916, 11.4178, 11.6617, 11.926, 12.2136, 12.5281, 12.8742, 13.2576, 13.6854, 14.1674, 14.7161, 15.3491, 16.0912, 16.9795, 18.0727, 19.4726, 21.3855, 24.2924, 28.9525, 34.1167, 32.8232, 20.8477, 7.62956, 1.50048, 0.153153, 0.00795803, 0.000195393, 1.26291e-06
30.9395
58.16
 
MEASUREMENT 91
1.4716, 4.41481, 7.36319, 10.3064, 13.2548, 16.2031, 19.1774, 22.1309, 25.0793, 28.0277, 30.9502, 33.8934
7.93528, 8.09096, 8.51654, 9.0092, 9.63757, 9.54647, 10.5994, 11.7709, 13.1101, 17.0681, 12.3811, 0.0503613
0.00921262, 0.0093863, 0.00996025, 0.0107521, 0.0114673, 0.011434, 0.0126361, 0.0139788, 0.0153068, 0.0199118, 0.0144948, 0.00051107
0, 0.589331, 1.17866, 1.76799, 2.35732, 2.94665, 3.53598, 4.12532, 4.71465, 5.30398, 5.89331, 6.48264, 7.07197, 7.6613, 8.25063, 8.83996, 9.42929, 10.0186, 10.608, 11.1973, 11.7866, 12.3759, 12.9653, 13.5546, 14.1439, 14.7333, 15.3226, 15.9119, 16.5013, 17.0906, 17.6799, 18.2693, 18.8586, 19.4479, 20.0372, 20.6266, 21.2159, 21.8052, 22.3946, 22.9839, 23.5732, 24.1626, 24.7519, 25.3412, 25.9306, 26.5199, 27.1092, 27.6985, 28.2879, 28.8772, 29.4665, 30.0559, 30.6452, 31.2345, 31.8239, 32.4132, 33.0025, 33.5919, 34.1812, 34.7705
7.81591, 7.86184, 7.90907, 7.95768, 8.00771, 8.05925, 8.11236, 8.16713, 8.22364, 8.28198, 8.34225, 8.40457, 8.46903, 8.53578, 8.60494, 8.67666, 8.7511, 8.82843, 8.90885, 8.99256, 9.0798, 9.17082, 9.26589, 9.36534, 9.4695, 9.57876, 9.69356, 9.81439, 9.94179, 10.0764, 10.2189, 10.3702, 10.5312, 10.7029, 10.8868, 11.0843, 11.2973, 11.5279, 11.779, 12.0537, 12.3563, 12.6921, 13.0681, 13.4936, 13.9813, 14.5498, 15.2269, 16.0578, 17.1242, 18.5617, 20.3265, 21.0235, 17.5171, 9.8308, 3.27348, 0.601056, 0.0584892, 0.00294484, 6.82861e-05, 2.69822e-07
7.81591, 7.86965, 7.92502, 7.9821, 8.04098, 8.10175, 8.16451, 8.22936, 8.29643, 8.36583, 8.43771, 8.51219, 8.58946, 8.66967, 8.75301, 8.83968, 8.92991, 9.02395, 9.12206, 9.22453, 9.3317, 9.44393, 9.56162, 9.68522, 9.81524, 9.95224, 10.0969, 10.2499, 10.412, 10.5843, 10.7679, 10.9639, 11.1739, 11.3997, 11.6432, 11.9071, 12.1942, 12.5082, 12.8538, 13.2364, 13.6636, 14.1448, 14.6926, 15.3246, 16.0655, 16.9524, 18.044, 19.4422, 21.3536, 24.259, 28.9033, 34.0146, 32.708, 20.8399, 7.69182, 1.53484, 0.159948, 0.00854006, 0.000218606, 1.45169e-06
30.9407
58.16
 
MEASUREMENT 92
1.4716, 4.41481, 7.36319, 10.3064, 13.2548, 16.2031, 19.1774, 22.1309, 25.0793, 28.0277, 30.9502, 33.8934
7.89098, 8.04684, 8.47383, 8.95936, 9.58543, 9.49719, 10.5439, 11.7312, 13.0413, 16.9789, 12.3158, 0.0482711
0.00921262, 0.0093863, 0.00996025, 0.0107521, 0.0114673, 0.011434, 0.0126361, 0.0139788, 0.0153068, 0.0199118, 0.0144948, 0.00051107
0, 0.589331, 1.17866, 1.76799, 2.35732, 2.94665, 3.53598, 4.12532, 4.71465, 5.30398, 5.89331, 6.48264, 7.07197, 7.6613, 8.25063, 8.83996, 9.42929, 10.0186, 10.608, 11.1973, 11.7866, 12.3759, 12.9653, 13.5546, 14.1439, 14.7333, 15.3226, 15.9119, 16.5013, 17.0906, 17.6799, 18.2693, 18.8586, 19.4479, 20.0372, 20.6266, 21.2159, 21.8052, 22.3946, 22.9839, 23.5732, 24.1626, 24.7519, 25.3412, 25.9306, 26.5199, 27.1092, 27.6985, 28.2879, 28.8772, 29.4665, 30.0559, 30.6452, 31.2345, 31.8239, 32.4132, 33.0025, 33.5919, 34.1812, 34.7705
7.77486, 7.82057, 7.86757, 7.91593, 7.96572, 8.017, 8.06986, 8.12436, 8.18059, 8.23865, 8.29863, 8.36064, 8.42479, 8.49122, 8.56004, 8.63141, 8.70549, 8.78245, 8.86248, 8.94579, 9.03261, 9.12319, 9.21781, 9.31678, 9.42045, 9.52919, 9.64345, 9.7637, 9.8905, 10.0245, 10.1663, 10.3169, 10.4771, 10.6481, 10.8311, 11.0277, 11.2397, 11.4693, 11.7192, 11.9926, 12.2939, 12.6282, 13.0025, 13.4261, 13.9117, 14.4776, 15.1517, 15.979, 17.0406, 18.4729, 20.2392, 20.9523, 17.4512, 9.75303, 3.21649, 0.581336, 0.0553248, 0.00270585, 5.96271e-05, 2.31175e-07
7.77486, 7.82832, 7.8834, 7.94019, 7.99876, 8.05921, 8.12165, 8.18617, 8.25289, 8.32193, 8.39343, 8.46753, 8.5444, 8.62419, 8.7071, 8.79333, 8.88309, 8.97664, 9.07424, 9.17619, 9.2828, 9.39445, 9.51153, 9.6345, 9.76385, 9.90015, 10.044, 10.1962, 10.3576, 10.529, 10.7116, 10.9066, 11.1156, 11.3402, 11.5825, 11.845, 12.1306, 12.4431, 12.7868, 13.1676, 13.5926, 14.0713, 14.6163, 15.245, 15.9822, 16.8646, 17.9505, 19.3411, 21.2414, 24.1293, 28.7595, 33.8889, 32.5973, 20.6939, 7.56726, 1.4866, 0.151527, 0.00786036, 0.0001925, 1.24252e-06
30.939
58.16
 
MEASUREMENT 93
1.4716, 4.41481, 7.36319, 10.3064, 13.2548, 16.2031, 19.1774, 22.1309, 25.0793, 28.0277, 30.9502, 33.8934
7.92507, 8.08095, 8.50883, 8.99822, 9.62564, 9.53548, 10.5893, 11.7686, 13.0973, 17.0491, 12.3676, 0.0492298
0.00921262, 0.0093863, 0.00996025, 0.0107521, 0.0114673, 0.011434, 0.0126361, 0.0139788, 0.0153068, 0.0199118, 0.0144948, 0.00051107
0, 0.589331, 1.17866, 1.76799, 2.35732, 2.94665, 3.53598, 4.12532, 4.71465, 5.30398, 5.89331, 6.48264, 7.07197, 7.6613, 8.25063, 8.83996, 9.42929, 10.0186, 10.608, 11.1973, 11.7866, 12.3759, 12.9653, 13.5546, 14.1439, 14.7333, 15.3226, 15.9119, 16.5013, 17.0906, 17.6799, 18.2693, 18.8586, 19.4479, 20.0372, 20.6266, 21.2159, 21.8052, 22.3946, 22.9839, 23.5732, 24.1626, 24.7519, 25.3412, 25.9306, 26.5199, 27.1092, 27.6985, 28.2879, 28.8772, 29.4665, 30.0559, 30.6452, 31.2345, 31.8239, 32.4132, 33.0025, 33.5919, 34.1812, 34.7705
7.80732, 7.8532, 7.9004, 7.94895, 7.99894, 8.05043, 8.1035, 8.15822, 8.21468, 8.27297, 8.33319, 8.39545, 8.45986, 8.52654, 8.59564, 8.6673, 8.74168, 8.81894, 8.89929, 8.98294, 9.0701, 9.16104, 9.25604, 9.3554, 9.45948, 9.56865, 9.68336, 9.80408, 9.93138, 10.0659, 10.2083, 10.3594, 10.5203, 10.6919, 10.8756, 11.073, 11.2858, 11.5163, 11.7672, 12.0417, 12.3441, 12.6797, 13.0554, 13.4806, 13.9681, 14.5362, 15.2128, 16.0433, 17.1089, 18.5461, 20.3153, 21.0234, 17.5136, 9.80517, 3.24671, 0.590668, 0.0567349, 0.00280841, 6.32263e-05, 2.46991e-07
7.80732, 7.861, 7.91631, 7.97333, 8.03215, 8.09285, 8.15554, 8.22033, 8.28732, 8.35665, 8.42845, 8.50286, 8.58004, 8.66017, 8.74342, 8.83, 8.92014, 9.01408, 9.11208, 9.21445, 9.3215, 9.43361, 9.55118, 9.67465, 9.80453, 9.9414, 10.0859, 10.2387, 10.4007, 10.5728, 10.7562, 10.952, 11.1618, 11.3874, 11.6307, 11.8942, 12.181, 12.4948, 12.8399, 13.2222, 13.649, 14.1296, 14.6769, 15.3082, 16.0484, 16.9344, 18.0248, 19.4213, 21.3299, 24.2306, 28.8758, 34.0082, 32.7089, 20.7969, 7.63455, 1.5096, 0.155293, 0.00815271, 0.000203389, 1.32811e-06
30.9398
58.16
 
MEASUREMENT 94
1.4716, 4.41481, 7.36319, 10.3064, 13.2548, 16.2031, 19.1774, 22.1309, 25.0793, 28.0277, 30.9502, 33.8934
7.95741, 8.11299, 8.54221, 9.03415, 9.66346, 9.57407, 10.6288, 11.8146, 13.1468, 17.1168, 12.4153, 0.0494677
0.00921262, 0.0093863, 0.00996025, 0.0107521, 0.0114673, 0.011434, 0.0126361, 0.0139788, 0.0153068, 0.0199118, 0.0144948, 0.00051107
0, 0.589331, 1.17866, 1.76799, 2.35732, 2.94665, 3.53598, 4.12532, 4.71465, 5.30398, 5.89331, 6.48264, 7.07197, 7.6613, 8.25063, 8.83996, 9.42929, 10.0186, 10.608, 11.1973, 11.7866, 12.3759, 12.9653, 13.5546, 14.1439, 14.7333, 15.3226, 15.9119, 16.5013, 17.0906, 17.6799, 18.2693, 18.8586, 19.4479, 20.0372, 20.6266, 21.2159, 21.8052, 22.3946, 22.9839, 23.5732, 24.1626, 24.7519, 25.3412, 25.9306, 26.5199, 27.1092, 27.6985, 28.2879, 28.8772, 29.4665, 30.0559, 30.6452, 31.2345, 31.8239, 32.4132, 33.0025, 33.5919, 34.1812, 34.7705
7.83825, 7.88431, 7.93169, 7.98043, 8.03062, 8.08231, 8.13558, 8.19051, 8.24719, 8.3057, 8.36616, 8.42866, 8.49332, 8.56026, 8.62963, 8.70156, 8.77622, 8.85379, 8.93445, 9.01842, 9.10592, 9.19721, 9.29257, 9.39232, 9.49679, 9.60639, 9.72154, 9.84273, 9.97051, 10.1055, 10.2485, 10.4002, 10.5617, 10.734, 10.9184, 11.1165, 11.3301, 11.5615, 11.8133, 12.0889, 12.3925, 12.7293, 13.1065, 13.5333, 14.0225, 14.5928, 15.2719, 16.1055, 17.175, 18.6175, 20.3929, 21.1031, 17.5804, 9.84383, 3.26037, 0.593392, 0.0570279, 0.00282488, 6.36752e-05, 2.4883e-07
7.83825, 7.89214, 7.94767, 8.00492, 8.06396, 8.12491, 8.18785, 8.25289, 8.32015, 8.38976, 8.46184, 8.53654, 8.61403, 8.69447, 8.77805, 8.86498, 8.95547, 9.04978, 9.14817, 9.25094, 9.35842, 9.47098, 9.58901, 9.71297, 9.84336, 9.98077, 10.1258, 10.2793, 10.4419, 10.6147, 10.7988, 10.9954, 11.206, 11.4324, 11.6767, 11.9413, 12.2293, 12.5442, 12.8908, 13.2746, 13.703, 14.1855, 14.735, 15.3688, 16.1119, 17.0014, 18.096, 19.498, 21.4141, 24.3262, 28.9893, 34.1414, 32.8381, 20.8821, 7.66793, 1.51683, 0.156124, 0.00820208, 0.00020484, 1.33844e-06
30.9399
58.16
 
MEASUREMENT 95
1.4716, 4.41481, 7.36319, 10.3064, 13.2548, 16.2031, 19.1774, 22.1309, 25.0793, 28.0277, 30.9502, 33.8934
7.87165, 8.02736, 8.4516, 8.93734, 9.5605, 9.47189, 10.5175, 11.6887, 13.0076, 16.9334, 12.2843, 0.0497619
0.00921262, 0.0093863, 0.00996025, 0.0107521, 0.0114673, 0.011434, 0.0126361, 0.0139788, 0.0153068, 0.0199118, 0.0144948, 0.00051107
0, 0.589331, 1.17866, 1.76799, 2.35732, 2.94665, 3.53598, 4.12532, 4.71465, 5.30398, 5.89331, 6.48264, 7.07197, 7.6613, 8.25063, 8.83996, 9.42929, 10.0186, 10.608, 11.1973, 11.7866, 12.3759, 12.9653, 13.5546, 14.1439, 14.7333, 15.3226, 15.9119, 16.5013, 17.0906, 17.6799, 18.2693, 18.8586, 19.4479, 20.0372, 20.6266, 21.2159, 21.8052, 22.3946, 22.9839, 23.5732, 24.1626, 24.7519, 25.3412, 25.9306, 26.5199, 27.1092, 27.6985, 28.2879, 28.8772, 29.4665, 30.0559, 30.6452, 31.2345, 31.8239, 32.4132, 33.0025, 33.5919, 34.1812, 34.7705
7.7549, 7.80047, 7.84734, 7.89557, 7.94522, 7.99636, 8.04906, 8.10341, 8.15948, 8.21737, 8.27718, 8.33901, 8.40299, 8.46922, 8.53784, 8.60901, 8.68288, 8.75961, 8.83942, 8.92249, 9.00905, 9.09937, 9.19372, 9.2924, 9.39576, 9.50419, 9.6181, 9.738, 9.86443, 9.998, 10.1394, 10.2895, 10.4493, 10.6197, 10.8022, 10.9982, 11.2095, 11.4384, 11.6876, 11.9602, 12.2605, 12.5938, 12.9669, 13.3892, 13.8732, 14.4374, 15.1094, 15.9341, 16.9925, 18.4194, 20.1719, 20.8649, 17.3827, 9.75008, 3.24305, 0.594458, 0.0577132, 0.00289716, 6.68377e-05, 2.63606e-07
7.7549, 7.80822, 7.86316, 7.91979, 7.97821, 8.03851, 8.10078, 8.16513, 8.23167, 8.30053, 8.37185, 8.44576, 8.52242, 8.602, 8.68469, 8.77069, 8.86022, 8.95353, 9.05087, 9.15255, 9.25888, 9.37024, 9.48701, 9.60965, 9.73866, 9.87459, 10.0181, 10.1699, 10.3308, 10.5018, 10.6839, 10.8784, 11.0868, 11.3108, 11.5525, 11.8142, 12.0991, 12.4107, 12.7536, 13.1333, 13.5571, 14.0346, 14.5781, 15.2052, 15.9404, 16.8205, 17.9037, 19.2911, 21.1877, 24.0706, 28.6803, 33.7552, 32.4559, 20.6686, 7.62033, 1.518, 0.157825, 0.00840185, 0.000214112, 1.41779e-06
30.9404
58.16
 
MEASUREMENT 96
1.4716, 4.41481, 7.36319, 10.3064, 13.2548, 16.2031, 19.1774, 22.1309, 25.0793, 28.0277, 30.9502, 33.8934
7.80309, 7.96116, 8.37785, 8.85988, 9.47857, 9.38988, 10.4262, 11.5771, 12.8959, 16.7872, 12.1782, 0.0491726
0.00921262, 0.0093863, 0.00996025, 0.0107521, 0.0114673, 0.011434, 0.0126361, 0.0139788, 0.0153068, 0.0199118, 0.0144948, 0.00051107
0, 0.589331, 1.17866, 1.76799, 2.35732, 2.94665, 3.53598, 4.12532, 4.71465, 5.30398, 5.89331, 6.48264, 7.07197, 7.6613, 8.25063, 8.83996, 9.42929, 10.0186, 10.608, 11.1973, 11.7866, 12.3759, 12.9653, 13.5546, 14.1439, 14.7333, 15.3226, 15.9119, 16.5013, 17.0906, 17.6799, 18.2693, 18.8586, 19.4479, 20.0372, 20.6266, 21.2159, 21.8052, 22.3946, 22.9839, 23.5732, 24.1626, 24.7519, 25.3412, 25.9306, 26.5199, 27.1092, 27.6985, 28.2879, 28.8772, 29.4665, 30.0559, 30.6452, 31.2345, 31.8239, 32.4132, 33.0025, 33.5919, 34.1812, 34.7705
7.68777, 7.73295, 7.77941, 7.82721, 7.87642, 7.92711, 7.97935, 8.03322, 8.0888, 8.14619, 8.20547, 8.26676, 8.33017, 8.39582, 8.46384, 8.53438, 8.6076, 8.68367, 8.76276, 8.8451, 8.93091, 9.02043, 9.11394, 9.21176, 9.31421, 9.42167, 9.53459, 9.65343, 9.77873, 9.91113, 10.0513, 10.2001, 10.3584, 10.5274, 10.7082, 10.9025, 11.1119, 11.3388, 11.5857, 11.8559, 12.1535, 12.4838, 12.8536, 13.2721, 13.7518, 14.3109, 14.9767, 15.7939, 16.8425, 18.2563, 19.9939, 20.6847, 17.2359, 9.66631, 3.2127, 0.58799, 0.0569502, 0.0028496, 6.53739e-05, 2.57142e-07
7.68777, 7.74063, 7.79509, 7.85124, 7.90915, 7.96892, 8.03065, 8.09444, 8.16041, 8.22868, 8.29937, 8.37264, 8.44864, 8.52753, 8.6095, 8.69476, 8.78351, 8.876, 8.9725, 9.0733, 9.17871, 9.2891, 9.40486, 9.52643, 9.65432, 9.78907, 9.93133, 10.0818, 10.2413, 10.4108, 10.5913, 10.7842, 10.9907, 11.2128, 11.4523, 11.7119, 11.9942, 12.3031, 12.643, 13.0194, 13.4395, 13.9128, 14.4516, 15.0732, 15.8019, 16.6743, 17.7478, 19.1228, 21.0022, 23.8586, 28.4281, 33.467, 32.19, 20.499, 7.55269, 1.50231, 0.155833, 0.00826929, 0.000209702, 1.3837e-06
30.9407
58.16
 
MEASUREMENT 97
1.4716, 4.41481, 7.36319, 10.3064, 13.2548, 16.2031, 19.1774, 22.1309, 25.0793, 28.0277, 30.9502, 33.8934
7.79574, 7.95026, 8.37096, 8.85182, 9.46964, 9.38004, 10.4147, 11.5767, 12.884, 16.7725, 12.1659, 0.048279
0.00921262, 0.0093863, 0.00996025, 0.0107521, 0.0114673, 0.011434, 0.0126361, 0.0139788, 0.0153068, 0.0199118, 0.0144948, 0.00051107
0, 0.589331, 1.17866, 1.76799, 2.35732, 2.94665, 3.53598, 4.12532, 4.71465, 5.30398, 5.89331, 6.48264, 7.07197, 7.6613, 8.25063, 8.83996, 9.42929, 10.0186, 10.608, 11.1973, 11.7866, 12.3759, 12.9653, 13.5546, 14.1439, 14.7333, 15.3226, 15.9119, 16.5013, 17.0906, 17.6799, 18.2693, 18.8586, 19.4479, 20.0372, 20.6266, 21.2159, 21.8052, 22.3946, 22.9839, 23.5732, 24.1626, 24.7519, 25.3412, 25.9306, 26.5199, 27.1092, 27.6985, 28.2879, 28.8772, 29.4665, 30.0559, 30.6452, 31.2345, 31.8239, 32.4132, 33.0025, 33.5919, 34.1812, 34.7705
7.68025, 7.72539, 7.77182, 7.81958, 7.86876, 7.91941, 7.97161, 8.02544, 8.08098, 8.13832, 8.19756, 8.25881, 8.32217, 8.38777, 8.45574, 8.52623, 8.5994, 8.67541, 8.75445, 8.83673, 8.92248, 9.01194, 9.10539, 9.20313, 9.30551, 9.41291, 9.52575, 9.64451, 9.76973, 9.90204, 10.0421, 10.1908, 10.349, 10.5179, 10.6986, 10.8928, 11.1021, 11.3289, 11.5756, 11.8457, 12.1432, 12.4733, 12.8429, 13.2612, 13.7407, 14.2996, 14.9651, 15.782, 16.8302, 18.2441, 19.9851, 20.6834, 17.2301, 9.64336, 3.19063, 0.579703, 0.0555777, 0.00274438, 6.15178e-05, 2.3992e-07
7.68025, 7.73306, 7.78747, 7.84356, 7.90142, 7.96114, 8.02281, 8.08654, 8.15245, 8.22065, 8.29128, 8.36448, 8.4404, 8.51922, 8.60112, 8.68629, 8.77497, 8.86737, 8.96378, 9.06448, 9.1698, 9.28008, 9.39574, 9.5172, 9.64497, 9.77961, 9.92174, 10.0721, 10.2314, 10.4008, 10.5811, 10.7738, 10.9802, 11.202, 11.4414, 11.7007, 11.9828, 12.2914, 12.631, 13.0071, 13.4269, 13.8997, 14.4381, 15.0591, 15.7872, 16.6588, 17.7314, 19.1052, 20.9825, 23.8357, 28.4059, 33.4589, 32.1825, 20.4568, 7.50412, 1.48189, 0.152161, 0.00796884, 0.000198057, 1.29016e-06
30.9397
58.16
 
MEASUREMENT 98
1.4716, 4.41481, 7.36319, 10.3064, 13.2548, 16.2031, 19.1774, 22.1309, 25.0793, 28.0277, 30.9502, 33.8934
7.80417, 7.95897, 8.38011, 8.86212, 9.4806, 9.39125, 10.427, 11.589, 12.8982, 16.7913, 12.1791, 0.0487781
0.00921262, 0.0093863, 0.00996025, 0.0107521, 0.0114673, 0.011434, 0.0126361, 0.0139788, 0.0153068, 0.0199118, 0.0144948, 0.00051107
0, 0.589331, 1.17866, 1.76799, 2.35732, 2.94665, 3.53598, 4.12532, 4.71465, 5.30398, 5.89331, 6.48264, 7.07197, 7.6613, 8.25063, 8.83996, 9.42929, 10.0186, 10.608, 11.1973, 11.7866, 12.3759, 12.9653, 13.5546, 14.1439, 14.7333, 15.3226, 15.9119, 16.5013, 17.0906, 17.6799, 18.2693, 18.8586, 19.4479, 20.0372, 20.6266, 21.2159, 21.8052, 22.3946, 22.9839, 23.5732, 24.1626, 24.7519, 25.3412, 25.9306, 26.5199, 27.1092, 27.6985, 28.2879, 28.8772, 29.4665, 30.0559, 30.6452, 31.2345, 31.8239, 32.4132, 33.0025, 33.5919, 34.1812, 34.7705
7.68892, 7.73411, 7.78059, 7.82841, 7.87764, 7.92835, 7.98061, 8.03449, 8.0901, 8.1475, 8.20681, 8.26812, 8.33155, 8.39723, 8.46527, 8.53584, 8.60909, 8.68518, 8.76431, 8.84668, 8.93253, 9.02208, 9.11564, 9.21349, 9.31598, 9.4235, 9.53646, 9.65535, 9.78072, 9.91317, 10.0534, 10.2023, 10.3607, 10.5297, 10.7106, 10.905, 11.1146, 11.3416, 11.5886, 11.859, 12.1568, 12.4873, 12.8573, 13.276, 13.7561, 14.3156, 14.982, 15.7998, 16.8494, 18.2648, 20.0054, 20.6982, 17.2417, 9.65857, 3.20317, 0.584324, 0.0563451, 0.00280356, 6.36912e-05, 2.497e-07
7.68892, 7.74179, 7.79626, 7.85242, 7.91034, 7.97012, 8.03187, 8.09567, 8.16165, 8.22993, 8.30064, 8.37392, 8.44993, 8.52884, 8.61083, 8.6961, 8.78487, 8.87738, 8.9739, 9.07471, 9.18015, 9.29056, 9.40634, 9.52794, 9.65585, 9.79064, 9.93293, 10.0834, 10.243, 10.4125, 10.5931, 10.7859, 10.9926, 11.2147, 11.4543, 11.7139, 11.9963, 12.3053, 12.6452, 13.0218, 13.442, 13.9154, 14.4544, 15.0762, 15.8051, 16.6778, 17.7517, 19.1273, 21.0074, 23.8652, 28.4387, 33.484, 32.1982, 20.4817, 7.53002, 1.49288, 0.154169, 0.00813532, 0.000204561, 1.34274e-06
30.9398
58.16
 
MEASUREMENT 99
1.4716, 4.41481, 7.36319, 10.3064, 13.2548, 16.2031, 19.1774, 22.1309, 25.0793, 28.0277, 30.9502, 33.8934
7.82636, 7.9821, 8.40539, 8.88747, 9.50813, 9.41876, 10.4584, 11.624, 12.9344, 16.8392, 12.2161, 0.0484557
0.00921262, 0.0093863, 0.00996025, 0.0107521, 0.0114673, 0.011434, 0.0126361, 0.0139788, 0.0153068, 0.0199118, 0.0144948, 0.00051107
0, 0.589331, 1.17866, 1.76799, 2.35732, 2.94665, 3.53598, 4.12532, 4.71465, 5.30398, 5.89331, 6.48264, 7.07197, 7.6613, 8.25063, 8.83996, 9.42929, 10.0186, 10.608, 11.1973, 11.7866, 12.3759, 12.9653, 13.5546, 14.1439, 14.7333, 15.3226, 15.9119, 16.5013, 17.0906, 17.6799, 18.2693, 18.8586, 19.4479, 20.0372, 20.6266, 21.2159, 21.8052, 22.3946, 22.9839, 23.5732, 24.1626, 24.7519, 25.3412, 25.9306, 26.5199, 27.1092, 27.6985, 28.2879, 28.8772, 29.4665, 30.0559, 30.6452, 31.2345, 31.8239, 32.4132, 33.0025, 33.5919, 34.1812, 34.7705
7.71144, 7.75676, 7.80337, 7.85133, 7.9007, 7.95156, 8.00397, 8.05801, 8.11378, 8.17135, 8.23083, 8.29232, 8.35593, 8.42179, 8.49004, 8.56081, 8.63427, 8.71058, 8.78994, 8.87255, 8.95864, 9.04846, 9.14228, 9.24042, 9.3432, 9.45103, 9.56432, 9.68355, 9.80928, 9.94211, 10.0828, 10.232, 10.3909, 10.5604, 10.7419, 10.9368, 11.147, 11.3746, 11.6223, 11.8935, 12.1921, 12.5235, 12.8946, 13.3145, 13.7959, 14.3569, 15.0251, 15.8451, 16.8973, 18.3165, 20.0646, 20.7674, 17.3025, 9.68454, 3.20397, 0.581949, 0.0557625, 0.00275129, 6.15861e-05, 2.40002e-07
7.71144, 7.76446, 7.81909, 7.87541, 7.93351, 7.99346, 8.05538, 8.11937, 8.18555, 8.25403, 8.32494, 8.39844, 8.47467, 8.55381, 8.63604, 8.72156, 8.81059, 8.90337, 9.00017, 9.10128, 9.20702, 9.31775, 9.43387, 9.55582, 9.68411, 9.81929, 9.96199, 10.1129, 10.2729, 10.443, 10.6241, 10.8175, 11.0247, 11.2475, 11.4878, 11.7481, 12.0314, 12.3412, 12.6821, 13.0597, 13.4812, 13.9559, 14.4965, 15.12, 15.851, 16.726, 17.8029, 19.182, 21.0666, 23.9306, 28.5187, 33.5952, 32.3195, 20.5464, 7.53659, 1.48789, 0.152696, 0.00799056, 0.00019835, 1.29083e-06
30.9399
58.16
 
MEASUREMENT 100
1.4716, 4.41481, 7.36319, 10.3064, 13.2548, 16.2031, 19.1774, 22.1309, 25.0793, 28.0277, 30.9502, 33.8934
7.83803, 7.99128, 8.4135, 8.89719, 9.51864, 9.43015, 10.4701, 11.6372, 12.9508, 16.8599, 12.2289, 0.0486484
0.00921262, 0.0093863, 0.00996025, 0.0107521, 0.0114673, 0.011434, 0.0126361, 0.0139788, 0.0153068, 0.0199118, 0.0144948, 0.00051107
0, 0.589331, 1.17866, 1.76799, 2.35732, 2.94665, 3.53598, 4.12532, 4.71465, 5.30398, 5.89331, 6.48264, 7.07197, 7.6613, 8.25063, 8.83996, 9.42929, 10.0186, 10.608, 11.1973, 11.7866, 12.3759, 12.9653, 13.5546, 14.1439, 14.7333, 15.3226, 15.9119, 16.5013, 17.0906, 17.6799, 18.2693, 18.8586, 19.4479, 20.0372, 20.6266, 21.2159, 21.8052, 22.3946, 22.9839, 23.5732, 24.1626, 24.7519, 25.3412, 25.9306, 26.5199, 27.1092, 27.6985, 28.2879, 28.8772, 29.4665, 30.0559, 30.6452, 31.2345, 31.8239, 32.4132, 33.0025, 33.5919, 34.1812, 34.7705
7.72043, 7.76581, 7.81247, 7.86049, 7.90992, 7.96084, 8.01331, 8.06742, 8.12325, 8.18089, 8.24044, 8.302, 8.36569, 8.43164, 8.49996, 8.57082, 8.64437, 8.72077, 8.80023, 8.88294, 8.96913, 9.05905, 9.15299, 9.25124, 9.35416, 9.46211, 9.57554, 9.69492, 9.82079, 9.95379, 10.0946, 10.2441, 10.4031, 10.5728, 10.7545, 10.9497, 11.1601, 11.388, 11.6361, 11.9076, 12.2066, 12.5384, 12.91, 13.3304, 13.8124, 14.3742, 15.0432, 15.8644, 16.9181, 18.3392, 20.0886, 20.7886, 17.3173, 9.69441, 3.20953, 0.583767, 0.0560548, 0.00277366, 6.24012e-05, 2.43707e-07
7.72043, 7.77352, 7.82821, 7.8846, 7.94276, 8.00279, 8.06478, 8.12885, 8.1951, 8.26365, 8.33465, 8.40824, 8.48456, 8.56379, 8.64612, 8.73174, 8.82087, 8.91376, 9.01068, 9.1119, 9.21777, 9.32863, 9.44489, 9.56699, 9.69543, 9.83077, 9.97364, 10.1248, 10.285, 10.4552, 10.6365, 10.8301, 11.0376, 11.2606, 11.5012, 11.7619, 12.0455, 12.3557, 12.6971, 13.0751, 13.4971, 13.9724, 14.5136, 15.1379, 15.8699, 16.746, 17.8243, 19.2053, 21.0926, 23.9612, 28.5549, 33.6306, 32.345, 20.564, 7.54793, 1.49213, 0.15345, 0.00805285, 0.00020078, 1.31061e-06
30.9397
58.16
 
MEASUREMENT 101
1.4716, 4.41481, 7.36319, 10.3064, 13.2548, 16.2031, 19.1774, 22.1309, 25.0793, 28.0277, 30.9502, 33.8934
7.8012, 7.95858, 8.37724, 8.85863, 9.47817, 9.38774, 10.4234, 11.5877, 12.8946, 16.7867, 12.1783, 0.0482122
0.00921262, 0.0093863, 0.00996025, 0.0107521, 0.0114673, 0.011434, 0.0126361, 0.0139788, 0.0153068, 0.0199118, 0.0144948, 0.00051107
0, 0.589331, 1.17866, 1.76799, 2.35732, 2.94665, 3.53598, 4.12532, 4.71465, 5.30398, 5.89331, 6.48264, 7.07197, 7.6613, 8.25063, 8.83996, 9.42929, 10.0186, 10.608, 11.1973, 11.7866, 12.3759, 12.9653, 13.5546, 14.1439, 14.7333, 15.3226, 15.9119, 16.5013, 17.0906, 17.6799, 18.2693, 18.8586, 19.4479, 20.0372, 20.6266, 21.2159, 21.8052, 22.3946, 22.9839, 23.5732, 24.1626, 24.7519, 25.3412, 25.9306, 26.5199, 27.1092, 27.6985, 28.2879, 28.8772, 29.4665, 30.0559, 30.6452, 31.2345, 31.8239, 32.4132, 33.0025, 33.5919, 34.1812, 34.7705
7.68666, 7.73184, 7.77831, 7.82611, 7.87533, 7.92603, 7.97828, 8.03215, 8.08774, 8.14513, 8.20442, 8.26572, 8.32914, 8.3948, 8.46283, 8.53338, 8.60661, 8.68269, 8.7618, 8.84415, 8.92997, 9.01951, 9.11304, 9.21087, 9.31334, 9.42083, 9.53377, 9.65264, 9.77797, 9.9104, 10.0506, 10.1994, 10.3578, 10.5268, 10.7077, 10.902, 11.1115, 11.3385, 11.5855, 11.8558, 12.1535, 12.4839, 12.8539, 13.2725, 13.7524, 14.3118, 14.978, 15.7955, 16.8446, 18.2597, 20.0033, 20.7052, 17.2504, 9.65324, 3.192, 0.579298, 0.0554445, 0.00273152, 6.09816e-05, 2.37438e-07
7.68666, 7.73951, 7.79397, 7.85011, 7.90801, 7.96778, 8.0295, 8.09329, 8.15925, 8.22751, 8.29819, 8.37145, 8.44744, 8.52633, 8.60829, 8.69354, 8.78228, 8.87477, 8.97126, 9.07204, 9.17744, 9.28782, 9.40357, 9.52513, 9.653, 9.78775, 9.93, 10.0805, 10.24, 10.4094, 10.5899, 10.7827, 10.9893, 11.2113, 11.4509, 11.7104, 11.9928, 12.3016, 12.6414, 13.0178, 13.438, 13.9112, 14.45, 15.0715, 15.8002, 16.6724, 17.7458, 19.1205, 20.999, 23.8538, 28.4279, 33.4901, 32.2182, 20.4776, 7.50753, 1.48093, 0.151806, 0.00793212, 0.000196446, 1.27661e-06
30.9398
58.16
 
MEASUREMENT 102
1.4716, 4.41481, 7.36319, 10.3064, 13.2548, 16.2031, 19.1774, 22.1309, 25.0793, 28.0277, 30.9502, 33.8934
7.75539, 7.90856, 8.32675, 8.80543, 9.42061, 9.33173, 10.3634, 11.517, 12.816, 16.6842, 12.0933, 0.0480823
0.00921262, 0.0093863, 0.00996025, 0.0107521, 0.0114673, 0.011434, 0.0126361, 0.0139788, 0.0153068, 0.0199118, 0.0144948, 0.00051107
0, 0.589331, 1.17866, 1.76799, 2.35732, 2.94665, 3.53598, 4.12532, 4.71465, 5.30398, 5.89331, 6.48264, 7.07197, 7.6613, 8.25063, 8.83996, 9.42929, 10.0186, 10.608, 11.1973, 11.7866, 12.3759, 12.9653, 13.5546, 14.1439, 14.7333, 15.3226, 15.9119, 16.5013, 17.0906, 17.6799, 18.2693, 18.8586, 19.4479, 20.0372, 20.6266, 21.2159, 21.8052, 22.3946, 22.9839, 23.5732, 24.1626, 24.7519, 25.3412, 25.9306, 26.5199, 27.1092, 27.6985, 28.2879, 28.8772, 29.4665, 30.0559, 30.6452, 31.2345, 31.8239, 32.4132, 33.0025, 33.5919, 34.1812, 34.7705
7.64057, 7.68547, 7.73165, 7.77917, 7.82808, 7.87847, 7.93039, 7.98394, 8.03918, 8.09622, 8.15515, 8.21607, 8.2791, 8.34436, 8.41197, 8.48209, 8.55487, 8.63048, 8.7091, 8.79095, 8.87624, 8.96523, 9.05818, 9.15541, 9.25725, 9.36408, 9.47632, 9.59445, 9.71901, 9.85062, 9.98997, 10.1379, 10.2953, 10.4632, 10.643, 10.8361, 11.0444, 11.2699, 11.5154, 11.784, 12.0799, 12.4083, 12.7759, 13.192, 13.669, 14.2249, 14.887, 15.6997, 16.7426, 18.1491, 19.8788, 20.5651, 17.1221, 9.58035, 3.17099, 0.57684, 0.055422, 0.00274526, 6.18745e-05, 2.41957e-07
7.64057, 7.69311, 7.74724, 7.80304, 7.8606, 7.92001, 7.98137, 8.04477, 8.11034, 8.17819, 8.24846, 8.32129, 8.39682, 8.47524, 8.55672, 8.64145, 8.72967, 8.82161, 8.91752, 9.01771, 9.12249, 9.23221, 9.34727, 9.46811, 9.59523, 9.72918, 9.87059, 10.0202, 10.1787, 10.3472, 10.5266, 10.7183, 10.9237, 11.1444, 11.3825, 11.6405, 11.9212, 12.2283, 12.5661, 12.9403, 13.358, 13.8285, 14.3642, 14.9822, 15.7068, 16.5741, 17.6416, 19.0089, 20.878, 23.7192, 28.2676, 33.284, 31.994, 20.3297, 7.45981, 1.47488, 0.151762, 0.00797266, 0.000199119, 1.30187e-06
30.9389
58.16
 
MEASUREMENT 103
1.4716, 4.41481, 7.36319, 10.3064, 13.2548, 16.2031, 19.1774, 22.1309, 25.0793, 28.0277, 30.9502, 33.8934
7.77753, 7.9311, 8.35049, 8.83316, 9.44817, 9.35941, 10.3918, 11.5503, 12.8533, 16.7331, 12.1493, 0.0490706
0.00921262, 0.0093863, 0.00996025, 0.0107521, 0.0114673, 0.011434, 0.0126361, 0.0139788, 0.0153068, 0.0199118, 0.0144948, 0.00051107
0, 0.589331, 1.17866, 1.76799, 2.35732, 2.94665, 3.53598, 4.12532, 4.71465, 5.30398, 5.89331, 6.48264, 7.07197, 7.6613, 8.25063, 8.83996, 9.42929, 10.0186, 10.608, 11.1973, 11.7866, 12.3759, 12.9653, 13.5546, 14.1439, 14.7333, 15.3226, 15.9119, 16.5013, 17.0906, 17.6799, 18.2693, 18.8586, 19.4479, 20.0372, 20.6266, 21.2159, 21.8052, 22.3946, 22.9839, 23.5732, 24.1626, 24.7519, 25.3412, 25.9306, 26.5199, 27.1092, 27.6985, 28.2879, 28.8772, 29.4665, 30.0559, 30.6452, 31.2345, 31.8239, 32.4132, 33.0025, 33.5919, 34.1812, 34.7705
7.66261, 7.70765, 7.75397, 7.80163, 7.85069, 7.90123, 7.95331, 8.00702, 8.06243, 8.11964, 8.17875, 8.23985, 8.30307, 8.36852, 8.43634, 8.50667, 8.57967, 8.65551, 8.73437, 8.81646, 8.90201, 8.99127, 9.0845, 9.18203, 9.28417, 9.39132, 9.5039, 9.62239, 9.74733, 9.87934, 10.0191, 10.1675, 10.3253, 10.4938, 10.6741, 10.8678, 11.0767, 11.3029, 11.5491, 11.8185, 12.1153, 12.4446, 12.8134, 13.2307, 13.709, 14.2666, 14.9306, 15.7455, 16.7912, 18.2012, 19.9357, 20.6305, 17.1983, 9.64875, 3.2073, 0.586891, 0.0568123, 0.00284003, 6.50495e-05, 2.55639e-07
7.66261, 7.7153, 7.76958, 7.82554, 7.88326, 7.94284, 8.00436, 8.06794, 8.13369, 8.20173, 8.2722, 8.34522, 8.42097, 8.4996, 8.5813, 8.66627, 8.75473, 8.84692, 8.9431, 9.04356, 9.14862, 9.25865, 9.37402, 9.49519, 9.62265, 9.75697, 9.89875, 10.0487, 10.2077, 10.3766, 10.5566, 10.7487, 10.9546, 11.1759, 11.4147, 11.6733, 11.9548, 12.2626, 12.6013, 12.9765, 13.3952, 13.8668, 14.4038, 15.0233, 15.7495, 16.6188, 17.6885, 19.0586, 20.931, 23.7764, 28.3295, 33.357, 32.0965, 20.4467, 7.53434, 1.49836, 0.155334, 0.00823495, 0.000208513, 1.374e-06
30.9413
58.17
 
MEASUREMENT 104
1.4716, 4.41481, 7.36319, 10.3064, 13.2548, 16.2031, 19.1774, 22.1309, 25.0793, 28.0277, 30.9502, 33.8934
7.81055, 7.96743, 8.38753, 8.86957, 9.48889, 9.39887, 10.4368, 11.6009, 12.899, 16.8064, 12.1799, 0.0477692
0.00921262, 0.0093863, 0.00996025, 0.0107521, 0.0114673, 0.011434, 0.0126361, 0.0139788, 0.0153068, 0.0199118, 0.0144948, 0.00051107
0, 0.589331, 1.17866, 1.76799, 2.35732, 2.94665, 3.53598, 4.12532, 4.71465, 5.30398, 5.89331, 6.48264, 7.07197, 7.6613, 8.25063, 8.83996, 9.42929, 10.0186, 10.608, 11.1973, 11.7866, 12.3759, 12.9653, 13.5546, 14.1439, 14.7333, 15.3226, 15.9119, 16.5013, 17.0906, 17.6799, 18.2693, 18.8586, 19.4479, 20.0372, 20.6266, 21.2159, 21.8052, 22.3946, 22.9839, 23.5732, 24.1626, 24.7519, 25.3412, 25.9306, 26.5199, 27.1092, 27.6985, 28.2879, 28.8772, 29.4665, 30.0559, 30.6452, 31.2345, 31.8239, 32.4132, 33.0025, 33.5919, 34.1812, 34.7705
7.69584, 7.74106, 7.78756, 7.83541, 7.88468, 7.93542, 7.98771, 8.04163, 8.09727, 8.15471, 8.21406, 8.27541, 8.33888, 8.4046, 8.47269, 8.5433, 8.61659, 8.69273, 8.77191, 8.85433, 8.94022, 9.02984, 9.12344, 9.22135, 9.32391, 9.43148, 9.54451, 9.66347, 9.78891, 9.92143, 10.0618, 10.2107, 10.3692, 10.5383, 10.7193, 10.9138, 11.1235, 11.3506, 11.5977, 11.8682, 12.1661, 12.4968, 12.8669, 13.2858, 13.766, 14.3257, 14.9922, 15.8101, 16.8595, 18.2752, 20.0199, 20.7213, 17.256, 9.64377, 3.18105, 0.575167, 0.054773, 0.00268122, 5.91773e-05, 2.2949e-07
7.69584, 7.74875, 7.80328, 7.85948, 7.91746, 7.9773, 8.0391, 8.10296, 8.169, 8.23734, 8.30812, 8.38147, 8.45755, 8.53653, 8.6186, 8.70395, 8.7928, 8.8854, 8.98201, 9.08292, 9.18845, 9.29896, 9.41486, 9.53657, 9.66461, 9.79952, 9.94194, 10.0926, 10.2523, 10.422, 10.6027, 10.7958, 11.0026, 11.2249, 11.4648, 11.7246, 12.0073, 12.3166, 12.6568, 13.0337, 13.4544, 13.9282, 14.4677, 15.0901, 15.8198, 16.6932, 17.768, 19.1446, 21.0256, 23.8844, 28.4672, 33.5429, 32.2635, 20.4838, 7.49244, 1.47261, 0.150206, 0.00779906, 0.000191274, 1.23574e-06
30.939
58.16
 
MEASUREMENT 105
1.4716, 4.41481, 7.36319, 10.3064, 13.2548, 16.2031, 19.1774, 22.1309, 25.0793, 28.0277, 30.9502, 33.8934
7.81382, 7.96924, 8.39007, 8.87101, 9.49176, 9.402, 10.4392, 11.6033, 12.9239, 16.809, 12.2051, 0.0484678
0.00921262, 0.0093863, 0.00996025, 0.0107521, 0.0114673, 0.011434, 0.0126361, 0.0139788, 0.0153068, 0.0199118, 0.0144948, 0.00051107
0, 0.589331, 1.17866, 1.76799, 2.35732, 2.94665, 3.53598, 4.12532, 4.71465, 5.30398, 5.89331, 6.48264, 7.07197, 7.6613, 8.25063, 8.83996, 9.42929, 10.0186, 10.608, 11.1973, 11.7866, 12.3759, 12.9653, 13.5546, 14.1439, 14.7333, 15.3226, 15.9119, 16.5013, 17.0906, 17.6799, 18.2693, 18.8586, 19.4479, 20.0372, 20.6266, 21.2159, 21.8052, 22.3946, 22.9839, 23.5732, 24.1626, 24.7519, 25.3412, 25.9306, 26.5199, 27.1092, 27.6985, 28.2879, 28.8772, 29.4665, 30.0559, 30.6452, 31.2345, 31.8239, 32.4132, 33.0025, 33.5919, 34.1812, 34.7705
7.69811, 7.74336, 7.7899, 7.83779, 7.88709, 7.93787, 7.9902, 8.04417, 8.09985, 8.15733, 8.21672, 8.27812, 8.34164, 8.40741, 8.47556, 8.54622, 8.61957, 8.69578, 8.77502, 8.85751, 8.94348, 9.03316, 9.12685, 9.22485, 9.32749, 9.43516, 9.54829, 9.66735, 9.7929, 9.92555, 10.066, 10.2151, 10.3737, 10.543, 10.7242, 10.9188, 11.1287, 11.3561, 11.6035, 11.8743, 12.1725, 12.5035, 12.8741, 13.2935, 13.7742, 14.3346, 15.0019, 15.8209, 16.8718, 18.2895, 20.0368, 20.7435, 17.2891, 9.68109, 3.20394, 0.582073, 0.0557783, 0.00275182, 6.15901e-05, 2.39958e-07
7.69811, 7.75104, 7.80557, 7.86179, 7.91979, 7.97964, 8.04145, 8.10533, 8.17139, 8.23974, 8.31054, 8.3839, 8.46, 8.539, 8.62108, 8.70645, 8.79533, 8.88795, 8.98457, 9.0855, 9.19106, 9.3016, 9.41751, 9.53925, 9.66731, 9.80225, 9.9447, 10.0954, 10.2551, 10.4248, 10.6056, 10.7987, 11.0055, 11.2279, 11.4678, 11.7276, 12.0104, 12.3197, 12.66, 13.0369, 13.4576, 13.9314, 14.471, 15.0933, 15.823, 16.6964, 17.7711, 19.1475, 21.0281, 23.8859, 28.4647, 33.5355, 32.272, 20.524, 7.53074, 1.48703, 0.152615, 0.00798544, 0.000198179, 1.28914e-06
30.9405
58.17
 
MEASUREMENT 106
1.4716, 4.41481, 7.36319, 10.3064, 13.2548, 16.2031, 19.1774, 22.1309, 25.0793, 28.0277, 30.9502, 33.8934
7.83036, 7.98662, 8.40833, 8.89187, 9.5134, 9.42362, 10.4633, 11.6295, 12.9416, 16.8477, 12.2109, 0.0485102
0.00921262, 0.0093863, 0.00996025, 0.0107521, 0.0114673, 0.011434, 0.0126361, 0.0139788, 0.0153068, 0.0199118, 0.0144948, 0.00051107
0, 0.589331, 1.17866, 1.76799, 2.35732, 2.94665, 3.53598, 4.12532, 4.71465, 5.30398, 5.89331, 6.48264, 7.07197, 7.6613, 8.25063, 8.83996, 9.42929, 10.0186, 10.608, 11.1973, 11.7866, 12.3759, 12.9653, 13.5546, 14.1439, 14.7333, 15.3226, 15.9119, 16.5013, 17.0906, 17.6799, 18.2693, 18.8586, 19.4479, 20.0372, 20.6266, 21.2159, 21.8052, 22.3946, 22.9839, 23.5732, 24.1626, 24.7519, 25.3412, 25.9306, 26.5199, 27.1092, 27.6985, 28.2879, 28.8772, 29.4665, 30.0559, 30.6452, 31.2345, 31.8239, 32.4132, 33.0025, 33.5919, 34.1812, 34.7705
7.71533, 7.76067, 7.8073, 7.85528, 7.90468, 7.95555, 8.00799, 8.06206, 8.11784, 8.17544, 8.23495, 8.29646, 8.36011, 8.426, 8.49428, 8.56508, 8.63857, 8.71492, 8.79431, 8.87696, 8.96309, 9.05295, 9.14681, 9.24499, 9.34783, 9.4557, 9.56904, 9.68833, 9.81411, 9.94701, 10.0877, 10.2371, 10.396, 10.5656, 10.7471, 10.9421, 11.1524, 11.3802, 11.628, 11.8993, 12.1981, 12.5297, 12.901, 13.3211, 13.8028, 14.3641, 15.0328, 15.8534, 16.9065, 18.3268, 20.0736, 20.7664, 17.2889, 9.67246, 3.20078, 0.582073, 0.0559015, 0.00276756, 6.23196e-05, 2.43625e-07
7.71533, 7.76838, 7.82304, 7.87939, 7.93752, 7.99751, 8.05946, 8.12349, 8.1897, 8.25822, 8.32917, 8.40271, 8.47899, 8.55817, 8.64044, 8.72601, 8.81509, 8.90793, 9.00478, 9.10595, 9.21175, 9.32255, 9.43874, 9.56077, 9.68913, 9.82439, 9.96718, 10.1182, 10.2783, 10.4484, 10.6297, 10.8232, 11.0306, 11.2535, 11.4939, 11.7544, 12.0379, 12.348, 12.6891, 13.067, 13.4888, 13.9639, 14.5048, 15.1289, 15.8605, 16.7364, 17.8144, 19.1951, 21.0825, 23.9517, 28.5449, 33.6108, 32.3071, 20.5262, 7.5303, 1.48835, 0.153084, 0.00803793, 0.00020059, 1.31088e-06
30.9388
58.16
 
MEASUREMENT 107
1.4716, 4.41481, 7.36319, 10.3064, 13.2548, 16.2031, 19.1774, 22.1309, 25.0793, 28.0277, 30.9502, 33.8934
7.735, 7.88764, 8.30432, 8.78181, 9.39348, 9.30558, 10.3338, 11.4852, 12.7696, 16.6405, 12.0708, 0.0491838
0.00921262, 0.0093863, 0.00996025, 0.0107521, 0.0114673, 0.011434, 0.0126361, 0.0139788, 0.0153068, 0.0199118, 0.0144948, 0.00051107
0, 0.589331, 1.17866, 1.76799, 2.35732, 2.94665, 3.53598, 4.12532, 4.71465, 5.30398, 5.89331, 6.48264, 7.07197, 7.6613, 8.25063, 8.83996, 9.42929, 10.0186, 10.608, 11.1973, 11.7866, 12.3759, 12.9653, 13.5546, 14.1439, 14.7333, 15.3226, 15.9119, 16.5013, 17.0906, 17.6799, 18.2693, 18.8586, 19.4479, 20.0372, 20.6266, 21.2159, 21.8052, 22.3946, 22.9839, 23.5732, 24.1626, 24.7519, 25.3412, 25.9306, 26.5199, 27.1092, 27.6985, 28.2879, 28.8772, 29.4665, 30.0559, 30.6452, 31.2345, 31.8239, 32.4132, 33.0025, 33.5919, 34.1812, 34.7705
7.61953, 7.66431, 7.71035, 7.75773, 7.8065, 7.85674, 7.90852, 7.9619, 8.01699, 8.07386, 8.13262, 8.19336, 8.2562, 8.32127, 8.38868, 8.4586, 8.53116, 8.60654, 8.68494, 8.76654, 8.85158, 8.94031, 9.03298, 9.12992, 9.23146, 9.33797, 9.44987, 9.56765, 9.69184, 9.82305, 9.96198, 10.1094, 10.2663, 10.4338, 10.613, 10.8055, 11.0131, 11.238, 11.4826, 11.7504, 12.0454, 12.3727, 12.7392, 13.1539, 13.6293, 14.1834, 14.8433, 15.6532, 16.6925, 18.0934, 19.8133, 20.4932, 17.0777, 9.58709, 3.19384, 0.586806, 0.057148, 0.00288006, 6.68941e-05, 2.6444e-07
7.61953, 7.67192, 7.7259, 7.78154, 7.83894, 7.89818, 7.95936, 8.02259, 8.08797, 8.15563, 8.2257, 8.29831, 8.37363, 8.45183, 8.53307, 8.61757, 8.70553, 8.7972, 8.89284, 8.99274, 9.09721, 9.20662, 9.32135, 9.44184, 9.56859, 9.70215, 9.84314, 9.99228, 10.1504, 10.3183, 10.4973, 10.6884, 10.8931, 11.1132, 11.3506, 11.6078, 11.8877, 12.1938, 12.5307, 12.9037, 13.3201, 13.7892, 14.3232, 14.9392, 15.6615, 16.5261, 17.5901, 18.953, 20.8161, 23.6478, 28.1744, 33.1573, 31.8883, 20.3241, 7.50507, 1.49855, 0.156291, 0.00835285, 0.000214118, 1.42303e-06
30.9411
58.16
 
MEASUREMENT 108
1.4716, 4.41481, 7.36319, 10.3064, 13.2548, 16.2031, 19.1774, 22.1309, 25.0793, 28.0277, 30.9502, 33.8934
7.82386, 7.97779, 8.39934, 8.88345, 9.50357, 9.41412, 10.4522, 11.6187, 12.9298, 16.8315, 12.2104, 0.0481259
0.00921262, 0.0093863, 0.00996025, 0.0107521, 0.0114673, 0.011434, 0.0126361, 0.0139788, 0.0153068, 0.0199118, 0.0144948, 0.00051107
0, 0.589331, 1.17866, 1.76799, 2.35732, 2.94665, 3.53598, 4.12532, 4.71465, 5.30398, 5.89331, 6.48264, 7.07197, 7.6613, 8.25063, 8.83996, 9.42929, 10.0186, 10.608, 11.1973, 11.7866, 12.3759, 12.9653, 13.5546, 14.1439, 14.7333, 15.3226, 15.9119, 16.5013, 17.0906, 17.6799, 18.2693, 18.8586, 19.4479, 20.0372, 20.6266, 21.2159, 21.8052, 22.3946, 22.9839, 23.5732, 24.1626, 24.7519, 25.3412, 25.9306, 26.5199, 27.1092, 27.6985, 28.2879, 28.8772, 29.4665, 30.0559, 30.6452, 31.2345, 31.8239, 32.4132, 33.0025, 33.5919, 34.1812, 34.7705
7.7075, 7.7528, 7.79939, 7.84733, 7.89668, 7.94751, 7.9999, 8.05392, 8.10966, 8.16721, 8.22666, 8.28812, 8.35171, 8.41755, 8.48577, 8.55651, 8.62993, 8.70622, 8.78554, 8.86812, 8.95417, 9.04395, 9.13773, 9.23583, 9.33858, 9.44636, 9.5596, 9.67879, 9.80446, 9.93724, 10.0778, 10.2271, 10.3858, 10.5553, 10.7367, 10.9315, 11.1416, 11.3692, 11.6168, 11.8879, 12.1864, 12.5177, 12.8887, 13.3084, 13.7896, 14.3505, 15.0184, 15.8382, 16.89, 18.3089, 20.0581, 20.7642, 17.2991, 9.67588, 3.19583, 0.578893, 0.0552565, 0.00271265, 6.01808e-05, 2.33777e-07
7.7075, 7.7605, 7.8151, 7.87139, 7.92945, 7.98938, 8.05127, 8.11523, 8.18137, 8.24981, 8.32069, 8.39415, 8.47035, 8.54945, 8.63163, 8.71711, 8.8061, 8.89883, 8.99558, 9.09664, 9.20233, 9.31301, 9.42907, 9.55096, 9.67918, 9.8143, 9.95693, 10.1078, 10.2677, 10.4377, 10.6187, 10.812, 11.0191, 11.2418, 11.482, 11.7421, 12.0253, 12.335, 12.6758, 13.0532, 13.4744, 13.9489, 14.4892, 15.1124, 15.8431, 16.7177, 17.794, 19.1723, 21.0557, 23.9178, 28.5053, 33.587, 32.3139, 20.5303, 7.5187, 1.48037, 0.151343, 0.00788023, 0.000194104, 1.25704e-06
30.9397
58.16
 
MEASUREMENT 109
1.4716, 4.41481, 7.36319, 10.3064, 13.2548, 16.2031, 19.1774, 22.1309, 25.0793, 28.0277, 30.9502, 33.8934
7.78482, 7.93991, 8.35926, 8.83904, 9.45691, 9.36798, 10.4023, 11.5626, 12.8651, 16.7497, 12.1618, 0.0481771
0.00921262, 0.0093863, 0.00996025, 0.0107521, 0.0114673, 0.011434, 0.0126361, 0.0139788, 0.0153068, 0.0199118, 0.0144948, 0.00051107
0, 0.589331, 1.17866, 1.76799, 2.35732, 2.94665, 3.53598, 4.12532, 4.71465, 5.30398, 5.89331, 6.48264, 7.07197, 7.6613, 8.25063, 8.83996, 9.42929, 10.0186, 10.608, 11.1973, 11.7866, 12.3759, 12.9653, 13.5546, 14.1439, 14.7333, 15.3226, 15.9119, 16.5013, 17.0906, 17.6799, 18.2693, 18.8586, 19.4479, 20.0372, 20.6266, 21.2159, 21.8052, 22.3946, 22.9839, 23.5732, 24.1626, 24.7519, 25.3412, 25.9306, 26.5199, 27.1092, 27.6985, 28.2879, 28.8772, 29.4665, 30.0559, 30.6452, 31.2345, 31.8239, 32.4132, 33.0025, 33.5919, 34.1812, 34.7705
7.66986, 7.71495, 7.76131, 7.80902, 7.85813, 7.90872, 7.96085, 8.01461, 8.07008, 8.12735, 8.18651, 8.24768, 8.31096, 8.37648, 8.44437, 8.51477, 8.58784, 8.66375, 8.74269, 8.82487, 8.91051, 8.99985, 9.09318, 9.1908, 9.29305, 9.40031, 9.51301, 9.63162, 9.75668, 9.88882, 10.0287, 10.1772, 10.3353, 10.5039, 10.6844, 10.8783, 11.0874, 11.3138, 11.5603, 11.83, 12.1271, 12.4567, 12.8259, 13.2435, 13.7224, 14.2805, 14.9451, 15.7607, 16.8071, 18.2187, 19.96, 20.6683, 17.2312, 9.6486, 3.19139, 0.57906, 0.0553766, 0.00272422, 6.06669e-05, 2.35799e-07
7.66986, 7.7226, 7.77693, 7.83294, 7.89072, 7.95035, 8.01194, 8.07558, 8.14139, 8.2095, 8.28003, 8.35312, 8.42894, 8.50765, 8.58943, 8.67448, 8.76303, 8.8553, 8.95158, 9.05213, 9.1573, 9.26742, 9.38291, 9.50419, 9.63178, 9.76622, 9.90814, 10.0583, 10.2174, 10.3865, 10.5666, 10.7589, 10.965, 11.1865, 11.4255, 11.6844, 11.9661, 12.2743, 12.6133, 12.9888, 13.4079, 13.8799, 14.4174, 15.0374, 15.7643, 16.6342, 17.7048, 19.0757, 20.9485, 23.7939, 28.355, 33.4152, 32.1696, 20.4614, 7.50429, 1.48003, 0.151594, 0.00790979, 0.00019544, 1.26732e-06
30.9409
58.17
 
MEASUREMENT 110
1.4716, 4.41481, 7.36319, 10.3064, 13.2548, 16.2031, 19.1774, 22.1309, 25.0793, 28.0277, 30.9502, 33.8934
7.81152, 7.96549, 8.38573, 8.8693, 9.4879, 9.39972, 10.4355, 11.6002, 12.9207, 16.8049, 12.1809, 0.0486275
0.00921262, 0.0093863, 0.00996025, 0.0107521, 0.0114673, 0.011434, 0.0126361, 0.0139788, 0.0153068, 0.0199118, 0.0144948, 0.00051107
0, 0.589331, 1.17866, 1.76799, 2.35732, 2.94665, 3.53598, 4.12532, 4.71465, 5.30398, 5.89331, 6.48264, 7.07197, 7.6613, 8.25063, 8.83996, 9.42929, 10.0186, 10.608, 11.1973, 11.7866, 12.3759, 12.9653, 13.5546, 14.1439, 14.7333, 15.3226, 15.9119, 16.5013, 17.0906, 17.6799, 18.2693, 18.8586, 19.4479, 20.0372, 20.6266, 21.2159, 21.8052, 22.3946, 22.9839, 23.5732, 24.1626, 24.7519, 25.3412, 25.9306, 26.5199, 27.1092, 27.6985, 28.2879, 28.8772, 29.4665, 30.0559, 30.6452, 31.2345, 31.8239, 32.4132, 33.0025, 33.5919, 34.1812, 34.7705
7.69541, 7.74065, 7.78717, 7.83504, 7.88432, 7.93509, 7.9874, 8.04134, 8.097, 8.15447, 8.21384, 8.27522, 8.33872, 8.40446, 8.47258, 8.54323, 8.61655, 8.69273, 8.77195, 8.85441, 8.94035, 9.03001, 9.12366, 9.22163, 9.32424, 9.43188, 9.54497, 9.664, 9.78951, 9.92212, 10.0625, 10.2116, 10.3702, 10.5394, 10.7206, 10.9152, 11.125, 11.3523, 11.5997, 11.8704, 12.1686, 12.4996, 12.8701, 13.2895, 13.7703, 14.3307, 14.9983, 15.8177, 16.8694, 18.2879, 20.0303, 20.7157, 17.241, 9.64746, 3.1962, 0.582616, 0.0561596, 0.00279444, 6.34845e-05, 2.49228e-07
7.69541, 7.74833, 7.80285, 7.85906, 7.91703, 7.97687, 8.03867, 8.10253, 8.16857, 8.23691, 8.30769, 8.38104, 8.45712, 8.5361, 8.61817, 8.70352, 8.79237, 8.88497, 8.98158, 9.08249, 9.18803, 9.29854, 9.41444, 9.53616, 9.66419, 9.79911, 9.94154, 10.0922, 10.2519, 10.4216, 10.6023, 10.7954, 11.0023, 11.2246, 11.4645, 11.7243, 12.0071, 12.3164, 12.6567, 13.0337, 13.4544, 13.9284, 14.468, 15.0906, 15.8205, 16.6944, 17.77, 19.1478, 21.0317, 23.8962, 28.4785, 33.5182, 32.1986, 20.4559, 7.51184, 1.48802, 0.1536, 0.00810523, 0.000203839, 1.33945e-06
30.9381
58.16
 
MEASUREMENT 111
1.4716, 4.41481, 7.36319, 10.3064, 13.2548, 16.2031, 19.1774, 22.1309, 25.0793, 28.0277, 30.9502, 33.8934
7.88352, 8.03934, 8.4649, 8.952, 9.57757, 9.48682, 10.5345, 11.7071, 13.0178, 16.9624, 12.3045, 0.0496954
0.00921262, 0.0093863, 0.00996025, 0.0107521, 0.0114673, 0.011434, 0.0126361, 0.0139788, 0.0153068, 0.0199118, 0.0144948, 0.00051107
0, 0.589331, 1.17866, 1.76799, 2.35732, 2.94665, 3.53598, 4.12532, 4.71465, 5.30398, 5.89331, 6.48264, 7.07197, 7.6613, 8.25063, 8.83996, 9.42929, 10.0186, 10.608, 11.1973, 11.7866, 12.3759, 12.9653, 13.5546, 14.1439, 14.7333, 15.3226, 15.9119, 16.5013, 17.0906, 17.6799, 18.2693, 18.8586, 19.4479, 20.0372, 20.6266, 21.2159, 21.8052, 22.3946, 22.9839, 23.5732, 24.1626, 24.7519, 25.3412, 25.9306, 26.5199, 27.1092, 27.6985, 28.2879, 28.8772, 29.4665, 30.0559, 30.6452, 31.2345, 31.8239, 32.4132, 33.0025, 33.5919, 34.1812, 34.7705
7.76701, 7.81265, 7.85959, 7.90789, 7.95761, 8.00882, 8.0616, 8.11603, 8.17218, 8.23016, 8.29006, 8.35198, 8.41604, 8.48237, 8.55109, 8.62236, 8.69633, 8.77318, 8.8531, 8.93629, 9.02298, 9.11343, 9.2079, 9.30673, 9.41023, 9.51881, 9.63289, 9.75296, 9.87956, 10.0133, 10.1549, 10.3053, 10.4652, 10.6359, 10.8186, 11.0149, 11.2265, 11.4557, 11.7052, 11.9782, 12.2789, 12.6126, 12.9862, 13.409, 13.8936, 14.4585, 15.1312, 15.9569, 17.0163, 18.4447, 20.2003, 20.8986, 17.4148, 9.76718, 3.24645, 0.594215, 0.0575582, 0.00288031, 6.60896e-05, 2.59968e-07
7.76701, 7.82042, 7.87544, 7.93216, 7.99067, 8.05106, 8.11343, 8.17787, 8.24452, 8.31349, 8.38491, 8.45894, 8.53572, 8.61542, 8.69824, 8.78437, 8.87404, 8.96749, 9.06498, 9.16681, 9.27331, 9.38484, 9.50179, 9.62462, 9.75382, 9.88997, 10.0337, 10.1857, 10.3469, 10.5181, 10.7005, 10.8953, 11.104, 11.3283, 11.5704, 11.8325, 12.1179, 12.4299, 12.7733, 13.1536, 13.578, 14.0561, 14.6005, 15.2285, 15.9647, 16.846, 17.9306, 19.3198, 21.2185, 24.1042, 28.7206, 33.8116, 32.5224, 20.7118, 7.63161, 1.51813, 0.157488, 0.0083579, 0.000211978, 1.39881e-06
30.9408
58.16
 
MEASUREMENT 112
1.4716, 4.41481, 7.36319, 10.3064, 13.2548, 16.2031, 19.1774, 22.1309, 25.0793, 28.0277, 30.9502, 33.8934
7.79729, 7.95394, 8.37472, 8.85609, 9.47346, 9.38452, 10.4196, 11.582, 12.9, 16.7792, 12.1743, 0.0477144
0.00921262, 0.0093863, 0.00996025, 0.0107521, 0.0114673, 0.011434, 0.0126361, 0.0139788, 0.0153068, 0.0199118, 0.0144948, 0.00051107
0, 0.589331, 1.17866, 1.76799, 2.35732, 2.94665, 3.53598, 4.12532, 4.71465, 5.30398, 5.89331, 6.48264, 7.07197, 7.6613, 8.25063, 8.83996, 9.42929, 10.0186, 10.608, 11.1973, 11.7866, 12.3759, 12.9653, 13.5546, 14.1439, 14.7333, 15.3226, 15.9119, 16.5013, 17.0906, 17.6799, 18.2693, 18.8586, 19.4479, 20.0372, 20.6266, 21.2159, 21.8052, 22.3946, 22.9839, 23.5732, 24.1626, 24.7519, 25.3412, 25.9306, 26.5199, 27.1092, 27.6985, 28.2879, 28.8772, 29.4665, 30.0559, 30.6452, 31.2345, 31.8239, 32.4132, 33.0025, 33.5919, 34.1812, 34.7705
7.68345, 7.72862, 7.77508, 7.82288, 7.87209, 7.92277, 7.97501, 8.02888, 8.08445, 8.14184, 8.20112, 8.26241, 8.32581, 8.39146, 8.45948, 8.53002, 8.60324, 8.67931, 8.75841, 8.84075, 8.92656, 9.01609, 9.10961, 9.20743, 9.30989, 9.41737, 9.53029, 9.64915, 9.77448, 9.90689, 10.0471, 10.1959, 10.3543, 10.5232, 10.7041, 10.8985, 11.108, 11.3349, 11.5819, 11.8523, 12.15, 12.4805, 12.8504, 13.2691, 13.7491, 14.3086, 14.9749, 15.7927, 16.8421, 18.2581, 20.0045, 20.7106, 17.2512, 9.64176, 3.17979, 0.574667, 0.054683, 0.00267392, 5.89029e-05, 2.28345e-07
7.68345, 7.73628, 7.79072, 7.84683, 7.90472, 7.96446, 8.02616, 8.08992, 8.15585, 8.22409, 8.29475, 8.36798, 8.44394, 8.52279, 8.60473, 8.68994, 8.77865, 8.8711, 8.96755, 9.0683, 9.17366, 9.284, 9.3997, 9.52122, 9.64905, 9.78374, 9.92594, 10.0763, 10.2358, 10.4052, 10.5856, 10.7784, 10.9849, 11.2068, 11.4463, 11.7057, 11.988, 12.2967, 12.6365, 13.0127, 13.4327, 13.9058, 14.4444, 15.0657, 15.7942, 16.6662, 17.7393, 19.1136, 20.9914, 23.8452, 28.4207, 33.4906, 32.2156, 20.4522, 7.47869, 1.46908, 0.14972, 0.00776501, 0.000190102, 1.22673e-06
30.9391
58.17
 
MEASUREMENT 113
1.4716, 4.41481, 7.36319, 10.3064, 13.2548, 16.2031, 19.1774, 22.1309, 25.0793, 28.0277, 30.9502, 33.8934
7.71852, 7.87171, 8.28726, 8.76481, 9.37554, 9.28886, 10.3137, 11.4639, 12.7579, 16.6087, 12.0585, 0.0486601
0.00921262, 0.0093863, 0.00996025, 0.0107521, 0.0114673, 0.011434, 0.0126361, 0.0139788, 0.0153068, 0.0199118, 0.0144948, 0.00051107
0, 0.589331, 1.17866, 1.76799, 2.35732, 2.94665, 3.53598, 4.12532, 4.71465, 5.30398, 5.89331, 6.48264, 7.07197, 7.6613, 8.25063, 8.83996, 9.42929, 10.0186, 10.608, 11.1973, 11.7866, 12.3759, 12.9653, 13.5546, 14.1439, 14.7333, 15.3226, 15.9119, 16.5013, 17.0906, 17.6799, 18.2693, 18.8586, 19.4479, 20.0372, 20.6266, 21.2159, 21.8052, 22.3946, 22.9839, 23.5732, 24.1626, 24.7519, 25.3412, 25.9306, 26.5199, 27.1092, 27.6985, 28.2879, 28.8772, 29.4665, 30.0559, 30.6452, 31.2345, 31.8239, 32.4132, 33.0025, 33.5919, 34.1812, 34.7705
7.60435, 7.64905, 7.69502, 7.74233, 7.79102, 7.84119, 7.89288, 7.94619, 8.00119, 8.05798, 8.11664, 8.1773, 8.24004, 8.30501, 8.37233, 8.44214, 8.51459, 8.58987, 8.66815, 8.74963, 8.83455, 8.92315, 9.01569, 9.1125, 9.21389, 9.32025, 9.432, 9.54962, 9.67364, 9.80467, 9.94342, 10.0907, 10.2474, 10.4146, 10.5936, 10.7859, 10.9932, 11.2178, 11.4622, 11.7297, 12.0243, 12.3513, 12.7174, 13.1316, 13.6066, 14.1601, 14.8194, 15.6286, 16.667, 18.0673, 19.7898, 20.4791, 17.0698, 9.57455, 3.18178, 0.582054, 0.0563278, 0.00281503, 6.44453e-05, 2.53307e-07
7.60435, 7.65663, 7.7105, 7.76603, 7.82332, 7.88244, 7.9435, 8.0066, 8.07185, 8.13937, 8.2093, 8.28177, 8.35694, 8.43498, 8.51606, 8.60039, 8.68818, 8.77967, 8.87512, 8.97482, 9.07908, 9.18827, 9.30277, 9.42302, 9.54952, 9.68281, 9.82353, 9.97237, 10.1301, 10.2978, 10.4763, 10.6671, 10.8714, 11.091, 11.328, 11.5847, 11.864, 12.1695, 12.5057, 12.878, 13.2935, 13.7616, 14.2946, 14.9094, 15.6301, 16.4929, 17.5547, 18.9146, 20.7732, 23.5977, 28.1172, 33.105, 31.8479, 20.2825, 7.47144, 1.48536, 0.153938, 0.00815849, 0.00020649, 1.36054e-06
30.9409
58.17
 
MEASUREMENT 114
1.4716, 4.41481, 7.36319, 10.3064, 13.2548, 16.2031, 19.1774, 22.1309, 25.0793, 28.0277, 30.9502, 33.8934
7.72055, 7.8742, 8.29366, 8.76747, 9.37908, 9.293, 10.3167, 11.4682, 12.762, 16.6152, 12.0426, 0.0477607
0.00921262, 0.0093863, 0.00996025, 0.0107521, 0.0114673, 0.011434, 0.0126361, 0.0139788, 0.0153068, 0.0199118, 0.0144948, 0.00051107
0, 0.589331, 1.17866, 1.76799, 2.35732, 2.94665, 3.53598, 4.12532, 4.71465, 5.30398, 5.89331, 6.48264, 7.07197, 7.6613, 8.25063, 8.83996, 9.42929, 10.0186, 10.608, 11.1973, 11.7866, 12.3759, 12.9653, 13.5546, 14.1439, 14.7333, 15.3226, 15.9119, 16.5013, 17.0906, 17.6799, 18.2693, 18.8586, 19.4479, 20.0372, 20.6266, 21.2159, 21.8052, 22.3946, 22.9839, 23.5732, 24.1626, 24.7519, 25.3412, 25.9306, 26.5199, 27.1092, 27.6985, 28.2879, 28.8772, 29.4665, 30.0559, 30.6452, 31.2345, 31.8239, 32.4132, 33.0025, 33.5919, 34.1812, 34.7705
7.60751, 7.65222, 7.69821, 7.74552, 7.79424, 7.84441, 7.89612, 7.94944, 8.00446, 8.06126, 8.11994, 8.18061, 8.24337, 8.30836, 8.37569, 8.44552, 8.51799, 8.59329, 8.67158, 8.75309, 8.83803, 8.92665, 9.01922, 9.11605, 9.21747, 9.32385, 9.43563, 9.55328, 9.67733, 9.8084, 9.94718, 10.0945, 10.2512, 10.4185, 10.5975, 10.7899, 10.9973, 11.2219, 11.4664, 11.7339, 12.0286, 12.3557, 12.7219, 13.1363, 13.6114, 14.1651, 14.8247, 15.6342, 16.6731, 18.0744, 19.7981, 20.4824, 17.0517, 9.53758, 3.15471, 0.5733, 0.0550078, 0.00272012, 6.1124e-05, 2.38818e-07
7.60751, 7.65982, 7.71371, 7.76928, 7.82659, 7.88574, 7.94683, 8.00997, 8.07525, 8.14281, 8.21278, 8.28529, 8.3605, 8.43857, 8.5197, 8.60407, 8.69191, 8.78345, 8.87895, 8.97871, 9.08303, 9.19228, 9.30685, 9.42717, 9.55374, 9.68712, 9.82791, 9.97685, 10.1347, 10.3025, 10.4811, 10.672, 10.8765, 11.0962, 11.3334, 11.5902, 11.8697, 12.1755, 12.5119, 12.8845, 13.3004, 13.7689, 14.3023, 14.9176, 15.6391, 16.5028, 17.5657, 18.9273, 20.7884, 23.6178, 28.1476, 33.1437, 31.8558, 20.2343, 7.41967, 1.46544, 0.150585, 0.00789734, 0.000196725, 1.28424e-06
30.9386
58.16
 
MEASUREMENT 115
1.4716, 4.41481, 7.36319, 10.3064, 13.2548, 16.2031, 19.1774, 22.1309, 25.0793, 28.0277, 30.9502, 33.8934
7.59327, 7.74246, 8.15146, 8.62117, 9.22178, 9.13601, 10.1442, 11.2744, 12.5473, 16.3346, 11.86, 0.0476151
0.00921262, 0.0093863, 0.00996025, 0.0107521, 0.0114673, 0.011434, 0.0126361, 0.0139788, 0.0153068, 0.0199118, 0.0144948, 0.00051107
0, 0.589331, 1.17866, 1.76799, 2.35732, 2.94665, 3.53598, 4.12532, 4.71465, 5.30398, 5.89331, 6.48264, 7.07197, 7.6613, 8.25063, 8.83996, 9.42929, 10.0186, 10.608, 11.1973, 11.7866, 12.3759, 12.9653, 13.5546, 14.1439, 14.7333, 15.3226, 15.9119, 16.5013, 17.0906, 17.6799, 18.2693, 18.8586, 19.4479, 20.0372, 20.6266, 21.2159, 21.8052, 22.3946, 22.9839, 23.5732, 24.1626, 24.7519, 25.3412, 25.9306, 26.5199, 27.1092, 27.6985, 28.2879, 28.8772, 29.4665, 30.0559, 30.6452, 31.2345, 31.8239, 32.4132, 33.0025, 33.5919, 34.1812, 34.7705
7.47986, 7.52382, 7.56903, 7.61556, 7.66345, 7.71278, 7.76363, 7.81605, 7.87014, 7.92599, 7.98369, 8.04334, 8.10505, 8.16894, 8.23515, 8.3038, 8.37506, 8.44909, 8.52607, 8.60621, 8.68972, 8.77685, 8.86786, 8.96306, 9.06277, 9.16737, 9.27727, 9.39294, 9.5149, 9.64376, 9.7802, 9.92501, 10.0791, 10.2435, 10.4196, 10.6087, 10.8126, 11.0334, 11.2737, 11.5367, 11.8264, 12.1479, 12.5079, 12.9152, 13.3822, 13.9264, 14.5746, 15.3701, 16.3907, 17.7672, 19.462, 20.1441, 16.7933, 9.41601, 3.12515, 0.570361, 0.0550042, 0.00273599, 6.21262e-05, 2.43298e-07
7.47986, 7.53128, 7.58427, 7.6389, 7.69524, 7.7534, 7.81345, 7.87552, 7.9397, 8.00612, 8.0749, 8.14619, 8.22012, 8.29688, 8.37663, 8.45958, 8.54593, 8.63592, 8.72981, 8.82787, 8.93043, 9.03783, 9.15045, 9.26873, 9.39315, 9.52426, 9.66267, 9.80907, 9.96426, 10.1291, 10.3048, 10.4924, 10.6934, 10.9094, 11.1424, 11.3949, 11.6697, 11.9702, 12.3008, 12.667, 13.0757, 13.5361, 14.0603, 14.6649, 15.3738, 16.2223, 17.2665, 18.6037, 20.4311, 23.2078, 27.6533, 32.5694, 31.3441, 19.9579, 7.34352, 1.45665, 0.150446, 0.00793652, 0.000199445, 1.30764e-06
30.9412
58.17
 
MEASUREMENT 116
1.4716, 4.41481, 7.36319, 10.3064, 13.2548, 16.2031, 19.1774, 22.1309, 25.0793, 28.0277, 30.9502, 33.8934
7.5647, 7.71464, 8.12124, 8.58939, 9.18828, 9.10148, 10.1054, 11.2345, 12.5002, 16.2736, 11.7942, 0.0467462
0.00921262, 0.0093863, 0.00996025, 0.0107521, 0.0114673, 0.011434, 0.0126361, 0.0139788, 0.0153068, 0.0199118, 0.0144948, 0.00051107
0, 0.589331, 1.17866, 1.76799, 2.35732, 2.94665, 3.53598, 4.12532, 4.71465, 5.30398, 5.89331, 6.48264, 7.07197, 7.6613, 8.25063, 8.83996, 9.42929, 10.0186, 10.608, 11.1973, 11.7866, 12.3759, 12.9653, 13.5546, 14.1439, 14.7333, 15.3226, 15.9119, 16.5013, 17.0906, 17.6799, 18.2693, 18.8586, 19.4479, 20.0372, 20.6266, 21.2159, 21.8052, 22.3946, 22.9839, 23.5732, 24.1626, 24.7519, 25.3412, 25.9306, 26.5199, 27.1092, 27.6985, 28.2879, 28.8772, 29.4665, 30.0559, 30.6452, 31.2345, 31.8239, 32.4132, 33.0025, 33.5919, 34.1812, 34.7705
7.45238, 7.49618, 7.54122, 7.58756, 7.63527, 7.68442, 7.73506, 7.78729, 7.84117, 7.89681, 7.95428, 8.0137, 8.07518, 8.13882, 8.20477, 8.27316, 8.34415, 8.41789, 8.49458, 8.57441, 8.6576, 8.74439, 8.83506, 8.92989, 9.02922, 9.13342, 9.24289, 9.35811, 9.47961, 9.60797, 9.74389, 9.88814, 10.0416, 10.2055, 10.3808, 10.5692, 10.7723, 10.9923, 11.2317, 11.4937, 11.7823, 12.1026, 12.4612, 12.867, 13.3322, 13.8745, 14.5202, 15.3129, 16.33, 17.7019, 19.3895, 20.0599, 16.7005, 9.34099, 3.08925, 0.561229, 0.053823, 0.00265969, 5.96934e-05, 2.33064e-07
7.45238, 7.50362, 7.55642, 7.61085, 7.667, 7.72494, 7.78479, 7.84663, 7.91059, 7.97677, 8.0453, 8.11634, 8.19001, 8.2665, 8.34597, 8.42862, 8.51467, 8.60434, 8.69789, 8.79561, 8.89781, 9.00483, 9.11706, 9.23493, 9.35892, 9.48957, 9.62749, 9.77338, 9.92804, 10.0924, 10.2674, 10.4543, 10.6546, 10.8699, 11.1022, 11.3538, 11.6276, 11.9271, 12.2567, 12.6217, 13.0291, 13.488, 14.0105, 14.6133, 15.32, 16.166, 17.2072, 18.5409, 20.3638, 23.135, 27.5722, 32.4684, 31.2105, 19.8255, 7.26913, 1.43532, 0.147422, 0.00772631, 0.000192264, 1.25415e-06
30.9387
58.16
 
MEASUREMENT 117
1.4716, 4.41481, 7.36319, 10.3064, 13.2548, 16.2031, 19.1774, 22.1309, 25.0793, 28.0277, 30.9502, 33.8934
7.55806, 7.70599, 8.11458, 8.58178, 9.18011, 9.09497, 10.0985, 11.2243, 12.4916, 16.2635, 11.8098, 0.0473696
0.00921262, 0.0093863, 0.00996025, 0.0107521, 0.0114673, 0.011434, 0.0126361, 0.0139788, 0.0153068, 0.0199118, 0.0144948, 0.00051107
0, 0.589331, 1.17866, 1.76799, 2.35732, 2.94665, 3.53598, 4.12532, 4.71465, 5.30398, 5.89331, 6.48264, 7.07197, 7.6613, 8.25063, 8.83996, 9.42929, 10.0186, 10.608, 11.1973, 11.7866, 12.3759, 12.9653, 13.5546, 14.1439, 14.7333, 15.3226, 15.9119, 16.5013, 17.0906, 17.6799, 18.2693, 18.8586, 19.4479, 20.0372, 20.6266, 21.2159, 21.8052, 22.3946, 22.9839, 23.5732, 24.1626, 24.7519, 25.3412, 25.9306, 26.5199, 27.1092, 27.6985, 28.2879, 28.8772, 29.4665, 30.0559, 30.6452, 31.2345, 31.8239, 32.4132, 33.0025, 33.5919, 34.1812, 34.7705
7.44543, 7.4892, 7.53422, 7.58054, 7.62822, 7.67734, 7.72796, 7.78016, 7.83402, 7.88962, 7.94707, 8.00646, 8.0679, 8.13152, 8.19743, 8.26579, 8.33674, 8.41045, 8.4871, 8.5669, 8.65005, 8.7368, 8.82743, 8.92222, 9.0215, 9.12566, 9.23508, 9.35026, 9.4717, 9.60001, 9.73588, 9.88008, 10.0335, 10.1973, 10.3726, 10.5609, 10.7639, 10.9838, 11.2231, 11.4851, 11.7736, 12.0938, 12.4523, 12.858, 13.3231, 13.8651, 14.5107, 15.3031, 16.3199, 17.6914, 19.3802, 20.0605, 16.7231, 9.37521, 3.11078, 0.56753, 0.0547058, 0.00271964, 6.16946e-05, 2.41596e-07
7.44543, 7.49662, 7.54936, 7.60374, 7.65982, 7.71771, 7.77749, 7.83927, 7.90316, 7.96927, 8.03774, 8.1087, 8.1823, 8.2587, 8.33809, 8.42065, 8.50661, 8.59618, 8.68964, 8.78725, 8.88934, 8.99625, 9.10835, 9.22609, 9.34994, 9.48045, 9.61822, 9.76395, 9.91843, 10.0826, 10.2574, 10.4441, 10.6442, 10.8592, 11.0912, 11.3425, 11.616, 11.9152, 12.2443, 12.6088, 13.0157, 13.4739, 13.9957, 14.5976, 15.3033, 16.148, 17.1874, 18.5186, 20.3378, 23.1022, 27.528, 32.4213, 31.198, 19.8604, 7.30528, 1.44846, 0.149526, 0.00788337, 0.000197936, 1.29716e-06
30.9409
58.17
 
MEASUREMENT 118
1.4716, 4.41481, 7.36319, 10.3064, 13.2548, 16.2031, 19.1774, 22.1309, 25.0793, 28.0277, 30.9502, 33.8934
7.59606, 7.74652, 8.15762, 8.62595, 9.22798, 9.14111, 10.1506, 11.281, 12.5551, 16.3449, 11.8579, 0.0463242
0.00921262, 0.0093863, 0.00996025, 0.0107521, 0.0114673, 0.011434, 0.0126361, 0.0139788, 0.0153068, 0.0199118, 0.0144948, 0.00051107
0, 0.589331, 1.17866, 1.76799, 2.35732, 2.94665, 3.53598, 4.12532, 4.71465, 5.30398, 5.89331, 6.48264, 7.07197, 7.6613, 8.25063, 8.83996, 9.42929, 10.0186, 10.608, 11.1973, 11.7866, 12.3759, 12.9653, 13.5546, 14.1439, 14.7333, 15.3226, 15.9119, 16.5013, 17.0906, 17.6799, 18.2693, 18.8586, 19.4479, 20.0372, 20.6266, 21.2159, 21.8052, 22.3946, 22.9839, 23.5732, 24.1626, 24.7519, 25.3412, 25.9306, 26.5199, 27.1092, 27.6985, 28.2879, 28.8772, 29.4665, 30.0559, 30.6452, 31.2345, 31.8239, 32.4132, 33.0025, 33.5919, 34.1812, 34.7705
7.4841, 7.52809, 7.57333, 7.61988, 7.66781, 7.71717, 7.76804, 7.8205, 7.87462, 7.93051, 7.98824, 8.04793, 8.10968, 8.17361, 8.23985, 8.30855, 8.37985, 8.45393, 8.53096, 8.61115, 8.69471, 8.78189, 8.87297, 8.96823, 9.068, 9.17267, 9.28264, 9.39838, 9.52042, 9.64936, 9.78589, 9.9308, 10.085, 10.2496, 10.4257, 10.6149, 10.8189, 11.0399, 11.2804, 11.5436, 11.8335, 12.1553, 12.5155, 12.9231, 13.3904, 13.9351, 14.5837, 15.3797, 16.4011, 17.7791, 19.4802, 20.1719, 16.8065, 9.39219, 3.09512, 0.55848, 0.0530116, 0.00258336, 5.65617e-05, 2.18674e-07
7.4841, 7.53556, 7.58858, 7.64324, 7.69962, 7.75781, 7.81791, 7.88001, 7.94423, 8.01069, 8.07952, 8.15085, 8.22484, 8.30164, 8.38145, 8.46445, 8.55085, 8.6409, 8.73485, 8.83298, 8.9356, 9.04307, 9.15577, 9.27413, 9.39864, 9.52984, 9.66834, 9.81484, 9.97013, 10.1351, 10.3109, 10.4986, 10.6997, 10.9159, 11.1492, 11.4018, 11.6768, 11.9775, 12.3084, 12.6748, 13.0839, 13.5446, 14.0692, 14.6743, 15.3838, 16.233, 17.278, 18.6161, 20.4443, 23.2223, 27.6784, 32.6253, 31.3964, 19.9333, 7.28426, 1.42875, 0.145259, 0.00750839, 0.000182849, 1.17564e-06
30.9395
58.16
 
MEASUREMENT 119
1.4716, 4.41481, 7.36319, 10.3064, 13.2548, 16.2031, 19.1774, 22.1309, 25.0793, 28.0277, 30.9502, 33.8934
7.62185, 7.774, 8.18411, 8.65374, 9.25802, 9.17168, 10.1838, 11.3196, 12.5982, 16.4003, 11.8994, 0.0472446
0.00921262, 0.0093863, 0.00996025, 0.0107521, 0.0114673, 0.011434, 0.0126361, 0.0139788, 0.0153068, 0.0199118, 0.0144948, 0.00051107
0, 0.589331, 1.17866, 1.76799, 2.35732, 2.94665, 3.53598, 4.12532, 4.71465, 5.30398, 5.89331, 6.48264, 7.07197, 7.6613, 8.25063, 8.83996, 9.42929, 10.0186, 10.608, 11.1973, 11.7866, 12.3759, 12.9653, 13.5546, 14.1439, 14.7333, 15.3226, 15.9119, 16.5013, 17.0906, 17.6799, 18.2693, 18.8586, 19.4479, 20.0372, 20.6266, 21.2159, 21.8052, 22.3946, 22.9839, 23.5732, 24.1626, 24.7519, 25.3412, 25.9306, 26.5199, 27.1092, 27.6985, 28.2879, 28.8772, 29.4665, 30.0559, 30.6452, 31.2345, 31.8239, 32.4132, 33.0025, 33.5919, 34.1812, 34.7705
7.50908, 7.55322, 7.59862, 7.64532, 7.69341, 7.74294, 7.79398, 7.84662, 7.90093, 7.957, 8.01493, 8.07482, 8.13678, 8.20092, 8.26739, 8.33632, 8.40787, 8.48219, 8.55949, 8.63995, 8.72379, 8.81127, 8.90266, 8.99824, 9.09835, 9.20337, 9.31372, 9.42985, 9.55231, 9.68169, 9.81869, 9.96409, 10.1188, 10.2839, 10.4607, 10.6505, 10.8553, 11.077, 11.3183, 11.5824, 11.8733, 12.1962, 12.5577, 12.9667, 13.4357, 13.9822, 14.6332, 15.4321, 16.4573, 17.8402, 19.5435, 20.2283, 16.8535, 9.4341, 3.12184, 0.567266, 0.0543888, 0.00268572, 6.02057e-05, 2.348e-07
7.50908, 7.56071, 7.61391, 7.66875, 7.72532, 7.7837, 7.844, 7.90631, 7.97075, 8.03743, 8.10648, 8.17805, 8.25228, 8.32935, 8.40942, 8.49269, 8.57939, 8.66974, 8.76399, 8.86245, 8.96542, 9.07324, 9.18632, 9.30507, 9.42999, 9.56162, 9.70059, 9.84757, 10.0034, 10.1689, 10.3453, 10.5336, 10.7354, 10.9523, 11.1863, 11.4398, 11.7157, 12.0174, 12.3494, 12.7171, 13.1275, 13.5898, 14.1161, 14.7233, 15.4352, 16.2873, 17.3359, 18.6789, 20.5142, 23.3034, 27.7712, 32.7126, 31.4679, 20.0053, 7.33935, 1.44949, 0.148841, 0.00779499, 0.000193734, 1.26187e-06
30.9399
58.17
 
MEASUREMENT 120
1.4716, 4.41481, 7.36319, 10.3064, 13.2548, 16.2031, 19.1774, 22.1309, 25.0793, 28.0277, 30.9502, 33.8934
7.51464, 7.66279, 8.06795, 8.53262, 9.12741, 9.04217, 10.04, 11.1617, 12.4191, 16.1688, 11.7296, 0.0471583
0.00921262, 0.0093863, 0.00996025, 0.0107521, 0.0114673, 0.011434, 0.0126361, 0.0139788, 0.0153068, 0.0199118, 0.0144948, 0.00051107
0, 0.589331, 1.17866, 1.76799, 2.35732, 2.94665, 3.53598, 4.12532, 4.71465, 5.30398, 5.89331, 6.48264, 7.07197, 7.6613, 8.25063, 8.83996, 9.42929, 10.0186, 10.608, 11.1973, 11.7866, 12.3759, 12.9653, 13.5546, 14.1439, 14.7333, 15.3226, 15.9119, 16.5013, 17.0906, 17.6799, 18.2693, 18.8586, 19.4479, 20.0372, 20.6266, 21.2159, 21.8052, 22.3946, 22.9839, 23.5732, 24.1626, 24.7519, 25.3412, 25.9306, 26.5199, 27.1092, 27.6985, 28.2879, 28.8772, 29.4665, 30.0559, 30.6452, 31.2345, 31.8239, 32.4132, 33.0025, 33.5919, 34.1812, 34.7705
7.40303, 7.44655, 7.4913, 7.53735, 7.58475, 7.63358, 7.68391, 7.7358, 7.78934, 7.84462, 7.90173, 7.96077, 8.02185, 8.08509, 8.15062, 8.21858, 8.28911, 8.36239, 8.43859, 8.51791, 8.60057, 8.68682, 8.77691, 8.87114, 8.96984, 9.07338, 9.18216, 9.29665, 9.41738, 9.54493, 9.67999, 9.82334, 9.97588, 10.1387, 10.3129, 10.5001, 10.7019, 10.9205, 11.1585, 11.4188, 11.7056, 12.0239, 12.3803, 12.7836, 13.246, 13.7849, 14.4267, 15.2145, 16.2255, 17.589, 19.265, 19.9307, 16.6028, 9.30442, 3.08874, 0.564377, 0.0545503, 0.0027227, 6.21904e-05, 2.44377e-07
7.40303, 7.45393, 7.50638, 7.56044, 7.61621, 7.67377, 7.73322, 7.79465, 7.85818, 7.92392, 7.992, 8.06255, 8.13574, 8.21171, 8.29065, 8.37275, 8.45822, 8.5473, 8.64023, 8.73729, 8.8388, 8.94511, 9.05659, 9.17366, 9.29682, 9.4266, 9.5636, 9.70851, 9.86212, 10.0253, 10.1992, 10.3849, 10.5838, 10.7977, 11.0284, 11.2783, 11.5503, 11.8478, 12.1751, 12.5376, 12.9422, 13.398, 13.917, 14.5156, 15.2175, 16.0577, 17.0918, 18.4163, 20.2268, 22.9789, 27.3818, 32.2341, 30.9927, 19.7204, 7.25662, 1.44097, 0.149153, 0.00789482, 0.000199449, 1.31328e-06
30.9399
58.16
 
MEASUREMENT 121
1.4716, 4.41481, 7.36319, 10.3064, 13.2548, 16.2031, 19.1774, 22.1309, 25.0793, 28.0277, 30.9502, 33.8934
7.46516, 7.61234, 8.01496, 8.47583, 9.06779, 8.98173, 9.9745, 11.0974, 12.3376, 16.061, 11.6515, 0.0460571
0.00921262, 0.0093863, 0.00996025, 0.0107521, 0.0114673, 0.011434, 0.0126361, 0.0139788, 0.0153068, 0.0199118, 0.0144948, 0.00051107
0, 0.589331, 1.17866, 1.76799, 2.35732, 2.94665, 3.53598, 4.12532, 4.71465, 5.30398, 5.89331, 6.48264, 7.07197, 7.6613, 8.25063, 8.83996, 9.42929, 10.0186, 10.608, 11.1973, 11.7866, 12.3759, 12.9653, 13.5546, 14.1439, 14.7333, 15.3226, 15.9119, 16.5013, 17.0906, 17.6799, 18.2693, 18.8586, 19.4479, 20.0372, 20.6266, 21.2159, 21.8052, 22.3946, 22.9839, 23.5732, 24.1626, 24.7519, 25.3412, 25.9306, 26.5199, 27.1092, 27.6985, 28.2879, 28.8772, 29.4665, 30.0559, 30.6452, 31.2345, 31.8239, 32.4132, 33.0025, 33.5919, 34.1812, 34.7705
7.3547, 7.39793, 7.44239, 7.48814, 7.53524, 7.58375, 7.63375, 7.6853, 7.7385, 7.79342, 7.85016, 7.90882, 7.96951, 8.03234, 8.09744, 8.16496, 8.23503, 8.30784, 8.38354, 8.46235, 8.54448, 8.63017, 8.71967, 8.81329, 8.91136, 9.01422, 9.1223, 9.23606, 9.356, 9.48273, 9.61692, 9.75935, 9.9109, 10.0726, 10.2458, 10.4317, 10.6323, 10.8495, 11.0858, 11.3445, 11.6295, 11.9458, 12.2998, 12.7005, 13.1599, 13.6953, 14.333, 15.1156, 16.12, 17.4748, 19.1439, 19.8141, 16.5041, 9.23215, 3.05138, 0.553509, 0.0529502, 0.00260735, 5.81568e-05, 2.26468e-07
7.3547, 7.40527, 7.45737, 7.51109, 7.56649, 7.62368, 7.68274, 7.74377, 7.80688, 7.87219, 7.93983, 8.00993, 8.08264, 8.15812, 8.23654, 8.31811, 8.40302, 8.49152, 8.58384, 8.68028, 8.78113, 8.88674, 8.9975, 9.11381, 9.23617, 9.3651, 9.50121, 9.64518, 9.7978, 9.95996, 10.1327, 10.3172, 10.5148, 10.7273, 10.9565, 11.2048, 11.475, 11.7705, 12.0957, 12.4559, 12.8579, 13.3107, 13.8263, 14.4211, 15.1184, 15.9531, 16.9803, 18.296, 20.0939, 22.8266, 27.2046, 32.0463, 30.8204, 19.5807, 7.17514, 1.41462, 0.144934, 0.00756916, 0.000187317, 1.21707e-06
30.9393
58.16
 
MEASUREMENT 122
1.4716, 4.41481, 7.36319, 10.3064, 13.2548, 16.2031, 19.1774, 22.1309, 25.0793, 28.0277, 30.9502, 33.8934
7.68734, 7.84007, 8.25461, 8.72981, 9.33787, 9.25215, 10.2717, 11.4167, 12.706, 16.5415, 12.001, 0.047159
0.00921262, 0.0093863, 0.00996025, 0.0107521, 0.0114673, 0.011434, 0.0126361, 0.0139788, 0.0153068, 0.0199118, 0.0144948, 0.00051107
0, 0.589331, 1.17866, 1.76799, 2.35732, 2.94665, 3.53598, 4.12532, 4.71465, 5.30398, 5.89331, 6.48264, 7.07197, 7.6613, 8.25063, 8.83996, 9.42929, 10.0186, 10.608, 11.1973, 11.7866, 12.3759, 12.9653, 13.5546, 14.1439, 14.7333, 15.3226, 15.9119, 16.5013, 17.0906, 17.6799, 18.2693, 18.8586, 19.4479, 20.0372, 20.6266, 21.2159, 21.8052, 22.3946, 22.9839, 23.5732, 24.1626, 24.7519, 25.3412, 25.9306, 26.5199, 27.1092, 27.6985, 28.2879, 28.8772, 29.4665, 30.0559, 30.6452, 31.2345, 31.8239, 32.4132, 33.0025, 33.5919, 34.1812, 34.7705
7.57393, 7.61844, 7.66423, 7.71134, 7.75984, 7.8098, 7.86128, 7.91437, 7.96915, 8.0257, 8.08413, 8.14453, 8.20702, 8.27172, 8.33876, 8.40829, 8.48045, 8.55541, 8.63337, 8.71452, 8.79909, 8.88732, 8.97949, 9.07589, 9.17687, 9.2828, 9.39409, 9.51122, 9.63473, 9.76522, 9.9034, 10.0501, 10.2061, 10.3726, 10.5509, 10.7424, 10.9489, 11.1725, 11.4159, 11.6823, 11.9757, 12.3013, 12.6659, 13.0784, 13.5514, 14.1026, 14.7591, 15.5647, 16.5985, 17.9932, 19.7134, 20.4101, 17.0051, 9.50893, 3.1383, 0.567711, 0.0540837, 0.00264821, 5.84808e-05, 2.26793e-07
7.57393, 7.626, 7.67966, 7.73497, 7.79203, 7.85092, 7.91174, 7.97459, 8.03958, 8.10684, 8.17649, 8.24868, 8.32355, 8.40128, 8.48204, 8.56604, 8.65348, 8.74461, 8.83968, 8.93899, 9.04285, 9.1516, 9.26565, 9.38544, 9.51144, 9.64421, 9.78437, 9.93263, 10.0898, 10.2568, 10.4346, 10.6246, 10.8281, 11.0469, 11.283, 11.5386, 11.8169, 12.1212, 12.4561, 12.8269, 13.2409, 13.7072, 14.238, 14.8504, 15.5684, 16.4278, 17.4854, 18.8398, 20.6902, 23.5022, 28.0107, 33.009, 31.7613, 20.1747, 7.38302, 1.45173, 0.148127, 0.00769294, 0.000188732, 1.21911e-06
30.9397
58.17
 
MEASUREMENT 123
1.4716, 4.41481, 7.36319, 10.3064, 13.2548, 16.2031, 19.1774, 22.1309, 25.0793, 28.0277, 30.9502, 33.8934
7.65099, 7.80309, 8.21583, 8.68735, 9.29331, 9.20632, 10.2218, 11.3625, 12.6451, 16.4625, 11.9431, 0.0480051
0.00921262, 0.0093863, 0.00996025, 0.0107521, 0.0114673, 0.011434, 0.0126361, 0.0139788, 0.0153068, 0.0199118, 0.0144948, 0.00051107
0, 0.589331, 1.17866, 1.76799, 2.35732, 2.94665, 3.53598, 4.12532, 4.71465, 5.30398, 5.89331, 6.48264, 7.07197, 7.6613, 8.25063, 8.83996, 9.42929, 10.0186, 10.608, 11.1973, 11.7866, 12.3759, 12.9653, 13.5546, 14.1439, 14.7333, 15.3226, 15.9119, 16.5013, 17.0906, 17.6799, 18.2693, 18.8586, 19.4479, 20.0372, 20.6266, 21.2159, 21.8052, 22.3946, 22.9839, 23.5732, 24.1626, 24.7519, 25.3412, 25.9306, 26.5199, 27.1092, 27.6985, 28.2879, 28.8772, 29.4665, 30.0559, 30.6452, 31.2345, 31.8239, 32.4132, 33.0025, 33.5919, 34.1812, 34.7705
7.53772, 7.58203, 7.62759, 7.67447, 7.72274, 7.77246, 7.82369, 7.87652, 7.93104, 7.98732, 8.04546, 8.10558, 8.16777, 8.23215, 8.29887, 8.36806, 8.43987, 8.51447, 8.59205, 8.67281, 8.75698, 8.84478, 8.9365, 9.03244, 9.13293, 9.23834, 9.3491, 9.46566, 9.58857, 9.71844, 9.85594, 10.0019, 10.1572, 10.3229, 10.5003, 10.6909, 10.8964, 11.1189, 11.3611, 11.6262, 11.9182, 12.2423, 12.6051, 13.0156, 13.4863, 14.0349, 14.6883, 15.4903, 16.5194, 17.9073, 19.6136, 20.2925, 16.9058, 9.47479, 3.14518, 0.574589, 0.0555191, 0.00276968, 6.32097e-05, 2.48251e-07
7.53772, 7.58955, 7.64295, 7.698, 7.75478, 7.81339, 7.87392, 7.93647, 8.00115, 8.06808, 8.1374, 8.20924, 8.28376, 8.36111, 8.44149, 8.52508, 8.6121, 8.7028, 8.79741, 8.89624, 8.9996, 9.10784, 9.22134, 9.34055, 9.46595, 9.59808, 9.73757, 9.88512, 10.0415, 10.2077, 10.3847, 10.5738, 10.7764, 10.9941, 11.229, 11.4834, 11.7604, 12.0632, 12.3965, 12.7656, 13.1776, 13.6416, 14.17, 14.7795, 15.4942, 16.3496, 17.4024, 18.7508, 20.594, 23.3956, 27.8781, 32.8207, 31.561, 20.0841, 7.39038, 1.4673, 0.151832, 0.00803275, 0.00020278, 1.33439e-06
30.9401
58.16
 
MEASUREMENT 124
1.4716, 4.41481, 7.36319, 10.3064, 13.2548, 16.2031, 19.1774, 22.1309, 25.0793, 28.0277, 30.9502, 33.8934
7.63743, 7.79114, 8.20134, 8.67507, 9.27932, 9.19215, 10.2072, 11.3444, 12.6243, 16.4235, 11.9247, 0.0467695
0.00921262, 0.0093863, 0.00996025, 0.0107521, 0.0114673, 0.011434, 0.0126361, 0.0139788, 0.0153068, 0.0199118, 0.0144948, 0.00051107
0, 0.589331, 1.17866, 1.76799, 2.35732, 2.94665, 3.53598, 4.12532, 4.71465, 5.30398, 5.89331, 6.48264, 7.07197, 7.6613, 8.25063, 8.83996, 9.42929, 10.0186, 10.608, 11.1973, 11.7866, 12.3759, 12.9653, 13.5546, 14.1439, 14.7333, 15.3226, 15.9119, 16.5013, 17.0906, 17.6799, 18.2693, 18.8586, 19.4479, 20.0372, 20.6266, 21.2159, 21.8052, 22.3946, 22.9839, 23.5732, 24.1626, 24.7519, 25.3412, 25.9306, 26.5199, 27.1092, 27.6985, 28.2879, 28.8772, 29.4665, 30.0559, 30.6452, 31.2345, 31.8239, 32.4132, 33.0025, 33.5919, 34.1812, 34.7705
7.52655, 7.57077, 7.61625, 7.66304, 7.71121, 7.76083, 7.81196, 7.86469, 7.9191, 7.97526, 8.03329, 8.09328, 8.15535, 8.21961, 8.28619, 8.35523, 8.4269, 8.50135, 8.57877, 8.65936, 8.74335, 8.83097, 8.9225, 9.01823, 9.11851, 9.22369, 9.3342, 9.45051, 9.57316, 9.70273, 9.83993, 9.98554, 10.1405, 10.3058, 10.4828, 10.6729, 10.8779, 11.0999, 11.3415, 11.606, 11.8972, 12.2204, 12.5822, 12.9916, 13.4609, 14.0078, 14.659, 15.4581, 16.4831, 17.8657, 19.5733, 20.2728, 16.9027, 9.45604, 3.11987, 0.563593, 0.0535515, 0.00261192, 5.72822e-05, 2.21241e-07
7.52655, 7.5783, 7.63162, 7.68658, 7.74328, 7.8018, 7.86223, 7.92468, 7.98927, 8.0561, 8.12531, 8.19704, 8.27144, 8.34867, 8.42892, 8.51239, 8.59928, 8.68983, 8.7843, 8.88297, 8.98617, 9.09424, 9.20756, 9.32658, 9.45178, 9.5837, 9.72297, 9.87028, 10.0264, 10.1923, 10.3691, 10.5578, 10.7601, 10.9774, 11.2119, 11.466, 11.7424, 12.0448, 12.3774, 12.7459, 13.1571, 13.6203, 14.1477, 14.756, 15.4692, 16.3227, 17.373, 18.7177, 20.5544, 23.3443, 27.821, 32.8032, 31.5967, 20.0864, 7.3503, 1.44356, 0.14693, 0.00760189, 0.000185372, 1.1917e-06
30.9411
58.17
 
MEASUREMENT 125
1.4716, 4.41481, 7.36319, 10.3064, 13.2548, 16.2031, 19.1774, 22.1309, 25.0793, 28.0277, 30.9502, 33.8934
7.57784, 7.72682, 8.13624, 8.60362, 9.20526, 9.11975, 10.1239, 11.2539, 12.5249, 16.3168, 11.8282, 0.0469263
0.00921262, 0.0093863, 0.00996025, 0.0107521, 0.0114673, 0.011434, 0.0126361, 0.0139788, 0.0153068, 0.0199118, 0.0144948, 0.00051107
0, 0.589331, 1.17866, 1.76799, 2.35732, 2.94665, 3.53598, 4.12532, 4.71465, 5.30398, 5.89331, 6.48264, 7.07197, 7.6613, 8.25063, 8.83996, 9.42929, 10.0186, 10.608, 11.1973, 11.7866, 12.3759, 12.9653, 13.5546, 14.1439, 14.7333, 15.3226, 15.9119, 16.5013, 17.0906, 17.6799, 18.2693, 18.8586, 19.4479, 20.0372, 20.6266, 21.2159, 21.8052, 22.3946, 22.9839, 23.5732, 24.1626, 24.7519, 25.3412, 25.9306, 26.5199, 27.1092, 27.6985, 28.2879, 28.8772, 29.4665, 30.0559, 30.6452, 31.2345, 31.8239, 32.4132, 33.0025, 33.5919, 34.1812, 34.7705
7.46458, 7.50848, 7.55363, 7.60008, 7.64791, 7.69717, 7.74794, 7.80029, 7.8543, 7.91007, 7.96769, 8.02726, 8.08888, 8.15269, 8.2188, 8.28736, 8.35852, 8.43245, 8.50933, 8.58937, 8.67277, 8.75979, 8.85069, 8.94577, 9.04536, 9.14983, 9.2596, 9.37513, 9.49695, 9.62567, 9.76196, 9.90662, 10.0606, 10.2248, 10.4007, 10.5896, 10.7933, 11.0139, 11.2541, 11.5169, 11.8064, 12.1277, 12.4875, 12.8947, 13.3615, 13.9057, 14.5539, 15.3496, 16.371, 17.749, 19.4443, 20.1182, 16.7483, 9.36761, 3.09864, 0.563215, 0.05406, 0.00267477, 6.01648e-05, 2.35331e-07
7.46458, 7.51591, 7.5688, 7.62332, 7.67955, 7.7376, 7.79754, 7.85949, 7.92355, 7.98984, 8.05849, 8.12964, 8.20344, 8.28005, 8.35966, 8.44245, 8.52864, 8.61846, 8.71217, 8.81005, 8.91242, 9.01962, 9.13204, 9.2501, 9.3743, 9.50517, 9.64333, 9.78947, 9.94438, 10.109, 10.2843, 10.4716, 10.6722, 10.8879, 11.1205, 11.3726, 11.6469, 11.9469, 12.277, 12.6426, 13.0507, 13.5105, 14.0339, 14.6377, 15.3458, 16.1933, 17.2365, 18.5727, 20.3994, 23.1767, 27.6224, 32.5216, 31.2501, 19.8447, 7.27592, 1.43714, 0.147717, 0.00775068, 0.000193225, 1.26233e-06
30.9382
58.16
 
MEASUREMENT 126
1.4716, 4.41481, 7.36319, 10.3064, 13.2548, 16.2031, 19.1774, 22.1309, 25.0793, 28.0277, 30.9502, 33.8934
7.55682, 7.70518, 8.1147, 8.5807, 9.17888, 9.09324, 10.0971, 11.2242, 12.4909, 16.2614, 11.7952, 0.0466869
0.00921262, 0.0093863, 0.00996025, 0.0107521, 0.0114673, 0.011434, 0.0126361, 0.0139788, 0.0153068, 0.0199118, 0.0144948, 0.00051107
0, 0.589331, 1.17866, 1.76799, 2.35732, 2.94665, 3.53598, 4.12532, 4.71465, 5.30398, 5.89331, 6.48264, 7.07197, 7.6613, 8.25063, 8.83996, 9.42929, 10.0186, 10.608, 11.1973, 11.7866, 12.3759, 12.9653, 13.5546, 14.1439, 14.7333, 15.3226, 15.9119, 16.5013, 17.0906, 17.6799, 18.2693, 18.8586, 19.4479, 20.0372, 20.6266, 21.2159, 21.8052, 22.3946, 22.9839, 23.5732, 24.1626, 24.7519, 25.3412, 25.9306, 26.5199, 27.1092, 27.6985, 28.2879, 28.8772, 29.4665, 30.0559, 30.6452, 31.2345, 31.8239, 32.4132, 33.0025, 33.5919, 34.1812, 34.7705
7.44471, 7.48847, 7.53348, 7.5798, 7.62747, 7.67658, 7.72719, 7.77938, 7.83323, 7.88883, 7.94627, 8.00565, 8.06708, 8.13069, 8.1966, 8.26494, 8.33588, 8.40958, 8.48622, 8.566, 8.64914, 8.73588, 8.82649, 8.92127, 9.02054, 9.12467, 9.23409, 9.34924, 9.47067, 9.59896, 9.7348, 9.87899, 10.0324, 10.1961, 10.3714, 10.5597, 10.7627, 10.9826, 11.2219, 11.4838, 11.7723, 12.0924, 12.4509, 12.8565, 13.3216, 13.8637, 14.5093, 15.3017, 16.3186, 17.6904, 19.38, 20.0575, 16.7063, 9.34629, 3.09014, 0.560881, 0.053704, 0.00264768, 5.91835e-05, 2.30679e-07
7.44471, 7.4959, 7.54864, 7.60301, 7.6591, 7.71698, 7.77676, 7.83854, 7.90243, 7.96854, 8.037, 8.10796, 8.18156, 8.25796, 8.33735, 8.41992, 8.50587, 8.59545, 8.6889, 8.78652, 8.8886, 8.99551, 9.10762, 9.22536, 9.34922, 9.47973, 9.6175, 9.76324, 9.91773, 10.0819, 10.2567, 10.4435, 10.6435, 10.8586, 11.0906, 11.342, 11.6155, 11.9146, 12.2438, 12.6084, 13.0153, 13.4737, 13.9956, 14.5977, 15.3035, 16.1485, 17.1884, 18.5202, 20.3403, 23.1068, 27.5384, 32.4368, 31.1932, 19.8186, 7.26446, 1.43307, 0.146953, 0.00768382, 0.000190509, 1.23935e-06
30.9392
58.16
 
MEASUREMENT 127
1.4716, 4.41481, 7.36319, 10.3064, 13.2548, 16.2031, 19.1774, 22.1309, 25.0793, 28.0277, 30.9502, 33.8934
7.61424, 7.76562, 8.17493, 8.64627, 9.25913, 9.1611, 10.1842, 11.3075, 12.5839, 16.3697, 11.8847, 0.0477647
0.00921262, 0.0093863, 0.00996025, 0.0107521, 0.0114673, 0.011434, 0.0126361, 0.0139788, 0.0153068, 0.0199118, 0.0144948, 0.00051107
0, 0.589331, 1.17866, 1.76799, 2.35732, 2.94665, 3.53598, 4.12532, 4.71465, 5.30398, 5.89331, 6.48264, 7.07197, 7.6613, 8.25063, 8.83996, 9.42929, 10.0186, 10.608, 11.1973, 11.7866, 12.3759, 12.9653, 13.5546, 14.1439, 14.7333, 15.3226, 15.9119, 16.5013, 17.0906, 17.6799, 18.2693, 18.8586, 19.4479, 20.0372, 20.6266, 21.2159, 21.8052, 22.3946, 22.9839, 23.5732, 24.1626, 24.7519, 25.3412, 25.9306, 26.5199, 27.1092, 27.6985, 28.2879, 28.8772, 29.4665, 30.0559, 30.6452, 31.2345, 31.8239, 32.4132, 33.0025, 33.5919, 34.1812, 34.7705
7.50414, 7.54822, 7.59355, 7.64019, 7.68821, 7.73767, 7.78864, 7.8412, 7.89543, 7.95142, 8.00926, 8.06906, 8.13092, 8.19497, 8.26134, 8.33016, 8.4016, 8.47581, 8.55298, 8.63331, 8.71702, 8.80436, 8.89559, 8.99101, 9.09095, 9.1958, 9.30595, 9.42188, 9.54411, 9.67326, 9.81001, 9.95514, 10.1096, 10.2744, 10.4508, 10.6402, 10.8446, 11.0658, 11.3066, 11.5701, 11.8604, 12.1825, 12.5431, 12.9511, 13.4188, 13.9639, 14.6129, 15.4093, 16.431, 17.8085, 19.5037, 20.1846, 16.8273, 9.43685, 3.13305, 0.572025, 0.0551887, 0.00274645, 6.24153e-05, 2.44303e-07
7.50414, 7.55573, 7.60889, 7.66369, 7.72022, 7.77856, 7.83881, 7.90108, 7.96547, 8.0321, 8.1011, 8.17262, 8.2468, 8.3238, 8.40381, 8.48702, 8.57365, 8.66393, 8.75812, 8.8565, 8.95938, 9.06713, 9.18011, 9.29877, 9.4236, 9.55512, 9.69397, 9.84084, 9.99653, 10.1619, 10.3381, 10.5263, 10.728, 10.9447, 11.1785, 11.4318, 11.7074, 12.0088, 12.3405, 12.7078, 13.1179, 13.5797, 14.1055, 14.7121, 15.4232, 16.2743, 17.3217, 18.663, 20.4957, 23.2803, 27.7388, 32.6726, 31.4518, 20.0347, 7.3754, 1.46374, 0.151261, 0.00798391, 0.000200795, 1.31683e-06
30.9417
58.17
 
MEASUREMENT 128
1.4716, 4.41481, 7.36319, 10.3064, 13.2548, 16.2031, 19.1774, 22.1309, 25.0793, 28.0277, 30.9502, 33.8934
7.37035, 7.51593, 7.9126, 8.36721, 8.93955, 8.86766, 9.84662, 10.9441, 12.1812, 15.8575, 11.5039, 0.0448616
0.00921262, 0.0093863, 0.00996025, 0.0107521, 0.0114673, 0.011434, 0.0126361, 0.0139788, 0.0153068, 0.0199118, 0.0144948, 0.00051107
0, 0.589331, 1.17866, 1.76799, 2.35732, 2.94665, 3.53598, 4.12532, 4.71465, 5.30398, 5.89331, 6.48264, 7.07197, 7.6613, 8.25063, 8.83996, 9.42929, 10.0186, 10.608, 11.1973, 11.7866, 12.3759, 12.9653, 13.5546, 14.1439, 14.7333, 15.3226, 15.9119, 16.5013, 17.0906, 17.6799, 18.2693, 18.8586, 19.4479, 20.0372, 20.6266, 21.2159, 21.8052, 22.3946, 22.9839, 23.5732, 24.1626, 24.7519, 25.3412, 25.9306, 26.5199, 27.1092, 27.6985, 28.2879, 28.8772, 29.4665, 30.0559, 30.6452, 31.2345, 31.8239, 32.4132, 33.0025, 33.5919, 34.1812, 34.7705
7.25898, 7.30166, 7.34555, 7.39071, 7.43721, 7.4851, 7.53445, 7.58534, 7.63785, 7.69207, 7.74808, 7.80598, 7.86589, 7.92792, 7.99219, 8.05883, 8.12801, 8.19988, 8.27461, 8.35241, 8.43349, 8.51807, 8.60643, 8.69886, 8.79566, 8.89721, 9.00391, 9.11621, 9.23462, 9.35973, 9.4922, 9.6328, 9.78242, 9.94208, 10.113, 10.2966, 10.4946, 10.709, 10.9424, 11.1978, 11.4791, 11.7913, 12.1409, 12.5365, 12.99, 13.5186, 14.1482, 14.9208, 15.9123, 17.2502, 18.9018, 19.5731, 16.3053, 9.1091, 3.00033, 0.541026, 0.0513147, 0.00249839, 5.461e-05, 2.11106e-07
7.25898, 7.3089, 7.36032, 7.41334, 7.46803, 7.52447, 7.58276, 7.643, 7.70529, 7.76975, 7.83651, 7.90569, 7.97746, 8.05195, 8.12936, 8.20987, 8.29368, 8.38102, 8.47214, 8.56732, 8.66686, 8.7711, 8.88041, 8.99522, 9.11598, 9.24324, 9.37758, 9.51968, 9.67031, 9.83035, 10.0008, 10.1829, 10.378, 10.5877, 10.8139, 11.059, 11.3257, 11.6174, 11.9383, 12.2938, 12.6906, 13.1375, 13.6463, 14.2333, 14.9215, 15.7453, 16.759, 18.0571, 19.8307, 22.526, 26.8494, 31.6469, 30.4483, 19.3235, 7.05749, 1.38331, 0.140524, 0.00725681, 0.000176468, 1.13388e-06
30.9391
58.16
 
MEASUREMENT 129
1.4716, 4.41481, 7.36319, 10.3064, 13.2548, 16.2031, 19.1774, 22.1309, 25.0793, 28.0277, 30.9502, 33.8934
7.20473, 7.34814, 7.73609, 8.18134, 8.75195, 8.67134, 9.62727, 10.7013, 11.9084, 15.5032, 11.2457, 0.0448758
0.00921262, 0.0093863, 0.00996025, 0.0107521, 0.0114673, 0.011434, 0.0126361, 0.0139788, 0.0153068, 0.0199118, 0.0144948, 0.00051107
0, 0.589331, 1.17866, 1.76799, 2.35732, 2.94665, 3.53598, 4.12532, 4.71465, 5.30398, 5.89331, 6.48264, 7.07197, 7.6613, 8.25063, 8.83996, 9.42929, 10.0186, 10.608, 11.1973, 11.7866, 12.3759, 12.9653, 13.5546, 14.1439, 14.7333, 15.3226, 15.9119, 16.5013, 17.0906, 17.6799, 18.2693, 18.8586, 19.4479, 20.0372, 20.6266, 21.2159, 21.8052, 22.3946, 22.9839, 23.5732, 24.1626, 24.7519, 25.3412, 25.9306, 26.5199, 27.1092, 27.6985, 28.2879, 28.8772, 29.4665, 30.0559, 30.6452, 31.2345, 31.8239, 32.4132, 33.0025, 33.5919, 34.1812, 34.7705
7.09853, 7.14025, 7.18317, 7.22732, 7.27278, 7.31959, 7.36785, 7.4176, 7.46894, 7.52195, 7.57671, 7.63332, 7.69189, 7.75252, 7.81536, 7.88052, 7.94815, 8.01841, 8.09147, 8.16753, 8.24679, 8.32948, 8.41587, 8.50622, 8.60086, 8.70013, 8.80444, 8.91422, 9.02998, 9.15228, 9.28178, 9.41923, 9.56549, 9.72157, 9.88865, 10.0681, 10.2617, 10.4713, 10.6994, 10.949, 11.224, 11.5292, 11.8709, 12.2576, 12.7009, 13.2176, 13.833, 14.5883, 15.5576, 16.8649, 18.4734, 19.1153, 15.9228, 8.91617, 2.95416, 0.538058, 0.0517697, 0.00256852, 5.8059e-05, 2.27207e-07
7.09853, 7.14734, 7.19763, 7.24947, 7.30295, 7.35814, 7.41514, 7.47405, 7.53496, 7.598, 7.66328, 7.73093, 7.80111, 7.87396, 7.94965, 8.02838, 8.11033, 8.19574, 8.28485, 8.37792, 8.47526, 8.57719, 8.68409, 8.79635, 8.91445, 9.03888, 9.17025, 9.3092, 9.4565, 9.61301, 9.77971, 9.95777, 10.1485, 10.3536, 10.5748, 10.8145, 11.0752, 11.3605, 11.6743, 12.0219, 12.4099, 12.847, 13.3446, 13.9186, 14.5917, 15.3973, 16.3888, 17.6587, 19.3944, 22.0326, 26.256, 30.9178, 29.7311, 18.9052, 6.94393, 1.37454, 0.141636, 0.00745259, 0.000186575, 1.22124e-06
30.9396
58.16
 
MEASUREMENT 130
1.4716, 4.41481, 7.36319, 10.3064, 13.2548, 16.2031, 19.1774, 22.1309, 25.0793, 28.0277, 30.9502, 33.8934
7.16209, 7.30486, 7.68852, 8.13346, 8.69971, 8.61829, 9.56991, 10.6379, 11.839, 15.4119, 11.1804, 0.0440845
0.00921262, 0.0093863, 0.00996025, 0.0107521, 0.0114673, 0.011434, 0.0126361, 0.0139788, 0.0153068, 0.0199118, 0.0144948, 0.00051107
0, 0.589331, 1.17866, 1.76799, 2.35732, 2.94665, 3.53598, 4.12532, 4.71465, 5.30398, 5.89331, 6.48264, 7.07197, 7.6613, 8.25063, 8.83996, 9.42929, 10.0186, 10.608, 11.1973, 11.7866, 12.3759, 12.9653, 13.5546, 14.1439, 14.7333, 15.3226, 15.9119, 16.5013, 17.0906, 17.6799, 18.2693, 18.8586, 19.4479, 20.0372, 20.6266, 21.2159, 21.8052, 22.3946, 22.9839, 23.5732, 24.1626, 24.7519, 25.3412, 25.9306, 26.5199, 27.1092, 27.6985, 28.2879, 28.8772, 29.4665, 30.0559, 30.6452, 31.2345, 31.8239, 32.4132, 33.0025, 33.5919, 34.1812, 34.7705
7.05604, 7.09752, 7.14018, 7.18407, 7.22926, 7.27581, 7.32378, 7.37324, 7.42428, 7.47697, 7.53141, 7.58769, 7.64591, 7.7062, 7.76866, 7.83344, 7.90067, 7.97052, 8.04316, 8.11877, 8.19757, 8.27978, 8.36566, 8.45549, 8.54957, 8.64827, 8.75197, 8.86111, 8.97619, 9.09778, 9.22653, 9.36318, 9.50859, 9.66377, 9.82988, 10.0083, 10.2007, 10.4091, 10.6359, 10.8841, 11.1575, 11.461, 11.8007, 12.1852, 12.6259, 13.1396, 13.7515, 14.5024, 15.466, 16.766, 18.3683, 19.0139, 15.8389, 8.85842, 2.92603, 0.530171, 0.0506324, 0.0024876, 5.52647e-05, 2.14874e-07
7.05604, 7.10456, 7.15454, 7.20608, 7.25924, 7.3141, 7.37076, 7.42931, 7.48986, 7.55252, 7.61741, 7.68466, 7.75442, 7.82683, 7.90207, 7.98033, 8.06179, 8.14669, 8.23527, 8.32779, 8.42454, 8.52587, 8.63212, 8.74372, 8.8611, 8.9848, 9.11538, 9.25351, 9.39992, 9.55549, 9.7212, 9.8982, 10.0878, 10.2917, 10.5116, 10.7498, 11.009, 11.2925, 11.6045, 11.95, 12.3357, 12.7701, 13.2648, 13.8354, 14.5043, 15.3051, 16.2906, 17.5526, 19.2773, 21.8984, 26.0988, 30.7481, 29.5759, 18.7874, 6.88037, 1.35499, 0.138593, 0.0072218, 0.0001781, 1.15452e-06
30.9394
58.16
 
MEASUREMENT 131
1.4716, 4.41481, 7.36319, 10.3064, 13.2548, 16.2031, 19.1774, 22.1309, 25.0793, 28.0277, 30.9502, 33.8934
7.18736, 7.32912, 7.71752, 8.16015, 8.74154, 8.64807, 9.60424, 10.6735, 11.8784, 15.4632, 11.2167, 0.044582
0.00921262, 0.0093863, 0.00996025, 0.0107521, 0.0114673, 0.011434, 0.0126361, 0.0139788, 0.0153068, 0.0199118, 0.0144948, 0.00051107
0, 0.589331, 1.17866, 1.76799, 2.35732, 2.94665, 3.53598, 4.12532, 4.71465, 5.30398, 5.89331, 6.48264, 7.07197, 7.6613, 8.25063, 8.83996, 9.42929, 10.0186, 10.608, 11.1973, 11.7866, 12.3759, 12.9653, 13.5546, 14.1439, 14.7333, 15.3226, 15.9119, 16.5013, 17.0906, 17.6799, 18.2693, 18.8586, 19.4479, 20.0372, 20.6266, 21.2159, 21.8052, 22.3946, 22.9839, 23.5732, 24.1626, 24.7519, 25.3412, 25.9306, 26.5199, 27.1092, 27.6985, 28.2879, 28.8772, 29.4665, 30.0559, 30.6452, 31.2345, 31.8239, 32.4132, 33.0025, 33.5919, 34.1812, 34.7705
7.08204, 7.12365, 7.16646, 7.2105, 7.25584, 7.30254, 7.35067, 7.4003, 7.4515, 7.50437, 7.55899, 7.61546, 7.67387, 7.73436, 7.79703, 7.86202, 7.92947, 7.99955, 8.07243, 8.14829, 8.22734, 8.30982, 8.39597, 8.48609, 8.58048, 8.67949, 8.78353, 8.89302, 9.00847, 9.13044, 9.2596, 9.39668, 9.54255, 9.69821, 9.86483, 10.0438, 10.2368, 10.4458, 10.6733, 10.9223, 11.1965, 11.5009, 11.8416, 12.2272, 12.6692, 13.1843, 13.7979, 14.5508, 15.5169, 16.82, 18.4244, 19.0675, 15.8851, 8.89261, 2.94347, 0.535128, 0.0513459, 0.00253799, 5.69939e-05, 2.22376e-07
7.08204, 7.13073, 7.1809, 7.23262, 7.28598, 7.34104, 7.39791, 7.45667, 7.51745, 7.58033, 7.64546, 7.71296, 7.78297, 7.85565, 7.93117, 8.00971, 8.09147, 8.17668, 8.26558, 8.35843, 8.45554, 8.55724, 8.66388, 8.77588, 8.8937, 9.01784, 9.1489, 9.28753, 9.43448, 9.59061, 9.75693, 9.93457, 10.1249, 10.3295, 10.5502, 10.7892, 11.0494, 11.334, 11.6471, 11.9938, 12.3809, 12.8169, 13.3133, 13.886, 14.5573, 15.361, 16.35, 17.6166, 19.3476, 21.9782, 26.1917, 30.8505, 29.6763, 18.8686, 6.92458, 1.36832, 0.140616, 0.00737177, 0.000183504, 1.19643e-06
30.9399
58.16
 
MEASUREMENT 132
1.4716, 4.41481, 7.36319, 10.3064, 13.2548, 16.2031, 19.1774, 22.1309, 25.0793, 28.0277, 30.9502, 33.8934
0.459022, 0.470265, 0.491284, 0.516253, 0.540685, 0.544766, 0.594065, 0.663672, 0.739252, 0.975967, 0.693361, -0.00111583
0.00921262, 0.0093863, 0.00996025, 0.0107521, 0.0114673, 0.011434, 0.0126361, 0.0139788, 0.0153068, 0.0199118, 0.0144948, 0.00051107
0, 0.589331, 1.17866, 1.76799, 2.35732, 2.94665, 3.53598, 4.12532, 4.71465, 5.30398, 5.89331, 6.48264, 7.07197, 7.6613, 8.25063, 8.83996, 9.42929, 10.0186, 10.608, 11.1973, 11.7866, 12.3759, 12.9653, 13.5546, 14.1439, 14.7333, 15.3226, 15.9119, 16.5013, 17.0906, 17.6799, 18.2693, 18.8586, 19.4479, 20.0372, 20.6266, 21.2159, 21.8052, 22.3946, 22.9839, 23.5732, 24.1626, 24.7519, 25.3412, 25.9306, 26.5199, 27.1092, 27.6985, 28.2879, 28.8772, 29.4665, 30.0559, 30.6452, 31.2345, 31.8239, 32.4132, 33.0025, 33.5919, 34.1812, 34.7705
0.447383, 0.449989, 0.452669, 0.455426, 0.458264, 0.461187, 0.464199, 0.467305, 0.470509, 0.473816, 0.477233, 0.480765, 0.484418, 0.4882, 0.492119, 0.496181, 0.500397, 0.504777, 0.50933, 0.514069, 0.519007, 0.524157, 0.529536, 0.535161, 0.541051, 0.547228, 0.553717, 0.560543, 0.56774, 0.57534, 0.583385, 0.591919, 0.600997, 0.61068, 0.621038, 0.632159, 0.644141, 0.657109, 0.671208, 0.686622, 0.703577, 0.722364, 0.743356, 0.767049, 0.79412, 0.825521, 0.862655, 0.907704, 0.964348, 1.03956, 1.14941, 1.31326, 1.18646, 0.376801, 0.0222949, 0.000190181, 8.35079e-08, 1.38961e-11, 2.75956e-16, 6.53977e-22
0.447383, 0.450462, 0.453635, 0.456906, 0.460279, 0.463761, 0.467358, 0.471074, 0.474917, 0.478894, 0.483013, 0.487281, 0.491709, 0.496305, 0.501081, 0.506048, 0.511219, 0.516608, 0.52223, 0.528102, 0.534244, 0.540675, 0.547419, 0.554502, 0.561953, 0.569803, 0.578091, 0.586856, 0.596148, 0.606019, 0.616533, 0.627762, 0.63979, 0.652718, 0.666661, 0.681762, 0.69819, 0.716151, 0.735902, 0.757763, 0.782142, 0.809568, 0.840744, 0.876625, 0.91855, 0.968479, 1.02941, 1.10626, 1.20784, 1.35244, 1.5902, 2.09455, 2.46953, 0.996145, 0.0695141, 0.000667775, 4.78117e-07, 8.06038e-11, 1.62164e-15, 3.89333e-21
30.8999
58.04
 
MEASUREMENT 133
1.4716, 4.41481, 7.36319, 10.3064, 13.2548, 16.2031, 19.1774, 22.1309, 25.0793, 28.0277, 30.9502, 33.8934
0.00197775, 0.00269246, -0.00169234, -0.00109573, -0.00262403, -0.00466846, -0.00414882, -0.000301521, 0.00164948, 0.00248964, -0.00359731, -0.0057128
0.00921262, 0.0093863, 0.00996025, 0.0107521, 0.0114673, 0.011434, 0.0126361, 0.0139788, 0.0153068, 0.0199118, 0.0144948, 0.00051107
0, 0.589331, 1.17866, 1.76799, 2.35732, 2.94665, 3.53598, 4.12532, 4.71465, 5.30398, 5.89331, 6.48264, 7.07197, 7.6613, 8.25063, 8.83996, 9.42929, 10.0186, 10.608, 11.1973, 11.7866, 12.3759, 12.9653, 13.5546, 14.1439, 14.7333, 15.3226, 15.9119, 16.5013, 17.0906, 17.6799, 18.2693, 18.8586, 19.4479, 20.0372, 20.6266, 21.2159, 21.8052, 22.3946, 22.9839, 23.5732, 24.1626, 24.7519, 25.3412, 25.9306, 26.5199, 27.1092, 27.6985, 28.2879, 28.8772, 29.4665, 30.0559, 30.6452, 31.2345, 31.8239, 32.4132, 33.0025, 33.5919, 34.1812, 34.7705
0, 0, 0, 0, 0, 0, 0, 0, 0, 0, 0, 0, 0, 0, 0, 0, 0, 0, 0, 0, 0, 0, 0, 0, 0, 0, 0, 0, 0, 0, 0, 0, 0, 0, 0, 0, 0, 0, 0, 0, 0, 0, 0, 0, 0, 0, 0, 0, 0, 0, 0, 0, 0, 0, 0, 0, 0, 0, 0, 0
0, 0, 0, 0, 0, 0, 0, 0, 0, 0, 0, 0, 0, 0, 0, 0, 0, 0, 0, 0, 0, 0, 0, 0, 0, 0, 0, 0, 0, 0, 0, 0, 0, 0, 0, 0, 0, 0, 0, 0, 0, 0, 0, 0, 0, 0, 0, 0, 0, 0, 0, 0, 0, 0, 0, 0, 0, 0, 0, 0
-
-
 
MEASUREMENT 134
1.4716, 4.41481, 7.36319, 10.3064, 13.2548, 16.2031, 19.1774, 22.1309, 25.0793, 28.0277, 30.9502, 33.8934
0.000563326, 0.001347, -0.000793953, -0.00107599, -0.00193248, -0.00456456, -0.00346091, -0.000301881, 0.00110517, 0.00241104, -0.00473309, -0.00417994
0.00921262, 0.0093863, 0.00996025, 0.0107521, 0.0114673, 0.011434, 0.0126361, 0.0139788, 0.0153068, 0.0199118, 0.0144948, 0.00051107
0, 0.589331, 1.17866, 1.76799, 2.35732, 2.94665, 3.53598, 4.12532, 4.71465, 5.30398, 5.89331, 6.48264, 7.07197, 7.6613, 8.25063, 8.83996, 9.42929, 10.0186, 10.608, 11.1973, 11.7866, 12.3759, 12.9653, 13.5546, 14.1439, 14.7333, 15.3226, 15.9119, 16.5013, 17.0906, 17.6799, 18.2693, 18.8586, 19.4479, 20.0372, 20.6266, 21.2159, 21.8052, 22.3946, 22.9839, 23.5732, 24.1626, 24.7519, 25.3412, 25.9306, 26.5199, 27.1092, 27.6985, 28.2879, 28.8772, 29.4665, 30.0559, 30.6452, 31.2345, 31.8239, 32.4132, 33.0025, 33.5919, 34.1812, 34.7705
0, 0, 0, 0, 0, 0, 0, 0, 0, 0, 0, 0, 0, 0, 0, 0, 0, 0, 0, 0, 0, 0, 0, 0, 0, 0, 0, 0, 0, 0, 0, 0, 0, 0, 0, 0, 0, 0, 0, 0, 0, 0, 0, 0, 0, 0, 0, 0, 0, 0, 0, 0, 0, 0, 0, 0, 0, 0, 0, 0
0, 0, 0, 0, 0, 0, 0, 0, 0, 0, 0, 0, 0, 0, 0, 0, 0, 0, 0, 0, 0, 0, 0, 0, 0, 0, 0, 0, 0, 0, 0, 0, 0, 0, 0, 0, 0, 0, 0, 0, 0, 0, 0, 0, 0, 0, 0, 0, 0, 0, 0, 0, 0, 0, 0, 0, 0, 0, 0, 0
-
-
 
MEASUREMENT 135
1.4716, 4.41481, 7.36319, 10.3064, 13.2548, 16.2031, 19.1774, 22.1309, 25.0793, 28.0277, 30.9502, 33.8934
0.00195845, 0.00277337, -0.0010219, -0.000366292, -0.00176051, -0.00393218, -0.00280921, -0.00013, 0.000313681, 0.00228323, -0.00344881, -0.00494142
0.00921262, 0.0093863, 0.00996025, 0.0107521, 0.0114673, 0.011434, 0.0126361, 0.0139788, 0.0153068, 0.0199118, 0.0144948, 0.00051107
0, 0.589331, 1.17866, 1.76799, 2.35732, 2.94665, 3.53598, 4.12532, 4.71465, 5.30398, 5.89331, 6.48264, 7.07197, 7.6613, 8.25063, 8.83996, 9.42929, 10.0186, 10.608, 11.1973, 11.7866, 12.3759, 12.9653, 13.5546, 14.1439, 14.7333, 15.3226, 15.9119, 16.5013, 17.0906, 17.6799, 18.2693, 18.8586, 19.4479, 20.0372, 20.6266, 21.2159, 21.8052, 22.3946, 22.9839, 23.5732, 24.1626, 24.7519, 25.3412, 25.9306, 26.5199, 27.1092, 27.6985, 28.2879, 28.8772, 29.4665, 30.0559, 30.6452, 31.2345, 31.8239, 32.4132, 33.0025, 33.5919, 34.1812, 34.7705
0, 0, 0, 0, 0, 0, 0, 0, 0, 0, 0, 0, 0, 0, 0, 0, 0, 0, 0, 0, 0, 0, 0, 0, 0, 0, 0, 0, 0, 0, 0, 0, 0, 0, 0, 0, 0, 0, 0, 0, 0, 0, 0, 0, 0, 0, 0, 0, 0, 0, 0, 0, 0, 0, 0, 0, 0, 0, 0, 0
0, 0, 0, 0, 0, 0, 0, 0, 0, 0, 0, 0, 0, 0, 0, 0, 0, 0, 0, 0, 0, 0, 0, 0, 0, 0, 0, 0, 0, 0, 0, 0, 0, 0, 0, 0, 0, 0, 0, 0, 0, 0, 0, 0, 0, 0, 0, 0, 0, 0, 0, 0, 0, 0, 0, 0, 0, 0, 0, 0
-
-
 
MEASUREMENT 136
1.4716, 4.41481, 7.36319, 10.3064, 13.2548, 16.2031, 19.1774, 22.1309, 25.0793, 28.0277, 30.9502, 33.8934
0.00125259, 0.00219383, -0.000154746, -0.00102896, -0.0012607, -0.00461599, -0.00411485, -0.000239723, 0.00169469, 0.00290762, -0.00468122, -0.00562599
0.00921262, 0.0093863, 0.00996025, 0.0107521, 0.0114673, 0.011434, 0.0126361, 0.0139788, 0.0153068, 0.0199118, 0.0144948, 0.00051107
0, 0.589331, 1.17866, 1.76799, 2.35732, 2.94665, 3.53598, 4.12532, 4.71465, 5.30398, 5.89331, 6.48264, 7.07197, 7.6613, 8.25063, 8.83996, 9.42929, 10.0186, 10.608, 11.1973, 11.7866, 12.3759, 12.9653, 13.5546, 14.1439, 14.7333, 15.3226, 15.9119, 16.5013, 17.0906, 17.6799, 18.2693, 18.8586, 19.4479, 20.0372, 20.6266, 21.2159, 21.8052, 22.3946, 22.9839, 23.5732, 24.1626, 24.7519, 25.3412, 25.9306, 26.5199, 27.1092, 27.6985, 28.2879, 28.8772, 29.4665, 30.0559, 30.6452, 31.2345, 31.8239, 32.4132, 33.0025, 33.5919, 34.1812, 34.7705
0, 0, 0, 0, 0, 0, 0, 0, 0, 0, 0, 0, 0, 0, 0, 0, 0, 0, 0, 0, 0, 0, 0, 0, 0, 0, 0, 0, 0, 0, 0, 0, 0, 0, 0, 0, 0, 0, 0, 0, 0, 0, 0, 0, 0, 0, 0, 0, 0, 0, 0, 0, 0, 0, 0, 0, 0, 0, 0, 0
0, 0, 0, 0, 0, 0, 0, 0, 0, 0, 0, 0, 0, 0, 0, 0, 0, 0, 0, 0, 0, 0, 0, 0, 0, 0, 0, 0, 0, 0, 0, 0, 0, 0, 0, 0, 0, 0, 0, 0, 0, 0, 0, 0, 0, 0, 0, 0, 0, 0, 0, 0, 0, 0, 0, 0, 0, 0, 0, 0
-
-
 
MEASUREMENT 137
1.4716, 4.41481, 7.36319, 10.3064, 13.2548, 16.2031, 19.1774, 22.1309, 25.0793, 28.0277, 30.9502, 33.8934
0.00148246, 0.00122843, -0.00171483, -0.00112083, -0.00256805, -0.00528031, -0.00277713, -0.000307106, 0.000242108, 0.00224099, -0.00340252, -0.00497377
0.00921262, 0.0093863, 0.00996025, 0.0107521, 0.0114673, 0.011434, 0.0126361, 0.0139788, 0.0153068, 0.0199118, 0.0144948, 0.00051107
0, 0.589331, 1.17866, 1.76799, 2.35732, 2.94665, 3.53598, 4.12532, 4.71465, 5.30398, 5.89331, 6.48264, 7.07197, 7.6613, 8.25063, 8.83996, 9.42929, 10.0186, 10.608, 11.1973, 11.7866, 12.3759, 12.9653, 13.5546, 14.1439, 14.7333, 15.3226, 15.9119, 16.5013, 17.0906, 17.6799, 18.2693, 18.8586, 19.4479, 20.0372, 20.6266, 21.2159, 21.8052, 22.3946, 22.9839, 23.5732, 24.1626, 24.7519, 25.3412, 25.9306, 26.5199, 27.1092, 27.6985, 28.2879, 28.8772, 29.4665, 30.0559, 30.6452, 31.2345, 31.8239, 32.4132, 33.0025, 33.5919, 34.1812, 34.7705
0, 0, 0, 0, 0, 0, 0, 0, 0, 0, 0, 0, 0, 0, 0, 0, 0, 0, 0, 0, 0, 0, 0, 0, 0, 0, 0, 0, 0, 0, 0, 0, 0, 0, 0, 0, 0, 0, 0, 0, 0, 0, 0, 0, 0, 0, 0, 0, 0, 0, 0, 0, 0, 0, 0, 0, 0, 0, 0, 0
0, 0, 0, 0, 0, 0, 0, 0, 0, 0, 0, 0, 0, 0, 0, 0, 0, 0, 0, 0, 0, 0, 0, 0, 0, 0, 0, 0, 0, 0, 0, 0, 0, 0, 0, 0, 0, 0, 0, 0, 0, 0, 0, 0, 0, 0, 0, 0, 0, 0, 0, 0, 0, 0, 0, 0, 0, 0, 0, 0
-
-
 
MEASUREMENT 138
1.4716, 4.41481, 7.36319, 10.3064, 13.2548, 16.2031, 19.1774, 22.1309, 25.0793, 28.0277, 30.9502, 33.8934
0.00122714, 0.0021946, -0.000917296, -0.00168477, -0.00118545, -0.00455093, -0.00410226, -0.000150539, 0.00183923, 0.00346901, -0.00472126, -0.00481885
0.00921262, 0.0093863, 0.00996025, 0.0107521, 0.0114673, 0.011434, 0.0126361, 0.0139788, 0.0153068, 0.0199118, 0.0144948, 0.00051107
0, 0.589331, 1.17866, 1.76799, 2.35732, 2.94665, 3.53598, 4.12532, 4.71465, 5.30398, 5.89331, 6.48264, 7.07197, 7.6613, 8.25063, 8.83996, 9.42929, 10.0186, 10.608, 11.1973, 11.7866, 12.3759, 12.9653, 13.5546, 14.1439, 14.7333, 15.3226, 15.9119, 16.5013, 17.0906, 17.6799, 18.2693, 18.8586, 19.4479, 20.0372, 20.6266, 21.2159, 21.8052, 22.3946, 22.9839, 23.5732, 24.1626, 24.7519, 25.3412, 25.9306, 26.5199, 27.1092, 27.6985, 28.2879, 28.8772, 29.4665, 30.0559, 30.6452, 31.2345, 31.8239, 32.4132, 33.0025, 33.5919, 34.1812, 34.7705
0, 0, 0, 0, 0, 0, 0, 0, 0, 0, 0, 0, 0, 0, 0, 0, 0, 0, 0, 0, 0, 0, 0, 0, 0, 0, 0, 0, 0, 0, 0, 0, 0, 0, 0, 0, 0, 0, 0, 0, 0, 0, 0, 0, 0, 0, 0, 0, 0, 0, 0, 0, 0, 0, 0, 0, 0, 0, 0, 0
0, 0, 0, 0, 0, 0, 0, 0, 0, 0, 0, 0, 0, 0, 0, 0, 0, 0, 0, 0, 0, 0, 0, 0, 0, 0, 0, 0, 0, 0, 0, 0, 0, 0, 0, 0, 0, 0, 0, 0, 0, 0, 0, 0, 0, 0, 0, 0, 0, 0, 0, 0, 0, 0, 0, 0, 0, 0, 0, 0
-
-
 
MEASUREMENT 139
1.4716, 4.41481, 7.36319, 10.3064, 13.2548, 16.2031, 19.1774, 22.1309, 25.0793, 28.0277, 30.9502, 33.8934
0.00145359, 0.00303389, -0.000165277, -0.000357255, -0.00261163, -0.004626, -0.00343918, -0.000287107, 0.0001948, 0.00279872, -0.00338596, -0.00413734
0.00921262, 0.0093863, 0.00996025, 0.0107521, 0.0114673, 0.011434, 0.0126361, 0.0139788, 0.0153068, 0.0199118, 0.0144948, 0.00051107
0, 0.589331, 1.17866, 1.76799, 2.35732, 2.94665, 3.53598, 4.12532, 4.71465, 5.30398, 5.89331, 6.48264, 7.07197, 7.6613, 8.25063, 8.83996, 9.42929, 10.0186, 10.608, 11.1973, 11.7866, 12.3759, 12.9653, 13.5546, 14.1439, 14.7333, 15.3226, 15.9119, 16.5013, 17.0906, 17.6799, 18.2693, 18.8586, 19.4479, 20.0372, 20.6266, 21.2159, 21.8052, 22.3946, 22.9839, 23.5732, 24.1626, 24.7519, 25.3412, 25.9306, 26.5199, 27.1092, 27.6985, 28.2879, 28.8772, 29.4665, 30.0559, 30.6452, 31.2345, 31.8239, 32.4132, 33.0025, 33.5919, 34.1812, 34.7705
0, 0, 0, 0, 0, 0, 0, 0, 0, 0, 0, 0, 0, 0, 0, 0, 0, 0, 0, 0, 0, 0, 0, 0, 0, 0, 0, 0, 0, 0, 0, 0, 0, 0, 0, 0, 0, 0, 0, 0, 0, 0, 0, 0, 0, 0, 0, 0, 0, 0, 0, 0, 0, 0, 0, 0, 0, 0, 0, 0
0, 0, 0, 0, 0, 0, 0, 0, 0, 0, 0, 0, 0, 0, 0, 0, 0, 0, 0, 0, 0, 0, 0, 0, 0, 0, 0, 0, 0, 0, 0, 0, 0, 0, 0, 0, 0, 0, 0, 0, 0, 0, 0, 0, 0, 0, 0, 0, 0, 0, 0, 0, 0, 0, 0, 0, 0, 0, 0, 0
-
-
 
MEASUREMENT 140
1.4716, 4.41481, 7.36319, 10.3064, 13.2548, 16.2031, 19.1774, 22.1309, 25.0793, 28.0277, 30.9502, 33.8934
0.00132927, 0.00217973, -0.00085857, -0.0017835, -0.00183577, -0.00457319, -0.00347384, -0.000225129, 0.00110325, 0.00242114, -0.00405277, -0.00479657
0.00921262, 0.0093863, 0.00996025, 0.0107521, 0.0114673, 0.011434, 0.0126361, 0.0139788, 0.0153068, 0.0199118, 0.0144948, 0.00051107
0, 0.589331, 1.17866, 1.76799, 2.35732, 2.94665, 3.53598, 4.12532, 4.71465, 5.30398, 5.89331, 6.48264, 7.07197, 7.6613, 8.25063, 8.83996, 9.42929, 10.0186, 10.608, 11.1973, 11.7866, 12.3759, 12.9653, 13.5546, 14.1439, 14.7333, 15.3226, 15.9119, 16.5013, 17.0906, 17.6799, 18.2693, 18.8586, 19.4479, 20.0372, 20.6266, 21.2159, 21.8052, 22.3946, 22.9839, 23.5732, 24.1626, 24.7519, 25.3412, 25.9306, 26.5199, 27.1092, 27.6985, 28.2879, 28.8772, 29.4665, 30.0559, 30.6452, 31.2345, 31.8239, 32.4132, 33.0025, 33.5919, 34.1812, 34.7705
0, 0, 0, 0, 0, 0, 0, 0, 0, 0, 0, 0, 0, 0, 0, 0, 0, 0, 0, 0, 0, 0, 0, 0, 0, 0, 0, 0, 0, 0, 0, 0, 0, 0, 0, 0, 0, 0, 0, 0, 0, 0, 0, 0, 0, 0, 0, 0, 0, 0, 0, 0, 0, 0, 0, 0, 0, 0, 0, 0
0, 0, 0, 0, 0, 0, 0, 0, 0, 0, 0, 0, 0, 0, 0, 0, 0, 0, 0, 0, 0, 0, 0, 0, 0, 0, 0, 0, 0, 0, 0, 0, 0, 0, 0, 0, 0, 0, 0, 0, 0, 0, 0, 0, 0, 0, 0, 0, 0, 0, 0, 0, 0, 0, 0, 0, 0, 0, 0, 0
-
-
 
MEASUREMENT 141
1.4716, 4.41481, 7.36319, 10.3064, 13.2548, 16.2031, 19.1774, 22.1309, 25.0793, 28.0277, 30.9502, 33.8934
0.00135182, 0.00236995, -0.000873564, -0.000442432, -0.00192661, -0.00389714, -0.00271591, -0.000147296, 0.00172856, 0.00155765, -0.00477245, -0.00490979
0.00921262, 0.0093863, 0.00996025, 0.0107521, 0.0114673, 0.011434, 0.0126361, 0.0139788, 0.0153068, 0.0199118, 0.0144948, 0.00051107
0, 0.589331, 1.17866, 1.76799, 2.35732, 2.94665, 3.53598, 4.12532, 4.71465, 5.30398, 5.89331, 6.48264, 7.07197, 7.6613, 8.25063, 8.83996, 9.42929, 10.0186, 10.608, 11.1973, 11.7866, 12.3759, 12.9653, 13.5546, 14.1439, 14.7333, 15.3226, 15.9119, 16.5013, 17.0906, 17.6799, 18.2693, 18.8586, 19.4479, 20.0372, 20.6266, 21.2159, 21.8052, 22.3946, 22.9839, 23.5732, 24.1626, 24.7519, 25.3412, 25.9306, 26.5199, 27.1092, 27.6985, 28.2879, 28.8772, 29.4665, 30.0559, 30.6452, 31.2345, 31.8239, 32.4132, 33.0025, 33.5919, 34.1812, 34.7705
0, 0, 0, 0, 0, 0, 0, 0, 0, 0, 0, 0, 0, 0, 0, 0, 0, 0, 0, 0, 0, 0, 0, 0, 0, 0, 0, 0, 0, 0, 0, 0, 0, 0, 0, 0, 0, 0, 0, 0, 0, 0, 0, 0, 0, 0, 0, 0, 0, 0, 0, 0, 0, 0, 0, 0, 0, 0, 0, 0
0, 0, 0, 0, 0, 0, 0, 0, 0, 0, 0, 0, 0, 0, 0, 0, 0, 0, 0, 0, 0, 0, 0, 0, 0, 0, 0, 0, 0, 0, 0, 0, 0, 0, 0, 0, 0, 0, 0, 0, 0, 0, 0, 0, 0, 0, 0, 0, 0, 0, 0, 0, 0, 0, 0, 0, 0, 0, 0, 0
-
-
 
MEASUREMENT 142
1.4716, 4.41481, 7.36319, 10.3064, 13.2548, 16.2031, 19.1774, 22.1309, 25.0793, 28.0277, 30.9502, 33.8934
0.00138611, 0.00151173, -0.000935503, -0.00111113, -0.00117455, -0.00449501, -0.00402017, 0.000505095, 0.00102592, 0.00313478, -0.00404179, -0.00549947
0.00921262, 0.0093863, 0.00996025, 0.0107521, 0.0114673, 0.011434, 0.0126361, 0.0139788, 0.0153068, 0.0199118, 0.0144948, 0.00051107
0, 0.589331, 1.17866, 1.76799, 2.35732, 2.94665, 3.53598, 4.12532, 4.71465, 5.30398, 5.89331, 6.48264, 7.07197, 7.6613, 8.25063, 8.83996, 9.42929, 10.0186, 10.608, 11.1973, 11.7866, 12.3759, 12.9653, 13.5546, 14.1439, 14.7333, 15.3226, 15.9119, 16.5013, 17.0906, 17.6799, 18.2693, 18.8586, 19.4479, 20.0372, 20.6266, 21.2159, 21.8052, 22.3946, 22.9839, 23.5732, 24.1626, 24.7519, 25.3412, 25.9306, 26.5199, 27.1092, 27.6985, 28.2879, 28.8772, 29.4665, 30.0559, 30.6452, 31.2345, 31.8239, 32.4132, 33.0025, 33.5919, 34.1812, 34.7705
0, 0, 0, 0, 0, 0, 0, 0, 0, 0, 0, 0, 0, 0, 0, 0, 0, 0, 0, 0, 0, 0, 0, 0, 0, 0, 0, 0, 0, 0, 0, 0, 0, 0, 0, 0, 0, 0, 0, 0, 0, 0, 0, 0, 0, 0, 0, 0, 0, 0, 0, 0, 0, 0, 0, 0, 0, 0, 0, 0
0, 0, 0, 0, 0, 0, 0, 0, 0, 0, 0, 0, 0, 0, 0, 0, 0, 0, 0, 0, 0, 0, 0, 0, 0, 0, 0, 0, 0, 0, 0, 0, 0, 0, 0, 0, 0, 0, 0, 0, 0, 0, 0, 0, 0, 0, 0, 0, 0, 0, 0, 0, 0, 0, 0, 0, 0, 0, 0, 0
-
-
 
MEASUREMENT 143
1.4716, 4.41481, 7.36319, 10.3064, 13.2548, 16.2031, 19.1774, 22.1309, 25.0793, 28.0277, 30.9502, 33.8934
0.000510278, 0.00277357, -0.000891414, -0.000876348, -0.00260408, -0.00451261, -0.00346746, -0.000912654, 0.00033812, 0.00144747, -0.00331214, -0.00407803
0.00921262, 0.0093863, 0.00996025, 0.0107521, 0.0114673, 0.011434, 0.0126361, 0.0139788, 0.0153068, 0.0199118, 0.0144948, 0.00051107
0, 0.589331, 1.17866, 1.76799, 2.35732, 2.94665, 3.53598, 4.12532, 4.71465, 5.30398, 5.89331, 6.48264, 7.07197, 7.6613, 8.25063, 8.83996, 9.42929, 10.0186, 10.608, 11.1973, 11.7866, 12.3759, 12.9653, 13.5546, 14.1439, 14.7333, 15.3226, 15.9119, 16.5013, 17.0906, 17.6799, 18.2693, 18.8586, 19.4479, 20.0372, 20.6266, 21.2159, 21.8052, 22.3946, 22.9839, 23.5732, 24.1626, 24.7519, 25.3412, 25.9306, 26.5199, 27.1092, 27.6985, 28.2879, 28.8772, 29.4665, 30.0559, 30.6452, 31.2345, 31.8239, 32.4132, 33.0025, 33.5919, 34.1812, 34.7705
0, 0, 0, 0, 0, 0, 0, 0, 0, 0, 0, 0, 0, 0, 0, 0, 0, 0, 0, 0, 0, 0, 0, 0, 0, 0, 0, 0, 0, 0, 0, 0, 0, 0, 0, 0, 0, 0, 0, 0, 0, 0, 0, 0, 0, 0, 0, 0, 0, 0, 0, 0, 0, 0, 0, 0, 0, 0, 0, 0
0, 0, 0, 0, 0, 0, 0, 0, 0, 0, 0, 0, 0, 0, 0, 0, 0, 0, 0, 0, 0, 0, 0, 0, 0, 0, 0, 0, 0, 0, 0, 0, 0, 0, 0, 0, 0, 0, 0, 0, 0, 0, 0, 0, 0, 0, 0, 0, 0, 0, 0, 0, 0, 0, 0, 0, 0, 0, 0, 0
-
-
 
MEASUREMENT 144
1.4716, 4.41481, 7.36319, 10.3064, 13.2548, 16.2031, 19.1774, 22.1309, 25.0793, 28.0277, 30.9502, 33.8934
0.00126107, 0.0013864, -0.000970668, -0.00179923, -0.001907, -0.00537834, -0.00340193, 0.000586352, 0.00179, 0.00252233, -0.00466838, -0.00483071
0.00921262, 0.0093863, 0.00996025, 0.0107521, 0.0114673, 0.011434, 0.0126361, 0.0139788, 0.0153068, 0.0199118, 0.0144948, 0.00051107
0, 0.589331, 1.17866, 1.76799, 2.35732, 2.94665, 3.53598, 4.12532, 4.71465, 5.30398, 5.89331, 6.48264, 7.07197, 7.6613, 8.25063, 8.83996, 9.42929, 10.0186, 10.608, 11.1973, 11.7866, 12.3759, 12.9653, 13.5546, 14.1439, 14.7333, 15.3226, 15.9119, 16.5013, 17.0906, 17.6799, 18.2693, 18.8586, 19.4479, 20.0372, 20.6266, 21.2159, 21.8052, 22.3946, 22.9839, 23.5732, 24.1626, 24.7519, 25.3412, 25.9306, 26.5199, 27.1092, 27.6985, 28.2879, 28.8772, 29.4665, 30.0559, 30.6452, 31.2345, 31.8239, 32.4132, 33.0025, 33.5919, 34.1812, 34.7705
0, 0, 0, 0, 0, 0, 0, 0, 0, 0, 0, 0, 0, 0, 0, 0, 0, 0, 0, 0, 0, 0, 0, 0, 0, 0, 0, 0, 0, 0, 0, 0, 0, 0, 0, 0, 0, 0, 0, 0, 0, 0, 0, 0, 0, 0, 0, 0, 0, 0, 0, 0, 0, 0, 0, 0, 0, 0, 0, 0
0, 0, 0, 0, 0, 0, 0, 0, 0, 0, 0, 0, 0, 0, 0, 0, 0, 0, 0, 0, 0, 0, 0, 0, 0, 0, 0, 0, 0, 0, 0, 0, 0, 0, 0, 0, 0, 0, 0, 0, 0, 0, 0, 0, 0, 0, 0, 0, 0, 0, 0, 0, 0, 0, 0, 0, 0, 0, 0, 0
-
-
 
MEASUREMENT 145
1.4716, 4.41481, 7.36319, 10.3064, 13.2548, 16.2031, 19.1774, 22.1309, 25.0793, 28.0277, 30.9502, 33.8934
0.00187797, 0.00270115, -0.000943536, -0.00048092, -0.00199399, -0.00460805, -0.00346539, -0.00099373, 0.000237918, 0.00241766, -0.00396374, -0.00555051
0.00921262, 0.0093863, 0.00996025, 0.0107521, 0.0114673, 0.011434, 0.0126361, 0.0139788, 0.0153068, 0.0199118, 0.0144948, 0.00051107
0, 0.589331, 1.17866, 1.76799, 2.35732, 2.94665, 3.53598, 4.12532, 4.71465, 5.30398, 5.89331, 6.48264, 7.07197, 7.6613, 8.25063, 8.83996, 9.42929, 10.0186, 10.608, 11.1973, 11.7866, 12.3759, 12.9653, 13.5546, 14.1439, 14.7333, 15.3226, 15.9119, 16.5013, 17.0906, 17.6799, 18.2693, 18.8586, 19.4479, 20.0372, 20.6266, 21.2159, 21.8052, 22.3946, 22.9839, 23.5732, 24.1626, 24.7519, 25.3412, 25.9306, 26.5199, 27.1092, 27.6985, 28.2879, 28.8772, 29.4665, 30.0559, 30.6452, 31.2345, 31.8239, 32.4132, 33.0025, 33.5919, 34.1812, 34.7705
0, 0, 0, 0, 0, 0, 0, 0, 0, 0, 0, 0, 0, 0, 0, 0, 0, 0, 0, 0, 0, 0, 0, 0, 0, 0, 0, 0, 0, 0, 0, 0, 0, 0, 0, 0, 0, 0, 0, 0, 0, 0, 0, 0, 0, 0, 0, 0, 0, 0, 0, 0, 0, 0, 0, 0, 0, 0, 0, 0
0, 0, 0, 0, 0, 0, 0, 0, 0, 0, 0, 0, 0, 0, 0, 0, 0, 0, 0, 0, 0, 0, 0, 0, 0, 0, 0, 0, 0, 0, 0, 0, 0, 0, 0, 0, 0, 0, 0, 0, 0, 0, 0, 0, 0, 0, 0, 0, 0, 0, 0, 0, 0, 0, 0, 0, 0, 0, 0, 0
-
-
 
MEASUREMENT 146
1.4716, 4.41481, 7.36319, 10.3064, 13.2548, 16.2031, 19.1774, 22.1309, 25.0793, 28.0277, 30.9502, 33.8934
0.00129968, 0.00245009, -0.00096799, -0.00168276, -0.00179755, -0.00461358, -0.00330225, -0.000121532, 0.00104844, 0.00264831, -0.00321213, -0.00469394
0.00921262, 0.0093863, 0.00996025, 0.0107521, 0.0114673, 0.011434, 0.0126361, 0.0139788, 0.0153068, 0.0199118, 0.0144948, 0.00051107
0, 0.589331, 1.17866, 1.76799, 2.35732, 2.94665, 3.53598, 4.12532, 4.71465, 5.30398, 5.89331, 6.48264, 7.07197, 7.6613, 8.25063, 8.83996, 9.42929, 10.0186, 10.608, 11.1973, 11.7866, 12.3759, 12.9653, 13.5546, 14.1439, 14.7333, 15.3226, 15.9119, 16.5013, 17.0906, 17.6799, 18.2693, 18.8586, 19.4479, 20.0372, 20.6266, 21.2159, 21.8052, 22.3946, 22.9839, 23.5732, 24.1626, 24.7519, 25.3412, 25.9306, 26.5199, 27.1092, 27.6985, 28.2879, 28.8772, 29.4665, 30.0559, 30.6452, 31.2345, 31.8239, 32.4132, 33.0025, 33.5919, 34.1812, 34.7705
0, 0, 0, 0, 0, 0, 0, 0, 0, 0, 0, 0, 0, 0, 0, 0, 0, 0, 0, 0, 0, 0, 0, 0, 0, 0, 0, 0, 0, 0, 0, 0, 0, 0, 0, 0, 0, 0, 0, 0, 0, 0, 0, 0, 0, 0, 0, 0, 0, 0, 0, 0, 0, 0, 0, 0, 0, 0, 0, 0
0, 0, 0, 0, 0, 0, 0, 0, 0, 0, 0, 0, 0, 0, 0, 0, 0, 0, 0, 0, 0, 0, 0, 0, 0, 0, 0, 0, 0, 0, 0, 0, 0, 0, 0, 0, 0, 0, 0, 0, 0, 0, 0, 0, 0, 0, 0, 0, 0, 0, 0, 0, 0, 0, 0, 0, 0, 0, 0, 0
-
-
 
MEASUREMENT 147
1.4716, 4.41481, 7.36319, 10.3064, 13.2548, 16.2031, 19.1774, 22.1309, 25.0793, 28.0277, 30.9502, 33.8934
0.000416452, 0.00115697, -0.00166753, -0.0004759, -0.00123472, -0.00388696, -0.00345263, -0.000277018, 0.00111652, 0.00241912, -0.00410379, -0.00478075
0.00921262, 0.0093863, 0.00996025, 0.0107521, 0.0114673, 0.011434, 0.0126361, 0.0139788, 0.0153068, 0.0199118, 0.0144948, 0.00051107
0, 0.589331, 1.17866, 1.76799, 2.35732, 2.94665, 3.53598, 4.12532, 4.71465, 5.30398, 5.89331, 6.48264, 7.07197, 7.6613, 8.25063, 8.83996, 9.42929, 10.0186, 10.608, 11.1973, 11.7866, 12.3759, 12.9653, 13.5546, 14.1439, 14.7333, 15.3226, 15.9119, 16.5013, 17.0906, 17.6799, 18.2693, 18.8586, 19.4479, 20.0372, 20.6266, 21.2159, 21.8052, 22.3946, 22.9839, 23.5732, 24.1626, 24.7519, 25.3412, 25.9306, 26.5199, 27.1092, 27.6985, 28.2879, 28.8772, 29.4665, 30.0559, 30.6452, 31.2345, 31.8239, 32.4132, 33.0025, 33.5919, 34.1812, 34.7705
0, 0, 0, 0, 0, 0, 0, 0, 0, 0, 0, 0, 0, 0, 0, 0, 0, 0, 0, 0, 0, 0, 0, 0, 0, 0, 0, 0, 0, 0, 0, 0, 0, 0, 0, 0, 0, 0, 0, 0, 0, 0, 0, 0, 0, 0, 0, 0, 0, 0, 0, 0, 0, 0, 0, 0, 0, 0, 0, 0
0, 0, 0, 0, 0, 0, 0, 0, 0, 0, 0, 0, 0, 0, 0, 0, 0, 0, 0, 0, 0, 0, 0, 0, 0, 0, 0, 0, 0, 0, 0, 0, 0, 0, 0, 0, 0, 0, 0, 0, 0, 0, 0, 0, 0, 0, 0, 0, 0, 0, 0, 0, 0, 0, 0, 0, 0, 0, 0, 0
-
-
 
MEASUREMENT 148
1.4716, 4.41481, 7.36319, 10.3064, 13.2548, 16.2031, 19.1774, 22.1309, 25.0793, 28.0277, 30.9502, 33.8934
0.00127316, 0.002464, -0.000172239, -0.00173933, -0.00258749, -0.00524475, -0.00342383, 0.000560407, 0.00164721, 0.00233979, -0.00469356, -0.00465459
0.00921262, 0.0093863, 0.00996025, 0.0107521, 0.0114673, 0.011434, 0.0126361, 0.0139788, 0.0153068, 0.0199118, 0.0144948, 0.00051107
0, 0.589331, 1.17866, 1.76799, 2.35732, 2.94665, 3.53598, 4.12532, 4.71465, 5.30398, 5.89331, 6.48264, 7.07197, 7.6613, 8.25063, 8.83996, 9.42929, 10.0186, 10.608, 11.1973, 11.7866, 12.3759, 12.9653, 13.5546, 14.1439, 14.7333, 15.3226, 15.9119, 16.5013, 17.0906, 17.6799, 18.2693, 18.8586, 19.4479, 20.0372, 20.6266, 21.2159, 21.8052, 22.3946, 22.9839, 23.5732, 24.1626, 24.7519, 25.3412, 25.9306, 26.5199, 27.1092, 27.6985, 28.2879, 28.8772, 29.4665, 30.0559, 30.6452, 31.2345, 31.8239, 32.4132, 33.0025, 33.5919, 34.1812, 34.7705
0, 0, 0, 0, 0, 0, 0, 0, 0, 0, 0, 0, 0, 0, 0, 0, 0, 0, 0, 0, 0, 0, 0, 0, 0, 0, 0, 0, 0, 0, 0, 0, 0, 0, 0, 0, 0, 0, 0, 0, 0, 0, 0, 0, 0, 0, 0, 0, 0, 0, 0, 0, 0, 0, 0, 0, 0, 0, 0, 0
0, 0, 0, 0, 0, 0, 0, 0, 0, 0, 0, 0, 0, 0, 0, 0, 0, 0, 0, 0, 0, 0, 0, 0, 0, 0, 0, 0, 0, 0, 0, 0, 0, 0, 0, 0, 0, 0, 0, 0, 0, 0, 0, 0, 0, 0, 0, 0, 0, 0, 0, 0, 0, 0, 0, 0, 0, 0, 0, 0
-
-
 
MEASUREMENT 149
1.4716, 4.41481, 7.36319, 10.3064, 13.2548, 16.2031, 19.1774, 22.1309, 25.0793, 28.0277, 30.9502, 33.8934
0.00194672, 0.00284888, -0.0016993, -0.00114928, -0.00124981, -0.00465345, -0.00256139, -0.000933013, 0.00027353, 0.00226725, -0.00337701, -0.00406383
0.00921262, 0.0093863, 0.00996025, 0.0107521, 0.0114673, 0.011434, 0.0126361, 0.0139788, 0.0153068, 0.0199118, 0.0144948, 0.00051107
0, 0.589331, 1.17866, 1.76799, 2.35732, 2.94665, 3.53598, 4.12532, 4.71465, 5.30398, 5.89331, 6.48264, 7.07197, 7.6613, 8.25063, 8.83996, 9.42929, 10.0186, 10.608, 11.1973, 11.7866, 12.3759, 12.9653, 13.5546, 14.1439, 14.7333, 15.3226, 15.9119, 16.5013, 17.0906, 17.6799, 18.2693, 18.8586, 19.4479, 20.0372, 20.6266, 21.2159, 21.8052, 22.3946, 22.9839, 23.5732, 24.1626, 24.7519, 25.3412, 25.9306, 26.5199, 27.1092, 27.6985, 28.2879, 28.8772, 29.4665, 30.0559, 30.6452, 31.2345, 31.8239, 32.4132, 33.0025, 33.5919, 34.1812, 34.7705
0.00592378, 0.00620317, 0.00653923, 0.00695538, 0.00749203, 0.00822739, 0.00934406, 0.0114682, 0.0125965, 0.000100315, 1.45719e-11, 7.69466e-22, 1.5641e-36, 1.22389e-55, 3.68659e-79, 4.2747e-107, 1.90803e-139, 3.27841e-176, 2.16838e-217, 5.52081e-263, 5.4108e-313, 0, 0, 0, 0, 0, 0, 0, 0, 0, 0, 0, 0, 0, 0, 0, 0, 0, 0, 0, 0, 0, 0, 0, 0, 0, 0, 0, 0, 0, 0, 0, 0, 0, 0, 0, 0, 0, 0, 0
0.00592378, 0.00625417, 0.00665882, 0.00717126, 0.00785142, 0.008821, 0.0103846, 0.0137427, 0.0217361, 0.000250618, 8.54299e-11, 4.55531e-21, 9.35056e-36, 7.38866e-55, 2.24749e-78, 2.63167e-106, 1.1862e-138, 2.05816e-175, 1.37464e-216, 3.5341e-262, 3.49742e-312, 0, 0, 0, 0, 0, 0, 0, 0, 0, 0, 0, 0, 0, 0, 0, 0, 0, 0, 0, 0, 0, 0, 0, 0, 0, 0, 0, 0, 0, 0, 0, 0, 0, 0, 0, 0, 0, 0, 0
4.81832
20.21
 
MEASUREMENT 150
1.4716, 4.41481, 7.36319, 10.3064, 13.2548, 16.2031, 19.1774, 22.1309, 25.0793, 28.0277, 30.9502, 33.8934
0.000556469, 0.00130143, -0.000892663, -0.00100704, -0.00259621, -0.00454057, -0.00409812, -0.00018387, 0.0010947, 0.00313184, -0.00457935, -0.00544896
0.00921262, 0.0093863, 0.00996025, 0.0107521, 0.0114673, 0.011434, 0.0126361, 0.0139788, 0.0153068, 0.0199118, 0.0144948, 0.00051107
0, 0.589331, 1.17866, 1.76799, 2.35732, 2.94665, 3.53598, 4.12532, 4.71465, 5.30398, 5.89331, 6.48264, 7.07197, 7.6613, 8.25063, 8.83996, 9.42929, 10.0186, 10.608, 11.1973, 11.7866, 12.3759, 12.9653, 13.5546, 14.1439, 14.7333, 15.3226, 15.9119, 16.5013, 17.0906, 17.6799, 18.2693, 18.8586, 19.4479, 20.0372, 20.6266, 21.2159, 21.8052, 22.3946, 22.9839, 23.5732, 24.1626, 24.7519, 25.3412, 25.9306, 26.5199, 27.1092, 27.6985, 28.2879, 28.8772, 29.4665, 30.0559, 30.6452, 31.2345, 31.8239, 32.4132, 33.0025, 33.5919, 34.1812, 34.7705
0, 0, 0, 0, 0, 0, 0, 0, 0, 0, 0, 0, 0, 0, 0, 0, 0, 0, 0, 0, 0, 0, 0, 0, 0, 0, 0, 0, 0, 0, 0, 0, 0, 0, 0, 0, 0, 0, 0, 0, 0, 0, 0, 0, 0, 0, 0, 0, 0, 0, 0, 0, 0, 0, 0, 0, 0, 0, 0, 0
0, 0, 0, 0, 0, 0, 0, 0, 0, 0, 0, 0, 0, 0, 0, 0, 0, 0, 0, 0, 0, 0, 0, 0, 0, 0, 0, 0, 0, 0, 0, 0, 0, 0, 0, 0, 0, 0, 0, 0, 0, 0, 0, 0, 0, 0, 0, 0, 0, 0, 0, 0, 0, 0, 0, 0, 0, 0, 0, 0
-
-
 
MEASUREMENT 151
1.4716, 4.41481, 7.36319, 10.3064, 13.2548, 16.2031, 19.1774, 22.1309, 25.0793, 28.0277, 30.9502, 33.8934
0.00194329, 0.00308352, -0.000931041, -0.000465525, -0.00116902, -0.00466156, -0.0026509, 0.000519869, 0.00165332, 0.00158006, -0.00332295, -0.0040588
0.00921262, 0.0093863, 0.00996025, 0.0107521, 0.0114673, 0.011434, 0.0126361, 0.0139788, 0.0153068, 0.0199118, 0.0144948, 0.00051107
0, 0.589331, 1.17866, 1.76799, 2.35732, 2.94665, 3.53598, 4.12532, 4.71465, 5.30398, 5.89331, 6.48264, 7.07197, 7.6613, 8.25063, 8.83996, 9.42929, 10.0186, 10.608, 11.1973, 11.7866, 12.3759, 12.9653, 13.5546, 14.1439, 14.7333, 15.3226, 15.9119, 16.5013, 17.0906, 17.6799, 18.2693, 18.8586, 19.4479, 20.0372, 20.6266, 21.2159, 21.8052, 22.3946, 22.9839, 23.5732, 24.1626, 24.7519, 25.3412, 25.9306, 26.5199, 27.1092, 27.6985, 28.2879, 28.8772, 29.4665, 30.0559, 30.6452, 31.2345, 31.8239, 32.4132, 33.0025, 33.5919, 34.1812, 34.7705
0, 0, 0, 0, 0, 0, 0, 0, 0, 0, 0, 0, 0, 0, 0, 0, 0, 0, 0, 0, 0, 0, 0, 0, 0, 0, 0, 0, 0, 0, 0, 0, 0, 0, 0, 0, 0, 0, 0, 0, 0, 0, 0, 0, 0, 0, 0, 0, 0, 0, 0, 0, 0, 0, 0, 0, 0, 0, 0, 0
0, 0, 0, 0, 0, 0, 0, 0, 0, 0, 0, 0, 0, 0, 0, 0, 0, 0, 0, 0, 0, 0, 0, 0, 0, 0, 0, 0, 0, 0, 0, 0, 0, 0, 0, 0, 0, 0, 0, 0, 0, 0, 0, 0, 0, 0, 0, 0, 0, 0, 0, 0, 0, 0, 0, 0, 0, 0, 0, 0
-
-
 
MEASUREMENT 152
1.4716, 4.41481, 7.36319, 10.3064, 13.2548, 16.2031, 19.1774, 22.1309, 25.0793, 28.0277, 30.9502, 33.8934
0.00134894, 0.0020907, -0.000185448, -0.00169381, -0.00185487, -0.00456939, -0.00368941, -0.000174502, 0.00100427, 0.0031379, -0.00449269, -0.00539199
0.00921262, 0.0093863, 0.00996025, 0.0107521, 0.0114673, 0.011434, 0.0126361, 0.0139788, 0.0153068, 0.0199118, 0.0144948, 0.00051107
0, 0.589331, 1.17866, 1.76799, 2.35732, 2.94665, 3.53598, 4.12532, 4.71465, 5.30398, 5.89331, 6.48264, 7.07197, 7.6613, 8.25063, 8.83996, 9.42929, 10.0186, 10.608, 11.1973, 11.7866, 12.3759, 12.9653, 13.5546, 14.1439, 14.7333, 15.3226, 15.9119, 16.5013, 17.0906, 17.6799, 18.2693, 18.8586, 19.4479, 20.0372, 20.6266, 21.2159, 21.8052, 22.3946, 22.9839, 23.5732, 24.1626, 24.7519, 25.3412, 25.9306, 26.5199, 27.1092, 27.6985, 28.2879, 28.8772, 29.4665, 30.0559, 30.6452, 31.2345, 31.8239, 32.4132, 33.0025, 33.5919, 34.1812, 34.7705
0, 0, 0, 0, 0, 0, 0, 0, 0, 0, 0, 0, 0, 0, 0, 0, 0, 0, 0, 0, 0, 0, 0, 0, 0, 0, 0, 0, 0, 0, 0, 0, 0, 0, 0, 0, 0, 0, 0, 0, 0, 0, 0, 0, 0, 0, 0, 0, 0, 0, 0, 0, 0, 0, 0, 0, 0, 0, 0, 0
0, 0, 0, 0, 0, 0, 0, 0, 0, 0, 0, 0, 0, 0, 0, 0, 0, 0, 0, 0, 0, 0, 0, 0, 0, 0, 0, 0, 0, 0, 0, 0, 0, 0, 0, 0, 0, 0, 0, 0, 0, 0, 0, 0, 0, 0, 0, 0, 0, 0, 0, 0, 0, 0, 0, 0, 0, 0, 0, 0
-
-
 
MEASUREMENT 153
1.4716, 4.41481, 7.36319, 10.3064, 13.2548, 16.2031, 19.1774, 22.1309, 25.0793, 28.0277, 30.9502, 33.8934
0.000426737, 0.00200592, -0.00170287, -0.00116066, -0.00187583, -0.00389576, -0.0033852, -0.00098346, 0.000931129, 0.00168474, -0.00328764, -0.00404281
0.00921262, 0.0093863, 0.00996025, 0.0107521, 0.0114673, 0.011434, 0.0126361, 0.0139788, 0.0153068, 0.0199118, 0.0144948, 0.00051107
0, 0.589331, 1.17866, 1.76799, 2.35732, 2.94665, 3.53598, 4.12532, 4.71465, 5.30398, 5.89331, 6.48264, 7.07197, 7.6613, 8.25063, 8.83996, 9.42929, 10.0186, 10.608, 11.1973, 11.7866, 12.3759, 12.9653, 13.5546, 14.1439, 14.7333, 15.3226, 15.9119, 16.5013, 17.0906, 17.6799, 18.2693, 18.8586, 19.4479, 20.0372, 20.6266, 21.2159, 21.8052, 22.3946, 22.9839, 23.5732, 24.1626, 24.7519, 25.3412, 25.9306, 26.5199, 27.1092, 27.6985, 28.2879, 28.8772, 29.4665, 30.0559, 30.6452, 31.2345, 31.8239, 32.4132, 33.0025, 33.5919, 34.1812, 34.7705
0, 0, 0, 0, 0, 0, 0, 0, 0, 0, 0, 0, 0, 0, 0, 0, 0, 0, 0, 0, 0, 0, 0, 0, 0, 0, 0, 0, 0, 0, 0, 0, 0, 0, 0, 0, 0, 0, 0, 0, 0, 0, 0, 0, 0, 0, 0, 0, 0, 0, 0, 0, 0, 0, 0, 0, 0, 0, 0, 0
0, 0, 0, 0, 0, 0, 0, 0, 0, 0, 0, 0, 0, 0, 0, 0, 0, 0, 0, 0, 0, 0, 0, 0, 0, 0, 0, 0, 0, 0, 0, 0, 0, 0, 0, 0, 0, 0, 0, 0, 0, 0, 0, 0, 0, 0, 0, 0, 0, 0, 0, 0, 0, 0, 0, 0, 0, 0, 0, 0
-
-
 
MEASUREMENT 154
1.4716, 4.41481, 7.36319, 10.3064, 13.2548, 16.2031, 19.1774, 22.1309, 25.0793, 28.0277, 30.9502, 33.8934
0.00119864, 0.00224539, -0.000895519, -0.000209828, -0.00195259, -0.00535107, -0.00331191, 0.00048816, 0.000953822, 0.00265419, -0.00394988, -0.00542326
0.00921262, 0.0093863, 0.00996025, 0.0107521, 0.0114673, 0.011434, 0.0126361, 0.0139788, 0.0153068, 0.0199118, 0.0144948, 0.00051107
0, 0.589331, 1.17866, 1.76799, 2.35732, 2.94665, 3.53598, 4.12532, 4.71465, 5.30398, 5.89331, 6.48264, 7.07197, 7.6613, 8.25063, 8.83996, 9.42929, 10.0186, 10.608, 11.1973, 11.7866, 12.3759, 12.9653, 13.5546, 14.1439, 14.7333, 15.3226, 15.9119, 16.5013, 17.0906, 17.6799, 18.2693, 18.8586, 19.4479, 20.0372, 20.6266, 21.2159, 21.8052, 22.3946, 22.9839, 23.5732, 24.1626, 24.7519, 25.3412, 25.9306, 26.5199, 27.1092, 27.6985, 28.2879, 28.8772, 29.4665, 30.0559, 30.6452, 31.2345, 31.8239, 32.4132, 33.0025, 33.5919, 34.1812, 34.7705
0, 0, 0, 0, 0, 0, 0, 0, 0, 0, 0, 0, 0, 0, 0, 0, 0, 0, 0, 0, 0, 0, 0, 0, 0, 0, 0, 0, 0, 0, 0, 0, 0, 0, 0, 0, 0, 0, 0, 0, 0, 0, 0, 0, 0, 0, 0, 0, 0, 0, 0, 0, 0, 0, 0, 0, 0, 0, 0, 0
0, 0, 0, 0, 0, 0, 0, 0, 0, 0, 0, 0, 0, 0, 0, 0, 0, 0, 0, 0, 0, 0, 0, 0, 0, 0, 0, 0, 0, 0, 0, 0, 0, 0, 0, 0, 0, 0, 0, 0, 0, 0, 0, 0, 0, 0, 0, 0, 0, 0, 0, 0, 0, 0, 0, 0, 0, 0, 0, 0
-
-
 
MEASUREMENT 155
1.4716, 4.41481, 7.36319, 10.3064, 13.2548, 16.2031, 19.1774, 22.1309, 25.0793, 28.0277, 30.9502, 33.8934
0.0018823, 0.00120912, -0.00096799, -0.00172594, -0.00263291, -0.00465862, -0.00337002, -0.000958957, 0.000428547, 0.00214329, -0.00407811, -0.00474948
0.00921262, 0.0093863, 0.00996025, 0.0107521, 0.0114673, 0.011434, 0.0126361, 0.0139788, 0.0153068, 0.0199118, 0.0144948, 0.00051107
0, 0.589331, 1.17866, 1.76799, 2.35732, 2.94665, 3.53598, 4.12532, 4.71465, 5.30398, 5.89331, 6.48264, 7.07197, 7.6613, 8.25063, 8.83996, 9.42929, 10.0186, 10.608, 11.1973, 11.7866, 12.3759, 12.9653, 13.5546, 14.1439, 14.7333, 15.3226, 15.9119, 16.5013, 17.0906, 17.6799, 18.2693, 18.8586, 19.4479, 20.0372, 20.6266, 21.2159, 21.8052, 22.3946, 22.9839, 23.5732, 24.1626, 24.7519, 25.3412, 25.9306, 26.5199, 27.1092, 27.6985, 28.2879, 28.8772, 29.4665, 30.0559, 30.6452, 31.2345, 31.8239, 32.4132, 33.0025, 33.5919, 34.1812, 34.7705
0, 0, 0, 0, 0, 0, 0, 0, 0, 0, 0, 0, 0, 0, 0, 0, 0, 0, 0, 0, 0, 0, 0, 0, 0, 0, 0, 0, 0, 0, 0, 0, 0, 0, 0, 0, 0, 0, 0, 0, 0, 0, 0, 0, 0, 0, 0, 0, 0, 0, 0, 0, 0, 0, 0, 0, 0, 0, 0, 0
0, 0, 0, 0, 0, 0, 0, 0, 0, 0, 0, 0, 0, 0, 0, 0, 0, 0, 0, 0, 0, 0, 0, 0, 0, 0, 0, 0, 0, 0, 0, 0, 0, 0, 0, 0, 0, 0, 0, 0, 0, 0, 0, 0, 0, 0, 0, 0, 0, 0, 0, 0, 0, 0, 0, 0, 0, 0, 0, 0
-
-
 
MEASUREMENT 156
1.4716, 4.41481, 7.36319, 10.3064, 13.2548, 16.2031, 19.1774, 22.1309, 25.0793, 28.0277, 30.9502, 33.8934
0.00145088, 0.00208723, -0.000789134, -0.00111749, -0.00190248, -0.00384484, -0.0034328, -8.17147e-05, 0.00169486, 0.00229939, -0.00458594, -0.0047218
0.00921262, 0.0093863, 0.00996025, 0.0107521, 0.0114673, 0.011434, 0.0126361, 0.0139788, 0.0153068, 0.0199118, 0.0144948, 0.00051107
0, 0.589331, 1.17866, 1.76799, 2.35732, 2.94665, 3.53598, 4.12532, 4.71465, 5.30398, 5.89331, 6.48264, 7.07197, 7.6613, 8.25063, 8.83996, 9.42929, 10.0186, 10.608, 11.1973, 11.7866, 12.3759, 12.9653, 13.5546, 14.1439, 14.7333, 15.3226, 15.9119, 16.5013, 17.0906, 17.6799, 18.2693, 18.8586, 19.4479, 20.0372, 20.6266, 21.2159, 21.8052, 22.3946, 22.9839, 23.5732, 24.1626, 24.7519, 25.3412, 25.9306, 26.5199, 27.1092, 27.6985, 28.2879, 28.8772, 29.4665, 30.0559, 30.6452, 31.2345, 31.8239, 32.4132, 33.0025, 33.5919, 34.1812, 34.7705
0, 0, 0, 0, 0, 0, 0, 0, 0, 0, 0, 0, 0, 0, 0, 0, 0, 0, 0, 0, 0, 0, 0, 0, 0, 0, 0, 0, 0, 0, 0, 0, 0, 0, 0, 0, 0, 0, 0, 0, 0, 0, 0, 0, 0, 0, 0, 0, 0, 0, 0, 0, 0, 0, 0, 0, 0, 0, 0, 0
0, 0, 0, 0, 0, 0, 0, 0, 0, 0, 0, 0, 0, 0, 0, 0, 0, 0, 0, 0, 0, 0, 0, 0, 0, 0, 0, 0, 0, 0, 0, 0, 0, 0, 0, 0, 0, 0, 0, 0, 0, 0, 0, 0, 0, 0, 0, 0, 0, 0, 0, 0, 0, 0, 0, 0, 0, 0, 0, 0
-
-
 
MEASUREMENT 157
1.4716, 4.41481, 7.36319, 10.3064, 13.2548, 16.2031, 19.1774, 22.1309, 25.0793, 28.0277, 30.9502, 33.8934
0.0012082, 0.002739, -0.00103885, -0.0010959, -0.00189041, -0.0049674, -0.00342728, -0.000242065, 0.000210511, 0.00301303, -0.00334677, -0.00397074
0.00921262, 0.0093863, 0.00996025, 0.0107521, 0.0114673, 0.011434, 0.0126361, 0.0139788, 0.0153068, 0.0199118, 0.0144948, 0.00051107
0, 0.589331, 1.17866, 1.76799, 2.35732, 2.94665, 3.53598, 4.12532, 4.71465, 5.30398, 5.89331, 6.48264, 7.07197, 7.6613, 8.25063, 8.83996, 9.42929, 10.0186, 10.608, 11.1973, 11.7866, 12.3759, 12.9653, 13.5546, 14.1439, 14.7333, 15.3226, 15.9119, 16.5013, 17.0906, 17.6799, 18.2693, 18.8586, 19.4479, 20.0372, 20.6266, 21.2159, 21.8052, 22.3946, 22.9839, 23.5732, 24.1626, 24.7519, 25.3412, 25.9306, 26.5199, 27.1092, 27.6985, 28.2879, 28.8772, 29.4665, 30.0559, 30.6452, 31.2345, 31.8239, 32.4132, 33.0025, 33.5919, 34.1812, 34.7705
0, 0, 0, 0, 0, 0, 0, 0, 0, 0, 0, 0, 0, 0, 0, 0, 0, 0, 0, 0, 0, 0, 0, 0, 0, 0, 0, 0, 0, 0, 0, 0, 0, 0, 0, 0, 0, 0, 0, 0, 0, 0, 0, 0, 0, 0, 0, 0, 0, 0, 0, 0, 0, 0, 0, 0, 0, 0, 0, 0
0, 0, 0, 0, 0, 0, 0, 0, 0, 0, 0, 0, 0, 0, 0, 0, 0, 0, 0, 0, 0, 0, 0, 0, 0, 0, 0, 0, 0, 0, 0, 0, 0, 0, 0, 0, 0, 0, 0, 0, 0, 0, 0, 0, 0, 0, 0, 0, 0, 0, 0, 0, 0, 0, 0, 0, 0, 0, 0, 0
-
-
 
MEASUREMENT 158
1.4716, 4.41481, 7.36319, 10.3064, 13.2548, 16.2031, 19.1774, 22.1309, 25.0793, 28.0277, 30.9502, 33.8934
0.00142652, 0.00211658, -0.000870173, -0.000468537, -0.00182554, -0.0045259, -0.0031091, 0.000565452, 0.00176015, 0.0014932, -0.00452343, -0.00540799
0.00921262, 0.0093863, 0.00996025, 0.0107521, 0.0114673, 0.011434, 0.0126361, 0.0139788, 0.0153068, 0.0199118, 0.0144948, 0.00051107
0, 0.589331, 1.17866, 1.76799, 2.35732, 2.94665, 3.53598, 4.12532, 4.71465, 5.30398, 5.89331, 6.48264, 7.07197, 7.6613, 8.25063, 8.83996, 9.42929, 10.0186, 10.608, 11.1973, 11.7866, 12.3759, 12.9653, 13.5546, 14.1439, 14.7333, 15.3226, 15.9119, 16.5013, 17.0906, 17.6799, 18.2693, 18.8586, 19.4479, 20.0372, 20.6266, 21.2159, 21.8052, 22.3946, 22.9839, 23.5732, 24.1626, 24.7519, 25.3412, 25.9306, 26.5199, 27.1092, 27.6985, 28.2879, 28.8772, 29.4665, 30.0559, 30.6452, 31.2345, 31.8239, 32.4132, 33.0025, 33.5919, 34.1812, 34.7705
0, 0, 0, 0, 0, 0, 0, 0, 0, 0, 0, 0, 0, 0, 0, 0, 0, 0, 0, 0, 0, 0, 0, 0, 0, 0, 0, 0, 0, 0, 0, 0, 0, 0, 0, 0, 0, 0, 0, 0, 0, 0, 0, 0, 0, 0, 0, 0, 0, 0, 0, 0, 0, 0, 0, 0, 0, 0, 0, 0
0, 0, 0, 0, 0, 0, 0, 0, 0, 0, 0, 0, 0, 0, 0, 0, 0, 0, 0, 0, 0, 0, 0, 0, 0, 0, 0, 0, 0, 0, 0, 0, 0, 0, 0, 0, 0, 0, 0, 0, 0, 0, 0, 0, 0, 0, 0, 0, 0, 0, 0, 0, 0, 0, 0, 0, 0, 0, 0, 0
-
-
 
MEASUREMENT 159
1.4716, 4.41481, 7.36319, 10.3064, 13.2548, 16.2031, 19.1774, 22.1309, 25.0793, 28.0277, 30.9502, 33.8934
0.00106313, 0.00122843, -0.000917296, -0.00174351, -0.00192343, -0.00460046, -0.00269677, -0.000894457, 0.000951728, 0.00309897, -0.0033042, -0.004057
0.00921262, 0.0093863, 0.00996025, 0.0107521, 0.0114673, 0.011434, 0.0126361, 0.0139788, 0.0153068, 0.0199118, 0.0144948, 0.00051107
0, 0.589331, 1.17866, 1.76799, 2.35732, 2.94665, 3.53598, 4.12532, 4.71465, 5.30398, 5.89331, 6.48264, 7.07197, 7.6613, 8.25063, 8.83996, 9.42929, 10.0186, 10.608, 11.1973, 11.7866, 12.3759, 12.9653, 13.5546, 14.1439, 14.7333, 15.3226, 15.9119, 16.5013, 17.0906, 17.6799, 18.2693, 18.8586, 19.4479, 20.0372, 20.6266, 21.2159, 21.8052, 22.3946, 22.9839, 23.5732, 24.1626, 24.7519, 25.3412, 25.9306, 26.5199, 27.1092, 27.6985, 28.2879, 28.8772, 29.4665, 30.0559, 30.6452, 31.2345, 31.8239, 32.4132, 33.0025, 33.5919, 34.1812, 34.7705
0, 0, 0, 0, 0, 0, 0, 0, 0, 0, 0, 0, 0, 0, 0, 0, 0, 0, 0, 0, 0, 0, 0, 0, 0, 0, 0, 0, 0, 0, 0, 0, 0, 0, 0, 0, 0, 0, 0, 0, 0, 0, 0, 0, 0, 0, 0, 0, 0, 0, 0, 0, 0, 0, 0, 0, 0, 0, 0, 0
0, 0, 0, 0, 0, 0, 0, 0, 0, 0, 0, 0, 0, 0, 0, 0, 0, 0, 0, 0, 0, 0, 0, 0, 0, 0, 0, 0, 0, 0, 0, 0, 0, 0, 0, 0, 0, 0, 0, 0, 0, 0, 0, 0, 0, 0, 0, 0, 0, 0, 0, 0, 0, 0, 0, 0, 0, 0, 0, 0
-
-
 
MEASUREMENT 160
1.4716, 4.41481, 7.36319, 10.3064, 13.2548, 16.2031, 19.1774, 22.1309, 25.0793, 28.0277, 30.9502, 33.8934
0.00126846, 0.00294158, -0.000177594, -0.000932574, -0.00125903, -0.00385278, -0.00408467, -0.000187654, 0.000988038, 0.00198463, -0.00391745, -0.00546352
0.00921262, 0.0093863, 0.00996025, 0.0107521, 0.0114673, 0.011434, 0.0126361, 0.0139788, 0.0153068, 0.0199118, 0.0144948, 0.00051107
0, 0.589331, 1.17866, 1.76799, 2.35732, 2.94665, 3.53598, 4.12532, 4.71465, 5.30398, 5.89331, 6.48264, 7.07197, 7.6613, 8.25063, 8.83996, 9.42929, 10.0186, 10.608, 11.1973, 11.7866, 12.3759, 12.9653, 13.5546, 14.1439, 14.7333, 15.3226, 15.9119, 16.5013, 17.0906, 17.6799, 18.2693, 18.8586, 19.4479, 20.0372, 20.6266, 21.2159, 21.8052, 22.3946, 22.9839, 23.5732, 24.1626, 24.7519, 25.3412, 25.9306, 26.5199, 27.1092, 27.6985, 28.2879, 28.8772, 29.4665, 30.0559, 30.6452, 31.2345, 31.8239, 32.4132, 33.0025, 33.5919, 34.1812, 34.7705
0, 0, 0, 0, 0, 0, 0, 0, 0, 0, 0, 0, 0, 0, 0, 0, 0, 0, 0, 0, 0, 0, 0, 0, 0, 0, 0, 0, 0, 0, 0, 0, 0, 0, 0, 0, 0, 0, 0, 0, 0, 0, 0, 0, 0, 0, 0, 0, 0, 0, 0, 0, 0, 0, 0, 0, 0, 0, 0, 0
0, 0, 0, 0, 0, 0, 0, 0, 0, 0, 0, 0, 0, 0, 0, 0, 0, 0, 0, 0, 0, 0, 0, 0, 0, 0, 0, 0, 0, 0, 0, 0, 0, 0, 0, 0, 0, 0, 0, 0, 0, 0, 0, 0, 0, 0, 0, 0, 0, 0, 0, 0, 0, 0, 0, 0, 0, 0, 0, 0
-
-
 
MEASUREMENT 161
1.4716, 4.41481, 7.36319, 10.3064, 13.2548, 16.2031, 19.1774, 22.1309, 25.0793, 28.0277, 30.9502, 33.8934
0.00122101, 0.00134932, -0.000929256, -0.000371814, -0.00193684, -0.00458199, -0.00347212, -0.000150179, 0.000227793, 0.00272618, -0.00399651, -0.00395726
0.00921262, 0.0093863, 0.00996025, 0.0107521, 0.0114673, 0.011434, 0.0126361, 0.0139788, 0.0153068, 0.0199118, 0.0144948, 0.00051107
0, 0.589331, 1.17866, 1.76799, 2.35732, 2.94665, 3.53598, 4.12532, 4.71465, 5.30398, 5.89331, 6.48264, 7.07197, 7.6613, 8.25063, 8.83996, 9.42929, 10.0186, 10.608, 11.1973, 11.7866, 12.3759, 12.9653, 13.5546, 14.1439, 14.7333, 15.3226, 15.9119, 16.5013, 17.0906, 17.6799, 18.2693, 18.8586, 19.4479, 20.0372, 20.6266, 21.2159, 21.8052, 22.3946, 22.9839, 23.5732, 24.1626, 24.7519, 25.3412, 25.9306, 26.5199, 27.1092, 27.6985, 28.2879, 28.8772, 29.4665, 30.0559, 30.6452, 31.2345, 31.8239, 32.4132, 33.0025, 33.5919, 34.1812, 34.7705
0, 0, 0, 0, 0, 0, 0, 0, 0, 0, 0, 0, 0, 0, 0, 0, 0, 0, 0, 0, 0, 0, 0, 0, 0, 0, 0, 0, 0, 0, 0, 0, 0, 0, 0, 0, 0, 0, 0, 0, 0, 0, 0, 0, 0, 0, 0, 0, 0, 0, 0, 0, 0, 0, 0, 0, 0, 0, 0, 0
0, 0, 0, 0, 0, 0, 0, 0, 0, 0, 0, 0, 0, 0, 0, 0, 0, 0, 0, 0, 0, 0, 0, 0, 0, 0, 0, 0, 0, 0, 0, 0, 0, 0, 0, 0, 0, 0, 0, 0, 0, 0, 0, 0, 0, 0, 0, 0, 0, 0, 0, 0, 0, 0, 0, 0, 0, 0, 0, 0
-
-
 
MEASUREMENT 162
1.4716, 4.41481, 7.36319, 10.3064, 13.2548, 16.2031, 19.1774, 22.1309, 25.0793, 28.0277, 30.9502, 33.8934
0.000447487, 0.00283749, -0.001662, -0.00175874, -0.00189074, -0.00519902, -0.00274436, -0.000158286, 0.000964296, 0.00224852, -0.00461838, -0.00539289
0.00921262, 0.0093863, 0.00996025, 0.0107521, 0.0114673, 0.011434, 0.0126361, 0.0139788, 0.0153068, 0.0199118, 0.0144948, 0.00051107
0, 0.589331, 1.17866, 1.76799, 2.35732, 2.94665, 3.53598, 4.12532, 4.71465, 5.30398, 5.89331, 6.48264, 7.07197, 7.6613, 8.25063, 8.83996, 9.42929, 10.0186, 10.608, 11.1973, 11.7866, 12.3759, 12.9653, 13.5546, 14.1439, 14.7333, 15.3226, 15.9119, 16.5013, 17.0906, 17.6799, 18.2693, 18.8586, 19.4479, 20.0372, 20.6266, 21.2159, 21.8052, 22.3946, 22.9839, 23.5732, 24.1626, 24.7519, 25.3412, 25.9306, 26.5199, 27.1092, 27.6985, 28.2879, 28.8772, 29.4665, 30.0559, 30.6452, 31.2345, 31.8239, 32.4132, 33.0025, 33.5919, 34.1812, 34.7705
0.00589828, 0.00617623, 0.00651051, 0.00692437, 0.00745793, 0.0081888, 0.00929806, 0.011407, 0.0125254, 0.000125508, 3.41177e-11, 5.47047e-21, 5.27625e-35, 3.06114e-53, 1.0683e-75, 2.24265e-102, 2.83191e-133, 2.15105e-168, 9.82812e-208, 2.70109e-251, 4.46533e-299, 0, 0, 0, 0, 0, 0, 0, 0, 0, 0, 0, 0, 0, 0, 0, 0, 0, 0, 0, 0, 0, 0, 0, 0, 0, 0, 0, 0, 0, 0, 0, 0, 0, 0, 0, 0, 0, 0, 0
0.00589828, 0.00622694, 0.00662942, 0.007139, 0.00781517, 0.00877866, 0.0103315, 0.0136668, 0.0214833, 0.000309825, 1.99799e-10, 3.23363e-20, 3.14813e-34, 1.84363e-52, 6.49464e-75, 1.37623e-101, 1.75419e-132, 1.34496e-167, 6.20275e-207, 1.72068e-250, 2.87111e-298, 0, 0, 0, 0, 0, 0, 0, 0, 0, 0, 0, 0, 0, 0, 0, 0, 0, 0, 0, 0, 0, 0, 0, 0, 0, 0, 0, 0, 0, 0, 0, 0, 0, 0, 0, 0, 0, 0, 0
4.82266
20.22
 
MEASUREMENT 163
1.4716, 4.41481, 7.36319, 10.3064, 13.2548, 16.2031, 19.1774, 22.1309, 25.0793, 28.0277, 30.9502, 33.8934
0.00212445, 0.00192114, -0.000960315, -0.00120216, -0.00263509, -0.00375285, -0.00414693, -0.000199185, 0.000910879, 0.00247403, -0.00327565, -0.00472504
0.00921262, 0.0093863, 0.00996025, 0.0107521, 0.0114673, 0.011434, 0.0126361, 0.0139788, 0.0153068, 0.0199118, 0.0144948, 0.00051107
0, 0.589331, 1.17866, 1.76799, 2.35732, 2.94665, 3.53598, 4.12532, 4.71465, 5.30398, 5.89331, 6.48264, 7.07197, 7.6613, 8.25063, 8.83996, 9.42929, 10.0186, 10.608, 11.1973, 11.7866, 12.3759, 12.9653, 13.5546, 14.1439, 14.7333, 15.3226, 15.9119, 16.5013, 17.0906, 17.6799, 18.2693, 18.8586, 19.4479, 20.0372, 20.6266, 21.2159, 21.8052, 22.3946, 22.9839, 23.5732, 24.1626, 24.7519, 25.3412, 25.9306, 26.5199, 27.1092, 27.6985, 28.2879, 28.8772, 29.4665, 30.0559, 30.6452, 31.2345, 31.8239, 32.4132, 33.0025, 33.5919, 34.1812, 34.7705
0, 0, 0, 0, 0, 0, 0, 0, 0, 0, 0, 0, 0, 0, 0, 0, 0, 0, 0, 0, 0, 0, 0, 0, 0, 0, 0, 0, 0, 0, 0, 0, 0, 0, 0, 0, 0, 0, 0, 0, 0, 0, 0, 0, 0, 0, 0, 0, 0, 0, 0, 0, 0, 0, 0, 0, 0, 0, 0, 0
0, 0, 0, 0, 0, 0, 0, 0, 0, 0, 0, 0, 0, 0, 0, 0, 0, 0, 0, 0, 0, 0, 0, 0, 0, 0, 0, 0, 0, 0, 0, 0, 0, 0, 0, 0, 0, 0, 0, 0, 0, 0, 0, 0, 0, 0, 0, 0, 0, 0, 0, 0, 0, 0, 0, 0, 0, 0, 0, 0
-
-
 
MEASUREMENT 164
1.4716, 4.41481, 7.36319, 10.3064, 13.2548, 16.2031, 19.1774, 22.1309, 25.0793, 28.0277, 30.9502, 33.8934
0.000482671, 0.00207409, -0.000954424, -0.000355749, -0.00186326, -0.00529878, -0.00341779, -0.000265667, 0.00167217, 0.00238809, -0.00460436, -0.00467292
0.00921262, 0.0093863, 0.00996025, 0.0107521, 0.0114673, 0.011434, 0.0126361, 0.0139788, 0.0153068, 0.0199118, 0.0144948, 0.00051107
0, 0.589331, 1.17866, 1.76799, 2.35732, 2.94665, 3.53598, 4.12532, 4.71465, 5.30398, 5.89331, 6.48264, 7.07197, 7.6613, 8.25063, 8.83996, 9.42929, 10.0186, 10.608, 11.1973, 11.7866, 12.3759, 12.9653, 13.5546, 14.1439, 14.7333, 15.3226, 15.9119, 16.5013, 17.0906, 17.6799, 18.2693, 18.8586, 19.4479, 20.0372, 20.6266, 21.2159, 21.8052, 22.3946, 22.9839, 23.5732, 24.1626, 24.7519, 25.3412, 25.9306, 26.5199, 27.1092, 27.6985, 28.2879, 28.8772, 29.4665, 30.0559, 30.6452, 31.2345, 31.8239, 32.4132, 33.0025, 33.5919, 34.1812, 34.7705
0, 0, 0, 0, 0, 0, 0, 0, 0, 0, 0, 0, 0, 0, 0, 0, 0, 0, 0, 0, 0, 0, 0, 0, 0, 0, 0, 0, 0, 0, 0, 0, 0, 0, 0, 0, 0, 0, 0, 0, 0, 0, 0, 0, 0, 0, 0, 0, 0, 0, 0, 0, 0, 0, 0, 0, 0, 0, 0, 0
0, 0, 0, 0, 0, 0, 0, 0, 0, 0, 0, 0, 0, 0, 0, 0, 0, 0, 0, 0, 0, 0, 0, 0, 0, 0, 0, 0, 0, 0, 0, 0, 0, 0, 0, 0, 0, 0, 0, 0, 0, 0, 0, 0, 0, 0, 0, 0, 0, 0, 0, 0, 0, 0, 0, 0, 0, 0, 0, 0
-
-
 
MEASUREMENT 165
1.4716, 4.41481, 7.36319, 10.3064, 13.2548, 16.2031, 19.1774, 22.1309, 25.0793, 28.0277, 30.9502, 33.8934
0.00192579, 0.00207853, -0.000192945, -0.00181229, -0.00178481, -0.00389783, -0.00333002, -0.000202608, 0.000139636, 0.00283655, -0.00322496, -0.00395816
0.00921262, 0.0093863, 0.00996025, 0.0107521, 0.0114673, 0.011434, 0.0126361, 0.0139788, 0.0153068, 0.0199118, 0.0144948, 0.00051107
0, 0.589331, 1.17866, 1.76799, 2.35732, 2.94665, 3.53598, 4.12532, 4.71465, 5.30398, 5.89331, 6.48264, 7.07197, 7.6613, 8.25063, 8.83996, 9.42929, 10.0186, 10.608, 11.1973, 11.7866, 12.3759, 12.9653, 13.5546, 14.1439, 14.7333, 15.3226, 15.9119, 16.5013, 17.0906, 17.6799, 18.2693, 18.8586, 19.4479, 20.0372, 20.6266, 21.2159, 21.8052, 22.3946, 22.9839, 23.5732, 24.1626, 24.7519, 25.3412, 25.9306, 26.5199, 27.1092, 27.6985, 28.2879, 28.8772, 29.4665, 30.0559, 30.6452, 31.2345, 31.8239, 32.4132, 33.0025, 33.5919, 34.1812, 34.7705
0, 0, 0, 0, 0, 0, 0, 0, 0, 0, 0, 0, 0, 0, 0, 0, 0, 0, 0, 0, 0, 0, 0, 0, 0, 0, 0, 0, 0, 0, 0, 0, 0, 0, 0, 0, 0, 0, 0, 0, 0, 0, 0, 0, 0, 0, 0, 0, 0, 0, 0, 0, 0, 0, 0, 0, 0, 0, 0, 0
0, 0, 0, 0, 0, 0, 0, 0, 0, 0, 0, 0, 0, 0, 0, 0, 0, 0, 0, 0, 0, 0, 0, 0, 0, 0, 0, 0, 0, 0, 0, 0, 0, 0, 0, 0, 0, 0, 0, 0, 0, 0, 0, 0, 0, 0, 0, 0, 0, 0, 0, 0, 0, 0, 0, 0, 0, 0, 0, 0
-
-
 
MEASUREMENT 166
1.4716, 4.41481, 7.36319, 10.3064, 13.2548, 16.2031, 19.1774, 22.1309, 25.0793, 28.0277, 30.9502, 33.8934
0.000485197, 0.00154495, -0.000946035, -0.000332991, -0.00123925, -0.00532432, -0.00330708, -0.000167475, 0.00177028, 0.00252949, -0.00464761, -0.00541931
0.00921262, 0.0093863, 0.00996025, 0.0107521, 0.0114673, 0.011434, 0.0126361, 0.0139788, 0.0153068, 0.0199118, 0.0144948, 0.00051107
0, 0.589331, 1.17866, 1.76799, 2.35732, 2.94665, 3.53598, 4.12532, 4.71465, 5.30398, 5.89331, 6.48264, 7.07197, 7.6613, 8.25063, 8.83996, 9.42929, 10.0186, 10.608, 11.1973, 11.7866, 12.3759, 12.9653, 13.5546, 14.1439, 14.7333, 15.3226, 15.9119, 16.5013, 17.0906, 17.6799, 18.2693, 18.8586, 19.4479, 20.0372, 20.6266, 21.2159, 21.8052, 22.3946, 22.9839, 23.5732, 24.1626, 24.7519, 25.3412, 25.9306, 26.5199, 27.1092, 27.6985, 28.2879, 28.8772, 29.4665, 30.0559, 30.6452, 31.2345, 31.8239, 32.4132, 33.0025, 33.5919, 34.1812, 34.7705
0, 0, 0, 0, 0, 0, 0, 0, 0, 0, 0, 0, 0, 0, 0, 0, 0, 0, 0, 0, 0, 0, 0, 0, 0, 0, 0, 0, 0, 0, 0, 0, 0, 0, 0, 0, 0, 0, 0, 0, 0, 0, 0, 0, 0, 0, 0, 0, 0, 0, 0, 0, 0, 0, 0, 0, 0, 0, 0, 0
0, 0, 0, 0, 0, 0, 0, 0, 0, 0, 0, 0, 0, 0, 0, 0, 0, 0, 0, 0, 0, 0, 0, 0, 0, 0, 0, 0, 0, 0, 0, 0, 0, 0, 0, 0, 0, 0, 0, 0, 0, 0, 0, 0, 0, 0, 0, 0, 0, 0, 0, 0, 0, 0, 0, 0, 0, 0, 0, 0
-
-
 
MEASUREMENT 167
1.4716, 4.41481, 7.36319, 10.3064, 13.2548, 16.2031, 19.1774, 22.1309, 25.0793, 28.0277, 30.9502, 33.8934
0.00199435, 0.0028794, -0.000972274, -0.00106327, -0.00251173, -0.00464033, -0.00352747, 0.000617881, 0.000861301, 0.00144527, -0.00392708, -0.0046332
0.00921262, 0.0093863, 0.00996025, 0.0107521, 0.0114673, 0.011434, 0.0126361, 0.0139788, 0.0153068, 0.0199118, 0.0144948, 0.00051107
0, 0.589331, 1.17866, 1.76799, 2.35732, 2.94665, 3.53598, 4.12532, 4.71465, 5.30398, 5.89331, 6.48264, 7.07197, 7.6613, 8.25063, 8.83996, 9.42929, 10.0186, 10.608, 11.1973, 11.7866, 12.3759, 12.9653, 13.5546, 14.1439, 14.7333, 15.3226, 15.9119, 16.5013, 17.0906, 17.6799, 18.2693, 18.8586, 19.4479, 20.0372, 20.6266, 21.2159, 21.8052, 22.3946, 22.9839, 23.5732, 24.1626, 24.7519, 25.3412, 25.9306, 26.5199, 27.1092, 27.6985, 28.2879, 28.8772, 29.4665, 30.0559, 30.6452, 31.2345, 31.8239, 32.4132, 33.0025, 33.5919, 34.1812, 34.7705
0, 0, 0, 0, 0, 0, 0, 0, 0, 0, 0, 0, 0, 0, 0, 0, 0, 0, 0, 0, 0, 0, 0, 0, 0, 0, 0, 0, 0, 0, 0, 0, 0, 0, 0, 0, 0, 0, 0, 0, 0, 0, 0, 0, 0, 0, 0, 0, 0, 0, 0, 0, 0, 0, 0, 0, 0, 0, 0, 0
0, 0, 0, 0, 0, 0, 0, 0, 0, 0, 0, 0, 0, 0, 0, 0, 0, 0, 0, 0, 0, 0, 0, 0, 0, 0, 0, 0, 0, 0, 0, 0, 0, 0, 0, 0, 0, 0, 0, 0, 0, 0, 0, 0, 0, 0, 0, 0, 0, 0, 0, 0, 0, 0, 0, 0, 0, 0, 0, 0
-
-
 
MEASUREMENT 168
1.4716, 4.41481, 7.36319, 10.3064, 13.2548, 16.2031, 19.1774, 22.1309, 25.0793, 28.0277, 30.9502, 33.8934
0.001234, 0.00212276, -0.000892663, -0.00108485, -0.0012488, -0.00456888, -0.00333243, -5.03653e-05, 0.000306523, 0.00339794, -0.0038198, -0.00464254
0.00921262, 0.0093863, 0.00996025, 0.0107521, 0.0114673, 0.011434, 0.0126361, 0.0139788, 0.0153068, 0.0199118, 0.0144948, 0.00051107
0, 0.589331, 1.17866, 1.76799, 2.35732, 2.94665, 3.53598, 4.12532, 4.71465, 5.30398, 5.89331, 6.48264, 7.07197, 7.6613, 8.25063, 8.83996, 9.42929, 10.0186, 10.608, 11.1973, 11.7866, 12.3759, 12.9653, 13.5546, 14.1439, 14.7333, 15.3226, 15.9119, 16.5013, 17.0906, 17.6799, 18.2693, 18.8586, 19.4479, 20.0372, 20.6266, 21.2159, 21.8052, 22.3946, 22.9839, 23.5732, 24.1626, 24.7519, 25.3412, 25.9306, 26.5199, 27.1092, 27.6985, 28.2879, 28.8772, 29.4665, 30.0559, 30.6452, 31.2345, 31.8239, 32.4132, 33.0025, 33.5919, 34.1812, 34.7705
0, 0, 0, 0, 0, 0, 0, 0, 0, 0, 0, 0, 0, 0, 0, 0, 0, 0, 0, 0, 0, 0, 0, 0, 0, 0, 0, 0, 0, 0, 0, 0, 0, 0, 0, 0, 0, 0, 0, 0, 0, 0, 0, 0, 0, 0, 0, 0, 0, 0, 0, 0, 0, 0, 0, 0, 0, 0, 0, 0
0, 0, 0, 0, 0, 0, 0, 0, 0, 0, 0, 0, 0, 0, 0, 0, 0, 0, 0, 0, 0, 0, 0, 0, 0, 0, 0, 0, 0, 0, 0, 0, 0, 0, 0, 0, 0, 0, 0, 0, 0, 0, 0, 0, 0, 0, 0, 0, 0, 0, 0, 0, 0, 0, 0, 0, 0, 0, 0, 0
-
-
 
MEASUREMENT 169
1.4716, 4.41481, 7.36319, 10.3064, 13.2548, 16.2031, 19.1774, 22.1309, 25.0793, 28.0277, 30.9502, 33.8934
0.000441713, 0.0019646, -0.00101654, -0.00183053, -0.00267264, -0.00395254, -0.00344401, -0.00103301, 0.00155434, 0.00137456, -0.00393586, -0.00465908
0.00921262, 0.0093863, 0.00996025, 0.0107521, 0.0114673, 0.011434, 0.0126361, 0.0139788, 0.0153068, 0.0199118, 0.0144948, 0.00051107
0, 0.589331, 1.17866, 1.76799, 2.35732, 2.94665, 3.53598, 4.12532, 4.71465, 5.30398, 5.89331, 6.48264, 7.07197, 7.6613, 8.25063, 8.83996, 9.42929, 10.0186, 10.608, 11.1973, 11.7866, 12.3759, 12.9653, 13.5546, 14.1439, 14.7333, 15.3226, 15.9119, 16.5013, 17.0906, 17.6799, 18.2693, 18.8586, 19.4479, 20.0372, 20.6266, 21.2159, 21.8052, 22.3946, 22.9839, 23.5732, 24.1626, 24.7519, 25.3412, 25.9306, 26.5199, 27.1092, 27.6985, 28.2879, 28.8772, 29.4665, 30.0559, 30.6452, 31.2345, 31.8239, 32.4132, 33.0025, 33.5919, 34.1812, 34.7705
0.00407988, 0.00427161, 0.00450209, 0.00478725, 0.00515454, 0.00565696, 0.00641776, 0.00785724, 0.0087351, 0.000131987, 9.75266e-11, 8.72125e-20, 9.01304e-33, 1.07647e-49, 1.48582e-70, 2.3701e-95, 4.36918e-124, 9.30823e-157, 2.29174e-193, 6.52071e-234, 2.14414e-278, 0, 0, 0, 0, 0, 0, 0, 0, 0, 0, 0, 0, 0, 0, 0, 0, 0, 0, 0, 0, 0, 0, 0, 0, 0, 0, 0, 0, 0, 0, 0, 0, 0, 0, 0, 0, 0, 0, 0
0.00407988, 0.00430655, 0.00458399, 0.00493498, 0.00540022, 0.0060621, 0.00712597, 0.00939913, 0.0147686, 0.000319085, 5.69937e-10, 5.14127e-19, 5.35993e-32, 6.45787e-49, 8.99204e-70, 1.44698e-94, 2.69093e-123, 5.78324e-156, 1.43637e-192, 4.12275e-233, 1.3675e-277, 0, 0, 0, 0, 0, 0, 0, 0, 0, 0, 0, 0, 0, 0, 0, 0, 0, 0, 0, 0, 0, 0, 0, 0, 0, 0, 0, 0, 0, 0, 0, 0, 0, 0, 0, 0, 0, 0, 0
4.83589
20.26
 
MEASUREMENT 170
1.4716, 4.41481, 7.36319, 10.3064, 13.2548, 16.2031, 19.1774, 22.1309, 25.0793, 28.0277, 30.9502, 33.8934
0.00119683, 0.00209843, -0.000863925, -0.00103197, -0.00190817, -0.00460736, -0.00335174, 0.000592297, 0.000985245, 0.00243345, -0.00387555, -0.0046217
0.00921262, 0.0093863, 0.00996025, 0.0107521, 0.0114673, 0.011434, 0.0126361, 0.0139788, 0.0153068, 0.0199118, 0.0144948, 0.00051107
0, 0.589331, 1.17866, 1.76799, 2.35732, 2.94665, 3.53598, 4.12532, 4.71465, 5.30398, 5.89331, 6.48264, 7.07197, 7.6613, 8.25063, 8.83996, 9.42929, 10.0186, 10.608, 11.1973, 11.7866, 12.3759, 12.9653, 13.5546, 14.1439, 14.7333, 15.3226, 15.9119, 16.5013, 17.0906, 17.6799, 18.2693, 18.8586, 19.4479, 20.0372, 20.6266, 21.2159, 21.8052, 22.3946, 22.9839, 23.5732, 24.1626, 24.7519, 25.3412, 25.9306, 26.5199, 27.1092, 27.6985, 28.2879, 28.8772, 29.4665, 30.0559, 30.6452, 31.2345, 31.8239, 32.4132, 33.0025, 33.5919, 34.1812, 34.7705
0, 0, 0, 0, 0, 0, 0, 0, 0, 0, 0, 0, 0, 0, 0, 0, 0, 0, 0, 0, 0, 0, 0, 0, 0, 0, 0, 0, 0, 0, 0, 0, 0, 0, 0, 0, 0, 0, 0, 0, 0, 0, 0, 0, 0, 0, 0, 0, 0, 0, 0, 0, 0, 0, 0, 0, 0, 0, 0, 0
0, 0, 0, 0, 0, 0, 0, 0, 0, 0, 0, 0, 0, 0, 0, 0, 0, 0, 0, 0, 0, 0, 0, 0, 0, 0, 0, 0, 0, 0, 0, 0, 0, 0, 0, 0, 0, 0, 0, 0, 0, 0, 0, 0, 0, 0, 0, 0, 0, 0, 0, 0, 0, 0, 0, 0, 0, 0, 0, 0
-
-
 
MEASUREMENT 171
1.4716, 4.41481, 7.36319, 10.3064, 13.2548, 16.2031, 19.1774, 22.1309, 25.0793, 28.0277, 30.9502, 33.8934
0.00127514, 0.00113805, -0.000844826, -0.00050987, -0.00191773, -0.00533399, -0.00348212, -0.000993189, 0.000238965, 0.00224907, -0.00321702, -0.00402286
0.00921262, 0.0093863, 0.00996025, 0.0107521, 0.0114673, 0.011434, 0.0126361, 0.0139788, 0.0153068, 0.0199118, 0.0144948, 0.00051107
0, 0.589331, 1.17866, 1.76799, 2.35732, 2.94665, 3.53598, 4.12532, 4.71465, 5.30398, 5.89331, 6.48264, 7.07197, 7.6613, 8.25063, 8.83996, 9.42929, 10.0186, 10.608, 11.1973, 11.7866, 12.3759, 12.9653, 13.5546, 14.1439, 14.7333, 15.3226, 15.9119, 16.5013, 17.0906, 17.6799, 18.2693, 18.8586, 19.4479, 20.0372, 20.6266, 21.2159, 21.8052, 22.3946, 22.9839, 23.5732, 24.1626, 24.7519, 25.3412, 25.9306, 26.5199, 27.1092, 27.6985, 28.2879, 28.8772, 29.4665, 30.0559, 30.6452, 31.2345, 31.8239, 32.4132, 33.0025, 33.5919, 34.1812, 34.7705
0, 0, 0, 0, 0, 0, 0, 0, 0, 0, 0, 0, 0, 0, 0, 0, 0, 0, 0, 0, 0, 0, 0, 0, 0, 0, 0, 0, 0, 0, 0, 0, 0, 0, 0, 0, 0, 0, 0, 0, 0, 0, 0, 0, 0, 0, 0, 0, 0, 0, 0, 0, 0, 0, 0, 0, 0, 0, 0, 0
0, 0, 0, 0, 0, 0, 0, 0, 0, 0, 0, 0, 0, 0, 0, 0, 0, 0, 0, 0, 0, 0, 0, 0, 0, 0, 0, 0, 0, 0, 0, 0, 0, 0, 0, 0, 0, 0, 0, 0, 0, 0, 0, 0, 0, 0, 0, 0, 0, 0, 0, 0, 0, 0, 0, 0, 0, 0, 0, 0
-
-
 
MEASUREMENT 172
1.4716, 4.41481, 7.36319, 10.3064, 13.2548, 16.2031, 19.1774, 22.1309, 25.0793, 28.0277, 30.9502, 33.8934
0.00121415, 0.00214806, -0.000925329, -0.00163005, -0.00116634, -0.00459114, -0.00271988, -0.000133243, 0.0016287, 0.00309475, -0.00378956, -0.00459474
0.00921262, 0.0093863, 0.00996025, 0.0107521, 0.0114673, 0.011434, 0.0126361, 0.0139788, 0.0153068, 0.0199118, 0.0144948, 0.00051107
0, 0.589331, 1.17866, 1.76799, 2.35732, 2.94665, 3.53598, 4.12532, 4.71465, 5.30398, 5.89331, 6.48264, 7.07197, 7.6613, 8.25063, 8.83996, 9.42929, 10.0186, 10.608, 11.1973, 11.7866, 12.3759, 12.9653, 13.5546, 14.1439, 14.7333, 15.3226, 15.9119, 16.5013, 17.0906, 17.6799, 18.2693, 18.8586, 19.4479, 20.0372, 20.6266, 21.2159, 21.8052, 22.3946, 22.9839, 23.5732, 24.1626, 24.7519, 25.3412, 25.9306, 26.5199, 27.1092, 27.6985, 28.2879, 28.8772, 29.4665, 30.0559, 30.6452, 31.2345, 31.8239, 32.4132, 33.0025, 33.5919, 34.1812, 34.7705
0, 0, 0, 0, 0, 0, 0, 0, 0, 0, 0, 0, 0, 0, 0, 0, 0, 0, 0, 0, 0, 0, 0, 0, 0, 0, 0, 0, 0, 0, 0, 0, 0, 0, 0, 0, 0, 0, 0, 0, 0, 0, 0, 0, 0, 0, 0, 0, 0, 0, 0, 0, 0, 0, 0, 0, 0, 0, 0, 0
0, 0, 0, 0, 0, 0, 0, 0, 0, 0, 0, 0, 0, 0, 0, 0, 0, 0, 0, 0, 0, 0, 0, 0, 0, 0, 0, 0, 0, 0, 0, 0, 0, 0, 0, 0, 0, 0, 0, 0, 0, 0, 0, 0, 0, 0, 0, 0, 0, 0, 0, 0, 0, 0, 0, 0, 0, 0, 0, 0
-
-
 
MEASUREMENT 173
1.4716, 4.41481, 7.36319, 10.3064, 13.2548, 16.2031, 19.1774, 22.1309, 25.0793, 28.0277, 30.9502, 33.8934
0.00120856, 0.0027361, -0.00160898, -0.00114711, -0.00260995, -0.00456525, -0.00336054, -0.000198464, 0.000227269, 0.00174754, -0.00385562, -0.00462709
0.00921262, 0.0093863, 0.00996025, 0.0107521, 0.0114673, 0.011434, 0.0126361, 0.0139788, 0.0153068, 0.0199118, 0.0144948, 0.00051107
0, 0.589331, 1.17866, 1.76799, 2.35732, 2.94665, 3.53598, 4.12532, 4.71465, 5.30398, 5.89331, 6.48264, 7.07197, 7.6613, 8.25063, 8.83996, 9.42929, 10.0186, 10.608, 11.1973, 11.7866, 12.3759, 12.9653, 13.5546, 14.1439, 14.7333, 15.3226, 15.9119, 16.5013, 17.0906, 17.6799, 18.2693, 18.8586, 19.4479, 20.0372, 20.6266, 21.2159, 21.8052, 22.3946, 22.9839, 23.5732, 24.1626, 24.7519, 25.3412, 25.9306, 26.5199, 27.1092, 27.6985, 28.2879, 28.8772, 29.4665, 30.0559, 30.6452, 31.2345, 31.8239, 32.4132, 33.0025, 33.5919, 34.1812, 34.7705
0.00568813, 0.00595625, 0.00627873, 0.006678, 0.00719277, 0.00789798, 0.00896835, 0.0110026, 0.0121134, 0.000107356, 2.04106e-11, 1.71526e-21, 6.63898e-36, 1.18349e-54, 9.71677e-78, 3.67426e-105, 6.39896e-137, 5.13259e-173, 1.89606e-213, 3.22591e-258, 2.52776e-307, 0, 0, 0, 0, 0, 0, 0, 0, 0, 0, 0, 0, 0, 0, 0, 0, 0, 0, 0, 0, 0, 0, 0, 0, 0, 0, 0, 0, 0, 0, 0, 0, 0, 0, 0, 0, 0, 0, 0
0.00568813, 0.00600518, 0.00639345, 0.00688507, 0.00753746, 0.00846715, 0.00996557, 0.0131808, 0.0208331, 0.000266819, 1.19598e-10, 1.01476e-20, 3.96554e-35, 7.13744e-54, 5.91668e-77, 2.25895e-104, 3.97211e-136, 3.21677e-172, 1.19977e-212, 2.06088e-257, 1.63034e-306, 0, 0, 0, 0, 0, 0, 0, 0, 0, 0, 0, 0, 0, 0, 0, 0, 0, 0, 0, 0, 0, 0, 0, 0, 0, 0, 0, 0, 0, 0, 0, 0, 0, 0, 0, 0, 0, 0, 0
4.82111
20.22
 
MEASUREMENT 174
1.4716, 4.41481, 7.36319, 10.3064, 13.2548, 16.2031, 19.1774, 22.1309, 25.0793, 28.0277, 30.9502, 33.8934
0.00199345, 0.00138679, -0.000142072, -0.000369471, -0.00192946, -0.00465362, -0.00408139, 0.000604729, 0.0012361, 0.00341465, -0.00460672, -0.00535335
0.00921262, 0.0093863, 0.00996025, 0.0107521, 0.0114673, 0.011434, 0.0126361, 0.0139788, 0.0153068, 0.0199118, 0.0144948, 0.00051107
0, 0.589331, 1.17866, 1.76799, 2.35732, 2.94665, 3.53598, 4.12532, 4.71465, 5.30398, 5.89331, 6.48264, 7.07197, 7.6613, 8.25063, 8.83996, 9.42929, 10.0186, 10.608, 11.1973, 11.7866, 12.3759, 12.9653, 13.5546, 14.1439, 14.7333, 15.3226, 15.9119, 16.5013, 17.0906, 17.6799, 18.2693, 18.8586, 19.4479, 20.0372, 20.6266, 21.2159, 21.8052, 22.3946, 22.9839, 23.5732, 24.1626, 24.7519, 25.3412, 25.9306, 26.5199, 27.1092, 27.6985, 28.2879, 28.8772, 29.4665, 30.0559, 30.6452, 31.2345, 31.8239, 32.4132, 33.0025, 33.5919, 34.1812, 34.7705
0, 0, 0, 0, 0, 0, 0, 0, 0, 0, 0, 0, 0, 0, 0, 0, 0, 0, 0, 0, 0, 0, 0, 0, 0, 0, 0, 0, 0, 0, 0, 0, 0, 0, 0, 0, 0, 0, 0, 0, 0, 0, 0, 0, 0, 0, 0, 0, 0, 0, 0, 0, 0, 0, 0, 0, 0, 0, 0, 0
0, 0, 0, 0, 0, 0, 0, 0, 0, 0, 0, 0, 0, 0, 0, 0, 0, 0, 0, 0, 0, 0, 0, 0, 0, 0, 0, 0, 0, 0, 0, 0, 0, 0, 0, 0, 0, 0, 0, 0, 0, 0, 0, 0, 0, 0, 0, 0, 0, 0, 0, 0, 0, 0, 0, 0, 0, 0, 0, 0
-
-
 
MEASUREMENT 175
1.4716, 4.41481, 7.36319, 10.3064, 13.2548, 16.2031, 19.1774, 22.1309, 25.0793, 28.0277, 30.9502, 33.8934
0.0013253, 0.00281914, -0.000936217, -0.00110661, -0.00123204, -0.0045454, -0.00263658, -0.000902384, 0.000897088, 0.00154003, -0.00318662, -0.0039064
0.00921262, 0.0093863, 0.00996025, 0.0107521, 0.0114673, 0.011434, 0.0126361, 0.0139788, 0.0153068, 0.0199118, 0.0144948, 0.00051107
0, 0.589331, 1.17866, 1.76799, 2.35732, 2.94665, 3.53598, 4.12532, 4.71465, 5.30398, 5.89331, 6.48264, 7.07197, 7.6613, 8.25063, 8.83996, 9.42929, 10.0186, 10.608, 11.1973, 11.7866, 12.3759, 12.9653, 13.5546, 14.1439, 14.7333, 15.3226, 15.9119, 16.5013, 17.0906, 17.6799, 18.2693, 18.8586, 19.4479, 20.0372, 20.6266, 21.2159, 21.8052, 22.3946, 22.9839, 23.5732, 24.1626, 24.7519, 25.3412, 25.9306, 26.5199, 27.1092, 27.6985, 28.2879, 28.8772, 29.4665, 30.0559, 30.6452, 31.2345, 31.8239, 32.4132, 33.0025, 33.5919, 34.1812, 34.7705
0, 0, 0, 0, 0, 0, 0, 0, 0, 0, 0, 0, 0, 0, 0, 0, 0, 0, 0, 0, 0, 0, 0, 0, 0, 0, 0, 0, 0, 0, 0, 0, 0, 0, 0, 0, 0, 0, 0, 0, 0, 0, 0, 0, 0, 0, 0, 0, 0, 0, 0, 0, 0, 0, 0, 0, 0, 0, 0, 0
0, 0, 0, 0, 0, 0, 0, 0, 0, 0, 0, 0, 0, 0, 0, 0, 0, 0, 0, 0, 0, 0, 0, 0, 0, 0, 0, 0, 0, 0, 0, 0, 0, 0, 0, 0, 0, 0, 0, 0, 0, 0, 0, 0, 0, 0, 0, 0, 0, 0, 0, 0, 0, 0, 0, 0, 0, 0, 0, 0
-
-
 
MEASUREMENT 176
1.4716, 4.41481, 7.36319, 10.3064, 13.2548, 16.2031, 19.1774, 22.1309, 25.0793, 28.0277, 30.9502, 33.8934
0.000491152, 0.00164692, -0.000909264, -0.00175355, -0.00254475, -0.00468193, -0.00416624, -0.00011901, 0.00171738, 0.00246044, -0.0038987, -0.00453543
0.00921262, 0.0093863, 0.00996025, 0.0107521, 0.0114673, 0.011434, 0.0126361, 0.0139788, 0.0153068, 0.0199118, 0.0144948, 0.00051107
0, 0.589331, 1.17866, 1.76799, 2.35732, 2.94665, 3.53598, 4.12532, 4.71465, 5.30398, 5.89331, 6.48264, 7.07197, 7.6613, 8.25063, 8.83996, 9.42929, 10.0186, 10.608, 11.1973, 11.7866, 12.3759, 12.9653, 13.5546, 14.1439, 14.7333, 15.3226, 15.9119, 16.5013, 17.0906, 17.6799, 18.2693, 18.8586, 19.4479, 20.0372, 20.6266, 21.2159, 21.8052, 22.3946, 22.9839, 23.5732, 24.1626, 24.7519, 25.3412, 25.9306, 26.5199, 27.1092, 27.6985, 28.2879, 28.8772, 29.4665, 30.0559, 30.6452, 31.2345, 31.8239, 32.4132, 33.0025, 33.5919, 34.1812, 34.7705
0, 0, 0, 0, 0, 0, 0, 0, 0, 0, 0, 0, 0, 0, 0, 0, 0, 0, 0, 0, 0, 0, 0, 0, 0, 0, 0, 0, 0, 0, 0, 0, 0, 0, 0, 0, 0, 0, 0, 0, 0, 0, 0, 0, 0, 0, 0, 0, 0, 0, 0, 0, 0, 0, 0, 0, 0, 0, 0, 0
0, 0, 0, 0, 0, 0, 0, 0, 0, 0, 0, 0, 0, 0, 0, 0, 0, 0, 0, 0, 0, 0, 0, 0, 0, 0, 0, 0, 0, 0, 0, 0, 0, 0, 0, 0, 0, 0, 0, 0, 0, 0, 0, 0, 0, 0, 0, 0, 0, 0, 0, 0, 0, 0, 0, 0, 0, 0, 0, 0
-
-
 
MEASUREMENT 177
1.4716, 4.41481, 7.36319, 10.3064, 13.2548, 16.2031, 19.1774, 22.1309, 25.0793, 28.0277, 30.9502, 33.8934
0.159537, 0.161754, 0.169255, 0.19246, 0.204654, 0.199818, 0.222506, 0.251004, 0.269292, 0.354066, 0.248464, -0.00424913
0.00921262, 0.0093863, 0.00996025, 0.0107521, 0.0114673, 0.011434, 0.0126361, 0.0139788, 0.0153068, 0.0199118, 0.0144948, 0.00051107
0, 0.589331, 1.17866, 1.76799, 2.35732, 2.94665, 3.53598, 4.12532, 4.71465, 5.30398, 5.89331, 6.48264, 7.07197, 7.6613, 8.25063, 8.83996, 9.42929, 10.0186, 10.608, 11.1973, 11.7866, 12.3759, 12.9653, 13.5546, 14.1439, 14.7333, 15.3226, 15.9119, 16.5013, 17.0906, 17.6799, 18.2693, 18.8586, 19.4479, 20.0372, 20.6266, 21.2159, 21.8052, 22.3946, 22.9839, 23.5732, 24.1626, 24.7519, 25.3412, 25.9306, 26.5199, 27.1092, 27.6985, 28.2879, 28.8772, 29.4665, 30.0559, 30.6452, 31.2345, 31.8239, 32.4132, 33.0025, 33.5919, 34.1812, 34.7705
0.161395, 0.162387, 0.163407, 0.164457, 0.165539, 0.166654, 0.167804, 0.168991, 0.170216, 0.171482, 0.17279, 0.174144, 0.175545, 0.176998, 0.178504, 0.180067, 0.181691, 0.183379, 0.185137, 0.186968, 0.188879, 0.190874, 0.192961, 0.195147, 0.197439, 0.199846, 0.202379, 0.205049, 0.207869, 0.210853, 0.214018, 0.217384, 0.220973, 0.22481, 0.228927, 0.23336, 0.238153, 0.243358, 0.24904, 0.255278, 0.262173, 0.269853, 0.278486, 0.288297, 0.299593, 0.312815, 0.328616, 0.348026, 0.372795, 0.406234, 0.455772, 0.544226, 0.869169, 0, 0, 0, 0, 0, 0, 0
0.161395, 0.162513, 0.163665, 0.164853, 0.166078, 0.167343, 0.16865, 0.17, 0.171397, 0.172843, 0.174341, 0.175893, 0.177504, 0.179176, 0.180914, 0.182722, 0.184605, 0.186568, 0.188616, 0.190756, 0.192995, 0.19534, 0.197801, 0.200386, 0.203106, 0.205974, 0.209002, 0.212208, 0.215607, 0.21922, 0.223071, 0.227187, 0.231599, 0.236345, 0.241468, 0.247022, 0.25307, 0.259691, 0.266981, 0.275062, 0.284088, 0.294262, 0.305852, 0.319223, 0.33489, 0.353608, 0.376532, 0.405557, 0.44405, 0.498791, 0.586353, 0.765358, 1.85643, 0, 0, 0, 0, 0, 0, 0
30.729
57.98
 
MEASUREMENT 178
1.4716, 4.41481, 7.36319, 10.3064, 13.2548, 16.2031, 19.1774, 22.1309, 25.0793, 28.0277, 30.9502, 33.8934
6.46904, 6.5967, 6.94416, 7.3328, 7.85638, 7.7679, 8.63828, 9.60181, 10.6983, 13.9129, 10.0972, 0.0398328
0.00921262, 0.0093863, 0.00996025, 0.0107521, 0.0114673, 0.011434, 0.0126361, 0.0139788, 0.0153068, 0.0199118, 0.0144948, 0.00051107
0, 0.589331, 1.17866, 1.76799, 2.35732, 2.94665, 3.53598, 4.12532, 4.71465, 5.30398, 5.89331, 6.48264, 7.07197, 7.6613, 8.25063, 8.83996, 9.42929, 10.0186, 10.608, 11.1973, 11.7866, 12.3759, 12.9653, 13.5546, 14.1439, 14.7333, 15.3226, 15.9119, 16.5013, 17.0906, 17.6799, 18.2693, 18.8586, 19.4479, 20.0372, 20.6266, 21.2159, 21.8052, 22.3946, 22.9839, 23.5732, 24.1626, 24.7519, 25.3412, 25.9306, 26.5199, 27.1092, 27.6985, 28.2879, 28.8772, 29.4665, 30.0559, 30.6452, 31.2345, 31.8239, 32.4132, 33.0025, 33.5919, 34.1812, 34.7705
6.36909, 6.40654, 6.44505, 6.48469, 6.52548, 6.56751, 6.61082, 6.65548, 6.70156, 6.74913, 6.79829, 6.8491, 6.90167, 6.9561, 7.0125, 7.07099, 7.13169, 7.19476, 7.26034, 7.32862, 7.39976, 7.47399, 7.55154, 7.63264, 7.7176, 7.80671, 7.90035, 7.9989, 8.10281, 8.21261, 8.32886, 8.45225, 8.58356, 8.72368, 8.87368, 9.0348, 9.20856, 9.39674, 9.60155, 9.82571, 10.0726, 10.3467, 10.6535, 11.0007, 11.3988, 11.8627, 12.4154, 13.0936, 13.9641, 15.1386, 16.5864, 17.1707, 14.3047, 8.00115, 2.64321, 0.479005, 0.0457558, 0.00224862, 4.99796e-05, 1.94398e-07
6.36909, 6.41288, 6.458, 6.50452, 6.5525, 6.60202, 6.65317, 6.70602, 6.76068, 6.81724, 6.87581, 6.93651, 6.99948, 7.06484, 7.13276, 7.20339, 7.27693, 7.35356, 7.43351, 7.51702, 7.60436, 7.69582, 7.79173, 7.89246, 7.99842, 8.11007, 8.22794, 8.35262, 8.48478, 8.62521, 8.77478, 8.93455, 9.10571, 9.2897, 9.48819, 9.70321, 9.9372, 10.1931, 10.4747, 10.7866, 11.1348, 11.5269, 11.9734, 12.4884, 13.0923, 13.8151, 14.7046, 15.8438, 17.4006, 19.7665, 23.558, 27.7542, 26.6959, 16.9582, 6.21087, 1.22329, 0.125144, 0.00652256, 0.000160915, 1.04337e-06
30.9393
58.17
 
MEASUREMENT 179
1.4716, 4.41481, 7.36319, 10.3064, 13.2548, 16.2031, 19.1774, 22.1309, 25.0793, 28.0277, 30.9502, 33.8934
9.15095, 9.33055, 9.8248, 10.4002, 11.1154, 11.0207, 12.222, 13.5865, 15.1196, 19.6832, 14.2793, 0.0580645
0.00921262, 0.0093863, 0.00996025, 0.0107521, 0.0114673, 0.011434, 0.0126361, 0.0139788, 0.0153068, 0.0199118, 0.0144948, 0.00051107
0, 0.589331, 1.17866, 1.76799, 2.35732, 2.94665, 3.53598, 4.12532, 4.71465, 5.30398, 5.89331, 6.48264, 7.07197, 7.6613, 8.25063, 8.83996, 9.42929, 10.0186, 10.608, 11.1973, 11.7866, 12.3759, 12.9653, 13.5546, 14.1439, 14.7333, 15.3226, 15.9119, 16.5013, 17.0906, 17.6799, 18.2693, 18.8586, 19.4479, 20.0372, 20.6266, 21.2159, 21.8052, 22.3946, 22.9839, 23.5732, 24.1626, 24.7519, 25.3412, 25.9306, 26.5199, 27.1092, 27.6985, 28.2879, 28.8772, 29.4665, 30.0559, 30.6452, 31.2345, 31.8239, 32.4132, 33.0025, 33.5919, 34.1812, 34.7705
9.01708, 9.07006, 9.12454, 9.1806, 9.23831, 9.29775, 9.35901, 9.42218, 9.48736, 9.55465, 9.62417, 9.69604, 9.7704, 9.84738, 9.92714, 10.0099, 10.0957, 10.1849, 10.2777, 10.3742, 10.4748, 10.5798, 10.6895, 10.8042, 10.9243, 11.0503, 11.1827, 11.322, 11.469, 11.6242, 11.7886, 11.963, 12.1487, 12.3468, 12.5588, 12.7866, 13.0322, 13.2982, 13.5877, 13.9045, 14.2534, 14.6406, 15.0742, 15.5648, 16.1271, 16.7826, 17.5631, 18.5211, 19.7503, 21.4072, 23.4416, 24.2458, 20.2036, 11.3392, 3.77554, 0.693091, 0.0674177, 0.00339228, 7.85786e-05, 3.10236e-07
9.01708, 9.07908, 9.14296, 9.20881, 9.27674, 9.34684, 9.41925, 9.49407, 9.57144, 9.65151, 9.73443, 9.82036, 9.9095, 10.002, 10.0982, 10.1982, 10.3023, 10.4108, 10.5239, 10.6422, 10.7658, 10.8953, 11.031, 11.1736, 11.3236, 11.4817, 11.6485, 11.825, 12.0121, 12.2109, 12.4226, 12.6488, 12.8911, 13.1515, 13.4325, 13.7369, 14.0681, 14.4304, 14.829, 15.2705, 15.7633, 16.3183, 16.9503, 17.6793, 18.5341, 19.5572, 20.8164, 22.4292, 24.6339, 27.9847, 33.342, 39.242, 37.742, 24.0512, 8.87731, 1.77111, 0.184503, 0.00984542, 0.000251791, 1.67075e-06
30.941
58.16
 
MEASUREMENT 180
1.4716, 4.41481, 7.36319, 10.3064, 13.2548, 16.2031, 19.1774, 22.1309, 25.0793, 28.0277, 30.9502, 33.8934
9.63382, 9.82315, 10.3429, 10.9285, 11.7021, 11.5793, 12.8678, 14.3034, 15.9162, 20.7231, 15.0336, 0.0614553
0.00921262, 0.0093863, 0.00996025, 0.0107521, 0.0114673, 0.011434, 0.0126361, 0.0139788, 0.0153068, 0.0199118, 0.0144948, 0.00051107
0, 0.589331, 1.17866, 1.76799, 2.35732, 2.94665, 3.53598, 4.12532, 4.71465, 5.30398, 5.89331, 6.48264, 7.07197, 7.6613, 8.25063, 8.83996, 9.42929, 10.0186, 10.608, 11.1973, 11.7866, 12.3759, 12.9653, 13.5546, 14.1439, 14.7333, 15.3226, 15.9119, 16.5013, 17.0906, 17.6799, 18.2693, 18.8586, 19.4479, 20.0372, 20.6266, 21.2159, 21.8052, 22.3946, 22.9839, 23.5732, 24.1626, 24.7519, 25.3412, 25.9306, 26.5199, 27.1092, 27.6985, 28.2879, 28.8772, 29.4665, 30.0559, 30.6452, 31.2345, 31.8239, 32.4132, 33.0025, 33.5919, 34.1812, 34.7705
9.48781, 9.54357, 9.60092, 9.65994, 9.72069, 9.78326, 9.84775, 9.91425, 9.98287, 10.0537, 10.1269, 10.2026, 10.2808, 10.3619, 10.4459, 10.5329, 10.6233, 10.7172, 10.8149, 10.9165, 11.0225, 11.133, 11.2484, 11.3692, 11.4957, 11.6284, 11.7678, 11.9145, 12.0692, 12.2327, 12.4057, 12.5894, 12.7849, 12.9935, 13.2168, 13.4567, 13.7153, 13.9954, 14.3003, 14.634, 15.0015, 15.4094, 15.8661, 16.3829, 16.9753, 17.6659, 18.4884, 19.498, 20.7938, 22.5406, 24.6833, 25.5248, 21.2645, 11.9382, 3.98005, 0.732449, 0.0715174, 0.00361731, 8.45397e-05, 3.35316e-07
9.48781, 9.55304, 9.62025, 9.68955, 9.76102, 9.83479, 9.91097, 9.9897, 10.0711, 10.1554, 10.2426, 10.333, 10.4268, 10.5242, 10.6254, 10.7306, 10.8401, 10.9543, 11.0734, 11.1978, 11.3279, 11.4641, 11.607, 11.757, 11.9149, 12.0812, 12.2567, 12.4425, 12.6393, 12.8485, 13.0713, 13.3093, 13.5642, 13.8383, 14.134, 14.4543, 14.8028, 15.1841, 15.6035, 16.0681, 16.5867, 17.1708, 17.8359, 18.6031, 19.5027, 20.5795, 21.9049, 23.6027, 25.9241, 29.4531, 35.0909, 41.2828, 39.682, 25.2871, 9.34324, 1.8684, 0.195355, 0.0104777, 0.000270053, 1.80214e-06
30.9404
58.16
 
MEASUREMENT 181
1.4716, 4.41481, 7.36319, 10.3064, 13.2548, 16.2031, 19.1774, 22.1309, 25.0793, 28.0277, 30.9502, 33.8934
9.39175, 9.57854, 10.085, 10.6665, 11.4115, 11.314, 12.5492, 13.9483, 15.5228, 20.2093, 14.6599, 0.0597183
0.00921262, 0.0093863, 0.00996025, 0.0107521, 0.0114673, 0.011434, 0.0126361, 0.0139788, 0.0153068, 0.0199118, 0.0144948, 0.00051107
0, 0.589331, 1.17866, 1.76799, 2.35732, 2.94665, 3.53598, 4.12532, 4.71465, 5.30398, 5.89331, 6.48264, 7.07197, 7.6613, 8.25063, 8.83996, 9.42929, 10.0186, 10.608, 11.1973, 11.7866, 12.3759, 12.9653, 13.5546, 14.1439, 14.7333, 15.3226, 15.9119, 16.5013, 17.0906, 17.6799, 18.2693, 18.8586, 19.4479, 20.0372, 20.6266, 21.2159, 21.8052, 22.3946, 22.9839, 23.5732, 24.1626, 24.7519, 25.3412, 25.9306, 26.5199, 27.1092, 27.6985, 28.2879, 28.8772, 29.4665, 30.0559, 30.6452, 31.2345, 31.8239, 32.4132, 33.0025, 33.5919, 34.1812, 34.7705
9.25494, 9.30933, 9.36527, 9.42283, 9.48208, 9.54311, 9.60601, 9.67087, 9.73779, 9.80689, 9.87827, 9.95206, 10.0284, 10.1075, 10.1894, 10.2743, 10.3625, 10.454, 10.5493, 10.6484, 10.7517, 10.8595, 10.9721, 11.0899, 11.2133, 11.3427, 11.4786, 11.6217, 11.7726, 11.932, 12.1008, 12.28, 12.4706, 12.6741, 12.8918, 13.1257, 13.378, 13.6512, 13.9485, 14.2739, 14.6323, 15.0301, 15.4755, 15.9794, 16.5572, 17.2306, 18.0327, 19.0171, 20.2805, 21.9838, 24.0736, 24.8954, 20.7387, 11.6382, 3.87653, 0.712342, 0.0694089, 0.0035011, 8.14424e-05, 3.22367e-07
9.25494, 9.31858, 9.38414, 9.45173, 9.52145, 9.59341, 9.66773, 9.74452, 9.82394, 9.90612, 9.99123, 10.0794, 10.1709, 10.2659, 10.3646, 10.4672, 10.5741, 10.6854, 10.8016, 10.9229, 11.0499, 11.1827, 11.3221, 11.4685, 11.6224, 11.7847, 11.9559, 12.1371, 12.3291, 12.5332, 12.7505, 12.9827, 13.2314, 13.4987, 13.7871, 14.0995, 14.4395, 14.8114, 15.2206, 15.6738, 16.1796, 16.7494, 17.3982, 18.1466, 19.0241, 20.0745, 21.3673, 23.0234, 25.2876, 28.7296, 34.23, 40.2753, 38.7157, 24.6638, 9.10532, 1.81821, 0.189717, 0.010148, 0.000260493, 1.73358e-06
30.9403
58.16
 
MEASUREMENT 182
1.4716, 4.41481, 7.36319, 10.3064, 13.2548, 16.2031, 19.1774, 22.1309, 25.0793, 28.0277, 30.9502, 33.8934
9.37992, 9.56276, 10.0712, 10.6499, 11.3943, 11.2747, 12.5295, 13.9277, 15.499, 20.1789, 14.6373, 0.0597916
0.00921262, 0.0093863, 0.00996025, 0.0107521, 0.0114673, 0.011434, 0.0126361, 0.0139788, 0.0153068, 0.0199118, 0.0144948, 0.00051107
0, 0.589331, 1.17866, 1.76799, 2.35732, 2.94665, 3.53598, 4.12532, 4.71465, 5.30398, 5.89331, 6.48264, 7.07197, 7.6613, 8.25063, 8.83996, 9.42929, 10.0186, 10.608, 11.1973, 11.7866, 12.3759, 12.9653, 13.5546, 14.1439, 14.7333, 15.3226, 15.9119, 16.5013, 17.0906, 17.6799, 18.2693, 18.8586, 19.4479, 20.0372, 20.6266, 21.2159, 21.8052, 22.3946, 22.9839, 23.5732, 24.1626, 24.7519, 25.3412, 25.9306, 26.5199, 27.1092, 27.6985, 28.2879, 28.8772, 29.4665, 30.0559, 30.6452, 31.2345, 31.8239, 32.4132, 33.0025, 33.5919, 34.1812, 34.7705
9.23899, 9.2933, 9.34914, 9.40661, 9.46576, 9.5267, 9.58949, 9.65425, 9.72106, 9.79005, 9.86131, 9.93499, 10.0112, 10.0901, 10.1719, 10.2567, 10.3447, 10.4362, 10.5312, 10.6302, 10.7334, 10.841, 10.9534, 11.071, 11.1942, 11.3234, 11.4591, 11.602, 11.7526, 11.9118, 12.0803, 12.2592, 12.4495, 12.6527, 12.8701, 13.1037, 13.3555, 13.6283, 13.9252, 14.2501, 14.6079, 15.0051, 15.4498, 15.953, 16.5299, 17.2024, 18.0033, 18.9864, 20.2481, 21.949, 24.0353, 24.854, 20.7039, 11.6218, 3.87379, 0.712711, 0.0695685, 0.00351745, 8.21544e-05, 3.25789e-07
9.23899, 9.30252, 9.36797, 9.43545, 9.50505, 9.57688, 9.65107, 9.72773, 9.80701, 9.88905, 9.97402, 10.0621, 10.1534, 10.2482, 10.3467, 10.4492, 10.5559, 10.667, 10.783, 10.9041, 11.0308, 11.1635, 11.3026, 11.4487, 11.6024, 11.7644, 11.9353, 12.1162, 12.3079, 12.5116, 12.7286, 12.9603, 13.2086, 13.4755, 13.7634, 14.0753, 14.4147, 14.7859, 15.1944, 15.6468, 16.1518, 16.7206, 17.3683, 18.1154, 18.9914, 20.0401, 21.3308, 22.9842, 25.2448, 28.6815, 34.1721, 40.2015, 38.64, 24.6198, 9.0949, 1.81828, 0.190056, 0.0101898, 0.000262494, 1.75119e-06
30.9403
58.16
 
MEASUREMENT 183
1.4716, 4.41481, 7.36319, 10.3064, 13.2548, 16.2031, 19.1774, 22.1309, 25.0793, 28.0277, 30.9502, 33.8934
9.97748, 10.1749, 10.7138, 11.3314, 12.1096, 12.0062, 13.3292, 14.8144, 16.489, 21.4636, 15.5714, 0.0645922
0.00921262, 0.0093863, 0.00996025, 0.0107521, 0.0114673, 0.011434, 0.0126361, 0.0139788, 0.0153068, 0.0199118, 0.0144948, 0.00051107
0, 0.589331, 1.17866, 1.76799, 2.35732, 2.94665, 3.53598, 4.12532, 4.71465, 5.30398, 5.89331, 6.48264, 7.07197, 7.6613, 8.25063, 8.83996, 9.42929, 10.0186, 10.608, 11.1973, 11.7866, 12.3759, 12.9653, 13.5546, 14.1439, 14.7333, 15.3226, 15.9119, 16.5013, 17.0906, 17.6799, 18.2693, 18.8586, 19.4479, 20.0372, 20.6266, 21.2159, 21.8052, 22.3946, 22.9839, 23.5732, 24.1626, 24.7519, 25.3412, 25.9306, 26.5199, 27.1092, 27.6985, 28.2879, 28.8772, 29.4665, 30.0559, 30.6452, 31.2345, 31.8239, 32.4132, 33.0025, 33.5919, 34.1812, 34.7705
9.82904, 9.8868, 9.94621, 10.0073, 10.0703, 10.1351, 10.2019, 10.2708, 10.3418, 10.4152, 10.491, 10.5694, 10.6505, 10.7344, 10.8214, 10.9116, 11.0052, 11.1025, 11.2037, 11.3089, 11.4187, 11.5331, 11.6527, 11.7778, 11.9088, 12.0462, 12.1906, 12.3426, 12.5028, 12.6722, 12.8514, 13.0417, 13.2441, 13.4602, 13.6915, 13.9399, 14.2078, 14.4979, 14.8137, 15.1593, 15.5399, 15.9624, 16.4354, 16.9706, 17.5842, 18.2995, 19.1513, 20.1971, 21.5392, 23.3479, 25.5618, 26.4212, 22.0108, 12.3757, 4.1414, 0.766983, 0.0755704, 0.00386805, 9.22404e-05, 3.69064e-07
9.82904, 9.89662, 9.96625, 10.038, 10.1121, 10.1885, 10.2674, 10.349, 10.4333, 10.5206, 10.611, 10.7047, 10.8018, 10.9027, 11.0075, 11.1165, 11.23, 11.3482, 11.4716, 11.6005, 11.7353, 11.8764, 12.0244, 12.1798, 12.3433, 12.5156, 12.6975, 12.8899, 13.0939, 13.3105, 13.5414, 13.7879, 14.052, 14.3359, 14.6422, 14.974, 15.3351, 15.7301, 16.1646, 16.6459, 17.1831, 17.7882, 18.4772, 19.2721, 20.2041, 21.3197, 22.6929, 24.4522, 26.8581, 30.5162, 36.3524, 42.7412, 41.0708, 26.205, 9.71727, 1.95536, 0.206295, 0.011196, 0.000293732, 1.98434e-06
30.9408
58.16
 
MEASUREMENT 184
1.4716, 4.41481, 7.36319, 10.3064, 13.2548, 16.2031, 19.1774, 22.1309, 25.0793, 28.0277, 30.9502, 33.8934
9.14653, 9.32792, 9.82054, 10.3861, 11.111, 11.0057, 12.2077, 13.5712, 15.1154, 19.6903, 14.2751, 0.0573197
0.00921262, 0.0093863, 0.00996025, 0.0107521, 0.0114673, 0.011434, 0.0126361, 0.0139788, 0.0153068, 0.0199118, 0.0144948, 0.00051107
0, 0.589331, 1.17866, 1.76799, 2.35732, 2.94665, 3.53598, 4.12532, 4.71465, 5.30398, 5.89331, 6.48264, 7.07197, 7.6613, 8.25063, 8.83996, 9.42929, 10.0186, 10.608, 11.1973, 11.7866, 12.3759, 12.9653, 13.5546, 14.1439, 14.7333, 15.3226, 15.9119, 16.5013, 17.0906, 17.6799, 18.2693, 18.8586, 19.4479, 20.0372, 20.6266, 21.2159, 21.8052, 22.3946, 22.9839, 23.5732, 24.1626, 24.7519, 25.3412, 25.9306, 26.5199, 27.1092, 27.6985, 28.2879, 28.8772, 29.4665, 30.0559, 30.6452, 31.2345, 31.8239, 32.4132, 33.0025, 33.5919, 34.1812, 34.7705
9.00901, 9.06197, 9.11644, 9.17249, 9.23019, 9.28963, 9.35088, 9.41404, 9.47921, 9.54649, 9.61601, 9.68787, 9.76222, 9.8392, 9.91896, 10.0017, 10.0875, 10.1767, 10.2695, 10.366, 10.4666, 10.5716, 10.6813, 10.796, 10.9161, 11.0422, 11.1746, 11.314, 11.4609, 11.6162, 11.7806, 11.9551, 12.1408, 12.3389, 12.5511, 12.7789, 13.0246, 13.2908, 13.5804, 13.8974, 14.2466, 14.6341, 15.068, 15.559, 16.122, 16.7781, 17.5597, 18.5191, 19.7504, 21.4111, 23.452, 24.2605, 20.2045, 11.3188, 3.75606, 0.686087, 0.0662978, 0.00330852, 7.55497e-05, 2.97e-07
9.00901, 9.07095, 9.13478, 9.20057, 9.26844, 9.33849, 9.41083, 9.48559, 9.5629, 9.64291, 9.72576, 9.81162, 9.90069, 9.99315, 10.0892, 10.1891, 10.2931, 10.4015, 10.5146, 10.6328, 10.7563, 10.8857, 11.0213, 11.1638, 11.3137, 11.4716, 11.6384, 11.8147, 12.0017, 12.2003, 12.4119, 12.6379, 12.88, 13.1403, 13.421, 13.7252, 14.0562, 14.4182, 14.8166, 15.2578, 15.7503, 16.305, 16.9366, 17.6652, 18.5195, 19.5422, 20.8009, 22.4132, 24.6173, 27.968, 33.328, 39.2295, 37.7062, 23.9815, 8.82067, 1.75088, 0.181181, 0.00958827, 0.000242177, 1.59491e-06
30.9393
58.16
 
MEASUREMENT 185
1.4716, 4.41481, 7.36319, 10.3064, 13.2548, 16.2031, 19.1774, 22.1309, 25.0793, 28.0277, 30.9502, 33.8934
8.94542, 9.12186, 9.6065, 10.1598, 10.8682, 10.7646, 11.9626, 13.2968, 14.7839, 19.2352, 13.962, 0.057328
0.00921262, 0.0093863, 0.00996025, 0.0107521, 0.0114673, 0.011434, 0.0126361, 0.0139788, 0.0153068, 0.0199118, 0.0144948, 0.00051107
0, 0.589331, 1.17866, 1.76799, 2.35732, 2.94665, 3.53598, 4.12532, 4.71465, 5.30398, 5.89331, 6.48264, 7.07197, 7.6613, 8.25063, 8.83996, 9.42929, 10.0186, 10.608, 11.1973, 11.7866, 12.3759, 12.9653, 13.5546, 14.1439, 14.7333, 15.3226, 15.9119, 16.5013, 17.0906, 17.6799, 18.2693, 18.8586, 19.4479, 20.0372, 20.6266, 21.2159, 21.8052, 22.3946, 22.9839, 23.5732, 24.1626, 24.7519, 25.3412, 25.9306, 26.5199, 27.1092, 27.6985, 28.2879, 28.8772, 29.4665, 30.0559, 30.6452, 31.2345, 31.8239, 32.4132, 33.0025, 33.5919, 34.1812, 34.7705
8.81575, 8.86754, 8.92081, 8.97562, 9.03204, 9.09016, 9.15005, 9.21181, 9.27554, 9.34133, 9.4093, 9.47957, 9.55226, 9.62753, 9.70552, 9.78639, 9.87033, 9.95754, 10.0482, 10.1426, 10.241, 10.3436, 10.4508, 10.563, 10.6804, 10.8036, 10.9331, 11.0693, 11.213, 11.3648, 11.5255, 11.696, 11.8775, 12.0712, 12.2785, 12.5012, 12.7413, 13.0014, 13.2844, 13.5942, 13.9354, 14.314, 14.7379, 15.2175, 15.7674, 16.4083, 17.1715, 18.1083, 19.3103, 20.9303, 22.9169, 23.6972, 19.7471, 11.0943, 3.70315, 0.682629, 0.066794, 0.00338707, 7.95062e-05, 3.15676e-07
8.81575, 8.87636, 8.93881, 9.00319, 9.0696, 9.13814, 9.20893, 9.28208, 9.35772, 9.436, 9.51707, 9.60109, 9.68823, 9.7787, 9.8727, 9.97046, 10.0722, 10.1783, 10.2889, 10.4045, 10.5254, 10.652, 10.7847, 10.9241, 11.0708, 11.2253, 11.3884, 11.561, 11.7439, 11.9382, 12.1452, 12.3663, 12.6032, 12.8578, 13.1325, 13.4301, 13.7539, 14.1081, 14.4978, 14.9294, 15.4112, 15.9539, 16.5717, 17.2845, 18.1202, 19.1205, 20.3517, 21.9287, 24.0847, 27.362, 32.5971, 38.3504, 36.8772, 23.5196, 8.70151, 1.74312, 0.182654, 0.00982209, 0.00025413, 1.69965e-06
30.9413
58.17
 
MEASUREMENT 186
1.4716, 4.41481, 7.36319, 10.3064, 13.2548, 16.2031, 19.1774, 22.1309, 25.0793, 28.0277, 30.9502, 33.8934
8.96983, 9.14848, 9.63416, 10.1872, 10.8985, 10.7936, 11.9865, 13.3207, 14.8254, 19.301, 14.0012, 0.0562543
0.00921262, 0.0093863, 0.00996025, 0.0107521, 0.0114673, 0.011434, 0.0126361, 0.0139788, 0.0153068, 0.0199118, 0.0144948, 0.00051107
0, 0.589331, 1.17866, 1.76799, 2.35732, 2.94665, 3.53598, 4.12532, 4.71465, 5.30398, 5.89331, 6.48264, 7.07197, 7.6613, 8.25063, 8.83996, 9.42929, 10.0186, 10.608, 11.1973, 11.7866, 12.3759, 12.9653, 13.5546, 14.1439, 14.7333, 15.3226, 15.9119, 16.5013, 17.0906, 17.6799, 18.2693, 18.8586, 19.4479, 20.0372, 20.6266, 21.2159, 21.8052, 22.3946, 22.9839, 23.5732, 24.1626, 24.7519, 25.3412, 25.9306, 26.5199, 27.1092, 27.6985, 28.2879, 28.8772, 29.4665, 30.0559, 30.6452, 31.2345, 31.8239, 32.4132, 33.0025, 33.5919, 34.1812, 34.7705
8.83829, 8.89024, 8.94366, 8.99863, 9.05522, 9.1135, 9.17357, 9.23551, 9.29943, 9.36541, 9.43358, 9.50406, 9.57697, 9.65246, 9.73068, 9.81179, 9.89598, 9.98345, 10.0744, 10.1691, 10.2678, 10.3707, 10.4782, 10.5907, 10.7085, 10.8321, 10.962, 11.0986, 11.2427, 11.395, 11.5562, 11.7273, 11.9093, 12.1036, 12.3116, 12.535, 12.7759, 13.0368, 13.3208, 13.6315, 13.9738, 14.3537, 14.779, 15.2603, 15.8121, 16.4552, 17.2211, 18.1611, 19.3674, 20.9941, 22.9941, 23.7898, 19.8192, 11.1072, 3.68669, 0.673397, 0.0650489, 0.00324393, 7.39866e-05, 2.90471e-07
8.83829, 8.89906, 8.96168, 9.02623, 9.09281, 9.16153, 9.2325, 9.30584, 9.38168, 9.46016, 9.54144, 9.62568, 9.71305, 9.80375, 9.89799, 9.99601, 10.098, 10.2044, 10.3153, 10.4312, 10.5524, 10.6793, 10.8124, 10.9522, 11.0992, 11.2541, 11.4177, 11.5907, 11.7741, 11.969, 12.1765, 12.3982, 12.6357, 12.891, 13.1664, 13.4648, 13.7895, 14.1446, 14.5354, 14.9681, 15.4512, 15.9953, 16.6149, 17.3295, 18.1675, 19.1705, 20.4049, 21.986, 24.147, 27.4318, 32.6877, 38.4841, 37.0085, 23.5508, 8.66545, 1.72019, 0.177957, 0.00941162, 0.000237462, 1.56202e-06
30.9401
58.16
 
MEASUREMENT 187
1.4716, 4.41481, 7.36319, 10.3064, 13.2548, 16.2031, 19.1774, 22.1309, 25.0793, 28.0277, 30.9502, 33.8934
9.64271, 9.83453, 10.354, 10.9521, 11.7254, 11.6039, 12.8836, 14.3203, 15.9366, 20.7485, 15.0521, 0.0613049
0.00921262, 0.0093863, 0.00996025, 0.0107521, 0.0114673, 0.011434, 0.0126361, 0.0139788, 0.0153068, 0.0199118, 0.0144948, 0.00051107
0, 0.589331, 1.17866, 1.76799, 2.35732, 2.94665, 3.53598, 4.12532, 4.71465, 5.30398, 5.89331, 6.48264, 7.07197, 7.6613, 8.25063, 8.83996, 9.42929, 10.0186, 10.608, 11.1973, 11.7866, 12.3759, 12.9653, 13.5546, 14.1439, 14.7333, 15.3226, 15.9119, 16.5013, 17.0906, 17.6799, 18.2693, 18.8586, 19.4479, 20.0372, 20.6266, 21.2159, 21.8052, 22.3946, 22.9839, 23.5732, 24.1626, 24.7519, 25.3412, 25.9306, 26.5199, 27.1092, 27.6985, 28.2879, 28.8772, 29.4665, 30.0559, 30.6452, 31.2345, 31.8239, 32.4132, 33.0025, 33.5919, 34.1812, 34.7705
9.5019, 9.55773, 9.61516, 9.67425, 9.73508, 9.79774, 9.86231, 9.9289, 9.99761, 10.0685, 10.1418, 10.2176, 10.296, 10.3771, 10.4612, 10.5484, 10.6389, 10.7329, 10.8307, 10.9325, 11.0385, 11.1492, 11.2648, 11.3857, 11.5123, 11.6452, 11.7848, 11.9317, 12.0866, 12.2502, 12.4235, 12.6074, 12.8031, 13.012, 13.2355, 13.4757, 13.7346, 14.0151, 14.3203, 14.6544, 15.0223, 15.4306, 15.8878, 16.4051, 16.9982, 17.6895, 18.5128, 19.5233, 20.8201, 22.5682, 24.7137, 25.5593, 21.2945, 11.9513, 3.98077, 0.731373, 0.0712384, 0.00359145, 8.34674e-05, 3.30182e-07
9.5019, 9.56723, 9.63454, 9.70393, 9.77551, 9.84939, 9.92569, 10.0045, 10.0861, 10.1704, 10.2578, 10.3484, 10.4423, 10.5398, 10.6411, 10.7465, 10.8562, 10.9705, 11.0898, 11.2144, 11.3447, 11.4811, 11.6242, 11.7745, 11.9325, 12.0991, 12.2749, 12.4609, 12.6581, 12.8675, 13.0907, 13.329, 13.5843, 13.8588, 14.1549, 14.4757, 14.8247, 15.2065, 15.6266, 16.0918, 16.6112, 17.1961, 17.8621, 18.6305, 19.5313, 20.6097, 21.9368, 23.6369, 25.961, 29.4939, 35.1404, 41.35, 39.7556, 25.3299, 9.35142, 1.86708, 0.194752, 0.0104118, 0.000267046, 1.77593e-06
30.9406
58.16
 
MEASUREMENT 188
1.4716, 4.41481, 7.36319, 10.3064, 13.2548, 16.2031, 19.1774, 22.1309, 25.0793, 28.0277, 30.9502, 33.8934
9.04079, 9.21816, 9.70782, 10.2655, 10.9719, 10.8781, 12.0781, 13.4243, 14.9396, 19.4498, 14.1108, 0.0574983
0.00921262, 0.0093863, 0.00996025, 0.0107521, 0.0114673, 0.011434, 0.0126361, 0.0139788, 0.0153068, 0.0199118, 0.0144948, 0.00051107
0, 0.589331, 1.17866, 1.76799, 2.35732, 2.94665, 3.53598, 4.12532, 4.71465, 5.30398, 5.89331, 6.48264, 7.07197, 7.6613, 8.25063, 8.83996, 9.42929, 10.0186, 10.608, 11.1973, 11.7866, 12.3759, 12.9653, 13.5546, 14.1439, 14.7333, 15.3226, 15.9119, 16.5013, 17.0906, 17.6799, 18.2693, 18.8586, 19.4479, 20.0372, 20.6266, 21.2159, 21.8052, 22.3946, 22.9839, 23.5732, 24.1626, 24.7519, 25.3412, 25.9306, 26.5199, 27.1092, 27.6985, 28.2879, 28.8772, 29.4665, 30.0559, 30.6452, 31.2345, 31.8239, 32.4132, 33.0025, 33.5919, 34.1812, 34.7705
8.90543, 8.95777, 9.0116, 9.06699, 9.12402, 9.18275, 9.24329, 9.3057, 9.37011, 9.4366, 9.5053, 9.57632, 9.64979, 9.72586, 9.80468, 9.88642, 9.97126, 10.0594, 10.1511, 10.2465, 10.3459, 10.4496, 10.558, 10.6714, 10.7901, 10.9146, 11.0455, 11.1832, 11.3284, 11.4818, 11.6443, 11.8167, 12.0002, 12.196, 12.4056, 12.6307, 12.8735, 13.1364, 13.4226, 13.7358, 14.0807, 14.4636, 14.8922, 15.3773, 15.9334, 16.5816, 17.3536, 18.3013, 19.5174, 21.1571, 23.1692, 23.9615, 19.9622, 11.2034, 3.73202, 0.685845, 0.0668329, 0.00337147, 7.84394e-05, 3.10523e-07
8.90543, 8.96666, 9.02975, 9.09479, 9.16187, 9.23111, 9.30262, 9.37652, 9.45294, 9.53202, 9.61391, 9.69879, 9.78682, 9.87821, 9.97317, 10.0719, 10.1747, 10.2819, 10.3937, 10.5104, 10.6325, 10.7604, 10.8945, 11.0354, 11.1835, 11.3396, 11.5044, 11.6787, 11.8635, 12.0598, 12.269, 12.4923, 12.7317, 12.9889, 13.2664, 13.567, 13.8942, 14.252, 14.6457, 15.0818, 15.5686, 16.1168, 16.7411, 17.4612, 18.3056, 19.3163, 20.5603, 22.1538, 24.3324, 27.6443, 32.9368, 38.754, 37.2542, 23.7338, 8.76245, 1.74985, 0.182597, 0.00976785, 0.000250763, 1.6689e-06
30.9404
58.17
 
MEASUREMENT 189
1.4716, 4.41481, 7.36319, 10.3064, 13.2548, 16.2031, 19.1774, 22.1309, 25.0793, 28.0277, 30.9502, 33.8934
8.28464, 8.44906, 8.8955, 9.40711, 10.0638, 9.96894, 11.0564, 12.3031, 13.6903, 17.8343, 12.9281, 0.0519566
0.00921262, 0.0093863, 0.00996025, 0.0107521, 0.0114673, 0.011434, 0.0126361, 0.0139788, 0.0153068, 0.0199118, 0.0144948, 0.00051107
0, 0.589331, 1.17866, 1.76799, 2.35732, 2.94665, 3.53598, 4.12532, 4.71465, 5.30398, 5.89331, 6.48264, 7.07197, 7.6613, 8.25063, 8.83996, 9.42929, 10.0186, 10.608, 11.1973, 11.7866, 12.3759, 12.9653, 13.5546, 14.1439, 14.7333, 15.3226, 15.9119, 16.5013, 17.0906, 17.6799, 18.2693, 18.8586, 19.4479, 20.0372, 20.6266, 21.2159, 21.8052, 22.3946, 22.9839, 23.5732, 24.1626, 24.7519, 25.3412, 25.9306, 26.5199, 27.1092, 27.6985, 28.2879, 28.8772, 29.4665, 30.0559, 30.6452, 31.2345, 31.8239, 32.4132, 33.0025, 33.5919, 34.1812, 34.7705
8.16056, 8.20854, 8.25788, 8.30865, 8.36092, 8.41476, 8.47024, 8.52745, 8.58649, 8.64744, 8.71041, 8.7755, 8.84285, 8.91258, 8.98483, 9.05976, 9.13753, 9.21833, 9.30235, 9.38981, 9.48096, 9.57605, 9.67539, 9.77929, 9.88812, 10.0023, 10.1222, 10.2485, 10.3816, 10.5223, 10.6712, 10.8293, 10.9975, 11.177, 11.3691, 11.5756, 11.7981, 12.0392, 12.3016, 12.5888, 12.9051, 13.2561, 13.6492, 14.094, 14.604, 15.1984, 15.9065, 16.7757, 17.8913, 19.3959, 21.2441, 21.9734, 18.2962, 10.2489, 3.40162, 0.621664, 0.0601259, 0.00300437, 6.87567e-05, 2.70609e-07
8.16056, 8.21667, 8.27449, 8.33409, 8.39557, 8.45902, 8.52455, 8.59227, 8.6623, 8.73477, 8.80982, 8.8876, 8.96828, 9.05203, 9.13905, 9.22956, 9.32378, 9.42197, 9.52442, 9.63142, 9.74333, 9.86052, 9.98341, 10.1125, 10.2482, 10.3913, 10.5423, 10.7021, 10.8714, 11.0514, 11.243, 11.4478, 11.6671, 11.9028, 12.1572, 12.4327, 12.7325, 13.0605, 13.4214, 13.821, 14.2672, 14.7697, 15.3419, 16.0019, 16.7759, 17.7024, 18.8427, 20.3034, 22.3005, 25.3369, 30.1928, 35.534, 34.1456, 21.7139, 7.98771, 1.58631, 0.164293, 0.00870559, 0.000220316, 1.45314e-06
30.939
58.16
 
MEASUREMENT 190
1.4716, 4.41481, 7.36319, 10.3064, 13.2548, 16.2031, 19.1774, 22.1309, 25.0793, 28.0277, 30.9502, 33.8934
8.65252, 8.82484, 9.29047, 9.82684, 10.5234, 10.4118, 11.5711, 12.8495, 14.3007, 18.6057, 13.506, 0.0543097
0.00921262, 0.0093863, 0.00996025, 0.0107521, 0.0114673, 0.011434, 0.0126361, 0.0139788, 0.0153068, 0.0199118, 0.0144948, 0.00051107
0, 0.589331, 1.17866, 1.76799, 2.35732, 2.94665, 3.53598, 4.12532, 4.71465, 5.30398, 5.89331, 6.48264, 7.07197, 7.6613, 8.25063, 8.83996, 9.42929, 10.0186, 10.608, 11.1973, 11.7866, 12.3759, 12.9653, 13.5546, 14.1439, 14.7333, 15.3226, 15.9119, 16.5013, 17.0906, 17.6799, 18.2693, 18.8586, 19.4479, 20.0372, 20.6266, 21.2159, 21.8052, 22.3946, 22.9839, 23.5732, 24.1626, 24.7519, 25.3412, 25.9306, 26.5199, 27.1092, 27.6985, 28.2879, 28.8772, 29.4665, 30.0559, 30.6452, 31.2345, 31.8239, 32.4132, 33.0025, 33.5919, 34.1812, 34.7705
8.52776, 8.57786, 8.62938, 8.68239, 8.73696, 8.79317, 8.85109, 8.91083, 8.97246, 9.03609, 9.10183, 9.16979, 9.2401, 9.3129, 9.38832, 9.46654, 9.54772, 9.63206, 9.71977, 9.81107, 9.90621, 10.0055, 10.1092, 10.2176, 10.3312, 10.4503, 10.5755, 10.7073, 10.8462, 10.993, 11.1484, 11.3134, 11.4889, 11.6762, 11.8767, 12.092, 12.3242, 12.5757, 12.8494, 13.1489, 13.4788, 13.8449, 14.2548, 14.7185, 15.2502, 15.8697, 16.6075, 17.5128, 18.6743, 20.2402, 22.1668, 22.9391, 19.1216, 10.723, 3.56044, 0.650266, 0.0627722, 0.00312635, 7.11477e-05, 2.78702e-07
8.52776, 8.5864, 8.64681, 8.70908, 8.77332, 8.83962, 8.9081, 8.97885, 9.05203, 9.12775, 9.20617, 9.28744, 9.37173, 9.45924, 9.55017, 9.64473, 9.74318, 9.84577, 9.95281, 10.0646, 10.1815, 10.304, 10.4324, 10.5672, 10.7091, 10.8586, 11.0163, 11.1833, 11.3602, 11.5482, 11.7484, 11.9623, 12.1914, 12.4377, 12.7034, 12.9912, 13.3044, 13.647, 14.024, 14.4414, 14.9074, 15.4323, 16.0298, 16.7192, 17.5273, 18.4947, 19.685, 21.2095, 23.2926, 26.4579, 31.5252, 37.1289, 35.7355, 22.7611, 8.37964, 1.66353, 0.171999, 0.00908561, 0.000228783, 1.5018e-06
30.9415
58.17
 
MEASUREMENT 191
1.4716, 4.41481, 7.36319, 10.3064, 13.2548, 16.2031, 19.1774, 22.1309, 25.0793, 28.0277, 30.9502, 33.8934
8.93903, 9.11775, 9.60161, 10.152, 10.8509, 10.7586, 11.9334, 13.2778, 14.7756, 19.2477, 13.9555, 0.0563794
0.00921262, 0.0093863, 0.00996025, 0.0107521, 0.0114673, 0.011434, 0.0126361, 0.0139788, 0.0153068, 0.0199118, 0.0144948, 0.00051107
0, 0.589331, 1.17866, 1.76799, 2.35732, 2.94665, 3.53598, 4.12532, 4.71465, 5.30398, 5.89331, 6.48264, 7.07197, 7.6613, 8.25063, 8.83996, 9.42929, 10.0186, 10.608, 11.1973, 11.7866, 12.3759, 12.9653, 13.5546, 14.1439, 14.7333, 15.3226, 15.9119, 16.5013, 17.0906, 17.6799, 18.2693, 18.8586, 19.4479, 20.0372, 20.6266, 21.2159, 21.8052, 22.3946, 22.9839, 23.5732, 24.1626, 24.7519, 25.3412, 25.9306, 26.5199, 27.1092, 27.6985, 28.2879, 28.8772, 29.4665, 30.0559, 30.6452, 31.2345, 31.8239, 32.4132, 33.0025, 33.5919, 34.1812, 34.7705
8.80563, 8.85741, 8.91066, 8.96546, 9.02187, 9.07998, 9.13986, 9.20161, 9.26532, 9.33111, 9.39907, 9.46933, 9.54202, 9.61727, 9.69526, 9.77612, 9.86006, 9.94727, 10.0379, 10.1323, 10.2307, 10.3334, 10.4406, 10.5527, 10.6702, 10.7934, 10.9229, 11.0592, 11.2028, 11.3547, 11.5154, 11.686, 11.8676, 12.0614, 12.2688, 12.4916, 12.7319, 12.9921, 13.2753, 13.5853, 13.9268, 14.3057, 14.7301, 15.2103, 15.7609, 16.4026, 17.1671, 18.1057, 19.3104, 20.9351, 22.9298, 23.7144, 19.7461, 11.067, 3.67799, 0.673692, 0.0653703, 0.00328049, 7.56373e-05, 2.98664e-07
8.80563, 8.86618, 8.92856, 8.99288, 9.05921, 9.12768, 9.19839, 9.27147, 9.34703, 9.42523, 9.50621, 9.59014, 9.6772, 9.76757, 9.86147, 9.95913, 10.0608, 10.1668, 10.2773, 10.3928, 10.5135, 10.64, 10.7726, 10.9118, 11.0584, 11.2127, 11.3757, 11.5481, 11.7308, 11.925, 12.1318, 12.3527, 12.5893, 12.8437, 13.1182, 13.4155, 13.739, 14.0929, 14.4823, 14.9136, 15.395, 15.9373, 16.5547, 17.267, 18.1021, 19.1019, 20.3325, 21.9089, 24.0644, 27.3419, 32.5807, 38.3349, 36.8301, 23.4294, 8.62914, 1.71743, 0.178442, 0.00949545, 0.000241866, 1.60227e-06
30.939
58.16
 
MEASUREMENT 192
1.4716, 4.41481, 7.36319, 10.3064, 13.2548, 16.2031, 19.1774, 22.1309, 25.0793, 28.0277, 30.9502, 33.8934
8.42721, 8.59302, 9.04867, 9.56842, 10.2375, 10.1385, 11.2695, 12.5125, 13.927, 18.1187, 13.1526, 0.0533872
0.00921262, 0.0093863, 0.00996025, 0.0107521, 0.0114673, 0.011434, 0.0126361, 0.0139788, 0.0153068, 0.0199118, 0.0144948, 0.00051107
0, 0.589331, 1.17866, 1.76799, 2.35732, 2.94665, 3.53598, 4.12532, 4.71465, 5.30398, 5.89331, 6.48264, 7.07197, 7.6613, 8.25063, 8.83996, 9.42929, 10.0186, 10.608, 11.1973, 11.7866, 12.3759, 12.9653, 13.5546, 14.1439, 14.7333, 15.3226, 15.9119, 16.5013, 17.0906, 17.6799, 18.2693, 18.8586, 19.4479, 20.0372, 20.6266, 21.2159, 21.8052, 22.3946, 22.9839, 23.5732, 24.1626, 24.7519, 25.3412, 25.9306, 26.5199, 27.1092, 27.6985, 28.2879, 28.8772, 29.4665, 30.0559, 30.6452, 31.2345, 31.8239, 32.4132, 33.0025, 33.5919, 34.1812, 34.7705
8.30352, 8.3523, 8.40247, 8.45409, 8.50723, 8.56197, 8.61838, 8.67655, 8.73657, 8.79853, 8.86255, 8.92873, 8.9972, 9.06809, 9.14154, 9.21771, 9.29677, 9.3789, 9.46431, 9.55322, 9.64587, 9.74253, 9.84351, 9.94912, 10.0597, 10.1758, 10.2977, 10.426, 10.5613, 10.7042, 10.8556, 11.0162, 11.1872, 11.3696, 11.5648, 11.7746, 12.0007, 12.2456, 12.5122, 12.8039, 13.1252, 13.4817, 13.8809, 14.3326, 14.8504, 15.4539, 16.1725, 17.0545, 18.186, 19.7114, 21.5857, 22.331, 18.6132, 10.4472, 3.47711, 0.637672, 0.0619254, 0.0031087, 7.17238e-05, 2.82598e-07
8.30352, 8.36061, 8.41943, 8.48007, 8.54262, 8.60718, 8.67385, 8.74275, 8.814, 8.88773, 8.96408, 9.04322, 9.1253, 9.21051, 9.29904, 9.39112, 9.48698, 9.58688, 9.6911, 9.79996, 9.91381, 10.033, 10.1581, 10.2894, 10.4275, 10.573, 10.7267, 10.8892, 11.0615, 11.2445, 11.4395, 11.6477, 11.8708, 12.1107, 12.3694, 12.6496, 12.9546, 13.2882, 13.6553, 14.0618, 14.5155, 15.0266, 15.6085, 16.2797, 17.0667, 18.0087, 19.168, 20.6527, 22.682, 25.7659, 30.6984, 36.1389, 34.7704, 22.1608, 8.17677, 1.6298, 0.169509, 0.00902461, 0.000229985, 1.52199e-06
30.9415
58.17
 
MEASUREMENT 193
1.4716, 4.41481, 7.36319, 10.3064, 13.2548, 16.2031, 19.1774, 22.1309, 25.0793, 28.0277, 30.9502, 33.8934
8.63316, 8.80461, 9.26964, 9.81699, 10.4992, 10.4004, 11.5335, 12.8209, 14.2679, 18.5738, 13.474, 0.0545591
0.00921262, 0.0093863, 0.00996025, 0.0107521, 0.0114673, 0.011434, 0.0126361, 0.0139788, 0.0153068, 0.0199118, 0.0144948, 0.00051107
0, 0.589331, 1.17866, 1.76799, 2.35732, 2.94665, 3.53598, 4.12532, 4.71465, 5.30398, 5.89331, 6.48264, 7.07197, 7.6613, 8.25063, 8.83996, 9.42929, 10.0186, 10.608, 11.1973, 11.7866, 12.3759, 12.9653, 13.5546, 14.1439, 14.7333, 15.3226, 15.9119, 16.5013, 17.0906, 17.6799, 18.2693, 18.8586, 19.4479, 20.0372, 20.6266, 21.2159, 21.8052, 22.3946, 22.9839, 23.5732, 24.1626, 24.7519, 25.3412, 25.9306, 26.5199, 27.1092, 27.6985, 28.2879, 28.8772, 29.4665, 30.0559, 30.6452, 31.2345, 31.8239, 32.4132, 33.0025, 33.5919, 34.1812, 34.7705
8.50992, 8.55991, 8.61132, 8.66422, 8.71868, 8.77478, 8.83259, 8.8922, 8.95371, 9.01721, 9.08281, 9.15064, 9.2208, 9.29345, 9.36872, 9.44678, 9.5278, 9.61197, 9.6995, 9.79061, 9.88556, 9.98462, 10.0881, 10.1963, 10.3097, 10.4286, 10.5535, 10.685, 10.8237, 10.9702, 11.1253, 11.2899, 11.4651, 11.652, 11.8521, 12.067, 12.2988, 12.5498, 12.823, 13.1219, 13.4512, 13.8166, 14.2256, 14.6885, 15.2192, 15.8376, 16.5741, 17.478, 18.6377, 20.201, 22.1214, 22.8828, 19.0676, 10.697, 3.55788, 0.651941, 0.063249, 0.00317155, 7.30295e-05, 2.87592e-07
8.50992, 8.56843, 8.62871, 8.69086, 8.75497, 8.82113, 8.88946, 8.96007, 9.03309, 9.10866, 9.18691, 9.26802, 9.35214, 9.43947, 9.53021, 9.62458, 9.72282, 9.8252, 9.93202, 10.0436, 10.1603, 10.2825, 10.4106, 10.5452, 10.6867, 10.8359, 10.9934, 11.1599, 11.3365, 11.5241, 11.7239, 11.9374, 12.166, 12.4118, 12.677, 12.9643, 13.2768, 13.6188, 13.9949, 14.4116, 14.8767, 15.4005, 15.9969, 16.6849, 17.4916, 18.4571, 19.6454, 21.1674, 23.2477, 26.4094, 31.4663, 37.0411, 35.6296, 22.6977, 8.36931, 1.66679, 0.173187, 0.00921005, 0.000234322, 1.54937e-06
30.941
58.16
 
MEASUREMENT 194
1.4716, 4.41481, 7.36319, 10.3064, 13.2548, 16.2031, 19.1774, 22.1309, 25.0793, 28.0277, 30.9502, 33.8934
9.06613, 9.24408, 9.73597, 10.284, 11.0033, 10.8985, 12.1132, 13.464, 14.9843, 19.5078, 14.1519, 0.0572296
0.00921262, 0.0093863, 0.00996025, 0.0107521, 0.0114673, 0.011434, 0.0126361, 0.0139788, 0.0153068, 0.0199118, 0.0144948, 0.00051107
0, 0.589331, 1.17866, 1.76799, 2.35732, 2.94665, 3.53598, 4.12532, 4.71465, 5.30398, 5.89331, 6.48264, 7.07197, 7.6613, 8.25063, 8.83996, 9.42929, 10.0186, 10.608, 11.1973, 11.7866, 12.3759, 12.9653, 13.5546, 14.1439, 14.7333, 15.3226, 15.9119, 16.5013, 17.0906, 17.6799, 18.2693, 18.8586, 19.4479, 20.0372, 20.6266, 21.2159, 21.8052, 22.3946, 22.9839, 23.5732, 24.1626, 24.7519, 25.3412, 25.9306, 26.5199, 27.1092, 27.6985, 28.2879, 28.8772, 29.4665, 30.0559, 30.6452, 31.2345, 31.8239, 32.4132, 33.0025, 33.5919, 34.1812, 34.7705
8.92817, 8.98067, 9.03466, 9.09021, 9.1474, 9.20631, 9.26703, 9.32963, 9.39423, 9.46092, 9.52982, 9.60105, 9.67474, 9.75104, 9.8301, 9.91209, 9.99719, 10.0856, 10.1775, 10.2732, 10.373, 10.477, 10.5857, 10.6994, 10.8185, 10.9434, 11.0747, 11.2128, 11.3585, 11.5124, 11.6754, 11.8484, 12.0324, 12.2289, 12.4391, 12.665, 12.9086, 13.1724, 13.4595, 13.7738, 14.1199, 14.5041, 14.9342, 15.421, 15.9791, 16.6296, 17.4045, 18.3558, 19.5767, 21.2233, 23.2455, 24.0435, 20.0253, 11.227, 3.73233, 0.683802, 0.0663597, 0.00333018, 7.67856e-05, 3.03081e-07
8.92817, 8.98956, 9.05281, 9.11802, 9.18528, 9.2547, 9.32639, 9.40048, 9.4771, 9.55638, 9.63849, 9.72358, 9.81185, 9.90348, 9.99868, 10.0977, 10.2008, 10.3082, 10.4203, 10.5373, 10.6598, 10.788, 10.9224, 11.0636, 11.2122, 11.3687, 11.5339, 11.7087, 11.894, 12.0908, 12.3005, 12.5245, 12.7644, 13.0223, 13.3006, 13.602, 13.93, 14.2888, 14.6836, 15.1208, 15.6089, 16.1586, 16.7846, 17.5067, 18.3533, 19.3669, 20.6143, 22.2123, 24.3971, 27.7187, 33.0287, 38.8664, 37.3517, 23.7701, 8.75765, 1.74346, 0.181174, 0.00964109, 0.000245573, 1.62637e-06
30.9395
58.16
 
MEASUREMENT 195
1.4716, 4.41481, 7.36319, 10.3064, 13.2548, 16.2031, 19.1774, 22.1309, 25.0793, 28.0277, 30.9502, 33.8934
8.68736, 8.86026, 9.32949, 9.87014, 10.5674, 10.4544, 11.6085, 12.902, 14.3588, 18.6925, 13.5593, 0.0556569
0.00921262, 0.0093863, 0.00996025, 0.0107521, 0.0114673, 0.011434, 0.0126361, 0.0139788, 0.0153068, 0.0199118, 0.0144948, 0.00051107
0, 0.589331, 1.17866, 1.76799, 2.35732, 2.94665, 3.53598, 4.12532, 4.71465, 5.30398, 5.89331, 6.48264, 7.07197, 7.6613, 8.25063, 8.83996, 9.42929, 10.0186, 10.608, 11.1973, 11.7866, 12.3759, 12.9653, 13.5546, 14.1439, 14.7333, 15.3226, 15.9119, 16.5013, 17.0906, 17.6799, 18.2693, 18.8586, 19.4479, 20.0372, 20.6266, 21.2159, 21.8052, 22.3946, 22.9839, 23.5732, 24.1626, 24.7519, 25.3412, 25.9306, 26.5199, 27.1092, 27.6985, 28.2879, 28.8772, 29.4665, 30.0559, 30.6452, 31.2345, 31.8239, 32.4132, 33.0025, 33.5919, 34.1812, 34.7705
8.56173, 8.61204, 8.66378, 8.71702, 8.77182, 8.82827, 8.88645, 8.94644, 9.00834, 9.07224, 9.13826, 9.20652, 9.27713, 9.35024, 9.42599, 9.50455, 9.58609, 9.67079, 9.75888, 9.85057, 9.94613, 10.0458, 10.15, 10.2589, 10.373, 10.4927, 10.6184, 10.7507, 10.8903, 11.0377, 11.1938, 11.3595, 11.5358, 11.724, 11.9254, 12.1417, 12.375, 12.6276, 12.9026, 13.2035, 13.535, 13.9028, 14.3146, 14.7806, 15.3149, 15.9376, 16.6792, 17.5895, 18.7576, 20.3321, 22.262, 23.0172, 19.1755, 10.7703, 3.59456, 0.662666, 0.0648621, 0.00329109, 7.73319e-05, 3.07324e-07
8.56173, 8.6206, 8.68125, 8.74378, 8.80828, 8.87485, 8.94359, 9.01464, 9.0881, 9.16413, 9.24286, 9.32446, 9.4091, 9.49696, 9.58825, 9.6832, 9.78204, 9.88505, 9.99252, 10.1048, 10.2222, 10.3451, 10.474, 10.6094, 10.7519, 10.9019, 11.0604, 11.228, 11.4056, 11.5943, 11.7954, 12.0101, 12.2402, 12.4875, 12.7543, 13.0433, 13.3579, 13.7019, 14.0804, 14.4996, 14.9675, 15.4946, 16.0948, 16.7871, 17.5988, 18.5705, 19.7664, 21.2985, 23.3932, 26.5777, 31.6635, 37.2464, 35.8034, 22.8267, 8.44349, 1.69148, 0.177296, 0.00953942, 0.000247045, 1.65382e-06
30.9408
58.16
 
MEASUREMENT 196
1.4716, 4.41481, 7.36319, 10.3064, 13.2548, 16.2031, 19.1774, 22.1309, 25.0793, 28.0277, 30.9502, 33.8934
8.73256, 8.90744, 9.37898, 9.91869, 10.6111, 10.5104, 11.6679, 12.9699, 14.4344, 18.7911, 13.632, 0.0548127
0.00921262, 0.0093863, 0.00996025, 0.0107521, 0.0114673, 0.011434, 0.0126361, 0.0139788, 0.0153068, 0.0199118, 0.0144948, 0.00051107
0, 0.589331, 1.17866, 1.76799, 2.35732, 2.94665, 3.53598, 4.12532, 4.71465, 5.30398, 5.89331, 6.48264, 7.07197, 7.6613, 8.25063, 8.83996, 9.42929, 10.0186, 10.608, 11.1973, 11.7866, 12.3759, 12.9653, 13.5546, 14.1439, 14.7333, 15.3226, 15.9119, 16.5013, 17.0906, 17.6799, 18.2693, 18.8586, 19.4479, 20.0372, 20.6266, 21.2159, 21.8052, 22.3946, 22.9839, 23.5732, 24.1626, 24.7519, 25.3412, 25.9306, 26.5199, 27.1092, 27.6985, 28.2879, 28.8772, 29.4665, 30.0559, 30.6452, 31.2345, 31.8239, 32.4132, 33.0025, 33.5919, 34.1812, 34.7705
8.605, 8.65557, 8.70758, 8.7611, 8.81619, 8.87294, 8.93143, 8.99173, 9.05396, 9.1182, 9.18457, 9.25319, 9.32417, 9.39767, 9.47383, 9.5528, 9.63477, 9.71993, 9.80848, 9.90066, 9.99673, 10.097, 10.2016, 10.3112, 10.4259, 10.5462, 10.6726, 10.8056, 10.9459, 11.0942, 11.2511, 11.4177, 11.595, 11.7841, 11.9866, 12.2041, 12.4387, 12.6927, 12.9691, 13.2717, 13.6049, 13.9748, 14.3889, 14.8575, 15.3947, 16.0208, 16.7664, 17.6817, 18.8561, 20.4398, 22.3869, 23.1614, 19.2962, 10.8152, 3.5905, 0.656028, 0.0633975, 0.00316325, 7.22133e-05, 2.83603e-07
8.605, 8.66417, 8.72513, 8.78797, 8.85279, 8.9197, 8.9888, 9.0602, 9.13404, 9.21045, 9.28958, 9.3716, 9.45666, 9.54497, 9.63673, 9.73215, 9.8315, 9.93503, 10.043, 10.1559, 10.2739, 10.3974, 10.527, 10.6631, 10.8062, 10.9571, 11.1163, 11.2848, 11.4633, 11.653, 11.8551, 12.0709, 12.3022, 12.5507, 12.8189, 13.1094, 13.4255, 13.7712, 14.1517, 14.573, 15.0433, 15.5731, 16.1763, 16.8721, 17.6879, 18.6644, 19.8662, 21.4055, 23.5095, 26.7075, 31.8243, 37.4671, 36.0311, 22.9309, 8.43902, 1.67575, 0.173431, 0.00917711, 0.00023173, 1.52508e-06
30.9402
58.16
 
MEASUREMENT 197
1.4716, 4.41481, 7.36319, 10.3064, 13.2548, 16.2031, 19.1774, 22.1309, 25.0793, 28.0277, 30.9502, 33.8934
8.76891, 8.94389, 9.41671, 9.95799, 10.6527, 10.5515, 11.7148, 13.0219, 14.4908, 18.8649, 13.6876, 0.0551019
0.00921262, 0.0093863, 0.00996025, 0.0107521, 0.0114673, 0.011434, 0.0126361, 0.0139788, 0.0153068, 0.0199118, 0.0144948, 0.00051107
0, 0.589331, 1.17866, 1.76799, 2.35732, 2.94665, 3.53598, 4.12532, 4.71465, 5.30398, 5.89331, 6.48264, 7.07197, 7.6613, 8.25063, 8.83996, 9.42929, 10.0186, 10.608, 11.1973, 11.7866, 12.3759, 12.9653, 13.5546, 14.1439, 14.7333, 15.3226, 15.9119, 16.5013, 17.0906, 17.6799, 18.2693, 18.8586, 19.4479, 20.0372, 20.6266, 21.2159, 21.8052, 22.3946, 22.9839, 23.5732, 24.1626, 24.7519, 25.3412, 25.9306, 26.5199, 27.1092, 27.6985, 28.2879, 28.8772, 29.4665, 30.0559, 30.6452, 31.2345, 31.8239, 32.4132, 33.0025, 33.5919, 34.1812, 34.7705
8.63974, 8.69051, 8.74272, 8.79645, 8.85176, 8.90873, 8.96744, 9.02799, 9.09045, 9.15495, 9.22158, 9.29046, 9.36173, 9.43551, 9.51196, 9.59125, 9.67354, 9.75902, 9.84792, 9.94047, 10.0369, 10.1375, 10.2426, 10.3526, 10.4677, 10.5885, 10.7154, 10.849, 10.9898, 11.1386, 11.2962, 11.4634, 11.6413, 11.8312, 12.0345, 12.2528, 12.4882, 12.7432, 13.0207, 13.3244, 13.659, 14.0302, 14.4458, 14.9162, 15.4554, 16.0838, 16.8322, 17.7507, 18.9293, 20.5185, 22.4727, 23.2516, 19.3753, 10.8628, 3.60757, 0.65939, 0.0637452, 0.00318169, 7.26785e-05, 2.85391e-07
8.63974, 8.69914, 8.76034, 8.82344, 8.88853, 8.9557, 9.02507, 9.09676, 9.1709, 9.24762, 9.32707, 9.40941, 9.49482, 9.58348, 9.6756, 9.77142, 9.87116, 9.97511, 10.0836, 10.1968, 10.3153, 10.4394, 10.5694, 10.7061, 10.8498, 11.0012, 11.1611, 11.3302, 11.5095, 11.7, 11.9028, 12.1195, 12.3517, 12.6013, 12.8705, 13.1621, 13.4795, 13.8266, 14.2086, 14.6316, 15.1038, 15.6356, 16.2412, 16.9397, 17.7587, 18.739, 19.9455, 21.4907, 23.6026, 26.8123, 31.9484, 37.6159, 36.183, 23.0357, 8.48094, 1.68475, 0.174429, 0.00923321, 0.000233265, 1.53533e-06
30.9406
58.17
 
MEASUREMENT 198
1.4716, 4.41481, 7.36319, 10.3064, 13.2548, 16.2031, 19.1774, 22.1309, 25.0793, 28.0277, 30.9502, 33.8934
8.76008, 8.93496, 9.4069, 9.94968, 10.6315, 10.541, 11.7032, 13.0106, 14.4779, 18.8485, 13.6727, 0.0552832
0.00921262, 0.0093863, 0.00996025, 0.0107521, 0.0114673, 0.011434, 0.0126361, 0.0139788, 0.0153068, 0.0199118, 0.0144948, 0.00051107
0, 0.589331, 1.17866, 1.76799, 2.35732, 2.94665, 3.53598, 4.12532, 4.71465, 5.30398, 5.89331, 6.48264, 7.07197, 7.6613, 8.25063, 8.83996, 9.42929, 10.0186, 10.608, 11.1973, 11.7866, 12.3759, 12.9653, 13.5546, 14.1439, 14.7333, 15.3226, 15.9119, 16.5013, 17.0906, 17.6799, 18.2693, 18.8586, 19.4479, 20.0372, 20.6266, 21.2159, 21.8052, 22.3946, 22.9839, 23.5732, 24.1626, 24.7519, 25.3412, 25.9306, 26.5199, 27.1092, 27.6985, 28.2879, 28.8772, 29.4665, 30.0559, 30.6452, 31.2345, 31.8239, 32.4132, 33.0025, 33.5919, 34.1812, 34.7705
8.63001, 8.68073, 8.7329, 8.78658, 8.84184, 8.89876, 8.95742, 9.01791, 9.08032, 9.14476, 9.21133, 9.28015, 9.35136, 9.42508, 9.50146, 9.58067, 9.66289, 9.74831, 9.83713, 9.9296, 10.026, 10.1265, 10.2315, 10.3413, 10.4564, 10.5771, 10.7039, 10.8373, 10.9781, 11.1268, 11.2842, 11.4513, 11.6291, 11.8188, 12.022, 12.2401, 12.4754, 12.7302, 13.0075, 13.3111, 13.6454, 14.0164, 14.4318, 14.9019, 15.4408, 16.069, 16.8171, 17.7354, 18.9139, 20.503, 22.4549, 23.2267, 19.3481, 10.8492, 3.60681, 0.660667, 0.0640831, 0.00321338, 7.39918e-05, 2.91692e-07
8.63001, 8.68935, 8.75048, 8.81351, 8.87853, 8.94563, 9.01492, 9.08654, 9.16059, 9.23723, 9.31659, 9.39884, 9.48415, 9.57272, 9.66474, 9.76045, 9.86008, 9.96392, 10.0722, 10.1854, 10.3037, 10.4277, 10.5576, 10.6941, 10.8377, 10.9889, 11.1487, 11.3176, 11.4967, 11.6869, 11.8896, 12.1061, 12.338, 12.5873, 12.8562, 13.1476, 13.4646, 13.8114, 14.1929, 14.6155, 15.0872, 15.6186, 16.2235, 16.9214, 17.7397, 18.7192, 19.9247, 21.4688, 23.5798, 26.7888, 31.92, 37.5677, 36.1162, 22.9916, 8.47215, 1.68643, 0.175175, 0.00931505, 0.000236989, 1.5678e-06
30.94
58.16
 
MEASUREMENT 199
1.4716, 4.41481, 7.36319, 10.3064, 13.2548, 16.2031, 19.1774, 22.1309, 25.0793, 28.0277, 30.9502, 33.8934
8.83652, 9.01302, 9.48986, 10.0382, 10.7494, 10.6461, 11.8084, 13.1245, 14.6083, 19.0173, 13.7957, 0.0554374
0.00921262, 0.0093863, 0.00996025, 0.0107521, 0.0114673, 0.011434, 0.0126361, 0.0139788, 0.0153068, 0.0199118, 0.0144948, 0.00051107
0, 0.589331, 1.17866, 1.76799, 2.35732, 2.94665, 3.53598, 4.12532, 4.71465, 5.30398, 5.89331, 6.48264, 7.07197, 7.6613, 8.25063, 8.83996, 9.42929, 10.0186, 10.608, 11.1973, 11.7866, 12.3759, 12.9653, 13.5546, 14.1439, 14.7333, 15.3226, 15.9119, 16.5013, 17.0906, 17.6799, 18.2693, 18.8586, 19.4479, 20.0372, 20.6266, 21.2159, 21.8052, 22.3946, 22.9839, 23.5732, 24.1626, 24.7519, 25.3412, 25.9306, 26.5199, 27.1092, 27.6985, 28.2879, 28.8772, 29.4665, 30.0559, 30.6452, 31.2345, 31.8239, 32.4132, 33.0025, 33.5919, 34.1812, 34.7705
8.70983, 8.76102, 8.81366, 8.86782, 8.92358, 8.98102, 9.04021, 9.10125, 9.16422, 9.22924, 9.29642, 9.36586, 9.43771, 9.51209, 9.58917, 9.6691, 9.75206, 9.83824, 9.92787, 10.0212, 10.1184, 10.2198, 10.3258, 10.4366, 10.5527, 10.6745, 10.8024, 10.9371, 11.0791, 11.2291, 11.3879, 11.5565, 11.7359, 11.9274, 12.1323, 12.3524, 12.5898, 12.8469, 13.1266, 13.4328, 13.7701, 14.1444, 14.5634, 15.0376, 15.5813, 16.2149, 16.9695, 17.8957, 19.0841, 20.6867, 22.6569, 23.4405, 19.5283, 10.9444, 3.63283, 0.663594, 0.0641059, 0.00319711, 7.29271e-05, 2.86294e-07
8.70983, 8.76972, 8.83142, 8.89503, 8.96065, 9.02837, 9.0983, 9.17058, 9.24532, 9.32266, 9.40276, 9.48577, 9.57187, 9.66125, 9.75413, 9.85072, 9.95127, 10.0561, 10.1654, 10.2796, 10.399, 10.5241, 10.6552, 10.793, 10.9379, 11.0906, 11.2517, 11.4222, 11.603, 11.795, 11.9995, 12.218, 12.452, 12.7036, 12.975, 13.2691, 13.589, 13.939, 14.3241, 14.7506, 15.2266, 15.7628, 16.3733, 17.0776, 17.9033, 18.8917, 20.1082, 21.6662, 23.7958, 27.0326, 32.2119, 37.9244, 36.4715, 23.2103, 8.54071, 1.69555, 0.17542, 0.00927816, 0.00023412, 1.5401e-06
30.9402
58.16
 
MEASUREMENT 200
1.4716, 4.41481, 7.36319, 10.3064, 13.2548, 16.2031, 19.1774, 22.1309, 25.0793, 28.0277, 30.9502, 33.8934
8.65064, 8.82133, 9.28881, 9.82375, 10.4982, 10.3977, 11.557, 12.8463, 14.297, 18.6116, 13.5015, 0.0544103
0.00921262, 0.0093863, 0.00996025, 0.0107521, 0.0114673, 0.011434, 0.0126361, 0.0139788, 0.0153068, 0.0199118, 0.0144948, 0.00051107
0, 0.589331, 1.17866, 1.76799, 2.35732, 2.94665, 3.53598, 4.12532, 4.71465, 5.30398, 5.89331, 6.48264, 7.07197, 7.6613, 8.25063, 8.83996, 9.42929, 10.0186, 10.608, 11.1973, 11.7866, 12.3759, 12.9653, 13.5546, 14.1439, 14.7333, 15.3226, 15.9119, 16.5013, 17.0906, 17.6799, 18.2693, 18.8586, 19.4479, 20.0372, 20.6266, 21.2159, 21.8052, 22.3946, 22.9839, 23.5732, 24.1626, 24.7519, 25.3412, 25.9306, 26.5199, 27.1092, 27.6985, 28.2879, 28.8772, 29.4665, 30.0559, 30.6452, 31.2345, 31.8239, 32.4132, 33.0025, 33.5919, 34.1812, 34.7705
8.52029, 8.57037, 8.62189, 8.67489, 8.72945, 8.78566, 8.84358, 8.90331, 8.96493, 9.02856, 9.09429, 9.16225, 9.23256, 9.30535, 9.38077, 9.45899, 9.54018, 9.62452, 9.71223, 9.80353, 9.89868, 9.99795, 10.1016, 10.2101, 10.3237, 10.4429, 10.5681, 10.6999, 10.8388, 10.9857, 11.1411, 11.3061, 11.4817, 11.6691, 11.8697, 12.0851, 12.3174, 12.5691, 12.8429, 13.1427, 13.4728, 13.8392, 14.2494, 14.7137, 15.2459, 15.8663, 16.6051, 17.5121, 18.676, 20.2457, 22.1746, 22.9393, 19.1087, 10.7111, 3.55784, 0.650772, 0.0629968, 0.00315065, 7.22188e-05, 2.8422e-07
8.52029, 8.57887, 8.63923, 8.70146, 8.76565, 8.83189, 8.90031, 8.97101, 9.04413, 9.11979, 9.19814, 9.27935, 9.36358, 9.45102, 9.54187, 9.63636, 9.73473, 9.83725, 9.9442, 10.0559, 10.1728, 10.2951, 10.4234, 10.5582, 10.6999, 10.8493, 11.0069, 11.1737, 11.3505, 11.5384, 11.7385, 11.9522, 12.1812, 12.4273, 12.6928, 12.9804, 13.2935, 13.6358, 14.0125, 14.4298, 14.8955, 15.4201, 16.0174, 16.7064, 17.5143, 18.4813, 19.6715, 21.196, 23.2801, 26.448, 31.5151, 37.0954, 35.663, 22.6954, 8.35588, 1.66093, 0.172179, 0.00913182, 0.000231406, 1.52688e-06
30.9399
58.16
 
MEASUREMENT 201
1.4716, 4.41481, 7.36319, 10.3064, 13.2548, 16.2031, 19.1774, 22.1309, 25.0793, 28.0277, 30.9502, 33.8934
8.42307, 8.5933, 9.04842, 9.5687, 10.2477, 10.15, 11.2574, 12.5131, 13.927, 18.1299, 13.1521, 0.0526843
0.00921262, 0.0093863, 0.00996025, 0.0107521, 0.0114673, 0.011434, 0.0126361, 0.0139788, 0.0153068, 0.0199118, 0.0144948, 0.00051107
0, 0.589331, 1.17866, 1.76799, 2.35732, 2.94665, 3.53598, 4.12532, 4.71465, 5.30398, 5.89331, 6.48264, 7.07197, 7.6613, 8.25063, 8.83996, 9.42929, 10.0186, 10.608, 11.1973, 11.7866, 12.3759, 12.9653, 13.5546, 14.1439, 14.7333, 15.3226, 15.9119, 16.5013, 17.0906, 17.6799, 18.2693, 18.8586, 19.4479, 20.0372, 20.6266, 21.2159, 21.8052, 22.3946, 22.9839, 23.5732, 24.1626, 24.7519, 25.3412, 25.9306, 26.5199, 27.1092, 27.6985, 28.2879, 28.8772, 29.4665, 30.0559, 30.6452, 31.2345, 31.8239, 32.4132, 33.0025, 33.5919, 34.1812, 34.7705
8.30351, 8.35231, 8.40249, 8.45413, 8.50729, 8.56205, 8.61848, 8.67667, 8.73671, 8.7987, 8.86274, 8.92894, 8.99744, 9.06836, 9.14184, 9.21804, 9.29713, 9.3793, 9.46474, 9.55369, 9.64638, 9.74309, 9.8441, 9.94977, 10.0604, 10.1765, 10.2985, 10.4269, 10.5623, 10.7053, 10.8567, 11.0174, 11.1885, 11.371, 11.5664, 11.7762, 12.0025, 12.2476, 12.5143, 12.8063, 13.1278, 13.4846, 13.8842, 14.3363, 14.8545, 15.4586, 16.178, 17.061, 18.194, 19.7219, 21.6011, 22.3502, 18.6198, 10.4319, 3.45986, 0.631137, 0.0608518, 0.00302707, 6.87411e-05, 2.69388e-07
8.30351, 8.3606, 8.41943, 8.48007, 8.54262, 8.60718, 8.67386, 8.74276, 8.81402, 8.88775, 8.96411, 9.04325, 9.12533, 9.21055, 9.29909, 9.39118, 9.48704, 9.58695, 9.69118, 9.80005, 9.91391, 10.0331, 10.1582, 10.2895, 10.4276, 10.5732, 10.7268, 10.8894, 11.0617, 11.2447, 11.4397, 11.648, 11.8712, 12.111, 12.3698, 12.6501, 12.9551, 13.2888, 13.6559, 14.0625, 14.5163, 15.0275, 15.6095, 16.2809, 17.0681, 18.0104, 19.1701, 20.6554, 22.6854, 25.7709, 30.7094, 36.1599, 34.7768, 22.1257, 8.13528, 1.61289, 0.166546, 0.00878646, 0.000220853, 1.44912e-06
30.9401
58.16
 
MEASUREMENT 202
1.4716, 4.41481, 7.36319, 10.3064, 13.2548, 16.2031, 19.1774, 22.1309, 25.0793, 28.0277, 30.9502, 33.8934
8.53437, 8.70339, 9.16399, 9.70456, 10.3679, 10.2705, 11.4016, 12.6757, 14.1057, 18.3645, 13.3215, 0.0537847
0.00921262, 0.0093863, 0.00996025, 0.0107521, 0.0114673, 0.011434, 0.0126361, 0.0139788, 0.0153068, 0.0199118, 0.0144948, 0.00051107
0, 0.589331, 1.17866, 1.76799, 2.35732, 2.94665, 3.53598, 4.12532, 4.71465, 5.30398, 5.89331, 6.48264, 7.07197, 7.6613, 8.25063, 8.83996, 9.42929, 10.0186, 10.608, 11.1973, 11.7866, 12.3759, 12.9653, 13.5546, 14.1439, 14.7333, 15.3226, 15.9119, 16.5013, 17.0906, 17.6799, 18.2693, 18.8586, 19.4479, 20.0372, 20.6266, 21.2159, 21.8052, 22.3946, 22.9839, 23.5732, 24.1626, 24.7519, 25.3412, 25.9306, 26.5199, 27.1092, 27.6985, 28.2879, 28.8772, 29.4665, 30.0559, 30.6452, 31.2345, 31.8239, 32.4132, 33.0025, 33.5919, 34.1812, 34.7705
8.40999, 8.45941, 8.51024, 8.56254, 8.61638, 8.67184, 8.72899, 8.78793, 8.84874, 8.91152, 8.97638, 9.04344, 9.11281, 9.18463, 9.25906, 9.33623, 9.41634, 9.49956, 9.5861, 9.67618, 9.77006, 9.868, 9.97032, 10.0773, 10.1894, 10.307, 10.4305, 10.5606, 10.6977, 10.8425, 10.9959, 11.1587, 11.3319, 11.5167, 11.7146, 11.9272, 12.1564, 12.4046, 12.6747, 12.9704, 13.2961, 13.6575, 14.0621, 14.52, 15.0449, 15.6567, 16.3854, 17.2797, 18.4273, 19.9747, 21.8759, 22.6296, 18.8532, 10.5714, 3.51326, 0.64306, 0.0623021, 0.00311896, 7.16146e-05, 2.81885e-07
8.40999, 8.46781, 8.52739, 8.58881, 8.65217, 8.71756, 8.78509, 8.85487, 8.92704, 9.00172, 9.07906, 9.15921, 9.24235, 9.32865, 9.41833, 9.51159, 9.60869, 9.70987, 9.81544, 9.92571, 10.041, 10.1618, 10.2884, 10.4214, 10.5613, 10.7087, 10.8644, 11.029, 11.2035, 11.3889, 11.5864, 11.7973, 12.0233, 12.2663, 12.5283, 12.8122, 13.1212, 13.4591, 13.8309, 14.2427, 14.7024, 15.2201, 15.8096, 16.4896, 17.2869, 18.2413, 19.4159, 20.9204, 22.977, 26.1029, 31.1027, 36.6116, 35.2059, 22.4141, 8.25731, 1.64256, 0.170426, 0.00904803, 0.000229627, 1.51629e-06
30.9403
58.16
 
MEASUREMENT 203
1.4716, 4.41481, 7.36319, 10.3064, 13.2548, 16.2031, 19.1774, 22.1309, 25.0793, 28.0277, 30.9502, 33.8934
8.6546, 8.82799, 9.29651, 9.82881, 10.5167, 10.4168, 11.5662, 12.8535, 14.3059, 18.6241, 13.5094, 0.055223
0.00921262, 0.0093863, 0.00996025, 0.0107521, 0.0114673, 0.011434, 0.0126361, 0.0139788, 0.0153068, 0.0199118, 0.0144948, 0.00051107
0, 0.589331, 1.17866, 1.76799, 2.35732, 2.94665, 3.53598, 4.12532, 4.71465, 5.30398, 5.89331, 6.48264, 7.07197, 7.6613, 8.25063, 8.83996, 9.42929, 10.0186, 10.608, 11.1973, 11.7866, 12.3759, 12.9653, 13.5546, 14.1439, 14.7333, 15.3226, 15.9119, 16.5013, 17.0906, 17.6799, 18.2693, 18.8586, 19.4479, 20.0372, 20.6266, 21.2159, 21.8052, 22.3946, 22.9839, 23.5732, 24.1626, 24.7519, 25.3412, 25.9306, 26.5199, 27.1092, 27.6985, 28.2879, 28.8772, 29.4665, 30.0559, 30.6452, 31.2345, 31.8239, 32.4132, 33.0025, 33.5919, 34.1812, 34.7705
8.52842, 8.57854, 8.63009, 8.68313, 8.73773, 8.79397, 8.85194, 8.91171, 8.97338, 9.03705, 9.10283, 9.17083, 9.24119, 9.31403, 9.3895, 9.46777, 9.54901, 9.63341, 9.72118, 9.81254, 9.90775, 10.0071, 10.1108, 10.2194, 10.3331, 10.4523, 10.5776, 10.7095, 10.8485, 10.9954, 11.151, 11.3161, 11.4918, 11.6792, 11.8799, 12.0955, 12.328, 12.5797, 12.8537, 13.1536, 13.4839, 13.8505, 14.2609, 14.7253, 15.2578, 15.8784, 16.6176, 17.5249, 18.6893, 20.259, 22.184, 22.9385, 19.1077, 10.7264, 3.57597, 0.658124, 0.0642698, 0.00325152, 7.60222e-05, 3.01589e-07
8.52842, 8.58705, 8.64747, 8.70976, 8.774, 8.84031, 8.9088, 8.97956, 9.05275, 9.12848, 9.20691, 9.28819, 9.3725, 9.46002, 9.55096, 9.64554, 9.744, 9.84661, 9.95366, 10.0655, 10.1824, 10.3049, 10.4333, 10.5682, 10.7101, 10.8596, 11.0174, 11.1843, 11.3613, 11.5493, 11.7496, 11.9635, 12.1927, 12.439, 12.7048, 12.9927, 13.306, 13.6487, 14.0258, 14.4434, 14.9096, 15.4346, 16.0325, 16.7222, 17.5308, 18.4988, 19.6902, 21.2165, 23.3033, 26.4758, 31.5439, 37.1084, 35.6664, 22.7266, 8.39707, 1.67931, 0.175612, 0.00942116, 0.000242918, 1.62161e-06
30.9403
58.16
 
MEASUREMENT 204
1.4716, 4.41481, 7.36319, 10.3064, 13.2548, 16.2031, 19.1774, 22.1309, 25.0793, 28.0277, 30.9502, 33.8934
8.62732, 8.7972, 9.26315, 9.7859, 10.4811, 10.3817, 11.5268, 12.8131, 14.2588, 18.5637, 13.4648, 0.0534962
0.00921262, 0.0093863, 0.00996025, 0.0107521, 0.0114673, 0.011434, 0.0126361, 0.0139788, 0.0153068, 0.0199118, 0.0144948, 0.00051107
0, 0.589331, 1.17866, 1.76799, 2.35732, 2.94665, 3.53598, 4.12532, 4.71465, 5.30398, 5.89331, 6.48264, 7.07197, 7.6613, 8.25063, 8.83996, 9.42929, 10.0186, 10.608, 11.1973, 11.7866, 12.3759, 12.9653, 13.5546, 14.1439, 14.7333, 15.3226, 15.9119, 16.5013, 17.0906, 17.6799, 18.2693, 18.8586, 19.4479, 20.0372, 20.6266, 21.2159, 21.8052, 22.3946, 22.9839, 23.5732, 24.1626, 24.7519, 25.3412, 25.9306, 26.5199, 27.1092, 27.6985, 28.2879, 28.8772, 29.4665, 30.0559, 30.6452, 31.2345, 31.8239, 32.4132, 33.0025, 33.5919, 34.1812, 34.7705
8.49812, 8.54808, 8.59946, 8.65233, 8.70676, 8.76282, 8.8206, 8.88018, 8.94165, 9.00512, 9.07069, 9.13848, 9.20861, 9.28122, 9.35646, 9.43448, 9.51546, 9.5996, 9.68709, 9.77816, 9.87307, 9.9721, 10.0755, 10.1837, 10.2971, 10.4159, 10.5408, 10.6723, 10.8109, 10.9574, 11.1125, 11.2771, 11.4522, 11.6391, 11.8392, 12.0541, 12.2859, 12.5369, 12.8101, 13.1091, 13.4385, 13.804, 14.2133, 14.6764, 15.2074, 15.8263, 16.5634, 17.4682, 18.6293, 20.1956, 22.1236, 22.894, 19.0677, 10.6708, 3.53139, 0.642048, 0.0616268, 0.00304826, 6.85331e-05, 2.67751e-07
8.49812, 8.55656, 8.61676, 8.67883, 8.74285, 8.80893, 8.87717, 8.94769, 9.02061, 9.09608, 9.17423, 9.25523, 9.33924, 9.42646, 9.51708, 9.61133, 9.70944, 9.8117, 9.91837, 10.0298, 10.1463, 10.2684, 10.3963, 10.5307, 10.6721, 10.8211, 10.9784, 11.1447, 11.3211, 11.5085, 11.708, 11.9212, 12.1496, 12.3951, 12.66, 12.9469, 13.2591, 13.6006, 13.9763, 14.3925, 14.8571, 15.3803, 15.9761, 16.6634, 17.4692, 18.4338, 19.6209, 21.1414, 23.2196, 26.3785, 31.4367, 37.0211, 35.5951, 22.6203, 8.29865, 1.63975, 0.168555, 0.00884197, 0.000220328, 1.43812e-06
30.9392
58.16
 
MEASUREMENT 205
1.4716, 4.41481, 7.36319, 10.3064, 13.2548, 16.2031, 19.1774, 22.1309, 25.0793, 28.0277, 30.9502, 33.8934
8.638, 8.80942, 9.27701, 9.82324, 10.4948, 10.3948, 11.5399, 12.8276, 14.2766, 18.5855, 13.4816, 0.0544569
0.00921262, 0.0093863, 0.00996025, 0.0107521, 0.0114673, 0.011434, 0.0126361, 0.0139788, 0.0153068, 0.0199118, 0.0144948, 0.00051107
0, 0.589331, 1.17866, 1.76799, 2.35732, 2.94665, 3.53598, 4.12532, 4.71465, 5.30398, 5.89331, 6.48264, 7.07197, 7.6613, 8.25063, 8.83996, 9.42929, 10.0186, 10.608, 11.1973, 11.7866, 12.3759, 12.9653, 13.5546, 14.1439, 14.7333, 15.3226, 15.9119, 16.5013, 17.0906, 17.6799, 18.2693, 18.8586, 19.4479, 20.0372, 20.6266, 21.2159, 21.8052, 22.3946, 22.9839, 23.5732, 24.1626, 24.7519, 25.3412, 25.9306, 26.5199, 27.1092, 27.6985, 28.2879, 28.8772, 29.4665, 30.0559, 30.6452, 31.2345, 31.8239, 32.4132, 33.0025, 33.5919, 34.1812, 34.7705
8.51266, 8.56268, 8.61412, 8.66705, 8.72154, 8.77767, 8.83551, 8.89515, 8.95669, 9.02023, 9.08587, 9.15373, 9.22394, 9.29662, 9.37194, 9.45004, 9.53111, 9.61533, 9.70291, 9.79407, 9.88908, 9.9882, 10.0917, 10.2, 10.3135, 10.4325, 10.5575, 10.689, 10.8278, 10.9744, 11.1296, 11.2943, 11.4696, 11.6566, 11.8569, 12.072, 12.3039, 12.5551, 12.8284, 13.1276, 13.4571, 13.8228, 14.2322, 14.6955, 15.2266, 15.8456, 16.5827, 17.4875, 18.6484, 20.2136, 22.1367, 22.8996, 19.0797, 10.6999, 3.55653, 0.651067, 0.0630842, 0.0031583, 7.25258e-05, 2.85396e-07
8.51266, 8.57119, 8.6315, 8.69367, 8.7578, 8.82398, 8.89234, 8.96297, 9.03602, 9.11161, 9.18989, 9.27102, 9.35517, 9.44253, 9.5333, 9.6277, 9.72598, 9.8284, 9.93525, 10.0469, 10.1636, 10.2858, 10.414, 10.5486, 10.6902, 10.8395, 10.997, 11.1636, 11.3402, 11.5279, 11.7278, 11.9413, 12.1701, 12.4159, 12.6812, 12.9686, 13.2813, 13.6233, 13.9996, 14.4164, 14.8817, 15.4057, 16.0024, 16.6907, 17.4976, 18.4636, 19.6524, 21.1751, 23.2564, 26.4197, 31.4797, 37.0574, 35.6401, 22.6953, 8.36259, 1.6638, 0.172652, 0.00916695, 0.000232668, 1.53624e-06
30.9406
58.16
 
MEASUREMENT 206
1.4716, 4.41481, 7.36319, 10.3064, 13.2548, 16.2031, 19.1774, 22.1309, 25.0793, 28.0277, 30.9502, 33.8934
9.16336, 9.34493, 9.83999, 10.4079, 11.1338, 11.0283, 12.245, 13.6107, 15.1365, 19.7185, 14.3033, 0.0579306
0.00921262, 0.0093863, 0.00996025, 0.0107521, 0.0114673, 0.011434, 0.0126361, 0.0139788, 0.0153068, 0.0199118, 0.0144948, 0.00051107
0, 0.589331, 1.17866, 1.76799, 2.35732, 2.94665, 3.53598, 4.12532, 4.71465, 5.30398, 5.89331, 6.48264, 7.07197, 7.6613, 8.25063, 8.83996, 9.42929, 10.0186, 10.608, 11.1973, 11.7866, 12.3759, 12.9653, 13.5546, 14.1439, 14.7333, 15.3226, 15.9119, 16.5013, 17.0906, 17.6799, 18.2693, 18.8586, 19.4479, 20.0372, 20.6266, 21.2159, 21.8052, 22.3946, 22.9839, 23.5732, 24.1626, 24.7519, 25.3412, 25.9306, 26.5199, 27.1092, 27.6985, 28.2879, 28.8772, 29.4665, 30.0559, 30.6452, 31.2345, 31.8239, 32.4132, 33.0025, 33.5919, 34.1812, 34.7705
9.02882, 9.08188, 9.13644, 9.19259, 9.2504, 9.30994, 9.3713, 9.43457, 9.49985, 9.56726, 9.63689, 9.70888, 9.78336, 9.86047, 9.94037, 10.0232, 10.1092, 10.1986, 10.2915, 10.3882, 10.489, 10.5941, 10.704, 10.8189, 10.9392, 11.0654, 11.1981, 11.3377, 11.4849, 11.6404, 11.805, 11.9798, 12.1658, 12.3642, 12.5767, 12.8048, 13.0509, 13.3174, 13.6074, 13.9249, 14.2745, 14.6625, 15.0969, 15.5885, 16.1521, 16.8089, 17.5912, 18.5514, 19.7835, 21.4447, 23.4852, 24.2931, 20.2402, 11.3534, 3.77624, 0.692107, 0.0671779, 0.00337111, 7.77257e-05, 3.06443e-07
9.02882, 9.09089, 9.15486, 9.2208, 9.28881, 9.35901, 9.43151, 9.50643, 9.58391, 9.66408, 9.74711, 9.83316, 9.92241, 10.0151, 10.1113, 10.2115, 10.3157, 10.4243, 10.5377, 10.656, 10.7799, 10.9095, 11.0455, 11.1882, 11.3384, 11.4967, 11.6638, 11.8405, 12.0279, 12.2269, 12.4389, 12.6654, 12.908, 13.1688, 13.4502, 13.7549, 14.0866, 14.4494, 14.8486, 15.2906, 15.7841, 16.3399, 16.9728, 17.7029, 18.5588, 19.5834, 20.8444, 22.4596, 24.6676, 28.0236, 33.3903, 39.3004, 37.791, 24.0676, 8.87338, 1.7674, 0.183715, 0.00977675, 0.000249017, 1.64822e-06
30.9405
58.16
 
MEASUREMENT 207
1.4716, 4.41481, 7.36319, 10.3064, 13.2548, 16.2031, 19.1774, 22.1309, 25.0793, 28.0277, 30.9502, 33.8934
8.54677, 8.71635, 9.17769, 9.70418, 10.3829, 10.2843, 11.4174, 12.6905, 14.1369, 18.3876, 13.3372, 0.0551758
0.00921262, 0.0093863, 0.00996025, 0.0107521, 0.0114673, 0.011434, 0.0126361, 0.0139788, 0.0153068, 0.0199118, 0.0144948, 0.00051107
0, 0.589331, 1.17866, 1.76799, 2.35732, 2.94665, 3.53598, 4.12532, 4.71465, 5.30398, 5.89331, 6.48264, 7.07197, 7.6613, 8.25063, 8.83996, 9.42929, 10.0186, 10.608, 11.1973, 11.7866, 12.3759, 12.9653, 13.5546, 14.1439, 14.7333, 15.3226, 15.9119, 16.5013, 17.0906, 17.6799, 18.2693, 18.8586, 19.4479, 20.0372, 20.6266, 21.2159, 21.8052, 22.3946, 22.9839, 23.5732, 24.1626, 24.7519, 25.3412, 25.9306, 26.5199, 27.1092, 27.6985, 28.2879, 28.8772, 29.4665, 30.0559, 30.6452, 31.2345, 31.8239, 32.4132, 33.0025, 33.5919, 34.1812, 34.7705
8.4204, 8.4699, 8.5208, 8.57318, 8.6271, 8.68264, 8.73987, 8.7989, 8.8598, 8.92267, 8.98763, 9.05479, 9.12426, 9.1962, 9.27073, 9.34802, 9.42825, 9.5116, 9.59827, 9.68849, 9.78251, 9.88061, 9.98308, 10.0903, 10.2025, 10.3203, 10.444, 10.5743, 10.7116, 10.8567, 11.0103, 11.1733, 11.3468, 11.532, 11.7302, 11.9431, 12.1727, 12.4214, 12.692, 12.9882, 13.3144, 13.6765, 14.0819, 14.5407, 15.0667, 15.6798, 16.4101, 17.3067, 18.4575, 20.0086, 21.9065, 22.6395, 18.8521, 10.5925, 3.54186, 0.655401, 0.0645223, 0.00329984, 7.85815e-05, 3.14451e-07
8.4204, 8.4783, 8.53795, 8.59945, 8.66288, 8.72836, 8.79597, 8.86585, 8.9381, 9.01288, 9.09031, 9.17057, 9.25381, 9.34023, 9.43002, 9.5234, 9.62062, 9.72193, 9.82764, 9.93804, 10.0535, 10.1744, 10.3012, 10.4344, 10.5745, 10.7221, 10.8779, 11.0428, 11.2175, 11.4031, 11.6009, 11.8121, 12.0384, 12.2817, 12.5441, 12.8284, 13.1377, 13.4761, 13.8485, 14.2608, 14.7212, 15.2397, 15.83, 16.5111, 17.3097, 18.2658, 19.4426, 20.9504, 23.0128, 26.1489, 31.1519, 36.6208, 35.1715, 22.4238, 8.30787, 1.67025, 0.17606, 0.00954702, 0.000250179, 1.68955e-06
30.9399
58.16
 
MEASUREMENT 208
1.4716, 4.41481, 7.36319, 10.3064, 13.2548, 16.2031, 19.1774, 22.1309, 25.0793, 28.0277, 30.9502, 33.8934
8.61931, 8.79044, 9.25557, 9.79013, 10.4713, 10.3709, 11.5159, 12.8008, 14.2466, 18.5471, 13.4524, 0.0533706
0.00921262, 0.0093863, 0.00996025, 0.0107521, 0.0114673, 0.011434, 0.0126361, 0.0139788, 0.0153068, 0.0199118, 0.0144948, 0.00051107
0, 0.589331, 1.17866, 1.76799, 2.35732, 2.94665, 3.53598, 4.12532, 4.71465, 5.30398, 5.89331, 6.48264, 7.07197, 7.6613, 8.25063, 8.83996, 9.42929, 10.0186, 10.608, 11.1973, 11.7866, 12.3759, 12.9653, 13.5546, 14.1439, 14.7333, 15.3226, 15.9119, 16.5013, 17.0906, 17.6799, 18.2693, 18.8586, 19.4479, 20.0372, 20.6266, 21.2159, 21.8052, 22.3946, 22.9839, 23.5732, 24.1626, 24.7519, 25.3412, 25.9306, 26.5199, 27.1092, 27.6985, 28.2879, 28.8772, 29.4665, 30.0559, 30.6452, 31.2345, 31.8239, 32.4132, 33.0025, 33.5919, 34.1812, 34.7705
8.49222, 8.54214, 8.59347, 8.64629, 8.70067, 8.75668, 8.8144, 8.87393, 8.93534, 8.99875, 9.06426, 9.13198, 9.20205, 9.27459, 9.34975, 9.4277, 9.5086, 9.59265, 9.68006, 9.77105, 9.86586, 9.96479, 10.0681, 10.1762, 10.2894, 10.4082, 10.533, 10.6643, 10.8028, 10.9491, 11.104, 11.2684, 11.4434, 11.6301, 11.83, 12.0447, 12.2762, 12.5269, 12.7998, 13.0984, 13.4274, 13.7925, 14.2012, 14.6638, 15.1941, 15.8121, 16.5482, 17.4516, 18.6109, 20.1747, 22.1002, 22.8718, 19.0519, 10.662, 3.52738, 0.640849, 0.0614382, 0.00303379, 6.80059e-05, 2.65265e-07
8.49222, 8.55061, 8.61078, 8.6728, 8.73677, 8.8028, 8.871, 8.94147, 9.01434, 9.08975, 9.16785, 9.24879, 9.33274, 9.4199, 9.51045, 9.60463, 9.70268, 9.80486, 9.91146, 10.0228, 10.1393, 10.2612, 10.3891, 10.5234, 10.6647, 10.8135, 10.9707, 11.1369, 11.3132, 11.5004, 11.6998, 11.9128, 12.1411, 12.3864, 12.651, 12.9377, 13.2497, 13.591, 13.9664, 14.3823, 14.8465, 15.3693, 15.9646, 16.6513, 17.4565, 18.4203, 19.6063, 21.1254, 23.2015, 26.3568, 31.4106, 36.9969, 35.5822, 22.6153, 8.29503, 1.63796, 0.168179, 0.00880773, 0.00021891, 1.42614e-06
30.9395
58.16
 
MEASUREMENT 209
1.4716, 4.41481, 7.36319, 10.3064, 13.2548, 16.2031, 19.1774, 22.1309, 25.0793, 28.0277, 30.9502, 33.8934
8.89405, 9.07332, 9.55287, 10.1017, 10.8084, 10.7059, 11.8872, 13.2113, 14.7032, 19.1425, 13.8852, 0.0566543
0.00921262, 0.0093863, 0.00996025, 0.0107521, 0.0114673, 0.011434, 0.0126361, 0.0139788, 0.0153068, 0.0199118, 0.0144948, 0.00051107
0, 0.589331, 1.17866, 1.76799, 2.35732, 2.94665, 3.53598, 4.12532, 4.71465, 5.30398, 5.89331, 6.48264, 7.07197, 7.6613, 8.25063, 8.83996, 9.42929, 10.0186, 10.608, 11.1973, 11.7866, 12.3759, 12.9653, 13.5546, 14.1439, 14.7333, 15.3226, 15.9119, 16.5013, 17.0906, 17.6799, 18.2693, 18.8586, 19.4479, 20.0372, 20.6266, 21.2159, 21.8052, 22.3946, 22.9839, 23.5732, 24.1626, 24.7519, 25.3412, 25.9306, 26.5199, 27.1092, 27.6985, 28.2879, 28.8772, 29.4665, 30.0559, 30.6452, 31.2345, 31.8239, 32.4132, 33.0025, 33.5919, 34.1812, 34.7705
8.7647, 8.81622, 8.8692, 8.92372, 8.97984, 9.03765, 9.09722, 9.15866, 9.22205, 9.28749, 9.3551, 9.425, 9.49731, 9.57218, 9.64976, 9.73021, 9.81371, 9.90046, 9.99067, 10.0846, 10.1824, 10.2845, 10.3912, 10.5028, 10.6196, 10.7422, 10.871, 11.0065, 11.1494, 11.3004, 11.4603, 11.63, 11.8106, 12.0033, 12.2096, 12.4312, 12.6701, 12.9289, 13.2106, 13.5188, 13.8584, 14.2352, 14.6571, 15.1346, 15.6819, 16.3199, 17.0798, 18.0127, 19.2098, 20.8238, 22.8034, 23.5798, 19.6406, 11.0226, 3.6729, 0.67546, 0.0658969, 0.00332965, 7.76816e-05, 3.07958e-07
8.7647, 8.82497, 8.88706, 8.95107, 9.0171, 9.08525, 9.15563, 9.22836, 9.30357, 9.3814, 9.462, 9.54553, 9.63218, 9.72213, 9.81559, 9.91279, 10.014, 10.1194, 10.2295, 10.3444, 10.4646, 10.5904, 10.7224, 10.861, 11.0068, 11.1605, 11.3227, 11.4942, 11.6761, 11.8693, 12.0752, 12.295, 12.5306, 12.7837, 13.0569, 13.3528, 13.6748, 14.027, 14.4145, 14.8437, 15.3228, 15.8624, 16.4769, 17.1857, 18.0168, 19.0116, 20.2362, 21.8048, 23.9496, 27.2104, 32.4199, 38.1398, 36.6547, 23.3499, 8.62291, 1.72316, 0.180015, 0.00964518, 0.000248225, 1.65509e-06
30.9401
58.16
 
MEASUREMENT 210
1.4716, 4.41481, 7.36319, 10.3064, 13.2548, 16.2031, 19.1774, 22.1309, 25.0793, 28.0277, 30.9502, 33.8934
8.41311, 8.58207, 9.03642, 9.55764, 10.2241, 10.1266, 11.2429, 12.4967, 13.9079, 18.1058, 13.1344, 0.0521526
0.00921262, 0.0093863, 0.00996025, 0.0107521, 0.0114673, 0.011434, 0.0126361, 0.0139788, 0.0153068, 0.0199118, 0.0144948, 0.00051107
0, 0.589331, 1.17866, 1.76799, 2.35732, 2.94665, 3.53598, 4.12532, 4.71465, 5.30398, 5.89331, 6.48264, 7.07197, 7.6613, 8.25063, 8.83996, 9.42929, 10.0186, 10.608, 11.1973, 11.7866, 12.3759, 12.9653, 13.5546, 14.1439, 14.7333, 15.3226, 15.9119, 16.5013, 17.0906, 17.6799, 18.2693, 18.8586, 19.4479, 20.0372, 20.6266, 21.2159, 21.8052, 22.3946, 22.9839, 23.5732, 24.1626, 24.7519, 25.3412, 25.9306, 26.5199, 27.1092, 27.6985, 28.2879, 28.8772, 29.4665, 30.0559, 30.6452, 31.2345, 31.8239, 32.4132, 33.0025, 33.5919, 34.1812, 34.7705
8.29087, 8.3396, 8.38972, 8.44128, 8.49437, 8.54905, 8.6054, 8.66351, 8.72347, 8.78537, 8.84932, 8.91543, 8.98383, 9.05465, 9.12803, 9.20413, 9.28311, 9.36516, 9.45049, 9.53932, 9.63188, 9.72845, 9.82934, 9.93485, 10.0454, 10.1613, 10.2831, 10.4113, 10.5465, 10.6893, 10.8406, 11.0011, 11.1719, 11.3542, 11.5493, 11.7589, 11.9849, 12.2296, 12.496, 12.7876, 13.1087, 13.4651, 13.8641, 14.3156, 14.8333, 15.4366, 16.1551, 17.0369, 18.1685, 19.6948, 21.5744, 22.3286, 18.6019, 10.4123, 3.44558, 0.626151, 0.0600452, 0.00296582, 6.65151e-05, 2.59443e-07
8.29087, 8.34788, 8.40661, 8.46716, 8.52962, 8.59409, 8.66066, 8.72946, 8.80061, 8.87423, 8.95047, 9.02949, 9.11145, 9.19654, 9.28495, 9.37689, 9.47261, 9.57237, 9.67644, 9.78515, 9.89884, 10.0179, 10.1427, 10.2739, 10.4118, 10.5571, 10.7105, 10.8728, 11.0449, 11.2277, 11.4224, 11.6303, 11.8531, 12.0926, 12.351, 12.6309, 12.9355, 13.2686, 13.6352, 14.0411, 14.4943, 15.0047, 15.5859, 16.2563, 17.0423, 17.9831, 19.141, 20.6238, 22.6503, 25.7302, 30.6633, 36.1182, 34.7422, 22.0862, 8.10308, 1.60049, 0.164378, 0.00861107, 0.000214109, 1.39502e-06
30.9398
58.16
 
MEASUREMENT 211
1.4716, 4.41481, 7.36319, 10.3064, 13.2548, 16.2031, 19.1774, 22.1309, 25.0793, 28.0277, 30.9502, 33.8934
8.61825, 8.78848, 9.26633, 9.78678, 10.4699, 10.3722, 11.5129, 12.7978, 14.2336, 18.5438, 13.4398, 0.0552106
0.00921262, 0.0093863, 0.00996025, 0.0107521, 0.0114673, 0.011434, 0.0126361, 0.0139788, 0.0153068, 0.0199118, 0.0144948, 0.00051107
0, 0.589331, 1.17866, 1.76799, 2.35732, 2.94665, 3.53598, 4.12532, 4.71465, 5.30398, 5.89331, 6.48264, 7.07197, 7.6613, 8.25063, 8.83996, 9.42929, 10.0186, 10.608, 11.1973, 11.7866, 12.3759, 12.9653, 13.5546, 14.1439, 14.7333, 15.3226, 15.9119, 16.5013, 17.0906, 17.6799, 18.2693, 18.8586, 19.4479, 20.0372, 20.6266, 21.2159, 21.8052, 22.3946, 22.9839, 23.5732, 24.1626, 24.7519, 25.3412, 25.9306, 26.5199, 27.1092, 27.6985, 28.2879, 28.8772, 29.4665, 30.0559, 30.6452, 31.2345, 31.8239, 32.4132, 33.0025, 33.5919, 34.1812, 34.7705
8.49283, 8.54272, 8.59403, 8.64682, 8.70117, 8.75715, 8.81485, 8.87434, 8.93572, 8.9991, 9.06457, 9.13226, 9.20228, 9.27478, 9.3499, 9.42781, 9.50866, 9.59266, 9.68002, 9.77095, 9.8657, 9.96456, 10.0678, 10.1758, 10.289, 10.4077, 10.5324, 10.6636, 10.802, 10.9482, 11.103, 11.2672, 11.4421, 11.6286, 11.8283, 12.0428, 12.2741, 12.5246, 12.7973, 13.0956, 13.4243, 13.789, 14.1973, 14.6593, 15.189, 15.8063, 16.5416, 17.444, 18.6021, 20.1627, 22.0742, 22.8172, 19.003, 10.6718, 3.56226, 0.657088, 0.0643816, 0.00327156, 7.7066e-05, 3.06623e-07
8.49283, 8.55122, 8.61139, 8.67341, 8.73739, 8.80342, 8.87162, 8.94209, 9.01497, 9.09038, 9.16848, 9.24943, 9.33338, 9.42054, 9.5111, 9.60528, 9.70333, 9.80552, 9.91212, 10.0235, 10.1399, 10.2619, 10.3898, 10.5241, 10.6654, 10.8142, 10.9714, 11.1376, 11.3139, 11.5011, 11.7005, 11.9136, 12.1418, 12.3871, 12.6518, 12.9385, 13.2505, 13.5918, 13.9672, 14.3831, 14.8473, 15.3702, 15.9656, 16.6524, 17.4577, 18.4217, 19.6082, 21.1283, 23.2068, 26.367, 31.4127, 36.9452, 35.5041, 22.6328, 8.37331, 1.67842, 0.176108, 0.00948973, 0.000246323, 1.65194e-06
30.9404
58.16
 
MEASUREMENT 212
1.4716, 4.41481, 7.36319, 10.3064, 13.2548, 16.2031, 19.1774, 22.1309, 25.0793, 28.0277, 30.9502, 33.8934
8.87121, 9.04795, 9.51445, 10.0741, 10.7776, 10.6647, 11.8533, 13.1754, 14.6747, 19.0905, 13.8587, 0.0550917
0.00921262, 0.0093863, 0.00996025, 0.0107521, 0.0114673, 0.011434, 0.0126361, 0.0139788, 0.0153068, 0.0199118, 0.0144948, 0.00051107
0, 0.589331, 1.17866, 1.76799, 2.35732, 2.94665, 3.53598, 4.12532, 4.71465, 5.30398, 5.89331, 6.48264, 7.07197, 7.6613, 8.25063, 8.83996, 9.42929, 10.0186, 10.608, 11.1973, 11.7866, 12.3759, 12.9653, 13.5546, 14.1439, 14.7333, 15.3226, 15.9119, 16.5013, 17.0906, 17.6799, 18.2693, 18.8586, 19.4479, 20.0372, 20.6266, 21.2159, 21.8052, 22.3946, 22.9839, 23.5732, 24.1626, 24.7519, 25.3412, 25.9306, 26.5199, 27.1092, 27.6985, 28.2879, 28.8772, 29.4665, 30.0559, 30.6452, 31.2345, 31.8239, 32.4132, 33.0025, 33.5919, 34.1812, 34.7705
8.73741, 8.7888, 8.84165, 8.89603, 8.95202, 9.00968, 9.06911, 9.1304, 9.19363, 9.25891, 9.32636, 9.39609, 9.46823, 9.54292, 9.62032, 9.70058, 9.78388, 9.87043, 9.96043, 10.0541, 10.1518, 10.2536, 10.36, 10.4713, 10.5879, 10.7102, 10.8387, 10.974, 11.1166, 11.2672, 11.4268, 11.5961, 11.7763, 11.9686, 12.1745, 12.3957, 12.6341, 12.8924, 13.1735, 13.4812, 13.8201, 14.1962, 14.6174, 15.094, 15.6405, 16.2774, 17.0361, 17.9674, 19.1627, 20.7755, 22.7619, 23.5599, 19.6278, 10.9871, 3.63665, 0.661218, 0.0634622, 0.00313842, 7.05371e-05, 2.75593e-07
8.73741, 8.79749, 8.85939, 8.9232, 8.98903, 9.05696, 9.12713, 9.19963, 9.27461, 9.3522, 9.43255, 9.51583, 9.60221, 9.69188, 9.78505, 9.88195, 9.98283, 10.088, 10.1976, 10.3122, 10.432, 10.5575, 10.6891, 10.8272, 10.9726, 11.1258, 11.2875, 11.4585, 11.6398, 11.8325, 12.0377, 12.2568, 12.4917, 12.7441, 13.0164, 13.3113, 13.6323, 13.9835, 14.3698, 14.7976, 15.2752, 15.8132, 16.4257, 17.1323, 17.9608, 18.9524, 20.1729, 21.736, 23.8724, 27.1196, 32.3196, 38.0631, 36.602, 23.2634, 8.53521, 1.68646, 0.173334, 0.00909042, 0.000226428, 1.47737e-06
30.9394
58.17
 
MEASUREMENT 213
1.4716, 4.41481, 7.36319, 10.3064, 13.2548, 16.2031, 19.1774, 22.1309, 25.0793, 28.0277, 30.9502, 33.8934
8.32345, 8.48966, 8.93817, 9.45269, 10.1115, 10.0287, 11.1219, 12.3633, 13.7592, 17.9137, 12.9934, 0.0526792
0.00921262, 0.0093863, 0.00996025, 0.0107521, 0.0114673, 0.011434, 0.0126361, 0.0139788, 0.0153068, 0.0199118, 0.0144948, 0.00051107
0, 0.589331, 1.17866, 1.76799, 2.35732, 2.94665, 3.53598, 4.12532, 4.71465, 5.30398, 5.89331, 6.48264, 7.07197, 7.6613, 8.25063, 8.83996, 9.42929, 10.0186, 10.608, 11.1973, 11.7866, 12.3759, 12.9653, 13.5546, 14.1439, 14.7333, 15.3226, 15.9119, 16.5013, 17.0906, 17.6799, 18.2693, 18.8586, 19.4479, 20.0372, 20.6266, 21.2159, 21.8052, 22.3946, 22.9839, 23.5732, 24.1626, 24.7519, 25.3412, 25.9306, 26.5199, 27.1092, 27.6985, 28.2879, 28.8772, 29.4665, 30.0559, 30.6452, 31.2345, 31.8239, 32.4132, 33.0025, 33.5919, 34.1812, 34.7705
8.20214, 8.25035, 8.29993, 8.35095, 8.40347, 8.45757, 8.51333, 8.57082, 8.63014, 8.69138, 8.75466, 8.82007, 8.88774, 8.95781, 9.03041, 9.1057, 9.18384, 9.26503, 9.34945, 9.43733, 9.52892, 9.62447, 9.72428, 9.82868, 9.93803, 10.0527, 10.1733, 10.3001, 10.4339, 10.5752, 10.7248, 10.8836, 11.0526, 11.233, 11.426, 11.6334, 11.8571, 12.0992, 12.3628, 12.6513, 12.9691, 13.3217, 13.7166, 14.1634, 14.6757, 15.2728, 15.9839, 16.8569, 17.9773, 19.4879, 21.3422, 22.0723, 18.384, 10.3102, 3.42987, 0.629051, 0.0611336, 0.00307348, 7.10887e-05, 2.80825e-07
8.20214, 8.25853, 8.31664, 8.37655, 8.43834, 8.50211, 8.56797, 8.63604, 8.70642, 8.77926, 8.85468, 8.93286, 9.01394, 9.09812, 9.18558, 9.27654, 9.37124, 9.46993, 9.57289, 9.68043, 9.79291, 9.91069, 10.0342, 10.1639, 10.3004, 10.4442, 10.5959, 10.7565, 10.9267, 11.1075, 11.3002, 11.5059, 11.7263, 11.9633, 12.2189, 12.4958, 12.7971, 13.1267, 13.4894, 13.891, 14.3394, 14.8444, 15.4194, 16.0827, 16.8605, 17.7915, 18.9374, 20.4053, 22.4122, 25.4632, 30.34, 35.7013, 34.3141, 21.8459, 8.05477, 1.60532, 0.167065, 0.00890672, 0.000227497, 1.50922e-06
30.9398
58.16
 
MEASUREMENT 214
1.4716, 4.41481, 7.36319, 10.3064, 13.2548, 16.2031, 19.1774, 22.1309, 25.0793, 28.0277, 30.9502, 33.8934
8.27598, 8.44289, 8.88815, 9.39043, 10.0563, 9.94906, 11.0592, 12.2932, 13.6817, 17.8127, 12.9201, 0.0510926
0.00921262, 0.0093863, 0.00996025, 0.0107521, 0.0114673, 0.011434, 0.0126361, 0.0139788, 0.0153068, 0.0199118, 0.0144948, 0.00051107
0, 0.589331, 1.17866, 1.76799, 2.35732, 2.94665, 3.53598, 4.12532, 4.71465, 5.30398, 5.89331, 6.48264, 7.07197, 7.6613, 8.25063, 8.83996, 9.42929, 10.0186, 10.608, 11.1973, 11.7866, 12.3759, 12.9653, 13.5546, 14.1439, 14.7333, 15.3226, 15.9119, 16.5013, 17.0906, 17.6799, 18.2693, 18.8586, 19.4479, 20.0372, 20.6266, 21.2159, 21.8052, 22.3946, 22.9839, 23.5732, 24.1626, 24.7519, 25.3412, 25.9306, 26.5199, 27.1092, 27.6985, 28.2879, 28.8772, 29.4665, 30.0559, 30.6452, 31.2345, 31.8239, 32.4132, 33.0025, 33.5919, 34.1812, 34.7705
8.15261, 8.20055, 8.24985, 8.30057, 8.3528, 8.40659, 8.46202, 8.51919, 8.57817, 8.63906, 8.70198, 8.76702, 8.83431, 8.90397, 8.97616, 9.05103, 9.12873, 9.20945, 9.2934, 9.38079, 9.47185, 9.56686, 9.66612, 9.76993, 9.87867, 9.99274, 10.1126, 10.2387, 10.3717, 10.5123, 10.6611, 10.819, 10.9871, 11.1664, 11.3584, 11.5647, 11.7871, 12.0279, 12.2901, 12.577, 12.893, 13.2438, 13.6365, 14.0809, 14.5905, 15.1844, 15.8918, 16.7601, 17.8744, 19.3778, 21.2295, 21.9723, 18.2999, 10.2361, 3.38347, 0.613919, 0.0587589, 0.00289556, 6.46712e-05, 2.5207e-07
8.15261, 8.20867, 8.26643, 8.32597, 8.38739, 8.45078, 8.51625, 8.5839, 8.65386, 8.72626, 8.80124, 8.87894, 8.95954, 9.04321, 9.13015, 9.22057, 9.31469, 9.41279, 9.51513, 9.62203, 9.73383, 9.8509, 9.97368, 10.1026, 10.2383, 10.3812, 10.5321, 10.6917, 10.8608, 11.0406, 11.2321, 11.4366, 11.6557, 11.8912, 12.1453, 12.4205, 12.7201, 13.0477, 13.4082, 13.8074, 14.2531, 14.7551, 15.3266, 15.986, 16.759, 17.6844, 18.8233, 20.2819, 22.2754, 25.3055, 30.1593, 35.523, 34.1567, 21.6965, 7.95034, 1.56779, 0.160699, 0.00839853, 0.000208079, 1.35321e-06
30.939
58.16
 
MEASUREMENT 215
1.4716, 4.41481, 7.36319, 10.3064, 13.2548, 16.2031, 19.1774, 22.1309, 25.0793, 28.0277, 30.9502, 33.8934
8.31411, 8.48142, 8.9311, 9.45566, 10.103, 10.0186, 11.1116, 12.3501, 13.7449, 17.896, 12.9808, 0.0526674
0.00921262, 0.0093863, 0.00996025, 0.0107521, 0.0114673, 0.011434, 0.0126361, 0.0139788, 0.0153068, 0.0199118, 0.0144948, 0.00051107
0, 0.589331, 1.17866, 1.76799, 2.35732, 2.94665, 3.53598, 4.12532, 4.71465, 5.30398, 5.89331, 6.48264, 7.07197, 7.6613, 8.25063, 8.83996, 9.42929, 10.0186, 10.608, 11.1973, 11.7866, 12.3759, 12.9653, 13.5546, 14.1439, 14.7333, 15.3226, 15.9119, 16.5013, 17.0906, 17.6799, 18.2693, 18.8586, 19.4479, 20.0372, 20.6266, 21.2159, 21.8052, 22.3946, 22.9839, 23.5732, 24.1626, 24.7519, 25.3412, 25.9306, 26.5199, 27.1092, 27.6985, 28.2879, 28.8772, 29.4665, 30.0559, 30.6452, 31.2345, 31.8239, 32.4132, 33.0025, 33.5919, 34.1812, 34.7705
8.1959, 8.24407, 8.2936, 8.34456, 8.39703, 8.45108, 8.50677, 8.56421, 8.62347, 8.68465, 8.74785, 8.8132, 8.8808, 8.9508, 9.02332, 9.09853, 9.17659, 9.25769, 9.34202, 9.42981, 9.52129, 9.61674, 9.71644, 9.82073, 9.92996, 10.0445, 10.1649, 10.2916, 10.4252, 10.5664, 10.7159, 10.8745, 11.0433, 11.2234, 11.4162, 11.6234, 11.8467, 12.0886, 12.3519, 12.64, 12.9573, 13.3095, 13.7038, 14.15, 14.6616, 15.2578, 15.9678, 16.8394, 17.9578, 19.4656, 21.3167, 22.0471, 18.3667, 10.3033, 3.42843, 0.628892, 0.061121, 0.00307258, 7.10578e-05, 2.80532e-07
8.1959, 8.25225, 8.31032, 8.37017, 8.43192, 8.49564, 8.56145, 8.62946, 8.69979, 8.77257, 8.84794, 8.92605, 9.00707, 9.09118, 9.17857, 9.26946, 9.36409, 9.4627, 9.56557, 9.67303, 9.78542, 9.9031, 10.0265, 10.1561, 10.2925, 10.4361, 10.5878, 10.7482, 10.9183, 11.099, 11.2915, 11.497, 11.7173, 11.954, 12.2094, 12.4861, 12.7872, 13.1165, 13.4789, 13.8802, 14.3281, 14.8327, 15.4072, 16.07, 16.847, 17.7772, 18.9219, 20.3883, 22.393, 25.4402, 30.3118, 35.6723, 34.2969, 21.8433, 8.05654, 1.60604, 0.167156, 0.00891116, 0.00022758, 1.5092e-06
30.9404
58.16
 
MEASUREMENT 216
1.4716, 4.41481, 7.36319, 10.3064, 13.2548, 16.2031, 19.1774, 22.1309, 25.0793, 28.0277, 30.9502, 33.8934
8.71931, 8.89156, 9.36153, 9.90328, 10.5935, 10.4935, 11.6529, 12.9513, 14.4027, 18.7633, 13.6098, 0.0543082
0.00921262, 0.0093863, 0.00996025, 0.0107521, 0.0114673, 0.011434, 0.0126361, 0.0139788, 0.0153068, 0.0199118, 0.0144948, 0.00051107
0, 0.589331, 1.17866, 1.76799, 2.35732, 2.94665, 3.53598, 4.12532, 4.71465, 5.30398, 5.89331, 6.48264, 7.07197, 7.6613, 8.25063, 8.83996, 9.42929, 10.0186, 10.608, 11.1973, 11.7866, 12.3759, 12.9653, 13.5546, 14.1439, 14.7333, 15.3226, 15.9119, 16.5013, 17.0906, 17.6799, 18.2693, 18.8586, 19.4479, 20.0372, 20.6266, 21.2159, 21.8052, 22.3946, 22.9839, 23.5732, 24.1626, 24.7519, 25.3412, 25.9306, 26.5199, 27.1092, 27.6985, 28.2879, 28.8772, 29.4665, 30.0559, 30.6452, 31.2345, 31.8239, 32.4132, 33.0025, 33.5919, 34.1812, 34.7705
8.59084, 8.64133, 8.69326, 8.74669, 8.80169, 8.85835, 8.91674, 8.97695, 9.03907, 9.10321, 9.16947, 9.23798, 9.30885, 9.38223, 9.45826, 9.5371, 9.61894, 9.70396, 9.79237, 9.8844, 9.98031, 10.0804, 10.1849, 10.2942, 10.4087, 10.5289, 10.6551, 10.7879, 10.928, 11.076, 11.2327, 11.399, 11.576, 11.7648, 11.967, 12.1841, 12.4183, 12.6719, 12.9479, 13.25, 13.5827, 13.9519, 14.3653, 14.8332, 15.3695, 15.9946, 16.739, 17.6527, 18.8251, 20.4063, 22.3524, 23.1311, 19.2713, 10.793, 3.57613, 0.651245, 0.0626374, 0.00310587, 7.01333e-05, 2.74247e-07
8.59084, 8.64991, 8.71077, 8.77351, 8.83823, 8.90503, 8.97401, 9.0453, 9.11902, 9.1953, 9.2743, 9.35618, 9.44111, 9.52927, 9.62088, 9.71615, 9.81533, 9.91869, 10.0265, 10.1392, 10.257, 10.3803, 10.5097, 10.6456, 10.7885, 10.9391, 11.098, 11.2662, 11.4445, 11.6339, 11.8356, 12.0511, 12.2819, 12.5301, 12.7978, 13.0878, 13.4034, 13.7486, 14.1284, 14.5491, 15.0186, 15.5475, 16.1497, 16.8443, 17.6587, 18.6336, 19.8333, 21.3699, 23.4699, 26.6615, 31.7716, 37.4172, 35.99, 22.8905, 8.40853, 1.66428, 0.171435, 0.00901542, 0.000225494, 1.47477e-06
30.94
58.16
 
MEASUREMENT 217
1.4716, 4.41481, 7.36319, 10.3064, 13.2548, 16.2031, 19.1774, 22.1309, 25.0793, 28.0277, 30.9502, 33.8934
8.63004, 8.80251, 9.26901, 9.80102, 10.4868, 10.3885, 11.5327, 12.8186, 14.2777, 18.5741, 13.4721, 0.0549312
0.00921262, 0.0093863, 0.00996025, 0.0107521, 0.0114673, 0.011434, 0.0126361, 0.0139788, 0.0153068, 0.0199118, 0.0144948, 0.00051107
0, 0.589331, 1.17866, 1.76799, 2.35732, 2.94665, 3.53598, 4.12532, 4.71465, 5.30398, 5.89331, 6.48264, 7.07197, 7.6613, 8.25063, 8.83996, 9.42929, 10.0186, 10.608, 11.1973, 11.7866, 12.3759, 12.9653, 13.5546, 14.1439, 14.7333, 15.3226, 15.9119, 16.5013, 17.0906, 17.6799, 18.2693, 18.8586, 19.4479, 20.0372, 20.6266, 21.2159, 21.8052, 22.3946, 22.9839, 23.5732, 24.1626, 24.7519, 25.3412, 25.9306, 26.5199, 27.1092, 27.6985, 28.2879, 28.8772, 29.4665, 30.0559, 30.6452, 31.2345, 31.8239, 32.4132, 33.0025, 33.5919, 34.1812, 34.7705
8.50399, 8.55398, 8.6054, 8.65831, 8.71278, 8.76888, 8.8267, 8.88632, 8.94784, 9.01135, 9.07697, 9.14481, 9.21499, 9.28765, 9.36294, 9.44102, 9.52207, 9.60626, 9.69381, 9.78496, 9.87994, 9.97903, 10.0825, 10.1908, 10.3042, 10.4232, 10.5482, 10.6798, 10.8185, 10.9651, 11.1203, 11.285, 11.4603, 11.6473, 11.8476, 12.0627, 12.2946, 12.5458, 12.8193, 13.1185, 13.4481, 13.8139, 14.2236, 14.6871, 15.2186, 15.8381, 16.576, 17.4819, 18.6448, 20.2126, 22.1347, 22.8847, 19.0546, 10.6893, 3.56088, 0.654844, 0.063904, 0.00323096, 7.54584e-05, 2.995e-07
8.50399, 8.56246, 8.62271, 8.68482, 8.74888, 8.81501, 8.88329, 8.95386, 9.02684, 9.10236, 9.18057, 9.26162, 9.34569, 9.43297, 9.52365, 9.61796, 9.71615, 9.81847, 9.92523, 10.0367, 10.1533, 10.2755, 10.4035, 10.538, 10.6795, 10.8286, 10.986, 11.1525, 11.3289, 11.5164, 11.7162, 11.9295, 12.158, 12.4037, 12.6688, 12.9559, 13.2683, 13.6101, 13.9861, 14.4026, 14.8675, 15.3912, 15.9875, 16.6754, 17.4819, 18.4475, 19.636, 21.1586, 23.2408, 26.407, 31.4639, 37.0073, 35.5485, 22.6328, 8.3549, 1.66943, 0.174442, 0.00935198, 0.000240911, 1.6081e-06
30.9393
58.16
 
MEASUREMENT 218
1.4716, 4.41481, 7.36319, 10.3064, 13.2548, 16.2031, 19.1774, 22.1309, 25.0793, 28.0277, 30.9502, 33.8934
8.18049, 8.34419, 8.78553, 9.29269, 9.94063, 9.84613, 10.9323, 12.1521, 13.5134, 17.6073, 12.7714, 0.0515245
0.00921262, 0.0093863, 0.00996025, 0.0107521, 0.0114673, 0.011434, 0.0126361, 0.0139788, 0.0153068, 0.0199118, 0.0144948, 0.00051107
0, 0.589331, 1.17866, 1.76799, 2.35732, 2.94665, 3.53598, 4.12532, 4.71465, 5.30398, 5.89331, 6.48264, 7.07197, 7.6613, 8.25063, 8.83996, 9.42929, 10.0186, 10.608, 11.1973, 11.7866, 12.3759, 12.9653, 13.5546, 14.1439, 14.7333, 15.3226, 15.9119, 16.5013, 17.0906, 17.6799, 18.2693, 18.8586, 19.4479, 20.0372, 20.6266, 21.2159, 21.8052, 22.3946, 22.9839, 23.5732, 24.1626, 24.7519, 25.3412, 25.9306, 26.5199, 27.1092, 27.6985, 28.2879, 28.8772, 29.4665, 30.0559, 30.6452, 31.2345, 31.8239, 32.4132, 33.0025, 33.5919, 34.1812, 34.7705
8.06103, 8.1084, 8.15713, 8.20726, 8.25887, 8.31203, 8.36682, 8.42331, 8.48161, 8.54179, 8.60396, 8.66824, 8.73474, 8.80359, 8.87493, 8.94891, 9.0257, 9.10547, 9.18843, 9.27479, 9.36478, 9.45867, 9.55675, 9.65933, 9.76678, 9.8795, 9.99792, 10.1226, 10.254, 10.3928, 10.5399, 10.6959, 10.862, 11.0392, 11.2289, 11.4326, 11.6523, 11.8903, 12.1493, 12.4327, 12.7449, 13.0914, 13.4793, 13.9182, 14.4215, 15.008, 15.7066, 16.5639, 17.6642, 19.1477, 20.971, 21.6951, 18.0756, 10.135, 3.36761, 0.616176, 0.0596647, 0.0029847, 6.84438e-05, 2.69271e-07
8.06103, 8.11645, 8.17356, 8.23243, 8.29316, 8.35583, 8.42056, 8.48745, 8.55662, 8.6282, 8.70233, 8.77916, 8.85885, 8.94157, 9.02753, 9.11692, 9.20999, 9.30697, 9.40816, 9.51385, 9.62438, 9.74013, 9.86151, 9.98899, 10.1231, 10.2644, 10.4136, 10.5714, 10.7386, 10.9163, 11.1056, 11.3078, 11.5244, 11.7573, 12.0085, 12.2806, 12.5767, 12.9006, 13.257, 13.6517, 14.0923, 14.5885, 15.1536, 15.8054, 16.5696, 17.4844, 18.6102, 20.0522, 22.0233, 25.0192, 29.8116, 35.0936, 33.7479, 21.485, 7.9135, 1.57359, 0.163179, 0.0086568, 0.000219447, 1.44792e-06
30.9403
58.16
 
MEASUREMENT 219
1.4716, 4.41481, 7.36319, 10.3064, 13.2548, 16.2031, 19.1774, 22.1309, 25.0793, 28.0277, 30.9502, 33.8934
8.28036, 8.44617, 8.89187, 9.4058, 10.0609, 9.96655, 11.0659, 12.3008, 13.7018, 17.8237, 12.9286, 0.051807
0.00921262, 0.0093863, 0.00996025, 0.0107521, 0.0114673, 0.011434, 0.0126361, 0.0139788, 0.0153068, 0.0199118, 0.0144948, 0.00051107
0, 0.589331, 1.17866, 1.76799, 2.35732, 2.94665, 3.53598, 4.12532, 4.71465, 5.30398, 5.89331, 6.48264, 7.07197, 7.6613, 8.25063, 8.83996, 9.42929, 10.0186, 10.608, 11.1973, 11.7866, 12.3759, 12.9653, 13.5546, 14.1439, 14.7333, 15.3226, 15.9119, 16.5013, 17.0906, 17.6799, 18.2693, 18.8586, 19.4479, 20.0372, 20.6266, 21.2159, 21.8052, 22.3946, 22.9839, 23.5732, 24.1626, 24.7519, 25.3412, 25.9306, 26.5199, 27.1092, 27.6985, 28.2879, 28.8772, 29.4665, 30.0559, 30.6452, 31.2345, 31.8239, 32.4132, 33.0025, 33.5919, 34.1812, 34.7705
8.1592, 8.20718, 8.25652, 8.30729, 8.35956, 8.4134, 8.46888, 8.5261, 8.58513, 8.64609, 8.70905, 8.77416, 8.84151, 8.91124, 8.98349, 9.05842, 9.1362, 9.217, 9.30102, 9.38849, 9.47964, 9.57474, 9.67408, 9.778, 9.88684, 10.001, 10.121, 10.2472, 10.3804, 10.521, 10.67, 10.8281, 10.9963, 11.1758, 11.368, 11.5745, 11.7971, 12.0382, 12.3006, 12.5878, 12.9042, 13.2553, 13.6485, 14.0934, 14.6036, 15.1982, 15.9065, 16.776, 17.8921, 19.3975, 21.2475, 21.9788, 18.2997, 10.2471, 3.39834, 0.620292, 0.0598905, 0.00298604, 6.80758e-05, 2.67594e-07
8.1592, 8.2153, 8.27311, 8.3327, 8.39417, 8.45761, 8.52313, 8.59084, 8.66086, 8.73332, 8.80836, 8.88613, 8.96679, 9.05053, 9.13754, 9.22803, 9.32224, 9.42042, 9.52284, 9.62983, 9.74172, 9.85889, 9.98177, 10.1108, 10.2466, 10.3896, 10.5406, 10.7004, 10.8697, 11.0496, 11.2412, 11.4459, 11.6652, 11.9009, 12.1552, 12.4307, 12.7305, 13.0584, 13.4192, 13.8189, 14.2649, 14.7674, 15.3395, 15.9995, 16.7734, 17.6997, 18.8399, 20.3005, 22.2974, 25.3335, 30.1898, 35.5329, 34.1424, 21.7035, 7.97743, 1.58227, 0.163592, 0.0086493, 0.00021816, 1.4359e-06
30.9387
58.16
 
MEASUREMENT 220
1.4716, 4.41481, 7.36319, 10.3064, 13.2548, 16.2031, 19.1774, 22.1309, 25.0793, 28.0277, 30.9502, 33.8934
8.27534, 8.44128, 8.88633, 9.39869, 10.0544, 9.95934, 11.058, 12.291, 13.6794, 17.8091, 12.918, 0.0521336
0.00921262, 0.0093863, 0.00996025, 0.0107521, 0.0114673, 0.011434, 0.0126361, 0.0139788, 0.0153068, 0.0199118, 0.0144948, 0.00051107
0, 0.589331, 1.17866, 1.76799, 2.35732, 2.94665, 3.53598, 4.12532, 4.71465, 5.30398, 5.89331, 6.48264, 7.07197, 7.6613, 8.25063, 8.83996, 9.42929, 10.0186, 10.608, 11.1973, 11.7866, 12.3759, 12.9653, 13.5546, 14.1439, 14.7333, 15.3226, 15.9119, 16.5013, 17.0906, 17.6799, 18.2693, 18.8586, 19.4479, 20.0372, 20.6266, 21.2159, 21.8052, 22.3946, 22.9839, 23.5732, 24.1626, 24.7519, 25.3412, 25.9306, 26.5199, 27.1092, 27.6985, 28.2879, 28.8772, 29.4665, 30.0559, 30.6452, 31.2345, 31.8239, 32.4132, 33.0025, 33.5919, 34.1812, 34.7705
8.15393, 8.20186, 8.25115, 8.30187, 8.35408, 8.40786, 8.46329, 8.52044, 8.57941, 8.6403, 8.7032, 8.76823, 8.83551, 8.90516, 8.97733, 9.05218, 9.12987, 9.21057, 9.2945, 9.38187, 9.47291, 9.5679, 9.66713, 9.77091, 9.87962, 9.99366, 10.1135, 10.2396, 10.3725, 10.513, 10.6618, 10.8197, 10.9877, 11.167, 11.3589, 11.565, 11.7874, 12.0281, 12.2902, 12.577, 12.8928, 13.2434, 13.6359, 14.0801, 14.5894, 15.1829, 15.8899, 16.7576, 17.8712, 19.3729, 21.2176, 21.9474, 18.2813, 10.2484, 3.40537, 0.623291, 0.0603946, 0.0030244, 6.94795e-05, 2.73676e-07
8.15393, 8.20999, 8.26776, 8.32731, 8.38874, 8.45214, 8.51761, 8.58527, 8.65525, 8.72765, 8.80264, 8.88035, 8.96096, 9.04464, 9.13159, 9.22202, 9.31616, 9.41426, 9.51662, 9.62353, 9.73534, 9.85243, 9.97521, 10.1042, 10.2398, 10.3828, 10.5337, 10.6933, 10.8625, 11.0422, 11.2337, 11.4383, 11.6574, 11.8929, 12.147, 12.4223, 12.7219, 13.0495, 13.41, 13.8093, 14.255, 14.7571, 15.3287, 15.9881, 16.7612, 17.6867, 18.8258, 20.2848, 22.2794, 25.3115, 30.1604, 35.4981, 34.1253, 21.719, 7.99928, 1.59109, 0.165099, 0.0087676, 0.000222614, 1.47083e-06
30.9398
58.16
 
MEASUREMENT 221
1.4716, 4.41481, 7.36319, 10.3064, 13.2548, 16.2031, 19.1774, 22.1309, 25.0793, 28.0277, 30.9502, 33.8934
8.28684, 8.45354, 8.90039, 9.41332, 10.0696, 9.97406, 11.0737, 12.3104, 13.6893, 17.8357, 12.9245, 0.0521661
0.00921262, 0.0093863, 0.00996025, 0.0107521, 0.0114673, 0.011434, 0.0126361, 0.0139788, 0.0153068, 0.0199118, 0.0144948, 0.00051107
0, 0.589331, 1.17866, 1.76799, 2.35732, 2.94665, 3.53598, 4.12532, 4.71465, 5.30398, 5.89331, 6.48264, 7.07197, 7.6613, 8.25063, 8.83996, 9.42929, 10.0186, 10.608, 11.1973, 11.7866, 12.3759, 12.9653, 13.5546, 14.1439, 14.7333, 15.3226, 15.9119, 16.5013, 17.0906, 17.6799, 18.2693, 18.8586, 19.4479, 20.0372, 20.6266, 21.2159, 21.8052, 22.3946, 22.9839, 23.5732, 24.1626, 24.7519, 25.3412, 25.9306, 26.5199, 27.1092, 27.6985, 28.2879, 28.8772, 29.4665, 30.0559, 30.6452, 31.2345, 31.8239, 32.4132, 33.0025, 33.5919, 34.1812, 34.7705
8.16612, 8.21411, 8.26346, 8.31424, 8.36652, 8.42036, 8.47586, 8.53308, 8.59213, 8.65308, 8.71606, 8.78117, 8.84853, 8.91827, 8.99053, 9.06546, 9.14324, 9.22405, 9.30807, 9.39554, 9.48669, 9.5818, 9.68114, 9.78504, 9.89388, 10.008, 10.128, 10.2542, 10.3874, 10.528, 10.6769, 10.835, 11.0032, 11.1827, 11.3748, 11.5812, 11.8037, 12.0448, 12.3071, 12.5942, 12.9104, 13.2613, 13.6543, 14.0989, 14.6086, 15.2028, 15.9104, 16.779, 17.8937, 19.3967, 21.241, 21.9641, 18.2865, 10.2476, 3.40501, 0.623485, 0.0604688, 0.00303248, 6.98374e-05, 2.75438e-07
8.16612, 8.22227, 8.28012, 8.33976, 8.40128, 8.46478, 8.53035, 8.59812, 8.6682, 8.74072, 8.81582, 8.89365, 8.97438, 9.05819, 9.14527, 9.23584, 9.33012, 9.42838, 9.53089, 9.63797, 9.74995, 9.86722, 9.99019, 10.1193, 10.2552, 10.3984, 10.5495, 10.7094, 10.8788, 11.0589, 11.2507, 11.4555, 11.675, 11.9109, 12.1654, 12.4411, 12.7411, 13.0693, 13.4304, 13.8304, 14.2768, 14.7796, 15.3522, 16.0127, 16.7871, 17.7142, 18.8553, 20.3171, 22.3157, 25.3543, 30.2121, 35.551, 34.161, 21.734, 8.00462, 1.59283, 0.165434, 0.00879815, 0.000223901, 1.48216e-06
30.9392
58.16
 
MEASUREMENT 222
1.4716, 4.41481, 7.36319, 10.3064, 13.2548, 16.2031, 19.1774, 22.1309, 25.0793, 28.0277, 30.9502, 33.8934
8.78662, 8.96434, 9.45147, 9.98326, 10.6794, 10.5785, 11.7451, 13.0563, 14.5315, 18.9172, 13.7225, 0.0556529
0.00921262, 0.0093863, 0.00996025, 0.0107521, 0.0114673, 0.011434, 0.0126361, 0.0139788, 0.0153068, 0.0199118, 0.0144948, 0.00051107
0, 0.589331, 1.17866, 1.76799, 2.35732, 2.94665, 3.53598, 4.12532, 4.71465, 5.30398, 5.89331, 6.48264, 7.07197, 7.6613, 8.25063, 8.83996, 9.42929, 10.0186, 10.608, 11.1973, 11.7866, 12.3759, 12.9653, 13.5546, 14.1439, 14.7333, 15.3226, 15.9119, 16.5013, 17.0906, 17.6799, 18.2693, 18.8586, 19.4479, 20.0372, 20.6266, 21.2159, 21.8052, 22.3946, 22.9839, 23.5732, 24.1626, 24.7519, 25.3412, 25.9306, 26.5199, 27.1092, 27.6985, 28.2879, 28.8772, 29.4665, 30.0559, 30.6452, 31.2345, 31.8239, 32.4132, 33.0025, 33.5919, 34.1812, 34.7705
8.66195, 8.71286, 8.76522, 8.81909, 8.87455, 8.93168, 8.99056, 9.05127, 9.11391, 9.17858, 9.2454, 9.31447, 9.38594, 9.45993, 9.53659, 9.6161, 9.69862, 9.78434, 9.87349, 9.9663, 10.063, 10.1639, 10.2693, 10.3795, 10.495, 10.6162, 10.7434, 10.8774, 11.0186, 11.1678, 11.3258, 11.4935, 11.672, 11.8624, 12.0663, 12.2853, 12.5214, 12.7771, 13.0555, 13.3601, 13.6956, 14.068, 14.4849, 14.9567, 15.4976, 16.128, 16.8789, 17.8006, 18.9834, 20.5782, 22.5361, 23.3084, 19.416, 10.8906, 3.62336, 0.664572, 0.0645835, 0.00324652, 7.50757e-05, 2.96482e-07
8.66195, 8.7215, 8.78287, 8.84613, 8.91138, 8.97873, 9.04828, 9.12016, 9.19449, 9.27141, 9.35106, 9.43362, 9.51925, 9.60814, 9.70051, 9.79657, 9.89657, 10.0008, 10.1095, 10.2231, 10.3419, 10.4662, 10.5967, 10.7337, 10.8778, 11.0296, 11.1899, 11.3595, 11.5392, 11.7302, 11.9336, 12.1509, 12.3836, 12.6338, 12.9038, 13.1962, 13.5144, 13.8625, 14.2454, 14.6696, 15.1431, 15.6763, 16.2836, 16.984, 17.8053, 18.7885, 19.9985, 21.5484, 23.6674, 26.8887, 32.0381, 37.7019, 36.2427, 23.078, 8.5103, 1.69622, 0.176523, 0.0094099, 0.000240301, 1.59372e-06
30.9401
58.16
 
MEASUREMENT 223
1.4716, 4.41481, 7.36319, 10.3064, 13.2548, 16.2031, 19.1774, 22.1309, 25.0793, 28.0277, 30.9502, 33.8934
8.43355, 8.60104, 9.04265, 9.577, 10.2448, 10.1484, 11.2678, 12.5247, 13.9524, 18.15, 13.1763, 0.0527069
0.00921262, 0.0093863, 0.00996025, 0.0107521, 0.0114673, 0.011434, 0.0126361, 0.0139788, 0.0153068, 0.0199118, 0.0144948, 0.00051107
0, 0.589331, 1.17866, 1.76799, 2.35732, 2.94665, 3.53598, 4.12532, 4.71465, 5.30398, 5.89331, 6.48264, 7.07197, 7.6613, 8.25063, 8.83996, 9.42929, 10.0186, 10.608, 11.1973, 11.7866, 12.3759, 12.9653, 13.5546, 14.1439, 14.7333, 15.3226, 15.9119, 16.5013, 17.0906, 17.6799, 18.2693, 18.8586, 19.4479, 20.0372, 20.6266, 21.2159, 21.8052, 22.3946, 22.9839, 23.5732, 24.1626, 24.7519, 25.3412, 25.9306, 26.5199, 27.1092, 27.6985, 28.2879, 28.8772, 29.4665, 30.0559, 30.6452, 31.2345, 31.8239, 32.4132, 33.0025, 33.5919, 34.1812, 34.7705
8.3066, 8.35546, 8.40571, 8.45741, 8.51064, 8.56547, 8.62197, 8.68024, 8.74036, 8.80243, 8.86656, 8.93285, 9.00144, 9.07246, 9.14604, 9.22235, 9.30156, 9.38384, 9.46941, 9.55849, 9.65132, 9.74818, 9.84935, 9.95518, 10.066, 10.1823, 10.3045, 10.4331, 10.5687, 10.7119, 10.8636, 11.0247, 11.196, 11.3789, 11.5746, 11.7849, 12.0116, 12.2572, 12.5245, 12.817, 13.1393, 13.497, 13.8974, 14.3506, 14.8703, 15.476, 16.1975, 17.0832, 18.2201, 19.7539, 21.6412, 22.3951, 18.6558, 10.4488, 3.46394, 0.63156, 0.0608607, 0.00302596, 6.86529e-05, 2.69272e-07
8.3066, 8.36371, 8.42256, 8.48323, 8.54581, 8.61039, 8.6771, 8.74603, 8.81731, 8.89107, 8.96747, 9.04664, 9.12876, 9.21401, 9.30258, 9.39471, 9.49061, 9.59056, 9.69483, 9.80375, 9.91766, 10.0369, 10.162, 10.2934, 10.4316, 10.5772, 10.7309, 10.8936, 11.0659, 11.2491, 11.4442, 11.6525, 11.8758, 12.1157, 12.3746, 12.655, 12.9602, 13.294, 13.6613, 14.0681, 14.5222, 15.0336, 15.616, 16.2878, 17.0755, 18.0183, 19.1788, 20.6651, 22.6969, 25.7854, 30.7281, 36.1773, 34.779, 22.1134, 8.12514, 1.60976, 0.166111, 0.00875801, 0.000219942, 1.44291e-06
30.9393
58.17
 
MEASUREMENT 224
1.4716, 4.41481, 7.36319, 10.3064, 13.2548, 16.2031, 19.1774, 22.1309, 25.0793, 28.0277, 30.9502, 33.8934
8.11053, 8.27273, 8.71109, 9.21313, 9.85495, 9.76173, 10.8388, 12.048, 13.4081, 17.4569, 12.6621, 0.0507986
0.00921262, 0.0093863, 0.00996025, 0.0107521, 0.0114673, 0.011434, 0.0126361, 0.0139788, 0.0153068, 0.0199118, 0.0144948, 0.00051107
0, 0.589331, 1.17866, 1.76799, 2.35732, 2.94665, 3.53598, 4.12532, 4.71465, 5.30398, 5.89331, 6.48264, 7.07197, 7.6613, 8.25063, 8.83996, 9.42929, 10.0186, 10.608, 11.1973, 11.7866, 12.3759, 12.9653, 13.5546, 14.1439, 14.7333, 15.3226, 15.9119, 16.5013, 17.0906, 17.6799, 18.2693, 18.8586, 19.4479, 20.0372, 20.6266, 21.2159, 21.8052, 22.3946, 22.9839, 23.5732, 24.1626, 24.7519, 25.3412, 25.9306, 26.5199, 27.1092, 27.6985, 28.2879, 28.8772, 29.4665, 30.0559, 30.6452, 31.2345, 31.8239, 32.4132, 33.0025, 33.5919, 34.1812, 34.7705
7.9921, 8.03908, 8.0874, 8.13711, 8.18829, 8.24101, 8.29534, 8.35137, 8.40917, 8.46885, 8.53051, 8.59425, 8.6602, 8.72848, 8.79922, 8.87259, 8.94874, 9.02785, 9.11012, 9.19576, 9.28501, 9.37812, 9.47539, 9.57712, 9.68368, 9.79547, 9.91292, 10.0365, 10.1669, 10.3046, 10.4504, 10.6052, 10.7699, 10.9456, 11.1337, 11.3358, 11.5538, 11.7898, 12.0467, 12.3278, 12.6375, 12.9811, 13.3659, 13.8013, 14.3006, 14.8824, 15.5755, 16.4261, 17.5178, 18.9902, 20.8002, 21.519, 17.9237, 10.0414, 3.33146, 0.608218, 0.0587232, 0.00292697, 6.66963e-05, 2.61887e-07
7.9921, 8.04705, 8.10367, 8.16204, 8.22225, 8.28439, 8.34857, 8.41489, 8.48347, 8.55444, 8.62794, 8.70411, 8.78312, 8.86514, 8.95037, 9.039, 9.13127, 9.22744, 9.32776, 9.43255, 9.54214, 9.65691, 9.77726, 9.90366, 10.0366, 10.1767, 10.3246, 10.4811, 10.6469, 10.8231, 11.0108, 11.2113, 11.4261, 11.6569, 11.906, 12.1758, 12.4695, 12.7906, 13.144, 13.5354, 13.9722, 14.4643, 15.0246, 15.6709, 16.4287, 17.3358, 18.4523, 19.8823, 21.8371, 24.8086, 29.5629, 34.8024, 33.4585, 21.2825, 7.82689, 1.5529, 0.160563, 0.00848709, 0.000213969, 1.40716e-06
30.9396
58.16
 
MEASUREMENT 225
1.4716, 4.41481, 7.36319, 10.3064, 13.2548, 16.2031, 19.1774, 22.1309, 25.0793, 28.0277, 30.9502, 33.8934
8.10058, 8.26078, 8.69972, 9.18725, 9.84132, 9.73587, 10.8239, 12.0299, 13.3905, 17.4313, 12.6433, 0.0513773
0.00921262, 0.0093863, 0.00996025, 0.0107521, 0.0114673, 0.011434, 0.0126361, 0.0139788, 0.0153068, 0.0199118, 0.0144948, 0.00051107
0, 0.589331, 1.17866, 1.76799, 2.35732, 2.94665, 3.53598, 4.12532, 4.71465, 5.30398, 5.89331, 6.48264, 7.07197, 7.6613, 8.25063, 8.83996, 9.42929, 10.0186, 10.608, 11.1973, 11.7866, 12.3759, 12.9653, 13.5546, 14.1439, 14.7333, 15.3226, 15.9119, 16.5013, 17.0906, 17.6799, 18.2693, 18.8586, 19.4479, 20.0372, 20.6266, 21.2159, 21.8052, 22.3946, 22.9839, 23.5732, 24.1626, 24.7519, 25.3412, 25.9306, 26.5199, 27.1092, 27.6985, 28.2879, 28.8772, 29.4665, 30.0559, 30.6452, 31.2345, 31.8239, 32.4132, 33.0025, 33.5919, 34.1812, 34.7705
7.97834, 8.02525, 8.0735, 8.12314, 8.17424, 8.22688, 8.28113, 8.33707, 8.39479, 8.45438, 8.51595, 8.5796, 8.64545, 8.71362, 8.78427, 8.85753, 8.93357, 9.01256, 9.09471, 9.18023, 9.26935, 9.36233, 9.45945, 9.56105, 9.66746, 9.77908, 9.89637, 10.0198, 10.15, 10.2875, 10.4331, 10.5877, 10.7521, 10.9277, 11.1155, 11.3174, 11.535, 11.7707, 12.0273, 12.3081, 12.6173, 12.9606, 13.3449, 13.7799, 14.2786, 14.8598, 15.5522, 16.4022, 17.4933, 18.9645, 20.7695, 21.4777, 17.886, 10.0316, 3.33898, 0.613074, 0.059687, 0.00300818, 6.98741e-05, 2.76669e-07
7.97834, 8.0332, 8.08972, 8.14799, 8.2081, 8.27013, 8.3342, 8.40041, 8.46887, 8.53972, 8.61309, 8.68914, 8.76801, 8.84989, 8.93497, 9.02345, 9.11557, 9.21157, 9.31172, 9.41633, 9.52574, 9.64031, 9.76046, 9.88664, 10.0194, 10.1592, 10.3069, 10.4631, 10.6286, 10.8045, 10.9919, 11.1921, 11.4065, 11.637, 11.8856, 12.155, 12.4481, 12.7688, 13.1215, 13.5123, 13.9484, 14.4397, 14.9991, 15.6444, 16.401, 17.3068, 18.4217, 19.8499, 21.8029, 24.7722, 29.5168, 34.7246, 33.3636, 21.2385, 7.83401, 1.56293, 0.162932, 0.00870735, 0.00022323, 1.48502e-06
30.9394
58.16
 
MEASUREMENT 226
1.4716, 4.41481, 7.36319, 10.3064, 13.2548, 16.2031, 19.1774, 22.1309, 25.0793, 28.0277, 30.9502, 33.8934
8.10827, 8.27145, 8.7083, 9.21236, 9.85333, 9.76036, 10.8368, 12.0462, 13.406, 17.4554, 12.6599, 0.0500615
0.00921262, 0.0093863, 0.00996025, 0.0107521, 0.0114673, 0.011434, 0.0126361, 0.0139788, 0.0153068, 0.0199118, 0.0144948, 0.00051107
0, 0.589331, 1.17866, 1.76799, 2.35732, 2.94665, 3.53598, 4.12532, 4.71465, 5.30398, 5.89331, 6.48264, 7.07197, 7.6613, 8.25063, 8.83996, 9.42929, 10.0186, 10.608, 11.1973, 11.7866, 12.3759, 12.9653, 13.5546, 14.1439, 14.7333, 15.3226, 15.9119, 16.5013, 17.0906, 17.6799, 18.2693, 18.8586, 19.4479, 20.0372, 20.6266, 21.2159, 21.8052, 22.3946, 22.9839, 23.5732, 24.1626, 24.7519, 25.3412, 25.9306, 26.5199, 27.1092, 27.6985, 28.2879, 28.8772, 29.4665, 30.0559, 30.6452, 31.2345, 31.8239, 32.4132, 33.0025, 33.5919, 34.1812, 34.7705
7.99042, 8.03739, 8.0857, 8.13541, 8.18659, 8.2393, 8.29363, 8.34965, 8.40745, 8.46712, 8.52877, 8.59251, 8.65845, 8.72672, 8.79747, 8.87083, 8.94697, 9.02608, 9.10834, 9.19397, 9.28321, 9.37632, 9.47358, 9.57531, 9.68186, 9.79364, 9.91108, 10.0347, 10.165, 10.3027, 10.4485, 10.6033, 10.768, 10.9437, 11.1319, 11.334, 11.5519, 11.7879, 12.0448, 12.3259, 12.6356, 12.9793, 13.3641, 13.7995, 14.2987, 14.8806, 15.5737, 16.4243, 17.516, 18.9887, 20.8026, 21.5299, 17.9315, 10.0301, 3.31534, 0.601539, 0.0575702, 0.00283669, 6.33447e-05, 2.46842e-07
7.99042, 8.04536, 8.10197, 8.16033, 8.22052, 8.28265, 8.34682, 8.41312, 8.48169, 8.55265, 8.62614, 8.70229, 8.78129, 8.86329, 8.9485, 9.03712, 9.12937, 9.22552, 9.32582, 9.4306, 9.54017, 9.65491, 9.77524, 9.90161, 10.0346, 10.1746, 10.3225, 10.4789, 10.6447, 10.8209, 11.0086, 11.209, 11.4238, 11.6546, 11.9036, 12.1734, 12.467, 12.7881, 13.1414, 13.5327, 13.9695, 14.4615, 15.0216, 15.6678, 16.4255, 17.3324, 18.4486, 19.8781, 21.8319, 24.8015, 29.5585, 34.8161, 33.4787, 21.2671, 7.79324, 1.53681, 0.157517, 0.00823149, 0.000203912, 1.32592e-06
30.9391
58.16
 
MEASUREMENT 227
1.4716, 4.41481, 7.36319, 10.3064, 13.2548, 16.2031, 19.1774, 22.1309, 25.0793, 28.0277, 30.9502, 33.8934
8.63896, 8.8124, 9.27845, 9.82315, 10.4979, 10.4108, 11.545, 12.8342, 14.284, 18.5958, 13.4898, 0.0542939
0.00921262, 0.0093863, 0.00996025, 0.0107521, 0.0114673, 0.011434, 0.0126361, 0.0139788, 0.0153068, 0.0199118, 0.0144948, 0.00051107
0, 0.589331, 1.17866, 1.76799, 2.35732, 2.94665, 3.53598, 4.12532, 4.71465, 5.30398, 5.89331, 6.48264, 7.07197, 7.6613, 8.25063, 8.83996, 9.42929, 10.0186, 10.608, 11.1973, 11.7866, 12.3759, 12.9653, 13.5546, 14.1439, 14.7333, 15.3226, 15.9119, 16.5013, 17.0906, 17.6799, 18.2693, 18.8586, 19.4479, 20.0372, 20.6266, 21.2159, 21.8052, 22.3946, 22.9839, 23.5732, 24.1626, 24.7519, 25.3412, 25.9306, 26.5199, 27.1092, 27.6985, 28.2879, 28.8772, 29.4665, 30.0559, 30.6452, 31.2345, 31.8239, 32.4132, 33.0025, 33.5919, 34.1812, 34.7705
8.51561, 8.56566, 8.61714, 8.6701, 8.72462, 8.78078, 8.83866, 8.89835, 8.95993, 9.02351, 9.08919, 9.1571, 9.22735, 9.30008, 9.37545, 9.45361, 9.53473, 9.61901, 9.70665, 9.79788, 9.89295, 9.99214, 10.0958, 10.2041, 10.3176, 10.4367, 10.5618, 10.6935, 10.8324, 10.9791, 11.1344, 11.2992, 11.4747, 11.6619, 11.8623, 12.0775, 12.3097, 12.5611, 12.8347, 13.1341, 13.464, 13.83, 14.2398, 14.7036, 15.2353, 15.855, 16.593, 17.4989, 18.6614, 20.229, 22.1557, 22.9204, 19.0935, 10.7017, 3.5536, 0.649607, 0.0628265, 0.00313821, 7.17781e-05, 2.8216e-07
8.51561, 8.57417, 8.63449, 8.69669, 8.76084, 8.82705, 8.89543, 8.96609, 9.03916, 9.11478, 9.19309, 9.27425, 9.35844, 9.44583, 9.53663, 9.63107, 9.72938, 9.83184, 9.93874, 10.0504, 10.1672, 10.2894, 10.4177, 10.5523, 10.694, 10.8433, 11.0009, 11.1676, 11.3443, 11.532, 11.732, 11.9456, 12.1744, 12.4204, 12.6858, 12.9733, 13.2861, 13.6283, 14.0048, 14.4218, 14.8872, 15.4115, 16.0084, 16.697, 17.5044, 18.4708, 19.6603, 21.1838, 23.2663, 26.4318, 31.4958, 37.0766, 35.6501, 22.6875, 8.351, 1.65905, 0.171834, 0.00910249, 0.000230232, 1.51708e-06
30.94
58.16
 
MEASUREMENT 228
1.4716, 4.41481, 7.36319, 10.3064, 13.2548, 16.2031, 19.1774, 22.1309, 25.0793, 28.0277, 30.9502, 33.8934
8.34383, 8.50874, 8.95895, 9.47637, 10.1382, 10.0301, 11.149, 12.3923, 13.7936, 17.9557, 13.024, 0.0523041
0.00921262, 0.0093863, 0.00996025, 0.0107521, 0.0114673, 0.011434, 0.0126361, 0.0139788, 0.0153068, 0.0199118, 0.0144948, 0.00051107
0, 0.589331, 1.17866, 1.76799, 2.35732, 2.94665, 3.53598, 4.12532, 4.71465, 5.30398, 5.89331, 6.48264, 7.07197, 7.6613, 8.25063, 8.83996, 9.42929, 10.0186, 10.608, 11.1973, 11.7866, 12.3759, 12.9653, 13.5546, 14.1439, 14.7333, 15.3226, 15.9119, 16.5013, 17.0906, 17.6799, 18.2693, 18.8586, 19.4479, 20.0372, 20.6266, 21.2159, 21.8052, 22.3946, 22.9839, 23.5732, 24.1626, 24.7519, 25.3412, 25.9306, 26.5199, 27.1092, 27.6985, 28.2879, 28.8772, 29.4665, 30.0559, 30.6452, 31.2345, 31.8239, 32.4132, 33.0025, 33.5919, 34.1812, 34.7705
8.21967, 8.26799, 8.31768, 8.36882, 8.42146, 8.47569, 8.53157, 8.58919, 8.64865, 8.71004, 8.77346, 8.83902, 8.90685, 8.97708, 9.04985, 9.12531, 9.20364, 9.28501, 9.36963, 9.45772, 9.54952, 9.6453, 9.74534, 9.84999, 9.9596, 10.0746, 10.1954, 10.3225, 10.4566, 10.5983, 10.7483, 10.9075, 11.0769, 11.2576, 11.4512, 11.659, 11.8832, 12.126, 12.3902, 12.6794, 12.998, 13.3515, 13.7473, 14.1952, 14.7088, 15.3074, 16.0204, 16.8955, 18.0187, 19.5335, 21.3954, 22.1338, 18.4348, 10.3283, 3.42749, 0.626057, 0.0604913, 0.00301821, 6.88994e-05, 2.7078e-07
8.21967, 8.27618, 8.33442, 8.39445, 8.45637, 8.52028, 8.58629, 8.6545, 8.72503, 8.79802, 8.87361, 8.95196, 9.03322, 9.11757, 9.20522, 9.29638, 9.39128, 9.49018, 9.59337, 9.70114, 9.81386, 9.93189, 10.0557, 10.1857, 10.3224, 10.4665, 10.6186, 10.7795, 10.9501, 11.1313, 11.3244, 11.5306, 11.7515, 11.9889, 12.2451, 12.5226, 12.8246, 13.1549, 13.5183, 13.9208, 14.3702, 14.8763, 15.4525, 16.1173, 16.8967, 17.8297, 18.978, 20.4489, 22.4596, 25.5163, 30.4062, 35.792, 34.4059, 21.8849, 8.05005, 1.59791, 0.165337, 0.00874834, 0.000220901, 1.45438e-06
30.9395
58.16
 
MEASUREMENT 229
1.4716, 4.41481, 7.36319, 10.3064, 13.2548, 16.2031, 19.1774, 22.1309, 25.0793, 28.0277, 30.9502, 33.8934
8.37166, 8.54106, 8.994, 9.51053, 10.1739, 10.0896, 11.1893, 12.4378, 13.8433, 18.0237, 13.0729, 0.05317
0.00921262, 0.0093863, 0.00996025, 0.0107521, 0.0114673, 0.011434, 0.0126361, 0.0139788, 0.0153068, 0.0199118, 0.0144948, 0.00051107
0, 0.589331, 1.17866, 1.76799, 2.35732, 2.94665, 3.53598, 4.12532, 4.71465, 5.30398, 5.89331, 6.48264, 7.07197, 7.6613, 8.25063, 8.83996, 9.42929, 10.0186, 10.608, 11.1973, 11.7866, 12.3759, 12.9653, 13.5546, 14.1439, 14.7333, 15.3226, 15.9119, 16.5013, 17.0906, 17.6799, 18.2693, 18.8586, 19.4479, 20.0372, 20.6266, 21.2159, 21.8052, 22.3946, 22.9839, 23.5732, 24.1626, 24.7519, 25.3412, 25.9306, 26.5199, 27.1092, 27.6985, 28.2879, 28.8772, 29.4665, 30.0559, 30.6452, 31.2345, 31.8239, 32.4132, 33.0025, 33.5919, 34.1812, 34.7705
8.25176, 8.30027, 8.35016, 8.40149, 8.45433, 8.50876, 8.56486, 8.6227, 8.68239, 8.74401, 8.80767, 8.87348, 8.94157, 9.01207, 9.08511, 9.16086, 9.23949, 9.32117, 9.40611, 9.49454, 9.58668, 9.68282, 9.78325, 9.88829, 9.99832, 10.1137, 10.235, 10.3626, 10.4972, 10.6394, 10.79, 10.9498, 11.1198, 11.3013, 11.4955, 11.7042, 11.9292, 12.1729, 12.4381, 12.7284, 13.0481, 13.403, 13.8003, 14.2499, 14.7654, 15.3662, 16.0819, 16.9604, 18.0879, 19.6082, 21.4733, 22.2053, 18.4935, 10.3743, 3.45393, 0.63437, 0.0617803, 0.00311475, 7.23924e-05, 2.86604e-07
8.25176, 8.3085, 8.36696, 8.42723, 8.48939, 8.55355, 8.61981, 8.68829, 8.7591, 8.83238, 8.90826, 8.98691, 9.06848, 9.15317, 9.24116, 9.33268, 9.42795, 9.52723, 9.63082, 9.73901, 9.85217, 9.97066, 10.0949, 10.2254, 10.3627, 10.5074, 10.6601, 10.8216, 10.9928, 11.1748, 11.3686, 11.5755, 11.7973, 12.0357, 12.2929, 12.5714, 12.8746, 13.2062, 13.5711, 13.9752, 14.4262, 14.9343, 15.5128, 16.1802, 16.9627, 17.8995, 19.0524, 20.5294, 22.5489, 25.6192, 30.5253, 35.9128, 34.5111, 21.9748, 8.10818, 1.61819, 0.168754, 0.00902181, 0.000231414, 1.53976e-06
30.9397
58.16
 
MEASUREMENT 230
1.4716, 4.41481, 7.36319, 10.3064, 13.2548, 16.2031, 19.1774, 22.1309, 25.0793, 28.0277, 30.9502, 33.8934
8.45124, 8.62053, 9.07601, 9.58752, 10.2572, 10.1597, 11.294, 12.5537, 13.9725, 18.1892, 13.1943, 0.0522662
0.00921262, 0.0093863, 0.00996025, 0.0107521, 0.0114673, 0.011434, 0.0126361, 0.0139788, 0.0153068, 0.0199118, 0.0144948, 0.00051107
0, 0.589331, 1.17866, 1.76799, 2.35732, 2.94665, 3.53598, 4.12532, 4.71465, 5.30398, 5.89331, 6.48264, 7.07197, 7.6613, 8.25063, 8.83996, 9.42929, 10.0186, 10.608, 11.1973, 11.7866, 12.3759, 12.9653, 13.5546, 14.1439, 14.7333, 15.3226, 15.9119, 16.5013, 17.0906, 17.6799, 18.2693, 18.8586, 19.4479, 20.0372, 20.6266, 21.2159, 21.8052, 22.3946, 22.9839, 23.5732, 24.1626, 24.7519, 25.3412, 25.9306, 26.5199, 27.1092, 27.6985, 28.2879, 28.8772, 29.4665, 30.0559, 30.6452, 31.2345, 31.8239, 32.4132, 33.0025, 33.5919, 34.1812, 34.7705
8.32351, 8.37246, 8.4228, 8.4746, 8.52793, 8.58286, 8.63947, 8.69784, 8.75807, 8.82026, 8.88451, 8.95093, 9.01964, 9.09079, 9.16451, 9.24096, 9.32031, 9.40274, 9.48847, 9.57771, 9.67071, 9.76774, 9.8691, 9.97512, 10.0862, 10.2027, 10.3251, 10.4539, 10.5897, 10.7332, 10.8852, 11.0465, 11.2182, 11.4013, 11.5974, 11.8081, 12.0352, 12.2812, 12.549, 12.842, 13.1649, 13.5231, 13.9243, 14.3782, 14.8987, 15.5055, 16.2281, 17.1152, 18.2538, 19.79, 21.6816, 22.4386, 18.6865, 10.4531, 3.45657, 0.627698, 0.0601548, 0.0029696, 6.65321e-05, 2.59728e-07
8.32351, 8.38074, 8.43971, 8.5005, 8.56321, 8.62793, 8.69477, 8.76384, 8.83527, 8.90919, 8.98574, 9.06507, 9.14736, 9.23279, 9.32155, 9.41386, 9.50996, 9.61012, 9.71461, 9.82375, 9.93789, 10.0574, 10.1828, 10.3144, 10.4529, 10.5988, 10.7529, 10.9158, 11.0885, 11.2721, 11.4676, 11.6764, 11.9001, 12.1405, 12.4, 12.681, 12.9868, 13.3213, 13.6894, 14.097, 14.5521, 15.0646, 15.6482, 16.3214, 17.1107, 18.0556, 19.2185, 20.708, 22.7438, 25.8386, 30.7947, 36.2656, 34.8626, 22.1437, 8.11673, 1.60181, 0.164389, 0.0086062, 0.0002138, 1.39309e-06
30.9387
58.16
 
MEASUREMENT 231
1.4716, 4.41481, 7.36319, 10.3064, 13.2548, 16.2031, 19.1774, 22.1309, 25.0793, 28.0277, 30.9502, 33.8934
8.11462, 8.27686, 8.71378, 9.2167, 9.87138, 9.77639, 10.8417, 12.052, 13.4146, 17.4629, 12.6661, 0.0515682
0.00921262, 0.0093863, 0.00996025, 0.0107521, 0.0114673, 0.011434, 0.0126361, 0.0139788, 0.0153068, 0.0199118, 0.0144948, 0.00051107
0, 0.589331, 1.17866, 1.76799, 2.35732, 2.94665, 3.53598, 4.12532, 4.71465, 5.30398, 5.89331, 6.48264, 7.07197, 7.6613, 8.25063, 8.83996, 9.42929, 10.0186, 10.608, 11.1973, 11.7866, 12.3759, 12.9653, 13.5546, 14.1439, 14.7333, 15.3226, 15.9119, 16.5013, 17.0906, 17.6799, 18.2693, 18.8586, 19.4479, 20.0372, 20.6266, 21.2159, 21.8052, 22.3946, 22.9839, 23.5732, 24.1626, 24.7519, 25.3412, 25.9306, 26.5199, 27.1092, 27.6985, 28.2879, 28.8772, 29.4665, 30.0559, 30.6452, 31.2345, 31.8239, 32.4132, 33.0025, 33.5919, 34.1812, 34.7705
7.99793, 8.04493, 8.09327, 8.14301, 8.19421, 8.24695, 8.3013, 8.35734, 8.41517, 8.47488, 8.53656, 8.60033, 8.6663, 8.7346, 8.80537, 8.87877, 8.95495, 9.03409, 9.11638, 9.20205, 9.29133, 9.38447, 9.48177, 9.58354, 9.69013, 9.80195, 9.91943, 10.0431, 10.1735, 10.3112, 10.4571, 10.6119, 10.7766, 10.9524, 11.1406, 11.3427, 11.5606, 11.7967, 12.0536, 12.3348, 12.6445, 12.9882, 13.373, 13.8084, 14.3076, 14.8895, 15.5825, 16.4331, 17.5247, 18.9962, 20.8016, 21.5109, 17.918, 10.0542, 3.34841, 0.615181, 0.0599281, 0.00302206, 7.02665e-05, 2.78075e-07
7.99793, 8.05292, 8.10958, 8.168, 8.22825, 8.29043, 8.35465, 8.42102, 8.48965, 8.56067, 8.63422, 8.71045, 8.78951, 8.87159, 8.95687, 9.04557, 9.13791, 9.23414, 9.33453, 9.4394, 9.54906, 9.66391, 9.78434, 9.91083, 10.0439, 10.1841, 10.3321, 10.4886, 10.6546, 10.8309, 11.0187, 11.2194, 11.4343, 11.6653, 11.9146, 12.1846, 12.4784, 12.7998, 13.1534, 13.545, 13.9822, 14.4746, 15.0352, 15.682, 16.4403, 17.3481, 18.4654, 19.8966, 21.8533, 24.828, 29.5816, 34.8059, 33.4567, 21.3118, 7.86678, 1.57062, 0.163847, 0.00876191, 0.000224828, 1.4959e-06
30.9402
58.16
 
MEASUREMENT 232
1.4716, 4.41481, 7.36319, 10.3064, 13.2548, 16.2031, 19.1774, 22.1309, 25.0793, 28.0277, 30.9502, 33.8934
8.37151, 8.54026, 9.00295, 9.52098, 10.1727, 10.0762, 11.1875, 12.4341, 13.8279, 18.0171, 13.0574, 0.0515795
0.00921262, 0.0093863, 0.00996025, 0.0107521, 0.0114673, 0.011434, 0.0126361, 0.0139788, 0.0153068, 0.0199118, 0.0144948, 0.00051107
0, 0.589331, 1.17866, 1.76799, 2.35732, 2.94665, 3.53598, 4.12532, 4.71465, 5.30398, 5.89331, 6.48264, 7.07197, 7.6613, 8.25063, 8.83996, 9.42929, 10.0186, 10.608, 11.1973, 11.7866, 12.3759, 12.9653, 13.5546, 14.1439, 14.7333, 15.3226, 15.9119, 16.5013, 17.0906, 17.6799, 18.2693, 18.8586, 19.4479, 20.0372, 20.6266, 21.2159, 21.8052, 22.3946, 22.9839, 23.5732, 24.1626, 24.7519, 25.3412, 25.9306, 26.5199, 27.1092, 27.6985, 28.2879, 28.8772, 29.4665, 30.0559, 30.6452, 31.2345, 31.8239, 32.4132, 33.0025, 33.5919, 34.1812, 34.7705
8.25301, 8.30148, 8.35133, 8.40263, 8.45544, 8.50983, 8.56588, 8.62368, 8.68332, 8.7449, 8.80851, 8.87427, 8.94231, 9.01275, 9.08573, 9.16142, 9.23998, 9.32159, 9.40646, 9.4948, 9.58686, 9.68291, 9.78324, 9.88819, 9.9981, 10.1134, 10.2345, 10.362, 10.4965, 10.6385, 10.7889, 10.9485, 11.1183, 11.2996, 11.4936, 11.702, 11.9267, 12.17, 12.4348, 12.7247, 13.0439, 13.3981, 13.7947, 14.2434, 14.7579, 15.3574, 16.0712, 16.9472, 18.071, 19.5865, 21.4531, 22.2025, 18.495, 10.3469, 3.41957, 0.620067, 0.0592737, 0.00291541, 6.48991e-05, 2.52244e-07
8.25301, 8.30975, 8.36822, 8.42849, 8.49067, 8.55483, 8.6211, 8.68959, 8.76041, 8.8337, 8.90959, 8.98825, 9.06983, 9.15453, 9.24253, 9.33406, 9.42934, 9.52864, 9.63223, 9.74044, 9.85361, 9.97212, 10.0964, 10.2269, 10.3642, 10.5089, 10.6616, 10.8231, 10.9944, 11.1763, 11.3702, 11.5772, 11.7989, 12.0373, 12.2945, 12.5731, 12.8763, 13.2079, 13.5728, 13.9769, 14.4279, 14.936, 15.5144, 16.1817, 16.9641, 17.9005, 19.0529, 20.5286, 22.5451, 25.6095, 30.5203, 35.9596, 34.5996, 21.9911, 8.05983, 1.58876, 0.162678, 0.00848726, 0.000209694, 1.36046e-06
30.94
58.16
 
MEASUREMENT 233
1.4716, 4.41481, 7.36319, 10.3064, 13.2548, 16.2031, 19.1774, 22.1309, 25.0793, 28.0277, 30.9502, 33.8934
8.33787, 8.504, 8.94315, 9.47067, 10.1327, 10.0359, 11.141, 12.385, 13.7961, 17.9456, 13.0271, 0.0521596
0.00921262, 0.0093863, 0.00996025, 0.0107521, 0.0114673, 0.011434, 0.0126361, 0.0139788, 0.0153068, 0.0199118, 0.0144948, 0.00051107
0, 0.589331, 1.17866, 1.76799, 2.35732, 2.94665, 3.53598, 4.12532, 4.71465, 5.30398, 5.89331, 6.48264, 7.07197, 7.6613, 8.25063, 8.83996, 9.42929, 10.0186, 10.608, 11.1973, 11.7866, 12.3759, 12.9653, 13.5546, 14.1439, 14.7333, 15.3226, 15.9119, 16.5013, 17.0906, 17.6799, 18.2693, 18.8586, 19.4479, 20.0372, 20.6266, 21.2159, 21.8052, 22.3946, 22.9839, 23.5732, 24.1626, 24.7519, 25.3412, 25.9306, 26.5199, 27.1092, 27.6985, 28.2879, 28.8772, 29.4665, 30.0559, 30.6452, 31.2345, 31.8239, 32.4132, 33.0025, 33.5919, 34.1812, 34.7705
8.21408, 8.26239, 8.31208, 8.3632, 8.41583, 8.47004, 8.52591, 8.58353, 8.64297, 8.70435, 8.76775, 8.8333, 8.90112, 8.97134, 9.0441, 9.11955, 9.19787, 9.27923, 9.36384, 9.45191, 9.5437, 9.63946, 9.7395, 9.84414, 9.95374, 10.0687, 10.1895, 10.3167, 10.4507, 10.5924, 10.7424, 10.9016, 11.071, 11.2518, 11.4453, 11.6532, 11.8774, 12.1202, 12.3845, 12.6737, 12.9923, 13.3459, 13.7419, 14.19, 14.7037, 15.3026, 16.0159, 16.8915, 18.0154, 19.5317, 21.397, 22.141, 18.4436, 10.3308, 3.42563, 0.624842, 0.0602506, 0.00299808, 6.81177e-05, 2.67305e-07
8.21408, 8.27056, 8.32875, 8.38875, 8.45063, 8.51449, 8.58045, 8.64862, 8.71911, 8.79205, 8.86759, 8.94588, 9.02708, 9.11138, 9.19897, 9.29007, 9.38491, 9.48374, 9.58685, 9.69456, 9.8072, 9.92515, 10.0488, 10.1788, 10.3154, 10.4594, 10.6114, 10.7722, 10.9427, 11.1238, 11.3167, 11.5227, 11.7435, 11.9808, 12.2368, 12.5141, 12.8159, 13.146, 13.5092, 13.9114, 14.3604, 14.8662, 15.4421, 16.1064, 16.8853, 17.8176, 18.9652, 20.435, 22.4442, 25.4984, 30.3859, 35.7729, 34.3894, 21.8677, 8.03687, 1.59296, 0.164481, 0.00867921, 0.000218239, 1.43291e-06
30.9394
58.17
 
MEASUREMENT 234
1.4716, 4.41481, 7.36319, 10.3064, 13.2548, 16.2031, 19.1774, 22.1309, 25.0793, 28.0277, 30.9502, 33.8934
7.87409, 8.0302, 8.45702, 8.94382, 9.5673, 9.47459, 10.5211, 11.6942, 13.0156, 16.9461, 12.293, 0.0490105
0.00921262, 0.0093863, 0.00996025, 0.0107521, 0.0114673, 0.011434, 0.0126361, 0.0139788, 0.0153068, 0.0199118, 0.0144948, 0.00051107
0, 0.589331, 1.17866, 1.76799, 2.35732, 2.94665, 3.53598, 4.12532, 4.71465, 5.30398, 5.89331, 6.48264, 7.07197, 7.6613, 8.25063, 8.83996, 9.42929, 10.0186, 10.608, 11.1973, 11.7866, 12.3759, 12.9653, 13.5546, 14.1439, 14.7333, 15.3226, 15.9119, 16.5013, 17.0906, 17.6799, 18.2693, 18.8586, 19.4479, 20.0372, 20.6266, 21.2159, 21.8052, 22.3946, 22.9839, 23.5732, 24.1626, 24.7519, 25.3412, 25.9306, 26.5199, 27.1092, 27.6985, 28.2879, 28.8772, 29.4665, 30.0559, 30.6452, 31.2345, 31.8239, 32.4132, 33.0025, 33.5919, 34.1812, 34.7705
7.75831, 7.80391, 7.85081, 7.89907, 7.94875, 7.99993, 8.05266, 8.10705, 8.16316, 8.22109, 8.28094, 8.34282, 8.40684, 8.47311, 8.54179, 8.61301, 8.68692, 8.76372, 8.84358, 8.92671, 9.01334, 9.10372, 9.19814, 9.2969, 9.40034, 9.50884, 9.62285, 9.74284, 9.86936, 10.003, 10.1446, 10.2948, 10.4547, 10.6253, 10.8079, 11.0041, 11.2156, 11.4447, 11.694, 11.9669, 12.2675, 12.6011, 12.9746, 13.3972, 13.8817, 14.4465, 15.1191, 15.9447, 17.0041, 18.433, 20.1916, 20.8951, 17.4069, 9.74702, 3.22875, 0.587805, 0.0565162, 0.00280128, 6.32122e-05, 2.47193e-07
7.75831, 7.81165, 7.86661, 7.92327, 7.98172, 8.04204, 8.10434, 8.16872, 8.2353, 8.30419, 8.37554, 8.44948, 8.52618, 8.6058, 8.68853, 8.77457, 8.86414, 8.95749, 9.05488, 9.1566, 9.26299, 9.37439, 9.49122, 9.61392, 9.74299, 9.87899, 10.0226, 10.1744, 10.3354, 10.5065, 10.6887, 10.8833, 11.0918, 11.3159, 11.5577, 11.8196, 12.1046, 12.4163, 12.7593, 13.1393, 13.5633, 14.041, 14.5848, 15.2122, 15.9477, 16.8282, 17.9118, 19.2996, 21.1964, 24.0793, 28.6951, 33.7927, 32.4992, 20.6654, 7.58889, 1.50154, 0.154614, 0.00812756, 0.000203167, 1.32843e-06
30.9398
58.16
 
MEASUREMENT 235
1.4716, 4.41481, 7.36319, 10.3064, 13.2548, 16.2031, 19.1774, 22.1309, 25.0793, 28.0277, 30.9502, 33.8934
7.93847, 8.09861, 8.52551, 9.00571, 9.64707, 9.55462, 10.6078, 11.7918, 13.1247, 17.0857, 12.3923, 0.0494602
0.00921262, 0.0093863, 0.00996025, 0.0107521, 0.0114673, 0.011434, 0.0126361, 0.0139788, 0.0153068, 0.0199118, 0.0144948, 0.00051107
0, 0.589331, 1.17866, 1.76799, 2.35732, 2.94665, 3.53598, 4.12532, 4.71465, 5.30398, 5.89331, 6.48264, 7.07197, 7.6613, 8.25063, 8.83996, 9.42929, 10.0186, 10.608, 11.1973, 11.7866, 12.3759, 12.9653, 13.5546, 14.1439, 14.7333, 15.3226, 15.9119, 16.5013, 17.0906, 17.6799, 18.2693, 18.8586, 19.4479, 20.0372, 20.6266, 21.2159, 21.8052, 22.3946, 22.9839, 23.5732, 24.1626, 24.7519, 25.3412, 25.9306, 26.5199, 27.1092, 27.6985, 28.2879, 28.8772, 29.4665, 30.0559, 30.6452, 31.2345, 31.8239, 32.4132, 33.0025, 33.5919, 34.1812, 34.7705
7.82118, 7.86716, 7.91445, 7.96311, 8.0132, 8.0648, 8.11798, 8.17281, 8.22939, 8.28781, 8.34815, 8.41055, 8.47509, 8.54192, 8.61117, 8.68298, 8.75752, 8.83495, 8.91548, 8.9993, 9.08666, 9.17779, 9.273, 9.37258, 9.47689, 9.5863, 9.70127, 9.82226, 9.94985, 10.0847, 10.2274, 10.3789, 10.5401, 10.7121, 10.8963, 11.0941, 11.3074, 11.5385, 11.7899, 12.0652, 12.3683, 12.7047, 13.0814, 13.5077, 13.9965, 14.5661, 15.2447, 16.0775, 17.1465, 18.5883, 20.3618, 21.0672, 17.5448, 9.82252, 3.25441, 0.592894, 0.0570783, 0.00283448, 6.41717e-05, 2.51425e-07
7.82118, 7.87495, 7.93036, 7.98749, 8.04641, 8.10722, 8.17003, 8.23493, 8.30205, 8.3715, 8.44343, 8.51797, 8.5953, 8.67556, 8.75897, 8.84571, 8.93601, 9.03012, 9.1283, 9.23085, 9.3381, 9.45042, 9.5682, 9.6919, 9.82202, 9.95913, 10.1039, 10.257, 10.4193, 10.5917, 10.7754, 10.9716, 11.1818, 11.4078, 11.6515, 11.9156, 12.2029, 12.5172, 12.8631, 13.2461, 13.6736, 14.1552, 14.7036, 15.3361, 16.0778, 16.9656, 18.0583, 19.4579, 21.3711, 24.2794, 28.9341, 34.0658, 32.7468, 20.8161, 7.64496, 1.51359, 0.156044, 0.00821786, 0.000206019, 1.35016e-06
30.9391
58.16
 
MEASUREMENT 236
1.4716, 4.41481, 7.36319, 10.3064, 13.2548, 16.2031, 19.1774, 22.1309, 25.0793, 28.0277, 30.9502, 33.8934
7.99769, 8.15525, 8.5886, 9.09398, 9.71643, 9.62365, 10.684, 11.8758, 13.2186, 17.2083, 12.4822, 0.049932
0.00921262, 0.0093863, 0.00996025, 0.0107521, 0.0114673, 0.011434, 0.0126361, 0.0139788, 0.0153068, 0.0199118, 0.0144948, 0.00051107
0, 0.589331, 1.17866, 1.76799, 2.35732, 2.94665, 3.53598, 4.12532, 4.71465, 5.30398, 5.89331, 6.48264, 7.07197, 7.6613, 8.25063, 8.83996, 9.42929, 10.0186, 10.608, 11.1973, 11.7866, 12.3759, 12.9653, 13.5546, 14.1439, 14.7333, 15.3226, 15.9119, 16.5013, 17.0906, 17.6799, 18.2693, 18.8586, 19.4479, 20.0372, 20.6266, 21.2159, 21.8052, 22.3946, 22.9839, 23.5732, 24.1626, 24.7519, 25.3412, 25.9306, 26.5199, 27.1092, 27.6985, 28.2879, 28.8772, 29.4665, 30.0559, 30.6452, 31.2345, 31.8239, 32.4132, 33.0025, 33.5919, 34.1812, 34.7705
7.88095, 7.92726, 7.97489, 8.0239, 8.07435, 8.12631, 8.17987, 8.23509, 8.29207, 8.3509, 8.41168, 8.47451, 8.53952, 8.60682, 8.67655, 8.74887, 8.82393, 8.90191, 8.983, 9.06741, 9.15538, 9.24715, 9.34302, 9.4433, 9.54833, 9.6585, 9.77426, 9.89609, 10.0246, 10.1603, 10.304, 10.4565, 10.6188, 10.792, 10.9774, 11.1766, 11.3913, 11.6239, 11.8771, 12.1541, 12.4592, 12.7978, 13.1769, 13.6059, 14.0978, 14.671, 15.3536, 16.1914, 17.2664, 18.7161, 20.4995, 21.2117, 17.6725, 9.90034, 3.28251, 0.598407, 0.0576406, 0.00286358, 6.488e-05, 2.53985e-07
7.88095, 7.93514, 7.99097, 8.04853, 8.1079, 8.16917, 8.23245, 8.29785, 8.36548, 8.43546, 8.50793, 8.58304, 8.66095, 8.74183, 8.82586, 8.91326, 9.00425, 9.09907, 9.19799, 9.30132, 9.40939, 9.52255, 9.64122, 9.76585, 9.89696, 10.0351, 10.1809, 10.3352, 10.4987, 10.6725, 10.8576, 11.0552, 11.267, 11.4946, 11.7402, 12.0063, 12.2958, 12.6125, 12.9609, 13.3467, 13.7775, 14.2626, 14.815, 15.4523, 16.1994, 17.0936, 18.1942, 19.6038, 21.5302, 24.4581, 29.1451, 34.3214, 33.013, 21.0032, 7.72041, 1.52972, 0.15781, 0.00831486, 0.000208584, 1.3667e-06
30.9402
58.16
 
MEASUREMENT 237
1.4716, 4.41481, 7.36319, 10.3064, 13.2548, 16.2031, 19.1774, 22.1309, 25.0793, 28.0277, 30.9502, 33.8934
8.59538, 8.76838, 9.24456, 9.76441, 10.4455, 10.3462, 11.4867, 12.7691, 14.2009, 18.5023, 13.4111, 0.0546772
0.00921262, 0.0093863, 0.00996025, 0.0107521, 0.0114673, 0.011434, 0.0126361, 0.0139788, 0.0153068, 0.0199118, 0.0144948, 0.00051107
0, 0.589331, 1.17866, 1.76799, 2.35732, 2.94665, 3.53598, 4.12532, 4.71465, 5.30398, 5.89331, 6.48264, 7.07197, 7.6613, 8.25063, 8.83996, 9.42929, 10.0186, 10.608, 11.1973, 11.7866, 12.3759, 12.9653, 13.5546, 14.1439, 14.7333, 15.3226, 15.9119, 16.5013, 17.0906, 17.6799, 18.2693, 18.8586, 19.4479, 20.0372, 20.6266, 21.2159, 21.8052, 22.3946, 22.9839, 23.5732, 24.1626, 24.7519, 25.3412, 25.9306, 26.5199, 27.1092, 27.6985, 28.2879, 28.8772, 29.4665, 30.0559, 30.6452, 31.2345, 31.8239, 32.4132, 33.0025, 33.5919, 34.1812, 34.7705
8.47237, 8.52215, 8.57334, 8.62602, 8.68025, 8.7361, 8.79367, 8.85303, 8.91428, 8.97751, 9.04284, 9.11038, 9.18025, 9.25259, 9.32755, 9.40528, 9.48596, 9.56977, 9.65693, 9.74767, 9.84222, 9.94086, 10.0439, 10.1517, 10.2646, 10.383, 10.5074, 10.6384, 10.7765, 10.9223, 11.0768, 11.2408, 11.4152, 11.6014, 11.8006, 12.0147, 12.2455, 12.4955, 12.7676, 13.0653, 13.3933, 13.7572, 14.1647, 14.6258, 15.1545, 15.7706, 16.5044, 17.4051, 18.5609, 20.1189, 22.0292, 22.7763, 18.9688, 10.644, 3.54607, 0.651973, 0.0635854, 0.00321159, 7.48764e-05, 2.96658e-07
8.47237, 8.53062, 8.59064, 8.65252, 8.71634, 8.78222, 8.85025, 8.92055, 8.99326, 9.06849, 9.1464, 9.22715, 9.31091, 9.39786, 9.4882, 9.58216, 9.67997, 9.78191, 9.88826, 9.99935, 10.1155, 10.2372, 10.3648, 10.4988, 10.6397, 10.7882, 10.945, 11.1109, 11.2867, 11.4734, 11.6724, 11.8849, 12.1126, 12.3573, 12.6214, 12.9074, 13.2187, 13.5591, 13.9337, 14.3486, 14.8117, 15.3333, 15.9273, 16.6124, 17.4158, 18.3775, 19.5611, 21.0774, 23.1507, 26.3026, 31.3383, 36.8682, 35.4335, 22.5715, 8.33472, 1.66528, 0.173925, 0.00931567, 0.00023962, 1.59713e-06
30.9401
58.16
 
MEASUREMENT 238
1.4716, 4.41481, 7.36319, 10.3064, 13.2548, 16.2031, 19.1774, 22.1309, 25.0793, 28.0277, 30.9502, 33.8934
8.49328, 8.66499, 9.10887, 9.64742, 10.3203, 10.2224, 11.3488, 12.617, 14.054, 18.2814, 13.2705, 0.0528936
0.00921262, 0.0093863, 0.00996025, 0.0107521, 0.0114673, 0.011434, 0.0126361, 0.0139788, 0.0153068, 0.0199118, 0.0144948, 0.00051107
0, 0.589331, 1.17866, 1.76799, 2.35732, 2.94665, 3.53598, 4.12532, 4.71465, 5.30398, 5.89331, 6.48264, 7.07197, 7.6613, 8.25063, 8.83996, 9.42929, 10.0186, 10.608, 11.1973, 11.7866, 12.3759, 12.9653, 13.5546, 14.1439, 14.7333, 15.3226, 15.9119, 16.5013, 17.0906, 17.6799, 18.2693, 18.8586, 19.4479, 20.0372, 20.6266, 21.2159, 21.8052, 22.3946, 22.9839, 23.5732, 24.1626, 24.7519, 25.3412, 25.9306, 26.5199, 27.1092, 27.6985, 28.2879, 28.8772, 29.4665, 30.0559, 30.6452, 31.2345, 31.8239, 32.4132, 33.0025, 33.5919, 34.1812, 34.7705
8.36728, 8.4165, 8.46711, 8.51919, 8.57281, 8.62803, 8.68495, 8.74364, 8.80419, 8.86671, 8.93131, 8.99809, 9.06717, 9.1387, 9.21282, 9.28969, 9.36947, 9.45235, 9.53854, 9.62827, 9.72177, 9.81933, 9.92124, 10.0278, 10.1395, 10.2566, 10.3797, 10.5092, 10.6458, 10.7901, 10.9429, 11.1051, 11.2776, 11.4618, 11.659, 11.8708, 12.0992, 12.3465, 12.6158, 12.9104, 13.235, 13.5952, 13.9986, 14.4551, 14.9785, 15.5886, 16.3153, 17.2073, 18.3523, 19.8971, 21.7987, 22.5595, 18.7918, 10.5206, 3.48451, 0.634346, 0.0609988, 0.00302439, 6.82827e-05, 2.67313e-07
8.36728, 8.42482, 8.48409, 8.5452, 8.60824, 8.6733, 8.74049, 8.80993, 8.88173, 8.95603, 9.03298, 9.11273, 9.19545, 9.28132, 9.37055, 9.46335, 9.55995, 9.66063, 9.76567, 9.87538, 9.99012, 10.1103, 10.2363, 10.3686, 10.5078, 10.6545, 10.8094, 10.9732, 11.1468, 11.3313, 11.5278, 11.7377, 11.9625, 12.2043, 12.465, 12.7475, 13.055, 13.3912, 13.7612, 14.1709, 14.6283, 15.1435, 15.7302, 16.4069, 17.2003, 18.1501, 19.319, 20.8162, 22.8626, 25.9735, 30.9533, 36.447, 35.0396, 22.2716, 8.1761, 1.61745, 0.166552, 0.00875707, 0.00021899, 1.43274e-06
30.9392
58.17
 
MEASUREMENT 239
1.4716, 4.41481, 7.36319, 10.3064, 13.2548, 16.2031, 19.1774, 22.1309, 25.0793, 28.0277, 30.9502, 33.8934
8.56732, 8.73671, 9.20235, 9.73083, 10.4095, 10.3118, 11.4472, 12.7244, 14.1508, 18.438, 13.3634, 0.0544193
0.00921262, 0.0093863, 0.00996025, 0.0107521, 0.0114673, 0.011434, 0.0126361, 0.0139788, 0.0153068, 0.0199118, 0.0144948, 0.00051107
0, 0.589331, 1.17866, 1.76799, 2.35732, 2.94665, 3.53598, 4.12532, 4.71465, 5.30398, 5.89331, 6.48264, 7.07197, 7.6613, 8.25063, 8.83996, 9.42929, 10.0186, 10.608, 11.1973, 11.7866, 12.3759, 12.9653, 13.5546, 14.1439, 14.7333, 15.3226, 15.9119, 16.5013, 17.0906, 17.6799, 18.2693, 18.8586, 19.4479, 20.0372, 20.6266, 21.2159, 21.8052, 22.3946, 22.9839, 23.5732, 24.1626, 24.7519, 25.3412, 25.9306, 26.5199, 27.1092, 27.6985, 28.2879, 28.8772, 29.4665, 30.0559, 30.6452, 31.2345, 31.8239, 32.4132, 33.0025, 33.5919, 34.1812, 34.7705
8.44172, 8.49132, 8.54234, 8.59484, 8.64888, 8.70454, 8.76191, 8.82106, 8.8821, 8.94512, 9.01022, 9.07752, 9.14715, 9.21925, 9.29394, 9.37141, 9.45181, 9.53534, 9.6222, 9.71262, 9.80685, 9.90516, 10.0079, 10.1153, 10.2278, 10.3458, 10.4698, 10.6003, 10.7379, 10.8833, 11.0373, 11.2006, 11.3745, 11.5601, 11.7587, 11.972, 12.2021, 12.4512, 12.7224, 13.0192, 13.346, 13.7088, 14.115, 14.5746, 15.1016, 15.7157, 16.4472, 17.3452, 18.4975, 20.051, 21.9556, 22.6992, 18.9014, 10.6032, 3.53123, 0.649002, 0.0632715, 0.00319451, 7.44287e-05, 2.94917e-07
8.44172, 8.49976, 8.55957, 8.62122, 8.68481, 8.75045, 8.81824, 8.88829, 8.96073, 9.0357, 9.11333, 9.19379, 9.27724, 9.36388, 9.45389, 9.54751, 9.64498, 9.74655, 9.85252, 9.96321, 10.079, 10.2002, 10.3273, 10.4608, 10.6013, 10.7492, 10.9055, 11.0707, 11.2459, 11.432, 11.6303, 11.842, 12.0689, 12.3128, 12.5759, 12.8609, 13.171, 13.5103, 13.8835, 14.2969, 14.7584, 15.2782, 15.87, 16.5528, 17.3533, 18.3117, 19.4912, 21.0023, 23.0686, 26.2102, 31.2291, 36.7372, 35.2995, 22.4783, 8.29701, 1.65706, 0.172995, 0.00926211, 0.000238108, 1.58679e-06
30.9397
58.16
 
MEASUREMENT 240
1.4716, 4.41481, 7.36319, 10.3064, 13.2548, 16.2031, 19.1774, 22.1309, 25.0793, 28.0277, 30.9502, 33.8934
8.35403, 8.523, 8.97596, 9.49293, 10.1552, 10.0576, 11.1669, 12.4116, 13.8271, 17.9867, 13.0562, 0.0519283
0.00921262, 0.0093863, 0.00996025, 0.0107521, 0.0114673, 0.011434, 0.0126361, 0.0139788, 0.0153068, 0.0199118, 0.0144948, 0.00051107
0, 0.589331, 1.17866, 1.76799, 2.35732, 2.94665, 3.53598, 4.12532, 4.71465, 5.30398, 5.89331, 6.48264, 7.07197, 7.6613, 8.25063, 8.83996, 9.42929, 10.0186, 10.608, 11.1973, 11.7866, 12.3759, 12.9653, 13.5546, 14.1439, 14.7333, 15.3226, 15.9119, 16.5013, 17.0906, 17.6799, 18.2693, 18.8586, 19.4479, 20.0372, 20.6266, 21.2159, 21.8052, 22.3946, 22.9839, 23.5732, 24.1626, 24.7519, 25.3412, 25.9306, 26.5199, 27.1092, 27.6985, 28.2879, 28.8772, 29.4665, 30.0559, 30.6452, 31.2345, 31.8239, 32.4132, 33.0025, 33.5919, 34.1812, 34.7705
8.23402, 8.28244, 8.33224, 8.38348, 8.43622, 8.49056, 8.54655, 8.60429, 8.66387, 8.72538, 8.78893, 8.85463, 8.9226, 8.99297, 9.06589, 9.14151, 9.21999, 9.30154, 9.38633, 9.4746, 9.56659, 9.66256, 9.76282, 9.86768, 9.97752, 10.0927, 10.2138, 10.3412, 10.4756, 10.6175, 10.7678, 10.9274, 11.0972, 11.2783, 11.4723, 11.6806, 11.9053, 12.1486, 12.4134, 12.7032, 13.0225, 13.3768, 13.7735, 14.2225, 14.7372, 15.3372, 16.0518, 16.9289, 18.0546, 19.5733, 21.4437, 22.1947, 18.4908, 10.3515, 3.42681, 0.623187, 0.0598261, 0.0029594, 6.65451e-05, 2.59975e-07
8.23402, 8.29064, 8.34897, 8.40911, 8.47114, 8.53516, 8.60128, 8.66961, 8.74027, 8.81338, 8.88911, 8.96759, 9.04899, 9.13349, 9.22129, 9.31261, 9.40767, 9.50675, 9.61011, 9.71807, 9.83098, 9.94922, 10.0732, 10.2034, 10.3404, 10.4848, 10.6371, 10.7983, 10.9692, 11.1507, 11.3441, 11.5506, 11.7719, 12.0098, 12.2664, 12.5444, 12.8469, 13.1778, 13.5418, 13.945, 14.3951, 14.902, 15.4792, 16.1451, 16.9258, 17.8603, 19.0103, 20.4833, 22.4964, 25.5561, 30.4559, 35.869, 34.4952, 21.9277, 8.04677, 1.59032, 0.163496, 0.00857699, 0.000213732, 1.39479e-06
30.9396
58.17
 
MEASUREMENT 241
1.4716, 4.41481, 7.36319, 10.3064, 13.2548, 16.2031, 19.1774, 22.1309, 25.0793, 28.0277, 30.9502, 33.8934
8.15012, 8.31317, 8.75311, 9.25833, 9.90421, 9.80914, 10.8908, 12.1057, 13.4741, 17.5411, 12.7225, 0.051944
0.00921262, 0.0093863, 0.00996025, 0.0107521, 0.0114673, 0.011434, 0.0126361, 0.0139788, 0.0153068, 0.0199118, 0.0144948, 0.00051107
0, 0.589331, 1.17866, 1.76799, 2.35732, 2.94665, 3.53598, 4.12532, 4.71465, 5.30398, 5.89331, 6.48264, 7.07197, 7.6613, 8.25063, 8.83996, 9.42929, 10.0186, 10.608, 11.1973, 11.7866, 12.3759, 12.9653, 13.5546, 14.1439, 14.7333, 15.3226, 15.9119, 16.5013, 17.0906, 17.6799, 18.2693, 18.8586, 19.4479, 20.0372, 20.6266, 21.2159, 21.8052, 22.3946, 22.9839, 23.5732, 24.1626, 24.7519, 25.3412, 25.9306, 26.5199, 27.1092, 27.6985, 28.2879, 28.8772, 29.4665, 30.0559, 30.6452, 31.2345, 31.8239, 32.4132, 33.0025, 33.5919, 34.1812, 34.7705
8.03116, 8.07837, 8.12692, 8.17687, 8.2283, 8.28127, 8.33586, 8.39216, 8.45024, 8.51021, 8.57216, 8.63621, 8.70248, 8.77108, 8.84217, 8.91589, 8.99241, 9.0719, 9.15456, 9.24061, 9.33029, 9.42385, 9.52158, 9.62381, 9.73088, 9.8432, 9.96121, 10.0854, 10.2164, 10.3548, 10.5013, 10.6568, 10.8223, 10.9989, 11.1879, 11.391, 11.6099, 11.8471, 12.1052, 12.3876, 12.6988, 13.0441, 13.4307, 13.8683, 14.3699, 14.9546, 15.651, 16.5058, 17.603, 19.0822, 20.896, 21.6059, 17.9947, 10.0988, 3.36555, 0.619155, 0.0604392, 0.00305641, 7.14076e-05, 2.83299e-07
8.03116, 8.08638, 8.14328, 8.20193, 8.26243, 8.32488, 8.38937, 8.45601, 8.52493, 8.59625, 8.6701, 8.74665, 8.82604, 8.90846, 8.9941, 9.08317, 9.17589, 9.27252, 9.37333, 9.47864, 9.58876, 9.70409, 9.82503, 9.95204, 10.0856, 10.2264, 10.3751, 10.5323, 10.6989, 10.876, 11.0646, 11.2661, 11.4819, 11.7139, 11.9642, 12.2353, 12.5304, 12.8531, 13.2082, 13.6015, 14.0405, 14.535, 15.098, 15.7476, 16.5091, 17.4208, 18.5429, 19.9805, 21.9461, 24.9346, 29.7084, 34.947, 33.5816, 21.391, 7.90042, 1.57931, 0.165081, 0.00885224, 0.000228104, 1.52239e-06
30.9399
58.16
 
MEASUREMENT 242
1.4716, 4.41481, 7.36319, 10.3064, 13.2548, 16.2031, 19.1774, 22.1309, 25.0793, 28.0277, 30.9502, 33.8934
8.14194, 8.30486, 8.74448, 9.24887, 9.89518, 9.79988, 10.8809, 12.095, 13.4619, 17.5269, 12.7113, 0.0500727
0.00921262, 0.0093863, 0.00996025, 0.0107521, 0.0114673, 0.011434, 0.0126361, 0.0139788, 0.0153068, 0.0199118, 0.0144948, 0.00051107
0, 0.589331, 1.17866, 1.76799, 2.35732, 2.94665, 3.53598, 4.12532, 4.71465, 5.30398, 5.89331, 6.48264, 7.07197, 7.6613, 8.25063, 8.83996, 9.42929, 10.0186, 10.608, 11.1973, 11.7866, 12.3759, 12.9653, 13.5546, 14.1439, 14.7333, 15.3226, 15.9119, 16.5013, 17.0906, 17.6799, 18.2693, 18.8586, 19.4479, 20.0372, 20.6266, 21.2159, 21.8052, 22.3946, 22.9839, 23.5732, 24.1626, 24.7519, 25.3412, 25.9306, 26.5199, 27.1092, 27.6985, 28.2879, 28.8772, 29.4665, 30.0559, 30.6452, 31.2345, 31.8239, 32.4132, 33.0025, 33.5919, 34.1812, 34.7705
8.02315, 8.07031, 8.11882, 8.16874, 8.22012, 8.27305, 8.3276, 8.38385, 8.44189, 8.50181, 8.56371, 8.62771, 8.69392, 8.76248, 8.83351, 8.90717, 8.98363, 9.06306, 9.14566, 9.23164, 9.32125, 9.41474, 9.5124, 9.61455, 9.72154, 9.83378, 9.9517, 10.0758, 10.2067, 10.345, 10.4914, 10.6468, 10.8121, 10.9886, 11.1775, 11.3804, 11.5992, 11.8362, 12.0942, 12.3765, 12.6874, 13.0325, 13.4189, 13.8561, 14.3574, 14.9417, 15.6376, 16.4917, 17.5878, 19.0667, 20.889, 21.6212, 18.0069, 10.068, 3.3246, 0.602236, 0.0575042, 0.00282492, 6.27449e-05, 2.4403e-07
8.02315, 8.07831, 8.13515, 8.19375, 8.2542, 8.31658, 8.38101, 8.44759, 8.51644, 8.58769, 8.66147, 8.73794, 8.81726, 8.8996, 8.98516, 9.07414, 9.16677, 9.26331, 9.36403, 9.46923, 9.57925, 9.69447, 9.81529, 9.94218, 10.0757, 10.2163, 10.3648, 10.5219, 10.6884, 10.8653, 11.0537, 11.255, 11.4706, 11.7024, 11.9524, 12.2233, 12.5181, 12.8405, 13.1952, 13.5882, 14.0267, 14.5208, 15.0832, 15.7321, 16.4929, 17.4035, 18.5242, 19.9596, 21.9212, 24.9026, 29.6801, 34.9642, 33.6228, 21.3509, 7.81658, 1.53894, 0.157375, 0.0081995, 0.000202181, 1.31084e-06
30.9389
58.16
 
MEASUREMENT 243
1.4716, 4.41481, 7.36319, 10.3064, 13.2548, 16.2031, 19.1774, 22.1309, 25.0793, 28.0277, 30.9502, 33.8934
8.22205, 8.38595, 8.82934, 9.32884, 9.98913, 9.89579, 10.9867, 12.2118, 13.5931, 17.6956, 12.8341, 0.051311
0.00921262, 0.0093863, 0.00996025, 0.0107521, 0.0114673, 0.011434, 0.0126361, 0.0139788, 0.0153068, 0.0199118, 0.0144948, 0.00051107
0, 0.589331, 1.17866, 1.76799, 2.35732, 2.94665, 3.53598, 4.12532, 4.71465, 5.30398, 5.89331, 6.48264, 7.07197, 7.6613, 8.25063, 8.83996, 9.42929, 10.0186, 10.608, 11.1973, 11.7866, 12.3759, 12.9653, 13.5546, 14.1439, 14.7333, 15.3226, 15.9119, 16.5013, 17.0906, 17.6799, 18.2693, 18.8586, 19.4479, 20.0372, 20.6266, 21.2159, 21.8052, 22.3946, 22.9839, 23.5732, 24.1626, 24.7519, 25.3412, 25.9306, 26.5199, 27.1092, 27.6985, 28.2879, 28.8772, 29.4665, 30.0559, 30.6452, 31.2345, 31.8239, 32.4132, 33.0025, 33.5919, 34.1812, 34.7705
8.09997, 8.14759, 8.19657, 8.24696, 8.29885, 8.35229, 8.40736, 8.46415, 8.52275, 8.58325, 8.64575, 8.71037, 8.77722, 8.84644, 8.91816, 8.99253, 9.06973, 9.14992, 9.23332, 9.32014, 9.41061, 9.50501, 9.60361, 9.70675, 9.81478, 9.9281, 10.0472, 10.1725, 10.3046, 10.4442, 10.5921, 10.749, 10.916, 11.0941, 11.2849, 11.4898, 11.7107, 11.95, 12.2105, 12.4955, 12.8095, 13.1579, 13.5481, 13.9896, 14.4959, 15.0859, 15.7887, 16.6515, 17.7587, 19.2522, 21.0886, 21.8176, 18.1687, 10.173, 3.37195, 0.614789, 0.0592555, 0.00294725, 6.69092e-05, 2.62468e-07
8.09997, 8.15566, 8.21305, 8.27221, 8.33323, 8.39621, 8.46125, 8.52847, 8.59798, 8.66991, 8.7444, 8.82161, 8.90168, 8.98481, 9.07119, 9.16102, 9.25454, 9.35201, 9.45369, 9.5599, 9.67097, 9.78729, 9.90927, 10.0374, 10.1721, 10.3141, 10.464, 10.6226, 10.7907, 10.9693, 11.1595, 11.3627, 11.5804, 11.8144, 12.0669, 12.3404, 12.638, 12.9635, 13.3216, 13.7183, 14.1611, 14.6599, 15.2278, 15.8829, 16.6511, 17.5706, 18.7023, 20.1519, 22.1336, 25.1462, 29.9667, 35.2777, 33.9076, 21.5554, 7.91948, 1.56912, 0.161956, 0.00854252, 0.000214675, 1.40922e-06
30.939
58.16
 
MEASUREMENT 244
1.4716, 4.41481, 7.36319, 10.3064, 13.2548, 16.2031, 19.1774, 22.1309, 25.0793, 28.0277, 30.9502, 33.8934
8.18652, 8.35046, 8.79276, 9.29821, 9.94795, 9.8525, 10.938, 12.1594, 13.5339, 17.6195, 12.7808, 0.0519995
0.00921262, 0.0093863, 0.00996025, 0.0107521, 0.0114673, 0.011434, 0.0126361, 0.0139788, 0.0153068, 0.0199118, 0.0144948, 0.00051107
0, 0.589331, 1.17866, 1.76799, 2.35732, 2.94665, 3.53598, 4.12532, 4.71465, 5.30398, 5.89331, 6.48264, 7.07197, 7.6613, 8.25063, 8.83996, 9.42929, 10.0186, 10.608, 11.1973, 11.7866, 12.3759, 12.9653, 13.5546, 14.1439, 14.7333, 15.3226, 15.9119, 16.5013, 17.0906, 17.6799, 18.2693, 18.8586, 19.4479, 20.0372, 20.6266, 21.2159, 21.8052, 22.3946, 22.9839, 23.5732, 24.1626, 24.7519, 25.3412, 25.9306, 26.5199, 27.1092, 27.6985, 28.2879, 28.8772, 29.4665, 30.0559, 30.6452, 31.2345, 31.8239, 32.4132, 33.0025, 33.5919, 34.1812, 34.7705
8.06671, 8.11412, 8.16289, 8.21307, 8.26472, 8.31793, 8.37276, 8.42931, 8.48765, 8.54789, 8.61012, 8.67445, 8.74101, 8.80992, 8.88133, 8.95537, 9.03223, 9.11208, 9.19511, 9.28155, 9.37162, 9.4656, 9.56376, 9.66644, 9.774, 9.88682, 10.0054, 10.1301, 10.2617, 10.4007, 10.5478, 10.704, 10.8702, 11.0476, 11.2375, 11.4415, 11.6614, 11.8996, 12.1589, 12.4426, 12.7551, 13.102, 13.4903, 13.9298, 14.4337, 15.0209, 15.7204, 16.579, 17.681, 19.1668, 20.99, 21.7067, 18.0807, 10.1443, 3.37776, 0.620414, 0.0604197, 0.0030458, 7.07767e-05, 2.80126e-07
8.06671, 8.12217, 8.17932, 8.23823, 8.299, 8.36172, 8.4265, 8.49343, 8.56266, 8.63429, 8.70847, 8.78535, 8.8651, 8.94789, 9.0339, 9.12336, 9.2165, 9.31355, 9.41481, 9.52058, 9.63119, 9.74703, 9.8685, 9.99607, 10.1303, 10.2717, 10.421, 10.5789, 10.7463, 10.9241, 11.1135, 11.3159, 11.5327, 11.7657, 12.0171, 12.2894, 12.5858, 12.9099, 13.2666, 13.6616, 14.1025, 14.5992, 15.1647, 15.8171, 16.582, 17.4976, 18.6246, 20.0682, 22.0421, 25.0429, 29.8382, 35.1067, 33.7417, 21.4889, 7.93005, 1.58276, 0.165057, 0.00882326, 0.000226279, 1.50518e-06
30.94
58.16
 
MEASUREMENT 245
1.4716, 4.41481, 7.36319, 10.3064, 13.2548, 16.2031, 19.1774, 22.1309, 25.0793, 28.0277, 30.9502, 33.8934
8.16659, 8.32924, 8.77202, 9.28855, 9.92359, 9.82954, 10.9144, 12.1328, 13.5034, 17.5778, 12.7496, 0.0501827
0.00921262, 0.0093863, 0.00996025, 0.0107521, 0.0114673, 0.011434, 0.0126361, 0.0139788, 0.0153068, 0.0199118, 0.0144948, 0.00051107
0, 0.589331, 1.17866, 1.76799, 2.35732, 2.94665, 3.53598, 4.12532, 4.71465, 5.30398, 5.89331, 6.48264, 7.07197, 7.6613, 8.25063, 8.83996, 9.42929, 10.0186, 10.608, 11.1973, 11.7866, 12.3759, 12.9653, 13.5546, 14.1439, 14.7333, 15.3226, 15.9119, 16.5013, 17.0906, 17.6799, 18.2693, 18.8586, 19.4479, 20.0372, 20.6266, 21.2159, 21.8052, 22.3946, 22.9839, 23.5732, 24.1626, 24.7519, 25.3412, 25.9306, 26.5199, 27.1092, 27.6985, 28.2879, 28.8772, 29.4665, 30.0559, 30.6452, 31.2345, 31.8239, 32.4132, 33.0025, 33.5919, 34.1812, 34.7705
8.04908, 8.09639, 8.14504, 8.1951, 8.24664, 8.29973, 8.35444, 8.41086, 8.46907, 8.52916, 8.59125, 8.65544, 8.72185, 8.7906, 8.86185, 8.93572, 9.01241, 9.09207, 9.17491, 9.26115, 9.35102, 9.44478, 9.54272, 9.64517, 9.75247, 9.86503, 9.9833, 10.1078, 10.239, 10.3777, 10.5245, 10.6804, 10.8462, 11.0232, 11.2126, 11.4161, 11.6355, 11.8731, 12.1318, 12.4148, 12.7266, 13.0726, 13.46, 13.8984, 14.401, 14.9868, 15.6844, 16.5406, 17.6391, 19.1212, 20.9481, 21.6845, 18.063, 10.1004, 3.33478, 0.603773, 0.0575986, 0.00282577, 6.26157e-05, 2.43182e-07
8.04908, 8.10442, 8.16144, 8.22023, 8.28087, 8.34345, 8.40809, 8.47488, 8.54395, 8.61543, 8.68945, 8.76617, 8.84574, 8.92835, 9.01418, 9.10344, 9.19637, 9.29322, 9.39426, 9.4998, 9.61018, 9.72576, 9.84697, 9.97427, 10.1082, 10.2493, 10.3982, 10.5558, 10.7228, 10.9003, 11.0893, 11.2912, 11.5075, 11.74, 11.9909, 12.2626, 12.5583, 12.8818, 13.2376, 13.6318, 14.0718, 14.5673, 15.1316, 15.7824, 16.5455, 17.459, 18.5831, 20.0227, 21.9898, 24.9794, 29.7712, 35.0777, 33.7431, 21.4325, 7.84603, 1.54407, 0.157764, 0.0082092, 0.000202005, 1.3076e-06
30.9394
58.16
 
MEASUREMENT 246
1.4716, 4.41481, 7.36319, 10.3064, 13.2548, 16.2031, 19.1774, 22.1309, 25.0793, 28.0277, 30.9502, 33.8934
8.08158, 8.24464, 8.67874, 9.18102, 9.82145, 9.72794, 10.8, 12.0052, 13.3506, 17.3966, 12.6066, 0.0504762
0.00921262, 0.0093863, 0.00996025, 0.0107521, 0.0114673, 0.011434, 0.0126361, 0.0139788, 0.0153068, 0.0199118, 0.0144948, 0.00051107
0, 0.589331, 1.17866, 1.76799, 2.35732, 2.94665, 3.53598, 4.12532, 4.71465, 5.30398, 5.89331, 6.48264, 7.07197, 7.6613, 8.25063, 8.83996, 9.42929, 10.0186, 10.608, 11.1973, 11.7866, 12.3759, 12.9653, 13.5546, 14.1439, 14.7333, 15.3226, 15.9119, 16.5013, 17.0906, 17.6799, 18.2693, 18.8586, 19.4479, 20.0372, 20.6266, 21.2159, 21.8052, 22.3946, 22.9839, 23.5732, 24.1626, 24.7519, 25.3412, 25.9306, 26.5199, 27.1092, 27.6985, 28.2879, 28.8772, 29.4665, 30.0559, 30.6452, 31.2345, 31.8239, 32.4132, 33.0025, 33.5919, 34.1812, 34.7705
7.96394, 8.01074, 8.05888, 8.10841, 8.1594, 8.21192, 8.26604, 8.32186, 8.37944, 8.4389, 8.50033, 8.56383, 8.62953, 8.69755, 8.76803, 8.84112, 8.91698, 8.99579, 9.07775, 9.16306, 9.25197, 9.34473, 9.44162, 9.54297, 9.64913, 9.76048, 9.87748, 10.0006, 10.1305, 10.2677, 10.4129, 10.5671, 10.7311, 10.9062, 11.0936, 11.2949, 11.512, 11.7471, 12.003, 12.283, 12.5915, 12.9338, 13.3171, 13.7508, 14.248, 14.8276, 15.5178, 16.3651, 17.4524, 18.9187, 20.7202, 21.4313, 17.8432, 9.99096, 3.31285, 0.604488, 0.0583333, 0.00290618, 6.61669e-05, 2.59784e-07
7.96394, 8.0187, 8.07512, 8.13329, 8.19328, 8.25521, 8.31916, 8.38525, 8.45359, 8.52431, 8.59756, 8.67346, 8.7522, 8.83393, 8.91886, 9.00718, 9.09913, 9.19496, 9.29493, 9.39936, 9.50857, 9.62294, 9.74287, 9.86882, 10.0013, 10.1409, 10.2883, 10.4442, 10.6095, 10.7851, 10.9721, 11.1719, 11.386, 11.616, 11.8643, 12.1331, 12.4257, 12.7458, 13.098, 13.488, 13.9234, 14.4138, 14.9721, 15.6163, 16.3716, 17.2757, 18.3884, 19.8138, 21.7625, 24.725, 29.4644, 34.6826, 33.3322, 21.1919, 7.78939, 1.54465, 0.159632, 0.00843414, 0.000212503, 1.39742e-06
30.939
58.16
 
MEASUREMENT 247
1.4716, 4.41481, 7.36319, 10.3064, 13.2548, 16.2031, 19.1774, 22.1309, 25.0793, 28.0277, 30.9502, 33.8934
7.98399, 8.14389, 8.57498, 9.0701, 9.70046, 9.60766, 10.6675, 11.858, 13.2105, 17.1835, 12.4745, 0.0500459
0.00921262, 0.0093863, 0.00996025, 0.0107521, 0.0114673, 0.011434, 0.0126361, 0.0139788, 0.0153068, 0.0199118, 0.0144948, 0.00051107
0, 0.589331, 1.17866, 1.76799, 2.35732, 2.94665, 3.53598, 4.12532, 4.71465, 5.30398, 5.89331, 6.48264, 7.07197, 7.6613, 8.25063, 8.83996, 9.42929, 10.0186, 10.608, 11.1973, 11.7866, 12.3759, 12.9653, 13.5546, 14.1439, 14.7333, 15.3226, 15.9119, 16.5013, 17.0906, 17.6799, 18.2693, 18.8586, 19.4479, 20.0372, 20.6266, 21.2159, 21.8052, 22.3946, 22.9839, 23.5732, 24.1626, 24.7519, 25.3412, 25.9306, 26.5199, 27.1092, 27.6985, 28.2879, 28.8772, 29.4665, 30.0559, 30.6452, 31.2345, 31.8239, 32.4132, 33.0025, 33.5919, 34.1812, 34.7705
7.86705, 7.91331, 7.96088, 8.00983, 8.06022, 8.11213, 8.16562, 8.22078, 8.2777, 8.33646, 8.39717, 8.45993, 8.52486, 8.59209, 8.66175, 8.73399, 8.80897, 8.88686, 8.96787, 9.05219, 9.14007, 9.23175, 9.32752, 9.4277, 9.53263, 9.6427, 9.75835, 9.88006, 10.0084, 10.144, 10.2876, 10.44, 10.6022, 10.7752, 10.9605, 11.1595, 11.3741, 11.6065, 11.8595, 12.1363, 12.4413, 12.7797, 13.1587, 13.5875, 14.0792, 14.6522, 15.3347, 16.1725, 17.2477, 18.698, 20.4823, 21.1957, 17.661, 9.89713, 3.28379, 0.599356, 0.0578317, 0.00287967, 6.55064e-05, 2.56997e-07
7.86705, 7.92114, 7.97688, 8.03433, 8.0936, 8.15476, 8.21794, 8.28322, 8.35072, 8.42058, 8.49293, 8.56791, 8.64568, 8.72641, 8.8103, 8.89755, 8.98837, 9.08303, 9.18178, 9.28493, 9.3928, 9.50577, 9.62423, 9.74865, 9.87952, 10.0174, 10.163, 10.317, 10.4802, 10.6537, 10.8384, 11.0358, 11.2472, 11.4744, 11.7196, 11.9852, 12.2742, 12.5903, 12.9381, 13.3233, 13.7533, 14.2376, 14.7891, 15.4252, 16.171, 17.0638, 18.1626, 19.5698, 21.4933, 24.4169, 29.0956, 34.2578, 32.9457, 20.962, 7.70929, 1.52914, 0.158005, 0.00834346, 0.000210012, 1.37929e-06
30.9401
58.17
 
MEASUREMENT 248
1.4716, 4.41481, 7.36319, 10.3064, 13.2548, 16.2031, 19.1774, 22.1309, 25.0793, 28.0277, 30.9502, 33.8934
8.04882, 8.21007, 8.64392, 9.14227, 9.77961, 9.68782, 10.755, 11.956, 13.3078, 17.3257, 12.5653, 0.0503114
0.00921262, 0.0093863, 0.00996025, 0.0107521, 0.0114673, 0.011434, 0.0126361, 0.0139788, 0.0153068, 0.0199118, 0.0144948, 0.00051107
0, 0.589331, 1.17866, 1.76799, 2.35732, 2.94665, 3.53598, 4.12532, 4.71465, 5.30398, 5.89331, 6.48264, 7.07197, 7.6613, 8.25063, 8.83996, 9.42929, 10.0186, 10.608, 11.1973, 11.7866, 12.3759, 12.9653, 13.5546, 14.1439, 14.7333, 15.3226, 15.9119, 16.5013, 17.0906, 17.6799, 18.2693, 18.8586, 19.4479, 20.0372, 20.6266, 21.2159, 21.8052, 22.3946, 22.9839, 23.5732, 24.1626, 24.7519, 25.3412, 25.9306, 26.5199, 27.1092, 27.6985, 28.2879, 28.8772, 29.4665, 30.0559, 30.6452, 31.2345, 31.8239, 32.4132, 33.0025, 33.5919, 34.1812, 34.7705
7.93089, 7.97752, 8.02547, 8.07481, 8.12561, 8.17793, 8.23185, 8.28745, 8.34482, 8.40405, 8.46524, 8.52851, 8.59396, 8.66172, 8.73194, 8.80475, 8.88033, 8.95885, 9.0405, 9.12549, 9.21407, 9.30648, 9.40302, 9.50399, 9.60976, 9.7207, 9.83727, 9.95996, 10.0893, 10.226, 10.3707, 10.5244, 10.6878, 10.8623, 11.049, 11.2496, 11.4659, 11.7002, 11.9551, 12.2342, 12.5416, 12.8827, 13.2646, 13.6969, 14.1924, 14.7701, 15.458, 16.3026, 17.3864, 18.8483, 20.6455, 21.3585, 17.7871, 9.96131, 3.3031, 0.602607, 0.0581299, 0.00289434, 6.58309e-05, 2.5839e-07
7.93089, 7.98542, 8.04161, 8.09954, 8.15928, 8.22095, 8.28464, 8.35045, 8.41851, 8.48894, 8.56187, 8.63746, 8.71587, 8.79726, 8.88184, 8.96979, 9.06136, 9.15679, 9.25635, 9.36034, 9.4691, 9.58299, 9.70242, 9.82785, 9.9598, 10.0988, 10.2456, 10.4009, 10.5654, 10.7403, 10.9266, 11.1255, 11.3387, 11.5678, 11.815, 12.0827, 12.3741, 12.6928, 13.0435, 13.4319, 13.8655, 14.3538, 14.9098, 15.5513, 16.3034, 17.2036, 18.3117, 19.731, 21.6712, 24.6208, 29.34, 34.539, 33.1991, 21.1093, 7.75873, 1.53823, 0.158902, 0.00839037, 0.000211194, 1.38775e-06
30.9392
58.16
 
MEASUREMENT 249
1.4716, 4.41481, 7.36319, 10.3064, 13.2548, 16.2031, 19.1774, 22.1309, 25.0793, 28.0277, 30.9502, 33.8934
8.28961, 8.45451, 8.91438, 9.41641, 10.073, 9.97703, 11.0789, 12.3127, 13.6937, 17.8552, 12.9307, 0.0524379
0.00921262, 0.0093863, 0.00996025, 0.0107521, 0.0114673, 0.011434, 0.0126361, 0.0139788, 0.0153068, 0.0199118, 0.0144948, 0.00051107
0, 0.589331, 1.17866, 1.76799, 2.35732, 2.94665, 3.53598, 4.12532, 4.71465, 5.30398, 5.89331, 6.48264, 7.07197, 7.6613, 8.25063, 8.83996, 9.42929, 10.0186, 10.608, 11.1973, 11.7866, 12.3759, 12.9653, 13.5546, 14.1439, 14.7333, 15.3226, 15.9119, 16.5013, 17.0906, 17.6799, 18.2693, 18.8586, 19.4479, 20.0372, 20.6266, 21.2159, 21.8052, 22.3946, 22.9839, 23.5732, 24.1626, 24.7519, 25.3412, 25.9306, 26.5199, 27.1092, 27.6985, 28.2879, 28.8772, 29.4665, 30.0559, 30.6452, 31.2345, 31.8239, 32.4132, 33.0025, 33.5919, 34.1812, 34.7705
8.42891, 8.47956, 8.53168, 8.58533, 8.64059, 8.69755, 8.75627, 8.81687, 8.87943, 8.94406, 9.01087, 9.08, 9.15156, 9.22571, 9.30261, 9.38241, 9.46532, 9.55154, 9.64128, 9.7348, 9.83236, 9.93426, 10.0408, 10.1525, 10.2696, 10.3926, 10.522, 10.6585, 10.8026, 10.9553, 11.1172, 11.2895, 11.4733, 11.67, 11.8812, 12.1088, 12.3551, 12.623, 12.9159, 13.2381, 13.5952, 13.9941, 14.4442, 14.9583, 15.5539, 16.2571, 17.1075, 18.1702, 19.5627, 21.5296, 24.7236, 32.3442, 0, 0, 0, 0, 0, 0, 0, 0
8.42891, 8.48825, 8.54943, 8.61254, 8.67767, 8.74493, 8.81445, 8.88633, 8.96071, 9.03774, 9.11758, 9.20038, 9.28634, 9.37566, 9.46855, 9.56524, 9.66601, 9.77114, 9.88094, 9.99577, 10.116, 10.2421, 10.3745, 10.5138, 10.6605, 10.8154, 10.9792, 11.1528, 11.3373, 11.5337, 11.7434, 11.9681, 12.2095, 12.4698, 12.7516, 13.0581, 13.393, 13.7612, 14.1685, 14.6223, 15.1325, 15.7117, 16.3774, 17.1536, 18.0752, 19.1951, 20.5978, 22.4298, 24.9742, 28.8776, 36.1293, 60.0672, 0, 0, 0, 0, 0, 0, 0, 0
30.311
58.15
 
MEASUREMENT 250
1.4716, 4.41481, 7.36319, 10.3064, 13.2548, 16.2031, 19.1774, 22.1309, 25.0793, 28.0277, 30.9502, 33.8934
8.72025, 8.89397, 9.35297, 9.90492, 10.5955, 10.4949, 11.6526, 12.9535, 14.4298, 18.7569, 13.6244, 0.0548589
0.00921262, 0.0093863, 0.00996025, 0.0107521, 0.0114673, 0.011434, 0.0126361, 0.0139788, 0.0153068, 0.0199118, 0.0144948, 0.00051107
0, 0.589331, 1.17866, 1.76799, 2.35732, 2.94665, 3.53598, 4.12532, 4.71465, 5.30398, 5.89331, 6.48264, 7.07197, 7.6613, 8.25063, 8.83996, 9.42929, 10.0186, 10.608, 11.1973, 11.7866, 12.3759, 12.9653, 13.5546, 14.1439, 14.7333, 15.3226, 15.9119, 16.5013, 17.0906, 17.6799, 18.2693, 18.8586, 19.4479, 20.0372, 20.6266, 21.2159, 21.8052, 22.3946, 22.9839, 23.5732, 24.1626, 24.7519, 25.3412, 25.9306, 26.5199, 27.1092, 27.6985, 28.2879, 28.8772, 29.4665, 30.0559, 30.6452, 31.2345, 31.8239, 32.4132, 33.0025, 33.5919, 34.1812, 34.7705
8.5912, 8.64171, 8.69366, 8.74711, 8.80214, 8.85882, 8.91723, 8.97747, 9.03962, 9.10378, 9.17008, 9.23861, 9.30952, 9.38293, 9.45899, 9.53788, 9.61975, 9.70481, 9.79327, 9.88535, 9.98131, 10.0814, 10.186, 10.2954, 10.41, 10.5302, 10.6564, 10.7894, 10.9295, 11.0776, 11.2344, 11.4008, 11.5779, 11.7668, 11.9691, 12.1864, 12.4208, 12.6745, 12.9507, 13.253, 13.586, 13.9556, 14.3693, 14.8375, 15.3743, 16, 16.7452, 17.6599, 18.8338, 20.417, 22.3646, 23.1436, 19.2879, 10.8147, 3.59169, 0.656481, 0.0634618, 0.00316738, 7.23454e-05, 2.84202e-07
8.5912, 8.65027, 8.71113, 8.77387, 8.83859, 8.90539, 8.97437, 9.04566, 9.11938, 9.19567, 9.27467, 9.35655, 9.44148, 9.52965, 9.62125, 9.71653, 9.81571, 9.91907, 10.0269, 10.1396, 10.2574, 10.3807, 10.5101, 10.6459, 10.7889, 10.9395, 11.0984, 11.2666, 11.4449, 11.6343, 11.836, 12.0515, 12.2823, 12.5305, 12.7982, 13.0882, 13.4038, 13.749, 14.1288, 14.5494, 15.019, 15.5478, 16.15, 16.8446, 17.659, 18.6339, 19.8336, 21.3702, 23.4704, 26.6623, 31.7698, 37.4052, 35.9784, 22.9036, 8.43147, 1.67474, 0.173373, 0.0091763, 0.000231788, 1.52552e-06
30.9405
58.17
 
MEASUREMENT 251
1.4716, 4.41481, 7.36319, 10.3064, 13.2548, 16.2031, 19.1774, 22.1309, 25.0793, 28.0277, 30.9502, 33.8934
7.99981, 8.15719, 8.59081, 9.08593, 9.71921, 9.62705, 10.6874, 11.8796, 13.223, 17.2156, 12.4863, 0.0505324
0.00921262, 0.0093863, 0.00996025, 0.0107521, 0.0114673, 0.011434, 0.0126361, 0.0139788, 0.0153068, 0.0199118, 0.0144948, 0.00051107
0, 0.589331, 1.17866, 1.76799, 2.35732, 2.94665, 3.53598, 4.12532, 4.71465, 5.30398, 5.89331, 6.48264, 7.07197, 7.6613, 8.25063, 8.83996, 9.42929, 10.0186, 10.608, 11.1973, 11.7866, 12.3759, 12.9653, 13.5546, 14.1439, 14.7333, 15.3226, 15.9119, 16.5013, 17.0906, 17.6799, 18.2693, 18.8586, 19.4479, 20.0372, 20.6266, 21.2159, 21.8052, 22.3946, 22.9839, 23.5732, 24.1626, 24.7519, 25.3412, 25.9306, 26.5199, 27.1092, 27.6985, 28.2879, 28.8772, 29.4665, 30.0559, 30.6452, 31.2345, 31.8239, 32.4132, 33.0025, 33.5919, 34.1812, 34.7705
7.88162, 7.92795, 7.97559, 8.02462, 8.07509, 8.12708, 8.18065, 8.2359, 8.2929, 8.35176, 8.41256, 8.47542, 8.54045, 8.60778, 8.67755, 8.74989, 8.82499, 8.903, 8.98413, 9.06858, 9.15659, 9.24841, 9.34432, 9.44465, 9.54973, 9.65996, 9.77578, 9.89768, 10.0262, 10.162, 10.3058, 10.4584, 10.6208, 10.7941, 10.9797, 11.1789, 11.3938, 11.6266, 11.8799, 12.1571, 12.4625, 12.8014, 13.1808, 13.6102, 14.1025, 14.6763, 15.3597, 16.1986, 17.2752, 18.727, 20.5094, 21.2123, 17.6677, 9.90664, 3.29411, 0.603691, 0.058605, 0.00294213, 6.78827e-05, 2.67894e-07
7.88162, 7.93581, 7.99165, 8.04921, 8.10859, 8.16987, 8.23316, 8.29856, 8.36619, 8.43618, 8.50866, 8.58378, 8.6617, 8.74259, 8.82663, 8.91404, 9.00504, 9.09987, 9.19881, 9.30215, 9.41022, 9.5234, 9.64209, 9.76674, 9.89786, 10.036, 10.1819, 10.3362, 10.4997, 10.6735, 10.8586, 11.0563, 11.2681, 11.4958, 11.7414, 12.0075, 12.2971, 12.6138, 12.9622, 13.3482, 13.779, 14.2643, 14.8169, 15.4543, 16.2016, 17.0963, 18.1974, 19.6079, 21.5362, 24.4678, 29.1545, 34.3088, 32.9767, 20.9911, 7.73619, 1.54065, 0.160161, 0.0085265, 0.000217314, 1.43958e-06
30.9398
58.16
 
MEASUREMENT 252
1.4716, 4.41481, 7.36319, 10.3064, 13.2548, 16.2031, 19.1774, 22.1309, 25.0793, 28.0277, 30.9502, 33.8934
7.98929, 8.15054, 8.58165, 9.07651, 9.70899, 9.61708, 10.6776, 11.8698, 13.2117, 17.1999, 12.4752, 0.0492237
0.00921262, 0.0093863, 0.00996025, 0.0107521, 0.0114673, 0.011434, 0.0126361, 0.0139788, 0.0153068, 0.0199118, 0.0144948, 0.00051107
0, 0.589331, 1.17866, 1.76799, 2.35732, 2.94665, 3.53598, 4.12532, 4.71465, 5.30398, 5.89331, 6.48264, 7.07197, 7.6613, 8.25063, 8.83996, 9.42929, 10.0186, 10.608, 11.1973, 11.7866, 12.3759, 12.9653, 13.5546, 14.1439, 14.7333, 15.3226, 15.9119, 16.5013, 17.0906, 17.6799, 18.2693, 18.8586, 19.4479, 20.0372, 20.6266, 21.2159, 21.8052, 22.3946, 22.9839, 23.5732, 24.1626, 24.7519, 25.3412, 25.9306, 26.5199, 27.1092, 27.6985, 28.2879, 28.8772, 29.4665, 30.0559, 30.6452, 31.2345, 31.8239, 32.4132, 33.0025, 33.5919, 34.1812, 34.7705
7.87332, 7.91961, 7.96722, 8.0162, 8.06663, 8.11858, 8.17211, 8.22731, 8.28426, 8.34307, 8.40382, 8.46663, 8.53161, 8.59888, 8.66859, 8.74088, 8.81591, 8.89387, 8.97493, 9.05931, 9.14725, 9.239, 9.33484, 9.43509, 9.54009, 9.65024, 9.76596, 9.88777, 10.0162, 10.1519, 10.2956, 10.4481, 10.6104, 10.7836, 10.969, 11.1681, 11.3829, 11.6154, 11.8686, 12.1456, 12.4508, 12.7895, 13.1687, 13.5978, 14.0898, 14.6632, 15.3462, 16.1845, 17.2603, 18.7118, 20.5, 21.2181, 17.6715, 9.88231, 3.26465, 0.591788, 0.0565624, 0.00278224, 6.19394e-05, 2.4111e-07
7.87332, 7.92746, 7.98324, 8.04074, 8.10006, 8.16128, 8.2245, 8.28984, 8.3574, 8.42732, 8.49973, 8.57477, 8.65261, 8.73341, 8.81737, 8.90469, 8.9956, 9.09033, 9.18917, 9.2924, 9.40037, 9.51344, 9.632, 9.75652, 9.88751, 10.0255, 10.1713, 10.3254, 10.4888, 10.6624, 10.8473, 11.0448, 11.2564, 11.4838, 11.7292, 11.995, 12.2843, 12.6007, 12.9488, 13.3344, 13.7648, 14.2496, 14.8016, 15.4383, 16.1849, 17.0785, 18.1783, 19.5869, 21.5119, 24.4379, 29.1258, 34.3091, 32.9917, 20.9531, 7.67393, 1.51187, 0.154757, 0.00807345, 0.000199468, 1.29487e-06
30.939
58.16
 
MEASUREMENT 253
1.4716, 4.41481, 7.36319, 10.3064, 13.2548, 16.2031, 19.1774, 22.1309, 25.0793, 28.0277, 30.9502, 33.8934
8.0472, 8.20679, 8.64115, 9.14144, 9.77717, 9.68353, 10.7512, 11.9512, 13.3027, 17.3182, 12.5609, 0.0514713
0.00921262, 0.0093863, 0.00996025, 0.0107521, 0.0114673, 0.011434, 0.0126361, 0.0139788, 0.0153068, 0.0199118, 0.0144948, 0.00051107
0, 0.589331, 1.17866, 1.76799, 2.35732, 2.94665, 3.53598, 4.12532, 4.71465, 5.30398, 5.89331, 6.48264, 7.07197, 7.6613, 8.25063, 8.83996, 9.42929, 10.0186, 10.608, 11.1973, 11.7866, 12.3759, 12.9653, 13.5546, 14.1439, 14.7333, 15.3226, 15.9119, 16.5013, 17.0906, 17.6799, 18.2693, 18.8586, 19.4479, 20.0372, 20.6266, 21.2159, 21.8052, 22.3946, 22.9839, 23.5732, 24.1626, 24.7519, 25.3412, 25.9306, 26.5199, 27.1092, 27.6985, 28.2879, 28.8772, 29.4665, 30.0559, 30.6452, 31.2345, 31.8239, 32.4132, 33.0025, 33.5919, 34.1812, 34.7705
7.92874, 7.97534, 8.02327, 8.07259, 8.12336, 8.17566, 8.22956, 8.28513, 8.34248, 8.40168, 8.46285, 8.52608, 8.5915, 8.65924, 8.72942, 8.8022, 8.87774, 8.95622, 9.03783, 9.12279, 9.21132, 9.30369, 9.40018, 9.5011, 9.60681, 9.7177, 9.83421, 9.95684, 10.0861, 10.2228, 10.3674, 10.5209, 10.6843, 10.8587, 11.0453, 11.2458, 11.4619, 11.6961, 11.9509, 12.2298, 12.537, 12.8779, 13.2596, 13.6916, 14.1868, 14.7641, 15.4517, 16.2957, 17.3791, 18.8395, 20.6294, 21.3281, 17.7634, 9.97269, 3.32663, 0.612959, 0.0599692, 0.00304163, 7.14221e-05, 2.83978e-07
7.92874, 7.98325, 8.03942, 8.09733, 8.15706, 8.21871, 8.28237, 8.34817, 8.41621, 8.48661, 8.55953, 8.6351, 8.71348, 8.79485, 8.87939, 8.96732, 9.05886, 9.15426, 9.25379, 9.35775, 9.46647, 9.58033, 9.69972, 9.82511, 9.95702, 10.096, 10.2427, 10.3979, 10.5625, 10.7373, 10.9235, 11.1224, 11.3354, 11.5645, 11.8116, 12.0793, 12.3705, 12.6892, 13.0397, 13.428, 13.8614, 14.3496, 14.9055, 15.5467, 16.2986, 17.1987, 18.3065, 19.7258, 21.6666, 24.6175, 29.3296, 34.496, 33.1454, 21.1194, 7.80701, 1.56304, 0.163746, 0.00880643, 0.00022793, 1.52585e-06
30.94
58.16
 
MEASUREMENT 254
1.4716, 4.41481, 7.36319, 10.3064, 13.2548, 16.2031, 19.1774, 22.1309, 25.0793, 28.0277, 30.9502, 33.8934
8.03877, 8.20062, 8.63463, 9.11952, 9.76799, 9.66366, 10.742, 11.9421, 13.2912, 17.3043, 12.5512, 0.0493322
0.00921262, 0.0093863, 0.00996025, 0.0107521, 0.0114673, 0.011434, 0.0126361, 0.0139788, 0.0153068, 0.0199118, 0.0144948, 0.00051107
0, 0.589331, 1.17866, 1.76799, 2.35732, 2.94665, 3.53598, 4.12532, 4.71465, 5.30398, 5.89331, 6.48264, 7.07197, 7.6613, 8.25063, 8.83996, 9.42929, 10.0186, 10.608, 11.1973, 11.7866, 12.3759, 12.9653, 13.5546, 14.1439, 14.7333, 15.3226, 15.9119, 16.5013, 17.0906, 17.6799, 18.2693, 18.8586, 19.4479, 20.0372, 20.6266, 21.2159, 21.8052, 22.3946, 22.9839, 23.5732, 24.1626, 24.7519, 25.3412, 25.9306, 26.5199, 27.1092, 27.6985, 28.2879, 28.8772, 29.4665, 30.0559, 30.6452, 31.2345, 31.8239, 32.4132, 33.0025, 33.5919, 34.1812, 34.7705
7.91871, 7.96527, 8.01316, 8.06244, 8.11317, 8.16543, 8.21928, 8.27481, 8.33211, 8.39127, 8.45239, 8.51557, 8.58094, 8.64863, 8.71875, 8.79148, 8.86697, 8.94539, 9.02694, 9.11184, 9.20031, 9.29261, 9.38904, 9.48989, 9.59553, 9.70635, 9.82278, 9.94533, 10.0746, 10.2111, 10.3557, 10.5091, 10.6724, 10.8466, 11.0332, 11.2335, 11.4496, 11.6836, 11.9383, 12.2171, 12.5242, 12.865, 13.2466, 13.6784, 14.1735, 14.7506, 15.4379, 16.2817, 17.3645, 18.8256, 20.6268, 21.3518, 17.7819, 9.93935, 3.28016, 0.593639, 0.0566129, 0.00277675, 6.15012e-05, 2.39039e-07
7.91871, 7.97316, 8.02926, 8.08709, 8.14675, 8.20832, 8.27191, 8.33763, 8.40558, 8.47591, 8.54873, 8.62421, 8.70249, 8.78377, 8.86821, 8.95603, 9.04746, 9.14275, 9.24215, 9.34599, 9.45458, 9.5683, 9.68755, 9.81279, 9.94454, 10.0834, 10.2299, 10.3849, 10.5493, 10.7239, 10.9099, 11.1085, 11.3213, 11.5501, 11.7969, 12.0643, 12.3552, 12.6735, 13.0236, 13.4114, 13.8443, 14.3319, 14.8871, 15.5276, 16.2785, 17.1773, 18.2836, 19.7004, 21.6366, 24.5797, 29.2961, 34.5128, 33.1854, 21.0658, 7.70717, 1.51593, 0.154824, 0.00805371, 0.000198097, 1.28254e-06
30.9386
58.16
 
MEASUREMENT 255
1.4716, 4.41481, 7.36319, 10.3064, 13.2548, 16.2031, 19.1774, 22.1309, 25.0793, 28.0277, 30.9502, 33.8934
8.03794, 8.19883, 8.63325, 9.13249, 9.76899, 9.67525, 10.7418, 11.9421, 13.2927, 17.3046, 12.5517, 0.0508922
0.00921262, 0.0093863, 0.00996025, 0.0107521, 0.0114673, 0.011434, 0.0126361, 0.0139788, 0.0153068, 0.0199118, 0.0144948, 0.00051107
0, 0.589331, 1.17866, 1.76799, 2.35732, 2.94665, 3.53598, 4.12532, 4.71465, 5.30398, 5.89331, 6.48264, 7.07197, 7.6613, 8.25063, 8.83996, 9.42929, 10.0186, 10.608, 11.1973, 11.7866, 12.3759, 12.9653, 13.5546, 14.1439, 14.7333, 15.3226, 15.9119, 16.5013, 17.0906, 17.6799, 18.2693, 18.8586, 19.4479, 20.0372, 20.6266, 21.2159, 21.8052, 22.3946, 22.9839, 23.5732, 24.1626, 24.7519, 25.3412, 25.9306, 26.5199, 27.1092, 27.6985, 28.2879, 28.8772, 29.4665, 30.0559, 30.6452, 31.2345, 31.8239, 32.4132, 33.0025, 33.5919, 34.1812, 34.7705
7.92105, 7.96762, 8.01551, 8.0648, 8.11553, 8.16779, 8.22165, 8.27718, 8.33449, 8.39365, 8.45477, 8.51796, 8.58333, 8.65102, 8.72115, 8.79388, 8.86937, 8.9478, 9.02935, 9.11425, 9.20272, 9.29503, 9.39145, 9.49231, 9.59795, 9.70877, 9.82521, 9.94775, 10.077, 10.2135, 10.3581, 10.5115, 10.6748, 10.849, 11.0355, 11.2359, 11.452, 11.686, 11.9407, 12.2194, 12.5264, 12.8672, 13.2487, 13.6805, 14.1756, 14.7526, 15.4399, 16.2837, 17.3667, 18.8271, 20.6194, 21.324, 17.7583, 9.95793, 3.31259, 0.607633, 0.0590731, 0.00297162, 6.88013e-05, 2.72031e-07
7.92105, 7.97551, 8.03163, 8.08948, 8.14915, 8.21074, 8.27435, 8.34008, 8.40806, 8.4784, 8.55124, 8.62674, 8.70505, 8.78634, 8.87081, 8.95865, 9.05011, 9.14541, 9.24485, 9.34871, 9.45733, 9.57108, 9.69036, 9.81564, 9.94742, 10.0863, 10.2329, 10.3879, 10.5523, 10.727, 10.913, 11.1117, 11.3246, 11.5534, 11.8003, 12.0677, 12.3587, 12.677, 13.0273, 13.4152, 13.8482, 14.336, 14.8913, 15.532, 16.2832, 17.1824, 18.2892, 19.7071, 21.6458, 24.5934, 29.3042, 34.4783, 33.13, 21.0867, 7.77397, 1.54948, 0.161303, 0.00860421, 0.00021996, 1.46041e-06
30.9394
58.16
 
MEASUREMENT 256
1.4716, 4.41481, 7.36319, 10.3064, 13.2548, 16.2031, 19.1774, 22.1309, 25.0793, 28.0277, 30.9502, 33.8934
8.05544, 8.21695, 8.65331, 9.1497, 9.77679, 9.69687, 10.7652, 11.966, 13.3187, 17.3401, 12.5765, 0.050265
0.00921262, 0.0093863, 0.00996025, 0.0107521, 0.0114673, 0.011434, 0.0126361, 0.0139788, 0.0153068, 0.0199118, 0.0144948, 0.00051107
0, 0.589331, 1.17866, 1.76799, 2.35732, 2.94665, 3.53598, 4.12532, 4.71465, 5.30398, 5.89331, 6.48264, 7.07197, 7.6613, 8.25063, 8.83996, 9.42929, 10.0186, 10.608, 11.1973, 11.7866, 12.3759, 12.9653, 13.5546, 14.1439, 14.7333, 15.3226, 15.9119, 16.5013, 17.0906, 17.6799, 18.2693, 18.8586, 19.4479, 20.0372, 20.6266, 21.2159, 21.8052, 22.3946, 22.9839, 23.5732, 24.1626, 24.7519, 25.3412, 25.9306, 26.5199, 27.1092, 27.6985, 28.2879, 28.8772, 29.4665, 30.0559, 30.6452, 31.2345, 31.8239, 32.4132, 33.0025, 33.5919, 34.1812, 34.7705
7.93678, 7.98345, 8.03144, 8.08082, 8.13166, 8.18402, 8.23799, 8.29363, 8.35105, 8.41033, 8.47158, 8.53489, 8.6004, 8.66822, 8.73849, 8.81137, 8.88701, 8.96559, 9.04731, 9.13238, 9.22103, 9.31352, 9.41014, 9.5112, 9.61705, 9.72809, 9.84476, 9.96755, 10.097, 10.2338, 10.3787, 10.5324, 10.696, 10.8706, 11.0575, 11.2583, 11.4748, 11.7093, 11.9645, 12.2438, 12.5514, 12.8929, 13.2752, 13.7078, 14.2038, 14.782, 15.4706, 16.3159, 17.4009, 18.8643, 20.6639, 21.3791, 17.8045, 9.96922, 3.30418, 0.602329, 0.0580378, 0.00288549, 6.54605e-05, 2.56696e-07
7.93678, 7.99136, 8.04759, 8.10555, 8.16535, 8.22706, 8.29079, 8.35665, 8.42476, 8.49524, 8.56824, 8.64388, 8.72235, 8.8038, 8.88844, 8.97646, 9.0681, 9.16359, 9.26323, 9.3673, 9.47613, 9.59011, 9.70963, 9.83516, 9.9672, 10.1063, 10.2532, 10.4086, 10.5733, 10.7483, 10.9347, 11.1338, 11.3471, 11.5764, 11.8237, 12.0917, 12.3833, 12.7023, 13.0532, 13.4419, 13.8758, 14.3645, 14.9209, 15.5629, 16.3155, 17.2165, 18.3253, 19.7457, 21.6872, 24.6388, 29.3621, 34.5674, 33.2272, 21.1235, 7.76033, 1.53733, 0.15863, 0.00836369, 0.000210047, 1.37819e-06
30.9391
58.16
 
MEASUREMENT 257
1.4716, 4.41481, 7.36319, 10.3064, 13.2548, 16.2031, 19.1774, 22.1309, 25.0793, 28.0277, 30.9502, 33.8934
8.13042, 8.29515, 8.73328, 9.23751, 9.89335, 9.7995, 10.8682, 12.0826, 13.4485, 17.5074, 12.6971, 0.0508295
0.00921262, 0.0093863, 0.00996025, 0.0107521, 0.0114673, 0.011434, 0.0126361, 0.0139788, 0.0153068, 0.0199118, 0.0144948, 0.00051107
0, 0.589331, 1.17866, 1.76799, 2.35732, 2.94665, 3.53598, 4.12532, 4.71465, 5.30398, 5.89331, 6.48264, 7.07197, 7.6613, 8.25063, 8.83996, 9.42929, 10.0186, 10.608, 11.1973, 11.7866, 12.3759, 12.9653, 13.5546, 14.1439, 14.7333, 15.3226, 15.9119, 16.5013, 17.0906, 17.6799, 18.2693, 18.8586, 19.4479, 20.0372, 20.6266, 21.2159, 21.8052, 22.3946, 22.9839, 23.5732, 24.1626, 24.7519, 25.3412, 25.9306, 26.5199, 27.1092, 27.6985, 28.2879, 28.8772, 29.4665, 30.0559, 30.6452, 31.2345, 31.8239, 32.4132, 33.0025, 33.5919, 34.1812, 34.7705
8.01543, 8.06255, 8.11101, 8.16088, 8.21221, 8.26509, 8.31958, 8.37577, 8.43375, 8.49361, 8.55546, 8.61939, 8.68554, 8.75402, 8.82498, 8.89857, 8.97495, 9.0543, 9.13682, 9.22272, 9.31224, 9.40563, 9.50319, 9.60524, 9.71213, 9.82425, 9.94206, 10.066, 10.1968, 10.3349, 10.4812, 10.6364, 10.8016, 10.9779, 11.1666, 11.3693, 11.588, 11.8247, 12.0824, 12.3644, 12.675, 13.0198, 13.4058, 13.8426, 14.3434, 14.9271, 15.6224, 16.4759, 17.5712, 19.0486, 20.8646, 21.5841, 17.9735, 10.0649, 3.3372, 0.608804, 0.0587276, 0.00292421, 6.65143e-05, 2.61094e-07
8.01543, 8.07054, 8.12733, 8.18587, 8.24626, 8.30858, 8.37295, 8.43946, 8.50825, 8.57943, 8.65314, 8.72954, 8.80878, 8.89104, 8.97652, 9.06541, 9.15796, 9.2544, 9.35502, 9.46012, 9.57004, 9.68514, 9.80585, 9.93262, 10.066, 10.2065, 10.3548, 10.5117, 10.6781, 10.8548, 11.0431, 11.2441, 11.4596, 11.6911, 11.9409, 12.2116, 12.506, 12.8282, 13.1826, 13.5751, 14.0133, 14.5069, 15.0689, 15.7172, 16.4773, 17.3872, 18.5071, 19.9416, 21.9027, 24.884, 29.6539, 34.9076, 33.5509, 21.3312, 7.83975, 1.55424, 0.160555, 0.00847801, 0.000213415, 1.40251e-06
30.9391
58.16
 
MEASUREMENT 258
1.4716, 4.41481, 7.36319, 10.3064, 13.2548, 16.2031, 19.1774, 22.1309, 25.0793, 28.0277, 30.9502, 33.8934
8.16066, 8.32572, 8.7653, 9.27248, 9.91845, 9.81345, 10.9079, 12.1245, 13.4958, 17.5699, 12.7432, 0.0502893
0.00921262, 0.0093863, 0.00996025, 0.0107521, 0.0114673, 0.011434, 0.0126361, 0.0139788, 0.0153068, 0.0199118, 0.0144948, 0.00051107
0, 0.589331, 1.17866, 1.76799, 2.35732, 2.94665, 3.53598, 4.12532, 4.71465, 5.30398, 5.89331, 6.48264, 7.07197, 7.6613, 8.25063, 8.83996, 9.42929, 10.0186, 10.608, 11.1973, 11.7866, 12.3759, 12.9653, 13.5546, 14.1439, 14.7333, 15.3226, 15.9119, 16.5013, 17.0906, 17.6799, 18.2693, 18.8586, 19.4479, 20.0372, 20.6266, 21.2159, 21.8052, 22.3946, 22.9839, 23.5732, 24.1626, 24.7519, 25.3412, 25.9306, 26.5199, 27.1092, 27.6985, 28.2879, 28.8772, 29.4665, 30.0559, 30.6452, 31.2345, 31.8239, 32.4132, 33.0025, 33.5919, 34.1812, 34.7705
8.04151, 8.08879, 8.13742, 8.18746, 8.23897, 8.29203, 8.34671, 8.40309, 8.46127, 8.52134, 8.58339, 8.64755, 8.71392, 8.78264, 8.85385, 8.92769, 9.00434, 9.08396, 9.16677, 9.25297, 9.34279, 9.43651, 9.53441, 9.63681, 9.74407, 9.85659, 9.97481, 10.0992, 10.2304, 10.3691, 10.5158, 10.6716, 10.8374, 11.0143, 11.2037, 11.4071, 11.6265, 11.8641, 12.1227, 12.4057, 12.7175, 13.0634, 13.4508, 13.8892, 14.3918, 14.9777, 15.6755, 16.532, 17.6312, 19.1142, 20.9412, 21.6744, 18.0507, 10.094, 3.33467, 0.60455, 0.057795, 0.00284382, 6.33472e-05, 2.4669e-07
8.04151, 8.0968, 8.15378, 8.21251, 8.27309, 8.33562, 8.40019, 8.46693, 8.53593, 8.60735, 8.6813, 8.75795, 8.83745, 8.91998, 9.00573, 9.09492, 9.18776, 9.28452, 9.38547, 9.49092, 9.60119, 9.71667, 9.83777, 9.96495, 10.0987, 10.2397, 10.3885, 10.546, 10.7128, 10.8902, 11.079, 11.2807, 11.4969, 11.7292, 11.9798, 12.2513, 12.5468, 12.8699, 13.2255, 13.6193, 14.0589, 14.5541, 15.1179, 15.7683, 16.5308, 17.4436, 18.567, 20.0058, 21.9721, 24.9611, 29.7495, 35.042, 33.6931, 21.3968, 7.83635, 1.54401, 0.158079, 0.00824934, 0.000203916, 1.3243e-06
30.9388
58.16
 
MEASUREMENT 259
1.4716, 4.41481, 7.36319, 10.3064, 13.2548, 16.2031, 19.1774, 22.1309, 25.0793, 28.0277, 30.9502, 33.8934
8.07028, 8.23196, 8.66859, 9.16803, 9.80652, 9.72445, 10.783, 11.9878, 13.3431, 17.3714, 12.6001, 0.0503444
0.00921262, 0.0093863, 0.00996025, 0.0107521, 0.0114673, 0.011434, 0.0126361, 0.0139788, 0.0153068, 0.0199118, 0.0144948, 0.00051107
0, 0.589331, 1.17866, 1.76799, 2.35732, 2.94665, 3.53598, 4.12532, 4.71465, 5.30398, 5.89331, 6.48264, 7.07197, 7.6613, 8.25063, 8.83996, 9.42929, 10.0186, 10.608, 11.1973, 11.7866, 12.3759, 12.9653, 13.5546, 14.1439, 14.7333, 15.3226, 15.9119, 16.5013, 17.0906, 17.6799, 18.2693, 18.8586, 19.4479, 20.0372, 20.6266, 21.2159, 21.8052, 22.3946, 22.9839, 23.5732, 24.1626, 24.7519, 25.3412, 25.9306, 26.5199, 27.1092, 27.6985, 28.2879, 28.8772, 29.4665, 30.0559, 30.6452, 31.2345, 31.8239, 32.4132, 33.0025, 33.5919, 34.1812, 34.7705
7.95366, 8.00041, 8.04849, 8.09797, 8.1489, 8.20136, 8.25543, 8.31118, 8.3687, 8.42809, 8.48945, 8.55288, 8.61851, 8.68645, 8.75685, 8.82986, 8.90564, 8.98437, 9.06624, 9.15146, 9.24027, 9.33293, 9.42972, 9.53096, 9.637, 9.74824, 9.86511, 9.98812, 10.1178, 10.2549, 10.4, 10.554, 10.7179, 10.8928, 11.08, 11.2811, 11.4979, 11.7328, 11.9884, 12.2681, 12.5763, 12.9183, 13.3011, 13.7344, 14.2312, 14.8101, 15.4997, 16.3461, 17.4322, 18.8971, 20.6991, 21.4171, 17.8393, 9.99021, 3.31106, 0.603412, 0.0581085, 0.00288641, 6.53793e-05, 2.56082e-07
7.95366, 8.00835, 8.0647, 8.12278, 8.1827, 8.24455, 8.30841, 8.37442, 8.44267, 8.5133, 8.58644, 8.66225, 8.74088, 8.8225, 8.90732, 8.99552, 9.08735, 9.18305, 9.28289, 9.38718, 9.49625, 9.61046, 9.73023, 9.85602, 9.98834, 10.1278, 10.275, 10.4307, 10.5957, 10.7711, 10.9578, 11.1574, 11.3711, 11.6009, 11.8487, 12.1173, 12.4095, 12.7291, 13.0807, 13.4702, 13.905, 14.3947, 14.9522, 15.5955, 16.3496, 17.2523, 18.3633, 19.7863, 21.7313, 24.6877, 29.4199, 34.6407, 33.308, 21.1807, 7.78194, 1.54129, 0.158955, 0.00837366, 0.000210011, 1.37634e-06
30.9396
58.16
 
MEASUREMENT 260
1.4716, 4.41481, 7.36319, 10.3064, 13.2548, 16.2031, 19.1774, 22.1309, 25.0793, 28.0277, 30.9502, 33.8934
8.09056, 8.25202, 8.6879, 9.19994, 9.82955, 9.72564, 10.8114, 12.0171, 13.3757, 17.4141, 12.6292, 0.05129
0.00921262, 0.0093863, 0.00996025, 0.0107521, 0.0114673, 0.011434, 0.0126361, 0.0139788, 0.0153068, 0.0199118, 0.0144948, 0.00051107
0, 0.589331, 1.17866, 1.76799, 2.35732, 2.94665, 3.53598, 4.12532, 4.71465, 5.30398, 5.89331, 6.48264, 7.07197, 7.6613, 8.25063, 8.83996, 9.42929, 10.0186, 10.608, 11.1973, 11.7866, 12.3759, 12.9653, 13.5546, 14.1439, 14.7333, 15.3226, 15.9119, 16.5013, 17.0906, 17.6799, 18.2693, 18.8586, 19.4479, 20.0372, 20.6266, 21.2159, 21.8052, 22.3946, 22.9839, 23.5732, 24.1626, 24.7519, 25.3412, 25.9306, 26.5199, 27.1092, 27.6985, 28.2879, 28.8772, 29.4665, 30.0559, 30.6452, 31.2345, 31.8239, 32.4132, 33.0025, 33.5919, 34.1812, 34.7705
7.97188, 8.01874, 8.06693, 8.11652, 8.16757, 8.22015, 8.27435, 8.33023, 8.38789, 8.44741, 8.50892, 8.5725, 8.63827, 8.70638, 8.77695, 8.85013, 8.92608, 9.00499, 9.08705, 9.17247, 9.26149, 9.35437, 9.45138, 9.55286, 9.65915, 9.77065, 9.8878, 10.0111, 10.1411, 10.2785, 10.4239, 10.5783, 10.7426, 10.9179, 11.1055, 11.3071, 11.5245, 11.7599, 12.0161, 12.2965, 12.6054, 12.9482, 13.332, 13.7664, 14.2644, 14.8448, 15.5361, 16.3848, 17.474, 18.9425, 20.7446, 21.4526, 17.8666, 10.0212, 3.33514, 0.612171, 0.0595652, 0.00299954, 6.95741e-05, 2.75207e-07
7.97188, 8.02669, 8.08317, 8.14139, 8.20145, 8.26343, 8.32744, 8.3936, 8.46201, 8.5328, 8.60611, 8.68209, 8.7609, 8.84271, 8.92772, 9.01613, 9.10817, 9.20409, 9.30416, 9.40868, 9.518, 9.63247, 9.75252, 9.8786, 10.0112, 10.151, 10.2985, 10.4546, 10.62, 10.7957, 10.983, 11.1829, 11.3972, 11.6275, 11.8759, 12.145, 12.4379, 12.7583, 13.1107, 13.5011, 13.9369, 14.4278, 14.9867, 15.6314, 16.3874, 17.2923, 18.4061, 19.833, 21.7838, 24.7498, 29.4898, 34.6968, 33.3439, 21.2292, 7.83038, 1.5618, 0.16273, 0.00868963, 0.000222501, 1.47867e-06
30.9397
58.16
 
MEASUREMENT 261
1.4716, 4.41481, 7.36319, 10.3064, 13.2548, 16.2031, 19.1774, 22.1309, 25.0793, 28.0277, 30.9502, 33.8934
8.07369, 8.23448, 8.67002, 9.16046, 9.81139, 9.72938, 10.7877, 11.9938, 13.3497, 17.3773, 12.6051, 0.0497154
0.00921262, 0.0093863, 0.00996025, 0.0107521, 0.0114673, 0.011434, 0.0126361, 0.0139788, 0.0153068, 0.0199118, 0.0144948, 0.00051107
0, 0.589331, 1.17866, 1.76799, 2.35732, 2.94665, 3.53598, 4.12532, 4.71465, 5.30398, 5.89331, 6.48264, 7.07197, 7.6613, 8.25063, 8.83996, 9.42929, 10.0186, 10.608, 11.1973, 11.7866, 12.3759, 12.9653, 13.5546, 14.1439, 14.7333, 15.3226, 15.9119, 16.5013, 17.0906, 17.6799, 18.2693, 18.8586, 19.4479, 20.0372, 20.6266, 21.2159, 21.8052, 22.3946, 22.9839, 23.5732, 24.1626, 24.7519, 25.3412, 25.9306, 26.5199, 27.1092, 27.6985, 28.2879, 28.8772, 29.4665, 30.0559, 30.6452, 31.2345, 31.8239, 32.4132, 33.0025, 33.5919, 34.1812, 34.7705
7.95527, 8.00204, 8.05014, 8.09964, 8.1506, 8.20308, 8.25717, 8.31295, 8.3705, 8.42992, 8.4913, 8.55477, 8.62042, 8.6884, 8.75884, 8.83188, 8.9077, 8.98647, 9.06838, 9.15364, 9.2425, 9.33521, 9.43205, 9.53334, 9.63944, 9.75074, 9.86768, 9.99076, 10.1205, 10.2577, 10.4028, 10.557, 10.7209, 10.8959, 11.0833, 11.2845, 11.5015, 11.7365, 11.9923, 12.2722, 12.5806, 12.9228, 13.306, 13.7396, 14.2368, 14.8162, 15.5064, 16.3535, 17.4406, 18.9074, 20.7145, 21.4401, 17.8558, 9.98457, 3.29803, 0.597742, 0.0571201, 0.002809, 6.25082e-05, 2.43305e-07
7.95527, 8.00997, 8.06633, 8.12443, 8.18436, 8.24622, 8.3101, 8.37612, 8.44439, 8.51504, 8.5882, 8.66402, 8.74267, 8.82431, 8.90915, 8.99737, 9.08923, 9.18495, 9.28481, 9.38913, 9.49822, 9.61246, 9.73226, 9.85808, 9.99043, 10.1299, 10.2771, 10.4329, 10.5979, 10.7733, 10.9602, 11.1597, 11.3736, 11.6034, 11.8513, 12.1199, 12.4122, 12.7319, 13.0836, 13.4732, 13.9081, 14.398, 14.9557, 15.5991, 16.3534, 17.2564, 18.3677, 19.791, 21.7361, 24.6927, 29.4298, 34.6669, 33.3344, 21.1689, 7.75197, 1.52699, 0.156273, 0.00815052, 0.000201298, 1.30651e-06
30.9389
58.16
 
MEASUREMENT 262
1.4716, 4.41481, 7.36319, 10.3064, 13.2548, 16.2031, 19.1774, 22.1309, 25.0793, 28.0277, 30.9502, 33.8934
8.07841, 8.24202, 8.67916, 9.17856, 9.80784, 9.71555, 10.7991, 12.0031, 13.3619, 17.3967, 12.6159, 0.0504528
0.00921262, 0.0093863, 0.00996025, 0.0107521, 0.0114673, 0.011434, 0.0126361, 0.0139788, 0.0153068, 0.0199118, 0.0144948, 0.00051107
0, 0.589331, 1.17866, 1.76799, 2.35732, 2.94665, 3.53598, 4.12532, 4.71465, 5.30398, 5.89331, 6.48264, 7.07197, 7.6613, 8.25063, 8.83996, 9.42929, 10.0186, 10.608, 11.1973, 11.7866, 12.3759, 12.9653, 13.5546, 14.1439, 14.7333, 15.3226, 15.9119, 16.5013, 17.0906, 17.6799, 18.2693, 18.8586, 19.4479, 20.0372, 20.6266, 21.2159, 21.8052, 22.3946, 22.9839, 23.5732, 24.1626, 24.7519, 25.3412, 25.9306, 26.5199, 27.1092, 27.6985, 28.2879, 28.8772, 29.4665, 30.0559, 30.6452, 31.2345, 31.8239, 32.4132, 33.0025, 33.5919, 34.1812, 34.7705
7.9596, 8.00641, 8.05456, 8.1041, 8.1551, 8.20763, 8.26177, 8.31759, 8.3752, 8.43467, 8.49611, 8.55963, 8.62535, 8.69339, 8.76389, 8.837, 8.91289, 8.99173, 9.07372, 9.15906, 9.24801, 9.3408, 9.43774, 9.53913, 9.64534, 9.75675, 9.8738, 9.99701, 10.1269, 10.2642, 10.4095, 10.5638, 10.728, 10.9031, 11.0907, 11.2921, 11.5094, 11.7447, 12.0008, 12.2811, 12.5898, 12.9325, 13.3162, 13.7504, 14.2483, 14.8287, 15.52, 16.3687, 17.4581, 18.9278, 20.7343, 21.4494, 17.8583, 9.99736, 3.31376, 0.604362, 0.0582879, 0.00290204, 6.59979e-05, 2.59243e-07
7.9596, 8.01433, 8.07073, 8.12886, 8.18883, 8.25072, 8.31464, 8.38069, 8.449, 8.51968, 8.59289, 8.66875, 8.74745, 8.82914, 8.91402, 9.0023, 9.0942, 9.18998, 9.2899, 9.39428, 9.50343, 9.61774, 9.73761, 9.8635, 9.99593, 10.1355, 10.2828, 10.4386, 10.6038, 10.7793, 10.9663, 11.166, 11.3799, 11.6098, 11.8579, 12.1267, 12.4192, 12.7391, 13.0911, 13.4809, 13.9161, 14.4063, 14.9644, 15.6083, 16.3633, 17.267, 18.3794, 19.8044, 21.7525, 24.7146, 29.4531, 34.6668, 33.3079, 21.167, 7.77589, 1.541, 0.159145, 0.00840222, 0.00021147, 1.39004e-06
30.9385
58.16
 
MEASUREMENT 263
1.4716, 4.41481, 7.36319, 10.3064, 13.2548, 16.2031, 19.1774, 22.1309, 25.0793, 28.0277, 30.9502, 33.8934
8.04815, 8.21014, 8.64511, 9.14477, 9.78105, 9.68779, 10.7451, 11.9574, 13.3088, 17.3264, 12.5676, 0.0508931
0.00921262, 0.0093863, 0.00996025, 0.0107521, 0.0114673, 0.011434, 0.0126361, 0.0139788, 0.0153068, 0.0199118, 0.0144948, 0.00051107
0, 0.589331, 1.17866, 1.76799, 2.35732, 2.94665, 3.53598, 4.12532, 4.71465, 5.30398, 5.89331, 6.48264, 7.07197, 7.6613, 8.25063, 8.83996, 9.42929, 10.0186, 10.608, 11.1973, 11.7866, 12.3759, 12.9653, 13.5546, 14.1439, 14.7333, 15.3226, 15.9119, 16.5013, 17.0906, 17.6799, 18.2693, 18.8586, 19.4479, 20.0372, 20.6266, 21.2159, 21.8052, 22.3946, 22.9839, 23.5732, 24.1626, 24.7519, 25.3412, 25.9306, 26.5199, 27.1092, 27.6985, 28.2879, 28.8772, 29.4665, 30.0559, 30.6452, 31.2345, 31.8239, 32.4132, 33.0025, 33.5919, 34.1812, 34.7705
7.93075, 7.97737, 8.02532, 8.07466, 8.12546, 8.17778, 8.2317, 8.2873, 8.34467, 8.4039, 8.46509, 8.52835, 8.5938, 8.66156, 8.73178, 8.80459, 8.88017, 8.95868, 9.04033, 9.12533, 9.2139, 9.30631, 9.40284, 9.50382, 9.60958, 9.72052, 9.83709, 9.95977, 10.0891, 10.2258, 10.3705, 10.5242, 10.6876, 10.862, 11.0488, 11.2494, 11.4657, 11.6999, 11.9549, 12.2339, 12.5413, 12.8824, 13.2644, 13.6966, 14.1921, 14.7697, 15.4577, 16.3023, 17.3863, 18.8479, 20.6426, 21.3501, 17.7823, 9.9713, 3.3161, 0.607896, 0.0590395, 0.00296577, 6.85005e-05, 2.70507e-07
7.93075, 7.98528, 8.04146, 8.09939, 8.15913, 8.2208, 8.28448, 8.35029, 8.41835, 8.48877, 8.56171, 8.6373, 8.7157, 8.79709, 8.88166, 8.96961, 9.06118, 9.1566, 9.25616, 9.36014, 9.46889, 9.58278, 9.7022, 9.82763, 9.95957, 10.0986, 10.2454, 10.4006, 10.5652, 10.74, 10.9263, 11.1252, 11.3384, 11.5675, 11.8146, 12.0824, 12.3738, 12.6925, 13.0431, 13.4315, 13.865, 14.3533, 14.9093, 15.5507, 16.3028, 17.203, 18.3111, 19.7305, 21.6711, 24.6213, 29.3375, 34.522, 33.1787, 21.119, 7.78405, 1.55057, 0.161259, 0.00858999, 0.000219131, 1.45261e-06
30.9397
58.16
 
MEASUREMENT 264
1.4716, 4.41481, 7.36319, 10.3064, 13.2548, 16.2031, 19.1774, 22.1309, 25.0793, 28.0277, 30.9502, 33.8934
8.14369, 8.30617, 8.74601, 9.24973, 9.89424, 9.80233, 10.8937, 12.0975, 13.4641, 17.5314, 12.714, 0.0510741
0.00921262, 0.0093863, 0.00996025, 0.0107521, 0.0114673, 0.011434, 0.0126361, 0.0139788, 0.0153068, 0.0199118, 0.0144948, 0.00051107
0, 0.589331, 1.17866, 1.76799, 2.35732, 2.94665, 3.53598, 4.12532, 4.71465, 5.30398, 5.89331, 6.48264, 7.07197, 7.6613, 8.25063, 8.83996, 9.42929, 10.0186, 10.608, 11.1973, 11.7866, 12.3759, 12.9653, 13.5546, 14.1439, 14.7333, 15.3226, 15.9119, 16.5013, 17.0906, 17.6799, 18.2693, 18.8586, 19.4479, 20.0372, 20.6266, 21.2159, 21.8052, 22.3946, 22.9839, 23.5732, 24.1626, 24.7519, 25.3412, 25.9306, 26.5199, 27.1092, 27.6985, 28.2879, 28.8772, 29.4665, 30.0559, 30.6452, 31.2345, 31.8239, 32.4132, 33.0025, 33.5919, 34.1812, 34.7705
8.02502, 8.0722, 8.12072, 8.17065, 8.22205, 8.275, 8.32956, 8.38583, 8.44388, 8.50382, 8.56574, 8.62976, 8.69599, 8.76457, 8.83562, 8.9093, 8.98578, 9.06524, 9.14787, 9.23388, 9.32351, 9.41703, 9.51472, 9.6169, 9.72393, 9.8362, 9.95417, 10.0783, 10.2092, 10.3476, 10.494, 10.6495, 10.8149, 10.9914, 11.1804, 11.3834, 11.6023, 11.8394, 12.0974, 12.3798, 12.6909, 13.0361, 13.4227, 13.8601, 14.3617, 14.9463, 15.6426, 16.4974, 17.5945, 19.0742, 20.8921, 21.6102, 17.9944, 10.0797, 3.34503, 0.611177, 0.0590899, 0.00295113, 6.74799e-05, 2.65487e-07
8.02502, 8.08019, 8.13705, 8.19566, 8.25612, 8.31852, 8.38296, 8.44956, 8.51842, 8.58969, 8.66349, 8.73998, 8.81932, 8.90168, 8.98725, 9.07626, 9.16891, 9.26547, 9.36622, 9.47144, 9.58149, 9.69673, 9.81759, 9.94451, 10.078, 10.2187, 10.3672, 10.5243, 10.6909, 10.8678, 11.0563, 11.2576, 11.4733, 11.7051, 11.9552, 12.2262, 12.521, 12.8436, 13.1984, 13.5914, 14.0302, 14.5243, 15.087, 15.7361, 16.4972, 17.4083, 18.5296, 19.966, 21.9299, 24.9156, 29.6908, 34.9445, 33.5806, 21.3543, 7.8545, 1.55949, 0.161456, 0.008551, 0.000216238, 1.42548e-06
30.939
58.16
 
MEASUREMENT 265
1.4716, 4.41481, 7.36319, 10.3064, 13.2548, 16.2031, 19.1774, 22.1309, 25.0793, 28.0277, 30.9502, 33.8934
8.28491, 8.4501, 8.8982, 9.411, 10.0694, 9.97158, 11.0719, 12.3076, 13.7002, 17.8351, 12.9366, 0.0510657
0.00921262, 0.0093863, 0.00996025, 0.0107521, 0.0114673, 0.011434, 0.0126361, 0.0139788, 0.0153068, 0.0199118, 0.0144948, 0.00051107
0, 0.589331, 1.17866, 1.76799, 2.35732, 2.94665, 3.53598, 4.12532, 4.71465, 5.30398, 5.89331, 6.48264, 7.07197, 7.6613, 8.25063, 8.83996, 9.42929, 10.0186, 10.608, 11.1973, 11.7866, 12.3759, 12.9653, 13.5546, 14.1439, 14.7333, 15.3226, 15.9119, 16.5013, 17.0906, 17.6799, 18.2693, 18.8586, 19.4479, 20.0372, 20.6266, 21.2159, 21.8052, 22.3946, 22.9839, 23.5732, 24.1626, 24.7519, 25.3412, 25.9306, 26.5199, 27.1092, 27.6985, 28.2879, 28.8772, 29.4665, 30.0559, 30.6452, 31.2345, 31.8239, 32.4132, 33.0025, 33.5919, 34.1812, 34.7705
8.16389, 8.21189, 8.26126, 8.31205, 8.36434, 8.41821, 8.47371, 8.53095, 8.59002, 8.65099, 8.71399, 8.77912, 8.8465, 8.91626, 8.98854, 9.0635, 9.14131, 9.22214, 9.3062, 9.3937, 9.48489, 9.58003, 9.67941, 9.78336, 9.89224, 10.0065, 10.1265, 10.2528, 10.386, 10.5267, 10.6757, 10.8338, 11.0021, 11.1817, 11.3739, 11.5804, 11.8031, 12.0443, 12.3068, 12.5941, 12.9106, 13.2618, 13.655, 14.1, 14.6102, 15.2048, 15.9131, 16.7824, 17.8981, 19.4033, 21.2577, 22.0023, 18.3248, 10.2481, 3.38585, 0.613869, 0.0586881, 0.00288779, 6.43284e-05, 2.50476e-07
8.16389, 8.22003, 8.27787, 8.33749, 8.399, 8.46247, 8.52803, 8.59578, 8.66584, 8.73834, 8.81342, 8.89123, 8.97194, 9.05572, 9.14278, 9.23332, 9.32758, 9.42581, 9.5283, 9.63535, 9.7473, 9.86453, 9.98748, 10.1166, 10.2524, 10.3955, 10.5466, 10.7064, 10.8759, 11.0559, 11.2476, 11.4524, 11.6718, 11.9076, 12.1621, 12.4377, 12.7377, 13.0657, 13.4267, 13.8265, 14.2728, 14.7755, 15.3478, 16.0081, 16.7822, 17.7088, 18.8492, 20.3098, 22.3059, 25.34, 30.2009, 35.5747, 34.2082, 21.7262, 7.95781, 1.56807, 0.16055, 0.00837845, 0.000207111, 1.34495e-06
30.939
58.16
 
MEASUREMENT 266
1.4716, 4.41481, 7.36319, 10.3064, 13.2548, 16.2031, 19.1774, 22.1309, 25.0793, 28.0277, 30.9502, 33.8934
8.41221, 8.57964, 9.03355, 9.55514, 10.2207, 10.1244, 11.2397, 12.4933, 13.9069, 18.106, 13.1308, 0.0534988
0.00921262, 0.0093863, 0.00996025, 0.0107521, 0.0114673, 0.011434, 0.0126361, 0.0139788, 0.0153068, 0.0199118, 0.0144948, 0.00051107
0, 0.589331, 1.17866, 1.76799, 2.35732, 2.94665, 3.53598, 4.12532, 4.71465, 5.30398, 5.89331, 6.48264, 7.07197, 7.6613, 8.25063, 8.83996, 9.42929, 10.0186, 10.608, 11.1973, 11.7866, 12.3759, 12.9653, 13.5546, 14.1439, 14.7333, 15.3226, 15.9119, 16.5013, 17.0906, 17.6799, 18.2693, 18.8586, 19.4479, 20.0372, 20.6266, 21.2159, 21.8052, 22.3946, 22.9839, 23.5732, 24.1626, 24.7519, 25.3412, 25.9306, 26.5199, 27.1092, 27.6985, 28.2879, 28.8772, 29.4665, 30.0559, 30.6452, 31.2345, 31.8239, 32.4132, 33.0025, 33.5919, 34.1812, 34.7705
8.28852, 8.33724, 8.38735, 8.43891, 8.49199, 8.54667, 8.60301, 8.66112, 8.72107, 8.78296, 8.84691, 8.91302, 8.98141, 9.05223, 9.1256, 9.20169, 9.28067, 9.36272, 9.44804, 9.53686, 9.62942, 9.72599, 9.82686, 9.93238, 10.0429, 10.1588, 10.2806, 10.4088, 10.544, 10.6869, 10.8381, 10.9986, 11.1694, 11.3517, 11.5468, 11.7564, 11.9824, 12.2272, 12.4937, 12.7853, 13.1064, 13.4629, 13.862, 14.3136, 14.8315, 15.435, 16.154, 17.0365, 18.1693, 19.6965, 21.5695, 22.3027, 18.5734, 10.4203, 3.47076, 0.637981, 0.062208, 0.0031415, 7.32211e-05, 2.90265e-07
8.28852, 8.34551, 8.40423, 8.46476, 8.5272, 8.59165, 8.65821, 8.72699, 8.79811, 8.87172, 8.94794, 9.02694, 9.10888, 9.19394, 9.28233, 9.37425, 9.46994, 9.56967, 9.67372, 9.7824, 9.89606, 10.0151, 10.1399, 10.271, 10.4089, 10.5542, 10.7076, 10.8698, 11.0418, 11.2246, 11.4192, 11.6271, 11.8499, 12.0893, 12.3476, 12.6275, 12.932, 13.2651, 13.6316, 14.0375, 14.4906, 15.0009, 15.5821, 16.2524, 17.0385, 17.9794, 19.1376, 20.6213, 22.6501, 25.7348, 30.6627, 36.0703, 34.6578, 22.0696, 8.14639, 1.6271, 0.169888, 0.0090973, 0.000233932, 1.55927e-06
30.9396
58.16
 
MEASUREMENT 267
1.4716, 4.41481, 7.36319, 10.3064, 13.2548, 16.2031, 19.1774, 22.1309, 25.0793, 28.0277, 30.9502, 33.8934
8.25166, 8.41648, 8.86238, 9.37552, 10.0277, 9.93294, 11.0168, 12.258, 13.6441, 17.7742, 12.8843, 0.0514988
0.00921262, 0.0093863, 0.00996025, 0.0107521, 0.0114673, 0.011434, 0.0126361, 0.0139788, 0.0153068, 0.0199118, 0.0144948, 0.00051107
0, 0.589331, 1.17866, 1.76799, 2.35732, 2.94665, 3.53598, 4.12532, 4.71465, 5.30398, 5.89331, 6.48264, 7.07197, 7.6613, 8.25063, 8.83996, 9.42929, 10.0186, 10.608, 11.1973, 11.7866, 12.3759, 12.9653, 13.5546, 14.1439, 14.7333, 15.3226, 15.9119, 16.5013, 17.0906, 17.6799, 18.2693, 18.8586, 19.4479, 20.0372, 20.6266, 21.2159, 21.8052, 22.3946, 22.9839, 23.5732, 24.1626, 24.7519, 25.3412, 25.9306, 26.5199, 27.1092, 27.6985, 28.2879, 28.8772, 29.4665, 30.0559, 30.6452, 31.2345, 31.8239, 32.4132, 33.0025, 33.5919, 34.1812, 34.7705
8.13003, 8.17785, 8.22702, 8.27762, 8.32971, 8.38337, 8.43867, 8.49569, 8.55453, 8.61527, 8.67803, 8.74291, 8.81003, 8.87953, 8.95154, 9.02622, 9.10374, 9.18426, 9.26801, 9.35518, 9.44603, 9.54081, 9.63983, 9.74339, 9.85187, 9.96567, 10.0852, 10.2111, 10.3438, 10.484, 10.6324, 10.79, 10.9577, 11.1366, 11.3282, 11.534, 11.7559, 11.9962, 12.2578, 12.5441, 12.8595, 13.2095, 13.6014, 14.045, 14.5535, 15.1463, 15.8525, 16.7194, 17.8323, 19.3336, 21.1787, 21.9077, 18.2375, 10.208, 3.38306, 0.616923, 0.0594942, 0.00296199, 6.73561e-05, 2.64614e-07
8.13003, 8.18593, 8.24353, 8.30292, 8.36417, 8.42738, 8.49267, 8.56014, 8.62991, 8.70211, 8.77688, 8.85438, 8.93475, 9.0182, 9.1049, 9.19507, 9.28894, 9.38677, 9.48883, 9.59544, 9.70694, 9.82369, 9.94613, 10.0747, 10.21, 10.3525, 10.503, 10.6622, 10.8309, 11.0102, 11.2011, 11.4051, 11.6236, 11.8585, 12.1119, 12.3864, 12.6852, 13.012, 13.3715, 13.7697, 14.2142, 14.7149, 15.285, 15.9428, 16.7139, 17.6371, 18.7734, 20.229, 22.2192, 25.2453, 30.086, 35.41, 34.0174, 21.614, 7.93878, 1.57307, 0.162442, 0.00857593, 0.000215834, 1.41887e-06
30.9382
58.16
 
MEASUREMENT 268
1.4716, 4.41481, 7.36319, 10.3064, 13.2548, 16.2031, 19.1774, 22.1309, 25.0793, 28.0277, 30.9502, 33.8934
8.17992, 8.3455, 8.78536, 9.29269, 9.94093, 9.84547, 10.9313, 12.1405, 13.5258, 17.6111, 12.7718, 0.0503761
0.00921262, 0.0093863, 0.00996025, 0.0107521, 0.0114673, 0.011434, 0.0126361, 0.0139788, 0.0153068, 0.0199118, 0.0144948, 0.00051107
0, 0.589331, 1.17866, 1.76799, 2.35732, 2.94665, 3.53598, 4.12532, 4.71465, 5.30398, 5.89331, 6.48264, 7.07197, 7.6613, 8.25063, 8.83996, 9.42929, 10.0186, 10.608, 11.1973, 11.7866, 12.3759, 12.9653, 13.5546, 14.1439, 14.7333, 15.3226, 15.9119, 16.5013, 17.0906, 17.6799, 18.2693, 18.8586, 19.4479, 20.0372, 20.6266, 21.2159, 21.8052, 22.3946, 22.9839, 23.5732, 24.1626, 24.7519, 25.3412, 25.9306, 26.5199, 27.1092, 27.6985, 28.2879, 28.8772, 29.4665, 30.0559, 30.6452, 31.2345, 31.8239, 32.4132, 33.0025, 33.5919, 34.1812, 34.7705
8.06031, 8.1077, 8.15643, 8.20658, 8.2582, 8.31137, 8.36617, 8.42268, 8.48098, 8.54118, 8.60337, 8.66767, 8.73418, 8.80305, 8.87441, 8.94841, 9.02522, 9.10502, 9.188, 9.27438, 9.3644, 9.45832, 9.55643, 9.65905, 9.76654, 9.87929, 9.99776, 10.1224, 10.2539, 10.3928, 10.5399, 10.696, 10.8622, 11.0394, 11.2292, 11.4331, 11.6529, 11.891, 12.1501, 12.4337, 12.746, 13.0927, 13.4808, 13.9201, 14.4237, 15.0106, 15.7097, 16.5677, 17.6687, 19.1542, 20.9847, 21.721, 18.0922, 10.1181, 3.34235, 0.605746, 0.0578743, 0.00284515, 6.32767e-05, 2.46175e-07
8.06031, 8.11573, 8.17284, 8.23171, 8.29243, 8.3551, 8.41983, 8.48671, 8.55588, 8.62746, 8.70159, 8.77841, 8.8581, 8.94082, 9.02677, 9.11616, 9.20922, 9.30621, 9.40739, 9.51308, 9.62361, 9.73936, 9.86074, 9.98821, 10.1223, 10.2636, 10.4128, 10.5706, 10.7378, 10.9155, 11.1048, 11.307, 11.5237, 11.7565, 12.0077, 12.2798, 12.576, 12.8999, 13.2563, 13.651, 14.0916, 14.5878, 15.1529, 15.8047, 16.569, 17.4838, 18.6096, 20.0515, 22.0219, 25.0167, 29.8155, 35.1241, 33.7802, 21.456, 7.85794, 1.54784, 0.158381, 0.00825789, 0.000203845, 1.32238e-06
30.9392
58.16
 
MEASUREMENT 269
1.4716, 4.41481, 7.36319, 10.3064, 13.2548, 16.2031, 19.1774, 22.1309, 25.0793, 28.0277, 30.9502, 33.8934
8.14374, 8.30762, 8.74817, 9.24987, 9.89544, 9.80253, 10.8831, 12.11, 13.4657, 17.5308, 12.7156, 0.0507837
0.00921262, 0.0093863, 0.00996025, 0.0107521, 0.0114673, 0.011434, 0.0126361, 0.0139788, 0.0153068, 0.0199118, 0.0144948, 0.00051107
0, 0.589331, 1.17866, 1.76799, 2.35732, 2.94665, 3.53598, 4.12532, 4.71465, 5.30398, 5.89331, 6.48264, 7.07197, 7.6613, 8.25063, 8.83996, 9.42929, 10.0186, 10.608, 11.1973, 11.7866, 12.3759, 12.9653, 13.5546, 14.1439, 14.7333, 15.3226, 15.9119, 16.5013, 17.0906, 17.6799, 18.2693, 18.8586, 19.4479, 20.0372, 20.6266, 21.2159, 21.8052, 22.3946, 22.9839, 23.5732, 24.1626, 24.7519, 25.3412, 25.9306, 26.5199, 27.1092, 27.6985, 28.2879, 28.8772, 29.4665, 30.0559, 30.6452, 31.2345, 31.8239, 32.4132, 33.0025, 33.5919, 34.1812, 34.7705
8.02559, 8.07278, 8.12131, 8.17124, 8.22264, 8.27559, 8.33016, 8.38643, 8.44449, 8.50443, 8.56636, 8.63039, 8.69662, 8.7652, 8.83626, 8.90995, 8.98644, 9.0659, 9.14853, 9.23455, 9.32419, 9.41772, 9.51542, 9.61761, 9.72464, 9.83692, 9.9549, 10.0791, 10.21, 10.3483, 10.4948, 10.6503, 10.8157, 10.9922, 11.1812, 11.3842, 11.6031, 11.8402, 12.0983, 12.3807, 12.6918, 13.0371, 13.4236, 13.8611, 14.3627, 14.9473, 15.6437, 16.4984, 17.5955, 19.0753, 20.895, 21.6176, 18.0018, 10.0783, 3.33961, 0.608619, 0.0586239, 0.00291345, 6.60472e-05, 2.58944e-07
8.02559, 8.08078, 8.13763, 8.19625, 8.25671, 8.31912, 8.38356, 8.45016, 8.51903, 8.5903, 8.66411, 8.74061, 8.81995, 8.90232, 8.9879, 9.07691, 9.16957, 9.26614, 9.36689, 9.47212, 9.58218, 9.69743, 9.81829, 9.94522, 10.0787, 10.2194, 10.368, 10.5251, 10.6916, 10.8686, 11.0571, 11.2584, 11.4741, 11.706, 11.9561, 12.2271, 12.5219, 12.8445, 13.1993, 13.5924, 14.0311, 14.5253, 15.088, 15.7371, 16.4982, 17.4093, 18.5306, 19.9669, 21.9304, 24.9152, 29.6919, 34.9554, 33.598, 21.3563, 7.84423, 1.55353, 0.160247, 0.00844548, 0.000211973, 1.39037e-06
30.939
58.16
 
MEASUREMENT 270
1.4716, 4.41481, 7.36319, 10.3064, 13.2548, 16.2031, 19.1774, 22.1309, 25.0793, 28.0277, 30.9502, 33.8934
8.06697, 8.22881, 8.66307, 9.16325, 9.80359, 9.70999, 10.7813, 11.984, 13.3406, 17.3663, 12.5965, 0.0511322
0.00921262, 0.0093863, 0.00996025, 0.0107521, 0.0114673, 0.011434, 0.0126361, 0.0139788, 0.0153068, 0.0199118, 0.0144948, 0.00051107
0, 0.589331, 1.17866, 1.76799, 2.35732, 2.94665, 3.53598, 4.12532, 4.71465, 5.30398, 5.89331, 6.48264, 7.07197, 7.6613, 8.25063, 8.83996, 9.42929, 10.0186, 10.608, 11.1973, 11.7866, 12.3759, 12.9653, 13.5546, 14.1439, 14.7333, 15.3226, 15.9119, 16.5013, 17.0906, 17.6799, 18.2693, 18.8586, 19.4479, 20.0372, 20.6266, 21.2159, 21.8052, 22.3946, 22.9839, 23.5732, 24.1626, 24.7519, 25.3412, 25.9306, 26.5199, 27.1092, 27.6985, 28.2879, 28.8772, 29.4665, 30.0559, 30.6452, 31.2345, 31.8239, 32.4132, 33.0025, 33.5919, 34.1812, 34.7705
7.94918, 7.99591, 8.04398, 8.09344, 8.14435, 8.1968, 8.25085, 8.30658, 8.36409, 8.42347, 8.48481, 8.54822, 8.61383, 8.68176, 8.75214, 8.82513, 8.90089, 8.9796, 9.06144, 9.14665, 9.23544, 9.32807, 9.42484, 9.52606, 9.63208, 9.7433, 9.86015, 9.98314, 10.1128, 10.2498, 10.3949, 10.5489, 10.7128, 10.8876, 11.0748, 11.2759, 11.4928, 11.7276, 11.9832, 12.263, 12.5711, 12.9131, 13.296, 13.7293, 14.2262, 14.8053, 15.4951, 16.342, 17.4289, 18.8947, 20.6932, 21.3994, 17.8206, 9.99382, 3.32548, 0.61031, 0.0593783, 0.00298999, 6.93471e-05, 2.74405e-07
7.94918, 8.00383, 8.06015, 8.11821, 8.17809, 8.2399, 8.30373, 8.3697, 8.43791, 8.5085, 8.58161, 8.65737, 8.73596, 8.81754, 8.90231, 8.99047, 9.08225, 9.17789, 9.27768, 9.38191, 9.49092, 9.60507, 9.72478, 9.8505, 9.98275, 10.1221, 10.2692, 10.4248, 10.5898, 10.7651, 10.9517, 11.1512, 11.3648, 11.5944, 11.8422, 12.1106, 12.4026, 12.7221, 13.0736, 13.4629, 13.8974, 14.3869, 14.9443, 15.5872, 16.3411, 17.2436, 18.3543, 19.7773, 21.723, 24.6814, 29.4088, 34.5992, 33.244, 21.1605, 7.8032, 1.55608, 0.162111, 0.00865593, 0.00022162, 1.473e-06
30.9394
58.16
 
MEASUREMENT 271
1.4716, 4.41481, 7.36319, 10.3064, 13.2548, 16.2031, 19.1774, 22.1309, 25.0793, 28.0277, 30.9502, 33.8934
8.0538, 8.21652, 8.65016, 9.14846, 9.78831, 9.69438, 10.7642, 11.9665, 13.3179, 17.3399, 12.5755, 0.0501453
0.00921262, 0.0093863, 0.00996025, 0.0107521, 0.0114673, 0.011434, 0.0126361, 0.0139788, 0.0153068, 0.0199118, 0.0144948, 0.00051107
0, 0.589331, 1.17866, 1.76799, 2.35732, 2.94665, 3.53598, 4.12532, 4.71465, 5.30398, 5.89331, 6.48264, 7.07197, 7.6613, 8.25063, 8.83996, 9.42929, 10.0186, 10.608, 11.1973, 11.7866, 12.3759, 12.9653, 13.5546, 14.1439, 14.7333, 15.3226, 15.9119, 16.5013, 17.0906, 17.6799, 18.2693, 18.8586, 19.4479, 20.0372, 20.6266, 21.2159, 21.8052, 22.3946, 22.9839, 23.5732, 24.1626, 24.7519, 25.3412, 25.9306, 26.5199, 27.1092, 27.6985, 28.2879, 28.8772, 29.4665, 30.0559, 30.6452, 31.2345, 31.8239, 32.4132, 33.0025, 33.5919, 34.1812, 34.7705
7.93671, 7.98337, 8.03136, 8.08074, 8.13158, 8.18394, 8.23791, 8.29356, 8.35098, 8.41026, 8.4715, 8.53482, 8.60032, 8.66814, 8.73842, 8.8113, 8.88694, 8.96552, 9.04724, 9.13231, 9.22096, 9.31346, 9.41008, 9.51114, 9.61699, 9.72803, 9.84471, 9.9675, 10.097, 10.2338, 10.3786, 10.5324, 10.696, 10.8706, 11.0575, 11.2583, 11.4748, 11.7093, 11.9645, 12.2438, 12.5514, 12.8929, 13.2752, 13.7079, 14.2039, 14.7821, 15.4708, 16.3161, 17.4011, 18.8647, 20.6648, 21.3806, 17.8045, 9.96622, 3.30117, 0.60121, 0.0578548, 0.00287161, 6.49552e-05, 2.5445e-07
7.93671, 7.99128, 8.04751, 8.10547, 8.16527, 8.22698, 8.29071, 8.35657, 8.42468, 8.49516, 8.56816, 8.6438, 8.72227, 8.80372, 8.88836, 8.97638, 9.06802, 9.16351, 9.26315, 9.36722, 9.47605, 9.59003, 9.70955, 9.83508, 9.96712, 10.1063, 10.2531, 10.4085, 10.5732, 10.7482, 10.9346, 11.1337, 11.347, 11.5763, 11.8237, 12.0916, 12.3832, 12.7022, 13.0532, 13.4419, 13.8757, 14.3645, 14.9209, 15.5629, 16.3155, 17.2165, 18.3254, 19.7458, 21.6874, 24.639, 29.3631, 34.5705, 33.229, 21.1188, 7.75402, 1.53464, 0.158147, 0.00832442, 0.000208533, 1.3661e-06
30.9389
58.16
 
MEASUREMENT 272
1.4716, 4.41481, 7.36319, 10.3064, 13.2548, 16.2031, 19.1774, 22.1309, 25.0793, 28.0277, 30.9502, 33.8934
8.03234, 8.19245, 8.62551, 9.12354, 9.75952, 9.6685, 10.7444, 11.9317, 13.2829, 17.279, 12.5401, 0.0503015
0.00921262, 0.0093863, 0.00996025, 0.0107521, 0.0114673, 0.011434, 0.0126361, 0.0139788, 0.0153068, 0.0199118, 0.0144948, 0.00051107
0, 0.589331, 1.17866, 1.76799, 2.35732, 2.94665, 3.53598, 4.12532, 4.71465, 5.30398, 5.89331, 6.48264, 7.07197, 7.6613, 8.25063, 8.83996, 9.42929, 10.0186, 10.608, 11.1973, 11.7866, 12.3759, 12.9653, 13.5546, 14.1439, 14.7333, 15.3226, 15.9119, 16.5013, 17.0906, 17.6799, 18.2693, 18.8586, 19.4479, 20.0372, 20.6266, 21.2159, 21.8052, 22.3946, 22.9839, 23.5732, 24.1626, 24.7519, 25.3412, 25.9306, 26.5199, 27.1092, 27.6985, 28.2879, 28.8772, 29.4665, 30.0559, 30.6452, 31.2345, 31.8239, 32.4132, 33.0025, 33.5919, 34.1812, 34.7705
7.916, 7.96253, 8.01037, 8.0596, 8.11028, 8.16249, 8.21629, 8.27176, 8.329, 8.3881, 8.44916, 8.51228, 8.57758, 8.64519, 8.71524, 8.78789, 8.86329, 8.94163, 9.02309, 9.10789, 9.19626, 9.28846, 9.38477, 9.4855, 9.59102, 9.7017, 9.81799, 9.94038, 10.0694, 10.2058, 10.3502, 10.5034, 10.6665, 10.8405, 11.0267, 11.2268, 11.4426, 11.6762, 11.9305, 12.2089, 12.5154, 12.8556, 13.2365, 13.6676, 14.1617, 14.7376, 15.4235, 16.2654, 17.3456, 18.8024, 20.594, 21.3084, 17.7532, 9.94828, 3.30065, 0.602411, 0.0581232, 0.00289393, 6.58206e-05, 2.58093e-07
7.916, 7.97043, 8.02651, 8.08432, 8.14396, 8.2055, 8.26907, 8.33476, 8.40268, 8.47298, 8.54577, 8.62122, 8.69947, 8.78071, 8.86512, 8.9529, 9.0443, 9.13954, 9.2389, 9.34269, 9.45124, 9.5649, 9.6841, 9.80929, 9.94098, 10.0797, 10.2262, 10.3812, 10.5454, 10.72, 10.9058, 11.1044, 11.3171, 11.5458, 11.7925, 12.0597, 12.3505, 12.6686, 13.0185, 13.4061, 13.8388, 14.3261, 14.881, 15.521, 16.2715, 17.1698, 18.2753, 19.6912, 21.6265, 24.5678, 29.2753, 34.4705, 33.1532, 21.0962, 7.75935, 1.53915, 0.159042, 0.00839803, 0.000211374, 1.38807e-06
30.9402
58.17
 
MEASUREMENT 273
1.4716, 4.41481, 7.36319, 10.3064, 13.2548, 16.2031, 19.1774, 22.1309, 25.0793, 28.0277, 30.9502, 33.8934
7.86142, 8.02162, 8.44517, 8.9314, 9.55626, 9.46375, 10.5089, 11.6809, 13.0011, 16.9277, 12.2767, 0.048451
0.00921262, 0.0093863, 0.00996025, 0.0107521, 0.0114673, 0.011434, 0.0126361, 0.0139788, 0.0153068, 0.0199118, 0.0144948, 0.00051107
0, 0.589331, 1.17866, 1.76799, 2.35732, 2.94665, 3.53598, 4.12532, 4.71465, 5.30398, 5.89331, 6.48264, 7.07197, 7.6613, 8.25063, 8.83996, 9.42929, 10.0186, 10.608, 11.1973, 11.7866, 12.3759, 12.9653, 13.5546, 14.1439, 14.7333, 15.3226, 15.9119, 16.5013, 17.0906, 17.6799, 18.2693, 18.8586, 19.4479, 20.0372, 20.6266, 21.2159, 21.8052, 22.3946, 22.9839, 23.5732, 24.1626, 24.7519, 25.3412, 25.9306, 26.5199, 27.1092, 27.6985, 28.2879, 28.8772, 29.4665, 30.0559, 30.6452, 31.2345, 31.8239, 32.4132, 33.0025, 33.5919, 34.1812, 34.7705
7.74813, 7.79368, 7.84053, 7.88874, 7.93837, 7.98949, 8.04217, 8.0965, 8.15255, 8.21042, 8.27021, 8.33202, 8.39597, 8.46218, 8.53078, 8.60192, 8.67577, 8.75248, 8.83226, 8.91531, 9.00185, 9.09214, 9.18646, 9.28512, 9.38846, 9.49686, 9.61076, 9.73063, 9.85703, 9.99058, 10.132, 10.2821, 10.4418, 10.6122, 10.7947, 10.9907, 11.202, 11.4309, 11.6801, 11.9527, 12.2531, 12.5864, 12.9596, 13.3819, 13.8662, 14.4305, 15.1028, 15.9279, 16.9868, 18.4154, 20.1753, 20.8811, 17.3897, 9.72432, 3.21259, 0.582437, 0.0556837, 0.00274011, 6.10443e-05, 2.3772e-07
7.74813, 7.8014, 7.8563, 7.91289, 7.97126, 8.0315, 8.09372, 8.15802, 8.22451, 8.29332, 8.36458, 8.43843, 8.51502, 8.59454, 8.67717, 8.7631, 8.85256, 8.94579, 9.04306, 9.14465, 9.2509, 9.36217, 9.47885, 9.6014, 9.7303, 9.86614, 10.0095, 10.1612, 10.322, 10.4928, 10.6748, 10.8692, 11.0774, 11.3013, 11.5427, 11.8043, 12.089, 12.4004, 12.743, 13.1225, 13.546, 14.0231, 14.5663, 15.193, 15.9277, 16.8072, 17.8896, 19.2759, 21.1705, 24.0504, 28.6641, 33.7633, 32.4638, 20.6164, 7.55074, 1.4878, 0.152333, 0.00795005, 0.00019654, 1.27648e-06
30.9388
58.16
 
MEASUREMENT 274
1.4716, 4.41481, 7.36319, 10.3064, 13.2548, 16.2031, 19.1774, 22.1309, 25.0793, 28.0277, 30.9502, 33.8934
7.80385, 7.96138, 8.38104, 8.86642, 9.48371, 9.39374, 10.429, 11.593, 12.9055, 16.8023, 12.1861, 0.0484068
0.00921262, 0.0093863, 0.00996025, 0.0107521, 0.0114673, 0.011434, 0.0126361, 0.0139788, 0.0153068, 0.0199118, 0.0144948, 0.00051107
0, 0.589331, 1.17866, 1.76799, 2.35732, 2.94665, 3.53598, 4.12532, 4.71465, 5.30398, 5.89331, 6.48264, 7.07197, 7.6613, 8.25063, 8.83996, 9.42929, 10.0186, 10.608, 11.1973, 11.7866, 12.3759, 12.9653, 13.5546, 14.1439, 14.7333, 15.3226, 15.9119, 16.5013, 17.0906, 17.6799, 18.2693, 18.8586, 19.4479, 20.0372, 20.6266, 21.2159, 21.8052, 22.3946, 22.9839, 23.5732, 24.1626, 24.7519, 25.3412, 25.9306, 26.5199, 27.1092, 27.6985, 28.2879, 28.8772, 29.4665, 30.0559, 30.6452, 31.2345, 31.8239, 32.4132, 33.0025, 33.5919, 34.1812, 34.7705
7.69022, 7.73544, 7.78194, 7.82979, 7.87905, 7.92979, 7.98208, 8.036, 8.09164, 8.14908, 8.20842, 8.26978, 8.33325, 8.39897, 8.46706, 8.53768, 8.61097, 8.68712, 8.7663, 8.84873, 8.93464, 9.02426, 9.11788, 9.21581, 9.31838, 9.42598, 9.53903, 9.65802, 9.78348, 9.91604, 10.0564, 10.2054, 10.3639, 10.5331, 10.7142, 10.9088, 11.1185, 11.3458, 11.593, 11.8637, 12.1618, 12.4927, 12.8631, 13.2824, 13.763, 14.3233, 14.9906, 15.8097, 16.861, 18.2792, 20.0247, 20.7214, 17.2564, 9.65607, 3.19534, 0.58095, 0.0557676, 0.00275899, 6.20506e-05, 2.42525e-07
7.69022, 7.7431, 7.79758, 7.85375, 7.91169, 7.97148, 8.03323, 8.09705, 8.16305, 8.23134, 8.30206, 8.37536, 8.45139, 8.53031, 8.61232, 8.69761, 8.7864, 8.87893, 8.97547, 9.07631, 9.18176, 9.2922, 9.40801, 9.52964, 9.65758, 9.7924, 9.93472, 10.0853, 10.2449, 10.4144, 10.595, 10.7879, 10.9946, 11.2168, 11.4565, 11.7161, 11.9987, 12.3077, 12.6478, 13.0244, 13.4448, 13.9183, 14.4575, 15.0795, 15.8087, 16.6817, 17.7561, 19.1322, 21.0131, 23.8724, 28.4504, 33.5021, 32.2066, 20.4634, 7.50644, 1.48317, 0.15247, 0.00799961, 0.000199397, 1.30195e-06
30.9389
58.16
 
MEASUREMENT 275
1.4716, 4.41481, 7.36319, 10.3064, 13.2548, 16.2031, 19.1774, 22.1309, 25.0793, 28.0277, 30.9502, 33.8934
8.00911, 8.17034, 8.60195, 9.09816, 9.7333, 9.64105, 10.6933, 11.8996, 13.2452, 17.2564, 12.508, 0.0499613
0.00921262, 0.0093863, 0.00996025, 0.0107521, 0.0114673, 0.011434, 0.0126361, 0.0139788, 0.0153068, 0.0199118, 0.0144948, 0.00051107
0, 0.589331, 1.17866, 1.76799, 2.35732, 2.94665, 3.53598, 4.12532, 4.71465, 5.30398, 5.89331, 6.48264, 7.07197, 7.6613, 8.25063, 8.83996, 9.42929, 10.0186, 10.608, 11.1973, 11.7866, 12.3759, 12.9653, 13.5546, 14.1439, 14.7333, 15.3226, 15.9119, 16.5013, 17.0906, 17.6799, 18.2693, 18.8586, 19.4479, 20.0372, 20.6266, 21.2159, 21.8052, 22.3946, 22.9839, 23.5732, 24.1626, 24.7519, 25.3412, 25.9306, 26.5199, 27.1092, 27.6985, 28.2879, 28.8772, 29.4665, 30.0559, 30.6452, 31.2345, 31.8239, 32.4132, 33.0025, 33.5919, 34.1812, 34.7705
7.89091, 7.93733, 7.98507, 8.03419, 8.08476, 8.13685, 8.19054, 8.2459, 8.30302, 8.36199, 8.42292, 8.48591, 8.55107, 8.61854, 8.68846, 8.76096, 8.83621, 8.9144, 8.9957, 9.08034, 9.16854, 9.26056, 9.35669, 9.45724, 9.56257, 9.67305, 9.78914, 9.91132, 10.0402, 10.1763, 10.3204, 10.4734, 10.6362, 10.81, 10.996, 11.1958, 11.4113, 11.6446, 11.8987, 12.1767, 12.4829, 12.8228, 13.2034, 13.6342, 14.1281, 14.7039, 15.3897, 16.2319, 17.313, 18.7715, 20.5639, 21.271, 17.7044, 9.90728, 3.28266, 0.598523, 0.0577169, 0.00287369, 6.53544e-05, 2.56889e-07
7.89091, 7.94517, 8.00108, 8.05871, 8.11816, 8.17952, 8.24289, 8.30838, 8.3761, 8.44617, 8.51875, 8.59396, 8.67198, 8.75297, 8.83712, 8.92464, 9.01576, 9.11071, 9.20978, 9.31325, 9.42147, 9.5348, 9.65364, 9.77845, 9.90975, 10.0481, 10.1942, 10.3486, 10.5124, 10.6864, 10.8718, 11.0697, 11.2818, 11.5098, 11.7558, 12.0223, 12.3123, 12.6294, 12.9784, 13.365, 13.7964, 14.2825, 14.8359, 15.4743, 16.2229, 17.1191, 18.2221, 19.6353, 21.5675, 24.5058, 29.2054, 34.3701, 33.0094, 20.9664, 7.69861, 1.52515, 0.157479, 0.00831418, 0.000209265, 1.37613e-06
30.9378
58.16
 
MEASUREMENT 276
1.4716, 4.41481, 7.36319, 10.3064, 13.2548, 16.2031, 19.1774, 22.1309, 25.0793, 28.0277, 30.9502, 33.8934
8.11065, 8.27481, 8.71413, 9.21633, 9.85856, 9.76511, 10.8544, 12.0533, 13.4156, 17.4541, 12.6675, 0.0510274
0.00921262, 0.0093863, 0.00996025, 0.0107521, 0.0114673, 0.011434, 0.0126361, 0.0139788, 0.0153068, 0.0199118, 0.0144948, 0.00051107
0, 0.589331, 1.17866, 1.76799, 2.35732, 2.94665, 3.53598, 4.12532, 4.71465, 5.30398, 5.89331, 6.48264, 7.07197, 7.6613, 8.25063, 8.83996, 9.42929, 10.0186, 10.608, 11.1973, 11.7866, 12.3759, 12.9653, 13.5546, 14.1439, 14.7333, 15.3226, 15.9119, 16.5013, 17.0906, 17.6799, 18.2693, 18.8586, 19.4479, 20.0372, 20.6266, 21.2159, 21.8052, 22.3946, 22.9839, 23.5732, 24.1626, 24.7519, 25.3412, 25.9306, 26.5199, 27.1092, 27.6985, 28.2879, 28.8772, 29.4665, 30.0559, 30.6452, 31.2345, 31.8239, 32.4132, 33.0025, 33.5919, 34.1812, 34.7705
7.99572, 8.04272, 8.09104, 8.14077, 8.19197, 8.2447, 8.29904, 8.35508, 8.4129, 8.4726, 8.53427, 8.59803, 8.664, 8.73229, 8.80306, 8.87644, 8.95261, 9.03174, 9.11403, 9.19969, 9.28895, 9.38209, 9.47937, 9.58113, 9.68771, 9.79952, 9.91699, 10.0406, 10.171, 10.3087, 10.4546, 10.6094, 10.7741, 10.9499, 11.138, 11.3401, 11.5581, 11.7941, 12.051, 12.3322, 12.6419, 12.9855, 13.3703, 13.8058, 14.305, 14.8868, 15.5797, 16.4303, 17.5217, 18.9934, 20.8024, 21.5213, 17.9302, 10.0515, 3.33846, 0.610439, 0.0590555, 0.00295077, 6.75282e-05, 2.65471e-07
7.99572, 8.0507, 8.10734, 8.16574, 8.22597, 8.28814, 8.35234, 8.41869, 8.4873, 8.5583, 8.63183, 8.70804, 8.78708, 8.86914, 8.95439, 9.04307, 9.13538, 9.23158, 9.33195, 9.43678, 9.54642, 9.66123, 9.78163, 9.90808, 10.0411, 10.1813, 10.3292, 10.4857, 10.6516, 10.8279, 11.0157, 11.2162, 11.4311, 11.6621, 11.9112, 12.1811, 12.4749, 12.7962, 13.1496, 13.5412, 13.9782, 14.4704, 15.0309, 15.6774, 16.4355, 17.3428, 18.4596, 19.8899, 21.8451, 24.8168, 29.5709, 34.8117, 33.4762, 21.3081, 7.84512, 1.55897, 0.161516, 0.0085586, 0.000216574, 1.42735e-06
30.9402
58.17
 
MEASUREMENT 277
1.4716, 4.41481, 7.36319, 10.3064, 13.2548, 16.2031, 19.1774, 22.1309, 25.0793, 28.0277, 30.9502, 33.8934
8.056, 8.21694, 8.64924, 9.14977, 9.78762, 9.69547, 10.7519, 11.9652, 13.319, 17.3527, 12.5759, 0.0505569
0.00921262, 0.0093863, 0.00996025, 0.0107521, 0.0114673, 0.011434, 0.0126361, 0.0139788, 0.0153068, 0.0199118, 0.0144948, 0.00051107
0, 0.589331, 1.17866, 1.76799, 2.35732, 2.94665, 3.53598, 4.12532, 4.71465, 5.30398, 5.89331, 6.48264, 7.07197, 7.6613, 8.25063, 8.83996, 9.42929, 10.0186, 10.608, 11.1973, 11.7866, 12.3759, 12.9653, 13.5546, 14.1439, 14.7333, 15.3226, 15.9119, 16.5013, 17.0906, 17.6799, 18.2693, 18.8586, 19.4479, 20.0372, 20.6266, 21.2159, 21.8052, 22.3946, 22.9839, 23.5732, 24.1626, 24.7519, 25.3412, 25.9306, 26.5199, 27.1092, 27.6985, 28.2879, 28.8772, 29.4665, 30.0559, 30.6452, 31.2345, 31.8239, 32.4132, 33.0025, 33.5919, 34.1812, 34.7705
7.93551, 7.98219, 8.03019, 8.07959, 8.13044, 8.18282, 8.2368, 8.29246, 8.3499, 8.4092, 8.47046, 8.5338, 8.59932, 8.66717, 8.73746, 8.81037, 8.88604, 8.96465, 9.0464, 9.1315, 9.22019, 9.31272, 9.40938, 9.51048, 9.61638, 9.72747, 9.8442, 9.96705, 10.0966, 10.2335, 10.3784, 10.5322, 10.6959, 10.8706, 11.0576, 11.2585, 11.4752, 11.7098, 11.9652, 12.2447, 12.5527, 12.8944, 13.2771, 13.7101, 14.2067, 14.7856, 15.4752, 16.3218, 17.4088, 18.8749, 20.6749, 21.3807, 17.795, 9.96433, 3.30702, 0.604663, 0.0585449, 0.00293046, 6.72657e-05, 2.65358e-07
7.93551, 7.99008, 8.0463, 8.10426, 8.16405, 8.22575, 8.28948, 8.35533, 8.42344, 8.49391, 8.56689, 8.64253, 8.72099, 8.80244, 8.88707, 8.97508, 9.06671, 9.1622, 9.26183, 9.36589, 9.47471, 9.58868, 9.70819, 9.83371, 9.96575, 10.1049, 10.2518, 10.4071, 10.5718, 10.7468, 10.9332, 11.1323, 11.3456, 11.5749, 11.8222, 12.0902, 12.3818, 12.7008, 13.0517, 13.4405, 13.8744, 14.3632, 14.9197, 15.5618, 16.3146, 17.2159, 18.3252, 19.7465, 21.6901, 24.6458, 29.3705, 34.555, 33.1819, 21.0876, 7.75547, 1.5407, 0.159725, 0.00847752, 0.00021511, 1.42215e-06
30.9379
58.16
 
MEASUREMENT 278
1.4716, 4.41481, 7.36319, 10.3064, 13.2548, 16.2031, 19.1774, 22.1309, 25.0793, 28.0277, 30.9502, 33.8934
7.99184, 8.15324, 8.58519, 9.08026, 9.71308, 9.62124, 10.6824, 11.8732, 13.2178, 17.2082, 12.4819, 0.0510418
0.00921262, 0.0093863, 0.00996025, 0.0107521, 0.0114673, 0.011434, 0.0126361, 0.0139788, 0.0153068, 0.0199118, 0.0144948, 0.00051107
0, 0.589331, 1.17866, 1.76799, 2.35732, 2.94665, 3.53598, 4.12532, 4.71465, 5.30398, 5.89331, 6.48264, 7.07197, 7.6613, 8.25063, 8.83996, 9.42929, 10.0186, 10.608, 11.1973, 11.7866, 12.3759, 12.9653, 13.5546, 14.1439, 14.7333, 15.3226, 15.9119, 16.5013, 17.0906, 17.6799, 18.2693, 18.8586, 19.4479, 20.0372, 20.6266, 21.2159, 21.8052, 22.3946, 22.9839, 23.5732, 24.1626, 24.7519, 25.3412, 25.9306, 26.5199, 27.1092, 27.6985, 28.2879, 28.8772, 29.4665, 30.0559, 30.6452, 31.2345, 31.8239, 32.4132, 33.0025, 33.5919, 34.1812, 34.7705
7.87627, 7.92258, 7.9702, 8.01921, 8.06966, 8.12163, 8.17518, 8.23041, 8.28739, 8.34622, 8.407, 8.46983, 8.53484, 8.60214, 8.67188, 8.74421, 8.81927, 8.89726, 8.97836, 9.06278, 9.15076, 9.24255, 9.33843, 9.43872, 9.54377, 9.65397, 9.76975, 9.89161, 10.0201, 10.1559, 10.2996, 10.4522, 10.6146, 10.7878, 10.9733, 11.1726, 11.3874, 11.6201, 11.8734, 12.1506, 12.4559, 12.7948, 13.1742, 13.6036, 14.0959, 14.6698, 15.3534, 16.1925, 17.2697, 18.7221, 20.5025, 21.1977, 17.6528, 9.90724, 3.30289, 0.6081, 0.0594335, 0.00301076, 7.05489e-05, 2.80383e-07
7.87627, 7.93042, 7.98622, 8.04375, 8.10308, 8.16433, 8.22757, 8.29293, 8.36052, 8.43046, 8.5029, 8.57797, 8.65583, 8.73666, 8.82065, 8.908, 8.99894, 9.09371, 9.19258, 9.29586, 9.40386, 9.51696, 9.63557, 9.76014, 9.89118, 10.0293, 10.175, 10.3292, 10.4926, 10.6663, 10.8513, 11.0489, 11.2605, 11.4881, 11.7335, 11.9995, 12.2888, 12.6054, 12.9536, 13.3394, 13.7699, 14.2549, 14.8072, 15.4442, 16.1912, 17.0854, 18.1861, 19.5962, 21.5246, 24.4568, 29.1392, 34.2713, 32.9232, 20.9692, 7.7465, 1.5496, 0.162167, 0.00871056, 0.000225032, 1.50485e-06
30.9396
58.16
 
MEASUREMENT 279
1.4716, 4.41481, 7.36319, 10.3064, 13.2548, 16.2031, 19.1774, 22.1309, 25.0793, 28.0277, 30.9502, 33.8934
7.77483, 7.93047, 8.34995, 8.83292, 9.44859, 9.35881, 10.3895, 11.5511, 12.8575, 16.7267, 12.1392, 0.0483204
0.00921262, 0.0093863, 0.00996025, 0.0107521, 0.0114673, 0.011434, 0.0126361, 0.0139788, 0.0153068, 0.0199118, 0.0144948, 0.00051107
0, 0.589331, 1.17866, 1.76799, 2.35732, 2.94665, 3.53598, 4.12532, 4.71465, 5.30398, 5.89331, 6.48264, 7.07197, 7.6613, 8.25063, 8.83996, 9.42929, 10.0186, 10.608, 11.1973, 11.7866, 12.3759, 12.9653, 13.5546, 14.1439, 14.7333, 15.3226, 15.9119, 16.5013, 17.0906, 17.6799, 18.2693, 18.8586, 19.4479, 20.0372, 20.6266, 21.2159, 21.8052, 22.3946, 22.9839, 23.5732, 24.1626, 24.7519, 25.3412, 25.9306, 26.5199, 27.1092, 27.6985, 28.2879, 28.8772, 29.4665, 30.0559, 30.6452, 31.2345, 31.8239, 32.4132, 33.0025, 33.5919, 34.1812, 34.7705
7.66219, 7.70722, 7.75353, 7.80119, 7.85024, 7.90077, 7.95285, 8.00655, 8.06195, 8.11916, 8.17825, 8.23935, 8.30256, 8.368, 8.43581, 8.50613, 8.57912, 8.65494, 8.73379, 8.81587, 8.90141, 8.99065, 9.08387, 9.18138, 9.28351, 9.39065, 9.50321, 9.62168, 9.7466, 9.87858, 10.0183, 10.1667, 10.3245, 10.4929, 10.6732, 10.8669, 11.0757, 11.3019, 11.548, 11.8174, 12.1142, 12.4435, 12.8121, 13.2293, 13.7076, 14.2651, 14.9289, 15.7437, 16.7891, 18.1991, 19.9353, 20.6326, 17.1918, 9.62684, 3.18779, 0.579847, 0.0556718, 0.00275387, 6.19239e-05, 2.41704e-07
7.66219, 7.71487, 7.76916, 7.82511, 7.88284, 7.94241, 8.00394, 8.06752, 8.13327, 8.20131, 8.27177, 8.34479, 8.42054, 8.49917, 8.58087, 8.66584, 8.7543, 8.84649, 8.94267, 9.04313, 9.1482, 9.25822, 9.3736, 9.49477, 9.62224, 9.75655, 9.89834, 10.0483, 10.2073, 10.3762, 10.5562, 10.7483, 10.9542, 11.1756, 11.4143, 11.673, 11.9545, 12.2623, 12.6011, 12.9762, 13.395, 13.8667, 14.4037, 15.0232, 15.7496, 16.619, 17.6889, 19.0592, 20.9316, 23.7773, 28.335, 33.3757, 32.1093, 20.4208, 7.49715, 1.48222, 0.152415, 0.00799621, 0.000199269, 1.29996e-06
30.9402
58.17
 
MEASUREMENT 280
1.4716, 4.41481, 7.36319, 10.3064, 13.2548, 16.2031, 19.1774, 22.1309, 25.0793, 28.0277, 30.9502, 33.8934
7.88433, 8.04252, 8.46786, 8.95565, 9.58002, 9.48986, 10.5371, 11.7126, 13.0374, 16.9866, 12.3118, 0.0484884
0.00921262, 0.0093863, 0.00996025, 0.0107521, 0.0114673, 0.011434, 0.0126361, 0.0139788, 0.0153068, 0.0199118, 0.0144948, 0.00051107
0, 0.589331, 1.17866, 1.76799, 2.35732, 2.94665, 3.53598, 4.12532, 4.71465, 5.30398, 5.89331, 6.48264, 7.07197, 7.6613, 8.25063, 8.83996, 9.42929, 10.0186, 10.608, 11.1973, 11.7866, 12.3759, 12.9653, 13.5546, 14.1439, 14.7333, 15.3226, 15.9119, 16.5013, 17.0906, 17.6799, 18.2693, 18.8586, 19.4479, 20.0372, 20.6266, 21.2159, 21.8052, 22.3946, 22.9839, 23.5732, 24.1626, 24.7519, 25.3412, 25.9306, 26.5199, 27.1092, 27.6985, 28.2879, 28.8772, 29.4665, 30.0559, 30.6452, 31.2345, 31.8239, 32.4132, 33.0025, 33.5919, 34.1812, 34.7705
7.76821, 7.81391, 7.8609, 7.90926, 7.95905, 8.01033, 8.06317, 8.11767, 8.1739, 8.23196, 8.29194, 8.35394, 8.4181, 8.48452, 8.55334, 8.62472, 8.6988, 8.77576, 8.8558, 8.93912, 9.02595, 9.11654, 9.21117, 9.31016, 9.41384, 9.52261, 9.63689, 9.75717, 9.884, 10.018, 10.1599, 10.3105, 10.4708, 10.6418, 10.8249, 11.0216, 11.2338, 11.4635, 11.7135, 11.9872, 12.2887, 12.6233, 12.998, 13.422, 13.9082, 14.4749, 15.1501, 15.9789, 17.0429, 18.4787, 20.2465, 20.9507, 17.4374, 9.74342, 3.21668, 0.582927, 0.055726, 0.00274303, 6.11378e-05, 2.38469e-07
7.76821, 7.82163, 7.87666, 7.9334, 7.99193, 8.05234, 8.11472, 8.17919, 8.24586, 8.31485, 8.38629, 8.46034, 8.53714, 8.61687, 8.69972, 8.78588, 8.87558, 8.96906, 9.06659, 9.16845, 9.27499, 9.38656, 9.50355, 9.62643, 9.75568, 9.89188, 10.0357, 10.1878, 10.349, 10.5203, 10.7028, 10.8977, 11.1065, 11.3309, 11.5731, 11.8354, 12.1209, 12.4331, 12.7767, 13.1572, 13.582, 14.0605, 14.6053, 15.2338, 15.9707, 16.8529, 17.9387, 19.3295, 21.2309, 24.1219, 28.7515, 33.8555, 32.525, 20.6339, 7.55044, 1.48687, 0.152208, 0.00794526, 0.000196514, 1.27776e-06
30.9374
58.16
 
MEASUREMENT 281
1.4716, 4.41481, 7.36319, 10.3064, 13.2548, 16.2031, 19.1774, 22.1309, 25.0793, 28.0277, 30.9502, 33.8934
8.01825, 8.18006, 8.61423, 9.11058, 9.74661, 9.65396, 10.719, 11.9154, 13.2634, 17.2679, 12.5254, 0.0500069
0.00921262, 0.0093863, 0.00996025, 0.0107521, 0.0114673, 0.011434, 0.0126361, 0.0139788, 0.0153068, 0.0199118, 0.0144948, 0.00051107
0, 0.589331, 1.17866, 1.76799, 2.35732, 2.94665, 3.53598, 4.12532, 4.71465, 5.30398, 5.89331, 6.48264, 7.07197, 7.6613, 8.25063, 8.83996, 9.42929, 10.0186, 10.608, 11.1973, 11.7866, 12.3759, 12.9653, 13.5546, 14.1439, 14.7333, 15.3226, 15.9119, 16.5013, 17.0906, 17.6799, 18.2693, 18.8586, 19.4479, 20.0372, 20.6266, 21.2159, 21.8052, 22.3946, 22.9839, 23.5732, 24.1626, 24.7519, 25.3412, 25.9306, 26.5199, 27.1092, 27.6985, 28.2879, 28.8772, 29.4665, 30.0559, 30.6452, 31.2345, 31.8239, 32.4132, 33.0025, 33.5919, 34.1812, 34.7705
7.90269, 7.94916, 7.99695, 8.04613, 8.09676, 8.14891, 8.20265, 8.25807, 8.31525, 8.37429, 8.43528, 8.49834, 8.56358, 8.63112, 8.70111, 8.77368, 8.84902, 8.92728, 9.00867, 9.09339, 9.18168, 9.27379, 9.37002, 9.47067, 9.57609, 9.68669, 9.80288, 9.92518, 10.0541, 10.1904, 10.3347, 10.4878, 10.6507, 10.8246, 11.0108, 11.2108, 11.4264, 11.6599, 11.9141, 12.1923, 12.4988, 12.8389, 13.2197, 13.6507, 14.1448, 14.7208, 15.4068, 16.249, 17.3299, 18.7881, 20.5815, 21.2945, 17.7329, 9.92735, 3.2893, 0.599364, 0.0577217, 0.00286797, 6.49903e-05, 2.54817e-07
7.90269, 7.95703, 8.01301, 8.07073, 8.13027, 8.19172, 8.25518, 8.32076, 8.38858, 8.45876, 8.53143, 8.60676, 8.68488, 8.76599, 8.85026, 8.93791, 9.02915, 9.12424, 9.22345, 9.32707, 9.43544, 9.54893, 9.66794, 9.79293, 9.92441, 10.063, 10.2092, 10.3639, 10.5279, 10.7022, 10.8878, 11.086, 11.2984, 11.5267, 11.773, 12.0398, 12.3302, 12.6478, 12.9972, 13.3843, 13.8163, 14.303, 14.857, 15.4962, 16.2457, 17.1428, 18.247, 19.6614, 21.5949, 24.5343, 29.2381, 34.4209, 33.0825, 21.0265, 7.722, 1.52904, 0.157687, 0.00830854, 0.000208458, 1.36707e-06
30.9389
58.16
 
MEASUREMENT 282
1.4716, 4.41481, 7.36319, 10.3064, 13.2548, 16.2031, 19.1774, 22.1309, 25.0793, 28.0277, 30.9502, 33.8934
8.05087, 8.21537, 8.64834, 9.14898, 9.78666, 9.69435, 10.7631, 11.965, 13.3177, 17.339, 12.576, 0.0506848
0.00921262, 0.0093863, 0.00996025, 0.0107521, 0.0114673, 0.011434, 0.0126361, 0.0139788, 0.0153068, 0.0199118, 0.0144948, 0.00051107
0, 0.589331, 1.17866, 1.76799, 2.35732, 2.94665, 3.53598, 4.12532, 4.71465, 5.30398, 5.89331, 6.48264, 7.07197, 7.6613, 8.25063, 8.83996, 9.42929, 10.0186, 10.608, 11.1973, 11.7866, 12.3759, 12.9653, 13.5546, 14.1439, 14.7333, 15.3226, 15.9119, 16.5013, 17.0906, 17.6799, 18.2693, 18.8586, 19.4479, 20.0372, 20.6266, 21.2159, 21.8052, 22.3946, 22.9839, 23.5732, 24.1626, 24.7519, 25.3412, 25.9306, 26.5199, 27.1092, 27.6985, 28.2879, 28.8772, 29.4665, 30.0559, 30.6452, 31.2345, 31.8239, 32.4132, 33.0025, 33.5919, 34.1812, 34.7705
7.93545, 7.98211, 8.0301, 8.07948, 8.13032, 8.18268, 8.23664, 8.29229, 8.34971, 8.40899, 8.47023, 8.53354, 8.59905, 8.66687, 8.73714, 8.81002, 8.88566, 8.96424, 9.04596, 9.13103, 9.21968, 9.31218, 9.4088, 9.50986, 9.61572, 9.72676, 9.84343, 9.96623, 10.0957, 10.2325, 10.3774, 10.5311, 10.6948, 10.8694, 11.0563, 11.2571, 11.4736, 11.7081, 11.9633, 12.2426, 12.5504, 12.8919, 13.2742, 13.707, 14.2031, 14.7814, 15.4703, 16.316, 17.4015, 18.8656, 20.6636, 21.3725, 17.7967, 9.97216, 3.3121, 0.606018, 0.0587114, 0.00294019, 6.75467e-05, 2.66306e-07
7.93545, 7.99001, 8.04623, 8.10419, 8.16397, 8.22568, 8.2894, 8.35525, 8.42335, 8.49382, 8.5668, 8.64243, 8.72089, 8.80233, 8.88695, 8.97496, 9.06658, 9.16206, 9.26168, 9.36574, 9.47456, 9.58851, 9.70802, 9.83352, 9.96555, 10.1047, 10.2515, 10.4069, 10.5716, 10.7465, 10.9329, 11.132, 11.3452, 11.5745, 11.8218, 12.0898, 12.3813, 12.7002, 13.0511, 13.4398, 13.8736, 14.3623, 14.9187, 15.5606, 16.3132, 17.2141, 18.323, 19.7436, 21.6858, 24.6389, 29.3603, 34.5501, 33.1972, 21.1149, 7.77221, 1.54525, 0.160303, 0.00851263, 0.000216149, 1.42883e-06
30.939
58.16
 
MEASUREMENT 283
1.4716, 4.41481, 7.36319, 10.3064, 13.2548, 16.2031, 19.1774, 22.1309, 25.0793, 28.0277, 30.9502, 33.8934
8.01268, 8.17355, 8.60895, 9.10385, 9.73836, 9.64628, 10.7095, 11.9062, 13.2523, 17.2425, 12.5136, 0.0516025
0.00921262, 0.0093863, 0.00996025, 0.0107521, 0.0114673, 0.011434, 0.0126361, 0.0139788, 0.0153068, 0.0199118, 0.0144948, 0.00051107
0, 0.589331, 1.17866, 1.76799, 2.35732, 2.94665, 3.53598, 4.12532, 4.71465, 5.30398, 5.89331, 6.48264, 7.07197, 7.6613, 8.25063, 8.83996, 9.42929, 10.0186, 10.608, 11.1973, 11.7866, 12.3759, 12.9653, 13.5546, 14.1439, 14.7333, 15.3226, 15.9119, 16.5013, 17.0906, 17.6799, 18.2693, 18.8586, 19.4479, 20.0372, 20.6266, 21.2159, 21.8052, 22.3946, 22.9839, 23.5732, 24.1626, 24.7519, 25.3412, 25.9306, 26.5199, 27.1092, 27.6985, 28.2879, 28.8772, 29.4665, 30.0559, 30.6452, 31.2345, 31.8239, 32.4132, 33.0025, 33.5919, 34.1812, 34.7705
7.89755, 7.94397, 7.9917, 8.04082, 8.09139, 8.14347, 8.19715, 8.2525, 8.30961, 8.36857, 8.42949, 8.49247, 8.55762, 8.62508, 8.69497, 8.76746, 8.84269, 8.92085, 9.00213, 9.08673, 9.1749, 9.26689, 9.36299, 9.46349, 9.56877, 9.6792, 9.79523, 9.91735, 10.0461, 10.1822, 10.3262, 10.4791, 10.6418, 10.8154, 11.0013, 11.2009, 11.4162, 11.6493, 11.9031, 12.1808, 12.4867, 12.8262, 13.2062, 13.6364, 14.1295, 14.7042, 15.3888, 16.2291, 17.3076, 18.7612, 20.5423, 21.2378, 17.694, 9.94301, 3.32232, 0.613683, 0.0602372, 0.0030678, 7.25411e-05, 2.89153e-07
7.89755, 7.95185, 8.0078, 8.06547, 8.12497, 8.18637, 8.24978, 8.31532, 8.38309, 8.45321, 8.52584, 8.60111, 8.67918, 8.76022, 8.84443, 8.93201, 9.02319, 9.11821, 9.21734, 9.32089, 9.42918, 9.54258, 9.6615, 9.78639, 9.91777, 10.0562, 10.2023, 10.3569, 10.5208, 10.6949, 10.8804, 11.0785, 11.2907, 11.5188, 11.7649, 12.0315, 12.3216, 12.639, 12.9881, 13.3748, 13.8065, 14.2927, 14.8463, 15.4849, 16.2337, 17.13, 18.2333, 19.6466, 21.5793, 24.5175, 29.208, 34.3507, 33.0148, 21.0555, 7.79647, 1.56481, 0.16447, 0.00888177, 0.000231283, 1.55427e-06
30.9408
58.17
 
MEASUREMENT 284
1.4716, 4.41481, 7.36319, 10.3064, 13.2548, 16.2031, 19.1774, 22.1309, 25.0793, 28.0277, 30.9502, 33.8934
7.98828, 8.15072, 8.58045, 9.07605, 9.70897, 9.61671, 10.6794, 11.8696, 13.2136, 17.2151, 12.4777, 0.0491302
0.00921262, 0.0093863, 0.00996025, 0.0107521, 0.0114673, 0.011434, 0.0126361, 0.0139788, 0.0153068, 0.0199118, 0.0144948, 0.00051107
0, 0.589331, 1.17866, 1.76799, 2.35732, 2.94665, 3.53598, 4.12532, 4.71465, 5.30398, 5.89331, 6.48264, 7.07197, 7.6613, 8.25063, 8.83996, 9.42929, 10.0186, 10.608, 11.1973, 11.7866, 12.3759, 12.9653, 13.5546, 14.1439, 14.7333, 15.3226, 15.9119, 16.5013, 17.0906, 17.6799, 18.2693, 18.8586, 19.4479, 20.0372, 20.6266, 21.2159, 21.8052, 22.3946, 22.9839, 23.5732, 24.1626, 24.7519, 25.3412, 25.9306, 26.5199, 27.1092, 27.6985, 28.2879, 28.8772, 29.4665, 30.0559, 30.6452, 31.2345, 31.8239, 32.4132, 33.0025, 33.5919, 34.1812, 34.7705
7.87201, 7.91832, 7.96595, 8.01496, 8.06542, 8.11739, 8.17095, 8.22619, 8.28318, 8.34201, 8.4028, 8.46565, 8.53067, 8.59799, 8.66774, 8.74008, 8.81516, 8.89317, 8.97429, 9.05873, 9.14673, 9.23855, 9.33446, 9.43479, 9.53987, 9.65011, 9.76594, 9.88785, 10.0164, 10.1522, 10.2961, 10.4487, 10.6112, 10.7845, 10.9701, 11.1695, 11.3845, 11.6173, 11.8708, 12.1482, 12.4538, 12.793, 13.1727, 13.6026, 14.0954, 14.6699, 15.3543, 16.1946, 17.2733, 18.7291, 20.5214, 21.2346, 17.672, 9.87341, 3.2593, 0.590632, 0.0564648, 0.00277974, 6.19689e-05, 2.41796e-07
7.87201, 7.92614, 7.98192, 8.03941, 8.09872, 8.15994, 8.22315, 8.28849, 8.35604, 8.42596, 8.49836, 8.5734, 8.65123, 8.73202, 8.81598, 8.90329, 8.99419, 9.08892, 9.18775, 9.29098, 9.39894, 9.512, 9.63056, 9.75508, 9.88607, 10.0241, 10.1698, 10.3239, 10.4873, 10.6609, 10.8458, 11.0433, 11.2549, 11.4824, 11.7278, 11.9936, 12.2829, 12.5994, 12.9475, 13.3332, 13.7636, 14.2485, 14.8006, 15.4376, 16.1844, 17.0784, 18.1788, 19.5885, 21.5155, 24.4458, 29.138, 34.3085, 32.9554, 20.9034, 7.64803, 1.50599, 0.154168, 0.0080484, 0.000199101, 1.29492e-06
30.9372
58.16
 
MEASUREMENT 285
1.4716, 4.41481, 7.36319, 10.3064, 13.2548, 16.2031, 19.1774, 22.1309, 25.0793, 28.0277, 30.9502, 33.8934
7.94288, 8.10097, 8.53082, 9.02163, 9.65243, 9.56107, 10.6155, 11.8008, 13.1367, 17.1021, 12.4028, 0.0495705
0.00921262, 0.0093863, 0.00996025, 0.0107521, 0.0114673, 0.011434, 0.0126361, 0.0139788, 0.0153068, 0.0199118, 0.0144948, 0.00051107
0, 0.589331, 1.17866, 1.76799, 2.35732, 2.94665, 3.53598, 4.12532, 4.71465, 5.30398, 5.89331, 6.48264, 7.07197, 7.6613, 8.25063, 8.83996, 9.42929, 10.0186, 10.608, 11.1973, 11.7866, 12.3759, 12.9653, 13.5546, 14.1439, 14.7333, 15.3226, 15.9119, 16.5013, 17.0906, 17.6799, 18.2693, 18.8586, 19.4479, 20.0372, 20.6266, 21.2159, 21.8052, 22.3946, 22.9839, 23.5732, 24.1626, 24.7519, 25.3412, 25.9306, 26.5199, 27.1092, 27.6985, 28.2879, 28.8772, 29.4665, 30.0559, 30.6452, 31.2345, 31.8239, 32.4132, 33.0025, 33.5919, 34.1812, 34.7705
7.82659, 7.87262, 7.91995, 7.96866, 8.0188, 8.07044, 8.12367, 8.17856, 8.23519, 8.29366, 8.35407, 8.41652, 8.48113, 8.54802, 8.61733, 8.68921, 8.76382, 8.84133, 8.92194, 9.00584, 9.09329, 9.18452, 9.27982, 9.3795, 9.48391, 9.59344, 9.70852, 9.82965, 9.95736, 10.0923, 10.2352, 10.3869, 10.5482, 10.7205, 10.9048, 11.1029, 11.3165, 11.5478, 11.7995, 12.075, 12.3786, 12.7154, 13.0926, 13.5194, 14.0088, 14.5793, 15.2588, 16.093, 17.1637, 18.6081, 20.3837, 21.0872, 17.5575, 9.82883, 3.25744, 0.593905, 0.0572509, 0.00284843, 6.46999e-05, 2.53969e-07
7.82659, 7.88041, 7.93586, 7.99302, 8.05199, 8.11284, 8.17569, 8.24064, 8.30781, 8.37731, 8.44929, 8.52389, 8.60127, 8.68159, 8.76506, 8.85186, 8.94223, 9.0364, 9.13465, 9.23728, 9.34461, 9.45701, 9.57487, 9.69866, 9.82888, 9.96609, 10.1109, 10.2642, 10.4266, 10.5992, 10.783, 10.9793, 11.1897, 11.4158, 11.6597, 11.924, 12.2116, 12.5261, 12.8722, 13.2556, 13.6835, 14.1654, 14.7142, 15.3473, 16.0896, 16.9782, 18.0719, 19.4729, 21.3883, 24.3003, 28.9594, 34.0881, 32.7557, 20.8171, 7.64665, 1.51497, 0.156383, 0.00825085, 0.000207442, 1.36249e-06
30.9386
58.16
 
MEASUREMENT 286
1.4716, 4.41481, 7.36319, 10.3064, 13.2548, 16.2031, 19.1774, 22.1309, 25.0793, 28.0277, 30.9502, 33.8934
7.91823, 8.07865, 8.50778, 8.99751, 9.63489, 9.53277, 10.5959, 11.7665, 13.0978, 17.0413, 12.3684, 0.0493473
0.00921262, 0.0093863, 0.00996025, 0.0107521, 0.0114673, 0.011434, 0.0126361, 0.0139788, 0.0153068, 0.0199118, 0.0144948, 0.00051107
0, 0.589331, 1.17866, 1.76799, 2.35732, 2.94665, 3.53598, 4.12532, 4.71465, 5.30398, 5.89331, 6.48264, 7.07197, 7.6613, 8.25063, 8.83996, 9.42929, 10.0186, 10.608, 11.1973, 11.7866, 12.3759, 12.9653, 13.5546, 14.1439, 14.7333, 15.3226, 15.9119, 16.5013, 17.0906, 17.6799, 18.2693, 18.8586, 19.4479, 20.0372, 20.6266, 21.2159, 21.8052, 22.3946, 22.9839, 23.5732, 24.1626, 24.7519, 25.3412, 25.9306, 26.5199, 27.1092, 27.6985, 28.2879, 28.8772, 29.4665, 30.0559, 30.6452, 31.2345, 31.8239, 32.4132, 33.0025, 33.5919, 34.1812, 34.7705
7.80696, 7.85284, 7.90002, 7.94858, 7.99856, 8.05004, 8.1031, 8.15781, 8.21427, 8.27255, 8.33276, 8.39501, 8.45941, 8.52609, 8.59518, 8.66683, 8.74119, 8.81845, 8.89879, 8.98242, 9.06957, 9.1605, 9.25548, 9.35483, 9.45889, 9.56804, 9.68273, 9.80344, 9.93071, 10.0652, 10.2076, 10.3587, 10.5195, 10.6911, 10.8748, 11.0721, 11.2849, 11.5154, 11.7661, 12.0406, 12.343, 12.6785, 13.0541, 13.4792, 13.9665, 14.5344, 15.2108, 16.041, 17.1061, 18.5427, 20.3111, 21.0202, 17.5149, 9.81015, 3.25042, 0.591824, 0.0569019, 0.00281992, 6.36156e-05, 2.48614e-07
7.80696, 7.86064, 7.91594, 7.97296, 8.03177, 8.09247, 8.15516, 8.21994, 8.28693, 8.35626, 8.42805, 8.50245, 8.57963, 8.65975, 8.74299, 8.82957, 8.9197, 9.01363, 9.11163, 9.21399, 9.32104, 9.43314, 9.55069, 9.67415, 9.80403, 9.94088, 10.0853, 10.2382, 10.4001, 10.5723, 10.7556, 10.9514, 11.1612, 11.3867, 11.63, 11.8935, 12.1803, 12.494, 12.8391, 13.2214, 13.6481, 14.1286, 14.6758, 15.3071, 16.0471, 16.933, 18.0231, 19.4193, 21.3273, 24.2269, 28.8702, 34.003, 32.7115, 20.8081, 7.64366, 1.51266, 0.155763, 0.00818687, 0.000204596, 1.33716e-06
30.9403
58.17
 
MEASUREMENT 287
1.4716, 4.41481, 7.36319, 10.3064, 13.2548, 16.2031, 19.1774, 22.1309, 25.0793, 28.0277, 30.9502, 33.8934
7.95616, 8.1176, 8.54538, 9.03871, 9.65933, 9.57954, 10.6227, 11.8224, 13.1607, 17.1338, 12.4256, 0.0510939
0.00921262, 0.0093863, 0.00996025, 0.0107521, 0.0114673, 0.011434, 0.0126361, 0.0139788, 0.0153068, 0.0199118, 0.0144948, 0.00051107
0, 0.589331, 1.17866, 1.76799, 2.35732, 2.94665, 3.53598, 4.12532, 4.71465, 5.30398, 5.89331, 6.48264, 7.07197, 7.6613, 8.25063, 8.83996, 9.42929, 10.0186, 10.608, 11.1973, 11.7866, 12.3759, 12.9653, 13.5546, 14.1439, 14.7333, 15.3226, 15.9119, 16.5013, 17.0906, 17.6799, 18.2693, 18.8586, 19.4479, 20.0372, 20.6266, 21.2159, 21.8052, 22.3946, 22.9839, 23.5732, 24.1626, 24.7519, 25.3412, 25.9306, 26.5199, 27.1092, 27.6985, 28.2879, 28.8772, 29.4665, 30.0559, 30.6452, 31.2345, 31.8239, 32.4132, 33.0025, 33.5919, 34.1812, 34.7705
7.83893, 7.88503, 7.93244, 7.98123, 8.03146, 8.08319, 8.13651, 8.19149, 8.24822, 8.30679, 8.3673, 8.42986, 8.49458, 8.56159, 8.63102, 8.70303, 8.77777, 8.85541, 8.93616, 9.02021, 9.1078, 9.19919, 9.29466, 9.39452, 9.49911, 9.60884, 9.72412, 9.84546, 9.9734, 10.1086, 10.2517, 10.4037, 10.5653, 10.7379, 10.9226, 11.121, 11.3349, 11.5667, 11.8189, 12.095, 12.399, 12.7365, 13.1144, 13.5421, 14.0325, 14.6042, 15.2852, 16.1214, 17.1949, 18.6423, 20.4145, 21.1008, 17.5671, 9.86205, 3.29225, 0.607735, 0.0596373, 0.00303773, 7.18484e-05, 2.8691e-07
7.83893, 7.89283, 7.94836, 8.00562, 8.06467, 8.12562, 8.18857, 8.25362, 8.32089, 8.39051, 8.4626, 8.53732, 8.61481, 8.69527, 8.77886, 8.8658, 8.95631, 9.05063, 9.14904, 9.25183, 9.35933, 9.4719, 9.58995, 9.71393, 9.84435, 9.98178, 10.1269, 10.2803, 10.443, 10.6158, 10.8, 10.9966, 11.2073, 11.4338, 11.6781, 11.9428, 12.2308, 12.5459, 12.8925, 13.2765, 13.7051, 14.1878, 14.7376, 15.3717, 16.1153, 17.0056, 18.1014, 19.5055, 21.4261, 24.347, 29.0077, 34.1018, 32.7414, 20.854, 7.71283, 1.54672, 0.162502, 0.00877589, 0.00022859, 1.5379e-06
30.939
58.16
 
MEASUREMENT 288
1.4716, 4.41481, 7.36319, 10.3064, 13.2548, 16.2031, 19.1774, 22.1309, 25.0793, 28.0277, 30.9502, 33.8934
8.0213, 8.18461, 8.61672, 9.11504, 9.74954, 9.65774, 10.7242, 11.9209, 13.2673, 17.288, 12.5292, 0.0500547
0.00921262, 0.0093863, 0.00996025, 0.0107521, 0.0114673, 0.011434, 0.0126361, 0.0139788, 0.0153068, 0.0199118, 0.0144948, 0.00051107
0, 0.589331, 1.17866, 1.76799, 2.35732, 2.94665, 3.53598, 4.12532, 4.71465, 5.30398, 5.89331, 6.48264, 7.07197, 7.6613, 8.25063, 8.83996, 9.42929, 10.0186, 10.608, 11.1973, 11.7866, 12.3759, 12.9653, 13.5546, 14.1439, 14.7333, 15.3226, 15.9119, 16.5013, 17.0906, 17.6799, 18.2693, 18.8586, 19.4479, 20.0372, 20.6266, 21.2159, 21.8052, 22.3946, 22.9839, 23.5732, 24.1626, 24.7519, 25.3412, 25.9306, 26.5199, 27.1092, 27.6985, 28.2879, 28.8772, 29.4665, 30.0559, 30.6452, 31.2345, 31.8239, 32.4132, 33.0025, 33.5919, 34.1812, 34.7705
7.90516, 7.95167, 7.9995, 8.04871, 8.09938, 8.15157, 8.20536, 8.26082, 8.31805, 8.37713, 8.43817, 8.50128, 8.56657, 8.63417, 8.70422, 8.77686, 8.85226, 8.93059, 9.01205, 9.09685, 9.18522, 9.27742, 9.37373, 9.47448, 9.58, 9.6907, 9.80701, 9.92943, 10.0585, 10.1949, 10.3393, 10.4926, 10.6558, 10.8298, 11.0162, 11.2164, 11.4323, 11.6662, 11.9207, 12.1992, 12.5061, 12.8467, 13.2281, 13.6597, 14.1546, 14.7316, 15.419, 16.2629, 17.3464, 18.8083, 20.6041, 21.31, 17.7331, 9.92154, 3.28735, 0.599515, 0.0578415, 0.00288218, 6.56373e-05, 2.58237e-07
7.90516, 7.95952, 8.01553, 8.07327, 8.13283, 8.1943, 8.25778, 8.32339, 8.39123, 8.46144, 8.53414, 8.6095, 8.68766, 8.76879, 8.8531, 8.94078, 9.03206, 9.12719, 9.22644, 9.3301, 9.43852, 9.55205, 9.67111, 9.79616, 9.92769, 10.0663, 10.2126, 10.3674, 10.5315, 10.7058, 10.8915, 11.0898, 11.3023, 11.5307, 11.7772, 12.0441, 12.3347, 12.6524, 13.0021, 13.3893, 13.8216, 14.3086, 14.863, 15.5027, 16.2527, 17.1507, 18.2559, 19.6719, 21.6083, 24.5532, 29.2623, 34.4324, 33.0598, 20.9933, 7.70799, 1.5273, 0.157775, 0.00833625, 0.000210078, 1.38293e-06
30.9374
58.16
 
MEASUREMENT 289
1.4716, 4.41481, 7.36319, 10.3064, 13.2548, 16.2031, 19.1774, 22.1309, 25.0793, 28.0277, 30.9502, 33.8934
8.05824, 8.22111, 8.65726, 9.15653, 9.79442, 9.70211, 10.7816, 11.9733, 13.329, 17.3405, 12.5853, 0.0497125
0.00921262, 0.0093863, 0.00996025, 0.0107521, 0.0114673, 0.011434, 0.0126361, 0.0139788, 0.0153068, 0.0199118, 0.0144948, 0.00051107
0, 0.589331, 1.17866, 1.76799, 2.35732, 2.94665, 3.53598, 4.12532, 4.71465, 5.30398, 5.89331, 6.48264, 7.07197, 7.6613, 8.25063, 8.83996, 9.42929, 10.0186, 10.608, 11.1973, 11.7866, 12.3759, 12.9653, 13.5546, 14.1439, 14.7333, 15.3226, 15.9119, 16.5013, 17.0906, 17.6799, 18.2693, 18.8586, 19.4479, 20.0372, 20.6266, 21.2159, 21.8052, 22.3946, 22.9839, 23.5732, 24.1626, 24.7519, 25.3412, 25.9306, 26.5199, 27.1092, 27.6985, 28.2879, 28.8772, 29.4665, 30.0559, 30.6452, 31.2345, 31.8239, 32.4132, 33.0025, 33.5919, 34.1812, 34.7705
7.94359, 7.99028, 8.03829, 8.0877, 8.13856, 8.19095, 8.24494, 8.30061, 8.35806, 8.41736, 8.47864, 8.54198, 8.60751, 8.67536, 8.74567, 8.81857, 8.89424, 8.97286, 9.05461, 9.13971, 9.2284, 9.32092, 9.41758, 9.51867, 9.62456, 9.73564, 9.85234, 9.97517, 10.1047, 10.2415, 10.3864, 10.5402, 10.7039, 10.8785, 11.0654, 11.2662, 11.4827, 11.7172, 11.9725, 12.2518, 12.5594, 12.9009, 13.2831, 13.7157, 14.2116, 14.7896, 15.4779, 16.3226, 17.4065, 18.8686, 20.6709, 21.3985, 17.8296, 9.97587, 3.29683, 0.597692, 0.0571146, 0.00280779, 6.24476e-05, 2.42761e-07
7.94359, 7.99821, 8.05448, 8.1125, 8.17234, 8.2341, 8.29789, 8.36381, 8.43197, 8.50251, 8.57556, 8.65127, 8.7298, 8.81132, 8.89602, 8.98411, 9.07582, 9.1714, 9.27111, 9.37526, 9.48419, 9.59825, 9.71787, 9.84349, 9.97564, 10.1149, 10.2619, 10.4174, 10.5822, 10.7573, 10.9439, 11.1431, 11.3566, 11.586, 11.8336, 12.1017, 12.3935, 12.7127, 13.0639, 13.4529, 13.887, 14.376, 14.9328, 15.5751, 16.3281, 17.2294, 18.3386, 19.759, 21.6999, 24.6493, 29.3763, 34.6125, 33.3037, 21.1659, 7.75591, 1.52836, 0.156424, 0.0081562, 0.000201332, 1.30546e-06
30.9399
58.17
 
MEASUREMENT 290
1.4716, 4.41481, 7.36319, 10.3064, 13.2548, 16.2031, 19.1774, 22.1309, 25.0793, 28.0277, 30.9502, 33.8934
8.05613, 8.21967, 8.65257, 9.1532, 9.79196, 9.69801, 10.7572, 11.971, 13.3254, 17.3616, 12.5832, 0.0503234
0.00921262, 0.0093863, 0.00996025, 0.0107521, 0.0114673, 0.011434, 0.0126361, 0.0139788, 0.0153068, 0.0199118, 0.0144948, 0.00051107
0, 0.589331, 1.17866, 1.76799, 2.35732, 2.94665, 3.53598, 4.12532, 4.71465, 5.30398, 5.89331, 6.48264, 7.07197, 7.6613, 8.25063, 8.83996, 9.42929, 10.0186, 10.608, 11.1973, 11.7866, 12.3759, 12.9653, 13.5546, 14.1439, 14.7333, 15.3226, 15.9119, 16.5013, 17.0906, 17.6799, 18.2693, 18.8586, 19.4479, 20.0372, 20.6266, 21.2159, 21.8052, 22.3946, 22.9839, 23.5732, 24.1626, 24.7519, 25.3412, 25.9306, 26.5199, 27.1092, 27.6985, 28.2879, 28.8772, 29.4665, 30.0559, 30.6452, 31.2345, 31.8239, 32.4132, 33.0025, 33.5919, 34.1812, 34.7705
7.93783, 7.98453, 8.03256, 8.08198, 8.13286, 8.18527, 8.23928, 8.29497, 8.35244, 8.41177, 8.47307, 8.53644, 8.602, 8.66989, 8.74022, 8.81317, 8.88888, 8.96754, 9.04934, 9.13449, 9.22323, 9.31581, 9.41253, 9.5137, 9.61966, 9.73083, 9.84762, 9.97056, 10.1002, 10.2371, 10.3822, 10.5361, 10.6999, 10.8747, 11.0619, 11.2629, 11.4797, 11.7145, 11.9701, 12.2499, 12.558, 12.9, 13.283, 13.7165, 14.2135, 14.7929, 15.4831, 16.3306, 17.4187, 18.8868, 20.6902, 21.3995, 17.8091, 9.96585, 3.30299, 0.602613, 0.0581712, 0.0029005, 6.61302e-05, 2.6028e-07
7.93783, 7.99241, 8.04865, 8.10663, 8.16644, 8.22816, 8.29191, 8.35778, 8.42591, 8.4964, 8.56941, 8.64507, 8.72355, 8.80503, 8.88968, 8.97772, 9.06938, 9.1649, 9.26456, 9.36865, 9.47752, 9.59152, 9.71107, 9.83663, 9.96871, 10.1079, 10.2548, 10.4102, 10.575, 10.75, 10.9365, 11.1356, 11.349, 11.5784, 11.8258, 12.0939, 12.3856, 12.7047, 13.0557, 13.4446, 13.8787, 14.3676, 14.9244, 15.5666, 16.3198, 17.2214, 18.3311, 19.7529, 21.6972, 24.654, 29.3821, 34.5731, 33.1967, 21.0836, 7.74327, 1.53491, 0.158644, 0.00838754, 0.000211577, 1.3936e-06
30.9375
58.16
 
MEASUREMENT 291
1.4716, 4.41481, 7.36319, 10.3064, 13.2548, 16.2031, 19.1774, 22.1309, 25.0793, 28.0277, 30.9502, 33.8934
8.08309, 8.24759, 8.6841, 9.18628, 9.82412, 9.73149, 10.8049, 12.0104, 13.3701, 17.4079, 12.6245, 0.0514321
0.00921262, 0.0093863, 0.00996025, 0.0107521, 0.0114673, 0.011434, 0.0126361, 0.0139788, 0.0153068, 0.0199118, 0.0144948, 0.00051107
0, 0.589331, 1.17866, 1.76799, 2.35732, 2.94665, 3.53598, 4.12532, 4.71465, 5.30398, 5.89331, 6.48264, 7.07197, 7.6613, 8.25063, 8.83996, 9.42929, 10.0186, 10.608, 11.1973, 11.7866, 12.3759, 12.9653, 13.5546, 14.1439, 14.7333, 15.3226, 15.9119, 16.5013, 17.0906, 17.6799, 18.2693, 18.8586, 19.4479, 20.0372, 20.6266, 21.2159, 21.8052, 22.3946, 22.9839, 23.5732, 24.1626, 24.7519, 25.3412, 25.9306, 26.5199, 27.1092, 27.6985, 28.2879, 28.8772, 29.4665, 30.0559, 30.6452, 31.2345, 31.8239, 32.4132, 33.0025, 33.5919, 34.1812, 34.7705
7.96685, 8.01369, 8.06187, 8.11144, 8.16247, 8.21504, 8.26921, 8.32508, 8.38272, 8.44223, 8.50371, 8.56727, 8.63303, 8.70111, 8.77166, 8.84482, 8.92075, 8.99964, 9.08168, 9.16708, 9.25608, 9.34893, 9.44592, 9.54738, 9.65364, 9.76512, 9.88224, 10.0055, 10.1355, 10.2728, 10.4183, 10.5726, 10.7369, 10.9121, 11.0998, 11.3013, 11.5187, 11.7541, 12.0103, 12.2907, 12.5996, 12.9424, 13.3263, 13.7607, 14.2587, 14.8393, 15.5309, 16.3799, 17.4697, 18.9393, 20.7412, 21.4452, 17.8564, 10.0164, 3.33599, 0.613266, 0.059816, 0.00302227, 7.05044e-05, 2.7974e-07
7.96685, 8.02162, 8.07807, 8.13625, 8.19627, 8.25822, 8.32219, 8.38831, 8.45667, 8.52742, 8.60069, 8.67662, 8.75539, 8.83715, 8.92211, 9.01046, 9.10245, 9.19831, 9.29832, 9.40278, 9.51203, 9.62644, 9.74641, 9.87242, 10.005, 10.1446, 10.2921, 10.448, 10.6134, 10.789, 10.9761, 11.176, 11.3901, 11.6203, 11.8686, 12.1376, 12.4303, 12.7505, 13.1028, 13.4929, 13.9285, 14.4191, 14.9777, 15.6222, 16.3778, 17.2824, 18.3958, 19.8222, 21.7729, 24.7392, 29.477, 34.6711, 33.3041, 21.2015, 7.82469, 1.56289, 0.163224, 0.00874464, 0.000225038, 1.50114e-06
30.9392
58.16
 
MEASUREMENT 292
1.4716, 4.41481, 7.36319, 10.3064, 13.2548, 16.2031, 19.1774, 22.1309, 25.0793, 28.0277, 30.9502, 33.8934
8.08294, 8.2473, 8.68345, 9.18337, 9.82333, 9.73162, 10.8046, 12.0127, 13.3713, 17.4079, 12.627, 0.0500134
0.00921262, 0.0093863, 0.00996025, 0.0107521, 0.0114673, 0.011434, 0.0126361, 0.0139788, 0.0153068, 0.0199118, 0.0144948, 0.00051107
0, 0.589331, 1.17866, 1.76799, 2.35732, 2.94665, 3.53598, 4.12532, 4.71465, 5.30398, 5.89331, 6.48264, 7.07197, 7.6613, 8.25063, 8.83996, 9.42929, 10.0186, 10.608, 11.1973, 11.7866, 12.3759, 12.9653, 13.5546, 14.1439, 14.7333, 15.3226, 15.9119, 16.5013, 17.0906, 17.6799, 18.2693, 18.8586, 19.4479, 20.0372, 20.6266, 21.2159, 21.8052, 22.3946, 22.9839, 23.5732, 24.1626, 24.7519, 25.3412, 25.9306, 26.5199, 27.1092, 27.6985, 28.2879, 28.8772, 29.4665, 30.0559, 30.6452, 31.2345, 31.8239, 32.4132, 33.0025, 33.5919, 34.1812, 34.7705
7.96623, 8.01307, 8.06126, 8.11083, 8.16187, 8.21444, 8.26862, 8.32449, 8.38214, 8.44165, 8.50314, 8.56671, 8.63248, 8.70057, 8.77112, 8.84429, 8.92024, 8.99913, 9.08118, 9.16659, 9.2556, 9.34847, 9.44547, 9.54694, 9.65323, 9.76472, 9.88186, 10.0052, 10.1352, 10.2725, 10.418, 10.5724, 10.7366, 10.9119, 11.0996, 11.3012, 11.5186, 11.7541, 12.0103, 12.2908, 12.5998, 12.9427, 13.3266, 13.7611, 14.2593, 14.8399, 15.5316, 16.3806, 17.4704, 18.9407, 20.751, 21.4748, 17.8829, 10.0029, 3.30757, 0.600632, 0.0575624, 0.00284181, 6.36762e-05, 2.48609e-07
7.96623, 8.021, 8.07744, 8.13562, 8.19564, 8.25758, 8.32155, 8.38766, 8.45602, 8.52677, 8.60003, 8.67596, 8.75472, 8.83648, 8.92143, 9.00978, 9.10176, 9.19761, 9.29762, 9.40208, 9.51132, 9.62572, 9.74569, 9.87169, 10.0042, 10.1439, 10.2913, 10.4473, 10.6126, 10.7882, 10.9753, 11.1752, 11.3893, 11.6194, 11.8677, 12.1367, 12.4294, 12.7496, 13.1018, 13.492, 13.9275, 14.418, 14.9766, 15.6209, 16.3764, 17.2807, 18.3938, 19.8194, 21.768, 24.7302, 29.4738, 34.7091, 33.3642, 21.1905, 7.76696, 1.53276, 0.157306, 0.00823591, 0.000204624, 1.33347e-06
30.9386
58.16
 
MEASUREMENT 293
1.4716, 4.41481, 7.36319, 10.3064, 13.2548, 16.2031, 19.1774, 22.1309, 25.0793, 28.0277, 30.9502, 33.8934
8.06375, 8.22605, 8.66213, 9.16089, 9.80045, 9.70767, 10.7885, 11.9817, 13.3369, 17.3548, 12.5943, 0.0504341
0.00921262, 0.0093863, 0.00996025, 0.0107521, 0.0114673, 0.011434, 0.0126361, 0.0139788, 0.0153068, 0.0199118, 0.0144948, 0.00051107
0, 0.589331, 1.17866, 1.76799, 2.35732, 2.94665, 3.53598, 4.12532, 4.71465, 5.30398, 5.89331, 6.48264, 7.07197, 7.6613, 8.25063, 8.83996, 9.42929, 10.0186, 10.608, 11.1973, 11.7866, 12.3759, 12.9653, 13.5546, 14.1439, 14.7333, 15.3226, 15.9119, 16.5013, 17.0906, 17.6799, 18.2693, 18.8586, 19.4479, 20.0372, 20.6266, 21.2159, 21.8052, 22.3946, 22.9839, 23.5732, 24.1626, 24.7519, 25.3412, 25.9306, 26.5199, 27.1092, 27.6985, 28.2879, 28.8772, 29.4665, 30.0559, 30.6452, 31.2345, 31.8239, 32.4132, 33.0025, 33.5919, 34.1812, 34.7705
7.94813, 7.99485, 8.0429, 8.09234, 8.14324, 8.19567, 8.2497, 8.30541, 8.3629, 8.42225, 8.48356, 8.54696, 8.61254, 8.68044, 8.7508, 8.82376, 8.89949, 8.97816, 9.05998, 9.14514, 9.23389, 9.32649, 9.42322, 9.52439, 9.63037, 9.74153, 9.85833, 9.98126, 10.1109, 10.2478, 10.3928, 10.5468, 10.7105, 10.8853, 11.0724, 11.2734, 11.4901, 11.7248, 11.9802, 12.2598, 12.5677, 12.9095, 13.2921, 13.7251, 14.2216, 14.8002, 15.4893, 16.3351, 17.4206, 18.8845, 20.6853, 21.4035, 17.8308, 9.98897, 3.31261, 0.604206, 0.0582489, 0.00289733, 6.57841e-05, 2.57872e-07
7.94813, 8.00278, 8.05909, 8.11713, 8.17701, 8.23881, 8.30263, 8.36859, 8.43679, 8.50737, 8.58046, 8.65622, 8.73479, 8.81636, 8.90111, 8.98925, 9.08102, 9.17665, 9.27642, 9.38063, 9.48962, 9.60375, 9.72344, 9.84914, 9.98136, 10.1207, 10.2678, 10.4234, 10.5883, 10.7635, 10.9502, 11.1495, 11.3631, 11.5927, 11.8404, 12.1087, 12.4007, 12.7201, 13.0715, 13.4607, 13.8951, 14.3845, 14.9416, 15.5844, 16.3379, 17.2399, 18.3501, 19.7719, 21.7154, 24.6693, 29.397, 34.6133, 33.2853, 21.1732, 7.78365, 1.54292, 0.159297, 0.00840298, 0.000211179, 1.38565e-06
30.9399
58.17
 
MEASUREMENT 294
1.4716, 4.41481, 7.36319, 10.3064, 13.2548, 16.2031, 19.1774, 22.1309, 25.0793, 28.0277, 30.9502, 33.8934
8.00146, 8.1623, 8.59299, 9.08955, 9.72464, 9.63234, 10.6947, 11.8896, 13.2343, 17.2289, 12.4961, 0.0509079
0.00921262, 0.0093863, 0.00996025, 0.0107521, 0.0114673, 0.011434, 0.0126361, 0.0139788, 0.0153068, 0.0199118, 0.0144948, 0.00051107
0, 0.589331, 1.17866, 1.76799, 2.35732, 2.94665, 3.53598, 4.12532, 4.71465, 5.30398, 5.89331, 6.48264, 7.07197, 7.6613, 8.25063, 8.83996, 9.42929, 10.0186, 10.608, 11.1973, 11.7866, 12.3759, 12.9653, 13.5546, 14.1439, 14.7333, 15.3226, 15.9119, 16.5013, 17.0906, 17.6799, 18.2693, 18.8586, 19.4479, 20.0372, 20.6266, 21.2159, 21.8052, 22.3946, 22.9839, 23.5732, 24.1626, 24.7519, 25.3412, 25.9306, 26.5199, 27.1092, 27.6985, 28.2879, 28.8772, 29.4665, 30.0559, 30.6452, 31.2345, 31.8239, 32.4132, 33.0025, 33.5919, 34.1812, 34.7705
7.88498, 7.93135, 7.97903, 8.0281, 8.07861, 8.13064, 8.18426, 8.23956, 8.29661, 8.35552, 8.41637, 8.47929, 8.54437, 8.61177, 8.68159, 8.75401, 8.82917, 8.90726, 8.98846, 9.07299, 9.16108, 9.25299, 9.349, 9.44942, 9.55461, 9.66495, 9.78088, 9.9029, 10.0316, 10.1675, 10.3115, 10.4642, 10.6268, 10.8003, 10.9861, 11.1856, 11.4007, 11.6338, 11.8874, 12.165, 12.4707, 12.8101, 13.1901, 13.6201, 14.1131, 14.6878, 15.3725, 16.213, 17.2919, 18.7468, 20.5308, 21.2278, 17.675, 9.91432, 3.30192, 0.607005, 0.0592073, 0.00299171, 6.97996e-05, 2.76992e-07
7.88498, 7.9392, 7.99506, 8.05265, 8.11205, 8.17336, 8.23668, 8.30211, 8.36978, 8.4398, 8.51231, 8.58747, 8.66542, 8.74634, 8.83043, 8.91788, 9.00892, 9.10379, 9.20278, 9.30617, 9.4143, 9.52753, 9.64627, 9.77098, 9.90217, 10.0404, 10.1863, 10.3407, 10.5043, 10.6782, 10.8634, 11.0612, 11.2731, 11.5009, 11.7466, 12.0129, 12.3026, 12.6195, 12.9682, 13.3543, 13.7854, 14.271, 14.8239, 15.4617, 16.2096, 17.1049, 18.2069, 19.6188, 21.5496, 24.4856, 29.175, 34.3151, 32.9602, 20.9813, 7.74305, 1.54656, 0.161521, 0.00865389, 0.000222723, 1.48587e-06
30.9391
58.16
 
MEASUREMENT 295
1.4716, 4.41481, 7.36319, 10.3064, 13.2548, 16.2031, 19.1774, 22.1309, 25.0793, 28.0277, 30.9502, 33.8934
7.95497, 8.11462, 8.54354, 9.03705, 9.66755, 9.57559, 10.6209, 11.8188, 13.1576, 17.1426, 12.4235, 0.0498752
0.00921262, 0.0093863, 0.00996025, 0.0107521, 0.0114673, 0.011434, 0.0126361, 0.0139788, 0.0153068, 0.0199118, 0.0144948, 0.00051107
0, 0.589331, 1.17866, 1.76799, 2.35732, 2.94665, 3.53598, 4.12532, 4.71465, 5.30398, 5.89331, 6.48264, 7.07197, 7.6613, 8.25063, 8.83996, 9.42929, 10.0186, 10.608, 11.1973, 11.7866, 12.3759, 12.9653, 13.5546, 14.1439, 14.7333, 15.3226, 15.9119, 16.5013, 17.0906, 17.6799, 18.2693, 18.8586, 19.4479, 20.0372, 20.6266, 21.2159, 21.8052, 22.3946, 22.9839, 23.5732, 24.1626, 24.7519, 25.3412, 25.9306, 26.5199, 27.1092, 27.6985, 28.2879, 28.8772, 29.4665, 30.0559, 30.6452, 31.2345, 31.8239, 32.4132, 33.0025, 33.5919, 34.1812, 34.7705
7.83726, 7.88337, 7.93079, 7.97959, 8.02983, 8.08157, 8.1349, 8.18989, 8.24663, 8.30521, 8.36574, 8.42831, 8.49305, 8.56007, 8.62952, 8.70155, 8.7763, 8.85397, 8.93474, 9.01881, 9.10644, 9.19785, 9.29335, 9.39324, 9.49787, 9.60763, 9.72296, 9.84434, 9.97234, 10.1076, 10.2508, 10.4028, 10.5645, 10.7371, 10.9219, 11.1204, 11.3345, 11.5664, 11.8187, 12.095, 12.3993, 12.737, 13.1152, 13.5432, 14.034, 14.6061, 15.2878, 16.1247, 17.1994, 18.6491, 20.4289, 21.1258, 17.5795, 9.84033, 3.2645, 0.596623, 0.0577405, 0.00288892, 6.62602e-05, 2.61463e-07
7.83726, 7.89115, 7.94668, 8.00392, 8.06297, 8.12391, 8.18685, 8.25189, 8.31915, 8.38876, 8.46084, 8.53554, 8.61303, 8.69347, 8.77706, 8.86398, 8.95448, 9.04879, 9.14719, 9.24996, 9.35745, 9.47001, 9.58804, 9.71201, 9.84242, 9.97983, 10.1249, 10.2783, 10.441, 10.6138, 10.7979, 10.9946, 11.2053, 11.4317, 11.676, 11.9407, 12.2287, 12.5438, 12.8904, 13.2744, 13.7029, 14.1857, 14.7354, 15.3696, 16.1133, 17.0035, 18.0994, 19.5034, 21.4236, 24.344, 29.0118, 34.1298, 32.7638, 20.8126, 7.65049, 1.51907, 0.157404, 0.00835027, 0.000211738, 1.39964e-06
30.9374
58.16
 
MEASUREMENT 296
1.4716, 4.41481, 7.36319, 10.3064, 13.2548, 16.2031, 19.1774, 22.1309, 25.0793, 28.0277, 30.9502, 33.8934
7.85454, 8.01379, 8.43809, 8.92387, 9.54707, 9.45691, 10.4995, 11.6715, 12.9914, 16.9166, 12.2671, 0.0489983
0.00921262, 0.0093863, 0.00996025, 0.0107521, 0.0114673, 0.011434, 0.0126361, 0.0139788, 0.0153068, 0.0199118, 0.0144948, 0.00051107
0, 0.589331, 1.17866, 1.76799, 2.35732, 2.94665, 3.53598, 4.12532, 4.71465, 5.30398, 5.89331, 6.48264, 7.07197, 7.6613, 8.25063, 8.83996, 9.42929, 10.0186, 10.608, 11.1973, 11.7866, 12.3759, 12.9653, 13.5546, 14.1439, 14.7333, 15.3226, 15.9119, 16.5013, 17.0906, 17.6799, 18.2693, 18.8586, 19.4479, 20.0372, 20.6266, 21.2159, 21.8052, 22.3946, 22.9839, 23.5732, 24.1626, 24.7519, 25.3412, 25.9306, 26.5199, 27.1092, 27.6985, 28.2879, 28.8772, 29.4665, 30.0559, 30.6452, 31.2345, 31.8239, 32.4132, 33.0025, 33.5919, 34.1812, 34.7705
7.74114, 7.78666, 7.83348, 7.88166, 7.93125, 7.98233, 8.03498, 8.08926, 8.14528, 8.20311, 8.26286, 8.32462, 8.38853, 8.45469, 8.52325, 8.59434, 8.66814, 8.7448, 8.82452, 8.90752, 8.994, 9.08424, 9.1785, 9.27709, 9.38036, 9.4887, 9.60252, 9.72232, 9.84864, 9.98211, 10.1234, 10.2734, 10.4331, 10.6034, 10.7858, 10.9816, 11.1929, 11.4217, 11.6707, 11.9432, 12.2434, 12.5766, 12.9496, 13.3718, 13.8559, 14.4201, 15.0922, 15.9172, 16.9763, 18.4048, 20.1612, 20.8571, 17.3656, 9.72068, 3.22109, 0.587132, 0.0565787, 0.00281375, 6.38631e-05, 2.50613e-07
7.74114, 7.79437, 7.84922, 7.90576, 7.96408, 8.02427, 8.08643, 8.15067, 8.2171, 8.28585, 8.35704, 8.43083, 8.50736, 8.58681, 8.66936, 8.75522, 8.8446, 8.93775, 9.03493, 9.13643, 9.24259, 9.35376, 9.47034, 9.59278, 9.72157, 9.85729, 10.0006, 10.1521, 10.3128, 10.4834, 10.6653, 10.8595, 11.0675, 11.2912, 11.5325, 11.7938, 12.0783, 12.3894, 12.7317, 13.1109, 13.5341, 14.0108, 14.5536, 15.1798, 15.914, 16.7929, 17.8747, 19.2604, 21.1548, 24.0351, 28.6435, 33.7168, 32.3987, 20.5888, 7.56167, 1.49777, 0.154555, 0.00815086, 0.000204792, 1.34452e-06
30.9386
58.16
 
MEASUREMENT 297
1.4716, 4.41481, 7.36319, 10.3064, 13.2548, 16.2031, 19.1774, 22.1309, 25.0793, 28.0277, 30.9502, 33.8934
7.82632, 7.98337, 8.40772, 8.89193, 9.51219, 9.42167, 10.4621, 11.6305, 12.9477, 16.8553, 12.2248, 0.0487463
0.00921262, 0.0093863, 0.00996025, 0.0107521, 0.0114673, 0.011434, 0.0126361, 0.0139788, 0.0153068, 0.0199118, 0.0144948, 0.00051107
0, 0.589331, 1.17866, 1.76799, 2.35732, 2.94665, 3.53598, 4.12532, 4.71465, 5.30398, 5.89331, 6.48264, 7.07197, 7.6613, 8.25063, 8.83996, 9.42929, 10.0186, 10.608, 11.1973, 11.7866, 12.3759, 12.9653, 13.5546, 14.1439, 14.7333, 15.3226, 15.9119, 16.5013, 17.0906, 17.6799, 18.2693, 18.8586, 19.4479, 20.0372, 20.6266, 21.2159, 21.8052, 22.3946, 22.9839, 23.5732, 24.1626, 24.7519, 25.3412, 25.9306, 26.5199, 27.1092, 27.6985, 28.2879, 28.8772, 29.4665, 30.0559, 30.6452, 31.2345, 31.8239, 32.4132, 33.0025, 33.5919, 34.1812, 34.7705
7.71294, 7.7583, 7.80496, 7.85296, 7.90238, 7.95328, 8.00574, 8.05984, 8.11566, 8.17328, 8.23282, 8.29437, 8.35805, 8.42398, 8.4923, 8.56315, 8.63668, 8.71308, 8.79252, 8.87523, 8.96141, 9.05133, 9.14526, 9.24351, 9.34643, 9.45438, 9.56781, 9.6872, 9.81308, 9.94609, 10.0869, 10.2364, 10.3955, 10.5652, 10.747, 10.9422, 11.1527, 11.3807, 11.6289, 11.9005, 12.1996, 12.5317, 12.9035, 13.3242, 13.8067, 14.369, 15.0389, 15.8612, 16.9168, 18.3409, 20.0921, 20.787, 17.3072, 9.6861, 3.20819, 0.584355, 0.0562536, 0.00279389, 6.32655e-05, 2.48082e-07
7.71294, 7.76598, 7.82062, 7.87696, 7.93506, 7.99504, 8.05698, 8.12098, 8.18717, 8.25567, 8.3266, 8.40012, 8.47637, 8.55553, 8.63779, 8.72333, 8.81239, 8.90519, 9.00202, 9.10316, 9.20893, 9.3197, 9.43585, 9.55785, 9.68617, 9.82139, 9.96415, 10.1151, 10.2752, 10.4453, 10.6264, 10.8199, 11.0272, 11.2501, 11.4905, 11.7509, 12.0343, 12.3443, 12.6854, 13.0632, 13.4848, 13.9598, 14.5007, 15.1246, 15.8561, 16.7319, 17.8097, 19.1904, 21.078, 23.9478, 28.5399, 33.5966, 32.2827, 20.5109, 7.52956, 1.4903, 0.153626, 0.0080911, 0.000202879, 1.33026e-06
30.9384
58.16
 
MEASUREMENT 298
1.4716, 4.41481, 7.36319, 10.3064, 13.2548, 16.2031, 19.1774, 22.1309, 25.0793, 28.0277, 30.9502, 33.8934
7.86347, 8.02263, 8.44599, 8.93342, 9.55692, 9.46763, 10.51, 11.685, 13.0074, 16.9373, 12.2821, 0.0489899
0.00921262, 0.0093863, 0.00996025, 0.0107521, 0.0114673, 0.011434, 0.0126361, 0.0139788, 0.0153068, 0.0199118, 0.0144948, 0.00051107
0, 0.589331, 1.17866, 1.76799, 2.35732, 2.94665, 3.53598, 4.12532, 4.71465, 5.30398, 5.89331, 6.48264, 7.07197, 7.6613, 8.25063, 8.83996, 9.42929, 10.0186, 10.608, 11.1973, 11.7866, 12.3759, 12.9653, 13.5546, 14.1439, 14.7333, 15.3226, 15.9119, 16.5013, 17.0906, 17.6799, 18.2693, 18.8586, 19.4479, 20.0372, 20.6266, 21.2159, 21.8052, 22.3946, 22.9839, 23.5732, 24.1626, 24.7519, 25.3412, 25.9306, 26.5199, 27.1092, 27.6985, 28.2879, 28.8772, 29.4665, 30.0559, 30.6452, 31.2345, 31.8239, 32.4132, 33.0025, 33.5919, 34.1812, 34.7705
7.74924, 7.79482, 7.84169, 7.88993, 7.93958, 7.99072, 8.04343, 8.09779, 8.15387, 8.21177, 8.27159, 8.33343, 8.39742, 8.46366, 8.5323, 8.60349, 8.67737, 8.75413, 8.83395, 8.91705, 9.00364, 9.09399, 9.18837, 9.28709, 9.39049, 9.49896, 9.61293, 9.73289, 9.85937, 9.99302, 10.1345, 10.2847, 10.4446, 10.6151, 10.7977, 10.9939, 11.2054, 11.4345, 11.6838, 11.9567, 12.2573, 12.591, 12.9646, 13.3874, 13.8721, 14.4372, 15.1103, 15.9367, 16.9974, 18.4285, 20.188, 20.8852, 17.3874, 9.73061, 3.22313, 0.587194, 0.056547, 0.00280992, 6.36864e-05, 2.49859e-07
7.74924, 7.80253, 7.85743, 7.91403, 7.97241, 8.03267, 8.0949, 8.15921, 8.22571, 8.29453, 8.3658, 8.43966, 8.51627, 8.59581, 8.67845, 8.76439, 8.85387, 8.94711, 9.0444, 9.14601, 9.25229, 9.36357, 9.48028, 9.60285, 9.73178, 9.86764, 10.0111, 10.1628, 10.3236, 10.4945, 10.6765, 10.8709, 11.0792, 11.3031, 11.5446, 11.8063, 12.091, 12.4025, 12.7452, 13.1247, 13.5484, 14.0257, 14.5691, 15.1959, 15.931, 16.8109, 17.8939, 19.2812, 21.1779, 24.0617, 28.6759, 33.7544, 32.4305, 20.6032, 7.56373, 1.49733, 0.154404, 0.00813623, 0.000204174, 1.33959e-06
30.9383
58.16
 
MEASUREMENT 299
1.4716, 4.41481, 7.36319, 10.3064, 13.2548, 16.2031, 19.1774, 22.1309, 25.0793, 28.0277, 30.9502, 33.8934
7.87084, 8.02874, 8.45355, 8.94071, 9.56547, 9.47506, 10.5202, 11.6833, 13.0189, 16.9497, 12.2933, 0.0504411
0.00921262, 0.0093863, 0.00996025, 0.0107521, 0.0114673, 0.011434, 0.0126361, 0.0139788, 0.0153068, 0.0199118, 0.0144948, 0.00051107
0, 0.589331, 1.17866, 1.76799, 2.35732, 2.94665, 3.53598, 4.12532, 4.71465, 5.30398, 5.89331, 6.48264, 7.07197, 7.6613, 8.25063, 8.83996, 9.42929, 10.0186, 10.608, 11.1973, 11.7866, 12.3759, 12.9653, 13.5546, 14.1439, 14.7333, 15.3226, 15.9119, 16.5013, 17.0906, 17.6799, 18.2693, 18.8586, 19.4479, 20.0372, 20.6266, 21.2159, 21.8052, 22.3946, 22.9839, 23.5732, 24.1626, 24.7519, 25.3412, 25.9306, 26.5199, 27.1092, 27.6985, 28.2879, 28.8772, 29.4665, 30.0559, 30.6452, 31.2345, 31.8239, 32.4132, 33.0025, 33.5919, 34.1812, 34.7705
7.75558, 7.80118, 7.84809, 7.89635, 7.94603, 7.99721, 8.04995, 8.10434, 8.16046, 8.2184, 8.27825, 8.34013, 8.40416, 8.47044, 8.53913, 8.61035, 8.68428, 8.76109, 8.84096, 8.9241, 9.01075, 9.10115, 9.19558, 9.29436, 9.39782, 9.50635, 9.62039, 9.74041, 9.86696, 10.0007, 10.1423, 10.2925, 10.4525, 10.6231, 10.8058, 11.002, 11.2137, 11.4429, 11.6923, 11.9654, 12.2661, 12.5999, 12.9736, 13.3966, 13.8816, 14.4469, 15.1203, 15.9471, 17.0084, 18.4394, 20.1927, 20.8751, 17.3831, 9.75866, 3.25612, 0.600402, 0.0588132, 0.00298832, 7.03829e-05, 2.80415e-07
7.75558, 7.8089, 7.86385, 7.92049, 7.97892, 8.03922, 8.1015, 8.16586, 8.23241, 8.30128, 8.37261, 8.44653, 8.5232, 8.60279, 8.6855, 8.77151, 8.86105, 8.95437, 9.05173, 9.15342, 9.25977, 9.37114, 9.48794, 9.6106, 9.73963, 9.87559, 10.0191, 10.1709, 10.3319, 10.5029, 10.685, 10.8796, 11.088, 11.3121, 11.5538, 11.8156, 12.1006, 12.4123, 12.7552, 13.1351, 13.5591, 14.0366, 14.5804, 15.2078, 15.9434, 16.824, 17.9079, 19.2966, 21.1959, 24.0842, 28.6946, 33.7417, 32.4077, 20.6439, 7.63211, 1.52895, 0.160358, 0.00863899, 0.000224187, 1.504e-06
30.9394
58.16
 
MEASUREMENT 300
1.4716, 4.41481, 7.36319, 10.3064, 13.2548, 16.2031, 19.1774, 22.1309, 25.0793, 28.0277, 30.9502, 33.8934
7.8831, 8.0442, 8.47059, 8.95876, 9.58213, 9.49086, 10.5393, 11.727, 13.0412, 16.9792, 12.3131, 0.0498353
0.00921262, 0.0093863, 0.00996025, 0.0107521, 0.0114673, 0.011434, 0.0126361, 0.0139788, 0.0153068, 0.0199118, 0.0144948, 0.00051107
0, 0.589331, 1.17866, 1.76799, 2.35732, 2.94665, 3.53598, 4.12532, 4.71465, 5.30398, 5.89331, 6.48264, 7.07197, 7.6613, 8.25063, 8.83996, 9.42929, 10.0186, 10.608, 11.1973, 11.7866, 12.3759, 12.9653, 13.5546, 14.1439, 14.7333, 15.3226, 15.9119, 16.5013, 17.0906, 17.6799, 18.2693, 18.8586, 19.4479, 20.0372, 20.6266, 21.2159, 21.8052, 22.3946, 22.9839, 23.5732, 24.1626, 24.7519, 25.3412, 25.9306, 26.5199, 27.1092, 27.6985, 28.2879, 28.8772, 29.4665, 30.0559, 30.6452, 31.2345, 31.8239, 32.4132, 33.0025, 33.5919, 34.1812, 34.7705
7.77077, 7.81646, 7.86346, 7.91182, 7.96161, 8.01289, 8.06574, 8.12024, 8.17647, 8.23452, 8.2945, 8.35651, 8.42066, 8.48708, 8.55591, 8.62728, 8.70136, 8.77832, 8.85836, 8.94167, 9.02849, 9.11908, 9.21371, 9.31269, 9.41636, 9.52512, 9.63939, 9.75965, 9.88647, 10.0205, 10.1623, 10.3129, 10.4732, 10.6442, 10.8273, 11.0239, 11.236, 11.4657, 11.7157, 11.9893, 12.2907, 12.6252, 12.9997, 13.4236, 13.9096, 14.4762, 15.151, 15.9796, 17.0433, 18.4777, 20.2376, 20.926, 17.4197, 9.76257, 3.24576, 0.595093, 0.0578353, 0.0029089, 6.73294e-05, 2.66397e-07
7.77077, 7.8242, 7.87925, 7.93601, 7.99455, 8.05498, 8.11738, 8.18186, 8.24855, 8.31756, 8.38903, 8.46309, 8.53992, 8.61967, 8.70254, 8.78873, 8.87845, 8.97196, 9.06951, 9.17141, 9.27797, 9.38957, 9.5066, 9.6295, 9.75879, 9.89503, 10.0389, 10.191, 10.3523, 10.5236, 10.7061, 10.9011, 11.1099, 11.3344, 11.5767, 11.839, 12.1246, 12.4369, 12.7806, 13.1612, 13.5861, 14.0646, 14.6096, 15.2382, 15.9754, 16.8578, 17.944, 19.3356, 21.2386, 24.1326, 28.7566, 33.8277, 32.4876, 20.6635, 7.61285, 1.51653, 0.157813, 0.00841636, 0.000215115, 1.42875e-06
30.9385
58.16
 
MEASUREMENT 301
1.4716, 4.41481, 7.36319, 10.3064, 13.2548, 16.2031, 19.1774, 22.1309, 25.0793, 28.0277, 30.9502, 33.8934
7.84415, 8.00186, 8.4252, 8.91044, 9.53272, 9.44213, 10.4828, 11.6545, 12.9736, 16.8913, 12.2493, 0.0491814
0.00921262, 0.0093863, 0.00996025, 0.0107521, 0.0114673, 0.011434, 0.0126361, 0.0139788, 0.0153068, 0.0199118, 0.0144948, 0.00051107
0, 0.589331, 1.17866, 1.76799, 2.35732, 2.94665, 3.53598, 4.12532, 4.71465, 5.30398, 5.89331, 6.48264, 7.07197, 7.6613, 8.25063, 8.83996, 9.42929, 10.0186, 10.608, 11.1973, 11.7866, 12.3759, 12.9653, 13.5546, 14.1439, 14.7333, 15.3226, 15.9119, 16.5013, 17.0906, 17.6799, 18.2693, 18.8586, 19.4479, 20.0372, 20.6266, 21.2159, 21.8052, 22.3946, 22.9839, 23.5732, 24.1626, 24.7519, 25.3412, 25.9306, 26.5199, 27.1092, 27.6985, 28.2879, 28.8772, 29.4665, 30.0559, 30.6452, 31.2345, 31.8239, 32.4132, 33.0025, 33.5919, 34.1812, 34.7705
7.72967, 7.77512, 7.82187, 7.86997, 7.91949, 7.9705, 8.02306, 8.07727, 8.1332, 8.19095, 8.25061, 8.31228, 8.37609, 8.44216, 8.51061, 8.5816, 8.65529, 8.73184, 8.81145, 8.89431, 8.98067, 9.07077, 9.1649, 9.26334, 9.36646, 9.47464, 9.58829, 9.70791, 9.83405, 9.96733, 10.1084, 10.2582, 10.4176, 10.5877, 10.7698, 10.9654, 11.1763, 11.4048, 11.6534, 11.9255, 12.2253, 12.558, 12.9305, 13.352, 13.8354, 14.3988, 15.0699, 15.8938, 16.9514, 18.3779, 20.1304, 20.8222, 17.3366, 9.70962, 3.2217, 0.58856, 0.0568983, 0.00284158, 6.49707e-05, 2.55707e-07
7.72967, 7.78281, 7.83758, 7.89403, 7.95227, 8.01237, 8.07444, 8.13859, 8.20492, 8.27356, 8.34465, 8.41833, 8.49474, 8.57408, 8.6565, 8.74223, 8.83148, 8.92449, 9.02153, 9.12288, 9.22888, 9.33989, 9.45629, 9.57855, 9.70715, 9.84266, 9.98572, 10.137, 10.2975, 10.4679, 10.6494, 10.8434, 11.0511, 11.2744, 11.5153, 11.7763, 12.0603, 12.371, 12.7128, 13.0914, 13.514, 13.99, 14.532, 15.1573, 15.8904, 16.768, 17.8482, 19.232, 21.124, 24.0006, 28.601, 33.6596, 32.3399, 20.5603, 7.56072, 1.50088, 0.155368, 0.00822806, 0.000208059, 1.37175e-06
30.9387
58.16
 
MEASUREMENT 302
1.4716, 4.41481, 7.36319, 10.3064, 13.2548, 16.2031, 19.1774, 22.1309, 25.0793, 28.0277, 30.9502, 33.8934
7.8342, 7.99142, 8.41522, 8.90131, 9.52353, 9.43332, 10.4741, 11.6433, 12.9594, 16.8738, 12.2382, 0.0480999
0.00921262, 0.0093863, 0.00996025, 0.0107521, 0.0114673, 0.011434, 0.0126361, 0.0139788, 0.0153068, 0.0199118, 0.0144948, 0.00051107
0, 0.589331, 1.17866, 1.76799, 2.35732, 2.94665, 3.53598, 4.12532, 4.71465, 5.30398, 5.89331, 6.48264, 7.07197, 7.6613, 8.25063, 8.83996, 9.42929, 10.0186, 10.608, 11.1973, 11.7866, 12.3759, 12.9653, 13.5546, 14.1439, 14.7333, 15.3226, 15.9119, 16.5013, 17.0906, 17.6799, 18.2693, 18.8586, 19.4479, 20.0372, 20.6266, 21.2159, 21.8052, 22.3946, 22.9839, 23.5732, 24.1626, 24.7519, 25.3412, 25.9306, 26.5199, 27.1092, 27.6985, 28.2879, 28.8772, 29.4665, 30.0559, 30.6452, 31.2345, 31.8239, 32.4132, 33.0025, 33.5919, 34.1812, 34.7705
7.72106, 7.76648, 7.81318, 7.86123, 7.91071, 7.96166, 8.01418, 8.06834, 8.12421, 8.18191, 8.24151, 8.30313, 8.36688, 8.43288, 8.50127, 8.57219, 8.64581, 8.72229, 8.80182, 8.88461, 8.97089, 9.06091, 9.15495, 9.2533, 9.35633, 9.4644, 9.57796, 9.69747, 9.8235, 9.95665, 10.0976, 10.2473, 10.4065, 10.5765, 10.7584, 10.9538, 11.1646, 11.3928, 11.6413, 11.9132, 12.2127, 12.5451, 12.9173, 13.3385, 13.8214, 14.3844, 15.0549, 15.8781, 16.9346, 18.3602, 20.1172, 20.8224, 17.3375, 9.68904, 3.19733, 0.578721, 0.05521, 0.00270959, 6.00771e-05, 2.337e-07
7.72106, 7.77416, 7.82886, 7.88525, 7.94342, 8.00346, 8.06546, 8.12954, 8.1958, 8.26437, 8.33538, 8.40897, 8.4853, 8.56455, 8.64689, 8.73252, 8.82167, 8.91458, 9.01151, 9.11276, 9.21864, 9.32952, 9.4458, 9.56792, 9.69639, 9.83175, 9.97465, 10.1258, 10.286, 10.4563, 10.6376, 10.8313, 11.0389, 11.2619, 11.5026, 11.7633, 12.047, 12.3573, 12.6988, 13.0769, 13.4991, 13.9745, 14.5159, 15.1405, 15.8727, 16.7493, 17.8281, 19.2099, 21.0984, 23.9693, 28.5692, 33.652, 32.3484, 20.5286, 7.50961, 1.47719, 0.150915, 0.00785493, 0.000193389, 1.25315e-06
30.9382
58.16
 
MEASUREMENT 303
1.4716, 4.41481, 7.36319, 10.3064, 13.2548, 16.2031, 19.1774, 22.1309, 25.0793, 28.0277, 30.9502, 33.8934
7.81645, 7.97452, 8.39699, 8.88122, 9.50072, 9.41006, 10.4479, 11.6159, 12.9307, 16.8357, 12.2079, 0.048905
0.00921262, 0.0093863, 0.00996025, 0.0107521, 0.0114673, 0.011434, 0.0126361, 0.0139788, 0.0153068, 0.0199118, 0.0144948, 0.00051107
0, 0.589331, 1.17866, 1.76799, 2.35732, 2.94665, 3.53598, 4.12532, 4.71465, 5.30398, 5.89331, 6.48264, 7.07197, 7.6613, 8.25063, 8.83996, 9.42929, 10.0186, 10.608, 11.1973, 11.7866, 12.3759, 12.9653, 13.5546, 14.1439, 14.7333, 15.3226, 15.9119, 16.5013, 17.0906, 17.6799, 18.2693, 18.8586, 19.4479, 20.0372, 20.6266, 21.2159, 21.8052, 22.3946, 22.9839, 23.5732, 24.1626, 24.7519, 25.3412, 25.9306, 26.5199, 27.1092, 27.6985, 28.2879, 28.8772, 29.4665, 30.0559, 30.6452, 31.2345, 31.8239, 32.4132, 33.0025, 33.5919, 34.1812, 34.7705
7.70341, 7.74872, 7.79531, 7.84325, 7.89261, 7.94345, 7.99584, 8.04987, 8.10562, 8.16318, 8.22264, 8.28411, 8.34771, 8.41356, 8.48179, 8.55255, 8.626, 8.7023, 8.78164, 8.86424, 8.95032, 9.04013, 9.13394, 9.23207, 9.33485, 9.44267, 9.55596, 9.6752, 9.80093, 9.93377, 10.0744, 10.2237, 10.3826, 10.5522, 10.7337, 10.9286, 11.1389, 11.3666, 11.6144, 11.8857, 12.1845, 12.5161, 12.8875, 13.3077, 13.7896, 14.3513, 15.0203, 15.8417, 16.8961, 18.3185, 20.0661, 20.7557, 17.2789, 9.67383, 3.20786, 0.585523, 0.056541, 0.00281983, 6.4317e-05, 2.52964e-07
7.70341, 7.75638, 7.81096, 7.86722, 7.92526, 7.98516, 8.04702, 8.11095, 8.17706, 8.24547, 8.31632, 8.38974, 8.4659, 8.54497, 8.62712, 8.71256, 8.8015, 8.8942, 8.99091, 9.09192, 9.19756, 9.30819, 9.4242, 9.54605, 9.67422, 9.80927, 9.95185, 10.1027, 10.2625, 10.4324, 10.6133, 10.8066, 11.0136, 11.2362, 11.4763, 11.7364, 12.0195, 12.3291, 12.6698, 13.0471, 13.4683, 13.9427, 14.4829, 15.1061, 15.8368, 16.7115, 17.7882, 19.1675, 21.0533, 23.9207, 28.5067, 33.5488, 32.2287, 20.482, 7.52714, 1.49289, 0.154365, 0.00816357, 0.000205996, 1.3565e-06
30.9383
58.16
 
MEASUREMENT 304
1.4716, 4.41481, 7.36319, 10.3064, 13.2548, 16.2031, 19.1774, 22.1309, 25.0793, 28.0277, 30.9502, 33.8934
7.92896, 8.0912, 8.51984, 9.01081, 9.63847, 9.54847, 10.6015, 11.7862, 13.1195, 17.0812, 12.3878, 0.0501807
0.00921262, 0.0093863, 0.00996025, 0.0107521, 0.0114673, 0.011434, 0.0126361, 0.0139788, 0.0153068, 0.0199118, 0.0144948, 0.00051107
0, 0.589331, 1.17866, 1.76799, 2.35732, 2.94665, 3.53598, 4.12532, 4.71465, 5.30398, 5.89331, 6.48264, 7.07197, 7.6613, 8.25063, 8.83996, 9.42929, 10.0186, 10.608, 11.1973, 11.7866, 12.3759, 12.9653, 13.5546, 14.1439, 14.7333, 15.3226, 15.9119, 16.5013, 17.0906, 17.6799, 18.2693, 18.8586, 19.4479, 20.0372, 20.6266, 21.2159, 21.8052, 22.3946, 22.9839, 23.5732, 24.1626, 24.7519, 25.3412, 25.9306, 26.5199, 27.1092, 27.6985, 28.2879, 28.8772, 29.4665, 30.0559, 30.6452, 31.2345, 31.8239, 32.4132, 33.0025, 33.5919, 34.1812, 34.7705
7.81578, 7.86175, 7.90902, 7.95767, 8.00775, 8.05933, 8.11249, 8.16731, 8.22387, 8.28227, 8.3426, 8.40498, 8.46951, 8.53632, 8.60555, 8.67734, 8.75186, 8.82928, 8.90978, 8.99359, 9.08093, 9.17205, 9.26724, 9.3668, 9.47109, 9.58049, 9.69543, 9.81641, 9.94398, 10.0788, 10.2215, 10.373, 10.5342, 10.7062, 10.8904, 11.0882, 11.3015, 11.5326, 11.7841, 12.0593, 12.3625, 12.699, 13.0758, 13.5022, 13.9911, 14.5611, 15.24, 16.0736, 17.1437, 18.5869, 20.3577, 21.0511, 17.5254, 9.82333, 3.26673, 0.599127, 0.0582506, 0.00293122, 6.79037e-05, 2.68766e-07
7.81578, 7.86952, 7.92489, 7.98198, 8.04086, 8.10164, 8.1644, 8.22926, 8.29633, 8.36574, 8.43762, 8.51212, 8.58939, 8.6696, 8.75295, 8.83963, 8.92988, 9.02392, 9.12204, 9.22453, 9.33171, 9.44395, 9.56166, 9.68528, 9.81531, 9.95234, 10.097, 10.25, 10.4122, 10.5845, 10.7681, 10.9642, 11.1743, 11.4001, 11.6437, 11.9076, 12.1948, 12.5089, 12.8545, 13.2374, 13.6647, 14.146, 14.6941, 15.3264, 16.0678, 16.9553, 18.0478, 19.4474, 21.3614, 24.2719, 28.9223, 34.0224, 32.6761, 20.7859, 7.65953, 1.52628, 0.158889, 0.00847777, 0.000216839, 1.44082e-06
30.9386
58.16
 
MEASUREMENT 305
1.4716, 4.41481, 7.36319, 10.3064, 13.2548, 16.2031, 19.1774, 22.1309, 25.0793, 28.0277, 30.9502, 33.8934
7.86477, 8.02431, 8.44923, 8.93744, 9.5611, 9.47011, 10.5149, 11.6871, 13.0108, 16.9417, 12.2868, 0.0482537
0.00921262, 0.0093863, 0.00996025, 0.0107521, 0.0114673, 0.011434, 0.0126361, 0.0139788, 0.0153068, 0.0199118, 0.0144948, 0.00051107
0, 0.589331, 1.17866, 1.76799, 2.35732, 2.94665, 3.53598, 4.12532, 4.71465, 5.30398, 5.89331, 6.48264, 7.07197, 7.6613, 8.25063, 8.83996, 9.42929, 10.0186, 10.608, 11.1973, 11.7866, 12.3759, 12.9653, 13.5546, 14.1439, 14.7333, 15.3226, 15.9119, 16.5013, 17.0906, 17.6799, 18.2693, 18.8586, 19.4479, 20.0372, 20.6266, 21.2159, 21.8052, 22.3946, 22.9839, 23.5732, 24.1626, 24.7519, 25.3412, 25.9306, 26.5199, 27.1092, 27.6985, 28.2879, 28.8772, 29.4665, 30.0559, 30.6452, 31.2345, 31.8239, 32.4132, 33.0025, 33.5919, 34.1812, 34.7705
7.75171, 7.7973, 7.84419, 7.89244, 7.9421, 7.99326, 8.04599, 8.10036, 8.15646, 8.21437, 8.27421, 8.33607, 8.40007, 8.46634, 8.535, 8.6062, 8.68011, 8.75689, 8.83674, 8.91986, 9.00648, 9.09685, 9.19125, 9.29, 9.39343, 9.50193, 9.61593, 9.73592, 9.86244, 9.99612, 10.1377, 10.2879, 10.4478, 10.6184, 10.801, 10.9972, 11.2088, 11.438, 11.6874, 11.9603, 12.261, 12.5947, 12.9684, 13.3913, 13.8761, 14.4412, 15.1144, 15.9407, 17.0013, 18.4325, 20.1965, 20.9052, 17.407, 9.72736, 3.20937, 0.580699, 0.0553696, 0.0027155, 6.01324e-05, 2.33793e-07
7.75171, 7.80501, 7.85993, 7.91655, 7.97495, 8.03523, 8.09748, 8.16181, 8.22833, 8.29717, 8.36846, 8.44235, 8.51898, 8.59854, 8.68121, 8.76718, 8.85669, 8.94996, 9.04728, 9.14892, 9.25523, 9.36655, 9.48329, 9.6059, 9.73487, 9.87077, 10.0142, 10.166, 10.3269, 10.4978, 10.6799, 10.8743, 11.0827, 11.3066, 11.5482, 11.81, 12.0948, 12.4064, 12.7491, 13.1288, 13.5526, 14.03, 14.5735, 15.2005, 15.9357, 16.8157, 17.8988, 19.2859, 21.1818, 24.0638, 28.682, 33.7866, 32.4796, 20.6114, 7.5386, 1.48239, 0.151369, 0.00787303, 0.000193623, 1.25375e-06
30.9382
58.16
 
MEASUREMENT 306
1.4716, 4.41481, 7.36319, 10.3064, 13.2548, 16.2031, 19.1774, 22.1309, 25.0793, 28.0277, 30.9502, 33.8934
7.84733, 8.00631, 8.42917, 8.91506, 9.53735, 9.44778, 10.4899, 11.6508, 12.9838, 16.9031, 12.2586, 0.0493126
0.00921262, 0.0093863, 0.00996025, 0.0107521, 0.0114673, 0.011434, 0.0126361, 0.0139788, 0.0153068, 0.0199118, 0.0144948, 0.00051107
0, 0.589331, 1.17866, 1.76799, 2.35732, 2.94665, 3.53598, 4.12532, 4.71465, 5.30398, 5.89331, 6.48264, 7.07197, 7.6613, 8.25063, 8.83996, 9.42929, 10.0186, 10.608, 11.1973, 11.7866, 12.3759, 12.9653, 13.5546, 14.1439, 14.7333, 15.3226, 15.9119, 16.5013, 17.0906, 17.6799, 18.2693, 18.8586, 19.4479, 20.0372, 20.6266, 21.2159, 21.8052, 22.3946, 22.9839, 23.5732, 24.1626, 24.7519, 25.3412, 25.9306, 26.5199, 27.1092, 27.6985, 28.2879, 28.8772, 29.4665, 30.0559, 30.6452, 31.2345, 31.8239, 32.4132, 33.0025, 33.5919, 34.1812, 34.7705
7.73305, 7.77853, 7.82531, 7.87344, 7.92299, 7.97402, 8.02662, 8.08086, 8.13683, 8.19461, 8.2543, 8.31602, 8.37987, 8.44597, 8.51447, 8.58551, 8.65924, 8.73584, 8.81549, 8.89841, 8.98483, 9.07499, 9.16917, 9.26768, 9.37086, 9.47911, 9.59284, 9.71254, 9.83876, 9.97213, 10.1133, 10.2632, 10.4227, 10.5929, 10.7751, 10.9709, 11.182, 11.4106, 11.6594, 11.9317, 12.2317, 12.5646, 12.9374, 13.3594, 13.8431, 14.407, 15.0787, 15.9034, 16.962, 18.3899, 20.144, 20.8359, 17.3484, 9.71819, 3.22611, 0.589853, 0.0570911, 0.0028557, 6.54725e-05, 2.58009e-07
7.73305, 7.78622, 7.84101, 7.89749, 7.95575, 8.01588, 8.07798, 8.14215, 8.20851, 8.27719, 8.34831, 8.42201, 8.49846, 8.57783, 8.6603, 8.74606, 8.83535, 8.9284, 9.02548, 9.12688, 9.23293, 9.34398, 9.46044, 9.58274, 9.71141, 9.84698, 9.9901, 10.1415, 10.302, 10.4725, 10.6541, 10.8481, 11.056, 11.2794, 11.5204, 11.7815, 12.0656, 12.3764, 12.7184, 13.0972, 13.5199, 13.9962, 14.5384, 15.164, 15.8974, 16.7755, 17.8562, 19.2407, 21.1337, 24.012, 28.6142, 33.6719, 32.349, 20.5684, 7.56686, 1.50326, 0.155795, 0.00826341, 0.000209447, 1.38311e-06
30.9387
58.16
 
MEASUREMENT 307
1.4716, 4.41481, 7.36319, 10.3064, 13.2548, 16.2031, 19.1774, 22.1309, 25.0793, 28.0277, 30.9502, 33.8934
7.84699, 8.0046, 8.42896, 8.91681, 9.53844, 9.44761, 10.4888, 11.6723, 12.9797, 16.9011, 12.2565, 0.0495808
0.00921262, 0.0093863, 0.00996025, 0.0107521, 0.0114673, 0.011434, 0.0126361, 0.0139788, 0.0153068, 0.0199118, 0.0144948, 0.00051107
0, 0.589331, 1.17866, 1.76799, 2.35732, 2.94665, 3.53598, 4.12532, 4.71465, 5.30398, 5.89331, 6.48264, 7.07197, 7.6613, 8.25063, 8.83996, 9.42929, 10.0186, 10.608, 11.1973, 11.7866, 12.3759, 12.9653, 13.5546, 14.1439, 14.7333, 15.3226, 15.9119, 16.5013, 17.0906, 17.6799, 18.2693, 18.8586, 19.4479, 20.0372, 20.6266, 21.2159, 21.8052, 22.3946, 22.9839, 23.5732, 24.1626, 24.7519, 25.3412, 25.9306, 26.5199, 27.1092, 27.6985, 28.2879, 28.8772, 29.4665, 30.0559, 30.6452, 31.2345, 31.8239, 32.4132, 33.0025, 33.5919, 34.1812, 34.7705
7.73395, 7.77944, 7.82622, 7.87436, 7.92391, 7.97496, 8.02756, 8.08181, 8.13778, 8.19557, 8.25527, 8.31699, 8.38085, 8.44696, 8.51546, 8.58651, 8.66025, 8.73685, 8.81652, 8.89945, 8.98588, 9.07604, 9.17024, 9.26876, 9.37196, 9.48022, 9.59396, 9.71368, 9.83992, 9.97329, 10.1145, 10.2644, 10.4239, 10.5942, 10.7764, 10.9722, 11.1833, 11.4119, 11.6608, 11.9332, 12.2332, 12.5662, 12.9391, 13.361, 13.8449, 14.4089, 15.0808, 15.9057, 16.9647, 18.393, 20.1454, 20.8309, 17.34, 9.71697, 3.23013, 0.592112, 0.0575322, 0.00289287, 6.6927e-05, 2.64799e-07
7.73395, 7.78713, 7.84193, 7.89841, 7.95668, 8.01682, 8.07893, 8.14311, 8.20948, 8.27816, 8.34929, 8.42301, 8.49947, 8.57885, 8.66132, 8.7471, 8.8364, 8.92946, 9.02656, 9.12797, 9.23403, 9.3451, 9.46157, 9.5839, 9.71258, 9.84817, 9.99132, 10.1427, 10.3032, 10.4738, 10.6554, 10.8495, 11.0573, 11.2808, 11.5219, 11.783, 12.0672, 12.378, 12.7201, 13.0989, 13.5218, 13.9981, 14.5405, 15.1662, 15.8998, 16.7781, 17.8593, 19.2444, 21.1385, 24.019, 28.6216, 33.6684, 32.3323, 20.5621, 7.57417, 1.5085, 0.156938, 0.00836732, 0.000213772, 1.41954e-06
30.9384
58.16
 
MEASUREMENT 308
1.4716, 4.41481, 7.36319, 10.3064, 13.2548, 16.2031, 19.1774, 22.1309, 25.0793, 28.0277, 30.9502, 33.8934
7.86409, 8.02182, 8.44672, 8.93489, 9.55701, 9.46811, 10.5105, 11.6857, 13.0082, 16.9366, 12.2834, 0.0490141
0.00921262, 0.0093863, 0.00996025, 0.0107521, 0.0114673, 0.011434, 0.0126361, 0.0139788, 0.0153068, 0.0199118, 0.0144948, 0.00051107
0, 0.589331, 1.17866, 1.76799, 2.35732, 2.94665, 3.53598, 4.12532, 4.71465, 5.30398, 5.89331, 6.48264, 7.07197, 7.6613, 8.25063, 8.83996, 9.42929, 10.0186, 10.608, 11.1973, 11.7866, 12.3759, 12.9653, 13.5546, 14.1439, 14.7333, 15.3226, 15.9119, 16.5013, 17.0906, 17.6799, 18.2693, 18.8586, 19.4479, 20.0372, 20.6266, 21.2159, 21.8052, 22.3946, 22.9839, 23.5732, 24.1626, 24.7519, 25.3412, 25.9306, 26.5199, 27.1092, 27.6985, 28.2879, 28.8772, 29.4665, 30.0559, 30.6452, 31.2345, 31.8239, 32.4132, 33.0025, 33.5919, 34.1812, 34.7705
7.74968, 7.79526, 7.84214, 7.89037, 7.94002, 7.99117, 8.04388, 8.09823, 8.15431, 8.21222, 8.27204, 8.33388, 8.39786, 8.46411, 8.53275, 8.60393, 8.67782, 8.75458, 8.8344, 8.9175, 9.00409, 9.09444, 9.18882, 9.28754, 9.39094, 9.49941, 9.61338, 9.73333, 9.85982, 9.99346, 10.135, 10.2852, 10.445, 10.6156, 10.7981, 10.9943, 11.2058, 11.4349, 11.6842, 11.9571, 12.2577, 12.5913, 12.9649, 13.3877, 13.8724, 14.4374, 15.1105, 15.9367, 16.9973, 18.4281, 20.1876, 20.8857, 17.3898, 9.73329, 3.22442, 0.587475, 0.0565755, 0.00281124, 6.37126e-05, 2.49908e-07
7.74968, 7.80297, 7.85788, 7.91448, 7.97286, 8.03312, 8.09535, 8.15967, 8.22617, 8.29499, 8.36627, 8.44013, 8.51675, 8.59629, 8.67893, 8.76488, 8.85436, 8.94761, 9.0449, 9.14652, 9.25279, 9.36409, 9.48079, 9.60337, 9.7323, 9.86817, 10.0116, 10.1633, 10.3241, 10.495, 10.677, 10.8715, 11.0797, 11.3036, 11.5452, 11.8069, 12.0916, 12.4031, 12.7458, 13.1254, 13.549, 14.0263, 14.5697, 15.1966, 15.9316, 16.8115, 17.8945, 19.2817, 21.1782, 24.0616, 28.6754, 33.7556, 32.4361, 20.6102, 7.56737, 1.4982, 0.154499, 0.008141, 0.00020428, 1.34005e-06
30.9385
58.16
 
MEASUREMENT 309
1.4716, 4.41481, 7.36319, 10.3064, 13.2548, 16.2031, 19.1774, 22.1309, 25.0793, 28.0277, 30.9502, 33.8934
7.85912, 8.02215, 8.44423, 8.93142, 9.5547, 9.46469, 10.5095, 11.6712, 13.0067, 16.9326, 12.2799, 0.0493407
0.00921262, 0.0093863, 0.00996025, 0.0107521, 0.0114673, 0.011434, 0.0126361, 0.0139788, 0.0153068, 0.0199118, 0.0144948, 0.00051107
0, 0.589331, 1.17866, 1.76799, 2.35732, 2.94665, 3.53598, 4.12532, 4.71465, 5.30398, 5.89331, 6.48264, 7.07197, 7.6613, 8.25063, 8.83996, 9.42929, 10.0186, 10.608, 11.1973, 11.7866, 12.3759, 12.9653, 13.5546, 14.1439, 14.7333, 15.3226, 15.9119, 16.5013, 17.0906, 17.6799, 18.2693, 18.8586, 19.4479, 20.0372, 20.6266, 21.2159, 21.8052, 22.3946, 22.9839, 23.5732, 24.1626, 24.7519, 25.3412, 25.9306, 26.5199, 27.1092, 27.6985, 28.2879, 28.8772, 29.4665, 30.0559, 30.6452, 31.2345, 31.8239, 32.4132, 33.0025, 33.5919, 34.1812, 34.7705
7.7469, 7.79246, 7.83932, 7.88753, 7.93717, 7.9883, 8.04099, 8.09533, 8.15139, 8.20927, 8.26907, 8.3309, 8.39486, 8.46108, 8.5297, 8.60086, 8.67472, 8.75145, 8.83125, 8.91432, 9.00088, 9.0912, 9.18555, 9.28423, 9.3876, 9.49603, 9.60996, 9.72988, 9.85632, 9.98992, 10.1314, 10.2815, 10.4413, 10.6118, 10.7943, 10.9904, 11.2019, 11.4309, 11.6801, 11.9529, 12.2534, 12.587, 12.9604, 13.3831, 13.8676, 14.4325, 15.1054, 15.9314, 16.9919, 18.4222, 20.1795, 20.8732, 17.3794, 9.73436, 3.23051, 0.59036, 0.057099, 0.00285339, 6.53117e-05, 2.57198e-07
7.7469, 7.80016, 7.85505, 7.91163, 7.96999, 8.03023, 8.09244, 8.15673, 8.22321, 8.29201, 8.36325, 8.43709, 8.51368, 8.59319, 8.6758, 8.76172, 8.85117, 8.94439, 9.04164, 9.14322, 9.24946, 9.36071, 9.47738, 9.59991, 9.7288, 9.86461, 10.008, 10.1597, 10.3204, 10.4912, 10.6732, 10.8675, 11.0757, 11.2996, 11.541, 11.8026, 12.0872, 12.3986, 12.7412, 13.1206, 13.5442, 14.0212, 14.5645, 15.1911, 15.9259, 16.8055, 17.8882, 19.2751, 21.1714, 24.0547, 28.6653, 33.7338, 32.4095, 20.605, 7.57821, 1.50478, 0.155842, 0.00825811, 0.000209013, 1.37893e-06
30.9387
58.16
 
MEASUREMENT 310
1.4716, 4.41481, 7.36319, 10.3064, 13.2548, 16.2031, 19.1774, 22.1309, 25.0793, 28.0277, 30.9502, 33.8934
7.80731, 7.96611, 8.38732, 8.87039, 9.49013, 9.40071, 10.4381, 11.6149, 12.9178, 16.8193, 12.1965, 0.0496166
0.00921262, 0.0093863, 0.00996025, 0.0107521, 0.0114673, 0.011434, 0.0126361, 0.0139788, 0.0153068, 0.0199118, 0.0144948, 0.00051107
0, 0.589331, 1.17866, 1.76799, 2.35732, 2.94665, 3.53598, 4.12532, 4.71465, 5.30398, 5.89331, 6.48264, 7.07197, 7.6613, 8.25063, 8.83996, 9.42929, 10.0186, 10.608, 11.1973, 11.7866, 12.3759, 12.9653, 13.5546, 14.1439, 14.7333, 15.3226, 15.9119, 16.5013, 17.0906, 17.6799, 18.2693, 18.8586, 19.4479, 20.0372, 20.6266, 21.2159, 21.8052, 22.3946, 22.9839, 23.5732, 24.1626, 24.7519, 25.3412, 25.9306, 26.5199, 27.1092, 27.6985, 28.2879, 28.8772, 29.4665, 30.0559, 30.6452, 31.2345, 31.8239, 32.4132, 33.0025, 33.5919, 34.1812, 34.7705
7.6953, 7.74057, 7.78712, 7.83502, 7.88434, 7.93514, 7.98749, 8.04147, 8.09717, 8.15468, 8.2141, 8.27552, 8.33907, 8.40487, 8.47304, 8.54374, 8.61713, 8.69337, 8.77265, 8.85519, 8.9412, 9.03093, 9.12468, 9.22273, 9.32544, 9.43318, 9.54638, 9.66553, 9.79117, 9.92391, 10.0645, 10.2137, 10.3724, 10.5419, 10.7232, 10.9181, 11.1282, 11.3558, 11.6035, 11.8746, 12.1732, 12.5047, 12.8758, 13.2959, 13.7776, 14.3391, 15.008, 15.8293, 16.8839, 18.3061, 20.0492, 20.7264, 17.2498, 9.67038, 3.21911, 0.591615, 0.0577054, 0.00291666, 6.80804e-05, 2.70484e-07
7.6953, 7.74821, 7.80273, 7.85894, 7.91692, 7.97675, 8.03855, 8.10241, 8.16845, 8.2368, 8.30757, 8.38092, 8.457, 8.53598, 8.61805, 8.7034, 8.79225, 8.88485, 8.98146, 9.08237, 9.18791, 9.29842, 9.41432, 9.53604, 9.66408, 9.799, 9.94143, 10.0921, 10.2518, 10.4215, 10.6022, 10.7953, 11.0022, 11.2245, 11.4644, 11.7242, 12.007, 12.3163, 12.6567, 13.0336, 13.4544, 13.9284, 14.4681, 15.0908, 15.8209, 16.695, 17.7709, 19.1496, 21.0352, 23.9032, 28.4826, 33.4927, 32.1506, 20.4508, 7.54257, 1.50594, 0.157264, 0.00842773, 0.000217002, 1.44897e-06
30.9381
58.16
 
MEASUREMENT 311
1.4716, 4.41481, 7.36319, 10.3064, 13.2548, 16.2031, 19.1774, 22.1309, 25.0793, 28.0277, 30.9502, 33.8934
7.78349, 7.94037, 8.35981, 8.84208, 9.45983, 9.37178, 10.4048, 11.5672, 12.8761, 16.7652, 12.1578, 0.0487557
0.00921262, 0.0093863, 0.00996025, 0.0107521, 0.0114673, 0.011434, 0.0126361, 0.0139788, 0.0153068, 0.0199118, 0.0144948, 0.00051107
0, 0.589331, 1.17866, 1.76799, 2.35732, 2.94665, 3.53598, 4.12532, 4.71465, 5.30398, 5.89331, 6.48264, 7.07197, 7.6613, 8.25063, 8.83996, 9.42929, 10.0186, 10.608, 11.1973, 11.7866, 12.3759, 12.9653, 13.5546, 14.1439, 14.7333, 15.3226, 15.9119, 16.5013, 17.0906, 17.6799, 18.2693, 18.8586, 19.4479, 20.0372, 20.6266, 21.2159, 21.8052, 22.3946, 22.9839, 23.5732, 24.1626, 24.7519, 25.3412, 25.9306, 26.5199, 27.1092, 27.6985, 28.2879, 28.8772, 29.4665, 30.0559, 30.6452, 31.2345, 31.8239, 32.4132, 33.0025, 33.5919, 34.1812, 34.7705
7.67042, 7.71554, 7.76194, 7.80968, 7.85884, 7.90946, 7.96164, 8.01544, 8.07096, 8.12827, 8.18749, 8.24871, 8.31204, 8.37762, 8.44557, 8.51603, 8.58917, 8.66515, 8.74417, 8.82643, 8.91215, 9.00159, 9.09501, 9.19273, 9.29509, 9.40247, 9.51529, 9.63403, 9.75924, 9.89154, 10.0316, 10.1803, 10.3385, 10.5074, 10.6881, 10.8823, 11.0917, 11.3185, 11.5653, 11.8355, 12.1331, 12.4634, 12.8332, 13.2518, 13.7317, 14.2912, 14.9576, 15.7758, 16.8261, 18.2429, 19.9836, 20.67, 17.2072, 9.63452, 3.19564, 0.583567, 0.0563918, 0.00281506, 6.43147e-05, 2.53162e-07
7.67042, 7.72317, 7.77751, 7.83353, 7.89132, 7.95097, 8.01256, 8.07622, 8.14204, 8.21016, 8.28071, 8.35382, 8.42965, 8.50838, 8.59018, 8.67525, 8.76382, 8.85612, 8.95241, 9.05299, 9.15818, 9.26834, 9.38386, 9.50518, 9.6328, 9.76728, 9.90925, 10.0594, 10.2186, 10.3877, 10.5679, 10.7603, 10.9665, 11.1881, 11.4272, 11.6862, 11.9681, 12.2764, 12.6156, 12.9913, 13.4107, 13.8831, 14.421, 15.0415, 15.7691, 16.6401, 17.7122, 19.0857, 20.9636, 23.8192, 28.3856, 33.4039, 32.0867, 20.3921, 7.49569, 1.4873, 0.153892, 0.00814609, 0.000205849, 1.35689e-06
30.9383
58.16
 
MEASUREMENT 312
1.4716, 4.41481, 7.36319, 10.3064, 13.2548, 16.2031, 19.1774, 22.1309, 25.0793, 28.0277, 30.9502, 33.8934
7.75243, 7.90954, 8.32678, 8.80962, 9.42372, 9.33365, 10.3629, 11.5218, 12.8243, 16.6987, 12.1097, 0.0477106
0.00921262, 0.0093863, 0.00996025, 0.0107521, 0.0114673, 0.011434, 0.0126361, 0.0139788, 0.0153068, 0.0199118, 0.0144948, 0.00051107
0, 0.589331, 1.17866, 1.76799, 2.35732, 2.94665, 3.53598, 4.12532, 4.71465, 5.30398, 5.89331, 6.48264, 7.07197, 7.6613, 8.25063, 8.83996, 9.42929, 10.0186, 10.608, 11.1973, 11.7866, 12.3759, 12.9653, 13.5546, 14.1439, 14.7333, 15.3226, 15.9119, 16.5013, 17.0906, 17.6799, 18.2693, 18.8586, 19.4479, 20.0372, 20.6266, 21.2159, 21.8052, 22.3946, 22.9839, 23.5732, 24.1626, 24.7519, 25.3412, 25.9306, 26.5199, 27.1092, 27.6985, 28.2879, 28.8772, 29.4665, 30.0559, 30.6452, 31.2345, 31.8239, 32.4132, 33.0025, 33.5919, 34.1812, 34.7705
7.64045, 7.68539, 7.73161, 7.77916, 7.82812, 7.87854, 7.93051, 7.9841, 8.0394, 8.09648, 8.15546, 8.21644, 8.27952, 8.34484, 8.41252, 8.4827, 8.55555, 8.63123, 8.70993, 8.79186, 8.87724, 8.96632, 9.05937, 9.1567, 9.25865, 9.3656, 9.47797, 9.59624, 9.72095, 9.85271, 9.99223, 10.1403, 10.2979, 10.4661, 10.6461, 10.8395, 11.048, 11.2739, 11.5198, 11.7888, 12.0852, 12.4142, 12.7825, 13.1993, 13.6772, 14.2343, 14.8979, 15.7125, 16.7581, 18.1689, 19.9068, 20.6024, 17.1531, 9.58785, 3.16586, 0.573661, 0.0548169, 0.00269619, 6.00135e-05, 2.3381e-07
7.64045, 7.69299, 7.74712, 7.80293, 7.86049, 7.9199, 7.98126, 8.04466, 8.11023, 8.17809, 8.24835, 8.32118, 8.39672, 8.47514, 8.55661, 8.64136, 8.72958, 8.82151, 8.91743, 9.01762, 9.1224, 9.23213, 9.34719, 9.46804, 9.59516, 9.72912, 9.87053, 10.0201, 10.1787, 10.3471, 10.5266, 10.7183, 10.9236, 11.1444, 11.3825, 11.6405, 11.9213, 12.2284, 12.5662, 12.9405, 13.3582, 13.8287, 14.3645, 14.9825, 15.7072, 16.5746, 17.6423, 19.0097, 20.8789, 23.7204, 28.2721, 33.2974, 32.0031, 20.3122, 7.43469, 1.46403, 0.149813, 0.00781453, 0.000193047, 1.25372e-06
30.9381
58.16
 
MEASUREMENT 313
1.4716, 4.41481, 7.36319, 10.3064, 13.2548, 16.2031, 19.1774, 22.1309, 25.0793, 28.0277, 30.9502, 33.8934
7.65548, 7.81139, 8.22293, 8.69887, 9.30464, 9.21672, 10.233, 11.3648, 12.6657, 16.4914, 11.9582, 0.0474552
0.00921262, 0.0093863, 0.00996025, 0.0107521, 0.0114673, 0.011434, 0.0126361, 0.0139788, 0.0153068, 0.0199118, 0.0144948, 0.00051107
0, 0.589331, 1.17866, 1.76799, 2.35732, 2.94665, 3.53598, 4.12532, 4.71465, 5.30398, 5.89331, 6.48264, 7.07197, 7.6613, 8.25063, 8.83996, 9.42929, 10.0186, 10.608, 11.1973, 11.7866, 12.3759, 12.9653, 13.5546, 14.1439, 14.7333, 15.3226, 15.9119, 16.5013, 17.0906, 17.6799, 18.2693, 18.8586, 19.4479, 20.0372, 20.6266, 21.2159, 21.8052, 22.3946, 22.9839, 23.5732, 24.1626, 24.7519, 25.3412, 25.9306, 26.5199, 27.1092, 27.6985, 28.2879, 28.8772, 29.4665, 30.0559, 30.6452, 31.2345, 31.8239, 32.4132, 33.0025, 33.5919, 34.1812, 34.7705
7.5442, 7.58857, 7.6342, 7.68115, 7.72949, 7.77928, 7.8306, 7.88351, 7.93811, 7.99448, 8.05271, 8.11292, 8.17521, 8.2397, 8.30653, 8.37582, 8.44775, 8.52248, 8.60019, 8.68109, 8.76539, 8.85334, 8.94522, 9.04133, 9.14199, 9.24759, 9.35855, 9.47532, 9.59846, 9.72856, 9.86633, 10.0126, 10.1682, 10.3342, 10.512, 10.7029, 10.9088, 11.1319, 11.3746, 11.6403, 11.9329, 12.2577, 12.6214, 13.033, 13.5049, 14.0549, 14.7102, 15.5145, 16.547, 17.9401, 19.6544, 20.3373, 16.9331, 9.47228, 3.13356, 0.569578, 0.054668, 0.00270449, 6.08198e-05, 2.37857e-07
7.5442, 7.59607, 7.64952, 7.70462, 7.76146, 7.82012, 7.8807, 7.94331, 8.00805, 8.07505, 8.14443, 8.21634, 8.29092, 8.36835, 8.44881, 8.53248, 8.61959, 8.71036, 8.80507, 8.904, 9.00746, 9.1158, 9.22941, 9.34874, 9.47426, 9.60652, 9.74615, 9.89385, 10.0504, 10.2168, 10.394, 10.5832, 10.786, 11.0039, 11.2391, 11.4938, 11.771, 12.0742, 12.4079, 12.7774, 13.1898, 13.6544, 14.1834, 14.7937, 15.5092, 16.3657, 17.42, 18.7703, 20.6162, 23.4226, 27.9153, 32.868, 31.5866, 20.0608, 7.35579, 1.45294, 0.149332, 0.00783434, 0.000195265, 1.27533e-06
30.9384
58.16
 
MEASUREMENT 314
1.4716, 4.41481, 7.36319, 10.3064, 13.2548, 16.2031, 19.1774, 22.1309, 25.0793, 28.0277, 30.9502, 33.8934
7.71693, 7.87239, 8.29082, 8.76903, 9.38183, 9.2917, 10.3178, 11.4825, 12.768, 16.6238, 12.0558, 0.0480637
0.00921262, 0.0093863, 0.00996025, 0.0107521, 0.0114673, 0.011434, 0.0126361, 0.0139788, 0.0153068, 0.0199118, 0.0144948, 0.00051107
0, 0.589331, 1.17866, 1.76799, 2.35732, 2.94665, 3.53598, 4.12532, 4.71465, 5.30398, 5.89331, 6.48264, 7.07197, 7.6613, 8.25063, 8.83996, 9.42929, 10.0186, 10.608, 11.1973, 11.7866, 12.3759, 12.9653, 13.5546, 14.1439, 14.7333, 15.3226, 15.9119, 16.5013, 17.0906, 17.6799, 18.2693, 18.8586, 19.4479, 20.0372, 20.6266, 21.2159, 21.8052, 22.3946, 22.9839, 23.5732, 24.1626, 24.7519, 25.3412, 25.9306, 26.5199, 27.1092, 27.6985, 28.2879, 28.8772, 29.4665, 30.0559, 30.6452, 31.2345, 31.8239, 32.4132, 33.0025, 33.5919, 34.1812, 34.7705
7.60651, 7.65126, 7.69728, 7.74463, 7.79337, 7.84358, 7.89533, 7.94869, 8.00375, 8.06059, 8.11932, 8.18003, 8.24285, 8.30788, 8.37527, 8.44516, 8.5177, 8.59306, 8.67142, 8.753, 8.83802, 8.92672, 9.01938, 9.1163, 9.21782, 9.32431, 9.43621, 9.55398, 9.67817, 9.80938, 9.94832, 10.0958, 10.2527, 10.4202, 10.5995, 10.7921, 10.9997, 11.2247, 11.4695, 11.7375, 12.0326, 12.3603, 12.7271, 13.1423, 13.6183, 14.1732, 14.8343, 15.6459, 16.6878, 18.0935, 19.8214, 20.5041, 17.0665, 9.54858, 3.16223, 0.576063, 0.0554804, 0.00275766, 6.25302e-05, 2.45479e-07
7.60651, 7.65882, 7.71271, 7.76827, 7.82558, 7.88472, 7.94581, 8.00893, 8.07421, 8.14177, 8.21172, 8.28423, 8.35943, 8.4375, 8.51862, 8.60299, 8.69082, 8.78235, 8.87785, 8.97759, 9.08191, 9.19115, 9.30571, 9.42602, 9.55259, 9.68595, 9.82674, 9.97566, 10.1335, 10.3013, 10.4799, 10.6708, 10.8752, 11.095, 11.3321, 11.589, 11.8685, 12.1742, 12.5106, 12.8832, 13.2992, 13.7677, 14.3011, 14.9165, 15.6381, 16.502, 17.5652, 18.9273, 20.7897, 23.6217, 28.1521, 33.134, 31.8251, 20.2118, 7.41815, 1.46835, 0.151425, 0.00798117, 0.000200367, 1.31534e-06
30.9378
58.16
 
MEASUREMENT 315
1.4716, 4.41481, 7.36319, 10.3064, 13.2548, 16.2031, 19.1774, 22.1309, 25.0793, 28.0277, 30.9502, 33.8934
7.42103, 7.57294, 7.9715, 8.43397, 9.02076, 8.93611, 9.92255, 11.0171, 12.2793, 15.9877, 11.5942, 0.0459119
0.00921262, 0.0093863, 0.00996025, 0.0107521, 0.0114673, 0.011434, 0.0126361, 0.0139788, 0.0153068, 0.0199118, 0.0144948, 0.00051107
0, 0.589331, 1.17866, 1.76799, 2.35732, 2.94665, 3.53598, 4.12532, 4.71465, 5.30398, 5.89331, 6.48264, 7.07197, 7.6613, 8.25063, 8.83996, 9.42929, 10.0186, 10.608, 11.1973, 11.7866, 12.3759, 12.9653, 13.5546, 14.1439, 14.7333, 15.3226, 15.9119, 16.5013, 17.0906, 17.6799, 18.2693, 18.8586, 19.4479, 20.0372, 20.6266, 21.2159, 21.8052, 22.3946, 22.9839, 23.5732, 24.1626, 24.7519, 25.3412, 25.9306, 26.5199, 27.1092, 27.6985, 28.2879, 28.8772, 29.4665, 30.0559, 30.6452, 31.2345, 31.8239, 32.4132, 33.0025, 33.5919, 34.1812, 34.7705
7.31398, 7.357, 7.40124, 7.44676, 7.49362, 7.5419, 7.59164, 7.64294, 7.69588, 7.75053, 7.80699, 7.86536, 7.92575, 7.98827, 8.05306, 8.12024, 8.18998, 8.26242, 8.33776, 8.41619, 8.49792, 8.5832, 8.67227, 8.76545, 8.86304, 8.96542, 9.07299, 9.1862, 9.30558, 9.43172, 9.56528, 9.70704, 9.8579, 10.0189, 10.1912, 10.3763, 10.576, 10.7922, 11.0275, 11.2851, 11.5688, 11.8837, 12.2363, 12.6353, 13.0928, 13.6261, 14.2613, 15.0411, 16.0421, 17.3926, 19.0553, 19.7195, 16.4197, 9.18356, 3.0364, 0.551377, 0.0528443, 0.0026092, 5.8476e-05, 2.28377e-07
7.31398, 7.36427, 7.41609, 7.46951, 7.52461, 7.58148, 7.64022, 7.70091, 7.76368, 7.82863, 7.8959, 7.96561, 8.03792, 8.11299, 8.19098, 8.2721, 8.35655, 8.44456, 8.53638, 8.63228, 8.73258, 8.83762, 8.94777, 9.06345, 9.18514, 9.31336, 9.44873, 9.59192, 9.7437, 9.90497, 10.0768, 10.2602, 10.4568, 10.6681, 10.8961, 11.1431, 11.4118, 11.7058, 12.0292, 12.3874, 12.7873, 13.2377, 13.7505, 14.3421, 15.0358, 15.8662, 16.8881, 18.1972, 19.9865, 22.7067, 27.0625, 31.8678, 30.629, 19.4504, 7.12833, 1.40666, 0.144368, 0.0075593, 0.000187847, 1.22444e-06
30.9384
58.16
 
MEASUREMENT 316
1.4716, 4.41481, 7.36319, 10.3064, 13.2548, 16.2031, 19.1774, 22.1309, 25.0793, 28.0277, 30.9502, 33.8934
7.22134, 7.36753, 7.75821, 8.20494, 8.77801, 8.69359, 9.65171, 10.732, 11.9457, 15.5559, 11.2795, 0.0449729
0.00921262, 0.0093863, 0.00996025, 0.0107521, 0.0114673, 0.011434, 0.0126361, 0.0139788, 0.0153068, 0.0199118, 0.0144948, 0.00051107
0, 0.589331, 1.17866, 1.76799, 2.35732, 2.94665, 3.53598, 4.12532, 4.71465, 5.30398, 5.89331, 6.48264, 7.07197, 7.6613, 8.25063, 8.83996, 9.42929, 10.0186, 10.608, 11.1973, 11.7866, 12.3759, 12.9653, 13.5546, 14.1439, 14.7333, 15.3226, 15.9119, 16.5013, 17.0906, 17.6799, 18.2693, 18.8586, 19.4479, 20.0372, 20.6266, 21.2159, 21.8052, 22.3946, 22.9839, 23.5732, 24.1626, 24.7519, 25.3412, 25.9306, 26.5199, 27.1092, 27.6985, 28.2879, 28.8772, 29.4665, 30.0559, 30.6452, 31.2345, 31.8239, 32.4132, 33.0025, 33.5919, 34.1812, 34.7705
7.1169, 7.15876, 7.20181, 7.24611, 7.29171, 7.33868, 7.38709, 7.43701, 7.48852, 7.54169, 7.59663, 7.65343, 7.71219, 7.77303, 7.83607, 7.90145, 7.96931, 8.0398, 8.11311, 8.18943, 8.26896, 8.35194, 8.43862, 8.52928, 8.62425, 8.72387, 8.82854, 8.93871, 9.05487, 9.17761, 9.30758, 9.44553, 9.59232, 9.74897, 9.91667, 10.0968, 10.2911, 10.5015, 10.7305, 10.9811, 11.2572, 11.5636, 11.9068, 12.2951, 12.7403, 13.2593, 13.8775, 14.6365, 15.6107, 16.9251, 18.5411, 19.1811, 15.9681, 8.93556, 2.95945, 0.539083, 0.0519056, 0.00257881, 5.84292e-05, 2.29221e-07
7.1169, 7.16584, 7.21626, 7.26824, 7.32186, 7.3772, 7.43435, 7.49342, 7.55449, 7.6177, 7.68315, 7.75098, 7.82135, 7.89439, 7.97029, 8.04922, 8.1314, 8.21703, 8.30638, 8.3997, 8.4973, 8.59951, 8.70669, 8.81926, 8.93767, 9.06245, 9.19417, 9.3335, 9.4812, 9.63813, 9.80529, 9.98384, 10.1751, 10.3808, 10.6026, 10.8429, 11.1044, 11.3905, 11.7052, 12.0538, 12.4429, 12.8812, 13.3803, 13.956, 14.6311, 15.4392, 16.4339, 17.7081, 19.4501, 22.0988, 26.3367, 31.0007, 29.7834, 18.9199, 6.94495, 1.37465, 0.141729, 0.00746697, 0.000187328, 1.2289e-06
30.9382
58.16
 
MEASUREMENT 317
1.4716, 4.41481, 7.36319, 10.3064, 13.2548, 16.2031, 19.1774, 22.1309, 25.0793, 28.0277, 30.9502, 33.8934
7.17637, 7.32196, 7.71033, 8.15597, 8.72441, 8.64121, 9.59431, 10.6779, 11.8734, 15.4592, 11.2105, 0.0451206
0.00921262, 0.0093863, 0.00996025, 0.0107521, 0.0114673, 0.011434, 0.0126361, 0.0139788, 0.0153068, 0.0199118, 0.0144948, 0.00051107
0, 0.589331, 1.17866, 1.76799, 2.35732, 2.94665, 3.53598, 4.12532, 4.71465, 5.30398, 5.89331, 6.48264, 7.07197, 7.6613, 8.25063, 8.83996, 9.42929, 10.0186, 10.608, 11.1973, 11.7866, 12.3759, 12.9653, 13.5546, 14.1439, 14.7333, 15.3226, 15.9119, 16.5013, 17.0906, 17.6799, 18.2693, 18.8586, 19.4479, 20.0372, 20.6266, 21.2159, 21.8052, 22.3946, 22.9839, 23.5732, 24.1626, 24.7519, 25.3412, 25.9306, 26.5199, 27.1092, 27.6985, 28.2879, 28.8772, 29.4665, 30.0559, 30.6452, 31.2345, 31.8239, 32.4132, 33.0025, 33.5919, 34.1812, 34.7705
7.07404, 7.11565, 7.15844, 7.20247, 7.2478, 7.29449, 7.34261, 7.39223, 7.44343, 7.49629, 7.5509, 7.60736, 7.66578, 7.72625, 7.78892, 7.8539, 7.92136, 7.99143, 8.06431, 8.14017, 8.21923, 8.30171, 8.38787, 8.478, 8.5724, 8.67143, 8.77548, 8.88499, 9.00047, 9.12248, 9.25168, 9.38881, 9.53473, 9.69045, 9.85716, 10.0362, 10.2294, 10.4385, 10.6662, 10.9153, 11.1898, 11.4944, 11.8355, 12.2216, 12.6642, 13.1802, 13.7949, 14.5496, 15.5184, 16.8253, 18.4296, 19.0587, 15.8632, 8.88403, 2.94934, 0.539496, 0.0522652, 0.00261801, 6.01691e-05, 2.37463e-07
7.07404, 7.12268, 7.1728, 7.22447, 7.27776, 7.33277, 7.38958, 7.44829, 7.50899, 7.57182, 7.63688, 7.70431, 7.77424, 7.84685, 7.92229, 8.00075, 8.08243, 8.16755, 8.25636, 8.34913, 8.44614, 8.54773, 8.65427, 8.76616, 8.88386, 9.00789, 9.13882, 9.27732, 9.42413, 9.58012, 9.74628, 9.92376, 10.1139, 10.3183, 10.5388, 10.7777, 11.0376, 11.322, 11.6348, 11.9813, 12.3681, 12.8038, 13.3, 13.8723, 14.5434, 15.3468, 16.3357, 17.6026, 19.3351, 21.9698, 26.1812, 30.8022, 29.5795, 18.8011, 6.91656, 1.37464, 0.142591, 0.00757354, 0.000192381, 1.27273e-06
30.9381
58.16
 
MEASUREMENT 318
1.4716, 4.41481, 7.36319, 10.3064, 13.2548, 16.2031, 19.1774, 22.1309, 25.0793, 28.0277, 30.9502, 33.8934
7.60393, 7.75999, 8.16999, 8.64126, 9.24356, 9.15702, 10.1778, 11.3017, 12.5818, 16.3695, 11.8808, 0.0476214
0.00921262, 0.0093863, 0.00996025, 0.0107521, 0.0114673, 0.011434, 0.0126361, 0.0139788, 0.0153068, 0.0199118, 0.0144948, 0.00051107
0, 0.589331, 1.17866, 1.76799, 2.35732, 2.94665, 3.53598, 4.12532, 4.71465, 5.30398, 5.89331, 6.48264, 7.07197, 7.6613, 8.25063, 8.83996, 9.42929, 10.0186, 10.608, 11.1973, 11.7866, 12.3759, 12.9653, 13.5546, 14.1439, 14.7333, 15.3226, 15.9119, 16.5013, 17.0906, 17.6799, 18.2693, 18.8586, 19.4479, 20.0372, 20.6266, 21.2159, 21.8052, 22.3946, 22.9839, 23.5732, 24.1626, 24.7519, 25.3412, 25.9306, 26.5199, 27.1092, 27.6985, 28.2879, 28.8772, 29.4665, 30.0559, 30.6452, 31.2345, 31.8239, 32.4132, 33.0025, 33.5919, 34.1812, 34.7705
7.49682, 7.54089, 7.58621, 7.63285, 7.68086, 7.73032, 7.78129, 7.83384, 7.88807, 7.94406, 8.0019, 8.06169, 8.12356, 8.18761, 8.25398, 8.32281, 8.39424, 8.46846, 8.54564, 8.62598, 8.7097, 8.79705, 8.88829, 8.98373, 9.0837, 9.18857, 9.29875, 9.41471, 9.53699, 9.66618, 9.80298, 9.94817, 10.1027, 10.2675, 10.444, 10.6336, 10.8381, 11.0595, 11.3005, 11.5642, 11.8547, 12.1771, 12.5381, 12.9466, 13.415, 13.9609, 14.611, 15.4091, 16.4332, 17.8145, 19.5135, 20.1906, 16.8201, 9.42343, 3.12577, 0.570364, 0.0550206, 0.00273905, 6.22816e-05, 2.44317e-07
7.49682, 7.54836, 7.60147, 7.65623, 7.7127, 7.77099, 7.83119, 7.8934, 7.95773, 8.0243, 8.09325, 8.1647, 8.23881, 8.31575, 8.39569, 8.47883, 8.56538, 8.65558, 8.74969, 8.84798, 8.95078, 9.05844, 9.17133, 9.28989, 9.41461, 9.54603, 9.68476, 9.83151, 9.98707, 10.1524, 10.3284, 10.5165, 10.7179, 10.9345, 11.1681, 11.4212, 11.6966, 11.9979, 12.3293, 12.6964, 13.1062, 13.5678, 14.0933, 14.6995, 15.4103, 16.2611, 17.3083, 18.6495, 20.4827, 23.2693, 27.7286, 32.6468, 31.3919, 19.9691, 7.34237, 1.45601, 0.150414, 0.00794094, 0.00019982, 1.31229e-06
30.9398
58.17
 
MEASUREMENT 319
1.4716, 4.41481, 7.36319, 10.3064, 13.2548, 16.2031, 19.1774, 22.1309, 25.0793, 28.0277, 30.9502, 33.8934
7.60704, 7.75908, 8.17116, 8.64288, 9.24474, 9.15848, 10.1587, 11.3064, 12.5862, 16.4, 11.8839, 0.0465575
0.00921262, 0.0093863, 0.00996025, 0.0107521, 0.0114673, 0.011434, 0.0126361, 0.0139788, 0.0153068, 0.0199118, 0.0144948, 0.00051107
0, 0.589331, 1.17866, 1.76799, 2.35732, 2.94665, 3.53598, 4.12532, 4.71465, 5.30398, 5.89331, 6.48264, 7.07197, 7.6613, 8.25063, 8.83996, 9.42929, 10.0186, 10.608, 11.1973, 11.7866, 12.3759, 12.9653, 13.5546, 14.1439, 14.7333, 15.3226, 15.9119, 16.5013, 17.0906, 17.6799, 18.2693, 18.8586, 19.4479, 20.0372, 20.6266, 21.2159, 21.8052, 22.3946, 22.9839, 23.5732, 24.1626, 24.7519, 25.3412, 25.9306, 26.5199, 27.1092, 27.6985, 28.2879, 28.8772, 29.4665, 30.0559, 30.6452, 31.2345, 31.8239, 32.4132, 33.0025, 33.5919, 34.1812, 34.7705
7.49478, 7.53889, 7.58426, 7.63094, 7.679, 7.72851, 7.77953, 7.83214, 7.88642, 7.94247, 8.00037, 8.06024, 8.12217, 8.1863, 8.25274, 8.32165, 8.39317, 8.46748, 8.54476, 8.6252, 8.70903, 8.7965, 8.88787, 8.98345, 9.08356, 9.18858, 9.29893, 9.41507, 9.53755, 9.66695, 9.80398, 9.94943, 10.1042, 10.2694, 10.4462, 10.6362, 10.8411, 11.063, 11.3045, 11.5688, 11.8601, 12.1833, 12.5453, 12.955, 13.4248, 13.9724, 14.625, 15.4262, 16.4549, 17.8437, 19.5537, 20.2334, 16.8325, 9.39612, 3.09744, 0.560253, 0.0534366, 0.00262338, 5.81915e-05, 2.26877e-07
7.49478, 7.54632, 7.59942, 7.65417, 7.71064, 7.76892, 7.82911, 7.89131, 7.95564, 8.0222, 8.09114, 8.16258, 8.23669, 8.31362, 8.39355, 8.47669, 8.56324, 8.65343, 8.74753, 8.84582, 8.94862, 9.05627, 9.16916, 9.28772, 9.41243, 9.54385, 9.68259, 9.82935, 9.98491, 10.1502, 10.3263, 10.5143, 10.7158, 10.9324, 11.1661, 11.4192, 11.6947, 11.996, 12.3275, 12.6947, 13.1047, 13.5664, 14.0922, 14.6987, 15.4099, 16.2614, 17.3094, 18.6521, 20.4878, 23.2796, 27.7503, 32.6724, 31.3685, 19.8768, 7.26151, 1.42709, 0.145741, 0.00758709, 0.000186884, 1.21284e-06
30.9361
58.16
 
MEASUREMENT 320
1.4716, 4.41481, 7.36319, 10.3064, 13.2548, 16.2031, 19.1774, 22.1309, 25.0793, 28.0277, 30.9502, 33.8934
7.56263, 7.71753, 8.12736, 8.59351, 9.19321, 9.10801, 10.1116, 11.2417, 12.5147, 16.2948, 11.817, 0.0470848
0.00921262, 0.0093863, 0.00996025, 0.0107521, 0.0114673, 0.011434, 0.0126361, 0.0139788, 0.0153068, 0.0199118, 0.0144948, 0.00051107
0, 0.589331, 1.17866, 1.76799, 2.35732, 2.94665, 3.53598, 4.12532, 4.71465, 5.30398, 5.89331, 6.48264, 7.07197, 7.6613, 8.25063, 8.83996, 9.42929, 10.0186, 10.608, 11.1973, 11.7866, 12.3759, 12.9653, 13.5546, 14.1439, 14.7333, 15.3226, 15.9119, 16.5013, 17.0906, 17.6799, 18.2693, 18.8586, 19.4479, 20.0372, 20.6266, 21.2159, 21.8052, 22.3946, 22.9839, 23.5732, 24.1626, 24.7519, 25.3412, 25.9306, 26.5199, 27.1092, 27.6985, 28.2879, 28.8772, 29.4665, 30.0559, 30.6452, 31.2345, 31.8239, 32.4132, 33.0025, 33.5919, 34.1812, 34.7705
7.45463, 7.49848, 7.54358, 7.58998, 7.63775, 7.68696, 7.73767, 7.78997, 7.84392, 7.89963, 7.95718, 8.01669, 8.07824, 8.14198, 8.20802, 8.27651, 8.34759, 8.42145, 8.49825, 8.5782, 8.66151, 8.74844, 8.83924, 8.93423, 9.03371, 9.13808, 9.24774, 9.36315, 9.48485, 9.61344, 9.7496, 9.89411, 10.0479, 10.212, 10.3877, 10.5764, 10.78, 11.0004, 11.2403, 11.5029, 11.7922, 12.1132, 12.4727, 12.8795, 13.346, 13.8898, 14.5376, 15.3328, 16.3537, 17.731, 19.4247, 20.096, 16.7296, 9.36095, 3.09978, 0.564485, 0.0543306, 0.00269798, 6.10771e-05, 2.39564e-07
7.45463, 7.50589, 7.55871, 7.61315, 7.66932, 7.72728, 7.78715, 7.84901, 7.91299, 7.97919, 8.04775, 8.1188, 8.19251, 8.26902, 8.34851, 8.4312, 8.51727, 8.60697, 8.70056, 8.79831, 8.90054, 9.0076, 9.11987, 9.23778, 9.36181, 9.49251, 9.63048, 9.77643, 9.93114, 10.0955, 10.2706, 10.4576, 10.658, 10.8734, 11.1058, 11.3575, 11.6314, 11.931, 12.2607, 12.6258, 13.0334, 13.4925, 14.0153, 14.6184, 15.3255, 16.172, 17.2139, 18.5486, 20.3733, 23.1478, 27.5872, 32.4729, 31.1967, 19.8155, 7.2722, 1.43899, 0.148304, 0.00780947, 0.000195772, 1.28373e-06
30.9381
58.16
 
MEASUREMENT 321
1.4716, 4.41481, 7.36319, 10.3064, 13.2548, 16.2031, 19.1774, 22.1309, 25.0793, 28.0277, 30.9502, 33.8934
7.65021, 7.80483, 8.21821, 8.69302, 9.29984, 9.21019, 10.2258, 11.3698, 12.6562, 16.4794, 11.9495, 0.0477888
0.00921262, 0.0093863, 0.00996025, 0.0107521, 0.0114673, 0.011434, 0.0126361, 0.0139788, 0.0153068, 0.0199118, 0.0144948, 0.00051107
0, 0.589331, 1.17866, 1.76799, 2.35732, 2.94665, 3.53598, 4.12532, 4.71465, 5.30398, 5.89331, 6.48264, 7.07197, 7.6613, 8.25063, 8.83996, 9.42929, 10.0186, 10.608, 11.1973, 11.7866, 12.3759, 12.9653, 13.5546, 14.1439, 14.7333, 15.3226, 15.9119, 16.5013, 17.0906, 17.6799, 18.2693, 18.8586, 19.4479, 20.0372, 20.6266, 21.2159, 21.8052, 22.3946, 22.9839, 23.5732, 24.1626, 24.7519, 25.3412, 25.9306, 26.5199, 27.1092, 27.6985, 28.2879, 28.8772, 29.4665, 30.0559, 30.6452, 31.2345, 31.8239, 32.4132, 33.0025, 33.5919, 34.1812, 34.7705
7.53971, 7.58405, 7.62966, 7.67659, 7.7249, 7.77466, 7.82595, 7.87883, 7.9334, 7.98974, 8.04794, 8.10811, 8.17037, 8.23482, 8.30161, 8.37087, 8.44276, 8.51744, 8.59511, 8.67596, 8.76022, 8.84813, 8.93995, 9.03601, 9.13662, 9.24216, 9.35305, 9.46976, 9.59283, 9.72287, 9.86056, 10.0067, 10.1622, 10.3282, 10.5058, 10.6967, 10.9025, 11.1254, 11.368, 11.6336, 11.9261, 12.2507, 12.6142, 13.0256, 13.4973, 14.0472, 14.7021, 15.5063, 16.5385, 17.931, 19.6424, 20.3183, 16.9143, 9.46774, 3.13812, 0.572387, 0.0552184, 0.0027504, 6.25954e-05, 2.46008e-07
7.53971, 7.59155, 7.64497, 7.70004, 7.75684, 7.81547, 7.87602, 7.93859, 8.00329, 8.07025, 8.13959, 8.21146, 8.286, 8.36338, 8.44379, 8.52741, 8.61447, 8.70519, 8.79985, 8.89872, 9.00211, 9.11039, 9.22394, 9.3432, 9.46865, 9.60083, 9.74038, 9.88799, 10.0445, 10.2107, 10.3878, 10.577, 10.7796, 10.9975, 11.2325, 11.4871, 11.7641, 12.0672, 12.4006, 12.7699, 13.1821, 13.6465, 14.1752, 14.7852, 15.5004, 16.3566, 17.4104, 18.7603, 20.6061, 23.4127, 27.9018, 32.8383, 31.5454, 20.0436, 7.36274, 1.45924, 0.150738, 0.00796167, 0.000200515, 1.31881e-06
30.9382
58.16
 
MEASUREMENT 322
1.4716, 4.41481, 7.36319, 10.3064, 13.2548, 16.2031, 19.1774, 22.1309, 25.0793, 28.0277, 30.9502, 33.8934
7.65987, 7.81915, 8.22847, 8.70487, 9.31137, 9.22366, 10.2412, 11.3737, 12.6751, 16.5033, 11.9669, 0.0478727
0.00921262, 0.0093863, 0.00996025, 0.0107521, 0.0114673, 0.011434, 0.0126361, 0.0139788, 0.0153068, 0.0199118, 0.0144948, 0.00051107
0, 0.589331, 1.17866, 1.76799, 2.35732, 2.94665, 3.53598, 4.12532, 4.71465, 5.30398, 5.89331, 6.48264, 7.07197, 7.6613, 8.25063, 8.83996, 9.42929, 10.0186, 10.608, 11.1973, 11.7866, 12.3759, 12.9653, 13.5546, 14.1439, 14.7333, 15.3226, 15.9119, 16.5013, 17.0906, 17.6799, 18.2693, 18.8586, 19.4479, 20.0372, 20.6266, 21.2159, 21.8052, 22.3946, 22.9839, 23.5732, 24.1626, 24.7519, 25.3412, 25.9306, 26.5199, 27.1092, 27.6985, 28.2879, 28.8772, 29.4665, 30.0559, 30.6452, 31.2345, 31.8239, 32.4132, 33.0025, 33.5919, 34.1812, 34.7705
7.54984, 7.59424, 7.63991, 7.6869, 7.73527, 7.7851, 7.83645, 7.8894, 7.94404, 8.00045, 8.05873, 8.11898, 8.18132, 8.24586, 8.31273, 8.38208, 8.45406, 8.52884, 8.60661, 8.68756, 8.77193, 8.85995, 8.9519, 9.04807, 9.14881, 9.25449, 9.36552, 9.48238, 9.60561, 9.73581, 9.87367, 10.02, 10.1757, 10.3419, 10.5198, 10.7109, 10.9169, 11.1401, 11.383, 11.6489, 11.9418, 12.2668, 12.6308, 13.0426, 13.5149, 14.0654, 14.7211, 15.5262, 16.5595, 17.9536, 19.6671, 20.3454, 16.9394, 9.48345, 3.14369, 0.573419, 0.0553132, 0.00275455, 6.26677e-05, 2.46197e-07
7.54984, 7.60175, 7.65524, 7.71038, 7.76726, 7.82597, 7.8866, 7.94925, 8.01404, 8.08109, 8.15052, 8.22248, 8.29712, 8.37461, 8.45512, 8.53886, 8.62603, 8.71688, 8.81166, 8.91065, 9.01419, 9.12261, 9.23631, 9.35572, 9.48134, 9.6137, 9.75343, 9.90124, 10.0579, 10.2244, 10.4017, 10.5911, 10.794, 11.0122, 11.2475, 11.5024, 11.7798, 12.0833, 12.4171, 12.7869, 13.1997, 13.6646, 14.194, 14.8048, 15.5209, 16.3781, 17.4332, 18.7848, 20.6326, 23.4422, 27.9366, 32.8817, 31.593, 20.078, 7.37645, 1.46202, 0.151014, 0.00797471, 0.000200777, 1.32002e-06
30.9385
58.16
 
MEASUREMENT 323
1.4716, 4.41481, 7.36319, 10.3064, 13.2548, 16.2031, 19.1774, 22.1309, 25.0793, 28.0277, 30.9502, 33.8934
7.63229, 7.78793, 8.1986, 8.67371, 9.27878, 9.19254, 10.2058, 11.3468, 12.6307, 16.4442, 11.9253, 0.0483313
0.00921262, 0.0093863, 0.00996025, 0.0107521, 0.0114673, 0.011434, 0.0126361, 0.0139788, 0.0153068, 0.0199118, 0.0144948, 0.00051107
0, 0.589331, 1.17866, 1.76799, 2.35732, 2.94665, 3.53598, 4.12532, 4.71465, 5.30398, 5.89331, 6.48264, 7.07197, 7.6613, 8.25063, 8.83996, 9.42929, 10.0186, 10.608, 11.1973, 11.7866, 12.3759, 12.9653, 13.5546, 14.1439, 14.7333, 15.3226, 15.9119, 16.5013, 17.0906, 17.6799, 18.2693, 18.8586, 19.4479, 20.0372, 20.6266, 21.2159, 21.8052, 22.3946, 22.9839, 23.5732, 24.1626, 24.7519, 25.3412, 25.9306, 26.5199, 27.1092, 27.6985, 28.2879, 28.8772, 29.4665, 30.0559, 30.6452, 31.2345, 31.8239, 32.4132, 33.0025, 33.5919, 34.1812, 34.7705
7.52311, 7.56737, 7.61288, 7.65971, 7.70793, 7.75759, 7.80877, 7.86154, 7.916, 7.97222, 8.03031, 8.09036, 8.15249, 8.21681, 8.28346, 8.35258, 8.42433, 8.49886, 8.57638, 8.65706, 8.74115, 8.82888, 8.92053, 9.01639, 9.1168, 9.22213, 9.3328, 9.44929, 9.57212, 9.70189, 9.83932, 9.98517, 10.1404, 10.306, 10.4834, 10.6738, 10.8793, 11.1017, 11.3439, 11.6089, 11.9009, 12.225, 12.5878, 12.9985, 13.4693, 14.0183, 14.6722, 15.4751, 16.506, 17.8964, 19.6017, 20.2674, 16.8696, 9.45447, 3.14429, 0.576883, 0.0561275, 0.00282739, 6.56178e-05, 2.60039e-07
7.52311, 7.57484, 7.62814, 7.68309, 7.73977, 7.79827, 7.85868, 7.92112, 7.98568, 8.05249, 8.12168, 8.19339, 8.26777, 8.34498, 8.42521, 8.50865, 8.59551, 8.68604, 8.78049, 8.87914, 8.98231, 9.09035, 9.20366, 9.32265, 9.44782, 9.57972, 9.71896, 9.86625, 10.0224, 10.1883, 10.365, 10.5537, 10.7559, 10.9733, 11.2078, 11.4618, 11.7383, 12.0407, 12.3734, 12.7419, 13.1533, 13.6167, 14.1443, 14.753, 15.4667, 16.3211, 17.3729, 18.7204, 20.5634, 23.3663, 27.8436, 32.7483, 31.4425, 19.9962, 7.36844, 1.46873, 0.152998, 0.00817182, 0.00020935, 1.39294e-06
30.9382
58.16
 
MEASUREMENT 324
1.4716, 4.41481, 7.36319, 10.3064, 13.2548, 16.2031, 19.1774, 22.1309, 25.0793, 28.0277, 30.9502, 33.8934
7.61118, 7.76549, 8.17778, 8.64898, 9.25233, 9.16375, 10.1752, 11.3241, 12.594, 16.3991, 11.8933, 0.0465262
0.00921262, 0.0093863, 0.00996025, 0.0107521, 0.0114673, 0.011434, 0.0126361, 0.0139788, 0.0153068, 0.0199118, 0.0144948, 0.00051107
0, 0.589331, 1.17866, 1.76799, 2.35732, 2.94665, 3.53598, 4.12532, 4.71465, 5.30398, 5.89331, 6.48264, 7.07197, 7.6613, 8.25063, 8.83996, 9.42929, 10.0186, 10.608, 11.1973, 11.7866, 12.3759, 12.9653, 13.5546, 14.1439, 14.7333, 15.3226, 15.9119, 16.5013, 17.0906, 17.6799, 18.2693, 18.8586, 19.4479, 20.0372, 20.6266, 21.2159, 21.8052, 22.3946, 22.9839, 23.5732, 24.1626, 24.7519, 25.3412, 25.9306, 26.5199, 27.1092, 27.6985, 28.2879, 28.8772, 29.4665, 30.0559, 30.6452, 31.2345, 31.8239, 32.4132, 33.0025, 33.5919, 34.1812, 34.7705
7.50201, 7.54615, 7.59154, 7.63825, 7.68633, 7.73586, 7.7869, 7.83954, 7.89385, 7.94992, 8.00785, 8.06774, 8.1297, 8.19386, 8.26033, 8.32927, 8.40082, 8.47516, 8.55246, 8.63294, 8.7168, 8.8043, 8.8957, 8.99131, 9.09146, 9.19651, 9.30689, 9.42307, 9.54557, 9.67501, 9.81207, 9.95755, 10.1124, 10.2776, 10.4544, 10.6444, 10.8493, 11.0712, 11.3127, 11.5771, 11.8683, 12.1915, 12.5534, 12.963, 13.4326, 13.98, 14.6322, 15.4328, 16.4604, 17.8475, 19.5574, 20.2435, 16.8509, 9.41009, 3.1013, 0.560322, 0.0533297, 0.00260977, 5.75639e-05, 2.23667e-07
7.50201, 7.5536, 7.60675, 7.66155, 7.71807, 7.7764, 7.83665, 7.89891, 7.96329, 8.02992, 8.09892, 8.17043, 8.2446, 8.3216, 8.4016, 8.48481, 8.57144, 8.66171, 8.7559, 8.85427, 8.95716, 9.0649, 9.17789, 9.29655, 9.42138, 9.55291, 9.69177, 9.83865, 9.99434, 10.1598, 10.336, 10.5242, 10.7259, 10.9426, 11.1765, 11.4298, 11.7055, 12.007, 12.3388, 12.7063, 13.1165, 13.5786, 14.1047, 14.7116, 15.4232, 16.2751, 17.3236, 18.6665, 20.5021, 23.2928, 27.7648, 32.7045, 31.4274, 19.928, 7.2801, 1.42937, 0.145682, 0.00756054, 0.000185312, 1.19792e-06
30.9374
58.16
 
MEASUREMENT 325
1.4716, 4.41481, 7.36319, 10.3064, 13.2548, 16.2031, 19.1774, 22.1309, 25.0793, 28.0277, 30.9502, 33.8934
7.59952, 7.75567, 8.16427, 8.637, 9.23972, 9.15237, 10.1613, 11.2982, 12.5766, 16.3765, 11.8752, 0.0472523
0.00921262, 0.0093863, 0.00996025, 0.0107521, 0.0114673, 0.011434, 0.0126361, 0.0139788, 0.0153068, 0.0199118, 0.0144948, 0.00051107
0, 0.589331, 1.17866, 1.76799, 2.35732, 2.94665, 3.53598, 4.12532, 4.71465, 5.30398, 5.89331, 6.48264, 7.07197, 7.6613, 8.25063, 8.83996, 9.42929, 10.0186, 10.608, 11.1973, 11.7866, 12.3759, 12.9653, 13.5546, 14.1439, 14.7333, 15.3226, 15.9119, 16.5013, 17.0906, 17.6799, 18.2693, 18.8586, 19.4479, 20.0372, 20.6266, 21.2159, 21.8052, 22.3946, 22.9839, 23.5732, 24.1626, 24.7519, 25.3412, 25.9306, 26.5199, 27.1092, 27.6985, 28.2879, 28.8772, 29.4665, 30.0559, 30.6452, 31.2345, 31.8239, 32.4132, 33.0025, 33.5919, 34.1812, 34.7705
7.491, 7.53507, 7.58039, 7.62703, 7.67504, 7.72449, 7.77546, 7.82801, 7.88224, 7.93823, 7.99607, 8.05587, 8.11774, 8.18179, 8.24816, 8.317, 8.38844, 8.46266, 8.53985, 8.6202, 8.70394, 8.7913, 8.88257, 8.97803, 9.07802, 9.18291, 9.29312, 9.40912, 9.53144, 9.66068, 9.79753, 9.94278, 10.0973, 10.2623, 10.4389, 10.6286, 10.8332, 11.0547, 11.2959, 11.5598, 11.8506, 12.1733, 12.5346, 12.9436, 13.4125, 13.9591, 14.6103, 15.4098, 16.4362, 17.821, 19.5239, 20.1982, 16.8124, 9.40472, 3.11306, 0.566628, 0.0545055, 0.00270488, 6.11616e-05, 2.39865e-07
7.491, 7.54251, 7.59558, 7.6503, 7.70673, 7.76498, 7.82514, 7.88731, 7.9516, 8.01812, 8.08702, 8.15842, 8.23248, 8.30937, 8.38926, 8.47234, 8.55884, 8.64898, 8.74303, 8.84126, 8.94399, 9.05157, 9.16439, 9.28288, 9.40752, 9.53886, 9.67751, 9.82417, 9.97964, 10.1448, 10.3208, 10.5087, 10.7101, 10.9265, 11.16, 11.413, 11.6883, 11.9894, 12.3207, 12.6876, 13.0972, 13.5586, 14.084, 14.69, 15.4007, 16.2514, 17.2985, 18.6399, 20.4738, 23.2626, 27.7247, 32.6335, 31.3456, 19.9038, 7.30152, 1.44404, 0.148736, 0.00782696, 0.000196014, 1.28471e-06
30.9377
58.16
 
MEASUREMENT 326
1.4716, 4.41481, 7.36319, 10.3064, 13.2548, 16.2031, 19.1774, 22.1309, 25.0793, 28.0277, 30.9502, 33.8934
7.58914, 7.74286, 8.15365, 8.62352, 9.22564, 9.13854, 10.1463, 11.2779, 12.5565, 16.3491, 11.8574, 0.0476631
0.00921262, 0.0093863, 0.00996025, 0.0107521, 0.0114673, 0.011434, 0.0126361, 0.0139788, 0.0153068, 0.0199118, 0.0144948, 0.00051107
0, 0.589331, 1.17866, 1.76799, 2.35732, 2.94665, 3.53598, 4.12532, 4.71465, 5.30398, 5.89331, 6.48264, 7.07197, 7.6613, 8.25063, 8.83996, 9.42929, 10.0186, 10.608, 11.1973, 11.7866, 12.3759, 12.9653, 13.5546, 14.1439, 14.7333, 15.3226, 15.9119, 16.5013, 17.0906, 17.6799, 18.2693, 18.8586, 19.4479, 20.0372, 20.6266, 21.2159, 21.8052, 22.3946, 22.9839, 23.5732, 24.1626, 24.7519, 25.3412, 25.9306, 26.5199, 27.1092, 27.6985, 28.2879, 28.8772, 29.4665, 30.0559, 30.6452, 31.2345, 31.8239, 32.4132, 33.0025, 33.5919, 34.1812, 34.7705
7.47995, 7.52395, 7.56919, 7.61575, 7.66368, 7.71305, 7.76393, 7.8164, 7.87054, 7.92643, 7.98417, 8.04387, 8.10563, 8.16958, 8.23584, 8.30456, 8.37588, 8.44997, 8.52703, 8.60724, 8.69083, 8.77805, 8.86915, 8.96444, 9.06426, 9.16897, 9.27899, 9.39478, 9.51688, 9.64589, 9.78249, 9.92748, 10.0818, 10.2464, 10.4227, 10.612, 10.8162, 11.0374, 11.2781, 11.5415, 11.8317, 12.1538, 12.5145, 12.9226, 13.3906, 13.9361, 14.586, 15.3838, 16.408, 17.7895, 19.4866, 20.1558, 16.781, 9.39908, 3.1195, 0.570199, 0.0551693, 0.00275842, 6.31954e-05, 2.48997e-07
7.47995, 7.53139, 7.58438, 7.63901, 7.69536, 7.75353, 7.81359, 7.87567, 7.93986, 8.00628, 8.07508, 8.14637, 8.22032, 8.29709, 8.37686, 8.45982, 8.54618, 8.63619, 8.73009, 8.82817, 8.93075, 9.03817, 9.15082, 9.26912, 9.39357, 9.52471, 9.66315, 9.80959, 9.96482, 10.1298, 10.3054, 10.4931, 10.6941, 10.9102, 11.1434, 11.3959, 11.6708, 11.9714, 12.3022, 12.6686, 13.0775, 13.5382, 14.0627, 14.6678, 15.3773, 16.2267, 17.2721, 18.6113, 20.4425, 23.2269, 27.679, 32.5711, 31.289, 19.8914, 7.31614, 1.45302, 0.150534, 0.00798095, 0.000202159, 1.33453e-06
30.9385
58.16
 
MEASUREMENT 327
1.4716, 4.41481, 7.36319, 10.3064, 13.2548, 16.2031, 19.1774, 22.1309, 25.0793, 28.0277, 30.9502, 33.8934
7.59843, 7.75169, 8.16381, 8.63334, 9.23571, 9.14782, 10.1575, 11.2939, 12.5715, 16.3702, 11.8693, 0.0479304
0.00921262, 0.0093863, 0.00996025, 0.0107521, 0.0114673, 0.011434, 0.0126361, 0.0139788, 0.0153068, 0.0199118, 0.0144948, 0.00051107
0, 0.589331, 1.17866, 1.76799, 2.35732, 2.94665, 3.53598, 4.12532, 4.71465, 5.30398, 5.89331, 6.48264, 7.07197, 7.6613, 8.25063, 8.83996, 9.42929, 10.0186, 10.608, 11.1973, 11.7866, 12.3759, 12.9653, 13.5546, 14.1439, 14.7333, 15.3226, 15.9119, 16.5013, 17.0906, 17.6799, 18.2693, 18.8586, 19.4479, 20.0372, 20.6266, 21.2159, 21.8052, 22.3946, 22.9839, 23.5732, 24.1626, 24.7519, 25.3412, 25.9306, 26.5199, 27.1092, 27.6985, 28.2879, 28.8772, 29.4665, 30.0559, 30.6452, 31.2345, 31.8239, 32.4132, 33.0025, 33.5919, 34.1812, 34.7705
7.48854, 7.53259, 7.57789, 7.62451, 7.6725, 7.72193, 7.77287, 7.82541, 7.87961, 7.93557, 7.99339, 8.05316, 8.115, 8.17903, 8.24537, 8.31418, 8.38559, 8.45978, 8.53693, 8.61724, 8.70094, 8.78827, 8.87949, 8.97491, 9.07485, 9.17969, 9.28985, 9.4058, 9.52805, 9.65723, 9.79402, 9.9392, 10.0937, 10.2586, 10.4351, 10.6247, 10.8291, 11.0506, 11.2916, 11.5554, 11.846, 12.1686, 12.5297, 12.9385, 13.4071, 13.9535, 14.6044, 15.4035, 16.4295, 17.8133, 19.5114, 20.1756, 16.7927, 9.40766, 3.12582, 0.572612, 0.0555904, 0.00279235, 6.44859e-05, 2.55032e-07
7.48854, 7.54003, 7.59309, 7.64778, 7.7042, 7.76243, 7.82257, 7.88472, 7.94898, 8.01549, 8.08436, 8.15574, 8.22978, 8.30664, 8.3865, 8.46955, 8.55602, 8.64613, 8.74014, 8.83834, 8.94104, 9.04859, 9.16137, 9.27982, 9.40442, 9.53571, 9.67431, 9.82093, 9.97634, 10.1415, 10.3174, 10.5052, 10.7065, 10.9229, 11.1563, 11.4092, 11.6844, 11.9854, 12.3166, 12.6834, 13.0929, 13.5541, 14.0793, 14.6852, 15.3956, 16.2462, 17.2931, 18.6344, 20.4687, 23.2584, 27.7159, 32.6027, 31.3046, 19.9022, 7.32734, 1.45834, 0.151587, 0.00807358, 0.000205946, 1.36636e-06
30.9381
58.16
 
MEASUREMENT 328
1.4716, 4.41481, 7.36319, 10.3064, 13.2548, 16.2031, 19.1774, 22.1309, 25.0793, 28.0277, 30.9502, 33.8934
7.63856, 7.79348, 8.20536, 8.67924, 9.28405, 9.1967, 10.2115, 11.3524, 12.6376, 16.454, 11.9313, 0.0470674
0.00921262, 0.0093863, 0.00996025, 0.0107521, 0.0114673, 0.011434, 0.0126361, 0.0139788, 0.0153068, 0.0199118, 0.0144948, 0.00051107
0, 0.589331, 1.17866, 1.76799, 2.35732, 2.94665, 3.53598, 4.12532, 4.71465, 5.30398, 5.89331, 6.48264, 7.07197, 7.6613, 8.25063, 8.83996, 9.42929, 10.0186, 10.608, 11.1973, 11.7866, 12.3759, 12.9653, 13.5546, 14.1439, 14.7333, 15.3226, 15.9119, 16.5013, 17.0906, 17.6799, 18.2693, 18.8586, 19.4479, 20.0372, 20.6266, 21.2159, 21.8052, 22.3946, 22.9839, 23.5732, 24.1626, 24.7519, 25.3412, 25.9306, 26.5199, 27.1092, 27.6985, 28.2879, 28.8772, 29.4665, 30.0559, 30.6452, 31.2345, 31.8239, 32.4132, 33.0025, 33.5919, 34.1812, 34.7705
7.52817, 7.57245, 7.61799, 7.66485, 7.71309, 7.76277, 7.81398, 7.86679, 7.92127, 7.97752, 8.03564, 8.09572, 8.15789, 8.22224, 8.28893, 8.35809, 8.42987, 8.50444, 8.582, 8.66273, 8.74686, 8.83463, 8.92633, 9.02223, 9.12269, 9.22808, 9.3388, 9.45535, 9.57823, 9.70807, 9.84556, 9.99149, 10.1468, 10.3125, 10.4899, 10.6805, 10.886, 11.1085, 11.3508, 11.6159, 11.908, 12.2322, 12.5951, 13.0059, 13.4769, 14.0259, 14.6799, 15.4827, 16.5132, 17.9038, 19.616, 20.2993, 16.8987, 9.44582, 3.11989, 0.565695, 0.0541109, 0.00266527, 5.94748e-05, 2.31983e-07
7.52817, 7.57994, 7.63327, 7.68826, 7.74497, 7.80351, 7.86397, 7.92644, 7.99105, 8.05791, 8.12714, 8.1989, 8.27333, 8.35059, 8.43088, 8.51437, 8.6013, 8.69189, 8.7864, 8.88511, 8.98836, 9.09647, 9.20985, 9.32892, 9.45418, 9.58617, 9.7255, 9.87289, 10.0291, 10.1951, 10.3719, 10.5608, 10.7632, 10.9807, 11.2153, 11.4695, 11.7462, 12.0487, 12.3817, 12.7504, 13.162, 13.6257, 14.1536, 14.7626, 15.4766, 16.3314, 17.3835, 18.7311, 20.5732, 23.3738, 27.8589, 32.8066, 31.5253, 20.008, 7.32515, 1.44334, 0.147844, 0.00772263, 0.000191197, 1.24364e-06
30.9379
58.16
 
MEASUREMENT 329
1.4716, 4.41481, 7.36319, 10.3064, 13.2548, 16.2031, 19.1774, 22.1309, 25.0793, 28.0277, 30.9502, 33.8934
7.64366, 7.79795, 8.21012, 8.68563, 9.29025, 9.20254, 10.2175, 11.3595, 12.6459, 16.4657, 11.9399, 0.0483569
0.00921262, 0.0093863, 0.00996025, 0.0107521, 0.0114673, 0.011434, 0.0126361, 0.0139788, 0.0153068, 0.0199118, 0.0144948, 0.00051107
0, 0.589331, 1.17866, 1.76799, 2.35732, 2.94665, 3.53598, 4.12532, 4.71465, 5.30398, 5.89331, 6.48264, 7.07197, 7.6613, 8.25063, 8.83996, 9.42929, 10.0186, 10.608, 11.1973, 11.7866, 12.3759, 12.9653, 13.5546, 14.1439, 14.7333, 15.3226, 15.9119, 16.5013, 17.0906, 17.6799, 18.2693, 18.8586, 19.4479, 20.0372, 20.6266, 21.2159, 21.8052, 22.3946, 22.9839, 23.5732, 24.1626, 24.7519, 25.3412, 25.9306, 26.5199, 27.1092, 27.6985, 28.2879, 28.8772, 29.4665, 30.0559, 30.6452, 31.2345, 31.8239, 32.4132, 33.0025, 33.5919, 34.1812, 34.7705
7.5329, 7.57721, 7.62278, 7.66966, 7.71794, 7.76766, 7.8189, 7.87174, 7.92626, 7.98255, 8.0407, 8.10083, 8.16303, 8.22743, 8.29416, 8.36337, 8.4352, 8.50982, 8.58742, 8.66821, 8.75239, 8.84023, 8.93198, 9.02795, 9.12848, 9.23394, 9.34474, 9.46136, 9.58433, 9.71426, 9.85184, 9.99786, 10.1533, 10.3191, 10.4966, 10.6873, 10.893, 11.1157, 11.3581, 11.6235, 11.9157, 12.2401, 12.6034, 13.0145, 13.4858, 14.0353, 14.6899, 15.4936, 16.5254, 17.917, 19.6242, 20.2917, 16.8911, 9.46656, 3.14783, 0.577327, 0.056138, 0.0028256, 6.54839e-05, 2.59302e-07
7.5329, 7.5847, 7.63806, 7.69308, 7.74984, 7.80841, 7.8689, 7.93142, 7.99606, 8.06296, 8.13224, 8.20404, 8.27851, 8.35583, 8.43616, 8.51971, 8.60669, 8.69733, 8.7919, 8.89068, 8.99398, 9.10216, 9.21561, 9.33476, 9.46009, 9.59216, 9.73158, 9.87906, 10.0354, 10.2015, 10.3784, 10.5674, 10.7699, 10.9875, 11.2223, 11.4767, 11.7535, 12.0563, 12.3894, 12.7584, 13.1703, 13.6342, 14.1625, 14.772, 15.4866, 16.3421, 17.3951, 18.7442, 20.5893, 23.3952, 27.878, 32.7916, 31.4885, 20.0268, 7.3789, 1.47034, 0.15308, 0.00816966, 0.000209036, 1.38954e-06
30.9384
58.16
 
MEASUREMENT 330
1.4716, 4.41481, 7.36319, 10.3064, 13.2548, 16.2031, 19.1774, 22.1309, 25.0793, 28.0277, 30.9502, 33.8934
7.6477, 7.80382, 8.21727, 8.69227, 9.2978, 9.21052, 10.2268, 11.3686, 12.6576, 16.4806, 11.9515, 0.0476639
0.00921262, 0.0093863, 0.00996025, 0.0107521, 0.0114673, 0.011434, 0.0126361, 0.0139788, 0.0153068, 0.0199118, 0.0144948, 0.00051107
0, 0.589331, 1.17866, 1.76799, 2.35732, 2.94665, 3.53598, 4.12532, 4.71465, 5.30398, 5.89331, 6.48264, 7.07197, 7.6613, 8.25063, 8.83996, 9.42929, 10.0186, 10.608, 11.1973, 11.7866, 12.3759, 12.9653, 13.5546, 14.1439, 14.7333, 15.3226, 15.9119, 16.5013, 17.0906, 17.6799, 18.2693, 18.8586, 19.4479, 20.0372, 20.6266, 21.2159, 21.8052, 22.3946, 22.9839, 23.5732, 24.1626, 24.7519, 25.3412, 25.9306, 26.5199, 27.1092, 27.6985, 28.2879, 28.8772, 29.4665, 30.0559, 30.6452, 31.2345, 31.8239, 32.4132, 33.0025, 33.5919, 34.1812, 34.7705
7.53853, 7.58288, 7.62849, 7.67542, 7.72374, 7.77351, 7.8248, 7.87769, 7.93226, 7.98861, 8.04682, 8.107, 8.16926, 8.23373, 8.30052, 8.36979, 8.44169, 8.51639, 8.59407, 8.67493, 8.75921, 8.84713, 8.93897, 9.03505, 9.13567, 9.24124, 9.35215, 9.46889, 9.59199, 9.72205, 9.85978, 10.006, 10.1615, 10.3275, 10.5052, 10.6961, 10.902, 11.125, 11.3677, 11.6333, 11.926, 12.2507, 12.6144, 13.026, 13.4979, 14.048, 14.7034, 15.5081, 16.5411, 17.9348, 19.6483, 20.3259, 16.9189, 9.46662, 3.13538, 0.571243, 0.0550254, 0.00273563, 6.20536e-05, 2.43669e-07
7.53853, 7.59037, 7.64378, 7.69884, 7.75563, 7.81425, 7.87479, 7.93735, 8.00205, 8.069, 8.13833, 8.21019, 8.28472, 8.36209, 8.44249, 8.5261, 8.61314, 8.70386, 8.7985, 8.89735, 9.00074, 9.109, 9.22254, 9.34178, 9.46721, 9.59938, 9.73891, 9.8865, 10.043, 10.2092, 10.3863, 10.5754, 10.778, 10.9958, 11.2308, 11.4854, 11.7624, 12.0654, 12.3988, 12.7681, 13.1803, 13.6446, 14.1733, 14.7832, 15.4984, 16.3545, 17.4082, 18.7582, 20.6039, 23.4106, 27.9005, 32.8375, 31.5401, 20.0312, 7.35227, 1.45546, 0.150117, 0.00791377, 0.000198734, 1.30488e-06
30.9378
58.16
 
MEASUREMENT 331
1.4716, 4.41481, 7.36319, 10.3064, 13.2548, 16.2031, 19.1774, 22.1309, 25.0793, 28.0277, 30.9502, 33.8934
7.5989, 7.7544, 8.16217, 8.63362, 9.23704, 9.14985, 10.1597, 11.2829, 12.5738, 16.3728, 11.873, 0.0472115
0.00921262, 0.0093863, 0.00996025, 0.0107521, 0.0114673, 0.011434, 0.0126361, 0.0139788, 0.0153068, 0.0199118, 0.0144948, 0.00051107
0, 0.589331, 1.17866, 1.76799, 2.35732, 2.94665, 3.53598, 4.12532, 4.71465, 5.30398, 5.89331, 6.48264, 7.07197, 7.6613, 8.25063, 8.83996, 9.42929, 10.0186, 10.608, 11.1973, 11.7866, 12.3759, 12.9653, 13.5546, 14.1439, 14.7333, 15.3226, 15.9119, 16.5013, 17.0906, 17.6799, 18.2693, 18.8586, 19.4479, 20.0372, 20.6266, 21.2159, 21.8052, 22.3946, 22.9839, 23.5732, 24.1626, 24.7519, 25.3412, 25.9306, 26.5199, 27.1092, 27.6985, 28.2879, 28.8772, 29.4665, 30.0559, 30.6452, 31.2345, 31.8239, 32.4132, 33.0025, 33.5919, 34.1812, 34.7705
7.48875, 7.5328, 7.57811, 7.62473, 7.67272, 7.72215, 7.7731, 7.82563, 7.87984, 7.9358, 7.99362, 8.0534, 8.11524, 8.17927, 8.24562, 8.31442, 8.38583, 8.46003, 8.53718, 8.6175, 8.7012, 8.78853, 8.87975, 8.97517, 9.07512, 9.17997, 9.29013, 9.40608, 9.52834, 9.65752, 9.79431, 9.9395, 10.094, 10.2589, 10.4354, 10.625, 10.8294, 11.0509, 11.2919, 11.5557, 11.8463, 12.1689, 12.53, 12.9387, 13.4074, 13.9537, 14.6044, 15.4033, 16.4289, 17.8126, 19.515, 20.1918, 16.811, 9.40524, 3.11289, 0.566337, 0.0544319, 0.00269785, 6.087e-05, 2.38422e-07
7.48875, 7.54025, 7.5933, 7.648, 7.70442, 7.76265, 7.82279, 7.88494, 7.9492, 8.01571, 8.08458, 8.15596, 8.23, 8.30686, 8.38672, 8.46978, 8.55625, 8.64636, 8.74038, 8.83858, 8.94128, 9.04882, 9.1616, 9.28005, 9.40465, 9.53595, 9.67455, 9.82116, 9.97658, 10.1417, 10.3176, 10.5055, 10.7068, 10.9231, 11.1566, 11.4094, 11.6846, 11.9856, 12.3168, 12.6836, 13.093, 13.5542, 14.0793, 14.6852, 15.3955, 16.2458, 17.2924, 18.633, 20.4658, 23.2523, 27.7121, 32.6242, 31.3465, 19.9089, 7.30305, 1.44375, 0.148586, 0.00780952, 0.0001952, 1.27742e-06
30.9382
58.16
 
MEASUREMENT 332
1.4716, 4.41481, 7.36319, 10.3064, 13.2548, 16.2031, 19.1774, 22.1309, 25.0793, 28.0277, 30.9502, 33.8934
7.61689, 7.77131, 8.18438, 8.65587, 9.25967, 9.17184, 10.1948, 11.335, 12.6043, 16.4007, 11.9025, 0.0477785
0.00921262, 0.0093863, 0.00996025, 0.0107521, 0.0114673, 0.011434, 0.0126361, 0.0139788, 0.0153068, 0.0199118, 0.0144948, 0.00051107
0, 0.589331, 1.17866, 1.76799, 2.35732, 2.94665, 3.53598, 4.12532, 4.71465, 5.30398, 5.89331, 6.48264, 7.07197, 7.6613, 8.25063, 8.83996, 9.42929, 10.0186, 10.608, 11.1973, 11.7866, 12.3759, 12.9653, 13.5546, 14.1439, 14.7333, 15.3226, 15.9119, 16.5013, 17.0906, 17.6799, 18.2693, 18.8586, 19.4479, 20.0372, 20.6266, 21.2159, 21.8052, 22.3946, 22.9839, 23.5732, 24.1626, 24.7519, 25.3412, 25.9306, 26.5199, 27.1092, 27.6985, 28.2879, 28.8772, 29.4665, 30.0559, 30.6452, 31.2345, 31.8239, 32.4132, 33.0025, 33.5919, 34.1812, 34.7705
7.50963, 7.55379, 7.59921, 7.64594, 7.69405, 7.74361, 7.79468, 7.84734, 7.90168, 7.95778, 8.01574, 8.07566, 8.13765, 8.20184, 8.26834, 8.33731, 8.4089, 8.48327, 8.56061, 8.64112, 8.72502, 8.81255, 8.90399, 8.99964, 9.09982, 9.20491, 9.31533, 9.43154, 9.55409, 9.68356, 9.82066, 9.96618, 10.121, 10.2863, 10.4632, 10.6532, 10.8581, 11.08, 11.3216, 11.586, 11.8772, 12.2004, 12.5622, 12.9718, 13.4413, 13.9887, 14.6406, 15.441, 16.4682, 17.8539, 19.5569, 20.2314, 16.8478, 9.43707, 3.13114, 0.571866, 0.0552556, 0.00275737, 6.29593e-05, 2.47595e-07
7.50963, 7.56127, 7.61447, 7.66932, 7.7259, 7.78429, 7.84459, 7.90691, 7.97135, 8.03804, 8.10711, 8.17868, 8.25292, 8.33, 8.41008, 8.49336, 8.58007, 8.67043, 8.7647, 8.86317, 8.96615, 9.07399, 9.18708, 9.30585, 9.43079, 9.56245, 9.70143, 9.84844, 10.0043, 10.1699, 10.3462, 10.5346, 10.7364, 10.9534, 11.1875, 11.441, 11.7169, 12.0187, 12.3508, 12.7186, 13.1291, 13.5915, 14.1181, 14.7255, 15.4377, 16.2902, 17.3395, 18.6837, 20.5213, 23.3151, 27.7838, 32.7016, 31.4264, 19.983, 7.34835, 1.45836, 0.150891, 0.00798473, 0.000201659, 1.32822e-06
30.939
58.17
 
MEASUREMENT 333
1.4716, 4.41481, 7.36319, 10.3064, 13.2548, 16.2031, 19.1774, 22.1309, 25.0793, 28.0277, 30.9502, 33.8934
7.6099, 7.76556, 8.17691, 8.64885, 9.25217, 9.16395, 10.1643, 11.3124, 12.5941, 16.4108, 11.8911, 0.0473997
0.00921262, 0.0093863, 0.00996025, 0.0107521, 0.0114673, 0.011434, 0.0126361, 0.0139788, 0.0153068, 0.0199118, 0.0144948, 0.00051107
0, 0.589331, 1.17866, 1.76799, 2.35732, 2.94665, 3.53598, 4.12532, 4.71465, 5.30398, 5.89331, 6.48264, 7.07197, 7.6613, 8.25063, 8.83996, 9.42929, 10.0186, 10.608, 11.1973, 11.7866, 12.3759, 12.9653, 13.5546, 14.1439, 14.7333, 15.3226, 15.9119, 16.5013, 17.0906, 17.6799, 18.2693, 18.8586, 19.4479, 20.0372, 20.6266, 21.2159, 21.8052, 22.3946, 22.9839, 23.5732, 24.1626, 24.7519, 25.3412, 25.9306, 26.5199, 27.1092, 27.6985, 28.2879, 28.8772, 29.4665, 30.0559, 30.6452, 31.2345, 31.8239, 32.4132, 33.0025, 33.5919, 34.1812, 34.7705
7.49963, 7.54377, 7.58916, 7.63588, 7.68397, 7.7335, 7.78455, 7.83719, 7.89151, 7.94759, 8.00553, 8.06543, 8.1274, 8.19157, 8.25805, 8.327, 8.39857, 8.47292, 8.55025, 8.63074, 8.71462, 8.80214, 8.89357, 8.9892, 9.08938, 9.19446, 9.30487, 9.42109, 9.54364, 9.67312, 9.81023, 9.95576, 10.1106, 10.2759, 10.4529, 10.6429, 10.8479, 11.07, 11.3116, 11.5761, 11.8675, 12.191, 12.5532, 12.9631, 13.4332, 13.9813, 14.6342, 15.4361, 16.4658, 17.8553, 19.562, 20.231, 16.8297, 9.4109, 3.11608, 0.567888, 0.0547535, 0.00272659, 6.20233e-05, 2.44143e-07
7.49963, 7.5512, 7.60434, 7.65912, 7.71562, 7.77394, 7.83417, 7.89642, 7.96078, 8.02739, 8.09637, 8.16786, 8.24201, 8.31899, 8.39898, 8.48216, 8.56877, 8.65902, 8.75318, 8.85153, 8.9544, 9.06211, 9.17507, 9.29371, 9.4185, 9.55001, 9.68884, 9.83568, 9.99135, 10.1567, 10.3329, 10.5211, 10.7227, 10.9395, 11.1733, 11.4266, 11.7022, 12.0037, 12.3355, 12.7029, 13.1131, 13.5752, 14.1013, 14.7083, 15.42, 16.2721, 17.321, 18.665, 20.503, 23.2989, 27.769, 32.6701, 31.3521, 19.8944, 7.29865, 1.44504, 0.149165, 0.00787588, 0.000198283, 1.30511e-06
30.9365
58.16
 
MEASUREMENT 334
1.4716, 4.41481, 7.36319, 10.3064, 13.2548, 16.2031, 19.1774, 22.1309, 25.0793, 28.0277, 30.9502, 33.8934
7.55603, 7.71101, 8.11859, 8.58714, 9.18473, 9.10047, 10.1033, 11.2328, 12.5043, 16.2825, 11.805, 0.0473005
0.00921262, 0.0093863, 0.00996025, 0.0107521, 0.0114673, 0.011434, 0.0126361, 0.0139788, 0.0153068, 0.0199118, 0.0144948, 0.00051107
0, 0.589331, 1.17866, 1.76799, 2.35732, 2.94665, 3.53598, 4.12532, 4.71465, 5.30398, 5.89331, 6.48264, 7.07197, 7.6613, 8.25063, 8.83996, 9.42929, 10.0186, 10.608, 11.1973, 11.7866, 12.3759, 12.9653, 13.5546, 14.1439, 14.7333, 15.3226, 15.9119, 16.5013, 17.0906, 17.6799, 18.2693, 18.8586, 19.4479, 20.0372, 20.6266, 21.2159, 21.8052, 22.3946, 22.9839, 23.5732, 24.1626, 24.7519, 25.3412, 25.9306, 26.5199, 27.1092, 27.6985, 28.2879, 28.8772, 29.4665, 30.0559, 30.6452, 31.2345, 31.8239, 32.4132, 33.0025, 33.5919, 34.1812, 34.7705
7.44802, 7.49183, 7.53689, 7.58326, 7.63099, 7.68016, 7.73083, 7.78309, 7.837, 7.89267, 7.95017, 8.00963, 8.07114, 8.13482, 8.20081, 8.26925, 8.34028, 8.41408, 8.49082, 8.5707, 8.65396, 8.74082, 8.83156, 8.92646, 9.02588, 9.13017, 9.23974, 9.35507, 9.47668, 9.60517, 9.74123, 9.88564, 10.0393, 10.2033, 10.3789, 10.5675, 10.7709, 10.9912, 11.2309, 11.4933, 11.7824, 12.1033, 12.4625, 12.8691, 13.3353, 13.8788, 14.5263, 15.3212, 16.3418, 17.7187, 19.4097, 20.0743, 16.707, 9.35141, 3.10086, 0.566162, 0.0547084, 0.00273139, 6.24164e-05, 2.45838e-07
7.44802, 7.49923, 7.552, 7.6064, 7.66252, 7.72043, 7.78024, 7.84206, 7.90597, 7.97212, 8.04062, 8.11162, 8.18525, 8.2617, 8.34113, 8.42374, 8.50974, 8.59936, 8.69287, 8.79054, 8.89268, 8.99965, 9.11182, 9.22963, 9.35356, 9.48414, 9.622, 9.76782, 9.9224, 10.0866, 10.2616, 10.4485, 10.6487, 10.8639, 11.096, 11.3475, 11.6212, 11.9206, 12.25, 12.6149, 13.0222, 13.4809, 14.0033, 14.6059, 15.3126, 16.1585, 17.1997, 18.5337, 20.3579, 23.1321, 27.5676, 32.437, 31.1474, 19.787, 7.27074, 1.44234, 0.149231, 0.00790018, 0.000199679, 1.31683e-06
30.9377
58.16
 
MEASUREMENT 335
1.4716, 4.41481, 7.36319, 10.3064, 13.2548, 16.2031, 19.1774, 22.1309, 25.0793, 28.0277, 30.9502, 33.8934
7.48166, 7.63414, 8.03612, 8.5015, 9.09395, 9.0094, 10.003, 11.1087, 12.3813, 16.1211, 11.6894, 0.0470745
0.00921262, 0.0093863, 0.00996025, 0.0107521, 0.0114673, 0.011434, 0.0126361, 0.0139788, 0.0153068, 0.0199118, 0.0144948, 0.00051107
0, 0.589331, 1.17866, 1.76799, 2.35732, 2.94665, 3.53598, 4.12532, 4.71465, 5.30398, 5.89331, 6.48264, 7.07197, 7.6613, 8.25063, 8.83996, 9.42929, 10.0186, 10.608, 11.1973, 11.7866, 12.3759, 12.9653, 13.5546, 14.1439, 14.7333, 15.3226, 15.9119, 16.5013, 17.0906, 17.6799, 18.2693, 18.8586, 19.4479, 20.0372, 20.6266, 21.2159, 21.8052, 22.3946, 22.9839, 23.5732, 24.1626, 24.7519, 25.3412, 25.9306, 26.5199, 27.1092, 27.6985, 28.2879, 28.8772, 29.4665, 30.0559, 30.6452, 31.2345, 31.8239, 32.4132, 33.0025, 33.5919, 34.1812, 34.7705
7.37321, 7.41658, 7.46119, 7.50709, 7.55434, 7.60302, 7.65318, 7.70491, 7.75828, 7.81338, 7.87031, 7.92917, 7.99006, 8.05311, 8.11843, 8.18618, 8.2565, 8.32955, 8.40552, 8.4846, 8.56702, 8.653, 8.74283, 8.83678, 8.93519, 9.03843, 9.1469, 9.26107, 9.38146, 9.50866, 9.64334, 9.7863, 9.93843, 10.1008, 10.2746, 10.4613, 10.6626, 10.8807, 11.118, 11.3778, 11.664, 11.9816, 12.3372, 12.7397, 13.2012, 13.7392, 14.3801, 15.167, 16.1772, 17.54, 19.2132, 19.8706, 16.5409, 9.2649, 3.0763, 0.562828, 0.0545372, 0.00273246, 6.28251e-05, 2.47996e-07
7.37321, 7.42391, 7.47614, 7.53, 7.58555, 7.64288, 7.70209, 7.76328, 7.82655, 7.89203, 7.95984, 8.03012, 8.10302, 8.1787, 8.25733, 8.3391, 8.42424, 8.51296, 8.60552, 8.70221, 8.80333, 8.90922, 9.02026, 9.13688, 9.25956, 9.38883, 9.5253, 9.66965, 9.82267, 9.98525, 10.1584, 10.3434, 10.5416, 10.7546, 10.9845, 11.2334, 11.5044, 11.8007, 12.1268, 12.488, 12.8911, 13.3453, 13.8623, 14.4589, 15.1583, 15.9957, 17.0263, 18.3468, 20.1525, 22.8984, 27.2875, 32.1042, 30.8315, 19.5989, 7.21103, 1.4334, 0.148715, 0.0079005, 0.00020075, 1.3283e-06
30.9382
58.16
 
MEASUREMENT 336
1.4716, 4.41481, 7.36319, 10.3064, 13.2548, 16.2031, 19.1774, 22.1309, 25.0793, 28.0277, 30.9502, 33.8934
7.49468, 7.64864, 8.05253, 8.51542, 9.1113, 9.02565, 10.0209, 11.1416, 12.4019, 16.1504, 11.7109, 0.0462838
0.00921262, 0.0093863, 0.00996025, 0.0107521, 0.0114673, 0.011434, 0.0126361, 0.0139788, 0.0153068, 0.0199118, 0.0144948, 0.00051107
0, 0.589331, 1.17866, 1.76799, 2.35732, 2.94665, 3.53598, 4.12532, 4.71465, 5.30398, 5.89331, 6.48264, 7.07197, 7.6613, 8.25063, 8.83996, 9.42929, 10.0186, 10.608, 11.1973, 11.7866, 12.3759, 12.9653, 13.5546, 14.1439, 14.7333, 15.3226, 15.9119, 16.5013, 17.0906, 17.6799, 18.2693, 18.8586, 19.4479, 20.0372, 20.6266, 21.2159, 21.8052, 22.3946, 22.9839, 23.5732, 24.1626, 24.7519, 25.3412, 25.9306, 26.5199, 27.1092, 27.6985, 28.2879, 28.8772, 29.4665, 30.0559, 30.6452, 31.2345, 31.8239, 32.4132, 33.0025, 33.5919, 34.1812, 34.7705
7.38727, 7.43072, 7.47542, 7.52141, 7.56876, 7.61753, 7.66779, 7.71961, 7.77309, 7.8283, 7.88535, 7.94432, 8.00533, 8.0685, 8.13395, 8.20183, 8.27229, 8.34548, 8.4216, 8.50084, 8.58342, 8.66958, 8.75958, 8.85372, 8.95232, 9.05577, 9.16445, 9.27884, 9.39947, 9.52692, 9.66188, 9.80512, 9.95755, 10.1202, 10.2944, 10.4814, 10.6832, 10.9017, 11.1395, 11.3998, 11.6865, 12.0047, 12.3611, 12.7644, 13.2268, 13.7658, 14.408, 15.1963, 16.2084, 17.5741, 19.2551, 19.9243, 16.5848, 9.27114, 3.06354, 0.55597, 0.0532542, 0.00262806, 5.88416e-05, 2.29892e-07
7.38727, 7.43806, 7.4904, 7.54436, 7.60001, 7.65746, 7.71678, 7.77809, 7.84149, 7.90709, 7.97503, 8.04545, 8.11849, 8.19431, 8.27309, 8.35502, 8.44032, 8.52922, 8.62196, 8.71883, 8.82014, 8.92624, 9.03749, 9.15434, 9.27726, 9.40678, 9.54351, 9.68814, 9.84145, 10.0044, 10.1779, 10.3632, 10.5618, 10.7752, 11.0055, 11.255, 11.5264, 11.8234, 12.1501, 12.5119, 12.9159, 13.3708, 13.8889, 14.4866, 15.1873, 16.0262, 17.0588, 18.3814, 20.1895, 22.9387, 27.3403, 32.1906, 30.9259, 19.6267, 7.18801, 1.41748, 0.145388, 0.00760847, 0.000188918, 1.23134e-06
30.9376
58.16
 
MEASUREMENT 337
1.4716, 4.41481, 7.36319, 10.3064, 13.2548, 16.2031, 19.1774, 22.1309, 25.0793, 28.0277, 30.9502, 33.8934
7.40549, 7.55472, 7.95685, 8.41446, 9.00311, 8.91684, 9.90102, 11.0075, 12.2555, 15.957, 11.5711, 0.0459229
0.00921262, 0.0093863, 0.00996025, 0.0107521, 0.0114673, 0.011434, 0.0126361, 0.0139788, 0.0153068, 0.0199118, 0.0144948, 0.00051107
0, 0.589331, 1.17866, 1.76799, 2.35732, 2.94665, 3.53598, 4.12532, 4.71465, 5.30398, 5.89331, 6.48264, 7.07197, 7.6613, 8.25063, 8.83996, 9.42929, 10.0186, 10.608, 11.1973, 11.7866, 12.3759, 12.9653, 13.5546, 14.1439, 14.7333, 15.3226, 15.9119, 16.5013, 17.0906, 17.6799, 18.2693, 18.8586, 19.4479, 20.0372, 20.6266, 21.2159, 21.8052, 22.3946, 22.9839, 23.5732, 24.1626, 24.7519, 25.3412, 25.9306, 26.5199, 27.1092, 27.6985, 28.2879, 28.8772, 29.4665, 30.0559, 30.6452, 31.2345, 31.8239, 32.4132, 33.0025, 33.5919, 34.1812, 34.7705
7.29876, 7.3417, 7.38586, 7.4313, 7.47808, 7.52627, 7.57593, 7.62714, 7.67998, 7.73453, 7.79089, 7.84916, 7.90945, 7.97186, 8.03654, 8.1036, 8.17322, 8.24554, 8.32075, 8.39905, 8.48064, 8.56577, 8.6547, 8.74772, 8.84515, 8.94736, 9.05475, 9.16778, 9.28697, 9.4129, 9.54625, 9.68779, 9.8384, 9.99914, 10.1712, 10.3561, 10.5554, 10.7713, 11.0063, 11.2635, 11.5468, 11.8613, 12.2134, 12.6119, 13.0688, 13.6015, 14.2361, 15.0152, 16.0153, 17.3649, 19.0251, 19.6835, 16.3835, 9.16207, 3.0307, 0.551032, 0.0529238, 0.00262114, 5.90596e-05, 2.3133e-07
7.29876, 7.34895, 7.40066, 7.45397, 7.50896, 7.56571, 7.62433, 7.6849, 7.74754, 7.81236, 7.87949, 7.94906, 8.02122, 8.09613, 8.17397, 8.25492, 8.3392, 8.42703, 8.51866, 8.61437, 8.71447, 8.81929, 8.92922, 9.04467, 9.16611, 9.29408, 9.42917, 9.57207, 9.72355, 9.8845, 10.0559, 10.2391, 10.4353, 10.6461, 10.8737, 11.1201, 11.3883, 11.6817, 12.0045, 12.3621, 12.7612, 13.2107, 13.7226, 14.3131, 15.0055, 15.8344, 16.8547, 18.1616, 19.9485, 22.6656, 27.0139, 31.7996, 30.5448, 19.3901, 7.10837, 1.40431, 0.144422, 0.00758479, 0.000189368, 1.23875e-06
30.9376
58.16
 
MEASUREMENT 338
1.4716, 4.41481, 7.36319, 10.3064, 13.2548, 16.2031, 19.1774, 22.1309, 25.0793, 28.0277, 30.9502, 33.8934
7.28359, 7.43331, 7.82617, 8.27877, 8.85536, 8.7731, 9.74052, 10.8284, 12.0541, 15.6966, 11.3804, 0.0458264
0.00921262, 0.0093863, 0.00996025, 0.0107521, 0.0114673, 0.011434, 0.0126361, 0.0139788, 0.0153068, 0.0199118, 0.0144948, 0.00051107
0, 0.589331, 1.17866, 1.76799, 2.35732, 2.94665, 3.53598, 4.12532, 4.71465, 5.30398, 5.89331, 6.48264, 7.07197, 7.6613, 8.25063, 8.83996, 9.42929, 10.0186, 10.608, 11.1973, 11.7866, 12.3759, 12.9653, 13.5546, 14.1439, 14.7333, 15.3226, 15.9119, 16.5013, 17.0906, 17.6799, 18.2693, 18.8586, 19.4479, 20.0372, 20.6266, 21.2159, 21.8052, 22.3946, 22.9839, 23.5732, 24.1626, 24.7519, 25.3412, 25.9306, 26.5199, 27.1092, 27.6985, 28.2879, 28.8772, 29.4665, 30.0559, 30.6452, 31.2345, 31.8239, 32.4132, 33.0025, 33.5919, 34.1812, 34.7705
7.18009, 7.22233, 7.26577, 7.31047, 7.35648, 7.40388, 7.45273, 7.5031, 7.55508, 7.60874, 7.66418, 7.72149, 7.78079, 7.84219, 7.9058, 7.97177, 8.04025, 8.11139, 8.18537, 8.26238, 8.34264, 8.42638, 8.51385, 8.60535, 8.70118, 8.80172, 8.90735, 9.01853, 9.13576, 9.25963, 9.3908, 9.53002, 9.67816, 9.83626, 10.0055, 10.1873, 10.3834, 10.5958, 10.8269, 11.0799, 11.3586, 11.6679, 12.0142, 12.4062, 12.8556, 13.3796, 14.0038, 14.7702, 15.7541, 17.0814, 18.7105, 19.3482, 16.1026, 9.01763, 2.99398, 0.547827, 0.0531005, 0.00266192, 6.12603e-05, 2.41977e-07
7.18009, 7.22946, 7.28033, 7.33277, 7.38687, 7.4427, 7.50036, 7.55995, 7.62157, 7.68534, 7.75137, 7.81981, 7.8908, 7.96449, 8.04107, 8.1207, 8.20361, 8.29001, 8.38015, 8.47431, 8.57278, 8.6759, 8.78403, 8.8976, 9.01707, 9.14296, 9.27586, 9.41644, 9.56545, 9.72378, 9.89244, 10.0726, 10.2656, 10.473, 10.6969, 10.9393, 11.2032, 11.4918, 11.8094, 12.1611, 12.5537, 12.996, 13.4996, 14.0805, 14.7617, 15.5773, 16.5811, 17.8672, 19.6261, 22.3011, 26.5761, 31.2637, 30.017, 19.0766, 7.01817, 1.39519, 0.144795, 0.00769635, 0.000195729, 1.2961e-06
30.9378
58.16
 
MEASUREMENT 339
1.4716, 4.41481, 7.36319, 10.3064, 13.2548, 16.2031, 19.1774, 22.1309, 25.0793, 28.0277, 30.9502, 33.8934
7.44171, 7.59313, 7.99394, 8.45599, 9.04561, 8.9602, 9.94957, 11.0618, 12.3145, 16.0346, 11.6281, 0.0454728
0.00921262, 0.0093863, 0.00996025, 0.0107521, 0.0114673, 0.011434, 0.0126361, 0.0139788, 0.0153068, 0.0199118, 0.0144948, 0.00051107
0, 0.589331, 1.17866, 1.76799, 2.35732, 2.94665, 3.53598, 4.12532, 4.71465, 5.30398, 5.89331, 6.48264, 7.07197, 7.6613, 8.25063, 8.83996, 9.42929, 10.0186, 10.608, 11.1973, 11.7866, 12.3759, 12.9653, 13.5546, 14.1439, 14.7333, 15.3226, 15.9119, 16.5013, 17.0906, 17.6799, 18.2693, 18.8586, 19.4479, 20.0372, 20.6266, 21.2159, 21.8052, 22.3946, 22.9839, 23.5732, 24.1626, 24.7519, 25.3412, 25.9306, 26.5199, 27.1092, 27.6985, 28.2879, 28.8772, 29.4665, 30.0559, 30.6452, 31.2345, 31.8239, 32.4132, 33.0025, 33.5919, 34.1812, 34.7705
7.33431, 7.37746, 7.42184, 7.4675, 7.51451, 7.56293, 7.61283, 7.66429, 7.71739, 7.77221, 7.82884, 7.8874, 7.94797, 8.01069, 8.07568, 8.14308, 8.21303, 8.28571, 8.36129, 8.43996, 8.52195, 8.6075, 8.69686, 8.79033, 8.88823, 8.99094, 9.09885, 9.21243, 9.3322, 9.45875, 9.59275, 9.73497, 9.88632, 10.0478, 10.2207, 10.4065, 10.6068, 10.8237, 11.0599, 11.3183, 11.603, 11.919, 12.2728, 12.6732, 13.1324, 13.6676, 14.3051, 15.0878, 16.0925, 17.4486, 19.1204, 19.7919, 16.4755, 9.20042, 3.03196, 0.547702, 0.0521146, 0.00254937, 5.61944e-05, 2.18286e-07
7.33431, 7.38474, 7.43671, 7.49028, 7.54553, 7.60257, 7.66147, 7.72233, 7.78528, 7.85041, 7.91787, 7.98778, 8.06029, 8.13557, 8.21379, 8.29513, 8.37982, 8.46808, 8.56016, 8.65634, 8.75692, 8.86225, 8.97272, 9.08873, 9.21076, 9.33935, 9.4751, 9.6187, 9.77092, 9.93265, 10.1049, 10.2889, 10.4861, 10.698, 10.9266, 11.1743, 11.4438, 11.7386, 12.063, 12.4222, 12.8233, 13.275, 13.7893, 14.3827, 15.0784, 15.9112, 16.9362, 18.2491, 20.0435, 22.7716, 27.1436, 31.9738, 30.7266, 19.4837, 7.11728, 1.39717, 0.142363, 0.00738556, 0.000180918, 1.16905e-06
30.9375
58.16
 
MEASUREMENT 340
1.4716, 4.41481, 7.36319, 10.3064, 13.2548, 16.2031, 19.1774, 22.1309, 25.0793, 28.0277, 30.9502, 33.8934
7.55775, 7.71215, 8.12102, 8.58836, 9.18777, 9.10188, 10.1056, 11.2358, 12.5089, 16.2861, 11.8095, 0.0470936
0.00921262, 0.0093863, 0.00996025, 0.0107521, 0.0114673, 0.011434, 0.0126361, 0.0139788, 0.0153068, 0.0199118, 0.0144948, 0.00051107
0, 0.589331, 1.17866, 1.76799, 2.35732, 2.94665, 3.53598, 4.12532, 4.71465, 5.30398, 5.89331, 6.48264, 7.07197, 7.6613, 8.25063, 8.83996, 9.42929, 10.0186, 10.608, 11.1973, 11.7866, 12.3759, 12.9653, 13.5546, 14.1439, 14.7333, 15.3226, 15.9119, 16.5013, 17.0906, 17.6799, 18.2693, 18.8586, 19.4479, 20.0372, 20.6266, 21.2159, 21.8052, 22.3946, 22.9839, 23.5732, 24.1626, 24.7519, 25.3412, 25.9306, 26.5199, 27.1092, 27.6985, 28.2879, 28.8772, 29.4665, 30.0559, 30.6452, 31.2345, 31.8239, 32.4132, 33.0025, 33.5919, 34.1812, 34.7705
7.44965, 7.49348, 7.53855, 7.58493, 7.63268, 7.68186, 7.73255, 7.78481, 7.83874, 7.89442, 7.95195, 8.01142, 8.07295, 8.13665, 8.20266, 8.27112, 8.34217, 8.41598, 8.49275, 8.57266, 8.65594, 8.74282, 8.83359, 8.92853, 9.02797, 9.13229, 9.24189, 9.35726, 9.47891, 9.60744, 9.74354, 9.888, 10.0417, 10.2058, 10.3814, 10.5701, 10.7735, 10.9939, 11.2337, 11.4962, 11.7854, 12.1063, 12.4657, 12.8724, 13.3388, 13.8825, 14.5302, 15.3254, 16.3463, 17.7237, 19.4168, 20.0854, 16.7174, 9.35308, 3.09765, 0.564385, 0.0543704, 0.00270356, 6.13455e-05, 2.40943e-07
7.44965, 7.50088, 7.55366, 7.60807, 7.6642, 7.72212, 7.78195, 7.84377, 7.90771, 7.97387, 8.04238, 8.11339, 8.18705, 8.26351, 8.34295, 8.42558, 8.5116, 8.60125, 8.69477, 8.79246, 8.89463, 9.00162, 9.11382, 9.23165, 9.35561, 9.48622, 9.62411, 9.76996, 9.92457, 10.0888, 10.2638, 10.4507, 10.651, 10.8662, 11.0985, 11.35, 11.6238, 11.9232, 12.2527, 12.6176, 13.025, 13.4839, 14.0063, 14.6091, 15.3158, 16.1619, 17.2033, 18.5374, 20.3616, 23.1356, 27.5729, 32.4506, 31.1655, 19.7914, 7.26391, 1.438, 0.14833, 0.00782099, 0.000196461, 1.29031e-06
30.9377
58.16
 
MEASUREMENT 341
1.4716, 4.41481, 7.36319, 10.3064, 13.2548, 16.2031, 19.1774, 22.1309, 25.0793, 28.0277, 30.9502, 33.8934
7.69677, 7.85477, 8.26792, 8.74731, 9.35604, 9.26865, 10.2911, 11.4406, 12.7362, 16.5843, 12.0256, 0.0477985
0.00921262, 0.0093863, 0.00996025, 0.0107521, 0.0114673, 0.011434, 0.0126361, 0.0139788, 0.0153068, 0.0199118, 0.0144948, 0.00051107
0, 0.589331, 1.17866, 1.76799, 2.35732, 2.94665, 3.53598, 4.12532, 4.71465, 5.30398, 5.89331, 6.48264, 7.07197, 7.6613, 8.25063, 8.83996, 9.42929, 10.0186, 10.608, 11.1973, 11.7866, 12.3759, 12.9653, 13.5546, 14.1439, 14.7333, 15.3226, 15.9119, 16.5013, 17.0906, 17.6799, 18.2693, 18.8586, 19.4479, 20.0372, 20.6266, 21.2159, 21.8052, 22.3946, 22.9839, 23.5732, 24.1626, 24.7519, 25.3412, 25.9306, 26.5199, 27.1092, 27.6985, 28.2879, 28.8772, 29.4665, 30.0559, 30.6452, 31.2345, 31.8239, 32.4132, 33.0025, 33.5919, 34.1812, 34.7705
7.58637, 7.631, 7.67689, 7.72412, 7.77274, 7.82282, 7.87443, 7.92765, 7.98257, 8.03926, 8.09784, 8.15839, 8.22104, 8.28591, 8.35312, 8.42283, 8.49517, 8.57034, 8.6485, 8.72987, 8.81467, 8.90314, 8.99555, 9.09222, 9.19348, 9.2997, 9.4113, 9.52877, 9.65263, 9.7835, 9.92208, 10.0692, 10.2257, 10.3927, 10.5715, 10.7636, 10.9708, 11.1951, 11.4393, 11.7066, 12.001, 12.3278, 12.6937, 13.1078, 13.5826, 14.1361, 14.7954, 15.6049, 16.6441, 18.0462, 19.7706, 20.4543, 17.0262, 9.52361, 3.15158, 0.573352, 0.055111, 0.00273215, 6.16679e-05, 2.41653e-07
7.58637, 7.63853, 7.69228, 7.74769, 7.80485, 7.86384, 7.92476, 7.98772, 8.05283, 8.1202, 8.18998, 8.26229, 8.33729, 8.41516, 8.49606, 8.5802, 8.6678, 8.75909, 8.85433, 8.95381, 9.05785, 9.16681, 9.28106, 9.40106, 9.52728, 9.66029, 9.80071, 9.94924, 10.1067, 10.274, 10.4522, 10.6425, 10.8464, 11.0656, 11.3021, 11.5583, 11.837, 12.142, 12.4775, 12.8491, 13.2639, 13.7312, 14.2632, 14.8769, 15.5966, 16.4581, 17.5185, 18.8768, 20.734, 23.5578, 28.0767, 33.0503, 31.7489, 20.1594, 7.39359, 1.46156, 0.15043, 0.00790818, 0.000197741, 1.29464e-06
30.9378
58.16
 
MEASUREMENT 342
1.4716, 4.41481, 7.36319, 10.3064, 13.2548, 16.2031, 19.1774, 22.1309, 25.0793, 28.0277, 30.9502, 33.8934
7.6106, 7.76494, 8.17532, 8.64737, 9.2519, 9.16439, 10.1738, 11.3132, 12.5937, 16.3989, 11.8908, 0.0478705
0.00921262, 0.0093863, 0.00996025, 0.0107521, 0.0114673, 0.011434, 0.0126361, 0.0139788, 0.0153068, 0.0199118, 0.0144948, 0.00051107
0, 0.589331, 1.17866, 1.76799, 2.35732, 2.94665, 3.53598, 4.12532, 4.71465, 5.30398, 5.89331, 6.48264, 7.07197, 7.6613, 8.25063, 8.83996, 9.42929, 10.0186, 10.608, 11.1973, 11.7866, 12.3759, 12.9653, 13.5546, 14.1439, 14.7333, 15.3226, 15.9119, 16.5013, 17.0906, 17.6799, 18.2693, 18.8586, 19.4479, 20.0372, 20.6266, 21.2159, 21.8052, 22.3946, 22.9839, 23.5732, 24.1626, 24.7519, 25.3412, 25.9306, 26.5199, 27.1092, 27.6985, 28.2879, 28.8772, 29.4665, 30.0559, 30.6452, 31.2345, 31.8239, 32.4132, 33.0025, 33.5919, 34.1812, 34.7705
7.50071, 7.54484, 7.59022, 7.63692, 7.68499, 7.73451, 7.78555, 7.83817, 7.89247, 7.94853, 8.00645, 8.06633, 8.12829, 8.19243, 8.25889, 8.32781, 8.39935, 8.47368, 8.55097, 8.63143, 8.71528, 8.80276, 8.89415, 8.98974, 9.08986, 9.1949, 9.30526, 9.42141, 9.5439, 9.67331, 9.81035, 9.9558, 10.1106, 10.2758, 10.4526, 10.6425, 10.8474, 11.0693, 11.3108, 11.5751, 11.8662, 12.1894, 12.5513, 12.9608, 13.4304, 13.9779, 14.63, 15.4308, 16.4589, 17.8458, 19.5483, 20.2157, 16.8253, 9.42249, 3.12823, 0.572316, 0.0554623, 0.00277949, 6.39329e-05, 2.52488e-07
7.50071, 7.55229, 7.60543, 7.66021, 7.71672, 7.77505, 7.83528, 7.89753, 7.9619, 8.02852, 8.0975, 8.169, 8.24316, 8.32014, 8.40013, 8.48333, 8.56993, 8.66019, 8.75436, 8.85272, 8.95559, 9.06331, 9.17627, 9.29492, 9.41972, 9.55123, 9.69006, 9.83691, 9.99258, 10.158, 10.3342, 10.5224, 10.724, 10.9407, 11.1745, 11.4278, 11.7034, 12.0049, 12.3367, 12.7041, 13.1143, 13.5763, 14.1023, 14.7092, 15.4209, 16.2728, 17.3214, 18.665, 20.5023, 23.2966, 27.7625, 32.6601, 31.3588, 19.9293, 7.33139, 1.45725, 0.151202, 0.00803446, 0.000204232, 1.35195e-06
30.9378
58.16
 
MEASUREMENT 343
1.4716, 4.41481, 7.36319, 10.3064, 13.2548, 16.2031, 19.1774, 22.1309, 25.0793, 28.0277, 30.9502, 33.8934
7.54245, 7.69831, 8.10512, 8.57336, 9.17135, 9.08507, 10.0877, 11.215, 12.4861, 16.2588, 11.7886, 0.0467331
0.00921262, 0.0093863, 0.00996025, 0.0107521, 0.0114673, 0.011434, 0.0126361, 0.0139788, 0.0153068, 0.0199118, 0.0144948, 0.00051107
0, 0.589331, 1.17866, 1.76799, 2.35732, 2.94665, 3.53598, 4.12532, 4.71465, 5.30398, 5.89331, 6.48264, 7.07197, 7.6613, 8.25063, 8.83996, 9.42929, 10.0186, 10.608, 11.1973, 11.7866, 12.3759, 12.9653, 13.5546, 14.1439, 14.7333, 15.3226, 15.9119, 16.5013, 17.0906, 17.6799, 18.2693, 18.8586, 19.4479, 20.0372, 20.6266, 21.2159, 21.8052, 22.3946, 22.9839, 23.5732, 24.1626, 24.7519, 25.3412, 25.9306, 26.5199, 27.1092, 27.6985, 28.2879, 28.8772, 29.4665, 30.0559, 30.6452, 31.2345, 31.8239, 32.4132, 33.0025, 33.5919, 34.1812, 34.7705
7.4356, 7.47936, 7.52435, 7.57065, 7.61832, 7.66741, 7.71801, 7.77019, 7.82403, 7.87961, 7.93704, 7.99641, 8.05783, 8.12143, 8.18732, 8.25566, 8.32659, 8.40029, 8.47692, 8.5567, 8.63983, 8.72658, 8.81719, 8.91197, 9.01124, 9.11539, 9.22481, 9.33999, 9.46144, 9.58976, 9.72563, 9.86986, 10.0233, 10.1871, 10.3625, 10.5508, 10.7539, 10.974, 11.2134, 11.4755, 11.7642, 12.0847, 12.4435, 12.8497, 13.3153, 13.8582, 14.505, 15.299, 16.3185, 17.6943, 19.3865, 20.0567, 16.6914, 9.33178, 3.08581, 0.560844, 0.0538455, 0.00266573, 6.00213e-05, 2.3512e-07
7.4356, 7.48673, 7.53942, 7.59373, 7.64975, 7.70757, 7.76728, 7.82899, 7.89281, 7.95884, 8.02723, 8.09811, 8.17162, 8.24794, 8.32724, 8.40972, 8.49557, 8.58505, 8.67841, 8.77591, 8.87789, 8.98468, 9.09667, 9.21429, 9.33801, 9.46838, 9.60601, 9.7516, 9.90592, 10.0699, 10.2446, 10.4311, 10.631, 10.8458, 11.0776, 11.3287, 11.602, 11.9009, 12.2298, 12.594, 13.0007, 13.4587, 13.9802, 14.5818, 15.2873, 16.1318, 17.1714, 18.5031, 20.3239, 23.0928, 27.5238, 32.3977, 31.1128, 19.7443, 7.23549, 1.42885, 0.146885, 0.00771094, 0.000192402, 1.25837e-06
30.9372
58.16
 
MEASUREMENT 344
1.4716, 4.41481, 7.36319, 10.3064, 13.2548, 16.2031, 19.1774, 22.1309, 25.0793, 28.0277, 30.9502, 33.8934
7.58949, 7.74539, 8.15416, 8.62576, 9.22775, 9.13923, 10.1489, 11.2818, 12.5607, 16.3547, 11.86, 0.0472704
0.00921262, 0.0093863, 0.00996025, 0.0107521, 0.0114673, 0.011434, 0.0126361, 0.0139788, 0.0153068, 0.0199118, 0.0144948, 0.00051107
0, 0.589331, 1.17866, 1.76799, 2.35732, 2.94665, 3.53598, 4.12532, 4.71465, 5.30398, 5.89331, 6.48264, 7.07197, 7.6613, 8.25063, 8.83996, 9.42929, 10.0186, 10.608, 11.1973, 11.7866, 12.3759, 12.9653, 13.5546, 14.1439, 14.7333, 15.3226, 15.9119, 16.5013, 17.0906, 17.6799, 18.2693, 18.8586, 19.4479, 20.0372, 20.6266, 21.2159, 21.8052, 22.3946, 22.9839, 23.5732, 24.1626, 24.7519, 25.3412, 25.9306, 26.5199, 27.1092, 27.6985, 28.2879, 28.8772, 29.4665, 30.0559, 30.6452, 31.2345, 31.8239, 32.4132, 33.0025, 33.5919, 34.1812, 34.7705
7.48117, 7.52518, 7.57044, 7.61701, 7.66496, 7.71435, 7.76525, 7.81773, 7.87189, 7.9278, 7.98557, 8.04529, 8.10707, 8.17104, 8.23733, 8.30607, 8.37742, 8.45154, 8.52862, 8.60887, 8.69249, 8.77974, 8.87088, 8.96622, 9.06608, 9.17083, 9.28089, 9.39674, 9.51889, 9.64796, 9.78462, 9.92968, 10.084, 10.2488, 10.4251, 10.6146, 10.8189, 11.0401, 11.281, 11.5445, 11.8349, 12.1572, 12.518, 12.9264, 13.3947, 13.9406, 14.5909, 15.3893, 16.4143, 17.7972, 19.4974, 20.1703, 16.7899, 9.39412, 3.11092, 0.566627, 0.0545572, 0.00271076, 6.14263e-05, 2.41087e-07
7.48117, 7.53261, 7.58561, 7.64025, 7.69662, 7.75479, 7.81487, 7.87695, 7.94116, 8.0076, 8.0764, 8.14771, 8.22167, 8.29846, 8.37824, 8.46122, 8.5476, 8.63762, 8.73154, 8.82965, 8.93224, 9.03968, 9.15235, 9.27069, 9.39516, 9.52633, 9.66479, 9.81126, 9.96653, 10.1315, 10.3072, 10.4949, 10.696, 10.9122, 11.1453, 11.398, 11.6729, 11.9736, 12.3044, 12.6709, 13.08, 13.5407, 14.0654, 14.6707, 15.3803, 16.2299, 17.2756, 18.6152, 20.4468, 23.2318, 27.6875, 32.5883, 31.3028, 19.8804, 7.29604, 1.44395, 0.148867, 0.00784336, 0.00019679, 1.2913e-06
30.9379
58.16
 
MEASUREMENT 345
1.4716, 4.41481, 7.36319, 10.3064, 13.2548, 16.2031, 19.1774, 22.1309, 25.0793, 28.0277, 30.9502, 33.8934
7.48667, 7.63932, 8.04508, 8.50716, 9.10118, 9.0159, 10.0092, 11.1293, 12.3899, 16.1329, 11.6979, 0.0466137
0.00921262, 0.0093863, 0.00996025, 0.0107521, 0.0114673, 0.011434, 0.0126361, 0.0139788, 0.0153068, 0.0199118, 0.0144948, 0.00051107
0, 0.589331, 1.17866, 1.76799, 2.35732, 2.94665, 3.53598, 4.12532, 4.71465, 5.30398, 5.89331, 6.48264, 7.07197, 7.6613, 8.25063, 8.83996, 9.42929, 10.0186, 10.608, 11.1973, 11.7866, 12.3759, 12.9653, 13.5546, 14.1439, 14.7333, 15.3226, 15.9119, 16.5013, 17.0906, 17.6799, 18.2693, 18.8586, 19.4479, 20.0372, 20.6266, 21.2159, 21.8052, 22.3946, 22.9839, 23.5732, 24.1626, 24.7519, 25.3412, 25.9306, 26.5199, 27.1092, 27.6985, 28.2879, 28.8772, 29.4665, 30.0559, 30.6452, 31.2345, 31.8239, 32.4132, 33.0025, 33.5919, 34.1812, 34.7705
7.37935, 7.42276, 7.46741, 7.51335, 7.56064, 7.60936, 7.65957, 7.71134, 7.76476, 7.81991, 7.87689, 7.9358, 7.99675, 8.05985, 8.12523, 8.19304, 8.26342, 8.33654, 8.41258, 8.49173, 8.57422, 8.66028, 8.75019, 8.84423, 8.94273, 9.04606, 9.15463, 9.2689, 9.3894, 9.51671, 9.65153, 9.79462, 9.94689, 10.1094, 10.2833, 10.4702, 10.6717, 10.89, 11.1276, 11.3876, 11.674, 11.9919, 12.3479, 12.7508, 13.2127, 13.7512, 14.3927, 15.1804, 16.1915, 17.5558, 19.233, 19.8959, 16.5599, 9.26443, 3.06773, 0.558748, 0.0538008, 0.00267347, 6.05928e-05, 2.37869e-07
7.37935, 7.43009, 7.48237, 7.53627, 7.59187, 7.64925, 7.70851, 7.76975, 7.83308, 7.89861, 7.96648, 8.03682, 8.10978, 8.18552, 8.26422, 8.34607, 8.43127, 8.52007, 8.61272, 8.70948, 8.81069, 8.91667, 9.0278, 9.14453, 9.26731, 9.39669, 9.53328, 9.67776, 9.83091, 9.99363, 10.167, 10.3521, 10.5505, 10.7637, 10.9937, 11.2429, 11.5141, 11.8107, 12.1371, 12.4985, 12.9021, 13.3566, 13.8741, 14.4712, 15.1712, 16.0093, 17.0408, 18.3623, 20.1692, 22.9168, 27.3123, 32.1452, 30.8737, 19.6054, 7.19445, 1.42379, 0.146794, 0.00773494, 0.000194105, 1.27396e-06
30.9377
58.16
 
MEASUREMENT 346
1.4716, 4.41481, 7.36319, 10.3064, 13.2548, 16.2031, 19.1774, 22.1309, 25.0793, 28.0277, 30.9502, 33.8934
7.50797, 7.66129, 8.06656, 8.53157, 9.12862, 9.04226, 10.0396, 11.1618, 12.4163, 16.1807, 11.7223, 0.0476782
0.00921262, 0.0093863, 0.00996025, 0.0107521, 0.0114673, 0.011434, 0.0126361, 0.0139788, 0.0153068, 0.0199118, 0.0144948, 0.00051107
0, 0.589331, 1.17866, 1.76799, 2.35732, 2.94665, 3.53598, 4.12532, 4.71465, 5.30398, 5.89331, 6.48264, 7.07197, 7.6613, 8.25063, 8.83996, 9.42929, 10.0186, 10.608, 11.1973, 11.7866, 12.3759, 12.9653, 13.5546, 14.1439, 14.7333, 15.3226, 15.9119, 16.5013, 17.0906, 17.6799, 18.2693, 18.8586, 19.4479, 20.0372, 20.6266, 21.2159, 21.8052, 22.3946, 22.9839, 23.5732, 24.1626, 24.7519, 25.3412, 25.9306, 26.5199, 27.1092, 27.6985, 28.2879, 28.8772, 29.4665, 30.0559, 30.6452, 31.2345, 31.8239, 32.4132, 33.0025, 33.5919, 34.1812, 34.7705
7.40053, 7.44406, 7.48883, 7.5349, 7.58232, 7.63117, 7.68151, 7.73342, 7.78698, 7.84228, 7.89942, 7.95848, 8.01959, 8.08286, 8.14842, 8.21641, 8.28697, 8.36029, 8.43653, 8.51589, 8.5986, 8.68489, 8.77503, 8.86932, 8.96808, 9.07169, 9.18054, 9.29511, 9.41593, 9.54357, 9.67874, 9.8222, 9.97487, 10.1378, 10.3122, 10.4996, 10.7016, 10.9204, 11.1586, 11.4193, 11.7065, 12.0252, 12.3821, 12.7861, 13.2492, 13.7892, 14.4324, 15.2223, 16.2365, 17.6041, 19.279, 19.9252, 16.5762, 9.28945, 3.09195, 0.568373, 0.0554724, 0.00280668, 6.56277e-05, 2.61032e-07
7.40053, 7.45142, 7.50386, 7.55791, 7.61367, 7.67122, 7.73065, 7.79207, 7.85558, 7.9213, 7.98937, 8.05991, 8.13308, 8.20904, 8.28797, 8.37005, 8.4555, 8.54456, 8.63747, 8.73452, 8.83602, 8.94231, 9.05377, 9.17083, 9.29397, 9.42373, 9.56071, 9.70561, 9.85921, 10.0224, 10.1963, 10.3819, 10.5809, 10.7947, 11.0254, 11.2753, 11.5473, 11.8448, 12.1722, 12.5347, 12.9395, 13.3954, 13.9145, 14.5134, 15.2157, 16.0565, 17.0915, 18.4178, 20.2321, 22.992, 27.3975, 32.2102, 30.9064, 19.6517, 7.24681, 1.44719, 0.15122, 0.00811213, 0.000209214, 1.39901e-06
30.9374
58.16
 
MEASUREMENT 347
1.4716, 4.41481, 7.36319, 10.3064, 13.2548, 16.2031, 19.1774, 22.1309, 25.0793, 28.0277, 30.9502, 33.8934
7.54818, 7.70334, 8.11099, 8.57993, 9.1778, 9.09121, 10.0947, 11.2241, 12.5057, 16.2697, 11.8082, 0.0491104
0.00921262, 0.0093863, 0.00996025, 0.0107521, 0.0114673, 0.011434, 0.0126361, 0.0139788, 0.0153068, 0.0199118, 0.0144948, 0.00051107
0, 0.589331, 1.17866, 1.76799, 2.35732, 2.94665, 3.53598, 4.12532, 4.71465, 5.30398, 5.89331, 6.48264, 7.07197, 7.6613, 8.25063, 8.83996, 9.42929, 10.0186, 10.608, 11.1973, 11.7866, 12.3759, 12.9653, 13.5546, 14.1439, 14.7333, 15.3226, 15.9119, 16.5013, 17.0906, 17.6799, 18.2693, 18.8586, 19.4479, 20.0372, 20.6266, 21.2159, 21.8052, 22.3946, 22.9839, 23.5732, 24.1626, 24.7519, 25.3412, 25.9306, 26.5199, 27.1092, 27.6985, 28.2879, 28.8772, 29.4665, 30.0559, 30.6452, 31.2345, 31.8239, 32.4132, 33.0025, 33.5919, 34.1812, 34.7705
7.44104, 7.48483, 7.52987, 7.57621, 7.62392, 7.67306, 7.72371, 7.77594, 7.82983, 7.88547, 7.94295, 8.00238, 8.06386, 8.12752, 8.19348, 8.26188, 8.33288, 8.40665, 8.48336, 8.56321, 8.64643, 8.73326, 8.82397, 8.91884, 9.01822, 9.12247, 9.23201, 9.3473, 9.46887, 9.59733, 9.73335, 9.87772, 10.0314, 10.1953, 10.3709, 10.5594, 10.7628, 10.983, 11.2228, 11.4852, 11.7742, 12.0951, 12.4544, 12.861, 13.3273, 13.871, 14.5187, 15.3142, 16.3359, 17.7135, 19.3978, 20.0448, 16.6867, 9.37747, 3.13935, 0.582402, 0.0575693, 0.00296102, 7.11898e-05, 2.86636e-07
7.44104, 7.4922, 7.54492, 7.59927, 7.65533, 7.71319, 7.77294, 7.83469, 7.89855, 7.96463, 8.03306, 8.10399, 8.17755, 8.25392, 8.33328, 8.41581, 8.50172, 8.59126, 8.68467, 8.78225, 8.88429, 8.99115, 9.10322, 9.22091, 9.34472, 9.47517, 9.6129, 9.75857, 9.913, 10.0771, 10.2519, 10.4385, 10.6385, 10.8535, 11.0855, 11.3367, 11.6102, 11.9093, 12.2384, 12.6029, 13.0097, 13.4681, 13.99, 14.592, 15.2981, 16.1433, 17.1839, 18.5174, 20.3419, 23.1175, 27.5406, 32.3566, 31.0465, 19.7853, 7.33575, 1.47808, 0.156398, 0.00852732, 0.000225325, 1.5317e-06
30.9387
58.17
 
MEASUREMENT 348
1.4716, 4.41481, 7.36319, 10.3064, 13.2548, 16.2031, 19.1774, 22.1309, 25.0793, 28.0277, 30.9502, 33.8934
7.5749, 7.72752, 8.13811, 8.60873, 9.20877, 9.12174, 10.1275, 11.2607, 12.5365, 16.3235, 11.8273, 0.0463057
0.00921262, 0.0093863, 0.00996025, 0.0107521, 0.0114673, 0.011434, 0.0126361, 0.0139788, 0.0153068, 0.0199118, 0.0144948, 0.00051107
0, 0.589331, 1.17866, 1.76799, 2.35732, 2.94665, 3.53598, 4.12532, 4.71465, 5.30398, 5.89331, 6.48264, 7.07197, 7.6613, 8.25063, 8.83996, 9.42929, 10.0186, 10.608, 11.1973, 11.7866, 12.3759, 12.9653, 13.5546, 14.1439, 14.7333, 15.3226, 15.9119, 16.5013, 17.0906, 17.6799, 18.2693, 18.8586, 19.4479, 20.0372, 20.6266, 21.2159, 21.8052, 22.3946, 22.9839, 23.5732, 24.1626, 24.7519, 25.3412, 25.9306, 26.5199, 27.1092, 27.6985, 28.2879, 28.8772, 29.4665, 30.0559, 30.6452, 31.2345, 31.8239, 32.4132, 33.0025, 33.5919, 34.1812, 34.7705
7.46591, 7.50983, 7.55501, 7.60149, 7.64934, 7.69863, 7.74943, 7.80182, 7.85587, 7.91167, 7.96933, 8.02893, 8.0906, 8.15444, 8.2206, 8.28921, 8.36042, 8.4344, 8.51134, 8.59143, 8.6749, 8.76198, 8.85295, 8.9481, 9.04777, 9.15232, 9.26218, 9.37781, 9.49973, 9.62856, 9.76497, 9.90976, 10.0638, 10.2283, 10.4043, 10.5934, 10.7973, 11.0182, 11.2586, 11.5217, 11.8115, 12.1333, 12.4935, 12.9012, 13.3687, 13.9137, 14.5629, 15.36, 16.3834, 17.7646, 19.4649, 20.139, 16.7521, 9.35006, 3.08173, 0.557276, 0.0531348, 0.00260742, 5.77919e-05, 2.25164e-07
7.46591, 7.51725, 7.57015, 7.62468, 7.68093, 7.73899, 7.79895, 7.86091, 7.92499, 7.9913, 8.05997, 8.13114, 8.20496, 8.28159, 8.36122, 8.44403, 8.53025, 8.62009, 8.71383, 8.81174, 8.91414, 9.02137, 9.13383, 9.25193, 9.37617, 9.50708, 9.64528, 9.79147, 9.94644, 10.1111, 10.2865, 10.4738, 10.6745, 10.8903, 11.123, 11.3752, 11.6496, 11.9497, 12.28, 12.6458, 13.0541, 13.5141, 14.0378, 14.642, 15.3505, 16.1986, 17.2426, 18.58, 20.4084, 23.1892, 27.6425, 32.5468, 31.25, 19.8023, 7.23391, 1.42144, 0.145126, 0.00755217, 0.000185913, 1.20601e-06
30.9362
58.16
 
MEASUREMENT 349
1.4716, 4.41481, 7.36319, 10.3064, 13.2548, 16.2031, 19.1774, 22.1309, 25.0793, 28.0277, 30.9502, 33.8934
7.62598, 7.78351, 8.19505, 8.66848, 9.2728, 9.18533, 10.1996, 11.3388, 12.6114, 16.4371, 11.9198, 0.0478143
0.00921262, 0.0093863, 0.00996025, 0.0107521, 0.0114673, 0.011434, 0.0126361, 0.0139788, 0.0153068, 0.0199118, 0.0144948, 0.00051107
0, 0.589331, 1.17866, 1.76799, 2.35732, 2.94665, 3.53598, 4.12532, 4.71465, 5.30398, 5.89331, 6.48264, 7.07197, 7.6613, 8.25063, 8.83996, 9.42929, 10.0186, 10.608, 11.1973, 11.7866, 12.3759, 12.9653, 13.5546, 14.1439, 14.7333, 15.3226, 15.9119, 16.5013, 17.0906, 17.6799, 18.2693, 18.8586, 19.4479, 20.0372, 20.6266, 21.2159, 21.8052, 22.3946, 22.9839, 23.5732, 24.1626, 24.7519, 25.3412, 25.9306, 26.5199, 27.1092, 27.6985, 28.2879, 28.8772, 29.4665, 30.0559, 30.6452, 31.2345, 31.8239, 32.4132, 33.0025, 33.5919, 34.1812, 34.7705
7.51799, 7.56222, 7.6077, 7.65449, 7.70267, 7.75229, 7.80343, 7.85617, 7.91059, 7.96677, 8.02481, 8.08481, 8.14689, 8.21117, 8.27777, 8.34684, 8.41852, 8.493, 8.57045, 8.65108, 8.7351, 8.82276, 8.91434, 9.01012, 9.11045, 9.2157, 9.32628, 9.44267, 9.5654, 9.69508, 9.83239, 9.97812, 10.1332, 10.2987, 10.4759, 10.6662, 10.8715, 11.0938, 11.3357, 11.6005, 11.8922, 12.216, 12.5785, 12.9887, 13.4591, 14.0075, 14.6607, 15.4626, 16.4921, 17.8808, 19.5876, 20.2626, 16.8713, 9.44822, 3.13419, 0.572338, 0.055298, 0.00275961, 6.30148e-05, 2.47947e-07
7.51799, 7.56969, 7.62295, 7.67786, 7.7345, 7.79296, 7.85333, 7.91572, 7.98024, 8.047, 8.11614, 8.1878, 8.26213, 8.33929, 8.41946, 8.50284, 8.58964, 8.68011, 8.77449, 8.87307, 8.97617, 9.08413, 9.19735, 9.31626, 9.44134, 9.57315, 9.71229, 9.85947, 10.0155, 10.1813, 10.3578, 10.5464, 10.7485, 10.9657, 11.2, 11.4539, 11.7301, 12.0323, 12.3647, 12.733, 13.144, 13.607, 14.1342, 14.7423, 15.4554, 16.309, 17.3597, 18.7056, 20.5458, 23.3438, 27.8187, 32.7395, 31.4546, 19.9944, 7.35038, 1.45845, 0.150884, 0.00798443, 0.000201662, 1.32862e-06
30.9386
58.16
 
MEASUREMENT 350
1.4716, 4.41481, 7.36319, 10.3064, 13.2548, 16.2031, 19.1774, 22.1309, 25.0793, 28.0277, 30.9502, 33.8934
7.60589, 7.76271, 8.17215, 8.64377, 9.24727, 9.16168, 10.1719, 11.3098, 12.6026, 16.3948, 11.8878, 0.0489228
0.00921262, 0.0093863, 0.00996025, 0.0107521, 0.0114673, 0.011434, 0.0126361, 0.0139788, 0.0153068, 0.0199118, 0.0144948, 0.00051107
0, 0.589331, 1.17866, 1.76799, 2.35732, 2.94665, 3.53598, 4.12532, 4.71465, 5.30398, 5.89331, 6.48264, 7.07197, 7.6613, 8.25063, 8.83996, 9.42929, 10.0186, 10.608, 11.1973, 11.7866, 12.3759, 12.9653, 13.5546, 14.1439, 14.7333, 15.3226, 15.9119, 16.5013, 17.0906, 17.6799, 18.2693, 18.8586, 19.4479, 20.0372, 20.6266, 21.2159, 21.8052, 22.3946, 22.9839, 23.5732, 24.1626, 24.7519, 25.3412, 25.9306, 26.5199, 27.1092, 27.6985, 28.2879, 28.8772, 29.4665, 30.0559, 30.6452, 31.2345, 31.8239, 32.4132, 33.0025, 33.5919, 34.1812, 34.7705
7.49769, 7.54182, 7.5872, 7.6339, 7.68197, 7.73149, 7.78253, 7.83515, 7.88946, 7.94552, 8.00344, 8.06333, 8.12528, 8.18942, 8.25589, 8.32482, 8.39637, 8.4707, 8.548, 8.62846, 8.71232, 8.79982, 8.89122, 8.98682, 9.08696, 9.19202, 9.3024, 9.41858, 9.54109, 9.67053, 9.8076, 9.95309, 10.1079, 10.2731, 10.45, 10.6401, 10.845, 11.0669, 11.3085, 11.573, 11.8643, 12.1877, 12.5498, 12.9596, 13.4296, 13.9776, 14.6305, 15.4324, 16.4623, 17.8513, 19.5496, 20.1987, 16.8018, 9.42573, 3.14651, 0.581406, 0.057177, 0.00292239, 6.95207e-05, 2.78842e-07
7.49769, 7.54925, 7.60237, 7.65713, 7.71362, 7.77193, 7.83214, 7.89437, 7.95871, 8.0253, 8.09426, 8.16573, 8.23987, 8.31682, 8.39679, 8.47995, 8.56653, 8.65676, 8.75089, 8.84922, 8.95205, 9.05974, 9.17266, 9.29127, 9.41603, 9.5475, 9.68628, 9.83309, 9.98871, 10.1541, 10.3302, 10.5183, 10.7199, 10.9366, 11.1703, 11.4235, 11.6991, 12.0005, 12.3322, 12.6996, 13.1097, 13.5716, 14.0976, 14.7045, 15.4162, 16.2682, 17.3172, 18.6616, 20.5013, 23.3005, 27.7628, 32.6182, 31.2773, 19.8989, 7.35703, 1.47648, 0.15543, 0.00842155, 0.000220494, 1.49031e-06
30.9371
58.16
 
MEASUREMENT 351
1.4716, 4.41481, 7.36319, 10.3064, 13.2548, 16.2031, 19.1774, 22.1309, 25.0793, 28.0277, 30.9502, 33.8934
7.55523, 7.70729, 8.11666, 8.58525, 9.18433, 9.09707, 10.1012, 11.2313, 12.4908, 16.2801, 11.8061, 0.0468963
0.00921262, 0.0093863, 0.00996025, 0.0107521, 0.0114673, 0.011434, 0.0126361, 0.0139788, 0.0153068, 0.0199118, 0.0144948, 0.00051107
0, 0.589331, 1.17866, 1.76799, 2.35732, 2.94665, 3.53598, 4.12532, 4.71465, 5.30398, 5.89331, 6.48264, 7.07197, 7.6613, 8.25063, 8.83996, 9.42929, 10.0186, 10.608, 11.1973, 11.7866, 12.3759, 12.9653, 13.5546, 14.1439, 14.7333, 15.3226, 15.9119, 16.5013, 17.0906, 17.6799, 18.2693, 18.8586, 19.4479, 20.0372, 20.6266, 21.2159, 21.8052, 22.3946, 22.9839, 23.5732, 24.1626, 24.7519, 25.3412, 25.9306, 26.5199, 27.1092, 27.6985, 28.2879, 28.8772, 29.4665, 30.0559, 30.6452, 31.2345, 31.8239, 32.4132, 33.0025, 33.5919, 34.1812, 34.7705
7.44607, 7.48987, 7.53492, 7.58127, 7.62898, 7.67813, 7.72879, 7.78102, 7.83491, 7.89056, 7.94804, 8.00748, 8.06896, 8.13262, 8.19859, 8.267, 8.338, 8.41177, 8.48848, 8.56833, 8.65155, 8.73838, 8.82908, 8.92395, 9.02332, 9.12757, 9.23709, 9.35237, 9.47393, 9.60237, 9.73837, 9.88271, 10.0363, 10.2002, 10.3757, 10.5642, 10.7675, 10.9877, 11.2273, 11.4896, 11.7785, 12.0992, 12.4582, 12.8646, 13.3305, 13.8736, 14.5205, 15.3147, 16.3341, 17.7097, 19.4025, 20.0774, 16.7177, 9.35305, 3.09486, 0.56275, 0.0540394, 0.00267509, 6.02261e-05, 2.35655e-07
7.44607, 7.49727, 7.55003, 7.60441, 7.66051, 7.71841, 7.7782, 7.83999, 7.90389, 7.97002, 8.0385, 8.10947, 8.18309, 8.25951, 8.33892, 8.4215, 8.50747, 8.59707, 8.69055, 8.78819, 8.8903, 8.99723, 9.10937, 9.22714, 9.35103, 9.48157, 9.61938, 9.76516, 9.91968, 10.0839, 10.2588, 10.4456, 10.6457, 10.8608, 11.0929, 11.3443, 11.6179, 11.9172, 12.2465, 12.6112, 13.0183, 13.4768, 13.9989, 14.6012, 15.3075, 16.1529, 17.1933, 18.5262, 20.3481, 23.118, 27.552, 32.4394, 31.1746, 19.8008, 7.26193, 1.43488, 0.147546, 0.00774538, 0.00019323, 1.26279e-06
30.9384
58.16
 
MEASUREMENT 352
1.4716, 4.41481, 7.36319, 10.3064, 13.2548, 16.2031, 19.1774, 22.1309, 25.0793, 28.0277, 30.9502, 33.8934
7.51186, 7.66785, 8.07191, 8.53668, 9.13309, 9.04838, 10.0453, 11.1688, 12.4342, 16.1914, 11.7399, 0.0465729
0.00921262, 0.0093863, 0.00996025, 0.0107521, 0.0114673, 0.011434, 0.0126361, 0.0139788, 0.0153068, 0.0199118, 0.0144948, 0.00051107
0, 0.589331, 1.17866, 1.76799, 2.35732, 2.94665, 3.53598, 4.12532, 4.71465, 5.30398, 5.89331, 6.48264, 7.07197, 7.6613, 8.25063, 8.83996, 9.42929, 10.0186, 10.608, 11.1973, 11.7866, 12.3759, 12.9653, 13.5546, 14.1439, 14.7333, 15.3226, 15.9119, 16.5013, 17.0906, 17.6799, 18.2693, 18.8586, 19.4479, 20.0372, 20.6266, 21.2159, 21.8052, 22.3946, 22.9839, 23.5732, 24.1626, 24.7519, 25.3412, 25.9306, 26.5199, 27.1092, 27.6985, 28.2879, 28.8772, 29.4665, 30.0559, 30.6452, 31.2345, 31.8239, 32.4132, 33.0025, 33.5919, 34.1812, 34.7705
7.40513, 7.4487, 7.49351, 7.53962, 7.58708, 7.63598, 7.68636, 7.73832, 7.79194, 7.84729, 7.90448, 7.9636, 8.02477, 8.0881, 8.15372, 8.22178, 8.29241, 8.3658, 8.44211, 8.52156, 8.60435, 8.69072, 8.78096, 8.87534, 8.9742, 9.07791, 9.18688, 9.30157, 9.42251, 9.5503, 9.68561, 9.82922, 9.98206, 10.1452, 10.3198, 10.5073, 10.7096, 10.9287, 11.1671, 11.4281, 11.7156, 12.0347, 12.392, 12.7964, 13.2602, 13.8007, 14.4447, 15.2354, 16.2504, 17.6202, 19.305, 19.9724, 16.6222, 9.29423, 3.074, 0.558847, 0.0536715, 0.00265817, 5.98932e-05, 2.34648e-07
7.40513, 7.45605, 7.50852, 7.5626, 7.6184, 7.67598, 7.73545, 7.7969, 7.86045, 7.92622, 7.99433, 8.06491, 8.13813, 8.21413, 8.29311, 8.37524, 8.46075, 8.54986, 8.64283, 8.73994, 8.8415, 8.94785, 9.05938, 9.17651, 9.29972, 9.42956, 9.56663, 9.71161, 9.8653, 10.0286, 10.2025, 10.3883, 10.5874, 10.8014, 11.0322, 11.2823, 11.5544, 11.8521, 12.1796, 12.5424, 12.9473, 13.4034, 13.9228, 14.522, 15.2245, 16.0655, 17.1007, 18.4269, 20.2401, 22.9974, 27.4098, 32.2638, 30.9863, 19.6668, 7.20863, 1.42394, 0.14643, 0.00769015, 0.000191999, 1.25614e-06
30.9374
58.16
 
MEASUREMENT 353
1.4716, 4.41481, 7.36319, 10.3064, 13.2548, 16.2031, 19.1774, 22.1309, 25.0793, 28.0277, 30.9502, 33.8934
7.4921, 7.64517, 8.04992, 8.51554, 9.10852, 9.02365, 10.019, 11.1395, 12.4026, 16.1487, 11.7106, 0.0465054
0.00921262, 0.0093863, 0.00996025, 0.0107521, 0.0114673, 0.011434, 0.0126361, 0.0139788, 0.0153068, 0.0199118, 0.0144948, 0.00051107
0, 0.589331, 1.17866, 1.76799, 2.35732, 2.94665, 3.53598, 4.12532, 4.71465, 5.30398, 5.89331, 6.48264, 7.07197, 7.6613, 8.25063, 8.83996, 9.42929, 10.0186, 10.608, 11.1973, 11.7866, 12.3759, 12.9653, 13.5546, 14.1439, 14.7333, 15.3226, 15.9119, 16.5013, 17.0906, 17.6799, 18.2693, 18.8586, 19.4479, 20.0372, 20.6266, 21.2159, 21.8052, 22.3946, 22.9839, 23.5732, 24.1626, 24.7519, 25.3412, 25.9306, 26.5199, 27.1092, 27.6985, 28.2879, 28.8772, 29.4665, 30.0559, 30.6452, 31.2345, 31.8239, 32.4132, 33.0025, 33.5919, 34.1812, 34.7705
7.3851, 7.42856, 7.47325, 7.51924, 7.56658, 7.61535, 7.66561, 7.71743, 7.77091, 7.82612, 7.88316, 7.94213, 8.00314, 8.06631, 8.13176, 8.19964, 8.27009, 8.34329, 8.41941, 8.49865, 8.58123, 8.66738, 8.75739, 8.85153, 8.95014, 9.05358, 9.16228, 9.27668, 9.39731, 9.52477, 9.65973, 9.80299, 9.95543, 10.1181, 10.2923, 10.4794, 10.6811, 10.8997, 11.1375, 11.3979, 11.6847, 12.003, 12.3594, 12.7628, 13.2254, 13.7647, 14.4071, 15.1959, 16.2087, 17.5753, 19.2562, 19.9217, 16.5802, 9.27168, 3.06734, 0.557887, 0.0536145, 0.00265767, 5.99744e-05, 2.35136e-07
7.3851, 7.43589, 7.48821, 7.54215, 7.59779, 7.65522, 7.71453, 7.77582, 7.8392, 7.90478, 7.97271, 8.0431, 8.11612, 8.19192, 8.27068, 8.35259, 8.43787, 8.52674, 8.61946, 8.7163, 8.81759, 8.92365, 9.03488, 9.15169, 9.27458, 9.40406, 9.54076, 9.68535, 9.83863, 10.0015, 10.175, 10.3603, 10.5588, 10.7722, 11.0024, 11.2518, 11.5232, 11.82, 12.1467, 12.5085, 12.9123, 13.3672, 13.8852, 14.4827, 15.1834, 16.0222, 17.0546, 18.3773, 20.1857, 22.9358, 27.3362, 32.1754, 30.8995, 19.6126, 7.19028, 1.42091, 0.146211, 0.00768521, 0.00019213, 1.25811e-06
30.9373
58.16
 
MEASUREMENT 354
1.4716, 4.41481, 7.36319, 10.3064, 13.2548, 16.2031, 19.1774, 22.1309, 25.0793, 28.0277, 30.9502, 33.8934
7.46621, 7.61897, 8.02335, 8.48399, 9.07855, 8.99212, 9.98411, 11.0997, 12.3575, 16.0931, 11.6689, 0.0464782
0.00921262, 0.0093863, 0.00996025, 0.0107521, 0.0114673, 0.011434, 0.0126361, 0.0139788, 0.0153068, 0.0199118, 0.0144948, 0.00051107
0, 0.589331, 1.17866, 1.76799, 2.35732, 2.94665, 3.53598, 4.12532, 4.71465, 5.30398, 5.89331, 6.48264, 7.07197, 7.6613, 8.25063, 8.83996, 9.42929, 10.0186, 10.608, 11.1973, 11.7866, 12.3759, 12.9653, 13.5546, 14.1439, 14.7333, 15.3226, 15.9119, 16.5013, 17.0906, 17.6799, 18.2693, 18.8586, 19.4479, 20.0372, 20.6266, 21.2159, 21.8052, 22.3946, 22.9839, 23.5732, 24.1626, 24.7519, 25.3412, 25.9306, 26.5199, 27.1092, 27.6985, 28.2879, 28.8772, 29.4665, 30.0559, 30.6452, 31.2345, 31.8239, 32.4132, 33.0025, 33.5919, 34.1812, 34.7705
7.35959, 7.40289, 7.44743, 7.49325, 7.54043, 7.58902, 7.6391, 7.69075, 7.74403, 7.79905, 7.85589, 7.91465, 7.97544, 8.03839, 8.10361, 8.17125, 8.24145, 8.31439, 8.39024, 8.4692, 8.55148, 8.63734, 8.72702, 8.82083, 8.91909, 9.02216, 9.13047, 9.24446, 9.36466, 9.49167, 9.62615, 9.7689, 9.9208, 10.0829, 10.2564, 10.4429, 10.6439, 10.8617, 11.0987, 11.3581, 11.6438, 11.961, 12.3162, 12.7181, 13.179, 13.7163, 14.3564, 15.1424, 16.1514, 17.513, 19.1868, 19.8481, 16.519, 9.24046, 3.05937, 0.557152, 0.0536411, 0.00266531, 6.03982e-05, 2.37158e-07
7.35959, 7.4102, 7.46234, 7.51609, 7.57154, 7.62877, 7.68787, 7.74895, 7.81211, 7.87747, 7.94516, 8.01531, 8.08808, 8.16361, 8.2421, 8.32373, 8.40871, 8.49727, 8.58967, 8.68618, 8.78711, 8.89281, 9.00365, 9.12007, 9.24252, 9.37156, 9.50778, 9.65188, 9.80462, 9.96692, 10.1398, 10.3244, 10.5223, 10.7349, 10.9643, 11.2129, 11.4833, 11.7792, 12.1047, 12.4652, 12.8676, 13.321, 13.8371, 14.4326, 15.1309, 15.9668, 16.9956, 18.3137, 20.116, 22.8568, 27.2412, 32.0601, 30.7878, 19.5474, 7.17181, 1.41907, 0.146286, 0.00770736, 0.000193385, 1.26928e-06
30.9375
58.16
 
MEASUREMENT 355
1.4716, 4.41481, 7.36319, 10.3064, 13.2548, 16.2031, 19.1774, 22.1309, 25.0793, 28.0277, 30.9502, 33.8934
7.45943, 7.61254, 8.01293, 8.47695, 9.06665, 8.98249, 9.97313, 11.0904, 12.3452, 16.074, 11.6568, 0.0471046
0.00921262, 0.0093863, 0.00996025, 0.0107521, 0.0114673, 0.011434, 0.0126361, 0.0139788, 0.0153068, 0.0199118, 0.0144948, 0.00051107
0, 0.589331, 1.17866, 1.76799, 2.35732, 2.94665, 3.53598, 4.12532, 4.71465, 5.30398, 5.89331, 6.48264, 7.07197, 7.6613, 8.25063, 8.83996, 9.42929, 10.0186, 10.608, 11.1973, 11.7866, 12.3759, 12.9653, 13.5546, 14.1439, 14.7333, 15.3226, 15.9119, 16.5013, 17.0906, 17.6799, 18.2693, 18.8586, 19.4479, 20.0372, 20.6266, 21.2159, 21.8052, 22.3946, 22.9839, 23.5732, 24.1626, 24.7519, 25.3412, 25.9306, 26.5199, 27.1092, 27.6985, 28.2879, 28.8772, 29.4665, 30.0559, 30.6452, 31.2345, 31.8239, 32.4132, 33.0025, 33.5919, 34.1812, 34.7705
7.35222, 7.39547, 7.43996, 7.48573, 7.53286, 7.5814, 7.63142, 7.68301, 7.73624, 7.79119, 7.84797, 7.90666, 7.96739, 8.03026, 8.09541, 8.16297, 8.2331, 8.30595, 8.38172, 8.46058, 8.54278, 8.62853, 8.71811, 8.81181, 8.90996, 9.01292, 9.1211, 9.23496, 9.35502, 9.48188, 9.61621, 9.75879, 9.91051, 10.0724, 10.2458, 10.432, 10.6328, 10.8503, 11.087, 11.3461, 11.6315, 11.9483, 12.303, 12.7044, 13.1648, 13.7014, 14.3408, 15.1257, 16.1336, 17.4932, 19.1614, 19.814, 16.4919, 9.23964, 3.07049, 0.562644, 0.0546471, 0.00274664, 6.34971e-05, 2.51281e-07
7.35222, 7.40277, 7.45486, 7.50856, 7.56396, 7.62113, 7.68017, 7.74118, 7.80428, 7.86957, 7.93719, 8.00727, 8.07996, 8.15542, 8.23383, 8.31538, 8.40027, 8.48874, 8.58104, 8.67745, 8.77828, 8.88387, 8.9946, 9.11089, 9.23323, 9.36213, 9.49821, 9.64216, 9.79474, 9.95687, 10.1296, 10.314, 10.5116, 10.7241, 10.9533, 11.2015, 11.4717, 11.7672, 12.0924, 12.4526, 12.8546, 13.3074, 13.8231, 14.418, 15.1155, 15.9506, 16.9785, 18.2954, 20.0965, 22.8358, 27.2123, 32.0086, 30.7318, 19.5377, 7.19391, 1.43215, 0.148927, 0.00793651, 0.000202631, 1.34525e-06
30.938
58.16
 
MEASUREMENT 356
1.4716, 4.41481, 7.36319, 10.3064, 13.2548, 16.2031, 19.1774, 22.1309, 25.0793, 28.0277, 30.9502, 33.8934
7.38547, 7.53648, 7.93502, 8.3932, 8.98051, 8.89502, 9.8762, 10.9799, 12.2244, 15.9197, 11.5424, 0.0455634
0.00921262, 0.0093863, 0.00996025, 0.0107521, 0.0114673, 0.011434, 0.0126361, 0.0139788, 0.0153068, 0.0199118, 0.0144948, 0.00051107
0, 0.589331, 1.17866, 1.76799, 2.35732, 2.94665, 3.53598, 4.12532, 4.71465, 5.30398, 5.89331, 6.48264, 7.07197, 7.6613, 8.25063, 8.83996, 9.42929, 10.0186, 10.608, 11.1973, 11.7866, 12.3759, 12.9653, 13.5546, 14.1439, 14.7333, 15.3226, 15.9119, 16.5013, 17.0906, 17.6799, 18.2693, 18.8586, 19.4479, 20.0372, 20.6266, 21.2159, 21.8052, 22.3946, 22.9839, 23.5732, 24.1626, 24.7519, 25.3412, 25.9306, 26.5199, 27.1092, 27.6985, 28.2879, 28.8772, 29.4665, 30.0559, 30.6452, 31.2345, 31.8239, 32.4132, 33.0025, 33.5919, 34.1812, 34.7705
7.27986, 7.32269, 7.36675, 7.41208, 7.45875, 7.50682, 7.55636, 7.60745, 7.66016, 7.71459, 7.77081, 7.82894, 7.88908, 7.95135, 8.01587, 8.08278, 8.15223, 8.22439, 8.29942, 8.37753, 8.45893, 8.54386, 8.63258, 8.72538, 8.82259, 8.92456, 9.0317, 9.14447, 9.26338, 9.38902, 9.52207, 9.66328, 9.81355, 9.97392, 10.1456, 10.33, 10.5289, 10.7443, 10.9788, 11.2354, 11.5181, 11.8319, 12.1833, 12.5809, 13.0369, 13.5685, 14.2018, 14.9793, 15.9775, 17.3248, 18.9828, 19.6416, 16.3459, 9.13453, 3.01729, 0.547388, 0.0524168, 0.00258615, 5.78785e-05, 2.26222e-07
7.27986, 7.32992, 7.3815, 7.43467, 7.48952, 7.54613, 7.60459, 7.66501, 7.72748, 7.79214, 7.85909, 7.92849, 8.00046, 8.07518, 8.15282, 8.23357, 8.31763, 8.40523, 8.49663, 8.5921, 8.69194, 8.7965, 8.90614, 9.02129, 9.14243, 9.27007, 9.40482, 9.54735, 9.69845, 9.85899, 10.03, 10.2126, 10.4083, 10.6187, 10.8456, 11.0915, 11.359, 11.6517, 11.9736, 12.3303, 12.7284, 13.1768, 13.6874, 14.2765, 14.9671, 15.794, 16.8117, 18.1155, 19.8979, 22.6084, 26.9476, 31.7248, 30.4688, 19.3282, 7.07555, 1.39474, 0.143007, 0.00748191, 0.00018571, 1.21054e-06
30.9371
58.16
 
MEASUREMENT 357
1.4716, 4.41481, 7.36319, 10.3064, 13.2548, 16.2031, 19.1774, 22.1309, 25.0793, 28.0277, 30.9502, 33.8934
7.38726, 7.53843, 7.93721, 8.39693, 8.9807, 8.89652, 9.87684, 10.9828, 12.2283, 15.921, 11.5461, 0.0458046
0.00921262, 0.0093863, 0.00996025, 0.0107521, 0.0114673, 0.011434, 0.0126361, 0.0139788, 0.0153068, 0.0199118, 0.0144948, 0.00051107
0, 0.589331, 1.17866, 1.76799, 2.35732, 2.94665, 3.53598, 4.12532, 4.71465, 5.30398, 5.89331, 6.48264, 7.07197, 7.6613, 8.25063, 8.83996, 9.42929, 10.0186, 10.608, 11.1973, 11.7866, 12.3759, 12.9653, 13.5546, 14.1439, 14.7333, 15.3226, 15.9119, 16.5013, 17.0906, 17.6799, 18.2693, 18.8586, 19.4479, 20.0372, 20.6266, 21.2159, 21.8052, 22.3946, 22.9839, 23.5732, 24.1626, 24.7519, 25.3412, 25.9306, 26.5199, 27.1092, 27.6985, 28.2879, 28.8772, 29.4665, 30.0559, 30.6452, 31.2345, 31.8239, 32.4132, 33.0025, 33.5919, 34.1812, 34.7705
7.28167, 7.32451, 7.36857, 7.41391, 7.46059, 7.50867, 7.55822, 7.60931, 7.66203, 7.71646, 7.7727, 7.83084, 7.89099, 7.95326, 8.01779, 8.08471, 8.15417, 8.22633, 8.30138, 8.3795, 8.46091, 8.54585, 8.63458, 8.72739, 8.82461, 8.92659, 9.03375, 9.14653, 9.26545, 9.39111, 9.52416, 9.66539, 9.81568, 9.97606, 10.1478, 10.3322, 10.5311, 10.7465, 10.981, 11.2377, 11.5204, 11.8342, 12.1855, 12.5832, 13.0392, 13.5707, 14.204, 14.9814, 15.9796, 17.3265, 18.9835, 19.6413, 16.3487, 9.14224, 3.02381, 0.549674, 0.0527792, 0.00261307, 5.88416e-05, 2.30444e-07
7.28167, 7.33174, 7.38333, 7.43651, 7.49138, 7.548, 7.60647, 7.6669, 7.7294, 7.79407, 7.86104, 7.93044, 8.00244, 8.07718, 8.15483, 8.2356, 8.31968, 8.4073, 8.49872, 8.59421, 8.69407, 8.79865, 8.90831, 9.02349, 9.14465, 9.27232, 9.4071, 9.54967, 9.70079, 9.86136, 10.0324, 10.2151, 10.4108, 10.6212, 10.8482, 11.0941, 11.3617, 11.6544, 11.9764, 12.3331, 12.7313, 13.1798, 13.6905, 14.2796, 14.9704, 15.7974, 16.8152, 18.1192, 19.9019, 22.6126, 26.951, 31.7258, 30.4736, 19.3437, 7.09045, 1.40048, 0.143988, 0.00755929, 0.000188628, 1.23349e-06
30.9376
58.16
 
MEASUREMENT 358
1.4716, 4.41481, 7.36319, 10.3064, 13.2548, 16.2031, 19.1774, 22.1309, 25.0793, 28.0277, 30.9502, 33.8934
7.38439, 7.53638, 7.93664, 8.39386, 8.97969, 8.89437, 9.87684, 10.9817, 12.2257, 15.9195, 11.5441, 0.0465936
0.00921262, 0.0093863, 0.00996025, 0.0107521, 0.0114673, 0.011434, 0.0126361, 0.0139788, 0.0153068, 0.0199118, 0.0144948, 0.00051107
0, 0.589331, 1.17866, 1.76799, 2.35732, 2.94665, 3.53598, 4.12532, 4.71465, 5.30398, 5.89331, 6.48264, 7.07197, 7.6613, 8.25063, 8.83996, 9.42929, 10.0186, 10.608, 11.1973, 11.7866, 12.3759, 12.9653, 13.5546, 14.1439, 14.7333, 15.3226, 15.9119, 16.5013, 17.0906, 17.6799, 18.2693, 18.8586, 19.4479, 20.0372, 20.6266, 21.2159, 21.8052, 22.3946, 22.9839, 23.5732, 24.1626, 24.7519, 25.3412, 25.9306, 26.5199, 27.1092, 27.6985, 28.2879, 28.8772, 29.4665, 30.0559, 30.6452, 31.2345, 31.8239, 32.4132, 33.0025, 33.5919, 34.1812, 34.7705
7.27998, 7.32281, 7.36687, 7.41221, 7.45888, 7.50695, 7.55649, 7.60758, 7.6603, 7.71472, 7.77095, 7.82908, 7.88923, 7.9515, 8.01602, 8.08293, 8.15239, 8.22454, 8.29958, 8.37769, 8.4591, 8.54403, 8.63275, 8.72556, 8.82277, 8.92474, 9.03189, 9.14466, 9.26358, 9.38923, 9.52228, 9.6635, 9.81378, 9.97416, 10.1459, 10.3303, 10.5292, 10.7446, 10.9791, 11.2358, 11.5185, 11.8323, 12.1837, 12.5814, 13.0375, 13.5691, 14.2026, 14.9804, 15.9791, 17.3265, 18.9796, 19.6256, 16.3325, 9.14782, 3.03891, 0.556638, 0.0540415, 0.00271504, 6.27196e-05, 2.48235e-07
7.27998, 7.33003, 7.38161, 7.43479, 7.48964, 7.54625, 7.60471, 7.66513, 7.7276, 7.79226, 7.85921, 7.92861, 8.00058, 8.0753, 8.15294, 8.23369, 8.31775, 8.40535, 8.49675, 8.59222, 8.69206, 8.79661, 8.90626, 9.02141, 9.14254, 9.27019, 9.40494, 9.54747, 9.69857, 9.8591, 10.0301, 10.2128, 10.4085, 10.6188, 10.8458, 11.0916, 11.3591, 11.6518, 11.9738, 12.3304, 12.7285, 13.177, 13.6876, 14.2767, 14.9674, 15.7944, 16.8124, 18.1166, 19.9005, 22.6137, 26.9485, 31.6961, 30.4249, 19.3358, 7.11664, 1.41614, 0.147196, 0.00784073, 0.000200057, 1.32788e-06
30.9376
58.16
 
MEASUREMENT 359
1.4716, 4.41481, 7.36319, 10.3064, 13.2548, 16.2031, 19.1774, 22.1309, 25.0793, 28.0277, 30.9502, 33.8934
7.47272, 7.62531, 8.03048, 8.49229, 9.08558, 9.00013, 9.99428, 11.112, 12.3705, 16.1082, 11.6931, 0.0463432
0.00921262, 0.0093863, 0.00996025, 0.0107521, 0.0114673, 0.011434, 0.0126361, 0.0139788, 0.0153068, 0.0199118, 0.0144948, 0.00051107
0, 0.589331, 1.17866, 1.76799, 2.35732, 2.94665, 3.53598, 4.12532, 4.71465, 5.30398, 5.89331, 6.48264, 7.07197, 7.6613, 8.25063, 8.83996, 9.42929, 10.0186, 10.608, 11.1973, 11.7866, 12.3759, 12.9653, 13.5546, 14.1439, 14.7333, 15.3226, 15.9119, 16.5013, 17.0906, 17.6799, 18.2693, 18.8586, 19.4479, 20.0372, 20.6266, 21.2159, 21.8052, 22.3946, 22.9839, 23.5732, 24.1626, 24.7519, 25.3412, 25.9306, 26.5199, 27.1092, 27.6985, 28.2879, 28.8772, 29.4665, 30.0559, 30.6452, 31.2345, 31.8239, 32.4132, 33.0025, 33.5919, 34.1812, 34.7705
7.36607, 7.40942, 7.454, 7.49987, 7.5471, 7.59575, 7.64589, 7.69758, 7.75093, 7.806, 7.8629, 7.92173, 7.98259, 8.04561, 8.1109, 8.17861, 8.2489, 8.32191, 8.39785, 8.47689, 8.55927, 8.64522, 8.735, 8.82892, 8.92729, 9.03048, 9.13891, 9.25303, 9.37337, 9.50052, 9.63516, 9.77807, 9.93014, 10.0924, 10.2662, 10.4528, 10.6541, 10.8721, 11.1094, 11.3691, 11.6552, 11.9727, 12.3283, 12.7307, 13.1921, 13.73, 14.3708, 15.1576, 16.1675, 17.5306, 19.21, 19.8847, 16.5621, 9.2656, 3.0642, 0.556522, 0.0533446, 0.00263418, 5.90475e-05, 2.30721e-07
7.36607, 7.41672, 7.4689, 7.5227, 7.5782, 7.63547, 7.69463, 7.75575, 7.81897, 7.88438, 7.95213, 8.02234, 8.09516, 8.17076, 8.24931, 8.33101, 8.41606, 8.50469, 8.59716, 8.69375, 8.79477, 8.90055, 9.01148, 9.12798, 9.25054, 9.37968, 9.51601, 9.66021, 9.81308, 9.9755, 10.1485, 10.3333, 10.5313, 10.7441, 10.9737, 11.2224, 11.493, 11.7891, 12.1148, 12.4756, 12.8783, 13.3319, 13.8484, 14.4442, 15.1428, 15.979, 17.0082, 18.3266, 20.1285, 22.8679, 27.2544, 32.0944, 30.8485, 19.5911, 7.18042, 1.41702, 0.145438, 0.00761555, 0.000189252, 1.23356e-06
30.9385
58.17
 
MEASUREMENT 360
1.4716, 4.41481, 7.36319, 10.3064, 13.2548, 16.2031, 19.1774, 22.1309, 25.0793, 28.0277, 30.9502, 33.8934
7.5637, 7.71871, 8.12529, 8.5966, 9.1947, 9.10935, 10.1138, 11.2443, 12.5182, 16.3017, 11.8105, 0.0463779
0.00921262, 0.0093863, 0.00996025, 0.0107521, 0.0114673, 0.011434, 0.0126361, 0.0139788, 0.0153068, 0.0199118, 0.0144948, 0.00051107
0, 0.589331, 1.17866, 1.76799, 2.35732, 2.94665, 3.53598, 4.12532, 4.71465, 5.30398, 5.89331, 6.48264, 7.07197, 7.6613, 8.25063, 8.83996, 9.42929, 10.0186, 10.608, 11.1973, 11.7866, 12.3759, 12.9653, 13.5546, 14.1439, 14.7333, 15.3226, 15.9119, 16.5013, 17.0906, 17.6799, 18.2693, 18.8586, 19.4479, 20.0372, 20.6266, 21.2159, 21.8052, 22.3946, 22.9839, 23.5732, 24.1626, 24.7519, 25.3412, 25.9306, 26.5199, 27.1092, 27.6985, 28.2879, 28.8772, 29.4665, 30.0559, 30.6452, 31.2345, 31.8239, 32.4132, 33.0025, 33.5919, 34.1812, 34.7705
7.45533, 7.4992, 7.54431, 7.59073, 7.63851, 7.68774, 7.73847, 7.79078, 7.84475, 7.90048, 7.95805, 8.01757, 8.07915, 8.14291, 8.20898, 8.27749, 8.3486, 8.42248, 8.49931, 8.57929, 8.66264, 8.7496, 8.84045, 8.93547, 9.035, 9.13941, 9.24911, 9.36458, 9.48633, 9.61498, 9.7512, 9.89579, 10.0497, 10.2139, 10.3896, 10.5785, 10.7821, 11.0027, 11.2428, 11.5055, 11.795, 12.1162, 12.476, 12.8832, 13.35, 13.8943, 14.5427, 15.3388, 16.3609, 17.7403, 19.4375, 20.1083, 16.7257, 9.33776, 3.08, 0.557707, 0.0532798, 0.00262135, 5.83709e-05, 2.27829e-07
7.45533, 7.5066, 7.55943, 7.61388, 7.67006, 7.72803, 7.78791, 7.84978, 7.91377, 7.97998, 8.04856, 8.11962, 8.19334, 8.26987, 8.34938, 8.43208, 8.51817, 8.60789, 8.70149, 8.79927, 8.90152, 9.0086, 9.1209, 9.23883, 9.36289, 9.49362, 9.63163, 9.77761, 9.93236, 10.0968, 10.2719, 10.459, 10.6594, 10.8749, 11.1073, 11.3591, 11.6331, 11.9329, 12.2626, 12.6279, 13.0357, 13.495, 14.018, 14.6214, 15.3289, 16.1759, 17.2184, 18.5541, 20.3803, 23.1577, 27.6044, 32.4968, 31.1976, 19.7728, 7.2282, 1.42217, 0.145481, 0.0075902, 0.000187601, 1.22015e-06
30.9362
58.16
 
MEASUREMENT 361
1.4716, 4.41481, 7.36319, 10.3064, 13.2548, 16.2031, 19.1774, 22.1309, 25.0793, 28.0277, 30.9502, 33.8934
7.54149, 7.69848, 8.104, 8.57275, 9.16942, 9.08524, 10.0854, 11.2149, 12.4964, 16.2591, 11.8007, 0.0468984
0.00921262, 0.0093863, 0.00996025, 0.0107521, 0.0114673, 0.011434, 0.0126361, 0.0139788, 0.0153068, 0.0199118, 0.0144948, 0.00051107
0, 0.589331, 1.17866, 1.76799, 2.35732, 2.94665, 3.53598, 4.12532, 4.71465, 5.30398, 5.89331, 6.48264, 7.07197, 7.6613, 8.25063, 8.83996, 9.42929, 10.0186, 10.608, 11.1973, 11.7866, 12.3759, 12.9653, 13.5546, 14.1439, 14.7333, 15.3226, 15.9119, 16.5013, 17.0906, 17.6799, 18.2693, 18.8586, 19.4479, 20.0372, 20.6266, 21.2159, 21.8052, 22.3946, 22.9839, 23.5732, 24.1626, 24.7519, 25.3412, 25.9306, 26.5199, 27.1092, 27.6985, 28.2879, 28.8772, 29.4665, 30.0559, 30.6452, 31.2345, 31.8239, 32.4132, 33.0025, 33.5919, 34.1812, 34.7705
7.43477, 7.47853, 7.52354, 7.56985, 7.61753, 7.66664, 7.71726, 7.76945, 7.8233, 7.87891, 7.93635, 7.99574, 8.05718, 8.1208, 8.18672, 8.25508, 8.32604, 8.39975, 8.47642, 8.55622, 8.63939, 8.72616, 8.81681, 8.91163, 9.01095, 9.11513, 9.22461, 9.33983, 9.46133, 9.58971, 9.72565, 9.86994, 10.0235, 10.1874, 10.3628, 10.5513, 10.7545, 10.9746, 11.2142, 11.4765, 11.7654, 12.0861, 12.4451, 12.8516, 13.3176, 13.8609, 14.5082, 15.303, 16.3234, 17.7008, 19.3958, 20.0709, 16.7099, 9.34726, 3.09305, 0.562616, 0.0540656, 0.00267944, 6.04434e-05, 2.36942e-07
7.43477, 7.48589, 7.53857, 7.59287, 7.64888, 7.7067, 7.7664, 7.8281, 7.89191, 7.95794, 8.02632, 8.09718, 8.17069, 8.247, 8.32629, 8.40875, 8.4946, 8.58406, 8.6774, 8.7749, 8.87686, 8.98363, 9.09561, 9.21321, 9.33691, 9.46726, 9.60487, 9.75044, 9.90474, 10.0687, 10.2433, 10.4299, 10.6297, 10.8445, 11.0763, 11.3273, 11.6005, 11.8994, 12.2282, 12.5924, 12.9989, 13.4568, 13.9783, 14.5798, 15.2851, 16.1294, 17.1686, 18.4999, 20.3201, 23.0878, 27.5168, 32.391, 31.1134, 19.7532, 7.24305, 1.4314, 0.147275, 0.00773916, 0.000193395, 1.26578e-06
30.9377
58.17
 
MEASUREMENT 362
1.4716, 4.41481, 7.36319, 10.3064, 13.2548, 16.2031, 19.1774, 22.1309, 25.0793, 28.0277, 30.9502, 33.8934
7.48162, 7.6328, 8.03636, 8.50158, 9.09496, 9.00862, 10.0031, 11.1225, 12.3718, 16.1238, 11.6816, 0.0468981
0.00921262, 0.0093863, 0.00996025, 0.0107521, 0.0114673, 0.011434, 0.0126361, 0.0139788, 0.0153068, 0.0199118, 0.0144948, 0.00051107
0, 0.589331, 1.17866, 1.76799, 2.35732, 2.94665, 3.53598, 4.12532, 4.71465, 5.30398, 5.89331, 6.48264, 7.07197, 7.6613, 8.25063, 8.83996, 9.42929, 10.0186, 10.608, 11.1973, 11.7866, 12.3759, 12.9653, 13.5546, 14.1439, 14.7333, 15.3226, 15.9119, 16.5013, 17.0906, 17.6799, 18.2693, 18.8586, 19.4479, 20.0372, 20.6266, 21.2159, 21.8052, 22.3946, 22.9839, 23.5732, 24.1626, 24.7519, 25.3412, 25.9306, 26.5199, 27.1092, 27.6985, 28.2879, 28.8772, 29.4665, 30.0559, 30.6452, 31.2345, 31.8239, 32.4132, 33.0025, 33.5919, 34.1812, 34.7705
7.37347, 7.41685, 7.46146, 7.50736, 7.55461, 7.60329, 7.65345, 7.70518, 7.75855, 7.81366, 7.87059, 7.92945, 7.99034, 8.05339, 8.11872, 8.18647, 8.25679, 8.32984, 8.40582, 8.4849, 8.56732, 8.65331, 8.74314, 8.8371, 8.93552, 9.03876, 9.14724, 9.26141, 9.3818, 9.50901, 9.6437, 9.78667, 9.93881, 10.1012, 10.275, 10.4617, 10.663, 10.8811, 11.1185, 11.3783, 11.6645, 11.9821, 12.3378, 12.7404, 13.202, 13.7401, 14.3811, 15.1683, 16.1789, 17.5422, 19.215, 19.8672, 16.5283, 9.25023, 3.06863, 0.560915, 0.0543051, 0.00271868, 6.24201e-05, 2.46433e-07
7.37347, 7.42417, 7.47642, 7.53027, 7.58583, 7.64316, 7.70238, 7.76357, 7.82685, 7.89234, 7.96016, 8.03044, 8.10335, 8.17903, 8.25767, 8.33945, 8.42459, 8.51333, 8.6059, 8.7026, 8.80372, 8.90962, 9.02068, 9.13731, 9.26001, 9.38929, 9.52578, 9.67015, 9.82319, 9.98579, 10.159, 10.344, 10.5422, 10.7553, 10.9852, 11.2342, 11.5052, 11.8016, 12.1277, 12.489, 12.8922, 13.3465, 13.8637, 14.4604, 15.1601, 15.9977, 17.0289, 18.35, 20.157, 22.9054, 27.2977, 32.1101, 30.8188, 19.574, 7.19504, 1.42888, 0.148116, 0.00786242, 0.000199561, 1.32022e-06
30.9371
58.16
 
MEASUREMENT 363
1.4716, 4.41481, 7.36319, 10.3064, 13.2548, 16.2031, 19.1774, 22.1309, 25.0793, 28.0277, 30.9502, 33.8934
7.42261, 7.57429, 7.97565, 8.43395, 9.02371, 8.94008, 9.92549, 11.0343, 12.2864, 15.998, 11.6005, 0.0461768
0.00921262, 0.0093863, 0.00996025, 0.0107521, 0.0114673, 0.011434, 0.0126361, 0.0139788, 0.0153068, 0.0199118, 0.0144948, 0.00051107
0, 0.589331, 1.17866, 1.76799, 2.35732, 2.94665, 3.53598, 4.12532, 4.71465, 5.30398, 5.89331, 6.48264, 7.07197, 7.6613, 8.25063, 8.83996, 9.42929, 10.0186, 10.608, 11.1973, 11.7866, 12.3759, 12.9653, 13.5546, 14.1439, 14.7333, 15.3226, 15.9119, 16.5013, 17.0906, 17.6799, 18.2693, 18.8586, 19.4479, 20.0372, 20.6266, 21.2159, 21.8052, 22.3946, 22.9839, 23.5732, 24.1626, 24.7519, 25.3412, 25.9306, 26.5199, 27.1092, 27.6985, 28.2879, 28.8772, 29.4665, 30.0559, 30.6452, 31.2345, 31.8239, 32.4132, 33.0025, 33.5919, 34.1812, 34.7705
7.31625, 7.3593, 7.40357, 7.44913, 7.49603, 7.54434, 7.59412, 7.64546, 7.69844, 7.75313, 7.80964, 7.86805, 7.92849, 7.99107, 8.05591, 8.12315, 8.19294, 8.26545, 8.34086, 8.41936, 8.50116, 8.58651, 8.67567, 8.76893, 8.86661, 8.96909, 9.07676, 9.19008, 9.30958, 9.43585, 9.56954, 9.71145, 9.86247, 10.0236, 10.1962, 10.3815, 10.5814, 10.7978, 11.0335, 11.2914, 11.5755, 11.8908, 12.2439, 12.6435, 13.1017, 13.6359, 14.2723, 15.0536, 16.0568, 17.4105, 19.0748, 19.7325, 16.4225, 9.1857, 3.04074, 0.553616, 0.0532823, 0.00264631, 5.99213e-05, 2.35228e-07
7.31625, 7.36656, 7.41839, 7.47183, 7.52695, 7.58384, 7.6426, 7.70332, 7.76611, 7.83108, 7.89837, 7.96811, 8.04045, 8.11554, 8.19356, 8.27471, 8.35919, 8.44723, 8.53909, 8.63503, 8.73537, 8.84045, 8.95064, 9.06636, 9.1881, 9.31638, 9.4518, 9.59504, 9.74689, 9.90823, 10.0801, 10.2637, 10.4603, 10.6717, 10.8998, 11.1469, 11.4157, 11.7098, 12.0334, 12.3918, 12.7919, 13.2426, 13.7557, 14.3477, 15.0418, 15.8728, 16.8956, 18.206, 19.9977, 22.7224, 27.0812, 31.8722, 30.6068, 19.4308, 7.12784, 1.41, 0.145301, 0.00765209, 0.000191869, 1.25882e-06
30.9374
58.16
 
MEASUREMENT 364
1.4716, 4.41481, 7.36319, 10.3064, 13.2548, 16.2031, 19.1774, 22.1309, 25.0793, 28.0277, 30.9502, 33.8934
7.28633, 7.43774, 7.82986, 8.28172, 8.86069, 8.77601, 9.74542, 10.8352, 12.064, 15.7103, 11.3914, 0.045239
0.00921262, 0.0093863, 0.00996025, 0.0107521, 0.0114673, 0.011434, 0.0126361, 0.0139788, 0.0153068, 0.0199118, 0.0144948, 0.00051107
0, 0.589331, 1.17866, 1.76799, 2.35732, 2.94665, 3.53598, 4.12532, 4.71465, 5.30398, 5.89331, 6.48264, 7.07197, 7.6613, 8.25063, 8.83996, 9.42929, 10.0186, 10.608, 11.1973, 11.7866, 12.3759, 12.9653, 13.5546, 14.1439, 14.7333, 15.3226, 15.9119, 16.5013, 17.0906, 17.6799, 18.2693, 18.8586, 19.4479, 20.0372, 20.6266, 21.2159, 21.8052, 22.3946, 22.9839, 23.5732, 24.1626, 24.7519, 25.3412, 25.9306, 26.5199, 27.1092, 27.6985, 28.2879, 28.8772, 29.4665, 30.0559, 30.6452, 31.2345, 31.8239, 32.4132, 33.0025, 33.5919, 34.1812, 34.7705
7.18305, 7.22532, 7.2688, 7.31354, 7.35959, 7.40703, 7.45592, 7.50634, 7.55836, 7.61206, 7.66755, 7.72492, 7.78427, 7.84572, 7.90939, 7.97542, 8.04396, 8.11517, 8.18922, 8.2663, 8.34663, 8.43045, 8.51801, 8.60959, 8.70552, 8.80616, 8.9119, 9.02319, 9.14054, 9.26454, 9.39585, 9.53521, 9.68352, 9.8418, 10.0112, 10.1933, 10.3896, 10.6022, 10.8336, 11.0869, 11.3659, 11.6756, 12.0224, 12.4149, 12.865, 13.3898, 14.0149, 14.7825, 15.7681, 17.0982, 18.7337, 19.3803, 16.1276, 9.0176, 2.9832, 0.542642, 0.0521634, 0.00258688, 5.84211e-05, 2.29189e-07
7.18305, 7.23244, 7.28334, 7.3358, 7.38992, 7.44578, 7.50347, 7.56308, 7.62473, 7.68852, 7.75459, 7.82306, 7.89408, 7.96781, 8.04441, 8.12408, 8.20703, 8.29347, 8.38365, 8.47785, 8.57636, 8.67953, 8.78772, 8.90134, 9.02086, 9.14681, 9.27977, 9.42041, 9.5695, 9.7279, 9.89664, 10.0769, 10.27, 10.4775, 10.7014, 10.944, 11.208, 11.4968, 11.8145, 12.1664, 12.5592, 13.0017, 13.5055, 14.0868, 14.7683, 15.5843, 16.5886, 17.8752, 19.6346, 22.3103, 26.5909, 31.2954, 30.0486, 19.0689, 6.9904, 1.3815, 0.142189, 0.00747692, 0.000187048, 1.22558e-06
30.937
58.16
 
MEASUREMENT 365
1.4716, 4.41481, 7.36319, 10.3064, 13.2548, 16.2031, 19.1774, 22.1309, 25.0793, 28.0277, 30.9502, 33.8934
7.20069, 7.34903, 7.7371, 8.18486, 8.75529, 8.67439, 9.63081, 10.708, 11.932, 15.5244, 11.2679, 0.0449008
0.00921262, 0.0093863, 0.00996025, 0.0107521, 0.0114673, 0.011434, 0.0126361, 0.0139788, 0.0153068, 0.0199118, 0.0144948, 0.00051107
0, 0.589331, 1.17866, 1.76799, 2.35732, 2.94665, 3.53598, 4.12532, 4.71465, 5.30398, 5.89331, 6.48264, 7.07197, 7.6613, 8.25063, 8.83996, 9.42929, 10.0186, 10.608, 11.1973, 11.7866, 12.3759, 12.9653, 13.5546, 14.1439, 14.7333, 15.3226, 15.9119, 16.5013, 17.0906, 17.6799, 18.2693, 18.8586, 19.4479, 20.0372, 20.6266, 21.2159, 21.8052, 22.3946, 22.9839, 23.5732, 24.1626, 24.7519, 25.3412, 25.9306, 26.5199, 27.1092, 27.6985, 28.2879, 28.8772, 29.4665, 30.0559, 30.6452, 31.2345, 31.8239, 32.4132, 33.0025, 33.5919, 34.1812, 34.7705
7.09841, 7.1402, 7.18317, 7.2274, 7.27292, 7.31981, 7.36814, 7.41798, 7.4694, 7.52249, 7.57734, 7.63405, 7.69272, 7.75346, 7.8164, 7.88168, 7.94943, 8.01982, 8.09302, 8.16923, 8.24864, 8.3315, 8.41805, 8.50859, 8.60342, 8.70291, 8.80744, 8.91747, 9.03348, 9.15607, 9.28588, 9.42366, 9.57028, 9.72676, 9.89428, 10.0742, 10.2683, 10.4785, 10.7073, 10.9577, 11.2336, 11.5399, 11.8828, 12.2709, 12.7159, 13.2348, 13.8529, 14.612, 15.5867, 16.9021, 18.5204, 19.1632, 15.9534, 8.92608, 2.95565, 0.538266, 0.0518168, 0.00257405, 5.83064e-05, 2.2897e-07
7.09841, 7.14722, 7.19751, 7.24936, 7.30284, 7.35804, 7.41504, 7.47395, 7.53487, 7.59791, 7.6632, 7.73086, 7.80104, 7.8739, 7.9496, 8.02833, 8.1103, 8.19571, 8.28483, 8.37792, 8.47527, 8.57721, 8.68412, 8.7964, 8.91451, 9.03897, 9.17035, 9.30933, 9.45665, 9.61319, 9.77992, 9.95802, 10.1488, 10.3539, 10.5752, 10.8149, 11.0758, 11.3611, 11.675, 12.0228, 12.4109, 12.8481, 13.346, 13.9203, 14.5937, 15.3999, 16.3922, 17.6634, 19.4016, 22.0447, 26.2731, 30.9223, 29.6982, 18.8572, 6.9187, 1.36888, 0.141086, 0.00743119, 0.000186368, 1.22274e-06
30.9376
58.17
 
MEASUREMENT 366
1.4716, 4.41481, 7.36319, 10.3064, 13.2548, 16.2031, 19.1774, 22.1309, 25.0793, 28.0277, 30.9502, 33.8934
7.27876, 7.42767, 7.82053, 8.27327, 8.85016, 8.76575, 9.7339, 10.8229, 12.0488, 15.6903, 11.3771, 0.045112
0.00921262, 0.0093863, 0.00996025, 0.0107521, 0.0114673, 0.011434, 0.0126361, 0.0139788, 0.0153068, 0.0199118, 0.0144948, 0.00051107
0, 0.589331, 1.17866, 1.76799, 2.35732, 2.94665, 3.53598, 4.12532, 4.71465, 5.30398, 5.89331, 6.48264, 7.07197, 7.6613, 8.25063, 8.83996, 9.42929, 10.0186, 10.608, 11.1973, 11.7866, 12.3759, 12.9653, 13.5546, 14.1439, 14.7333, 15.3226, 15.9119, 16.5013, 17.0906, 17.6799, 18.2693, 18.8586, 19.4479, 20.0372, 20.6266, 21.2159, 21.8052, 22.3946, 22.9839, 23.5732, 24.1626, 24.7519, 25.3412, 25.9306, 26.5199, 27.1092, 27.6985, 28.2879, 28.8772, 29.4665, 30.0559, 30.6452, 31.2345, 31.8239, 32.4132, 33.0025, 33.5919, 34.1812, 34.7705
7.17481, 7.21703, 7.26045, 7.30513, 7.35113, 7.39851, 7.44734, 7.49769, 7.54965, 7.60329, 7.65871, 7.716, 7.77527, 7.83665, 7.90024, 7.96619, 8.03464, 8.10576, 8.17971, 8.2567, 8.33693, 8.42064, 8.50808, 8.59955, 8.69536, 8.79586, 8.90147, 9.01261, 9.12982, 9.25366, 9.38479, 9.52397, 9.67209, 9.83016, 9.99937, 10.1812, 10.3772, 10.5895, 10.8206, 11.0736, 11.3522, 11.6615, 12.0078, 12.3998, 12.8493, 13.3732, 13.9975, 14.7639, 15.748, 17.076, 18.7094, 19.3564, 16.1087, 9.00613, 2.97828, 0.541356, 0.0519828, 0.00257409, 5.79808e-05, 2.27188e-07
7.17481, 7.22415, 7.27498, 7.32739, 7.38144, 7.43724, 7.49486, 7.5544, 7.61598, 7.6797, 7.74569, 7.81408, 7.88502, 7.95866, 8.03518, 8.11476, 8.19761, 8.28395, 8.37402, 8.46811, 8.56651, 8.66956, 8.77762, 8.89111, 9.0105, 9.1363, 9.2691, 9.40958, 9.55849, 9.71672, 9.88525, 10.0653, 10.2581, 10.4655, 10.6891, 10.9314, 11.1951, 11.4835, 11.8009, 12.1524, 12.5447, 12.9867, 13.4899, 14.0705, 14.7512, 15.5661, 16.5692, 17.8543, 19.6113, 22.2833, 26.5589, 31.2613, 30.0201, 19.0504, 6.98137, 1.37878, 0.141758, 0.00744334, 0.000185786, 1.21541e-06
30.9372
58.16
 
MEASUREMENT 367
1.4716, 4.41481, 7.36319, 10.3064, 13.2548, 16.2031, 19.1774, 22.1309, 25.0793, 28.0277, 30.9502, 33.8934
7.44408, 7.5995, 8.00036, 8.4626, 9.05184, 8.96616, 9.95461, 11.0803, 12.3233, 16.0472, 11.6358, 0.0469971
0.00921262, 0.0093863, 0.00996025, 0.0107521, 0.0114673, 0.011434, 0.0126361, 0.0139788, 0.0153068, 0.0199118, 0.0144948, 0.00051107
0, 0.589331, 1.17866, 1.76799, 2.35732, 2.94665, 3.53598, 4.12532, 4.71465, 5.30398, 5.89331, 6.48264, 7.07197, 7.6613, 8.25063, 8.83996, 9.42929, 10.0186, 10.608, 11.1973, 11.7866, 12.3759, 12.9653, 13.5546, 14.1439, 14.7333, 15.3226, 15.9119, 16.5013, 17.0906, 17.6799, 18.2693, 18.8586, 19.4479, 20.0372, 20.6266, 21.2159, 21.8052, 22.3946, 22.9839, 23.5732, 24.1626, 24.7519, 25.3412, 25.9306, 26.5199, 27.1092, 27.6985, 28.2879, 28.8772, 29.4665, 30.0559, 30.6452, 31.2345, 31.8239, 32.4132, 33.0025, 33.5919, 34.1812, 34.7705
7.33955, 7.38274, 7.42716, 7.47286, 7.51991, 7.56837, 7.61832, 7.66982, 7.72296, 7.77783, 7.83451, 7.89312, 7.95375, 8.01652, 8.08157, 8.14902, 8.21904, 8.29178, 8.36743, 8.44617, 8.52824, 8.61386, 8.7033, 8.79686, 8.89485, 8.99765, 9.10567, 9.21935, 9.33923, 9.4659, 9.60002, 9.74239, 9.89388, 10.0556, 10.2286, 10.4146, 10.6151, 10.8322, 11.0686, 11.3273, 11.6124, 11.9287, 12.2829, 12.6838, 13.1435, 13.6795, 14.318, 15.1021, 16.1088, 17.4669, 19.1328, 19.7822, 16.4612, 9.21991, 3.06335, 0.56132, 0.0545278, 0.00274169, 6.34238e-05, 2.51174e-07
7.33955, 7.39002, 7.44203, 7.49563, 7.55093, 7.60801, 7.66695, 7.72786, 7.79085, 7.85603, 7.92354, 7.9935, 8.06606, 8.1414, 8.21967, 8.30108, 8.38583, 8.47415, 8.5663, 8.66255, 8.7632, 8.86862, 8.97916, 9.09525, 9.21738, 9.34607, 9.48192, 9.62562, 9.77796, 9.93981, 10.1122, 10.2964, 10.4937, 10.7057, 10.9345, 11.1824, 11.4521, 11.7472, 12.0718, 12.4314, 12.8328, 13.2849, 13.7997, 14.3936, 15.0901, 15.9239, 16.9502, 18.2653, 20.0639, 22.7998, 27.1701, 31.9546, 30.67, 19.4914, 7.17507, 1.42829, 0.148546, 0.00791903, 0.000202306, 1.34403e-06
30.9375
58.16
 
MEASUREMENT 368
1.4716, 4.41481, 7.36319, 10.3064, 13.2548, 16.2031, 19.1774, 22.1309, 25.0793, 28.0277, 30.9502, 33.8934
7.5654, 7.72092, 8.12903, 8.59837, 9.19817, 9.1129, 10.1173, 11.2376, 12.5237, 16.3073, 11.8267, 0.0472952
0.00921262, 0.0093863, 0.00996025, 0.0107521, 0.0114673, 0.011434, 0.0126361, 0.0139788, 0.0153068, 0.0199118, 0.0144948, 0.00051107
0, 0.589331, 1.17866, 1.76799, 2.35732, 2.94665, 3.53598, 4.12532, 4.71465, 5.30398, 5.89331, 6.48264, 7.07197, 7.6613, 8.25063, 8.83996, 9.42929, 10.0186, 10.608, 11.1973, 11.7866, 12.3759, 12.9653, 13.5546, 14.1439, 14.7333, 15.3226, 15.9119, 16.5013, 17.0906, 17.6799, 18.2693, 18.8586, 19.4479, 20.0372, 20.6266, 21.2159, 21.8052, 22.3946, 22.9839, 23.5732, 24.1626, 24.7519, 25.3412, 25.9306, 26.5199, 27.1092, 27.6985, 28.2879, 28.8772, 29.4665, 30.0559, 30.6452, 31.2345, 31.8239, 32.4132, 33.0025, 33.5919, 34.1812, 34.7705
7.45719, 7.50107, 7.54619, 7.59262, 7.64042, 7.68966, 7.7404, 7.79273, 7.84672, 7.90247, 7.96006, 8.01959, 8.08119, 8.14497, 8.21105, 8.27959, 8.35072, 8.42462, 8.50147, 8.58148, 8.66485, 8.75184, 8.84271, 8.93775, 9.03731, 9.14175, 9.25149, 9.36699, 9.48878, 9.61746, 9.75372, 9.89835, 10.0523, 10.2165, 10.3923, 10.5812, 10.7849, 11.0055, 11.2457, 11.5085, 11.798, 12.1194, 12.4792, 12.8864, 13.3534, 13.8977, 14.5462, 15.3425, 16.3647, 17.7439, 19.4393, 20.1097, 16.7407, 9.3703, 3.10571, 0.566476, 0.0546509, 0.00272244, 6.19712e-05, 2.43684e-07
7.45719, 7.50847, 7.5613, 7.61577, 7.67195, 7.72994, 7.78982, 7.85171, 7.9157, 7.98193, 8.05051, 8.1216, 8.19532, 8.27186, 8.35139, 8.4341, 8.5202, 8.60993, 8.70355, 8.80134, 8.90361, 9.01071, 9.12302, 9.24097, 9.36504, 9.49579, 9.63381, 9.77981, 9.93457, 10.099, 10.2742, 10.4613, 10.6617, 10.8772, 11.1096, 11.3614, 11.6354, 11.9352, 12.265, 12.6303, 13.038, 13.4973, 14.0203, 14.6236, 15.331, 16.1779, 17.2202, 18.5556, 20.3815, 23.1579, 27.5986, 32.4796, 31.1965, 19.8186, 7.27908, 1.44254, 0.149011, 0.00787098, 0.000198256, 1.30423e-06
30.938
58.16
 
MEASUREMENT 369
1.4716, 4.41481, 7.36319, 10.3064, 13.2548, 16.2031, 19.1774, 22.1309, 25.0793, 28.0277, 30.9502, 33.8934
7.49276, 7.64461, 8.05003, 8.51563, 9.10932, 9.02473, 10.0205, 11.1398, 12.4039, 16.1518, 11.7111, 0.0458433
0.00921262, 0.0093863, 0.00996025, 0.0107521, 0.0114673, 0.011434, 0.0126361, 0.0139788, 0.0153068, 0.0199118, 0.0144948, 0.00051107
0, 0.589331, 1.17866, 1.76799, 2.35732, 2.94665, 3.53598, 4.12532, 4.71465, 5.30398, 5.89331, 6.48264, 7.07197, 7.6613, 8.25063, 8.83996, 9.42929, 10.0186, 10.608, 11.1973, 11.7866, 12.3759, 12.9653, 13.5546, 14.1439, 14.7333, 15.3226, 15.9119, 16.5013, 17.0906, 17.6799, 18.2693, 18.8586, 19.4479, 20.0372, 20.6266, 21.2159, 21.8052, 22.3946, 22.9839, 23.5732, 24.1626, 24.7519, 25.3412, 25.9306, 26.5199, 27.1092, 27.6985, 28.2879, 28.8772, 29.4665, 30.0559, 30.6452, 31.2345, 31.8239, 32.4132, 33.0025, 33.5919, 34.1812, 34.7705
7.38527, 7.42874, 7.47344, 7.51943, 7.56678, 7.61556, 7.66583, 7.71766, 7.77114, 7.82636, 7.88341, 7.9424, 8.00342, 8.0666, 8.13206, 8.19995, 8.27042, 8.34363, 8.41977, 8.49902, 8.58162, 8.66779, 8.75781, 8.85198, 8.95061, 9.05408, 9.16279, 9.27722, 9.39788, 9.52537, 9.66037, 9.80366, 9.95614, 10.1189, 10.2931, 10.4802, 10.6821, 10.9007, 11.1386, 11.399, 11.6859, 12.0043, 12.3609, 12.7644, 13.2272, 13.7666, 14.4093, 15.1984, 16.2115, 17.5791, 19.264, 19.937, 16.5906, 9.26258, 3.05293, 0.551877, 0.0525809, 0.00257726, 5.70075e-05, 2.21917e-07
7.38527, 7.43606, 7.48839, 7.54233, 7.59797, 7.6554, 7.71471, 7.77601, 7.83939, 7.90498, 7.97291, 8.04331, 8.11633, 8.19213, 8.27089, 8.35281, 8.43809, 8.52697, 8.61969, 8.71654, 8.81783, 8.9239, 9.03514, 9.15196, 9.27485, 9.40434, 9.54105, 9.68565, 9.83894, 10.0018, 10.1753, 10.3606, 10.5591, 10.7725, 11.0028, 11.2522, 11.5236, 11.8205, 12.1472, 12.509, 12.9129, 13.3678, 13.8858, 14.4834, 15.1841, 16.023, 17.0554, 18.378, 20.1861, 22.9354, 27.3396, 32.1956, 30.9228, 19.5998, 7.15976, 1.40634, 0.143474, 0.0074574, 0.000183235, 1.18688e-06
30.9367
58.16
 
MEASUREMENT 370
1.4716, 4.41481, 7.36319, 10.3064, 13.2548, 16.2031, 19.1774, 22.1309, 25.0793, 28.0277, 30.9502, 33.8934
7.5186, 7.67335, 8.078, 8.54456, 9.1415, 9.05465, 10.0545, 11.1915, 12.4466, 16.207, 11.752, 0.0470833
0.00921262, 0.0093863, 0.00996025, 0.0107521, 0.0114673, 0.011434, 0.0126361, 0.0139788, 0.0153068, 0.0199118, 0.0144948, 0.00051107
0, 0.589331, 1.17866, 1.76799, 2.35732, 2.94665, 3.53598, 4.12532, 4.71465, 5.30398, 5.89331, 6.48264, 7.07197, 7.6613, 8.25063, 8.83996, 9.42929, 10.0186, 10.608, 11.1973, 11.7866, 12.3759, 12.9653, 13.5546, 14.1439, 14.7333, 15.3226, 15.9119, 16.5013, 17.0906, 17.6799, 18.2693, 18.8586, 19.4479, 20.0372, 20.6266, 21.2159, 21.8052, 22.3946, 22.9839, 23.5732, 24.1626, 24.7519, 25.3412, 25.9306, 26.5199, 27.1092, 27.6985, 28.2879, 28.8772, 29.4665, 30.0559, 30.6452, 31.2345, 31.8239, 32.4132, 33.0025, 33.5919, 34.1812, 34.7705
7.4117, 7.45532, 7.50018, 7.54634, 7.59386, 7.64281, 7.69326, 7.74528, 7.79895, 7.85437, 7.91162, 7.97081, 8.03205, 8.09546, 8.16115, 8.22929, 8.30001, 8.37348, 8.44988, 8.52942, 8.61231, 8.69879, 8.78914, 8.88363, 8.98262, 9.08645, 9.19556, 9.31039, 9.43148, 9.55943, 9.69491, 9.83871, 9.99174, 10.1551, 10.3299, 10.5177, 10.7202, 10.9396, 11.1784, 11.4398, 11.7277, 12.0473, 12.4051, 12.8101, 13.2746, 13.816, 14.4611, 15.2533, 16.2705, 17.643, 19.3281, 19.9883, 16.631, 9.30622, 3.08551, 0.56345, 0.0544732, 0.00272199, 6.22932e-05, 2.45702e-07
7.4117, 7.46267, 7.51518, 7.56932, 7.62516, 7.6828, 7.74232, 7.80383, 7.86744, 7.93327, 8.00144, 8.07209, 8.14537, 8.22144, 8.30049, 8.3827, 8.46828, 8.55748, 8.65053, 8.74773, 8.84938, 8.95583, 9.06746, 9.1847, 9.30803, 9.43799, 9.57518, 9.7203, 9.87414, 10.0376, 10.2117, 10.3977, 10.5969, 10.8111, 11.0421, 11.2925, 11.5648, 11.8628, 12.1906, 12.5538, 12.9591, 13.4157, 13.9356, 14.5354, 15.2388, 16.0808, 17.1173, 18.4453, 20.2615, 23.0241, 27.4398, 32.28, 30.9823, 19.6729, 7.22688, 1.43371, 0.148399, 0.00786239, 0.00019898, 1.31389e-06
30.937
58.16
 
MEASUREMENT 371
1.4716, 4.41481, 7.36319, 10.3064, 13.2548, 16.2031, 19.1774, 22.1309, 25.0793, 28.0277, 30.9502, 33.8934
7.51375, 7.66596, 8.07109, 8.53727, 9.13315, 9.04882, 10.046, 11.169, 12.4363, 16.1945, 11.7437, 0.0476222
0.00921262, 0.0093863, 0.00996025, 0.0107521, 0.0114673, 0.011434, 0.0126361, 0.0139788, 0.0153068, 0.0199118, 0.0144948, 0.00051107
0, 0.589331, 1.17866, 1.76799, 2.35732, 2.94665, 3.53598, 4.12532, 4.71465, 5.30398, 5.89331, 6.48264, 7.07197, 7.6613, 8.25063, 8.83996, 9.42929, 10.0186, 10.608, 11.1973, 11.7866, 12.3759, 12.9653, 13.5546, 14.1439, 14.7333, 15.3226, 15.9119, 16.5013, 17.0906, 17.6799, 18.2693, 18.8586, 19.4479, 20.0372, 20.6266, 21.2159, 21.8052, 22.3946, 22.9839, 23.5732, 24.1626, 24.7519, 25.3412, 25.9306, 26.5199, 27.1092, 27.6985, 28.2879, 28.8772, 29.4665, 30.0559, 30.6452, 31.2345, 31.8239, 32.4132, 33.0025, 33.5919, 34.1812, 34.7705
7.40502, 7.4486, 7.49342, 7.53953, 7.587, 7.6359, 7.6863, 7.73827, 7.79189, 7.84726, 7.90445, 7.96359, 8.02476, 8.08811, 8.15374, 8.22181, 8.29246, 8.36585, 8.44218, 8.52164, 8.60445, 8.69085, 8.7811, 8.8755, 8.97438, 9.07812, 9.18711, 9.30183, 9.42279, 9.55061, 9.68595, 9.82961, 9.98248, 10.1456, 10.3203, 10.5079, 10.7102, 10.9294, 11.1679, 11.429, 11.7166, 12.0358, 12.3933, 12.7979, 13.2618, 13.8027, 14.447, 15.2383, 16.2544, 17.6251, 19.3058, 19.9606, 16.6116, 9.30878, 3.09611, 0.568261, 0.055329, 0.00279024, 6.48779e-05, 2.57478e-07
7.40502, 7.45594, 7.50841, 7.56249, 7.61829, 7.67587, 7.73533, 7.79679, 7.86034, 7.9261, 7.99421, 8.06479, 8.13801, 8.21401, 8.29298, 8.37511, 8.46062, 8.54973, 8.6427, 8.7398, 8.84136, 8.94771, 9.05923, 9.17637, 9.29958, 9.42941, 9.56648, 9.71146, 9.86515, 10.0284, 10.2024, 10.3882, 10.5872, 10.8012, 11.032, 11.2821, 11.5542, 11.8519, 12.1794, 12.5422, 12.9471, 13.4033, 13.9227, 14.5219, 15.2245, 16.0657, 17.1012, 18.428, 20.2427, 23.0031, 27.4113, 32.2343, 30.9383, 19.6699, 7.24784, 1.4451, 0.150635, 0.008054, 0.000206669, 1.37703e-06
30.9377
58.16
 
MEASUREMENT 372
1.4716, 4.41481, 7.36319, 10.3064, 13.2548, 16.2031, 19.1774, 22.1309, 25.0793, 28.0277, 30.9502, 33.8934
7.50082, 7.65583, 8.06285, 8.52692, 9.12259, 9.03574, 10.0334, 11.1556, 12.4197, 16.1612, 11.7267, 0.0459836
0.00921262, 0.0093863, 0.00996025, 0.0107521, 0.0114673, 0.011434, 0.0126361, 0.0139788, 0.0153068, 0.0199118, 0.0144948, 0.00051107
0, 0.589331, 1.17866, 1.76799, 2.35732, 2.94665, 3.53598, 4.12532, 4.71465, 5.30398, 5.89331, 6.48264, 7.07197, 7.6613, 8.25063, 8.83996, 9.42929, 10.0186, 10.608, 11.1973, 11.7866, 12.3759, 12.9653, 13.5546, 14.1439, 14.7333, 15.3226, 15.9119, 16.5013, 17.0906, 17.6799, 18.2693, 18.8586, 19.4479, 20.0372, 20.6266, 21.2159, 21.8052, 22.3946, 22.9839, 23.5732, 24.1626, 24.7519, 25.3412, 25.9306, 26.5199, 27.1092, 27.6985, 28.2879, 28.8772, 29.4665, 30.0559, 30.6452, 31.2345, 31.8239, 32.4132, 33.0025, 33.5919, 34.1812, 34.7705
7.39605, 7.43955, 7.4843, 7.53033, 7.57773, 7.62655, 7.67686, 7.72874, 7.78228, 7.83754, 7.89465, 7.95368, 8.01475, 8.07799, 8.14351, 8.21145, 8.28198, 8.35525, 8.43145, 8.51077, 8.59343, 8.67967, 8.76976, 8.86399, 8.96269, 9.06624, 9.17503, 9.28953, 9.41027, 9.53784, 9.67293, 9.8163, 9.96888, 10.1317, 10.306, 10.4932, 10.6952, 10.9138, 11.1519, 11.4124, 11.6993, 12.0178, 12.3744, 12.778, 13.2408, 13.7802, 14.4227, 15.2113, 16.2236, 17.5899, 19.2744, 19.9531, 16.6155, 9.28412, 3.06192, 0.553614, 0.0527299, 0.00258228, 5.70342e-05, 2.21553e-07
7.39605, 7.4469, 7.4993, 7.55332, 7.60904, 7.66655, 7.72595, 7.78733, 7.8508, 7.91648, 7.9845, 8.05499, 8.12812, 8.20402, 8.2829, 8.36493, 8.45032, 8.53932, 8.63217, 8.72915, 8.83058, 8.93679, 9.04818, 9.16516, 9.28821, 9.41788, 9.55476, 9.69956, 9.85305, 10.0161, 10.1898, 10.3754, 10.5742, 10.7879, 11.0184, 11.2681, 11.5399, 11.8371, 12.1642, 12.5264, 12.9308, 13.3862, 13.9048, 14.503, 15.2044, 16.0441, 17.0774, 18.4009, 20.2096, 22.959, 27.3655, 32.2386, 30.9937, 19.6663, 7.19003, 1.4128, 0.144105, 0.00748429, 0.000183645, 1.18739e-06
30.9382
58.17
 
MEASUREMENT 373
1.4716, 4.41481, 7.36319, 10.3064, 13.2548, 16.2031, 19.1774, 22.1309, 25.0793, 28.0277, 30.9502, 33.8934
7.49214, 7.64531, 8.04802, 8.51229, 9.11759, 9.02276, 10.0289, 11.1396, 12.4, 16.1476, 11.7098, 0.046618
0.00921262, 0.0093863, 0.00996025, 0.0107521, 0.0114673, 0.011434, 0.0126361, 0.0139788, 0.0153068, 0.0199118, 0.0144948, 0.00051107
0, 0.589331, 1.17866, 1.76799, 2.35732, 2.94665, 3.53598, 4.12532, 4.71465, 5.30398, 5.89331, 6.48264, 7.07197, 7.6613, 8.25063, 8.83996, 9.42929, 10.0186, 10.608, 11.1973, 11.7866, 12.3759, 12.9653, 13.5546, 14.1439, 14.7333, 15.3226, 15.9119, 16.5013, 17.0906, 17.6799, 18.2693, 18.8586, 19.4479, 20.0372, 20.6266, 21.2159, 21.8052, 22.3946, 22.9839, 23.5732, 24.1626, 24.7519, 25.3412, 25.9306, 26.5199, 27.1092, 27.6985, 28.2879, 28.8772, 29.4665, 30.0559, 30.6452, 31.2345, 31.8239, 32.4132, 33.0025, 33.5919, 34.1812, 34.7705
7.38612, 7.42957, 7.47427, 7.52026, 7.5676, 7.61637, 7.66663, 7.71845, 7.77193, 7.82714, 7.88418, 7.94315, 8.00416, 8.06732, 8.13278, 8.20065, 8.27111, 8.3443, 8.42042, 8.49966, 8.58223, 8.66839, 8.75839, 8.85253, 8.95113, 9.05458, 9.16326, 9.27766, 9.39828, 9.52573, 9.66069, 9.80394, 9.95637, 10.1191, 10.2932, 10.4803, 10.682, 10.9005, 11.1384, 11.3987, 11.6854, 12.0037, 12.3601, 12.7635, 13.226, 13.7651, 14.4074, 15.196, 16.2085, 17.5747, 19.2543, 19.9181, 16.5775, 9.27279, 3.06969, 0.558898, 0.0537902, 0.00267143, 6.04862e-05, 2.37406e-07
7.38612, 7.43691, 7.48924, 7.54319, 7.59884, 7.65627, 7.71559, 7.77688, 7.84027, 7.90587, 7.9738, 8.0442, 8.11723, 8.19304, 8.27181, 8.35373, 8.43902, 8.5279, 8.62063, 8.71749, 8.81879, 8.92487, 9.03611, 9.15294, 9.27584, 9.40534, 9.54205, 9.68666, 9.83996, 10.0028, 10.1763, 10.3616, 10.5602, 10.7736, 11.0039, 11.2533, 11.5247, 11.8216, 12.1483, 12.5101, 12.914, 13.369, 13.887, 14.4846, 15.1853, 16.0242, 17.0568, 18.3796, 20.1883, 22.9388, 27.3389, 32.1763, 30.9008, 19.619, 7.19733, 1.42381, 0.146724, 0.00772684, 0.000193733, 1.27093e-06
30.9375
58.16
 
MEASUREMENT 374
1.4716, 4.41481, 7.36319, 10.3064, 13.2548, 16.2031, 19.1774, 22.1309, 25.0793, 28.0277, 30.9502, 33.8934
7.52897, 7.68494, 8.09196, 8.56073, 9.1461, 9.06981, 10.0594, 11.1965, 12.4665, 16.2347, 11.7719, 0.0474818
0.00921262, 0.0093863, 0.00996025, 0.0107521, 0.0114673, 0.011434, 0.0126361, 0.0139788, 0.0153068, 0.0199118, 0.0144948, 0.00051107
0, 0.589331, 1.17866, 1.76799, 2.35732, 2.94665, 3.53598, 4.12532, 4.71465, 5.30398, 5.89331, 6.48264, 7.07197, 7.6613, 8.25063, 8.83996, 9.42929, 10.0186, 10.608, 11.1973, 11.7866, 12.3759, 12.9653, 13.5546, 14.1439, 14.7333, 15.3226, 15.9119, 16.5013, 17.0906, 17.6799, 18.2693, 18.8586, 19.4479, 20.0372, 20.6266, 21.2159, 21.8052, 22.3946, 22.9839, 23.5732, 24.1626, 24.7519, 25.3412, 25.9306, 26.5199, 27.1092, 27.6985, 28.2879, 28.8772, 29.4665, 30.0559, 30.6452, 31.2345, 31.8239, 32.4132, 33.0025, 33.5919, 34.1812, 34.7705
7.42107, 7.46475, 7.50967, 7.5559, 7.60348, 7.6525, 7.70302, 7.75511, 7.80886, 7.86435, 7.92168, 7.98096, 8.04228, 8.10578, 8.17157, 8.2398, 8.31061, 8.38419, 8.4607, 8.54035, 8.62336, 8.70996, 8.80044, 8.89507, 8.99419, 9.09818, 9.20744, 9.32244, 9.4437, 9.57183, 9.70751, 9.85152, 10.0048, 10.1683, 10.3434, 10.5315, 10.7343, 10.954, 11.1932, 11.4549, 11.7433, 12.0633, 12.4217, 12.8274, 13.2925, 13.8348, 14.481, 15.2744, 16.2933, 17.6681, 19.3549, 20.0142, 16.655, 9.32717, 3.0979, 0.567317, 0.0550652, 0.00276579, 6.38644e-05, 2.5281e-07
7.42107, 7.4721, 7.52468, 7.57889, 7.6348, 7.69251, 7.7521, 7.81369, 7.87738, 7.94329, 8.01154, 8.08228, 8.15566, 8.23183, 8.31097, 8.39328, 8.47897, 8.56828, 8.66145, 8.75877, 8.86055, 8.96713, 9.0789, 9.19629, 9.31977, 9.44989, 9.58725, 9.73255, 9.88658, 10.0502, 10.2246, 10.4108, 10.6102, 10.8247, 11.056, 11.3067, 11.5794, 11.8777, 12.206, 12.5695, 12.9754, 13.4325, 13.9531, 14.5536, 15.2578, 16.1009, 17.1387, 18.4684, 20.2871, 23.0535, 27.473, 32.3117, 31.0114, 19.7042, 7.2504, 1.44237, 0.149881, 0.00798153, 0.000203569, 1.35103e-06
30.9373
58.16
 
MEASUREMENT 375
1.4716, 4.41481, 7.36319, 10.3064, 13.2548, 16.2031, 19.1774, 22.1309, 25.0793, 28.0277, 30.9502, 33.8934
7.53999, 7.6926, 8.10146, 8.56571, 9.1639, 9.07943, 10.0914, 11.2087, 12.4793, 16.2505, 11.7837, 0.0476475
0.00921262, 0.0093863, 0.00996025, 0.0107521, 0.0114673, 0.011434, 0.0126361, 0.0139788, 0.0153068, 0.0199118, 0.0144948, 0.00051107
0, 0.589331, 1.17866, 1.76799, 2.35732, 2.94665, 3.53598, 4.12532, 4.71465, 5.30398, 5.89331, 6.48264, 7.07197, 7.6613, 8.25063, 8.83996, 9.42929, 10.0186, 10.608, 11.1973, 11.7866, 12.3759, 12.9653, 13.5546, 14.1439, 14.7333, 15.3226, 15.9119, 16.5013, 17.0906, 17.6799, 18.2693, 18.8586, 19.4479, 20.0372, 20.6266, 21.2159, 21.8052, 22.3946, 22.9839, 23.5732, 24.1626, 24.7519, 25.3412, 25.9306, 26.5199, 27.1092, 27.6985, 28.2879, 28.8772, 29.4665, 30.0559, 30.6452, 31.2345, 31.8239, 32.4132, 33.0025, 33.5919, 34.1812, 34.7705
7.43162, 7.47535, 7.52033, 7.5666, 7.61425, 7.66332, 7.7139, 7.76605, 7.81986, 7.87542, 7.93282, 7.99216, 8.05356, 8.11713, 8.18299, 8.2513, 8.3222, 8.39586, 8.47246, 8.5522, 8.6353, 8.722, 8.81257, 8.90731, 9.00654, 9.11064, 9.22002, 9.33514, 9.45654, 9.5848, 9.72062, 9.86478, 10.0182, 10.1819, 10.3572, 10.5455, 10.7485, 10.9684, 11.2078, 11.4698, 11.7584, 12.0788, 12.4375, 12.8435, 13.309, 13.8518, 14.4984, 15.2924, 16.3121, 17.6875, 19.3745, 20.0321, 16.6698, 9.33807, 3.10352, 0.568942, 0.0553037, 0.00278301, 6.44721e-05, 2.55485e-07
7.43162, 7.48272, 7.53538, 7.58966, 7.64565, 7.70344, 7.76312, 7.82479, 7.88857, 7.95458, 8.02293, 8.09376, 8.16724, 8.24352, 8.32277, 8.4052, 8.49102, 8.58045, 8.67375, 8.7712, 8.87313, 8.97986, 9.09179, 9.20934, 9.333, 9.4633, 9.60086, 9.74636, 9.9006, 10.0645, 10.2391, 10.4255, 10.6253, 10.84, 11.0717, 11.3227, 11.5958, 11.8945, 12.2232, 12.5873, 12.9937, 13.4515, 13.9728, 14.5742, 15.2793, 16.1236, 17.1628, 18.4943, 20.3156, 23.0858, 27.5107, 32.3539, 31.053, 19.7369, 7.26736, 1.4473, 0.150618, 0.00803605, 0.00020555, 1.3667e-06
30.9375
58.16
 
MEASUREMENT 376
1.4716, 4.41481, 7.36319, 10.3064, 13.2548, 16.2031, 19.1774, 22.1309, 25.0793, 28.0277, 30.9502, 33.8934
7.54237, 7.69556, 8.10287, 8.5712, 9.17056, 9.08512, 10.0858, 11.2135, 12.484, 16.2573, 11.7888, 0.0463596
0.00921262, 0.0093863, 0.00996025, 0.0107521, 0.0114673, 0.011434, 0.0126361, 0.0139788, 0.0153068, 0.0199118, 0.0144948, 0.00051107
0, 0.589331, 1.17866, 1.76799, 2.35732, 2.94665, 3.53598, 4.12532, 4.71465, 5.30398, 5.89331, 6.48264, 7.07197, 7.6613, 8.25063, 8.83996, 9.42929, 10.0186, 10.608, 11.1973, 11.7866, 12.3759, 12.9653, 13.5546, 14.1439, 14.7333, 15.3226, 15.9119, 16.5013, 17.0906, 17.6799, 18.2693, 18.8586, 19.4479, 20.0372, 20.6266, 21.2159, 21.8052, 22.3946, 22.9839, 23.5732, 24.1626, 24.7519, 25.3412, 25.9306, 26.5199, 27.1092, 27.6985, 28.2879, 28.8772, 29.4665, 30.0559, 30.6452, 31.2345, 31.8239, 32.4132, 33.0025, 33.5919, 34.1812, 34.7705
7.43422, 7.47797, 7.52296, 7.56926, 7.61692, 7.66601, 7.7166, 7.76878, 7.82261, 7.87819, 7.93561, 7.99498, 8.05639, 8.11998, 8.18588, 8.25421, 8.32514, 8.39882, 8.47545, 8.55522, 8.63835, 8.72509, 8.81569, 8.91047, 9.00974, 9.11388, 9.2233, 9.33846, 9.45991, 9.58822, 9.72409, 9.86831, 10.0218, 10.1856, 10.3609, 10.5492, 10.7524, 10.9724, 11.2118, 11.4739, 11.7626, 12.0831, 12.4419, 12.848, 13.3137, 13.8566, 14.5033, 15.2974, 16.3168, 17.6928, 19.3873, 20.0633, 16.698, 9.32818, 3.07829, 0.557509, 0.0532543, 0.00261886, 5.82702e-05, 2.27251e-07
7.43422, 7.48534, 7.53801, 7.59232, 7.64833, 7.70614, 7.76584, 7.82754, 7.89134, 7.95736, 8.02574, 8.0966, 8.17011, 8.24641, 8.3257, 8.40815, 8.494, 8.58346, 8.67679, 8.77429, 8.87624, 8.98302, 9.09498, 9.21258, 9.33628, 9.46663, 9.60423, 9.74979, 9.90409, 10.068, 10.2427, 10.4292, 10.629, 10.8438, 11.0756, 11.3266, 11.5999, 11.8987, 12.2275, 12.5917, 12.9982, 13.4562, 13.9776, 14.5791, 15.2844, 16.1287, 17.1679, 18.4992, 20.3191, 23.0864, 27.5181, 32.4025, 31.1244, 19.7389, 7.21925, 1.4207, 0.145312, 0.00757774, 0.000187139, 1.21584e-06
30.9371
58.16
 
MEASUREMENT 377
1.4716, 4.41481, 7.36319, 10.3064, 13.2548, 16.2031, 19.1774, 22.1309, 25.0793, 28.0277, 30.9502, 33.8934
7.606, 7.76207, 8.17322, 8.65447, 9.25808, 9.17161, 10.1715, 11.3095, 12.5921, 16.3962, 11.8898, 0.0473339
0.00921262, 0.0093863, 0.00996025, 0.0107521, 0.0114673, 0.011434, 0.0126361, 0.0139788, 0.0153068, 0.0199118, 0.0144948, 0.00051107
0, 0.589331, 1.17866, 1.76799, 2.35732, 2.94665, 3.53598, 4.12532, 4.71465, 5.30398, 5.89331, 6.48264, 7.07197, 7.6613, 8.25063, 8.83996, 9.42929, 10.0186, 10.608, 11.1973, 11.7866, 12.3759, 12.9653, 13.5546, 14.1439, 14.7333, 15.3226, 15.9119, 16.5013, 17.0906, 17.6799, 18.2693, 18.8586, 19.4479, 20.0372, 20.6266, 21.2159, 21.8052, 22.3946, 22.9839, 23.5732, 24.1626, 24.7519, 25.3412, 25.9306, 26.5199, 27.1092, 27.6985, 28.2879, 28.8772, 29.4665, 30.0559, 30.6452, 31.2345, 31.8239, 32.4132, 33.0025, 33.5919, 34.1812, 34.7705
7.50117, 7.5453, 7.59068, 7.63737, 7.68544, 7.73496, 7.78599, 7.83861, 7.8929, 7.94896, 8.00687, 8.06675, 8.12869, 8.19283, 8.25928, 8.3282, 8.39973, 8.47405, 8.55133, 8.63178, 8.71562, 8.80309, 8.89447, 8.99004, 9.09016, 9.19518, 9.30552, 9.42166, 9.54413, 9.67352, 9.81053, 9.95596, 10.1107, 10.2759, 10.4527, 10.6426, 10.8474, 11.0692, 11.3106, 11.5749, 11.866, 12.189, 12.5508, 12.9602, 13.4296, 13.9769, 14.6287, 15.429, 16.4564, 17.8425, 19.547, 20.2221, 16.8331, 9.41725, 3.11765, 0.567557, 0.054605, 0.00271036, 6.13074e-05, 2.40424e-07
7.50117, 7.55275, 7.6059, 7.66068, 7.7172, 7.77553, 7.83577, 7.89802, 7.96239, 8.02901, 8.098, 8.1695, 8.24366, 8.32065, 8.40064, 8.48384, 8.57045, 8.66072, 8.75489, 8.85325, 8.95613, 9.06385, 9.17682, 9.29547, 9.42028, 9.5518, 9.69063, 9.83749, 9.99317, 10.1586, 10.3348, 10.523, 10.7246, 10.9413, 11.1751, 11.4284, 11.7041, 12.0056, 12.3373, 12.7048, 13.1149, 13.5769, 14.103, 14.7098, 15.4214, 16.2732, 17.3217, 18.6648, 20.5011, 23.2933, 27.7609, 32.6769, 31.39, 19.9348, 7.31413, 1.44681, 0.149052, 0.00784522, 0.000196532, 1.28825e-06
30.9379
58.16
 
MEASUREMENT 378
1.4716, 4.41481, 7.36319, 10.3064, 13.2548, 16.2031, 19.1774, 22.1309, 25.0793, 28.0277, 30.9502, 33.8934
7.59561, 7.74992, 8.16343, 8.62357, 9.23594, 9.14935, 10.1591, 11.2943, 12.5743, 16.3737, 11.8739, 0.047423
0.00921262, 0.0093863, 0.00996025, 0.0107521, 0.0114673, 0.011434, 0.0126361, 0.0139788, 0.0153068, 0.0199118, 0.0144948, 0.00051107
0, 0.589331, 1.17866, 1.76799, 2.35732, 2.94665, 3.53598, 4.12532, 4.71465, 5.30398, 5.89331, 6.48264, 7.07197, 7.6613, 8.25063, 8.83996, 9.42929, 10.0186, 10.608, 11.1973, 11.7866, 12.3759, 12.9653, 13.5546, 14.1439, 14.7333, 15.3226, 15.9119, 16.5013, 17.0906, 17.6799, 18.2693, 18.8586, 19.4479, 20.0372, 20.6266, 21.2159, 21.8052, 22.3946, 22.9839, 23.5732, 24.1626, 24.7519, 25.3412, 25.9306, 26.5199, 27.1092, 27.6985, 28.2879, 28.8772, 29.4665, 30.0559, 30.6452, 31.2345, 31.8239, 32.4132, 33.0025, 33.5919, 34.1812, 34.7705
7.48639, 7.53045, 7.57576, 7.62239, 7.6704, 7.71984, 7.7708, 7.82335, 7.87757, 7.93355, 7.99139, 8.05118, 8.11304, 8.17709, 8.24346, 8.31228, 8.38372, 8.45794, 8.53512, 8.61547, 8.6992, 8.78657, 8.87783, 8.97329, 9.07328, 9.17818, 9.28839, 9.4044, 9.52672, 9.65597, 9.79283, 9.9381, 10.0927, 10.2577, 10.4343, 10.624, 10.8286, 11.0503, 11.2915, 11.5555, 11.8464, 12.1692, 12.5307, 12.9399, 13.4091, 13.9561, 14.6078, 15.408, 16.4356, 17.8223, 19.526, 20.1966, 16.8066, 9.40243, 3.11499, 0.568015, 0.0547971, 0.0027303, 6.21707e-05, 2.44715e-07
7.48639, 7.53787, 7.59091, 7.64559, 7.702, 7.76021, 7.82033, 7.88247, 7.94672, 8.0132, 8.08206, 8.15342, 8.22744, 8.30428, 8.38412, 8.46716, 8.55361, 8.6437, 8.73769, 8.83587, 8.93854, 9.04606, 9.15882, 9.27724, 9.40181, 9.53308, 9.67165, 9.81823, 9.97361, 10.1387, 10.3146, 10.5024, 10.7037, 10.92, 11.1534, 11.4062, 11.6813, 11.9823, 12.3134, 12.6802, 13.0896, 13.5508, 14.0759, 14.6817, 15.3921, 16.2425, 17.2894, 18.6306, 20.4647, 23.2542, 27.7147, 32.6095, 31.3044, 19.8742, 7.2954, 1.44525, 0.149275, 0.00788614, 0.000198704, 1.30813e-06
30.9371
58.16
 
MEASUREMENT 379
1.4716, 4.41481, 7.36319, 10.3064, 13.2548, 16.2031, 19.1774, 22.1309, 25.0793, 28.0277, 30.9502, 33.8934
7.58215, 7.73813, 8.14677, 8.61699, 9.21766, 9.13237, 10.1389, 11.2726, 12.5512, 16.3441, 11.8498, 0.0471851
0.00921262, 0.0093863, 0.00996025, 0.0107521, 0.0114673, 0.011434, 0.0126361, 0.0139788, 0.0153068, 0.0199118, 0.0144948, 0.00051107
0, 0.589331, 1.17866, 1.76799, 2.35732, 2.94665, 3.53598, 4.12532, 4.71465, 5.30398, 5.89331, 6.48264, 7.07197, 7.6613, 8.25063, 8.83996, 9.42929, 10.0186, 10.608, 11.1973, 11.7866, 12.3759, 12.9653, 13.5546, 14.1439, 14.7333, 15.3226, 15.9119, 16.5013, 17.0906, 17.6799, 18.2693, 18.8586, 19.4479, 20.0372, 20.6266, 21.2159, 21.8052, 22.3946, 22.9839, 23.5732, 24.1626, 24.7519, 25.3412, 25.9306, 26.5199, 27.1092, 27.6985, 28.2879, 28.8772, 29.4665, 30.0559, 30.6452, 31.2345, 31.8239, 32.4132, 33.0025, 33.5919, 34.1812, 34.7705
7.4738, 7.51778, 7.56301, 7.60955, 7.65746, 7.70682, 7.75768, 7.81013, 7.86425, 7.92012, 7.97785, 8.03752, 8.09927, 8.1632, 8.22944, 8.29813, 8.36943, 8.44351, 8.52054, 8.60073, 8.68431, 8.7715, 8.86258, 8.95786, 9.05766, 9.16235, 9.27234, 9.38812, 9.5102, 9.6392, 9.77579, 9.92077, 10.075, 10.2397, 10.416, 10.6053, 10.8095, 11.0307, 11.2714, 11.5349, 11.8251, 12.1473, 12.508, 12.9163, 13.3845, 13.9303, 14.5805, 15.3789, 16.404, 17.7872, 19.4874, 20.1578, 16.7744, 9.38187, 3.10585, 0.565607, 0.0544602, 0.00270658, 6.13556e-05, 2.41018e-07
7.4738, 7.52519, 7.57815, 7.63274, 7.68905, 7.74716, 7.80719, 7.86921, 7.93335, 7.99973, 8.06847, 8.13971, 8.2136, 8.29032, 8.37002, 8.45292, 8.53922, 8.62916, 8.72299, 8.821, 8.9235, 9.03084, 9.14341, 9.26163, 9.38599, 9.51703, 9.65537, 9.80171, 9.95683, 10.1216, 10.2972, 10.4847, 10.6856, 10.9016, 11.1346, 11.387, 11.6616, 11.9621, 12.2927, 12.6588, 13.0675, 13.5279, 14.0521, 14.6569, 15.366, 16.215, 17.26, 18.5987, 20.4294, 23.2135, 27.6667, 32.5583, 31.2605, 19.8434, 7.27936, 1.44028, 0.148484, 0.0078247, 0.000196394, 1.28954e-06
30.9372
58.16
 
MEASUREMENT 380
1.4716, 4.41481, 7.36319, 10.3064, 13.2548, 16.2031, 19.1774, 22.1309, 25.0793, 28.0277, 30.9502, 33.8934
7.59093, 7.74578, 8.15421, 8.63574, 9.2286, 9.14102, 10.1503, 11.2864, 12.5651, 16.3613, 11.864, 0.0480959
0.00921262, 0.0093863, 0.00996025, 0.0107521, 0.0114673, 0.011434, 0.0126361, 0.0139788, 0.0153068, 0.0199118, 0.0144948, 0.00051107
0, 0.589331, 1.17866, 1.76799, 2.35732, 2.94665, 3.53598, 4.12532, 4.71465, 5.30398, 5.89331, 6.48264, 7.07197, 7.6613, 8.25063, 8.83996, 9.42929, 10.0186, 10.608, 11.1973, 11.7866, 12.3759, 12.9653, 13.5546, 14.1439, 14.7333, 15.3226, 15.9119, 16.5013, 17.0906, 17.6799, 18.2693, 18.8586, 19.4479, 20.0372, 20.6266, 21.2159, 21.8052, 22.3946, 22.9839, 23.5732, 24.1626, 24.7519, 25.3412, 25.9306, 26.5199, 27.1092, 27.6985, 28.2879, 28.8772, 29.4665, 30.0559, 30.6452, 31.2345, 31.8239, 32.4132, 33.0025, 33.5919, 34.1812, 34.7705
7.48303, 7.52706, 7.57234, 7.61893, 7.66689, 7.7163, 7.76721, 7.81972, 7.87389, 7.92983, 7.98762, 8.04736, 8.10917, 8.17316, 8.23947, 8.30824, 8.37962, 8.45377, 8.53089, 8.61116, 8.69482, 8.7821, 8.87328, 8.96866, 9.06855, 9.17335, 9.28346, 9.39935, 9.52156, 9.65068, 9.78741, 9.93253, 10.087, 10.2518, 10.4282, 10.6177, 10.8221, 11.0435, 11.2844, 11.5482, 11.8387, 12.1611, 12.5222, 12.9309, 13.3994, 13.9457, 14.5965, 15.3956, 16.4217, 17.8057, 19.5029, 20.1644, 16.7822, 9.40473, 3.12786, 0.573987, 0.055868, 0.00281604, 6.54225e-05, 2.59467e-07
7.48303, 7.53449, 7.5875, 7.64216, 7.69854, 7.75672, 7.81682, 7.87892, 7.94314, 8.00959, 8.07842, 8.14974, 8.22373, 8.30053, 8.38033, 8.46333, 8.54973, 8.63978, 8.73373, 8.83185, 8.93448, 9.04195, 9.15465, 9.27301, 9.39752, 9.52872, 9.66722, 9.81373, 9.96903, 10.134, 10.3098, 10.4976, 10.6987, 10.9149, 11.1482, 11.4009, 11.6759, 11.9767, 12.3076, 12.6742, 13.0834, 13.5443, 14.0692, 14.6747, 15.3846, 16.2346, 17.2809, 18.6215, 20.4551, 23.2439, 27.698, 32.5739, 31.2689, 19.8825, 7.32632, 1.46056, 0.152202, 0.00813403, 0.000208572, 1.38884e-06
30.9379
58.16
 
MEASUREMENT 381
1.4716, 4.41481, 7.36319, 10.3064, 13.2548, 16.2031, 19.1774, 22.1309, 25.0793, 28.0277, 30.9502, 33.8934
7.55296, 7.70592, 8.11521, 8.58516, 9.18265, 9.09695, 10.1, 11.23, 12.5018, 16.2817, 11.807, 0.0467778
0.00921262, 0.0093863, 0.00996025, 0.0107521, 0.0114673, 0.011434, 0.0126361, 0.0139788, 0.0153068, 0.0199118, 0.0144948, 0.00051107
0, 0.589331, 1.17866, 1.76799, 2.35732, 2.94665, 3.53598, 4.12532, 4.71465, 5.30398, 5.89331, 6.48264, 7.07197, 7.6613, 8.25063, 8.83996, 9.42929, 10.0186, 10.608, 11.1973, 11.7866, 12.3759, 12.9653, 13.5546, 14.1439, 14.7333, 15.3226, 15.9119, 16.5013, 17.0906, 17.6799, 18.2693, 18.8586, 19.4479, 20.0372, 20.6266, 21.2159, 21.8052, 22.3946, 22.9839, 23.5732, 24.1626, 24.7519, 25.3412, 25.9306, 26.5199, 27.1092, 27.6985, 28.2879, 28.8772, 29.4665, 30.0559, 30.6452, 31.2345, 31.8239, 32.4132, 33.0025, 33.5919, 34.1812, 34.7705
7.44474, 7.48855, 7.53361, 7.57997, 7.6277, 7.67687, 7.72754, 7.77979, 7.8337, 7.88936, 7.94686, 8.00632, 8.06783, 8.13151, 8.1975, 8.26593, 8.33696, 8.41076, 8.4875, 8.56739, 8.65064, 8.73751, 8.82825, 8.92316, 9.02258, 9.12687, 9.23645, 9.35179, 9.47341, 9.60192, 9.73799, 9.88242, 10.0361, 10.2001, 10.3757, 10.5644, 10.7678, 10.9881, 11.228, 11.4904, 11.7796, 12.1006, 12.4599, 12.8667, 13.3331, 13.8768, 14.5246, 15.32, 16.3411, 17.7193, 19.4149, 20.0878, 16.7186, 9.34686, 3.09033, 0.561492, 0.0538819, 0.0026658, 5.99541e-05, 2.34773e-07
7.44474, 7.49593, 7.54868, 7.60306, 7.65915, 7.71704, 7.77683, 7.83861, 7.9025, 7.96862, 8.03709, 8.10806, 8.18166, 8.25808, 8.33747, 8.42005, 8.50601, 8.5956, 8.68907, 8.78669, 8.8888, 8.99572, 9.10784, 9.2256, 9.34948, 9.48001, 9.61781, 9.76358, 9.91809, 10.0823, 10.2571, 10.4439, 10.6441, 10.8592, 11.0912, 11.3427, 11.6162, 11.9155, 12.2448, 12.6095, 13.0166, 13.4752, 13.9973, 14.5997, 15.306, 16.1516, 17.1924, 18.5257, 20.3486, 23.1207, 27.5572, 32.4385, 31.1533, 19.7692, 7.24337, 1.42993, 0.146924, 0.00770787, 0.000192128, 1.25571e-06
30.9372
58.16
 
MEASUREMENT 382
1.4716, 4.41481, 7.36319, 10.3064, 13.2548, 16.2031, 19.1774, 22.1309, 25.0793, 28.0277, 30.9502, 33.8934
7.56483, 7.7209, 8.12755, 8.5863, 9.19772, 9.10118, 10.118, 11.2508, 12.5246, 16.3101, 11.8263, 0.0474309
0.00921262, 0.0093863, 0.00996025, 0.0107521, 0.0114673, 0.011434, 0.0126361, 0.0139788, 0.0153068, 0.0199118, 0.0144948, 0.00051107
0, 0.589331, 1.17866, 1.76799, 2.35732, 2.94665, 3.53598, 4.12532, 4.71465, 5.30398, 5.89331, 6.48264, 7.07197, 7.6613, 8.25063, 8.83996, 9.42929, 10.0186, 10.608, 11.1973, 11.7866, 12.3759, 12.9653, 13.5546, 14.1439, 14.7333, 15.3226, 15.9119, 16.5013, 17.0906, 17.6799, 18.2693, 18.8586, 19.4479, 20.0372, 20.6266, 21.2159, 21.8052, 22.3946, 22.9839, 23.5732, 24.1626, 24.7519, 25.3412, 25.9306, 26.5199, 27.1092, 27.6985, 28.2879, 28.8772, 29.4665, 30.0559, 30.6452, 31.2345, 31.8239, 32.4132, 33.0025, 33.5919, 34.1812, 34.7705
7.45444, 7.49832, 7.54346, 7.5899, 7.63771, 7.68696, 7.73772, 7.79006, 7.84407, 7.89983, 7.95743, 8.01699, 8.07861, 8.14241, 8.20851, 8.27707, 8.34823, 8.42216, 8.49904, 8.57907, 8.66248, 8.74951, 8.84041, 8.93551, 9.03511, 9.1396, 9.24939, 9.36495, 9.48681, 9.61557, 9.75191, 9.89663, 10.0506, 10.215, 10.3909, 10.58, 10.7838, 11.0046, 11.245, 11.508, 11.7978, 12.1195, 12.4797, 12.8875, 13.3551, 13.9002, 14.5497, 15.3474, 16.3719, 17.7544, 19.4516, 20.1153, 16.7348, 9.36405, 3.10539, 0.567403, 0.0549084, 0.00274755, 6.30294e-05, 2.48999e-07
7.45444, 7.5057, 7.55851, 7.61296, 7.66913, 7.7271, 7.78697, 7.84883, 7.91281, 7.97902, 8.04758, 8.11864, 8.19235, 8.26886, 8.34836, 8.43105, 8.51713, 8.60684, 8.70043, 8.79819, 8.90043, 9.0075, 9.11978, 9.2377, 9.36175, 9.49246, 9.63045, 9.77641, 9.93114, 10.0955, 10.2707, 10.4577, 10.6581, 10.8735, 11.1059, 11.3577, 11.6317, 11.9314, 12.2611, 12.6264, 13.0341, 13.4934, 14.0163, 14.6197, 15.3272, 16.1742, 17.2168, 18.5528, 20.3802, 23.1601, 27.6021, 32.4654, 31.1506, 19.7757, 7.26532, 1.44202, 0.149392, 0.00792546, 0.000200992, 1.32935e-06
30.9366
58.16
 
MEASUREMENT 383
1.4716, 4.41481, 7.36319, 10.3064, 13.2548, 16.2031, 19.1774, 22.1309, 25.0793, 28.0277, 30.9502, 33.8934
7.55837, 7.71489, 8.12187, 8.60203, 9.19142, 9.11565, 10.1087, 11.2389, 12.515, 16.2935, 11.8153, 0.0472916
0.00921262, 0.0093863, 0.00996025, 0.0107521, 0.0114673, 0.011434, 0.0126361, 0.0139788, 0.0153068, 0.0199118, 0.0144948, 0.00051107
0, 0.589331, 1.17866, 1.76799, 2.35732, 2.94665, 3.53598, 4.12532, 4.71465, 5.30398, 5.89331, 6.48264, 7.07197, 7.6613, 8.25063, 8.83996, 9.42929, 10.0186, 10.608, 11.1973, 11.7866, 12.3759, 12.9653, 13.5546, 14.1439, 14.7333, 15.3226, 15.9119, 16.5013, 17.0906, 17.6799, 18.2693, 18.8586, 19.4479, 20.0372, 20.6266, 21.2159, 21.8052, 22.3946, 22.9839, 23.5732, 24.1626, 24.7519, 25.3412, 25.9306, 26.5199, 27.1092, 27.6985, 28.2879, 28.8772, 29.4665, 30.0559, 30.6452, 31.2345, 31.8239, 32.4132, 33.0025, 33.5919, 34.1812, 34.7705
7.45395, 7.49779, 7.54289, 7.58929, 7.63707, 7.68627, 7.73698, 7.78928, 7.84323, 7.89894, 7.95649, 8.016, 8.07755, 8.14129, 8.20733, 8.27582, 8.34691, 8.42076, 8.49756, 8.57751, 8.66083, 8.74776, 8.83856, 8.93355, 9.03304, 9.13741, 9.24707, 9.36248, 9.48419, 9.61278, 9.74894, 9.89347, 10.0473, 10.2114, 10.3871, 10.5758, 10.7794, 10.9998, 11.2398, 11.5024, 11.7917, 12.1128, 12.4723, 12.8792, 13.3458, 13.8897, 14.5376, 15.3331, 16.3543, 17.7321, 19.4249, 20.0918, 16.7232, 9.3602, 3.10298, 0.566244, 0.0546702, 0.00272631, 6.21741e-05, 2.44653e-07
7.45395, 7.5052, 7.55801, 7.61246, 7.66861, 7.72657, 7.78643, 7.84829, 7.91226, 7.97846, 8.04702, 8.11807, 8.19176, 8.26827, 8.34776, 8.43043, 8.5165, 8.6062, 8.69978, 8.79752, 8.89975, 9.0068, 9.11906, 9.23696, 9.36098, 9.49167, 9.62964, 9.77557, 9.93027, 10.0946, 10.2697, 10.4567, 10.6571, 10.8725, 11.1048, 11.3565, 11.6304, 11.9301, 12.2597, 12.6249, 13.0324, 13.4915, 14.0143, 14.6174, 15.3245, 16.1711, 17.2131, 18.548, 20.3733, 23.1491, 27.5879, 32.4642, 31.1779, 19.8067, 7.27631, 1.4427, 0.149144, 0.00788648, 0.000198977, 1.31053e-06
30.9378
58.16
 
MEASUREMENT 384
1.4716, 4.41481, 7.36319, 10.3064, 13.2548, 16.2031, 19.1774, 22.1309, 25.0793, 28.0277, 30.9502, 33.8934
7.38061, 7.53197, 7.93137, 8.39025, 8.97523, 8.89146, 9.87156, 10.9758, 12.2202, 15.9107, 11.5377, 0.0459308
0.00921262, 0.0093863, 0.00996025, 0.0107521, 0.0114673, 0.011434, 0.0126361, 0.0139788, 0.0153068, 0.0199118, 0.0144948, 0.00051107
0, 0.589331, 1.17866, 1.76799, 2.35732, 2.94665, 3.53598, 4.12532, 4.71465, 5.30398, 5.89331, 6.48264, 7.07197, 7.6613, 8.25063, 8.83996, 9.42929, 10.0186, 10.608, 11.1973, 11.7866, 12.3759, 12.9653, 13.5546, 14.1439, 14.7333, 15.3226, 15.9119, 16.5013, 17.0906, 17.6799, 18.2693, 18.8586, 19.4479, 20.0372, 20.6266, 21.2159, 21.8052, 22.3946, 22.9839, 23.5732, 24.1626, 24.7519, 25.3412, 25.9306, 26.5199, 27.1092, 27.6985, 28.2879, 28.8772, 29.4665, 30.0559, 30.6452, 31.2345, 31.8239, 32.4132, 33.0025, 33.5919, 34.1812, 34.7705
7.27624, 7.31905, 7.36309, 7.4084, 7.45505, 7.5031, 7.55262, 7.60368, 7.65637, 7.71077, 7.76697, 7.82507, 7.88519, 7.94743, 8.01192, 8.0788, 8.14822, 8.22034, 8.29534, 8.37341, 8.45478, 8.53967, 8.62835, 8.72111, 8.81827, 8.9202, 9.02729, 9.14001, 9.25887, 9.38446, 9.51744, 9.65859, 9.8088, 9.9691, 10.1407, 10.3251, 10.5239, 10.7392, 10.9736, 11.2301, 11.5127, 11.8263, 12.1776, 12.5751, 13.0309, 13.5623, 14.1953, 14.9727, 15.9707, 17.3175, 18.973, 19.6267, 16.3333, 9.1353, 3.02405, 0.550624, 0.053004, 0.00263325, 5.96554e-05, 2.34273e-07
7.27624, 7.32627, 7.37782, 7.43097, 7.48579, 7.54237, 7.60081, 7.66119, 7.72364, 7.78826, 7.85518, 7.92454, 7.99648, 8.07116, 8.14876, 8.22947, 8.31349, 8.40105, 8.4924, 8.58782, 8.68761, 8.79211, 8.9017, 9.0168, 9.13787, 9.26545, 9.40013, 9.5426, 9.69361, 9.85407, 10.025, 10.2076, 10.4032, 10.6134, 10.8402, 11.0859, 11.3534, 11.6459, 11.9677, 12.3241, 12.722, 13.1703, 13.6806, 14.2694, 14.9598, 15.7862, 16.8036, 18.1069, 19.889, 22.5993, 26.9346, 31.698, 30.4362, 19.3206, 7.08716, 1.40204, 0.144504, 0.00761221, 0.000190953, 1.25329e-06
30.9372
58.16
 
MEASUREMENT 385
1.4716, 4.41481, 7.36319, 10.3064, 13.2548, 16.2031, 19.1774, 22.1309, 25.0793, 28.0277, 30.9502, 33.8934
7.50273, 7.65475, 8.05926, 8.52543, 9.12139, 9.03431, 10.0304, 11.1539, 12.4165, 16.1699, 11.7264, 0.0475902
0.00921262, 0.0093863, 0.00996025, 0.0107521, 0.0114673, 0.011434, 0.0126361, 0.0139788, 0.0153068, 0.0199118, 0.0144948, 0.00051107
0, 0.589331, 1.17866, 1.76799, 2.35732, 2.94665, 3.53598, 4.12532, 4.71465, 5.30398, 5.89331, 6.48264, 7.07197, 7.6613, 8.25063, 8.83996, 9.42929, 10.0186, 10.608, 11.1973, 11.7866, 12.3759, 12.9653, 13.5546, 14.1439, 14.7333, 15.3226, 15.9119, 16.5013, 17.0906, 17.6799, 18.2693, 18.8586, 19.4479, 20.0372, 20.6266, 21.2159, 21.8052, 22.3946, 22.9839, 23.5732, 24.1626, 24.7519, 25.3412, 25.9306, 26.5199, 27.1092, 27.6985, 28.2879, 28.8772, 29.4665, 30.0559, 30.6452, 31.2345, 31.8239, 32.4132, 33.0025, 33.5919, 34.1812, 34.7705
7.39435, 7.43786, 7.48261, 7.52866, 7.57606, 7.62488, 7.6752, 7.72709, 7.78063, 7.83591, 7.89302, 7.95206, 8.01315, 8.07639, 8.14192, 8.20988, 8.28042, 8.35371, 8.42992, 8.50926, 8.59194, 8.6782, 8.76831, 8.86257, 8.9613, 9.06487, 9.17369, 9.28823, 9.40901, 9.53662, 9.67175, 9.81518, 9.96781, 10.1307, 10.3051, 10.4924, 10.6944, 10.9132, 11.1513, 11.412, 11.6991, 12.0178, 12.3747, 12.7786, 13.2418, 13.7817, 14.425, 15.2149, 16.2292, 17.5974, 19.2751, 19.9291, 16.587, 9.29658, 3.09277, 0.567805, 0.0553018, 0.00278983, 6.49072e-05, 2.57603e-07
7.39435, 7.4452, 7.49759, 7.5516, 7.60731, 7.6648, 7.72418, 7.78555, 7.84901, 7.91468, 7.98268, 8.05317, 8.12627, 8.20217, 8.28102, 8.36304, 8.44842, 8.5374, 8.63023, 8.72719, 8.8286, 8.9348, 9.04616, 9.16312, 9.28615, 9.4158, 9.55266, 9.69743, 9.8509, 10.014, 10.1876, 10.3732, 10.5719, 10.7856, 11.0161, 11.2658, 11.5375, 11.8347, 12.1618, 12.524, 12.9283, 13.3838, 13.9024, 14.5008, 15.2023, 16.0422, 17.0762, 18.4009, 20.2128, 22.9687, 27.3698, 32.1865, 30.8962, 19.6471, 7.2413, 1.44422, 0.150593, 0.00805462, 0.000206792, 1.37815e-06
30.9379
58.16
 
MEASUREMENT 386
1.4716, 4.41481, 7.36319, 10.3064, 13.2548, 16.2031, 19.1774, 22.1309, 25.0793, 28.0277, 30.9502, 33.8934
7.57353, 7.7307, 8.13947, 8.61016, 9.21004, 9.12484, 10.133, 11.264, 12.543, 16.3329, 11.8442, 0.0466407
0.00921262, 0.0093863, 0.00996025, 0.0107521, 0.0114673, 0.011434, 0.0126361, 0.0139788, 0.0153068, 0.0199118, 0.0144948, 0.00051107
0, 0.589331, 1.17866, 1.76799, 2.35732, 2.94665, 3.53598, 4.12532, 4.71465, 5.30398, 5.89331, 6.48264, 7.07197, 7.6613, 8.25063, 8.83996, 9.42929, 10.0186, 10.608, 11.1973, 11.7866, 12.3759, 12.9653, 13.5546, 14.1439, 14.7333, 15.3226, 15.9119, 16.5013, 17.0906, 17.6799, 18.2693, 18.8586, 19.4479, 20.0372, 20.6266, 21.2159, 21.8052, 22.3946, 22.9839, 23.5732, 24.1626, 24.7519, 25.3412, 25.9306, 26.5199, 27.1092, 27.6985, 28.2879, 28.8772, 29.4665, 30.0559, 30.6452, 31.2345, 31.8239, 32.4132, 33.0025, 33.5919, 34.1812, 34.7705
7.46698, 7.51093, 7.55613, 7.60264, 7.65052, 7.69985, 7.75068, 7.8031, 7.85718, 7.91302, 7.97071, 8.03036, 8.09206, 8.15595, 8.22216, 8.29081, 8.36207, 8.43611, 8.5131, 8.59325, 8.67677, 8.76392, 8.85496, 8.95018, 9.04993, 9.15456, 9.26451, 9.38023, 9.50225, 9.63118, 9.76771, 9.91262, 10.0668, 10.2314, 10.4076, 10.5969, 10.801, 11.0221, 11.2627, 11.5261, 11.8163, 12.1383, 12.4989, 12.9071, 13.3752, 13.9209, 14.571, 15.3692, 16.3942, 17.7778, 19.4811, 20.1587, 16.7749, 9.37094, 3.09331, 0.560627, 0.0536149, 0.00264098, 5.89352e-05, 2.30217e-07
7.46698, 7.51832, 7.57123, 7.62577, 7.68203, 7.74009, 7.80006, 7.86203, 7.92612, 7.99243, 8.06111, 8.13229, 8.20612, 8.28276, 8.3624, 8.44522, 8.53144, 8.6213, 8.71505, 8.81297, 8.91538, 9.02263, 9.13509, 9.25321, 9.37746, 9.50839, 9.64661, 9.79281, 9.94779, 10.1125, 10.2879, 10.4752, 10.676, 10.8917, 11.1245, 11.3767, 11.6511, 11.9513, 12.2816, 12.6474, 13.0558, 13.5157, 14.0395, 14.6438, 15.3523, 16.2004, 17.2444, 18.5819, 20.4105, 23.1913, 27.6433, 32.5441, 31.2507, 19.8157, 7.24868, 1.42738, 0.146158, 0.00763416, 0.000189012, 1.23033e-06
30.9367
58.16
 
MEASUREMENT 387
1.4716, 4.41481, 7.36319, 10.3064, 13.2548, 16.2031, 19.1774, 22.1309, 25.0793, 28.0277, 30.9502, 33.8934
7.57957, 7.73729, 8.14491, 8.61584, 9.21752, 9.12876, 10.1374, 11.2723, 12.5485, 16.3409, 11.8388, 0.0472178
0.00921262, 0.0093863, 0.00996025, 0.0107521, 0.0114673, 0.011434, 0.0126361, 0.0139788, 0.0153068, 0.0199118, 0.0144948, 0.00051107
0, 0.589331, 1.17866, 1.76799, 2.35732, 2.94665, 3.53598, 4.12532, 4.71465, 5.30398, 5.89331, 6.48264, 7.07197, 7.6613, 8.25063, 8.83996, 9.42929, 10.0186, 10.608, 11.1973, 11.7866, 12.3759, 12.9653, 13.5546, 14.1439, 14.7333, 15.3226, 15.9119, 16.5013, 17.0906, 17.6799, 18.2693, 18.8586, 19.4479, 20.0372, 20.6266, 21.2159, 21.8052, 22.3946, 22.9839, 23.5732, 24.1626, 24.7519, 25.3412, 25.9306, 26.5199, 27.1092, 27.6985, 28.2879, 28.8772, 29.4665, 30.0559, 30.6452, 31.2345, 31.8239, 32.4132, 33.0025, 33.5919, 34.1812, 34.7705
7.47246, 7.51643, 7.56165, 7.60818, 7.65608, 7.70543, 7.75628, 7.80871, 7.86282, 7.91868, 7.97639, 8.03606, 8.09779, 8.1617, 8.22793, 8.29661, 8.36789, 8.44195, 8.51897, 8.59914, 8.6827, 8.76987, 8.86093, 8.95619, 9.05596, 9.16063, 9.2706, 9.38635, 9.50841, 9.63737, 9.77393, 9.91888, 10.0731, 10.2377, 10.414, 10.6033, 10.8074, 11.0286, 11.2692, 11.5327, 11.8229, 12.145, 12.5056, 12.9139, 13.382, 13.9277, 14.5779, 15.3763, 16.4015, 17.7848, 19.4828, 20.1449, 16.7538, 9.36723, 3.10194, 0.565532, 0.0545647, 0.00271998, 6.19835e-05, 2.44153e-07
7.47246, 7.52385, 7.5768, 7.63138, 7.68768, 7.74579, 7.8058, 7.86782, 7.93195, 7.99832, 8.06705, 8.13828, 8.21217, 8.28887, 8.36857, 8.45145, 8.53774, 8.62767, 8.72149, 8.81949, 8.92198, 9.02931, 9.14186, 9.26007, 9.38442, 9.51545, 9.65377, 9.80009, 9.9552, 10.12, 10.2955, 10.4831, 10.684, 10.8999, 11.1329, 11.3853, 11.6599, 11.9603, 12.2909, 12.6571, 13.0658, 13.5262, 14.0504, 14.6553, 15.3645, 16.2136, 17.2588, 18.5981, 20.4299, 23.2164, 27.6708, 32.5509, 31.2319, 19.8164, 7.27102, 1.44018, 0.148772, 0.00786337, 0.000198293, 1.30677e-06
30.9362
58.16
 
MEASUREMENT 388
1.4716, 4.41481, 7.36319, 10.3064, 13.2548, 16.2031, 19.1774, 22.1309, 25.0793, 28.0277, 30.9502, 33.8934
7.63059, 7.78879, 8.19972, 8.66334, 9.27979, 9.18208, 10.2059, 11.3485, 12.6357, 16.4544, 11.9423, 0.0476207
0.00921262, 0.0093863, 0.00996025, 0.0107521, 0.0114673, 0.011434, 0.0126361, 0.0139788, 0.0153068, 0.0199118, 0.0144948, 0.00051107
0, 0.589331, 1.17866, 1.76799, 2.35732, 2.94665, 3.53598, 4.12532, 4.71465, 5.30398, 5.89331, 6.48264, 7.07197, 7.6613, 8.25063, 8.83996, 9.42929, 10.0186, 10.608, 11.1973, 11.7866, 12.3759, 12.9653, 13.5546, 14.1439, 14.7333, 15.3226, 15.9119, 16.5013, 17.0906, 17.6799, 18.2693, 18.8586, 19.4479, 20.0372, 20.6266, 21.2159, 21.8052, 22.3946, 22.9839, 23.5732, 24.1626, 24.7519, 25.3412, 25.9306, 26.5199, 27.1092, 27.6985, 28.2879, 28.8772, 29.4665, 30.0559, 30.6452, 31.2345, 31.8239, 32.4132, 33.0025, 33.5919, 34.1812, 34.7705
7.5201, 7.56438, 7.60991, 7.65677, 7.70501, 7.7547, 7.8059, 7.85871, 7.9132, 7.96945, 8.02757, 8.08766, 8.14983, 8.21419, 8.28089, 8.35006, 8.42185, 8.49644, 8.574, 8.65475, 8.7389, 8.8267, 8.91842, 9.01435, 9.11485, 9.22027, 9.33104, 9.44763, 9.57057, 9.70047, 9.83803, 9.98403, 10.1394, 10.3052, 10.4827, 10.6735, 10.8791, 11.1019, 11.3444, 11.6098, 11.9021, 12.2267, 12.5901, 13.0014, 13.4731, 14.023, 14.6782, 15.4827, 16.5159, 17.9104, 19.626, 20.3085, 16.9082, 9.4615, 3.13352, 0.570805, 0.0549674, 0.00273169, 6.19227e-05, 2.43269e-07
7.5201, 7.57181, 7.62509, 7.68002, 7.73667, 7.79515, 7.85554, 7.91795, 7.98249, 8.04927, 8.11844, 8.19012, 8.26447, 8.34165, 8.42185, 8.50526, 8.59209, 8.68259, 8.777, 8.87561, 8.97875, 9.08675, 9.20001, 9.31895, 9.44408, 9.57593, 9.71512, 9.86236, 10.0184, 10.1843, 10.3609, 10.5496, 10.7517, 10.969, 11.2034, 11.4574, 11.7337, 12.036, 12.3686, 12.737, 13.1482, 13.6114, 14.1388, 14.7472, 15.4606, 16.3147, 17.366, 18.7127, 20.5541, 23.3542, 27.8337, 32.7586, 31.4619, 19.9783, 7.33103, 1.45078, 0.149573, 0.00788126, 0.000197773, 1.29805e-06
30.9376
58.17
 
MEASUREMENT 389
1.4716, 4.41481, 7.36319, 10.3064, 13.2548, 16.2031, 19.1774, 22.1309, 25.0793, 28.0277, 30.9502, 33.8934
7.65086, 7.8077, 8.22264, 8.70735, 9.30282, 9.22714, 10.2334, 11.3775, 12.6674, 16.4948, 11.9618, 0.0480639
0.00921262, 0.0093863, 0.00996025, 0.0107521, 0.0114673, 0.011434, 0.0126361, 0.0139788, 0.0153068, 0.0199118, 0.0144948, 0.00051107
0, 0.589331, 1.17866, 1.76799, 2.35732, 2.94665, 3.53598, 4.12532, 4.71465, 5.30398, 5.89331, 6.48264, 7.07197, 7.6613, 8.25063, 8.83996, 9.42929, 10.0186, 10.608, 11.1973, 11.7866, 12.3759, 12.9653, 13.5546, 14.1439, 14.7333, 15.3226, 15.9119, 16.5013, 17.0906, 17.6799, 18.2693, 18.8586, 19.4479, 20.0372, 20.6266, 21.2159, 21.8052, 22.3946, 22.9839, 23.5732, 24.1626, 24.7519, 25.3412, 25.9306, 26.5199, 27.1092, 27.6985, 28.2879, 28.8772, 29.4665, 30.0559, 30.6452, 31.2345, 31.8239, 32.4132, 33.0025, 33.5919, 34.1812, 34.7705
7.54496, 7.58935, 7.635, 7.68197, 7.73033, 7.78014, 7.83148, 7.88442, 7.93904, 7.99543, 8.0537, 8.11393, 8.17625, 8.24077, 8.30762, 8.37696, 8.44892, 8.52368, 8.60143, 8.68237, 8.76671, 8.85471, 8.94664, 9.0428, 9.14352, 9.24917, 9.36019, 9.47703, 9.60024, 9.73042, 9.86827, 10.0146, 10.1703, 10.3364, 10.5143, 10.7054, 10.9115, 11.1346, 11.3776, 11.6435, 11.9363, 12.2614, 12.6254, 13.0374, 13.5098, 14.0605, 14.7165, 15.522, 16.5562, 17.9513, 19.6645, 20.3376, 16.9276, 9.47821, 3.1452, 0.57492, 0.0556438, 0.00278385, 6.3845e-05, 2.51831e-07
7.54496, 7.59684, 7.65029, 7.7054, 7.76225, 7.82091, 7.88151, 7.94412, 8.00887, 8.07588, 8.14527, 8.21719, 8.29178, 8.36922, 8.44968, 8.53337, 8.62049, 8.71128, 8.806, 8.90494, 9.00841, 9.11677, 9.2304, 9.34974, 9.47528, 9.60757, 9.74722, 9.89494, 10.0515, 10.2179, 10.3951, 10.5844, 10.7872, 11.0052, 11.2404, 11.4952, 11.7725, 12.0757, 12.4094, 12.779, 13.1916, 13.6563, 14.1855, 14.7959, 15.5117, 16.3687, 17.4235, 18.7748, 20.6228, 23.4331, 27.9256, 32.8554, 31.5491, 20.0478, 7.37157, 1.46398, 0.151709, 0.00804782, 0.000204045, 1.34834e-06
30.9379
58.16
 
MEASUREMENT 390
1.4716, 4.41481, 7.36319, 10.3064, 13.2548, 16.2031, 19.1774, 22.1309, 25.0793, 28.0277, 30.9502, 33.8934
7.63347, 7.79229, 8.20302, 8.67751, 9.28247, 9.19551, 10.2075, 11.3513, 12.6384, 16.458, 11.9351, 0.0475393
0.00921262, 0.0093863, 0.00996025, 0.0107521, 0.0114673, 0.011434, 0.0126361, 0.0139788, 0.0153068, 0.0199118, 0.0144948, 0.00051107
0, 0.589331, 1.17866, 1.76799, 2.35732, 2.94665, 3.53598, 4.12532, 4.71465, 5.30398, 5.89331, 6.48264, 7.07197, 7.6613, 8.25063, 8.83996, 9.42929, 10.0186, 10.608, 11.1973, 11.7866, 12.3759, 12.9653, 13.5546, 14.1439, 14.7333, 15.3226, 15.9119, 16.5013, 17.0906, 17.6799, 18.2693, 18.8586, 19.4479, 20.0372, 20.6266, 21.2159, 21.8052, 22.3946, 22.9839, 23.5732, 24.1626, 24.7519, 25.3412, 25.9306, 26.5199, 27.1092, 27.6985, 28.2879, 28.8772, 29.4665, 30.0559, 30.6452, 31.2345, 31.8239, 32.4132, 33.0025, 33.5919, 34.1812, 34.7705
7.52546, 7.56975, 7.61529, 7.66216, 7.71041, 7.7601, 7.81132, 7.86414, 7.91863, 7.9749, 8.03302, 8.09312, 8.15529, 8.21967, 8.28637, 8.35554, 8.42734, 8.50194, 8.57951, 8.66026, 8.74442, 8.83222, 8.92394, 9.01988, 9.12038, 9.2258, 9.33657, 9.45315, 9.57609, 9.70598, 9.84353, 9.98952, 10.1449, 10.3107, 10.4882, 10.6789, 10.8845, 11.1072, 11.3496, 11.6149, 11.9072, 12.2316, 12.5949, 13.0061, 13.4775, 14.0271, 14.6819, 15.4859, 16.5182, 17.9112, 19.6238, 20.3008, 16.8961, 9.45142, 3.12921, 0.569871, 0.0548664, 0.00272626, 6.17824e-05, 2.42636e-07
7.52546, 7.57721, 7.63053, 7.6855, 7.74219, 7.80071, 7.86115, 7.9236, 7.98819, 8.05502, 8.12424, 8.19597, 8.27037, 8.34761, 8.42787, 8.51134, 8.59824, 8.68879, 8.78327, 8.88196, 8.98517, 9.09325, 9.20659, 9.32563, 9.45085, 9.58279, 9.72209, 9.86943, 10.0256, 10.1916, 10.3683, 10.5572, 10.7594, 10.9769, 11.2115, 11.4656, 11.7422, 12.0447, 12.3775, 12.7462, 13.1577, 13.6213, 14.1491, 14.758, 15.472, 16.3267, 17.3788, 18.7267, 20.5697, 23.3724, 27.8558, 32.7829, 31.4807, 19.9864, 7.33256, 1.45084, 0.14956, 0.0078799, 0.000197718, 1.29779e-06
30.9374
58.16
 
MEASUREMENT 391
1.4716, 4.41481, 7.36319, 10.3064, 13.2548, 16.2031, 19.1774, 22.1309, 25.0793, 28.0277, 30.9502, 33.8934
7.60461, 7.7609, 8.17329, 8.64598, 9.24744, 9.1617, 10.1709, 11.31, 12.5911, 16.3969, 11.8905, 0.0481581
0.00921262, 0.0093863, 0.00996025, 0.0107521, 0.0114673, 0.011434, 0.0126361, 0.0139788, 0.0153068, 0.0199118, 0.0144948, 0.00051107
0, 0.589331, 1.17866, 1.76799, 2.35732, 2.94665, 3.53598, 4.12532, 4.71465, 5.30398, 5.89331, 6.48264, 7.07197, 7.6613, 8.25063, 8.83996, 9.42929, 10.0186, 10.608, 11.1973, 11.7866, 12.3759, 12.9653, 13.5546, 14.1439, 14.7333, 15.3226, 15.9119, 16.5013, 17.0906, 17.6799, 18.2693, 18.8586, 19.4479, 20.0372, 20.6266, 21.2159, 21.8052, 22.3946, 22.9839, 23.5732, 24.1626, 24.7519, 25.3412, 25.9306, 26.5199, 27.1092, 27.6985, 28.2879, 28.8772, 29.4665, 30.0559, 30.6452, 31.2345, 31.8239, 32.4132, 33.0025, 33.5919, 34.1812, 34.7705
7.49731, 7.54144, 7.58681, 7.6335, 7.68157, 7.73109, 7.78211, 7.83473, 7.88903, 7.94508, 8.003, 8.06287, 8.12482, 8.18895, 8.25541, 8.32433, 8.39586, 8.47018, 8.54747, 8.62792, 8.71177, 8.79925, 8.89063, 8.98622, 9.08634, 9.19138, 9.30174, 9.41789, 9.54038, 9.6698, 9.80684, 9.9523, 10.1071, 10.2723, 10.4491, 10.6391, 10.844, 11.0659, 11.3074, 11.5718, 11.863, 12.1863, 12.5482, 12.9579, 13.4277, 13.9754, 14.6279, 15.4292, 16.4582, 17.8463, 19.5486, 20.2119, 16.82, 9.42394, 3.13337, 0.574813, 0.0559293, 0.00281813, 6.54306e-05, 2.59545e-07
7.49731, 7.54887, 7.60199, 7.65675, 7.71323, 7.77153, 7.83174, 7.89396, 7.95831, 8.02489, 8.09385, 8.16531, 8.23944, 8.31639, 8.39634, 8.4795, 8.56607, 8.65629, 8.75042, 8.84874, 8.95156, 9.05924, 9.17215, 9.29075, 9.4155, 9.54695, 9.68572, 9.83251, 9.98812, 10.1535, 10.3296, 10.5177, 10.7192, 10.9358, 11.1696, 11.4228, 11.6983, 11.9997, 12.3313, 12.6986, 13.1086, 13.5704, 14.0963, 14.703, 15.4144, 16.2661, 17.3145, 18.6579, 20.4954, 23.2903, 27.754, 32.6378, 31.3242, 19.9117, 7.33446, 1.46163, 0.152255, 0.00813369, 0.000208448, 1.38777e-06
30.9375
58.16
 
MEASUREMENT 392
1.4716, 4.41481, 7.36319, 10.3064, 13.2548, 16.2031, 19.1774, 22.1309, 25.0793, 28.0277, 30.9502, 33.8934
7.60259, 7.75848, 8.16772, 8.64107, 9.24373, 9.15671, 10.1674, 11.3047, 12.5867, 16.3912, 11.8851, 0.0469789
0.00921262, 0.0093863, 0.00996025, 0.0107521, 0.0114673, 0.011434, 0.0126361, 0.0139788, 0.0153068, 0.0199118, 0.0144948, 0.00051107
0, 0.589331, 1.17866, 1.76799, 2.35732, 2.94665, 3.53598, 4.12532, 4.71465, 5.30398, 5.89331, 6.48264, 7.07197, 7.6613, 8.25063, 8.83996, 9.42929, 10.0186, 10.608, 11.1973, 11.7866, 12.3759, 12.9653, 13.5546, 14.1439, 14.7333, 15.3226, 15.9119, 16.5013, 17.0906, 17.6799, 18.2693, 18.8586, 19.4479, 20.0372, 20.6266, 21.2159, 21.8052, 22.3946, 22.9839, 23.5732, 24.1626, 24.7519, 25.3412, 25.9306, 26.5199, 27.1092, 27.6985, 28.2879, 28.8772, 29.4665, 30.0559, 30.6452, 31.2345, 31.8239, 32.4132, 33.0025, 33.5919, 34.1812, 34.7705
7.49387, 7.53798, 7.58334, 7.63001, 7.67806, 7.72756, 7.77857, 7.83117, 7.88544, 7.94148, 7.99937, 8.05923, 8.12115, 8.18526, 8.2517, 8.32059, 8.3921, 8.4664, 8.54366, 8.62408, 8.7079, 8.79535, 8.8867, 8.98226, 9.08235, 9.18735, 9.29768, 9.4138, 9.53625, 9.66562, 9.80262, 9.94804, 10.1028, 10.2679, 10.4447, 10.6346, 10.8395, 11.0613, 11.3028, 11.5671, 11.8582, 12.1814, 12.5432, 12.9528, 13.4224, 13.97, 14.6223, 15.4232, 16.4517, 17.8397, 19.5476, 20.2249, 16.8299, 9.40538, 3.10771, 0.56416, 0.0540787, 0.00267198, 5.99513e-05, 2.34637e-07
7.49387, 7.5454, 7.5985, 7.65324, 7.7097, 7.76797, 7.82815, 7.89035, 7.95466, 8.02122, 8.09014, 8.16158, 8.23567, 8.31259, 8.39251, 8.47563, 8.56217, 8.65235, 8.74643, 8.84471, 8.94749, 9.05512, 9.16799, 9.28653, 9.41122, 9.54262, 9.68134, 9.82807, 9.98361, 10.1489, 10.3249, 10.5129, 10.7144, 10.9309, 11.1646, 11.4176, 11.693, 11.9943, 12.3258, 12.6929, 13.1027, 13.5644, 14.09, 14.6964, 15.4075, 16.2587, 17.3065, 18.6488, 20.4842, 23.2753, 27.7425, 32.6561, 31.3564, 19.8898, 7.28272, 1.43642, 0.147426, 0.00772388, 0.000192136, 1.25441e-06
30.9368
58.16
 
MEASUREMENT 393
1.4716, 4.41481, 7.36319, 10.3064, 13.2548, 16.2031, 19.1774, 22.1309, 25.0793, 28.0277, 30.9502, 33.8934
7.64785, 7.8042, 8.21908, 8.69398, 9.30035, 9.21344, 10.2288, 11.3725, 12.6514, 16.488, 11.9465, 0.048329
0.00921262, 0.0093863, 0.00996025, 0.0107521, 0.0114673, 0.011434, 0.0126361, 0.0139788, 0.0153068, 0.0199118, 0.0144948, 0.00051107
0, 0.589331, 1.17866, 1.76799, 2.35732, 2.94665, 3.53598, 4.12532, 4.71465, 5.30398, 5.89331, 6.48264, 7.07197, 7.6613, 8.25063, 8.83996, 9.42929, 10.0186, 10.608, 11.1973, 11.7866, 12.3759, 12.9653, 13.5546, 14.1439, 14.7333, 15.3226, 15.9119, 16.5013, 17.0906, 17.6799, 18.2693, 18.8586, 19.4479, 20.0372, 20.6266, 21.2159, 21.8052, 22.3946, 22.9839, 23.5732, 24.1626, 24.7519, 25.3412, 25.9306, 26.5199, 27.1092, 27.6985, 28.2879, 28.8772, 29.4665, 30.0559, 30.6452, 31.2345, 31.8239, 32.4132, 33.0025, 33.5919, 34.1812, 34.7705
7.53961, 7.58397, 7.62959, 7.67653, 7.72485, 7.77463, 7.82592, 7.87882, 7.9334, 7.98975, 8.04797, 8.10816, 8.17043, 8.23491, 8.30171, 8.37099, 8.4429, 8.51761, 8.5953, 8.67618, 8.76046, 8.8484, 8.94026, 9.03634, 9.13699, 9.24257, 9.3535, 9.47025, 9.59337, 9.72346, 9.86121, 10.0074, 10.163, 10.329, 10.5068, 10.6977, 10.9036, 11.1267, 11.3694, 11.6351, 11.9278, 12.2526, 12.6164, 13.0281, 13.5002, 14.0505, 14.7062, 15.5113, 16.5452, 17.9396, 19.6487, 20.3112, 16.8975, 9.46414, 3.14571, 0.576911, 0.0561199, 0.00282719, 6.56187e-05, 2.60242e-07
7.53961, 7.59146, 7.64488, 7.69995, 7.75676, 7.81538, 7.87593, 7.93851, 8.00321, 8.07017, 8.13952, 8.21139, 8.28593, 8.36332, 8.44373, 8.52736, 8.61442, 8.70515, 8.79981, 8.89868, 9.00209, 9.11038, 9.22393, 9.3432, 9.46865, 9.60085, 9.74041, 9.88804, 10.0445, 10.2108, 10.3879, 10.5771, 10.7798, 10.9976, 11.2327, 11.4873, 11.7644, 12.0675, 12.401, 12.7704, 13.1827, 13.6472, 14.1761, 14.7863, 15.5018, 16.3583, 17.4128, 18.764, 20.6122, 23.4237, 27.9134, 32.8233, 31.4965, 20.0162, 7.37107, 1.46858, 0.152949, 0.00816954, 0.000209326, 1.39367e-06
30.9372
58.16
 
MEASUREMENT 394
1.4716, 4.41481, 7.36319, 10.3064, 13.2548, 16.2031, 19.1774, 22.1309, 25.0793, 28.0277, 30.9502, 33.8934
7.62911, 7.78619, 8.19918, 8.66116, 9.27726, 9.17877, 10.2043, 11.3458, 12.642, 16.4487, 11.9385, 0.0468202
0.00921262, 0.0093863, 0.00996025, 0.0107521, 0.0114673, 0.011434, 0.0126361, 0.0139788, 0.0153068, 0.0199118, 0.0144948, 0.00051107
0, 0.589331, 1.17866, 1.76799, 2.35732, 2.94665, 3.53598, 4.12532, 4.71465, 5.30398, 5.89331, 6.48264, 7.07197, 7.6613, 8.25063, 8.83996, 9.42929, 10.0186, 10.608, 11.1973, 11.7866, 12.3759, 12.9653, 13.5546, 14.1439, 14.7333, 15.3226, 15.9119, 16.5013, 17.0906, 17.6799, 18.2693, 18.8586, 19.4479, 20.0372, 20.6266, 21.2159, 21.8052, 22.3946, 22.9839, 23.5732, 24.1626, 24.7519, 25.3412, 25.9306, 26.5199, 27.1092, 27.6985, 28.2879, 28.8772, 29.4665, 30.0559, 30.6452, 31.2345, 31.8239, 32.4132, 33.0025, 33.5919, 34.1812, 34.7705
7.5185, 7.56277, 7.6083, 7.65516, 7.70339, 7.75307, 7.80428, 7.85708, 7.91156, 7.96781, 8.02593, 8.08601, 8.14817, 8.21253, 8.27922, 8.34838, 8.42017, 8.49475, 8.57231, 8.65306, 8.7372, 8.82499, 8.91671, 9.01264, 9.11313, 9.21855, 9.32931, 9.44589, 9.56883, 9.69873, 9.83628, 9.98229, 10.1377, 10.3035, 10.481, 10.6717, 10.8774, 11.1001, 11.3426, 11.608, 11.9004, 12.225, 12.5884, 12.9997, 13.4715, 14.0214, 14.6767, 15.4813, 16.5144, 17.9094, 19.6291, 20.3195, 16.9142, 9.44695, 3.11523, 0.563478, 0.053725, 0.00263559, 5.83886e-05, 2.27494e-07
7.5185, 7.5702, 7.62347, 7.67839, 7.73503, 7.7935, 7.85388, 7.91628, 7.9808, 8.04758, 8.11673, 8.1884, 8.26273, 8.3399, 8.42009, 8.50348, 8.5903, 8.68078, 8.77517, 8.87377, 8.97688, 9.08487, 9.19811, 9.31704, 9.44214, 9.57397, 9.71314, 9.86035, 10.0164, 10.1822, 10.3588, 10.5475, 10.7496, 10.9668, 11.2012, 11.4551, 11.7314, 12.0337, 12.3662, 12.7345, 13.1457, 13.6088, 14.1362, 14.7445, 15.4578, 16.3118, 17.3628, 18.7092, 20.5497, 23.3484, 27.8314, 32.7746, 31.4812, 19.9577, 7.29304, 1.43323, 0.14631, 0.00761074, 0.000187228, 1.21355e-06
30.9369
58.17
 
MEASUREMENT 395
1.4716, 4.41481, 7.36319, 10.3064, 13.2548, 16.2031, 19.1774, 22.1309, 25.0793, 28.0277, 30.9502, 33.8934
7.67193, 7.82777, 8.24217, 8.7299, 9.32811, 9.25015, 10.2575, 11.4056, 12.6995, 16.5365, 11.9929, 0.0487844
0.00921262, 0.0093863, 0.00996025, 0.0107521, 0.0114673, 0.011434, 0.0126361, 0.0139788, 0.0153068, 0.0199118, 0.0144948, 0.00051107
0, 0.589331, 1.17866, 1.76799, 2.35732, 2.94665, 3.53598, 4.12532, 4.71465, 5.30398, 5.89331, 6.48264, 7.07197, 7.6613, 8.25063, 8.83996, 9.42929, 10.0186, 10.608, 11.1973, 11.7866, 12.3759, 12.9653, 13.5546, 14.1439, 14.7333, 15.3226, 15.9119, 16.5013, 17.0906, 17.6799, 18.2693, 18.8586, 19.4479, 20.0372, 20.6266, 21.2159, 21.8052, 22.3946, 22.9839, 23.5732, 24.1626, 24.7519, 25.3412, 25.9306, 26.5199, 27.1092, 27.6985, 28.2879, 28.8772, 29.4665, 30.0559, 30.6452, 31.2345, 31.8239, 32.4132, 33.0025, 33.5919, 34.1812, 34.7705
7.56431, 7.60881, 7.65458, 7.70167, 7.75015, 7.80009, 7.85155, 7.90462, 7.95938, 8.01591, 8.07432, 8.1347, 8.19717, 8.26185, 8.32888, 8.39838, 8.47052, 8.54547, 8.62341, 8.70455, 8.7891, 8.87732, 8.96948, 9.06587, 9.16684, 9.27275, 9.38404, 9.50117, 9.62468, 9.75518, 9.89337, 10.04, 10.1961, 10.3627, 10.541, 10.7325, 10.9391, 11.1628, 11.4063, 11.6729, 11.9665, 12.2923, 12.6572, 13.0702, 13.5437, 14.0957, 14.7533, 15.5608, 16.5975, 17.9958, 19.7101, 20.3783, 16.963, 9.51084, 3.16605, 0.581775, 0.0567269, 0.0028657, 6.68316e-05, 2.65391e-07
7.56431, 7.61633, 7.66992, 7.72517, 7.78216, 7.84097, 7.90172, 7.96449, 8.02941, 8.09659, 8.16615, 8.23826, 8.31304, 8.39068, 8.47134, 8.55524, 8.64258, 8.7336, 8.82857, 8.92776, 9.0315, 9.14013, 9.25405, 9.37369, 9.49955, 9.63217, 9.77217, 9.92027, 10.0773, 10.2441, 10.4217, 10.6115, 10.8148, 11.0334, 11.2692, 11.5246, 11.8025, 12.1066, 12.4411, 12.8117, 13.2253, 13.6912, 14.2217, 14.8337, 15.5513, 16.4104, 17.4679, 18.8229, 20.6761, 23.4946, 27.9955, 32.9226, 31.6087, 20.1088, 7.41657, 1.48056, 0.154563, 0.00827861, 0.000212987, 1.42117e-06
30.9383
58.16
 
MEASUREMENT 396
1.4716, 4.41481, 7.36319, 10.3064, 13.2548, 16.2031, 19.1774, 22.1309, 25.0793, 28.0277, 30.9502, 33.8934
7.63145, 7.78746, 8.19957, 8.66261, 9.2783, 9.1808, 10.2055, 11.3471, 12.6344, 16.4509, 11.9304, 0.0476234
0.00921262, 0.0093863, 0.00996025, 0.0107521, 0.0114673, 0.011434, 0.0126361, 0.0139788, 0.0153068, 0.0199118, 0.0144948, 0.00051107
0, 0.589331, 1.17866, 1.76799, 2.35732, 2.94665, 3.53598, 4.12532, 4.71465, 5.30398, 5.89331, 6.48264, 7.07197, 7.6613, 8.25063, 8.83996, 9.42929, 10.0186, 10.608, 11.1973, 11.7866, 12.3759, 12.9653, 13.5546, 14.1439, 14.7333, 15.3226, 15.9119, 16.5013, 17.0906, 17.6799, 18.2693, 18.8586, 19.4479, 20.0372, 20.6266, 21.2159, 21.8052, 22.3946, 22.9839, 23.5732, 24.1626, 24.7519, 25.3412, 25.9306, 26.5199, 27.1092, 27.6985, 28.2879, 28.8772, 29.4665, 30.0559, 30.6452, 31.2345, 31.8239, 32.4132, 33.0025, 33.5919, 34.1812, 34.7705
7.51982, 7.56408, 7.60961, 7.65646, 7.70468, 7.75436, 7.80555, 7.85835, 7.91282, 7.96906, 8.02717, 8.08724, 8.14939, 8.21374, 8.28042, 8.34957, 8.42134, 8.49591, 8.57345, 8.65418, 8.73831, 8.82608, 8.91777, 9.01369, 9.11415, 9.21954, 9.33028, 9.44683, 9.56974, 9.6996, 9.83711, 9.98307, 10.1384, 10.3042, 10.4816, 10.6723, 10.8779, 11.1006, 11.3429, 11.6083, 11.9005, 12.2249, 12.5882, 12.9994, 13.4709, 14.0206, 14.6756, 15.4799, 16.5127, 17.9066, 19.6194, 20.2937, 16.8868, 9.44632, 3.12905, 0.570472, 0.0550226, 0.00274091, 6.23871e-05, 2.45596e-07
7.51982, 7.57153, 7.62481, 7.67973, 7.73639, 7.79487, 7.85526, 7.91767, 7.9822, 8.04899, 8.11815, 8.18984, 8.26419, 8.34137, 8.42157, 8.50498, 8.59181, 8.68231, 8.77672, 8.87533, 8.97847, 9.08647, 9.19973, 9.31869, 9.44381, 9.57567, 9.71486, 9.8621, 10.0182, 10.184, 10.3607, 10.5494, 10.7515, 10.9688, 11.2032, 11.4572, 11.7336, 12.0359, 12.3685, 12.7369, 13.1482, 13.6114, 14.1389, 14.7475, 15.4611, 16.3153, 17.3669, 18.7142, 20.5567, 23.3592, 27.8402, 32.7561, 31.4419, 19.9581, 7.32471, 1.45073, 0.149805, 0.00791215, 0.000199286, 1.31179e-06
30.9369
58.16
 
MEASUREMENT 397
1.4716, 4.41481, 7.36319, 10.3064, 13.2548, 16.2031, 19.1774, 22.1309, 25.0793, 28.0277, 30.9502, 33.8934
7.61098, 7.76991, 8.18085, 8.65272, 9.25579, 9.18031, 10.1807, 11.3196, 12.602, 16.4112, 11.9022, 0.0467846
0.00921262, 0.0093863, 0.00996025, 0.0107521, 0.0114673, 0.011434, 0.0126361, 0.0139788, 0.0153068, 0.0199118, 0.0144948, 0.00051107
0, 0.589331, 1.17866, 1.76799, 2.35732, 2.94665, 3.53598, 4.12532, 4.71465, 5.30398, 5.89331, 6.48264, 7.07197, 7.6613, 8.25063, 8.83996, 9.42929, 10.0186, 10.608, 11.1973, 11.7866, 12.3759, 12.9653, 13.5546, 14.1439, 14.7333, 15.3226, 15.9119, 16.5013, 17.0906, 17.6799, 18.2693, 18.8586, 19.4479, 20.0372, 20.6266, 21.2159, 21.8052, 22.3946, 22.9839, 23.5732, 24.1626, 24.7519, 25.3412, 25.9306, 26.5199, 27.1092, 27.6985, 28.2879, 28.8772, 29.4665, 30.0559, 30.6452, 31.2345, 31.8239, 32.4132, 33.0025, 33.5919, 34.1812, 34.7705
7.50531, 7.54948, 7.5949, 7.64163, 7.68975, 7.73931, 7.79038, 7.84305, 7.8974, 7.95351, 8.01147, 8.0714, 8.13341, 8.1976, 8.26412, 8.3331, 8.40471, 8.47909, 8.55645, 8.63698, 8.7209, 8.80846, 8.89993, 8.9956, 9.09582, 9.20095, 9.31141, 9.42767, 9.55026, 9.67979, 9.81696, 9.96254, 10.1175, 10.2828, 10.4598, 10.6499, 10.855, 11.0771, 11.3188, 11.5834, 11.8748, 12.1983, 12.5605, 12.9705, 13.4406, 13.9885, 14.6414, 15.4428, 16.4718, 17.8606, 19.5714, 20.2554, 16.86, 9.41924, 3.10805, 0.562733, 0.0537253, 0.00264001, 5.86619e-05, 2.28617e-07
7.50531, 7.55692, 7.6101, 7.66492, 7.72146, 7.77982, 7.8401, 7.90238, 7.9668, 8.03345, 8.10248, 8.17402, 8.24823, 8.32526, 8.4053, 8.48855, 8.57521, 8.66553, 8.75975, 8.85818, 8.96111, 9.0689, 9.18193, 9.30065, 9.42553, 9.55713, 9.69605, 9.84299, 9.99876, 10.1643, 10.3406, 10.5289, 10.7306, 10.9475, 11.1814, 11.4349, 11.7107, 12.0124, 12.3443, 12.712, 13.1224, 13.5847, 14.111, 14.7183, 15.4303, 16.2826, 17.3316, 18.6754, 20.5124, 23.3054, 27.779, 32.7128, 31.4277, 19.9334, 7.28996, 1.43422, 0.146621, 0.0076403, 0.000188461, 1.22333e-06
30.9373
58.16
 
MEASUREMENT 398
1.4716, 4.41481, 7.36319, 10.3064, 13.2548, 16.2031, 19.1774, 22.1309, 25.0793, 28.0277, 30.9502, 33.8934
7.61228, 7.76852, 8.17975, 8.66436, 9.25721, 9.17062, 10.1812, 11.3209, 12.6053, 16.4132, 11.9025, 0.0477162
0.00921262, 0.0093863, 0.00996025, 0.0107521, 0.0114673, 0.011434, 0.0126361, 0.0139788, 0.0153068, 0.0199118, 0.0144948, 0.00051107
0, 0.589331, 1.17866, 1.76799, 2.35732, 2.94665, 3.53598, 4.12532, 4.71465, 5.30398, 5.89331, 6.48264, 7.07197, 7.6613, 8.25063, 8.83996, 9.42929, 10.0186, 10.608, 11.1973, 11.7866, 12.3759, 12.9653, 13.5546, 14.1439, 14.7333, 15.3226, 15.9119, 16.5013, 17.0906, 17.6799, 18.2693, 18.8586, 19.4479, 20.0372, 20.6266, 21.2159, 21.8052, 22.3946, 22.9839, 23.5732, 24.1626, 24.7519, 25.3412, 25.9306, 26.5199, 27.1092, 27.6985, 28.2879, 28.8772, 29.4665, 30.0559, 30.6452, 31.2345, 31.8239, 32.4132, 33.0025, 33.5919, 34.1812, 34.7705
7.50584, 7.55, 7.59543, 7.64217, 7.69029, 7.73985, 7.79093, 7.8436, 7.89795, 7.95407, 8.01204, 8.07197, 8.13398, 8.19818, 8.26471, 8.3337, 8.4053, 8.4797, 8.55706, 8.6376, 8.72153, 8.80909, 8.90057, 8.99625, 9.09647, 9.20161, 9.31208, 9.42835, 9.55096, 9.6805, 9.81768, 9.96328, 10.1182, 10.2836, 10.4606, 10.6507, 10.8558, 11.0779, 11.3197, 11.5843, 11.8758, 12.1993, 12.5616, 12.9716, 13.4418, 13.9899, 14.6429, 15.4447, 16.4742, 17.8633, 19.5694, 20.2401, 16.845, 9.42881, 3.12687, 0.571048, 0.0552024, 0.00275761, 6.3077e-05, 2.48626e-07
7.50584, 7.55745, 7.61063, 7.66545, 7.722, 7.78037, 7.84064, 7.90294, 7.96735, 8.03401, 8.10304, 8.17459, 8.2488, 8.32584, 8.40589, 8.48914, 8.57581, 8.66613, 8.76036, 8.85879, 8.96173, 9.06953, 9.18257, 9.3013, 9.42619, 9.55779, 9.69672, 9.84368, 9.99946, 10.165, 10.3413, 10.5296, 10.7314, 10.9482, 11.1822, 11.4357, 11.7115, 12.0133, 12.3452, 12.7129, 13.1234, 13.5857, 14.1122, 14.7195, 15.4317, 16.2842, 17.3336, 18.6781, 20.5168, 23.313, 27.7834, 32.6886, 31.3849, 19.936, 7.32565, 1.45349, 0.150436, 0.00796814, 0.000201561, 1.33011e-06
30.9375
58.16
 
MEASUREMENT 399
1.4716, 4.41481, 7.36319, 10.3064, 13.2548, 16.2031, 19.1774, 22.1309, 25.0793, 28.0277, 30.9502, 33.8934
7.66387, 7.82238, 8.23604, 8.70995, 9.31984, 9.23265, 10.2513, 11.3993, 12.6921, 16.5262, 11.9846, 0.0478581
0.00921262, 0.0093863, 0.00996025, 0.0107521, 0.0114673, 0.011434, 0.0126361, 0.0139788, 0.0153068, 0.0199118, 0.0144948, 0.00051107
0, 0.589331, 1.17866, 1.76799, 2.35732, 2.94665, 3.53598, 4.12532, 4.71465, 5.30398, 5.89331, 6.48264, 7.07197, 7.6613, 8.25063, 8.83996, 9.42929, 10.0186, 10.608, 11.1973, 11.7866, 12.3759, 12.9653, 13.5546, 14.1439, 14.7333, 15.3226, 15.9119, 16.5013, 17.0906, 17.6799, 18.2693, 18.8586, 19.4479, 20.0372, 20.6266, 21.2159, 21.8052, 22.3946, 22.9839, 23.5732, 24.1626, 24.7519, 25.3412, 25.9306, 26.5199, 27.1092, 27.6985, 28.2879, 28.8772, 29.4665, 30.0559, 30.6452, 31.2345, 31.8239, 32.4132, 33.0025, 33.5919, 34.1812, 34.7705
7.55533, 7.5998, 7.64554, 7.6926, 7.74105, 7.79096, 7.84239, 7.89543, 7.95016, 8.00666, 8.06504, 8.12539, 8.18783, 8.25247, 8.31946, 8.38893, 8.46103, 8.53595, 8.61385, 8.69495, 8.77946, 8.86764, 8.95976, 9.05611, 9.15704, 9.26292, 9.37416, 9.49125, 9.61473, 9.74519, 9.88333, 10.03, 10.186, 10.3525, 10.5308, 10.7223, 10.9289, 11.1526, 11.3961, 11.6626, 11.9562, 12.2821, 12.647, 13.0601, 13.5337, 14.0859, 14.7438, 15.5517, 16.5892, 17.9892, 19.7094, 20.3861, 16.9632, 9.48935, 3.1436, 0.573221, 0.0553012, 0.00275567, 6.27582e-05, 2.47093e-07
7.55533, 7.60729, 7.66082, 7.716, 7.77293, 7.83168, 7.89236, 7.95506, 8.0199, 8.087, 8.15649, 8.22851, 8.30321, 8.38076, 8.46134, 8.54514, 8.63239, 8.72331, 8.81817, 8.91725, 9.02087, 9.12938, 9.24318, 9.36269, 9.48841, 9.62089, 9.76074, 9.90867, 10.0655, 10.2321, 10.4096, 10.5992, 10.8023, 11.0206, 11.2561, 11.5113, 11.789, 12.0927, 12.4269, 12.7971, 13.2103, 13.6757, 14.2057, 14.8171, 15.5341, 16.3924, 17.4489, 18.8026, 20.6538, 23.4695, 27.9715, 32.9102, 31.5899, 20.0529, 7.36032, 1.45805, 0.150598, 0.00795668, 0.000200508, 1.32025e-06
30.9369
58.16
 
MEASUREMENT 400
1.4716, 4.41481, 7.36319, 10.3064, 13.2548, 16.2031, 19.1774, 22.1309, 25.0793, 28.0277, 30.9502, 33.8934
7.69986, 7.85678, 8.27479, 8.75214, 9.36355, 9.27477, 10.2971, 11.4498, 12.7481, 16.6011, 12.0403, 0.0481266
0.00921262, 0.0093863, 0.00996025, 0.0107521, 0.0114673, 0.011434, 0.0126361, 0.0139788, 0.0153068, 0.0199118, 0.0144948, 0.00051107
0, 0.589331, 1.17866, 1.76799, 2.35732, 2.94665, 3.53598, 4.12532, 4.71465, 5.30398, 5.89331, 6.48264, 7.07197, 7.6613, 8.25063, 8.83996, 9.42929, 10.0186, 10.608, 11.1973, 11.7866, 12.3759, 12.9653, 13.5546, 14.1439, 14.7333, 15.3226, 15.9119, 16.5013, 17.0906, 17.6799, 18.2693, 18.8586, 19.4479, 20.0372, 20.6266, 21.2159, 21.8052, 22.3946, 22.9839, 23.5732, 24.1626, 24.7519, 25.3412, 25.9306, 26.5199, 27.1092, 27.6985, 28.2879, 28.8772, 29.4665, 30.0559, 30.6452, 31.2345, 31.8239, 32.4132, 33.0025, 33.5919, 34.1812, 34.7705
7.59029, 7.63496, 7.6809, 7.72818, 7.77684, 7.82697, 7.87864, 7.93191, 7.98688, 8.04364, 8.10227, 8.16289, 8.22561, 8.29054, 8.35783, 8.42761, 8.50003, 8.57528, 8.65353, 8.73499, 8.81988, 8.90845, 9.00097, 9.09775, 9.19912, 9.30547, 9.4172, 9.53481, 9.65882, 9.78986, 9.92861, 10.0759, 10.2326, 10.3999, 10.5789, 10.7713, 10.9787, 11.2034, 11.4479, 11.7156, 12.0104, 12.3377, 12.7042, 13.119, 13.5946, 14.1491, 14.8097, 15.6209, 16.6625, 18.068, 19.7953, 20.4767, 17.0427, 9.53681, 3.1603, 0.576403, 0.0556158, 0.00277141, 6.31209e-05, 2.48407e-07
7.59029, 7.64248, 7.69626, 7.7517, 7.80889, 7.86791, 7.92886, 7.99186, 8.057, 8.12441, 8.19422, 8.26657, 8.34161, 8.41952, 8.50047, 8.58466, 8.6723, 8.76364, 8.85893, 8.95847, 9.06257, 9.17158, 9.2859, 9.40596, 9.53226, 9.66534, 9.80583, 9.95444, 10.112, 10.2794, 10.4577, 10.6481, 10.8521, 11.0714, 11.3081, 11.5644, 11.8433, 12.1484, 12.4842, 12.856, 13.2711, 13.7386, 14.271, 14.8852, 15.6053, 16.4674, 17.5287, 18.8882, 20.7474, 23.5748, 28.0962, 33.0607, 31.744, 20.1587, 7.40186, 1.46669, 0.151517, 0.00800563, 0.000201746, 1.32804e-06
30.9374
58.16
 
MEASUREMENT 401
1.4716, 4.41481, 7.36319, 10.3064, 13.2548, 16.2031, 19.1774, 22.1309, 25.0793, 28.0277, 30.9502, 33.8934
7.67836, 7.83566, 8.24798, 8.71483, 9.33379, 9.24539, 10.2665, 11.4151, 12.7096, 16.5507, 12.0008, 0.0479875
0.00921262, 0.0093863, 0.00996025, 0.0107521, 0.0114673, 0.011434, 0.0126361, 0.0139788, 0.0153068, 0.0199118, 0.0144948, 0.00051107
0, 0.589331, 1.17866, 1.76799, 2.35732, 2.94665, 3.53598, 4.12532, 4.71465, 5.30398, 5.89331, 6.48264, 7.07197, 7.6613, 8.25063, 8.83996, 9.42929, 10.0186, 10.608, 11.1973, 11.7866, 12.3759, 12.9653, 13.5546, 14.1439, 14.7333, 15.3226, 15.9119, 16.5013, 17.0906, 17.6799, 18.2693, 18.8586, 19.4479, 20.0372, 20.6266, 21.2159, 21.8052, 22.3946, 22.9839, 23.5732, 24.1626, 24.7519, 25.3412, 25.9306, 26.5199, 27.1092, 27.6985, 28.2879, 28.8772, 29.4665, 30.0559, 30.6452, 31.2345, 31.8239, 32.4132, 33.0025, 33.5919, 34.1812, 34.7705
7.56621, 7.61074, 7.65654, 7.70367, 7.75219, 7.80217, 7.85367, 7.90678, 7.96159, 8.01817, 8.07662, 8.13706, 8.19958, 8.26432, 8.3314, 8.40097, 8.47317, 8.54819, 8.6262, 8.70741, 8.79204, 8.88035, 8.97259, 9.06908, 9.17014, 9.27617, 9.38757, 9.50482, 9.62846, 9.7591, 9.89744, 10.0443, 10.2005, 10.3673, 10.5458, 10.7376, 10.9444, 11.1684, 11.4122, 11.6791, 11.9731, 12.2995, 12.6649, 13.0785, 13.5528, 14.1057, 14.7645, 15.5735, 16.6124, 18.0142, 19.7362, 20.4125, 16.9848, 9.50262, 3.14909, 0.57457, 0.0554799, 0.00276778, 6.31618e-05, 2.48876e-07
7.56621, 7.61824, 7.67184, 7.72711, 7.78412, 7.84295, 7.90372, 7.96651, 8.03145, 8.09864, 8.16823, 8.24036, 8.31517, 8.39283, 8.47352, 8.55744, 8.64481, 8.73587, 8.83086, 8.93008, 9.03386, 9.14252, 9.25648, 9.37617, 9.50207, 9.63474, 9.77479, 9.92294, 10.08, 10.2468, 10.4246, 10.6144, 10.8178, 11.0365, 11.2723, 11.5279, 11.8059, 12.1101, 12.4448, 12.8155, 13.2293, 13.6954, 14.2261, 14.8384, 15.5564, 16.416, 17.4741, 18.8297, 20.6837, 23.5037, 28.0119, 32.9557, 31.6322, 20.082, 7.37349, 1.46153, 0.151091, 0.00799191, 0.000201753, 1.33001e-06
30.9369
58.16
 
MEASUREMENT 402
1.4716, 4.41481, 7.36319, 10.3064, 13.2548, 16.2031, 19.1774, 22.1309, 25.0793, 28.0277, 30.9502, 33.8934
7.70391, 7.86348, 8.27899, 8.7586, 9.36977, 9.26976, 10.3047, 11.4586, 12.7569, 16.6123, 12.0464, 0.048597
0.00921262, 0.0093863, 0.00996025, 0.0107521, 0.0114673, 0.011434, 0.0126361, 0.0139788, 0.0153068, 0.0199118, 0.0144948, 0.00051107
0, 0.589331, 1.17866, 1.76799, 2.35732, 2.94665, 3.53598, 4.12532, 4.71465, 5.30398, 5.89331, 6.48264, 7.07197, 7.6613, 8.25063, 8.83996, 9.42929, 10.0186, 10.608, 11.1973, 11.7866, 12.3759, 12.9653, 13.5546, 14.1439, 14.7333, 15.3226, 15.9119, 16.5013, 17.0906, 17.6799, 18.2693, 18.8586, 19.4479, 20.0372, 20.6266, 21.2159, 21.8052, 22.3946, 22.9839, 23.5732, 24.1626, 24.7519, 25.3412, 25.9306, 26.5199, 27.1092, 27.6985, 28.2879, 28.8772, 29.4665, 30.0559, 30.6452, 31.2345, 31.8239, 32.4132, 33.0025, 33.5919, 34.1812, 34.7705
7.59423, 7.63893, 7.6849, 7.7322, 7.7809, 7.83106, 7.88276, 7.93607, 7.99107, 8.04787, 8.10654, 8.1672, 8.22995, 8.29493, 8.36226, 8.43208, 8.50456, 8.57985, 8.65815, 8.73966, 8.82461, 8.91324, 9.00582, 9.10267, 9.20411, 9.31053, 9.42234, 9.54003, 9.66413, 9.79525, 9.9341, 10.0815, 10.2383, 10.4057, 10.5849, 10.7774, 10.9849, 11.2098, 11.4545, 11.7224, 12.0175, 12.345, 12.7118, 13.127, 13.603, 14.158, 14.8193, 15.6313, 16.6742, 18.0812, 19.8075, 20.4815, 17.043, 9.54416, 3.17005, 0.580592, 0.0563645, 0.00283185, 6.5422e-05, 2.59053e-07
7.59423, 7.64645, 7.70026, 7.75573, 7.81295, 7.872, 7.93299, 7.99601, 8.06119, 8.12864, 8.19848, 8.27087, 8.34596, 8.42391, 8.5049, 8.58913, 8.67682, 8.76821, 8.86356, 8.96315, 9.0673, 9.17637, 9.29075, 9.41088, 9.53724, 9.6704, 9.81097, 9.95966, 10.1173, 10.2848, 10.4632, 10.6537, 10.8578, 11.0773, 11.314, 11.5705, 11.8496, 12.1549, 12.4908, 12.8629, 13.2782, 13.746, 14.2787, 14.8933, 15.614, 16.4767, 17.5388, 18.8996, 20.7609, 23.5922, 28.1151, 33.0655, 31.7325, 20.1614, 7.41869, 1.47598, 0.153402, 0.00817131, 0.0002085, 1.38425e-06
30.9372
58.16
 
MEASUREMENT 403
1.4716, 4.41481, 7.36319, 10.3064, 13.2548, 16.2031, 19.1774, 22.1309, 25.0793, 28.0277, 30.9502, 33.8934
7.65336, 7.81294, 8.22635, 8.69932, 9.30702, 9.23177, 10.2367, 11.381, 12.6727, 16.5025, 11.9686, 0.0479573
0.00921262, 0.0093863, 0.00996025, 0.0107521, 0.0114673, 0.011434, 0.0126361, 0.0139788, 0.0153068, 0.0199118, 0.0144948, 0.00051107
0, 0.589331, 1.17866, 1.76799, 2.35732, 2.94665, 3.53598, 4.12532, 4.71465, 5.30398, 5.89331, 6.48264, 7.07197, 7.6613, 8.25063, 8.83996, 9.42929, 10.0186, 10.608, 11.1973, 11.7866, 12.3759, 12.9653, 13.5546, 14.1439, 14.7333, 15.3226, 15.9119, 16.5013, 17.0906, 17.6799, 18.2693, 18.8586, 19.4479, 20.0372, 20.6266, 21.2159, 21.8052, 22.3946, 22.9839, 23.5732, 24.1626, 24.7519, 25.3412, 25.9306, 26.5199, 27.1092, 27.6985, 28.2879, 28.8772, 29.4665, 30.0559, 30.6452, 31.2345, 31.8239, 32.4132, 33.0025, 33.5919, 34.1812, 34.7705
7.54676, 7.59116, 7.63684, 7.68383, 7.73221, 7.78205, 7.83341, 7.88637, 7.94101, 7.99743, 8.05572, 8.11598, 8.17833, 8.24288, 8.30977, 8.37913, 8.45113, 8.52593, 8.60372, 8.68469, 8.76908, 8.85712, 8.9491, 9.0453, 9.14607, 9.25178, 9.36286, 9.47976, 9.60304, 9.73329, 9.87121, 10.0176, 10.1734, 10.3396, 10.5176, 10.7088, 10.915, 11.1383, 11.3814, 11.6474, 11.9405, 12.2658, 12.6301, 13.0423, 13.515, 14.0661, 14.7227, 15.5288, 16.5639, 17.9605, 19.6762, 20.352, 16.9396, 9.482, 3.14416, 0.574042, 0.0554655, 0.00276889, 6.32611e-05, 2.49209e-07
7.54676, 7.59865, 7.65212, 7.70724, 7.7641, 7.82278, 7.88339, 7.94602, 8.01079, 8.07781, 8.14722, 8.21915, 8.29377, 8.37122, 8.45171, 8.53541, 8.62255, 8.71337, 8.80811, 8.90708, 9.01058, 9.11896, 9.23262, 9.35199, 9.47756, 9.60988, 9.74957, 9.89732, 10.054, 10.2204, 10.3976, 10.587, 10.7898, 11.0079, 11.2431, 11.498, 11.7753, 12.0787, 12.4125, 12.7822, 13.1948, 13.6597, 14.189, 14.7996, 15.5156, 16.3728, 17.4278, 18.7795, 20.6279, 23.439, 27.9335, 32.8674, 31.5601, 20.0483, 7.3662, 1.46114, 0.151157, 0.00800098, 0.000202182, 1.33318e-06
30.9377
58.16
 
MEASUREMENT 404
1.4716, 4.41481, 7.36319, 10.3064, 13.2548, 16.2031, 19.1774, 22.1309, 25.0793, 28.0277, 30.9502, 33.8934
7.6717, 7.83023, 8.24507, 8.72183, 9.31913, 9.23186, 10.2623, 11.4113, 12.7054, 16.5453, 11.9971, 0.0482533
0.00921262, 0.0093863, 0.00996025, 0.0107521, 0.0114673, 0.011434, 0.0126361, 0.0139788, 0.0153068, 0.0199118, 0.0144948, 0.00051107
0, 0.589331, 1.17866, 1.76799, 2.35732, 2.94665, 3.53598, 4.12532, 4.71465, 5.30398, 5.89331, 6.48264, 7.07197, 7.6613, 8.25063, 8.83996, 9.42929, 10.0186, 10.608, 11.1973, 11.7866, 12.3759, 12.9653, 13.5546, 14.1439, 14.7333, 15.3226, 15.9119, 16.5013, 17.0906, 17.6799, 18.2693, 18.8586, 19.4479, 20.0372, 20.6266, 21.2159, 21.8052, 22.3946, 22.9839, 23.5732, 24.1626, 24.7519, 25.3412, 25.9306, 26.5199, 27.1092, 27.6985, 28.2879, 28.8772, 29.4665, 30.0559, 30.6452, 31.2345, 31.8239, 32.4132, 33.0025, 33.5919, 34.1812, 34.7705
7.56125, 7.60576, 7.65155, 7.69866, 7.74716, 7.79712, 7.84861, 7.9017, 7.95648, 8.01304, 8.07148, 8.13189, 8.1944, 8.25911, 8.32617, 8.39571, 8.4679, 8.54289, 8.62088, 8.70206, 8.78667, 8.87495, 8.96717, 9.06363, 9.16467, 9.27066, 9.38204, 9.49926, 9.62287, 9.75348, 9.89179, 10.0386, 10.1948, 10.3615, 10.54, 10.7318, 10.9386, 11.1626, 11.4064, 11.6732, 11.9672, 12.2936, 12.659, 13.0726, 13.547, 14.1, 14.759, 15.5682, 16.6076, 18.0102, 19.7314, 20.4032, 16.9744, 9.50091, 3.15307, 0.576828, 0.0559195, 0.00280468, 6.4601e-05, 2.55642e-07
7.56125, 7.61324, 7.66682, 7.72205, 7.77902, 7.83782, 7.89854, 7.96129, 8.02619, 8.09334, 8.16289, 8.23497, 8.30973, 8.38734, 8.46798, 8.55185, 8.63917, 8.73016, 8.8251, 8.92426, 9.02796, 9.13656, 9.25045, 9.37006, 9.49588, 9.62847, 9.76843, 9.91649, 10.0734, 10.2402, 10.4178, 10.6076, 10.8108, 11.0293, 11.2651, 11.5204, 11.7983, 12.1023, 12.4368, 12.8073, 13.2209, 13.6867, 14.2172, 14.8292, 15.5468, 16.406, 17.4636, 18.8189, 20.6726, 23.4927, 27.9979, 32.9267, 31.5907, 20.0595, 7.37458, 1.46547, 0.152086, 0.00808706, 0.000205814, 1.36446e-06
30.9366
58.16
 
MEASUREMENT 405
1.4716, 4.41481, 7.36319, 10.3064, 13.2548, 16.2031, 19.1774, 22.1309, 25.0793, 28.0277, 30.9502, 33.8934
7.70704, 7.86511, 8.28166, 8.76034, 9.38247, 9.29412, 10.3069, 11.4605, 12.7588, 16.6145, 12.0482, 0.0482131
0.00921262, 0.0093863, 0.00996025, 0.0107521, 0.0114673, 0.011434, 0.0126361, 0.0139788, 0.0153068, 0.0199118, 0.0144948, 0.00051107
0, 0.589331, 1.17866, 1.76799, 2.35732, 2.94665, 3.53598, 4.12532, 4.71465, 5.30398, 5.89331, 6.48264, 7.07197, 7.6613, 8.25063, 8.83996, 9.42929, 10.0186, 10.608, 11.1973, 11.7866, 12.3759, 12.9653, 13.5546, 14.1439, 14.7333, 15.3226, 15.9119, 16.5013, 17.0906, 17.6799, 18.2693, 18.8586, 19.4479, 20.0372, 20.6266, 21.2159, 21.8052, 22.3946, 22.9839, 23.5732, 24.1626, 24.7519, 25.3412, 25.9306, 26.5199, 27.1092, 27.6985, 28.2879, 28.8772, 29.4665, 30.0559, 30.6452, 31.2345, 31.8239, 32.4132, 33.0025, 33.5919, 34.1812, 34.7705
7.59983, 7.64454, 7.69052, 7.73784, 7.78655, 7.83672, 7.88843, 7.94176, 7.99677, 8.05358, 8.11227, 8.17294, 8.23571, 8.3007, 8.36804, 8.43788, 8.51036, 8.58567, 8.66398, 8.74551, 8.83047, 8.91911, 9.01171, 9.10856, 9.21001, 9.31644, 9.42826, 9.54595, 9.67006, 9.80118, 9.94004, 10.0874, 10.2442, 10.4116, 10.5908, 10.7832, 10.9908, 11.2156, 11.4603, 11.7281, 12.0231, 12.3506, 12.7172, 13.1322, 13.608, 14.1627, 14.8235, 15.6348, 16.6764, 18.0818, 19.8083, 20.4885, 17.0528, 9.54415, 3.16374, 0.577291, 0.0557335, 0.0027792, 6.33752e-05, 2.49411e-07
7.59983, 7.65209, 7.70593, 7.76144, 7.8187, 7.87779, 7.93883, 8.0019, 8.06712, 8.13461, 8.20451, 8.27695, 8.35209, 8.43009, 8.51114, 8.59543, 8.68319, 8.77464, 8.87005, 8.96971, 9.07394, 9.18308, 9.29754, 9.41775, 9.5442, 9.67745, 9.81812, 9.96691, 10.1246, 10.2922, 10.4707, 10.6614, 10.8657, 11.0853, 11.3222, 11.5788, 11.8581, 12.1636, 12.4997, 12.872, 13.2876, 13.7557, 14.2887, 14.9036, 15.6246, 16.4877, 17.5502, 18.9113, 20.7725, 23.6029, 28.129, 33.1, 31.7863, 20.1912, 7.41684, 1.47043, 0.151999, 0.00803698, 0.000202759, 1.33546e-06
30.9377
58.16
 
MEASUREMENT 406
1.4716, 4.41481, 7.36319, 10.3064, 13.2548, 16.2031, 19.1774, 22.1309, 25.0793, 28.0277, 30.9502, 33.8934
7.70723, 7.8674, 8.28346, 8.76228, 9.37385, 9.27503, 10.3111, 11.4639, 12.7642, 16.6214, 12.0517, 0.0480167
0.00921262, 0.0093863, 0.00996025, 0.0107521, 0.0114673, 0.011434, 0.0126361, 0.0139788, 0.0153068, 0.0199118, 0.0144948, 0.00051107
0, 0.589331, 1.17866, 1.76799, 2.35732, 2.94665, 3.53598, 4.12532, 4.71465, 5.30398, 5.89331, 6.48264, 7.07197, 7.6613, 8.25063, 8.83996, 9.42929, 10.0186, 10.608, 11.1973, 11.7866, 12.3759, 12.9653, 13.5546, 14.1439, 14.7333, 15.3226, 15.9119, 16.5013, 17.0906, 17.6799, 18.2693, 18.8586, 19.4479, 20.0372, 20.6266, 21.2159, 21.8052, 22.3946, 22.9839, 23.5732, 24.1626, 24.7519, 25.3412, 25.9306, 26.5199, 27.1092, 27.6985, 28.2879, 28.8772, 29.4665, 30.0559, 30.6452, 31.2345, 31.8239, 32.4132, 33.0025, 33.5919, 34.1812, 34.7705
7.59791, 7.64263, 7.68863, 7.73596, 7.78468, 7.83487, 7.8866, 7.93994, 7.99497, 8.0518, 8.1105, 8.1712, 8.23399, 8.299, 8.36637, 8.43623, 8.50875, 8.58409, 8.66243, 8.74399, 8.82899, 8.91767, 9.01031, 9.10721, 9.20871, 9.31519, 9.42707, 9.54482, 9.669, 9.8002, 9.93913, 10.0866, 10.2435, 10.411, 10.5903, 10.7829, 10.9906, 11.2156, 11.4605, 11.7285, 12.0238, 12.3516, 12.7186, 13.134, 13.6104, 14.1658, 14.8275, 15.64, 16.6835, 18.0917, 19.8221, 20.5031, 17.0591, 9.54003, 3.1585, 0.575414, 0.0554444, 0.00275848, 6.265e-05, 2.46438e-07
7.59791, 7.65015, 7.70399, 7.75948, 7.81673, 7.87581, 7.93683, 7.99989, 8.0651, 8.13258, 8.20246, 8.27489, 8.35001, 8.428, 8.50903, 8.59331, 8.68104, 8.77248, 8.86787, 8.96751, 9.07172, 9.18085, 9.29528, 9.41547, 9.5419, 9.67513, 9.81577, 9.96454, 10.1222, 10.2898, 10.4683, 10.6589, 10.8632, 11.0827, 11.3196, 11.5762, 11.8555, 12.1609, 12.497, 12.8693, 13.2848, 13.7529, 14.2859, 14.9008, 15.6218, 16.485, 17.5475, 18.9089, 20.7707, 23.6024, 28.1307, 33.0989, 31.7691, 20.1608, 7.39553, 1.46369, 0.150996, 0.00796523, 0.000200247, 1.31662e-06
30.9367
58.16
 
MEASUREMENT 407
1.4716, 4.41481, 7.36319, 10.3064, 13.2548, 16.2031, 19.1774, 22.1309, 25.0793, 28.0277, 30.9502, 33.8934
7.68529, 7.84267, 8.25866, 8.73642, 9.33504, 9.25784, 10.278, 11.4292, 12.7239, 16.5688, 12.0151, 0.0480107
0.00921262, 0.0093863, 0.00996025, 0.0107521, 0.0114673, 0.011434, 0.0126361, 0.0139788, 0.0153068, 0.0199118, 0.0144948, 0.00051107
0, 0.589331, 1.17866, 1.76799, 2.35732, 2.94665, 3.53598, 4.12532, 4.71465, 5.30398, 5.89331, 6.48264, 7.07197, 7.6613, 8.25063, 8.83996, 9.42929, 10.0186, 10.608, 11.1973, 11.7866, 12.3759, 12.9653, 13.5546, 14.1439, 14.7333, 15.3226, 15.9119, 16.5013, 17.0906, 17.6799, 18.2693, 18.8586, 19.4479, 20.0372, 20.6266, 21.2159, 21.8052, 22.3946, 22.9839, 23.5732, 24.1626, 24.7519, 25.3412, 25.9306, 26.5199, 27.1092, 27.6985, 28.2879, 28.8772, 29.4665, 30.0559, 30.6452, 31.2345, 31.8239, 32.4132, 33.0025, 33.5919, 34.1812, 34.7705
7.57511, 7.61969, 7.66555, 7.71273, 7.7613, 7.81133, 7.8629, 7.91607, 7.97094, 8.02758, 8.0861, 8.14661, 8.2092, 8.27401, 8.34117, 8.41081, 8.4831, 8.5582, 8.6363, 8.7176, 8.80233, 8.89073, 8.98308, 9.07967, 9.18085, 9.28699, 9.39852, 9.5159, 9.63968, 9.77046, 9.90895, 10.0559, 10.2124, 10.3793, 10.558, 10.75, 10.9571, 11.1813, 11.4254, 11.6926, 11.9869, 12.3136, 12.6794, 13.0934, 13.5682, 14.1217, 14.7812, 15.591, 16.6309, 18.0341, 19.758, 20.4364, 17.006, 9.51448, 3.15251, 0.574983, 0.0554869, 0.00276584, 6.30264e-05, 2.48163e-07
7.57511, 7.6272, 7.68087, 7.7362, 7.79327, 7.85218, 7.91301, 7.97588, 8.04089, 8.10817, 8.17784, 8.25005, 8.32494, 8.4027, 8.48348, 8.5675, 8.65498, 8.74613, 8.84124, 8.94058, 9.04447, 9.15327, 9.26736, 9.38718, 9.51323, 9.64605, 9.78627, 9.93459, 10.0918, 10.2589, 10.4368, 10.6269, 10.8305, 11.0494, 11.2856, 11.5414, 11.8198, 12.1243, 12.4594, 12.8305, 13.2447, 13.7114, 14.2427, 14.8557, 15.5745, 16.4351, 17.4943, 18.8514, 20.7073, 23.53, 28.0433, 32.9953, 31.6741, 20.1094, 7.3826, 1.46284, 0.151138, 0.0079879, 0.000201396, 1.32643e-06
30.9371
58.16
 
MEASUREMENT 408
1.4716, 4.41481, 7.36319, 10.3064, 13.2548, 16.2031, 19.1774, 22.1309, 25.0793, 28.0277, 30.9502, 33.8934
7.65923, 7.81793, 8.23202, 8.71779, 9.32547, 9.23845, 10.2447, 11.3907, 12.683, 16.5163, 11.9764, 0.0486662
0.00921262, 0.0093863, 0.00996025, 0.0107521, 0.0114673, 0.011434, 0.0126361, 0.0139788, 0.0153068, 0.0199118, 0.0144948, 0.00051107
0, 0.589331, 1.17866, 1.76799, 2.35732, 2.94665, 3.53598, 4.12532, 4.71465, 5.30398, 5.89331, 6.48264, 7.07197, 7.6613, 8.25063, 8.83996, 9.42929, 10.0186, 10.608, 11.1973, 11.7866, 12.3759, 12.9653, 13.5546, 14.1439, 14.7333, 15.3226, 15.9119, 16.5013, 17.0906, 17.6799, 18.2693, 18.8586, 19.4479, 20.0372, 20.6266, 21.2159, 21.8052, 22.3946, 22.9839, 23.5732, 24.1626, 24.7519, 25.3412, 25.9306, 26.5199, 27.1092, 27.6985, 28.2879, 28.8772, 29.4665, 30.0559, 30.6452, 31.2345, 31.8239, 32.4132, 33.0025, 33.5919, 34.1812, 34.7705
7.55505, 7.5995, 7.64521, 7.69224, 7.74066, 7.79054, 7.84194, 7.89494, 7.94963, 8.0061, 8.06444, 8.12475, 8.18714, 8.25174, 8.31868, 8.3881, 8.46016, 8.53501, 8.61286, 8.69389, 8.77835, 8.86646, 8.9585, 9.05477, 9.15562, 9.26141, 9.37256, 9.48955, 9.61291, 9.74325, 9.88127, 10.0278, 10.1836, 10.35, 10.5281, 10.7194, 10.9257, 11.1492, 11.3924, 11.6586, 11.9518, 12.2773, 12.6418, 13.0542, 13.5272, 14.0785, 14.7354, 15.5419, 16.5775, 17.9741, 19.6863, 20.3528, 16.9397, 9.49571, 3.16007, 0.580466, 0.0565749, 0.00285662, 6.65634e-05, 2.64271e-07
7.55505, 7.607, 7.66053, 7.71571, 7.77263, 7.83138, 7.89205, 7.95475, 8.01959, 8.08668, 8.15617, 8.22818, 8.30287, 8.38042, 8.46099, 8.54478, 8.63202, 8.72293, 8.81778, 8.91685, 9.02046, 9.12896, 9.24274, 9.36224, 9.48795, 9.62041, 9.76024, 9.90816, 10.065, 10.2316, 10.409, 10.5986, 10.8016, 11.0199, 11.2554, 11.5106, 11.7882, 12.0919, 12.426, 12.7961, 13.2092, 13.6746, 14.2044, 14.8157, 15.5325, 16.3907, 17.447, 18.8004, 20.6516, 23.4671, 27.9632, 32.8839, 31.5678, 20.0785, 7.40315, 1.47734, 0.15416, 0.00825299, 0.000212176, 1.41523e-06
30.9381
58.16
 
MEASUREMENT 409
1.4716, 4.41481, 7.36319, 10.3064, 13.2548, 16.2031, 19.1774, 22.1309, 25.0793, 28.0277, 30.9502, 33.8934
7.6795, 7.83917, 8.252, 8.7296, 9.33898, 9.25175, 10.2718, 11.4205, 12.7169, 16.5602, 12.0083, 0.0479798
0.00921262, 0.0093863, 0.00996025, 0.0107521, 0.0114673, 0.011434, 0.0126361, 0.0139788, 0.0153068, 0.0199118, 0.0144948, 0.00051107
0, 0.589331, 1.17866, 1.76799, 2.35732, 2.94665, 3.53598, 4.12532, 4.71465, 5.30398, 5.89331, 6.48264, 7.07197, 7.6613, 8.25063, 8.83996, 9.42929, 10.0186, 10.608, 11.1973, 11.7866, 12.3759, 12.9653, 13.5546, 14.1439, 14.7333, 15.3226, 15.9119, 16.5013, 17.0906, 17.6799, 18.2693, 18.8586, 19.4479, 20.0372, 20.6266, 21.2159, 21.8052, 22.3946, 22.9839, 23.5732, 24.1626, 24.7519, 25.3412, 25.9306, 26.5199, 27.1092, 27.6985, 28.2879, 28.8772, 29.4665, 30.0559, 30.6452, 31.2345, 31.8239, 32.4132, 33.0025, 33.5919, 34.1812, 34.7705
7.57092, 7.61548, 7.66131, 7.70846, 7.75701, 7.80701, 7.85855, 7.91169, 7.96653, 8.02314, 8.08163, 8.1421, 8.20467, 8.26944, 8.33656, 8.40617, 8.47841, 8.55347, 8.63153, 8.71279, 8.79747, 8.88583, 8.97812, 9.07466, 9.17579, 9.28187, 9.39334, 9.51066, 9.63437, 9.76509, 9.9035, 10.0504, 10.2068, 10.3736, 10.5522, 10.7441, 10.9511, 11.1752, 11.4192, 11.6862, 11.9804, 12.3069, 12.6725, 13.0863, 13.5608, 14.1141, 14.7732, 15.5826, 16.6219, 18.0244, 19.7475, 20.4253, 16.9964, 9.5088, 3.15055, 0.574615, 0.0554511, 0.00276407, 6.29869e-05, 2.48019e-07
7.57092, 7.62298, 7.67662, 7.73192, 7.78896, 7.84783, 7.90863, 7.97147, 8.03644, 8.10368, 8.17332, 8.24548, 8.32034, 8.39805, 8.47879, 8.56277, 8.65019, 8.7413, 8.83635, 8.93564, 9.03947, 9.14821, 9.26224, 9.38199, 9.50797, 9.64072, 9.78086, 9.9291, 10.0862, 10.2532, 10.431, 10.621, 10.8245, 11.0433, 11.2793, 11.535, 11.8132, 12.1176, 12.4525, 12.8234, 13.2374, 13.7038, 14.2349, 14.8476, 15.566, 16.426, 17.4847, 18.8411, 20.696, 23.5173, 28.0282, 32.9772, 31.6558, 20.0971, 7.37784, 1.46186, 0.151036, 0.00798257, 0.000201265, 1.32561e-06
30.937
58.16
 
MEASUREMENT 410
1.4716, 4.41481, 7.36319, 10.3064, 13.2548, 16.2031, 19.1774, 22.1309, 25.0793, 28.0277, 30.9502, 33.8934
7.65642, 7.81308, 8.22865, 8.69214, 9.31078, 9.22256, 10.2404, 11.3872, 12.6777, 16.5092, 11.974, 0.0471923
0.00921262, 0.0093863, 0.00996025, 0.0107521, 0.0114673, 0.011434, 0.0126361, 0.0139788, 0.0153068, 0.0199118, 0.0144948, 0.00051107
0, 0.589331, 1.17866, 1.76799, 2.35732, 2.94665, 3.53598, 4.12532, 4.71465, 5.30398, 5.89331, 6.48264, 7.07197, 7.6613, 8.25063, 8.83996, 9.42929, 10.0186, 10.608, 11.1973, 11.7866, 12.3759, 12.9653, 13.5546, 14.1439, 14.7333, 15.3226, 15.9119, 16.5013, 17.0906, 17.6799, 18.2693, 18.8586, 19.4479, 20.0372, 20.6266, 21.2159, 21.8052, 22.3946, 22.9839, 23.5732, 24.1626, 24.7519, 25.3412, 25.9306, 26.5199, 27.1092, 27.6985, 28.2879, 28.8772, 29.4665, 30.0559, 30.6452, 31.2345, 31.8239, 32.4132, 33.0025, 33.5919, 34.1812, 34.7705
7.54632, 7.59075, 7.63644, 7.68345, 7.73185, 7.78171, 7.83309, 7.88607, 7.94074, 7.99719, 8.0555, 8.11579, 8.17817, 8.24275, 8.30967, 8.37906, 8.4511, 8.52593, 8.60376, 8.68478, 8.76921, 8.8573, 8.94932, 9.04558, 9.14641, 9.25218, 9.36332, 9.4803, 9.60365, 9.73398, 9.87199, 10.0185, 10.1744, 10.3407, 10.5189, 10.7102, 10.9165, 11.14, 11.3833, 11.6496, 11.9429, 12.2685, 12.6331, 13.0458, 13.519, 14.0707, 14.7281, 15.5352, 16.5717, 17.9708, 19.6933, 20.3787, 16.9585, 9.47447, 3.12815, 0.567142, 0.0542656, 0.00267485, 5.97628e-05, 2.33594e-07
7.54632, 7.59822, 7.65168, 7.70681, 7.76366, 7.82235, 7.88295, 7.94558, 8.01034, 8.07737, 8.14677, 8.21871, 8.29332, 8.37078, 8.45126, 8.53497, 8.62211, 8.71292, 8.80766, 8.90663, 9.01013, 9.11851, 9.23217, 9.35155, 9.47712, 9.60944, 9.74912, 9.89688, 10.0535, 10.2199, 10.3972, 10.5866, 10.7894, 11.0075, 11.2427, 11.4976, 11.7749, 12.0783, 12.4121, 12.7818, 13.1945, 13.6594, 14.1887, 14.7994, 15.5155, 16.3727, 17.4278, 18.7795, 20.6277, 23.4383, 27.9376, 32.889, 31.5803, 20.0252, 7.32648, 1.44316, 0.147844, 0.00772725, 0.000191511, 1.24744e-06
30.9367
58.16
 
MEASUREMENT 411
1.4716, 4.41481, 7.36319, 10.3064, 13.2548, 16.2031, 19.1774, 22.1309, 25.0793, 28.0277, 30.9502, 33.8934
7.66697, 7.82547, 8.23812, 8.72577, 9.32278, 9.23504, 10.2551, 11.4013, 12.6947, 16.5313, 11.9877, 0.048092
0.00921262, 0.0093863, 0.00996025, 0.0107521, 0.0114673, 0.011434, 0.0126361, 0.0139788, 0.0153068, 0.0199118, 0.0144948, 0.00051107
0, 0.589331, 1.17866, 1.76799, 2.35732, 2.94665, 3.53598, 4.12532, 4.71465, 5.30398, 5.89331, 6.48264, 7.07197, 7.6613, 8.25063, 8.83996, 9.42929, 10.0186, 10.608, 11.1973, 11.7866, 12.3759, 12.9653, 13.5546, 14.1439, 14.7333, 15.3226, 15.9119, 16.5013, 17.0906, 17.6799, 18.2693, 18.8586, 19.4479, 20.0372, 20.6266, 21.2159, 21.8052, 22.3946, 22.9839, 23.5732, 24.1626, 24.7519, 25.3412, 25.9306, 26.5199, 27.1092, 27.6985, 28.2879, 28.8772, 29.4665, 30.0559, 30.6452, 31.2345, 31.8239, 32.4132, 33.0025, 33.5919, 34.1812, 34.7705
7.55954, 7.60402, 7.64977, 7.69685, 7.74531, 7.79523, 7.84667, 7.89972, 7.95446, 8.01097, 8.06936, 8.12972, 8.19218, 8.25684, 8.32383, 8.39332, 8.46543, 8.54036, 8.61828, 8.69939, 8.78392, 8.87211, 8.96424, 9.0606, 9.16154, 9.26743, 9.37869, 9.49579, 9.61927, 9.74974, 9.88789, 10.0345, 10.1906, 10.3571, 10.5354, 10.7269, 10.9334, 11.1571, 11.4006, 11.6671, 11.9607, 12.2865, 12.6514, 13.0643, 13.5378, 14.0899, 14.7475, 15.5551, 16.5919, 17.9908, 19.7089, 20.3841, 16.965, 9.49678, 3.15, 0.575448, 0.0556513, 0.00278156, 6.3686e-05, 2.51117e-07
7.55954, 7.61152, 7.66508, 7.7203, 7.77725, 7.83604, 7.89675, 7.95948, 8.02436, 8.0915, 8.16102, 8.23308, 8.30782, 8.38541, 8.46603, 8.54988, 8.63717, 8.72813, 8.82304, 8.92217, 9.02585, 9.13442, 9.24827, 9.36785, 9.49363, 9.62617, 9.7661, 9.91411, 10.071, 10.2377, 10.4153, 10.6049, 10.8081, 11.0266, 11.2622, 11.5175, 11.7953, 12.0992, 12.4335, 12.8039, 13.2173, 13.6829, 14.2131, 14.8248, 15.542, 16.4007, 17.4576, 18.8117, 20.6635, 23.4798, 27.982, 32.9215, 31.6085, 20.0796, 7.37976, 1.46467, 0.151657, 0.00803721, 0.000203478, 1.34348e-06
30.9376
58.16
 
MEASUREMENT 412
1.4716, 4.41481, 7.36319, 10.3064, 13.2548, 16.2031, 19.1774, 22.1309, 25.0793, 28.0277, 30.9502, 33.8934
7.58281, 7.73807, 8.14828, 8.61058, 9.22324, 9.13474, 10.1415, 11.2779, 12.5563, 16.3507, 11.857, 0.0473783
0.00921262, 0.0093863, 0.00996025, 0.0107521, 0.0114673, 0.011434, 0.0126361, 0.0139788, 0.0153068, 0.0199118, 0.0144948, 0.00051107
0, 0.589331, 1.17866, 1.76799, 2.35732, 2.94665, 3.53598, 4.12532, 4.71465, 5.30398, 5.89331, 6.48264, 7.07197, 7.6613, 8.25063, 8.83996, 9.42929, 10.0186, 10.608, 11.1973, 11.7866, 12.3759, 12.9653, 13.5546, 14.1439, 14.7333, 15.3226, 15.9119, 16.5013, 17.0906, 17.6799, 18.2693, 18.8586, 19.4479, 20.0372, 20.6266, 21.2159, 21.8052, 22.3946, 22.9839, 23.5732, 24.1626, 24.7519, 25.3412, 25.9306, 26.5199, 27.1092, 27.6985, 28.2879, 28.8772, 29.4665, 30.0559, 30.6452, 31.2345, 31.8239, 32.4132, 33.0025, 33.5919, 34.1812, 34.7705
7.47417, 7.51817, 7.56342, 7.60998, 7.65792, 7.70729, 7.75818, 7.81065, 7.8648, 7.9207, 7.97845, 8.03816, 8.09994, 8.1639, 8.23017, 8.2989, 8.37024, 8.44436, 8.52144, 8.60167, 8.68529, 8.77254, 8.86368, 8.95901, 9.05886, 9.16362, 9.27369, 9.38954, 9.5117, 9.64078, 9.77746, 9.92254, 10.0769, 10.2417, 10.4181, 10.6076, 10.8119, 11.0333, 11.2742, 11.5379, 11.8285, 12.1509, 12.512, 12.9207, 13.3894, 13.9358, 14.5869, 15.3864, 16.4131, 17.7987, 19.5009, 20.1695, 16.7818, 9.3878, 3.11039, 0.567351, 0.0547644, 0.00273101, 6.22794e-05, 2.4539e-07
7.47417, 7.52557, 7.57852, 7.63312, 7.68943, 7.74755, 7.80758, 7.86961, 7.93375, 8.00014, 8.06888, 8.14013, 8.21403, 8.29074, 8.37046, 8.45336, 8.53967, 8.62961, 8.72345, 8.82147, 8.92398, 9.03133, 9.14391, 9.26214, 9.38651, 9.51756, 9.65591, 9.80226, 9.9574, 10.1222, 10.2978, 10.4853, 10.6863, 10.9023, 11.1353, 11.3877, 11.6624, 11.9629, 12.2935, 12.6597, 13.0685, 13.5289, 14.0532, 14.6581, 15.3674, 16.2166, 17.2619, 18.6011, 20.4328, 23.2188, 27.6728, 32.5561, 31.2456, 19.8331, 7.28029, 1.44262, 0.149082, 0.00788241, 0.000198867, 1.3106e-06
30.9367
58.16
 
MEASUREMENT 413
1.4716, 4.41481, 7.36319, 10.3064, 13.2548, 16.2031, 19.1774, 22.1309, 25.0793, 28.0277, 30.9502, 33.8934
7.65192, 7.81087, 8.22326, 8.70992, 9.3057, 9.21799, 10.2355, 11.3798, 12.6709, 16.4992, 11.965, 0.0477983
0.00921262, 0.0093863, 0.00996025, 0.0107521, 0.0114673, 0.011434, 0.0126361, 0.0139788, 0.0153068, 0.0199118, 0.0144948, 0.00051107
0, 0.589331, 1.17866, 1.76799, 2.35732, 2.94665, 3.53598, 4.12532, 4.71465, 5.30398, 5.89331, 6.48264, 7.07197, 7.6613, 8.25063, 8.83996, 9.42929, 10.0186, 10.608, 11.1973, 11.7866, 12.3759, 12.9653, 13.5546, 14.1439, 14.7333, 15.3226, 15.9119, 16.5013, 17.0906, 17.6799, 18.2693, 18.8586, 19.4479, 20.0372, 20.6266, 21.2159, 21.8052, 22.3946, 22.9839, 23.5732, 24.1626, 24.7519, 25.3412, 25.9306, 26.5199, 27.1092, 27.6985, 28.2879, 28.8772, 29.4665, 30.0559, 30.6452, 31.2345, 31.8239, 32.4132, 33.0025, 33.5919, 34.1812, 34.7705
7.54552, 7.58991, 7.63558, 7.68256, 7.73093, 7.78075, 7.8321, 7.88505, 7.93968, 7.99609, 8.05436, 8.11461, 8.17694, 8.24148, 8.30835, 8.3777, 8.44968, 8.52446, 8.60222, 8.68318, 8.76755, 8.85557, 8.94752, 9.0437, 9.14444, 9.25013, 9.36117, 9.47805, 9.60129, 9.73151, 9.86939, 10.0157, 10.1715, 10.3377, 10.5156, 10.7068, 10.9129, 11.1361, 11.3791, 11.6451, 11.9381, 12.2633, 12.6274, 13.0396, 13.5121, 14.063, 14.7193, 15.5252, 16.5598, 17.9558, 19.6714, 20.3485, 16.9364, 9.47728, 3.14018, 0.572573, 0.0552209, 0.00274994, 6.25607e-05, 2.46015e-07
7.54552, 7.5974, 7.65086, 7.70597, 7.76282, 7.8215, 7.88209, 7.94471, 8.00947, 8.07648, 8.14588, 8.2178, 8.2924, 8.36985, 8.45032, 8.53401, 8.62114, 8.71194, 8.80667, 8.90561, 9.0091, 9.11746, 9.23111, 9.35046, 9.47601, 9.6083, 9.74797, 9.8957, 10.0523, 10.2187, 10.3959, 10.5852, 10.7881, 11.0061, 11.2413, 11.4961, 11.7734, 12.0767, 12.4104, 12.7801, 13.1927, 13.6574, 14.1866, 14.7972, 15.513, 16.37, 17.4249, 18.7763, 20.6242, 23.4343, 27.9286, 32.866, 31.5614, 20.0445, 7.35956, 1.45798, 0.150555, 0.00794985, 0.000200147, 1.31652e-06
30.9376
58.16
 
MEASUREMENT 414
1.4716, 4.41481, 7.36319, 10.3064, 13.2548, 16.2031, 19.1774, 22.1309, 25.0793, 28.0277, 30.9502, 33.8934
7.64937, 7.8058, 8.21943, 8.68254, 9.29995, 9.20178, 10.2304, 11.3753, 12.6658, 16.494, 11.9608, 0.0480222
0.00921262, 0.0093863, 0.00996025, 0.0107521, 0.0114673, 0.011434, 0.0126361, 0.0139788, 0.0153068, 0.0199118, 0.0144948, 0.00051107
0, 0.589331, 1.17866, 1.76799, 2.35732, 2.94665, 3.53598, 4.12532, 4.71465, 5.30398, 5.89331, 6.48264, 7.07197, 7.6613, 8.25063, 8.83996, 9.42929, 10.0186, 10.608, 11.1973, 11.7866, 12.3759, 12.9653, 13.5546, 14.1439, 14.7333, 15.3226, 15.9119, 16.5013, 17.0906, 17.6799, 18.2693, 18.8586, 19.4479, 20.0372, 20.6266, 21.2159, 21.8052, 22.3946, 22.9839, 23.5732, 24.1626, 24.7519, 25.3412, 25.9306, 26.5199, 27.1092, 27.6985, 28.2879, 28.8772, 29.4665, 30.0559, 30.6452, 31.2345, 31.8239, 32.4132, 33.0025, 33.5919, 34.1812, 34.7705
7.53731, 7.58169, 7.62733, 7.6743, 7.72265, 7.77245, 7.82378, 7.87671, 7.93132, 7.98771, 8.04596, 8.10619, 8.1685, 8.23302, 8.29987, 8.3692, 8.44116, 8.51592, 8.59366, 8.6746, 8.75895, 8.84695, 8.93889, 9.03505, 9.13578, 9.24145, 9.35248, 9.46934, 9.59258, 9.72279, 9.86067, 10.007, 10.1628, 10.329, 10.5069, 10.6981, 10.9043, 11.1276, 11.3706, 11.6367, 11.9298, 12.2551, 12.6195, 13.0318, 13.5047, 14.0561, 14.7131, 15.52, 16.5563, 17.9547, 19.6715, 20.3429, 16.9247, 9.47155, 3.1419, 0.574332, 0.0556142, 0.00278517, 6.3985e-05, 2.52948e-07
7.53731, 7.58914, 7.64254, 7.6976, 7.75439, 7.813, 7.87353, 7.93609, 8.00078, 8.06772, 8.13705, 8.2089, 8.28342, 8.36079, 8.44117, 8.52478, 8.61182, 8.70252, 8.79716, 8.896, 8.99938, 9.10764, 9.22117, 9.3404, 9.46582, 9.59799, 9.73751, 9.8851, 10.0415, 10.2078, 10.3848, 10.574, 10.7766, 10.9944, 11.2294, 11.484, 11.761, 12.064, 12.3975, 12.7668, 13.179, 13.6434, 14.1722, 14.7822, 15.4976, 16.354, 17.4083, 18.7592, 20.607, 23.4179, 27.9092, 32.825, 31.4946, 19.9955, 7.34776, 1.45899, 0.151242, 0.00803012, 0.000203898, 1.34969e-06
30.9366
58.16
 
MEASUREMENT 415
1.4716, 4.41481, 7.36319, 10.3064, 13.2548, 16.2031, 19.1774, 22.1309, 25.0793, 28.0277, 30.9502, 33.8934
7.64856, 7.80702, 8.22127, 8.70673, 9.30251, 9.22578, 10.2304, 11.3762, 12.6667, 16.4934, 11.9622, 0.0482275
0.00921262, 0.0093863, 0.00996025, 0.0107521, 0.0114673, 0.011434, 0.0126361, 0.0139788, 0.0153068, 0.0199118, 0.0144948, 0.00051107
0, 0.589331, 1.17866, 1.76799, 2.35732, 2.94665, 3.53598, 4.12532, 4.71465, 5.30398, 5.89331, 6.48264, 7.07197, 7.6613, 8.25063, 8.83996, 9.42929, 10.0186, 10.608, 11.1973, 11.7866, 12.3759, 12.9653, 13.5546, 14.1439, 14.7333, 15.3226, 15.9119, 16.5013, 17.0906, 17.6799, 18.2693, 18.8586, 19.4479, 20.0372, 20.6266, 21.2159, 21.8052, 22.3946, 22.9839, 23.5732, 24.1626, 24.7519, 25.3412, 25.9306, 26.5199, 27.1092, 27.6985, 28.2879, 28.8772, 29.4665, 30.0559, 30.6452, 31.2345, 31.8239, 32.4132, 33.0025, 33.5919, 34.1812, 34.7705
7.54372, 7.5881, 7.63375, 7.68072, 7.72908, 7.77889, 7.83022, 7.88315, 7.93777, 7.99416, 8.05242, 8.11265, 8.17496, 8.23948, 8.30633, 8.37566, 8.44762, 8.52238, 8.60012, 8.68105, 8.76539, 8.85339, 8.94531, 9.04146, 9.14218, 9.24783, 9.35884, 9.47568, 9.59888, 9.72906, 9.8669, 10.0132, 10.1689, 10.3351, 10.5129, 10.704, 10.9101, 11.1333, 11.3762, 11.6421, 11.9349, 12.26, 12.624, 13.036, 13.5084, 14.0592, 14.7152, 15.5208, 16.5552, 17.9505, 19.6634, 20.3351, 16.9261, 9.48087, 3.14879, 0.5764, 0.0559006, 0.00280416, 6.46089e-05, 2.5534e-07
7.54372, 7.59559, 7.64904, 7.70414, 7.76097, 7.81963, 7.88021, 7.94282, 8.00756, 8.07455, 8.14393, 8.21584, 8.29042, 8.36785, 8.4483, 8.53197, 8.61907, 8.70985, 8.80455, 8.90348, 9.00693, 9.11527, 9.22888, 9.34821, 9.47372, 9.60599, 9.74561, 9.89331, 10.0499, 10.2162, 10.3934, 10.5827, 10.7854, 11.0034, 11.2386, 11.4933, 11.7705, 12.0737, 12.4074, 12.7769, 13.1894, 13.6541, 14.1831, 14.7935, 15.5092, 16.366, 17.4206, 18.7718, 20.6197, 23.43, 27.921, 32.8456, 31.5373, 20.0459, 7.37674, 1.46705, 0.152331, 0.00810216, 0.000206249, 1.36655e-06
30.9379
58.16
 
MEASUREMENT 416
1.4716, 4.41481, 7.36319, 10.3064, 13.2548, 16.2031, 19.1774, 22.1309, 25.0793, 28.0277, 30.9502, 33.8934
7.65423, 7.81388, 8.22676, 8.70101, 9.30977, 9.22238, 10.2387, 11.3842, 12.6757, 16.5068, 11.9697, 0.0478678
0.00921262, 0.0093863, 0.00996025, 0.0107521, 0.0114673, 0.011434, 0.0126361, 0.0139788, 0.0153068, 0.0199118, 0.0144948, 0.00051107
0, 0.589331, 1.17866, 1.76799, 2.35732, 2.94665, 3.53598, 4.12532, 4.71465, 5.30398, 5.89331, 6.48264, 7.07197, 7.6613, 8.25063, 8.83996, 9.42929, 10.0186, 10.608, 11.1973, 11.7866, 12.3759, 12.9653, 13.5546, 14.1439, 14.7333, 15.3226, 15.9119, 16.5013, 17.0906, 17.6799, 18.2693, 18.8586, 19.4479, 20.0372, 20.6266, 21.2159, 21.8052, 22.3946, 22.9839, 23.5732, 24.1626, 24.7519, 25.3412, 25.9306, 26.5199, 27.1092, 27.6985, 28.2879, 28.8772, 29.4665, 30.0559, 30.6452, 31.2345, 31.8239, 32.4132, 33.0025, 33.5919, 34.1812, 34.7705
7.54673, 7.59115, 7.63683, 7.68383, 7.73222, 7.78207, 7.83344, 7.88641, 7.94107, 7.9975, 8.0558, 8.11608, 8.17844, 8.24301, 8.30991, 8.37929, 8.45131, 8.52612, 8.60393, 8.68493, 8.76934, 8.8574, 8.9494, 9.04564, 9.14643, 9.25218, 9.36328, 9.48022, 9.60354, 9.73383, 9.8718, 10.0182, 10.1741, 10.3404, 10.5184, 10.7097, 10.916, 11.1394, 11.3826, 11.6487, 11.9419, 12.2674, 12.6318, 13.0443, 13.5173, 14.0687, 14.7257, 15.5324, 16.5684, 17.9663, 19.6835, 20.3586, 16.9412, 9.47892, 3.14137, 0.573152, 0.0553385, 0.0027603, 6.29742e-05, 2.48072e-07
7.54673, 7.59862, 7.65209, 7.70722, 7.76408, 7.82276, 7.88337, 7.946, 8.01077, 8.07779, 8.1472, 8.21914, 8.29376, 8.37122, 8.4517, 8.53541, 8.62255, 8.71337, 8.80812, 8.90709, 9.01059, 9.11898, 9.23264, 9.35202, 9.47759, 9.60992, 9.74961, 9.89737, 10.054, 10.2204, 10.3977, 10.5871, 10.7899, 11.008, 11.2433, 11.4981, 11.7755, 12.0789, 12.4127, 12.7824, 13.1951, 13.66, 14.1894, 14.8001, 15.5162, 16.3735, 17.4288, 18.7808, 20.6298, 23.4421, 27.9383, 32.8706, 31.5536, 20.0342, 7.35642, 1.45816, 0.150731, 0.00797172, 0.000201195, 1.32601e-06
30.9371
58.16
 
MEASUREMENT 417
1.4716, 4.41481, 7.36319, 10.3064, 13.2548, 16.2031, 19.1774, 22.1309, 25.0793, 28.0277, 30.9502, 33.8934
7.64737, 7.80572, 8.21871, 8.68254, 9.28848, 9.2013, 10.2292, 11.3745, 12.6648, 16.4921, 11.959, 0.0477458
0.00921262, 0.0093863, 0.00996025, 0.0107521, 0.0114673, 0.011434, 0.0126361, 0.0139788, 0.0153068, 0.0199118, 0.0144948, 0.00051107
0, 0.589331, 1.17866, 1.76799, 2.35732, 2.94665, 3.53598, 4.12532, 4.71465, 5.30398, 5.89331, 6.48264, 7.07197, 7.6613, 8.25063, 8.83996, 9.42929, 10.0186, 10.608, 11.1973, 11.7866, 12.3759, 12.9653, 13.5546, 14.1439, 14.7333, 15.3226, 15.9119, 16.5013, 17.0906, 17.6799, 18.2693, 18.8586, 19.4479, 20.0372, 20.6266, 21.2159, 21.8052, 22.3946, 22.9839, 23.5732, 24.1626, 24.7519, 25.3412, 25.9306, 26.5199, 27.1092, 27.6985, 28.2879, 28.8772, 29.4665, 30.0559, 30.6452, 31.2345, 31.8239, 32.4132, 33.0025, 33.5919, 34.1812, 34.7705
7.53546, 7.57984, 7.62548, 7.67244, 7.72078, 7.77058, 7.8219, 7.87483, 7.92943, 7.98581, 8.04406, 8.10429, 8.16659, 8.2311, 8.29795, 8.36727, 8.43922, 8.51398, 8.59172, 8.67265, 8.75699, 8.84499, 8.93692, 9.03308, 9.1338, 9.23947, 9.35049, 9.46735, 9.59058, 9.72078, 9.85866, 10.005, 10.1608, 10.327, 10.5049, 10.6961, 10.9022, 11.1256, 11.3686, 11.6347, 11.9278, 12.2532, 12.6175, 13.0299, 13.5029, 14.0543, 14.7114, 15.5184, 16.5549, 17.9539, 19.6723, 20.3462, 16.9256, 9.46555, 3.1353, 0.571784, 0.0551881, 0.00275229, 6.27697e-05, 2.47496e-07
7.53546, 7.58728, 7.64067, 7.69572, 7.75249, 7.81109, 7.87161, 7.93415, 7.99883, 8.06575, 8.13506, 8.2069, 8.28141, 8.35875, 8.43912, 8.52271, 8.60973, 8.70041, 8.79503, 8.89385, 8.99721, 9.10544, 9.21894, 9.33815, 9.46355, 9.59568, 9.73517, 9.88273, 10.0391, 10.2053, 10.3824, 10.5715, 10.774, 10.9918, 11.2268, 11.4813, 11.7582, 12.0612, 12.3946, 12.7638, 13.176, 13.6403, 14.169, 14.7789, 15.4941, 16.3504, 17.4045, 18.7551, 20.6025, 23.4128, 27.9049, 32.825, 31.493, 19.9816, 7.332, 1.45246, 0.150078, 0.0079351, 0.000200209, 1.31993e-06
30.9362
58.16
 
MEASUREMENT 418
1.4716, 4.41481, 7.36319, 10.3064, 13.2548, 16.2031, 19.1774, 22.1309, 25.0793, 28.0277, 30.9502, 33.8934
7.5985, 7.75555, 8.16491, 8.6386, 9.24136, 9.15513, 10.1633, 11.3004, 12.5816, 16.3841, 11.8816, 0.0473849
0.00921262, 0.0093863, 0.00996025, 0.0107521, 0.0114673, 0.011434, 0.0126361, 0.0139788, 0.0153068, 0.0199118, 0.0144948, 0.00051107
0, 0.589331, 1.17866, 1.76799, 2.35732, 2.94665, 3.53598, 4.12532, 4.71465, 5.30398, 5.89331, 6.48264, 7.07197, 7.6613, 8.25063, 8.83996, 9.42929, 10.0186, 10.608, 11.1973, 11.7866, 12.3759, 12.9653, 13.5546, 14.1439, 14.7333, 15.3226, 15.9119, 16.5013, 17.0906, 17.6799, 18.2693, 18.8586, 19.4479, 20.0372, 20.6266, 21.2159, 21.8052, 22.3946, 22.9839, 23.5732, 24.1626, 24.7519, 25.3412, 25.9306, 26.5199, 27.1092, 27.6985, 28.2879, 28.8772, 29.4665, 30.0559, 30.6452, 31.2345, 31.8239, 32.4132, 33.0025, 33.5919, 34.1812, 34.7705
7.49131, 7.5354, 7.58074, 7.6274, 7.67543, 7.7249, 7.77589, 7.82847, 7.88273, 7.93874, 7.99661, 8.05644, 8.11834, 8.18242, 8.24883, 8.3177, 8.38918, 8.46344, 8.54067, 8.62107, 8.70485, 8.79226, 8.88358, 8.9791, 9.07915, 9.1841, 9.29438, 9.41045, 9.53285, 9.66217, 9.79911, 9.94446, 10.0991, 10.2642, 10.4409, 10.6308, 10.8355, 11.0572, 11.2986, 11.5628, 11.8538, 12.1768, 12.5385, 12.9479, 13.4173, 13.9646, 14.6166, 15.4172, 16.4451, 17.8324, 19.5373, 20.21, 16.819, 9.40865, 3.11596, 0.567801, 0.0547189, 0.00272249, 6.1838e-05, 2.43125e-07
7.49131, 7.54282, 7.5959, 7.65062, 7.70706, 7.76531, 7.82547, 7.88764, 7.95194, 8.01847, 8.08737, 8.15878, 8.23284, 8.30973, 8.38963, 8.47272, 8.55922, 8.64937, 8.74342, 8.84166, 8.9444, 9.052, 9.16482, 9.28332, 9.40797, 9.53932, 9.67799, 9.82466, 9.98014, 10.1453, 10.3213, 10.5093, 10.7107, 10.9271, 11.1607, 11.4136, 11.689, 11.9901, 12.3214, 12.6884, 13.0981, 13.5596, 14.085, 14.6912, 15.402, 16.2529, 17.3004, 18.6423, 20.4773, 23.268, 27.7313, 32.6327, 31.3313, 19.8909, 7.29929, 1.44507, 0.149103, 0.00786592, 0.000197761, 1.29993e-06
30.9372
58.16
 
MEASUREMENT 419
1.4716, 4.41481, 7.36319, 10.3064, 13.2548, 16.2031, 19.1774, 22.1309, 25.0793, 28.0277, 30.9502, 33.8934
7.43173, 7.58518, 7.98609, 8.44655, 9.03724, 8.95158, 9.92769, 11.0512, 12.3047, 16.035, 11.6208, 0.046177
0.00921262, 0.0093863, 0.00996025, 0.0107521, 0.0114673, 0.011434, 0.0126361, 0.0139788, 0.0153068, 0.0199118, 0.0144948, 0.00051107
0, 0.589331, 1.17866, 1.76799, 2.35732, 2.94665, 3.53598, 4.12532, 4.71465, 5.30398, 5.89331, 6.48264, 7.07197, 7.6613, 8.25063, 8.83996, 9.42929, 10.0186, 10.608, 11.1973, 11.7866, 12.3759, 12.9653, 13.5546, 14.1439, 14.7333, 15.3226, 15.9119, 16.5013, 17.0906, 17.6799, 18.2693, 18.8586, 19.4479, 20.0372, 20.6266, 21.2159, 21.8052, 22.3946, 22.9839, 23.5732, 24.1626, 24.7519, 25.3412, 25.9306, 26.5199, 27.1092, 27.6985, 28.2879, 28.8772, 29.4665, 30.0559, 30.6452, 31.2345, 31.8239, 32.4132, 33.0025, 33.5919, 34.1812, 34.7705
7.32454, 7.36767, 7.41203, 7.45767, 7.50465, 7.55305, 7.60293, 7.65437, 7.70744, 7.76224, 7.81885, 7.87738, 7.93794, 8.00064, 8.0656, 8.13298, 8.20291, 8.27556, 8.35112, 8.42977, 8.51174, 8.59727, 8.68661, 8.78006, 8.87796, 8.98065, 9.08855, 9.20212, 9.32188, 9.44842, 9.58242, 9.72465, 9.87602, 10.0376, 10.2105, 10.3963, 10.5966, 10.8136, 11.0499, 11.3084, 11.5933, 11.9095, 12.2635, 12.6643, 13.1239, 13.6598, 14.2983, 15.0824, 16.0896, 17.4489, 19.1194, 19.7756, 16.4493, 9.19413, 3.0417, 0.553627, 0.0532886, 0.00264805, 6.00141e-05, 2.36045e-07
7.32454, 7.37491, 7.42681, 7.48031, 7.5355, 7.59246, 7.65129, 7.71208, 7.77494, 7.83999, 7.90737, 7.97719, 8.04961, 8.1248, 8.20292, 8.28416, 8.36875, 8.4569, 8.54886, 8.64492, 8.74538, 8.85059, 8.96092, 9.07679, 9.19867, 9.32711, 9.4627, 9.60613, 9.75817, 9.91971, 10.0918, 10.2756, 10.4725, 10.6842, 10.9126, 11.1599, 11.4292, 11.7237, 12.0477, 12.4066, 12.8073, 13.2586, 13.7724, 14.3653, 15.0605, 15.8929, 16.9174, 18.2302, 20.0257, 22.7571, 27.1246, 31.9123, 30.6188, 19.4184, 7.11724, 1.40722, 0.145008, 0.00763995, 0.000191718, 1.25953e-06
30.936
58.16
 
MEASUREMENT 420
1.4716, 4.41481, 7.36319, 10.3064, 13.2548, 16.2031, 19.1774, 22.1309, 25.0793, 28.0277, 30.9502, 33.8934
7.51105, 7.66605, 8.07317, 8.53809, 9.13493, 9.04937, 10.0482, 11.1711, 12.4399, 16.1985, 11.7463, 0.0479699
0.00921262, 0.0093863, 0.00996025, 0.0107521, 0.0114673, 0.011434, 0.0126361, 0.0139788, 0.0153068, 0.0199118, 0.0144948, 0.00051107
0, 0.589331, 1.17866, 1.76799, 2.35732, 2.94665, 3.53598, 4.12532, 4.71465, 5.30398, 5.89331, 6.48264, 7.07197, 7.6613, 8.25063, 8.83996, 9.42929, 10.0186, 10.608, 11.1973, 11.7866, 12.3759, 12.9653, 13.5546, 14.1439, 14.7333, 15.3226, 15.9119, 16.5013, 17.0906, 17.6799, 18.2693, 18.8586, 19.4479, 20.0372, 20.6266, 21.2159, 21.8052, 22.3946, 22.9839, 23.5732, 24.1626, 24.7519, 25.3412, 25.9306, 26.5199, 27.1092, 27.6985, 28.2879, 28.8772, 29.4665, 30.0559, 30.6452, 31.2345, 31.8239, 32.4132, 33.0025, 33.5919, 34.1812, 34.7705
7.40523, 7.44881, 7.49364, 7.53977, 7.58726, 7.63617, 7.68658, 7.73857, 7.79221, 7.84758, 7.9048, 7.96395, 8.02515, 8.08851, 8.15416, 8.22225, 8.29292, 8.36635, 8.4427, 8.52219, 8.60502, 8.69145, 8.78174, 8.87617, 8.97509, 9.07887, 9.1879, 9.30266, 9.42368, 9.55155, 9.68695, 9.83067, 9.98361, 10.1468, 10.3216, 10.5093, 10.7117, 10.931, 11.1696, 11.4309, 11.7186, 12.0381, 12.3957, 12.8006, 13.2649, 13.8062, 14.4511, 15.2432, 16.2605, 17.6327, 19.3132, 19.9621, 16.609, 9.31194, 3.10254, 0.571285, 0.0558931, 0.00283716, 6.67093e-05, 2.66163e-07
7.40523, 7.45615, 7.50861, 7.5627, 7.6185, 7.67608, 7.73555, 7.79701, 7.86056, 7.92633, 7.99444, 8.06503, 8.13824, 8.21425, 8.29323, 8.37537, 8.46088, 8.54999, 8.64296, 8.74007, 8.84164, 8.94799, 9.05953, 9.17666, 9.29988, 9.42973, 9.5668, 9.71179, 9.86549, 10.0288, 10.2028, 10.3886, 10.5876, 10.8016, 11.0325, 11.2826, 11.5547, 11.8524, 12.18, 12.5428, 12.9478, 13.404, 13.9235, 14.5228, 15.2256, 16.0671, 17.1029, 18.4303, 20.2463, 23.0091, 27.4173, 32.2263, 30.9141, 19.659, 7.25505, 1.45103, 0.151972, 0.00817801, 0.000211918, 1.42191e-06
30.9373
58.16
 
MEASUREMENT 421
1.4716, 4.41481, 7.36319, 10.3064, 13.2548, 16.2031, 19.1774, 22.1309, 25.0793, 28.0277, 30.9502, 33.8934
7.46868, 7.62164, 8.02532, 8.4883, 9.08083, 8.99585, 9.98782, 11.1069, 12.3664, 16.1039, 11.6789, 0.0464683
0.00921262, 0.0093863, 0.00996025, 0.0107521, 0.0114673, 0.011434, 0.0126361, 0.0139788, 0.0153068, 0.0199118, 0.0144948, 0.00051107
0, 0.589331, 1.17866, 1.76799, 2.35732, 2.94665, 3.53598, 4.12532, 4.71465, 5.30398, 5.89331, 6.48264, 7.07197, 7.6613, 8.25063, 8.83996, 9.42929, 10.0186, 10.608, 11.1973, 11.7866, 12.3759, 12.9653, 13.5546, 14.1439, 14.7333, 15.3226, 15.9119, 16.5013, 17.0906, 17.6799, 18.2693, 18.8586, 19.4479, 20.0372, 20.6266, 21.2159, 21.8052, 22.3946, 22.9839, 23.5732, 24.1626, 24.7519, 25.3412, 25.9306, 26.5199, 27.1092, 27.6985, 28.2879, 28.8772, 29.4665, 30.0559, 30.6452, 31.2345, 31.8239, 32.4132, 33.0025, 33.5919, 34.1812, 34.7705
7.36196, 7.40529, 7.44986, 7.49572, 7.54293, 7.59155, 7.64167, 7.69335, 7.74667, 7.80173, 7.85861, 7.91741, 7.97825, 8.04125, 8.10652, 8.17421, 8.24446, 8.31746, 8.39337, 8.47239, 8.55474, 8.64066, 8.73041, 8.8243, 8.92264, 9.0258, 9.1342, 9.24829, 9.3686, 9.49572, 9.63032, 9.77319, 9.92524, 10.0875, 10.2612, 10.4478, 10.6491, 10.867, 11.1043, 11.364, 11.65, 11.9676, 12.3231, 12.7256, 13.1871, 13.7251, 14.3661, 15.1532, 16.1639, 17.5279, 19.205, 19.8676, 16.5336, 9.24646, 3.06037, 0.557128, 0.0536177, 0.00266306, 6.03031e-05, 2.36857e-07
7.36196, 7.41258, 7.46474, 7.51852, 7.57398, 7.63123, 7.69036, 7.75145, 7.81464, 7.88002, 7.94773, 8.01791, 8.0907, 8.16626, 8.24477, 8.32643, 8.41144, 8.50004, 8.59246, 8.68901, 8.78998, 8.89571, 9.00659, 9.12305, 9.24555, 9.37463, 9.5109, 9.65505, 9.80785, 9.9702, 10.1431, 10.3279, 10.5258, 10.7385, 10.968, 11.2166, 11.4872, 11.7831, 12.1088, 12.4694, 12.872, 13.3256, 13.8419, 14.4377, 15.1362, 15.9725, 17.0019, 18.3207, 20.124, 22.8667, 27.2537, 32.0726, 30.7924, 19.5432, 7.16721, 1.41752, 0.14606, 0.00769193, 0.00019287, 1.26567e-06
30.937
58.16
 
MEASUREMENT 422
1.4716, 4.41481, 7.36319, 10.3064, 13.2548, 16.2031, 19.1774, 22.1309, 25.0793, 28.0277, 30.9502, 33.8934
7.49845, 7.65561, 8.05901, 8.52677, 9.12107, 9.03591, 10.0321, 11.156, 12.4199, 16.1755, 11.7283, 0.0460791
0.00921262, 0.0093863, 0.00996025, 0.0107521, 0.0114673, 0.011434, 0.0126361, 0.0139788, 0.0153068, 0.0199118, 0.0144948, 0.00051107
0, 0.589331, 1.17866, 1.76799, 2.35732, 2.94665, 3.53598, 4.12532, 4.71465, 5.30398, 5.89331, 6.48264, 7.07197, 7.6613, 8.25063, 8.83996, 9.42929, 10.0186, 10.608, 11.1973, 11.7866, 12.3759, 12.9653, 13.5546, 14.1439, 14.7333, 15.3226, 15.9119, 16.5013, 17.0906, 17.6799, 18.2693, 18.8586, 19.4479, 20.0372, 20.6266, 21.2159, 21.8052, 22.3946, 22.9839, 23.5732, 24.1626, 24.7519, 25.3412, 25.9306, 26.5199, 27.1092, 27.6985, 28.2879, 28.8772, 29.4665, 30.0559, 30.6452, 31.2345, 31.8239, 32.4132, 33.0025, 33.5919, 34.1812, 34.7705
7.39379, 7.43731, 7.48208, 7.52814, 7.57556, 7.6244, 7.67474, 7.72665, 7.78021, 7.83551, 7.89265, 7.95171, 8.01282, 8.0761, 8.14166, 8.20965, 8.28022, 8.35354, 8.42979, 8.50916, 8.59188, 8.67819, 8.76834, 8.86265, 8.96143, 9.06506, 9.17394, 9.28855, 9.40939, 9.53708, 9.6723, 9.81581, 9.96854, 10.1315, 10.306, 10.4935, 10.6956, 10.9146, 11.1529, 11.4138, 11.7012, 12.0202, 12.3774, 12.7817, 13.2453, 13.7858, 14.4298, 15.2205, 16.2359, 17.6066, 19.2942, 19.9653, 16.6115, 9.27626, 3.06015, 0.554132, 0.0529342, 0.00260386, 5.79633e-05, 2.26287e-07
7.39379, 7.44463, 7.49702, 7.55103, 7.60674, 7.66423, 7.72361, 7.78498, 7.84844, 7.9141, 7.98211, 8.05259, 8.1257, 8.20159, 8.28045, 8.36246, 8.44784, 8.53682, 8.62965, 8.72662, 8.82803, 8.93422, 9.04559, 9.16255, 9.28559, 9.41524, 9.5521, 9.69688, 9.85035, 10.0134, 10.1871, 10.3726, 10.5714, 10.7851, 11.0156, 11.2653, 11.537, 11.8343, 12.1614, 12.5236, 12.928, 13.3835, 13.9022, 14.5005, 15.2022, 16.0421, 17.076, 18.4005, 20.2115, 22.9657, 27.3753, 32.2285, 30.9428, 19.6128, 7.16983, 1.4106, 0.144275, 0.00752534, 0.000185923, 1.20882e-06
30.9363
58.16
 
MEASUREMENT 423
1.4716, 4.41481, 7.36319, 10.3064, 13.2548, 16.2031, 19.1774, 22.1309, 25.0793, 28.0277, 30.9502, 33.8934
7.51757, 7.67444, 8.07935, 8.5456, 9.14312, 9.05516, 10.0555, 11.1681, 12.4499, 16.2114, 11.7552, 0.0471613
0.00921262, 0.0093863, 0.00996025, 0.0107521, 0.0114673, 0.011434, 0.0126361, 0.0139788, 0.0153068, 0.0199118, 0.0144948, 0.00051107
0, 0.589331, 1.17866, 1.76799, 2.35732, 2.94665, 3.53598, 4.12532, 4.71465, 5.30398, 5.89331, 6.48264, 7.07197, 7.6613, 8.25063, 8.83996, 9.42929, 10.0186, 10.608, 11.1973, 11.7866, 12.3759, 12.9653, 13.5546, 14.1439, 14.7333, 15.3226, 15.9119, 16.5013, 17.0906, 17.6799, 18.2693, 18.8586, 19.4479, 20.0372, 20.6266, 21.2159, 21.8052, 22.3946, 22.9839, 23.5732, 24.1626, 24.7519, 25.3412, 25.9306, 26.5199, 27.1092, 27.6985, 28.2879, 28.8772, 29.4665, 30.0559, 30.6452, 31.2345, 31.8239, 32.4132, 33.0025, 33.5919, 34.1812, 34.7705
7.41107, 7.45469, 7.49954, 7.5457, 7.59322, 7.64216, 7.6926, 7.74462, 7.79829, 7.8537, 7.91095, 7.97014, 8.03137, 8.09477, 8.16047, 8.2286, 8.29931, 8.37278, 8.44918, 8.52871, 8.61159, 8.69807, 8.7884, 8.88289, 8.98187, 9.0857, 9.19479, 9.30962, 9.4307, 9.55863, 9.6941, 9.83789, 9.99091, 10.1542, 10.329, 10.5168, 10.7194, 10.9387, 11.1775, 11.4388, 11.7267, 12.0462, 12.404, 12.809, 13.2734, 13.8148, 14.4598, 15.2518, 16.2688, 17.641, 19.3263, 19.9887, 16.6358, 9.31236, 3.08885, 0.564302, 0.0545785, 0.00272834, 6.24836e-05, 2.46447e-07
7.41107, 7.46203, 7.51454, 7.56867, 7.62451, 7.68214, 7.74166, 7.80316, 7.86676, 7.93258, 8.00074, 8.07139, 8.14466, 8.22073, 8.29976, 8.38196, 8.46754, 8.55672, 8.64977, 8.74695, 8.84859, 8.95503, 9.06665, 9.18387, 9.30719, 9.43713, 9.57431, 9.71941, 9.87322, 10.0367, 10.2107, 10.3967, 10.5959, 10.81, 11.0411, 11.2913, 11.5637, 11.8616, 12.1894, 12.5525, 12.9577, 13.4143, 13.9341, 14.5338, 15.2369, 16.0787, 17.115, 18.4426, 20.2581, 23.0194, 27.4334, 32.2751, 30.9857, 19.6826, 7.23359, 1.43568, 0.148665, 0.00787967, 0.000199531, 1.31769e-06
30.9375
58.16
 
MEASUREMENT 424
1.4716, 4.41481, 7.36319, 10.3064, 13.2548, 16.2031, 19.1774, 22.1309, 25.0793, 28.0277, 30.9502, 33.8934
7.30369, 7.45148, 7.84788, 8.30238, 8.88083, 8.79749, 9.76645, 10.8607, 12.0915, 15.7453, 11.4174, 0.0453616
0.00921262, 0.0093863, 0.00996025, 0.0107521, 0.0114673, 0.011434, 0.0126361, 0.0139788, 0.0153068, 0.0199118, 0.0144948, 0.00051107
0, 0.589331, 1.17866, 1.76799, 2.35732, 2.94665, 3.53598, 4.12532, 4.71465, 5.30398, 5.89331, 6.48264, 7.07197, 7.6613, 8.25063, 8.83996, 9.42929, 10.0186, 10.608, 11.1973, 11.7866, 12.3759, 12.9653, 13.5546, 14.1439, 14.7333, 15.3226, 15.9119, 16.5013, 17.0906, 17.6799, 18.2693, 18.8586, 19.4479, 20.0372, 20.6266, 21.2159, 21.8052, 22.3946, 22.9839, 23.5732, 24.1626, 24.7519, 25.3412, 25.9306, 26.5199, 27.1092, 27.6985, 28.2879, 28.8772, 29.4665, 30.0559, 30.6452, 31.2345, 31.8239, 32.4132, 33.0025, 33.5919, 34.1812, 34.7705
7.19939, 7.24176, 7.28534, 7.33017, 7.37633, 7.42388, 7.47288, 7.52341, 7.57555, 7.62938, 7.68499, 7.74249, 7.80197, 7.86356, 7.92738, 7.99356, 8.06226, 8.13362, 8.20784, 8.2851, 8.36562, 8.44962, 8.53738, 8.62917, 8.72532, 8.82618, 8.93216, 9.04371, 9.16133, 9.28561, 9.41721, 9.5569, 9.70554, 9.86418, 10.034, 10.2164, 10.4132, 10.6263, 10.8582, 11.1121, 11.3918, 11.7022, 12.0498, 12.4432, 12.8943, 13.4202, 14.0467, 14.8161, 15.8039, 17.137, 18.7762, 19.4242, 16.1643, 9.03862, 2.99048, 0.544059, 0.0523117, 0.002595, 5.86355e-05, 2.30072e-07
7.19939, 7.2489, 7.29991, 7.35249, 7.40673, 7.46272, 7.52053, 7.58028, 7.64207, 7.70601, 7.77223, 7.84085, 7.91203, 7.98593, 8.06271, 8.14256, 8.2257, 8.31233, 8.40272, 8.49713, 8.59587, 8.69927, 8.8077, 8.92158, 9.04138, 9.16761, 9.30087, 9.44183, 9.59126, 9.75003, 9.91914, 10.0998, 10.2933, 10.5013, 10.7258, 10.9689, 11.2335, 11.5229, 11.8413, 12.194, 12.5878, 13.0312, 13.5362, 14.1188, 14.8019, 15.6197, 16.6263, 17.9159, 19.6792, 22.3609, 26.6512, 31.366, 30.1166, 19.113, 7.00732, 1.38508, 0.142591, 0.00750024, 0.000187716, 1.23031e-06
30.9371
58.16
 
