UCL QuARC  
HEADERLINES: 13
Facility: Clatterbridge
Room: Research Room
Date: 2023-05-18
Time: 15:38:10
Energy: 60
Intensity: 
Folder: 20230518
Original data file: Run013.txt
Data type: Fitted
Fit rate: 25Hz
 
MEASUREMENT 0
1.4716, 4.41481, 7.36319, 10.3064, 13.2548, 16.2031, 19.1774, 22.1309, 25.0793, 28.0277, 30.9502, 33.8934
2.44856, 2.45105, 2.62755, 2.87294, 3.28327, 3.78124, 5.19855, 0.236612, 0.00102121, -0.00256187, -0.00163875, -0.00201161
0.00720831, 0.00708061, 0.00783776, 0.00828184, 0.00927769, 0.0106734, 0.0149204, 0.000771342, 0.000414403, 0.000422636, 0.000368554, 0.00039714
0, 0.589331, 1.17866, 1.76799, 2.35732, 2.94665, 3.53598, 4.12532, 4.71465, 5.30398, 5.89331, 6.48264, 7.07197, 7.6613, 8.25063, 8.83996, 9.42929, 10.0186, 10.608, 11.1973, 11.7866, 12.3759, 12.9653, 13.5546, 14.1439, 14.7333, 15.3226, 15.9119, 16.5013, 17.0906, 17.6799, 18.2693, 18.8586, 19.4479, 20.0372, 20.6266, 21.2159, 21.8052, 22.3946, 22.9839, 23.5732, 24.1626, 24.7519, 25.3412, 25.9306, 26.5199, 27.1092, 27.6985, 28.2879, 28.8772, 29.4665, 30.0559, 30.6452, 31.2345, 31.8239, 32.4132, 33.0025, 33.5919, 34.1812, 34.7705
2.32048, 2.3417, 2.36379, 2.38683, 2.41087, 2.43599, 2.46228, 2.48982, 2.51873, 2.54911, 2.58111, 2.61487, 2.65056, 2.68837, 2.72853, 2.77131, 2.81699, 2.86593, 2.91856, 2.97538, 3.03699, 3.10414, 3.17774, 3.25896, 3.34926, 3.45059, 3.56553, 3.69766, 3.85208, 4.03647, 4.26307, 4.55314, 4.94891, 5.55642, 6.52318, 3.79644, 0.167469, 0.00021619, 2.58742e-09, 1.96721e-15, 2.91122e-23, 8.38551e-33, 4.70118e-44, 5.12977e-57, 1.08941e-71, 4.50276e-88, 3.62197e-106, 5.66992e-126, 1.72728e-147, 1.02397e-170, 1.18124e-195, 2.65155e-222, 1.15812e-250, 9.84216e-281, 1.62739e-312, 0, 0, 0, 0, 0
2.32048, 2.34613, 2.37294, 2.401, 2.4304, 2.46125, 2.49367, 2.52781, 2.56381, 2.60184, 2.64212, 2.68485, 2.7303, 2.77877, 2.83061, 2.88622, 2.94608, 3.01077, 3.08097, 3.15751, 3.2414, 3.33392, 3.43666, 3.55167, 3.68162, 3.83012, 4.00209, 4.20457, 4.44802, 4.74881, 5.13449, 5.65637, 6.42622, 7.77502, 11.2199, 9.56711, 0.549603, 0.000843997, 1.68296e-08, 1.30073e-14, 1.95674e-22, 5.72914e-32, 3.26467e-43, 3.62043e-56, 7.81325e-71, 3.28121e-87, 2.6813e-105, 4.26331e-125, 1.31891e-146, 7.93844e-170, 9.29571e-195, 2.11758e-221, 9.384e-250, 8.08926e-280, 1.35639e-311, 0, 0, 0, 0, 0
20.5913
45.68
 
MEASUREMENT 1
1.4716, 4.41481, 7.36319, 10.3064, 13.2548, 16.2031, 19.1774, 22.1309, 25.0793, 28.0277, 30.9502, 33.8934
2.44767, 2.45034, 2.6268, 2.87217, 3.27907, 3.77644, 5.19476, 0.235932, 0.000836862, -0.00217843, -0.00157865, -0.00198394
0.00720831, 0.00708061, 0.00783776, 0.00828184, 0.00927769, 0.0106734, 0.0149204, 0.000771342, 0.000414403, 0.000422636, 0.000368554, 0.00039714
0, 0.589331, 1.17866, 1.76799, 2.35732, 2.94665, 3.53598, 4.12532, 4.71465, 5.30398, 5.89331, 6.48264, 7.07197, 7.6613, 8.25063, 8.83996, 9.42929, 10.0186, 10.608, 11.1973, 11.7866, 12.3759, 12.9653, 13.5546, 14.1439, 14.7333, 15.3226, 15.9119, 16.5013, 17.0906, 17.6799, 18.2693, 18.8586, 19.4479, 20.0372, 20.6266, 21.2159, 21.8052, 22.3946, 22.9839, 23.5732, 24.1626, 24.7519, 25.3412, 25.9306, 26.5199, 27.1092, 27.6985, 28.2879, 28.8772, 29.4665, 30.0559, 30.6452, 31.2345, 31.8239, 32.4132, 33.0025, 33.5919, 34.1812, 34.7705
2.3201, 2.34128, 2.36333, 2.38632, 2.41032, 2.43539, 2.46162, 2.48911, 2.51795, 2.54827, 2.5802, 2.61388, 2.64948, 2.6872, 2.72727, 2.76993, 2.81549, 2.8643, 2.91678, 2.97343, 3.03486, 3.10179, 3.17515, 3.25608, 3.34606, 3.44699, 3.56146, 3.693, 3.84668, 4.0301, 4.25535, 4.54344, 4.93588, 5.53628, 6.51336, 3.83939, 0.158996, 0.000168547, 1.47945e-09, 6.96873e-16, 5.53363e-24, 7.40731e-34, 1.67146e-45, 6.35777e-59, 4.07639e-74, 4.40551e-91, 8.02512e-110, 2.46392e-130, 1.27499e-152, 1.11193e-176, 1.63427e-202, 4.04785e-230, 1.68953e-259, 1.18831e-290, 9.88131e-324, 0, 0, 0, 0, 0
2.3201, 2.34574, 2.37254, 2.40058, 2.42997, 2.4608, 2.49321, 2.52733, 2.56331, 2.60132, 2.64157, 2.68427, 2.7297, 2.77813, 2.82994, 2.88551, 2.94532, 3.00996, 3.0801, 3.15657, 3.24038, 3.33281, 3.43544, 3.55031, 3.68009, 3.82837, 4.00007, 4.20219, 4.44514, 4.7452, 5.12972, 5.64958, 6.41516, 7.74973, 11.1755, 9.73108, 0.527911, 0.000666033, 9.69169e-09, 4.64356e-15, 3.75056e-23, 5.10636e-33, 1.17186e-44, 4.53278e-58, 2.955e-73, 3.24661e-90, 6.01117e-109, 1.87552e-129, 9.86047e-152, 8.73497e-176, 1.30375e-201, 3.27847e-229, 1.38891e-258, 9.91251e-290, 0, 0, 0, 0, 0, 0
20.5964
45.68
 
MEASUREMENT 2
1.4716, 4.41481, 7.36319, 10.3064, 13.2548, 16.2031, 19.1774, 22.1309, 25.0793, 28.0277, 30.9502, 33.8934
2.47338, 2.47657, 2.65767, 2.90487, 3.31432, 3.81758, 5.25359, 0.238523, 0.000900885, -0.0026116, -0.00150351, -0.00192647
0.00720831, 0.00708061, 0.00783776, 0.00828184, 0.00927769, 0.0106734, 0.0149204, 0.000771342, 0.000414403, 0.000422636, 0.000368554, 0.00039714
0, 0.589331, 1.17866, 1.76799, 2.35732, 2.94665, 3.53598, 4.12532, 4.71465, 5.30398, 5.89331, 6.48264, 7.07197, 7.6613, 8.25063, 8.83996, 9.42929, 10.0186, 10.608, 11.1973, 11.7866, 12.3759, 12.9653, 13.5546, 14.1439, 14.7333, 15.3226, 15.9119, 16.5013, 17.0906, 17.6799, 18.2693, 18.8586, 19.4479, 20.0372, 20.6266, 21.2159, 21.8052, 22.3946, 22.9839, 23.5732, 24.1626, 24.7519, 25.3412, 25.9306, 26.5199, 27.1092, 27.6985, 28.2879, 28.8772, 29.4665, 30.0559, 30.6452, 31.2345, 31.8239, 32.4132, 33.0025, 33.5919, 34.1812, 34.7705
2.34561, 2.36702, 2.38932, 2.41256, 2.43682, 2.46217, 2.48869, 2.51648, 2.54564, 2.57629, 2.60857, 2.64262, 2.67862, 2.71676, 2.75726, 2.80039, 2.84645, 2.8958, 2.94886, 3.00613, 3.06823, 3.1359, 3.21007, 3.29189, 3.38285, 3.48489, 3.6006, 3.73358, 3.88894, 4.07435, 4.30203, 4.59321, 4.98979, 5.59628, 6.58714, 3.89144, 0.159328, 0.000163065, 1.355e-09, 5.86419e-16, 4.17161e-24, 4.87775e-34, 9.37444e-46, 2.96121e-59, 1.53737e-74, 1.31179e-91, 1.83953e-110, 4.23929e-131, 1.6055e-153, 9.99167e-178, 1.02179e-203, 1.71698e-231, 4.74058e-261, 2.15051e-292, 0, 0, 0, 0, 0, 0
2.34561, 2.37153, 2.39862, 2.42697, 2.45668, 2.48785, 2.52061, 2.5551, 2.59148, 2.62991, 2.67059, 2.71376, 2.75968, 2.80865, 2.86102, 2.91719, 2.97766, 3.043, 3.11391, 3.19121, 3.27593, 3.36936, 3.4731, 3.58922, 3.72041, 3.87029, 4.04384, 4.24813, 4.49368, 4.79692, 5.18551, 5.71078, 6.48412, 7.83114, 11.2914, 9.86533, 0.529599, 0.000645493, 8.8768e-09, 3.90812e-15, 2.82812e-23, 3.36374e-33, 6.57536e-45, 2.11235e-58, 1.11517e-73, 9.67422e-91, 1.37902e-109, 3.22986e-130, 1.24288e-152, 7.85748e-177, 8.16069e-203, 1.39231e-230, 3.90206e-260, 1.79629e-291, 0, 0, 0, 0, 0, 0
20.5972
45.68
 
MEASUREMENT 3
1.4716, 4.41481, 7.36319, 10.3064, 13.2548, 16.2031, 19.1774, 22.1309, 25.0793, 28.0277, 30.9502, 33.8934
2.44901, 2.45173, 2.6277, 2.87314, 3.28077, 3.77595, 5.19771, 0.236078, 0.000753767, -0.00252372, -0.00132929, -0.00153602
0.00720831, 0.00708061, 0.00783776, 0.00828184, 0.00927769, 0.0106734, 0.0149204, 0.000771342, 0.000414403, 0.000422636, 0.000368554, 0.00039714
0, 0.589331, 1.17866, 1.76799, 2.35732, 2.94665, 3.53598, 4.12532, 4.71465, 5.30398, 5.89331, 6.48264, 7.07197, 7.6613, 8.25063, 8.83996, 9.42929, 10.0186, 10.608, 11.1973, 11.7866, 12.3759, 12.9653, 13.5546, 14.1439, 14.7333, 15.3226, 15.9119, 16.5013, 17.0906, 17.6799, 18.2693, 18.8586, 19.4479, 20.0372, 20.6266, 21.2159, 21.8052, 22.3946, 22.9839, 23.5732, 24.1626, 24.7519, 25.3412, 25.9306, 26.5199, 27.1092, 27.6985, 28.2879, 28.8772, 29.4665, 30.0559, 30.6452, 31.2345, 31.8239, 32.4132, 33.0025, 33.5919, 34.1812, 34.7705
2.32149, 2.34266, 2.36471, 2.3877, 2.41168, 2.43674, 2.46297, 2.49044, 2.51928, 2.54958, 2.5815, 2.61516, 2.65075, 2.68845, 2.72849, 2.77113, 2.81666, 2.86543, 2.91788, 2.97448, 3.03585, 3.10272, 3.17601, 3.25685, 3.34672, 3.44752, 3.56182, 3.69315, 3.84655, 4.02958, 4.25427, 4.54149, 4.9324, 5.52925, 6.51336, 3.87361, 0.154316, 0.000144377, 1.04061e-09, 3.61206e-16, 1.92744e-24, 1.5811e-34, 1.99377e-46, 3.86474e-60, 1.15154e-75, 5.274e-93, 3.71267e-112, 4.01702e-133, 6.67996e-156, 1.70719e-180, 6.70514e-207, 4.04702e-235, 3.75359e-265, 5.34962e-297, 0, 0, 0, 0, 0, 0
2.32149, 2.34714, 2.37395, 2.402, 2.4314, 2.46225, 2.49467, 2.5288, 2.56479, 2.60281, 2.64307, 2.68579, 2.73123, 2.77968, 2.83149, 2.88708, 2.94691, 3.01156, 3.0817, 3.15818, 3.24201, 3.33443, 3.43706, 3.55192, 3.68169, 3.82994, 4.00158, 4.20361, 4.44641, 4.7462, 5.13026, 5.6492, 6.41261, 7.7393, 11.1522, 9.84573, 0.515726, 0.000575752, 6.84124e-09, 2.41642e-15, 1.31207e-23, 1.09513e-33, 1.40499e-45, 2.7705e-59, 8.39641e-75, 3.91071e-92, 2.79911e-111, 3.07866e-132, 5.20305e-155, 1.35109e-179, 5.39034e-206, 3.30394e-234, 3.11109e-264, 4.50021e-296, 0, 0, 0, 0, 0, 0
20.5998
45.68
 
MEASUREMENT 4
1.4716, 4.41481, 7.36319, 10.3064, 13.2548, 16.2031, 19.1774, 22.1309, 25.0793, 28.0277, 30.9502, 33.8934
2.44681, 2.44974, 2.62334, 2.87075, 3.27793, 3.77784, 5.18971, 0.235856, 0.000838346, -0.00240192, -0.00134902, -0.00191344
0.00720831, 0.00708061, 0.00783776, 0.00828184, 0.00927769, 0.0106734, 0.0149204, 0.000771342, 0.000414403, 0.000422636, 0.000368554, 0.00039714
0, 0.589331, 1.17866, 1.76799, 2.35732, 2.94665, 3.53598, 4.12532, 4.71465, 5.30398, 5.89331, 6.48264, 7.07197, 7.6613, 8.25063, 8.83996, 9.42929, 10.0186, 10.608, 11.1973, 11.7866, 12.3759, 12.9653, 13.5546, 14.1439, 14.7333, 15.3226, 15.9119, 16.5013, 17.0906, 17.6799, 18.2693, 18.8586, 19.4479, 20.0372, 20.6266, 21.2159, 21.8052, 22.3946, 22.9839, 23.5732, 24.1626, 24.7519, 25.3412, 25.9306, 26.5199, 27.1092, 27.6985, 28.2879, 28.8772, 29.4665, 30.0559, 30.6452, 31.2345, 31.8239, 32.4132, 33.0025, 33.5919, 34.1812, 34.7705
2.3184, 2.33959, 2.36165, 2.38465, 2.40866, 2.43374, 2.45999, 2.4875, 2.51636, 2.5467, 2.57866, 2.61236, 2.648, 2.68576, 2.72586, 2.76856, 2.81417, 2.86304, 2.91559, 2.97232, 3.03383, 3.10086, 3.17434, 3.25542, 3.34557, 3.44672, 3.56145, 3.69334, 3.84747, 4.03151, 4.25765, 4.54714, 4.94207, 5.54826, 6.51084, 3.78355, 0.167184, 0.000217509, 2.63691e-09, 2.04713e-15, 3.11394e-23, 9.28082e-33, 5.41954e-44, 6.20055e-57, 1.38989e-71, 6.10376e-88, 5.25139e-106, 8.85106e-126, 2.92246e-147, 1.89025e-170, 2.39493e-195, 5.94367e-222, 2.88929e-250, 2.75097e-280, 5.13008e-312, 0, 0, 0, 0, 0
2.3184, 2.34403, 2.37081, 2.39885, 2.42822, 2.45904, 2.49144, 2.52555, 2.56151, 2.59952, 2.63975, 2.68245, 2.72786, 2.77629, 2.82808, 2.88365, 2.94346, 3.00809, 3.07823, 3.15471, 3.23853, 3.33098, 3.43363, 3.54854, 3.67839, 3.82677, 3.9986, 4.20093, 4.4442, 4.74477, 5.13019, 5.65174, 6.42121, 7.76976, 11.2132, 9.54721, 0.549353, 0.000850163, 1.71841e-08, 1.35612e-14, 2.09689e-22, 6.3525e-32, 3.77036e-43, 4.38401e-56, 9.98593e-71, 4.45569e-87, 3.89429e-105, 6.66669e-125, 2.23532e-146, 1.4679e-169, 1.88782e-194, 4.7546e-221, 2.34497e-249, 2.2647e-279, 4.28272e-311, 0, 0, 0, 0, 0
20.5909
45.68
 
MEASUREMENT 5
1.4716, 4.41481, 7.36319, 10.3064, 13.2548, 16.2031, 19.1774, 22.1309, 25.0793, 28.0277, 30.9502, 33.8934
2.39016, 2.39295, 2.56497, 2.80428, 3.202, 3.68803, 5.07303, 0.230153, 0.000453292, -0.0025571, -0.00156129, -0.00198156
0.00720831, 0.00708061, 0.00783776, 0.00828184, 0.00927769, 0.0106734, 0.0149204, 0.000771342, 0.000414403, 0.000422636, 0.000368554, 0.00039714
0, 0.589331, 1.17866, 1.76799, 2.35732, 2.94665, 3.53598, 4.12532, 4.71465, 5.30398, 5.89331, 6.48264, 7.07197, 7.6613, 8.25063, 8.83996, 9.42929, 10.0186, 10.608, 11.1973, 11.7866, 12.3759, 12.9653, 13.5546, 14.1439, 14.7333, 15.3226, 15.9119, 16.5013, 17.0906, 17.6799, 18.2693, 18.8586, 19.4479, 20.0372, 20.6266, 21.2159, 21.8052, 22.3946, 22.9839, 23.5732, 24.1626, 24.7519, 25.3412, 25.9306, 26.5199, 27.1092, 27.6985, 28.2879, 28.8772, 29.4665, 30.0559, 30.6452, 31.2345, 31.8239, 32.4132, 33.0025, 33.5919, 34.1812, 34.7705
2.26552, 2.2862, 2.30774, 2.33019, 2.35362, 2.37811, 2.40372, 2.43057, 2.45874, 2.48835, 2.51953, 2.55242, 2.58719, 2.62403, 2.66315, 2.70482, 2.74931, 2.79698, 2.84824, 2.90356, 2.96355, 3.02892, 3.10057, 3.17961, 3.26748, 3.36606, 3.47786, 3.60634, 3.75644, 3.93559, 4.15561, 4.43702, 4.82038, 5.40695, 6.36135, 3.74716, 0.154976, 0.000164072, 1.43886e-09, 6.77216e-16, 5.37484e-24, 7.19325e-34, 1.62329e-45, 6.17688e-59, 3.96306e-74, 4.28714e-91, 7.81929e-110, 2.40445e-130, 1.24651e-152, 1.08941e-176, 1.60505e-202, 3.98631e-230, 1.66886e-259, 1.17766e-290, 9.88131e-324, 0, 0, 0, 0, 0
2.26552, 2.29056, 2.31673, 2.34411, 2.37281, 2.40292, 2.43456, 2.46788, 2.50301, 2.54013, 2.57943, 2.62113, 2.66549, 2.71279, 2.76337, 2.81764, 2.87605, 2.93917, 3.00766, 3.08233, 3.16418, 3.25443, 3.35465, 3.46682, 3.59357, 3.73837, 3.90604, 4.10342, 4.34067, 4.63369, 5.00922, 5.51693, 6.26465, 7.56824, 10.9148, 9.49673, 0.514475, 0.000648221, 9.42294e-09, 4.5112e-15, 3.64181e-23, 4.95724e-33, 1.13773e-44, 4.40242e-58, 2.87192e-73, 3.15836e-90, 5.85511e-109, 1.82966e-129, 9.63701e-152, 8.55523e-176, 1.28002e-201, 3.22755e-229, 1.37146e-258, 9.82036e-290, 0, 0, 0, 0, 0, 0
20.5962
45.68
 
MEASUREMENT 6
1.4716, 4.41481, 7.36319, 10.3064, 13.2548, 16.2031, 19.1774, 22.1309, 25.0793, 28.0277, 30.9502, 33.8934
2.42888, 2.43132, 2.60628, 2.84931, 3.25363, 3.74726, 5.15431, 0.234219, 0.000819798, -0.00243755, -0.00149245, -0.00212754
0.00720831, 0.00708061, 0.00783776, 0.00828184, 0.00927769, 0.0106734, 0.0149204, 0.000771342, 0.000414403, 0.000422636, 0.000368554, 0.00039714
0, 0.589331, 1.17866, 1.76799, 2.35732, 2.94665, 3.53598, 4.12532, 4.71465, 5.30398, 5.89331, 6.48264, 7.07197, 7.6613, 8.25063, 8.83996, 9.42929, 10.0186, 10.608, 11.1973, 11.7866, 12.3759, 12.9653, 13.5546, 14.1439, 14.7333, 15.3226, 15.9119, 16.5013, 17.0906, 17.6799, 18.2693, 18.8586, 19.4479, 20.0372, 20.6266, 21.2159, 21.8052, 22.3946, 22.9839, 23.5732, 24.1626, 24.7519, 25.3412, 25.9306, 26.5199, 27.1092, 27.6985, 28.2879, 28.8772, 29.4665, 30.0559, 30.6452, 31.2345, 31.8239, 32.4132, 33.0025, 33.5919, 34.1812, 34.7705
2.30203, 2.32305, 2.34493, 2.36774, 2.39155, 2.41642, 2.44245, 2.46972, 2.49834, 2.52843, 2.56011, 2.59353, 2.62885, 2.66628, 2.70604, 2.74837, 2.79357, 2.84201, 2.89408, 2.95029, 3.01124, 3.07766, 3.15045, 3.23075, 3.32003, 3.42018, 3.53376, 3.66428, 3.81678, 3.99878, 4.22229, 4.50816, 4.89758, 5.49339, 6.46256, 3.80929, 0.158105, 0.000168592, 1.49291e-09, 7.12635e-16, 5.75629e-24, 7.86778e-34, 1.81964e-45, 7.12087e-59, 4.715e-74, 5.28226e-91, 1.00123e-109, 3.21075e-130, 1.74191e-152, 1.59872e-176, 2.48219e-202, 6.51919e-230, 2.89623e-259, 2.17638e-290, 2.96439e-323, 0, 0, 0, 0, 0
2.30203, 2.32747, 2.35406, 2.38189, 2.41104, 2.44164, 2.47379, 2.50765, 2.54334, 2.58106, 2.621, 2.66337, 2.70844, 2.7565, 2.8079, 2.86303, 2.92239, 2.98652, 3.05611, 3.13199, 3.21515, 3.30686, 3.40868, 3.52266, 3.65144, 3.79857, 3.96893, 4.16948, 4.41054, 4.70826, 5.0898, 5.60563, 6.36529, 7.68965, 11.0887, 9.6532, 0.524803, 0.000665956, 9.77869e-09, 4.74794e-15, 3.90087e-23, 5.42287e-33, 1.27551e-44, 5.07582e-58, 3.4172e-73, 3.89184e-90, 7.49783e-109, 2.44338e-129, 1.34679e-151, 1.25555e-175, 1.97961e-201, 5.2785e-229, 2.38017e-258, 1.81489e-289, 2.51973e-322, 0, 0, 0, 0, 0
20.5964
45.68
 
MEASUREMENT 7
1.4716, 4.41481, 7.36319, 10.3064, 13.2548, 16.2031, 19.1774, 22.1309, 25.0793, 28.0277, 30.9502, 33.8934
2.41754, 2.42066, 2.59484, 2.83702, 3.23939, 3.73076, 5.13262, 0.233093, 0.000629125, -0.00241703, -0.00158245, -0.00164866
0.00720831, 0.00708061, 0.00783776, 0.00828184, 0.00927769, 0.0106734, 0.0149204, 0.000771342, 0.000414403, 0.000422636, 0.000368554, 0.00039714
0, 0.589331, 1.17866, 1.76799, 2.35732, 2.94665, 3.53598, 4.12532, 4.71465, 5.30398, 5.89331, 6.48264, 7.07197, 7.6613, 8.25063, 8.83996, 9.42929, 10.0186, 10.608, 11.1973, 11.7866, 12.3759, 12.9653, 13.5546, 14.1439, 14.7333, 15.3226, 15.9119, 16.5013, 17.0906, 17.6799, 18.2693, 18.8586, 19.4479, 20.0372, 20.6266, 21.2159, 21.8052, 22.3946, 22.9839, 23.5732, 24.1626, 24.7519, 25.3412, 25.9306, 26.5199, 27.1092, 27.6985, 28.2879, 28.8772, 29.4665, 30.0559, 30.6452, 31.2345, 31.8239, 32.4132, 33.0025, 33.5919, 34.1812, 34.7705
2.29174, 2.31266, 2.33445, 2.35717, 2.38087, 2.40564, 2.43156, 2.45872, 2.48722, 2.51717, 2.54872, 2.58199, 2.61717, 2.65444, 2.69403, 2.73618, 2.7812, 2.82943, 2.88129, 2.93726, 2.99796, 3.0641, 3.13659, 3.21656, 3.30547, 3.40522, 3.51834, 3.64833, 3.80021, 3.98149, 4.20412, 4.48888, 4.87681, 5.47042, 6.4362, 3.79256, 0.157208, 0.000167265, 1.47725e-09, 7.02507e-16, 5.64889e-24, 7.68039e-34, 1.76564e-45, 6.8629e-59, 4.51013e-74, 5.01111e-91, 9.41298e-110, 2.9892e-130, 1.60473e-152, 1.45631e-176, 2.23404e-202, 5.79294e-230, 2.53899e-259, 1.88088e-290, 1.97626e-323, 0, 0, 0, 0, 0
2.29174, 2.31706, 2.34354, 2.37124, 2.40026, 2.43072, 2.46273, 2.49643, 2.53197, 2.56952, 2.60928, 2.65146, 2.69633, 2.74418, 2.79535, 2.85024, 2.90933, 2.97318, 3.04246, 3.11799, 3.20079, 3.29208, 3.39346, 3.50693, 3.63514, 3.78161, 3.95122, 4.15088, 4.39087, 4.68728, 5.06714, 5.58071, 6.33705, 7.6557, 11.0405, 9.60716, 0.521575, 0.000660375, 9.6691e-09, 4.67706e-15, 3.82531e-23, 5.28988e-33, 1.23676e-44, 4.8884e-58, 3.26636e-73, 3.68939e-90, 7.04396e-109, 2.27314e-129, 1.23983e-151, 1.14288e-175, 1.78042e-201, 4.68709e-229, 2.08509e-258, 1.56735e-289, 2.51973e-322, 0, 0, 0, 0, 0
20.5962
45.68
 
MEASUREMENT 8
1.4716, 4.41481, 7.36319, 10.3064, 13.2548, 16.2031, 19.1774, 22.1309, 25.0793, 28.0277, 30.9502, 33.8934
2.40679, 2.41002, 2.58597, 2.82422, 3.22475, 3.71379, 5.11215, 0.23213, 0.00102841, -0.00230413, -0.00155149, -0.00205008
0.00720831, 0.00708061, 0.00783776, 0.00828184, 0.00927769, 0.0106734, 0.0149204, 0.000771342, 0.000414403, 0.000422636, 0.000368554, 0.00039714
0, 0.589331, 1.17866, 1.76799, 2.35732, 2.94665, 3.53598, 4.12532, 4.71465, 5.30398, 5.89331, 6.48264, 7.07197, 7.6613, 8.25063, 8.83996, 9.42929, 10.0186, 10.608, 11.1973, 11.7866, 12.3759, 12.9653, 13.5546, 14.1439, 14.7333, 15.3226, 15.9119, 16.5013, 17.0906, 17.6799, 18.2693, 18.8586, 19.4479, 20.0372, 20.6266, 21.2159, 21.8052, 22.3946, 22.9839, 23.5732, 24.1626, 24.7519, 25.3412, 25.9306, 26.5199, 27.1092, 27.6985, 28.2879, 28.8772, 29.4665, 30.0559, 30.6452, 31.2345, 31.8239, 32.4132, 33.0025, 33.5919, 34.1812, 34.7705
2.2822, 2.30303, 2.32472, 2.34732, 2.37091, 2.39557, 2.42136, 2.44839, 2.47675, 2.50657, 2.53796, 2.57107, 2.60608, 2.64317, 2.68256, 2.72451, 2.7693, 2.81729, 2.86888, 2.92458, 2.98496, 3.05076, 3.12287, 3.20242, 3.29086, 3.39006, 3.50256, 3.63182, 3.78282, 3.96301, 4.18424, 4.4671, 4.85219, 5.44054, 6.40815, 3.80271, 0.152719, 0.000146862, 1.10616e-09, 4.11108e-16, 2.39855e-24, 2.1968e-34, 3.15841e-46, 7.12807e-60, 2.52516e-75, 1.40412e-92, 1.22548e-111, 1.67871e-132, 3.60911e-155, 1.21775e-179, 6.44819e-206, 5.35818e-234, 6.98684e-264, 1.42959e-295, 0, 0, 0, 0, 0, 0
2.2822, 2.30742, 2.33378, 2.36136, 2.39026, 2.42058, 2.45246, 2.48601, 2.5214, 2.55878, 2.59836, 2.64036, 2.68503, 2.73267, 2.78361, 2.83826, 2.89708, 2.96064, 3.02961, 3.10481, 3.18722, 3.2781, 3.379, 3.49194, 3.61954, 3.76531, 3.93409, 4.13276, 4.37152, 4.66635, 5.04409, 5.55455, 6.3057, 7.61206, 10.9714, 9.65196, 0.509158, 0.000583847, 7.25717e-09, 2.74431e-15, 1.62908e-23, 1.51801e-33, 2.22028e-45, 5.09698e-59, 1.83641e-74, 1.03837e-91, 9.21377e-111, 1.28292e-131, 2.80296e-154, 9.60871e-179, 5.16799e-205, 4.36077e-233, 5.77258e-263, 1.19873e-294, 0, 0, 0, 0, 0, 0
20.5989
45.68
 
MEASUREMENT 9
1.4716, 4.41481, 7.36319, 10.3064, 13.2548, 16.2031, 19.1774, 22.1309, 25.0793, 28.0277, 30.9502, 33.8934
2.37842, 2.3807, 2.54825, 2.78657, 3.18199, 3.66463, 5.04078, 0.22903, 0.000700393, -0.00267642, -0.00144916, -0.00186838
0.00720831, 0.00708061, 0.00783776, 0.00828184, 0.00927769, 0.0106734, 0.0149204, 0.000771342, 0.000414403, 0.000422636, 0.000368554, 0.00039714
0, 0.589331, 1.17866, 1.76799, 2.35732, 2.94665, 3.53598, 4.12532, 4.71465, 5.30398, 5.89331, 6.48264, 7.07197, 7.6613, 8.25063, 8.83996, 9.42929, 10.0186, 10.608, 11.1973, 11.7866, 12.3759, 12.9653, 13.5546, 14.1439, 14.7333, 15.3226, 15.9119, 16.5013, 17.0906, 17.6799, 18.2693, 18.8586, 19.4479, 20.0372, 20.6266, 21.2159, 21.8052, 22.3946, 22.9839, 23.5732, 24.1626, 24.7519, 25.3412, 25.9306, 26.5199, 27.1092, 27.6985, 28.2879, 28.8772, 29.4665, 30.0559, 30.6452, 31.2345, 31.8239, 32.4132, 33.0025, 33.5919, 34.1812, 34.7705
2.25319, 2.27373, 2.29511, 2.3174, 2.34066, 2.36496, 2.39039, 2.41704, 2.445, 2.47439, 2.50533, 2.53797, 2.57248, 2.60903, 2.64785, 2.68919, 2.73333, 2.78061, 2.83145, 2.88632, 2.94581, 3.01063, 3.08166, 3.16001, 3.2471, 3.34478, 3.45553, 3.58277, 3.73137, 3.90865, 4.12623, 4.40429, 4.78256, 5.35967, 6.31365, 3.76425, 0.148666, 0.000134947, 9.26253e-10, 2.98029e-16, 1.44004e-24, 1.04488e-34, 1.13848e-46, 1.86269e-60, 4.5761e-76, 1.68802e-93, 9.34918e-113, 7.77436e-134, 9.70588e-157, 1.81914e-181, 5.1185e-208, 2.16195e-236, 1.37074e-266, 1.30453e-298, 0, 0, 0, 0, 0, 0
2.25319, 2.27809, 2.30411, 2.33134, 2.35986, 2.3898, 2.42127, 2.45439, 2.48932, 2.52622, 2.56529, 2.60675, 2.65085, 2.69787, 2.74815, 2.80209, 2.86016, 2.9229, 2.99097, 3.06519, 3.14653, 3.23623, 3.33581, 3.44727, 3.5732, 3.71705, 3.88359, 4.07962, 4.31518, 4.60602, 4.97858, 5.48188, 6.22208, 7.50732, 10.8146, 9.58743, 0.498484, 0.000540368, 6.10843e-09, 2.0002e-15, 9.83538e-24, 7.26207e-34, 8.05111e-46, 1.34015e-59, 3.34909e-75, 1.25647e-92, 7.07625e-112, 5.98214e-133, 7.59081e-156, 1.44568e-180, 4.13225e-207, 1.77259e-235, 1.14107e-265, 1.10226e-297, 0, 0, 0, 0, 0, 0
20.6008
45.68
 
MEASUREMENT 10
1.4716, 4.41481, 7.36319, 10.3064, 13.2548, 16.2031, 19.1774, 22.1309, 25.0793, 28.0277, 30.9502, 33.8934
-0.00356434, -0.00365326, -0.00277869, -0.00192842, -0.00188571, -0.00142978, -0.00202571, -0.00212573, -0.00294791, -0.00336554, -0.00244489, -0.00267246
0.00720831, 0.00708061, 0.00783776, 0.00828184, 0.00927769, 0.0106734, 0.0149204, 0.000771342, 0.000414403, 0.000422636, 0.000368554, 0.00039714
0, 0.589331, 1.17866, 1.76799, 2.35732, 2.94665, 3.53598, 4.12532, 4.71465, 5.30398, 5.89331, 6.48264, 7.07197, 7.6613, 8.25063, 8.83996, 9.42929, 10.0186, 10.608, 11.1973, 11.7866, 12.3759, 12.9653, 13.5546, 14.1439, 14.7333, 15.3226, 15.9119, 16.5013, 17.0906, 17.6799, 18.2693, 18.8586, 19.4479, 20.0372, 20.6266, 21.2159, 21.8052, 22.3946, 22.9839, 23.5732, 24.1626, 24.7519, 25.3412, 25.9306, 26.5199, 27.1092, 27.6985, 28.2879, 28.8772, 29.4665, 30.0559, 30.6452, 31.2345, 31.8239, 32.4132, 33.0025, 33.5919, 34.1812, 34.7705
0, 0, 0, 0, 0, 0, 0, 0, 0, 0, 0, 0, 0, 0, 0, 0, 0, 0, 0, 0, 0, 0, 0, 0, 0, 0, 0, 0, 0, 0, 0, 0, 0, 0, 0, 0, 0, 0, 0, 0, 0, 0, 0, 0, 0, 0, 0, 0, 0, 0, 0, 0, 0, 0, 0, 0, 0, 0, 0, 0
0, 0, 0, 0, 0, 0, 0, 0, 0, 0, 0, 0, 0, 0, 0, 0, 0, 0, 0, 0, 0, 0, 0, 0, 0, 0, 0, 0, 0, 0, 0, 0, 0, 0, 0, 0, 0, 0, 0, 0, 0, 0, 0, 0, 0, 0, 0, 0, 0, 0, 0, 0, 0, 0, 0, 0, 0, 0, 0, 0
-
-
 
MEASUREMENT 11
1.4716, 4.41481, 7.36319, 10.3064, 13.2548, 16.2031, 19.1774, 22.1309, 25.0793, 28.0277, 30.9502, 33.8934
-0.00335928, -0.00356264, -0.00266485, -0.00200782, -0.00194689, -0.00170351, -0.00204528, -0.00201209, -0.00286281, -0.00353417, -0.00218421, -0.00263809
0.00720831, 0.00708061, 0.00783776, 0.00828184, 0.00927769, 0.0106734, 0.0149204, 0.000771342, 0.000414403, 0.000422636, 0.000368554, 0.00039714
0, 0.589331, 1.17866, 1.76799, 2.35732, 2.94665, 3.53598, 4.12532, 4.71465, 5.30398, 5.89331, 6.48264, 7.07197, 7.6613, 8.25063, 8.83996, 9.42929, 10.0186, 10.608, 11.1973, 11.7866, 12.3759, 12.9653, 13.5546, 14.1439, 14.7333, 15.3226, 15.9119, 16.5013, 17.0906, 17.6799, 18.2693, 18.8586, 19.4479, 20.0372, 20.6266, 21.2159, 21.8052, 22.3946, 22.9839, 23.5732, 24.1626, 24.7519, 25.3412, 25.9306, 26.5199, 27.1092, 27.6985, 28.2879, 28.8772, 29.4665, 30.0559, 30.6452, 31.2345, 31.8239, 32.4132, 33.0025, 33.5919, 34.1812, 34.7705
0, 0, 0, 0, 0, 0, 0, 0, 0, 0, 0, 0, 0, 0, 0, 0, 0, 0, 0, 0, 0, 0, 0, 0, 0, 0, 0, 0, 0, 0, 0, 0, 0, 0, 0, 0, 0, 0, 0, 0, 0, 0, 0, 0, 0, 0, 0, 0, 0, 0, 0, 0, 0, 0, 0, 0, 0, 0, 0, 0
0, 0, 0, 0, 0, 0, 0, 0, 0, 0, 0, 0, 0, 0, 0, 0, 0, 0, 0, 0, 0, 0, 0, 0, 0, 0, 0, 0, 0, 0, 0, 0, 0, 0, 0, 0, 0, 0, 0, 0, 0, 0, 0, 0, 0, 0, 0, 0, 0, 0, 0, 0, 0, 0, 0, 0, 0, 0, 0, 0
-
-
 
MEASUREMENT 12
1.4716, 4.41481, 7.36319, 10.3064, 13.2548, 16.2031, 19.1774, 22.1309, 25.0793, 28.0277, 30.9502, 33.8934
-0.00367107, -0.0038317, -0.00294541, -0.00196063, -0.00176089, -0.00153199, -0.00186201, -0.00194502, -0.00273075, -0.00368554, -0.00243733, -0.00248972
0.00720831, 0.00708061, 0.00783776, 0.00828184, 0.00927769, 0.0106734, 0.0149204, 0.000771342, 0.000414403, 0.000422636, 0.000368554, 0.00039714
0, 0.589331, 1.17866, 1.76799, 2.35732, 2.94665, 3.53598, 4.12532, 4.71465, 5.30398, 5.89331, 6.48264, 7.07197, 7.6613, 8.25063, 8.83996, 9.42929, 10.0186, 10.608, 11.1973, 11.7866, 12.3759, 12.9653, 13.5546, 14.1439, 14.7333, 15.3226, 15.9119, 16.5013, 17.0906, 17.6799, 18.2693, 18.8586, 19.4479, 20.0372, 20.6266, 21.2159, 21.8052, 22.3946, 22.9839, 23.5732, 24.1626, 24.7519, 25.3412, 25.9306, 26.5199, 27.1092, 27.6985, 28.2879, 28.8772, 29.4665, 30.0559, 30.6452, 31.2345, 31.8239, 32.4132, 33.0025, 33.5919, 34.1812, 34.7705
0, 0, 0, 0, 0, 0, 0, 0, 0, 0, 0, 0, 0, 0, 0, 0, 0, 0, 0, 0, 0, 0, 0, 0, 0, 0, 0, 0, 0, 0, 0, 0, 0, 0, 0, 0, 0, 0, 0, 0, 0, 0, 0, 0, 0, 0, 0, 0, 0, 0, 0, 0, 0, 0, 0, 0, 0, 0, 0, 0
0, 0, 0, 0, 0, 0, 0, 0, 0, 0, 0, 0, 0, 0, 0, 0, 0, 0, 0, 0, 0, 0, 0, 0, 0, 0, 0, 0, 0, 0, 0, 0, 0, 0, 0, 0, 0, 0, 0, 0, 0, 0, 0, 0, 0, 0, 0, 0, 0, 0, 0, 0, 0, 0, 0, 0, 0, 0, 0, 0
-
-
 
MEASUREMENT 13
1.4716, 4.41481, 7.36319, 10.3064, 13.2548, 16.2031, 19.1774, 22.1309, 25.0793, 28.0277, 30.9502, 33.8934
-0.0034997, -0.00364834, -0.00261983, -0.00201038, -0.00215573, -0.00150891, -0.00225736, -0.00198421, -0.00291243, -0.00365547, -0.00216994, -0.00240045
0.00720831, 0.00708061, 0.00783776, 0.00828184, 0.00927769, 0.0106734, 0.0149204, 0.000771342, 0.000414403, 0.000422636, 0.000368554, 0.00039714
0, 0.589331, 1.17866, 1.76799, 2.35732, 2.94665, 3.53598, 4.12532, 4.71465, 5.30398, 5.89331, 6.48264, 7.07197, 7.6613, 8.25063, 8.83996, 9.42929, 10.0186, 10.608, 11.1973, 11.7866, 12.3759, 12.9653, 13.5546, 14.1439, 14.7333, 15.3226, 15.9119, 16.5013, 17.0906, 17.6799, 18.2693, 18.8586, 19.4479, 20.0372, 20.6266, 21.2159, 21.8052, 22.3946, 22.9839, 23.5732, 24.1626, 24.7519, 25.3412, 25.9306, 26.5199, 27.1092, 27.6985, 28.2879, 28.8772, 29.4665, 30.0559, 30.6452, 31.2345, 31.8239, 32.4132, 33.0025, 33.5919, 34.1812, 34.7705
0, 0, 0, 0, 0, 0, 0, 0, 0, 0, 0, 0, 0, 0, 0, 0, 0, 0, 0, 0, 0, 0, 0, 0, 0, 0, 0, 0, 0, 0, 0, 0, 0, 0, 0, 0, 0, 0, 0, 0, 0, 0, 0, 0, 0, 0, 0, 0, 0, 0, 0, 0, 0, 0, 0, 0, 0, 0, 0, 0
0, 0, 0, 0, 0, 0, 0, 0, 0, 0, 0, 0, 0, 0, 0, 0, 0, 0, 0, 0, 0, 0, 0, 0, 0, 0, 0, 0, 0, 0, 0, 0, 0, 0, 0, 0, 0, 0, 0, 0, 0, 0, 0, 0, 0, 0, 0, 0, 0, 0, 0, 0, 0, 0, 0, 0, 0, 0, 0, 0
-
-
 
MEASUREMENT 14
1.4716, 4.41481, 7.36319, 10.3064, 13.2548, 16.2031, 19.1774, 22.1309, 25.0793, 28.0277, 30.9502, 33.8934
-0.00348283, -0.00381056, -0.00290119, -0.00193319, -0.00190767, -0.00132717, -0.00187822, -0.00188439, -0.00273048, -0.00333942, -0.00244594, -0.0026641
0.00720831, 0.00708061, 0.00783776, 0.00828184, 0.00927769, 0.0106734, 0.0149204, 0.000771342, 0.000414403, 0.000422636, 0.000368554, 0.00039714
0, 0.589331, 1.17866, 1.76799, 2.35732, 2.94665, 3.53598, 4.12532, 4.71465, 5.30398, 5.89331, 6.48264, 7.07197, 7.6613, 8.25063, 8.83996, 9.42929, 10.0186, 10.608, 11.1973, 11.7866, 12.3759, 12.9653, 13.5546, 14.1439, 14.7333, 15.3226, 15.9119, 16.5013, 17.0906, 17.6799, 18.2693, 18.8586, 19.4479, 20.0372, 20.6266, 21.2159, 21.8052, 22.3946, 22.9839, 23.5732, 24.1626, 24.7519, 25.3412, 25.9306, 26.5199, 27.1092, 27.6985, 28.2879, 28.8772, 29.4665, 30.0559, 30.6452, 31.2345, 31.8239, 32.4132, 33.0025, 33.5919, 34.1812, 34.7705
0, 0, 0, 0, 0, 0, 0, 0, 0, 0, 0, 0, 0, 0, 0, 0, 0, 0, 0, 0, 0, 0, 0, 0, 0, 0, 0, 0, 0, 0, 0, 0, 0, 0, 0, 0, 0, 0, 0, 0, 0, 0, 0, 0, 0, 0, 0, 0, 0, 0, 0, 0, 0, 0, 0, 0, 0, 0, 0, 0
0, 0, 0, 0, 0, 0, 0, 0, 0, 0, 0, 0, 0, 0, 0, 0, 0, 0, 0, 0, 0, 0, 0, 0, 0, 0, 0, 0, 0, 0, 0, 0, 0, 0, 0, 0, 0, 0, 0, 0, 0, 0, 0, 0, 0, 0, 0, 0, 0, 0, 0, 0, 0, 0, 0, 0, 0, 0, 0, 0
-
-
 
MEASUREMENT 15
1.4716, 4.41481, 7.36319, 10.3064, 13.2548, 16.2031, 19.1774, 22.1309, 25.0793, 28.0277, 30.9502, 33.8934
-0.00337078, -0.00365152, -0.00265356, -0.00202828, -0.00198079, -0.00176948, -0.00225671, -0.00198777, -0.00286433, -0.00361755, -0.00214003, -0.00260982
0.00720831, 0.00708061, 0.00783776, 0.00828184, 0.00927769, 0.0106734, 0.0149204, 0.000771342, 0.000414403, 0.000422636, 0.000368554, 0.00039714
0, 0.589331, 1.17866, 1.76799, 2.35732, 2.94665, 3.53598, 4.12532, 4.71465, 5.30398, 5.89331, 6.48264, 7.07197, 7.6613, 8.25063, 8.83996, 9.42929, 10.0186, 10.608, 11.1973, 11.7866, 12.3759, 12.9653, 13.5546, 14.1439, 14.7333, 15.3226, 15.9119, 16.5013, 17.0906, 17.6799, 18.2693, 18.8586, 19.4479, 20.0372, 20.6266, 21.2159, 21.8052, 22.3946, 22.9839, 23.5732, 24.1626, 24.7519, 25.3412, 25.9306, 26.5199, 27.1092, 27.6985, 28.2879, 28.8772, 29.4665, 30.0559, 30.6452, 31.2345, 31.8239, 32.4132, 33.0025, 33.5919, 34.1812, 34.7705
0, 0, 0, 0, 0, 0, 0, 0, 0, 0, 0, 0, 0, 0, 0, 0, 0, 0, 0, 0, 0, 0, 0, 0, 0, 0, 0, 0, 0, 0, 0, 0, 0, 0, 0, 0, 0, 0, 0, 0, 0, 0, 0, 0, 0, 0, 0, 0, 0, 0, 0, 0, 0, 0, 0, 0, 0, 0, 0, 0
0, 0, 0, 0, 0, 0, 0, 0, 0, 0, 0, 0, 0, 0, 0, 0, 0, 0, 0, 0, 0, 0, 0, 0, 0, 0, 0, 0, 0, 0, 0, 0, 0, 0, 0, 0, 0, 0, 0, 0, 0, 0, 0, 0, 0, 0, 0, 0, 0, 0, 0, 0, 0, 0, 0, 0, 0, 0, 0, 0
-
-
 
MEASUREMENT 16
1.4716, 4.41481, 7.36319, 10.3064, 13.2548, 16.2031, 19.1774, 22.1309, 25.0793, 28.0277, 30.9502, 33.8934
-0.00343718, -0.00384508, -0.00294791, -0.00195766, -0.00177723, -0.00149635, -0.00205447, -0.00197461, -0.00277443, -0.00355304, -0.00247361, -0.00247656
0.00720831, 0.00708061, 0.00783776, 0.00828184, 0.00927769, 0.0106734, 0.0149204, 0.000771342, 0.000414403, 0.000422636, 0.000368554, 0.00039714
0, 0.589331, 1.17866, 1.76799, 2.35732, 2.94665, 3.53598, 4.12532, 4.71465, 5.30398, 5.89331, 6.48264, 7.07197, 7.6613, 8.25063, 8.83996, 9.42929, 10.0186, 10.608, 11.1973, 11.7866, 12.3759, 12.9653, 13.5546, 14.1439, 14.7333, 15.3226, 15.9119, 16.5013, 17.0906, 17.6799, 18.2693, 18.8586, 19.4479, 20.0372, 20.6266, 21.2159, 21.8052, 22.3946, 22.9839, 23.5732, 24.1626, 24.7519, 25.3412, 25.9306, 26.5199, 27.1092, 27.6985, 28.2879, 28.8772, 29.4665, 30.0559, 30.6452, 31.2345, 31.8239, 32.4132, 33.0025, 33.5919, 34.1812, 34.7705
0, 0, 0, 0, 0, 0, 0, 0, 0, 0, 0, 0, 0, 0, 0, 0, 0, 0, 0, 0, 0, 0, 0, 0, 0, 0, 0, 0, 0, 0, 0, 0, 0, 0, 0, 0, 0, 0, 0, 0, 0, 0, 0, 0, 0, 0, 0, 0, 0, 0, 0, 0, 0, 0, 0, 0, 0, 0, 0, 0
0, 0, 0, 0, 0, 0, 0, 0, 0, 0, 0, 0, 0, 0, 0, 0, 0, 0, 0, 0, 0, 0, 0, 0, 0, 0, 0, 0, 0, 0, 0, 0, 0, 0, 0, 0, 0, 0, 0, 0, 0, 0, 0, 0, 0, 0, 0, 0, 0, 0, 0, 0, 0, 0, 0, 0, 0, 0, 0, 0
-
-
 
MEASUREMENT 17
1.4716, 4.41481, 7.36319, 10.3064, 13.2548, 16.2031, 19.1774, 22.1309, 25.0793, 28.0277, 30.9502, 33.8934
-0.00353479, -0.00373104, -0.00263692, -0.00203209, -0.00215603, -0.00160776, -0.00208033, -0.00192845, -0.00266271, -0.00352899, -0.00229419, -0.00237497
0.00720831, 0.00708061, 0.00783776, 0.00828184, 0.00927769, 0.0106734, 0.0149204, 0.000771342, 0.000414403, 0.000422636, 0.000368554, 0.00039714
0, 0.589331, 1.17866, 1.76799, 2.35732, 2.94665, 3.53598, 4.12532, 4.71465, 5.30398, 5.89331, 6.48264, 7.07197, 7.6613, 8.25063, 8.83996, 9.42929, 10.0186, 10.608, 11.1973, 11.7866, 12.3759, 12.9653, 13.5546, 14.1439, 14.7333, 15.3226, 15.9119, 16.5013, 17.0906, 17.6799, 18.2693, 18.8586, 19.4479, 20.0372, 20.6266, 21.2159, 21.8052, 22.3946, 22.9839, 23.5732, 24.1626, 24.7519, 25.3412, 25.9306, 26.5199, 27.1092, 27.6985, 28.2879, 28.8772, 29.4665, 30.0559, 30.6452, 31.2345, 31.8239, 32.4132, 33.0025, 33.5919, 34.1812, 34.7705
0, 0, 0, 0, 0, 0, 0, 0, 0, 0, 0, 0, 0, 0, 0, 0, 0, 0, 0, 0, 0, 0, 0, 0, 0, 0, 0, 0, 0, 0, 0, 0, 0, 0, 0, 0, 0, 0, 0, 0, 0, 0, 0, 0, 0, 0, 0, 0, 0, 0, 0, 0, 0, 0, 0, 0, 0, 0, 0, 0
0, 0, 0, 0, 0, 0, 0, 0, 0, 0, 0, 0, 0, 0, 0, 0, 0, 0, 0, 0, 0, 0, 0, 0, 0, 0, 0, 0, 0, 0, 0, 0, 0, 0, 0, 0, 0, 0, 0, 0, 0, 0, 0, 0, 0, 0, 0, 0, 0, 0, 0, 0, 0, 0, 0, 0, 0, 0, 0, 0
-
-
 
MEASUREMENT 18
1.4716, 4.41481, 7.36319, 10.3064, 13.2548, 16.2031, 19.1774, 22.1309, 25.0793, 28.0277, 30.9502, 33.8934
-0.00363187, -0.0037265, -0.00294153, -0.00197206, -0.00193193, -0.00135159, -0.00185248, -0.00181395, -0.00297632, -0.00354625, -0.00228017, -0.00269205
0.00720831, 0.00708061, 0.00783776, 0.00828184, 0.00927769, 0.0106734, 0.0149204, 0.000771342, 0.000414403, 0.000422636, 0.000368554, 0.00039714
0, 0.589331, 1.17866, 1.76799, 2.35732, 2.94665, 3.53598, 4.12532, 4.71465, 5.30398, 5.89331, 6.48264, 7.07197, 7.6613, 8.25063, 8.83996, 9.42929, 10.0186, 10.608, 11.1973, 11.7866, 12.3759, 12.9653, 13.5546, 14.1439, 14.7333, 15.3226, 15.9119, 16.5013, 17.0906, 17.6799, 18.2693, 18.8586, 19.4479, 20.0372, 20.6266, 21.2159, 21.8052, 22.3946, 22.9839, 23.5732, 24.1626, 24.7519, 25.3412, 25.9306, 26.5199, 27.1092, 27.6985, 28.2879, 28.8772, 29.4665, 30.0559, 30.6452, 31.2345, 31.8239, 32.4132, 33.0025, 33.5919, 34.1812, 34.7705
0, 0, 0, 0, 0, 0, 0, 0, 0, 0, 0, 0, 0, 0, 0, 0, 0, 0, 0, 0, 0, 0, 0, 0, 0, 0, 0, 0, 0, 0, 0, 0, 0, 0, 0, 0, 0, 0, 0, 0, 0, 0, 0, 0, 0, 0, 0, 0, 0, 0, 0, 0, 0, 0, 0, 0, 0, 0, 0, 0
0, 0, 0, 0, 0, 0, 0, 0, 0, 0, 0, 0, 0, 0, 0, 0, 0, 0, 0, 0, 0, 0, 0, 0, 0, 0, 0, 0, 0, 0, 0, 0, 0, 0, 0, 0, 0, 0, 0, 0, 0, 0, 0, 0, 0, 0, 0, 0, 0, 0, 0, 0, 0, 0, 0, 0, 0, 0, 0, 0
-
-
 
MEASUREMENT 19
1.4716, 4.41481, 7.36319, 10.3064, 13.2548, 16.2031, 19.1774, 22.1309, 25.0793, 28.0277, 30.9502, 33.8934
-0.00335562, -0.00384696, -0.00280033, -0.00200741, -0.00180794, -0.00173919, -0.00229215, -0.00217996, -0.00286521, -0.00354262, -0.00212994, -0.00252724
0.00720831, 0.00708061, 0.00783776, 0.00828184, 0.00927769, 0.0106734, 0.0149204, 0.000771342, 0.000414403, 0.000422636, 0.000368554, 0.00039714
0, 0.589331, 1.17866, 1.76799, 2.35732, 2.94665, 3.53598, 4.12532, 4.71465, 5.30398, 5.89331, 6.48264, 7.07197, 7.6613, 8.25063, 8.83996, 9.42929, 10.0186, 10.608, 11.1973, 11.7866, 12.3759, 12.9653, 13.5546, 14.1439, 14.7333, 15.3226, 15.9119, 16.5013, 17.0906, 17.6799, 18.2693, 18.8586, 19.4479, 20.0372, 20.6266, 21.2159, 21.8052, 22.3946, 22.9839, 23.5732, 24.1626, 24.7519, 25.3412, 25.9306, 26.5199, 27.1092, 27.6985, 28.2879, 28.8772, 29.4665, 30.0559, 30.6452, 31.2345, 31.8239, 32.4132, 33.0025, 33.5919, 34.1812, 34.7705
0, 0, 0, 0, 0, 0, 0, 0, 0, 0, 0, 0, 0, 0, 0, 0, 0, 0, 0, 0, 0, 0, 0, 0, 0, 0, 0, 0, 0, 0, 0, 0, 0, 0, 0, 0, 0, 0, 0, 0, 0, 0, 0, 0, 0, 0, 0, 0, 0, 0, 0, 0, 0, 0, 0, 0, 0, 0, 0, 0
0, 0, 0, 0, 0, 0, 0, 0, 0, 0, 0, 0, 0, 0, 0, 0, 0, 0, 0, 0, 0, 0, 0, 0, 0, 0, 0, 0, 0, 0, 0, 0, 0, 0, 0, 0, 0, 0, 0, 0, 0, 0, 0, 0, 0, 0, 0, 0, 0, 0, 0, 0, 0, 0, 0, 0, 0, 0, 0, 0
-
-
 
MEASUREMENT 20
1.4716, 4.41481, 7.36319, 10.3064, 13.2548, 16.2031, 19.1774, 22.1309, 25.0793, 28.0277, 30.9502, 33.8934
-0.0036436, -0.00368194, -0.00273076, -0.00201033, -0.00191107, -0.00139582, -0.00185735, -0.00193804, -0.00258533, -0.00362476, -0.00240164, -0.0024558
0.00720831, 0.00708061, 0.00783776, 0.00828184, 0.00927769, 0.0106734, 0.0149204, 0.000771342, 0.000414403, 0.000422636, 0.000368554, 0.00039714
0, 0.589331, 1.17866, 1.76799, 2.35732, 2.94665, 3.53598, 4.12532, 4.71465, 5.30398, 5.89331, 6.48264, 7.07197, 7.6613, 8.25063, 8.83996, 9.42929, 10.0186, 10.608, 11.1973, 11.7866, 12.3759, 12.9653, 13.5546, 14.1439, 14.7333, 15.3226, 15.9119, 16.5013, 17.0906, 17.6799, 18.2693, 18.8586, 19.4479, 20.0372, 20.6266, 21.2159, 21.8052, 22.3946, 22.9839, 23.5732, 24.1626, 24.7519, 25.3412, 25.9306, 26.5199, 27.1092, 27.6985, 28.2879, 28.8772, 29.4665, 30.0559, 30.6452, 31.2345, 31.8239, 32.4132, 33.0025, 33.5919, 34.1812, 34.7705
0, 0, 0, 0, 0, 0, 0, 0, 0, 0, 0, 0, 0, 0, 0, 0, 0, 0, 0, 0, 0, 0, 0, 0, 0, 0, 0, 0, 0, 0, 0, 0, 0, 0, 0, 0, 0, 0, 0, 0, 0, 0, 0, 0, 0, 0, 0, 0, 0, 0, 0, 0, 0, 0, 0, 0, 0, 0, 0, 0
0, 0, 0, 0, 0, 0, 0, 0, 0, 0, 0, 0, 0, 0, 0, 0, 0, 0, 0, 0, 0, 0, 0, 0, 0, 0, 0, 0, 0, 0, 0, 0, 0, 0, 0, 0, 0, 0, 0, 0, 0, 0, 0, 0, 0, 0, 0, 0, 0, 0, 0, 0, 0, 0, 0, 0, 0, 0, 0, 0
-
-
 
MEASUREMENT 21
1.4716, 4.41481, 7.36319, 10.3064, 13.2548, 16.2031, 19.1774, 22.1309, 25.0793, 28.0277, 30.9502, 33.8934
-0.0033549, -0.00351272, -0.0026109, -0.00186914, -0.00198708, -0.00174187, -0.00222765, -0.00199515, -0.00302865, -0.00367797, -0.00211862, -0.00257451
0.00720831, 0.00708061, 0.00783776, 0.00828184, 0.00927769, 0.0106734, 0.0149204, 0.000771342, 0.000414403, 0.000422636, 0.000368554, 0.00039714
0, 0.589331, 1.17866, 1.76799, 2.35732, 2.94665, 3.53598, 4.12532, 4.71465, 5.30398, 5.89331, 6.48264, 7.07197, 7.6613, 8.25063, 8.83996, 9.42929, 10.0186, 10.608, 11.1973, 11.7866, 12.3759, 12.9653, 13.5546, 14.1439, 14.7333, 15.3226, 15.9119, 16.5013, 17.0906, 17.6799, 18.2693, 18.8586, 19.4479, 20.0372, 20.6266, 21.2159, 21.8052, 22.3946, 22.9839, 23.5732, 24.1626, 24.7519, 25.3412, 25.9306, 26.5199, 27.1092, 27.6985, 28.2879, 28.8772, 29.4665, 30.0559, 30.6452, 31.2345, 31.8239, 32.4132, 33.0025, 33.5919, 34.1812, 34.7705
0, 0, 0, 0, 0, 0, 0, 0, 0, 0, 0, 0, 0, 0, 0, 0, 0, 0, 0, 0, 0, 0, 0, 0, 0, 0, 0, 0, 0, 0, 0, 0, 0, 0, 0, 0, 0, 0, 0, 0, 0, 0, 0, 0, 0, 0, 0, 0, 0, 0, 0, 0, 0, 0, 0, 0, 0, 0, 0, 0
0, 0, 0, 0, 0, 0, 0, 0, 0, 0, 0, 0, 0, 0, 0, 0, 0, 0, 0, 0, 0, 0, 0, 0, 0, 0, 0, 0, 0, 0, 0, 0, 0, 0, 0, 0, 0, 0, 0, 0, 0, 0, 0, 0, 0, 0, 0, 0, 0, 0, 0, 0, 0, 0, 0, 0, 0, 0, 0, 0
-
-
 
MEASUREMENT 22
1.4716, 4.41481, 7.36319, 10.3064, 13.2548, 16.2031, 19.1774, 22.1309, 25.0793, 28.0277, 30.9502, 33.8934
-0.00368681, -0.00371371, -0.00278485, -0.00217872, -0.00194547, -0.00156669, -0.00189421, -0.00193984, -0.00252794, -0.00347669, -0.00242259, -0.00250118
0.00720831, 0.00708061, 0.00783776, 0.00828184, 0.00927769, 0.0106734, 0.0149204, 0.000771342, 0.000414403, 0.000422636, 0.000368554, 0.00039714
0, 0.589331, 1.17866, 1.76799, 2.35732, 2.94665, 3.53598, 4.12532, 4.71465, 5.30398, 5.89331, 6.48264, 7.07197, 7.6613, 8.25063, 8.83996, 9.42929, 10.0186, 10.608, 11.1973, 11.7866, 12.3759, 12.9653, 13.5546, 14.1439, 14.7333, 15.3226, 15.9119, 16.5013, 17.0906, 17.6799, 18.2693, 18.8586, 19.4479, 20.0372, 20.6266, 21.2159, 21.8052, 22.3946, 22.9839, 23.5732, 24.1626, 24.7519, 25.3412, 25.9306, 26.5199, 27.1092, 27.6985, 28.2879, 28.8772, 29.4665, 30.0559, 30.6452, 31.2345, 31.8239, 32.4132, 33.0025, 33.5919, 34.1812, 34.7705
0, 0, 0, 0, 0, 0, 0, 0, 0, 0, 0, 0, 0, 0, 0, 0, 0, 0, 0, 0, 0, 0, 0, 0, 0, 0, 0, 0, 0, 0, 0, 0, 0, 0, 0, 0, 0, 0, 0, 0, 0, 0, 0, 0, 0, 0, 0, 0, 0, 0, 0, 0, 0, 0, 0, 0, 0, 0, 0, 0
0, 0, 0, 0, 0, 0, 0, 0, 0, 0, 0, 0, 0, 0, 0, 0, 0, 0, 0, 0, 0, 0, 0, 0, 0, 0, 0, 0, 0, 0, 0, 0, 0, 0, 0, 0, 0, 0, 0, 0, 0, 0, 0, 0, 0, 0, 0, 0, 0, 0, 0, 0, 0, 0, 0, 0, 0, 0, 0, 0
-
-
 
MEASUREMENT 23
1.4716, 4.41481, 7.36319, 10.3064, 13.2548, 16.2031, 19.1774, 22.1309, 25.0793, 28.0277, 30.9502, 33.8934
-0.00357611, -0.00402188, -0.00282251, -0.00182237, -0.00198871, -0.00143392, -0.00224404, -0.00182552, -0.00303733, -0.00370684, -0.00219203, -0.00240054
0.00720831, 0.00708061, 0.00783776, 0.00828184, 0.00927769, 0.0106734, 0.0149204, 0.000771342, 0.000414403, 0.000422636, 0.000368554, 0.00039714
0, 0.589331, 1.17866, 1.76799, 2.35732, 2.94665, 3.53598, 4.12532, 4.71465, 5.30398, 5.89331, 6.48264, 7.07197, 7.6613, 8.25063, 8.83996, 9.42929, 10.0186, 10.608, 11.1973, 11.7866, 12.3759, 12.9653, 13.5546, 14.1439, 14.7333, 15.3226, 15.9119, 16.5013, 17.0906, 17.6799, 18.2693, 18.8586, 19.4479, 20.0372, 20.6266, 21.2159, 21.8052, 22.3946, 22.9839, 23.5732, 24.1626, 24.7519, 25.3412, 25.9306, 26.5199, 27.1092, 27.6985, 28.2879, 28.8772, 29.4665, 30.0559, 30.6452, 31.2345, 31.8239, 32.4132, 33.0025, 33.5919, 34.1812, 34.7705
0, 0, 0, 0, 0, 0, 0, 0, 0, 0, 0, 0, 0, 0, 0, 0, 0, 0, 0, 0, 0, 0, 0, 0, 0, 0, 0, 0, 0, 0, 0, 0, 0, 0, 0, 0, 0, 0, 0, 0, 0, 0, 0, 0, 0, 0, 0, 0, 0, 0, 0, 0, 0, 0, 0, 0, 0, 0, 0, 0
0, 0, 0, 0, 0, 0, 0, 0, 0, 0, 0, 0, 0, 0, 0, 0, 0, 0, 0, 0, 0, 0, 0, 0, 0, 0, 0, 0, 0, 0, 0, 0, 0, 0, 0, 0, 0, 0, 0, 0, 0, 0, 0, 0, 0, 0, 0, 0, 0, 0, 0, 0, 0, 0, 0, 0, 0, 0, 0, 0
-
-
 
MEASUREMENT 24
1.4716, 4.41481, 7.36319, 10.3064, 13.2548, 16.2031, 19.1774, 22.1309, 25.0793, 28.0277, 30.9502, 33.8934
-0.00344521, -0.00367735, -0.00291997, -0.00215027, -0.00207356, -0.00148621, -0.00185546, -0.00209726, -0.00269937, -0.00345213, -0.00240105, -0.00266828
0.00720831, 0.00708061, 0.00783776, 0.00828184, 0.00927769, 0.0106734, 0.0149204, 0.000771342, 0.000414403, 0.000422636, 0.000368554, 0.00039714
0, 0.589331, 1.17866, 1.76799, 2.35732, 2.94665, 3.53598, 4.12532, 4.71465, 5.30398, 5.89331, 6.48264, 7.07197, 7.6613, 8.25063, 8.83996, 9.42929, 10.0186, 10.608, 11.1973, 11.7866, 12.3759, 12.9653, 13.5546, 14.1439, 14.7333, 15.3226, 15.9119, 16.5013, 17.0906, 17.6799, 18.2693, 18.8586, 19.4479, 20.0372, 20.6266, 21.2159, 21.8052, 22.3946, 22.9839, 23.5732, 24.1626, 24.7519, 25.3412, 25.9306, 26.5199, 27.1092, 27.6985, 28.2879, 28.8772, 29.4665, 30.0559, 30.6452, 31.2345, 31.8239, 32.4132, 33.0025, 33.5919, 34.1812, 34.7705
0, 0, 0, 0, 0, 0, 0, 0, 0, 0, 0, 0, 0, 0, 0, 0, 0, 0, 0, 0, 0, 0, 0, 0, 0, 0, 0, 0, 0, 0, 0, 0, 0, 0, 0, 0, 0, 0, 0, 0, 0, 0, 0, 0, 0, 0, 0, 0, 0, 0, 0, 0, 0, 0, 0, 0, 0, 0, 0, 0
0, 0, 0, 0, 0, 0, 0, 0, 0, 0, 0, 0, 0, 0, 0, 0, 0, 0, 0, 0, 0, 0, 0, 0, 0, 0, 0, 0, 0, 0, 0, 0, 0, 0, 0, 0, 0, 0, 0, 0, 0, 0, 0, 0, 0, 0, 0, 0, 0, 0, 0, 0, 0, 0, 0, 0, 0, 0, 0, 0
-
-
 
MEASUREMENT 25
1.4716, 4.41481, 7.36319, 10.3064, 13.2548, 16.2031, 19.1774, 22.1309, 25.0793, 28.0277, 30.9502, 33.8934
-0.00353976, -0.00360942, -0.00279828, -0.00197398, -0.00199676, -0.00176228, -0.00227111, -0.00178431, -0.00288965, -0.00358105, -0.00216027, -0.00236311
0.00720831, 0.00708061, 0.00783776, 0.00828184, 0.00927769, 0.0106734, 0.0149204, 0.000771342, 0.000414403, 0.000422636, 0.000368554, 0.00039714
0, 0.589331, 1.17866, 1.76799, 2.35732, 2.94665, 3.53598, 4.12532, 4.71465, 5.30398, 5.89331, 6.48264, 7.07197, 7.6613, 8.25063, 8.83996, 9.42929, 10.0186, 10.608, 11.1973, 11.7866, 12.3759, 12.9653, 13.5546, 14.1439, 14.7333, 15.3226, 15.9119, 16.5013, 17.0906, 17.6799, 18.2693, 18.8586, 19.4479, 20.0372, 20.6266, 21.2159, 21.8052, 22.3946, 22.9839, 23.5732, 24.1626, 24.7519, 25.3412, 25.9306, 26.5199, 27.1092, 27.6985, 28.2879, 28.8772, 29.4665, 30.0559, 30.6452, 31.2345, 31.8239, 32.4132, 33.0025, 33.5919, 34.1812, 34.7705
0, 0, 0, 0, 0, 0, 0, 0, 0, 0, 0, 0, 0, 0, 0, 0, 0, 0, 0, 0, 0, 0, 0, 0, 0, 0, 0, 0, 0, 0, 0, 0, 0, 0, 0, 0, 0, 0, 0, 0, 0, 0, 0, 0, 0, 0, 0, 0, 0, 0, 0, 0, 0, 0, 0, 0, 0, 0, 0, 0
0, 0, 0, 0, 0, 0, 0, 0, 0, 0, 0, 0, 0, 0, 0, 0, 0, 0, 0, 0, 0, 0, 0, 0, 0, 0, 0, 0, 0, 0, 0, 0, 0, 0, 0, 0, 0, 0, 0, 0, 0, 0, 0, 0, 0, 0, 0, 0, 0, 0, 0, 0, 0, 0, 0, 0, 0, 0, 0, 0
-
-
 
MEASUREMENT 26
1.4716, 4.41481, 7.36319, 10.3064, 13.2548, 16.2031, 19.1774, 22.1309, 25.0793, 28.0277, 30.9502, 33.8934
-0.00351003, -0.00388573, -0.00277583, -0.0020005, -0.00194501, -0.00154502, -0.00205628, -0.00210519, -0.00277142, -0.00368724, -0.00241608, -0.00269798
0.00720831, 0.00708061, 0.00783776, 0.00828184, 0.00927769, 0.0106734, 0.0149204, 0.000771342, 0.000414403, 0.000422636, 0.000368554, 0.00039714
0, 0.589331, 1.17866, 1.76799, 2.35732, 2.94665, 3.53598, 4.12532, 4.71465, 5.30398, 5.89331, 6.48264, 7.07197, 7.6613, 8.25063, 8.83996, 9.42929, 10.0186, 10.608, 11.1973, 11.7866, 12.3759, 12.9653, 13.5546, 14.1439, 14.7333, 15.3226, 15.9119, 16.5013, 17.0906, 17.6799, 18.2693, 18.8586, 19.4479, 20.0372, 20.6266, 21.2159, 21.8052, 22.3946, 22.9839, 23.5732, 24.1626, 24.7519, 25.3412, 25.9306, 26.5199, 27.1092, 27.6985, 28.2879, 28.8772, 29.4665, 30.0559, 30.6452, 31.2345, 31.8239, 32.4132, 33.0025, 33.5919, 34.1812, 34.7705
0, 0, 0, 0, 0, 0, 0, 0, 0, 0, 0, 0, 0, 0, 0, 0, 0, 0, 0, 0, 0, 0, 0, 0, 0, 0, 0, 0, 0, 0, 0, 0, 0, 0, 0, 0, 0, 0, 0, 0, 0, 0, 0, 0, 0, 0, 0, 0, 0, 0, 0, 0, 0, 0, 0, 0, 0, 0, 0, 0
0, 0, 0, 0, 0, 0, 0, 0, 0, 0, 0, 0, 0, 0, 0, 0, 0, 0, 0, 0, 0, 0, 0, 0, 0, 0, 0, 0, 0, 0, 0, 0, 0, 0, 0, 0, 0, 0, 0, 0, 0, 0, 0, 0, 0, 0, 0, 0, 0, 0, 0, 0, 0, 0, 0, 0, 0, 0, 0, 0
-
-
 
MEASUREMENT 27
1.4716, 4.41481, 7.36319, 10.3064, 13.2548, 16.2031, 19.1774, 22.1309, 25.0793, 28.0277, 30.9502, 33.8934
-0.00335846, -0.00385536, -0.00282042, -0.00203493, -0.0019994, -0.00161484, -0.00207279, -0.00184039, -0.00265852, -0.00372048, -0.00226564, -0.00252374
0.00720831, 0.00708061, 0.00783776, 0.00828184, 0.00927769, 0.0106734, 0.0149204, 0.000771342, 0.000414403, 0.000422636, 0.000368554, 0.00039714
0, 0.589331, 1.17866, 1.76799, 2.35732, 2.94665, 3.53598, 4.12532, 4.71465, 5.30398, 5.89331, 6.48264, 7.07197, 7.6613, 8.25063, 8.83996, 9.42929, 10.0186, 10.608, 11.1973, 11.7866, 12.3759, 12.9653, 13.5546, 14.1439, 14.7333, 15.3226, 15.9119, 16.5013, 17.0906, 17.6799, 18.2693, 18.8586, 19.4479, 20.0372, 20.6266, 21.2159, 21.8052, 22.3946, 22.9839, 23.5732, 24.1626, 24.7519, 25.3412, 25.9306, 26.5199, 27.1092, 27.6985, 28.2879, 28.8772, 29.4665, 30.0559, 30.6452, 31.2345, 31.8239, 32.4132, 33.0025, 33.5919, 34.1812, 34.7705
0, 0, 0, 0, 0, 0, 0, 0, 0, 0, 0, 0, 0, 0, 0, 0, 0, 0, 0, 0, 0, 0, 0, 0, 0, 0, 0, 0, 0, 0, 0, 0, 0, 0, 0, 0, 0, 0, 0, 0, 0, 0, 0, 0, 0, 0, 0, 0, 0, 0, 0, 0, 0, 0, 0, 0, 0, 0, 0, 0
0, 0, 0, 0, 0, 0, 0, 0, 0, 0, 0, 0, 0, 0, 0, 0, 0, 0, 0, 0, 0, 0, 0, 0, 0, 0, 0, 0, 0, 0, 0, 0, 0, 0, 0, 0, 0, 0, 0, 0, 0, 0, 0, 0, 0, 0, 0, 0, 0, 0, 0, 0, 0, 0, 0, 0, 0, 0, 0, 0
-
-
 
MEASUREMENT 28
1.4716, 4.41481, 7.36319, 10.3064, 13.2548, 16.2031, 19.1774, 22.1309, 25.0793, 28.0277, 30.9502, 33.8934
-0.00350755, -0.00362912, -0.00274647, -0.00192064, -0.00190532, -0.0015354, -0.00203515, -0.00209929, -0.00294149, -0.00344263, -0.00223114, -0.00229293
0.00720831, 0.00708061, 0.00783776, 0.00828184, 0.00927769, 0.0106734, 0.0149204, 0.000771342, 0.000414403, 0.000422636, 0.000368554, 0.00039714
0, 0.589331, 1.17866, 1.76799, 2.35732, 2.94665, 3.53598, 4.12532, 4.71465, 5.30398, 5.89331, 6.48264, 7.07197, 7.6613, 8.25063, 8.83996, 9.42929, 10.0186, 10.608, 11.1973, 11.7866, 12.3759, 12.9653, 13.5546, 14.1439, 14.7333, 15.3226, 15.9119, 16.5013, 17.0906, 17.6799, 18.2693, 18.8586, 19.4479, 20.0372, 20.6266, 21.2159, 21.8052, 22.3946, 22.9839, 23.5732, 24.1626, 24.7519, 25.3412, 25.9306, 26.5199, 27.1092, 27.6985, 28.2879, 28.8772, 29.4665, 30.0559, 30.6452, 31.2345, 31.8239, 32.4132, 33.0025, 33.5919, 34.1812, 34.7705
0, 0, 0, 0, 0, 0, 0, 0, 0, 0, 0, 0, 0, 0, 0, 0, 0, 0, 0, 0, 0, 0, 0, 0, 0, 0, 0, 0, 0, 0, 0, 0, 0, 0, 0, 0, 0, 0, 0, 0, 0, 0, 0, 0, 0, 0, 0, 0, 0, 0, 0, 0, 0, 0, 0, 0, 0, 0, 0, 0
0, 0, 0, 0, 0, 0, 0, 0, 0, 0, 0, 0, 0, 0, 0, 0, 0, 0, 0, 0, 0, 0, 0, 0, 0, 0, 0, 0, 0, 0, 0, 0, 0, 0, 0, 0, 0, 0, 0, 0, 0, 0, 0, 0, 0, 0, 0, 0, 0, 0, 0, 0, 0, 0, 0, 0, 0, 0, 0, 0
-
-
 
MEASUREMENT 29
1.4716, 4.41481, 7.36319, 10.3064, 13.2548, 16.2031, 19.1774, 22.1309, 25.0793, 28.0277, 30.9502, 33.8934
-0.00378456, -0.00357814, -0.00285522, -0.00205598, -0.00202068, -0.00160634, -0.00209853, -0.00200569, -0.0026751, -0.00371529, -0.00214147, -0.00274296
0.00720831, 0.00708061, 0.00783776, 0.00828184, 0.00927769, 0.0106734, 0.0149204, 0.000771342, 0.000414403, 0.000422636, 0.000368554, 0.00039714
0, 0.589331, 1.17866, 1.76799, 2.35732, 2.94665, 3.53598, 4.12532, 4.71465, 5.30398, 5.89331, 6.48264, 7.07197, 7.6613, 8.25063, 8.83996, 9.42929, 10.0186, 10.608, 11.1973, 11.7866, 12.3759, 12.9653, 13.5546, 14.1439, 14.7333, 15.3226, 15.9119, 16.5013, 17.0906, 17.6799, 18.2693, 18.8586, 19.4479, 20.0372, 20.6266, 21.2159, 21.8052, 22.3946, 22.9839, 23.5732, 24.1626, 24.7519, 25.3412, 25.9306, 26.5199, 27.1092, 27.6985, 28.2879, 28.8772, 29.4665, 30.0559, 30.6452, 31.2345, 31.8239, 32.4132, 33.0025, 33.5919, 34.1812, 34.7705
0, 0, 0, 0, 0, 0, 0, 0, 0, 0, 0, 0, 0, 0, 0, 0, 0, 0, 0, 0, 0, 0, 0, 0, 0, 0, 0, 0, 0, 0, 0, 0, 0, 0, 0, 0, 0, 0, 0, 0, 0, 0, 0, 0, 0, 0, 0, 0, 0, 0, 0, 0, 0, 0, 0, 0, 0, 0, 0, 0
0, 0, 0, 0, 0, 0, 0, 0, 0, 0, 0, 0, 0, 0, 0, 0, 0, 0, 0, 0, 0, 0, 0, 0, 0, 0, 0, 0, 0, 0, 0, 0, 0, 0, 0, 0, 0, 0, 0, 0, 0, 0, 0, 0, 0, 0, 0, 0, 0, 0, 0, 0, 0, 0, 0, 0, 0, 0, 0, 0
-
-
 
MEASUREMENT 30
1.4716, 4.41481, 7.36319, 10.3064, 13.2548, 16.2031, 19.1774, 22.1309, 25.0793, 28.0277, 30.9502, 33.8934
-0.00348662, -0.00388394, -0.00276928, -0.001969, -0.00176282, -0.0013698, -0.00205839, -0.00194065, -0.00294564, -0.00347665, -0.00242415, -0.0023229
0.00720831, 0.00708061, 0.00783776, 0.00828184, 0.00927769, 0.0106734, 0.0149204, 0.000771342, 0.000414403, 0.000422636, 0.000368554, 0.00039714
0, 0.589331, 1.17866, 1.76799, 2.35732, 2.94665, 3.53598, 4.12532, 4.71465, 5.30398, 5.89331, 6.48264, 7.07197, 7.6613, 8.25063, 8.83996, 9.42929, 10.0186, 10.608, 11.1973, 11.7866, 12.3759, 12.9653, 13.5546, 14.1439, 14.7333, 15.3226, 15.9119, 16.5013, 17.0906, 17.6799, 18.2693, 18.8586, 19.4479, 20.0372, 20.6266, 21.2159, 21.8052, 22.3946, 22.9839, 23.5732, 24.1626, 24.7519, 25.3412, 25.9306, 26.5199, 27.1092, 27.6985, 28.2879, 28.8772, 29.4665, 30.0559, 30.6452, 31.2345, 31.8239, 32.4132, 33.0025, 33.5919, 34.1812, 34.7705
0, 0, 0, 0, 0, 0, 0, 0, 0, 0, 0, 0, 0, 0, 0, 0, 0, 0, 0, 0, 0, 0, 0, 0, 0, 0, 0, 0, 0, 0, 0, 0, 0, 0, 0, 0, 0, 0, 0, 0, 0, 0, 0, 0, 0, 0, 0, 0, 0, 0, 0, 0, 0, 0, 0, 0, 0, 0, 0, 0
0, 0, 0, 0, 0, 0, 0, 0, 0, 0, 0, 0, 0, 0, 0, 0, 0, 0, 0, 0, 0, 0, 0, 0, 0, 0, 0, 0, 0, 0, 0, 0, 0, 0, 0, 0, 0, 0, 0, 0, 0, 0, 0, 0, 0, 0, 0, 0, 0, 0, 0, 0, 0, 0, 0, 0, 0, 0, 0, 0
-
-
 
MEASUREMENT 31
1.4716, 4.41481, 7.36319, 10.3064, 13.2548, 16.2031, 19.1774, 22.1309, 25.0793, 28.0277, 30.9502, 33.8934
-0.00357232, -0.00358688, -0.00281466, -0.00186353, -0.00196089, -0.00175279, -0.00209564, -0.00181215, -0.00277923, -0.00365556, -0.00210823, -0.00254508
0.00720831, 0.00708061, 0.00783776, 0.00828184, 0.00927769, 0.0106734, 0.0149204, 0.000771342, 0.000414403, 0.000422636, 0.000368554, 0.00039714
0, 0.589331, 1.17866, 1.76799, 2.35732, 2.94665, 3.53598, 4.12532, 4.71465, 5.30398, 5.89331, 6.48264, 7.07197, 7.6613, 8.25063, 8.83996, 9.42929, 10.0186, 10.608, 11.1973, 11.7866, 12.3759, 12.9653, 13.5546, 14.1439, 14.7333, 15.3226, 15.9119, 16.5013, 17.0906, 17.6799, 18.2693, 18.8586, 19.4479, 20.0372, 20.6266, 21.2159, 21.8052, 22.3946, 22.9839, 23.5732, 24.1626, 24.7519, 25.3412, 25.9306, 26.5199, 27.1092, 27.6985, 28.2879, 28.8772, 29.4665, 30.0559, 30.6452, 31.2345, 31.8239, 32.4132, 33.0025, 33.5919, 34.1812, 34.7705
0, 0, 0, 0, 0, 0, 0, 0, 0, 0, 0, 0, 0, 0, 0, 0, 0, 0, 0, 0, 0, 0, 0, 0, 0, 0, 0, 0, 0, 0, 0, 0, 0, 0, 0, 0, 0, 0, 0, 0, 0, 0, 0, 0, 0, 0, 0, 0, 0, 0, 0, 0, 0, 0, 0, 0, 0, 0, 0, 0
0, 0, 0, 0, 0, 0, 0, 0, 0, 0, 0, 0, 0, 0, 0, 0, 0, 0, 0, 0, 0, 0, 0, 0, 0, 0, 0, 0, 0, 0, 0, 0, 0, 0, 0, 0, 0, 0, 0, 0, 0, 0, 0, 0, 0, 0, 0, 0, 0, 0, 0, 0, 0, 0, 0, 0, 0, 0, 0, 0
-
-
 
MEASUREMENT 32
1.4716, 4.41481, 7.36319, 10.3064, 13.2548, 16.2031, 19.1774, 22.1309, 25.0793, 28.0277, 30.9502, 33.8934
-0.00350683, -0.00392821, -0.00277177, -0.00213559, -0.0021003, -0.00140501, -0.00199644, -0.00216942, -0.00262928, -0.0036411, -0.00246727, -0.00267165
0.00720831, 0.00708061, 0.00783776, 0.00828184, 0.00927769, 0.0106734, 0.0149204, 0.000771342, 0.000414403, 0.000422636, 0.000368554, 0.00039714
0, 0.589331, 1.17866, 1.76799, 2.35732, 2.94665, 3.53598, 4.12532, 4.71465, 5.30398, 5.89331, 6.48264, 7.07197, 7.6613, 8.25063, 8.83996, 9.42929, 10.0186, 10.608, 11.1973, 11.7866, 12.3759, 12.9653, 13.5546, 14.1439, 14.7333, 15.3226, 15.9119, 16.5013, 17.0906, 17.6799, 18.2693, 18.8586, 19.4479, 20.0372, 20.6266, 21.2159, 21.8052, 22.3946, 22.9839, 23.5732, 24.1626, 24.7519, 25.3412, 25.9306, 26.5199, 27.1092, 27.6985, 28.2879, 28.8772, 29.4665, 30.0559, 30.6452, 31.2345, 31.8239, 32.4132, 33.0025, 33.5919, 34.1812, 34.7705
0, 0, 0, 0, 0, 0, 0, 0, 0, 0, 0, 0, 0, 0, 0, 0, 0, 0, 0, 0, 0, 0, 0, 0, 0, 0, 0, 0, 0, 0, 0, 0, 0, 0, 0, 0, 0, 0, 0, 0, 0, 0, 0, 0, 0, 0, 0, 0, 0, 0, 0, 0, 0, 0, 0, 0, 0, 0, 0, 0
0, 0, 0, 0, 0, 0, 0, 0, 0, 0, 0, 0, 0, 0, 0, 0, 0, 0, 0, 0, 0, 0, 0, 0, 0, 0, 0, 0, 0, 0, 0, 0, 0, 0, 0, 0, 0, 0, 0, 0, 0, 0, 0, 0, 0, 0, 0, 0, 0, 0, 0, 0, 0, 0, 0, 0, 0, 0, 0, 0
-
-
 
MEASUREMENT 33
1.4716, 4.41481, 7.36319, 10.3064, 13.2548, 16.2031, 19.1774, 22.1309, 25.0793, 28.0277, 30.9502, 33.8934
1.34005, 1.34169, 1.44196, 1.57714, 1.80078, 2.07154, 2.85335, 0.128301, -0.000894812, -0.00310909, -0.00167917, -0.00202262
0.00720831, 0.00708061, 0.00783776, 0.00828184, 0.00927769, 0.0106734, 0.0149204, 0.000771342, 0.000414403, 0.000422636, 0.000368554, 0.00039714
0, 0.589331, 1.17866, 1.76799, 2.35732, 2.94665, 3.53598, 4.12532, 4.71465, 5.30398, 5.89331, 6.48264, 7.07197, 7.6613, 8.25063, 8.83996, 9.42929, 10.0186, 10.608, 11.1973, 11.7866, 12.3759, 12.9653, 13.5546, 14.1439, 14.7333, 15.3226, 15.9119, 16.5013, 17.0906, 17.6799, 18.2693, 18.8586, 19.4479, 20.0372, 20.6266, 21.2159, 21.8052, 22.3946, 22.9839, 23.5732, 24.1626, 24.7519, 25.3412, 25.9306, 26.5199, 27.1092, 27.6985, 28.2879, 28.8772, 29.4665, 30.0559, 30.6452, 31.2345, 31.8239, 32.4132, 33.0025, 33.5919, 34.1812, 34.7705
1.27156, 1.2832, 1.29532, 1.30796, 1.32115, 1.33493, 1.34935, 1.36446, 1.38032, 1.39699, 1.41454, 1.43307, 1.45265, 1.4734, 1.49544, 1.51891, 1.54397, 1.57083, 1.59972, 1.6309, 1.66472, 1.70158, 1.74198, 1.78656, 1.83614, 1.89178, 1.95489, 2.02745, 2.11227, 2.21357, 2.33807, 2.49748, 2.71504, 3.04911, 3.58444, 2.08041, 0.0884073, 0.000104679, 1.10715e-09, 6.99805e-16, 8.1932e-24, 1.77675e-33, 7.13653e-45, 5.30916e-58, 7.31528e-73, 1.86677e-89, 8.82257e-108, 7.72195e-128, 1.25163e-149, 3.75683e-173, 2.08812e-198, 2.1491e-225, 4.09557e-254, 1.44514e-284, 9.44122e-317, 0, 0, 0, 0, 0
1.27156, 1.28562, 1.30031, 1.31569, 1.3318, 1.34871, 1.36647, 1.38518, 1.40491, 1.42575, 1.44782, 1.47124, 1.49615, 1.52271, 1.55112, 1.5816, 1.6144, 1.64986, 1.68833, 1.73027, 1.77625, 1.82696, 1.88326, 1.9463, 2.01752, 2.09891, 2.19316, 2.30414, 2.43758, 2.60244, 2.81385, 3.0999, 3.52187, 4.2608, 6.15343, 5.24196, 0.290313, 0.000409334, 7.17888e-09, 4.61364e-15, 5.49194e-23, 1.21083e-32, 4.94422e-44, 3.73891e-57, 5.23606e-72, 1.35786e-88, 6.52044e-107, 5.79757e-127, 9.54427e-149, 2.90901e-172, 1.64148e-197, 1.71471e-224, 3.31583e-253, 1.18692e-283, 7.86433e-316, 0, 0, 0, 0, 0
20.5902
45.68
 
MEASUREMENT 34
1.4716, 4.41481, 7.36319, 10.3064, 13.2548, 16.2031, 19.1774, 22.1309, 25.0793, 28.0277, 30.9502, 33.8934
2.44394, 2.44618, 2.62251, 2.86664, 3.27365, 3.77431, 5.18656, 0.235311, 0.000666701, -0.00214707, -0.00168791, -0.00199616
0.00720831, 0.00708061, 0.00783776, 0.00828184, 0.00927769, 0.0106734, 0.0149204, 0.000771342, 0.000414403, 0.000422636, 0.000368554, 0.00039714
0, 0.589331, 1.17866, 1.76799, 2.35732, 2.94665, 3.53598, 4.12532, 4.71465, 5.30398, 5.89331, 6.48264, 7.07197, 7.6613, 8.25063, 8.83996, 9.42929, 10.0186, 10.608, 11.1973, 11.7866, 12.3759, 12.9653, 13.5546, 14.1439, 14.7333, 15.3226, 15.9119, 16.5013, 17.0906, 17.6799, 18.2693, 18.8586, 19.4479, 20.0372, 20.6266, 21.2159, 21.8052, 22.3946, 22.9839, 23.5732, 24.1626, 24.7519, 25.3412, 25.9306, 26.5199, 27.1092, 27.6985, 28.2879, 28.8772, 29.4665, 30.0559, 30.6452, 31.2345, 31.8239, 32.4132, 33.0025, 33.5919, 34.1812, 34.7705
2.31571, 2.33688, 2.35893, 2.38191, 2.40589, 2.43095, 2.45718, 2.48466, 2.51349, 2.54381, 2.57573, 2.60941, 2.64501, 2.68273, 2.7228, 2.76547, 2.81104, 2.85986, 2.91236, 2.96904, 3.0305, 3.09748, 3.17089, 3.2519, 3.34197, 3.44304, 3.55768, 3.68946, 3.84347, 4.02735, 4.25331, 4.54255, 4.93712, 5.54262, 6.50815, 3.78682, 0.165211, 0.000207451, 2.38279e-09, 1.70301e-15, 2.32839e-23, 6.08966e-33, 3.04664e-44, 2.91562e-57, 5.33715e-72, 1.86873e-88, 1.2515e-106, 1.60306e-126, 3.92724e-148, 1.84006e-171, 1.64879e-196, 2.82537e-223, 9.25862e-252, 5.8018e-282, 6.95198e-314, 0, 0, 0, 0, 0
2.31571, 2.34131, 2.36807, 2.39607, 2.42541, 2.45619, 2.48855, 2.52262, 2.55854, 2.5965, 2.63669, 2.67933, 2.72469, 2.77306, 2.82479, 2.88029, 2.94003, 3.00458, 3.07464, 3.15102, 3.23474, 3.32707, 3.42959, 3.54436, 3.67405, 3.82223, 3.99385, 4.19591, 4.43885, 4.739, 5.12385, 5.64459, 6.4127, 7.75794, 11.1968, 9.55546, 0.543245, 0.000811868, 1.55187e-08, 1.12758e-14, 1.56726e-22, 4.1669e-32, 2.11907e-43, 2.06117e-56, 3.83442e-71, 1.36422e-87, 9.282e-106, 1.20769e-125, 3.00471e-147, 1.42943e-170, 1.30022e-195, 2.26124e-222, 7.5185e-251, 4.77917e-281, 5.80754e-313, 0, 0, 0, 0, 0
20.5913
45.68
 
MEASUREMENT 35
1.4716, 4.41481, 7.36319, 10.3064, 13.2548, 16.2031, 19.1774, 22.1309, 25.0793, 28.0277, 30.9502, 33.8934
2.43732, 2.43946, 2.61203, 2.8591, 3.26513, 3.76088, 5.17008, 0.234736, 0.000807883, -0.0025824, -0.00140118, -0.0019727
0.00720831, 0.00708061, 0.00783776, 0.00828184, 0.00927769, 0.0106734, 0.0149204, 0.000771342, 0.000414403, 0.000422636, 0.000368554, 0.00039714
0, 0.589331, 1.17866, 1.76799, 2.35732, 2.94665, 3.53598, 4.12532, 4.71465, 5.30398, 5.89331, 6.48264, 7.07197, 7.6613, 8.25063, 8.83996, 9.42929, 10.0186, 10.608, 11.1973, 11.7866, 12.3759, 12.9653, 13.5546, 14.1439, 14.7333, 15.3226, 15.9119, 16.5013, 17.0906, 17.6799, 18.2693, 18.8586, 19.4479, 20.0372, 20.6266, 21.2159, 21.8052, 22.3946, 22.9839, 23.5732, 24.1626, 24.7519, 25.3412, 25.9306, 26.5199, 27.1092, 27.6985, 28.2879, 28.8772, 29.4665, 30.0559, 30.6452, 31.2345, 31.8239, 32.4132, 33.0025, 33.5919, 34.1812, 34.7705
2.30909, 2.33019, 2.35215, 2.37505, 2.39895, 2.42392, 2.45005, 2.47743, 2.50617, 2.53637, 2.56818, 2.60173, 2.6372, 2.67478, 2.7147, 2.75721, 2.8026, 2.85124, 2.90354, 2.95999, 3.02121, 3.08792, 3.16104, 3.24172, 3.33141, 3.43205, 3.54619, 3.67738, 3.83068, 4.01369, 4.23852, 4.52621, 4.91845, 5.51969, 6.48527, 3.7911, 0.16261, 0.000193011, 2.02612e-09, 1.25926e-15, 1.43472e-23, 2.99648e-33, 1.14719e-44, 8.05075e-58, 1.03561e-72, 2.44179e-89, 1.05525e-107, 8.35852e-128, 1.21342e-149, 3.2284e-173, 1.57414e-198, 1.40658e-225, 2.3032e-254, 6.91086e-285, 3.7997e-317, 0, 0, 0, 0, 0
2.30909, 2.33461, 2.36129, 2.38921, 2.41846, 2.44915, 2.48142, 2.51538, 2.5512, 2.58904, 2.62911, 2.67162, 2.71684, 2.76506, 2.81664, 2.87196, 2.93152, 2.99588, 3.06571, 3.14185, 3.22531, 3.31735, 3.41955, 3.53395, 3.66321, 3.8109, 3.98194, 4.1833, 4.42538, 4.72443, 5.10781, 5.62638, 6.39085, 7.72749, 11.1497, 9.58391, 0.536693, 0.000759149, 1.32299e-08, 8.36085e-15, 9.6858e-23, 2.0568e-32, 8.00567e-44, 5.71126e-57, 7.46747e-72, 1.78937e-88, 7.85763e-107, 6.32302e-127, 9.3235e-149, 2.51903e-172, 1.247e-197, 1.131e-224, 1.87929e-253, 5.72069e-284, 3.19011e-316, 0, 0, 0, 0, 0
20.5932
45.68
 
MEASUREMENT 36
1.4716, 4.41481, 7.36319, 10.3064, 13.2548, 16.2031, 19.1774, 22.1309, 25.0793, 28.0277, 30.9502, 33.8934
2.41905, 2.4227, 2.59947, 2.83899, 3.24172, 3.73337, 5.13866, 0.233075, 0.000958187, -0.0023427, -0.00164965, -0.00181041
0.00720831, 0.00708061, 0.00783776, 0.00828184, 0.00927769, 0.0106734, 0.0149204, 0.000771342, 0.000414403, 0.000422636, 0.000368554, 0.00039714
0, 0.589331, 1.17866, 1.76799, 2.35732, 2.94665, 3.53598, 4.12532, 4.71465, 5.30398, 5.89331, 6.48264, 7.07197, 7.6613, 8.25063, 8.83996, 9.42929, 10.0186, 10.608, 11.1973, 11.7866, 12.3759, 12.9653, 13.5546, 14.1439, 14.7333, 15.3226, 15.9119, 16.5013, 17.0906, 17.6799, 18.2693, 18.8586, 19.4479, 20.0372, 20.6266, 21.2159, 21.8052, 22.3946, 22.9839, 23.5732, 24.1626, 24.7519, 25.3412, 25.9306, 26.5199, 27.1092, 27.6985, 28.2879, 28.8772, 29.4665, 30.0559, 30.6452, 31.2345, 31.8239, 32.4132, 33.0025, 33.5919, 34.1812, 34.7705
2.29403, 2.31497, 2.33677, 2.3595, 2.38322, 2.408, 2.43393, 2.4611, 2.48962, 2.51959, 2.55115, 2.58445, 2.61964, 2.65693, 2.69653, 2.73871, 2.78374, 2.83199, 2.88386, 2.93986, 3.00057, 3.06673, 3.13924, 3.21923, 3.30815, 3.4079, 3.52102, 3.651, 3.80285, 3.98406, 4.20657, 4.49108, 4.87848, 5.47058, 6.44237, 3.8156, 0.153874, 0.000150393, 1.16336e-09, 4.50878e-16, 2.77959e-24, 2.72566e-34, 4.25126e-46, 1.05466e-59, 4.16138e-75, 2.61147e-92, 2.60637e-111, 4.13693e-132, 1.04422e-154, 4.19148e-179, 2.67535e-205, 2.7153e-233, 4.38188e-263, 1.12432e-294, 0, 0, 0, 0, 0, 0
2.29403, 2.31938, 2.34587, 2.3736, 2.40265, 2.43314, 2.46518, 2.4989, 2.53447, 2.57206, 2.61184, 2.65406, 2.69897, 2.74685, 2.79806, 2.853, 2.91213, 2.97603, 3.04536, 3.12095, 3.2038, 3.29516, 3.39661, 3.51015, 3.63842, 3.78498, 3.95466, 4.1544, 4.39446, 4.69091, 5.07074, 5.58409, 6.33963, 7.65434, 11.0346, 9.68181, 0.512556, 0.000597127, 7.62821e-09, 3.00796e-15, 1.88663e-23, 1.88211e-33, 2.98622e-45, 7.53519e-59, 3.0237e-74, 1.92943e-91, 1.95769e-110, 3.15835e-131, 8.10122e-154, 3.30365e-178, 2.14175e-204, 2.20725e-232, 3.61595e-262, 9.41584e-294, 0, 0, 0, 0, 0, 0
20.5982
45.68
 
MEASUREMENT 37
1.4716, 4.41481, 7.36319, 10.3064, 13.2548, 16.2031, 19.1774, 22.1309, 25.0793, 28.0277, 30.9502, 33.8934
2.4408, 2.44311, 2.61609, 2.86392, 3.26965, 3.76589, 5.17746, 0.23499, 0.000573002, -0.00241877, -0.00157679, -0.00191393
0.00720831, 0.00708061, 0.00783776, 0.00828184, 0.00927769, 0.0106734, 0.0149204, 0.000771342, 0.000414403, 0.000422636, 0.000368554, 0.00039714
0, 0.589331, 1.17866, 1.76799, 2.35732, 2.94665, 3.53598, 4.12532, 4.71465, 5.30398, 5.89331, 6.48264, 7.07197, 7.6613, 8.25063, 8.83996, 9.42929, 10.0186, 10.608, 11.1973, 11.7866, 12.3759, 12.9653, 13.5546, 14.1439, 14.7333, 15.3226, 15.9119, 16.5013, 17.0906, 17.6799, 18.2693, 18.8586, 19.4479, 20.0372, 20.6266, 21.2159, 21.8052, 22.3946, 22.9839, 23.5732, 24.1626, 24.7519, 25.3412, 25.9306, 26.5199, 27.1092, 27.6985, 28.2879, 28.8772, 29.4665, 30.0559, 30.6452, 31.2345, 31.8239, 32.4132, 33.0025, 33.5919, 34.1812, 34.7705
2.31267, 2.3338, 2.35579, 2.37872, 2.40265, 2.42765, 2.45382, 2.48123, 2.51, 2.54024, 2.57208, 2.60568, 2.64119, 2.67882, 2.71879, 2.76134, 2.80679, 2.85549, 2.90784, 2.96436, 3.02565, 3.09243, 3.16563, 3.24639, 3.33618, 3.43691, 3.55116, 3.68247, 3.8359, 4.01905, 4.24403, 4.53189, 4.92426, 5.52541, 6.49379, 3.8026, 0.161693, 0.000186806, 1.87937e-09, 1.09389e-15, 1.14441e-23, 2.15195e-33, 7.27303e-45, 4.41793e-58, 4.82316e-73, 9.46332e-90, 3.33688e-108, 2.1145e-128, 2.40787e-150, 4.92718e-174, 1.81172e-199, 1.197e-226, 1.42099e-255, 3.03088e-286, 1.16146e-318, 0, 0, 0, 0, 0
2.31267, 2.33824, 2.36495, 2.39291, 2.42221, 2.45295, 2.48526, 2.51927, 2.55514, 2.59304, 2.63317, 2.67575, 2.72103, 2.76933, 2.82098, 2.87639, 2.93603, 3.00048, 3.07042, 3.14667, 3.23025, 3.32242, 3.42476, 3.53932, 3.66877, 3.81666, 3.98793, 4.18956, 4.43195, 4.73138, 5.11519, 5.63431, 6.3994, 7.7362, 11.1612, 9.62131, 0.534565, 0.000736419, 1.2285e-08, 7.27138e-15, 7.73566e-23, 1.4791e-32, 5.08269e-44, 3.13882e-57, 3.48333e-72, 6.94631e-89, 2.489e-107, 1.60245e-127, 1.85357e-149, 3.85195e-173, 1.43806e-198, 9.64449e-226, 1.16189e-254, 2.5143e-285, 9.7729e-318, 0, 0, 0, 0, 0
20.5939
45.68
 
MEASUREMENT 38
1.4716, 4.41481, 7.36319, 10.3064, 13.2548, 16.2031, 19.1774, 22.1309, 25.0793, 28.0277, 30.9502, 33.8934
2.46859, 2.47212, 2.64955, 2.8972, 3.30828, 3.80992, 5.24112, 0.23798, 0.0010813, -0.00230367, -0.00129373, -0.00142158
0.00720831, 0.00708061, 0.00783776, 0.00828184, 0.00927769, 0.0106734, 0.0149204, 0.000771342, 0.000414403, 0.000422636, 0.000368554, 0.00039714
0, 0.589331, 1.17866, 1.76799, 2.35732, 2.94665, 3.53598, 4.12532, 4.71465, 5.30398, 5.89331, 6.48264, 7.07197, 7.6613, 8.25063, 8.83996, 9.42929, 10.0186, 10.608, 11.1973, 11.7866, 12.3759, 12.9653, 13.5546, 14.1439, 14.7333, 15.3226, 15.9119, 16.5013, 17.0906, 17.6799, 18.2693, 18.8586, 19.4479, 20.0372, 20.6266, 21.2159, 21.8052, 22.3946, 22.9839, 23.5732, 24.1626, 24.7519, 25.3412, 25.9306, 26.5199, 27.1092, 27.6985, 28.2879, 28.8772, 29.4665, 30.0559, 30.6452, 31.2345, 31.8239, 32.4132, 33.0025, 33.5919, 34.1812, 34.7705
2.34023, 2.3616, 2.38386, 2.40706, 2.43126, 2.45656, 2.48303, 2.51077, 2.53987, 2.57047, 2.60268, 2.63667, 2.6726, 2.71067, 2.75109, 2.79415, 2.84012, 2.88938, 2.94235, 2.99952, 3.06151, 3.12906, 3.2031, 3.28479, 3.3756, 3.47748, 3.59303, 3.72582, 3.88096, 4.06614, 4.29358, 4.58451, 4.98091, 5.58765, 6.57276, 3.86765, 0.161192, 0.000174579, 1.58595e-09, 7.87946e-16, 6.7079e-24, 9.78482e-34, 2.4456e-45, 1.04731e-58, 7.68432e-74, 9.65982e-91, 2.08042e-109, 7.676e-130, 4.85186e-152, 5.25356e-176, 9.74442e-202, 3.09598e-229, 1.68487e-258, 1.5705e-289, 2.47033e-322, 0, 0, 0, 0, 0
2.34023, 2.3661, 2.39313, 2.42142, 2.45106, 2.48216, 2.51486, 2.54927, 2.58556, 2.62391, 2.66451, 2.70759, 2.75341, 2.80227, 2.85452, 2.91058, 2.97092, 3.03613, 3.10688, 3.18402, 3.26857, 3.36181, 3.46534, 3.58122, 3.71216, 3.86175, 4.03497, 4.23889, 4.48401, 4.78676, 5.17477, 5.6994, 6.47216, 7.82007, 11.2787, 9.79387, 0.534316, 0.000688389, 1.03758e-08, 5.24317e-15, 4.53985e-23, 6.73506e-33, 1.71188e-44, 7.4544e-58, 5.56082e-73, 7.10603e-90, 1.55545e-108, 5.83181e-129, 3.74495e-151, 4.11871e-175, 7.75764e-201, 2.50224e-228, 1.38209e-257, 1.30719e-288, 2.06025e-321, 0, 0, 0, 0, 0
20.5957
45.68
 
MEASUREMENT 39
1.4716, 4.41481, 7.36319, 10.3064, 13.2548, 16.2031, 19.1774, 22.1309, 25.0793, 28.0277, 30.9502, 33.8934
2.4459, 2.449, 2.62486, 2.86996, 3.27727, 3.77478, 5.19169, 0.23563, 0.000880547, -0.0025374, -0.00151251, -0.00195554
0.00720831, 0.00708061, 0.00783776, 0.00828184, 0.00927769, 0.0106734, 0.0149204, 0.000771342, 0.000414403, 0.000422636, 0.000368554, 0.00039714
0, 0.589331, 1.17866, 1.76799, 2.35732, 2.94665, 3.53598, 4.12532, 4.71465, 5.30398, 5.89331, 6.48264, 7.07197, 7.6613, 8.25063, 8.83996, 9.42929, 10.0186, 10.608, 11.1973, 11.7866, 12.3759, 12.9653, 13.5546, 14.1439, 14.7333, 15.3226, 15.9119, 16.5013, 17.0906, 17.6799, 18.2693, 18.8586, 19.4479, 20.0372, 20.6266, 21.2159, 21.8052, 22.3946, 22.9839, 23.5732, 24.1626, 24.7519, 25.3412, 25.9306, 26.5199, 27.1092, 27.6985, 28.2879, 28.8772, 29.4665, 30.0559, 30.6452, 31.2345, 31.8239, 32.4132, 33.0025, 33.5919, 34.1812, 34.7705
2.31842, 2.33959, 2.36164, 2.38462, 2.4086, 2.43367, 2.45989, 2.48737, 2.5162, 2.54651, 2.57843, 2.6121, 2.6477, 2.68541, 2.72546, 2.76812, 2.81367, 2.86247, 2.91494, 2.97159, 3.033, 3.09993, 3.17329, 3.25422, 3.3442, 3.44514, 3.55962, 3.69118, 3.84491, 4.02839, 4.25376, 4.54206, 4.9349, 5.53635, 6.51104, 3.82625, 0.160136, 0.000175937, 1.63536e-09, 8.42082e-16, 7.51168e-24, 1.16078e-33, 3.10734e-45, 1.44091e-58, 1.15741e-73, 1.61036e-90, 3.88093e-109, 1.61997e-129, 1.17118e-151, 1.46646e-175, 3.18003e-201, 1.19423e-228, 7.76657e-258, 8.74648e-289, 1.69959e-321, 0, 0, 0, 0, 0
2.31842, 2.34404, 2.37082, 2.39885, 2.42821, 2.45903, 2.49142, 2.52551, 2.56147, 2.59946, 2.63968, 2.68236, 2.72775, 2.77616, 2.82793, 2.88347, 2.94325, 3.00785, 3.07795, 3.15438, 3.23815, 3.33052, 3.4331, 3.54791, 3.67764, 3.82586, 3.99748, 4.19953, 4.44241, 4.7424, 5.12689, 5.6468, 6.41272, 7.74926, 11.1777, 9.68805, 0.530532, 0.000693182, 1.06976e-08, 5.60243e-15, 5.08272e-23, 7.98776e-33, 2.17441e-44, 1.02524e-57, 8.37237e-73, 1.18411e-89, 2.90025e-108, 1.23014e-128, 9.03492e-151, 1.14902e-174, 2.53011e-200, 9.64585e-228, 6.36664e-257, 7.27495e-288, 1.45206e-320, 0, 0, 0, 0, 0
20.5952
45.68
 
MEASUREMENT 40
1.4716, 4.41481, 7.36319, 10.3064, 13.2548, 16.2031, 19.1774, 22.1309, 25.0793, 28.0277, 30.9502, 33.8934
2.418, 2.42121, 2.59557, 2.83715, 3.23979, 3.73118, 5.13289, 0.232737, 0.000563357, -0.00248649, -0.00159102, -0.00176072
0.00720831, 0.00708061, 0.00783776, 0.00828184, 0.00927769, 0.0106734, 0.0149204, 0.000771342, 0.000414403, 0.000422636, 0.000368554, 0.00039714
0, 0.589331, 1.17866, 1.76799, 2.35732, 2.94665, 3.53598, 4.12532, 4.71465, 5.30398, 5.89331, 6.48264, 7.07197, 7.6613, 8.25063, 8.83996, 9.42929, 10.0186, 10.608, 11.1973, 11.7866, 12.3759, 12.9653, 13.5546, 14.1439, 14.7333, 15.3226, 15.9119, 16.5013, 17.0906, 17.6799, 18.2693, 18.8586, 19.4479, 20.0372, 20.6266, 21.2159, 21.8052, 22.3946, 22.9839, 23.5732, 24.1626, 24.7519, 25.3412, 25.9306, 26.5199, 27.1092, 27.6985, 28.2879, 28.8772, 29.4665, 30.0559, 30.6452, 31.2345, 31.8239, 32.4132, 33.0025, 33.5919, 34.1812, 34.7705
2.29223, 2.31315, 2.33494, 2.35766, 2.38136, 2.40613, 2.43205, 2.45921, 2.4877, 2.51766, 2.5492, 2.58248, 2.61766, 2.65493, 2.69451, 2.73666, 2.78168, 2.8299, 2.88176, 2.93773, 2.99842, 3.06455, 3.13703, 3.21699, 3.30589, 3.40562, 3.51871, 3.64868, 3.80052, 3.98175, 4.2043, 4.48894, 4.87667, 5.46982, 6.4363, 3.79374, 0.156113, 0.000162861, 1.39621e-09, 6.34666e-16, 4.81527e-24, 6.09775e-34, 1.28879e-45, 4.54619e-59, 2.67641e-74, 2.62958e-91, 4.31156e-110, 1.17973e-130, 5.38656e-153, 4.10402e-177, 5.21747e-203, 1.10674e-230, 3.91693e-260, 2.31286e-291, 0, 0, 0, 0, 0, 0
2.29223, 2.31756, 2.34403, 2.37174, 2.40077, 2.43124, 2.46326, 2.49696, 2.53251, 2.57007, 2.60983, 2.65202, 2.6969, 2.74476, 2.79593, 2.85084, 2.90994, 2.9738, 3.04309, 3.11864, 3.20145, 3.29277, 3.39416, 3.50765, 3.63588, 3.78238, 3.95201, 4.1517, 4.39173, 4.68817, 5.06806, 5.58165, 6.33796, 7.65614, 11.0413, 9.61812, 0.518625, 0.000644077, 9.14669e-09, 4.22935e-15, 3.26403e-23, 4.20422e-33, 9.0374e-45, 3.24195e-58, 1.94066e-73, 1.93844e-90, 3.23064e-109, 8.98332e-130, 4.16749e-152, 3.22537e-176, 4.16417e-202, 8.96812e-230, 3.22164e-259, 1.93035e-290, 0, 0, 0, 0, 0, 0
20.5964
45.68
 
MEASUREMENT 41
1.4716, 4.41481, 7.36319, 10.3064, 13.2548, 16.2031, 19.1774, 22.1309, 25.0793, 28.0277, 30.9502, 33.8934
2.43864, 2.44204, 2.62003, 2.86268, 3.26775, 3.76087, 5.17984, 0.234885, 0.000669276, -0.00238558, -0.0013578, -0.00157772
0.00720831, 0.00708061, 0.00783776, 0.00828184, 0.00927769, 0.0106734, 0.0149204, 0.000771342, 0.000414403, 0.000422636, 0.000368554, 0.00039714
0, 0.589331, 1.17866, 1.76799, 2.35732, 2.94665, 3.53598, 4.12532, 4.71465, 5.30398, 5.89331, 6.48264, 7.07197, 7.6613, 8.25063, 8.83996, 9.42929, 10.0186, 10.608, 11.1973, 11.7866, 12.3759, 12.9653, 13.5546, 14.1439, 14.7333, 15.3226, 15.9119, 16.5013, 17.0906, 17.6799, 18.2693, 18.8586, 19.4479, 20.0372, 20.6266, 21.2159, 21.8052, 22.3946, 22.9839, 23.5732, 24.1626, 24.7519, 25.3412, 25.9306, 26.5199, 27.1092, 27.6985, 28.2879, 28.8772, 29.4665, 30.0559, 30.6452, 31.2345, 31.8239, 32.4132, 33.0025, 33.5919, 34.1812, 34.7705
2.31285, 2.33394, 2.3559, 2.37879, 2.40268, 2.42765, 2.45377, 2.48113, 2.50985, 2.54004, 2.57182, 2.60535, 2.6408, 2.67835, 2.71822, 2.76069, 2.80603, 2.85461, 2.90684, 2.96321, 3.02432, 3.09092, 3.1639, 3.2444, 3.33388, 3.43425, 3.54805, 3.6788, 3.83151, 4.0137, 4.23732, 4.52312, 4.91192, 5.50503, 6.48993, 3.87591, 0.150545, 0.000130365, 8.33507e-10, 2.40506e-16, 1.00983e-24, 6.1698e-35, 5.48503e-47, 7.09514e-61, 1.33538e-76, 3.65674e-94, 1.45685e-113, 8.44398e-135, 7.11996e-158, 8.73348e-183, 1.55832e-209, 4.04454e-238, 1.52688e-268, 8.38387e-301, 0, 0, 0, 0, 0, 0
2.31285, 2.3384, 2.36511, 2.39306, 2.42234, 2.45307, 2.48537, 2.51936, 2.55522, 2.5931, 2.6332, 2.67576, 2.72102, 2.76928, 2.82089, 2.87626, 2.93586, 3.00025, 3.07013, 3.1463, 3.22979, 3.32185, 3.42407, 3.53847, 3.66771, 3.81535, 3.98628, 4.18746, 4.42921, 4.72768, 5.10999, 5.6264, 6.3857, 7.70319, 11.0962, 9.86419, 0.504762, 0.000522381, 5.48617e-09, 1.61122e-15, 6.8855e-24, 4.2814e-34, 3.8733e-46, 5.09797e-60, 9.76128e-76, 2.71885e-93, 1.10156e-112, 6.4915e-134, 5.56387e-157, 6.93549e-182, 1.25725e-208, 3.31427e-237, 1.27043e-267, 7.08096e-300, 0, 0, 0, 0, 0, 0
20.6013
45.68
 
MEASUREMENT 42
1.4716, 4.41481, 7.36319, 10.3064, 13.2548, 16.2031, 19.1774, 22.1309, 25.0793, 28.0277, 30.9502, 33.8934
2.4491, 2.4522, 2.62918, 2.87387, 3.28188, 3.7826, 5.19629, 0.236038, 0.00114493, -0.00261187, -0.00171579, -0.00203502
0.00720831, 0.00708061, 0.00783776, 0.00828184, 0.00927769, 0.0106734, 0.0149204, 0.000771342, 0.000414403, 0.000422636, 0.000368554, 0.00039714
0, 0.589331, 1.17866, 1.76799, 2.35732, 2.94665, 3.53598, 4.12532, 4.71465, 5.30398, 5.89331, 6.48264, 7.07197, 7.6613, 8.25063, 8.83996, 9.42929, 10.0186, 10.608, 11.1973, 11.7866, 12.3759, 12.9653, 13.5546, 14.1439, 14.7333, 15.3226, 15.9119, 16.5013, 17.0906, 17.6799, 18.2693, 18.8586, 19.4479, 20.0372, 20.6266, 21.2159, 21.8052, 22.3946, 22.9839, 23.5732, 24.1626, 24.7519, 25.3412, 25.9306, 26.5199, 27.1092, 27.6985, 28.2879, 28.8772, 29.4665, 30.0559, 30.6452, 31.2345, 31.8239, 32.4132, 33.0025, 33.5919, 34.1812, 34.7705
2.32134, 2.34256, 2.36466, 2.38769, 2.41173, 2.43684, 2.46313, 2.49067, 2.51957, 2.54995, 2.58194, 2.6157, 2.65138, 2.68919, 2.72934, 2.7721, 2.81777, 2.8667, 2.91932, 2.97612, 3.03771, 3.10484, 3.17842, 3.2596, 3.34987, 3.45116, 3.56605, 3.69811, 3.85245, 4.03674, 4.2632, 4.55309, 4.94859, 5.5557, 6.51935, 3.78676, 0.167334, 0.000218005, 2.64991e-09, 2.06624e-15, 3.16167e-23, 9.49363e-33, 5.59395e-44, 6.46794e-57, 1.46745e-71, 6.53284e-88, 5.70648e-106, 9.78023e-126, 3.28875e-147, 2.16971e-170, 2.80831e-195, 7.13096e-222, 3.55217e-250, 3.47112e-280, 6.65362e-312, 0, 0, 0, 0, 0
2.32134, 2.34701, 2.37383, 2.4019, 2.43131, 2.46217, 2.49461, 2.52876, 2.56478, 2.60283, 2.64312, 2.68587, 2.73134, 2.77983, 2.83169, 2.88732, 2.94721, 3.01193, 3.08216, 3.15873, 3.24267, 3.33523, 3.43802, 3.55308, 3.6831, 3.83167, 4.00373, 4.20633, 4.44992, 4.75089, 5.13683, 5.6591, 6.42967, 7.78028, 11.2289, 9.55525, 0.549794, 0.00085198, 1.72675e-08, 1.36866e-14, 2.12883e-22, 6.4975e-32, 3.89127e-43, 4.57253e-56, 1.05419e-70, 4.7683e-87, 4.23121e-105, 7.36553e-125, 2.51513e-146, 1.68467e-169, 2.21333e-194, 5.70345e-221, 2.8825e-249, 2.85708e-279, 5.55366e-311, 0, 0, 0, 0, 0
20.5907
45.68
 
MEASUREMENT 43
1.4716, 4.41481, 7.36319, 10.3064, 13.2548, 16.2031, 19.1774, 22.1309, 25.0793, 28.0277, 30.9502, 33.8934
2.42539, 2.42882, 2.60306, 2.84595, 3.24978, 3.74009, 5.15147, 0.233694, 0.000717413, -0.00234619, -0.00117176, -0.00178903
0.00720831, 0.00708061, 0.00783776, 0.00828184, 0.00927769, 0.0106734, 0.0149204, 0.000771342, 0.000414403, 0.000422636, 0.000368554, 0.00039714
0, 0.589331, 1.17866, 1.76799, 2.35732, 2.94665, 3.53598, 4.12532, 4.71465, 5.30398, 5.89331, 6.48264, 7.07197, 7.6613, 8.25063, 8.83996, 9.42929, 10.0186, 10.608, 11.1973, 11.7866, 12.3759, 12.9653, 13.5546, 14.1439, 14.7333, 15.3226, 15.9119, 16.5013, 17.0906, 17.6799, 18.2693, 18.8586, 19.4479, 20.0372, 20.6266, 21.2159, 21.8052, 22.3946, 22.9839, 23.5732, 24.1626, 24.7519, 25.3412, 25.9306, 26.5199, 27.1092, 27.6985, 28.2879, 28.8772, 29.4665, 30.0559, 30.6452, 31.2345, 31.8239, 32.4132, 33.0025, 33.5919, 34.1812, 34.7705
2.29952, 2.3205, 2.34234, 2.3651, 2.38886, 2.41369, 2.43967, 2.46688, 2.49545, 2.52547, 2.55708, 2.59043, 2.62568, 2.66303, 2.70269, 2.74492, 2.79002, 2.83834, 2.89029, 2.94636, 3.00715, 3.07339, 3.14598, 3.22606, 3.31507, 3.41491, 3.52813, 3.6582, 3.81013, 3.99139, 4.2139, 4.49829, 4.88524, 5.47568, 6.45525, 3.85266, 0.150278, 0.000131853, 8.6051e-10, 2.56259e-16, 1.12104e-24, 7.20387e-35, 6.79998e-47, 9.42829e-61, 1.92012e-76, 5.74353e-94, 2.5233e-113, 1.62811e-134, 1.54278e-157, 2.1469e-182, 4.38723e-209, 1.3165e-237, 5.80079e-268, 3.75289e-300, 0, 0, 0, 0, 0, 0
2.29952, 2.32493, 2.35148, 2.37927, 2.40838, 2.43894, 2.47105, 2.50485, 2.5405, 2.57816, 2.61803, 2.66034, 2.70534, 2.75333, 2.80465, 2.8597, 2.91895, 2.98298, 3.05245, 3.12819, 3.21121, 3.30274, 3.40437, 3.51812, 3.64663, 3.79343, 3.96339, 4.16343, 4.40381, 4.7006, 5.08076, 5.59431, 6.34947, 7.66015, 11.0351, 9.79717, 0.503236, 0.000527508, 5.65765e-09, 1.71479e-15, 7.63466e-24, 4.99283e-34, 4.79578e-46, 6.7655e-60, 1.40167e-75, 4.2645e-93, 1.90522e-112, 1.24982e-133, 1.20381e-156, 1.70233e-181, 3.53414e-208, 1.0771e-236, 4.81879e-267, 3.16452e-299, 0, 0, 0, 0, 0, 0
20.601
45.68
 
MEASUREMENT 44
1.4716, 4.41481, 7.36319, 10.3064, 13.2548, 16.2031, 19.1774, 22.1309, 25.0793, 28.0277, 30.9502, 33.8934
2.40707, 2.40968, 2.5834, 2.82406, 3.22475, 3.71677, 5.10889, 0.231944, 0.0005205, -0.00243911, -0.0016942, -0.00209847
0.00720831, 0.00708061, 0.00783776, 0.00828184, 0.00927769, 0.0106734, 0.0149204, 0.000771342, 0.000414403, 0.000422636, 0.000368554, 0.00039714
0, 0.589331, 1.17866, 1.76799, 2.35732, 2.94665, 3.53598, 4.12532, 4.71465, 5.30398, 5.89331, 6.48264, 7.07197, 7.6613, 8.25063, 8.83996, 9.42929, 10.0186, 10.608, 11.1973, 11.7866, 12.3759, 12.9653, 13.5546, 14.1439, 14.7333, 15.3226, 15.9119, 16.5013, 17.0906, 17.6799, 18.2693, 18.8586, 19.4479, 20.0372, 20.6266, 21.2159, 21.8052, 22.3946, 22.9839, 23.5732, 24.1626, 24.7519, 25.3412, 25.9306, 26.5199, 27.1092, 27.6985, 28.2879, 28.8772, 29.4665, 30.0559, 30.6452, 31.2345, 31.8239, 32.4132, 33.0025, 33.5919, 34.1812, 34.7705
2.28121, 2.30206, 2.32377, 2.3464, 2.37001, 2.39469, 2.42052, 2.44758, 2.47597, 2.50582, 2.53725, 2.57042, 2.60547, 2.64262, 2.68207, 2.72408, 2.76895, 2.81702, 2.86871, 2.92451, 2.98502, 3.05096, 3.12324, 3.20298, 3.29165, 3.39113, 3.50397, 3.63367, 3.78524, 3.96619, 4.18852, 4.47305, 4.86105, 5.45604, 6.4095, 3.74137, 0.161412, 0.00019526, 2.11282e-09, 1.37626e-15, 1.66704e-23, 3.7548e-33, 1.5726e-44, 1.2247e-57, 1.7734e-72, 4.77467e-89, 2.39014e-107, 2.22451e-127, 3.84912e-149, 1.2382e-172, 7.4047e-198, 8.23183e-225, 1.70114e-253, 6.53472e-284, 4.66592e-316, 0, 0, 0, 0, 0
2.28121, 2.30643, 2.33278, 2.36036, 2.38926, 2.41959, 2.45146, 2.48501, 2.5204, 2.55779, 2.59737, 2.63938, 2.68406, 2.7317, 2.78265, 2.83731, 2.89616, 2.95974, 3.02874, 3.10397, 3.18642, 3.27736, 3.37833, 3.49137, 3.61908, 3.76502, 3.93401, 4.13299, 4.3722, 4.66771, 5.04658, 5.55911, 6.31482, 7.63686, 11.02, 9.45002, 0.531921, 0.000766471, 1.37791e-08, 9.12588e-15, 1.12389e-22, 2.57367e-32, 1.09582e-43, 8.67477e-57, 1.27671e-71, 3.49317e-88, 1.77672e-106, 1.67984e-126, 2.95221e-148, 9.64349e-172, 5.85477e-197, 6.60622e-224, 1.38531e-252, 5.39843e-283, 3.90933e-315, 0, 0, 0, 0, 0
20.5926
45.68
 
MEASUREMENT 45
1.4716, 4.41481, 7.36319, 10.3064, 13.2548, 16.2031, 19.1774, 22.1309, 25.0793, 28.0277, 30.9502, 33.8934
2.38941, 2.39305, 2.56205, 2.80389, 3.20186, 3.68787, 5.06912, 0.229969, 0.000749927, -0.00272137, -0.00161915, -0.00179756
0.00720831, 0.00708061, 0.00783776, 0.00828184, 0.00927769, 0.0106734, 0.0149204, 0.000771342, 0.000414403, 0.000422636, 0.000368554, 0.00039714
0, 0.589331, 1.17866, 1.76799, 2.35732, 2.94665, 3.53598, 4.12532, 4.71465, 5.30398, 5.89331, 6.48264, 7.07197, 7.6613, 8.25063, 8.83996, 9.42929, 10.0186, 10.608, 11.1973, 11.7866, 12.3759, 12.9653, 13.5546, 14.1439, 14.7333, 15.3226, 15.9119, 16.5013, 17.0906, 17.6799, 18.2693, 18.8586, 19.4479, 20.0372, 20.6266, 21.2159, 21.8052, 22.3946, 22.9839, 23.5732, 24.1626, 24.7519, 25.3412, 25.9306, 26.5199, 27.1092, 27.6985, 28.2879, 28.8772, 29.4665, 30.0559, 30.6452, 31.2345, 31.8239, 32.4132, 33.0025, 33.5919, 34.1812, 34.7705
2.26459, 2.28528, 2.30682, 2.32927, 2.3527, 2.37719, 2.40281, 2.42966, 2.45783, 2.48745, 2.51863, 2.55153, 2.58631, 2.62316, 2.6623, 2.70398, 2.74849, 2.79618, 2.84745, 2.9028, 2.96282, 3.02823, 3.09992, 3.17901, 3.26695, 3.36561, 3.47752, 3.60613, 3.75641, 3.93582, 4.15622, 4.43823, 4.8227, 5.41197, 6.35831, 3.71587, 0.159121, 0.000188179, 1.96495e-09, 1.21185e-15, 1.36725e-23, 2.82186e-33, 1.06538e-44, 7.35779e-58, 9.29501e-73, 2.14783e-89, 9.07794e-108, 7.01772e-128, 9.92231e-150, 2.5658e-173, 1.21342e-198, 1.04945e-225, 1.65981e-254, 4.80052e-285, 2.53882e-317, 0, 0, 0, 0, 0
2.26459, 2.28962, 2.31579, 2.34316, 2.37185, 2.40196, 2.4336, 2.46691, 2.50203, 2.53915, 2.57844, 2.62014, 2.66449, 2.71178, 2.76236, 2.81662, 2.87503, 2.93815, 3.00664, 3.08131, 3.16316, 3.25342, 3.35365, 3.46585, 3.59262, 3.73747, 3.90521, 4.1027, 4.34011, 4.6334, 5.00939, 5.51798, 6.26773, 7.57859, 10.9352, 9.3992, 0.525551, 0.000740747, 1.28402e-08, 8.05223e-15, 9.23746e-23, 1.93847e-32, 7.44067e-44, 5.22388e-57, 6.7078e-72, 1.57525e-88, 6.76525e-107, 5.31322e-127, 7.63046e-149, 2.00375e-172, 9.62082e-198, 8.44577e-225, 1.35552e-253, 3.97731e-284, 2.13341e-316, 0, 0, 0, 0, 0
20.5932
45.68
 
MEASUREMENT 46
1.4716, 4.41481, 7.36319, 10.3064, 13.2548, 16.2031, 19.1774, 22.1309, 25.0793, 28.0277, 30.9502, 33.8934
2.41288, 2.41583, 2.59163, 2.83049, 3.23211, 3.72219, 5.12031, 0.232482, 0.00109335, -0.00230005, -0.00155213, -0.0021314
0.00720831, 0.00708061, 0.00783776, 0.00828184, 0.00927769, 0.0106734, 0.0149204, 0.000771342, 0.000414403, 0.000422636, 0.000368554, 0.00039714
0, 0.589331, 1.17866, 1.76799, 2.35732, 2.94665, 3.53598, 4.12532, 4.71465, 5.30398, 5.89331, 6.48264, 7.07197, 7.6613, 8.25063, 8.83996, 9.42929, 10.0186, 10.608, 11.1973, 11.7866, 12.3759, 12.9653, 13.5546, 14.1439, 14.7333, 15.3226, 15.9119, 16.5013, 17.0906, 17.6799, 18.2693, 18.8586, 19.4479, 20.0372, 20.6266, 21.2159, 21.8052, 22.3946, 22.9839, 23.5732, 24.1626, 24.7519, 25.3412, 25.9306, 26.5199, 27.1092, 27.6985, 28.2879, 28.8772, 29.4665, 30.0559, 30.6452, 31.2345, 31.8239, 32.4132, 33.0025, 33.5919, 34.1812, 34.7705
2.28766, 2.30853, 2.33026, 2.35291, 2.37655, 2.40126, 2.4271, 2.45419, 2.48261, 2.51248, 2.54393, 2.57712, 2.6122, 2.64936, 2.68883, 2.73085, 2.77574, 2.82382, 2.87552, 2.93132, 2.99182, 3.05774, 3.12999, 3.2097, 3.2983, 3.39769, 3.51039, 3.63989, 3.79117, 3.97169, 4.19334, 4.47673, 4.86257, 5.45226, 6.4177, 3.79827, 0.154423, 0.000154327, 1.23416e-09, 5.03357e-16, 3.31355e-24, 3.5206e-34, 6.03718e-46, 1.67084e-59, 7.46292e-75, 5.37947e-92, 6.25769e-111, 1.17467e-131, 3.55823e-154, 1.73919e-178, 1.37163e-204, 1.74539e-232, 3.58337e-262, 1.18691e-293, 0, 0, 0, 0, 0, 0
2.28766, 2.31294, 2.33936, 2.36701, 2.39598, 2.42638, 2.45833, 2.49197, 2.52744, 2.56492, 2.6046, 2.6467, 2.69148, 2.73923, 2.7903, 2.84508, 2.90405, 2.96778, 3.03692, 3.1123, 3.19492, 3.28603, 3.38719, 3.50042, 3.62835, 3.7745, 3.94372, 4.14292, 4.38233, 4.67798, 5.0568, 5.56881, 6.32245, 7.63426, 11.0054, 9.6458, 0.514686, 0.000612944, 8.10602e-09, 3.36349e-15, 2.25256e-23, 2.43469e-33, 4.24686e-45, 1.19544e-58, 5.42994e-74, 3.9797e-91, 4.70618e-110, 8.97894e-131, 2.76375e-153, 1.37235e-177, 1.09926e-203, 1.42032e-231, 2.96005e-261, 9.94992e-293, 0, 0, 0, 0, 0, 0
20.598
45.68
 
MEASUREMENT 47
1.4716, 4.41481, 7.36319, 10.3064, 13.2548, 16.2031, 19.1774, 22.1309, 25.0793, 28.0277, 30.9502, 33.8934
2.40114, 2.40469, 2.57758, 2.81818, 3.21836, 3.70349, 5.10178, 0.231539, 0.00049641, -0.00256917, -0.00151644, -0.00179051
0.00720831, 0.00708061, 0.00783776, 0.00828184, 0.00927769, 0.0106734, 0.0149204, 0.000771342, 0.000414403, 0.000422636, 0.000368554, 0.00039714
0, 0.589331, 1.17866, 1.76799, 2.35732, 2.94665, 3.53598, 4.12532, 4.71465, 5.30398, 5.89331, 6.48264, 7.07197, 7.6613, 8.25063, 8.83996, 9.42929, 10.0186, 10.608, 11.1973, 11.7866, 12.3759, 12.9653, 13.5546, 14.1439, 14.7333, 15.3226, 15.9119, 16.5013, 17.0906, 17.6799, 18.2693, 18.8586, 19.4479, 20.0372, 20.6266, 21.2159, 21.8052, 22.3946, 22.9839, 23.5732, 24.1626, 24.7519, 25.3412, 25.9306, 26.5199, 27.1092, 27.6985, 28.2879, 28.8772, 29.4665, 30.0559, 30.6452, 31.2345, 31.8239, 32.4132, 33.0025, 33.5919, 34.1812, 34.7705
2.27674, 2.29752, 2.31915, 2.3417, 2.36523, 2.38982, 2.41555, 2.4425, 2.47079, 2.50053, 2.53184, 2.56487, 2.59979, 2.63678, 2.67606, 2.7179, 2.76257, 2.81043, 2.86189, 2.91743, 2.97765, 3.04327, 3.11518, 3.19451, 3.2827, 3.38162, 3.49379, 3.62266, 3.77321, 3.95283, 4.17334, 4.45521, 4.83881, 5.42437, 6.39412, 3.81142, 0.1497, 0.00013423, 9.06345e-10, 2.84446e-16, 1.33219e-24, 9.31067e-35, 9.71035e-47, 1.51118e-60, 3.50921e-76, 1.21591e-93, 6.28607e-113, 4.84868e-134, 5.5798e-157, 9.5796e-182, 2.45353e-208, 9.37416e-237, 5.34259e-267, 4.54184e-299, 0, 0, 0, 0, 0, 0
2.27674, 2.3019, 2.32819, 2.3557, 2.38453, 2.41478, 2.44657, 2.48004, 2.51534, 2.55263, 2.59211, 2.634, 2.67856, 2.72607, 2.77689, 2.83139, 2.89007, 2.95346, 3.02225, 3.09725, 3.17945, 3.27008, 3.37072, 3.48335, 3.6106, 3.75596, 3.92426, 4.12235, 4.3604, 4.65431, 5.03082, 5.53947, 6.28755, 7.58655, 10.9305, 9.683, 0.500476, 0.000535858, 5.95132e-09, 1.90082e-15, 9.05972e-24, 6.44335e-34, 6.83765e-46, 1.08262e-59, 2.55736e-75, 9.01224e-93, 4.73773e-112, 3.71519e-133, 4.34551e-156, 7.58097e-181, 1.97247e-207, 7.65372e-236, 4.42885e-266, 3.82159e-298, 0, 0, 0, 0, 0, 0
20.6005
45.68
 
MEASUREMENT 48
1.4716, 4.41481, 7.36319, 10.3064, 13.2548, 16.2031, 19.1774, 22.1309, 25.0793, 28.0277, 30.9502, 33.8934
2.41998, 2.4224, 2.5937, 2.83876, 3.24182, 3.73686, 5.13397, 0.233699, 0.000782353, -0.00251004, -0.00154038, -0.00215607
0.00720831, 0.00708061, 0.00783776, 0.00828184, 0.00927769, 0.0106734, 0.0149204, 0.000771342, 0.000414403, 0.000422636, 0.000368554, 0.00039714
0, 0.589331, 1.17866, 1.76799, 2.35732, 2.94665, 3.53598, 4.12532, 4.71465, 5.30398, 5.89331, 6.48264, 7.07197, 7.6613, 8.25063, 8.83996, 9.42929, 10.0186, 10.608, 11.1973, 11.7866, 12.3759, 12.9653, 13.5546, 14.1439, 14.7333, 15.3226, 15.9119, 16.5013, 17.0906, 17.6799, 18.2693, 18.8586, 19.4479, 20.0372, 20.6266, 21.2159, 21.8052, 22.3946, 22.9839, 23.5732, 24.1626, 24.7519, 25.3412, 25.9306, 26.5199, 27.1092, 27.6985, 28.2879, 28.8772, 29.4665, 30.0559, 30.6452, 31.2345, 31.8239, 32.4132, 33.0025, 33.5919, 34.1812, 34.7705
2.29247, 2.31343, 2.33526, 2.35801, 2.38176, 2.40658, 2.43255, 2.45976, 2.48831, 2.51833, 2.54994, 2.58329, 2.61855, 2.6559, 2.69558, 2.73783, 2.78296, 2.83131, 2.88331, 2.93944, 3.00031, 3.06664, 3.13936, 3.21959, 3.3088, 3.40891, 3.52246, 3.653, 3.80557, 3.98775, 4.21164, 4.49828, 4.88942, 5.49007, 6.44174, 3.74087, 0.166733, 0.000222223, 2.79609e-09, 2.29708e-15, 3.75922e-23, 1.2255e-32, 7.95811e-44, 1.02939e-56, 2.65227e-71, 1.36115e-87, 1.39134e-105, 2.83264e-125, 1.14859e-146, 9.27551e-170, 1.49176e-194, 4.77785e-221, 3.04737e-249, 3.87044e-279, 9.78866e-311, 0, 0, 0, 0, 0
2.29247, 2.31781, 2.3443, 2.37202, 2.40107, 2.43155, 2.46358, 2.49731, 2.53287, 2.57045, 2.61024, 2.65246, 2.69737, 2.74526, 2.79647, 2.85142, 2.91056, 2.97448, 3.04384, 3.11946, 3.20235, 3.29377, 3.39528, 3.50892, 3.63733, 3.78406, 3.95399, 4.15409, 4.39467, 4.69193, 5.07313, 5.58902, 6.35025, 7.68505, 11.0907, 9.42576, 0.546666, 0.000862787, 1.81883e-08, 1.51881e-14, 2.52643e-22, 8.37112e-32, 5.52475e-43, 7.26231e-56, 1.9013e-70, 9.91327e-87, 1.02933e-104, 2.12837e-124, 8.76338e-146, 7.18467e-169, 1.17283e-193, 3.81187e-220, 2.46658e-248, 3.17754e-278, 8.14902e-310, 0, 0, 0, 0, 0
20.5905
45.68
 
MEASUREMENT 49
1.4716, 4.41481, 7.36319, 10.3064, 13.2548, 16.2031, 19.1774, 22.1309, 25.0793, 28.0277, 30.9502, 33.8934
2.43164, 2.43424, 2.60948, 2.85327, 3.25821, 3.75222, 5.16144, 0.234339, 0.000705412, -0.00251275, -0.00141237, -0.0019727
0.00720831, 0.00708061, 0.00783776, 0.00828184, 0.00927769, 0.0106734, 0.0149204, 0.000771342, 0.000414403, 0.000422636, 0.000368554, 0.00039714
0, 0.589331, 1.17866, 1.76799, 2.35732, 2.94665, 3.53598, 4.12532, 4.71465, 5.30398, 5.89331, 6.48264, 7.07197, 7.6613, 8.25063, 8.83996, 9.42929, 10.0186, 10.608, 11.1973, 11.7866, 12.3759, 12.9653, 13.5546, 14.1439, 14.7333, 15.3226, 15.9119, 16.5013, 17.0906, 17.6799, 18.2693, 18.8586, 19.4479, 20.0372, 20.6266, 21.2159, 21.8052, 22.3946, 22.9839, 23.5732, 24.1626, 24.7519, 25.3412, 25.9306, 26.5199, 27.1092, 27.6985, 28.2879, 28.8772, 29.4665, 30.0559, 30.6452, 31.2345, 31.8239, 32.4132, 33.0025, 33.5919, 34.1812, 34.7705
2.30481, 2.32586, 2.34777, 2.37062, 2.39446, 2.41937, 2.44544, 2.47275, 2.50142, 2.53155, 2.56328, 2.59675, 2.63213, 2.66962, 2.70944, 2.75183, 2.79711, 2.84562, 2.89778, 2.95409, 3.01514, 3.08167, 3.15458, 3.23503, 3.32446, 3.4248, 3.53859, 3.66936, 3.82215, 4.00452, 4.2285, 4.51501, 4.90539, 5.50293, 6.47278, 3.80799, 0.158809, 0.000172381, 1.57153e-09, 7.85116e-16, 6.73226e-24, 9.90824e-34, 2.50283e-45, 1.08506e-58, 8.07335e-74, 1.0309e-90, 2.25907e-109, 8.49533e-130, 5.48215e-152, 6.07053e-176, 1.15343e-201, 3.76037e-229, 2.10341e-258, 2.01864e-289, 3.35965e-322, 0, 0, 0, 0, 0
2.30481, 2.33028, 2.3569, 2.38476, 2.41396, 2.44459, 2.47679, 2.51068, 2.54642, 2.58419, 2.62417, 2.6666, 2.71173, 2.75985, 2.81131, 2.86652, 2.92595, 2.99017, 3.05985, 3.13583, 3.2191, 3.31093, 3.41289, 3.52702, 3.65598, 3.80331, 3.97391, 4.17475, 4.41616, 4.71434, 5.09649, 5.6132, 6.37432, 7.702, 11.1086, 9.64348, 0.526428, 0.000679713, 1.02826e-08, 5.2249e-15, 4.55679e-23, 6.82066e-33, 1.75209e-44, 7.72376e-58, 5.84277e-73, 7.58411e-90, 1.68913e-108, 6.45466e-129, 4.23166e-151, 4.75943e-175, 9.18298e-201, 3.03932e-228, 1.72549e-257, 1.68024e-288, 2.79147e-321, 0, 0, 0, 0, 0
20.5957
45.68
 
MEASUREMENT 50
1.4716, 4.41481, 7.36319, 10.3064, 13.2548, 16.2031, 19.1774, 22.1309, 25.0793, 28.0277, 30.9502, 33.8934
2.45476, 2.45709, 2.63345, 2.87929, 3.28794, 3.78705, 5.20928, 0.236452, 0.000990918, -0.00245972, -0.00147386, -0.00186797
0.00720831, 0.00708061, 0.00783776, 0.00828184, 0.00927769, 0.0106734, 0.0149204, 0.000771342, 0.000414403, 0.000422636, 0.000368554, 0.00039714
0, 0.589331, 1.17866, 1.76799, 2.35732, 2.94665, 3.53598, 4.12532, 4.71465, 5.30398, 5.89331, 6.48264, 7.07197, 7.6613, 8.25063, 8.83996, 9.42929, 10.0186, 10.608, 11.1973, 11.7866, 12.3759, 12.9653, 13.5546, 14.1439, 14.7333, 15.3226, 15.9119, 16.5013, 17.0906, 17.6799, 18.2693, 18.8586, 19.4479, 20.0372, 20.6266, 21.2159, 21.8052, 22.3946, 22.9839, 23.5732, 24.1626, 24.7519, 25.3412, 25.9306, 26.5199, 27.1092, 27.6985, 28.2879, 28.8772, 29.4665, 30.0559, 30.6452, 31.2345, 31.8239, 32.4132, 33.0025, 33.5919, 34.1812, 34.7705
2.32632, 2.34756, 2.36967, 2.39272, 2.41678, 2.44192, 2.46823, 2.49579, 2.52471, 2.55512, 2.58713, 2.6209, 2.65661, 2.69443, 2.73461, 2.77739, 2.82307, 2.87202, 2.92465, 2.98145, 3.04305, 3.11017, 3.18374, 3.26489, 3.35512, 3.45634, 3.57112, 3.70304, 3.85715, 4.04109, 4.26698, 4.55589, 4.94946, 5.55159, 6.5319, 3.85005, 0.1591, 0.000167787, 1.46179e-09, 6.80841e-16, 5.32924e-24, 7.01032e-34, 1.54972e-45, 5.75705e-59, 3.59391e-74, 3.77e-91, 6.64521e-110, 1.96813e-130, 9.79408e-153, 8.1888e-177, 1.15029e-202, 2.71463e-230, 1.07624e-259, 7.16789e-291, 9.88131e-324, 0, 0, 0, 0, 0
2.32632, 2.35203, 2.3789, 2.40702, 2.43648, 2.4674, 2.49989, 2.5341, 2.57018, 2.60829, 2.64865, 2.69147, 2.73701, 2.78558, 2.83752, 2.89324, 2.95322, 3.01803, 3.08836, 3.16503, 3.24907, 3.34174, 3.44465, 3.55983, 3.68996, 3.83864, 4.0108, 4.21346, 4.45706, 4.75792, 5.14348, 5.66474, 6.43237, 7.77045, 11.2058, 9.75777, 0.528264, 0.000663082, 9.5741e-09, 4.53587e-15, 3.61138e-23, 4.83188e-33, 1.08634e-44, 4.1039e-58, 2.6049e-73, 2.77793e-90, 4.977e-109, 1.49798e-129, 7.57377e-152, 6.43229e-176, 9.17582e-202, 2.19851e-229, 8.84695e-259, 5.97892e-290, 0, 0, 0, 0, 0, 0
20.5964
45.68
 
MEASUREMENT 51
1.4716, 4.41481, 7.36319, 10.3064, 13.2548, 16.2031, 19.1774, 22.1309, 25.0793, 28.0277, 30.9502, 33.8934
2.42882, 2.43179, 2.60678, 2.84956, 3.25411, 3.74765, 5.15551, 0.234037, 0.000500207, -0.00257092, -0.00142749, -0.00179905
0.00720831, 0.00708061, 0.00783776, 0.00828184, 0.00927769, 0.0106734, 0.0149204, 0.000771342, 0.000414403, 0.000422636, 0.000368554, 0.00039714
0, 0.589331, 1.17866, 1.76799, 2.35732, 2.94665, 3.53598, 4.12532, 4.71465, 5.30398, 5.89331, 6.48264, 7.07197, 7.6613, 8.25063, 8.83996, 9.42929, 10.0186, 10.608, 11.1973, 11.7866, 12.3759, 12.9653, 13.5546, 14.1439, 14.7333, 15.3226, 15.9119, 16.5013, 17.0906, 17.6799, 18.2693, 18.8586, 19.4479, 20.0372, 20.6266, 21.2159, 21.8052, 22.3946, 22.9839, 23.5732, 24.1626, 24.7519, 25.3412, 25.9306, 26.5199, 27.1092, 27.6985, 28.2879, 28.8772, 29.4665, 30.0559, 30.6452, 31.2345, 31.8239, 32.4132, 33.0025, 33.5919, 34.1812, 34.7705
2.30229, 2.3233, 2.34519, 2.368, 2.39181, 2.41669, 2.44273, 2.47, 2.49863, 2.52872, 2.5604, 2.59382, 2.62916, 2.66659, 2.70635, 2.74869, 2.7939, 2.84234, 2.89442, 2.95064, 3.0116, 3.07803, 3.15083, 3.23115, 3.32044, 3.42061, 3.5342, 3.66475, 3.81727, 3.99929, 4.22284, 4.50875, 4.89821, 5.49404, 6.46442, 3.81126, 0.157383, 0.000165552, 1.43636e-09, 6.64684e-16, 5.15894e-24, 6.7157e-34, 1.46622e-45, 5.36873e-59, 3.29684e-74, 3.39519e-91, 5.86351e-110, 1.6981e-130, 8.24642e-153, 6.71503e-177, 9.16845e-203, 2.0989e-230, 8.05597e-260, 5.18392e-291, 9.88131e-324, 0, 0, 0, 0, 0
2.30229, 2.32773, 2.35432, 2.38215, 2.41131, 2.44191, 2.47407, 2.50792, 2.54362, 2.58135, 2.62128, 2.66366, 2.70873, 2.7568, 2.8082, 2.86335, 2.92271, 2.98685, 3.05644, 3.13233, 3.2155, 3.30721, 3.40905, 3.52304, 3.65182, 3.79896, 3.96934, 4.16991, 4.41098, 4.70872, 5.09028, 5.60611, 6.36574, 7.68978, 11.0892, 9.65972, 0.522621, 0.000654354, 9.40798e-09, 4.42847e-15, 3.4962e-23, 4.62914e-33, 1.02788e-44, 3.82742e-58, 2.3898e-73, 2.50201e-90, 4.39202e-109, 1.2926e-129, 6.37774e-152, 5.27533e-176, 7.31461e-202, 1.70008e-229, 6.62314e-259, 4.32469e-290, 0, 0, 0, 0, 0, 0
20.5965
45.68
 
MEASUREMENT 52
1.4716, 4.41481, 7.36319, 10.3064, 13.2548, 16.2031, 19.1774, 22.1309, 25.0793, 28.0277, 30.9502, 33.8934
2.43488, 2.43818, 2.61372, 2.85742, 3.26263, 3.75711, 5.16915, 0.235268, 0.000785451, -0.00245316, -0.00166599, -0.00206773
0.00720831, 0.00708061, 0.00783776, 0.00828184, 0.00927769, 0.0106734, 0.0149204, 0.000771342, 0.000414403, 0.000422636, 0.000368554, 0.00039714
0, 0.589331, 1.17866, 1.76799, 2.35732, 2.94665, 3.53598, 4.12532, 4.71465, 5.30398, 5.89331, 6.48264, 7.07197, 7.6613, 8.25063, 8.83996, 9.42929, 10.0186, 10.608, 11.1973, 11.7866, 12.3759, 12.9653, 13.5546, 14.1439, 14.7333, 15.3226, 15.9119, 16.5013, 17.0906, 17.6799, 18.2693, 18.8586, 19.4479, 20.0372, 20.6266, 21.2159, 21.8052, 22.3946, 22.9839, 23.5732, 24.1626, 24.7519, 25.3412, 25.9306, 26.5199, 27.1092, 27.6985, 28.2879, 28.8772, 29.4665, 30.0559, 30.6452, 31.2345, 31.8239, 32.4132, 33.0025, 33.5919, 34.1812, 34.7705
2.30835, 2.32942, 2.35136, 2.37423, 2.39811, 2.42305, 2.44915, 2.47649, 2.50519, 2.53536, 2.56712, 2.60063, 2.63606, 2.67359, 2.71345, 2.75589, 2.80122, 2.84978, 2.90199, 2.95836, 3.01947, 3.08606, 3.15904, 3.23956, 3.32907, 3.42949, 3.54337, 3.67423, 3.82712, 4.00958, 4.23365, 4.52021, 4.91053, 5.50756, 6.48054, 3.82722, 0.158483, 0.000167114, 1.4519e-09, 6.72285e-16, 5.21597e-24, 6.78066e-34, 1.47691e-45, 5.38979e-59, 3.29543e-74, 3.37569e-91, 5.79307e-110, 1.66547e-130, 8.02103e-153, 6.47104e-177, 8.74484e-203, 1.97946e-230, 7.50484e-260, 4.76563e-291, 9.88131e-324, 0, 0, 0, 0, 0
2.30835, 2.33386, 2.36052, 2.38842, 2.41765, 2.44833, 2.48057, 2.51452, 2.55031, 2.58813, 2.62817, 2.67066, 2.71585, 2.76404, 2.81557, 2.87086, 2.93037, 2.99467, 3.06445, 3.14053, 3.22391, 3.31585, 3.41795, 3.53223, 3.66134, 3.80885, 3.97964, 4.1807, 4.42237, 4.72083, 5.10329, 5.62031, 6.38159, 7.70813, 11.1133, 9.69776, 0.526239, 0.000660514, 9.51058e-09, 4.47954e-15, 3.5352e-23, 4.67441e-33, 1.0355e-44, 3.84288e-58, 2.38907e-73, 2.48795e-90, 4.33981e-109, 1.26793e-129, 6.20427e-152, 5.08436e-176, 6.97765e-202, 1.60357e-229, 6.17096e-259, 3.97634e-290, 0, 0, 0, 0, 0, 0
20.5971
45.68
 
MEASUREMENT 53
1.4716, 4.41481, 7.36319, 10.3064, 13.2548, 16.2031, 19.1774, 22.1309, 25.0793, 28.0277, 30.9502, 33.8934
2.42717, 2.43069, 2.60524, 2.8483, 3.25248, 3.74597, 5.15306, 0.234263, 0.000707507, -0.0025548, -0.0014087, -0.00183647
0.00720831, 0.00708061, 0.00783776, 0.00828184, 0.00927769, 0.0106734, 0.0149204, 0.000771342, 0.000414403, 0.000422636, 0.000368554, 0.00039714
0, 0.589331, 1.17866, 1.76799, 2.35732, 2.94665, 3.53598, 4.12532, 4.71465, 5.30398, 5.89331, 6.48264, 7.07197, 7.6613, 8.25063, 8.83996, 9.42929, 10.0186, 10.608, 11.1973, 11.7866, 12.3759, 12.9653, 13.5546, 14.1439, 14.7333, 15.3226, 15.9119, 16.5013, 17.0906, 17.6799, 18.2693, 18.8586, 19.4479, 20.0372, 20.6266, 21.2159, 21.8052, 22.3946, 22.9839, 23.5732, 24.1626, 24.7519, 25.3412, 25.9306, 26.5199, 27.1092, 27.6985, 28.2879, 28.8772, 29.4665, 30.0559, 30.6452, 31.2345, 31.8239, 32.4132, 33.0025, 33.5919, 34.1812, 34.7705
2.30097, 2.32198, 2.34385, 2.36666, 2.39046, 2.41533, 2.44136, 2.46862, 2.49724, 2.52732, 2.55899, 2.5924, 2.62773, 2.66515, 2.7049, 2.74722, 2.79242, 2.84085, 2.89292, 2.94913, 3.01007, 3.07648, 3.14927, 3.22957, 3.31885, 3.41901, 3.53259, 3.66313, 3.81564, 3.99767, 4.22123, 4.50719, 4.8968, 5.49305, 6.4617, 3.80602, 0.158699, 0.000171617, 1.55348e-09, 7.67018e-16, 6.4734e-24, 9.3385e-34, 2.30266e-45, 9.70464e-59, 6.9906e-74, 8.60643e-91, 1.81088e-109, 6.51182e-130, 4.0017e-152, 4.20243e-176, 7.54145e-202, 2.31255e-229, 1.21169e-258, 1.08478e-289, 1.63042e-322, 0, 0, 0, 0, 0
2.30097, 2.3264, 2.35297, 2.38079, 2.40993, 2.44051, 2.47265, 2.50649, 2.54217, 2.57987, 2.61979, 2.66214, 2.70719, 2.75523, 2.80661, 2.86172, 2.92105, 2.98516, 3.05472, 3.13056, 3.21369, 3.30536, 3.40715, 3.52108, 3.64981, 3.79688, 3.96718, 4.16766, 4.40863, 4.70626, 5.0877, 5.60341, 6.36299, 7.68762, 11.0864, 9.63782, 0.526145, 0.000676885, 1.01654e-08, 5.10504e-15, 4.38216e-23, 6.42941e-33, 1.61223e-44, 6.90928e-58, 5.06018e-73, 6.33291e-90, 1.35433e-108, 4.94882e-129, 3.0897e-151, 3.29569e-175, 6.00578e-201, 1.86967e-228, 9.94287e-258, 9.03214e-289, 1.52172e-321, 0, 0, 0, 0, 0
20.5961
45.68
 
MEASUREMENT 54
1.4716, 4.41481, 7.36319, 10.3064, 13.2548, 16.2031, 19.1774, 22.1309, 25.0793, 28.0277, 30.9502, 33.8934
2.44932, 2.45125, 2.62708, 2.86919, 3.27376, 3.77086, 5.19431, 0.235556, 0.000800726, -0.00200369, -0.00167748, -0.00207798
0.00720831, 0.00708061, 0.00783776, 0.00828184, 0.00927769, 0.0106734, 0.0149204, 0.000771342, 0.000414403, 0.000422636, 0.000368554, 0.00039714
0, 0.589331, 1.17866, 1.76799, 2.35732, 2.94665, 3.53598, 4.12532, 4.71465, 5.30398, 5.89331, 6.48264, 7.07197, 7.6613, 8.25063, 8.83996, 9.42929, 10.0186, 10.608, 11.1973, 11.7866, 12.3759, 12.9653, 13.5546, 14.1439, 14.7333, 15.3226, 15.9119, 16.5013, 17.0906, 17.6799, 18.2693, 18.8586, 19.4479, 20.0372, 20.6266, 21.2159, 21.8052, 22.3946, 22.9839, 23.5732, 24.1626, 24.7519, 25.3412, 25.9306, 26.5199, 27.1092, 27.6985, 28.2879, 28.8772, 29.4665, 30.0559, 30.6452, 31.2345, 31.8239, 32.4132, 33.0025, 33.5919, 34.1812, 34.7705
2.32105, 2.34217, 2.36416, 2.38708, 2.411, 2.43599, 2.46214, 2.48953, 2.51827, 2.54849, 2.5803, 2.61385, 2.64931, 2.68688, 2.72678, 2.76926, 2.81461, 2.8632, 2.91543, 2.97179, 3.03289, 3.09945, 3.17238, 3.25282, 3.3422, 3.44243, 3.55604, 3.68651, 3.83883, 4.02043, 4.24315, 4.52743, 4.91341, 5.4997, 6.49569, 3.95492, 0.141086, 9.23206e-05, 3.80392e-10, 5.54946e-17, 9.58371e-26, 1.95916e-36, 4.74074e-49, 1.35783e-63, 4.60317e-80, 1.84697e-98, 8.7707e-119, 4.92905e-141, 3.27812e-165, 2.57988e-191, 2.40251e-219, 2.64729e-249, 3.45131e-281, 5.32344e-315, 0, 0, 0, 0, 0, 0
2.32105, 2.34669, 2.37348, 2.40151, 2.43089, 2.46171, 2.49411, 2.52821, 2.56417, 2.60216, 2.64238, 2.68506, 2.73045, 2.77885, 2.83061, 2.88613, 2.94589, 3.01046, 3.08052, 3.15689, 3.24058, 3.33286, 3.43531, 3.54996, 3.67946, 3.82737, 3.99858, 4.20003, 4.44202, 4.74064, 5.12285, 5.63856, 6.39518, 7.70005, 11.0656, 10.1371, 0.480391, 0.000378279, 2.52757e-09, 3.75644e-16, 6.6084e-25, 1.37605e-35, 3.39129e-48, 9.89132e-63, 3.41409e-79, 1.39443e-97, 6.73892e-118, 3.85325e-140, 2.60662e-164, 2.08601e-190, 1.97476e-218, 2.21128e-248, 2.92874e-280, 4.58777e-314, 0, 0, 0, 0, 0, 0
20.6083
45.68
 
MEASUREMENT 55
1.4716, 4.41481, 7.36319, 10.3064, 13.2548, 16.2031, 19.1774, 22.1309, 25.0793, 28.0277, 30.9502, 33.8934
2.4426, 2.4455, 2.62086, 2.86554, 3.27166, 3.76802, 5.18367, 0.235331, 0.000908173, -0.00254025, -0.00153793, -0.00178718
0.00720831, 0.00708061, 0.00783776, 0.00828184, 0.00927769, 0.0106734, 0.0149204, 0.000771342, 0.000414403, 0.000422636, 0.000368554, 0.00039714
0, 0.589331, 1.17866, 1.76799, 2.35732, 2.94665, 3.53598, 4.12532, 4.71465, 5.30398, 5.89331, 6.48264, 7.07197, 7.6613, 8.25063, 8.83996, 9.42929, 10.0186, 10.608, 11.1973, 11.7866, 12.3759, 12.9653, 13.5546, 14.1439, 14.7333, 15.3226, 15.9119, 16.5013, 17.0906, 17.6799, 18.2693, 18.8586, 19.4479, 20.0372, 20.6266, 21.2159, 21.8052, 22.3946, 22.9839, 23.5732, 24.1626, 24.7519, 25.3412, 25.9306, 26.5199, 27.1092, 27.6985, 28.2879, 28.8772, 29.4665, 30.0559, 30.6452, 31.2345, 31.8239, 32.4132, 33.0025, 33.5919, 34.1812, 34.7705
2.3152, 2.33633, 2.35833, 2.38127, 2.4052, 2.43022, 2.45638, 2.4838, 2.51258, 2.54283, 2.57467, 2.60827, 2.64379, 2.68142, 2.72138, 2.76394, 2.80938, 2.85807, 2.91042, 2.96693, 3.0282, 3.09496, 3.16813, 3.24884, 3.33858, 3.43924, 3.5534, 3.68457, 3.83781, 4.02069, 4.24526, 4.53243, 4.9235, 5.52146, 6.49849, 3.84, 0.157078, 0.000160226, 1.324e-09, 5.68115e-16, 3.99609e-24, 4.60761e-34, 8.70864e-46, 2.69803e-59, 1.3701e-74, 1.14039e-91, 1.55575e-110, 3.4785e-131, 1.27467e-153, 7.65484e-178, 7.53347e-204, 1.21494e-231, 3.21071e-261, 1.39032e-292, 0, 0, 0, 0, 0, 0
2.3152, 2.34079, 2.36753, 2.39551, 2.42483, 2.4556, 2.48794, 2.52198, 2.55788, 2.59581, 2.63597, 2.67858, 2.7239, 2.77224, 2.82392, 2.87937, 2.93906, 3.00355, 3.07353, 3.14983, 3.23345, 3.32567, 3.42806, 3.54267, 3.67216, 3.82009, 3.99138, 4.19301, 4.43536, 4.73466, 5.11818, 5.63658, 6.39979, 7.729, 11.1437, 9.74184, 0.522612, 0.000634944, 8.68319e-09, 3.79032e-15, 2.71215e-23, 3.18105e-33, 6.11537e-45, 1.92685e-58, 9.94998e-74, 8.42021e-91, 1.16768e-109, 2.65343e-130, 9.87973e-153, 6.02721e-177, 6.02419e-203, 9.8644e-231, 2.64613e-260, 1.16279e-291, 0, 0, 0, 0, 0, 0
20.5974
45.68
 
MEASUREMENT 56
1.4716, 4.41481, 7.36319, 10.3064, 13.2548, 16.2031, 19.1774, 22.1309, 25.0793, 28.0277, 30.9502, 33.8934
2.41019, 2.41367, 2.5869, 2.8286, 3.22989, 3.71985, 5.11741, 0.232416, 0.000774279, -0.00248213, -0.00152062, -0.0018593
0.00720831, 0.00708061, 0.00783776, 0.00828184, 0.00927769, 0.0106734, 0.0149204, 0.000771342, 0.000414403, 0.000422636, 0.000368554, 0.00039714
0, 0.589331, 1.17866, 1.76799, 2.35732, 2.94665, 3.53598, 4.12532, 4.71465, 5.30398, 5.89331, 6.48264, 7.07197, 7.6613, 8.25063, 8.83996, 9.42929, 10.0186, 10.608, 11.1973, 11.7866, 12.3759, 12.9653, 13.5546, 14.1439, 14.7333, 15.3226, 15.9119, 16.5013, 17.0906, 17.6799, 18.2693, 18.8586, 19.4479, 20.0372, 20.6266, 21.2159, 21.8052, 22.3946, 22.9839, 23.5732, 24.1626, 24.7519, 25.3412, 25.9306, 26.5199, 27.1092, 27.6985, 28.2879, 28.8772, 29.4665, 30.0559, 30.6452, 31.2345, 31.8239, 32.4132, 33.0025, 33.5919, 34.1812, 34.7705
2.28487, 2.30573, 2.32746, 2.35011, 2.37374, 2.39844, 2.42429, 2.45137, 2.47978, 2.50965, 2.54111, 2.57429, 2.60937, 2.64653, 2.68601, 2.72804, 2.77293, 2.82102, 2.87273, 2.92855, 2.98908, 3.05503, 3.12732, 3.20707, 3.29574, 3.39521, 3.50802, 3.63766, 3.78913, 3.96992, 4.19197, 4.476, 4.86299, 5.45527, 6.41753, 3.77814, 0.157258, 0.000169531, 1.52863e-09, 7.50624e-16, 6.29298e-24, 9.00734e-34, 2.20107e-45, 9.18238e-59, 6.5396e-74, 7.95076e-91, 1.65011e-109, 5.84589e-130, 3.53514e-152, 3.64892e-176, 6.42849e-202, 1.93296e-229, 9.91951e-259, 8.68748e-290, 1.33398e-322, 0, 0, 0, 0, 0
2.28487, 2.31012, 2.33651, 2.36413, 2.39307, 2.42344, 2.45536, 2.48896, 2.52439, 2.56183, 2.60147, 2.64352, 2.68826, 2.73596, 2.78698, 2.84171, 2.90062, 2.96428, 3.03336, 3.10868, 3.19123, 3.28225, 3.38333, 3.49647, 3.6243, 3.77035, 3.93946, 4.13855, 4.37785, 4.67342, 5.05222, 5.56437, 6.31873, 7.63434, 11.0104, 9.56717, 0.521345, 0.000668635, 1.00007e-08, 4.99488e-15, 4.25915e-23, 6.20017e-33, 1.5408e-44, 6.53619e-58, 4.73282e-73, 5.84936e-90, 1.23386e-108, 4.44193e-129, 2.72899e-151, 2.86111e-175, 5.11858e-201, 1.56251e-228, 8.13839e-258, 7.23224e-289, 1.00789e-321, 0, 0, 0, 0, 0
20.5959
45.68
 
MEASUREMENT 57
1.4716, 4.41481, 7.36319, 10.3064, 13.2548, 16.2031, 19.1774, 22.1309, 25.0793, 28.0277, 30.9502, 33.8934
2.39631, 2.39948, 2.57515, 2.81566, 3.21788, 3.70363, 5.09462, 0.231412, 0.000510245, -0.00223187, -0.00157552, -0.00196525
0.00720831, 0.00708061, 0.00783776, 0.00828184, 0.00927769, 0.0106734, 0.0149204, 0.000771342, 0.000414403, 0.000422636, 0.000368554, 0.00039714
0, 0.589331, 1.17866, 1.76799, 2.35732, 2.94665, 3.53598, 4.12532, 4.71465, 5.30398, 5.89331, 6.48264, 7.07197, 7.6613, 8.25063, 8.83996, 9.42929, 10.0186, 10.608, 11.1973, 11.7866, 12.3759, 12.9653, 13.5546, 14.1439, 14.7333, 15.3226, 15.9119, 16.5013, 17.0906, 17.6799, 18.2693, 18.8586, 19.4479, 20.0372, 20.6266, 21.2159, 21.8052, 22.3946, 22.9839, 23.5732, 24.1626, 24.7519, 25.3412, 25.9306, 26.5199, 27.1092, 27.6985, 28.2879, 28.8772, 29.4665, 30.0559, 30.6452, 31.2345, 31.8239, 32.4132, 33.0025, 33.5919, 34.1812, 34.7705
2.27245, 2.29325, 2.31491, 2.33749, 2.36105, 2.38568, 2.41145, 2.43845, 2.46679, 2.49658, 2.52795, 2.56105, 2.59604, 2.63312, 2.6725, 2.71444, 2.75924, 2.80724, 2.85885, 2.91458, 2.97501, 3.04088, 3.11308, 3.19275, 3.28135, 3.38078, 3.49358, 3.62326, 3.77485, 3.9559, 4.17845, 4.46348, 4.8526, 5.45069, 6.39623, 3.70407, 0.165495, 0.000223802, 2.89044e-09, 2.47518e-15, 4.28149e-23, 1.49598e-32, 1.05581e-43, 1.50513e-56, 4.33384e-71, 2.52043e-87, 2.96051e-105, 7.02323e-125, 3.3649e-146, 3.25581e-169, 6.36187e-194, 2.51034e-220, 2.00028e-248, 3.21841e-278, 1.04562e-309, 0, 0, 0, 0, 0
2.27245, 2.29757, 2.32383, 2.35131, 2.38011, 2.41032, 2.44208, 2.47551, 2.51077, 2.54803, 2.58747, 2.62933, 2.67385, 2.72132, 2.7721, 2.82657, 2.88521, 2.94858, 3.01734, 3.09232, 3.1745, 3.26514, 3.36579, 3.47846, 3.60578, 3.75127, 3.91977, 4.11819, 4.35678, 4.6516, 5.0297, 5.54148, 6.29691, 7.62267, 11.0037, 9.31284, 0.540848, 0.000865603, 1.87325e-08, 1.63041e-14, 2.8664e-22, 1.01789e-31, 7.30072e-43, 1.05758e-55, 3.09403e-70, 1.82801e-86, 2.181e-104, 5.25455e-124, 2.55622e-145, 2.51087e-168, 4.9796e-193, 1.99384e-219, 1.61173e-247, 2.63017e-277, 8.66459e-309, 0, 0, 0, 0, 0
20.5892
45.68
 
MEASUREMENT 58
1.4716, 4.41481, 7.36319, 10.3064, 13.2548, 16.2031, 19.1774, 22.1309, 25.0793, 28.0277, 30.9502, 33.8934
2.40983, 2.41312, 2.5866, 2.82817, 3.22925, 3.72194, 5.11677, 0.232562, 0.000776243, -0.00247042, -0.00153726, -0.00194116
0.00720831, 0.00708061, 0.00783776, 0.00828184, 0.00927769, 0.0106734, 0.0149204, 0.000771342, 0.000414403, 0.000422636, 0.000368554, 0.00039714
0, 0.589331, 1.17866, 1.76799, 2.35732, 2.94665, 3.53598, 4.12532, 4.71465, 5.30398, 5.89331, 6.48264, 7.07197, 7.6613, 8.25063, 8.83996, 9.42929, 10.0186, 10.608, 11.1973, 11.7866, 12.3759, 12.9653, 13.5546, 14.1439, 14.7333, 15.3226, 15.9119, 16.5013, 17.0906, 17.6799, 18.2693, 18.8586, 19.4479, 20.0372, 20.6266, 21.2159, 21.8052, 22.3946, 22.9839, 23.5732, 24.1626, 24.7519, 25.3412, 25.9306, 26.5199, 27.1092, 27.6985, 28.2879, 28.8772, 29.4665, 30.0559, 30.6452, 31.2345, 31.8239, 32.4132, 33.0025, 33.5919, 34.1812, 34.7705
2.28414, 2.30502, 2.32677, 2.34943, 2.37308, 2.3978, 2.42366, 2.45076, 2.47921, 2.5091, 2.54058, 2.5738, 2.60891, 2.64611, 2.68562, 2.7277, 2.77264, 2.82079, 2.87257, 2.92846, 2.98907, 3.05512, 3.12752, 3.2074, 3.29621, 3.39587, 3.50891, 3.63884, 3.79068, 3.97196, 4.19471, 4.47979, 4.8686, 5.46493, 6.41979, 3.74717, 0.162356, 0.000198631, 2.18627e-09, 1.46124e-15, 1.82955e-23, 4.2911e-33, 1.88531e-44, 1.5516e-57, 2.39191e-72, 6.90668e-89, 3.73543e-107, 3.78394e-127, 7.17903e-149, 2.5509e-172, 1.6975e-197, 2.11543e-224, 4.93684e-253, 2.15745e-283, 1.76547e-315, 0, 0, 0, 0, 0
2.28414, 2.30939, 2.33578, 2.3634, 2.39234, 2.4227, 2.45462, 2.48821, 2.52364, 2.56108, 2.60072, 2.64278, 2.68751, 2.73522, 2.78624, 2.84097, 2.89989, 2.96355, 3.03264, 3.10797, 3.19053, 3.28159, 3.38269, 3.49587, 3.62376, 3.76988, 3.9391, 4.13834, 4.37787, 4.67378, 5.05316, 5.5664, 6.3232, 7.64737, 11.0348, 9.45726, 0.534441, 0.000778642, 1.42446e-08, 9.67981e-15, 1.23221e-22, 2.93818e-32, 1.3123e-43, 1.09781e-56, 1.72002e-71, 5.04705e-88, 2.77342e-106, 2.85394e-126, 5.4993e-148, 1.98418e-171, 1.34043e-196, 1.69543e-223, 4.01484e-252, 1.77987e-282, 1.47715e-314, 0, 0, 0, 0, 0
20.5925
45.68
 
MEASUREMENT 59
1.4716, 4.41481, 7.36319, 10.3064, 13.2548, 16.2031, 19.1774, 22.1309, 25.0793, 28.0277, 30.9502, 33.8934
2.389, 2.39124, 2.56028, 2.80283, 3.20061, 3.68581, 5.06787, 0.230394, 0.000842361, -0.0021619, -0.00144536, -0.00199652
0.00720831, 0.00708061, 0.00783776, 0.00828184, 0.00927769, 0.0106734, 0.0149204, 0.000771342, 0.000414403, 0.000422636, 0.000368554, 0.00039714
0, 0.589331, 1.17866, 1.76799, 2.35732, 2.94665, 3.53598, 4.12532, 4.71465, 5.30398, 5.89331, 6.48264, 7.07197, 7.6613, 8.25063, 8.83996, 9.42929, 10.0186, 10.608, 11.1973, 11.7866, 12.3759, 12.9653, 13.5546, 14.1439, 14.7333, 15.3226, 15.9119, 16.5013, 17.0906, 17.6799, 18.2693, 18.8586, 19.4479, 20.0372, 20.6266, 21.2159, 21.8052, 22.3946, 22.9839, 23.5732, 24.1626, 24.7519, 25.3412, 25.9306, 26.5199, 27.1092, 27.6985, 28.2879, 28.8772, 29.4665, 30.0559, 30.6452, 31.2345, 31.8239, 32.4132, 33.0025, 33.5919, 34.1812, 34.7705
2.2635, 2.28418, 2.3057, 2.32815, 2.35157, 2.37604, 2.40165, 2.42848, 2.45664, 2.48624, 2.51741, 2.5503, 2.58506, 2.62189, 2.661, 2.70266, 2.74714, 2.79481, 2.84606, 2.90138, 2.96136, 3.02673, 3.09838, 3.17743, 3.26531, 3.36392, 3.47575, 3.60427, 3.75445, 3.93373, 4.15395, 4.43571, 4.81977, 5.40818, 6.35605, 3.72467, 0.158869, 0.000184637, 1.87237e-09, 1.10226e-15, 1.16953e-23, 2.23648e-33, 7.70785e-45, 4.7875e-58, 5.35895e-73, 1.08102e-89, 3.92969e-108, 2.57418e-128, 3.03851e-150, 6.46264e-174, 2.47669e-199, 1.71013e-226, 2.12748e-255, 4.76834e-286, 1.92538e-318, 0, 0, 0, 0, 0
2.2635, 2.28852, 2.31467, 2.34203, 2.3707, 2.40079, 2.43241, 2.4657, 2.50081, 2.5379, 2.57718, 2.61885, 2.66317, 2.71044, 2.76099, 2.81522, 2.87359, 2.93667, 3.00512, 3.07975, 3.16155, 3.25175, 3.35192, 3.46404, 3.59072, 3.73547, 3.90308, 4.10042, 4.33764, 4.63067, 5.0063, 5.51432, 6.26303, 7.57114, 10.922, 9.42027, 0.524986, 0.000727468, 1.22355e-08, 7.32468e-15, 7.9028e-23, 1.53666e-32, 5.38464e-44, 3.40014e-57, 3.86881e-72, 7.93186e-89, 2.93001e-107, 1.95001e-127, 2.33806e-149, 5.05019e-173, 1.96503e-198, 1.37728e-225, 1.73878e-254, 3.95382e-285, 1.61929e-317, 0, 0, 0, 0, 0
20.5941
45.68
 
MEASUREMENT 60
1.4716, 4.41481, 7.36319, 10.3064, 13.2548, 16.2031, 19.1774, 22.1309, 25.0793, 28.0277, 30.9502, 33.8934
2.41827, 2.4212, 2.59796, 2.83694, 3.23934, 3.73125, 5.13546, 0.232934, 0.000817877, -0.00247359, -0.0016836, -0.00186936
0.00720831, 0.00708061, 0.00783776, 0.00828184, 0.00927769, 0.0106734, 0.0149204, 0.000771342, 0.000414403, 0.000422636, 0.000368554, 0.00039714
0, 0.589331, 1.17866, 1.76799, 2.35732, 2.94665, 3.53598, 4.12532, 4.71465, 5.30398, 5.89331, 6.48264, 7.07197, 7.6613, 8.25063, 8.83996, 9.42929, 10.0186, 10.608, 11.1973, 11.7866, 12.3759, 12.9653, 13.5546, 14.1439, 14.7333, 15.3226, 15.9119, 16.5013, 17.0906, 17.6799, 18.2693, 18.8586, 19.4479, 20.0372, 20.6266, 21.2159, 21.8052, 22.3946, 22.9839, 23.5732, 24.1626, 24.7519, 25.3412, 25.9306, 26.5199, 27.1092, 27.6985, 28.2879, 28.8772, 29.4665, 30.0559, 30.6452, 31.2345, 31.8239, 32.4132, 33.0025, 33.5919, 34.1812, 34.7705
2.29279, 2.31371, 2.3355, 2.35821, 2.38191, 2.40668, 2.43259, 2.45974, 2.48823, 2.51818, 2.54972, 2.58299, 2.61816, 2.65541, 2.69499, 2.73712, 2.78212, 2.83033, 2.88216, 2.93811, 2.99877, 3.06487, 3.13731, 3.21722, 3.30606, 3.40571, 3.51872, 3.64857, 3.80026, 3.98126, 4.20351, 4.48765, 4.87448, 5.46549, 6.43751, 3.81836, 0.153017, 0.000146515, 1.09714e-09, 4.04349e-16, 2.33459e-24, 2.11161e-34, 2.99198e-46, 6.64096e-60, 2.30897e-75, 1.2575e-92, 1.07272e-111, 1.43329e-132, 2.99943e-155, 9.83062e-180, 5.04598e-206, 4.05614e-234, 5.10584e-264, 1.00644e-295, 0, 0, 0, 0, 0, 0
2.29279, 2.31813, 2.34461, 2.37231, 2.40135, 2.43182, 2.46384, 2.49755, 2.5331, 2.57066, 2.61042, 2.65262, 2.69749, 2.74535, 2.79653, 2.85143, 2.91053, 2.97439, 3.04368, 3.11922, 3.20202, 3.29332, 3.3947, 3.50817, 3.63636, 3.78281, 3.95238, 4.15197, 4.39185, 4.68807, 5.06758, 5.58045, 6.33515, 7.64772, 11.0235, 9.69468, 0.510333, 0.000582716, 7.19987e-09, 2.69993e-15, 1.58609e-23, 1.45957e-33, 2.10391e-45, 4.75013e-59, 1.67972e-74, 9.30242e-92, 8.0679e-111, 1.09573e-131, 2.33027e-154, 7.75961e-179, 4.04562e-205, 3.30231e-233, 4.22005e-263, 8.44234e-295, 0, 0, 0, 0, 0, 0
20.5987
45.68
 
MEASUREMENT 61
1.4716, 4.41481, 7.36319, 10.3064, 13.2548, 16.2031, 19.1774, 22.1309, 25.0793, 28.0277, 30.9502, 33.8934
2.42632, 2.42747, 2.59905, 2.84561, 3.24916, 3.74201, 5.14527, 0.233602, 0.000712089, -0.00241882, -0.00155094, -0.00176342
0.00720831, 0.00708061, 0.00783776, 0.00828184, 0.00927769, 0.0106734, 0.0149204, 0.000771342, 0.000414403, 0.000422636, 0.000368554, 0.00039714
0, 0.589331, 1.17866, 1.76799, 2.35732, 2.94665, 3.53598, 4.12532, 4.71465, 5.30398, 5.89331, 6.48264, 7.07197, 7.6613, 8.25063, 8.83996, 9.42929, 10.0186, 10.608, 11.1973, 11.7866, 12.3759, 12.9653, 13.5546, 14.1439, 14.7333, 15.3226, 15.9119, 16.5013, 17.0906, 17.6799, 18.2693, 18.8586, 19.4479, 20.0372, 20.6266, 21.2159, 21.8052, 22.3946, 22.9839, 23.5732, 24.1626, 24.7519, 25.3412, 25.9306, 26.5199, 27.1092, 27.6985, 28.2879, 28.8772, 29.4665, 30.0559, 30.6452, 31.2345, 31.8239, 32.4132, 33.0025, 33.5919, 34.1812, 34.7705
2.29818, 2.31916, 2.34102, 2.3638, 2.38757, 2.41242, 2.43841, 2.46565, 2.49424, 2.52428, 2.55592, 2.5893, 2.62458, 2.66197, 2.70167, 2.74395, 2.78911, 2.83748, 2.8895, 2.94565, 3.00653, 3.07288, 3.1456, 3.22583, 3.31502, 3.41509, 3.52858, 3.65901, 3.81141, 3.99332, 4.21676, 4.50261, 4.89217, 5.48876, 6.45277, 3.7862, 0.159778, 0.000180044, 1.74086e-09, 9.52692e-16, 9.19723e-24, 1.56628e-33, 4.70521e-45, 2.49331e-58, 2.33051e-73, 3.84227e-90, 1.11732e-108, 5.73061e-129, 5.18379e-151, 8.2699e-175, 2.32672e-200, 1.15442e-227, 1.01004e-256, 1.55833e-287, 4.23958e-320, 0, 0, 0, 0, 0
2.29818, 2.32358, 2.35013, 2.37791, 2.40702, 2.43757, 2.46967, 2.50347, 2.53911, 2.57677, 2.61665, 2.65896, 2.70396, 2.75194, 2.80327, 2.85832, 2.91759, 2.98163, 3.05112, 3.12688, 3.20993, 3.30151, 3.4032, 3.51702, 3.64563, 3.79257, 3.96273, 4.16305, 4.40386, 4.70131, 5.08256, 5.59815, 6.35785, 7.68431, 11.0848, 9.58443, 0.52889, 0.000708438, 1.13866e-08, 6.33723e-15, 6.2217e-23, 1.07747e-32, 3.29126e-44, 1.77322e-57, 1.68493e-72, 2.82356e-89, 8.34428e-108, 4.34843e-128, 3.99583e-150, 6.47428e-174, 1.84954e-199, 9.31546e-227, 8.27165e-256, 1.29482e-286, 3.57323e-319, 0, 0, 0, 0, 0
20.5947
45.68
 
MEASUREMENT 62
1.4716, 4.41481, 7.36319, 10.3064, 13.2548, 16.2031, 19.1774, 22.1309, 25.0793, 28.0277, 30.9502, 33.8934
2.37251, 2.37507, 2.5456, 2.78245, 3.17791, 3.66, 5.03512, 0.228522, 0.000731117, -0.00264759, -0.00157214, -0.00192162
0.00720831, 0.00708061, 0.00783776, 0.00828184, 0.00927769, 0.0106734, 0.0149204, 0.000771342, 0.000414403, 0.000422636, 0.000368554, 0.00039714
0, 0.589331, 1.17866, 1.76799, 2.35732, 2.94665, 3.53598, 4.12532, 4.71465, 5.30398, 5.89331, 6.48264, 7.07197, 7.6613, 8.25063, 8.83996, 9.42929, 10.0186, 10.608, 11.1973, 11.7866, 12.3759, 12.9653, 13.5546, 14.1439, 14.7333, 15.3226, 15.9119, 16.5013, 17.0906, 17.6799, 18.2693, 18.8586, 19.4479, 20.0372, 20.6266, 21.2159, 21.8052, 22.3946, 22.9839, 23.5732, 24.1626, 24.7519, 25.3412, 25.9306, 26.5199, 27.1092, 27.6985, 28.2879, 28.8772, 29.4665, 30.0559, 30.6452, 31.2345, 31.8239, 32.4132, 33.0025, 33.5919, 34.1812, 34.7705
2.24853, 2.26906, 2.29043, 2.31271, 2.33596, 2.36025, 2.38567, 2.41231, 2.44026, 2.46964, 2.50058, 2.53322, 2.56772, 2.60427, 2.64309, 2.68443, 2.72858, 2.77588, 2.82673, 2.88162, 2.94114, 3.006, 3.07708, 3.1555, 3.24268, 3.34047, 3.45138, 3.57882, 3.72771, 3.9054, 4.12361, 4.40266, 4.78272, 5.36394, 6.31288, 3.72756, 0.152782, 0.000156988, 1.31283e-09, 5.73925e-16, 4.13693e-24, 4.91665e-34, 9.63429e-46, 3.11256e-59, 1.65787e-74, 1.45582e-91, 2.10753e-110, 5.02958e-131, 1.97865e-153, 1.28312e-177, 1.37155e-203, 2.41648e-231, 7.01727e-261, 3.35851e-292, 0, 0, 0, 0, 0, 0
2.24853, 2.27338, 2.29935, 2.32653, 2.35501, 2.38489, 2.4163, 2.44936, 2.48423, 2.52107, 2.56007, 2.60146, 2.64548, 2.69242, 2.74262, 2.79647, 2.85444, 2.91708, 2.98505, 3.05915, 3.14037, 3.22993, 3.32938, 3.4407, 3.56646, 3.71015, 3.87652, 4.07236, 4.30776, 4.59847, 4.971, 5.47458, 6.21602, 7.50763, 10.8253, 9.4529, 0.507969, 0.000621563, 8.60462e-09, 3.82662e-15, 2.80586e-23, 3.39205e-33, 6.76052e-45, 2.22124e-58, 1.20306e-73, 1.07407e-90, 1.58054e-109, 3.83341e-130, 1.53231e-152, 1.00941e-176, 1.09579e-202, 1.96022e-230, 5.77799e-260, 2.80624e-291, 0, 0, 0, 0, 0, 0
20.5971
45.68
 
MEASUREMENT 63
1.4716, 4.41481, 7.36319, 10.3064, 13.2548, 16.2031, 19.1774, 22.1309, 25.0793, 28.0277, 30.9502, 33.8934
2.39993, 2.40345, 2.57614, 2.81691, 3.2164, 3.7041, 5.09538, 0.231605, 0.000515307, -0.00202871, -0.00160336, -0.002146
0.00720831, 0.00708061, 0.00783776, 0.00828184, 0.00927769, 0.0106734, 0.0149204, 0.000771342, 0.000414403, 0.000422636, 0.000368554, 0.00039714
0, 0.589331, 1.17866, 1.76799, 2.35732, 2.94665, 3.53598, 4.12532, 4.71465, 5.30398, 5.89331, 6.48264, 7.07197, 7.6613, 8.25063, 8.83996, 9.42929, 10.0186, 10.608, 11.1973, 11.7866, 12.3759, 12.9653, 13.5546, 14.1439, 14.7333, 15.3226, 15.9119, 16.5013, 17.0906, 17.6799, 18.2693, 18.8586, 19.4479, 20.0372, 20.6266, 21.2159, 21.8052, 22.3946, 22.9839, 23.5732, 24.1626, 24.7519, 25.3412, 25.9306, 26.5199, 27.1092, 27.6985, 28.2879, 28.8772, 29.4665, 30.0559, 30.6452, 31.2345, 31.8239, 32.4132, 33.0025, 33.5919, 34.1812, 34.7705
2.27527, 2.29605, 2.31769, 2.34024, 2.36378, 2.38837, 2.41411, 2.44107, 2.46937, 2.49912, 2.53044, 2.56348, 2.59841, 2.63542, 2.67473, 2.71658, 2.76128, 2.80917, 2.86067, 2.91625, 2.97652, 3.0422, 3.11419, 3.1936, 3.28189, 3.38095, 3.49328, 3.62238, 3.77322, 3.95326, 4.17439, 4.45724, 4.84265, 5.43258, 6.3897, 3.76016, 0.157321, 0.00017205, 1.5855e-09, 8.04886e-16, 7.04367e-24, 1.06255e-33, 2.76299e-45, 1.23844e-58, 9.56814e-74, 1.27415e-90, 2.92446e-109, 1.15687e-129, 7.88721e-152, 9.26716e-176, 1.87646e-201, 6.54761e-229, 3.93698e-258, 4.07908e-289, 7.26276e-322, 0, 0, 0, 0, 0
2.27527, 2.30042, 2.3267, 2.3542, 2.38302, 2.41326, 2.44505, 2.47851, 2.51379, 2.55107, 2.59055, 2.63243, 2.67698, 2.72448, 2.77529, 2.82979, 2.88846, 2.95185, 3.02064, 3.09564, 3.17784, 3.26849, 3.36915, 3.48182, 3.60912, 3.75456, 3.92297, 4.12123, 4.35955, 4.6539, 5.03114, 5.54122, 6.29257, 7.60328, 10.9655, 9.51976, 0.521291, 0.000678069, 1.03722e-08, 5.35546e-15, 4.76659e-23, 7.31278e-33, 1.93375e-44, 8.81329e-58, 6.92267e-73, 9.37095e-90, 2.18598e-108, 8.78696e-129, 6.08609e-151, 7.26313e-175, 1.49339e-200, 5.29014e-228, 3.22837e-257, 3.39394e-288, 6.0029e-321, 0, 0, 0, 0, 0
20.5957
45.68
 
MEASUREMENT 64
1.4716, 4.41481, 7.36319, 10.3064, 13.2548, 16.2031, 19.1774, 22.1309, 25.0793, 28.0277, 30.9502, 33.8934
2.40455, 2.40762, 2.5799, 2.82087, 3.22099, 3.70971, 5.10391, 0.231596, 0.000772664, -0.00235693, -0.00154689, -0.00193941
0.00720831, 0.00708061, 0.00783776, 0.00828184, 0.00927769, 0.0106734, 0.0149204, 0.000771342, 0.000414403, 0.000422636, 0.000368554, 0.00039714
0, 0.589331, 1.17866, 1.76799, 2.35732, 2.94665, 3.53598, 4.12532, 4.71465, 5.30398, 5.89331, 6.48264, 7.07197, 7.6613, 8.25063, 8.83996, 9.42929, 10.0186, 10.608, 11.1973, 11.7866, 12.3759, 12.9653, 13.5546, 14.1439, 14.7333, 15.3226, 15.9119, 16.5013, 17.0906, 17.6799, 18.2693, 18.8586, 19.4479, 20.0372, 20.6266, 21.2159, 21.8052, 22.3946, 22.9839, 23.5732, 24.1626, 24.7519, 25.3412, 25.9306, 26.5199, 27.1092, 27.6985, 28.2879, 28.8772, 29.4665, 30.0559, 30.6452, 31.2345, 31.8239, 32.4132, 33.0025, 33.5919, 34.1812, 34.7705
2.27913, 2.29993, 2.3216, 2.34418, 2.36774, 2.39237, 2.41814, 2.44513, 2.47347, 2.50325, 2.5346, 2.56769, 2.60266, 2.63971, 2.67906, 2.72096, 2.76571, 2.81365, 2.86519, 2.92083, 2.98116, 3.0469, 3.11895, 3.19843, 3.28679, 3.38592, 3.49833, 3.62751, 3.77842, 3.95852, 4.17969, 4.46252, 4.84772, 5.43676, 6.39915, 3.77983, 0.15455, 0.00015767, 1.30406e-09, 5.60481e-16, 3.95208e-24, 4.57176e-34, 8.67606e-46, 2.70105e-59, 1.37944e-74, 1.15563e-91, 1.58805e-110, 3.57954e-131, 1.3234e-153, 8.02492e-178, 7.98101e-204, 1.30175e-231, 3.48201e-261, 1.52739e-292, 0, 0, 0, 0, 0, 0
2.27913, 2.30432, 2.33064, 2.35819, 2.38705, 2.41734, 2.44918, 2.48269, 2.51803, 2.55537, 2.5949, 2.63685, 2.68147, 2.72905, 2.77993, 2.83452, 2.89327, 2.95676, 3.02565, 3.10076, 3.18309, 3.27387, 3.37467, 3.4875, 3.61497, 3.7606, 3.92923, 4.12774, 4.36632, 4.66097, 5.03855, 5.54893, 6.30035, 7.60914, 10.9715, 9.5862, 0.513974, 0.0006245, 8.54736e-09, 3.73718e-15, 2.68069e-23, 3.1544e-33, 6.08881e-45, 1.92783e-58, 1.00116e-73, 8.52739e-91, 1.19118e-109, 2.72879e-130, 1.0251e-152, 6.31458e-177, 6.37799e-203, 1.05624e-230, 2.86787e-260, 1.27659e-291, 0, 0, 0, 0, 0, 0
20.5972
45.68
 
MEASUREMENT 65
1.4716, 4.41481, 7.36319, 10.3064, 13.2548, 16.2031, 19.1774, 22.1309, 25.0793, 28.0277, 30.9502, 33.8934
2.39959, 2.40293, 2.57531, 2.81608, 3.21568, 3.70346, 5.09532, 0.231378, 0.000647586, -0.00243521, -0.00159504, -0.00179581
0.00720831, 0.00708061, 0.00783776, 0.00828184, 0.00927769, 0.0106734, 0.0149204, 0.000771342, 0.000414403, 0.000422636, 0.000368554, 0.00039714
0, 0.589331, 1.17866, 1.76799, 2.35732, 2.94665, 3.53598, 4.12532, 4.71465, 5.30398, 5.89331, 6.48264, 7.07197, 7.6613, 8.25063, 8.83996, 9.42929, 10.0186, 10.608, 11.1973, 11.7866, 12.3759, 12.9653, 13.5546, 14.1439, 14.7333, 15.3226, 15.9119, 16.5013, 17.0906, 17.6799, 18.2693, 18.8586, 19.4479, 20.0372, 20.6266, 21.2159, 21.8052, 22.3946, 22.9839, 23.5732, 24.1626, 24.7519, 25.3412, 25.9306, 26.5199, 27.1092, 27.6985, 28.2879, 28.8772, 29.4665, 30.0559, 30.6452, 31.2345, 31.8239, 32.4132, 33.0025, 33.5919, 34.1812, 34.7705
2.27472, 2.29549, 2.31712, 2.33967, 2.3632, 2.38779, 2.41353, 2.44049, 2.46878, 2.49852, 2.52984, 2.56287, 2.5978, 2.6348, 2.6741, 2.71595, 2.76065, 2.80853, 2.86002, 2.91559, 2.97585, 3.04152, 3.1135, 3.1929, 3.28118, 3.38022, 3.49254, 3.62162, 3.77244, 3.95245, 4.17355, 4.45635, 4.84167, 5.4314, 6.39005, 3.76282, 0.156352, 0.000167725, 1.50101e-09, 7.28579e-16, 6.01754e-24, 8.45671e-34, 2.02216e-45, 8.22714e-59, 5.69497e-74, 6.70702e-91, 1.34385e-109, 4.58076e-130, 2.65631e-152, 2.62033e-176, 4.39696e-202, 1.25503e-229, 6.09318e-259, 5.03158e-290, 6.91692e-323, 0, 0, 0, 0, 0
2.27472, 2.29986, 2.32613, 2.35363, 2.38244, 2.41267, 2.44445, 2.4779, 2.51317, 2.55044, 2.58991, 2.63178, 2.67631, 2.72381, 2.7746, 2.82908, 2.88773, 2.95111, 3.01988, 3.09486, 3.17704, 3.26766, 3.36829, 3.48093, 3.60819, 3.75358, 3.92194, 4.12014, 4.35837, 4.65262, 5.02971, 5.53956, 6.2905, 7.60004, 10.9609, 9.52744, 0.518333, 0.000661545, 9.81786e-09, 4.84718e-15, 4.07193e-23, 5.82009e-33, 1.41532e-44, 5.85533e-58, 4.12096e-73, 4.9337e-90, 1.00473e-108, 3.48025e-129, 2.05036e-151, 2.05441e-175, 3.50073e-201, 1.01444e-228, 4.99879e-258, 4.1885e-289, 4.99006e-322, 0, 0, 0, 0, 0
20.596
45.68
 
MEASUREMENT 66
1.4716, 4.41481, 7.36319, 10.3064, 13.2548, 16.2031, 19.1774, 22.1309, 25.0793, 28.0277, 30.9502, 33.8934
2.40487, 2.4076, 2.58365, 2.82151, 3.22149, 3.71041, 5.10427, 0.231918, 0.000932962, -0.00242639, -0.00148383, -0.00198475
0.00720831, 0.00708061, 0.00783776, 0.00828184, 0.00927769, 0.0106734, 0.0149204, 0.000771342, 0.000414403, 0.000422636, 0.000368554, 0.00039714
0, 0.589331, 1.17866, 1.76799, 2.35732, 2.94665, 3.53598, 4.12532, 4.71465, 5.30398, 5.89331, 6.48264, 7.07197, 7.6613, 8.25063, 8.83996, 9.42929, 10.0186, 10.608, 11.1973, 11.7866, 12.3759, 12.9653, 13.5546, 14.1439, 14.7333, 15.3226, 15.9119, 16.5013, 17.0906, 17.6799, 18.2693, 18.8586, 19.4479, 20.0372, 20.6266, 21.2159, 21.8052, 22.3946, 22.9839, 23.5732, 24.1626, 24.7519, 25.3412, 25.9306, 26.5199, 27.1092, 27.6985, 28.2879, 28.8772, 29.4665, 30.0559, 30.6452, 31.2345, 31.8239, 32.4132, 33.0025, 33.5919, 34.1812, 34.7705
2.28013, 2.30094, 2.3226, 2.34519, 2.36875, 2.39338, 2.41915, 2.44615, 2.47448, 2.50426, 2.53562, 2.5687, 2.60367, 2.64073, 2.68007, 2.72197, 2.76672, 2.81466, 2.8662, 2.92184, 2.98216, 3.04789, 3.11992, 3.19939, 3.28774, 3.38684, 3.49922, 3.62835, 3.7792, 3.95922, 4.18027, 4.46291, 4.84778, 5.43612, 6.39811, 3.78429, 0.154682, 0.000157032, 1.28663e-09, 5.44613e-16, 3.7618e-24, 4.24002e-34, 7.79819e-46, 2.34025e-59, 1.14594e-74, 9.15545e-92, 1.19344e-110, 2.5381e-131, 8.80623e-154, 4.98457e-178, 4.60262e-204, 6.93274e-232, 1.70338e-261, 6.82659e-293, 0, 0, 0, 0, 0, 0
2.28013, 2.30533, 2.33166, 2.35922, 2.3881, 2.4184, 2.45025, 2.48377, 2.51913, 2.55648, 2.59603, 2.638, 2.68263, 2.73023, 2.78113, 2.83574, 2.89452, 2.95803, 3.02695, 3.10208, 3.18444, 3.27525, 3.37609, 3.48895, 3.61647, 3.76215, 3.93082, 4.12938, 4.36803, 4.66275, 5.04039, 5.55082, 6.30222, 7.61054, 10.9716, 9.60384, 0.514968, 0.00062278, 8.44365e-09, 3.636e-15, 2.55494e-23, 2.92939e-33, 5.48011e-45, 1.67261e-58, 8.32861e-74, 6.76543e-91, 8.96482e-110, 1.9377e-130, 6.83139e-153, 3.92812e-177, 3.68377e-203, 5.63391e-231, 1.40513e-260, 5.71467e-292, 0, 0, 0, 0, 0, 0
20.5977
45.68
 
MEASUREMENT 67
1.4716, 4.41481, 7.36319, 10.3064, 13.2548, 16.2031, 19.1774, 22.1309, 25.0793, 28.0277, 30.9502, 33.8934
2.40935, 2.41255, 2.58283, 2.827, 3.22817, 3.71787, 5.11478, 0.232332, 0.000669756, -0.00249071, -0.00134492, -0.00196655
0.00720831, 0.00708061, 0.00783776, 0.00828184, 0.00927769, 0.0106734, 0.0149204, 0.000771342, 0.000414403, 0.000422636, 0.000368554, 0.00039714
0, 0.589331, 1.17866, 1.76799, 2.35732, 2.94665, 3.53598, 4.12532, 4.71465, 5.30398, 5.89331, 6.48264, 7.07197, 7.6613, 8.25063, 8.83996, 9.42929, 10.0186, 10.608, 11.1973, 11.7866, 12.3759, 12.9653, 13.5546, 14.1439, 14.7333, 15.3226, 15.9119, 16.5013, 17.0906, 17.6799, 18.2693, 18.8586, 19.4479, 20.0372, 20.6266, 21.2159, 21.8052, 22.3946, 22.9839, 23.5732, 24.1626, 24.7519, 25.3412, 25.9306, 26.5199, 27.1092, 27.6985, 28.2879, 28.8772, 29.4665, 30.0559, 30.6452, 31.2345, 31.8239, 32.4132, 33.0025, 33.5919, 34.1812, 34.7705
2.28321, 2.30407, 2.32579, 2.34842, 2.37205, 2.39674, 2.42257, 2.44963, 2.47804, 2.5079, 2.53933, 2.5725, 2.60757, 2.64472, 2.68417, 2.72619, 2.77106, 2.81913, 2.87082, 2.92662, 2.98712, 3.05306, 3.12532, 3.20505, 3.29369, 3.39313, 3.50591, 3.63553, 3.78697, 3.96774, 4.18978, 4.47381, 4.86085, 5.45338, 6.41492, 3.77368, 0.157667, 0.000172027, 1.58097e-09, 7.9947e-16, 6.96391e-24, 1.04488e-33, 2.70044e-45, 1.20212e-58, 9.21699e-74, 1.21717e-90, 2.76833e-109, 1.08436e-129, 7.31491e-152, 8.49773e-176, 1.69997e-201, 5.85611e-229, 3.47367e-258, 3.54782e-289, 6.27463e-322, 0, 0, 0, 0, 0
2.28321, 2.30845, 2.33482, 2.36242, 2.39134, 2.42169, 2.45358, 2.48716, 2.52257, 2.55998, 2.59959, 2.64162, 2.68633, 2.734, 2.78498, 2.83967, 2.89855, 2.96216, 3.03119, 3.10646, 3.18895, 3.27992, 3.38093, 3.49399, 3.62174, 3.7677, 3.9367, 4.13567, 4.37483, 4.67022, 5.04881, 5.56072, 6.31479, 7.63032, 11.0053, 9.54972, 0.522145, 0.000677573, 1.03339e-08, 5.31494e-15, 4.70864e-23, 7.18512e-33, 1.88838e-44, 8.54758e-58, 6.663e-73, 8.94431e-90, 2.06753e-108, 8.22932e-129, 5.63974e-151, 6.6545e-175, 1.3518e-200, 4.72747e-228, 2.84606e-257, 2.94943e-288, 5.27168e-321, 0, 0, 0, 0, 0
20.5956
45.68
 
MEASUREMENT 68
1.4716, 4.41481, 7.36319, 10.3064, 13.2548, 16.2031, 19.1774, 22.1309, 25.0793, 28.0277, 30.9502, 33.8934
2.39486, 2.39737, 2.56951, 2.80682, 3.20779, 3.69499, 5.08273, 0.230755, 0.00059683, -0.00242488, -0.00171646, -0.00192732
0.00720831, 0.00708061, 0.00783776, 0.00828184, 0.00927769, 0.0106734, 0.0149204, 0.000771342, 0.000414403, 0.000422636, 0.000368554, 0.00039714
0, 0.589331, 1.17866, 1.76799, 2.35732, 2.94665, 3.53598, 4.12532, 4.71465, 5.30398, 5.89331, 6.48264, 7.07197, 7.6613, 8.25063, 8.83996, 9.42929, 10.0186, 10.608, 11.1973, 11.7866, 12.3759, 12.9653, 13.5546, 14.1439, 14.7333, 15.3226, 15.9119, 16.5013, 17.0906, 17.6799, 18.2693, 18.8586, 19.4479, 20.0372, 20.6266, 21.2159, 21.8052, 22.3946, 22.9839, 23.5732, 24.1626, 24.7519, 25.3412, 25.9306, 26.5199, 27.1092, 27.6985, 28.2879, 28.8772, 29.4665, 30.0559, 30.6452, 31.2345, 31.8239, 32.4132, 33.0025, 33.5919, 34.1812, 34.7705
2.26932, 2.29004, 2.31162, 2.33411, 2.35758, 2.3821, 2.40777, 2.43466, 2.46288, 2.49254, 2.52377, 2.55672, 2.59156, 2.62846, 2.66766, 2.70939, 2.75397, 2.80172, 2.85307, 2.90849, 2.96859, 3.03408, 3.10585, 3.18504, 3.27307, 3.37183, 3.48383, 3.61253, 3.76291, 3.94238, 4.16279, 4.44469, 4.82872, 5.41624, 6.37345, 3.75833, 0.1551, 0.000162828, 1.40847e-09, 6.48683e-16, 5.00382e-24, 6.46469e-34, 1.39882e-45, 5.0691e-59, 3.07642e-74, 3.12673e-91, 5.32175e-110, 1.51677e-130, 7.23892e-153, 5.78494e-177, 7.74069e-203, 1.7342e-230, 6.50489e-260, 4.08494e-291, 0, 0, 0, 0, 0, 0
2.26932, 2.2944, 2.32061, 2.34804, 2.37678, 2.40694, 2.43864, 2.47201, 2.5072, 2.54438, 2.58375, 2.62552, 2.66995, 2.71733, 2.76799, 2.82235, 2.88085, 2.94408, 3.01268, 3.08747, 3.16945, 3.25985, 3.36023, 3.47259, 3.59953, 3.74456, 3.91249, 4.11019, 4.34781, 4.64128, 5.01737, 5.5258, 6.27452, 7.57949, 10.9301, 9.5227, 0.514881, 0.000643393, 9.2209e-09, 4.31983e-15, 3.38949e-23, 4.45406e-33, 9.80185e-45, 3.61217e-58, 2.22902e-73, 2.30315e-90, 3.98445e-109, 1.15407e-129, 5.59611e-152, 4.54268e-176, 6.17288e-202, 1.40408e-229, 5.34566e-259, 3.40643e-290, 0, 0, 0, 0, 0, 0
20.5965
45.68
 
MEASUREMENT 69
1.4716, 4.41481, 7.36319, 10.3064, 13.2548, 16.2031, 19.1774, 22.1309, 25.0793, 28.0277, 30.9502, 33.8934
2.38936, 2.39304, 2.56435, 2.80437, 3.20194, 3.68723, 5.07509, 0.230678, 0.000825602, -0.0022399, -0.00138483, -0.00199274
0.00720831, 0.00708061, 0.00783776, 0.00828184, 0.00927769, 0.0106734, 0.0149204, 0.000771342, 0.000414403, 0.000422636, 0.000368554, 0.00039714
0, 0.589331, 1.17866, 1.76799, 2.35732, 2.94665, 3.53598, 4.12532, 4.71465, 5.30398, 5.89331, 6.48264, 7.07197, 7.6613, 8.25063, 8.83996, 9.42929, 10.0186, 10.608, 11.1973, 11.7866, 12.3759, 12.9653, 13.5546, 14.1439, 14.7333, 15.3226, 15.9119, 16.5013, 17.0906, 17.6799, 18.2693, 18.8586, 19.4479, 20.0372, 20.6266, 21.2159, 21.8052, 22.3946, 22.9839, 23.5732, 24.1626, 24.7519, 25.3412, 25.9306, 26.5199, 27.1092, 27.6985, 28.2879, 28.8772, 29.4665, 30.0559, 30.6452, 31.2345, 31.8239, 32.4132, 33.0025, 33.5919, 34.1812, 34.7705
2.26523, 2.28591, 2.30745, 2.3299, 2.35333, 2.37781, 2.40343, 2.43027, 2.45844, 2.48804, 2.51922, 2.55211, 2.58688, 2.62372, 2.66284, 2.7045, 2.74899, 2.79666, 2.84791, 2.90323, 2.96321, 3.02858, 3.10021, 3.17925, 3.26711, 3.36568, 3.47746, 3.60591, 3.75598, 3.93508, 4.15502, 4.43629, 4.81937, 5.40517, 6.36333, 3.7635, 0.153953, 0.000156738, 1.29066e-09, 5.50402e-16, 3.83948e-24, 4.38108e-34, 8.17704e-46, 2.49636e-59, 1.24653e-74, 1.01804e-91, 1.35984e-110, 2.97063e-131, 1.06129e-153, 6.20058e-178, 5.92408e-204, 9.25519e-232, 2.36433e-261, 9.87577e-293, 0, 0, 0, 0, 0, 0
2.26523, 2.29026, 2.31643, 2.3438, 2.37249, 2.4026, 2.43424, 2.46754, 2.50267, 2.53978, 2.57907, 2.62076, 2.6651, 2.71239, 2.76296, 2.81721, 2.87561, 2.93871, 3.00718, 3.08182, 3.16364, 3.25386, 3.35404, 3.46617, 3.59286, 3.73759, 3.90518, 4.10245, 4.33955, 4.63236, 5.00756, 5.51472, 6.26132, 7.56144, 10.9014, 9.53658, 0.511575, 0.000620312, 8.45044e-09, 3.66605e-15, 2.60155e-23, 3.01965e-33, 5.73261e-45, 1.7799e-58, 9.03773e-74, 7.50453e-91, 1.01897e-109, 2.26233e-130, 8.21255e-153, 4.87424e-177, 4.72955e-203, 7.50233e-231, 1.94542e-260, 8.24621e-292, 0, 0, 0, 0, 0, 0
20.5976
45.68
 
MEASUREMENT 70
1.4716, 4.41481, 7.36319, 10.3064, 13.2548, 16.2031, 19.1774, 22.1309, 25.0793, 28.0277, 30.9502, 33.8934
2.40436, 2.40697, 2.58025, 2.82362, 3.22116, 3.70993, 5.10059, 0.232143, 0.00063026, -0.00262684, -0.00169851, -0.00193343
0.00720831, 0.00708061, 0.00783776, 0.00828184, 0.00927769, 0.0106734, 0.0149204, 0.000771342, 0.000414403, 0.000422636, 0.000368554, 0.00039714
0, 0.589331, 1.17866, 1.76799, 2.35732, 2.94665, 3.53598, 4.12532, 4.71465, 5.30398, 5.89331, 6.48264, 7.07197, 7.6613, 8.25063, 8.83996, 9.42929, 10.0186, 10.608, 11.1973, 11.7866, 12.3759, 12.9653, 13.5546, 14.1439, 14.7333, 15.3226, 15.9119, 16.5013, 17.0906, 17.6799, 18.2693, 18.8586, 19.4479, 20.0372, 20.6266, 21.2159, 21.8052, 22.3946, 22.9839, 23.5732, 24.1626, 24.7519, 25.3412, 25.9306, 26.5199, 27.1092, 27.6985, 28.2879, 28.8772, 29.4665, 30.0559, 30.6452, 31.2345, 31.8239, 32.4132, 33.0025, 33.5919, 34.1812, 34.7705
2.27936, 2.30017, 2.32183, 2.34442, 2.36799, 2.39262, 2.41839, 2.4454, 2.47374, 2.50353, 2.53489, 2.56798, 2.60296, 2.64003, 2.67939, 2.7213, 2.76606, 2.81402, 2.86559, 2.92125, 2.9816, 3.04737, 3.11945, 3.19897, 3.28737, 3.38656, 3.49904, 3.6283, 3.77933, 3.9596, 4.181, 4.46422, 4.85015, 5.44106, 6.39503, 3.75561, 0.159479, 0.000182086, 1.79256e-09, 1.00735e-15, 1.00534e-23, 1.78183e-33, 5.60821e-45, 3.1346e-58, 3.11118e-73, 5.48333e-90, 1.71603e-108, 9.53568e-129, 9.40831e-151, 1.64812e-174, 5.1259e-200, 2.83032e-227, 2.77442e-256, 4.82795e-287, 1.49139e-319, 0, 0, 0, 0, 0
2.27936, 2.30455, 2.33088, 2.35843, 2.38731, 2.4176, 2.44944, 2.48297, 2.51832, 2.55567, 2.59521, 2.63717, 2.6818, 2.7294, 2.7803, 2.8349, 2.89368, 2.95719, 3.02611, 3.10125, 3.18361, 3.27444, 3.37529, 3.48817, 3.61572, 3.76145, 3.9302, 4.12886, 4.36767, 4.66264, 5.04072, 5.552, 6.30533, 7.62059, 10.991, 9.51068, 0.528126, 0.000719332, 1.17385e-08, 6.70845e-15, 6.80847e-23, 1.22708e-32, 3.92708e-44, 2.23162e-57, 2.25164e-72, 4.03355e-89, 1.28281e-107, 7.2427e-128, 7.25908e-150, 1.29147e-173, 4.07836e-199, 2.28595e-226, 2.27409e-255, 4.01502e-286, 1.25785e-318, 0, 0, 0, 0, 0
20.5951
45.68
 
MEASUREMENT 71
1.4716, 4.41481, 7.36319, 10.3064, 13.2548, 16.2031, 19.1774, 22.1309, 25.0793, 28.0277, 30.9502, 33.8934
2.43075, 2.43359, 2.60817, 2.84884, 3.25635, 3.75028, 5.15987, 0.234505, 0.000694501, -0.00255122, -0.00133732, -0.00198946
0.00720831, 0.00708061, 0.00783776, 0.00828184, 0.00927769, 0.0106734, 0.0149204, 0.000771342, 0.000414403, 0.000422636, 0.000368554, 0.00039714
0, 0.589331, 1.17866, 1.76799, 2.35732, 2.94665, 3.53598, 4.12532, 4.71465, 5.30398, 5.89331, 6.48264, 7.07197, 7.6613, 8.25063, 8.83996, 9.42929, 10.0186, 10.608, 11.1973, 11.7866, 12.3759, 12.9653, 13.5546, 14.1439, 14.7333, 15.3226, 15.9119, 16.5013, 17.0906, 17.6799, 18.2693, 18.8586, 19.4479, 20.0372, 20.6266, 21.2159, 21.8052, 22.3946, 22.9839, 23.5732, 24.1626, 24.7519, 25.3412, 25.9306, 26.5199, 27.1092, 27.6985, 28.2879, 28.8772, 29.4665, 30.0559, 30.6452, 31.2345, 31.8239, 32.4132, 33.0025, 33.5919, 34.1812, 34.7705
2.30348, 2.32451, 2.34641, 2.36924, 2.39306, 2.41795, 2.444, 2.4713, 2.49994, 2.53005, 2.56175, 2.59519, 2.63055, 2.668, 2.70779, 2.75015, 2.79539, 2.84386, 2.89597, 2.95223, 3.01322, 3.07969, 3.15254, 3.2329, 3.32225, 3.42248, 3.53614, 3.66676, 3.81937, 4.0015, 4.22516, 4.51121, 4.90082, 5.49673, 6.46961, 3.82187, 0.157118, 0.000162524, 1.37218e-09, 6.08305e-16, 4.46303e-24, 5.41908e-34, 1.08893e-45, 3.6211e-59, 1.99268e-74, 1.81457e-91, 2.73426e-110, 6.81739e-131, 2.81251e-153, 1.91978e-177, 2.16807e-203, 4.05083e-231, 1.25212e-260, 6.40266e-292, 0, 0, 0, 0, 0, 0
2.30348, 2.32893, 2.35554, 2.38338, 2.41255, 2.44317, 2.47534, 2.50921, 2.54493, 2.58267, 2.62263, 2.66502, 2.71012, 2.7582, 2.80963, 2.8648, 2.92418, 2.98835, 3.05798, 3.13389, 3.2171, 3.30885, 3.41073, 3.52476, 3.6536, 3.80079, 3.97122, 4.17185, 4.41299, 4.7108, 5.09242, 5.60829, 6.36782, 7.69098, 11.0891, 9.68423, 0.521866, 0.000642745, 8.98471e-09, 4.05179e-15, 3.02396e-23, 3.73481e-33, 7.63312e-45, 2.58139e-58, 1.44445e-73, 1.33727e-90, 2.04827e-109, 5.19015e-130, 2.17558e-152, 1.50851e-176, 1.73014e-202, 3.28208e-230, 1.02975e-259, 5.34334e-291, 0, 0, 0, 0, 0, 0
20.5972
45.68
 
MEASUREMENT 72
1.4716, 4.41481, 7.36319, 10.3064, 13.2548, 16.2031, 19.1774, 22.1309, 25.0793, 28.0277, 30.9502, 33.8934
2.36404, 2.36709, 2.53961, 2.77603, 3.1667, 3.64766, 5.01782, 0.227857, 0.000872255, -0.0025144, -0.00147543, -0.00194453
0.00720831, 0.00708061, 0.00783776, 0.00828184, 0.00927769, 0.0106734, 0.0149204, 0.000771342, 0.000414403, 0.000422636, 0.000368554, 0.00039714
0, 0.589331, 1.17866, 1.76799, 2.35732, 2.94665, 3.53598, 4.12532, 4.71465, 5.30398, 5.89331, 6.48264, 7.07197, 7.6613, 8.25063, 8.83996, 9.42929, 10.0186, 10.608, 11.1973, 11.7866, 12.3759, 12.9653, 13.5546, 14.1439, 14.7333, 15.3226, 15.9119, 16.5013, 17.0906, 17.6799, 18.2693, 18.8586, 19.4479, 20.0372, 20.6266, 21.2159, 21.8052, 22.3946, 22.9839, 23.5732, 24.1626, 24.7519, 25.3412, 25.9306, 26.5199, 27.1092, 27.6985, 28.2879, 28.8772, 29.4665, 30.0559, 30.6452, 31.2345, 31.8239, 32.4132, 33.0025, 33.5919, 34.1812, 34.7705
2.24184, 2.26229, 2.28359, 2.30579, 2.32896, 2.35318, 2.37851, 2.40505, 2.43291, 2.46219, 2.49302, 2.52554, 2.55992, 2.59634, 2.63503, 2.67622, 2.72021, 2.76734, 2.81801, 2.87271, 2.93201, 2.99663, 3.06745, 3.14557, 3.23242, 3.32984, 3.44032, 3.56727, 3.71557, 3.89254, 4.10984, 4.38769, 4.76605, 5.34443, 6.28974, 3.71841, 0.151982, 0.000154465, 1.26838e-09, 5.38912e-16, 3.74147e-24, 4.24438e-34, 7.86729e-46, 2.38267e-59, 1.179e-74, 9.53168e-92, 1.25896e-110, 2.71659e-131, 9.57624e-154, 5.5145e-178, 5.18729e-204, 7.97044e-232, 2.00039e-261, 8.20006e-293, 0, 0, 0, 0, 0, 0
2.24184, 2.26661, 2.29251, 2.3196, 2.34799, 2.37779, 2.4091, 2.44206, 2.47682, 2.51355, 2.55244, 2.5937, 2.63758, 2.68438, 2.73443, 2.78812, 2.84591, 2.90836, 2.97612, 3.05, 3.13097, 3.22026, 3.3194, 3.43037, 3.55575, 3.69899, 3.86484, 4.06007, 4.29473, 4.58451, 4.95583, 5.45774, 6.19661, 7.48323, 10.7886, 9.43904, 0.50609, 0.000612722, 8.32648e-09, 3.59903e-15, 2.54189e-23, 2.93326e-33, 5.53027e-45, 1.70341e-58, 8.57131e-74, 7.04539e-91, 9.45955e-110, 2.07453e-130, 7.43069e-153, 4.34687e-177, 4.15279e-203, 6.47885e-231, 1.65055e-260, 6.86614e-292, 0, 0, 0, 0, 0, 0
20.5976
45.68
 
MEASUREMENT 73
1.4716, 4.41481, 7.36319, 10.3064, 13.2548, 16.2031, 19.1774, 22.1309, 25.0793, 28.0277, 30.9502, 33.8934
2.40437, 2.40474, 2.57744, 2.81828, 3.21825, 3.70351, 5.10205, 0.232043, 0.000528531, -0.00253566, -0.00157058, -0.00193613
0.00720831, 0.00708061, 0.00783776, 0.00828184, 0.00927769, 0.0106734, 0.0149204, 0.000771342, 0.000414403, 0.000422636, 0.000368554, 0.00039714
0, 0.589331, 1.17866, 1.76799, 2.35732, 2.94665, 3.53598, 4.12532, 4.71465, 5.30398, 5.89331, 6.48264, 7.07197, 7.6613, 8.25063, 8.83996, 9.42929, 10.0186, 10.608, 11.1973, 11.7866, 12.3759, 12.9653, 13.5546, 14.1439, 14.7333, 15.3226, 15.9119, 16.5013, 17.0906, 17.6799, 18.2693, 18.8586, 19.4479, 20.0372, 20.6266, 21.2159, 21.8052, 22.3946, 22.9839, 23.5732, 24.1626, 24.7519, 25.3412, 25.9306, 26.5199, 27.1092, 27.6985, 28.2879, 28.8772, 29.4665, 30.0559, 30.6452, 31.2345, 31.8239, 32.4132, 33.0025, 33.5919, 34.1812, 34.7705
2.27783, 2.2986, 2.32022, 2.34276, 2.36627, 2.39085, 2.41656, 2.4435, 2.47177, 2.50149, 2.53278, 2.56578, 2.60067, 2.63763, 2.67688, 2.71868, 2.76331, 2.81112, 2.86253, 2.91801, 2.97816, 3.04369, 3.11551, 3.19473, 3.28278, 3.38153, 3.4935, 3.62212, 3.77234, 3.95152, 4.17141, 4.45235, 4.83435, 5.41645, 6.38927, 3.83982, 0.146754, 0.000119669, 6.94191e-10, 1.71963e-16, 5.91161e-25, 2.82019e-35, 1.867e-47, 1.71509e-61, 2.18624e-77, 3.86683e-95, 9.48959e-115, 3.23114e-136, 1.52638e-159, 1.00034e-184, 9.09485e-212, 1.14705e-240, 2.00676e-271, 4.86976e-304, 0, 0, 0, 0, 0, 0
2.27783, 2.303, 2.3293, 2.35682, 2.38565, 2.41591, 2.44771, 2.48119, 2.5165, 2.5538, 2.59329, 2.63519, 2.67975, 2.72728, 2.7781, 2.83261, 2.89129, 2.95469, 3.02349, 3.09849, 3.18069, 3.27132, 3.37195, 3.48457, 3.6118, 3.75712, 3.92537, 4.12337, 4.36127, 4.65495, 5.03103, 5.53887, 6.2851, 7.57769, 10.9077, 9.78096, 0.493469, 0.000481593, 4.57617e-09, 1.15403e-15, 4.03859e-24, 1.96118e-34, 1.32146e-46, 1.23541e-60, 1.60239e-76, 2.88331e-94, 7.19709e-114, 2.49196e-135, 1.19678e-158, 7.97176e-184, 7.36437e-211, 9.43481e-240, 1.6762e-270, 4.12941e-303, 0, 0, 0, 0, 0, 0
20.6035
45.68
 
MEASUREMENT 74
1.4716, 4.41481, 7.36319, 10.3064, 13.2548, 16.2031, 19.1774, 22.1309, 25.0793, 28.0277, 30.9502, 33.8934
2.39989, 2.40581, 2.57508, 2.81584, 3.21248, 3.70256, 5.09394, 0.231577, 0.00096146, -0.00242703, -0.00145486, -0.00190504
0.00720831, 0.00708061, 0.00783776, 0.00828184, 0.00927769, 0.0106734, 0.0149204, 0.000771342, 0.000414403, 0.000422636, 0.000368554, 0.00039714
0, 0.589331, 1.17866, 1.76799, 2.35732, 2.94665, 3.53598, 4.12532, 4.71465, 5.30398, 5.89331, 6.48264, 7.07197, 7.6613, 8.25063, 8.83996, 9.42929, 10.0186, 10.608, 11.1973, 11.7866, 12.3759, 12.9653, 13.5546, 14.1439, 14.7333, 15.3226, 15.9119, 16.5013, 17.0906, 17.6799, 18.2693, 18.8586, 19.4479, 20.0372, 20.6266, 21.2159, 21.8052, 22.3946, 22.9839, 23.5732, 24.1626, 24.7519, 25.3412, 25.9306, 26.5199, 27.1092, 27.6985, 28.2879, 28.8772, 29.4665, 30.0559, 30.6452, 31.2345, 31.8239, 32.4132, 33.0025, 33.5919, 34.1812, 34.7705
2.27565, 2.2964, 2.31801, 2.34053, 2.36404, 2.3886, 2.41429, 2.44122, 2.46947, 2.49917, 2.53044, 2.56343, 2.5983, 2.63524, 2.67447, 2.71625, 2.76086, 2.80865, 2.86004, 2.9155, 2.97563, 3.04114, 3.11294, 3.19214, 3.28018, 3.37893, 3.4909, 3.61954, 3.76979, 3.94905, 4.1691, 4.45035, 4.83304, 5.41711, 6.38176, 3.80218, 0.150872, 0.000138973, 9.76231e-10, 3.25459e-16, 1.64693e-24, 1.26497e-34, 1.47468e-46, 2.60929e-60, 7.00705e-76, 2.85578e-93, 1.76634e-112, 1.65794e-133, 2.36153e-156, 5.10421e-181, 1.67401e-207, 8.33031e-236, 6.28959e-266, 7.20481e-298, 0, 0, 0, 0, 0, 0
2.27565, 2.3008, 2.32708, 2.35458, 2.38339, 2.41363, 2.4454, 2.47886, 2.51414, 2.55141, 2.59087, 2.63275, 2.67728, 2.72477, 2.77556, 2.83004, 2.88869, 2.95205, 3.02081, 3.09577, 3.17793, 3.26852, 3.36911, 3.48169, 3.60888, 3.75418, 3.9224, 4.1204, 4.35834, 4.65213, 5.02848, 5.53693, 6.28479, 7.58377, 10.9258, 9.67093, 0.504894, 0.000555178, 6.42553e-09, 2.17995e-15, 1.12255e-23, 8.77336e-34, 1.04064e-45, 1.87321e-59, 5.11679e-75, 2.12085e-92, 1.33382e-111, 1.27274e-132, 1.8425e-155, 4.04649e-180, 1.34812e-206, 6.813e-235, 5.22256e-265, 6.07214e-297, 0, 0, 0, 0, 0, 0
20.6005
45.68
 
MEASUREMENT 75
1.4716, 4.41481, 7.36319, 10.3064, 13.2548, 16.2031, 19.1774, 22.1309, 25.0793, 28.0277, 30.9502, 33.8934
2.38016, 2.38318, 2.55512, 2.79375, 3.19622, 3.6812, 5.05743, 0.229632, 0.000519715, -0.00237649, -0.00160868, -0.00181167
0.00720831, 0.00708061, 0.00783776, 0.00828184, 0.00927769, 0.0106734, 0.0149204, 0.000771342, 0.000414403, 0.000422636, 0.000368554, 0.00039714
0, 0.589331, 1.17866, 1.76799, 2.35732, 2.94665, 3.53598, 4.12532, 4.71465, 5.30398, 5.89331, 6.48264, 7.07197, 7.6613, 8.25063, 8.83996, 9.42929, 10.0186, 10.608, 11.1973, 11.7866, 12.3759, 12.9653, 13.5546, 14.1439, 14.7333, 15.3226, 15.9119, 16.5013, 17.0906, 17.6799, 18.2693, 18.8586, 19.4479, 20.0372, 20.6266, 21.2159, 21.8052, 22.3946, 22.9839, 23.5732, 24.1626, 24.7519, 25.3412, 25.9306, 26.5199, 27.1092, 27.6985, 28.2879, 28.8772, 29.4665, 30.0559, 30.6452, 31.2345, 31.8239, 32.4132, 33.0025, 33.5919, 34.1812, 34.7705
2.25572, 2.27639, 2.29793, 2.32037, 2.3438, 2.36828, 2.3939, 2.42075, 2.44892, 2.47854, 2.50974, 2.54265, 2.57745, 2.61432, 2.65349, 2.6952, 2.73976, 2.78751, 2.83886, 2.89431, 2.95444, 3.01998, 3.09185, 3.17116, 3.25937, 3.35838, 3.47073, 3.59993, 3.75102, 3.93154, 4.15359, 4.43823, 4.82744, 5.42767, 6.35189, 3.62903, 0.171578, 0.000277489, 4.75853e-09, 6.32255e-15, 1.93761e-22, 1.36959e-31, 2.23284e-42, 8.39576e-55, 7.28093e-69, 1.45623e-84, 6.71704e-102, 7.1453e-121, 1.75286e-141, 9.91615e-164, 1.2936e-187, 3.89134e-213, 2.69919e-240, 4.31705e-269, 1.59202e-299, 0, 0, 0, 0, 0
2.25572, 2.28067, 2.30674, 2.33403, 2.36262, 2.39263, 2.42416, 2.45737, 2.49238, 2.52938, 2.56855, 2.61012, 2.65433, 2.70148, 2.75192, 2.80602, 2.86427, 2.92721, 2.99552, 3.07, 3.15165, 3.2417, 3.34171, 3.45368, 3.58022, 3.72484, 3.89236, 4.08966, 4.32698, 4.62035, 4.99681, 5.50686, 6.26111, 7.59208, 10.962, 9.08244, 0.555081, 0.00105897, 3.06642e-08, 4.13869e-14, 1.28838e-21, 9.25041e-31, 1.53177e-41, 5.84958e-54, 5.15154e-68, 1.0462e-83, 4.89929e-101, 5.29029e-120, 1.31715e-140, 7.56106e-163, 1.0007e-186, 3.05338e-212, 2.14782e-239, 3.48287e-268, 1.30192e-298, 0, 0, 0, 0, 0
20.5837
45.68
 
MEASUREMENT 76
1.4716, 4.41481, 7.36319, 10.3064, 13.2548, 16.2031, 19.1774, 22.1309, 25.0793, 28.0277, 30.9502, 33.8934
2.48951, 2.49309, 2.67145, 2.92056, 3.32834, 3.83394, 5.28088, 0.239976, 0.000925542, -0.00261059, -0.00152349, -0.00203457
0.00720831, 0.00708061, 0.00783776, 0.00828184, 0.00927769, 0.0106734, 0.0149204, 0.000771342, 0.000414403, 0.000422636, 0.000368554, 0.00039714
0, 0.589331, 1.17866, 1.76799, 2.35732, 2.94665, 3.53598, 4.12532, 4.71465, 5.30398, 5.89331, 6.48264, 7.07197, 7.6613, 8.25063, 8.83996, 9.42929, 10.0186, 10.608, 11.1973, 11.7866, 12.3759, 12.9653, 13.5546, 14.1439, 14.7333, 15.3226, 15.9119, 16.5013, 17.0906, 17.6799, 18.2693, 18.8586, 19.4479, 20.0372, 20.6266, 21.2159, 21.8052, 22.3946, 22.9839, 23.5732, 24.1626, 24.7519, 25.3412, 25.9306, 26.5199, 27.1092, 27.6985, 28.2879, 28.8772, 29.4665, 30.0559, 30.6452, 31.2345, 31.8239, 32.4132, 33.0025, 33.5919, 34.1812, 34.7705
2.3605, 2.38197, 2.40433, 2.42763, 2.45195, 2.47736, 2.50395, 2.5318, 2.56103, 2.59175, 2.62409, 2.65821, 2.69427, 2.73247, 2.77304, 2.81622, 2.86234, 2.91174, 2.96484, 3.02215, 3.08427, 3.15195, 3.2261, 3.30787, 3.39875, 3.50065, 3.61615, 3.7488, 3.90364, 4.08826, 4.31467, 4.60366, 4.99602, 5.59201, 6.60314, 4.02052, 0.144644, 9.67396e-05, 4.11354e-10, 6.29512e-17, 1.15571e-25, 2.54527e-36, 6.72437e-49, 2.131e-63, 8.10059e-80, 3.69345e-98, 2.01982e-118, 1.32476e-140, 1.04204e-164, 9.8297e-191, 1.11193e-218, 1.50826e-248, 2.4531e-280, 4.78379e-314, 0, 0, 0, 0, 0, 0
2.3605, 2.38657, 2.41381, 2.44232, 2.47219, 2.50354, 2.53649, 2.57117, 2.60774, 2.64638, 2.68728, 2.73069, 2.77685, 2.82607, 2.87871, 2.93517, 2.99595, 3.06161, 3.13286, 3.21053, 3.29565, 3.38949, 3.49368, 3.61028, 3.74198, 3.8924, 4.06652, 4.27139, 4.51749, 4.82119, 5.2099, 5.73438, 6.50391, 7.83125, 11.2537, 10.3048, 0.492353, 0.000396085, 2.73454e-09, 4.2629e-16, 7.97191e-25, 1.78825e-35, 4.81146e-48, 1.55266e-62, 6.00896e-79, 2.78878e-97, 1.55201e-117, 1.03564e-139, 8.28574e-164, 7.94754e-190, 9.13874e-218, 1.2597e-247, 2.08136e-279, 4.12196e-313, 0, 0, 0, 0, 0, 0
20.6084
45.68
 
MEASUREMENT 77
1.4716, 4.41481, 7.36319, 10.3064, 13.2548, 16.2031, 19.1774, 22.1309, 25.0793, 28.0277, 30.9502, 33.8934
2.52734, 2.53152, 2.7129, 2.96585, 3.38685, 3.9007, 5.36634, 0.244018, 0.000915897, -0.00246523, -0.00137098, -0.00180093
0.00720831, 0.00708061, 0.00783776, 0.00828184, 0.00927769, 0.0106734, 0.0149204, 0.000771342, 0.000414403, 0.000422636, 0.000368554, 0.00039714
0, 0.589331, 1.17866, 1.76799, 2.35732, 2.94665, 3.53598, 4.12532, 4.71465, 5.30398, 5.89331, 6.48264, 7.07197, 7.6613, 8.25063, 8.83996, 9.42929, 10.0186, 10.608, 11.1973, 11.7866, 12.3759, 12.9653, 13.5546, 14.1439, 14.7333, 15.3226, 15.9119, 16.5013, 17.0906, 17.6799, 18.2693, 18.8586, 19.4479, 20.0372, 20.6266, 21.2159, 21.8052, 22.3946, 22.9839, 23.5732, 24.1626, 24.7519, 25.3412, 25.9306, 26.5199, 27.1092, 27.6985, 28.2879, 28.8772, 29.4665, 30.0559, 30.6452, 31.2345, 31.8239, 32.4132, 33.0025, 33.5919, 34.1812, 34.7705
2.39611, 2.41799, 2.44077, 2.46452, 2.4893, 2.5152, 2.5423, 2.57069, 2.60049, 2.63181, 2.66479, 2.69958, 2.73636, 2.77533, 2.81671, 2.86078, 2.90785, 2.95827, 3.01249, 3.07101, 3.13446, 3.20361, 3.2794, 3.36301, 3.45596, 3.56024, 3.6785, 3.8144, 3.97318, 4.16269, 4.39543, 4.6931, 5.09862, 5.71908, 6.72875, 3.96792, 0.164763, 0.000175716, 1.55576e-09, 7.42156e-16, 5.98852e-24, 8.17347e-34, 1.88689e-45, 7.36769e-59, 4.86571e-74, 5.43474e-91, 1.02664e-109, 3.27978e-130, 1.77193e-152, 1.61885e-176, 2.50099e-202, 6.53345e-230, 2.88591e-259, 2.15533e-290, 2.96439e-323, 0, 0, 0, 0, 0
2.39611, 2.4226, 2.45027, 2.47923, 2.50958, 2.54143, 2.5749, 2.61013, 2.64729, 2.68655, 2.72811, 2.77222, 2.81913, 2.86915, 2.92265, 2.98004, 3.04182, 3.10857, 3.18101, 3.25998, 3.34654, 3.44199, 3.54798, 3.66662, 3.80065, 3.95379, 4.13111, 4.33985, 4.59075, 4.90063, 5.29775, 5.83462, 6.62527, 8.00355, 11.541, 10.0502, 0.54661, 0.000693705, 1.01836e-08, 4.94133e-15, 4.05554e-23, 5.62981e-33, 1.32177e-44, 5.24825e-58, 3.52407e-73, 4.00151e-90, 7.68298e-109, 2.49424e-129, 1.36908e-151, 1.27051e-175, 1.99327e-201, 5.2865e-229, 2.3701e-258, 1.79614e-289, 2.61855e-322, 0, 0, 0, 0, 0
20.5965
45.68
 
MEASUREMENT 78
1.4716, 4.41481, 7.36319, 10.3064, 13.2548, 16.2031, 19.1774, 22.1309, 25.0793, 28.0277, 30.9502, 33.8934
2.21431, 2.21722, 2.37615, 2.59861, 2.96961, 3.42004, 4.7009, 0.213243, 0.000563662, -0.00251169, -0.0017097, -0.00199481
0.00720831, 0.00708061, 0.00783776, 0.00828184, 0.00927769, 0.0106734, 0.0149204, 0.000771342, 0.000414403, 0.000422636, 0.000368554, 0.00039714
0, 0.589331, 1.17866, 1.76799, 2.35732, 2.94665, 3.53598, 4.12532, 4.71465, 5.30398, 5.89331, 6.48264, 7.07197, 7.6613, 8.25063, 8.83996, 9.42929, 10.0186, 10.608, 11.1973, 11.7866, 12.3759, 12.9653, 13.5546, 14.1439, 14.7333, 15.3226, 15.9119, 16.5013, 17.0906, 17.6799, 18.2693, 18.8586, 19.4479, 20.0372, 20.6266, 21.2159, 21.8052, 22.3946, 22.9839, 23.5732, 24.1626, 24.7519, 25.3412, 25.9306, 26.5199, 27.1092, 27.6985, 28.2879, 28.8772, 29.4665, 30.0559, 30.6452, 31.2345, 31.8239, 32.4132, 33.0025, 33.5919, 34.1812, 34.7705
2.09872, 2.11792, 2.1379, 2.15874, 2.18048, 2.2032, 2.22698, 2.25189, 2.27804, 2.30552, 2.33446, 2.365, 2.39728, 2.43148, 2.46781, 2.5065, 2.54782, 2.59209, 2.6397, 2.69109, 2.74682, 2.80756, 2.87414, 2.94761, 3.0293, 3.12096, 3.22494, 3.34447, 3.48418, 3.651, 3.85603, 4.11852, 4.47671, 5.02678, 5.89971, 3.42312, 0.151064, 0.000196809, 2.39684e-09, 1.87575e-15, 2.88635e-23, 8.73293e-33, 5.19513e-44, 6.07643e-57, 1.39736e-71, 6.31774e-88, 5.61563e-106, 9.81309e-126, 3.37109e-147, 2.27655e-170, 3.02213e-195, 7.88611e-222, 4.04494e-250, 4.07799e-280, 8.0807e-312, 0, 0, 0, 0, 0
2.09872, 2.12193, 2.14618, 2.17155, 2.19815, 2.22605, 2.25538, 2.28626, 2.31882, 2.35322, 2.38965, 2.4283, 2.46941, 2.51325, 2.56014, 2.61045, 2.6646, 2.72311, 2.78661, 2.85584, 2.93173, 3.01543, 3.10837, 3.2124, 3.32997, 3.4643, 3.61988, 3.80308, 4.02334, 4.2955, 4.64451, 5.11684, 5.81378, 7.0357, 10.1558, 8.62885, 0.495639, 0.000767928, 1.55892e-08, 1.24013e-14, 1.93976e-22, 5.96545e-32, 3.60689e-43, 4.28743e-56, 1.00188e-70, 4.60225e-87, 4.15563e-105, 7.3756e-125, 2.57295e-146, 1.76407e-169, 2.37704e-194, 6.29464e-221, 3.27567e-249, 3.34971e-279, 6.73093e-311, 0, 0, 0, 0, 0
20.5902
45.68
 
MEASUREMENT 79
1.4716, 4.41481, 7.36319, 10.3064, 13.2548, 16.2031, 19.1774, 22.1309, 25.0793, 28.0277, 30.9502, 33.8934
-0.00338909, -0.00404013, -0.00263027, -0.00200515, -0.00193265, -0.00161078, -0.00201713, -0.00178836, -0.00276199, -0.0035956, -0.00211583, -0.00273338
0.00720831, 0.00708061, 0.00783776, 0.00828184, 0.00927769, 0.0106734, 0.0149204, 0.000771342, 0.000414403, 0.000422636, 0.000368554, 0.00039714
0, 0.589331, 1.17866, 1.76799, 2.35732, 2.94665, 3.53598, 4.12532, 4.71465, 5.30398, 5.89331, 6.48264, 7.07197, 7.6613, 8.25063, 8.83996, 9.42929, 10.0186, 10.608, 11.1973, 11.7866, 12.3759, 12.9653, 13.5546, 14.1439, 14.7333, 15.3226, 15.9119, 16.5013, 17.0906, 17.6799, 18.2693, 18.8586, 19.4479, 20.0372, 20.6266, 21.2159, 21.8052, 22.3946, 22.9839, 23.5732, 24.1626, 24.7519, 25.3412, 25.9306, 26.5199, 27.1092, 27.6985, 28.2879, 28.8772, 29.4665, 30.0559, 30.6452, 31.2345, 31.8239, 32.4132, 33.0025, 33.5919, 34.1812, 34.7705
0, 0, 0, 0, 0, 0, 0, 0, 0, 0, 0, 0, 0, 0, 0, 0, 0, 0, 0, 0, 0, 0, 0, 0, 0, 0, 0, 0, 0, 0, 0, 0, 0, 0, 0, 0, 0, 0, 0, 0, 0, 0, 0, 0, 0, 0, 0, 0, 0, 0, 0, 0, 0, 0, 0, 0, 0, 0, 0, 0
0, 0, 0, 0, 0, 0, 0, 0, 0, 0, 0, 0, 0, 0, 0, 0, 0, 0, 0, 0, 0, 0, 0, 0, 0, 0, 0, 0, 0, 0, 0, 0, 0, 0, 0, 0, 0, 0, 0, 0, 0, 0, 0, 0, 0, 0, 0, 0, 0, 0, 0, 0, 0, 0, 0, 0, 0, 0, 0, 0
-
-
 
MEASUREMENT 80
1.4716, 4.41481, 7.36319, 10.3064, 13.2548, 16.2031, 19.1774, 22.1309, 25.0793, 28.0277, 30.9502, 33.8934
-0.00371031, -0.0037026, -0.00295358, -0.00199703, -0.00181415, -0.00149976, -0.00206882, -0.00217663, -0.00274406, -0.00318103, -0.00224782, -0.00244048
0.00720831, 0.00708061, 0.00783776, 0.00828184, 0.00927769, 0.0106734, 0.0149204, 0.000771342, 0.000414403, 0.000422636, 0.000368554, 0.00039714
0, 0.589331, 1.17866, 1.76799, 2.35732, 2.94665, 3.53598, 4.12532, 4.71465, 5.30398, 5.89331, 6.48264, 7.07197, 7.6613, 8.25063, 8.83996, 9.42929, 10.0186, 10.608, 11.1973, 11.7866, 12.3759, 12.9653, 13.5546, 14.1439, 14.7333, 15.3226, 15.9119, 16.5013, 17.0906, 17.6799, 18.2693, 18.8586, 19.4479, 20.0372, 20.6266, 21.2159, 21.8052, 22.3946, 22.9839, 23.5732, 24.1626, 24.7519, 25.3412, 25.9306, 26.5199, 27.1092, 27.6985, 28.2879, 28.8772, 29.4665, 30.0559, 30.6452, 31.2345, 31.8239, 32.4132, 33.0025, 33.5919, 34.1812, 34.7705
0, 0, 0, 0, 0, 0, 0, 0, 0, 0, 0, 0, 0, 0, 0, 0, 0, 0, 0, 0, 0, 0, 0, 0, 0, 0, 0, 0, 0, 0, 0, 0, 0, 0, 0, 0, 0, 0, 0, 0, 0, 0, 0, 0, 0, 0, 0, 0, 0, 0, 0, 0, 0, 0, 0, 0, 0, 0, 0, 0
0, 0, 0, 0, 0, 0, 0, 0, 0, 0, 0, 0, 0, 0, 0, 0, 0, 0, 0, 0, 0, 0, 0, 0, 0, 0, 0, 0, 0, 0, 0, 0, 0, 0, 0, 0, 0, 0, 0, 0, 0, 0, 0, 0, 0, 0, 0, 0, 0, 0, 0, 0, 0, 0, 0, 0, 0, 0, 0, 0
-
-
 
MEASUREMENT 81
1.4716, 4.41481, 7.36319, 10.3064, 13.2548, 16.2031, 19.1774, 22.1309, 25.0793, 28.0277, 30.9502, 33.8934
-0.00338557, -0.00364858, -0.00285009, -0.00186839, -0.00217199, -0.00145023, -0.00205477, -0.00198033, -0.00281642, -0.00382906, -0.00243817, -0.0025524
0.00720831, 0.00708061, 0.00783776, 0.00828184, 0.00927769, 0.0106734, 0.0149204, 0.000771342, 0.000414403, 0.000422636, 0.000368554, 0.00039714
0, 0.589331, 1.17866, 1.76799, 2.35732, 2.94665, 3.53598, 4.12532, 4.71465, 5.30398, 5.89331, 6.48264, 7.07197, 7.6613, 8.25063, 8.83996, 9.42929, 10.0186, 10.608, 11.1973, 11.7866, 12.3759, 12.9653, 13.5546, 14.1439, 14.7333, 15.3226, 15.9119, 16.5013, 17.0906, 17.6799, 18.2693, 18.8586, 19.4479, 20.0372, 20.6266, 21.2159, 21.8052, 22.3946, 22.9839, 23.5732, 24.1626, 24.7519, 25.3412, 25.9306, 26.5199, 27.1092, 27.6985, 28.2879, 28.8772, 29.4665, 30.0559, 30.6452, 31.2345, 31.8239, 32.4132, 33.0025, 33.5919, 34.1812, 34.7705
0, 0, 0, 0, 0, 0, 0, 0, 0, 0, 0, 0, 0, 0, 0, 0, 0, 0, 0, 0, 0, 0, 0, 0, 0, 0, 0, 0, 0, 0, 0, 0, 0, 0, 0, 0, 0, 0, 0, 0, 0, 0, 0, 0, 0, 0, 0, 0, 0, 0, 0, 0, 0, 0, 0, 0, 0, 0, 0, 0
0, 0, 0, 0, 0, 0, 0, 0, 0, 0, 0, 0, 0, 0, 0, 0, 0, 0, 0, 0, 0, 0, 0, 0, 0, 0, 0, 0, 0, 0, 0, 0, 0, 0, 0, 0, 0, 0, 0, 0, 0, 0, 0, 0, 0, 0, 0, 0, 0, 0, 0, 0, 0, 0, 0, 0, 0, 0, 0, 0
-
-
 
MEASUREMENT 82
1.4716, 4.41481, 7.36319, 10.3064, 13.2548, 16.2031, 19.1774, 22.1309, 25.0793, 28.0277, 30.9502, 33.8934
-0.0035204, -0.00374789, -0.00259595, -0.00214877, -0.00198657, -0.00162593, -0.00205214, -0.0019666, -0.00254815, -0.00349295, -0.00202528, -0.00247234
0.00720831, 0.00708061, 0.00783776, 0.00828184, 0.00927769, 0.0106734, 0.0149204, 0.000771342, 0.000414403, 0.000422636, 0.000368554, 0.00039714
0, 0.589331, 1.17866, 1.76799, 2.35732, 2.94665, 3.53598, 4.12532, 4.71465, 5.30398, 5.89331, 6.48264, 7.07197, 7.6613, 8.25063, 8.83996, 9.42929, 10.0186, 10.608, 11.1973, 11.7866, 12.3759, 12.9653, 13.5546, 14.1439, 14.7333, 15.3226, 15.9119, 16.5013, 17.0906, 17.6799, 18.2693, 18.8586, 19.4479, 20.0372, 20.6266, 21.2159, 21.8052, 22.3946, 22.9839, 23.5732, 24.1626, 24.7519, 25.3412, 25.9306, 26.5199, 27.1092, 27.6985, 28.2879, 28.8772, 29.4665, 30.0559, 30.6452, 31.2345, 31.8239, 32.4132, 33.0025, 33.5919, 34.1812, 34.7705
0, 0, 0, 0, 0, 0, 0, 0, 0, 0, 0, 0, 0, 0, 0, 0, 0, 0, 0, 0, 0, 0, 0, 0, 0, 0, 0, 0, 0, 0, 0, 0, 0, 0, 0, 0, 0, 0, 0, 0, 0, 0, 0, 0, 0, 0, 0, 0, 0, 0, 0, 0, 0, 0, 0, 0, 0, 0, 0, 0
0, 0, 0, 0, 0, 0, 0, 0, 0, 0, 0, 0, 0, 0, 0, 0, 0, 0, 0, 0, 0, 0, 0, 0, 0, 0, 0, 0, 0, 0, 0, 0, 0, 0, 0, 0, 0, 0, 0, 0, 0, 0, 0, 0, 0, 0, 0, 0, 0, 0, 0, 0, 0, 0, 0, 0, 0, 0, 0, 0
-
-
 
MEASUREMENT 83
1.4716, 4.41481, 7.36319, 10.3064, 13.2548, 16.2031, 19.1774, 22.1309, 25.0793, 28.0277, 30.9502, 33.8934
-0.00373778, -0.00380298, -0.00301815, -0.00203121, -0.00176537, -0.00176077, -0.00211094, -0.00201497, -0.00298771, -0.00365212, -0.00228313, -0.00234316
0.00720831, 0.00708061, 0.00783776, 0.00828184, 0.00927769, 0.0106734, 0.0149204, 0.000771342, 0.000414403, 0.000422636, 0.000368554, 0.00039714
0, 0.589331, 1.17866, 1.76799, 2.35732, 2.94665, 3.53598, 4.12532, 4.71465, 5.30398, 5.89331, 6.48264, 7.07197, 7.6613, 8.25063, 8.83996, 9.42929, 10.0186, 10.608, 11.1973, 11.7866, 12.3759, 12.9653, 13.5546, 14.1439, 14.7333, 15.3226, 15.9119, 16.5013, 17.0906, 17.6799, 18.2693, 18.8586, 19.4479, 20.0372, 20.6266, 21.2159, 21.8052, 22.3946, 22.9839, 23.5732, 24.1626, 24.7519, 25.3412, 25.9306, 26.5199, 27.1092, 27.6985, 28.2879, 28.8772, 29.4665, 30.0559, 30.6452, 31.2345, 31.8239, 32.4132, 33.0025, 33.5919, 34.1812, 34.7705
0, 0, 0, 0, 0, 0, 0, 0, 0, 0, 0, 0, 0, 0, 0, 0, 0, 0, 0, 0, 0, 0, 0, 0, 0, 0, 0, 0, 0, 0, 0, 0, 0, 0, 0, 0, 0, 0, 0, 0, 0, 0, 0, 0, 0, 0, 0, 0, 0, 0, 0, 0, 0, 0, 0, 0, 0, 0, 0, 0
0, 0, 0, 0, 0, 0, 0, 0, 0, 0, 0, 0, 0, 0, 0, 0, 0, 0, 0, 0, 0, 0, 0, 0, 0, 0, 0, 0, 0, 0, 0, 0, 0, 0, 0, 0, 0, 0, 0, 0, 0, 0, 0, 0, 0, 0, 0, 0, 0, 0, 0, 0, 0, 0, 0, 0, 0, 0, 0, 0
-
-
 
MEASUREMENT 84
1.4716, 4.41481, 7.36319, 10.3064, 13.2548, 16.2031, 19.1774, 22.1309, 25.0793, 28.0277, 30.9502, 33.8934
-0.00347385, -0.00389297, -0.00273884, -0.00200828, -0.0019401, -0.00158584, -0.00204162, -0.0019657, -0.00256242, -0.0033784, -0.00238204, -0.00262326
0.00720831, 0.00708061, 0.00783776, 0.00828184, 0.00927769, 0.0106734, 0.0149204, 0.000771342, 0.000414403, 0.000422636, 0.000368554, 0.00039714
0, 0.589331, 1.17866, 1.76799, 2.35732, 2.94665, 3.53598, 4.12532, 4.71465, 5.30398, 5.89331, 6.48264, 7.07197, 7.6613, 8.25063, 8.83996, 9.42929, 10.0186, 10.608, 11.1973, 11.7866, 12.3759, 12.9653, 13.5546, 14.1439, 14.7333, 15.3226, 15.9119, 16.5013, 17.0906, 17.6799, 18.2693, 18.8586, 19.4479, 20.0372, 20.6266, 21.2159, 21.8052, 22.3946, 22.9839, 23.5732, 24.1626, 24.7519, 25.3412, 25.9306, 26.5199, 27.1092, 27.6985, 28.2879, 28.8772, 29.4665, 30.0559, 30.6452, 31.2345, 31.8239, 32.4132, 33.0025, 33.5919, 34.1812, 34.7705
0, 0, 0, 0, 0, 0, 0, 0, 0, 0, 0, 0, 0, 0, 0, 0, 0, 0, 0, 0, 0, 0, 0, 0, 0, 0, 0, 0, 0, 0, 0, 0, 0, 0, 0, 0, 0, 0, 0, 0, 0, 0, 0, 0, 0, 0, 0, 0, 0, 0, 0, 0, 0, 0, 0, 0, 0, 0, 0, 0
0, 0, 0, 0, 0, 0, 0, 0, 0, 0, 0, 0, 0, 0, 0, 0, 0, 0, 0, 0, 0, 0, 0, 0, 0, 0, 0, 0, 0, 0, 0, 0, 0, 0, 0, 0, 0, 0, 0, 0, 0, 0, 0, 0, 0, 0, 0, 0, 0, 0, 0, 0, 0, 0, 0, 0, 0, 0, 0, 0
-
-
 
MEASUREMENT 85
1.4716, 4.41481, 7.36319, 10.3064, 13.2548, 16.2031, 19.1774, 22.1309, 25.0793, 28.0277, 30.9502, 33.8934
-0.00342987, -0.00388254, -0.00277369, -0.0018399, -0.00202077, -0.00143651, -0.00191038, -0.00206033, -0.0030118, -0.003462, -0.00204201, -0.00255447
0.00720831, 0.00708061, 0.00783776, 0.00828184, 0.00927769, 0.0106734, 0.0149204, 0.000771342, 0.000414403, 0.000422636, 0.000368554, 0.00039714
0, 0.589331, 1.17866, 1.76799, 2.35732, 2.94665, 3.53598, 4.12532, 4.71465, 5.30398, 5.89331, 6.48264, 7.07197, 7.6613, 8.25063, 8.83996, 9.42929, 10.0186, 10.608, 11.1973, 11.7866, 12.3759, 12.9653, 13.5546, 14.1439, 14.7333, 15.3226, 15.9119, 16.5013, 17.0906, 17.6799, 18.2693, 18.8586, 19.4479, 20.0372, 20.6266, 21.2159, 21.8052, 22.3946, 22.9839, 23.5732, 24.1626, 24.7519, 25.3412, 25.9306, 26.5199, 27.1092, 27.6985, 28.2879, 28.8772, 29.4665, 30.0559, 30.6452, 31.2345, 31.8239, 32.4132, 33.0025, 33.5919, 34.1812, 34.7705
0, 0, 0, 0, 0, 0, 0, 0, 0, 0, 0, 0, 0, 0, 0, 0, 0, 0, 0, 0, 0, 0, 0, 0, 0, 0, 0, 0, 0, 0, 0, 0, 0, 0, 0, 0, 0, 0, 0, 0, 0, 0, 0, 0, 0, 0, 0, 0, 0, 0, 0, 0, 0, 0, 0, 0, 0, 0, 0, 0
0, 0, 0, 0, 0, 0, 0, 0, 0, 0, 0, 0, 0, 0, 0, 0, 0, 0, 0, 0, 0, 0, 0, 0, 0, 0, 0, 0, 0, 0, 0, 0, 0, 0, 0, 0, 0, 0, 0, 0, 0, 0, 0, 0, 0, 0, 0, 0, 0, 0, 0, 0, 0, 0, 0, 0, 0, 0, 0, 0
-
-
 
MEASUREMENT 86
1.4716, 4.41481, 7.36319, 10.3064, 13.2548, 16.2031, 19.1774, 22.1309, 25.0793, 28.0277, 30.9502, 33.8934
-0.00358942, -0.00364158, -0.00253669, -0.00216165, -0.00213499, -0.00156203, -0.00221377, -0.00194196, -0.00270172, -0.00350098, -0.00237064, -0.00243113
0.00720831, 0.00708061, 0.00783776, 0.00828184, 0.00927769, 0.0106734, 0.0149204, 0.000771342, 0.000414403, 0.000422636, 0.000368554, 0.00039714
0, 0.589331, 1.17866, 1.76799, 2.35732, 2.94665, 3.53598, 4.12532, 4.71465, 5.30398, 5.89331, 6.48264, 7.07197, 7.6613, 8.25063, 8.83996, 9.42929, 10.0186, 10.608, 11.1973, 11.7866, 12.3759, 12.9653, 13.5546, 14.1439, 14.7333, 15.3226, 15.9119, 16.5013, 17.0906, 17.6799, 18.2693, 18.8586, 19.4479, 20.0372, 20.6266, 21.2159, 21.8052, 22.3946, 22.9839, 23.5732, 24.1626, 24.7519, 25.3412, 25.9306, 26.5199, 27.1092, 27.6985, 28.2879, 28.8772, 29.4665, 30.0559, 30.6452, 31.2345, 31.8239, 32.4132, 33.0025, 33.5919, 34.1812, 34.7705
0, 0, 0, 0, 0, 0, 0, 0, 0, 0, 0, 0, 0, 0, 0, 0, 0, 0, 0, 0, 0, 0, 0, 0, 0, 0, 0, 0, 0, 0, 0, 0, 0, 0, 0, 0, 0, 0, 0, 0, 0, 0, 0, 0, 0, 0, 0, 0, 0, 0, 0, 0, 0, 0, 0, 0, 0, 0, 0, 0
0, 0, 0, 0, 0, 0, 0, 0, 0, 0, 0, 0, 0, 0, 0, 0, 0, 0, 0, 0, 0, 0, 0, 0, 0, 0, 0, 0, 0, 0, 0, 0, 0, 0, 0, 0, 0, 0, 0, 0, 0, 0, 0, 0, 0, 0, 0, 0, 0, 0, 0, 0, 0, 0, 0, 0, 0, 0, 0, 0
-
-
 
MEASUREMENT 87
1.4716, 4.41481, 7.36319, 10.3064, 13.2548, 16.2031, 19.1774, 22.1309, 25.0793, 28.0277, 30.9502, 33.8934
-0.00342771, -0.00385893, -0.0029227, -0.00204142, -0.00198498, -0.0017514, -0.00208853, -0.002032, -0.00279983, -0.00365157, -0.00213057, -0.00250532
0.00720831, 0.00708061, 0.00783776, 0.00828184, 0.00927769, 0.0106734, 0.0149204, 0.000771342, 0.000414403, 0.000422636, 0.000368554, 0.00039714
0, 0.589331, 1.17866, 1.76799, 2.35732, 2.94665, 3.53598, 4.12532, 4.71465, 5.30398, 5.89331, 6.48264, 7.07197, 7.6613, 8.25063, 8.83996, 9.42929, 10.0186, 10.608, 11.1973, 11.7866, 12.3759, 12.9653, 13.5546, 14.1439, 14.7333, 15.3226, 15.9119, 16.5013, 17.0906, 17.6799, 18.2693, 18.8586, 19.4479, 20.0372, 20.6266, 21.2159, 21.8052, 22.3946, 22.9839, 23.5732, 24.1626, 24.7519, 25.3412, 25.9306, 26.5199, 27.1092, 27.6985, 28.2879, 28.8772, 29.4665, 30.0559, 30.6452, 31.2345, 31.8239, 32.4132, 33.0025, 33.5919, 34.1812, 34.7705
0, 0, 0, 0, 0, 0, 0, 0, 0, 0, 0, 0, 0, 0, 0, 0, 0, 0, 0, 0, 0, 0, 0, 0, 0, 0, 0, 0, 0, 0, 0, 0, 0, 0, 0, 0, 0, 0, 0, 0, 0, 0, 0, 0, 0, 0, 0, 0, 0, 0, 0, 0, 0, 0, 0, 0, 0, 0, 0, 0
0, 0, 0, 0, 0, 0, 0, 0, 0, 0, 0, 0, 0, 0, 0, 0, 0, 0, 0, 0, 0, 0, 0, 0, 0, 0, 0, 0, 0, 0, 0, 0, 0, 0, 0, 0, 0, 0, 0, 0, 0, 0, 0, 0, 0, 0, 0, 0, 0, 0, 0, 0, 0, 0, 0, 0, 0, 0, 0, 0
-
-
 
MEASUREMENT 88
1.4716, 4.41481, 7.36319, 10.3064, 13.2548, 16.2031, 19.1774, 22.1309, 25.0793, 28.0277, 30.9502, 33.8934
-0.00347624, -0.00356153, -0.00275486, -0.00192499, -0.00193202, -0.00136018, -0.00202644, -0.00190466, -0.00270212, -0.00340764, -0.00236371, -0.00244017
0.00720831, 0.00708061, 0.00783776, 0.00828184, 0.00927769, 0.0106734, 0.0149204, 0.000771342, 0.000414403, 0.000422636, 0.000368554, 0.00039714
0, 0.589331, 1.17866, 1.76799, 2.35732, 2.94665, 3.53598, 4.12532, 4.71465, 5.30398, 5.89331, 6.48264, 7.07197, 7.6613, 8.25063, 8.83996, 9.42929, 10.0186, 10.608, 11.1973, 11.7866, 12.3759, 12.9653, 13.5546, 14.1439, 14.7333, 15.3226, 15.9119, 16.5013, 17.0906, 17.6799, 18.2693, 18.8586, 19.4479, 20.0372, 20.6266, 21.2159, 21.8052, 22.3946, 22.9839, 23.5732, 24.1626, 24.7519, 25.3412, 25.9306, 26.5199, 27.1092, 27.6985, 28.2879, 28.8772, 29.4665, 30.0559, 30.6452, 31.2345, 31.8239, 32.4132, 33.0025, 33.5919, 34.1812, 34.7705
0, 0, 0, 0, 0, 0, 0, 0, 0, 0, 0, 0, 0, 0, 0, 0, 0, 0, 0, 0, 0, 0, 0, 0, 0, 0, 0, 0, 0, 0, 0, 0, 0, 0, 0, 0, 0, 0, 0, 0, 0, 0, 0, 0, 0, 0, 0, 0, 0, 0, 0, 0, 0, 0, 0, 0, 0, 0, 0, 0
0, 0, 0, 0, 0, 0, 0, 0, 0, 0, 0, 0, 0, 0, 0, 0, 0, 0, 0, 0, 0, 0, 0, 0, 0, 0, 0, 0, 0, 0, 0, 0, 0, 0, 0, 0, 0, 0, 0, 0, 0, 0, 0, 0, 0, 0, 0, 0, 0, 0, 0, 0, 0, 0, 0, 0, 0, 0, 0, 0
-
-
 
MEASUREMENT 89
1.4716, 4.41481, 7.36319, 10.3064, 13.2548, 16.2031, 19.1774, 22.1309, 25.0793, 28.0277, 30.9502, 33.8934
-0.00374608, -0.00363467, -0.00280935, -0.00196766, -0.00197974, -0.0016538, -0.00190844, -0.00199263, -0.00263194, -0.00342862, -0.00208855, -0.00231876
0.00720831, 0.00708061, 0.00783776, 0.00828184, 0.00927769, 0.0106734, 0.0149204, 0.000771342, 0.000414403, 0.000422636, 0.000368554, 0.00039714
0, 0.589331, 1.17866, 1.76799, 2.35732, 2.94665, 3.53598, 4.12532, 4.71465, 5.30398, 5.89331, 6.48264, 7.07197, 7.6613, 8.25063, 8.83996, 9.42929, 10.0186, 10.608, 11.1973, 11.7866, 12.3759, 12.9653, 13.5546, 14.1439, 14.7333, 15.3226, 15.9119, 16.5013, 17.0906, 17.6799, 18.2693, 18.8586, 19.4479, 20.0372, 20.6266, 21.2159, 21.8052, 22.3946, 22.9839, 23.5732, 24.1626, 24.7519, 25.3412, 25.9306, 26.5199, 27.1092, 27.6985, 28.2879, 28.8772, 29.4665, 30.0559, 30.6452, 31.2345, 31.8239, 32.4132, 33.0025, 33.5919, 34.1812, 34.7705
0, 0, 0, 0, 0, 0, 0, 0, 0, 0, 0, 0, 0, 0, 0, 0, 0, 0, 0, 0, 0, 0, 0, 0, 0, 0, 0, 0, 0, 0, 0, 0, 0, 0, 0, 0, 0, 0, 0, 0, 0, 0, 0, 0, 0, 0, 0, 0, 0, 0, 0, 0, 0, 0, 0, 0, 0, 0, 0, 0
0, 0, 0, 0, 0, 0, 0, 0, 0, 0, 0, 0, 0, 0, 0, 0, 0, 0, 0, 0, 0, 0, 0, 0, 0, 0, 0, 0, 0, 0, 0, 0, 0, 0, 0, 0, 0, 0, 0, 0, 0, 0, 0, 0, 0, 0, 0, 0, 0, 0, 0, 0, 0, 0, 0, 0, 0, 0, 0, 0
-
-
 
MEASUREMENT 90
1.4716, 4.41481, 7.36319, 10.3064, 13.2548, 16.2031, 19.1774, 22.1309, 25.0793, 28.0277, 30.9502, 33.8934
-0.00345806, -0.00392083, -0.00275839, -0.00196109, -0.00180489, -0.00176612, -0.00222248, -0.0019511, -0.00289244, -0.00323112, -0.00236853, -0.00266653
0.00720831, 0.00708061, 0.00783776, 0.00828184, 0.00927769, 0.0106734, 0.0149204, 0.000771342, 0.000414403, 0.000422636, 0.000368554, 0.00039714
0, 0.589331, 1.17866, 1.76799, 2.35732, 2.94665, 3.53598, 4.12532, 4.71465, 5.30398, 5.89331, 6.48264, 7.07197, 7.6613, 8.25063, 8.83996, 9.42929, 10.0186, 10.608, 11.1973, 11.7866, 12.3759, 12.9653, 13.5546, 14.1439, 14.7333, 15.3226, 15.9119, 16.5013, 17.0906, 17.6799, 18.2693, 18.8586, 19.4479, 20.0372, 20.6266, 21.2159, 21.8052, 22.3946, 22.9839, 23.5732, 24.1626, 24.7519, 25.3412, 25.9306, 26.5199, 27.1092, 27.6985, 28.2879, 28.8772, 29.4665, 30.0559, 30.6452, 31.2345, 31.8239, 32.4132, 33.0025, 33.5919, 34.1812, 34.7705
0, 0, 0, 0, 0, 0, 0, 0, 0, 0, 0, 0, 0, 0, 0, 0, 0, 0, 0, 0, 0, 0, 0, 0, 0, 0, 0, 0, 0, 0, 0, 0, 0, 0, 0, 0, 0, 0, 0, 0, 0, 0, 0, 0, 0, 0, 0, 0, 0, 0, 0, 0, 0, 0, 0, 0, 0, 0, 0, 0
0, 0, 0, 0, 0, 0, 0, 0, 0, 0, 0, 0, 0, 0, 0, 0, 0, 0, 0, 0, 0, 0, 0, 0, 0, 0, 0, 0, 0, 0, 0, 0, 0, 0, 0, 0, 0, 0, 0, 0, 0, 0, 0, 0, 0, 0, 0, 0, 0, 0, 0, 0, 0, 0, 0, 0, 0, 0, 0, 0
-
-
 
MEASUREMENT 91
1.4716, 4.41481, 7.36319, 10.3064, 13.2548, 16.2031, 19.1774, 22.1309, 25.0793, 28.0277, 30.9502, 33.8934
-0.00356281, -0.00386603, -0.00262741, -0.00180032, -0.00213905, -0.00150369, -0.00208184, -0.00200457, -0.00262055, -0.00361144, -0.00225154, -0.00233152
0.00720831, 0.00708061, 0.00783776, 0.00828184, 0.00927769, 0.0106734, 0.0149204, 0.000771342, 0.000414403, 0.000422636, 0.000368554, 0.00039714
0, 0.589331, 1.17866, 1.76799, 2.35732, 2.94665, 3.53598, 4.12532, 4.71465, 5.30398, 5.89331, 6.48264, 7.07197, 7.6613, 8.25063, 8.83996, 9.42929, 10.0186, 10.608, 11.1973, 11.7866, 12.3759, 12.9653, 13.5546, 14.1439, 14.7333, 15.3226, 15.9119, 16.5013, 17.0906, 17.6799, 18.2693, 18.8586, 19.4479, 20.0372, 20.6266, 21.2159, 21.8052, 22.3946, 22.9839, 23.5732, 24.1626, 24.7519, 25.3412, 25.9306, 26.5199, 27.1092, 27.6985, 28.2879, 28.8772, 29.4665, 30.0559, 30.6452, 31.2345, 31.8239, 32.4132, 33.0025, 33.5919, 34.1812, 34.7705
0, 0, 0, 0, 0, 0, 0, 0, 0, 0, 0, 0, 0, 0, 0, 0, 0, 0, 0, 0, 0, 0, 0, 0, 0, 0, 0, 0, 0, 0, 0, 0, 0, 0, 0, 0, 0, 0, 0, 0, 0, 0, 0, 0, 0, 0, 0, 0, 0, 0, 0, 0, 0, 0, 0, 0, 0, 0, 0, 0
0, 0, 0, 0, 0, 0, 0, 0, 0, 0, 0, 0, 0, 0, 0, 0, 0, 0, 0, 0, 0, 0, 0, 0, 0, 0, 0, 0, 0, 0, 0, 0, 0, 0, 0, 0, 0, 0, 0, 0, 0, 0, 0, 0, 0, 0, 0, 0, 0, 0, 0, 0, 0, 0, 0, 0, 0, 0, 0, 0
-
-
 
MEASUREMENT 92
1.4716, 4.41481, 7.36319, 10.3064, 13.2548, 16.2031, 19.1774, 22.1309, 25.0793, 28.0277, 30.9502, 33.8934
-0.00346176, -0.0036423, -0.00293283, -0.00217174, -0.00195548, -0.00156466, -0.00203778, -0.00174066, -0.00283706, -0.00356447, -0.00216778, -0.00238355
0.00720831, 0.00708061, 0.00783776, 0.00828184, 0.00927769, 0.0106734, 0.0149204, 0.000771342, 0.000414403, 0.000422636, 0.000368554, 0.00039714
0, 0.589331, 1.17866, 1.76799, 2.35732, 2.94665, 3.53598, 4.12532, 4.71465, 5.30398, 5.89331, 6.48264, 7.07197, 7.6613, 8.25063, 8.83996, 9.42929, 10.0186, 10.608, 11.1973, 11.7866, 12.3759, 12.9653, 13.5546, 14.1439, 14.7333, 15.3226, 15.9119, 16.5013, 17.0906, 17.6799, 18.2693, 18.8586, 19.4479, 20.0372, 20.6266, 21.2159, 21.8052, 22.3946, 22.9839, 23.5732, 24.1626, 24.7519, 25.3412, 25.9306, 26.5199, 27.1092, 27.6985, 28.2879, 28.8772, 29.4665, 30.0559, 30.6452, 31.2345, 31.8239, 32.4132, 33.0025, 33.5919, 34.1812, 34.7705
0, 0, 0, 0, 0, 0, 0, 0, 0, 0, 0, 0, 0, 0, 0, 0, 0, 0, 0, 0, 0, 0, 0, 0, 0, 0, 0, 0, 0, 0, 0, 0, 0, 0, 0, 0, 0, 0, 0, 0, 0, 0, 0, 0, 0, 0, 0, 0, 0, 0, 0, 0, 0, 0, 0, 0, 0, 0, 0, 0
0, 0, 0, 0, 0, 0, 0, 0, 0, 0, 0, 0, 0, 0, 0, 0, 0, 0, 0, 0, 0, 0, 0, 0, 0, 0, 0, 0, 0, 0, 0, 0, 0, 0, 0, 0, 0, 0, 0, 0, 0, 0, 0, 0, 0, 0, 0, 0, 0, 0, 0, 0, 0, 0, 0, 0, 0, 0, 0, 0
-
-
 
MEASUREMENT 93
1.4716, 4.41481, 7.36319, 10.3064, 13.2548, 16.2031, 19.1774, 22.1309, 25.0793, 28.0277, 30.9502, 33.8934
-0.00358956, -0.00367064, -0.0026072, -0.0020251, -0.00198314, -0.00159629, -0.00189059, -0.00224379, -0.00261872, -0.00369555, -0.00208445, -0.00268693
0.00720831, 0.00708061, 0.00783776, 0.00828184, 0.00927769, 0.0106734, 0.0149204, 0.000771342, 0.000414403, 0.000422636, 0.000368554, 0.00039714
0, 0.589331, 1.17866, 1.76799, 2.35732, 2.94665, 3.53598, 4.12532, 4.71465, 5.30398, 5.89331, 6.48264, 7.07197, 7.6613, 8.25063, 8.83996, 9.42929, 10.0186, 10.608, 11.1973, 11.7866, 12.3759, 12.9653, 13.5546, 14.1439, 14.7333, 15.3226, 15.9119, 16.5013, 17.0906, 17.6799, 18.2693, 18.8586, 19.4479, 20.0372, 20.6266, 21.2159, 21.8052, 22.3946, 22.9839, 23.5732, 24.1626, 24.7519, 25.3412, 25.9306, 26.5199, 27.1092, 27.6985, 28.2879, 28.8772, 29.4665, 30.0559, 30.6452, 31.2345, 31.8239, 32.4132, 33.0025, 33.5919, 34.1812, 34.7705
0, 0, 0, 0, 0, 0, 0, 0, 0, 0, 0, 0, 0, 0, 0, 0, 0, 0, 0, 0, 0, 0, 0, 0, 0, 0, 0, 0, 0, 0, 0, 0, 0, 0, 0, 0, 0, 0, 0, 0, 0, 0, 0, 0, 0, 0, 0, 0, 0, 0, 0, 0, 0, 0, 0, 0, 0, 0, 0, 0
0, 0, 0, 0, 0, 0, 0, 0, 0, 0, 0, 0, 0, 0, 0, 0, 0, 0, 0, 0, 0, 0, 0, 0, 0, 0, 0, 0, 0, 0, 0, 0, 0, 0, 0, 0, 0, 0, 0, 0, 0, 0, 0, 0, 0, 0, 0, 0, 0, 0, 0, 0, 0, 0, 0, 0, 0, 0, 0, 0
-
-
 
MEASUREMENT 94
1.4716, 4.41481, 7.36319, 10.3064, 13.2548, 16.2031, 19.1774, 22.1309, 25.0793, 28.0277, 30.9502, 33.8934
-0.00346975, -0.00385309, -0.00288731, -0.0019511, -0.00193265, -0.00138896, -0.00219096, -0.00172152, -0.00289475, -0.00336325, -0.00237946, -0.00245014
0.00720831, 0.00708061, 0.00783776, 0.00828184, 0.00927769, 0.0106734, 0.0149204, 0.000771342, 0.000414403, 0.000422636, 0.000368554, 0.00039714
0, 0.589331, 1.17866, 1.76799, 2.35732, 2.94665, 3.53598, 4.12532, 4.71465, 5.30398, 5.89331, 6.48264, 7.07197, 7.6613, 8.25063, 8.83996, 9.42929, 10.0186, 10.608, 11.1973, 11.7866, 12.3759, 12.9653, 13.5546, 14.1439, 14.7333, 15.3226, 15.9119, 16.5013, 17.0906, 17.6799, 18.2693, 18.8586, 19.4479, 20.0372, 20.6266, 21.2159, 21.8052, 22.3946, 22.9839, 23.5732, 24.1626, 24.7519, 25.3412, 25.9306, 26.5199, 27.1092, 27.6985, 28.2879, 28.8772, 29.4665, 30.0559, 30.6452, 31.2345, 31.8239, 32.4132, 33.0025, 33.5919, 34.1812, 34.7705
0, 0, 0, 0, 0, 0, 0, 0, 0, 0, 0, 0, 0, 0, 0, 0, 0, 0, 0, 0, 0, 0, 0, 0, 0, 0, 0, 0, 0, 0, 0, 0, 0, 0, 0, 0, 0, 0, 0, 0, 0, 0, 0, 0, 0, 0, 0, 0, 0, 0, 0, 0, 0, 0, 0, 0, 0, 0, 0, 0
0, 0, 0, 0, 0, 0, 0, 0, 0, 0, 0, 0, 0, 0, 0, 0, 0, 0, 0, 0, 0, 0, 0, 0, 0, 0, 0, 0, 0, 0, 0, 0, 0, 0, 0, 0, 0, 0, 0, 0, 0, 0, 0, 0, 0, 0, 0, 0, 0, 0, 0, 0, 0, 0, 0, 0, 0, 0, 0, 0
-
-
 
MEASUREMENT 95
1.4716, 4.41481, 7.36319, 10.3064, 13.2548, 16.2031, 19.1774, 22.1309, 25.0793, 28.0277, 30.9502, 33.8934
-0.00338075, -0.00380389, -0.00281644, -0.00199536, -0.00181746, -0.00178234, -0.0019309, -0.00218474, -0.0028045, -0.00387047, -0.00224127, -0.00249116
0.00720831, 0.00708061, 0.00783776, 0.00828184, 0.00927769, 0.0106734, 0.0149204, 0.000771342, 0.000414403, 0.000422636, 0.000368554, 0.00039714
0, 0.589331, 1.17866, 1.76799, 2.35732, 2.94665, 3.53598, 4.12532, 4.71465, 5.30398, 5.89331, 6.48264, 7.07197, 7.6613, 8.25063, 8.83996, 9.42929, 10.0186, 10.608, 11.1973, 11.7866, 12.3759, 12.9653, 13.5546, 14.1439, 14.7333, 15.3226, 15.9119, 16.5013, 17.0906, 17.6799, 18.2693, 18.8586, 19.4479, 20.0372, 20.6266, 21.2159, 21.8052, 22.3946, 22.9839, 23.5732, 24.1626, 24.7519, 25.3412, 25.9306, 26.5199, 27.1092, 27.6985, 28.2879, 28.8772, 29.4665, 30.0559, 30.6452, 31.2345, 31.8239, 32.4132, 33.0025, 33.5919, 34.1812, 34.7705
0, 0, 0, 0, 0, 0, 0, 0, 0, 0, 0, 0, 0, 0, 0, 0, 0, 0, 0, 0, 0, 0, 0, 0, 0, 0, 0, 0, 0, 0, 0, 0, 0, 0, 0, 0, 0, 0, 0, 0, 0, 0, 0, 0, 0, 0, 0, 0, 0, 0, 0, 0, 0, 0, 0, 0, 0, 0, 0, 0
0, 0, 0, 0, 0, 0, 0, 0, 0, 0, 0, 0, 0, 0, 0, 0, 0, 0, 0, 0, 0, 0, 0, 0, 0, 0, 0, 0, 0, 0, 0, 0, 0, 0, 0, 0, 0, 0, 0, 0, 0, 0, 0, 0, 0, 0, 0, 0, 0, 0, 0, 0, 0, 0, 0, 0, 0, 0, 0, 0
-
-
 
MEASUREMENT 96
1.4716, 4.41481, 7.36319, 10.3064, 13.2548, 16.2031, 19.1774, 22.1309, 25.0793, 28.0277, 30.9502, 33.8934
-0.00369344, -0.00372211, -0.00274125, -0.00198059, -0.00196332, -0.00139293, -0.00220321, -0.00197443, -0.00250485, -0.00352196, -0.00217881, -0.00243922
0.00720831, 0.00708061, 0.00783776, 0.00828184, 0.00927769, 0.0106734, 0.0149204, 0.000771342, 0.000414403, 0.000422636, 0.000368554, 0.00039714
0, 0.589331, 1.17866, 1.76799, 2.35732, 2.94665, 3.53598, 4.12532, 4.71465, 5.30398, 5.89331, 6.48264, 7.07197, 7.6613, 8.25063, 8.83996, 9.42929, 10.0186, 10.608, 11.1973, 11.7866, 12.3759, 12.9653, 13.5546, 14.1439, 14.7333, 15.3226, 15.9119, 16.5013, 17.0906, 17.6799, 18.2693, 18.8586, 19.4479, 20.0372, 20.6266, 21.2159, 21.8052, 22.3946, 22.9839, 23.5732, 24.1626, 24.7519, 25.3412, 25.9306, 26.5199, 27.1092, 27.6985, 28.2879, 28.8772, 29.4665, 30.0559, 30.6452, 31.2345, 31.8239, 32.4132, 33.0025, 33.5919, 34.1812, 34.7705
0, 0, 0, 0, 0, 0, 0, 0, 0, 0, 0, 0, 0, 0, 0, 0, 0, 0, 0, 0, 0, 0, 0, 0, 0, 0, 0, 0, 0, 0, 0, 0, 0, 0, 0, 0, 0, 0, 0, 0, 0, 0, 0, 0, 0, 0, 0, 0, 0, 0, 0, 0, 0, 0, 0, 0, 0, 0, 0, 0
0, 0, 0, 0, 0, 0, 0, 0, 0, 0, 0, 0, 0, 0, 0, 0, 0, 0, 0, 0, 0, 0, 0, 0, 0, 0, 0, 0, 0, 0, 0, 0, 0, 0, 0, 0, 0, 0, 0, 0, 0, 0, 0, 0, 0, 0, 0, 0, 0, 0, 0, 0, 0, 0, 0, 0, 0, 0, 0, 0
-
-
 
MEASUREMENT 97
1.4716, 4.41481, 7.36319, 10.3064, 13.2548, 16.2031, 19.1774, 22.1309, 25.0793, 28.0277, 30.9502, 33.8934
-0.00334141, -0.00357191, -0.00282028, -0.00199636, -0.0019735, -0.00178588, -0.00203778, -0.00198074, -0.00275383, -0.00354225, -0.00206549, -0.00231903
0.00720831, 0.00708061, 0.00783776, 0.00828184, 0.00927769, 0.0106734, 0.0149204, 0.000771342, 0.000414403, 0.000422636, 0.000368554, 0.00039714
0, 0.589331, 1.17866, 1.76799, 2.35732, 2.94665, 3.53598, 4.12532, 4.71465, 5.30398, 5.89331, 6.48264, 7.07197, 7.6613, 8.25063, 8.83996, 9.42929, 10.0186, 10.608, 11.1973, 11.7866, 12.3759, 12.9653, 13.5546, 14.1439, 14.7333, 15.3226, 15.9119, 16.5013, 17.0906, 17.6799, 18.2693, 18.8586, 19.4479, 20.0372, 20.6266, 21.2159, 21.8052, 22.3946, 22.9839, 23.5732, 24.1626, 24.7519, 25.3412, 25.9306, 26.5199, 27.1092, 27.6985, 28.2879, 28.8772, 29.4665, 30.0559, 30.6452, 31.2345, 31.8239, 32.4132, 33.0025, 33.5919, 34.1812, 34.7705
0, 0, 0, 0, 0, 0, 0, 0, 0, 0, 0, 0, 0, 0, 0, 0, 0, 0, 0, 0, 0, 0, 0, 0, 0, 0, 0, 0, 0, 0, 0, 0, 0, 0, 0, 0, 0, 0, 0, 0, 0, 0, 0, 0, 0, 0, 0, 0, 0, 0, 0, 0, 0, 0, 0, 0, 0, 0, 0, 0
0, 0, 0, 0, 0, 0, 0, 0, 0, 0, 0, 0, 0, 0, 0, 0, 0, 0, 0, 0, 0, 0, 0, 0, 0, 0, 0, 0, 0, 0, 0, 0, 0, 0, 0, 0, 0, 0, 0, 0, 0, 0, 0, 0, 0, 0, 0, 0, 0, 0, 0, 0, 0, 0, 0, 0, 0, 0, 0, 0
-
-
 
MEASUREMENT 98
1.4716, 4.41481, 7.36319, 10.3064, 13.2548, 16.2031, 19.1774, 22.1309, 25.0793, 28.0277, 30.9502, 33.8934
-0.00358121, -0.0038851, -0.00274553, -0.00196059, -0.00213964, -0.00137088, -0.00203485, -0.00191268, -0.00284718, -0.00354694, -0.00233567, -0.00252634
0.00720831, 0.00708061, 0.00783776, 0.00828184, 0.00927769, 0.0106734, 0.0149204, 0.000771342, 0.000414403, 0.000422636, 0.000368554, 0.00039714
0, 0.589331, 1.17866, 1.76799, 2.35732, 2.94665, 3.53598, 4.12532, 4.71465, 5.30398, 5.89331, 6.48264, 7.07197, 7.6613, 8.25063, 8.83996, 9.42929, 10.0186, 10.608, 11.1973, 11.7866, 12.3759, 12.9653, 13.5546, 14.1439, 14.7333, 15.3226, 15.9119, 16.5013, 17.0906, 17.6799, 18.2693, 18.8586, 19.4479, 20.0372, 20.6266, 21.2159, 21.8052, 22.3946, 22.9839, 23.5732, 24.1626, 24.7519, 25.3412, 25.9306, 26.5199, 27.1092, 27.6985, 28.2879, 28.8772, 29.4665, 30.0559, 30.6452, 31.2345, 31.8239, 32.4132, 33.0025, 33.5919, 34.1812, 34.7705
0, 0, 0, 0, 0, 0, 0, 0, 0, 0, 0, 0, 0, 0, 0, 0, 0, 0, 0, 0, 0, 0, 0, 0, 0, 0, 0, 0, 0, 0, 0, 0, 0, 0, 0, 0, 0, 0, 0, 0, 0, 0, 0, 0, 0, 0, 0, 0, 0, 0, 0, 0, 0, 0, 0, 0, 0, 0, 0, 0
0, 0, 0, 0, 0, 0, 0, 0, 0, 0, 0, 0, 0, 0, 0, 0, 0, 0, 0, 0, 0, 0, 0, 0, 0, 0, 0, 0, 0, 0, 0, 0, 0, 0, 0, 0, 0, 0, 0, 0, 0, 0, 0, 0, 0, 0, 0, 0, 0, 0, 0, 0, 0, 0, 0, 0, 0, 0, 0, 0
-
-
 
MEASUREMENT 99
1.4716, 4.41481, 7.36319, 10.3064, 13.2548, 16.2031, 19.1774, 22.1309, 25.0793, 28.0277, 30.9502, 33.8934
-0.00352582, -0.0038022, -0.00279681, -0.00201519, -0.00179123, -0.00174787, -0.00207197, -0.00183435, -0.0028004, -0.00356865, -0.00209721, -0.00236675
0.00720831, 0.00708061, 0.00783776, 0.00828184, 0.00927769, 0.0106734, 0.0149204, 0.000771342, 0.000414403, 0.000422636, 0.000368554, 0.00039714
0, 0.589331, 1.17866, 1.76799, 2.35732, 2.94665, 3.53598, 4.12532, 4.71465, 5.30398, 5.89331, 6.48264, 7.07197, 7.6613, 8.25063, 8.83996, 9.42929, 10.0186, 10.608, 11.1973, 11.7866, 12.3759, 12.9653, 13.5546, 14.1439, 14.7333, 15.3226, 15.9119, 16.5013, 17.0906, 17.6799, 18.2693, 18.8586, 19.4479, 20.0372, 20.6266, 21.2159, 21.8052, 22.3946, 22.9839, 23.5732, 24.1626, 24.7519, 25.3412, 25.9306, 26.5199, 27.1092, 27.6985, 28.2879, 28.8772, 29.4665, 30.0559, 30.6452, 31.2345, 31.8239, 32.4132, 33.0025, 33.5919, 34.1812, 34.7705
0, 0, 0, 0, 0, 0, 0, 0, 0, 0, 0, 0, 0, 0, 0, 0, 0, 0, 0, 0, 0, 0, 0, 0, 0, 0, 0, 0, 0, 0, 0, 0, 0, 0, 0, 0, 0, 0, 0, 0, 0, 0, 0, 0, 0, 0, 0, 0, 0, 0, 0, 0, 0, 0, 0, 0, 0, 0, 0, 0
0, 0, 0, 0, 0, 0, 0, 0, 0, 0, 0, 0, 0, 0, 0, 0, 0, 0, 0, 0, 0, 0, 0, 0, 0, 0, 0, 0, 0, 0, 0, 0, 0, 0, 0, 0, 0, 0, 0, 0, 0, 0, 0, 0, 0, 0, 0, 0, 0, 0, 0, 0, 0, 0, 0, 0, 0, 0, 0, 0
-
-
 
MEASUREMENT 100
1.4716, 4.41481, 7.36319, 10.3064, 13.2548, 16.2031, 19.1774, 22.1309, 25.0793, 28.0277, 30.9502, 33.8934
-0.00346118, -0.00364158, -0.0027359, -0.00198833, -0.00211551, -0.00138645, -0.00183722, -0.00191074, -0.00250843, -0.00349065, -0.00233824, -0.00258947
0.00720831, 0.00708061, 0.00783776, 0.00828184, 0.00927769, 0.0106734, 0.0149204, 0.000771342, 0.000414403, 0.000422636, 0.000368554, 0.00039714
0, 0.589331, 1.17866, 1.76799, 2.35732, 2.94665, 3.53598, 4.12532, 4.71465, 5.30398, 5.89331, 6.48264, 7.07197, 7.6613, 8.25063, 8.83996, 9.42929, 10.0186, 10.608, 11.1973, 11.7866, 12.3759, 12.9653, 13.5546, 14.1439, 14.7333, 15.3226, 15.9119, 16.5013, 17.0906, 17.6799, 18.2693, 18.8586, 19.4479, 20.0372, 20.6266, 21.2159, 21.8052, 22.3946, 22.9839, 23.5732, 24.1626, 24.7519, 25.3412, 25.9306, 26.5199, 27.1092, 27.6985, 28.2879, 28.8772, 29.4665, 30.0559, 30.6452, 31.2345, 31.8239, 32.4132, 33.0025, 33.5919, 34.1812, 34.7705
0, 0, 0, 0, 0, 0, 0, 0, 0, 0, 0, 0, 0, 0, 0, 0, 0, 0, 0, 0, 0, 0, 0, 0, 0, 0, 0, 0, 0, 0, 0, 0, 0, 0, 0, 0, 0, 0, 0, 0, 0, 0, 0, 0, 0, 0, 0, 0, 0, 0, 0, 0, 0, 0, 0, 0, 0, 0, 0, 0
0, 0, 0, 0, 0, 0, 0, 0, 0, 0, 0, 0, 0, 0, 0, 0, 0, 0, 0, 0, 0, 0, 0, 0, 0, 0, 0, 0, 0, 0, 0, 0, 0, 0, 0, 0, 0, 0, 0, 0, 0, 0, 0, 0, 0, 0, 0, 0, 0, 0, 0, 0, 0, 0, 0, 0, 0, 0, 0, 0
-
-
 
MEASUREMENT 101
1.4716, 4.41481, 7.36319, 10.3064, 13.2548, 16.2031, 19.1774, 22.1309, 25.0793, 28.0277, 30.9502, 33.8934
-0.00357602, -0.00363265, -0.00267382, -0.00183889, -0.00200514, -0.00164388, -0.00217053, -0.00219118, -0.00299509, -0.00338887, -0.00203415, -0.00247314
0.00720831, 0.00708061, 0.00783776, 0.00828184, 0.00927769, 0.0106734, 0.0149204, 0.000771342, 0.000414403, 0.000422636, 0.000368554, 0.00039714
0, 0.589331, 1.17866, 1.76799, 2.35732, 2.94665, 3.53598, 4.12532, 4.71465, 5.30398, 5.89331, 6.48264, 7.07197, 7.6613, 8.25063, 8.83996, 9.42929, 10.0186, 10.608, 11.1973, 11.7866, 12.3759, 12.9653, 13.5546, 14.1439, 14.7333, 15.3226, 15.9119, 16.5013, 17.0906, 17.6799, 18.2693, 18.8586, 19.4479, 20.0372, 20.6266, 21.2159, 21.8052, 22.3946, 22.9839, 23.5732, 24.1626, 24.7519, 25.3412, 25.9306, 26.5199, 27.1092, 27.6985, 28.2879, 28.8772, 29.4665, 30.0559, 30.6452, 31.2345, 31.8239, 32.4132, 33.0025, 33.5919, 34.1812, 34.7705
0, 0, 0, 0, 0, 0, 0, 0, 0, 0, 0, 0, 0, 0, 0, 0, 0, 0, 0, 0, 0, 0, 0, 0, 0, 0, 0, 0, 0, 0, 0, 0, 0, 0, 0, 0, 0, 0, 0, 0, 0, 0, 0, 0, 0, 0, 0, 0, 0, 0, 0, 0, 0, 0, 0, 0, 0, 0, 0, 0
0, 0, 0, 0, 0, 0, 0, 0, 0, 0, 0, 0, 0, 0, 0, 0, 0, 0, 0, 0, 0, 0, 0, 0, 0, 0, 0, 0, 0, 0, 0, 0, 0, 0, 0, 0, 0, 0, 0, 0, 0, 0, 0, 0, 0, 0, 0, 0, 0, 0, 0, 0, 0, 0, 0, 0, 0, 0, 0, 0
-
-
 
MEASUREMENT 102
1.4716, 4.41481, 7.36319, 10.3064, 13.2548, 16.2031, 19.1774, 22.1309, 25.0793, 28.0277, 30.9502, 33.8934
0.280753, 0.280716, 0.305056, 0.334536, 0.382695, 0.441081, 0.606372, 0.0253787, -0.00228058, -0.00350479, -0.00225973, -0.00232092
0.00720831, 0.00708061, 0.00783776, 0.00828184, 0.00927769, 0.0106734, 0.0149204, 0.000771342, 0.000414403, 0.000422636, 0.000368554, 0.00039714
0, 0.589331, 1.17866, 1.76799, 2.35732, 2.94665, 3.53598, 4.12532, 4.71465, 5.30398, 5.89331, 6.48264, 7.07197, 7.6613, 8.25063, 8.83996, 9.42929, 10.0186, 10.608, 11.1973, 11.7866, 12.3759, 12.9653, 13.5546, 14.1439, 14.7333, 15.3226, 15.9119, 16.5013, 17.0906, 17.6799, 18.2693, 18.8586, 19.4479, 20.0372, 20.6266, 21.2159, 21.8052, 22.3946, 22.9839, 23.5732, 24.1626, 24.7519, 25.3412, 25.9306, 26.5199, 27.1092, 27.6985, 28.2879, 28.8772, 29.4665, 30.0559, 30.6452, 31.2345, 31.8239, 32.4132, 33.0025, 33.5919, 34.1812, 34.7705
0.26694, 0.269442, 0.272048, 0.274766, 0.277605, 0.280572, 0.28368, 0.286938, 0.29036, 0.293959, 0.297752, 0.301757, 0.305995, 0.310489, 0.315267, 0.320361, 0.325808, 0.331651, 0.337943, 0.344746, 0.352135, 0.360203, 0.369064, 0.378865, 0.389792, 0.40209, 0.416091, 0.432256, 0.45125, 0.474086, 0.502408, 0.53915, 0.590411, 0.672427, 0.761849, 0.379232, 0.0236191, 0.000104618, 9.36585e-09, 1.68319e-13, 1.58062e-19, 7.75583e-27, 1.98853e-35, 2.664e-45, 1.8648e-56, 6.82057e-69, 1.30346e-82, 1.30154e-97, 6.79038e-114, 1.85099e-131, 2.63622e-150, 1.96165e-170, 7.62639e-192, 1.54905e-214, 1.64383e-238, 9.11354e-264, 2.63967e-290, 3.99427e-318, 0, 0
0.26694, 0.269904, 0.273002, 0.276244, 0.279642, 0.283209, 0.286958, 0.290906, 0.29507, 0.299472, 0.304133, 0.309081, 0.314345, 0.319961, 0.32597, 0.332419, 0.339364, 0.346873, 0.355027, 0.363924, 0.373683, 0.384456, 0.396431, 0.409853, 0.425041, 0.442428, 0.462607, 0.486435, 0.515188, 0.550894, 0.597016, 0.660174, 0.755526, 0.934381, 1.32885, 0.900406, 0.0693359, 0.000353988, 5.54855e-08, 1.00929e-12, 9.59314e-19, 4.76441e-26, 1.23638e-34, 1.67642e-44, 1.18765e-55, 4.3961e-68, 8.50172e-82, 8.5901e-97, 4.53454e-113, 1.25056e-130, 1.80178e-149, 1.35618e-169, 5.33265e-191, 1.09539e-213, 1.17541e-237, 6.58864e-263, 1.92921e-289, 2.95073e-317, 0, 0
20.5175
45.68
 
MEASUREMENT 103
1.4716, 4.41481, 7.36319, 10.3064, 13.2548, 16.2031, 19.1774, 22.1309, 25.0793, 28.0277, 30.9502, 33.8934
2.45973, 2.4626, 2.64016, 2.88605, 3.29591, 3.79328, 5.21829, 0.236947, 0.000933747, -0.00250247, -0.00125644, -0.0016514
0.00720831, 0.00708061, 0.00783776, 0.00828184, 0.00927769, 0.0106734, 0.0149204, 0.000771342, 0.000414403, 0.000422636, 0.000368554, 0.00039714
0, 0.589331, 1.17866, 1.76799, 2.35732, 2.94665, 3.53598, 4.12532, 4.71465, 5.30398, 5.89331, 6.48264, 7.07197, 7.6613, 8.25063, 8.83996, 9.42929, 10.0186, 10.608, 11.1973, 11.7866, 12.3759, 12.9653, 13.5546, 14.1439, 14.7333, 15.3226, 15.9119, 16.5013, 17.0906, 17.6799, 18.2693, 18.8586, 19.4479, 20.0372, 20.6266, 21.2159, 21.8052, 22.3946, 22.9839, 23.5732, 24.1626, 24.7519, 25.3412, 25.9306, 26.5199, 27.1092, 27.6985, 28.2879, 28.8772, 29.4665, 30.0559, 30.6452, 31.2345, 31.8239, 32.4132, 33.0025, 33.5919, 34.1812, 34.7705
2.33191, 2.35319, 2.37534, 2.39843, 2.42252, 2.4477, 2.47405, 2.50165, 2.53062, 2.56107, 2.59313, 2.62695, 2.66271, 2.70059, 2.74082, 2.78365, 2.8294, 2.87841, 2.9311, 2.98798, 3.04965, 3.11684, 3.19049, 3.27172, 3.36203, 3.46334, 3.57821, 3.71021, 3.86441, 4.04841, 4.27433, 4.5632, 4.95652, 5.55771, 6.54045, 3.86744, 0.157931, 0.000160017, 1.30737e-09, 5.51189e-16, 3.78805e-24, 4.2436e-34, 7.74901e-46, 2.30643e-59, 1.11894e-74, 8.84765e-92, 1.14023e-110, 2.39489e-131, 8.19766e-154, 4.57289e-178, 4.1569e-204, 6.15761e-232, 1.48627e-261, 5.84538e-293, 0, 0, 0, 0, 0, 0
2.33191, 2.35768, 2.38462, 2.4128, 2.44233, 2.47332, 2.50589, 2.54018, 2.57634, 2.61454, 2.65499, 2.69791, 2.74355, 2.79223, 2.84429, 2.90014, 2.96025, 3.02521, 3.09569, 3.17253, 3.25676, 3.34963, 3.45276, 3.56819, 3.6986, 3.84759, 4.0201, 4.22317, 4.46724, 4.76865, 5.15487, 5.6769, 6.44537, 7.7834, 11.221, 9.82179, 0.526228, 0.000635208, 8.58828e-09, 3.68359e-15, 2.57536e-23, 2.93483e-33, 5.45111e-45, 1.65014e-58, 8.14076e-74, 6.54479e-91, 8.5741e-110, 1.83029e-130, 6.36603e-153, 3.60753e-177, 3.3306e-203, 5.00937e-231, 1.22736e-260, 4.89858e-292, 0, 0, 0, 0, 0, 0
20.5977
45.68
 
MEASUREMENT 104
1.4716, 4.41481, 7.36319, 10.3064, 13.2548, 16.2031, 19.1774, 22.1309, 25.0793, 28.0277, 30.9502, 33.8934
2.45605, 2.45652, 2.63246, 2.87859, 3.28683, 3.7859, 5.21053, 0.235965, 0.00108453, -0.00220763, -0.0013978, -0.00201418
0.00720831, 0.00708061, 0.00783776, 0.00828184, 0.00927769, 0.0106734, 0.0149204, 0.000771342, 0.000414403, 0.000422636, 0.000368554, 0.00039714
0, 0.589331, 1.17866, 1.76799, 2.35732, 2.94665, 3.53598, 4.12532, 4.71465, 5.30398, 5.89331, 6.48264, 7.07197, 7.6613, 8.25063, 8.83996, 9.42929, 10.0186, 10.608, 11.1973, 11.7866, 12.3759, 12.9653, 13.5546, 14.1439, 14.7333, 15.3226, 15.9119, 16.5013, 17.0906, 17.6799, 18.2693, 18.8586, 19.4479, 20.0372, 20.6266, 21.2159, 21.8052, 22.3946, 22.9839, 23.5732, 24.1626, 24.7519, 25.3412, 25.9306, 26.5199, 27.1092, 27.6985, 28.2879, 28.8772, 29.4665, 30.0559, 30.6452, 31.2345, 31.8239, 32.4132, 33.0025, 33.5919, 34.1812, 34.7705
2.32633, 2.34756, 2.36966, 2.3927, 2.41674, 2.44187, 2.46815, 2.4957, 2.5246, 2.55498, 2.58697, 2.62072, 2.65639, 2.69419, 2.73433, 2.77707, 2.82272, 2.87162, 2.92419, 2.98095, 3.04248, 3.10952, 3.183, 3.26406, 3.35416, 3.45524, 3.56985, 3.70155, 3.85538, 4.03895, 4.26431, 4.55242, 4.94459, 5.54354, 6.53122, 3.87818, 0.15371, 0.000142602, 1.01755e-09, 3.48326e-16, 1.82812e-24, 1.47097e-34, 1.81457e-46, 3.43164e-60, 9.94887e-76, 4.42158e-93, 3.01229e-112, 3.1457e-133, 5.03524e-156, 1.23535e-180, 4.64526e-207, 2.67708e-235, 2.36442e-265, 3.20025e-297, 0, 0, 0, 0, 0, 0
2.32633, 2.35204, 2.37891, 2.40702, 2.43648, 2.46739, 2.49988, 2.53408, 2.57015, 2.60826, 2.6486, 2.69141, 2.73694, 2.7855, 2.83742, 2.89313, 2.95309, 3.01787, 3.08818, 3.16482, 3.24882, 3.34145, 3.4443, 3.55942, 3.68948, 3.83805, 4.01008, 4.21256, 4.45591, 4.75639, 5.14135, 5.66154, 6.42687, 7.75718, 11.1806, 9.85484, 0.513472, 0.000568421, 6.68298e-09, 2.32794e-15, 1.24323e-23, 1.01786e-33, 1.27747e-45, 2.45766e-59, 7.24724e-75, 3.27552e-92, 2.26893e-111, 2.40862e-132, 3.91831e-155, 9.76765e-180, 3.73093e-206, 2.18353e-234, 1.95791e-264, 2.68966e-296, 0, 0, 0, 0, 0, 0
20.5992
45.68
 
MEASUREMENT 105
1.4716, 4.41481, 7.36319, 10.3064, 13.2548, 16.2031, 19.1774, 22.1309, 25.0793, 28.0277, 30.9502, 33.8934
2.46883, 2.47517, 2.64925, 2.8967, 3.3049, 3.80968, 5.24114, 0.237786, 0.000614767, -0.00242107, -0.00130484, -0.0017241
0.00720831, 0.00708061, 0.00783776, 0.00828184, 0.00927769, 0.0106734, 0.0149204, 0.000771342, 0.000414403, 0.000422636, 0.000368554, 0.00039714
0, 0.589331, 1.17866, 1.76799, 2.35732, 2.94665, 3.53598, 4.12532, 4.71465, 5.30398, 5.89331, 6.48264, 7.07197, 7.6613, 8.25063, 8.83996, 9.42929, 10.0186, 10.608, 11.1973, 11.7866, 12.3759, 12.9653, 13.5546, 14.1439, 14.7333, 15.3226, 15.9119, 16.5013, 17.0906, 17.6799, 18.2693, 18.8586, 19.4479, 20.0372, 20.6266, 21.2159, 21.8052, 22.3946, 22.9839, 23.5732, 24.1626, 24.7519, 25.3412, 25.9306, 26.5199, 27.1092, 27.6985, 28.2879, 28.8772, 29.4665, 30.0559, 30.6452, 31.2345, 31.8239, 32.4132, 33.0025, 33.5919, 34.1812, 34.7705
2.34106, 2.36241, 2.38464, 2.40782, 2.432, 2.45727, 2.48372, 2.51142, 2.54049, 2.57105, 2.60323, 2.63717, 2.67306, 2.71107, 2.75144, 2.79443, 2.84034, 2.88952, 2.9424, 2.99947, 3.06135, 3.12877, 3.20266, 3.28417, 3.37478, 3.47641, 3.59165, 3.72405, 3.87871, 4.06324, 4.28976, 4.57932, 4.97337, 5.57497, 6.56759, 3.90594, 0.154936, 0.000143339, 1.016e-09, 3.4387e-16, 1.77641e-24, 1.40066e-34, 1.68558e-46, 3.09589e-60, 8.67812e-76, 3.71241e-93, 2.42361e-112, 2.41451e-133, 3.6706e-156, 8.51474e-181, 3.0138e-207, 1.6276e-235, 1.34108e-265, 1.68583e-297, 0, 0, 0, 0, 0, 0
2.34106, 2.36693, 2.39396, 2.42225, 2.4519, 2.483, 2.5157, 2.55011, 2.58641, 2.62475, 2.66535, 2.70843, 2.75425, 2.80311, 2.85536, 2.91141, 2.97175, 3.03694, 3.10768, 3.1848, 3.26933, 3.36254, 3.46603, 3.58186, 3.71272, 3.86222, 4.0353, 4.23903, 4.48387, 4.78618, 5.17346, 5.69674, 6.46651, 7.80407, 11.2457, 9.93262, 0.518178, 0.000572155, 6.68268e-09, 2.30161e-15, 1.20991e-23, 9.70699e-34, 1.18852e-45, 2.22073e-59, 6.33175e-75, 2.75466e-92, 1.82853e-111, 1.85185e-132, 2.8612e-155, 6.74391e-180, 2.42477e-206, 1.32984e-234, 1.11246e-264, 1.41937e-296, 0, 0, 0, 0, 0, 0
20.5998
45.68
 
MEASUREMENT 106
1.4716, 4.41481, 7.36319, 10.3064, 13.2548, 16.2031, 19.1774, 22.1309, 25.0793, 28.0277, 30.9502, 33.8934
2.49151, 2.49426, 2.67688, 2.92675, 3.34477, 3.85165, 5.29459, 0.240298, 0.00117199, -0.0024005, -0.00157088, -0.0020184
0.00720831, 0.00708061, 0.00783776, 0.00828184, 0.00927769, 0.0106734, 0.0149204, 0.000771342, 0.000414403, 0.000422636, 0.000368554, 0.00039714
0, 0.589331, 1.17866, 1.76799, 2.35732, 2.94665, 3.53598, 4.12532, 4.71465, 5.30398, 5.89331, 6.48264, 7.07197, 7.6613, 8.25063, 8.83996, 9.42929, 10.0186, 10.608, 11.1973, 11.7866, 12.3759, 12.9653, 13.5546, 14.1439, 14.7333, 15.3226, 15.9119, 16.5013, 17.0906, 17.6799, 18.2693, 18.8586, 19.4479, 20.0372, 20.6266, 21.2159, 21.8052, 22.3946, 22.9839, 23.5732, 24.1626, 24.7519, 25.3412, 25.9306, 26.5199, 27.1092, 27.6985, 28.2879, 28.8772, 29.4665, 30.0559, 30.6452, 31.2345, 31.8239, 32.4132, 33.0025, 33.5919, 34.1812, 34.7705
2.36216, 2.38379, 2.40632, 2.4298, 2.4543, 2.47991, 2.50671, 2.53479, 2.56426, 2.59525, 2.62787, 2.66229, 2.69869, 2.73725, 2.77821, 2.82183, 2.86842, 2.91835, 2.97203, 3.03, 3.09286, 3.16138, 3.23649, 3.31938, 3.41156, 3.51501, 3.63238, 3.76733, 3.92511, 4.11357, 4.34529, 4.64215, 5.04766, 5.67174, 6.64813, 3.82787, 0.174813, 0.000253725, 3.66673e-09, 3.73873e-15, 8.11886e-23, 3.75478e-32, 3.69816e-43, 7.75693e-56, 3.46487e-70, 3.29584e-86, 6.676e-104, 2.87956e-123, 2.64475e-144, 5.17221e-167, 2.15372e-191, 1.90945e-217, 3.6043e-245, 1.44848e-274, 1.23928e-305, 0, 0, 0, 0, 0
2.36216, 2.38828, 2.41558, 2.44415, 2.47409, 2.5055, 2.53852, 2.57328, 2.60994, 2.64867, 2.68968, 2.7332, 2.77948, 2.82884, 2.88164, 2.93827, 2.99924, 3.06513, 3.13663, 3.21459, 3.30005, 3.3943, 3.49897, 3.61614, 3.74855, 3.89987, 4.07514, 4.28154, 4.52975, 4.83651, 5.23003, 5.76288, 6.54997, 7.93432, 11.4556, 9.61143, 0.569322, 0.000976681, 2.37256e-08, 2.45824e-14, 5.42437e-22, 2.54904e-31, 2.55086e-42, 5.43577e-55, 2.4665e-69, 2.38301e-85, 4.90204e-103, 2.14692e-122, 2.00181e-143, 3.97355e-166, 1.67906e-190, 1.51031e-216, 2.89175e-244, 1.17851e-273, 1.02227e-304, 0, 0, 0, 0, 0
20.587
45.68
 
MEASUREMENT 107
1.4716, 4.41481, 7.36319, 10.3064, 13.2548, 16.2031, 19.1774, 22.1309, 25.0793, 28.0277, 30.9502, 33.8934
2.49022, 2.4935, 2.66981, 2.91868, 3.3304, 3.8357, 5.28031, 0.239355, 0.00071641, -0.002236, -0.00130915, -0.00174801
0.00720831, 0.00708061, 0.00783776, 0.00828184, 0.00927769, 0.0106734, 0.0149204, 0.000771342, 0.000414403, 0.000422636, 0.000368554, 0.00039714
0, 0.589331, 1.17866, 1.76799, 2.35732, 2.94665, 3.53598, 4.12532, 4.71465, 5.30398, 5.89331, 6.48264, 7.07197, 7.6613, 8.25063, 8.83996, 9.42929, 10.0186, 10.608, 11.1973, 11.7866, 12.3759, 12.9653, 13.5546, 14.1439, 14.7333, 15.3226, 15.9119, 16.5013, 17.0906, 17.6799, 18.2693, 18.8586, 19.4479, 20.0372, 20.6266, 21.2159, 21.8052, 22.3946, 22.9839, 23.5732, 24.1626, 24.7519, 25.3412, 25.9306, 26.5199, 27.1092, 27.6985, 28.2879, 28.8772, 29.4665, 30.0559, 30.6452, 31.2345, 31.8239, 32.4132, 33.0025, 33.5919, 34.1812, 34.7705
2.36007, 2.38156, 2.40393, 2.42725, 2.45159, 2.47702, 2.50362, 2.5315, 2.56075, 2.59149, 2.62386, 2.65801, 2.6941, 2.73234, 2.77294, 2.81617, 2.86234, 2.91179, 2.96495, 3.02233, 3.08453, 3.15229, 3.22655, 3.30844, 3.39946, 3.50154, 3.61725, 3.75016, 3.90535, 4.09042, 4.31747, 4.60742, 5.00143, 5.60104, 6.60835, 3.98466, 0.148278, 0.000111574, 5.71832e-10, 1.17121e-16, 3.1465e-25, 1.10875e-35, 5.12434e-48, 3.10621e-62, 2.46943e-78, 2.57465e-96, 3.52031e-116, 6.31198e-138, 1.48407e-161, 4.57535e-187, 1.84952e-214, 9.80252e-244, 6.81146e-275, 6.20505e-308, 0, 0, 0, 0, 0, 0
2.36007, 2.38614, 2.41339, 2.4419, 2.47177, 2.50312, 2.53607, 2.57075, 2.60733, 2.64597, 2.68688, 2.73029, 2.77646, 2.82569, 2.87833, 2.93481, 2.9956, 3.06128, 3.13254, 3.21024, 3.29538, 3.38927, 3.4935, 3.61015, 3.74193, 3.89245, 4.0667, 4.27175, 4.51811, 4.82219, 5.21153, 5.73715, 6.50911, 7.8443, 11.2867, 10.1893, 0.501736, 0.000452752, 3.78848e-09, 7.9013e-16, 2.16142e-24, 7.75468e-35, 3.64874e-47, 2.25139e-61, 1.82162e-77, 1.93259e-95, 2.68822e-115, 4.90241e-137, 1.17205e-160, 3.67323e-186, 1.509e-213, 8.12544e-243, 5.73449e-274, 5.30409e-307, 0, 0, 0, 0, 0, 0
20.6049
45.68
 
MEASUREMENT 108
1.4716, 4.41481, 7.36319, 10.3064, 13.2548, 16.2031, 19.1774, 22.1309, 25.0793, 28.0277, 30.9502, 33.8934
2.4535, 2.45762, 2.63625, 2.88263, 3.29452, 3.79129, 5.21542, 0.236634, 0.000940861, -0.00217168, -0.00161307, -0.00196862
0.00720831, 0.00708061, 0.00783776, 0.00828184, 0.00927769, 0.0106734, 0.0149204, 0.000771342, 0.000414403, 0.000422636, 0.000368554, 0.00039714
0, 0.589331, 1.17866, 1.76799, 2.35732, 2.94665, 3.53598, 4.12532, 4.71465, 5.30398, 5.89331, 6.48264, 7.07197, 7.6613, 8.25063, 8.83996, 9.42929, 10.0186, 10.608, 11.1973, 11.7866, 12.3759, 12.9653, 13.5546, 14.1439, 14.7333, 15.3226, 15.9119, 16.5013, 17.0906, 17.6799, 18.2693, 18.8586, 19.4479, 20.0372, 20.6266, 21.2159, 21.8052, 22.3946, 22.9839, 23.5732, 24.1626, 24.7519, 25.3412, 25.9306, 26.5199, 27.1092, 27.6985, 28.2879, 28.8772, 29.4665, 30.0559, 30.6452, 31.2345, 31.8239, 32.4132, 33.0025, 33.5919, 34.1812, 34.7705
2.32694, 2.34823, 2.37039, 2.3935, 2.41762, 2.44283, 2.4692, 2.49684, 2.52584, 2.55633, 2.58843, 2.62231, 2.65812, 2.69606, 2.73636, 2.77928, 2.82512, 2.87424, 2.92705, 2.98407, 3.04591, 3.1133, 3.18717, 3.26868, 3.35932, 3.46103, 3.57642, 3.70906, 3.8641, 4.04925, 4.27681, 4.56817, 4.96581, 5.57653, 6.54692, 3.80035, 0.16739, 0.000216863, 2.61908e-09, 2.02288e-15, 3.06047e-23, 9.06973e-33, 5.2648e-44, 5.98606e-57, 1.33309e-71, 5.81474e-88, 4.9675e-106, 8.31132e-126, 2.72341e-147, 1.74765e-170, 2.19624e-195, 5.40471e-222, 2.60447e-250, 2.45756e-280, 4.5406e-312, 0, 0, 0, 0, 0
2.32694, 2.35266, 2.37955, 2.40769, 2.43717, 2.46811, 2.50063, 2.53486, 2.57096, 2.60911, 2.64949, 2.69235, 2.73793, 2.78654, 2.83853, 2.8943, 2.95434, 3.01921, 3.08962, 3.16638, 3.25052, 3.34331, 3.44636, 3.56171, 3.69205, 3.84099, 4.01349, 4.21659, 4.46081, 4.76255, 5.14949, 5.67315, 6.44581, 7.80034, 11.2597, 9.56994, 0.548608, 0.000845247, 1.70066e-08, 1.33522e-14, 2.05343e-22, 6.18553e-32, 3.64941e-43, 4.21695e-56, 9.54295e-71, 4.22918e-87, 3.67027e-105, 6.23716e-125, 2.07541e-146, 1.35216e-169, 1.7248e-194, 4.30743e-221, 2.10595e-249, 2.01562e-279, 3.77646e-311, 0, 0, 0, 0, 0
20.5903
45.68
 
MEASUREMENT 109
1.4716, 4.41481, 7.36319, 10.3064, 13.2548, 16.2031, 19.1774, 22.1309, 25.0793, 28.0277, 30.9502, 33.8934
2.44327, 2.44271, 2.6181, 2.86198, 3.26831, 3.76418, 5.17826, 0.234891, 0.000838302, -0.0026132, -0.00133639, -0.00192849
0.00720831, 0.00708061, 0.00783776, 0.00828184, 0.00927769, 0.0106734, 0.0149204, 0.000771342, 0.000414403, 0.000422636, 0.000368554, 0.00039714
0, 0.589331, 1.17866, 1.76799, 2.35732, 2.94665, 3.53598, 4.12532, 4.71465, 5.30398, 5.89331, 6.48264, 7.07197, 7.6613, 8.25063, 8.83996, 9.42929, 10.0186, 10.608, 11.1973, 11.7866, 12.3759, 12.9653, 13.5546, 14.1439, 14.7333, 15.3226, 15.9119, 16.5013, 17.0906, 17.6799, 18.2693, 18.8586, 19.4479, 20.0372, 20.6266, 21.2159, 21.8052, 22.3946, 22.9839, 23.5732, 24.1626, 24.7519, 25.3412, 25.9306, 26.5199, 27.1092, 27.6985, 28.2879, 28.8772, 29.4665, 30.0559, 30.6452, 31.2345, 31.8239, 32.4132, 33.0025, 33.5919, 34.1812, 34.7705
2.3137, 2.3348, 2.35677, 2.37967, 2.40357, 2.42854, 2.45467, 2.48204, 2.51077, 2.54097, 2.57276, 2.6063, 2.64176, 2.67932, 2.71921, 2.76169, 2.80705, 2.85565, 2.90789, 2.96429, 3.02543, 3.09205, 3.16505, 3.24559, 3.33511, 3.43553, 3.54939, 3.6802, 3.83301, 4.01532, 4.23912, 4.52518, 4.91449, 5.50886, 6.48842, 3.85607, 0.15339, 0.000143203, 1.0295e-09, 3.56205e-16, 1.89363e-24, 1.54667e-34, 1.94089e-46, 3.74188e-60, 1.10829e-75, 5.04286e-93, 3.52489e-112, 3.7848e-133, 6.24243e-156, 1.58147e-180, 6.15384e-207, 3.67783e-235, 3.37582e-265, 4.75874e-297, 0, 0, 0, 0, 0, 0
2.3137, 2.33927, 2.36599, 2.39395, 2.42325, 2.45399, 2.4863, 2.52032, 2.55619, 2.59409, 2.63421, 2.67679, 2.72207, 2.77036, 2.822, 2.8774, 2.93703, 3.00147, 3.07138, 3.14761, 3.23115, 3.32327, 3.42555, 3.54004, 3.66938, 3.81713, 3.98821, 4.18957, 4.43156, 4.73037, 5.11317, 5.63041, 6.39136, 7.71385, 11.1163, 9.80938, 0.513112, 0.000571651, 6.77557e-09, 2.38557e-15, 1.29046e-23, 1.07246e-33, 1.36924e-45, 2.68541e-59, 8.09007e-75, 3.74351e-92, 2.66053e-111, 2.90397e-132, 4.86778e-155, 1.25302e-179, 4.9528e-206, 3.00598e-234, 2.8012e-264, 4.00777e-296, 0, 0, 0, 0, 0, 0
20.5996
45.68
 
MEASUREMENT 110
1.4716, 4.41481, 7.36319, 10.3064, 13.2548, 16.2031, 19.1774, 22.1309, 25.0793, 28.0277, 30.9502, 33.8934
2.44334, 2.44951, 2.62309, 2.87073, 3.27824, 3.77866, 5.19111, 0.235646, 0.00101475, -0.00241427, -0.00161662, -0.00163289
0.00720831, 0.00708061, 0.00783776, 0.00828184, 0.00927769, 0.0106734, 0.0149204, 0.000771342, 0.000414403, 0.000422636, 0.000368554, 0.00039714
0, 0.589331, 1.17866, 1.76799, 2.35732, 2.94665, 3.53598, 4.12532, 4.71465, 5.30398, 5.89331, 6.48264, 7.07197, 7.6613, 8.25063, 8.83996, 9.42929, 10.0186, 10.608, 11.1973, 11.7866, 12.3759, 12.9653, 13.5546, 14.1439, 14.7333, 15.3226, 15.9119, 16.5013, 17.0906, 17.6799, 18.2693, 18.8586, 19.4479, 20.0372, 20.6266, 21.2159, 21.8052, 22.3946, 22.9839, 23.5732, 24.1626, 24.7519, 25.3412, 25.9306, 26.5199, 27.1092, 27.6985, 28.2879, 28.8772, 29.4665, 30.0559, 30.6452, 31.2345, 31.8239, 32.4132, 33.0025, 33.5919, 34.1812, 34.7705
2.31698, 2.33819, 2.36028, 2.3833, 2.40733, 2.43244, 2.45872, 2.48625, 2.51515, 2.54552, 2.57751, 2.61126, 2.64695, 2.68475, 2.72491, 2.76768, 2.81336, 2.86231, 2.91494, 2.97177, 3.0334, 3.10057, 3.1742, 3.25546, 3.34582, 3.44723, 3.56228, 3.69457, 3.84921, 4.03392, 4.26102, 4.55192, 4.94926, 5.56063, 6.51699, 3.75323, 0.171454, 0.0002488, 3.59219e-09, 3.65726e-15, 7.92441e-23, 3.65414e-32, 3.58595e-43, 7.48885e-56, 3.32818e-70, 3.14754e-86, 6.33424e-104, 2.71248e-123, 2.47158e-144, 4.79188e-167, 1.97673e-191, 1.73494e-217, 3.23969e-245, 1.28703e-274, 1.08776e-305, 0, 0, 0, 0, 0
2.31698, 2.3426, 2.36938, 2.3974, 2.42676, 2.45758, 2.48996, 2.52406, 2.56001, 2.598, 2.63823, 2.68091, 2.72631, 2.77473, 2.82651, 2.88207, 2.94187, 3.00649, 3.07662, 3.15309, 3.23691, 3.32936, 3.43202, 3.54695, 3.67683, 3.82525, 3.99715, 4.1996, 4.44305, 4.74392, 5.12988, 5.65249, 6.42443, 7.78199, 11.2352, 9.43117, 0.558914, 0.000958732, 2.32723e-08, 2.40768e-14, 5.30111e-22, 2.48385e-31, 2.4766e-42, 5.2546e-55, 2.37223e-69, 2.27871e-85, 4.6571e-103, 2.02497e-122, 1.87318e-143, 3.68619e-166, 1.5431e-190, 1.37409e-216, 2.60266e-244, 1.04854e-273, 8.98476e-305, 0, 0, 0, 0, 0
20.5871
45.68
 
MEASUREMENT 111
1.4716, 4.41481, 7.36319, 10.3064, 13.2548, 16.2031, 19.1774, 22.1309, 25.0793, 28.0277, 30.9502, 33.8934
2.46306, 2.4667, 2.64328, 2.88784, 3.30095, 3.80161, 5.22937, 0.237273, 0.000890367, -0.00236565, -0.00132152, -0.00192782
0.00720831, 0.00708061, 0.00783776, 0.00828184, 0.00927769, 0.0106734, 0.0149204, 0.000771342, 0.000414403, 0.000422636, 0.000368554, 0.00039714
0, 0.589331, 1.17866, 1.76799, 2.35732, 2.94665, 3.53598, 4.12532, 4.71465, 5.30398, 5.89331, 6.48264, 7.07197, 7.6613, 8.25063, 8.83996, 9.42929, 10.0186, 10.608, 11.1973, 11.7866, 12.3759, 12.9653, 13.5546, 14.1439, 14.7333, 15.3226, 15.9119, 16.5013, 17.0906, 17.6799, 18.2693, 18.8586, 19.4479, 20.0372, 20.6266, 21.2159, 21.8052, 22.3946, 22.9839, 23.5732, 24.1626, 24.7519, 25.3412, 25.9306, 26.5199, 27.1092, 27.6985, 28.2879, 28.8772, 29.4665, 30.0559, 30.6452, 31.2345, 31.8239, 32.4132, 33.0025, 33.5919, 34.1812, 34.7705
2.33449, 2.35581, 2.37801, 2.40116, 2.42531, 2.45055, 2.47696, 2.50464, 2.53368, 2.5642, 2.59635, 2.63026, 2.66611, 2.70409, 2.74443, 2.78739, 2.83327, 2.88242, 2.93527, 2.99232, 3.05418, 3.12159, 3.19547, 3.27699, 3.36761, 3.46928, 3.58459, 3.71711, 3.87195, 4.05678, 4.28379, 4.57419, 4.96991, 5.57574, 6.55886, 3.85641, 0.160789, 0.000174739, 1.59744e-09, 8.01744e-16, 6.91897e-24, 1.02668e-33, 2.61939e-45, 1.14904e-58, 8.66606e-74, 1.1237e-90, 2.50499e-109, 9.60008e-130, 6.32474e-152, 7.16296e-176, 1.39447e-201, 4.66635e-229, 2.68398e-258, 2.65337e-289, 4.5454e-322, 0, 0, 0, 0, 0
2.33449, 2.36029, 2.38725, 2.41547, 2.44504, 2.47607, 2.50868, 2.54301, 2.57922, 2.61747, 2.65797, 2.70094, 2.74665, 2.7954, 2.84752, 2.90345, 2.96364, 3.02869, 3.09927, 3.17622, 3.26057, 3.35359, 3.45687, 3.57248, 3.7031, 3.85233, 4.02514, 4.22858, 4.47312, 4.77517, 5.16229, 5.68573, 6.45682, 7.80208, 11.2538, 9.76156, 0.532634, 0.000688479, 1.04433e-08, 5.33102e-15, 4.67914e-23, 7.06131e-33, 1.83208e-44, 8.17189e-58, 6.26609e-73, 8.25931e-90, 1.87129e-108, 7.2873e-129, 4.87751e-151, 5.61065e-175, 1.10915e-200, 3.76799e-228, 2.19963e-257, 2.20643e-288, 3.85371e-321, 0, 0, 0, 0, 0
20.5954
45.68
 
MEASUREMENT 112
1.4716, 4.41481, 7.36319, 10.3064, 13.2548, 16.2031, 19.1774, 22.1309, 25.0793, 28.0277, 30.9502, 33.8934
2.43341, 2.43637, 2.61143, 2.85631, 3.26062, 3.75544, 5.16583, 0.234144, 0.000674688, -0.00239526, -0.00161155, -0.00200568
0.00720831, 0.00708061, 0.00783776, 0.00828184, 0.00927769, 0.0106734, 0.0149204, 0.000771342, 0.000414403, 0.000422636, 0.000368554, 0.00039714
0, 0.589331, 1.17866, 1.76799, 2.35732, 2.94665, 3.53598, 4.12532, 4.71465, 5.30398, 5.89331, 6.48264, 7.07197, 7.6613, 8.25063, 8.83996, 9.42929, 10.0186, 10.608, 11.1973, 11.7866, 12.3759, 12.9653, 13.5546, 14.1439, 14.7333, 15.3226, 15.9119, 16.5013, 17.0906, 17.6799, 18.2693, 18.8586, 19.4479, 20.0372, 20.6266, 21.2159, 21.8052, 22.3946, 22.9839, 23.5732, 24.1626, 24.7519, 25.3412, 25.9306, 26.5199, 27.1092, 27.6985, 28.2879, 28.8772, 29.4665, 30.0559, 30.6452, 31.2345, 31.8239, 32.4132, 33.0025, 33.5919, 34.1812, 34.7705
2.3067, 2.32777, 2.3497, 2.37257, 2.39643, 2.42136, 2.44745, 2.47479, 2.50348, 2.53364, 2.5654, 2.5989, 2.63431, 2.67184, 2.71169, 2.75412, 2.79944, 2.848, 2.90021, 2.95656, 3.01767, 3.08426, 3.15724, 3.23776, 3.32728, 3.42772, 3.54162, 3.67251, 3.82546, 4.00801, 4.23223, 4.51904, 4.90987, 5.50815, 6.47898, 3.80791, 0.158432, 0.000171407, 1.5571e-09, 7.74376e-16, 6.60608e-24, 9.66687e-34, 2.42643e-45, 1.04467e-58, 7.71452e-74, 9.77109e-91, 2.1226e-109, 7.90808e-130, 5.05284e-152, 5.53665e-176, 1.04037e-201, 3.35231e-229, 1.85224e-258, 1.75481e-289, 2.86558e-322, 0, 0, 0, 0, 0
2.3067, 2.33219, 2.35884, 2.38672, 2.41594, 2.4466, 2.47882, 2.51275, 2.54852, 2.58632, 2.62634, 2.6688, 2.71396, 2.76213, 2.81363, 2.86889, 2.92837, 2.99264, 3.06239, 3.13843, 3.22177, 3.31368, 3.41573, 3.52997, 3.65903, 3.8065, 3.97725, 4.17828, 4.41991, 4.71837, 5.1009, 5.61813, 6.38007, 7.70937, 11.1206, 9.64451, 0.525202, 0.000675902, 1.01869e-08, 5.15278e-15, 4.47084e-23, 6.6537e-33, 1.69841e-44, 7.43538e-58, 5.58244e-73, 7.18756e-90, 1.58691e-108, 6.0078e-129, 3.89985e-151, 4.34038e-175, 8.28196e-201, 2.70922e-228, 1.51928e-257, 1.46049e-288, 2.28258e-321, 0, 0, 0, 0, 0
20.5953
45.68
 
MEASUREMENT 113
1.4716, 4.41481, 7.36319, 10.3064, 13.2548, 16.2031, 19.1774, 22.1309, 25.0793, 28.0277, 30.9502, 33.8934
2.42581, 2.42889, 2.60382, 2.84942, 3.25051, 3.74373, 5.14949, 0.233388, 0.000759703, -0.0023589, -0.00151791, -0.00194759
0.00720831, 0.00708061, 0.00783776, 0.00828184, 0.00927769, 0.0106734, 0.0149204, 0.000771342, 0.000414403, 0.000422636, 0.000368554, 0.00039714
0, 0.589331, 1.17866, 1.76799, 2.35732, 2.94665, 3.53598, 4.12532, 4.71465, 5.30398, 5.89331, 6.48264, 7.07197, 7.6613, 8.25063, 8.83996, 9.42929, 10.0186, 10.608, 11.1973, 11.7866, 12.3759, 12.9653, 13.5546, 14.1439, 14.7333, 15.3226, 15.9119, 16.5013, 17.0906, 17.6799, 18.2693, 18.8586, 19.4479, 20.0372, 20.6266, 21.2159, 21.8052, 22.3946, 22.9839, 23.5732, 24.1626, 24.7519, 25.3412, 25.9306, 26.5199, 27.1092, 27.6985, 28.2879, 28.8772, 29.4665, 30.0559, 30.6452, 31.2345, 31.8239, 32.4132, 33.0025, 33.5919, 34.1812, 34.7705
2.29998, 2.32098, 2.34285, 2.36564, 2.38943, 2.41429, 2.4403, 2.46755, 2.49615, 2.52622, 2.55787, 2.59127, 2.62657, 2.66398, 2.7037, 2.74601, 2.79119, 2.83959, 2.89163, 2.94781, 3.00872, 3.0751, 3.14785, 3.22811, 3.31734, 3.41745, 3.53098, 3.66145, 3.81389, 3.99583, 4.2193, 4.50515, 4.89463, 5.4908, 6.458, 3.79544, 0.15794, 0.000170934, 1.55336e-09, 7.73e-16, 6.5993e-24, 9.66534e-34, 2.42845e-45, 1.0467e-58, 7.73902e-74, 9.81536e-91, 2.13536e-109, 7.96827e-130, 5.10002e-152, 5.59858e-176, 1.05406e-201, 3.40347e-229, 1.88463e-258, 1.78964e-289, 2.96439e-322, 0, 0, 0, 0, 0
2.29998, 2.3254, 2.35197, 2.37977, 2.4089, 2.43947, 2.4716, 2.50542, 2.54109, 2.57878, 2.61868, 2.66102, 2.70606, 2.75408, 2.80544, 2.86053, 2.91984, 2.98392, 3.05346, 3.12928, 3.21238, 3.30402, 3.40578, 3.51968, 3.64837, 3.7954, 3.96566, 4.16609, 4.40703, 4.70461, 5.08602, 5.60173, 6.36144, 7.68683, 11.088, 9.61695, 0.52383, 0.000674396, 1.01691e-08, 5.14703e-15, 4.46921e-23, 6.65706e-33, 1.70095e-44, 7.45479e-58, 5.6039e-73, 7.22495e-90, 1.59752e-108, 6.05759e-129, 3.93891e-151, 4.39189e-175, 8.39662e-201, 2.75242e-228, 1.5469e-257, 1.49048e-288, 2.52962e-321, 0, 0, 0, 0, 0
20.5953
45.68
 
MEASUREMENT 114
1.4716, 4.41481, 7.36319, 10.3064, 13.2548, 16.2031, 19.1774, 22.1309, 25.0793, 28.0277, 30.9502, 33.8934
2.44773, 2.45134, 2.62717, 2.86972, 3.27969, 3.77704, 5.19555, 0.23554, 0.00105167, -0.00259723, -0.0014489, -0.00164633
0.00720831, 0.00708061, 0.00783776, 0.00828184, 0.00927769, 0.0106734, 0.0149204, 0.000771342, 0.000414403, 0.000422636, 0.000368554, 0.00039714
0, 0.589331, 1.17866, 1.76799, 2.35732, 2.94665, 3.53598, 4.12532, 4.71465, 5.30398, 5.89331, 6.48264, 7.07197, 7.6613, 8.25063, 8.83996, 9.42929, 10.0186, 10.608, 11.1973, 11.7866, 12.3759, 12.9653, 13.5546, 14.1439, 14.7333, 15.3226, 15.9119, 16.5013, 17.0906, 17.6799, 18.2693, 18.8586, 19.4479, 20.0372, 20.6266, 21.2159, 21.8052, 22.3946, 22.9839, 23.5732, 24.1626, 24.7519, 25.3412, 25.9306, 26.5199, 27.1092, 27.6985, 28.2879, 28.8772, 29.4665, 30.0559, 30.6452, 31.2345, 31.8239, 32.4132, 33.0025, 33.5919, 34.1812, 34.7705
2.3201, 2.34129, 2.36334, 2.38633, 2.41032, 2.4354, 2.46163, 2.48912, 2.51797, 2.54829, 2.58021, 2.6139, 2.6495, 2.68723, 2.72729, 2.76996, 2.81552, 2.86434, 2.91682, 2.97348, 3.03491, 3.10185, 3.17521, 3.25615, 3.34613, 3.44708, 3.56155, 3.69311, 3.8468, 4.03024, 4.25552, 4.54363, 4.93611, 5.53652, 6.51494, 3.84, 0.157932, 0.000164547, 1.40807e-09, 6.38288e-16, 4.82576e-24, 6.08502e-34, 1.27967e-45, 4.48805e-59, 2.62503e-74, 2.56043e-91, 4.16467e-110, 1.12959e-130, 5.10881e-153, 3.85266e-177, 4.84426e-203, 1.01556e-230, 3.54953e-260, 2.0683e-291, 0, 0, 0, 0, 0, 0
2.3201, 2.34575, 2.37254, 2.40059, 2.42997, 2.46081, 2.49322, 2.52733, 2.56331, 2.60133, 2.64157, 2.68428, 2.7297, 2.77814, 2.82994, 2.88551, 2.94533, 3.00997, 3.0801, 3.15657, 3.24039, 3.33281, 3.43544, 3.55031, 3.6801, 3.82838, 4.00008, 4.2022, 4.44514, 4.74519, 5.12971, 5.64954, 6.41505, 7.74926, 11.1757, 9.73514, 0.524657, 0.000650741, 9.22366e-09, 4.25317e-15, 3.2709e-23, 4.19515e-33, 8.97281e-45, 3.20028e-58, 1.90329e-73, 1.88735e-90, 3.1204e-109, 8.60108e-130, 3.95239e-152, 3.02767e-176, 3.86612e-202, 8.22888e-230, 2.91933e-259, 1.72617e-290, 0, 0, 0, 0, 0, 0
20.5964
45.68
 
MEASUREMENT 115
1.4716, 4.41481, 7.36319, 10.3064, 13.2548, 16.2031, 19.1774, 22.1309, 25.0793, 28.0277, 30.9502, 33.8934
2.41832, 2.42162, 2.59601, 2.84096, 3.24059, 3.73231, 5.13464, 0.233086, 0.000578282, -0.00220271, -0.0013328, -0.00197976
0.00720831, 0.00708061, 0.00783776, 0.00828184, 0.00927769, 0.0106734, 0.0149204, 0.000771342, 0.000414403, 0.000422636, 0.000368554, 0.00039714
0, 0.589331, 1.17866, 1.76799, 2.35732, 2.94665, 3.53598, 4.12532, 4.71465, 5.30398, 5.89331, 6.48264, 7.07197, 7.6613, 8.25063, 8.83996, 9.42929, 10.0186, 10.608, 11.1973, 11.7866, 12.3759, 12.9653, 13.5546, 14.1439, 14.7333, 15.3226, 15.9119, 16.5013, 17.0906, 17.6799, 18.2693, 18.8586, 19.4479, 20.0372, 20.6266, 21.2159, 21.8052, 22.3946, 22.9839, 23.5732, 24.1626, 24.7519, 25.3412, 25.9306, 26.5199, 27.1092, 27.6985, 28.2879, 28.8772, 29.4665, 30.0559, 30.6452, 31.2345, 31.8239, 32.4132, 33.0025, 33.5919, 34.1812, 34.7705
2.29304, 2.31398, 2.33578, 2.3585, 2.38222, 2.407, 2.43293, 2.46011, 2.48862, 2.51859, 2.55015, 2.58345, 2.61864, 2.65594, 2.69554, 2.73771, 2.78275, 2.83101, 2.88289, 2.9389, 2.99962, 3.0658, 3.13832, 3.21834, 3.30729, 3.40709, 3.52027, 3.65033, 3.80229, 3.98366, 4.20641, 4.49132, 4.8795, 5.47353, 6.43881, 3.79067, 0.157514, 0.00016905, 1.51395e-09, 7.35851e-16, 6.08837e-24, 8.57505e-34, 2.05584e-45, 8.38967e-59, 5.82767e-74, 6.89008e-91, 1.3865e-109, 4.74864e-130, 2.76793e-152, 2.74575e-176, 4.63525e-202, 1.3316e-229, 6.50949e-259, 5.41471e-290, 7.90505e-323, 0, 0, 0, 0, 0
2.29304, 2.31838, 2.34487, 2.37259, 2.40163, 2.43211, 2.46414, 2.49786, 2.53342, 2.57099, 2.61077, 2.65298, 2.69787, 2.74575, 2.79695, 2.85187, 2.911, 2.97488, 3.04421, 3.11979, 3.20264, 3.29399, 3.39543, 3.50897, 3.63726, 3.78383, 3.95354, 4.15334, 4.39349, 4.69011, 5.07025, 5.58421, 6.34122, 7.66136, 11.0494, 9.60352, 0.52253, 0.000667239, 9.91109e-09, 4.8998e-15, 4.12343e-23, 5.90666e-33, 1.44014e-44, 5.97619e-58, 4.22064e-73, 5.07276e-90, 1.03753e-108, 3.61094e-129, 2.13838e-151, 2.15462e-175, 3.69367e-201, 1.07727e-228, 5.34499e-258, 4.51138e-289, 7.5592e-322, 0, 0, 0, 0, 0
20.5959
45.68
 
MEASUREMENT 116
1.4716, 4.41481, 7.36319, 10.3064, 13.2548, 16.2031, 19.1774, 22.1309, 25.0793, 28.0277, 30.9502, 33.8934
2.4773, 2.47999, 2.66115, 2.90607, 3.31849, 3.82192, 5.25767, 0.238912, 0.00103823, -0.00258116, -0.001605, -0.0020042
0.00720831, 0.00708061, 0.00783776, 0.00828184, 0.00927769, 0.0106734, 0.0149204, 0.000771342, 0.000414403, 0.000422636, 0.000368554, 0.00039714
0, 0.589331, 1.17866, 1.76799, 2.35732, 2.94665, 3.53598, 4.12532, 4.71465, 5.30398, 5.89331, 6.48264, 7.07197, 7.6613, 8.25063, 8.83996, 9.42929, 10.0186, 10.608, 11.1973, 11.7866, 12.3759, 12.9653, 13.5546, 14.1439, 14.7333, 15.3226, 15.9119, 16.5013, 17.0906, 17.6799, 18.2693, 18.8586, 19.4479, 20.0372, 20.6266, 21.2159, 21.8052, 22.3946, 22.9839, 23.5732, 24.1626, 24.7519, 25.3412, 25.9306, 26.5199, 27.1092, 27.6985, 28.2879, 28.8772, 29.4665, 30.0559, 30.6452, 31.2345, 31.8239, 32.4132, 33.0025, 33.5919, 34.1812, 34.7705
2.34866, 2.37009, 2.3924, 2.41567, 2.43994, 2.46531, 2.49185, 2.51966, 2.54885, 2.57952, 2.61182, 2.6459, 2.68192, 2.72009, 2.76062, 2.80378, 2.84987, 2.89925, 2.95234, 3.00964, 3.07178, 3.13948, 3.21368, 3.29554, 3.38654, 3.48862, 3.60437, 3.73738, 3.89277, 4.0782, 4.30588, 4.59701, 4.99344, 5.59945, 6.59034, 3.89824, 0.159359, 0.000161801, 1.32585e-09, 5.61277e-16, 3.87728e-24, 4.37055e-34, 8.03883e-46, 2.41261e-59, 1.18142e-74, 9.43924e-92, 1.23045e-110, 2.61684e-131, 9.07935e-154, 5.13906e-178, 4.74511e-204, 7.14704e-232, 1.75592e-261, 7.03667e-293, 0, 0, 0, 0, 0, 0
2.34866, 2.37461, 2.40174, 2.43012, 2.45987, 2.49108, 2.52388, 2.55842, 2.59483, 2.63331, 2.67405, 2.71728, 2.76325, 2.81228, 2.86471, 2.92096, 2.9815, 3.04693, 3.11791, 3.19531, 3.28014, 3.37368, 3.47755, 3.5938, 3.72515, 3.8752, 4.04895, 4.25348, 4.49929, 4.80287, 5.19185, 5.71762, 6.49158, 7.83919, 11.3012, 9.89293, 0.530538, 0.000641693, 8.70109e-09, 3.74728e-15, 2.63339e-23, 3.01959e-33, 5.64926e-45, 1.72434e-58, 8.58656e-74, 6.97519e-91, 9.24295e-110, 1.99783e-130, 7.04332e-153, 4.0499e-177, 3.79785e-203, 5.8081e-231, 1.44849e-260, 5.89057e-292, 0, 0, 0, 0, 0, 0
20.5978
45.68
 
MEASUREMENT 117
1.4716, 4.41481, 7.36319, 10.3064, 13.2548, 16.2031, 19.1774, 22.1309, 25.0793, 28.0277, 30.9502, 33.8934
2.48575, 2.48811, 2.66686, 2.9161, 3.32949, 3.83168, 5.2778, 0.239277, 0.00103268, -0.00235459, -0.00134974, -0.00156604
0.00720831, 0.00708061, 0.00783776, 0.00828184, 0.00927769, 0.0106734, 0.0149204, 0.000771342, 0.000414403, 0.000422636, 0.000368554, 0.00039714
0, 0.589331, 1.17866, 1.76799, 2.35732, 2.94665, 3.53598, 4.12532, 4.71465, 5.30398, 5.89331, 6.48264, 7.07197, 7.6613, 8.25063, 8.83996, 9.42929, 10.0186, 10.608, 11.1973, 11.7866, 12.3759, 12.9653, 13.5546, 14.1439, 14.7333, 15.3226, 15.9119, 16.5013, 17.0906, 17.6799, 18.2693, 18.8586, 19.4479, 20.0372, 20.6266, 21.2159, 21.8052, 22.3946, 22.9839, 23.5732, 24.1626, 24.7519, 25.3412, 25.9306, 26.5199, 27.1092, 27.6985, 28.2879, 28.8772, 29.4665, 30.0559, 30.6452, 31.2345, 31.8239, 32.4132, 33.0025, 33.5919, 34.1812, 34.7705
2.35619, 2.37767, 2.40005, 2.42337, 2.44771, 2.47314, 2.49975, 2.52763, 2.55689, 2.58764, 2.62002, 2.65418, 2.69029, 2.72854, 2.76917, 2.81243, 2.85862, 2.90811, 2.96132, 3.01875, 3.08102, 3.14886, 3.22321, 3.30522, 3.39638, 3.49863, 3.61457, 3.74777, 3.90334, 4.08894, 4.31676, 4.60789, 5.00394, 5.60801, 6.61258, 3.95271, 0.152768, 0.000130279, 8.13451e-10, 2.26275e-16, 9.05976e-25, 5.22108e-35, 4.3307e-47, 5.17006e-61, 8.88302e-77, 2.19653e-94, 7.81648e-114, 4.00281e-135, 2.94972e-158, 3.12781e-183, 4.77229e-210, 1.04766e-238, 3.30904e-269, 1.50367e-301, 0, 0, 0, 0, 0, 0
2.35619, 2.38222, 2.40942, 2.43789, 2.46773, 2.49903, 2.53193, 2.56657, 2.60309, 2.64168, 2.68253, 2.72588, 2.77199, 2.82116, 2.87373, 2.93014, 2.99085, 3.05645, 3.12763, 3.20523, 3.29028, 3.38406, 3.48819, 3.60472, 3.73638, 3.88677, 4.06089, 4.26582, 4.51207, 4.8161, 5.20549, 5.73147, 6.50474, 7.84607, 11.3012, 10.0602, 0.512427, 0.00052241, 5.35385e-09, 1.51587e-15, 6.17755e-24, 3.62334e-34, 3.05852e-46, 3.71536e-60, 6.49456e-76, 1.63355e-93, 5.91186e-113, 3.07821e-134, 2.30585e-157, 2.48482e-182, 3.85185e-209, 8.58872e-238, 2.75455e-268, 1.27061e-300, 0, 0, 0, 0, 0, 0
20.6016
45.68
 
MEASUREMENT 118
1.4716, 4.41481, 7.36319, 10.3064, 13.2548, 16.2031, 19.1774, 22.1309, 25.0793, 28.0277, 30.9502, 33.8934
2.46173, 2.46408, 2.64165, 2.88769, 3.29771, 3.80053, 5.2215, 0.236851, 0.000735656, -0.00237309, -0.00162882, -0.00202204
0.00720831, 0.00708061, 0.00783776, 0.00828184, 0.00927769, 0.0106734, 0.0149204, 0.000771342, 0.000414403, 0.000422636, 0.000368554, 0.00039714
0, 0.589331, 1.17866, 1.76799, 2.35732, 2.94665, 3.53598, 4.12532, 4.71465, 5.30398, 5.89331, 6.48264, 7.07197, 7.6613, 8.25063, 8.83996, 9.42929, 10.0186, 10.608, 11.1973, 11.7866, 12.3759, 12.9653, 13.5546, 14.1439, 14.7333, 15.3226, 15.9119, 16.5013, 17.0906, 17.6799, 18.2693, 18.8586, 19.4479, 20.0372, 20.6266, 21.2159, 21.8052, 22.3946, 22.9839, 23.5732, 24.1626, 24.7519, 25.3412, 25.9306, 26.5199, 27.1092, 27.6985, 28.2879, 28.8772, 29.4665, 30.0559, 30.6452, 31.2345, 31.8239, 32.4132, 33.0025, 33.5919, 34.1812, 34.7705
2.33282, 2.35414, 2.37633, 2.39947, 2.42362, 2.44885, 2.47525, 2.50292, 2.53195, 2.56247, 2.59461, 2.62852, 2.66436, 2.70234, 2.74267, 2.78562, 2.83149, 2.88064, 2.93349, 2.99054, 3.05241, 3.11982, 3.19372, 3.27525, 3.3659, 3.46761, 3.58298, 3.71558, 3.87054, 4.05555, 4.28287, 4.5738, 4.9706, 5.57928, 6.55042, 3.81348, 0.165978, 0.000206748, 2.34363e-09, 1.64153e-15, 2.18572e-23, 5.53242e-33, 2.66197e-44, 2.43472e-57, 4.23295e-72, 1.39885e-88, 8.78667e-107, 1.04903e-126, 2.38038e-148, 1.02657e-171, 8.41389e-197, 1.31057e-223, 3.87934e-252, 2.18212e-282, 2.33241e-314, 0, 0, 0, 0, 0
2.33282, 2.35861, 2.38556, 2.41377, 2.44332, 2.47434, 2.50694, 2.54125, 2.57744, 2.61568, 2.65616, 2.69912, 2.74481, 2.79354, 2.84565, 2.90155, 2.96173, 3.02676, 3.09733, 3.17427, 3.25861, 3.35161, 3.45489, 3.5705, 3.70114, 3.8504, 4.02327, 4.2268, 4.47151, 4.77383, 5.16147, 5.68594, 6.45947, 7.81385, 11.2769, 9.63548, 0.546748, 0.000810803, 1.52942e-08, 1.08909e-14, 1.47427e-22, 3.79355e-32, 1.85545e-43, 1.72492e-56, 3.04777e-71, 1.02345e-87, 6.53141e-106, 7.92094e-126, 1.82539e-147, 7.99331e-171, 6.65068e-196, 1.05137e-222, 3.15775e-251, 1.80182e-281, 1.95317e-313, 0, 0, 0, 0, 0
20.5917
45.68
 
MEASUREMENT 119
1.4716, 4.41481, 7.36319, 10.3064, 13.2548, 16.2031, 19.1774, 22.1309, 25.0793, 28.0277, 30.9502, 33.8934
2.45407, 2.45702, 2.63067, 2.87603, 3.28127, 3.77931, 5.20482, 0.235886, 0.000785059, -0.00244999, -0.00132486, -0.00172558
0.00720831, 0.00708061, 0.00783776, 0.00828184, 0.00927769, 0.0106734, 0.0149204, 0.000771342, 0.000414403, 0.000422636, 0.000368554, 0.00039714
0, 0.589331, 1.17866, 1.76799, 2.35732, 2.94665, 3.53598, 4.12532, 4.71465, 5.30398, 5.89331, 6.48264, 7.07197, 7.6613, 8.25063, 8.83996, 9.42929, 10.0186, 10.608, 11.1973, 11.7866, 12.3759, 12.9653, 13.5546, 14.1439, 14.7333, 15.3226, 15.9119, 16.5013, 17.0906, 17.6799, 18.2693, 18.8586, 19.4479, 20.0372, 20.6266, 21.2159, 21.8052, 22.3946, 22.9839, 23.5732, 24.1626, 24.7519, 25.3412, 25.9306, 26.5199, 27.1092, 27.6985, 28.2879, 28.8772, 29.4665, 30.0559, 30.6452, 31.2345, 31.8239, 32.4132, 33.0025, 33.5919, 34.1812, 34.7705
2.32564, 2.34681, 2.36885, 2.39183, 2.4158, 2.44085, 2.46707, 2.49453, 2.52335, 2.55363, 2.58552, 2.61916, 2.65472, 2.69239, 2.73239, 2.77498, 2.82046, 2.86917, 2.92154, 2.97806, 3.03933, 3.10608, 3.17922, 3.25989, 3.34954, 3.45007, 3.56404, 3.69492, 3.84774, 4.02997, 4.25351, 4.53891, 4.9266, 5.51609, 6.51204, 3.94426, 0.143686, 0.00010093, 4.6478e-10, 8.06272e-17, 1.7452e-25, 4.7133e-36, 1.58822e-48, 6.6771e-63, 3.50219e-79, 2.29167e-97, 1.8707e-117, 1.90493e-139, 2.41967e-163, 3.8337e-189, 7.57603e-217, 1.86727e-246, 5.73973e-278, 2.20027e-311, 0, 0, 0, 0, 0, 0
2.32564, 2.35132, 2.37817, 2.40626, 2.4357, 2.46659, 2.49905, 2.53322, 2.56926, 2.60733, 2.64764, 2.69041, 2.7359, 2.7844, 2.83627, 2.89192, 2.95181, 3.01652, 3.08673, 3.16327, 3.24715, 3.33964, 3.44233, 3.55724, 3.68705, 3.83532, 4.00695, 4.20892, 4.45154, 4.75099, 5.13433, 5.6517, 6.41119, 7.723, 11.1063, 10.0951, 0.487518, 0.000411338, 3.08217e-09, 5.44562e-16, 1.20047e-24, 3.30172e-35, 1.13288e-47, 4.8491e-62, 2.58903e-78, 1.72419e-96, 1.43211e-116, 1.48348e-138, 1.91636e-162, 3.08698e-188, 6.20047e-216, 1.55283e-245, 4.84851e-277, 1.88735e-310, 0, 0, 0, 0, 0, 0
20.6065
45.68
 
MEASUREMENT 120
1.4716, 4.41481, 7.36319, 10.3064, 13.2548, 16.2031, 19.1774, 22.1309, 25.0793, 28.0277, 30.9502, 33.8934
2.47968, 2.47984, 2.66153, 2.90974, 3.32493, 3.82597, 5.26233, 0.238526, 0.00093318, -0.0023258, -0.00161235, -0.00198834
0.00720831, 0.00708061, 0.00783776, 0.00828184, 0.00927769, 0.0106734, 0.0149204, 0.000771342, 0.000414403, 0.000422636, 0.000368554, 0.00039714
0, 0.589331, 1.17866, 1.76799, 2.35732, 2.94665, 3.53598, 4.12532, 4.71465, 5.30398, 5.89331, 6.48264, 7.07197, 7.6613, 8.25063, 8.83996, 9.42929, 10.0186, 10.608, 11.1973, 11.7866, 12.3759, 12.9653, 13.5546, 14.1439, 14.7333, 15.3226, 15.9119, 16.5013, 17.0906, 17.6799, 18.2693, 18.8586, 19.4479, 20.0372, 20.6266, 21.2159, 21.8052, 22.3946, 22.9839, 23.5732, 24.1626, 24.7519, 25.3412, 25.9306, 26.5199, 27.1092, 27.6985, 28.2879, 28.8772, 29.4665, 30.0559, 30.6452, 31.2345, 31.8239, 32.4132, 33.0025, 33.5919, 34.1812, 34.7705
2.34981, 2.37128, 2.39364, 2.41695, 2.44127, 2.46669, 2.49329, 2.52116, 2.55041, 2.58115, 2.61352, 2.64768, 2.68378, 2.72204, 2.76267, 2.80594, 2.85215, 2.90166, 2.95489, 3.01236, 3.07468, 3.14259, 3.21702, 3.29915, 3.39046, 3.49291, 3.60912, 3.74268, 3.89876, 4.08509, 4.31402, 4.60697, 5.00643, 5.61884, 6.60227, 3.8557, 0.16496, 0.000195086, 2.0398e-09, 1.26118e-15, 1.42841e-23, 2.96352e-33, 1.12624e-44, 7.84001e-58, 9.99654e-73, 2.33464e-89, 9.98649e-108, 7.82378e-128, 1.12258e-149, 2.94984e-173, 1.41953e-198, 1.25096e-225, 2.01873e-254, 5.96528e-285, 3.22765e-317, 0, 0, 0, 0, 0
2.34981, 2.37579, 2.40293, 2.43134, 2.46111, 2.49235, 2.52518, 2.55974, 2.59619, 2.6347, 2.67548, 2.71875, 2.76476, 2.81384, 2.86632, 2.92263, 2.98324, 3.04873, 3.1198, 3.19729, 3.28223, 3.37589, 3.4799, 3.59632, 3.72788, 3.87819, 4.05225, 4.25719, 4.50357, 4.80794, 5.19814, 5.72597, 6.50414, 7.86495, 11.3496, 9.74527, 0.544259, 0.000767023, 1.33105e-08, 8.36811e-15, 9.63691e-23, 2.03285e-32, 7.85435e-44, 5.55815e-57, 7.20351e-72, 1.70974e-88, 7.43132e-107, 5.91468e-127, 8.61994e-149, 2.30019e-172, 1.1238e-197, 1.00522e-224, 1.64611e-253, 4.93476e-284, 2.70807e-316, 0, 0, 0, 0, 0
20.5928
45.68
 
MEASUREMENT 121
1.4716, 4.41481, 7.36319, 10.3064, 13.2548, 16.2031, 19.1774, 22.1309, 25.0793, 28.0277, 30.9502, 33.8934
2.43787, 2.44112, 2.6168, 2.86023, 3.26616, 3.76177, 5.17452, 0.234575, 0.000777465, -0.00254342, -0.00134674, -0.00189169
0.00720831, 0.00708061, 0.00783776, 0.00828184, 0.00927769, 0.0106734, 0.0149204, 0.000771342, 0.000414403, 0.000422636, 0.000368554, 0.00039714
0, 0.589331, 1.17866, 1.76799, 2.35732, 2.94665, 3.53598, 4.12532, 4.71465, 5.30398, 5.89331, 6.48264, 7.07197, 7.6613, 8.25063, 8.83996, 9.42929, 10.0186, 10.608, 11.1973, 11.7866, 12.3759, 12.9653, 13.5546, 14.1439, 14.7333, 15.3226, 15.9119, 16.5013, 17.0906, 17.6799, 18.2693, 18.8586, 19.4479, 20.0372, 20.6266, 21.2159, 21.8052, 22.3946, 22.9839, 23.5732, 24.1626, 24.7519, 25.3412, 25.9306, 26.5199, 27.1092, 27.6985, 28.2879, 28.8772, 29.4665, 30.0559, 30.6452, 31.2345, 31.8239, 32.4132, 33.0025, 33.5919, 34.1812, 34.7705
2.31101, 2.3321, 2.35407, 2.37697, 2.40087, 2.42584, 2.45197, 2.47935, 2.50808, 2.53828, 2.57008, 2.60363, 2.63909, 2.67666, 2.71657, 2.75906, 2.80444, 2.85306, 2.90533, 2.96176, 3.02294, 3.08961, 3.16268, 3.24329, 3.33291, 3.43345, 3.54746, 3.67848, 3.83156, 4.01425, 4.2386, 4.52554, 4.91641, 5.51436, 6.48841, 3.8236, 0.15738, 0.000164376, 1.41197e-09, 6.43869e-16, 4.90564e-24, 6.24468e-34, 1.3281e-45, 4.71898e-59, 2.80123e-74, 2.77792e-91, 4.602e-110, 1.27355e-130, 5.88726e-153, 4.54591e-177, 5.86304e-203, 1.263e-230, 4.54405e-260, 2.7304e-291, 0, 0, 0, 0, 0, 0
2.31101, 2.33655, 2.36324, 2.39117, 2.42044, 2.45116, 2.48344, 2.51742, 2.55326, 2.59113, 2.63122, 2.67375, 2.719, 2.76725, 2.81885, 2.8742, 2.93378, 2.99817, 3.06803, 3.1442, 3.22769, 3.31975, 3.42198, 3.5364, 3.66568, 3.81338, 3.98441, 4.18574, 4.42774, 4.72662, 5.10964, 5.62746, 6.39001, 7.71913, 11.1323, 9.69513, 0.522891, 0.000650128, 9.25161e-09, 4.29146e-15, 3.32588e-23, 4.30627e-33, 9.31465e-45, 3.36573e-58, 2.03149e-73, 2.04811e-90, 3.4488e-109, 9.69927e-130, 4.55556e-152, 3.57318e-176, 4.6801e-202, 1.02358e-229, 3.73797e-259, 2.27916e-290, 0, 0, 0, 0, 0, 0
20.5963
45.68
 
MEASUREMENT 122
1.4716, 4.41481, 7.36319, 10.3064, 13.2548, 16.2031, 19.1774, 22.1309, 25.0793, 28.0277, 30.9502, 33.8934
2.40391, 2.41064, 2.58074, 2.82207, 3.22607, 3.71749, 5.10706, 0.231325, 0.000864487, -0.002314, -0.00162781, -0.00187866
0.00720831, 0.00708061, 0.00783776, 0.00828184, 0.00927769, 0.0106734, 0.0149204, 0.000771342, 0.000414403, 0.000422636, 0.000368554, 0.00039714
0, 0.589331, 1.17866, 1.76799, 2.35732, 2.94665, 3.53598, 4.12532, 4.71465, 5.30398, 5.89331, 6.48264, 7.07197, 7.6613, 8.25063, 8.83996, 9.42929, 10.0186, 10.608, 11.1973, 11.7866, 12.3759, 12.9653, 13.5546, 14.1439, 14.7333, 15.3226, 15.9119, 16.5013, 17.0906, 17.6799, 18.2693, 18.8586, 19.4479, 20.0372, 20.6266, 21.2159, 21.8052, 22.3946, 22.9839, 23.5732, 24.1626, 24.7519, 25.3412, 25.9306, 26.5199, 27.1092, 27.6985, 28.2879, 28.8772, 29.4665, 30.0559, 30.6452, 31.2345, 31.8239, 32.4132, 33.0025, 33.5919, 34.1812, 34.7705
2.2795, 2.30036, 2.32209, 2.34474, 2.36837, 2.39308, 2.41892, 2.44601, 2.47444, 2.50432, 2.53579, 2.56899, 2.60409, 2.64128, 2.68079, 2.72286, 2.7678, 2.81595, 2.86772, 2.92362, 2.98425, 3.05032, 3.12275, 3.20268, 3.29157, 3.39132, 3.50449, 3.63461, 3.78672, 3.9684, 4.19177, 4.47788, 4.86865, 5.46982, 6.41194, 3.69238, 0.167339, 0.000238048, 3.33696e-09, 3.24957e-15, 6.65121e-23, 2.86133e-32, 2.58715e-43, 4.91646e-56, 1.96358e-70, 1.64817e-86, 2.90738e-104, 1.07779e-123, 8.39625e-145, 1.3745e-167, 4.72824e-192, 3.4177e-218, 5.19079e-246, 1.65648e-275, 1.11065e-306, 0, 0, 0, 0, 0
2.2795, 2.3047, 2.33105, 2.35861, 2.3875, 2.41782, 2.44968, 2.48322, 2.5186, 2.55597, 2.59555, 2.63754, 2.6822, 2.72984, 2.78078, 2.83544, 2.89427, 2.95785, 3.02685, 3.10208, 3.18454, 3.27549, 3.37649, 3.48956, 3.61733, 3.76334, 3.93247, 4.13163, 4.37113, 4.66713, 5.04682, 5.56092, 6.32023, 7.65522, 11.0535, 9.28431, 0.546075, 0.000918525, 2.1629e-08, 2.14041e-14, 4.45197e-22, 1.94618e-31, 1.78801e-42, 3.45219e-55, 1.40068e-69, 1.19421e-85, 2.13945e-103, 8.05347e-123, 6.3695e-144, 1.0584e-166, 3.69485e-191, 2.70975e-217, 4.17473e-245, 1.35107e-274, 9.18457e-306, 0, 0, 0, 0, 0
20.5871
45.68
 
MEASUREMENT 123
1.4716, 4.41481, 7.36319, 10.3064, 13.2548, 16.2031, 19.1774, 22.1309, 25.0793, 28.0277, 30.9502, 33.8934
2.44339, 2.44358, 2.62221, 2.86628, 3.26977, 3.76285, 5.18342, 0.235168, 0.000794442, -0.00224155, -0.00137123, -0.00171696
0.00720831, 0.00708061, 0.00783776, 0.00828184, 0.00927769, 0.0106734, 0.0149204, 0.000771342, 0.000414403, 0.000422636, 0.000368554, 0.00039714
0, 0.589331, 1.17866, 1.76799, 2.35732, 2.94665, 3.53598, 4.12532, 4.71465, 5.30398, 5.89331, 6.48264, 7.07197, 7.6613, 8.25063, 8.83996, 9.42929, 10.0186, 10.608, 11.1973, 11.7866, 12.3759, 12.9653, 13.5546, 14.1439, 14.7333, 15.3226, 15.9119, 16.5013, 17.0906, 17.6799, 18.2693, 18.8586, 19.4479, 20.0372, 20.6266, 21.2159, 21.8052, 22.3946, 22.9839, 23.5732, 24.1626, 24.7519, 25.3412, 25.9306, 26.5199, 27.1092, 27.6985, 28.2879, 28.8772, 29.4665, 30.0559, 30.6452, 31.2345, 31.8239, 32.4132, 33.0025, 33.5919, 34.1812, 34.7705
2.31584, 2.33694, 2.3589, 2.38179, 2.40568, 2.43064, 2.45676, 2.48412, 2.51284, 2.54302, 2.5748, 2.60832, 2.64375, 2.68129, 2.72115, 2.76359, 2.80891, 2.85746, 2.90966, 2.96599, 3.02706, 3.09359, 3.1665, 3.24691, 3.33628, 3.43652, 3.55014, 3.68066, 3.83306, 4.01483, 4.23784, 4.52266, 4.90975, 5.49899, 6.48829, 3.91087, 0.146194, 0.000111478, 5.83117e-10, 1.2321e-16, 3.44629e-25, 1.27603e-35, 6.25406e-48, 4.05734e-62, 3.48405e-78, 3.95983e-96, 5.95661e-116, 1.18586e-137, 3.12439e-161, 1.08936e-186, 5.02612e-214, 3.06853e-243, 2.47882e-274, 2.64943e-307, 0, 0, 0, 0, 0, 0
2.31584, 2.34143, 2.36816, 2.39614, 2.42545, 2.45622, 2.48855, 2.52258, 2.55847, 2.59639, 2.63653, 2.67913, 2.72443, 2.77274, 2.8244, 2.87982, 2.93947, 3.00392, 3.07386, 3.1501, 3.23365, 3.32578, 3.42806, 3.54253, 3.67185, 3.81955, 3.99055, 4.19177, 4.43353, 4.73194, 5.11404, 5.62989, 6.38756, 7.69834, 11.0774, 9.98999, 0.493934, 0.000451508, 3.85769e-09, 8.29976e-16, 2.36376e-24, 8.91073e-35, 4.44601e-47, 2.93594e-61, 2.56576e-77, 2.96722e-95, 4.54068e-115, 9.19397e-137, 2.46302e-160, 8.72956e-186, 4.09306e-213, 2.53871e-242, 2.08286e-273, 2.26032e-306, 0, 0, 0, 0, 0, 0
20.6047
45.68
 
MEASUREMENT 124
1.4716, 4.41481, 7.36319, 10.3064, 13.2548, 16.2031, 19.1774, 22.1309, 25.0793, 28.0277, 30.9502, 33.8934
2.40478, 2.41167, 2.58465, 2.82581, 3.22643, 3.7155, 5.11109, 0.23171, 0.000822503, -0.00224252, -0.00149126, -0.00201179
0.00720831, 0.00708061, 0.00783776, 0.00828184, 0.00927769, 0.0106734, 0.0149204, 0.000771342, 0.000414403, 0.000422636, 0.000368554, 0.00039714
0, 0.589331, 1.17866, 1.76799, 2.35732, 2.94665, 3.53598, 4.12532, 4.71465, 5.30398, 5.89331, 6.48264, 7.07197, 7.6613, 8.25063, 8.83996, 9.42929, 10.0186, 10.608, 11.1973, 11.7866, 12.3759, 12.9653, 13.5546, 14.1439, 14.7333, 15.3226, 15.9119, 16.5013, 17.0906, 17.6799, 18.2693, 18.8586, 19.4479, 20.0372, 20.6266, 21.2159, 21.8052, 22.3946, 22.9839, 23.5732, 24.1626, 24.7519, 25.3412, 25.9306, 26.5199, 27.1092, 27.6985, 28.2879, 28.8772, 29.4665, 30.0559, 30.6452, 31.2345, 31.8239, 32.4132, 33.0025, 33.5919, 34.1812, 34.7705
2.28185, 2.3027, 2.32441, 2.34704, 2.37066, 2.39534, 2.42116, 2.44822, 2.47661, 2.50646, 2.53789, 2.57105, 2.6061, 2.64324, 2.68269, 2.72469, 2.76956, 2.81762, 2.8693, 2.92509, 2.98558, 3.05151, 3.12377, 3.20349, 3.29212, 3.39157, 3.50435, 3.63398, 3.78546, 3.96628, 4.18841, 4.47262, 4.86004, 5.4536, 6.41186, 3.75649, 0.158567, 0.000179623, 1.75461e-09, 9.763e-16, 9.63949e-24, 1.68883e-33, 5.25015e-45, 2.896e-58, 2.83436e-73, 4.92188e-90, 1.51639e-108, 8.28866e-129, 8.03772e-151, 1.38275e-174, 4.21987e-200, 2.28447e-227, 2.19374e-256, 3.73664e-287, 1.12894e-319, 0, 0, 0, 0, 0
2.28185, 2.30708, 2.33344, 2.36102, 2.38993, 2.42026, 2.45214, 2.4857, 2.52109, 2.55849, 2.59808, 2.64009, 2.68477, 2.73242, 2.78338, 2.83805, 2.8969, 2.96049, 3.02949, 3.10473, 3.18719, 3.27813, 3.37911, 3.49214, 3.61985, 3.76577, 3.93475, 4.13368, 4.37283, 4.66824, 5.0469, 5.55902, 6.31374, 7.63202, 11.0114, 9.501, 0.52417, 0.000708218, 1.14583e-08, 6.48369e-15, 6.51006e-23, 1.15981e-32, 3.66614e-44, 2.05601e-57, 2.04558e-72, 3.61044e-89, 1.1304e-107, 6.2779e-128, 6.18417e-150, 1.08047e-173, 3.34802e-199, 1.83987e-226, 1.79303e-255, 3.09865e-286, 9.4956e-319, 0, 0, 0, 0, 0
20.594
45.68
 
MEASUREMENT 125
1.4716, 4.41481, 7.36319, 10.3064, 13.2548, 16.2031, 19.1774, 22.1309, 25.0793, 28.0277, 30.9502, 33.8934
2.4254, 2.42869, 2.60284, 2.84585, 3.24925, 3.74236, 5.14707, 0.233255, 0.00105416, -0.00266412, -0.00160407, -0.00172922
0.00720831, 0.00708061, 0.00783776, 0.00828184, 0.00927769, 0.0106734, 0.0149204, 0.000771342, 0.000414403, 0.000422636, 0.000368554, 0.00039714
0, 0.589331, 1.17866, 1.76799, 2.35732, 2.94665, 3.53598, 4.12532, 4.71465, 5.30398, 5.89331, 6.48264, 7.07197, 7.6613, 8.25063, 8.83996, 9.42929, 10.0186, 10.608, 11.1973, 11.7866, 12.3759, 12.9653, 13.5546, 14.1439, 14.7333, 15.3226, 15.9119, 16.5013, 17.0906, 17.6799, 18.2693, 18.8586, 19.4479, 20.0372, 20.6266, 21.2159, 21.8052, 22.3946, 22.9839, 23.5732, 24.1626, 24.7519, 25.3412, 25.9306, 26.5199, 27.1092, 27.6985, 28.2879, 28.8772, 29.4665, 30.0559, 30.6452, 31.2345, 31.8239, 32.4132, 33.0025, 33.5919, 34.1812, 34.7705
2.29913, 2.32012, 2.34197, 2.36475, 2.38852, 2.41337, 2.43936, 2.4666, 2.49518, 2.52522, 2.55686, 2.59023, 2.62551, 2.66289, 2.70258, 2.74486, 2.79, 2.83837, 2.89037, 2.9465, 3.00737, 3.07369, 3.14638, 3.22657, 3.31572, 3.41574, 3.52916, 3.6595, 3.81178, 3.99352, 4.21672, 4.50218, 4.89105, 5.48602, 6.45399, 3.80001, 0.156837, 0.00016534, 1.44146e-09, 6.72722e-16, 5.28278e-24, 6.98032e-34, 1.5519e-45, 5.80522e-59, 3.65364e-74, 3.86878e-91, 6.89205e-110, 2.06555e-130, 1.0414e-152, 8.83249e-177, 1.26012e-202, 3.02406e-230, 1.22067e-259, 8.28746e-291, 9.88131e-324, 0, 0, 0, 0, 0
2.29913, 2.32454, 2.3511, 2.37889, 2.40801, 2.43856, 2.47068, 2.50449, 2.54014, 2.57782, 2.6177, 2.66002, 2.70503, 2.75304, 2.80437, 2.85944, 2.91872, 2.98278, 3.05229, 3.12807, 3.21113, 3.30272, 3.40443, 3.51827, 3.64689, 3.79385, 3.96401, 4.16432, 4.4051, 4.70248, 5.0836, 5.59886, 6.35772, 7.68074, 11.0777, 9.63627, 0.521011, 0.000653739, 9.44649e-09, 4.48441e-15, 3.58198e-23, 4.81398e-33, 1.08849e-44, 4.1406e-58, 2.64969e-73, 2.85232e-90, 5.16477e-109, 1.573e-129, 8.05764e-152, 6.94174e-176, 1.00574e-201, 2.45044e-229, 1.00396e-258, 6.91653e-290, 0, 0, 0, 0, 0, 0
20.596
45.68
 
MEASUREMENT 126
1.4716, 4.41481, 7.36319, 10.3064, 13.2548, 16.2031, 19.1774, 22.1309, 25.0793, 28.0277, 30.9502, 33.8934
2.4778, 2.48122, 2.6599, 2.90732, 3.3199, 3.8264, 5.25984, 0.238412, 0.000758655, -0.00207784, -0.00138217, -0.00202065
0.00720831, 0.00708061, 0.00783776, 0.00828184, 0.00927769, 0.0106734, 0.0149204, 0.000771342, 0.000414403, 0.000422636, 0.000368554, 0.00039714
0, 0.589331, 1.17866, 1.76799, 2.35732, 2.94665, 3.53598, 4.12532, 4.71465, 5.30398, 5.89331, 6.48264, 7.07197, 7.6613, 8.25063, 8.83996, 9.42929, 10.0186, 10.608, 11.1973, 11.7866, 12.3759, 12.9653, 13.5546, 14.1439, 14.7333, 15.3226, 15.9119, 16.5013, 17.0906, 17.6799, 18.2693, 18.8586, 19.4479, 20.0372, 20.6266, 21.2159, 21.8052, 22.3946, 22.9839, 23.5732, 24.1626, 24.7519, 25.3412, 25.9306, 26.5199, 27.1092, 27.6985, 28.2879, 28.8772, 29.4665, 30.0559, 30.6452, 31.2345, 31.8239, 32.4132, 33.0025, 33.5919, 34.1812, 34.7705
2.34862, 2.37008, 2.39243, 2.41572, 2.44004, 2.46544, 2.49203, 2.51989, 2.54912, 2.57985, 2.61221, 2.64635, 2.68243, 2.72067, 2.76128, 2.80453, 2.85072, 2.90021, 2.95342, 3.01086, 3.07315, 3.14103, 3.21544, 3.29753, 3.3888, 3.49121, 3.60736, 3.74087, 3.89689, 4.08315, 4.31198, 4.60483, 5.00417, 5.61642, 6.59914, 3.85277, 0.165048, 0.000195992, 2.06258e-09, 1.28811e-15, 1.47806e-23, 3.11618e-33, 1.20708e-44, 8.59051e-58, 1.12322e-72, 2.69811e-89, 1.19067e-107, 9.65257e-128, 1.43749e-149, 3.93243e-173, 1.97604e-198, 1.82387e-225, 3.092e-254, 9.62758e-285, 5.50567e-317, 0, 0, 0, 0, 0
2.34862, 2.37458, 2.40171, 2.43011, 2.45986, 2.49108, 2.5239, 2.55844, 2.59487, 2.63337, 2.67412, 2.71737, 2.76336, 2.81241, 2.86487, 2.92115, 2.98173, 3.04719, 3.11823, 3.19568, 3.28057, 3.37419, 3.47815, 3.59451, 3.726, 3.87624, 4.05022, 4.25507, 4.50133, 4.80556, 5.19558, 5.72319, 6.50106, 7.86149, 11.3447, 9.73664, 0.544412, 0.000770321, 1.34571e-08, 8.54532e-15, 9.97003e-23, 2.13715e-32, 8.41631e-44, 6.08887e-57, 8.09203e-72, 1.97544e-88, 8.85792e-107, 7.29528e-127, 1.1035e-148, 3.06551e-172, 1.56391e-197, 1.46514e-224, 2.52049e-253, 7.96183e-284, 4.61788e-316, 0, 0, 0, 0, 0
20.5927
45.68
 
